CATEGORY,№,START_TIME,ROAD,RESPONSIBILITY,FREIGHT,PASSENGER,COMMUTER,REASON,DEPARTMENT,YEAR,FREIGHT_COUNT,FREIGHT_TIMEOUT,PASSENGER_COUNT,PASSENGER_TIMEOUT,COMMUTER_COUNT,COMMUTER_TIMEOUT,DELTA_TIME,DELTA_MINUTES,TIME_DIFF,EVENT_NUMBER,INDEX
2,13160059,2024-01-01 02:32:00,Свердловская,"СВЕРД, ШЧ-2","2шт ч(к учету 1,15ч)",,"3шт ч(к учету 0,37)ч",Неисправность,CSH,2024,2.0,"1,15ч",,,3.0,"0,37ч",0 days 00:00:00,0.0,0.0,1,0.0
3,13189718,2024-01-01 21:55:00,Свердловская,"СВЕРД, ВЧДЭ-19","1шт ч(к учету 0,08ч)",,,Дефект прокладки между корпусом магистральной части и двухкамерным резервуаром усл. № 270.399-2,CV,2024,1.0,"0,08ч",,,,,0 days 19:23:00,1163.0,1163.0,2,0.001176470588235294
3,13161106,2024-01-02 17:50:00,Свердловская,"СВЕРД, ШЧ-20",,,,"Контактная система, потеря контакта",CSH,2024,,,,,,,1 days 15:18:00,2358.0,1195.0,3,0.002352941176470588
3,13161313,2024-01-03 00:55:00,Свердловская,"СВЕРД, ШЧ-9",,,,Неисправность устройств электроснабжения,CSH,2024,,,,,,,1 days 22:23:00,2783.0,425.0,4,0.0035294117647058825
2,13161357,2024-01-03 03:27:00,Свердловская,"СВЕРД, ШЧ-13",,,"1шт ч(к учету 0,35)ч","Контактная система, увеличенное сопротивление контакта",CSH,2024,,,,,1.0,"0,35ч",2 days 00:55:00,2935.0,152.0,5,0.004705882352941176
1,13161743,2024-01-03 07:05:00,Свердловская,"СВЕРД, ТЧЭ-5","27шт (к учету 21) ч(к учету 49,9ч)","1шт ч(к учету 0,12ч)","1шт ч(к учету 0,17)ч","Код 14.2 Пробоксовки в виде местного износа и выкрашивания металла в местах термомеханических повреждений головки рельса из-за боксования, юза колес подвижного состава или нарушения режимов шлифования рельсошлифовальными поездами",CT,2024,21.0,"49,9ч",1.0,"0,12ч",1.0,"0,17ч",2 days 04:33:00,3153.0,218.0,6,0.0058823529411764705
3,13161782,2024-01-03 07:15:00,Свердловская,"СВЕРД, ИЧ ЕГОРШИНСКАЯ Ш",,,,"Нарушение контакта в штепсельных розетках, излом розеток",CSH,2024,,,,,,,2 days 04:43:00,3163.0,10.0,7,0.007058823529411765
2,13161744,2024-01-03 09:11:00,Свердловская,"СВЕРД, ШЧ-7","5шт ч(к учету 1,17ч)","1шт ч(к учету 0,37ч)",,Нарушение контакта,CSH,2024,5.0,"1,17ч",1.0,"0,37ч",,,2 days 06:39:00,3279.0,116.0,8,0.00823529411764706
1,13162718,2024-01-03 18:43:00,Свердловская,"СВЕРД, ТЧЭ-12",,,,Прочая неисправность вкладыша опоры кузова локомотива,CT,2024,,,,,,,2 days 16:11:00,3851.0,572.0,9,0.009411764705882352
2,13164235,2024-01-04 23:41:00,Свердловская,"СВЕРД, ШЧ-18",,"2шт ч(к учету 0,3ч)",,"Нарушение контакта в штепсельных розетках, неисправность контактных губок",CSH,2024,,,2.0,"0,3ч",,,3 days 21:09:00,5589.0,1738.0,10,0.010588235294117647
3,13164658,2024-01-05 08:01:00,Свердловская,"СВЕРД, ШЧ-5",,,,"Лампы, перегорание основной нити",CSH,2024,,,,,,,4 days 05:29:00,6089.0,500.0,11,0.011764705882352941
2,13165350,2024-01-05 19:22:00,Свердловская,"СВЕРД, ШЧ-5","1шт ч(к учету 0,23ч)",,"2шт ч(к учету 0,3)ч","Контактная система, подгар контактов",CSH,2024,1.0,"0,23ч",,,2.0,"0,3ч",4 days 16:50:00,6770.0,681.0,12,0.012941176470588235
2,13166106,2024-01-06 09:28:00,Свердловская,"СВЕРД, ШЧ-16","1шт ч(к учету 0,97ч)","4шт (к учету 2) ч(к учету 0,68ч)","3шт (к учету 1) ч(к учету 0,42)ч","Контактная система, увеличенное сопротивление контакта",CSH,2024,1.0,"0,97ч",2.0,"0,68ч",1.0,"0,42ч",5 days 06:56:00,7616.0,846.0,13,0.01411764705882353
3,13166255,2024-01-06 13:04:00,Свердловская,"СВЕРД, ШЧ-8 (Р)",,,,"Электродвигатель, постоянного тока (МСП, ДСП), неисправность коллектора",CSH,2024,,,,,,,5 days 10:32:00,7832.0,216.0,14,0.015294117647058824
2,13166751,2024-01-07 02:41:00,Свердловская,"СВЕРД, ШЧ-5","1шт ч(к учету 0,33ч)","1шт ч(к учету 0,17ч)","3шт (к учету 2) ч(к учету 0,38)ч",Излом наконечника,CSH,2024,1.0,"0,33ч",1.0,"0,17ч",2.0,"0,38ч",6 days 00:09:00,8649.0,817.0,15,0.01647058823529412
2,13166787,2024-01-07 04:30:00,Свердловская,"СВЕРД, ШЧ-2","3шт (к учету 2) ч(к учету 1,35ч)","3шт (к учету 2) ч(к учету 0,78ч)","2шт ч(к учету 0,32)ч",Нарушение контакта,CSH,2024,2.0,"1,35ч",2.0,"0,78ч",2.0,"0,32ч",6 days 01:58:00,8758.0,109.0,16,0.01764705882352941
2,13167713,2024-01-08 03:53:00,Свердловская,"СВЕРД, ШЧ-5",,,"1шт ч(к учету 0,27)ч",Ослабление затяжки болтов,CSH,2024,,,,,1.0,"0,27ч",7 days 01:21:00,10161.0,1403.0,17,0.018823529411764704
3,13168443,2024-01-08 20:22:00,Свердловская,"СВЕРД, ВЧДЭ-20",,,,Технологический нагрев буксового узла,CV,2024,,,,,,,7 days 17:50:00,11150.0,989.0,18,0.02
2,13170476,2024-01-10 03:31:00,Свердловская,"СВЕРД, ШЧ-2","1шт ч(к учету 0,67ч)",,"2шт (к учету 1) ч(к учету 0,25)ч","Жилы, внутренний обрыв",CSH,2024,1.0,"0,67ч",,,1.0,"0,25ч",9 days 00:59:00,13019.0,1869.0,19,0.021176470588235293
3,13172602,2024-01-10 06:00:00,Свердловская,"СВЕРД, ТЧЭ-1",,,,Износ тормозной колодки тормозной рычажной передачи локомотива,CT,2024,,,,,,,9 days 03:28:00,13168.0,149.0,20,0.02235294117647059
1,13170796,2024-01-10 06:30:00,Свердловская,"СВЕРД, ШЧ-2","4шт (к учету 3) ч(к учету 3,42ч)",,"3шт (к учету 2) ч(к учету 0,48)ч",Ослабление затяжки болтов,CSH,2024,3.0,"3,42ч",,,2.0,"0,48ч",9 days 03:58:00,13198.0,30.0,21,0.023529411764705882
3,13170754,2024-01-10 07:59:00,Свердловская,"СВЕРД, ШЧ-1 (Р)",,,,"Контактная система, увеличенное сопротивление контакта",CSH,2024,,,,,,,9 days 05:27:00,13287.0,89.0,22,0.024705882352941175
3,13173431,2024-01-11 07:30:00,Свердловская,"СВЕРД, ШЧ-18",,,,"Релейный ОК, программное обеспечение, сбой",CSH,2024,,,,,,,10 days 04:58:00,14698.0,1411.0,23,0.02588235294117647
3,13173724,2024-01-11 09:36:00,Свердловская,"СВЕРД, ВЧДЭ-4",,,,"Дефект (расслоение, раздавливание) прокладки усл. № 183.9",CV,2024,,,,,,,10 days 07:04:00,14824.0,126.0,24,0.027058823529411764
2,13174412,2024-01-11 12:01:00,Свердловская,"СВЕРД, ИЧ ЧУСОВСКАЯ Ш",,"1шт ч(к учету 0,23ч)",,"Контактная система, потеря контакта",CSH,2024,,,1.0,"0,23ч",,,10 days 09:29:00,14969.0,145.0,25,0.02823529411764706
3,13175593,2024-01-11 17:30:00,Свердловская,"СВЕРД, ШЧ-16",,,,"Стрелочный ОК, МОТ1, неисправность",CSH,2024,,,,,,,10 days 14:58:00,15298.0,329.0,26,0.029411764705882353
1,13175688,2024-01-11 23:40:00,Свердловская,"СВЕРД, ТЧЭ-15","8шт ч(к учету 23,47ч)",,,"Код 14.2 Пробоксовки в виде местного износа и выкрашивания металла в местах термомеханических повреждений головки рельса из-за боксования, юза колес подвижного состава или нарушения режимов шлифования рельсошлифовальными поездами",CT,2024,8.0,"23,47ч",,,,,10 days 21:08:00,15668.0,370.0,27,0.03058823529411765
2,13176671,2024-01-12 10:57:00,Свердловская,"СВЕРД, ШЧ-8 (Р)","3шт ч(к учету 0,95ч)",,,"Контактная система, потеря контакта",CSH,2024,3.0,"0,95ч",,,,,11 days 08:25:00,16345.0,677.0,28,0.03176470588235294
2,13177105,2024-01-12 11:55:00,Свердловская,"СВЕРД, ШЧ-18","3шт ч(к учету 1,37ч)",,,Нарушение регулировки,CSH,2024,3.0,"1,37ч",,,,,11 days 09:23:00,16403.0,58.0,29,0.03294117647058824
2,13176974,2024-01-12 12:02:00,Свердловская,"СВЕРД, ШЧ-18",,"1шт ч(к учету 0,35ч)",,"Конденсатор, обрыв",CSH,2024,,,1.0,"0,35ч",,,11 days 09:30:00,16410.0,7.0,30,0.03411764705882353
3,13180118,2024-01-13 15:55:00,Свердловская,"З-СИБ, ВЧДЭ-12 ВХОДНАЯ",,,,Тонкий гребень колеса грузового вагона,CV,2024,,,,,,,12 days 13:23:00,18083.0,1673.0,31,0.03529411764705882
3,13179030,2024-01-14 02:41:00,Свердловская,"СВЕРД, ШЧ-3",,,,"Электродвигатель, постоянного тока (МСП, ДСП), обрыв обмотки якоря",CSH,2024,,,,,,,13 days 00:09:00,18729.0,646.0,32,0.036470588235294116
1,13179744,2024-01-14 14:46:00,Свердловская,"СВЕРД, ТЧЭ-15","24шт (к учету 13) ч(к учету 19,43ч)",,,"Код 14.2 Пробоксовки в виде местного износа и выкрашивания металла в местах термомеханических повреждений головки рельса из-за боксования, юза колес подвижного состава или нарушения режимов шлифования рельсошлифовальными поездами",CT,2024,13.0,"19,43ч",,,,,13 days 12:14:00,19454.0,725.0,33,0.03764705882352941
3,13180028,2024-01-15 05:00:00,Свердловская,"СВЕРД, ШЧ-7","1шт ч(к учету 0,17ч)",,,"Сигнальная обмотка, обрыв",CSH,2024,1.0,"0,17ч",,,,,14 days 02:28:00,20308.0,854.0,34,0.03882352941176471
3,13180576,2024-01-15 11:23:00,Свердловская,"СВЕРД, ВЧДЭ-4",,,,"Неисправность лабиринтной части корпуса буксы (задиры, забоины и т.д.)",CV,2024,,,,,,,14 days 08:51:00,20691.0,383.0,35,0.04
2,13195064,2024-01-15 12:13:00,Свердловская,"СВЕРД, ШЧ-7","1шт ч(к учету 0,22ч)",,"1шт ч(к учету 0,2)ч","Нарушение контакта в штепсельных розетках, неисправность контактных губок",CSH,2024,1.0,"0,22ч",,,1.0,"0,2ч",14 days 09:41:00,20741.0,50.0,36,0.041176470588235294
1,13181381,2024-01-15 15:49:00,Свердловская,"СВЕРД, ТЧЭ-15","8шт (к учету 7) ч(к учету 13,62ч)",,,"Код 14.2 Пробоксовки в виде местного износа и выкрашивания металла в местах термомеханических повреждений головки рельса из-за боксования, юза колес подвижного состава или нарушения режимов шлифования рельсошлифовальными поездами",CT,2024,7.0,"13,62ч",,,,,14 days 13:17:00,20957.0,216.0,37,0.042352941176470586
2,13181418,2024-01-15 16:10:00,Свердловская,"СВЕРД, ВЧДЭ-4","1шт ч(к учету 0,83ч)",,,Надиры типа «елочка» на торцах роликов и бортах колец,CV,2024,1.0,"0,83ч",,,,,14 days 13:38:00,20978.0,21.0,38,0.04352941176470588
3,13181729,2024-01-16 00:54:00,Свердловская,"СВЕРД, ШЧ-17",,,,"Контактная система, сваривание контактов",CSH,2024,,,,,,,14 days 22:22:00,21502.0,524.0,39,0.04470588235294118
3,13182448,2024-01-16 09:35:00,Свердловская,"СВЕРД, ИЧ ЕГОРШИНСКАЯ Ш",,,,"Лампы, перегорание основной нити",CSH,2024,,,,,,,15 days 07:03:00,22023.0,521.0,40,0.04588235294117647
3,13183010,2024-01-16 22:14:00,Свердловская,"СВЕРД, ШЧ-16",,,,"Обрыв, коррозия металла",CSH,2024,,,,,,,15 days 19:42:00,22782.0,759.0,41,0.047058823529411764
3,13183102,2024-01-17 00:41:00,Свердловская,"СВЕРД, ТЧЭ-9",,,,Прочая неисправность воздухопровода тормозной магистрали,CT,2024,,,,,,,15 days 22:09:00,22929.0,147.0,42,0.04823529411764706
3,13183085,2024-01-17 02:46:00,Свердловская,"СВЕРД, ШЧ-13",,,,"Нарушение контакта в разъемах блоков, замятие контакта",CSH,2024,,,,,,,16 days 00:14:00,23054.0,125.0,43,0.04941176470588235
2,13183926,2024-01-17 11:26:00,Свердловская,"СВЕРД, ШЧ-2","3шт ч(к учету 1,98ч)",,"5шт (к учету 4) ч(к учету 0,68)ч","Нарушение контакта в разъемах блоков, излом розеток",CSH,2024,3.0,"1,98ч",,,4.0,"0,68ч",16 days 08:54:00,23574.0,520.0,44,0.05058823529411765
3,13187823,2024-01-17 11:28:00,Свердловская,"СВЕРД, ШЧ-17",,,,Отсутствие,CSH,2024,,,,,,,16 days 08:56:00,23576.0,2.0,45,0.05176470588235294
2,13184255,2024-01-17 19:02:00,Свердловская,"СВЕРД, ШЧ-16","3шт ч(к учету 1,08ч)",,,"Обрыв, коррозия металла",CSH,2024,3.0,"1,08ч",,,,,16 days 16:30:00,24030.0,454.0,46,0.052941176470588235
1,13184593,2024-01-18 02:00:00,Свердловская,"СВЕРД, ШЧ-8 (Р)","10шт (к учету 7) ч(к учету 4,77ч)",,"6шт (к учету 4) ч(к учету 0,7)ч","Срабатывание, воздействие тягового тока",CSH,2024,7.0,"4,77ч",,,4.0,"0,7ч",16 days 23:28:00,24448.0,418.0,47,0.05411764705882353
3,13184559,2024-01-18 03:36:00,Свердловская,"СВЕРД, ШЧ-9",,,,Отсутствие,CSH,2024,,,,,,,17 days 01:04:00,24544.0,96.0,48,0.05529411764705883
3,13184781,2024-01-18 08:12:00,Свердловская,"СВЕРД, ШЧ-2",,,,Излом,CSH,2024,,,,,,,17 days 05:40:00,24820.0,276.0,49,0.05647058823529412
3,13185466,2024-01-18 14:40:00,Свердловская,"СВЕРД, ИЧ ЧУСОВСКАЯ Ш",,,,"Электродвигатель, постоянного тока (МСП, ДСП), неисправность коллектора",CSH,2024,,,,,,,17 days 12:08:00,25208.0,388.0,50,0.05764705882352941
3,13185738,2024-01-18 23:01:00,Свердловская,"СВЕРД, ИЧ ЧУСОВСКАЯ Ш",,,,"Нарушение контакта в разъемах блоков, неисправность контактных губок",CSH,2024,,,,,,,17 days 20:29:00,25709.0,501.0,51,0.058823529411764705
3,13186184,2024-01-19 06:57:00,Свердловская,"СВЕРД, ШЧ-23",,,,"Контактная система, потеря контакта",CSH,2024,,,,,,,18 days 04:25:00,26185.0,476.0,52,0.06
2,13186884,2024-01-19 18:15:00,Свердловская,"СВЕРД, ШЧ-17","1шт ч(к учету 0,98ч)",,,"Сигнальная обмотка, обрыв",CSH,2024,1.0,"0,98ч",,,,,18 days 15:43:00,26863.0,678.0,53,0.0611764705882353
2,13187731,2024-01-20 17:12:00,Свердловская,"СВЕРД, ШЧ-18","3шт ч(к учету 0,93ч)",,,"Изоляция, понижение сопротивления",CSH,2024,3.0,"0,93ч",,,,,19 days 14:40:00,28240.0,1377.0,54,0.06235294117647059
1,13187867,2024-01-20 20:35:00,Свердловская,"СВЕРД, ШЧ-9","2шт ч(к учету 3,23ч)",,"1шт ч(к учету 1,07)ч","Шибер, заклинивание",CSH,2024,2.0,"3,23ч",,,1.0,"1,07ч",19 days 18:03:00,28443.0,203.0,55,0.06352941176470588
2,13187889,2024-01-20 21:52:00,Свердловская,"СВЕРД, ШЧ-7","7шт (к учету 6) ч(к учету 2,75ч)",,,"Конденсатор, обрыв",CSH,2024,6.0,"2,75ч",,,,,19 days 19:20:00,28520.0,77.0,56,0.06470588235294118
3,13189068,2024-01-22 03:00:00,Свердловская,"СВЕРД, ШЧ-20",,,,"Нарушение контакта в разъемах блоков, неисправность контактных губок",CSH,2024,,,,,,,21 days 00:28:00,30268.0,1748.0,57,0.06588235294117648
3,13189708,2024-01-22 13:11:00,Свердловская,"СВЕРД, ТЧЭ-15",,,,"Код 14.2 Пробоксовки в виде местного износа и выкрашивания металла в местах термомеханических повреждений головки рельса из-за боксования, юза колес подвижного состава или нарушения режимов шлифования рельсошлифовальными поездами",CT,2024,,,,,,,21 days 10:39:00,30879.0,611.0,58,0.06705882352941177
3,13192042,2024-01-22 19:00:00,Свердловская,"ОКТ, ВЧДЭ-13 САНКТ-ПЕТЕРБУРГ-СОРТ-ВИТ",,,,Прокат колеса грузового вагона по кругу катания выше нормы,CV,2024,,,,,,,21 days 16:28:00,31228.0,349.0,59,0.06823529411764706
3,13192682,2024-01-22 20:00:00,Свердловская,"СВЕРД, ВЧДЭ-19",,,,Тонкий гребень колеса грузового вагона,CV,2024,,,,,,,21 days 17:28:00,31288.0,60.0,60,0.06941176470588235
2,13191468,2024-01-23 14:02:00,Свердловская,"СВЕРД, ИЧ ЧУСОВСКАЯ Ш","1шт ч(к учету 0,17ч)",,"1шт ч(к учету 0,13)ч",Нарушение контакта наконечник/вывод ДТ,CSH,2024,1.0,"0,17ч",,,1.0,"0,13ч",22 days 11:30:00,32370.0,1082.0,61,0.07058823529411765
3,13191650,2024-01-23 16:45:00,Свердловская,"СВЕРД, ШЧ-17",,,,"Обрыв, некачественная приварка к рельсу",CSH,2024,,,,,,,22 days 14:13:00,32533.0,163.0,62,0.07176470588235294
3,13192414,2024-01-24 09:55:00,Свердловская,"СВЕРД, ШЧ-5",,,,Нарушение контакта в элементах централизатора,CSH,2024,,,,,,,23 days 07:23:00,33563.0,1030.0,63,0.07294117647058823
3,13193345,2024-01-25 00:50:00,Свердловская,"СВЕРД, ШЧ-9",,,,Отсутствие,CSH,2024,,,,,,,23 days 22:18:00,34458.0,895.0,64,0.07411764705882352
3,13193900,2024-01-25 06:29:00,Свердловская,"СВЕРД, ИЧ ЕГОРШИНСКАЯ Ш",,,,Потеря контакта в манжете,CSH,2024,,,,,,,24 days 03:57:00,34797.0,339.0,65,0.07529411764705882
3,13193782,2024-01-25 08:05:00,Свердловская,"СВЕРД, ШЧ-16",,,,"Автопереключатель, разрегулировка контактов",CSH,2024,,,,,,,24 days 05:33:00,34893.0,96.0,66,0.07647058823529412
3,13194696,2024-01-25 16:00:00,Свердловская,"СВЕРД, ШЧ-16",,,,Нарушение изоляции монтажных проводов,CSH,2024,,,,,,,24 days 13:28:00,35368.0,475.0,67,0.07764705882352942
2,13194884,2024-01-25 23:36:00,Свердловская,"СВЕРД, ШЧ-22","1шт ч(к учету 0,55ч)",,,"Нарушение контакта в штепсельных розетках, замятие контакта",CSH,2024,1.0,"0,55ч",,,,,24 days 21:04:00,35824.0,456.0,68,0.07882352941176471
1,13196491,2024-01-27 16:38:00,Свердловская,"СВЕРД, ШЧ-1 (Р)","7шт (к учету 4) ч(к учету 4,97ч)","6шт (к учету 2) ч(к учету 0,77ч)","1шт ч(к учету 0,15)ч","Конденсатор, короткое замыкание",CSH,2024,4.0,"4,97ч",2.0,"0,77ч",1.0,"0,15ч",26 days 14:06:00,38286.0,2462.0,69,0.08
2,13196727,2024-01-28 03:20:00,Свердловская,"СВЕРД, ТЧЭ-1","1шт ч(к учету 0,38ч)",,,Прочая неисправность корпуса автосцепки локомотива,CT,2024,1.0,"0,38ч",,,,,27 days 00:48:00,38928.0,642.0,70,0.0811764705882353
3,13196869,2024-01-28 07:27:00,Свердловская,"СВЕРД, ШЧ-20",,,,"Нарушение контакта в разъемах блоков, неисправность контактных губок",CSH,2024,,,,,,,27 days 04:55:00,39175.0,247.0,71,0.08235294117647059
1,13197382,2024-01-29 04:00:00,Свердловская,"СВЕРД, ТЧЭ-17","3шт (к учету 1) ч(к учету 10,58ч)",,"2шт (к учету 1) ч(к учету 0,22)ч",Прочая неисправность питательного клапана реле давления,CT,2024,1.0,"10,58ч",,,1.0,"0,22ч",28 days 01:28:00,40408.0,1233.0,72,0.08352941176470588
2,13197444,2024-01-29 05:27:00,Свердловская,"СВЕРД, ШЧ-20",,"1шт ч(к учету 0,25ч)",,"Нарушение контакта в штепсельных розетках, неисправность контактных губок",CSH,2024,,,1.0,"0,25ч",,,28 days 02:55:00,40495.0,87.0,73,0.08470588235294117
3,13202153,2024-01-29 06:55:00,Свердловская,"СВЕРД, ШЧ-13",,,,"Лампы, перегорание основной нити",CSH,2024,,,,,,,28 days 04:23:00,40583.0,88.0,74,0.08588235294117647
3,13199119,2024-01-29 08:00:00,Свердловская,"СВЕРД, ТЧЭ-19",,,,"Код 14.2 Пробоксовки в виде местного износа и выкрашивания металла в местах термомеханических повреждений головки рельса из-за боксования, юза колес подвижного состава или нарушения режимов шлифования рельсошлифовальными поездами",CT,2024,,,,,,,28 days 05:28:00,40648.0,65.0,75,0.08705882352941176
3,13197878,2024-01-29 11:50:00,Свердловская,"СВЕРД, ШЧ-22",,,,"Жилы, внутренний обрыв",CSH,2024,,,,,,,28 days 09:18:00,40878.0,230.0,76,0.08823529411764706
3,13198716,2024-01-30 07:06:00,Свердловская,"СВЕРД, ШЧ-5",,,,"Изоляция, понижение сопротивления",CSH,2024,,,,,,,29 days 04:34:00,42034.0,1156.0,77,0.08941176470588236
3,13200836,2024-01-31 18:47:00,Свердловская,"СВЕРД, ШЧ-16",,,,"Нарушение контакта в клеммных колодках (резьб), плохой контакт",CSH,2024,,,,,,,30 days 16:15:00,44175.0,2141.0,78,0.09058823529411765
2,13200940,2024-01-31 20:05:00,Свердловская,"СВЕРД, ШЧ-2","3шт ч(к учету 1,02ч)","2шт (к учету 1) ч(к учету 0,7ч)","1шт ч(к учету 0,28)ч",Неисправность,CSH,2024,3.0,"1,02ч",1.0,"0,7ч",1.0,"0,28ч",30 days 17:33:00,44253.0,78.0,79,0.09176470588235294
3,13201264,2024-02-01 06:59:00,Свердловская,"СВЕРД, ШЧ-8 (Р)",,,,"Обмотка, обрыв",CSH,2024,,,,,,,31 days 04:27:00,44907.0,654.0,80,0.09294117647058824
3,13201263,2024-02-01 07:25:00,Свердловская,"СВЕРД, ШЧ-18",,,,Неисправность,CSH,2024,,,,,,,31 days 04:53:00,44933.0,26.0,81,0.09411764705882353
1,13201840,2024-02-01 13:19:00,Свердловская,"СВЕРД, ШЧ-2","23шт (к учету 14) ч(к учету 28,88ч)",,"3шт (к учету 2) ч(к учету 0,65)ч","Внутренний монтаж, обрыв",CSH,2024,14.0,"28,88ч",,,2.0,"0,65ч",31 days 10:47:00,45287.0,354.0,82,0.09529411764705882
2,13202051,2024-02-01 15:57:00,Свердловская,"СВЕРД, ШЧ-20","1шт ч(к учету 0,4ч)",,,"Нарушение контакта в разъемах блоков, сообщение",CSH,2024,1.0,"0,4ч",,,,,31 days 13:25:00,45445.0,158.0,83,0.09647058823529411
1,13202351,2024-02-02 00:08:00,Свердловская,"СВЕРД, ВЧДЭ-4","1шт ч(к учету 1,12ч)",,,Трещина трубы воздухопровода тормозной магистрали грузового вагона,CV,2024,1.0,"1,12ч",,,,,31 days 21:36:00,45936.0,491.0,84,0.0976470588235294
2,13204614,2024-02-03 20:07:00,Свердловская,"СВЕРД, ШЧ-8 (Р)",,"1шт ч(к учету 0,1ч)",,"Контактная система, увеличенное сопротивление контакта",CSH,2024,,,1.0,"0,1ч",,,33 days 17:35:00,48575.0,2639.0,85,0.0988235294117647
3,13205695,2024-02-04 17:38:00,Свердловская,"СВЕРД, ШЧ-13",,,,"Внутренний монтаж, короткое замыкание",CSH,2024,,,,,,,34 days 15:06:00,49866.0,1291.0,86,0.1
1,13205821,2024-02-05 01:35:00,Свердловская,"СВЕРД, ШЧ-7","10шт (к учету 9) ч(к учету 7,23ч)","1шт ч(к учету 0,15ч)",,"Нарушение контакта в штепсельных розетках, неисправность контактных губок",CSH,2024,9.0,"7,23ч",1.0,"0,15ч",,,34 days 23:03:00,50343.0,477.0,87,0.1011764705882353
3,13206481,2024-02-05 11:55:00,Свердловская,"СВЕРД, ШЧ-2",,,,Потеря контакта,CSH,2024,,,,,,,35 days 09:23:00,50963.0,620.0,88,0.10235294117647059
2,13206747,2024-02-05 13:39:00,Свердловская,"СВЕРД, ШЧ-8 (Р)",,"1шт ч(к учету 0,1ч)","1шт ч(к учету 0,22)ч","Электродвигатель, постоянного тока (МСП, ДСП), понижение изоляции относительно корпуса",CSH,2024,,,1.0,"0,1ч",1.0,"0,22ч",35 days 11:07:00,51067.0,104.0,89,0.10352941176470588
2,13209115,2024-02-06 16:03:00,Свердловская,"СВЕРД, ШЧ-17","1шт ч(к учету 0,25ч)","2шт (к учету 1) ч(к учету 0,2ч)",,"Нарушение контакта в штепсельных розетках, неисправность контактных губок",CSH,2024,1.0,"0,25ч",1.0,"0,2ч",,,36 days 13:31:00,52651.0,1584.0,90,0.10470588235294118
1,13209362,2024-02-06 20:54:00,Свердловская,"СВЕРД, ШЧ-16","7шт ч(к учету 6,7ч)",,,"Конденсатор, короткое замыкание",CSH,2024,7.0,"6,7ч",,,,,36 days 18:22:00,52942.0,291.0,91,0.10588235294117647
1,13211706,2024-02-07 18:51:00,Свердловская,"СВЕРД, ШЧ-16","5шт ч(к учету 2,15ч)",,,"Автопереключатель, разрегулировка контактов",CSH,2024,5.0,"2,15ч",,,,,37 days 16:19:00,54259.0,1317.0,92,0.10705882352941176
2,13211941,2024-02-07 23:50:00,Свердловская,"СВЕРД, ШЧ-23","3шт ч(к учету 1,73ч)",,,"Диод, пробой",CSH,2024,3.0,"1,73ч",,,,,37 days 21:18:00,54558.0,299.0,93,0.10823529411764705
2,13236505,2024-02-08 02:35:00,Свердловская,"СВЕРД, ШЧ-7","1шт ч(к учету 0,18ч)","1шт ч(к учету 0,15ч)",,Сбой АЛС с задержкой поезда,CSH,2024,1.0,"0,18ч",1.0,"0,15ч",,,38 days 00:03:00,54723.0,165.0,94,0.10941176470588235
3,13213287,2024-02-08 13:10:00,Свердловская,"СВЕРД, ТЧЭ-17",,,,"Код 14.2 Пробоксовки в виде местного износа и выкрашивания металла в местах термомеханических повреждений головки рельса из-за боксования, юза колес подвижного состава или нарушения режимов шлифования рельсошлифовальными поездами",CT,2024,,,,,,,38 days 10:38:00,55358.0,635.0,95,0.11058823529411765
1,13213851,2024-02-08 16:24:00,Свердловская,"СВЕРД, ТЧЭ-7","48шт (к учету 32) ч(к учету 88,32ч)","2шт ч(к учету 0,52ч)",,Ослабление крепления корпуса (кожуха) зубчатой передачи,CT,2024,32.0,"88,32ч",2.0,"0,52ч",,,38 days 13:52:00,55552.0,194.0,96,0.11176470588235295
3,13219084,2024-02-08 19:58:00,Свердловская,"СВЕРД, ШЧ-2",,,,Неисправность приёмной капсулы,CSH,2024,,,,,,,38 days 17:26:00,55766.0,214.0,97,0.11294117647058824
3,13214057,2024-02-08 20:58:00,Свердловская,"СВЕРД, ИЧ ЧУСОВСКАЯ Ш",,,,Нарушение контакта наконечник/вывод ДТ,CSH,2024,,,,,,,38 days 18:26:00,55826.0,60.0,98,0.11411764705882353
2,13214021,2024-02-08 21:20:00,Свердловская,"СВЕРД, ШЧ-2","3шт ч(к учету 0,78ч)",,,"Срабатывание, несоответствие номинала",CSH,2024,3.0,"0,78ч",,,,,38 days 18:48:00,55848.0,22.0,99,0.11529411764705882
3,13214386,2024-02-09 07:14:00,Свердловская,"СВЕРД, ШЧ-5",,,,"Лампочки индикации, перегорание",CSH,2024,,,,,,,39 days 04:42:00,56442.0,594.0,100,0.11647058823529412
3,13214505,2024-02-09 08:35:00,Свердловская,"СВЕРД, ВЧДЭ-20",,,,Разрегулирование рычажной передачи грузового вагона,CV,2024,,,,,,,39 days 06:03:00,56523.0,81.0,101,0.11764705882352941
2,13217162,2024-02-11 10:24:00,Свердловская,"СВЕРД, ШЧ-20","2шт ч(к учету 1,32ч)",,,"Контактная система, подгар контактов",CSH,2024,2.0,"1,32ч",,,,,41 days 07:52:00,59512.0,2989.0,102,0.1188235294117647
2,13225580,2024-02-11 14:18:00,Свердловская,"СВЕРД, ШЧ-2",,,"1шт ч(к учету 0,12)ч","Шибер, попадание посторонних предметов",CSH,2024,,,,,1.0,"0,12ч",41 days 11:46:00,59746.0,234.0,103,0.12
2,13217395,2024-02-11 16:40:00,Свердловская,"СВЕРД, ИЧ ЕГОРШИНСКАЯ Ш",,,"1шт ч(к учету 0,12)ч","Обрыв, коррозия металла",CSH,2024,,,,,1.0,"0,12ч",41 days 14:08:00,59888.0,142.0,104,0.12117647058823529
2,13218321,2024-02-12 10:18:00,Свердловская,"СВЕРД, ИЧ ЕГОРШИНСКАЯ Ш","1шт ч(к учету 0,68ч)",,,"Диод, пробой",CSH,2024,1.0,"0,68ч",,,,,42 days 07:46:00,60946.0,1058.0,105,0.1223529411764706
2,13219421,2024-02-13 04:15:00,Свердловская,"СВЕРД, ШЧ-23","4шт ч(к учету 1,67ч)",,,"Контактная система, увеличенное сопротивление",CSH,2024,4.0,"1,67ч",,,,,43 days 01:43:00,62023.0,1077.0,106,0.12352941176470589
1,13219798,2024-02-13 09:09:00,Свердловская,"СВЕРД, ШЧ-5","1шт ч(к учету 1,63ч)",,"10шт ч(к учету 2,68)ч","Нарушение контакта в штепсельных розетках, замятие контакта",CSH,2024,1.0,"1,63ч",,,10.0,"2,68ч",43 days 06:37:00,62317.0,294.0,107,0.12470588235294118
2,13221093,2024-02-13 20:05:00,Свердловская,"СВЕРД, ШЧ-18","2шт (к учету 1) ч(к учету 1,62ч)",,,"Курбельный контакт, разрегулировка",CSH,2024,1.0,"1,62ч",,,,,43 days 17:33:00,62973.0,656.0,108,0.12588235294117647
2,13221160,2024-02-14 00:30:00,Свердловская,"СВЕРД, ВЧДЭ-19","1шт ч(к учету 0,95ч)",,,"Дефект (расслоение, раздавливание) диафрагмы усл. № 270.379",CV,2024,1.0,"0,95ч",,,,,43 days 21:58:00,63238.0,265.0,109,0.12705882352941175
3,13222472,2024-02-14 13:40:00,Свердловская,"СВЕРД, ТЧЭ-15",,,,"Код 14.2 Пробоксовки в виде местного износа и выкрашивания металла в местах термомеханических повреждений головки рельса из-за боксования, юза колес подвижного состава или нарушения режимов шлифования рельсошлифовальными поездами",CT,2024,,,,,,,44 days 11:08:00,64028.0,790.0,110,0.12823529411764706
2,13223223,2024-02-15 02:16:00,Свердловская,"СВЕРД, ШЧ-20",,"2шт (к учету 1) ч(к учету 0,55ч)",,"Срабатывание, воздействие тягового тока",CSH,2024,,,1.0,"0,55ч",,,44 days 23:44:00,64784.0,756.0,111,0.12941176470588237
3,13223381,2024-02-15 03:42:00,Свердловская,"СВЕРД, ШЧ-17",,,,Нарушение изоляции монтажных проводов,CSH,2024,,,,,,,45 days 01:10:00,64870.0,86.0,112,0.13058823529411764
2,13223521,2024-02-15 07:34:00,Свердловская,"СВЕРД, ВЧДЭ-4","1шт ч(к учету 0,7ч)",,,Неисправности буксовых узлов кассетного типа,CV,2024,1.0,"0,7ч",,,,,45 days 05:02:00,65102.0,232.0,113,0.13176470588235295
3,13224090,2024-02-15 12:03:00,Свердловская,"СВЕРД, ТЧЭ-15",,,,"Код 14.2 Пробоксовки в виде местного износа и выкрашивания металла в местах термомеханических повреждений головки рельса из-за боксования, юза колес подвижного состава или нарушения режимов шлифования рельсошлифовальными поездами",CT,2024,,,,,,,45 days 09:31:00,65371.0,269.0,114,0.13294117647058823
2,13224251,2024-02-15 12:06:00,Свердловская,"СВЕРД, ИЧ ЧУСОВСКАЯ Ш","1шт ч(к учету 0,37ч)",,"2шт ч(к учету 0,2)ч",Ослабление затяжки болтов,CSH,2024,1.0,"0,37ч",,,2.0,"0,2ч",45 days 09:34:00,65374.0,3.0,115,0.13411764705882354
3,13224230,2024-02-15 13:26:00,Свердловская,"СВЕРД, ШЧ-9",,,,"Автопереключатель, разрегулировка контактов",CSH,2024,,,,,,,45 days 10:54:00,65454.0,80.0,116,0.13529411764705881
3,13224376,2024-02-15 13:44:00,Свердловская,"СВЕРД, ШЧ-8 (Р)",,,,"Кнопки, механическое заедание кнопки",CSH,2024,,,,,,,45 days 11:12:00,65472.0,18.0,117,0.13647058823529412
3,13224775,2024-02-16 02:52:00,Свердловская,"СВЕРД, ШЧ-13","1шт ч(к учету 0,03ч)",,,"Кнопки, подгар, сваривание контактов",CSH,2024,1.0,"0,03ч",,,,,46 days 00:20:00,66260.0,788.0,118,0.1376470588235294
3,13224878,2024-02-16 03:19:00,Свердловская,"СВЕРД, ТЧЭ-7",,,,Прочая неисправность предохранителя автосцепки локомотива,CT,2024,,,,,,,46 days 00:47:00,66287.0,27.0,119,0.1388235294117647
3,13225448,2024-02-16 12:01:00,Свердловская,"СВЕРД, ШЧ-18",,,,"Контактная система, подгар контактов",CSH,2024,,,,,,,46 days 09:29:00,66809.0,522.0,120,0.14
3,13225633,2024-02-16 12:13:00,Свердловская,"СВЕРД, ШЧ-7",,,,"Автопереключатель, индевение контактов",CSH,2024,,,,,,,46 days 09:41:00,66821.0,12.0,121,0.1411764705882353
3,13225535,2024-02-16 12:40:00,Свердловская,"СВЕРД, ШЧ-18",,,,Отсутствие,CSH,2024,,,,,,,46 days 10:08:00,66848.0,27.0,122,0.1423529411764706
3,13225957,2024-02-17 00:15:00,Свердловская,"СВЕРД, ИЧ ЕГОРШИНСКАЯ Ш",,,,"Тиристоры, обрыв",CSH,2024,,,,,,,46 days 21:43:00,67543.0,695.0,123,0.14352941176470588
3,13226032,2024-02-17 01:08:00,Свердловская,"СВЕРД, ИЧ ЕГОРШИНСКАЯ Ш",,,,"Жилы, внутренний обрыв",CSH,2024,,,,,,,46 days 22:36:00,67596.0,53.0,124,0.14470588235294118
3,13226579,2024-02-17 10:46:00,Свердловская,"СВЕРД, ШЧ-2",,,,"Контактная система, сваривание контактов",CSH,2024,,,,,,,47 days 08:14:00,68174.0,578.0,125,0.14588235294117646
1,13226660,2024-02-17 15:17:00,Свердловская,"СВЕРД, ШЧ-20","1шт ч(к учету 1,33ч)",,,Излом кляммера,CSH,2024,1.0,"1,33ч",,,,,47 days 12:45:00,68445.0,271.0,126,0.14705882352941177
2,13226754,2024-02-17 17:35:00,Свердловская,"СВЕРД, ШЧ-16","1шт ч(к учету 0,97ч)",,"1шт ч(к учету 0,12)ч",Асимметрия тягового тока,CSH,2024,1.0,"0,97ч",,,1.0,"0,12ч",47 days 15:03:00,68583.0,138.0,127,0.14823529411764705
3,13227134,2024-02-18 06:40:00,Свердловская,"СВЕРД, ШЧ-9",,,,Излом провода под гайкой,CSH,2024,,,,,,,48 days 04:08:00,69368.0,785.0,128,0.14941176470588236
1,13227572,2024-02-18 17:40:00,Свердловская,"СВЕРД, ШЧ-7","6шт (к учету 3) ч(к учету 2,92ч)","5шт (к учету 4) ч(к учету 0,8ч)",,"Трансформатор, обрыв обмотки",CSH,2024,3.0,"2,92ч",4.0,"0,8ч",,,48 days 15:08:00,70028.0,660.0,129,0.15058823529411763
3,13228253,2024-02-19 09:46:00,Свердловская,"СВЕРД, ШЧ-5",,,,"Лампы, перегорание основной нити",CSH,2024,,,,,,,49 days 07:14:00,70994.0,966.0,130,0.15176470588235294
2,13228612,2024-02-19 13:40:00,Свердловская,"СВЕРД, ШЧ-20","3шт (к учету 2) ч(к учету 1,48ч)","1шт ч(к учету 0,1ч)",,Излом штепселя,CSH,2024,2.0,"1,48ч",1.0,"0,1ч",,,49 days 11:08:00,71228.0,234.0,131,0.15294117647058825
2,13228739,2024-02-19 14:03:00,Свердловская,"СВЕРД, ИЧ ЧУСОВСКАЯ Ш",,,"2шт ч(к учету 0,25)ч","Жилы, обрыв",CSH,2024,,,,,2.0,"0,25ч",49 days 11:31:00,71251.0,23.0,132,0.15411764705882353
3,13228795,2024-02-19 15:55:00,Свердловская,"СВЕРД, ШЧ-7",,,,Отсутствие,CSH,2024,,,,,,,49 days 13:23:00,71363.0,112.0,133,0.15529411764705883
2,13228916,2024-02-19 19:46:00,Свердловская,"СВЕРД, ШЧ-22","2шт ч(к учету 1,23ч)",,,"Транзистор, короткое замыкание",CSH,2024,2.0,"1,23ч",,,,,49 days 17:14:00,71594.0,231.0,134,0.1564705882352941
1,13229267,2024-02-20 05:12:00,Свердловская,"СВЕРД, ИЧ ЧУСОВСКАЯ Ш","1шт ч(к учету 1,07ч)",,"2шт (к учету 1) ч(к учету 1,98)ч","Контактная система, потеря контакта",CSH,2024,1.0,"1,07ч",,,1.0,"1,98ч",50 days 02:40:00,72160.0,566.0,135,0.15764705882352942
3,13230887,2024-02-20 15:00:00,Свердловская,"СВЕРД, ТЧЭ-17",,,,"Код 14.2 Пробоксовки в виде местного износа и выкрашивания металла в местах термомеханических повреждений головки рельса из-за боксования, юза колес подвижного состава или нарушения режимов шлифования рельсошлифовальными поездами",CT,2024,,,,,,,50 days 12:28:00,72748.0,588.0,136,0.1588235294117647
3,13230262,2024-02-20 19:29:00,Свердловская,"СВЕРД, ВЧДЭ-4",,,,Обводнение смазки в буксе грузового вагона,CV,2024,,,,,,,50 days 16:57:00,73017.0,269.0,137,0.16
3,13231067,2024-02-21 09:40:00,Свердловская,"СВЕРД, ШЧ-5",,,,"Срабатывание (перегорание), короткое замыкание в цепи",CSH,2024,,,,,,,51 days 07:08:00,73868.0,851.0,138,0.16117647058823528
2,13231136,2024-02-21 09:50:00,Свердловская,"СВЕРД, ШЧ-9",,,"1шт ч(к учету 0,1)ч","Жилы, обрыв",CSH,2024,,,,,1.0,"0,1ч",51 days 07:18:00,73878.0,10.0,139,0.1623529411764706
3,13231604,2024-02-21 11:46:00,Свердловская,"СВЕРД, ШЧ-1 (Р)",,,,"Контактная система, увеличенное сопротивление контакта",CSH,2024,,,,,,,51 days 09:14:00,73994.0,116.0,140,0.1635294117647059
2,13231931,2024-02-21 16:10:00,Свердловская,"СВЕРД, ВЧДЭ-4","1шт ч(к учету 0,83ч)",,,Излом/трещина ниппеля разобщительного крана,CV,2024,1.0,"0,83ч",,,,,51 days 13:38:00,74258.0,264.0,141,0.16470588235294117
3,13232290,2024-02-22 03:34:00,Свердловская,"СВЕРД, ШЧ-17",,,,"Срабатывание (перегорание), воздействие тягового тока",CSH,2024,,,,,,,52 days 01:02:00,74942.0,684.0,142,0.16588235294117648
3,13232831,2024-02-22 11:38:00,Свердловская,"СВЕРД, ШЧ-13",,,,Неисправность устройства сопряжения с объектами,CSH,2024,,,,,,,52 days 09:06:00,75426.0,484.0,143,0.16705882352941176
2,13234004,2024-02-23 20:49:00,Свердловская,"СВЕРД, ШЧ-8 (Р)",,"1шт ч(к учету 0,1ч)",,"Контактная система, подгар контактов",CSH,2024,,,1.0,"0,1ч",,,53 days 18:17:00,77417.0,1991.0,144,0.16823529411764707
2,13234298,2024-02-24 06:58:00,Свердловская,"СВЕРД, ИЧ ЧУСОВСКАЯ Ш",,,"1шт ч(к учету 0,13)ч","Автопереключатель, разрегулировка контактов",CSH,2024,,,,,1.0,"0,13ч",54 days 04:26:00,78026.0,609.0,145,0.16941176470588235
1,13234827,2024-02-24 19:56:00,Свердловская,"СВЕРД, ШЧ-9","7шт ч(к учету 3,45ч)",,"4шт (к учету 3) ч(к учету 0,75)ч","Нарушение контакта в разъемах блоков, прожег изоляции",CSH,2024,7.0,"3,45ч",,,3.0,"0,75ч",54 days 17:24:00,78804.0,778.0,146,0.17058823529411765
3,13234855,2024-02-24 22:13:00,Свердловская,"СВЕРД, ШЧ-5",,,,"Основная обмотка, короткое замыкание",CSH,2024,,,,,,,54 days 19:41:00,78941.0,137.0,147,0.17176470588235293
3,13235000,2024-02-25 04:00:00,Свердловская,"СВЕРД, ШЧ-9",,,,"Сигнальная обмотка, обрыв",CSH,2024,,,,,,,55 days 01:28:00,79288.0,347.0,148,0.17294117647058824
3,13235060,2024-02-25 06:32:00,Свердловская,"СВЕРД, ШЧ-8 (Р)",,,,"Контактная система, потеря контакта",CSH,2024,,,,,,,55 days 04:00:00,79440.0,152.0,149,0.17411764705882352
3,13235432,2024-02-25 15:48:00,Свердловская,"СВЕРД, ШЧ-2",,,,Излом планки,CSH,2024,,,,,,,55 days 13:16:00,79996.0,556.0,150,0.17529411764705882
3,13236025,2024-02-26 08:20:00,Свердловская,"СВЕРД, ВЧДЭ-4",,,,Дефект уплотнения усл. № 334.1729А-2 между корпусом и крышкой магистральной части,CV,2024,,,,,,,56 days 05:48:00,80988.0,992.0,151,0.17647058823529413
2,13236141,2024-02-26 08:54:00,Свердловская,"СВЕРД, ШЧ-20","3шт ч(к учету 1,83ч)",,,Необеспечение электропитания подзаряда,CSH,2024,3.0,"1,83ч",,,,,56 days 06:22:00,81022.0,34.0,152,0.1776470588235294
2,13236142,2024-02-26 09:15:00,Свердловская,"СВЕРД, ШЧ-23","2шт ч(к учету 1,65ч)","1шт ч(к учету 0,13ч)",,"Обмотка, короткое замыкание обмотки",CSH,2024,2.0,"1,65ч",1.0,"0,13ч",,,56 days 06:43:00,81043.0,21.0,153,0.17882352941176471
2,13236598,2024-02-26 14:16:00,Свердловская,"СВЕРД, ШЧ-16","2шт ч(к учету 0,87ч)",,"1шт ч(к учету 0,1)ч","Автопереключатель, разрегулировка контактов",CSH,2024,2.0,"0,87ч",,,1.0,"0,1ч",56 days 11:44:00,81344.0,301.0,154,0.18
3,13236649,2024-02-26 15:25:00,Свердловская,"СВЕРД, ШЧ-16",,,,"Обрыв троса, коррозия металла",CSH,2024,,,,,,,56 days 12:53:00,81413.0,69.0,155,0.1811764705882353
3,13237078,2024-02-27 02:26:00,Свердловская,"СВЕРД, ВЧДЭ-19",,,,Технологический нагрев буксового узла,CV,2024,,,,,,,56 days 23:54:00,82074.0,661.0,156,0.18235294117647058
2,13237219,2024-02-27 04:31:00,Свердловская,"СВЕРД, ШЧ-5","7шт (к учету 6) ч(к учету 1,57ч)",,,Износ узлов и деталей внешнего замыкателя,CSH,2024,6.0,"1,57ч",,,,,57 days 01:59:00,82199.0,125.0,157,0.18352941176470589
3,13238231,2024-02-27 22:04:00,Свердловская,"СВЕРД, ВЧДЭ-4",,,,Надиры типа «елочка» на торцах роликов и бортах колец,CV,2024,,,,,,,57 days 19:32:00,83252.0,1053.0,158,0.18470588235294116
2,13240794,2024-02-29 15:53:00,Свердловская,"СВЕРД, ШЧ-13","1шт ч(к учету 0,28ч)",,,"Автопереключатель, разрегулировка контактов",CSH,2024,1.0,"0,28ч",,,,,59 days 13:21:00,85761.0,2509.0,159,0.18588235294117647
3,13241462,2024-03-01 07:59:00,Свердловская,"СВЕРД, ШЧ-23",,,,Нарушение изоляции монтажных проводов,CSH,2024,,,,,,,60 days 05:27:00,86727.0,966.0,160,0.18705882352941178
3,13244117,2024-03-01 11:20:00,Свердловская,"СВЕРД, ТЧЭ-9",,,,Прочая неисправность корпуса концевого крана,CT,2024,,,,,,,60 days 08:48:00,86928.0,201.0,161,0.18823529411764706
2,13242250,2024-03-01 15:58:00,Свердловская,"СВЕРД, ШЧ-7",,,"2шт (к учету 1) ч(к учету 0,47)ч","Жилы, внутренний обрыв",CSH,2024,,,,,1.0,"0,47ч",60 days 13:26:00,87206.0,278.0,162,0.18941176470588236
2,13242386,2024-03-01 18:18:00,Свердловская,"СВЕРД, ВЧДЭ-4","1шт ч(к учету 0,33ч)",,,Обводнение смазки в буксе грузового вагона,CV,2024,1.0,"0,33ч",,,,,60 days 15:46:00,87346.0,140.0,163,0.19058823529411764
3,13242777,2024-03-02 08:40:00,Свердловская,"СВЕРД, ИЧ ЕГОРШИНСКАЯ Ш",,,,"Автопереключатель, индевение контактов",CSH,2024,,,,,,,61 days 06:08:00,88208.0,862.0,164,0.19176470588235295
2,13242752,2024-03-02 10:10:00,Свердловская,"СВЕРД, ШЧ-5",,,"2шт ч(к учету 0,4)ч","Автопереключатель, разрегулировка контактов",CSH,2024,,,,,2.0,"0,4ч",61 days 07:38:00,88298.0,90.0,165,0.19294117647058823
3,13244254,2024-03-04 06:45:00,Свердловская,"СВЕРД, ШЧ-17",,,,"Выпрямительные элементы, пробой",CSH,2024,,,,,,,63 days 04:13:00,90973.0,2675.0,166,0.19411764705882353
3,13246196,2024-03-05 06:33:00,Свердловская,"СВЕРД, ШЧ-18",,,,"Нарушение контакта в клеммных колодках (резьб), плохой контакт",CSH,2024,,,,,,,64 days 04:01:00,92401.0,1428.0,167,0.1952941176470588
3,13247895,2024-03-05 20:48:00,Свердловская,"СВЕРД, ШЧ-1 (Р)",,,,"Контактная система, подгар контактов",CSH,2024,,,,,,,64 days 18:16:00,93256.0,855.0,168,0.19647058823529412
3,13249993,2024-03-06 14:13:00,Свердловская,"СВЕРД, ШЧ-1 (Р)",,,,"Кнопки, подгар, сваривание контактов",CSH,2024,,,,,,,65 days 11:41:00,94301.0,1045.0,169,0.1976470588235294
3,13250776,2024-03-06 18:58:00,Свердловская,"СВЕРД, ШЧ-3",,,,"Срабатывание, нарушение контакта штепсельного разъема, ослабление крепления",CSH,2024,,,,,,,65 days 16:26:00,94586.0,285.0,170,0.1988235294117647
2,13252381,2024-03-07 16:00:00,Свердловская,"СВЕРД, ШЧ-9",,,"1шт ч(к учету 0,17)ч",Неисправность,CSH,2024,,,,,1.0,"0,17ч",66 days 13:28:00,95848.0,1262.0,171,0.2
3,13253118,2024-03-08 16:26:00,Свердловская,"СВЕРД, ВЧДЭ-20",,,,"Расслоение, разрыв манжеты усл. № 305-156 в узле трех клапанов",CV,2024,,,,,,,67 days 13:54:00,97314.0,1466.0,172,0.2011764705882353
3,13254060,2024-03-10 01:35:00,Свердловская,"СВЕРД, ШЧ-1 (Р)",,,,"Контактная система, потеря контакта",CSH,2024,,,,,,,68 days 23:03:00,99303.0,1989.0,173,0.2023529411764706
3,13254616,2024-03-10 12:53:00,Свердловская,"СВЕРД, ШЧ-1 (Р)",,,,"Контактная система, увеличенное сопротивление",CSH,2024,,,,,,,69 days 10:21:00,99981.0,678.0,174,0.20352941176470588
3,13254763,2024-03-10 23:04:00,Свердловская,"СВЕРД, ВЧДЭ-20",,,,Выщербина на ободе колеса грузового вагона,CV,2024,,,,,,,69 days 20:32:00,100592.0,611.0,175,0.20470588235294118
2,13254867,2024-03-11 02:24:00,Свердловская,"СВЕРД, ВЧДЭ-4","3шт ч(к учету 1,62ч)",,,Дефект манжеты № 1  усл. № 270.313 штока главного поршня,CV,2024,3.0,"1,62ч",,,,,69 days 23:52:00,100792.0,200.0,176,0.20588235294117646
3,13256637,2024-03-12 00:41:00,Свердловская,"СВЕРД, ШЧ-13",,,,"Монтаж, ослабление крепления",CSH,2024,,,,,,,70 days 22:09:00,102129.0,1337.0,177,0.20705882352941177
3,13256951,2024-03-12 07:08:00,Свердловская,"СВЕРД, ШЧ-2",,,,"Выключатели, наличие переходного сопротивления",CSH,2024,,,,,,,71 days 04:36:00,102516.0,387.0,178,0.20823529411764705
3,13258062,2024-03-12 10:03:00,Свердловская,"СВЕРД, ШЧ-1 (Р)",,,,"Контактная система, потеря контакта",CSH,2024,,,,,,,71 days 07:31:00,102691.0,175.0,179,0.20941176470588235
2,13259467,2024-03-13 08:50:00,Свердловская,"СВЕРД, ШЧ-23",,"1шт ч(к учету 0,37ч)",,"Электродвигатель, постоянного тока (МСП, ДСП), обрыв внутреннего монтажа",CSH,2024,,,1.0,"0,37ч",,,72 days 06:18:00,104058.0,1367.0,180,0.21058823529411766
3,13260374,2024-03-13 19:58:00,Свердловская,"СВЕРД, ИЧ ЧУСОВСКАЯ Ш",,,,Коррозия,CSH,2024,,,,,,,72 days 17:26:00,104726.0,668.0,181,0.21176470588235294
2,13260297,2024-03-13 20:15:00,Свердловская,"СВЕРД, ВЧДЭ-4","1шт ч(к учету 0,75ч)",,,Излом тягового хомута грузового вагона,CV,2024,1.0,"0,75ч",,,,,72 days 17:43:00,104743.0,17.0,182,0.21294117647058824
3,13260455,2024-03-14 01:08:00,Свердловская,"СВЕРД, ИЧ ЕГОРШИНСКАЯ Ш",,,,"Лампы, перегорание основной нити",CSH,2024,,,,,,,72 days 22:36:00,105036.0,293.0,183,0.21411764705882352
1,13261641,2024-03-14 14:49:00,Свердловская,"СВЕРД, ТЧЭ-15","10шт ч(к учету 10,15ч)",,,"Код 14.2 Пробоксовки в виде местного износа и выкрашивания металла в местах термомеханических повреждений головки рельса из-за боксования, юза колес подвижного состава или нарушения режимов шлифования рельсошлифовальными поездами",CT,2024,10.0,"10,15ч",,,,,73 days 12:17:00,105857.0,821.0,184,0.21529411764705883
2,13261920,2024-03-14 18:50:00,Свердловская,"СВЕРД, ШЧ-3",,,"1шт ч(к учету 0,12)ч",Ослабление затяжки болтов,CSH,2024,,,,,1.0,"0,12ч",73 days 16:18:00,106098.0,241.0,185,0.2164705882352941
3,13262373,2024-03-15 04:40:00,Свердловская,"СВЕРД, ТЧЭ-9",,,,"Прочая неисправность плавкой вставки предохранителя, панели предохранителей",CT,2024,,,,,,,74 days 02:08:00,106688.0,590.0,186,0.21764705882352942
1,13262464,2024-03-15 06:42:00,Свердловская,"СВЕРД, ШЧ-20","1шт ч(к учету 1,3ч)",,,Излом датчика УКСПС по старой трещине,CSH,2024,1.0,"1,3ч",,,,,74 days 04:10:00,106810.0,122.0,187,0.2188235294117647
3,13262529,2024-03-15 09:15:00,Свердловская,"СВЕРД, ВЧДЭ-4",,,,Дефект манжеты № 6  усл. № 270.313 штока главного поршня,CV,2024,,,,,,,74 days 06:43:00,106963.0,153.0,188,0.22
3,13262872,2024-03-15 12:20:00,Свердловская,"СВЕРД, ШЧ-9",,,,"Жилы, обрыв",CSH,2024,,,,,,,74 days 09:48:00,107148.0,185.0,189,0.2211764705882353
2,13263151,2024-03-15 14:15:00,Свердловская,"СВЕРД, ШЧ-9",,,"1шт ч(к учету 0,37)ч","Срабатывание, воздействие тягового тока",CSH,2024,,,,,1.0,"0,37ч",74 days 11:43:00,107263.0,115.0,190,0.2223529411764706
3,13263178,2024-03-15 15:24:00,Свердловская,"СВЕРД, ШЧ-13",,,,"Жилы, внутренний обрыв",CSH,2024,,,,,,,74 days 12:52:00,107332.0,69.0,191,0.2235294117647059
3,13263395,2024-03-15 16:15:00,Свердловская,"СВЕРД, ШЧ-8 (Р)",,,,Нарушение контакта трос/штепсель,CSH,2024,,,,,,,74 days 13:43:00,107383.0,51.0,192,0.22470588235294117
3,13264579,2024-03-17 07:15:00,Свердловская,"СВЕРД, ИЧ ЧУСОВСКАЯ Ш",,,,"Нарушение контакта в штепсельных розетках, неисправность контактных губок",CSH,2024,,,,,,,76 days 04:43:00,109723.0,2340.0,193,0.22588235294117648
2,13264490,2024-03-17 08:41:00,Свердловская,"СВЕРД, ШЧ-9","1шт ч(к учету 0,48ч)",,,"Контактная система, сваривание контактов",CSH,2024,1.0,"0,48ч",,,,,76 days 06:09:00,109809.0,86.0,194,0.22705882352941176
3,13264879,2024-03-17 17:56:00,Свердловская,"СВЕРД, ШЧ-1 (Р)",,,,"Электродвигатель, постоянного тока (МСП, ДСП), обрыв внутреннего монтажа",CSH,2024,,,,,,,76 days 15:24:00,110364.0,555.0,195,0.22823529411764706
3,13265614,2024-03-18 12:36:00,Свердловская,"СВЕРД, ШЧ-5",,,,"Нарушение контакта в штепсельных розетках, излом розеток",CSH,2024,,,,,,,77 days 10:04:00,111484.0,1120.0,196,0.22941176470588234
3,13265660,2024-03-18 13:16:00,Свердловская,"СВЕРД, ШЧ-2",,,,Обрыв монтажного провода,CSH,2024,,,,,,,77 days 10:44:00,111524.0,40.0,197,0.23058823529411765
3,13265884,2024-03-18 16:54:00,Свердловская,"СВЕРД, ШЧ-13",,,,"Автопереключатель, разрегулировка контактов",CSH,2024,,,,,,,77 days 14:22:00,111742.0,218.0,198,0.23176470588235293
2,13267013,2024-03-19 09:05:00,Свердловская,"СВЕРД, ШЧ-7","10шт (к учету 9) ч(к учету 5,03ч)","1шт ч(к учету 0,23ч)",,"Жилы, обрыв",CSH,2024,9.0,"5,03ч",1.0,"0,23ч",,,78 days 06:33:00,112713.0,971.0,199,0.23294117647058823
3,13271634,2024-03-19 19:37:00,Свердловская,"СВЕРД, ШЧ-2",,,,"Лампы, перегорание основной нити",CSH,2024,,,,,,,78 days 17:05:00,113345.0,632.0,200,0.23411764705882354
2,13268005,2024-03-20 07:19:00,Свердловская,"СВЕРД, ШЧ-8 (Р)","1шт ч(к учету 0,35ч)",,"2шт (к учету 1) ч(к учету 0,5)ч","Обмотка, обрыв",CSH,2024,1.0,"0,35ч",,,1.0,"0,5ч",79 days 04:47:00,114047.0,702.0,201,0.23529411764705882
3,13268582,2024-03-20 13:21:00,Свердловская,"СВЕРД, ВЧДЭ-4",,,,Разрыв диафрагмы клапана мягкости,CV,2024,,,,,,,79 days 10:49:00,114409.0,362.0,202,0.23647058823529413
2,13268671,2024-03-20 13:50:00,Свердловская,"СВЕРД, ШЧ-2","1шт ч(к учету 0,22ч)",,4шт (к учету 3) ч(к учету 1)ч,Нарушение контакта штепсель/рельс,CSH,2024,1.0,"0,22ч",,,3.0,1ч,79 days 11:18:00,114438.0,29.0,203,0.2376470588235294
3,13270026,2024-03-21 09:40:00,Свердловская,"СВЕРД, ИЧ ЧУСОВСКАЯ Ш",,,,"Кабельный ящик, клеммная колодка резьб, плохой контакт",CSH,2024,,,,,,,80 days 07:08:00,115628.0,1190.0,204,0.2388235294117647
3,13270277,2024-03-21 15:57:00,Свердловская,"СВЕРД, ШЧ-18",,,,"Обрыв троса, коррозия металла",CSH,2024,,,,,,,80 days 13:25:00,116005.0,377.0,205,0.24
3,13271434,2024-03-22 15:52:00,Свердловская,"СВЕРД, ШЧ-1 (Р)",,,,"Обмотка, обрыв",CSH,2024,,,,,,,81 days 13:20:00,117440.0,1435.0,206,0.2411764705882353
2,13271628,2024-03-22 21:54:00,Свердловская,"СВЕРД, ШЧ-1 (Р)","6шт ч(к учету 2,47ч)",,,"Контрольные линейки, ослабление крепления",CSH,2024,6.0,"2,47ч",,,,,81 days 19:22:00,117802.0,362.0,207,0.24235294117647058
2,13271629,2024-03-22 22:28:00,Свердловская,"СВЕРД, ВЧДЭ-4","2шт ч(к учету 1,08ч)",,,"Неисправности колец подшипников (раковины, шелушения, коррозия, трещины, отколы и др.)",CV,2024,2.0,"1,08ч",,,,,81 days 19:56:00,117836.0,34.0,208,0.24352941176470588
1,13271688,2024-03-23 00:30:00,Свердловская,"СВЕРД, ШЧ-23","1шт ч(к учету 1,02ч)","4шт (к учету 3) ч(к учету 2,53ч)",,"Резистор, потеря контакта",CSH,2024,1.0,"1,02ч",3.0,"2,53ч",,,81 days 21:58:00,117958.0,122.0,209,0.2447058823529412
3,13272992,2024-03-24 16:25:00,Свердловская,"СВЕРД, ШЧ-8 (Р)",,,,"Электродвигатель, постоянного тока (МСП, ДСП), неисправность щеточного  узла",CSH,2024,,,,,,,83 days 13:53:00,120353.0,2395.0,210,0.24588235294117647
3,13275395,2024-03-26 12:40:00,Свердловская,"СВЕРД, ТЧЭ-17",,,,"Код 24.2 Поперечные трещины в головке, возникшие от термомеханических повреждений из-за боксования или юза",CT,2024,,,,,,,85 days 10:08:00,123008.0,2655.0,211,0.24705882352941178
2,13277498,2024-03-27 13:21:00,Свердловская,"СВЕРД, ШЧ-23","1шт ч(к учету 0,43ч)",,,"Обмотка, обрыв обмотки",CSH,2024,1.0,"0,43ч",,,,,86 days 10:49:00,124489.0,1481.0,212,0.24823529411764705
2,13277445,2024-03-27 14:35:00,Свердловская,"СВЕРД, ВЧДЭ-4","1шт ч(к учету 0,83ч)",,,Обводнение смазки в буксе грузового вагона,CV,2024,1.0,"0,83ч",,,,,86 days 12:03:00,124563.0,74.0,213,0.24941176470588236
3,13277605,2024-03-27 21:17:00,Свердловская,"СВЕРД, ШЧ-20",,,,Обрыв,CSH,2024,,,,,,,86 days 18:45:00,124965.0,402.0,214,0.25058823529411767
2,13278601,2024-03-28 12:53:00,Свердловская,"СВЕРД, ШЧ-2","1шт ч(к учету 0,52ч)",,"2шт ч(к учету 0,4)ч","Сигнальная обмотка, короткое замыкание",CSH,2024,1.0,"0,52ч",,,2.0,"0,4ч",87 days 10:21:00,125901.0,936.0,215,0.25176470588235295
2,13278676,2024-03-28 14:22:00,Свердловская,"СВЕРД, ШЧ-16","2шт ч(к учету 0,87ч)",,,"Срабатывание, воздействие тягового тока",CSH,2024,2.0,"0,87ч",,,,,87 days 11:50:00,125990.0,89.0,216,0.2529411764705882
3,13279160,2024-03-29 05:00:00,Свердловская,"СВЕРД, ШЧ-20",,,,"КБСО-К, программное обеспечение, сбой",CSH,2024,,,,,,,88 days 02:28:00,126868.0,878.0,217,0.2541176470588235
3,13280976,2024-03-30 20:51:00,Свердловская,"СВЕРД, ШЧ-16",,,,"Срабатывание (перегорание), коммутационные перенапряжения",CSH,2024,,,,,,,89 days 18:19:00,129259.0,2391.0,218,0.25529411764705884
2,13281032,2024-03-30 20:57:00,Свердловская,"СВЕРД, ШЧ-2",,"2шт (к учету 1) ч(к учету 0,27ч)",,"Лампы, перегорание основной нити",CSH,2024,,,1.0,"0,27ч",,,89 days 18:25:00,129265.0,6.0,219,0.2564705882352941
3,13281042,2024-03-30 22:50:00,Свердловская,"СВЕРД, ВЧДЭ-4",,,,Обрыв (излом) трубы магистрали воздухопровода и подводящих труб,CV,2024,,,,,,,89 days 20:18:00,129378.0,113.0,220,0.2576470588235294
2,13281063,2024-03-30 23:44:00,Свердловская,"СВЕРД, ШЧ-8 (Р)",,"2шт (к учету 1) ч(к учету 0,22ч)",,"Срабатывание (перегорание), несоответствие номинала",CSH,2024,,,1.0,"0,22ч",,,89 days 21:12:00,129432.0,54.0,221,0.25882352941176473
3,13281520,2024-03-31 13:35:00,Свердловская,"СВЕРД, ИЧ ЧУСОВСКАЯ Ш",,,,"Лампы, перегорание основной нити",CSH,2024,,,,,,,90 days 11:03:00,130263.0,831.0,222,0.26
2,13282112,2024-04-01 07:48:00,Свердловская,"СВЕРД, ИЧ ЧУСОВСКАЯ Ш",,,"1шт ч(к учету 0,42)ч","Изоляция, понижение сопротивления",CSH,2024,,,,,1.0,"0,42ч",91 days 05:16:00,131356.0,1093.0,223,0.2611764705882353
3,13282694,2024-04-01 12:33:00,Свердловская,"СВЕРД, ШЧ-17",,,,"Срабатывание, воздействие тягового тока",CSH,2024,,,,,,,91 days 10:01:00,131641.0,285.0,224,0.26235294117647057
3,13283257,2024-04-01 12:43:00,Свердловская,"СВЕРД, ИЧ ЧУСОВСКАЯ Ш",,,,"Нарушение контакта в разъемах блоков, прожег изоляции",CSH,2024,,,,,,,91 days 10:11:00,131651.0,10.0,225,0.2635294117647059
3,13283425,2024-04-01 22:50:00,Свердловская,"СВЕРД, ВЧДЭ-4",,,,Дефект манжеты № 6  усл. № 270.313 штока главного поршня,CV,2024,,,,,,,91 days 20:18:00,132258.0,607.0,226,0.2647058823529412
3,13283944,2024-04-02 08:19:00,Свердловская,"СВЕРД, ШЧ-7",,,,"Лампочки индикации, перегорание",CSH,2024,,,,,,,92 days 05:47:00,132827.0,569.0,227,0.26588235294117646
3,13286093,2024-04-03 06:07:00,Свердловская,"СВЕРД, ТЧЭ-15",,,,Низкое омическое сопротивление дугогасительной катушки электромагнитного контактора вспомогательных цепей и цепей управления,CT,2024,,,,,,,93 days 03:35:00,134135.0,1308.0,228,0.26705882352941174
3,13288130,2024-04-03 15:00:00,Свердловская,"СВЕРД, ТЧЭ-15",,,,Прочая неисправность фильтра вспомогательного тормоза,CT,2024,,,,,,,93 days 12:28:00,134668.0,533.0,229,0.26823529411764707
3,13290301,2024-04-04 13:35:00,Свердловская,"СВЕРД, ШЧ-1 (Р)",,,,"Монтаж, обрыв монтажного провода",CSH,2024,,,,,,,94 days 11:03:00,136023.0,1355.0,230,0.26941176470588235
3,13290981,2024-04-04 15:25:00,Свердловская,"СВЕРД, ИЧ ЕГОРШИНСКАЯ Ш",,,,"Срабатывание, несоответствие номинала",CSH,2024,,,,,,,94 days 12:53:00,136133.0,110.0,231,0.27058823529411763
3,13291006,2024-04-04 15:49:00,Свердловская,"СВЕРД, ТЧЭ-7",,,,Излом пружины токоотводящего устройства буксового узла локомотива,CT,2024,,,,,,,94 days 13:17:00,136157.0,24.0,232,0.27176470588235296
3,13291071,2024-04-04 18:08:00,Свердловская,"СВЕРД, ШЧ-7",,,,Асимметрия тягового тока,CSH,2024,,,,,,,94 days 15:36:00,136296.0,139.0,233,0.27294117647058824
2,13294178,2024-04-06 09:53:00,Свердловская,"СВЕРД, ШЧ-8 (Р)",,,"1шт ч(к учету 0,22)ч","Электродвигатель, постоянного тока (МСП, ДСП), обрыв обмотки якоря",CSH,2024,,,,,1.0,"0,22ч",96 days 07:21:00,138681.0,2385.0,234,0.2741176470588235
3,13294461,2024-04-06 18:01:00,Свердловская,"СВЕРД, ШЧ-9",,,,"Остальные, неисправность",CSH,2024,,,,,,,96 days 15:29:00,139169.0,488.0,235,0.2752941176470588
2,13294529,2024-04-06 19:47:00,Свердловская,"СВЕРД, ШЧ-3","5шт ч(к учету 3,87ч)","4шт (к учету 3) ч(к учету 0,55ч)",,"Остальные, неисправность дужки",CSH,2024,5.0,"3,87ч",3.0,"0,55ч",,,96 days 17:15:00,139275.0,106.0,236,0.27647058823529413
1,13294604,2024-04-06 22:01:00,Свердловская,"СВЕРД, ШЧ-20","7шт (к учету 5) ч(к учету 8,1ч)","1шт ч(к учету 0,15ч)",,Короткое замыкание пластин,CSH,2024,5.0,"8,1ч",1.0,"0,15ч",,,96 days 19:29:00,139409.0,134.0,237,0.2776470588235294
3,13296503,2024-04-08 10:09:00,Свердловская,"СВЕРД, ШЧ-5",,,,"Основная обмотка, короткое замыкание",CSH,2024,,,,,,,98 days 07:37:00,141577.0,2168.0,238,0.2788235294117647
3,13296545,2024-04-08 10:28:00,Свердловская,"СВЕРД, ШЧ-16",,,,Люфт в соединении более допуска с контрольной серьгой,CSH,2024,,,,,,,98 days 07:56:00,141596.0,19.0,239,0.28
3,13297858,2024-04-08 22:08:00,Свердловская,"СВЕРД, ШЧ-1 (Р)",,,,"Обмотка, обрыв обмотки",CSH,2024,,,,,,,98 days 19:36:00,142296.0,700.0,240,0.2811764705882353
3,13300361,2024-04-09 18:57:00,Свердловская,"СВЕРД, ШЧ-20",,,,"Нарушение контакта в разъемах блоков, сообщение",CSH,2024,,,,,,,99 days 16:25:00,143545.0,1249.0,241,0.2823529411764706
3,13301261,2024-04-10 07:00:00,Свердловская,"СВЕРД, ИЧ ЧУСОВСКАЯ Ш",,,,"Сигнальная обмотка, обрыв",CSH,2024,,,,,,,100 days 04:28:00,144268.0,723.0,242,0.28352941176470586
2,13301260,2024-04-10 08:50:00,Свердловская,"СВЕРД, ШЧ-13",,"1шт ч(к учету 0,1ч)",,"Нарушение контакта в штепсельных розетках, неисправность контактных губок",CSH,2024,,,1.0,"0,1ч",,,100 days 06:18:00,144378.0,110.0,243,0.2847058823529412
3,13301882,2024-04-10 12:16:00,Свердловская,"СВЕРД, ШЧ-9",,,,"Автопереключатель, излом контактных колодок",CSH,2024,,,,,,,100 days 09:44:00,144584.0,206.0,244,0.2858823529411765
2,13301880,2024-04-10 12:23:00,Свердловская,"СВЕРД, ИЧ ЧУСОВСКАЯ Ш",,"1шт ч(к учету 0,17ч)",,"Нарушение контакта в разъемах блоков, неисправность контактных губок",CSH,2024,,,1.0,"0,17ч",,,100 days 09:51:00,144591.0,7.0,245,0.28705882352941176
3,13305508,2024-04-11 20:27:00,Свердловская,"СВЕРД, ШЧ-2",,,,Нарушение контакта,CSH,2024,,,,,,,101 days 17:55:00,146515.0,1924.0,246,0.28823529411764703
2,13306102,2024-04-12 06:25:00,Свердловская,"СВЕРД, ШЧ-2",,,"4шт (к учету 2) ч(к учету 0,5)ч","Нарушение контакта в штепсельных розетках, замятие контакта",CSH,2024,,,,,2.0,"0,5ч",102 days 03:53:00,147113.0,598.0,247,0.28941176470588237
3,13306940,2024-04-12 11:46:00,Свердловская,"СВЕРД, ШЧ-16",,,,Нарушение контакта штепсель/рельс,CSH,2024,,,,,,,102 days 09:14:00,147434.0,321.0,248,0.29058823529411765
3,13307686,2024-04-13 02:50:00,Свердловская,"СВЕРД, ВЧДЭ-4",,,,Неисправность торцевого крепления подшипника буксы грузового вагона,CV,2024,,,,,,,103 days 00:18:00,148338.0,904.0,249,0.2917647058823529
3,13308361,2024-04-13 15:30:00,Свердловская,"СВЕРД, ВЧДЭ-11",,,,"Неисправность лабиринтного кольца (задиры, забоины и т.д.)",CV,2024,,,,,,,103 days 12:58:00,149098.0,760.0,250,0.29294117647058826
3,13308752,2024-04-14 06:00:00,Свердловская,"СВЕРД, ШЧ-17",,,,"Срабатывание, воздействие тягового тока",CSH,2024,,,,,,,104 days 03:28:00,149968.0,870.0,251,0.29411764705882354
2,13311063,2024-04-15 19:33:00,Свердловская,"СВЕРД, ШЧ-1 (Р)",,,"2шт ч(к учету 0,42)ч","Основная обмотка, короткое замыкание",CSH,2024,,,,,2.0,"0,42ч",105 days 17:01:00,152221.0,2253.0,252,0.2952941176470588
3,13311177,2024-04-16 00:42:00,Свердловская,"СВЕРД, ВЧДЭ-4",,,,Технологический нагрев буксового узла,CV,2024,,,,,,,105 days 22:10:00,152530.0,309.0,253,0.2964705882352941
2,13311284,2024-04-16 01:15:00,Свердловская,"СВЕРД, ШЧ-3","5шт (к учету 4) ч(к учету 2,78ч)",,,"Срабатывание (перегорание), несоответствие номинала",CSH,2024,4.0,"2,78ч",,,,,105 days 22:43:00,152563.0,33.0,254,0.29764705882352943
3,13311381,2024-04-16 04:25:00,Свердловская,"СВЕРД, ШЧ-22",,,,"Контактная система, увеличенное сопротивление",CSH,2024,,,,,,,106 days 01:53:00,152753.0,190.0,255,0.2988235294117647
2,13312515,2024-04-16 14:58:00,Свердловская,"СВЕРД, ШЧ-2",,,"4шт (к учету 2) ч(к учету 0,52)ч","Жилы, обрыв",CSH,2024,,,,,2.0,"0,52ч",106 days 12:26:00,153386.0,633.0,256,0.3
2,13312698,2024-04-16 16:35:00,Свердловская,"СВЕРД, ШЧ-23","1шт ч(к учету 0,3ч)","3шт (к учету 2) ч(к учету 0,68ч)",,"Контактная система, подгар контактов",CSH,2024,1.0,"0,3ч",2.0,"0,68ч",,,106 days 14:03:00,153483.0,97.0,257,0.30117647058823527
3,13317973,2024-04-16 18:37:00,Свердловская,"СВЕРД, ШЧ-16","1шт ч(к учету 0,12ч)",,,"Жилы, внутренний обрыв",CSH,2024,1.0,"0,12ч",,,,,106 days 16:05:00,153605.0,122.0,258,0.3023529411764706
3,13315160,2024-04-18 03:46:00,Свердловская,"СВЕРД, ШЧ-7",,,,"Электродвигатель, постоянного тока (МСП, ДСП), неисправность щеточного  узла",CSH,2024,,,,,,,108 days 01:14:00,155594.0,1989.0,259,0.3035294117647059
3,13315601,2024-04-18 09:00:00,Свердловская,"СВЕРД, ШЧ-16",,,,"Обрыв троса, коррозия металла",CSH,2024,,,,,,,108 days 06:28:00,155908.0,314.0,260,0.30470588235294116
3,13315817,2024-04-18 10:40:00,Свердловская,"СВЕРД, ВЧДЭ-4",,,,"Дефект (расслоение, раздавливание) прокладки усл. № 183.9",CV,2024,,,,,,,108 days 08:08:00,156008.0,100.0,261,0.3058823529411765
2,13316275,2024-04-18 12:30:00,Свердловская,"СВЕРД, ШЧ-16",,,"1шт ч(к учету 0,1)ч",Снижение емкости ниже номинальной,CSH,2024,,,,,1.0,"0,1ч",108 days 09:58:00,156118.0,110.0,262,0.3070588235294118
3,13317346,2024-04-18 23:06:00,Свердловская,"СВЕРД, ШЧ-2",,,,"Жилы, внутренний обрыв",CSH,2024,,,,,,,108 days 20:34:00,156754.0,636.0,263,0.30823529411764705
2,13317570,2024-04-19 09:44:00,Свердловская,"СВЕРД, ШЧ-5","7шт (к учету 4) ч(к учету 4,15ч)",,"4шт (к учету 2) ч(к учету 0,97)ч","Нарушение контакта в разъемах блоков, излом розеток",CSH,2024,4.0,"4,15ч",,,2.0,"0,97ч",109 days 07:12:00,157392.0,638.0,264,0.30941176470588233
3,13318404,2024-04-19 21:08:00,Свердловская,"СВЕРД, ВЧДЭ-19",,,,Технологический нагрев буксового узла,CV,2024,,,,,,,109 days 18:36:00,158076.0,684.0,265,0.31058823529411766
2,13318488,2024-04-19 23:08:00,Свердловская,"СВЕРД, ТЧЭ-15","5шт ч(к учету 2,87ч)","2шт ч(к учету 0,47ч)",,"Сгорание плавкой вставки предохранителя, панели предохранителей",CT,2024,5.0,"2,87ч",2.0,"0,47ч",,,109 days 20:36:00,158196.0,120.0,266,0.31176470588235294
3,13318804,2024-04-20 08:30:00,Свердловская,"СВЕРД, ШЧ-1 (Р)",,,,"Контактная система, увеличенное сопротивление контакта",CSH,2024,,,,,,,110 days 05:58:00,158758.0,562.0,267,0.3129411764705882
2,13318867,2024-04-20 09:10:00,Свердловская,"СВЕРД, ШЧ-16",,,"1шт ч(к учету 0,22)ч",Короткое замыкание монтажа,CSH,2024,,,,,1.0,"0,22ч",110 days 06:38:00,158798.0,40.0,268,0.31411764705882356
3,13319133,2024-04-20 12:54:00,Свердловская,"СВЕРД, ШЧ-17",,,,"Контактная система, сваривание контактов",CSH,2024,,,,,,,110 days 10:22:00,159022.0,224.0,269,0.31529411764705884
3,13319182,2024-04-20 14:10:00,Свердловская,"СВЕРД, ИЧ ЧУСОВСКАЯ Ш",,,,"Конденсатор, обрыв",CSH,2024,,,,,,,110 days 11:38:00,159098.0,76.0,270,0.3164705882352941
3,13319356,2024-04-20 17:13:00,Свердловская,"СВЕРД, ВЧДЭ-4",,,,Излом струны триангеля,CV,2024,,,,,,,110 days 14:41:00,159281.0,183.0,271,0.3176470588235294
2,13350258,2024-04-20 18:43:00,Свердловская,"СВЕРД, ШЧ-1 (Р)",,,"1шт ч(к учету 0,1)ч","Нарушение контакта в штепсельных розетках, замятие контакта",CSH,2024,,,,,1.0,"0,1ч",110 days 16:11:00,159371.0,90.0,272,0.31882352941176473
3,13320083,2024-04-21 09:21:00,Свердловская,"СВЕРД, ВЧДЭ-4",,,,Просадка уплотнения тормозного клапана усл. № 270.065-1 ниже уровня металла,CV,2024,,,,,,,111 days 06:49:00,160249.0,878.0,273,0.32
1,13320404,2024-04-21 12:43:00,Свердловская,"СВЕРД, ШЧ-2","38шт (к учету 21) ч(к учету 19,83ч)","1шт ч(к учету 0,1ч)","3шт (к учету 2) ч(к учету 2,75)ч","Жилы, внутренний обрыв",CSH,2024,21.0,"19,83ч",1.0,"0,1ч",2.0,"2,75ч",111 days 10:11:00,160451.0,202.0,274,0.3211764705882353
2,13321147,2024-04-22 02:00:00,Свердловская,"СВЕРД, ШЧ-9","3шт ч(к учету 1,67ч)",,"1шт ч(к учету 0,25)ч","Жилы, обрыв",CSH,2024,3.0,"1,67ч",,,1.0,"0,25ч",111 days 23:28:00,161248.0,797.0,275,0.32235294117647056
1,13322120,2024-04-22 12:33:00,Свердловская,"СВЕРД, ШЧ-20","2шт ч(к учету 1,35ч)",,,Неисправность монтажа,CSH,2024,2.0,"1,35ч",,,,,112 days 10:01:00,161881.0,633.0,276,0.3235294117647059
3,13322762,2024-04-23 01:12:00,Свердловская,"СВЕРД, ВЧДЭ-4",,,,Разноразмерность роликов по диаметру и длине,CV,2024,,,,,,,112 days 22:40:00,162640.0,759.0,277,0.3247058823529412
3,13337030,2024-04-23 02:15:00,Свердловская,"СВЕРД, ШЧ-5","3шт (к учету 2) ч(к учету 0,47ч)",,,"Нарушение контакта в штепсельных розетках, неисправность контактных губок",CSH,2024,2.0,"0,47ч",,,,,112 days 23:43:00,162703.0,63.0,278,0.32588235294117646
2,13323698,2024-04-23 09:10:00,Свердловская,"СВЕРД, ВЧДЭ-4","1шт ч(к учету 0,83ч)",,,Надиры типа «елочка» на торцах роликов и бортах колец,CV,2024,1.0,"0,83ч",,,,,113 days 06:38:00,163118.0,415.0,279,0.3270588235294118
3,13324834,2024-04-23 23:44:00,Свердловская,"СВЕРД, ШЧ-7",,,,"Нарушение контакта в штепсельных розетках, неисправность контактных губок",CSH,2024,,,,,,,113 days 21:12:00,163992.0,874.0,280,0.32823529411764707
2,13325022,2024-04-24 02:45:00,Свердловская,"СВЕРД, ШЧ-22","1шт ч(к учету 0,28ч)","1шт ч(к учету 0,28ч)",,"Конденсатор, снижение емкости",CSH,2024,1.0,"0,28ч",1.0,"0,28ч",,,114 days 00:13:00,164173.0,181.0,281,0.32941176470588235
3,13326349,2024-04-24 13:11:00,Свердловская,"СВЕРД, ШЧ-18",,,,"Нарушение контакта в разъемах блоков, неисправность контактных губок",CSH,2024,,,,,,,114 days 10:39:00,164799.0,626.0,282,0.3305882352941176
3,13326524,2024-04-24 14:06:00,Свердловская,"СВЕРД, ШЧ-1 (Р)",,,,"Срабатывание, несоответствие номинала",CSH,2024,,,,,,,114 days 11:34:00,164854.0,55.0,283,0.33176470588235296
2,13330225,2024-04-26 12:58:00,Свердловская,"СВЕРД, ИЧ ЕГОРШИНСКАЯ Ш",,,"1шт ч(к учету 0,15)ч","Нарушение контакта в штепсельных розетках, излом розеток",CSH,2024,,,,,1.0,"0,15ч",116 days 10:26:00,167666.0,2812.0,284,0.33294117647058824
1,13330715,2024-04-26 15:01:00,Свердловская,"СВЕРД, ШЧ-20","3шт ч(к учету 3,83ч)",,,"Курбельный контакт, потеря контакта",CSH,2024,3.0,"3,83ч",,,,,116 days 12:29:00,167789.0,123.0,285,0.3341176470588235
2,13339220,2024-04-26 15:46:00,Свердловская,"СВЕРД, ШЧ-8 (Р)","1шт ч(к учету 0,25ч)",,,"Контактная система, Потеря контакта",CSH,2024,1.0,"0,25ч",,,,,116 days 13:14:00,167834.0,45.0,286,0.3352941176470588
2,13331055,2024-04-26 19:06:00,Свердловская,"СВЕРД, ШЧ-3",,,"1шт ч(к учету 0,12)ч","Нарушение контакта в съемных платах, излом розеток",CSH,2024,,,,,1.0,"0,12ч",116 days 16:34:00,168034.0,200.0,287,0.33647058823529413
2,13331043,2024-04-27 01:17:00,Свердловская,"СВЕРД, ИЧ ЧУСОВСКАЯ Ш","1шт ч(к учету 0,82ч)",,"1шт ч(к учету 0,1)ч","Обрыв троса, коррозия металла",CSH,2024,1.0,"0,82ч",,,1.0,"0,1ч",116 days 22:45:00,168405.0,371.0,288,0.3376470588235294
3,13333629,2024-04-28 21:24:00,Свердловская,"СВЕРД, ТЧЭ-9",,,,Потеря жесткости включающей пружины быстродействующего выключателя,CT,2024,,,,,,,118 days 18:52:00,171052.0,2647.0,289,0.3388235294117647
2,13334986,2024-04-30 09:10:00,Свердловская,"СВЕРД, ВЧДЭ-4","1шт ч(к учету 0,83ч)",,,Надиры типа «елочка» на торцах роликов и бортах колец,CV,2024,1.0,"0,83ч",,,,,120 days 06:38:00,173198.0,2146.0,290,0.34
3,13335004,2024-04-30 10:49:00,Свердловская,"СВЕРД, ВЧДЭ-4",,,,"Неисправность лабиринтной части корпуса буксы (задиры, забоины и т.д.)",CV,2024,,,,,,,120 days 08:17:00,173297.0,99.0,291,0.3411764705882353
3,13335447,2024-04-30 20:01:00,Свердловская,"СВЕРД, ТЧЭ-9",,,,Отгорание шлейфа контактного медного провода,CT,2024,,,,,,,120 days 17:29:00,173849.0,552.0,292,0.3423529411764706
3,13335912,2024-05-01 10:13:00,Свердловская,"СВЕРД, ШЧ-9",,,,Излом провода под гайкой,CSH,2024,,,,,,,121 days 07:41:00,174701.0,852.0,293,0.34352941176470586
2,13336531,2024-05-02 02:53:00,Свердловская,"СВЕРД, ШЧ-1 (Р)",,,"1шт ч(к учету 0,13)ч","Контактная система, сваривание",CSH,2024,,,,,1.0,"0,13ч",122 days 00:21:00,175701.0,1000.0,294,0.3447058823529412
2,13339893,2024-05-03 11:38:00,Свердловская,"СВЕРД, ШЧ-16","6шт (к учету 5) ч(к учету 2,48ч)","3шт ч(к учету 2,23ч)","1шт ч(к учету 0,15)ч","Срабатывание, воздействие тягового тока",CSH,2024,5.0,"2,48ч",3.0,"2,23ч",1.0,"0,15ч",123 days 09:06:00,177666.0,1965.0,295,0.3458823529411765
3,13340903,2024-05-04 00:20:00,Свердловская,"СВЕРД, ШЧ-2",,,,"DEM, сбой программного обеспечения",CSH,2024,,,,,,,123 days 21:48:00,178428.0,762.0,296,0.34705882352941175
2,13341323,2024-05-04 09:41:00,Свердловская,"СВЕРД, ШЧ-7","1шт ч(к учету 0,17ч)","1шт ч(к учету 0,22ч)",,Нарушение контакта штепсель/рельс,CSH,2024,1.0,"0,17ч",1.0,"0,22ч",,,124 days 07:09:00,178989.0,561.0,297,0.34823529411764703
3,13342183,2024-05-05 03:12:00,Свердловская,"СВЕРД, ИЧ ЕГОРШИНСКАЯ Ш","1шт ч(к учету 0,22ч)",,,Ослабление затяжки болтов,CSH,2024,1.0,"0,22ч",,,,,125 days 00:40:00,180040.0,1051.0,298,0.34941176470588237
2,13345480,2024-05-06 18:32:00,Свердловская,"СВЕРД, ШЧ-13","1шт ч(к учету 0,37ч)","1шт ч(к учету 0,23ч)","1шт ч(к учету 0,1)ч",Неисправность АКБ,CSH,2024,1.0,"0,37ч",1.0,"0,23ч",1.0,"0,1ч",126 days 16:00:00,182400.0,2360.0,299,0.35058823529411764
2,13345782,2024-05-07 04:40:00,Свердловская,"СВЕРД, ИЧ ЕГОРШИНСКАЯ Ш",,,"1шт ч(к учету 0,15)ч","Конденсатор, снижение емкости конденсатора",CSH,2024,,,,,1.0,"0,15ч",127 days 02:08:00,183008.0,608.0,300,0.3517647058823529
2,13348223,2024-05-07 18:23:00,Свердловская,"СВЕРД, ШЧ-18",,"1шт ч(к учету 0,25ч)",,"Нарушение контакта в штепсельных розетках, неисправность контактных губок",CSH,2024,,,1.0,"0,25ч",,,127 days 15:51:00,183831.0,823.0,301,0.35294117647058826
2,13348400,2024-05-07 21:46:00,Свердловская,"СВЕРД, ШЧ-20","6шт (к учету 2) ч(к учету 2,05ч)",,,Повреждение пайки выводов клемм,CSH,2024,2.0,"2,05ч",,,,,127 days 19:14:00,184034.0,203.0,302,0.35411764705882354
2,13350399,2024-05-08 13:40:00,Свердловская,"СВЕРД, ШЧ-17","1шт ч(к учету 0,22ч)",,"1шт ч(к учету 0,35)ч",Обрыв монтажного провода,CSH,2024,1.0,"0,22ч",,,1.0,"0,35ч",128 days 11:08:00,184988.0,954.0,303,0.3552941176470588
2,13351042,2024-05-08 22:21:00,Свердловская,"СВЕРД, ШЧ-9","15шт (к учету 9) ч(к учету 8,23ч)",,,Неисправность,CSH,2024,9.0,"8,23ч",,,,,128 days 19:49:00,185509.0,521.0,304,0.3564705882352941
3,13351515,2024-05-09 17:31:00,Свердловская,"СВЕРД, ШЧ-16",,,,"Срабатывание, воздействие тягового тока",CSH,2024,,,,,,,129 days 14:59:00,186659.0,1150.0,305,0.35764705882352943
2,13351579,2024-05-09 18:32:00,Свердловская,"СВЕРД, ШЧ-18","3шт ч(к учету 1,97ч)",,,Нарушение изоляции монтажных проводов,CSH,2024,3.0,"1,97ч",,,,,129 days 16:00:00,186720.0,61.0,306,0.3588235294117647
2,13351828,2024-05-09 20:50:00,Свердловская,"СВЕРД, ШЧ-16","6шт ч(к учету 2,37ч)",,,"Сигнальная обмотка, короткое замыкание",CSH,2024,6.0,"2,37ч",,,,,129 days 18:18:00,186858.0,138.0,307,0.36
3,13356578,2024-05-10 03:45:00,Свердловская,"СВЕРД, ШЧ-1 (Р)",,,,"Конденсатор, снижение емкости",CSH,2024,,,,,,,130 days 01:13:00,187273.0,415.0,308,0.3611764705882353
3,13352473,2024-05-10 16:53:00,Свердловская,"СВЕРД, ВЧДЭ-4",,,,"Неисправность лабиринтной части корпуса буксы (задиры, забоины и т.д.)",CV,2024,,,,,,,130 days 14:21:00,188061.0,788.0,309,0.3623529411764706
3,13352749,2024-05-11 00:39:00,Свердловская,"СВЕРД, ШЧ-2",,,,"Автопереключатель, излом пружин автопереключателя",CSH,2024,,,,,,,130 days 22:07:00,188527.0,466.0,310,0.3635294117647059
3,13353035,2024-05-11 06:21:00,Свердловская,"СВЕРД, ТЧЭ-9",,,,Прочая неисправность главных контактов быстродействующего выключателя,CT,2024,,,,,,,131 days 03:49:00,188869.0,342.0,311,0.36470588235294116
3,13353007,2024-05-11 09:14:00,Свердловская,"СВЕРД, ШЧ-7",,,,"Диод, обрыв",CSH,2024,,,,,,,131 days 06:42:00,189042.0,173.0,312,0.3658823529411765
3,13353153,2024-05-11 10:51:00,Свердловская,"СВЕРД, ИЧ ЧУСОВСКАЯ Ш",,,,Нарушение изоляции,CSH,2024,,,,,,,131 days 08:19:00,189139.0,97.0,313,0.36705882352941177
2,13353341,2024-05-11 14:36:00,Свердловская,"СВЕРД, ШЧ-8 (Р)","1шт ч(к учету 0,27ч)","1шт ч(к учету 0,1ч)",,"Внутренний монтаж, короткое замыкание",CSH,2024,1.0,"0,27ч",1.0,"0,1ч",,,131 days 12:04:00,189364.0,225.0,314,0.36823529411764705
2,13354432,2024-05-12 17:28:00,Свердловская,"СВЕРД, ШЧ-1 (Р)",,,"1шт ч(к учету 0,52)ч","Срабатывание (перегорание), несоответствие номинала",CSH,2024,,,,,1.0,"0,52ч",132 days 14:56:00,190976.0,1612.0,315,0.36941176470588233
3,13354724,2024-05-13 01:30:00,Свердловская,"СВЕРД, ВЧДЭ-4",,,,Надиры типа «елочка» на торцах роликов и бортах колец,CV,2024,,,,,,,132 days 22:58:00,191458.0,482.0,316,0.37058823529411766
2,13354897,2024-05-13 04:24:00,Свердловская,"СВЕРД, ИЧ ЕГОРШИНСКАЯ Ш",,,"1шт ч(к учету 0,17)ч","Тиристоры, обрыв",CSH,2024,,,,,1.0,"0,17ч",133 days 01:52:00,191632.0,174.0,317,0.37176470588235294
2,13355006,2024-05-13 05:30:00,Свердловская,"СВЕРД, ШЧ-17","2шт ч(к учету 0,88ч)",,,"Обрыв, коррозия металла",CSH,2024,2.0,"0,88ч",,,,,133 days 02:58:00,191698.0,66.0,318,0.3729411764705882
3,13355233,2024-05-13 07:26:00,Свердловская,"СВЕРД, ИЧ ЕГОРШИНСКАЯ Ш",,,,Неисправность устройств электроснабжения,CSH,2024,,,,,,,133 days 04:54:00,191814.0,116.0,319,0.37411764705882355
1,13355529,2024-05-13 08:30:00,Свердловская,"СВЕРД, ШЧ-1 (Р)","18шт ч(к учету 13,08ч)",,,"Механические повреждения подразделениями ОАО ""РЖД""",CSH,2024,18.0,"13,08ч",,,,,133 days 05:58:00,191878.0,64.0,320,0.37529411764705883
2,13355999,2024-05-13 10:49:00,Свердловская,"СВЕРД, ИЧ ЧУСОВСКАЯ Ш",,,"1шт ч(к учету 0,1)ч","Жилы, окисление",CSH,2024,,,,,1.0,"0,1ч",133 days 08:17:00,192017.0,139.0,321,0.3764705882352941
3,13358072,2024-05-13 23:59:00,Свердловская,"СВЕРД, ШЧ-2",,,,"Лампы, перегорание основной нити",CSH,2024,,,,,,,133 days 21:27:00,192807.0,790.0,322,0.3776470588235294
2,13356906,2024-05-14 03:48:00,Свердловская,"СВЕРД, ТЧЭ-9","1шт ч(к учету 0,2ч)",,"1шт ч(к учету 0,12)ч",Прочая неисправность клапана концевого крана,CT,2024,1.0,"0,2ч",,,1.0,"0,12ч",134 days 01:16:00,193036.0,229.0,323,0.3788235294117647
3,13357975,2024-05-14 12:49:00,Свердловская,"СВЕРД, ШЧ-8 (Р)",,,,"Нарушение контакта в разъемах блоков, сообщение",CSH,2024,,,,,,,134 days 10:17:00,193577.0,541.0,324,0.38
3,13358077,2024-05-14 13:30:00,Свердловская,"СВЕРД, ШЧ-23",,,,"Срабатывание (перегорание), воздействие тягового тока",CSH,2024,,,,,,,134 days 10:58:00,193618.0,41.0,325,0.3811764705882353
1,13358834,2024-05-14 21:39:00,Свердловская,"СВЕРД, ШЧ-5","5шт (к учету 4) ч(к учету 2,77ч)","1шт ч(к учету 0,18ч)",,"Жилы, обрыв",CSH,2024,4.0,"2,77ч",1.0,"0,18ч",,,134 days 19:07:00,194107.0,489.0,326,0.38235294117647056
2,13359703,2024-05-15 09:39:00,Свердловская,"СВЕРД, ШЧ-5",,,"2шт (к учету 1) ч(к учету 0,33)ч",Обрыв,CSH,2024,,,,,1.0,"0,33ч",135 days 07:07:00,194827.0,720.0,327,0.3835294117647059
1,13360140,2024-05-15 11:00:00,Свердловская,"СВЕРД, ШЧ-8 (Р)","10шт (к учету 9) ч(к учету 7,52ч)","2шт (к учету 1) ч(к учету 0,4ч)",,"Диод, пробой",CSH,2024,9.0,"7,52ч",1.0,"0,4ч",,,135 days 08:28:00,194908.0,81.0,328,0.3847058823529412
1,13361884,2024-05-16 10:38:00,Свердловская,"СВЕРД, ШЧ-7","4шт ч(к учету 2,73ч)","1шт ч(к учету 0,1ч)",,Потеря контакта в соединениях датчика,CSH,2024,4.0,"2,73ч",1.0,"0,1ч",,,136 days 08:06:00,196326.0,1418.0,329,0.38588235294117645
3,13362300,2024-05-16 14:41:00,Свердловская,"СВЕРД, ВЧДЭ-4",,,,Просадка уплотнения усл. № 270.753 клапана дополнительной разрядки,CV,2024,,,,,,,136 days 12:09:00,196569.0,243.0,330,0.3870588235294118
2,13363419,2024-05-17 10:10:00,Свердловская,"СВЕРД, ШЧ-20",,"1шт ч(к учету 0,22ч)",,"Контактная система, подгар контактов",CSH,2024,,,1.0,"0,22ч",,,137 days 07:38:00,197738.0,1169.0,331,0.38823529411764707
2,13364613,2024-05-18 07:06:00,Свердловская,"СВЕРД, ШЧ-8 (Р)","1шт ч(к учету 0,78ч)",,,"Контактная система, потеря контакта",CSH,2024,1.0,"0,78ч",,,,,138 days 04:34:00,198994.0,1256.0,332,0.38941176470588235
3,13365411,2024-05-19 06:24:00,Свердловская,"СВЕРД, ВЧДЭ-4",,,,Обводнение смазки в буксе грузового вагона,CV,2024,,,,,,,139 days 03:52:00,200392.0,1398.0,333,0.3905882352941176
3,13365880,2024-05-19 10:12:00,Свердловская,"СВЕРД, ШЧ-2",,,,"Лампы, перегорание основной нити",CSH,2024,,,,,,,139 days 07:40:00,200620.0,228.0,334,0.39176470588235296
3,13373821,2024-05-19 20:25:00,Свердловская,"СВЕРД, ШЧ-20","1шт ч(к учету 0,23ч)",,,"Контактная система, подгар контактов",CSH,2024,1.0,"0,23ч",,,,,139 days 17:53:00,201233.0,613.0,335,0.39294117647058824
2,13368076,2024-05-21 05:10:00,Свердловская,"СВЕРД, ШЧ-20",,"2шт ч(к учету 0,57ч)",,"Нарушение контакта в штепсельных розетках, излом розеток",CSH,2024,,,2.0,"0,57ч",,,141 days 02:38:00,203198.0,1965.0,336,0.3941176470588235
2,13368805,2024-05-21 11:28:00,Свердловская,"СВЕРД, ШЧ-16","1шт ч(к учету 0,9ч)",,,"Лампочки индикации, неисправность ячеек индикации",CSH,2024,1.0,"0,9ч",,,,,141 days 08:56:00,203576.0,378.0,337,0.3952941176470588
3,13369117,2024-05-21 13:00:00,Свердловская,"СВЕРД, ШЧ-17",,,,"Срабатывание, воздействие тягового тока",CSH,2024,,,,,,,141 days 10:28:00,203668.0,92.0,338,0.39647058823529413
2,13371098,2024-05-22 12:00:00,Свердловская,"СВЕРД, ШЧ-1 (Р)","5шт ч(к учету 1,4ч)","5шт (к учету 2) ч(к учету 0,87ч)",,Нарушение контакта трос/наконечник,CSH,2024,5.0,"1,4ч",2.0,"0,87ч",,,142 days 09:28:00,205048.0,1380.0,339,0.3976470588235294
2,13371921,2024-05-23 08:02:00,Свердловская,"СВЕРД, ШЧ-20","2шт ч(к учету 0,55ч)",,,Короткое замыкание пластин,CSH,2024,2.0,"0,55ч",,,,,143 days 05:30:00,206250.0,1202.0,340,0.3988235294117647
3,13372376,2024-05-23 11:30:00,Свердловская,"СВЕРД, ШЧ-23",,,,"Срабатывание (перегорание), воздействие тягового тока",CSH,2024,,,,,,,143 days 08:58:00,206458.0,208.0,341,0.4
3,13372626,2024-05-23 14:55:00,Свердловская,"СВЕРД, ШЧ-5",,,,"Контактная система, подгар контактов",CSH,2024,,,,,,,143 days 12:23:00,206663.0,205.0,342,0.4011764705882353
3,13379493,2024-05-23 15:52:00,Свердловская,"СВЕРД, ШЧ-16","1шт ч(к учету 0,23ч)",,,"Резистор, обрыв",CSH,2024,1.0,"0,23ч",,,,,143 days 13:20:00,206720.0,57.0,343,0.4023529411764706
3,13372757,2024-05-23 16:15:00,Свердловская,"СВЕРД, ШЧ-20",,,,Нарушение контакта трос/штепсель,CSH,2024,,,,,,,143 days 13:43:00,206743.0,23.0,344,0.40352941176470586
3,13373167,2024-05-24 01:41:00,Свердловская,"СВЕРД, ШЧ-9",,,,"Обмотка, короткое замыкание обмотки",CSH,2024,,,,,,,143 days 23:09:00,207309.0,566.0,345,0.4047058823529412
3,13373211,2024-05-24 02:31:00,Свердловская,"СВЕРД, ШЧ-8 (Р)",,,,"Диод, короткое замыкание",CSH,2024,,,,,,,143 days 23:59:00,207359.0,50.0,346,0.40588235294117647
2,13375943,2024-05-26 17:04:00,Свердловская,"СВЕРД, ИЧ ЧУСОВСКАЯ Ш",,,"2шт (к учету 1) ч(к учету 1,12)ч","Пакетные переключатели, некачественная пайка",CSH,2024,,,,,1.0,"1,12ч",146 days 14:32:00,211112.0,3753.0,347,0.40705882352941175
3,13376195,2024-05-27 01:44:00,Свердловская,"СВЕРД, ШЧ-2",,,,"Срабатывание (перегорание), воздействие тягового тока",CSH,2024,,,,,,,146 days 23:12:00,211632.0,520.0,348,0.4082352941176471
2,13379145,2024-05-28 19:56:00,Свердловская,"СВЕРД, ШЧ-7","11шт (к учету 10) ч(к учету 6,05ч)","8шт (к учету 4) ч(к учету 2,12ч)",,"Жилы, внутренний обрыв",CSH,2024,10.0,"6,05ч",4.0,"2,12ч",,,148 days 17:24:00,214164.0,2532.0,349,0.40941176470588236
2,13379064,2024-05-29 01:50:00,Свердловская,"СВЕРД, ВЧДЭ-4","1шт ч(к учету 0,52ч)",,,Несоответствие зазоров скользуна грузового вагона,CV,2024,1.0,"0,52ч",,,,,148 days 23:18:00,214518.0,354.0,350,0.41058823529411764
3,13383108,2024-05-29 06:07:00,Свердловская,"СВЕРД, ТЧЭ-9",,,,"Прочая неисправность эластичной, многослойной резинотканевой трубки",CT,2024,,,,,,,149 days 03:35:00,214775.0,257.0,351,0.4117647058823529
3,13379684,2024-05-29 10:35:00,Свердловская,"СВЕРД, ШЧ-9",,,,"Обмотка, короткое замыкание",CSH,2024,,,,,,,149 days 08:03:00,215043.0,268.0,352,0.41294117647058826
2,13393478,2024-05-29 11:44:00,Свердловская,"З-СИБ, ВЧДЭ-12 ВХОДНАЯ","1шт ч(к учету 0,25ч)",,,Тонкий гребень колеса грузового вагона,CV,2024,1.0,"0,25ч",,,,,149 days 09:12:00,215112.0,69.0,353,0.41411764705882353
3,13381915,2024-05-30 08:38:00,Свердловская,"СВЕРД, ШЧ-5",,,,"Лампы, перегорание основной нити",CSH,2024,,,,,,,150 days 06:06:00,216366.0,1254.0,354,0.4152941176470588
2,13381780,2024-05-30 14:26:00,Свердловская,"СВЕРД, ШЧ-3","3шт ч(к учету 0,98ч)",,"2шт ч(к учету 0,52)ч","Обрыв троса, внешнее воздействие",CSH,2024,3.0,"0,98ч",,,2.0,"0,52ч",150 days 11:54:00,216714.0,348.0,355,0.4164705882352941
2,13382139,2024-05-30 19:42:00,Свердловская,"СВЕРД, ИЧ ЧУСОВСКАЯ Ш",,,"1шт ч(к учету 0,17)ч","Трансформаторы, короткое замыкание обмотки",CSH,2024,,,,,1.0,"0,17ч",150 days 17:10:00,217030.0,316.0,356,0.4176470588235294
3,13382275,2024-05-31 00:19:00,Свердловская,"СВЕРД, ВЧДЭ-20",,,,Грение буксы по показаниям средств автоматизированного контроля,CV,2024,,,,,,,150 days 21:47:00,217307.0,277.0,357,0.4188235294117647
2,13382320,2024-05-31 02:27:00,Свердловская,"СВЕРД, ШЧ-1 (Р)",,"2шт (к учету 1) ч(к учету 0,3ч)",,"Срабатывание, нарушение контакта штепсельного разъема, некачественная пайка",CSH,2024,,,1.0,"0,3ч",,,150 days 23:55:00,217435.0,128.0,358,0.42
3,13382631,2024-05-31 08:10:00,Свердловская,"СВЕРД, ШЧ-9",,,,"Остальные, неисправность",CSH,2024,,,,,,,151 days 05:38:00,217778.0,343.0,359,0.4211764705882353
2,13382897,2024-05-31 10:56:00,Свердловская,"СВЕРД, ШЧ-5","2шт ч(к учету 1,9ч)",,,"Кнопки, потеря контакта в штепсельном разъеме",CSH,2024,2.0,"1,9ч",,,,,151 days 08:24:00,217944.0,166.0,360,0.4223529411764706
2,13384253,2024-06-01 15:17:00,Свердловская,"СВЕРД, ШЧ-3","7шт ч(к учету 6,32ч)","2шт ч(к учету 0,45ч)","3шт (к учету 2) ч(к учету 0,68)ч",Неисправность колодки,CSH,2024,7.0,"6,32ч",2.0,"0,45ч",2.0,"0,68ч",152 days 12:45:00,219645.0,1701.0,361,0.4235294117647059
3,13384626,2024-06-02 03:08:00,Свердловская,"СВЕРД, ИЧ ЕГОРШИНСКАЯ Ш",,,,"Лампы, перегорание основной нити",CSH,2024,,,,,,,153 days 00:36:00,220356.0,711.0,362,0.42470588235294116
2,13385295,2024-06-02 19:19:00,Свердловская,"СВЕРД, ШЧ-7",,"3шт ч(к учету 0,67ч)",,Износ узлов и деталей внешнего замыкателя,CSH,2024,,,3.0,"0,67ч",,,153 days 16:47:00,221327.0,971.0,363,0.4258823529411765
2,13385388,2024-06-02 22:21:00,Свердловская,"СВЕРД, ШЧ-17","4шт ч(к учету 1,78ч)",,,Нарушение изоляции,CSH,2024,4.0,"1,78ч",,,,,153 days 19:49:00,221509.0,182.0,364,0.42705882352941177
3,13385765,2024-06-03 07:26:00,Свердловская,"СВЕРД, ШЧ-9",,,,Нарушение контакта трос/штепсель,CSH,2024,,,,,,,154 days 04:54:00,222054.0,545.0,365,0.42823529411764705
3,13385894,2024-06-03 08:13:00,Свердловская,"СВЕРД, ШЧ-16",,,,"Контрольные линейки, ослабление крепления",CSH,2024,,,,,,,154 days 05:41:00,222101.0,47.0,366,0.4294117647058823
2,13386048,2024-06-03 08:46:00,Свердловская,"СВЕРД, ИЧ ЕГОРШИНСКАЯ Ш","1шт ч(к учету 0,98ч)",,,"Жилы, сообщение",CSH,2024,1.0,"0,98ч",,,,,154 days 06:14:00,222134.0,33.0,367,0.43058823529411766
2,13386131,2024-06-03 10:03:00,Свердловская,"СВЕРД, ИЧ ЧУСОВСКАЯ Ш","14шт (к учету 1) ч(к учету 2,8ч)",,"1шт ч(к учету 0,1)ч","Нарушение контакта в разъемах блоков, неисправность контактных губок",CSH,2024,1.0,"2,8ч",,,1.0,"0,1ч",154 days 07:31:00,222211.0,77.0,368,0.43176470588235294
3,13387028,2024-06-03 12:10:00,Свердловская,"СВЕРД, ШЧ-2",,,,"Срабатывание, воздействие тягового тока",CSH,2024,,,,,,,154 days 09:38:00,222338.0,127.0,369,0.4329411764705882
2,13388504,2024-06-04 12:32:00,Свердловская,"СВЕРД, ШЧ-9","1шт ч(к учету 0,38ч)",,"1шт ч(к учету 0,15)ч","Жилы, обрыв",CSH,2024,1.0,"0,38ч",,,1.0,"0,15ч",155 days 10:00:00,223800.0,1462.0,370,0.43411764705882355
3,13388505,2024-06-04 13:20:00,Свердловская,"СВЕРД, ШЧ-9",,,,"Остальные, неисправность",CSH,2024,,,,,,,155 days 10:48:00,223848.0,48.0,371,0.43529411764705883
3,13392491,2024-06-04 18:52:00,Свердловская,"З-СИБ, ВЧДЭ-6 ИНСКАЯ",,,,Тонкий гребень колеса грузового вагона,CV,2024,,,,,,,155 days 16:20:00,224180.0,332.0,372,0.4364705882352941
2,13393454,2024-06-05 11:44:00,Свердловская,"СВЕРД, ВЧДЭ-4","1шт ч(к учету 0,25ч)",,,Тонкий гребень колеса грузового вагона,CV,2024,1.0,"0,25ч",,,,,156 days 09:12:00,225192.0,1012.0,373,0.4376470588235294
2,13390907,2024-06-05 13:18:00,Свердловская,"СВЕРД, ШЧ-7",,"1шт ч(к учету 0,15ч)",,Нарушение изоляции монтажных проводов,CSH,2024,,,1.0,"0,15ч",,,156 days 10:46:00,225286.0,94.0,374,0.4388235294117647
1,13391826,2024-06-05 19:22:00,Свердловская,"СВЕРД, ШЧ-16","6шт ч(к учету 4,95ч)",,2шт ч(к учету 1)ч,Излом контрольных тяг,CSH,2024,6.0,"4,95ч",,,1.0,1ч,156 days 16:50:00,225650.0,364.0,375,0.44
3,13391803,2024-06-05 21:50:00,Свердловская,"СВЕРД, ВЧДЭ-4",,,,Технологический нагрев буксового узла,CV,2024,,,,,,,156 days 19:18:00,225798.0,148.0,376,0.4411764705882353
3,13392790,2024-06-06 09:59:00,Свердловская,"СВЕРД, ВЧДЭ-4",,,,Тонкий гребень колеса грузового вагона,CV,2024,,,,,,,157 days 07:27:00,226527.0,729.0,377,0.4423529411764706
2,13398366,2024-06-06 13:00:00,Свердловская,"СВЕРД, ШЧ-22","1шт ч(к учету 0,52ч)",,,"Нарушение контакта в штепсельных розетках, неисправность контактных губок",CSH,2024,1.0,"0,52ч",,,,,157 days 10:28:00,226708.0,181.0,378,0.4435294117647059
1,13396734,2024-06-08 09:11:00,Свердловская,"СВЕРД, ИЧ ЕГОРШИНСКАЯ Ш","1шт ч(к учету 1,02ч)",,,"Жилы, внутренний обрыв",CSH,2024,1.0,"1,02ч",,,,,159 days 06:39:00,229359.0,2651.0,379,0.4447058823529412
2,13396743,2024-06-08 09:35:00,Свердловская,"СВЕРД, ШЧ-2",,"3шт (к учету 2) ч(к учету 0,55ч)",,Нарушение контакта трос/штепсель,CSH,2024,,,2.0,"0,55ч",,,159 days 07:03:00,229383.0,24.0,380,0.44588235294117645
3,13396781,2024-06-08 10:12:00,Свердловская,"СВЕРД, ШЧ-1 (Р)",,,,"Контактная система, потеря контакта",CSH,2024,,,,,,,159 days 07:40:00,229420.0,37.0,381,0.4470588235294118
3,13397519,2024-06-09 07:15:00,Свердловская,"СВЕРД, ВЧДЭ-4",,,,Неисправность торцевого крепления подшипника буксы грузового вагона,CV,2024,,,,,,,160 days 04:43:00,230683.0,1263.0,382,0.44823529411764707
3,13397877,2024-06-09 13:21:00,Свердловская,"СВЕРД, ШЧ-13",,,,"Жилы, внутренний обрыв",CSH,2024,,,,,,,160 days 10:49:00,231049.0,366.0,383,0.44941176470588234
2,13399031,2024-06-10 10:40:00,Свердловская,"СВЕРД, ШЧ-22",,"2шт ч(к учету 0,42ч)",,"Жилы, обрыв",CSH,2024,,,2.0,"0,42ч",,,161 days 08:08:00,232328.0,1279.0,384,0.4505882352941176
2,13398975,2024-06-10 10:45:00,Свердловская,"СВЕРД, ШЧ-5","4шт ч(к учету 3,2ч)","1шт ч(к учету 0,15ч)","1шт ч(к учету 0,15)ч","Автопереключатель, разрегулировка контактов",CSH,2024,4.0,"3,2ч",1.0,"0,15ч",1.0,"0,15ч",161 days 08:13:00,232333.0,5.0,385,0.45176470588235296
3,13399178,2024-06-10 13:03:00,Свердловская,"СВЕРД, ТЧЭ-17",,,,"Прочая неисправность проводов, кабелей силовых цепей",CT,2024,,,,,,,161 days 10:31:00,232471.0,138.0,386,0.45294117647058824
3,13401792,2024-06-11 16:13:00,Свердловская,"СВЕРД, ШЧ-2",,,,"Срабатывание (перегорание), воздействие тягового тока",CSH,2024,,,,,,,162 days 13:41:00,234101.0,1630.0,387,0.4541176470588235
2,13402406,2024-06-11 22:35:00,Свердловская,"СВЕРД, ШЧ-2","2шт ч(к учету 1,82ч)",,,"Нарушение контакта в разъемах блоков, неисправность контактных губок",CSH,2024,2.0,"1,82ч",,,,,162 days 20:03:00,234483.0,382.0,388,0.45529411764705885
3,13402115,2024-06-12 02:42:00,Свердловская,"СВЕРД, ШЧ-5",,,,"Нарушение контакта в штепсельных розетках, неисправность контактных губок",CSH,2024,,,,,,,163 days 00:10:00,234730.0,247.0,389,0.45647058823529413
2,13409986,2024-06-12 06:58:00,Свердловская,"СВЕРД, ШЧ-8 (Р)",,,"1шт ч(к учету 0,18)ч","Нарушение контакта в штепсельных розетках, неисправность контактных губок",CSH,2024,,,,,1.0,"0,18ч",163 days 04:26:00,234986.0,256.0,390,0.4576470588235294
2,13402299,2024-06-12 08:05:00,Свердловская,"СВЕРД, ШЧ-22",,"2шт ч(к учету 0,58ч)",,Нарушение контакта штепсель/рельс,CSH,2024,,,2.0,"0,58ч",,,163 days 05:33:00,235053.0,67.0,391,0.4588235294117647
3,13404119,2024-06-13 13:47:00,Свердловская,"СВЕРД, ШЧ-17",,,,"Срабатывание, воздействие тягового тока",CSH,2024,,,,,,,164 days 11:15:00,236835.0,1782.0,392,0.46
2,13418672,2024-06-13 17:57:00,Свердловская,"СВЕРД, ШЧ-17",,"2шт (к учету 1) ч(к учету 0,43ч)","1шт ч(к учету 0,13)ч","Срабатывание, воздействие тягового тока",CSH,2024,,,1.0,"0,43ч",1.0,"0,13ч",164 days 15:25:00,237085.0,250.0,393,0.4611764705882353
2,13404706,2024-06-13 20:19:00,Свердловская,"СВЕРД, ШЧ-2",,,"1шт ч(к учету 0,23)ч","Обмотка, обрыв",CSH,2024,,,,,1.0,"0,23ч",164 days 17:47:00,237227.0,142.0,394,0.4623529411764706
3,13404707,2024-06-13 20:52:00,Свердловская,"СВЕРД, ИЧ ЕГОРШИНСКАЯ Ш",,,,Неисправность модулей КИ-6М,CSH,2024,,,,,,,164 days 18:20:00,237260.0,33.0,395,0.46352941176470586
3,13404994,2024-06-14 01:07:00,Свердловская,"СВЕРД, ВЧДЭ-4",,,,Ослабление крепления труб воздухопровода и тормозных приборов грузового вагона,CV,2024,,,,,,,164 days 22:35:00,237515.0,255.0,396,0.4647058823529412
3,13406316,2024-06-14 21:13:00,Свердловская,"СВЕРД, ВЧДЭ-4",,,,Дефект манжеты № 1  усл. № 270.313 штока главного поршня,CV,2024,,,,,,,165 days 18:41:00,238721.0,1206.0,397,0.46588235294117647
3,13406347,2024-06-14 21:58:00,Свердловская,"СВЕРД, ТЧЭ-17",,,,Прочая неисправность предохранительного клапана масляной системы,CT,2024,,,,,,,165 days 19:26:00,238766.0,45.0,398,0.46705882352941175
3,13407053,2024-06-15 14:37:00,Свердловская,"СВЕРД, ИЧ ЕГОРШИНСКАЯ Ш",,,,"Лампы, перегорание основной нити",CSH,2024,,,,,,,166 days 12:05:00,239765.0,999.0,399,0.4682352941176471
2,13407717,2024-06-16 08:12:00,Свердловская,"СВЕРД, ИЧ ЧУСОВСКАЯ Ш",,,"1шт ч(к учету 0,13)ч","Резистор, обрыв",CSH,2024,,,,,1.0,"0,13ч",167 days 05:40:00,240820.0,1055.0,400,0.46941176470588236
2,13408832,2024-06-17 10:30:00,Свердловская,"СВЕРД, ШЧ-18","3шт ч(к учету 2,1ч)",,,"Муфты подземные, некачественная пайка",CSH,2024,3.0,"2,1ч",,,,,168 days 07:58:00,242398.0,1578.0,401,0.47058823529411764
3,13409722,2024-06-18 04:33:00,Свердловская,"СВЕРД, ШЧ-23",,,,"Контактная система, увеличенное сопротивление контакта",CSH,2024,,,,,,,169 days 02:01:00,243481.0,1083.0,402,0.4717647058823529
2,13410410,2024-06-18 11:20:00,Свердловская,"СВЕРД, ШЧ-16","2шт ч(к учету 0,52ч)","2шт ч(к учету 0,27ч)",,"Стрелочный ОК, LMP, неисправность",CSH,2024,2.0,"0,52ч",2.0,"0,27ч",,,169 days 08:48:00,243888.0,407.0,403,0.47294117647058825
3,13410225,2024-06-18 11:54:00,Свердловская,"СВЕРД, ТЧЭ-1",,,,Низкая емкость аккумуляторной батареи,CT,2024,,,,,,,169 days 09:22:00,243922.0,34.0,404,0.47411764705882353
3,13411191,2024-06-18 20:47:00,Свердловская,"СВЕРД, ШЧ-1 (Р)",,,,"Конденсатор, снижение емкости",CSH,2024,,,,,,,169 days 18:15:00,244455.0,533.0,405,0.4752941176470588
3,13412803,2024-06-20 07:41:00,Свердловская,"СВЕРД, ВЧДЭ-4",,,,Надиры типа «елочка» на торцах роликов и бортах колец,CV,2024,,,,,,,171 days 05:09:00,246549.0,2094.0,406,0.4764705882352941
3,13412805,2024-06-20 08:48:00,Свердловская,"СВЕРД, ВЧДЭ-4",,,,Надиры типа «елочка» на торцах роликов и бортах колец,CV,2024,,,,,,,171 days 06:16:00,246616.0,67.0,407,0.4776470588235294
2,13420724,2024-06-20 10:35:00,Свердловская,"СВЕРД, ШЧ-23","2шт ч(к учету 0,93ч)",,,"Не срабатывание (не перегорание), воздействие тягового тока",CSH,2024,2.0,"0,93ч",,,,,171 days 08:03:00,246723.0,107.0,408,0.4788235294117647
3,13413150,2024-06-20 12:04:00,Свердловская,"СВЕРД, ШЧ-9",,,,Закорачивание РЦ посторонними предметами,CSH,2024,,,,,,,171 days 09:32:00,246812.0,89.0,409,0.48
3,13414738,2024-06-21 14:00:00,Свердловская,"СВЕРД, ШЧ-23",,,,"Контактная система, увеличенное сопротивление",CSH,2024,,,,,,,172 days 11:28:00,248368.0,1556.0,410,0.4811764705882353
2,13415027,2024-06-21 23:00:00,Свердловская,"СВЕРД, ШЧ-7","4шт ч(к учету 1,97ч)",,,"Трансформаторы, короткое замыкание обмотки",CSH,2024,4.0,"1,97ч",,,,,172 days 20:28:00,248908.0,540.0,411,0.4823529411764706
3,13415966,2024-06-23 01:04:00,Свердловская,"СВЕРД, ВЧДЭ-4",,,,"Неисправность лабиринтной части корпуса буксы (задиры, забоины и т.д.)",CV,2024,,,,,,,173 days 22:32:00,250472.0,1564.0,412,0.4835294117647059
2,13416121,2024-06-23 04:53:00,Свердловская,"СВЕРД, ИЧ ЧУСОВСКАЯ Ш",,,"1шт ч(к учету 0,3)ч",Потеря контакта в соединениях датчика,CSH,2024,,,,,1.0,"0,3ч",174 days 02:21:00,250701.0,229.0,413,0.48470588235294115
3,13416465,2024-06-23 12:03:00,Свердловская,"СВЕРД, ШЧ-22",,,,"Диод, короткое замыкание",CSH,2024,,,,,,,174 days 09:31:00,251131.0,430.0,414,0.4858823529411765
3,13418369,2024-06-25 00:06:00,Свердловская,"СВЕРД, ШЧ-18",,,,Нарушение контакта штепсель/рельс,CSH,2024,,,,,,,175 days 21:34:00,253294.0,2163.0,415,0.48705882352941177
2,13419596,2024-06-25 10:35:00,Свердловская,"СВЕРД, ШЧ-16",,"1шт ч(к учету 0,17ч)",,"Контактная система, потеря контакта",CSH,2024,,,1.0,"0,17ч",,,176 days 08:03:00,253923.0,629.0,416,0.48823529411764705
1,13419262,2024-06-25 11:29:00,Свердловская,"СВЕРД, ИЧ ЧУСОВСКАЯ Ш","2шт ч(к учету 2,72ч)","1шт ч(к учету 0,27ч)","5шт (к учету 3) ч(к учету 1,27)ч","Трансформаторы, обрыв обмотки",CSH,2024,2.0,"2,72ч",1.0,"0,27ч",3.0,"1,27ч",176 days 08:57:00,253977.0,54.0,417,0.4894117647058824
3,13420423,2024-06-25 17:14:00,Свердловская,"СВЕРД, ШЧ-13",,,,Обрыв монтажного провода,CSH,2024,,,,,,,176 days 14:42:00,254322.0,345.0,418,0.49058823529411766
1,13422246,2024-06-27 09:02:00,Свердловская,"СВЕРД, ШЧ-5","9шт (к учету 7) ч(к учету 7,28ч)","1шт ч(к учету 0,27ч)","2шт ч(к учету 0,5)ч",Механические повреждения,CSH,2024,7.0,"7,28ч",1.0,"0,27ч",2.0,"0,5ч",178 days 06:30:00,256710.0,2388.0,419,0.49176470588235294
3,13423204,2024-06-27 12:21:00,Свердловская,"СВЕРД, ШЧ-13",,,,Неисправность блоков питания,CSH,2024,,,,,,,178 days 09:49:00,256909.0,199.0,420,0.4929411764705882
3,13422717,2024-06-27 17:15:00,Свердловская,"СВЕРД, ШЧ-20",,,,Нарушение контакта штепсель/рельс,CSH,2024,,,,,,,178 days 14:43:00,257203.0,294.0,421,0.49411764705882355
2,13423526,2024-06-28 09:34:00,Свердловская,"СВЕРД, ШЧ-5","1шт ч(к учету 0,37ч)",,,Нарушение контакта штепсель/рельс,CSH,2024,1.0,"0,37ч",,,,,179 days 07:02:00,258182.0,979.0,422,0.49529411764705883
3,13424541,2024-06-29 04:25:00,Свердловская,"СВЕРД, ШЧ-5",,,,"Контактная система, подгар контактов",CSH,2024,,,,,,,180 days 01:53:00,259313.0,1131.0,423,0.4964705882352941
3,13425457,2024-06-30 05:29:00,Свердловская,"СВЕРД, ШЧ-20",,,,"Контактная система, подгар контактов",CSH,2024,,,,,,,181 days 02:57:00,260817.0,1504.0,424,0.4976470588235294
3,13426768,2024-07-01 12:06:00,Свердловская,"СВЕРД, ШЧ-16",,,,"Курбельный контакт, разрегулировка",CSH,2024,,,,,,,182 days 09:34:00,262654.0,1837.0,425,0.4988235294117647
3,13427555,2024-07-01 20:25:00,Свердловская,"СВЕРД, ШЧ-17",,,,Обрыв монтажного провода,CSH,2024,,,,,,,182 days 17:53:00,263153.0,499.0,426,0.5
3,13428152,2024-07-02 10:06:00,Свердловская,"СВЕРД, ШЧ-7",,,,"Лампы, перегорание основной нити",CSH,2024,,,,,,,183 days 07:34:00,263974.0,821.0,427,0.5011764705882353
3,13429489,2024-07-03 00:46:00,Свердловская,"СВЕРД, ИЧ ЧУСОВСКАЯ Ш",,,,"Лампы, перегорание основной нити",CSH,2024,,,,,,,183 days 22:14:00,264854.0,880.0,428,0.5023529411764706
1,13429648,2024-07-03 03:17:00,Свердловская,"СВЕРД, ИЧ ЕГОРШИНСКАЯ Ш","2шт ч(к учету 1,93ч)",,"1шт ч(к учету 0,12)ч","Выпрямительные элементы, пробой",CSH,2024,2.0,"1,93ч",,,1.0,"0,12ч",184 days 00:45:00,265005.0,151.0,429,0.5035294117647059
2,13430637,2024-07-03 09:33:00,Свердловская,"СВЕРД, ШЧ-7","5шт ч(к учету 2,17ч)","1шт ч(к учету 0,2ч)",,"Внутренний монтаж, короткое замыкание",CSH,2024,5.0,"2,17ч",1.0,"0,2ч",,,184 days 07:01:00,265381.0,376.0,430,0.5047058823529412
3,13430838,2024-07-03 10:16:00,Свердловская,"СВЕРД, ИЧ ЧУСОВСКАЯ Ш",,,,Нарушение контакта,CSH,2024,,,,,,,184 days 07:44:00,265424.0,43.0,431,0.5058823529411764
3,13431446,2024-07-03 13:07:00,Свердловская,"СВЕРД, ШЧ-5",,,,"Нарушение контакта в штепсельных розетках, неисправность контактных губок",CSH,2024,,,,,,,184 days 10:35:00,265595.0,171.0,432,0.5070588235294118
1,13431702,2024-07-03 17:27:00,Свердловская,"СВЕРД, ШЧ-5","20шт (к учету 13) ч(к учету 10,28ч)","1шт ч(к учету 0,2ч)","1шт ч(к учету 0,1)ч","Жилы, внутренний обрыв",CSH,2024,13.0,"10,28ч",1.0,"0,2ч",1.0,"0,1ч",184 days 14:55:00,265855.0,260.0,433,0.508235294117647
3,13434573,2024-07-05 03:46:00,Свердловская,"СВЕРД, ВЧДЭ-4",,,,"Неисправность лабиринтного кольца (задиры, забоины и т.д.)",CV,2024,,,,,,,186 days 01:14:00,267914.0,2059.0,434,0.5094117647058823
2,13434763,2024-07-05 06:19:00,Свердловская,"СВЕРД, ШЧ-13",,,"1шт ч(к учету 0,1)ч","Жилы, внутренний обрыв",CSH,2024,,,,,1.0,"0,1ч",186 days 03:47:00,268067.0,153.0,435,0.5105882352941177
3,13435271,2024-07-05 11:10:00,Свердловская,"СВЕРД, ВЧДЭ-17",,,,"Расслоение, разрыв манжеты усл. № 305-156 в узле трех клапанов",CV,2024,,,,,,,186 days 08:38:00,268358.0,291.0,436,0.5117647058823529
2,13436387,2024-07-06 01:42:00,Свердловская,"СВЕРД, ШЧ-2","8шт ч(к учету 4,83ч)",,,"Жилы, сообщение",CSH,2024,8.0,"4,83ч",,,,,186 days 23:10:00,269230.0,872.0,437,0.5129411764705882
3,13437034,2024-07-06 09:45:00,Свердловская,"СВЕРД, ВЧДЭ-4",,,,Трещина (излом) полимерной вставки между опорной поверхностью буксового проема боковой рамы и адаптером (буксой),CV,2024,,,,,,,187 days 07:13:00,269713.0,483.0,438,0.5141176470588236
3,13437321,2024-07-06 19:40:00,Свердловская,"СВЕРД, ШЧ-9",,,,"Контактная система, увеличенное сопротивление контакта",CSH,2024,,,,,,,187 days 17:08:00,270308.0,595.0,439,0.5152941176470588
3,13437363,2024-07-06 20:50:00,Свердловская,"СВЕРД, ШЧ-9",,,,Потеря контакта в соединениях датчика,CSH,2024,,,,,,,187 days 18:18:00,270378.0,70.0,440,0.5164705882352941
3,13438129,2024-07-07 15:14:00,Свердловская,"СВЕРД, ШЧ-16",,,,Нарушение контакта наконечник/вывод ДТ,CSH,2024,,,,,,,188 days 12:42:00,271482.0,1104.0,441,0.5176470588235295
1,13438356,2024-07-07 20:31:00,Свердловская,"СВЕРД, ШЧ-2","5шт (к учету 4) ч(к учету 3,77ч)","5шт (к учету 4) ч(к учету 0,82ч)",,"Шибер, попадание посторонних предметов",CSH,2024,4.0,"3,77ч",4.0,"0,82ч",,,188 days 17:59:00,271799.0,317.0,442,0.5188235294117647
3,13438488,2024-07-07 22:55:00,Свердловская,"СВЕРД, ВЧДЭ-4",,,,"Проворот, разрыв внутреннего кольца",CV,2024,,,,,,,188 days 20:23:00,271943.0,144.0,443,0.52
2,13439427,2024-07-08 10:07:00,Свердловская,"СВЕРД, ШЧ-9",,,"1шт ч(к учету 0,12)ч","Жилы, обрыв",CSH,2024,,,,,1.0,"0,12ч",189 days 07:35:00,272615.0,672.0,444,0.5211764705882352
2,13442258,2024-07-09 17:04:00,Свердловская,"СВЕРД, ИЧ ЧУСОВСКАЯ Ш","2шт ч(к учету 0,63ч)","1шт ч(к учету 0,28ч)","1шт ч(к учету 0,25)ч","Контактная система, подгар контактов",CSH,2024,2.0,"0,63ч",1.0,"0,28ч",1.0,"0,25ч",190 days 14:32:00,274472.0,1857.0,445,0.5223529411764706
3,13444828,2024-07-10 20:24:00,Свердловская,"СВЕРД, ШЧ-23",,,,"Контактная система, подгар контактов",CSH,2024,,,,,,,191 days 17:52:00,276112.0,1640.0,446,0.5235294117647059
3,13445948,2024-07-11 08:01:00,Свердловская,"СВЕРД, ШЧ-16",,,,"Монтаж, повреждение пайки выводов",CSH,2024,,,,,,,192 days 05:29:00,276809.0,697.0,447,0.5247058823529411
3,13447167,2024-07-12 01:38:00,Свердловская,"СВЕРД, ТЧЭ-17",,,,Прочая неисправность блок-контактов реле заземления,CT,2024,,,,,,,192 days 23:06:00,277866.0,1057.0,448,0.5258823529411765
1,13448263,2024-07-12 11:38:00,Свердловская,"СВЕРД, ШЧ-3","9шт (к учету 8) ч(к учету 19,73ч)","1шт ч(к учету 0,88ч)","3шт (к учету 2) ч(к учету 0,58)ч","Обрыв троса, коррозия металла",CSH,2024,8.0,"19,73ч",1.0,"0,88ч",2.0,"0,58ч",193 days 09:06:00,278466.0,600.0,449,0.5270588235294118
1,13448921,2024-07-13 02:00:00,Свердловская,"СВЕРД, ШЧ-9","1шт ч(к учету 1,28ч)",,"1шт ч(к учету 0,63)ч","Шибер, попадание посторонних предметов",CSH,2024,1.0,"1,28ч",,,1.0,"0,63ч",193 days 23:28:00,279328.0,862.0,450,0.528235294117647
2,13448941,2024-07-13 03:06:00,Свердловская,"СВЕРД, ТЧЭ-1",,,"1шт ч(к учету 0,1)ч",Неисправность тумблера,CT,2024,,,,,1.0,"0,1ч",194 days 00:34:00,279394.0,66.0,451,0.5294117647058824
3,13449764,2024-07-13 20:13:00,Свердловская,"СВЕРД, ШЧ-16",,,,"Нарушение контакта в съемных платах, неисправность контактных губок",CSH,2024,,,,,,,194 days 17:41:00,280421.0,1027.0,452,0.5305882352941177
3,13449801,2024-07-13 21:50:00,Свердловская,"СВЕРД, ШЧ-7",,,,Излом повода под гайкой,CSH,2024,,,,,,,194 days 19:18:00,280518.0,97.0,453,0.5317647058823529
2,13449699,2024-07-13 23:40:00,Свердловская,"СВЕРД, ШЧ-18",,"1шт ч(к учету 0,17ч)",,"Внутренний монтаж, короткое замыкание",CSH,2024,,,1.0,"0,17ч",,,194 days 21:08:00,280628.0,110.0,454,0.5329411764705883
3,13450103,2024-07-14 11:23:00,Свердловская,"СВЕРД, ШЧ-16",,,,"Жилы, обрыв",CSH,2024,,,,,,,195 days 08:51:00,281331.0,703.0,455,0.5341176470588235
2,13450263,2024-07-14 17:33:00,Свердловская,"СВЕРД, ИЧ ЕГОРШИНСКАЯ Ш","3шт ч(к учету 0,67ч)",,"2шт (к учету 1) ч(к учету 0,23)ч",Нарушение контакта трос/наконечник,CSH,2024,3.0,"0,67ч",,,1.0,"0,23ч",195 days 15:01:00,281701.0,370.0,456,0.5352941176470588
2,13450393,2024-07-14 20:04:00,Свердловская,"СВЕРД, ШЧ-13","2шт ч(к учету 0,45ч)",,,"Кнопки, подгар, сваривание контактов",CSH,2024,2.0,"0,45ч",,,,,195 days 17:32:00,281852.0,151.0,457,0.5364705882352941
3,13452033,2024-07-16 05:29:00,Свердловская,"СВЕРД, ВЧДЭ-4",,,,"Дефект (расслоение, раздавливание) прокладки усл. № 183.9",CV,2024,,,,,,,197 days 02:57:00,283857.0,2005.0,458,0.5376470588235294
3,13453582,2024-07-16 11:13:00,Свердловская,"СВЕРД, ШЧ-13",,,,Неисправность блоков питания,CSH,2024,,,,,,,197 days 08:41:00,284201.0,344.0,459,0.5388235294117647
2,13452667,2024-07-16 12:59:00,Свердловская,"СВЕРД, ШЧ-20",,"2шт (к учету 1) ч(к учету 0,37ч)",,"Нарушение контакта в разъемах блоков, прожег изоляции",CSH,2024,,,1.0,"0,37ч",,,197 days 10:27:00,284307.0,106.0,460,0.54
2,13452980,2024-07-16 15:00:00,Свердловская,"СВЕРД, ВЧДЭ-17","1шт ч(к учету 0,77ч)",,,Ослабление/ обрыв/трещина крепления запасного резервуара,CV,2024,1.0,"0,77ч",,,,,197 days 12:28:00,284428.0,121.0,461,0.5411764705882353
3,13453504,2024-07-17 06:23:00,Свердловская,"СВЕРД, ШЧ-9",,,,Излом повода под гайкой,CSH,2024,,,,,,,198 days 03:51:00,285351.0,923.0,462,0.5423529411764706
3,13454284,2024-07-17 14:43:00,Свердловская,"СВЕРД, ШЧ-1 (Р)",,,,"Контактная система, потеря контакта",CSH,2024,,,,,,,198 days 12:11:00,285851.0,500.0,463,0.5435294117647059
2,13454312,2024-07-17 15:37:00,Свердловская,"СВЕРД, ШЧ-17",,"1шт ч(к учету 0,12ч)","1шт ч(к учету 0,12)ч",Потеря контакта,CSH,2024,,,1.0,"0,12ч",1.0,"0,12ч",198 days 13:05:00,285905.0,54.0,464,0.5447058823529412
3,13456513,2024-07-17 21:48:00,Свердловская,"КРАС, ВЧДЭ-8 АБАКАН",,,,Тонкий гребень колеса грузового вагона,CV,2024,,,,,,,198 days 19:16:00,286276.0,371.0,465,0.5458823529411765
3,13454868,2024-07-18 04:20:00,Свердловская,"СВЕРД, ШЧ-13",,,,"Лампы, перегорание основной нити",CSH,2024,,,,,,,199 days 01:48:00,286668.0,392.0,466,0.5470588235294118
3,13456402,2024-07-18 17:24:00,Свердловская,"З-СИБ, ТЧЭ-2",,,,Прочая неисправность корпуса автосцепки локомотива,CT,2024,,,,,,,199 days 14:52:00,287452.0,784.0,467,0.548235294117647
3,13457470,2024-07-19 23:44:00,Свердловская,"СВЕРД, ВЧДЭ-4",,,,Надиры типа «елочка» на торцах роликов и бортах колец,CV,2024,,,,,,,200 days 21:12:00,289272.0,1820.0,468,0.5494117647058824
3,13457591,2024-07-20 09:43:00,Свердловская,"СВЕРД, ШЧ-3",,,,"Автопереключатель, излом ножевых колодок",CSH,2024,,,,,,,201 days 07:11:00,289871.0,599.0,469,0.5505882352941176
2,13457873,2024-07-20 14:54:00,Свердловская,"СВЕРД, ШЧ-18","1шт ч(к учету 0,68ч)",,,Нарушение контакта штепсель/рельс,CSH,2024,1.0,"0,68ч",,,,,201 days 12:22:00,290182.0,311.0,470,0.5517647058823529
2,13460585,2024-07-23 03:20:00,Свердловская,"СВЕРД, ИЧ ЕГОРШИНСКАЯ Ш",,,"1шт ч(к учету 0,2)ч",Нарушение контакта наконечник/вывод ДТ,CSH,2024,,,,,1.0,"0,2ч",204 days 00:48:00,293808.0,3626.0,471,0.5529411764705883
2,13460871,2024-07-23 08:49:00,Свердловская,"СВЕРД, ШЧ-18","1шт ч(к учету 0,8ч)",,,Неисправность устройств электроснабжения,CSH,2024,1.0,"0,8ч",,,,,204 days 06:17:00,294137.0,329.0,472,0.5541176470588235
2,13461637,2024-07-23 18:41:00,Свердловская,"СВЕРД, ШЧ-5",,"2шт ч(к учету 0,2ч)","2шт ч(к учету 0,22)ч",Нарушение изоляции монтажных проводов,CSH,2024,,,2.0,"0,2ч",2.0,"0,22ч",204 days 16:09:00,294729.0,592.0,473,0.5552941176470588
3,13461685,2024-07-23 22:42:00,Свердловская,"СВЕРД, ВЧДЭ-4",,,,"Проворот, разрыв внутреннего кольца",CV,2024,,,,,,,204 days 20:10:00,294970.0,241.0,474,0.5564705882352942
2,13462031,2024-07-23 23:10:00,Свердловская,"СВЕРД, ТЧЭ-1","1шт ч(к учету 0,33ч)",,,Трещина рычага тормозной рычажной передачи локомотива,CT,2024,1.0,"0,33ч",,,,,204 days 20:38:00,294998.0,28.0,475,0.5576470588235294
3,13462917,2024-07-24 12:14:00,Свердловская,"СВЕРД, ШЧ-17",,,,"Лампы, перегорание основной нити",CSH,2024,,,,,,,205 days 09:42:00,295782.0,784.0,476,0.5588235294117647
3,13463206,2024-07-24 18:20:00,Свердловская,"СВЕРД, ТЧЭ-1",,,,Отключение внешнего электроснабжения,CT,2024,,,,,,,205 days 15:48:00,296148.0,366.0,477,0.56
3,13464506,2024-07-25 10:49:00,Свердловская,"СВЕРД, ШЧ-23",,,,"Контактная система, подгар контактов",CSH,2024,,,,,,,206 days 08:17:00,297137.0,989.0,478,0.5611764705882353
3,13464929,2024-07-26 03:45:00,Свердловская,"СВЕРД, ШЧ-16",,,,"Автопереключатель, разрегулировка контактов",CSH,2024,,,,,,,207 days 01:13:00,298153.0,1016.0,479,0.5623529411764706
3,13465797,2024-07-26 17:15:00,Свердловская,"СВЕРД, ШЧ-17",,,,Нарушение контакта,CSH,2024,,,,,,,207 days 14:43:00,298963.0,810.0,480,0.5635294117647058
3,13465976,2024-07-26 18:06:00,Свердловская,"СВЕРД, ШЧ-9",,,,"Нарушение контакта в штепсельных розетках, неисправность контактных губок",CSH,2024,,,,,,,207 days 15:34:00,299014.0,51.0,481,0.5647058823529412
3,13466470,2024-07-27 13:55:00,Свердловская,"СВЕРД, ШЧ-20",,,,"Контактная система, увеличенное сопротивление контакта",CSH,2024,,,,,,,208 days 11:23:00,300203.0,1189.0,482,0.5658823529411765
3,13467503,2024-07-28 14:48:00,Свердловская,"СВЕРД, ШЧ-13",,,,"Кнопки, потеря контакта в штепсельном разъеме",CSH,2024,,,,,,,209 days 12:16:00,301696.0,1493.0,483,0.5670588235294117
2,13469070,2024-07-29 21:30:00,Свердловская,"СВЕРД, ШЧ-5",,"1шт ч(к учету 0,17ч)",,"Нарушение контакта в штепсельных розетках, замятие контакта",CSH,2024,,,1.0,"0,17ч",,,210 days 18:58:00,303538.0,1842.0,484,0.5682352941176471
3,13469237,2024-07-30 01:48:00,Свердловская,"СВЕРД, ШЧ-5",,,,"Курбельный контакт, потеря контакта",CSH,2024,,,,,,,210 days 23:16:00,303796.0,258.0,485,0.5694117647058824
2,13469422,2024-07-30 03:48:00,Свердловская,"СВЕРД, ШЧ-2","2шт ч(к учету 1,03ч)",,"1шт ч(к учету 0,45)ч",Обрыв монтажного провода,CSH,2024,2.0,"1,03ч",,,1.0,"0,45ч",211 days 01:16:00,303916.0,120.0,486,0.5705882352941176
2,13473350,2024-07-31 02:05:00,Свердловская,"СВЕРД, ШЧ-8 (Р)","1шт ч(к учету 0,25ч)",,,"Диод, обрыв",CSH,2024,1.0,"0,25ч",,,,,211 days 23:33:00,305253.0,1337.0,487,0.571764705882353
1,13473430,2024-07-31 07:41:00,Свердловская,"КРАС, ВЧДЭ-7 КРАСНОЯРСК-ВОСТ","1шт ч(к учету 1,33ч)",,,Тонкий гребень колеса грузового вагона,CV,2024,1.0,"1,33ч",,,,,212 days 05:09:00,305589.0,336.0,488,0.5729411764705883
3,13471006,2024-07-31 10:45:00,Свердловская,"СВЕРД, ШЧ-23",,,,"Контактная система, потеря контакта",CSH,2024,,,,,,,212 days 08:13:00,305773.0,184.0,489,0.5741176470588235
2,13471386,2024-07-31 15:45:00,Свердловская,"СВЕРД, ШЧ-20","2шт ч(к учету 0,77ч)",,,"Жилы, внутренний обрыв",CSH,2024,2.0,"0,77ч",,,,,212 days 13:13:00,306073.0,300.0,490,0.5752941176470588
3,13481257,2024-07-31 18:27:00,Свердловская,"СВЕРД, ШЧ-16",,,"1шт ч(к учету 0,05)ч","Срабатывание, воздействие тягового тока",CSH,2024,,,,,1.0,"0,05ч",212 days 15:55:00,306235.0,162.0,491,0.5764705882352941
1,13472228,2024-08-01 09:14:00,Свердловская,"СВЕРД, ШЧ-16","11шт (к учету 9) ч(к учету 13,83ч)","1шт ч(к учету 0,22ч)","1шт ч(к учету 0,12)ч",Механическое повреждение,CSH,2024,9.0,"13,83ч",1.0,"0,22ч",1.0,"0,12ч",213 days 06:42:00,307122.0,887.0,492,0.5776470588235294
3,13472788,2024-08-01 15:18:00,Свердловская,"СВЕРД, ШЧ-13",,,,Реле блока автоматического регулирования,CSH,2024,,,,,,,213 days 12:46:00,307486.0,364.0,493,0.5788235294117647
2,13474131,2024-08-02 13:52:00,Свердловская,"СВЕРД, ИЧ ЧУСОВСКАЯ Ш",,,"1шт ч(к учету 0,12)ч","Нарушение контакта в штепсельных розетках, неисправность контактных губок",CSH,2024,,,,,1.0,"0,12ч",214 days 11:20:00,308840.0,1354.0,494,0.58
3,13480665,2024-08-02 14:18:00,Свердловская,"СВЕРД, ШЧ-16","1шт ч(к учету 0,22ч)",,,"Обрыв троса, коррозия металла",CSH,2024,1.0,"0,22ч",,,,,214 days 11:46:00,308866.0,26.0,495,0.5811764705882353
3,13474717,2024-08-03 07:38:00,Свердловская,"СВЕРД, ШЧ-9",,,,"Трансформаторы, обрыв обмотки",CSH,2024,,,,,,,215 days 05:06:00,309906.0,1040.0,496,0.5823529411764706
3,13475053,2024-08-03 11:17:00,Свердловская,"СВЕРД, ШЧ-16",,,,Нарушение контакта,CSH,2024,,,,,,,215 days 08:45:00,310125.0,219.0,497,0.5835294117647059
2,13475054,2024-08-03 15:20:00,Свердловская,"СВЕРД, ШЧ-17",,,"1шт ч(к учету 0,23)ч","Нарушение контакта в штепсельных розетках, неисправность контактных губок",CSH,2024,,,,,1.0,"0,23ч",215 days 12:48:00,310368.0,243.0,498,0.5847058823529412
3,13475554,2024-08-04 05:54:00,Свердловская,"СВЕРД, ШЧ-23",,,,"Контактная система, подгар контактов",CSH,2024,,,,,,,216 days 03:22:00,311242.0,874.0,499,0.5858823529411765
2,13476161,2024-08-04 21:19:00,Свердловская,"СВЕРД, ВЧДЭ-18","1шт ч(к учету 0,43ч)",,,Неправильное включение режимов отпуска воздухораспределителя,CV,2024,1.0,"0,43ч",,,,,216 days 18:47:00,312167.0,925.0,500,0.5870588235294117
3,13479485,2024-08-06 14:23:00,Свердловская,"СВЕРД, ИЧ ЧУСОВСКАЯ Ш",,,,Нарушение контакта трос/штепсель,CSH,2024,,,,,,,218 days 11:51:00,314631.0,2464.0,501,0.5882352941176471
2,13495438,2024-08-06 15:16:00,Свердловская,"СВЕРД, ШЧ-8 (Р)",,"3шт ч(к учету 0,6ч)","2шт ч(к учету 0,33)ч","Контактная система, увеличенное сопротивление",CSH,2024,,,3.0,"0,6ч",2.0,"0,33ч",218 days 12:44:00,314684.0,53.0,502,0.5894117647058823
3,13479918,2024-08-06 17:02:00,Свердловская,"СВЕРД, ИЧ ЕГОРШИНСКАЯ Ш",,,,"Обмотка, обрыв",CSH,2024,,,,,,,218 days 14:30:00,314790.0,106.0,503,0.5905882352941176
2,13480915,2024-08-07 09:33:00,Свердловская,"СВЕРД, ШЧ-7","3шт ч(к учету 1,25ч)","1шт ч(к учету 0,3ч)","1шт ч(к учету 0,32)ч","Срабатывание (перегорание), несоответствие номинала",CSH,2024,3.0,"1,25ч",1.0,"0,3ч",1.0,"0,32ч",219 days 07:01:00,315781.0,991.0,504,0.591764705882353
3,13481986,2024-08-07 13:00:00,Свердловская,"СВЕРД, ИЧ ЕГОРШИНСКАЯ Ш",,,,Обрыв монтажного провода,CSH,2024,,,,,,,219 days 10:28:00,315988.0,207.0,505,0.5929411764705882
3,13481712,2024-08-07 13:40:00,Свердловская,"СВЕРД, ШЧ-1 (Р)",,,,"Срабатывание, воздействие тягового тока",CSH,2024,,,,,,,219 days 11:08:00,316028.0,40.0,506,0.5941176470588235
2,13484682,2024-08-08 07:30:00,Свердловская,"СВЕРД, ИЧ ЕГОРШИНСКАЯ Ш",,,"1шт ч(к учету 0,15)ч","Лампы, перегорание основной нити",CSH,2024,,,,,1.0,"0,15ч",220 days 04:58:00,317098.0,1070.0,507,0.5952941176470589
3,13483309,2024-08-08 09:36:00,Свердловская,"СВЕРД, ШЧ-7","1шт ч(к учету 0,18ч)",,,"Нарушение контакта в штепсельных розетках, замятие контакта",CSH,2024,1.0,"0,18ч",,,,,220 days 07:04:00,317224.0,126.0,508,0.5964705882352941
2,13484495,2024-08-08 14:38:00,Свердловская,"СВЕРД, ШЧ-9",,"1шт ч(к учету 0,12ч)",,Сбой АЛС с задержкой поезда,CSH,2024,,,1.0,"0,12ч",,,220 days 12:06:00,317526.0,302.0,509,0.5976470588235294
3,13485060,2024-08-09 00:44:00,Свердловская,"СВЕРД, ВЧДЭ-4",,,,"Неисправности колец подшипников (раковины, шелушения, коррозия, трещины, отколы и др.)",CV,2024,,,,,,,220 days 22:12:00,318132.0,606.0,510,0.5988235294117648
1,13485224,2024-08-09 04:50:00,Свердловская,"СВЕРД, ШЧ-22","2шт ч(к учету 1,73ч)",,,"Срабатывание, несоответствие номинала",CSH,2024,2.0,"1,73ч",,,,,221 days 02:18:00,318378.0,246.0,511,0.6
3,13485533,2024-08-09 08:22:00,Свердловская,"СВЕРД, ШЧ-16",,,,"Нарушение контакта в штепсельных розетках, неисправность контактных губок",CSH,2024,,,,,,,221 days 05:50:00,318590.0,212.0,512,0.6011764705882353
3,13486414,2024-08-09 13:00:00,Свердловская,"СВЕРД, ШЧ-17",,,,"Жилы, внутренний обрыв",CSH,2024,,,,,,,221 days 10:28:00,318868.0,278.0,513,0.6023529411764705
2,13486389,2024-08-09 14:15:00,Свердловская,"СВЕРД, ШЧ-22",,"1шт ч(к учету 0,23ч)",,"Жилы, обрыв",CSH,2024,,,1.0,"0,23ч",,,221 days 11:43:00,318943.0,75.0,514,0.6035294117647059
2,13486883,2024-08-09 23:29:00,Свердловская,"СВЕРД, ШЧ-5","2шт ч(к учету 0,9ч)",,,Отсутствие,CSH,2024,2.0,"0,9ч",,,,,221 days 20:57:00,319497.0,554.0,515,0.6047058823529412
2,13487702,2024-08-11 02:54:00,Свердловская,"СВЕРД, ШЧ-1 (Р)","7шт ч(к учету 2,83ч)",,"2шт ч(к учету 0,93)ч",Механическое повреждение,CSH,2024,7.0,"2,83ч",,,2.0,"0,93ч",223 days 00:22:00,321142.0,1645.0,516,0.6058823529411764
2,13487984,2024-08-11 07:07:00,Свердловская,"СВЕРД, ВЧДЭ-4","1шт ч(к учету 0,67ч)",,,Обрыв (излом) трубы магистрали воздухопровода и подводящих труб,CV,2024,1.0,"0,67ч",,,,,223 days 04:35:00,321395.0,253.0,517,0.6070588235294118
2,13488384,2024-08-11 21:07:00,Свердловская,"СВЕРД, ШЧ-16","4шт ч(к учету 2,38ч)","1шт ч(к учету 0,2ч)",,Отсутствие,CSH,2024,4.0,"2,38ч",1.0,"0,2ч",,,223 days 18:35:00,322235.0,840.0,518,0.6082352941176471
3,13493084,2024-08-12 00:30:00,Свердловская,"СВЕРД, ШЧ-2",,,,"Ламподержатель, нарушение контакта",CSH,2024,,,,,,,223 days 21:58:00,322438.0,203.0,519,0.6094117647058823
2,13489551,2024-08-12 13:30:00,Свердловская,"СВЕРД, ШЧ-1 (Р)","3шт ч(к учету 1,82ч)",,"4шт (к учету 2) ч(к учету 0,52)ч","Контактная система, потеря контакта",CSH,2024,3.0,"1,82ч",,,2.0,"0,52ч",224 days 10:58:00,323218.0,780.0,520,0.6105882352941177
3,13489841,2024-08-12 17:02:00,Свердловская,"СВЕРД, ШЧ-7",,,,Отсутствие,CSH,2024,,,,,,,224 days 14:30:00,323430.0,212.0,521,0.611764705882353
1,13490075,2024-08-12 23:32:00,Свердловская,"СВЕРД, ШЧ-8 (Р)","5шт ч(к учету 3,73ч)","1шт ч(к учету 0,18ч)",,"Конденсатор, короткое замыкание",CSH,2024,5.0,"3,73ч",1.0,"0,18ч",,,224 days 21:00:00,323820.0,390.0,522,0.6129411764705882
3,13491327,2024-08-13 06:01:00,Свердловская,"СВЕРД, ШЧ-2",,,,Неисправность концентратора,CSH,2024,,,,,,,225 days 03:29:00,324209.0,389.0,523,0.6141176470588235
2,13491390,2024-08-13 14:33:00,Свердловская,"СВЕРД, ШЧ-7",,"1шт ч(к учету 0,27ч)",,"Лампочки индикации, неисправность ячеек индикации",CSH,2024,,,1.0,"0,27ч",,,225 days 12:01:00,324721.0,512.0,524,0.6152941176470588
2,13491847,2024-08-13 21:32:00,Свердловская,"СВЕРД, ШЧ-16","18шт (к учету 16) ч(к учету 4,43ч)",,,"Контактная система, сваривание контактов",CSH,2024,16.0,"4,43ч",,,,,225 days 19:00:00,325140.0,419.0,525,0.6164705882352941
3,13491841,2024-08-13 22:35:00,Свердловская,"СВЕРД, ШЧ-2",,,,"Лампы, перегорание основной нити",CSH,2024,,,,,,,225 days 20:03:00,325203.0,63.0,526,0.6176470588235294
2,13491910,2024-08-13 23:58:00,Свердловская,"СВЕРД, ШЧ-7","6шт (к учету 5) ч(к учету 3,3ч)","2шт ч(к учету 0,28ч)",,"Жилы, сообщение",CSH,2024,5.0,"3,3ч",2.0,"0,28ч",,,225 days 21:26:00,325286.0,83.0,527,0.6188235294117647
2,13492846,2024-08-14 08:16:00,Свердловская,"СВЕРД, ВЧДЭ-17","2шт (к учету 1) ч(к учету 0,82ч)",,,Нарушение расстояния упора головки автосцепки до ударной розетки грузового вагона,CV,2024,1.0,"0,82ч",,,,,226 days 05:44:00,325784.0,498.0,528,0.62
3,13492916,2024-08-14 10:15:00,Свердловская,"СВЕРД, ШЧ-9",,,,"Срабатывание, несоответствие номинала",CSH,2024,,,,,,,226 days 07:43:00,325903.0,119.0,529,0.6211764705882353
3,13492888,2024-08-14 11:58:00,Свердловская,"СВЕРД, ИЧ ЧУСОВСКАЯ Ш",,,,"Жилы, внутренний обрыв",CSH,2024,,,,,,,226 days 09:26:00,326006.0,103.0,530,0.6223529411764706
1,13495021,2024-08-15 13:21:00,Свердловская,"СВЕРД, ШЧ-17","1шт ч(к учету 1,02ч)",,,"Обмотка, короткое замыкание",CSH,2024,1.0,"1,02ч",,,,,227 days 10:49:00,327529.0,1523.0,531,0.6235294117647059
3,13495709,2024-08-16 06:00:00,Свердловская,"СВЕРД, ШЧ-2",,,,Неисправность концентратора,CSH,2024,,,,,,,228 days 03:28:00,328528.0,999.0,532,0.6247058823529412
2,13496879,2024-08-17 14:40:00,Свердловская,"СВЕРД, ИЧ ЧУСОВСКАЯ Ш",,,"2шт (к учету 1) ч(к учету 0,23)ч","Контактная система, потеря контакта",CSH,2024,,,,,1.0,"0,23ч",229 days 12:08:00,330488.0,1960.0,533,0.6258823529411764
1,13497107,2024-08-17 22:16:00,Свердловская,"СВЕРД, ШЧ-7","7шт (к учету 5) ч(к учету 3,88ч)",,,Влияние посторонних источников питания,CSH,2024,5.0,"3,88ч",,,,,229 days 19:44:00,330944.0,456.0,534,0.6270588235294118
3,13502819,2024-08-18 16:13:00,Свердловская,"СВЕРД, ВЧДЭ-4",,,,Обводнение смазки в буксе грузового вагона,CV,2024,,,,,,,230 days 13:41:00,332021.0,1077.0,535,0.6282352941176471
3,13497929,2024-08-18 19:33:00,Свердловская,"СВЕРД, ШЧ-2",,,,"Лампы, перегорание основной нити",CSH,2024,,,,,,,230 days 17:01:00,332221.0,200.0,536,0.6294117647058823
3,13498796,2024-08-19 12:21:00,Свердловская,"СВЕРД, ШЧ-3",,,,Закорачивание РЦ посторонними предметами,CSH,2024,,,,,,,231 days 09:49:00,333229.0,1008.0,537,0.6305882352941177
3,13499092,2024-08-19 16:54:00,Свердловская,"СВЕРД, ИЧ ЧУСОВСКАЯ Ш",,,,Нарушение контакта трос/штепсель,CSH,2024,,,,,,,231 days 14:22:00,333502.0,273.0,538,0.6317647058823529
2,13499168,2024-08-19 17:59:00,Свердловская,"СВЕРД, ШЧ-13",,,"1шт ч(к учету 0,12)ч",Нарушение изоляции проводов,CSH,2024,,,,,1.0,"0,12ч",231 days 15:27:00,333567.0,65.0,539,0.6329411764705882
2,13499475,2024-08-20 03:47:00,Свердловская,"СВЕРД, ШЧ-18","1шт ч(к учету 0,63ч)",,,Излом повода под гайкой,CSH,2024,1.0,"0,63ч",,,,,232 days 01:15:00,334155.0,588.0,540,0.6341176470588236
3,13501925,2024-08-21 17:16:00,Свердловская,"СВЕРД, ШЧ-8 (Р)",,,,"Электродвигатель, постоянного тока (МСП, ДСП), короткое замыкание обмотки статора",CSH,2024,,,,,,,233 days 14:44:00,336404.0,2249.0,541,0.6352941176470588
2,13501911,2024-08-21 17:21:00,Свердловская,"СВЕРД, ИЧ ЕГОРШИНСКАЯ Ш","1шт ч(к учету 0,82ч)",,,"Жилы, обрыв",CSH,2024,1.0,"0,82ч",,,,,233 days 14:49:00,336409.0,5.0,542,0.6364705882352941
3,13502425,2024-08-22 07:39:00,Свердловская,"СВЕРД, ШЧ-5",,,,"Жилы, внутренний обрыв",CSH,2024,,,,,,,234 days 05:07:00,337267.0,858.0,543,0.6376470588235295
3,13503549,2024-08-23 01:36:00,Свердловская,"СВЕРД, ШЧ-17",,,,"Автопереключатель, разрегулировка контактов",CSH,2024,,,,,,,234 days 23:04:00,338344.0,1077.0,544,0.6388235294117647
2,13509482,2024-08-23 17:12:00,Свердловская,"СВЕРД, ВЧДЭ-4","1шт ч(к учету 0,3ч)",,,"Проворот, разрыв внутреннего кольца",CV,2024,1.0,"0,3ч",,,,,235 days 14:40:00,339280.0,936.0,545,0.64
1,13505141,2024-08-24 16:40:00,Свердловская,"СВЕРД, ШЧ-13","1шт ч(к учету 2,33ч)",,,"Контрольные линейки, ослабление крепления",CSH,2024,1.0,"2,33ч",,,,,236 days 14:08:00,340688.0,1408.0,546,0.6411764705882353
3,13505210,2024-08-24 18:51:00,Свердловская,"СВЕРД, ИЧ ЕГОРШИНСКАЯ Ш",,,,"Конденсатор, снижение емкости",CSH,2024,,,,,,,236 days 16:19:00,340819.0,131.0,547,0.6423529411764706
3,13505369,2024-08-24 22:40:00,Свердловская,"СВЕРД, ШЧ-16",,,,Нарушение контакта штепсель/рельс,CSH,2024,,,,,,,236 days 20:08:00,341048.0,229.0,548,0.6435294117647059
2,13505482,2024-08-25 04:00:00,Свердловская,"СВЕРД, ШЧ-9","1шт ч(к учету 0,68ч)",,"4шт (к учету 2) ч(к учету 0,88)ч",Излом штепселя,CSH,2024,1.0,"0,68ч",,,2.0,"0,88ч",237 days 01:28:00,341368.0,320.0,549,0.6447058823529411
3,13505543,2024-08-25 05:15:00,Свердловская,"СВЕРД, ШЧ-7",,,,"Лампы, перегорание основной нити",CSH,2024,,,,,,,237 days 02:43:00,341443.0,75.0,550,0.6458823529411765
2,13505674,2024-08-25 08:07:00,Свердловская,"СВЕРД, ШЧ-8 (Р)","3шт ч(к учету 1,07ч)","2шт ч(к учету 0,47ч)",,"Конденсатор, снижение емкости",CSH,2024,3.0,"1,07ч",2.0,"0,47ч",,,237 days 05:35:00,341615.0,172.0,551,0.6470588235294118
2,13505693,2024-08-25 09:34:00,Свердловская,"СВЕРД, ШЧ-7","4шт ч(к учету 1,97ч)",,"1шт ч(к учету 0,3)ч",Снижение емкости ниже номинальной,CSH,2024,4.0,"1,97ч",,,1.0,"0,3ч",237 days 07:02:00,341702.0,87.0,552,0.648235294117647
3,13506926,2024-08-26 12:44:00,Свердловская,"СВЕРД, ВЧДЭ-4",,,,Дефект уплотнения усл. № 334.1729А-2 между корпусом и крышкой магистральной части,CV,2024,,,,,,,238 days 10:12:00,343332.0,1630.0,553,0.6494117647058824
3,13508879,2024-08-27 04:51:00,Свердловская,"СВЕРД, ВЧДЭ-4",,,,"Неисправности колец подшипников (раковины, шелушения, коррозия, трещины, отколы и др.)",CV,2024,,,,,,,239 days 02:19:00,344299.0,967.0,554,0.6505882352941177
3,13508408,2024-08-27 14:52:00,Свердловская,"СВЕРД, ШЧ-5",,,,"Жилы, обрыв",CSH,2024,,,,,,,239 days 12:20:00,344900.0,601.0,555,0.6517647058823529
3,13509513,2024-08-28 08:03:00,Свердловская,"СВЕРД, ТЧЭ-9",,,,"Переброс, круговой огонь в коллекторе тягового двигателя постоянного тока",CT,2024,,,,,,,240 days 05:31:00,345931.0,1031.0,556,0.6529411764705882
3,13509260,2024-08-28 11:10:00,Свердловская,"СВЕРД, ШЧ-16",,,,"Контактная система, сваривание",CSH,2024,,,,,,,240 days 08:38:00,346118.0,187.0,557,0.6541176470588236
3,13509317,2024-08-28 11:22:00,Свердловская,"СВЕРД, ШЧ-22",,,,"Электродвигатель, переменного тока (МСТ, МСА), обрыв внутреннего монтажа",CSH,2024,,,,,,,240 days 08:50:00,346130.0,12.0,558,0.6552941176470588
3,13509332,2024-08-28 12:32:00,Свердловская,"СВЕРД, ВЧДЭ-4",,,,Нарушение герметичности буксы грузового вагона,CV,2024,,,,,,,240 days 10:00:00,346200.0,70.0,559,0.6564705882352941
3,13509846,2024-08-28 19:07:00,Свердловская,"СВЕРД, ШЧ-18",,,,Нарушение контакта,CSH,2024,,,,,,,240 days 16:35:00,346595.0,395.0,560,0.6576470588235294
2,13510362,2024-08-29 07:21:00,Свердловская,"СВЕРД, ШЧ-2","3шт ч(к учету 1,68ч)","3шт (к учету 2) ч(к учету 0,67ч)",,Асимметрия тягового тока,CSH,2024,3.0,"1,68ч",2.0,"0,67ч",,,241 days 04:49:00,347329.0,734.0,561,0.6588235294117647
2,13510513,2024-08-29 10:10:00,Свердловская,"СВЕРД, ШЧ-8 (Р)","7шт ч(к учету 2,27ч)",,,"Нарушение контакта в разъемах блоков, неисправность контактных губок",CSH,2024,7.0,"2,27ч",,,,,241 days 07:38:00,347498.0,169.0,562,0.66
2,13510985,2024-08-29 11:00:00,Свердловская,"СВЕРД, ШЧ-3","1шт ч(к учету 0,72ч)",,,"Жилы, обрыв",CSH,2024,1.0,"0,72ч",,,,,241 days 08:28:00,347548.0,50.0,563,0.6611764705882353
3,13511142,2024-08-29 21:26:00,Свердловская,"СВЕРД, ШЧ-13",,,,"Обрыв, коррозия металла",CSH,2024,,,,,,,241 days 18:54:00,348174.0,626.0,564,0.6623529411764706
2,13511461,2024-08-30 07:25:00,Свердловская,"СВЕРД, ВЧДЭ-4","1шт ч(к учету 0,38ч)",,,"Проворот, разрыв внутреннего кольца",CV,2024,1.0,"0,38ч",,,,,242 days 04:53:00,348773.0,599.0,565,0.6635294117647059
3,13511615,2024-08-30 09:45:00,Свердловская,"СВЕРД, ВЧДЭ-4",,,,Дефект манжеты № 3  усл. № 270.313 штока главного поршня,CV,2024,,,,,,,242 days 07:13:00,348913.0,140.0,566,0.6647058823529411
2,13511896,2024-08-30 12:38:00,Свердловская,"СВЕРД, ШЧ-5",,"1шт ч(к учету 0,18ч)",,"Жилы, обрыв",CSH,2024,,,1.0,"0,18ч",,,242 days 10:06:00,349086.0,173.0,567,0.6658823529411765
3,13512467,2024-08-30 18:10:00,Свердловская,"СВЕРД, ТЧЭ-15",,,,Низкое напряжение,CT,2024,,,,,,,242 days 15:38:00,349418.0,332.0,568,0.6670588235294118
2,13512382,2024-08-31 01:08:00,Свердловская,"СВЕРД, ШЧ-13","2шт (к учету 1) ч(к учету 1,03ч)",,"1шт ч(к учету 0,13)ч","Контактная система, увеличенное сопротивление контакта",CSH,2024,1.0,"1,03ч",,,1.0,"0,13ч",242 days 22:36:00,349836.0,418.0,569,0.668235294117647
3,13512735,2024-08-31 12:50:00,Свердловская,"СВЕРД, ШЧ-22",,,,Неисправность аппаратной части объектного контроллера,CSH,2024,,,,,,,243 days 10:18:00,350538.0,702.0,570,0.6694117647058824
2,13515554,2024-08-31 16:20:00,Свердловская,"СВЕРД, ШЧ-5",,,"1шт ч(к учету 0,6)ч","Автопереключатель, разрегулировка контактов",CSH,2024,,,,,1.0,"0,6ч",243 days 13:48:00,350748.0,210.0,571,0.6705882352941176
3,13517723,2024-08-31 19:45:00,Свердловская,"СВЕРД, ВЧДЭ-4",,,,Тонкий гребень колеса грузового вагона,CV,2024,,,,,,,243 days 17:13:00,350953.0,205.0,572,0.6717647058823529
3,13512942,2024-08-31 20:40:00,Свердловская,"СВЕРД, ШЧ-16",,,,"Нарушение контакта в разъемах блоков, прожег изоляции",CSH,2024,,,,,,,243 days 18:08:00,351008.0,55.0,573,0.6729411764705883
2,13513179,2024-09-01 08:25:00,Свердловская,"СВЕРД, ШЧ-23","1шт ч(к учету 0,23ч)","2шт (к учету 1) ч(к учету 0,47ч)",,"Конденсатор, снижение емкости",CSH,2024,1.0,"0,23ч",1.0,"0,47ч",,,244 days 05:53:00,351713.0,705.0,574,0.6741176470588235
3,13513765,2024-09-01 18:52:00,Свердловская,"СВЕРД, ШЧ-20",,,,"Контактная система, подгар контактов",CSH,2024,,,,,,,244 days 16:20:00,352340.0,627.0,575,0.6752941176470588
2,13514208,2024-09-02 10:49:00,Свердловская,"СВЕРД, ШЧ-7",,"1шт ч(к учету 0,13ч)",,"Муфты подземные, неисправность корпуса",CSH,2024,,,1.0,"0,13ч",,,245 days 08:17:00,353297.0,957.0,576,0.6764705882352942
3,13515205,2024-09-03 04:05:00,Свердловская,"СВЕРД, ШЧ-9",,,,"Срабатывание, коммутационные перенапряжения",CSH,2024,,,,,,,246 days 01:33:00,354333.0,1036.0,577,0.6776470588235294
3,13515886,2024-09-03 07:00:00,Свердловская,"СВЕРД, ШЧ-2",,,,Неисправность монтажа,CSH,2024,,,,,,,246 days 04:28:00,354508.0,175.0,578,0.6788235294117647
1,13515691,2024-09-03 08:50:00,Свердловская,"СВЕРД, ШЧ-23","1шт ч(к учету 1,48ч)",,,"Конденсатор, снижение емкости",CSH,2024,1.0,"1,48ч",,,,,246 days 06:18:00,354618.0,110.0,579,0.68
3,13517154,2024-09-03 18:15:00,Свердловская,"СВЕРД, ШЧ-2",,,,Ослабление затяжки болтов,CSH,2024,,,,,,,246 days 15:43:00,355183.0,565.0,580,0.6811764705882353
2,13517454,2024-09-04 01:12:00,Свердловская,"СВЕРД, ШЧ-3","17шт (к учету 5) ч(к учету 3,37ч)",,,"Автопереключатель, разрегулировка контактов",CSH,2024,5.0,"3,37ч",,,,,246 days 22:40:00,355600.0,417.0,581,0.6823529411764706
2,13519731,2024-09-04 19:28:00,Свердловская,"СВЕРД, ШЧ-20","1шт ч(к учету 0,37ч)",,,"Жилы, внутренний обрыв",CSH,2024,1.0,"0,37ч",,,,,247 days 16:56:00,356696.0,1096.0,582,0.6835294117647058
3,13520948,2024-09-05 09:30:00,Свердловская,"СВЕРД, ШЧ-16",,,,Нарушение контакта,CSH,2024,,,,,,,248 days 06:58:00,357538.0,842.0,583,0.6847058823529412
2,13523367,2024-09-06 12:11:00,Свердловская,"СВЕРД, ШЧ-1 (Р)",,,"1шт ч(к учету 0,12)ч",Короткое замыкание обмотки,CSH,2024,,,,,1.0,"0,12ч",249 days 09:39:00,359139.0,1601.0,584,0.6858823529411765
2,13524702,2024-09-07 11:12:00,Свердловская,"СВЕРД, ШЧ-2","1шт ч(к учету 0,22ч)","2шт ч(к учету 0,98ч)","2шт ч(к учету 0,52)ч","Конденсатор, снижение емкости",CSH,2024,1.0,"0,22ч",2.0,"0,98ч",2.0,"0,52ч",250 days 08:40:00,360520.0,1381.0,585,0.6870588235294117
2,13524756,2024-09-07 12:27:00,Свердловская,"СВЕРД, ИЧ ЧУСОВСКАЯ Ш",,,"2шт ч(к учету 0,65)ч","Монтаж, нарушение изоляции",CSH,2024,,,,,2.0,"0,65ч",250 days 09:55:00,360595.0,75.0,586,0.6882352941176471
3,13525105,2024-09-07 20:25:00,Свердловская,"СВЕРД, ШЧ-16",,,,"Обмотка, короткое замыкание",CSH,2024,,,,,,,250 days 17:53:00,361073.0,478.0,587,0.6894117647058824
3,13525399,2024-09-08 08:13:00,Свердловская,"СВЕРД, ИЧ ЕГОРШИНСКАЯ Ш",,,,"Диод, пробой",CSH,2024,,,,,,,251 days 05:41:00,361781.0,708.0,588,0.6905882352941176
3,13525407,2024-09-08 08:21:00,Свердловская,"СВЕРД, ШЧ-7",,,,Излом провода под гайкой,CSH,2024,,,,,,,251 days 05:49:00,361789.0,8.0,589,0.691764705882353
3,13525576,2024-09-08 11:17:00,Свердловская,"СВЕРД, ШЧ-1 (Р)",,,,"Конденсатор, короткое замыкание  конденсатора",CSH,2024,,,,,,,251 days 08:45:00,361965.0,176.0,590,0.6929411764705883
1,13525775,2024-09-08 12:24:00,Свердловская,"СВЕРД, ШЧ-5","22шт (к учету 19) ч(к учету 19,93ч)",,,Неисправность АКБ,CSH,2024,19.0,"19,93ч",,,,,251 days 09:52:00,362032.0,67.0,591,0.6941176470588235
3,13526000,2024-09-08 23:59:00,Свердловская,"СВЕРД, ШЧ-20",,,,Неисправность устройств электроснабжения,CSH,2024,,,,,,,251 days 21:27:00,362727.0,695.0,592,0.6952941176470588
3,13526052,2024-09-09 02:17:00,Свердловская,"СВЕРД, ШЧ-7",,,,"Лампы, перегорание основной нити",CSH,2024,,,,,,,251 days 23:45:00,362865.0,138.0,593,0.6964705882352941
3,13532493,2024-09-10 23:00:00,Свердловская,"СВЕРД, ШЧ-2",,,,Повреждение изоляции,CSH,2024,,,,,,,253 days 20:28:00,365548.0,2683.0,594,0.6976470588235294
2,13533155,2024-09-12 02:58:00,Свердловская,"СВЕРД, ШЧ-1 (Р)","2шт ч(к учету 0,53ч)","2шт ч(к учету 0,4ч)",,"Обмотка, обрыв обмотки",CSH,2024,2.0,"0,53ч",2.0,"0,4ч",,,255 days 00:26:00,367226.0,1678.0,595,0.6988235294117647
2,13533916,2024-09-12 10:25:00,Свердловская,"СВЕРД, ИЧ ЕГОРШИНСКАЯ Ш",,,"1шт ч(к учету 0,12)ч","Кнопки, нарушение регулировки контакта при регулировке",CSH,2024,,,,,1.0,"0,12ч",255 days 07:53:00,367673.0,447.0,596,0.7
1,13534400,2024-09-12 11:46:00,Свердловская,"СВЕРД, ШЧ-5","13шт ч(к учету 16,42ч)",,"1шт ч(к учету 0,17)ч","Контактная система, увеличенное сопротивление",CSH,2024,13.0,"16,42ч",,,1.0,"0,17ч",255 days 09:14:00,367754.0,81.0,597,0.7011764705882353
3,13534937,2024-09-12 17:39:00,Свердловская,"СВЕРД, ВЧДЭ-4",,,,"Неисправность лабиринтного кольца (задиры, забоины и т.д.)",CV,2024,,,,,,,255 days 15:07:00,368107.0,353.0,598,0.7023529411764706
2,13535839,2024-09-13 07:40:00,Свердловская,"СВЕРД, ШЧ-18","3шт (к учету 2) ч(к учету 2,05ч)","2шт ч(к учету 1,43ч)",,"Контактная система, подгар контактов",CSH,2024,2.0,"2,05ч",2.0,"1,43ч",,,256 days 05:08:00,368948.0,841.0,599,0.7035294117647058
2,13535936,2024-09-13 10:08:00,Свердловская,"СВЕРД, ШЧ-17",,,"1шт ч(к учету 0,25)ч","Лампы, перегорание основной нити",CSH,2024,,,,,1.0,"0,25ч",256 days 07:36:00,369096.0,148.0,600,0.7047058823529412
2,13578281,2024-09-13 11:02:00,Свердловская,"СВЕРД, ВЧДЭ-18","1шт ч(к учету 0,25ч)",,,Отсутствие балки авторежима,CV,2024,1.0,"0,25ч",,,,,256 days 08:30:00,369150.0,54.0,601,0.7058823529411765
3,13537916,2024-09-14 22:45:00,Свердловская,"СВЕРД, ШЧ-22",,,,"Срабатывание (перегорание), нарушение контакта штепсельного разъема, некачественная пайка",CSH,2024,,,,,,,257 days 20:13:00,371293.0,2143.0,602,0.7070588235294117
2,13538054,2024-09-15 04:00:00,Свердловская,"СВЕРД, ИЧ ЧУСОВСКАЯ Ш","2шт (к учету 1) ч(к учету 1,72ч)",,"3шт (к учету 2) ч(к учету 0,43)ч",Нарушение контакта,CSH,2024,1.0,"1,72ч",,,2.0,"0,43ч",258 days 01:28:00,371608.0,315.0,603,0.7082352941176471
3,13538404,2024-09-15 13:30:00,Свердловская,"СВЕРД, ШЧ-18",,,,Нарушение контакта,CSH,2024,,,,,,,258 days 10:58:00,372178.0,570.0,604,0.7094117647058824
1,13538542,2024-09-15 17:20:00,Свердловская,"СВЕРД, ШЧ-1 (Р)","2шт ч(к учету 0,72ч)","24шт (к учету 14) ч(к учету 10,15ч)","12шт (к учету 8) ч(к учету 2,92)ч",Механическое повреждение,CSH,2024,2.0,"0,72ч",14.0,"10,15ч",8.0,"2,92ч",258 days 14:48:00,372408.0,230.0,605,0.7105882352941176
1,13539513,2024-09-16 12:09:00,Свердловская,"СВЕРД, ШЧ-7","15шт ч(к учету 8,63ч)","3шт ч(к учету 0,48ч)","5шт (к учету 4) ч(к учету 0,98)ч","Автопереключатель, разрегулировка контактов",CSH,2024,15.0,"8,63ч",3.0,"0,48ч",4.0,"0,98ч",259 days 09:37:00,373537.0,1129.0,606,0.711764705882353
3,13540049,2024-09-16 20:58:00,Свердловская,"СВЕРД, ТЧЭ-9",,,,Прочая неисправность перепускного клапана топливной системы,CT,2024,,,,,,,259 days 18:26:00,374066.0,529.0,607,0.7129411764705882
3,13541866,2024-09-17 20:21:00,Свердловская,"СВЕРД, ИЧ ЧУСОВСКАЯ Ш",,,,Обрыв монтажного провода,CSH,2024,,,,,,,260 days 17:49:00,375469.0,1403.0,608,0.7141176470588235
3,13544458,2024-09-19 09:55:00,Свердловская,"СВЕРД, ШЧ-13",,,,"Нарушение контакта в разъемах блоков, излом розеток",CSH,2024,,,,,,,262 days 07:23:00,377723.0,2254.0,609,0.7152941176470589
3,13544545,2024-09-19 12:15:00,Свердловская,"СВЕРД, ВЧДЭ-4",,,,Грение буксы по показаниям средств автоматизированного контроля,CV,2024,,,,,,,262 days 09:43:00,377863.0,140.0,610,0.7164705882352941
2,13544846,2024-09-19 14:08:00,Свердловская,"СВЕРД, ВЧДЭ-4","1шт ч(к учету 0,9ч)",,,Разрыв диафрагмы клапана мягкости,CV,2024,1.0,"0,9ч",,,,,262 days 11:36:00,377976.0,113.0,611,0.7176470588235294
2,13544910,2024-09-19 14:46:00,Свердловская,"СВЕРД, ИЧ ЧУСОВСКАЯ Ш",,,"1шт ч(к учету 0,1)ч","Контактная система, сваривание контактов",CSH,2024,,,,,1.0,"0,1ч",262 days 12:14:00,378014.0,38.0,612,0.7188235294117648
2,13545543,2024-09-20 03:40:00,Свердловская,"СВЕРД, ШЧ-20","1шт ч(к учету 0,48ч)",,,"Курбельный контакт, потеря контакта",CSH,2024,1.0,"0,48ч",,,,,263 days 01:08:00,378788.0,774.0,613,0.72
2,13545848,2024-09-20 08:55:00,Свердловская,"СВЕРД, ШЧ-8 (Р)","2шт ч(к учету 0,53ч)","2шт ч(к учету 0,58ч)","8шт (к учету 6) ч(к учету 2,28)ч","Контактная система, увеличенное сопротивление контакта",CSH,2024,2.0,"0,53ч",2.0,"0,58ч",6.0,"2,28ч",263 days 06:23:00,379103.0,315.0,614,0.7211764705882353
3,13546512,2024-09-20 22:40:00,Свердловская,"СВЕРД, ТЧЭ-1",,,,Неисправность регулятора мощности объединенного регулятора,CT,2024,,,,,,,263 days 20:08:00,379928.0,825.0,615,0.7223529411764706
3,13547794,2024-09-22 07:27:00,Свердловская,"СВЕРД, ТЧЭ-9",,,,Прочая неисправность рукоятки клапана песочницы,CT,2024,,,,,,,265 days 04:55:00,381895.0,1967.0,616,0.7235294117647059
2,13548086,2024-09-22 16:27:00,Свердловская,"СВЕРД, ШЧ-17",,,"2шт ч(к учету 0,35)ч","Срабатывание, воздействие тягового тока",CSH,2024,,,,,2.0,"0,35ч",265 days 13:55:00,382435.0,540.0,617,0.7247058823529412
3,13548196,2024-09-22 19:32:00,Свердловская,"СВЕРД, ШЧ-17",,,,"Срабатывание, воздействие тягового тока",CSH,2024,,,,,,,265 days 17:00:00,382620.0,185.0,618,0.7258823529411764
2,13548786,2024-09-23 09:30:00,Свердловская,"СВЕРД, ШЧ-13","1шт ч(к учету 0,4ч)",,,Короткое замыкание пластин,CSH,2024,1.0,"0,4ч",,,,,266 days 06:58:00,383458.0,838.0,619,0.7270588235294118
2,13551388,2024-09-25 06:12:00,Свердловская,"СВЕРД, ШЧ-7",,"3шт (к учету 1) ч(к учету 0,65ч)","1шт ч(к учету 0,22)ч",Ослабление крепления,CSH,2024,,,1.0,"0,65ч",1.0,"0,22ч",268 days 03:40:00,386140.0,2682.0,620,0.7282352941176471
3,13551653,2024-09-25 08:10:00,Свердловская,"СВЕРД, ШЧ-5",,,,"Жилы, внутренний обрыв",CSH,2024,,,,,,,268 days 05:38:00,386258.0,118.0,621,0.7294117647058823
3,13552942,2024-09-26 04:43:00,Свердловская,"СВЕРД, ШЧ-9",,,,"Автопереключатель, разрегулировка контактов",CSH,2024,,,,,,,269 days 02:11:00,387491.0,1233.0,622,0.7305882352941176
3,13562932,2024-09-26 06:57:00,Свердловская,"СВЕРД, ШЧ-5",,,"1шт ч(к учету 0,08)ч","Выпрямительные элементы, пробой",CSH,2024,,,,,1.0,"0,08ч",269 days 04:25:00,387625.0,134.0,623,0.731764705882353
3,13554412,2024-09-27 02:41:00,Свердловская,"СВЕРД, ВЧДЭ-20",,,,Технологический нагрев буксового узла,CV,2024,,,,,,,270 days 00:09:00,388809.0,1184.0,624,0.7329411764705882
2,13554363,2024-09-27 03:11:00,Свердловская,"СВЕРД, ИЧ ЕГОРШИНСКАЯ Ш",,,"1шт ч(к учету 0,2)ч","Нарушение контакта в разъемах блоков, излом розеток",CSH,2024,,,,,1.0,"0,2ч",270 days 00:39:00,388839.0,30.0,625,0.7341176470588235
3,13554713,2024-09-27 09:00:00,Свердловская,"СВЕРД, ШЧ-8 (Р)",,,,"Диод, пробой",CSH,2024,,,,,,,270 days 06:28:00,389188.0,349.0,626,0.7352941176470589
2,13555209,2024-09-27 14:45:00,Свердловская,"СВЕРД, ВЧДЭ-19","1шт ч(к учету 0,62ч)",,,Излом пружины рессорного подвешивания грузового вагона,CV,2024,1.0,"0,62ч",,,,,270 days 12:13:00,389533.0,345.0,627,0.7364705882352941
3,13555743,2024-09-28 03:10:00,Свердловская,"СВЕРД, ШЧ-9",,,,Нарушение контакта штепсель/рельс,CSH,2024,,,,,,,271 days 00:38:00,390278.0,745.0,628,0.7376470588235294
3,13555780,2024-09-28 03:37:00,Свердловская,"СВЕРД, ШЧ-3",,,,"Лампы, перегорание основной нити",CSH,2024,,,,,,,271 days 01:05:00,390305.0,27.0,629,0.7388235294117647
2,13556281,2024-09-28 16:15:00,Свердловская,"СВЕРД, ВЧДЭ-4","1шт ч(к учету 0,68ч)",,,Надиры типа «елочка» на торцах роликов и бортах колец,CV,2024,1.0,"0,68ч",,,,,271 days 13:43:00,391063.0,758.0,630,0.74
1,13558732,2024-09-30 23:48:00,Свердловская,"СВЕРД, ШЧ-16","1шт ч(к учету 1,33ч)",,,"Жилы, внутренний обрыв",CSH,2024,1.0,"1,33ч",,,,,273 days 21:16:00,394396.0,3333.0,631,0.7411764705882353
1,13560259,2024-10-01 17:00:00,Свердловская,"СВЕРД, ТЧЭ-17","4шт ч(к учету 1,5ч)","3шт ч(к учету 3,17ч)","1шт ч(к учету 0,28)ч","Прочая неисправность плавкой вставки предохранителя, панели предохранителей",CT,2024,4.0,"1,5ч",3.0,"3,17ч",1.0,"0,28ч",274 days 14:28:00,395428.0,1032.0,632,0.7423529411764705
3,13560606,2024-10-02 04:25:00,Свердловская,"СВЕРД, ИЧ ЧУСОВСКАЯ Ш",,,,"Жилы, обрыв",CSH,2024,,,,,,,275 days 01:53:00,396113.0,685.0,633,0.7435294117647059
2,13561343,2024-10-02 11:51:00,Свердловская,"СВЕРД, ШЧ-20","2шт (к учету 1) ч(к учету 1,3ч)",,,Нарушение изоляции монтажных проводов,CSH,2024,1.0,"1,3ч",,,,,275 days 09:19:00,396559.0,446.0,634,0.7447058823529412
3,13561690,2024-10-02 13:25:00,Свердловская,"СВЕРД, ШЧ-18",,,,"Редуктор, неисправность",CSH,2024,,,,,,,275 days 10:53:00,396653.0,94.0,635,0.7458823529411764
3,13562248,2024-10-02 18:00:00,Свердловская,"СВЕРД, ШЧ-9",,,,Нарушение контакта,CSH,2024,,,,,,,275 days 15:28:00,396928.0,275.0,636,0.7470588235294118
2,13562290,2024-10-02 19:50:00,Свердловская,"СВЕРД, ШЧ-1 (Р)",,,"2шт ч(к учету 0,4)ч","Контактная система, потеря контакта",CSH,2024,,,,,2.0,"0,4ч",275 days 17:18:00,397038.0,110.0,637,0.7482352941176471
2,13562407,2024-10-02 23:33:00,Свердловская,"СВЕРД, ВЧДЭ-4","1шт ч(к учету 0,38ч)",,,"Дефект (расслоение, раздавливание) диафрагмы усл. № 270.379",CV,2024,1.0,"0,38ч",,,,,275 days 21:01:00,397261.0,223.0,638,0.7494117647058823
3,13563652,2024-10-03 09:30:00,Свердловская,"СВЕРД, ШЧ-3",,,,"Клеммные колодки, неисправность",CSH,2024,,,,,,,276 days 06:58:00,397858.0,597.0,639,0.7505882352941177
3,13593058,2024-10-03 10:32:00,Свердловская,"СВЕРД, ШЧ-18","1шт ч(к учету 0,22ч)",,,"Нарушение контакта в штепсельных розетках, сообщение",CSH,2024,1.0,"0,22ч",,,,,276 days 08:00:00,397920.0,62.0,640,0.7517647058823529
2,13617759,2024-10-04 12:20:00,Свердловская,"СВЕРД, ШЧ-1 (Р)",,,"4шт (к учету 1) ч(к учету 0,72)ч","Жилы, внутренний обрыв",CSH,2024,,,,,1.0,"0,72ч",277 days 09:48:00,399468.0,1548.0,641,0.7529411764705882
2,13566594,2024-10-04 22:54:00,Свердловская,"СВЕРД, ШЧ-8 (Р)","2шт ч(к учету 1,62ч)",,,"Конденсатор, обрыв",CSH,2024,2.0,"1,62ч",,,,,277 days 20:22:00,400102.0,634.0,642,0.7541176470588236
2,13567039,2024-10-05 10:33:00,Свердловская,"СВЕРД, ШЧ-5","3шт ч(к учету 2,33ч)",,,"Жилы, обрыв",CSH,2024,3.0,"2,33ч",,,,,278 days 08:01:00,400801.0,699.0,643,0.7552941176470588
3,13572201,2024-10-06 00:27:00,Свердловская,"СВЕРД, ШЧ-2",,,,"Лампы, перегорание основной нити",CSH,2024,,,,,,,278 days 21:55:00,401635.0,834.0,644,0.7564705882352941
2,13568025,2024-10-06 09:43:00,Свердловская,"СВЕРД, ШЧ-3","1шт ч(к учету 0,22ч)",,"1шт ч(к учету 0,1)ч",Отсутствие,CSH,2024,1.0,"0,22ч",,,1.0,"0,1ч",279 days 07:11:00,402191.0,556.0,645,0.7576470588235295
2,13568931,2024-10-07 08:17:00,Свердловская,"СВЕРД, ШЧ-5","3шт ч(к учету 1,75ч)",,,"Нарушение контакта в клеммных колодках (резьб), излом колодок",CSH,2024,3.0,"1,75ч",,,,,280 days 05:45:00,403545.0,1354.0,646,0.7588235294117647
3,13569565,2024-10-07 10:02:00,Свердловская,"СВЕРД, ШЧ-9",,,,"Остальные, неисправность",CSH,2024,,,,,,,280 days 07:30:00,403650.0,105.0,647,0.76
2,13569167,2024-10-07 10:15:00,Свердловская,"СВЕРД, ШЧ-8 (Р)","3шт ч(к учету 2,42ч)",,,"Диод, обрыв",CSH,2024,3.0,"2,42ч",,,,,280 days 07:43:00,403663.0,13.0,648,0.7611764705882353
2,13570480,2024-10-08 04:58:00,Свердловская,"СВЕРД, ИЧ ЕГОРШИНСКАЯ Ш","1шт ч(к учету 0,45ч)",,,"Нарушение контакта в штепсельных розетках, излом розеток",CSH,2024,1.0,"0,45ч",,,,,281 days 02:26:00,404786.0,1123.0,649,0.7623529411764706
2,13572088,2024-10-08 15:14:00,Свердловская,"СВЕРД, ШЧ-3",,,"3шт (к учету 1) ч(к учету 1,33)ч","Системный блок, сбой программного обеспечения",CSH,2024,,,,,1.0,"1,33ч",281 days 12:42:00,405402.0,616.0,650,0.7635294117647059
3,13573172,2024-10-09 10:10:00,Свердловская,"СВЕРД, ШЧ-9",,,,Повреждение,CSH,2024,,,,,,,282 days 07:38:00,406538.0,1136.0,651,0.7647058823529411
3,13574044,2024-10-09 14:22:00,Свердловская,"СВЕРД, ШЧ-17",,,,"Нарушение контакта в разъемах блоков, неисправность контактных губок",CSH,2024,,,,,,,282 days 11:50:00,406790.0,252.0,652,0.7658823529411765
1,13574170,2024-10-09 15:07:00,Свердловская,"СВЕРД, ШЧ-2","9шт ч(к учету 15,57ч)","3шт ч(к учету 0,93ч)","2шт ч(к учету 1,1)ч","Сигнальная обмотка, короткое замыкание",CSH,2024,9.0,"15,57ч",3.0,"0,93ч",2.0,"1,1ч",282 days 12:35:00,406835.0,45.0,653,0.7670588235294118
3,13574844,2024-10-10 02:26:00,Свердловская,"СВЕРД, ШЧ-23",,,,"Контактная система, увеличенное сопротивление контакта",CSH,2024,,,,,,,282 days 23:54:00,407514.0,679.0,654,0.768235294117647
2,13576712,2024-10-10 09:10:00,Свердловская,"СВЕРД, ВЧДЭ-4","2шт ч(к учету 0,9ч)","1шт ч(к учету 0,23ч)",,Неисправность торцевого крепления подшипника буксы грузового вагона,CV,2024,2.0,"0,9ч",1.0,"0,23ч",,,283 days 06:38:00,407918.0,404.0,655,0.7694117647058824
1,13576275,2024-10-10 12:29:00,Свердловская,"СВЕРД, ШЧ-20","1шт ч(к учету 1,68ч)",,,"Контакторы,  нарушение нажатия, недостаточное нажатие контактов",CSH,2024,1.0,"1,68ч",,,,,283 days 09:57:00,408117.0,199.0,656,0.7705882352941177
2,13576692,2024-10-10 16:16:00,Свердловская,"СВЕРД, ШЧ-2","3шт ч(к учету 1,17ч)","7шт (к учету 3) ч(к учету 1,27ч)","3шт ч(к учету 0,55)ч",Неисправность устройств электроснабжения,CSH,2024,3.0,"1,17ч",3.0,"1,27ч",3.0,"0,55ч",283 days 13:44:00,408344.0,227.0,657,0.7717647058823529
3,13576766,2024-10-10 16:50:00,Свердловская,"СВЕРД, ИЧ ЧУСОВСКАЯ Ш",,,,"Контактная система, увеличенное сопротивление",CSH,2024,,,,,,,283 days 14:18:00,408378.0,34.0,658,0.7729411764705882
2,13576816,2024-10-10 18:14:00,Свердловская,"СВЕРД, ШЧ-13","3шт (к учету 2) ч(к учету 1,17ч)",,"2шт ч(к учету 0,52)ч",Обрыв жил контрольного кабеля линий СЦБ,CSH,2024,2.0,"1,17ч",,,2.0,"0,52ч",283 days 15:42:00,408462.0,84.0,659,0.7741176470588236
3,13576905,2024-10-10 23:03:00,Свердловская,"СВЕРД, ВЧДЭ-4",,,,"Дефект (расслоение, раздавливание) прокладки усл. № 183.9",CV,2024,,,,,,,283 days 20:31:00,408751.0,289.0,660,0.7752941176470588
2,13580033,2024-10-13 06:59:00,Свердловская,"СВЕРД, ИЧ ЕГОРШИНСКАЯ Ш",,,"1шт ч(к учету 0,1)ч","Внутренний монтаж, короткое замыкание монтажа",CSH,2024,,,,,1.0,"0,1ч",286 days 04:27:00,412107.0,3356.0,661,0.7764705882352941
3,13580252,2024-10-13 10:32:00,Свердловская,"СВЕРД, ШЧ-17",,,,"Автопереключатель, излом контактной рессорной пружины",CSH,2024,,,,,,,286 days 08:00:00,412320.0,213.0,662,0.7776470588235294
3,13580820,2024-10-14 04:30:00,Свердловская,"СВЕРД, ШЧ-16",,,,Нарушение контакта штепсель/рельс,CSH,2024,,,,,,,287 days 01:58:00,413398.0,1078.0,663,0.7788235294117647
3,13582390,2024-10-15 04:33:00,Свердловская,"СВЕРД, ШЧ-1 (Р)",,,,"Контактная система, потеря контакта",CSH,2024,,,,,,,288 days 02:01:00,414841.0,1443.0,664,0.78
3,13582637,2024-10-15 06:01:00,Свердловская,"СВЕРД, ВЧДЭ-11",,,,"Шелушение, раковины, коррозия на  деталях подшипника",CV,2024,,,,,,,288 days 03:29:00,414929.0,88.0,665,0.7811764705882352
2,13582762,2024-10-15 09:50:00,Свердловская,"СВЕРД, ШЧ-20","2шт ч(к учету 0,65ч)","1шт ч(к учету 0,17ч)",,"Жилы, внутренний обрыв",CSH,2024,2.0,"0,65ч",1.0,"0,17ч",,,288 days 07:18:00,415158.0,229.0,666,0.7823529411764706
3,13583476,2024-10-15 13:24:00,Свердловская,"СВЕРД, ШЧ-2",,,,Потеря контакта в соединениях датчика,CSH,2024,,,,,,,288 days 10:52:00,415372.0,214.0,667,0.7835294117647059
2,13585075,2024-10-16 13:50:00,Свердловская,"СВЕРД, ШЧ-17",,,"1шт ч(к учету 0,15)ч","Срабатывание (перегорание), воздействие тягового тока",CSH,2024,,,,,1.0,"0,15ч",289 days 11:18:00,416838.0,1466.0,668,0.7847058823529411
3,13585230,2024-10-16 18:49:00,Свердловская,"СВЕРД, ШЧ-5",,,,"Лампы, перегорание основной нити",CSH,2024,,,,,,,289 days 16:17:00,417137.0,299.0,669,0.7858823529411765
2,13586477,2024-10-17 15:14:00,Свердловская,"СВЕРД, ШЧ-7",,"1шт ч(к учету 0,35ч)",,"Контактная система, увеличенное сопротивление контакта",CSH,2024,,,1.0,"0,35ч",,,290 days 12:42:00,418362.0,1225.0,670,0.7870588235294118
2,13588521,2024-10-19 09:29:00,Свердловская,"СВЕРД, ШЧ-5",,,"1шт ч(к учету 0,13)ч",Неисправность централизатора,CSH,2024,,,,,1.0,"0,13ч",292 days 06:57:00,420897.0,2535.0,671,0.788235294117647
2,13588796,2024-10-19 13:18:00,Свердловская,"СВЕРД, ШЧ-2","1шт ч(к учету 0,47ч)",,"3шт (к учету 2) ч(к учету 1,05)ч","Жилы, внутренний обрыв",CSH,2024,1.0,"0,47ч",,,2.0,"1,05ч",292 days 10:46:00,421126.0,229.0,672,0.7894117647058824
3,13588854,2024-10-19 14:29:00,Свердловская,"СВЕРД, ШЧ-5",,,,"Нарушение контакта в штепсельных розетках, замятие контакта",CSH,2024,,,,,,,292 days 11:57:00,421197.0,71.0,673,0.7905882352941176
1,13588911,2024-10-19 18:40:00,Свердловская,"СВЕРД, ШЧ-16","3шт ч(к учету 3,03ч)","2шт (к учету 1) ч(к учету 0,23ч)","4шт (к учету 2) ч(к учету 0,88)ч",Нарушение контакта штепсель/рельс,CSH,2024,3.0,"3,03ч",1.0,"0,23ч",2.0,"0,88ч",292 days 16:08:00,421448.0,251.0,674,0.7917647058823529
3,13588976,2024-10-19 20:10:00,Свердловская,"СВЕРД, ШЧ-22",,,,"Нарушение контакта в штепсельных розетках, сообщение",CSH,2024,,,,,,,292 days 17:38:00,421538.0,90.0,675,0.7929411764705883
3,13590423,2024-10-20 23:36:00,Свердловская,"СВЕРД, ШЧ-23",,,,Нарушение изоляции проводов,CSH,2024,,,,,,,293 days 21:04:00,423184.0,1646.0,676,0.7941176470588235
2,13590717,2024-10-21 15:45:00,Свердловская,"СВЕРД, ШЧ-17","1шт ч(к учету 0,35ч)",,"1шт ч(к учету 0,13)ч",Излом повода под гайкой,CSH,2024,1.0,"0,35ч",,,1.0,"0,13ч",294 days 13:13:00,424153.0,969.0,677,0.7952941176470588
3,13590753,2024-10-21 16:43:00,Свердловская,"СВЕРД, ШЧ-9",,,,"Жилы, обрыв",CSH,2024,,,,,,,294 days 14:11:00,424211.0,58.0,678,0.7964705882352942
3,13590849,2024-10-21 18:54:00,Свердловская,"СВЕРД, ШЧ-16",,,,"Курбельный контакт, потеря контакта",CSH,2024,,,,,,,294 days 16:22:00,424342.0,131.0,679,0.7976470588235294
2,13591211,2024-10-22 02:52:00,Свердловская,"СВЕРД, ШЧ-3",,,"1шт ч(к учету 0,23)ч","Электродвигатель, постоянного тока (МСП, ДСП), неисправность щеточного  узла",CSH,2024,,,,,1.0,"0,23ч",295 days 00:20:00,424820.0,478.0,680,0.7988235294117647
3,13591308,2024-10-22 07:27:00,Свердловская,"СВЕРД, ТЧЭ-17",,,,Прочая неисправность пружины сильфона топливоподкачивающего насоса,CT,2024,,,,,,,295 days 04:55:00,425095.0,275.0,681,0.8
3,13592040,2024-10-22 15:32:00,Свердловская,"СВЕРД, ШЧ-23",,,,"Контактная система, увеличенное сопротивление контакта",CSH,2024,,,,,,,295 days 13:00:00,425580.0,485.0,682,0.8011764705882353
3,13593623,2024-10-23 22:38:00,Свердловская,"СВЕРД, ШЧ-16",,,,"Обрыв троса, коррозия металла",CSH,2024,,,,,,,296 days 20:06:00,427446.0,1866.0,683,0.8023529411764706
3,13594353,2024-10-24 12:47:00,Свердловская,"СВЕРД, ШЧ-16",,,,"Редуктор, заклинивание редуктора",CSH,2024,,,,,,,297 days 10:15:00,428295.0,849.0,684,0.8035294117647059
3,13594397,2024-10-24 13:18:00,Свердловская,"СВЕРД, ШЧ-7",,,,Нарушение контакта штепсель/рельс,CSH,2024,,,,,,,297 days 10:46:00,428326.0,31.0,685,0.8047058823529412
1,13595445,2024-10-25 12:45:00,Свердловская,"СВЕРД, ШЧ-7","3шт ч(к учету 1,97ч)",,"1шт ч(к учету 0,22)ч","Жилы, обрыв",CSH,2024,3.0,"1,97ч",,,1.0,"0,22ч",298 days 10:13:00,429733.0,1407.0,686,0.8058823529411765
3,13595464,2024-10-25 13:40:00,Свердловская,"СВЕРД, ШЧ-5",,,,"Релейный ОК, CCM/CCM-E, неисправность",CSH,2024,,,,,,,298 days 11:08:00,429788.0,55.0,687,0.8070588235294117
1,13595563,2024-10-25 16:04:00,Свердловская,"СВЕРД, ШЧ-1 (Р)","1шт ч(к учету 1,5ч)",,"3шт (к учету 2) ч(к учету 1,13)ч","Контактная система, подгар контактов",CSH,2024,1.0,"1,5ч",,,2.0,"1,13ч",298 days 13:32:00,429932.0,144.0,688,0.808235294117647
3,13595902,2024-10-26 01:50:00,Свердловская,"СВЕРД, ШЧ-17",,,,"Срабатывание (перегорание), воздействие тягового тока",CSH,2024,,,,,,,298 days 23:18:00,430518.0,586.0,689,0.8094117647058824
2,13615568,2024-10-27 01:51:00,Свердловская,"СВЕРД, ИЧ ЧУСОВСКАЯ Ш","1шт ч(к учету 0,43ч)",,,Отсутствие,CSH,2024,1.0,"0,43ч",,,,,299 days 23:19:00,431959.0,1441.0,690,0.8105882352941176
3,13596980,2024-10-27 16:30:00,Свердловская,"СВЕРД, ТЧЭ-17",,,,Прочая неисправность питательного клапана реле давления,CT,2024,,,,,,,300 days 13:58:00,432838.0,879.0,691,0.8117647058823529
2,13598244,2024-10-29 00:25:00,Свердловская,"СВЕРД, ШЧ-1 (Р)","2шт ч(к учету 1,57ч)",,,"Внутренний монтаж, короткое замыкание",CSH,2024,2.0,"1,57ч",,,,,301 days 21:53:00,434753.0,1915.0,692,0.8129411764705883
3,13599002,2024-10-29 15:20:00,Свердловская,"СВЕРД, ШЧ-17",,,,"Диод, пробой",CSH,2024,,,,,,,302 days 12:48:00,435648.0,895.0,693,0.8141176470588235
3,13600050,2024-10-30 11:49:00,Свердловская,"СВЕРД, ИЧ ЕГОРШИНСКАЯ Ш",,,,"Жилы, обрыв",CSH,2024,,,,,,,303 days 09:17:00,436877.0,1229.0,694,0.8152941176470588
2,13600104,2024-10-30 12:46:00,Свердловская,"СВЕРД, ШЧ-2","1шт ч(к учету 0,92ч)",,"5шт (к учету 4) ч(к учету 1,77)ч",Нарушение контакта трос/штепсель,CSH,2024,1.0,"0,92ч",,,4.0,"1,77ч",303 days 10:14:00,436934.0,57.0,695,0.8164705882352942
2,13600373,2024-10-30 17:14:00,Свердловская,"СВЕРД, ВЧДЭ-19","1шт ч(к учету 0,35ч)",,,Технологический нагрев буксового узла,CV,2024,1.0,"0,35ч",,,,,303 days 14:42:00,437202.0,268.0,696,0.8176470588235294
3,13616332,2024-10-30 17:32:00,Свердловская,"СВЕРД, ШЧ-16","1шт ч(к учету 0,03ч)",,,Нарушение контакта штепсель/рельс,CSH,2024,1.0,"0,03ч",,,,,303 days 15:00:00,437220.0,18.0,697,0.8188235294117647
2,13603106,2024-11-01 11:52:00,Свердловская,"СВЕРД, ШЧ-9",,,"1шт ч(к учету 0,1)ч","Срабатывание (перегорание), коммутационные перенапряжения",CSH,2024,,,,,1.0,"0,1ч",305 days 09:20:00,439760.0,2540.0,698,0.82
1,13602720,2024-11-01 20:01:00,Свердловская,"СВЕРД, ШЧ-16","7шт (к учету 6) ч(к учету 5,35ч)","3шт (к учету 1) ч(к учету 0,53ч)",,Излом провода под гайкой,CSH,2024,6.0,"5,35ч",1.0,"0,53ч",,,305 days 17:29:00,440249.0,489.0,699,0.8211764705882353
3,13602944,2024-11-02 04:04:00,Свердловская,"СВЕРД, ШЧ-17",,,,"Срабатывание, воздействие тягового тока",CSH,2024,,,,,,,306 days 01:32:00,440732.0,483.0,700,0.8223529411764706
3,13603453,2024-11-02 12:26:00,Свердловская,"СВЕРД, ТЧЭ-1",,,,Прочая неисправность пружины крана двойной тяги,CT,2024,,,,,,,306 days 09:54:00,441234.0,502.0,701,0.8235294117647058
3,13604230,2024-11-03 00:30:00,Свердловская,"СВЕРД, ШЧ-16",,,,Блок питания,CSH,2024,,,,,,,306 days 21:58:00,441958.0,724.0,702,0.8247058823529412
3,13604711,2024-11-03 10:40:00,Свердловская,"СВЕРД, ШЧ-8 (Р)",,,,"Конденсатор, короткое замыкание",CSH,2024,,,,,,,307 days 08:08:00,442568.0,610.0,703,0.8258823529411765
3,13606700,2024-11-03 11:45:00,Свердловская,"СВЕРД, ШЧ-17",,,,"Лампы, перегорание основной нити",CSH,2024,,,,,,,307 days 09:13:00,442633.0,65.0,704,0.8270588235294117
3,13604807,2024-11-03 19:15:00,Свердловская,"СВЕРД, ШЧ-2",,,,"Стрелочный ОК, программное обеспечение, сбой",CSH,2024,,,,,,,307 days 16:43:00,443083.0,450.0,705,0.8282352941176471
2,13605028,2024-11-04 03:30:00,Свердловская,"СВЕРД, ШЧ-1 (Р)",,"3шт (к учету 2) ч(к учету 0,38ч)","2шт ч(к учету 0,32)ч","Контактная система, увеличенное сопротивление",CSH,2024,,,2.0,"0,38ч",2.0,"0,32ч",308 days 00:58:00,443578.0,495.0,706,0.8294117647058824
3,13605214,2024-11-04 07:43:00,Свердловская,"СВЕРД, ШЧ-17",,,,Нарушение контакта штепсель/рельс,CSH,2024,,,,,,,308 days 05:11:00,443831.0,253.0,707,0.8305882352941176
3,13605321,2024-11-04 11:27:00,Свердловская,"СВЕРД, ШЧ-3",,,,Излом провода под гайкой,CSH,2024,,,,,,,308 days 08:55:00,444055.0,224.0,708,0.831764705882353
3,13605707,2024-11-04 21:07:00,Свердловская,"СВЕРД, ШЧ-23",,,,"Не срабатывание (не перегорание), несоответствие номинала",CSH,2024,,,,,,,308 days 18:35:00,444635.0,580.0,709,0.8329411764705882
3,13605687,2024-11-04 21:28:00,Свердловская,"СВЕРД, ТЧЭ-9",,,,Прочая неисправность барабана переключателя дистанционного отключения тяговых двигателей,CT,2024,,,,,,,308 days 18:56:00,444656.0,21.0,710,0.8341176470588235
1,13605960,2024-11-05 06:08:00,Свердловская,"СВЕРД, ШЧ-5","1шт ч(к учету 1,73ч)",,,Излом провода под гайкой,CSH,2024,1.0,"1,73ч",,,,,309 days 03:36:00,445176.0,520.0,711,0.8352941176470589
1,13607486,2024-11-05 22:29:00,Свердловская,"СВЕРД, ШЧ-16","4шт ч(к учету 3,15ч)",,,"Обмотка, обрыв обмотки",CSH,2024,4.0,"3,15ч",,,,,309 days 19:57:00,446157.0,981.0,712,0.8364705882352941
3,13607766,2024-11-06 04:04:00,Свердловская,"СВЕРД, ТЧЭ-10",,,,Пережог простой струны контактной сети,CT,2024,,,,,,,310 days 01:32:00,446492.0,335.0,713,0.8376470588235294
2,13607983,2024-11-06 08:50:00,Свердловская,"СВЕРД, ШЧ-3",,,"2шт (к учету 1) ч(к учету 0,63)ч","Нарушение контакта в штепсельных розетках, излом розеток",CSH,2024,,,,,1.0,"0,63ч",310 days 06:18:00,446778.0,286.0,714,0.8388235294117647
3,13609359,2024-11-06 15:37:00,Свердловская,"СВЕРД, ШЧ-2",,,,Излом провода под гайкой,CSH,2024,,,,,,,310 days 13:05:00,447185.0,407.0,715,0.84
3,13609671,2024-11-07 01:27:00,Свердловская,"СВЕРД, ШЧ-9",,,,Нарушение контакта,CSH,2024,,,,,,,310 days 22:55:00,447775.0,590.0,716,0.8411764705882353
2,13609790,2024-11-07 04:36:00,Свердловская,"СВЕРД, ВЧДЭ-4","1шт ч(к учету 0,53ч)",,,Отверстие диаметром 0.5мм (0.6мм) в седле диафрагмы больше или меньше нормы/засорено,CV,2024,1.0,"0,53ч",,,,,311 days 02:04:00,447964.0,189.0,717,0.8423529411764706
2,13610538,2024-11-07 09:49:00,Свердловская,"СВЕРД, ШЧ-2",,,"1шт ч(к учету 0,17)ч",Нарушение изоляции монтажных проводов,CSH,2024,,,,,1.0,"0,17ч",311 days 07:17:00,448277.0,313.0,718,0.8435294117647059
3,13611098,2024-11-07 12:01:00,Свердловская,"СВЕРД, ШЧ-13",,,,"Лампы, перегорание основной нити",CSH,2024,,,,,,,311 days 09:29:00,448409.0,132.0,719,0.8447058823529412
2,13617917,2024-11-07 12:28:00,Свердловская,"СВЕРД, ИЧ ЕГОРШИНСКАЯ Ш",,,"1шт ч(к учету 0,33)ч","Транзисторы, обрыв",CSH,2024,,,,,1.0,"0,33ч",311 days 09:56:00,448436.0,27.0,720,0.8458823529411764
2,13612352,2024-11-08 08:40:00,Свердловская,"СВЕРД, ШЧ-2",,"1шт ч(к учету 0,1ч)",,Излом провода под гайкой,CSH,2024,,,1.0,"0,1ч",,,312 days 06:08:00,449648.0,1212.0,721,0.8470588235294118
3,13612285,2024-11-08 08:45:00,Свердловская,"СВЕРД, ИЧ ЕГОРШИНСКАЯ Ш",,,,"Кнопки, понижение сопротивления изоляции",CSH,2024,,,,,,,312 days 06:13:00,449653.0,5.0,722,0.8482352941176471
3,13612830,2024-11-08 08:49:00,Свердловская,"СВЕРД, ШЧ-9",,,,"Остальные, неисправность",CSH,2024,,,,,,,312 days 06:17:00,449657.0,4.0,723,0.8494117647058823
3,13612449,2024-11-08 09:01:00,Свердловская,"СВЕРД, ТЧЭ-1",,,,"Неисправность манжеты, пружины, штока и т.д.",CT,2024,,,,,,,312 days 06:29:00,449669.0,12.0,724,0.8505882352941176
2,13613176,2024-11-08 09:53:00,Свердловская,"СВЕРД, ШЧ-8 (Р)","1шт ч(к учету 0,45ч)",,,"Контактная система, Потеря контакта",CSH,2024,1.0,"0,45ч",,,,,312 days 07:21:00,449721.0,52.0,725,0.851764705882353
3,13613177,2024-11-08 14:23:00,Свердловская,"СВЕРД, ШЧ-22",,,,Обрыв монтажного провода,CSH,2024,,,,,,,312 days 11:51:00,449991.0,270.0,726,0.8529411764705882
3,13613233,2024-11-08 15:54:00,Свердловская,"СВЕРД, ШЧ-17",,,,"Электродвигатель, прочие типы, неисправность",CSH,2024,,,,,,,312 days 13:22:00,450082.0,91.0,727,0.8541176470588235
3,13613394,2024-11-08 18:03:00,Свердловская,"СВЕРД, ШЧ-9",,,,"Выключатели, некачественная пайка",CSH,2024,,,,,,,312 days 15:31:00,450211.0,129.0,728,0.8552941176470589
3,13613395,2024-11-08 19:59:00,Свердловская,"СВЕРД, ШЧ-20",,,,"Лампы, перегорание основной нити",CSH,2024,,,,,,,312 days 17:27:00,450327.0,116.0,729,0.8564705882352941
3,13613487,2024-11-08 20:20:00,Свердловская,"СВЕРД, ШЧ-3",,,,"Резистор, обрыв",CSH,2024,,,,,,,312 days 17:48:00,450348.0,21.0,730,0.8576470588235294
2,13622488,2024-11-09 09:08:00,Свердловская,"ЗАБ, ВЧДЭ-13 БОРЗЯ","1шт ч(к учету 0,45ч)",,,Обводнение смазки,CV,2024,1.0,"0,45ч",,,,,313 days 06:36:00,451116.0,768.0,731,0.8588235294117647
2,13613786,2024-11-09 10:18:00,Свердловская,"СВЕРД, ВЧДЭ-4","1шт ч(к учету 0,7ч)",,,"Отверстие диаметром 0,5 мм в полости главного поршня менее нормы или засорено",CV,2024,1.0,"0,7ч",,,,,313 days 07:46:00,451186.0,70.0,732,0.86
3,13614010,2024-11-09 16:19:00,Свердловская,"СВЕРД, ШЧ-7",,,,"Автопереключатель, разрегулировка контактов",CSH,2024,,,,,,,313 days 13:47:00,451547.0,361.0,733,0.8611764705882353
3,13614054,2024-11-09 18:15:00,Свердловская,"СВЕРД, ШЧ-9",,,,"Срабатывание, коммутационные перенапряжения",CSH,2024,,,,,,,313 days 15:43:00,451663.0,116.0,734,0.8623529411764705
3,13614274,2024-11-10 01:50:00,Свердловская,"СВЕРД, ШЧ-17",,,,"Срабатывание, воздействие тягового тока",CSH,2024,,,,,,,313 days 23:18:00,452118.0,455.0,735,0.8635294117647059
3,13614425,2024-11-10 07:07:00,Свердловская,"СВЕРД, ТЧЭ-1",,,,Прочая неисправность рукоятки клапана песочницы,CT,2024,,,,,,,314 days 04:35:00,452435.0,317.0,736,0.8647058823529412
2,13614739,2024-11-10 08:30:00,Свердловская,"СВЕРД, ШЧ-5","6шт ч(к учету 1,82ч)","1шт ч(к учету 0,55ч)","3шт (к учету 1) ч(к учету 0,32)ч",Неисправность элементов,CSH,2024,6.0,"1,82ч",1.0,"0,55ч",1.0,"0,32ч",314 days 05:58:00,452518.0,83.0,737,0.8658823529411764
2,13615474,2024-11-11 08:20:00,Свердловская,"СВЕРД, ИЧ ЕГОРШИНСКАЯ Ш",,,"3шт ч(к учету 0,42)ч","Жилы, обрыв",CSH,2024,,,,,3.0,"0,42ч",315 days 05:48:00,453948.0,1430.0,738,0.8670588235294118
3,13616257,2024-11-11 13:16:00,Свердловская,"СВЕРД, ИЧ ЕГОРШИНСКАЯ Ш",,,,"Лампы, перегорание основной нити",CSH,2024,,,,,,,315 days 10:44:00,454244.0,296.0,739,0.8682352941176471
3,13621358,2024-11-12 07:55:00,Свердловская,"СВЕРД, ТЧЭ-1",,,,Прочая неисправность втулки антивибратора дизеля,CT,2024,,,,,,,316 days 05:23:00,455363.0,1119.0,740,0.8694117647058823
2,13617979,2024-11-12 12:55:00,Свердловская,"СВЕРД, ИЧ ЧУСОВСКАЯ Ш",,"2шт (к учету 1) ч(к учету 0,22ч)","1шт ч(к учету 0,27)ч",Повреждение,CSH,2024,,,1.0,"0,22ч",1.0,"0,27ч",316 days 10:23:00,455663.0,300.0,741,0.8705882352941177
3,13618233,2024-11-12 19:28:00,Свердловская,"СВЕРД, ШЧ-13",,,,"Лампы, перегорание основной нити",CSH,2024,,,,,,,316 days 16:56:00,456056.0,393.0,742,0.8717647058823529
3,13619166,2024-11-13 10:37:00,Свердловская,"СВЕРД, ШЧ-16",,,,"Жилы, обрыв",CSH,2024,,,,,,,317 days 08:05:00,456965.0,909.0,743,0.8729411764705882
2,13619910,2024-11-13 15:41:00,Свердловская,"СВЕРД, ВЧДЭ-19","3шт (к учету 1) ч(к учету 1,67ч)",,,"Дефект (расслоение, раздавливание) диафрагмы усл. № 270.379",CV,2024,1.0,"1,67ч",,,,,317 days 13:09:00,457269.0,304.0,744,0.8741176470588236
2,13621137,2024-11-14 07:49:00,Свердловская,"СВЕРД, ШЧ-1 (Р)",,,"1шт ч(к учету 0,33)ч","Диод, обрыв диода",CSH,2024,,,,,1.0,"0,33ч",318 days 05:17:00,458237.0,968.0,745,0.8752941176470588
2,13621996,2024-11-15 06:48:00,Свердловская,"СВЕРД, ШЧ-23","6шт ч(к учету 2,3ч)",,,"Конденсатор, снижение емкости",CSH,2024,6.0,"2,3ч",,,,,319 days 04:16:00,459616.0,1379.0,746,0.8764705882352941
1,13622755,2024-11-15 15:45:00,Свердловская,"СВЕРД, ШЧ-20","1шт ч(к учету 4,65ч)",,,"Жилы, обрыв",CSH,2024,1.0,"4,65ч",,,,,319 days 13:13:00,460153.0,537.0,747,0.8776470588235294
2,13623387,2024-11-16 14:14:00,Свердловская,"СВЕРД, ШЧ-17",,"1шт ч(к учету 0,18ч)","2шт ч(к учету 0,53)ч","Срабатывание (перегорание), воздействие тягового тока",CSH,2024,,,1.0,"0,18ч",2.0,"0,53ч",320 days 11:42:00,461502.0,1349.0,748,0.8788235294117647
2,13623507,2024-11-16 20:38:00,Свердловская,"СВЕРД, ШЧ-13","4шт (к учету 3) ч(к учету 1,87ч)","3шт (к учету 1) ч(к учету 0,87ч)",,Нарушение изоляции,CSH,2024,3.0,"1,87ч",1.0,"0,87ч",,,320 days 18:06:00,461886.0,384.0,749,0.88
3,13623676,2024-11-17 04:10:00,Свердловская,"СВЕРД, ИЧ ЧУСОВСКАЯ Ш",,,,"Контактная система, потеря контакта",CSH,2024,,,,,,,321 days 01:38:00,462338.0,452.0,750,0.8811764705882353
3,13624464,2024-11-18 08:29:00,Свердловская,"СВЕРД, ШЧ-16",,,,"Обрыв троса, внешнее воздействие",CSH,2024,,,,,,,322 days 05:57:00,464037.0,1699.0,751,0.8823529411764706
3,13627052,2024-11-18 17:40:00,Свердловская,"СВЕРД, ШЧ-17",,,,"Лампы, перегорание основной нити",CSH,2024,,,,,,,322 days 15:08:00,464588.0,551.0,752,0.8835294117647059
2,13625435,2024-11-19 04:15:00,Свердловская,"СВЕРД, ШЧ-3","2шт ч(к учету 1,15ч)",,"2шт ч(к учету 0,77)ч","Жилы, сообщение",CSH,2024,2.0,"1,15ч",,,2.0,"0,77ч",323 days 01:43:00,465223.0,635.0,753,0.8847058823529412
3,13626761,2024-11-20 09:09:00,Свердловская,"СВЕРД, ШЧ-2",,,,Неисправность,CSH,2024,,,,,,,324 days 06:37:00,466957.0,1734.0,754,0.8858823529411765
3,13627480,2024-11-20 18:00:00,Свердловская,"СВЕРД, ТЧЭ-9",,,,Повреждение уплотнения,CT,2024,,,,,,,324 days 15:28:00,467488.0,531.0,755,0.8870588235294118
3,13628331,2024-11-21 14:07:00,Свердловская,"СВЕРД, ШЧ-13","1шт ч(к учету 0,07ч)",,,"Лампы, перегорание основной нити",CSH,2024,1.0,"0,07ч",,,,,325 days 11:35:00,468695.0,1207.0,756,0.888235294117647
3,13628752,2024-11-21 23:17:00,Свердловская,"СВЕРД, ШЧ-23",,,,"Обмотка, обрыв",CSH,2024,,,,,,,325 days 20:45:00,469245.0,550.0,757,0.8894117647058823
2,13628757,2024-11-21 23:26:00,Свердловская,"СВЕРД, ШЧ-1 (Р)","4шт ч(к учету 1,65ч)",,,"Конденсатор, обрыв конденсатора",CSH,2024,4.0,"1,65ч",,,,,325 days 20:54:00,469254.0,9.0,758,0.8905882352941177
3,13629423,2024-11-22 13:31:00,Свердловская,"СВЕРД, ТЧЭ-17",,,,Прочая неисправность рычага тормозной рычажной передачи локомотива,CT,2024,,,,,,,326 days 10:59:00,470099.0,845.0,759,0.8917647058823529
2,13629887,2024-11-23 02:04:00,Свердловская,"СВЕРД, ШЧ-3","8шт ч(к учету 3,3ч)",,,Обрыв при путевых работах,CSH,2024,8.0,"3,3ч",,,,,326 days 23:32:00,470852.0,753.0,760,0.8929411764705882
1,13630071,2024-11-23 09:16:00,Свердловская,"СВЕРД, ШЧ-7","2шт (к учету 1) ч(к учету 2,65ч)",,,"Лампы, перегорание основной нити",CSH,2024,1.0,"2,65ч",,,,,327 days 06:44:00,471284.0,432.0,761,0.8941176470588236
2,13630274,2024-11-23 13:12:00,Свердловская,"СВЕРД, ИЧ ЧУСОВСКАЯ Ш",,,"1шт ч(к учету 0,1)ч","Контактная система, сваривание контактов",CSH,2024,,,,,1.0,"0,1ч",327 days 10:40:00,471520.0,236.0,762,0.8952941176470588
3,13630611,2024-11-24 08:08:00,Свердловская,"СВЕРД, ИЧ ЧУСОВСКАЯ Ш",,,,"Контактная система, подгар контактов",CSH,2024,,,,,,,328 days 05:36:00,472656.0,1136.0,763,0.8964705882352941
3,13631231,2024-11-25 01:24:00,Свердловская,"СВЕРД, ТЧЭ-17",,,,"Прочая неисправность провода, кабеля низковольтных цепей и цепей управления",CT,2024,,,,,,,328 days 22:52:00,473692.0,1036.0,764,0.8976470588235295
3,13636152,2024-11-26 10:00:00,Свердловская,"СВЕРД, ТЧЭ-1",,,,Обрыв кабеля подключения антенны,CT,2024,,,,,,,330 days 07:28:00,475648.0,1956.0,765,0.8988235294117647
3,13636636,2024-11-26 21:15:00,Свердловская,"СВЕРД, ВЧДЭ-17",,,,Дефект манжеты  усл. № 270.397-3 (270.397) головки главного поршня,CV,2024,,,,,,,330 days 18:43:00,476323.0,675.0,766,0.9
3,13633385,2024-11-27 01:05:00,Свердловская,"СВЕРД, ВЧДЭ-4",,,,Приработка деталей буксового узла после ремонта,CV,2024,,,,,,,330 days 22:33:00,476553.0,230.0,767,0.9011764705882352
3,13634044,2024-11-27 11:33:00,Свердловская,"СВЕРД, ШЧ-17",,,,"Жилы, внутренний обрыв",CSH,2024,,,,,,,331 days 09:01:00,477181.0,628.0,768,0.9023529411764706
2,13634639,2024-11-28 04:09:00,Свердловская,"СВЕРД, ТЧЭ-9","1шт ч(к учету 0,43ч)",,,Пережог контактного медного провода,CT,2024,1.0,"0,43ч",,,,,332 days 01:37:00,478177.0,996.0,769,0.9035294117647059
2,13634794,2024-11-28 07:41:00,Свердловская,"СВЕРД, ШЧ-8 (Р)",4шт (к учету 3) ч(к учету 2ч),,,"Конденсатор, снижение емкости",CSH,2024,3.0,2ч,,,,,332 days 05:09:00,478389.0,212.0,770,0.9047058823529411
2,13634894,2024-11-28 08:46:00,Свердловская,"СВЕРД, ШЧ-7","2шт (к учету 1) ч(к учету 0,57ч)","1шт ч(к учету 0,23ч)",,"Срабатывание, коммутационные перенапряжения",CSH,2024,1.0,"0,57ч",1.0,"0,23ч",,,332 days 06:14:00,478454.0,65.0,771,0.9058823529411765
3,13635914,2024-11-29 07:04:00,Свердловская,"СВЕРД, ВЧДЭ-4",,,,Ослабление (разрушение) торцевого крепления,CV,2024,,,,,,,333 days 04:32:00,479792.0,1338.0,772,0.9070588235294118
1,13648662,2024-11-30 12:17:00,Свердловская,"СВЕРД, ШЧ-9","6шт (к учету 5) ч(к учету 5,23ч)",,"2шт ч(к учету 0,2)ч","Обрыв троса, коррозия металла",CSH,2024,5.0,"5,23ч",,,2.0,"0,2ч",334 days 09:45:00,481545.0,1753.0,773,0.908235294117647
1,13637200,2024-11-30 14:22:00,Свердловская,"СВЕРД, ШЧ-1 (Р)",1шт ч(к учету 1ч),,,"Внутренний монтаж, обрыв",CSH,2024,1.0,1ч,,,,,334 days 11:50:00,481670.0,125.0,774,0.9094117647058824
3,13637436,2024-12-01 03:20:00,Свердловская,"СВЕРД, ШЧ-17",,,,"Срабатывание (перегорание), воздействие тягового тока",CSH,2024,,,,,,,335 days 00:48:00,482448.0,778.0,775,0.9105882352941177
1,13637613,2024-12-01 08:57:00,Свердловская,"СВЕРД, ШЧ-8 (Р)","9шт (к учету 8) ч(к учету 6,87ч)",,"1шт ч(к учету 0,1)ч","Диод, короткое замыкание",CSH,2024,8.0,"6,87ч",,,1.0,"0,1ч",335 days 06:25:00,482785.0,337.0,776,0.9117647058823529
1,13637807,2024-12-01 17:12:00,Свердловская,"СВЕРД, ШЧ-9","3шт (к учету 2) ч(к учету 2,15ч)",,,Излом планки,CSH,2024,2.0,"2,15ч",,,,,335 days 14:40:00,483280.0,495.0,777,0.9129411764705883
3,13637837,2024-12-01 18:26:00,Свердловская,"СВЕРД, ШЧ-17",,,,"Кнопки, подгар, сваривание контактов",CSH,2024,,,,,,,335 days 15:54:00,483354.0,74.0,778,0.9141176470588235
2,13638001,2024-12-02 00:47:00,Свердловская,"СВЕРД, ШЧ-1 (Р)","2шт ч(к учету 0,5ч)",,,"Контактная система, потеря контакта",CSH,2024,2.0,"0,5ч",,,,,335 days 22:15:00,483735.0,381.0,779,0.9152941176470588
3,13637965,2024-12-02 01:00:00,Свердловская,"СВЕРД, ШЧ-13",,,,"Диод, обрыв диода",CSH,2024,,,,,,,335 days 22:28:00,483748.0,13.0,780,0.9164705882352941
2,13638877,2024-12-02 14:10:00,Свердловская,"СВЕРД, ИЧ ЕГОРШИНСКАЯ Ш",,,"2шт (к учету 1) ч(к учету 0,28)ч",Нарушение изоляции монтажных проводов,CSH,2024,,,,,1.0,"0,28ч",336 days 11:38:00,484538.0,790.0,781,0.9176470588235294
3,13641470,2024-12-04 08:20:00,Свердловская,"СВЕРД, ИЧ ЕГОРШИНСКАЯ Ш",,,,"Электродвигатель, постоянного тока (МСП, ДСП), обрыв обмотки якоря",CSH,2024,,,,,,,338 days 05:48:00,487068.0,2530.0,782,0.9188235294117647
2,13642899,2024-12-04 16:57:00,Свердловская,"СВЕРД, ШЧ-2",,,"10шт (к учету 6) ч(к учету 1,72)ч",Нарушение регулировочного режима,CSH,2024,,,,,6.0,"1,72ч",338 days 14:25:00,487585.0,517.0,783,0.92
2,13643215,2024-12-05 02:31:00,Свердловская,"СВЕРД, ШЧ-7","2шт ч(к учету 1,03ч)",,,"Срабатывание, коммутационные перенапряжения",CSH,2024,2.0,"1,03ч",,,,,338 days 23:59:00,488159.0,574.0,784,0.9211764705882353
1,13643290,2024-12-05 05:08:00,Свердловская,"СВЕРД, ШЧ-8 (Р)","8шт ч(к учету 4,17ч)",,,"Контактная система, увеличенное сопротивление",CSH,2024,8.0,"4,17ч",,,,,339 days 02:36:00,488316.0,157.0,785,0.9223529411764706
1,13645044,2024-12-05 23:32:00,Свердловская,"СВЕРД, ШЧ-2","9шт (к учету 6) ч(к учету 11,43ч)",,,Излом провода под гайкой,CSH,2024,6.0,"11,43ч",,,,,339 days 21:00:00,489420.0,1104.0,786,0.9235294117647059
3,13645035,2024-12-06 01:40:00,Свердловская,"СВЕРД, ШЧ-20",,,,Нарушение контакта штепсель/рельс,CSH,2024,,,,,,,339 days 23:08:00,489548.0,128.0,787,0.9247058823529412
3,13646244,2024-12-06 17:19:00,Свердловская,"СВЕРД, ШЧ-5",,,,Нарушение контакта штепсель/рельс,CSH,2024,,,,,,,340 days 14:47:00,490487.0,939.0,788,0.9258823529411765
3,13646277,2024-12-06 18:15:00,Свердловская,"СВЕРД, ИЧ ЕГОРШИНСКАЯ Ш",,,,Нарушение контакта трос/штепсель,CSH,2024,,,,,,,340 days 15:43:00,490543.0,56.0,789,0.9270588235294117
2,13646337,2024-12-06 20:51:00,Свердловская,"СВЕРД, ШЧ-23","1шт ч(к учету 0,22ч)","2шт (к учету 1) ч(к учету 0,43ч)",,"Контактная система, увеличенное сопротивление",CSH,2024,1.0,"0,22ч",1.0,"0,43ч",,,340 days 18:19:00,490699.0,156.0,790,0.928235294117647
2,13646500,2024-12-07 03:20:00,Свердловская,"СВЕРД, ТЧЭ-1","3шт ч(к учету 0,77ч)",,"1шт ч(к учету 0,12)ч",Отгорание питающего провода,CT,2024,3.0,"0,77ч",,,1.0,"0,12ч",341 days 00:48:00,491088.0,389.0,791,0.9294117647058824
3,13646999,2024-12-07 19:17:00,Свердловская,"СВЕРД, ШЧ-16",,,,"Срабатывание, воздействие тягового тока",CSH,2024,,,,,,,341 days 16:45:00,492045.0,957.0,792,0.9305882352941176
2,13647167,2024-12-08 04:11:00,Свердловская,"СВЕРД, ШЧ-5","1шт ч(к учету 0,43ч)",,"1шт ч(к учету 0,5)ч",Потеря контакта в манжете,CSH,2024,1.0,"0,43ч",,,1.0,"0,5ч",342 days 01:39:00,492579.0,534.0,793,0.9317647058823529
3,13647298,2024-12-08 09:51:00,Свердловская,"СВЕРД, ВЧДЭ-4",,,,"Неисправности колец подшипников (раковины, шелушения, коррозия, трещины, отколы и др.)",CV,2024,,,,,,,342 days 07:19:00,492919.0,340.0,794,0.9329411764705883
2,13647598,2024-12-08 20:26:00,Свердловская,"СВЕРД, ИЧ ЕГОРШИНСКАЯ Ш","1шт ч(к учету 0,38ч)",,,"Диод, пробой",CSH,2024,1.0,"0,38ч",,,,,342 days 17:54:00,493554.0,635.0,795,0.9341176470588235
2,13647819,2024-12-09 04:22:00,Свердловская,"СВЕРД, ШЧ-2","6шт (к учету 5) ч(к учету 2,55ч)",,"2шт ч(к учету 0,67)ч",Нарушение контакта штепсель/рельс,CSH,2024,5.0,"2,55ч",,,2.0,"0,67ч",343 days 01:50:00,494030.0,476.0,796,0.9352941176470588
3,13648745,2024-12-09 12:05:00,Свердловская,"СВЕРД, ИЧ ЧУСОВСКАЯ Ш",,,,"Реле напряжений, нарушение контакта",CSH,2024,,,,,,,343 days 09:33:00,494493.0,463.0,797,0.9364705882352942
2,13648868,2024-12-09 15:40:00,Свердловская,"СВЕРД, ВЧДЭ-4","1шт ч(к учету 0,32ч)",,,"Неисправности сепараторов (износ центрирующей поверхности, изломы и др.)",CV,2024,1.0,"0,32ч",,,,,343 days 13:08:00,494708.0,215.0,798,0.9376470588235294
3,13650575,2024-12-10 14:15:00,Свердловская,"СВЕРД, ШЧ-18",,,,"Контактная система, потеря контакта",CSH,2024,,,,,,,344 days 11:43:00,496063.0,1355.0,799,0.9388235294117647
2,13650938,2024-12-10 23:35:00,Свердловская,"СВЕРД, ШЧ-17","2шт ч(к учету 0,9ч)",,,Нарушение контакта наконечник/вывод ДТ,CSH,2024,2.0,"0,9ч",,,,,344 days 21:03:00,496623.0,560.0,800,0.94
2,13650947,2024-12-11 03:44:00,Свердловская,"СВЕРД, ШЧ-2","1шт ч(к учету 0,63ч)",,"7шт (к учету 3) ч(к учету 1,48)ч","Автопереключатель, разрегулировка контактов",CSH,2024,1.0,"0,63ч",,,3.0,"1,48ч",345 days 01:12:00,496872.0,249.0,801,0.9411764705882353
2,13655331,2024-12-11 07:15:00,Свердловская,"СВЕРД, ШЧ-8 (Р)","1шт ч(к учету 0,67ч)",,,"Конденсатор, потеря емкости",CSH,2024,1.0,"0,67ч",,,,,345 days 04:43:00,497083.0,211.0,802,0.9423529411764706
3,13652586,2024-12-11 18:15:00,Свердловская,"СВЕРД, ШЧ-16",,,,Нарушение контакта штепсель/рельс,CSH,2024,,,,,,,345 days 15:43:00,497743.0,660.0,803,0.9435294117647058
2,13652804,2024-12-12 04:04:00,Свердловская,"СВЕРД, ШЧ-5","1шт ч(к учету 0,43ч)",,,Ослабление затяжки болтов,CSH,2024,1.0,"0,43ч",,,,,346 days 01:32:00,498332.0,589.0,804,0.9447058823529412
2,13653099,2024-12-12 08:40:00,Свердловская,"СВЕРД, ШЧ-7",,"4шт (к учету 2) ч(к учету 0,92ч)",,Нарушение изоляции монтажных проводов,CSH,2024,,,2.0,"0,92ч",,,346 days 06:08:00,498608.0,276.0,805,0.9458823529411765
3,13655559,2024-12-13 11:05:00,Свердловская,"СВЕРД, ТЧЭ-17",,,,Прочая неисправность изолятора токоприемника,CT,2024,,,,,,,347 days 08:33:00,500193.0,1585.0,806,0.9470588235294117
2,13655475,2024-12-13 14:20:00,Свердловская,"СВЕРД, ШЧ-5",,,"1шт ч(к учету 0,15)ч","Лампы, перегорание основной нити",CSH,2024,,,,,1.0,"0,15ч",347 days 11:48:00,500388.0,195.0,807,0.9482352941176471
3,13656319,2024-12-14 15:54:00,Свердловская,"СВЕРД, ШЧ-23",,,,"Тиратрон, обрыв",CSH,2024,,,,,,,348 days 13:22:00,501922.0,1534.0,808,0.9494117647058824
1,13656601,2024-12-14 22:02:00,Свердловская,"СВЕРД, ШЧ-8 (Р)","2шт ч(к учету 1,97ч)",,,"Транзистор, короткое замыкание",CSH,2024,2.0,"1,97ч",,,,,348 days 19:30:00,502290.0,368.0,809,0.9505882352941176
3,13656637,2024-12-15 04:45:00,Свердловская,"СВЕРД, ШЧ-17",,,,"Срабатывание, воздействие тягового тока",CSH,2024,,,,,,,349 days 02:13:00,502693.0,403.0,810,0.951764705882353
3,13657156,2024-12-15 20:35:00,Свердловская,"СВЕРД, ШЧ-1 (Р)",,,,"Контактная система, потеря контакта",CSH,2024,,,,,,,349 days 18:03:00,503643.0,950.0,811,0.9529411764705882
3,13658281,2024-12-15 23:54:00,Свердловская,"СВЕРД, ТЧЭ-9",,,,Пробой изоляции обмотки дополнительного полюса на корпус якоря тягового двигателя постоянного тока,CT,2024,,,,,,,349 days 21:22:00,503842.0,199.0,812,0.9541176470588235
3,13657251,2024-12-16 01:25:00,Свердловская,"СВЕРД, ИЧ ЧУСОВСКАЯ Ш",,,,Обрыв монтажного провода,CSH,2024,,,,,,,349 days 22:53:00,503933.0,91.0,813,0.9552941176470588
3,13657319,2024-12-16 02:37:00,Свердловская,"СВЕРД, ШЧ-13",,,,Неисправность концентратора,CSH,2024,,,,,,,350 days 00:05:00,504005.0,72.0,814,0.9564705882352941
3,13657840,2024-12-16 09:46:00,Свердловская,"СВЕРД, ШЧ-16",,,,"Нарушение контакта в штепсельных розетках, замятие контакта",CSH,2024,,,,,,,350 days 07:14:00,504434.0,429.0,815,0.9576470588235294
1,13657751,2024-12-16 13:49:00,Свердловская,"СВЕРД, ШЧ-16","5шт ч(к учету 10,07ч)",,,Сбой АЛС с задержкой поезда,CSH,2024,5.0,"10,07ч",,,,,350 days 11:17:00,504677.0,243.0,816,0.9588235294117647
3,13661744,2024-12-16 14:26:00,Свердловская,"СВЕРД, ТЧЭ-15",,,,"Неисправность манжеты, пружины, штока и т.д.",CT,2024,,,,,,,350 days 11:54:00,504714.0,37.0,817,0.96
2,13657938,2024-12-16 20:50:00,Свердловская,"СВЕРД, ШЧ-7","8шт (к учету 7) ч(к учету 3,97ч)",,,100% (свежий) излом датчика УКСПС,CSH,2024,7.0,"3,97ч",,,,,350 days 18:18:00,505098.0,384.0,818,0.9611764705882353
3,13660549,2024-12-18 18:01:00,Свердловская,"СВЕРД, ШЧ-22",,,,"Обрыв троса, при путевых работах",CSH,2024,,,,,,,352 days 15:29:00,507809.0,2711.0,819,0.9623529411764706
3,13660754,2024-12-18 19:52:00,Свердловская,"СВЕРД, ИЧ ЧУСОВСКАЯ Ш",,,,Некачественная пайка,CSH,2024,,,,,,,352 days 17:20:00,507920.0,111.0,820,0.9635294117647059
2,13660869,2024-12-18 22:43:00,Свердловская,"СВЕРД, ШЧ-5","4шт ч(к учету 0,88ч)",,,"Системный блок, неисправность",CSH,2024,4.0,"0,88ч",,,,,352 days 20:11:00,508091.0,171.0,821,0.9647058823529412
3,13660940,2024-12-18 23:38:00,Свердловская,"СВЕРД, ТЧЭ-9",,,,"Неисправность манжеты, пружины, штока и т.д.",CT,2024,,,,,,,352 days 21:06:00,508146.0,55.0,822,0.9658823529411765
2,13660745,2024-12-18 23:57:00,Свердловская,"СВЕРД, ШЧ-20","1шт ч(к учету 0,95ч)",,,Излом датчика УКСПС по старой трещине,CSH,2024,1.0,"0,95ч",,,,,352 days 21:25:00,508165.0,19.0,823,0.9670588235294117
3,13660958,2024-12-19 03:48:00,Свердловская,"СВЕРД, ШЧ-13",,,,"Обмотка, короткое замыкание",CSH,2024,,,,,,,353 days 01:16:00,508396.0,231.0,824,0.9682352941176471
3,13661683,2024-12-19 07:56:00,Свердловская,"СВЕРД, ШЧ-3",,,,"Жилы, обрыв",CSH,2024,,,,,,,353 days 05:24:00,508644.0,248.0,825,0.9694117647058823
3,13661820,2024-12-19 11:53:00,Свердловская,"СВЕРД, ВЧДЭ-4",,,,Неправильный подбор подшипников по радиальному или осевому зазору,CV,2024,,,,,,,353 days 09:21:00,508881.0,237.0,826,0.9705882352941176
2,13662684,2024-12-20 12:12:00,Свердловская,"СВЕРД, ШЧ-16",,"1шт ч(к учету 0,13ч)",,Неисправность источника бесперебойного питания,CSH,2024,,,1.0,"0,13ч",,,354 days 09:40:00,510340.0,1459.0,827,0.971764705882353
1,13663162,2024-12-21 00:10:00,Свердловская,"СВЕРД, ТЧЭ-1","2шт ч(к учету 2,4ч)",,,Прочая неисправность замка автосцепки локомотива,CT,2024,2.0,"2,4ч",,,,,354 days 21:38:00,511058.0,718.0,828,0.9729411764705882
2,13670952,2024-12-21 20:33:00,Свердловская,"СВЕРД, ШЧ-3","1шт ч(к учету 0,2ч)","1шт ч(к учету 0,1ч)",,"Нарушение контакта в штепсельных розетках, неисправность контактных губок",CSH,2024,1.0,"0,2ч",1.0,"0,1ч",,,355 days 18:01:00,512281.0,1223.0,829,0.9741176470588235
2,13663898,2024-12-22 05:03:00,Свердловская,"СВЕРД, ТЧЭ-15","1шт ч(к учету 0,95ч)",,,Трещина кулачкового вала блокировочного устройства,CT,2024,1.0,"0,95ч",,,,,356 days 02:31:00,512791.0,510.0,830,0.9752941176470589
3,13664044,2024-12-22 08:41:00,Свердловская,"СВЕРД, ТЧЭ-9",,,,Износ кольца привода подвозбудителя,CT,2024,,,,,,,356 days 06:09:00,513009.0,218.0,831,0.9764705882352941
2,13664286,2024-12-22 19:17:00,Свердловская,"СВЕРД, ШЧ-22","1шт ч(к учету 0,65ч)",,,Излом планки,CSH,2024,1.0,"0,65ч",,,,,356 days 16:45:00,513645.0,636.0,832,0.9776470588235294
1,13664531,2024-12-23 05:29:00,Свердловская,"СВЕРД, ТЧЭ-18","2шт ч(к учету 3,7ч)","2шт ч(к учету 1,62ч)",,Неисправность блока МСУ-ТЭ,CT,2024,2.0,"3,7ч",2.0,"1,62ч",,,357 days 02:57:00,514257.0,612.0,833,0.9788235294117648
2,13665348,2024-12-23 14:12:00,Свердловская,"СВЕРД, ШЧ-17",,,"4шт (к учету 3) ч(к учету 0,4)ч","Жилы, сообщение",CSH,2024,,,,,3.0,"0,4ч",357 days 11:40:00,514780.0,523.0,834,0.98
3,13665583,2024-12-23 18:46:00,Свердловская,"СВЕРД, ШЧ-3",,,,"Автопереключатель, разрегулировка контактов",CSH,2024,,,,,,,357 days 16:14:00,515054.0,274.0,835,0.9811764705882353
3,13666506,2024-12-24 12:06:00,Свердловская,"СВЕРД, ШЧ-2",,,,"Автопереключатель, разрегулировка контактов",CSH,2024,,,,,,,358 days 09:34:00,516094.0,1040.0,836,0.9823529411764705
3,13671894,2024-12-24 13:20:00,Свердловская,"СВЕРД, ШЧ-7",,,,Некачественная пайка,CSH,2024,,,,,,,358 days 10:48:00,516168.0,74.0,837,0.9835294117647059
3,13667281,2024-12-24 18:04:00,Свердловская,"СВЕРД, ШЧ-13",,,,Излом провода под гайкой,CSH,2024,,,,,,,358 days 15:32:00,516452.0,284.0,838,0.9847058823529412
3,13669521,2024-12-26 07:38:00,Свердловская,"СВЕРД, ШЧ-8 (Р)",,,,Неисправность элементов,CSH,2024,,,,,,,360 days 05:06:00,518706.0,2254.0,839,0.9858823529411764
3,13669976,2024-12-26 13:13:00,Свердловская,"СВЕРД, ИЧ ЧУСОВСКАЯ Ш",,,,"Монтаж, ослабление крепления",CSH,2024,,,,,,,360 days 10:41:00,519041.0,335.0,840,0.9870588235294118
3,13671202,2024-12-27 15:20:00,Свердловская,"СВЕРД, ШЧ-9",,,,Излом повода под гайкой,CSH,2024,,,,,,,361 days 12:48:00,520608.0,1567.0,841,0.9882352941176471
2,13671333,2024-12-27 17:05:00,Свердловская,"СВЕРД, ШЧ-20","1шт ч(к учету 0,63ч)",,,"Внутренний монтаж, короткое замыкание",CSH,2024,1.0,"0,63ч",,,,,361 days 14:33:00,520713.0,105.0,842,0.9894117647058823
2,13671799,2024-12-28 07:53:00,Свердловская,"СВЕРД, ШЧ-1 (Р)","6шт ч(к учету 1,83ч)",,"1шт ч(к учету 0,25)ч","Диод, пробой",CSH,2024,6.0,"1,83ч",,,1.0,"0,25ч",362 days 05:21:00,521601.0,888.0,843,0.9905882352941177
3,13672674,2024-12-29 01:22:00,Свердловская,"СВЕРД, ИЧ ЕГОРШИНСКАЯ Ш",,,,Нарушение контакта трос/штепсель,CSH,2024,,,,,,,362 days 22:50:00,522650.0,1049.0,844,0.991764705882353
3,13672782,2024-12-29 06:44:00,Свердловская,"СВЕРД, ТЧЭ-15",,,,Прочая неисправность корпуса буксы локомотива,CT,2024,,,,,,,363 days 04:12:00,522972.0,322.0,845,0.9929411764705882
2,13672826,2024-12-29 07:03:00,Свердловская,"СВЕРД, ШЧ-3",,,"2шт ч(к учету 0,35)ч","Жилы, обрыв",CSH,2024,,,,,2.0,"0,35ч",363 days 04:31:00,522991.0,19.0,846,0.9941176470588236
2,13673205,2024-12-29 17:40:00,Свердловская,"СВЕРД, ШЧ-22","2шт ч(к учету 1,23ч)",,,"Контактная система, сваривание контактов",CSH,2024,2.0,"1,23ч",,,,,363 days 15:08:00,523628.0,637.0,847,0.9952941176470588
2,13673244,2024-12-29 20:13:00,Свердловская,"СВЕРД, ШЧ-20",,"1шт ч(к учету 0,62ч)",,Излом датчика УКСПС по старой трещине,CSH,2024,,,1.0,"0,62ч",,,363 days 17:41:00,523781.0,153.0,848,0.9964705882352941
2,13673768,2024-12-30 09:15:00,Свердловская,"СВЕРД, ШЧ-2","1шт ч(к учету 0,53ч)",,"1шт ч(к учету 0,38)ч","Срабатывание, коммутационные перенапряжения",CSH,2024,1.0,"0,53ч",,,1.0,"0,38ч",364 days 06:43:00,524563.0,782.0,849,0.9976470588235294
3,13673805,2024-12-30 13:50:00,Свердловская,"СВЕРД, ШЧ-13",,,,"Жилы, внутренний обрыв",CSH,2024,,,,,,,364 days 11:18:00,524838.0,275.0,850,0.9988235294117647
2,13673812,2024-12-30 16:00:00,Свердловская,"СВЕРД, ШЧ-8 (Р)","2шт ч(к учету 0,62ч)",,"1шт ч(к учету 0,1)ч","Контактная система, подгар контактов",CSH,2024,2.0,"0,62ч",,,1.0,"0,1ч",364 days 13:28:00,524968.0,130.0,851,1.0
