TIME_DIFF,DELTA_MINUTES,START_TIME,SPIKE_FLAG,TRANSITION_FLAG,LAMBDA_DYNAMIC,LAMBDA0,LAMBDA1,LAMBDA_MONTH,SEASON,DELTA_TIME,INDEX,ROAD,CATEGORY,DEPARTMENT,YEAR
195.06620505441873,195.06620505441873,2025-01-01 03:15:03.972303240,0,1,0.0011385897516154304,0.0003139388865634,0.001569694432817,13.562159899539555,Зима,0 days 00:00:00,0.0,Октябрьская,2,SYNTHETIC,2025
1066.185899970563,1261.2521050249818,2025-01-01 21:01:15.126301499,0,1,0.0012971791414453796,0.0003139388865634,0.001569694432817,13.562159899539555,Зима,0 days 17:46:11.153998259,0.001996007984031936,Октябрьская,2,SYNTHETIC,2025
4124.6483965489715,5385.900501573953,2025-01-04 17:45:54.030094440,0,1,0.0013685678259353741,0.0003139388865634,0.001569694432817,13.562159899539555,Зима,3 days 14:30:50.057791200,0.003992015968063872,Октябрьская,2,SYNTHETIC,2025
1294.1633638986734,6680.063865472626,2025-01-05 15:20:03.831928380,1,0,0.001569694432817,0.0003139388865634,0.001569694432817,13.562159899539555,Зима,4 days 12:04:59.859625140,0.005988023952095809,Октябрьская,2,SYNTHETIC,2025
1740.4100127079873,8420.473878180614,2025-01-06 20:20:28.432690860,1,0,0.001569694432817,0.0003139388865634,0.001569694432817,13.562159899539555,Зима,5 days 17:05:24.460387620,0.007984031936127744,Октябрьская,2,SYNTHETIC,2025
659.4265087874708,9079.900386968084,2025-01-07 07:19:54.023218080,1,0,0.001569694432817,0.0003139388865634,0.001569694432817,13.562159899539555,Зима,6 days 04:04:50.050914840,0.00998003992015968,Октябрьская,2,SYNTHETIC,2025
130.9135782097309,9210.813965177815,2025-01-07 09:30:48.837910680,1,0,0.001569694432817,0.0003139388865634,0.001569694432817,13.562159899539555,Зима,6 days 06:15:44.865607440,0.011976047904191617,Октябрьская,2,SYNTHETIC,2025
900.6894054405869,10111.503370618402,2025-01-08 00:31:30.202237080,1,0,0.001569694432817,0.0003139388865634,0.001569694432817,13.562159899539555,Зима,6 days 21:16:26.229933840,0.013972055888223553,Октябрьская,2,SYNTHETIC,2025
1532.9862319921197,11644.489602610522,2025-01-09 02:04:29.376156660,1,0,0.001569694432817,0.0003139388865634,0.001569694432817,13.562159899539555,Зима,7 days 22:49:25.403853420,0.015968063872255488,Октябрьская,2,SYNTHETIC,2025
1165.7876264296408,12810.277229040163,2025-01-09 21:30:16.633742399,1,0,0.001569694432817,0.0003139388865634,0.001569694432817,13.562159899539555,Зима,8 days 18:15:12.661439159,0.017964071856287425,Октябрьская,2,SYNTHETIC,2025
1425.764255833803,14236.041484873966,2025-01-10 21:16:02.489092440,1,0,0.001569694432817,0.0003139388865634,0.001569694432817,13.562159899539555,Зима,9 days 18:00:58.516789200,0.01996007984031936,Октябрьская,2,SYNTHETIC,2025
99.7862929033371,14335.827777777302,2025-01-10 22:55:49.666666620,1,0,0.001569694432817,0.0003139388865634,0.001569694432817,13.562159899539555,Зима,9 days 19:40:45.694363380,0.021956087824351298,Октябрьская,2,SYNTHETIC,2025
643.4450175533503,14979.272795330653,2025-01-11 09:39:16.367719859,1,0,0.001569694432817,0.0003139388865634,0.001569694432817,13.562159899539555,Зима,10 days 06:24:12.395416619,0.023952095808383235,Октябрьская,2,SYNTHETIC,2025
300.94912386120114,15280.221919191854,2025-01-11 14:40:13.315151520,1,0,0.001569694432817,0.0003139388865634,0.001569694432817,13.562159899539555,Зима,10 days 11:25:09.342848280,0.02594810379241517,Октябрьская,2,SYNTHETIC,2025
119.92590883312782,15400.147828024981,2025-01-11 16:40:08.869681500,1,0,0.001569694432817,0.0003139388865634,0.001569694432817,13.562159899539555,Зима,10 days 13:25:04.897378260,0.027944111776447105,Октябрьская,2,SYNTHETIC,2025
16.353998270255143,15416.501826295236,2025-01-11 16:56:30.109577700,1,0,0.001569694432817,0.0003139388865634,0.001569694432817,13.562159899539555,Зима,10 days 13:41:26.137274460,0.029940119760479042,Октябрьская,2,SYNTHETIC,2025
309.5444310118074,15726.046257307044,2025-01-11 22:06:02.775438420,1,0,0.001569694432817,0.0003139388865634,0.001569694432817,13.562159899539555,Зима,10 days 18:50:58.803135180,0.031936127744510975,Октябрьская,2,SYNTHETIC,2025
2120.208237120838,17846.25449442788,2025-01-13 09:26:15.269665680,0,0,0.0003139388865634,0.0003139388865634,0.001569694432817,13.562159899539555,Зима,12 days 06:11:11.297362440,0.033932135728542916,Октябрьская,2,SYNTHETIC,2025
438.17998993418297,18284.434484362064,2025-01-13 16:44:26.069061720,0,0,0.0003139388865634,0.0003139388865634,0.001569694432817,13.562159899539555,Зима,12 days 13:29:22.096758480,0.03592814371257485,Октябрьская,2,SYNTHETIC,2025
13.946030051452366,18298.380514413515,2025-01-13 16:58:22.830864840,0,0,0.0003139388865634,0.0003139388865634,0.001569694432817,13.562159899539555,Зима,12 days 13:43:18.858561600,0.03792415169660679,Октябрьская,2,SYNTHETIC,2025
1652.6806487786748,19951.06116319219,2025-01-14 20:31:03.669791520,0,0,0.0003139388865634,0.0003139388865634,0.001569694432817,13.562159899539555,Зима,13 days 17:15:59.697488280,0.03992015968063872,Октябрьская,2,SYNTHETIC,2025
772.7137563593968,20723.774919551586,2025-01-15 09:23:46.495173120,0,0,0.0003139388865634,0.0003139388865634,0.001569694432817,13.562159899539555,Зима,14 days 06:08:42.522869880,0.041916167664670656,Октябрьская,2,SYNTHETIC,2025
848.3649162319978,21572.139835783582,2025-01-15 23:32:08.390147039,0,0,0.0003139388865634,0.0003139388865634,0.001569694432817,13.562159899539555,Зима,14 days 20:17:04.417843799,0.043912175648702596,Октябрьская,2,SYNTHETIC,2025
1674.4344521428231,23246.574287926407,2025-01-17 03:26:34.457275560,0,0,0.0003139388865634,0.0003139388865634,0.001569694432817,13.562159899539555,Зима,16 days 00:11:30.484972320,0.04590818363273453,Октябрьская,2,SYNTHETIC,2025
2071.059495115335,25317.633783041743,2025-01-18 13:57:38.026982520,0,0,0.0003139388865634,0.0003139388865634,0.001569694432817,13.562159899539555,Зима,17 days 10:42:34.054679280,0.04790419161676647,Октябрьская,2,SYNTHETIC,2025
3059.3752225665694,28377.009005608314,2025-01-20 16:57:00.540336480,0,0,0.0003139388865634,0.0003139388865634,0.001569694432817,13.562159899539555,Зима,19 days 13:41:56.568033240,0.0499001996007984,Октябрьская,2,SYNTHETIC,2025
1306.5828888566925,29683.591894465007,2025-01-21 14:43:35.513667900,0,0,0.0003139388865634,0.0003139388865634,0.001569694432817,13.562159899539555,Зима,20 days 11:28:31.541364660,0.05189620758483034,Октябрьская,2,SYNTHETIC,2025
1559.842735739405,1559.842735739405,2025-03-02 01:59:50.564144340,0,0,0.0012010185853825,0.0012010185853825,0.0060050929269125,51.884002888525714,Весна,59 days 22:44:46.591841100,0.05389221556886228,Октябрьская,2,SYNTHETIC,2025
33.362959286752385,1593.2056950261574,2025-03-02 02:33:12.341701560,0,0,0.0012010185853825,0.0012010185853825,0.0060050929269125,51.884002888525714,Весна,59 days 23:18:08.369398320,0.05588822355289421,Октябрьская,2,SYNTHETIC,2025
120.31456411377306,1713.5202591399304,2025-03-02 04:33:31.215548399,0,0,0.0012010185853825,0.0012010185853825,0.0060050929269125,51.884002888525714,Весна,60 days 01:18:27.243245159,0.05788423153692615,Октябрьская,2,SYNTHETIC,2025
856.7253509405176,2570.245610080448,2025-03-02 18:50:14.736604800,0,0,0.0012010185853825,0.0012010185853825,0.0060050929269125,51.884002888525714,Весна,60 days 15:35:10.764301560,0.059880239520958084,Октябрьская,2,SYNTHETIC,2025
2758.724160768053,5328.969770848501,2025-03-04 16:48:58.186250940,0,0,0.0012010185853825,0.0012010185853825,0.0060050929269125,51.884002888525714,Весна,62 days 13:33:54.213947700,0.06187624750499002,Октябрьская,2,SYNTHETIC,2025
511.6499297512755,5840.6197005997765,2025-03-05 01:20:37.182036000,0,0,0.0012010185853825,0.0012010185853825,0.0060050929269125,51.884002888525714,Весна,62 days 22:05:33.209732760,0.06387225548902195,Октябрьская,2,SYNTHETIC,2025
2300.138379621376,8140.758080221152,2025-03-06 15:40:45.484813260,0,0,0.0012010185853825,0.0012010185853825,0.0060050929269125,51.884002888525714,Весна,64 days 12:25:41.512510020,0.0658682634730539,Октябрьская,2,SYNTHETIC,2025
2232.0842988527324,10372.842379073885,2025-03-08 04:52:50.542744440,0,0,0.0012010185853825,0.0012010185853825,0.0060050929269125,51.884002888525714,Весна,66 days 01:37:46.570441200,0.06786427145708583,Октябрьская,2,SYNTHETIC,2025
1915.052238957876,12287.894618031762,2025-03-09 12:47:53.677081920,0,0,0.0012010185853825,0.0012010185853825,0.0060050929269125,51.884002888525714,Весна,67 days 09:32:49.704778680,0.06986027944111776,Октябрьская,2,SYNTHETIC,2025
37.14041334706762,12325.03503137883,2025-03-09 13:25:02.101882740,0,0,0.0012010185853825,0.0012010185853825,0.0060050929269125,51.884002888525714,Весна,67 days 10:09:58.129579500,0.0718562874251497,Октябрьская,2,SYNTHETIC,2025
125.85804148493821,12450.893072863768,2025-03-09 15:30:53.584371840,0,0,0.0012010185853825,0.0012010185853825,0.0060050929269125,51.884002888525714,Весна,67 days 12:15:49.612068600,0.07385229540918163,Октябрьская,2,SYNTHETIC,2025
494.683460226343,12945.57653309011,2025-03-09 23:45:34.591985400,0,0,0.0012010185853825,0.0012010185853825,0.0060050929269125,51.884002888525714,Весна,67 days 20:30:30.619682160,0.07584830339321358,Октябрьская,2,SYNTHETIC,2025
1127.128988585214,14072.705521675325,2025-03-10 18:32:42.331300500,0,0,0.0012010185853825,0.0012010185853825,0.0060050929269125,51.884002888525714,Весна,68 days 15:17:38.358997260,0.07784431137724551,Октябрьская,2,SYNTHETIC,2025
87.63420546738196,14160.339727142707,2025-03-10 20:00:20.383628580,0,0,0.0012010185853825,0.0012010185853825,0.0060050929269125,51.884002888525714,Весна,68 days 16:45:16.411325340,0.07984031936127745,Октябрьская,2,SYNTHETIC,2025
1344.9961500347747,15505.335877177482,2025-03-11 18:25:20.152630620,0,1,0.0019850432862644814,0.0012010185853825,0.0060050929269125,51.884002888525714,Весна,69 days 15:10:16.180327380,0.08183632734530938,Октябрьская,2,SYNTHETIC,2025
101.48151155283423,15606.817388730316,2025-03-11 20:06:49.043323800,0,1,0.00212743194867698,0.0012010185853825,0.0060050929269125,51.884002888525714,Весна,69 days 16:51:45.071020560,0.08383233532934131,Октябрьская,2,SYNTHETIC,2025
710.04754931175,16316.864938042067,2025-03-12 07:56:51.896282520,0,1,0.003131952010482874,0.0012010185853825,0.0060050929269125,51.884002888525714,Весна,70 days 04:41:47.923979280,0.08582834331337326,Октябрьская,2,SYNTHETIC,2025
36.34196913070814,16353.206907172775,2025-03-12 08:33:12.414430380,0,1,0.0032396217384984514,0.0012010185853825,0.0060050929269125,51.884002888525714,Весна,70 days 05:18:08.442127140,0.08782435129740519,Октябрьская,2,SYNTHETIC,2025
14.994033763706186,16368.20094093648,2025-03-12 08:48:12.056456160,0,1,0.0034784434539886023,0.0012010185853825,0.0060050929269125,51.884002888525714,Весна,70 days 05:33:08.084152920,0.08982035928143713,Октябрьская,2,SYNTHETIC,2025
180.05303412615717,16548.25397506264,2025-03-12 11:48:15.238503780,0,1,0.0034932785572647385,0.0012010185853825,0.0060050929269125,51.884002888525714,Весна,70 days 08:33:11.266200540,0.09181636726546906,Октябрьская,2,SYNTHETIC,2025
14.430883082633963,16562.684858145272,2025-03-12 12:02:41.091488700,0,1,0.0038538225793088576,0.0012010185853825,0.0060050929269125,51.884002888525714,Весна,70 days 08:47:37.119185460,0.09381237524950099,Октябрьская,2,SYNTHETIC,2025
306.38203387949704,16869.06689202477,2025-03-12 17:09:04.013521499,0,1,0.003951435142321095,0.0012010185853825,0.0060050929269125,51.884002888525714,Весна,70 days 13:54:00.041218259,0.09580838323353294,Октябрьская,2,SYNTHETIC,2025
42.06660004435551,16911.133492069126,2025-03-12 17:51:08.009524139,0,1,0.0039691593111185345,0.0012010185853825,0.0060050929269125,51.884002888525714,Весна,70 days 14:36:04.037220899,0.09780439121756487,Октябрьская,2,SYNTHETIC,2025
68.65669440660956,16979.790186475737,2025-03-12 18:59:47.411188560,0,1,0.004043517463325254,0.0012010185853825,0.0060050929269125,51.884002888525714,Весна,70 days 15:44:43.438885320,0.0998003992015968,Октябрьская,2,SYNTHETIC,2025
245.99958523467834,17225.789771710417,2025-03-12 23:05:47.386302600,0,1,0.004127733282562877,0.0012010185853825,0.0060050929269125,51.884002888525714,Весна,70 days 19:50:43.413999360,0.10179640718562874,Октябрьская,2,SYNTHETIC,2025
73.31736490676347,17299.107136617182,2025-03-13 00:19:06.428197020,0,1,0.004353752522919857,0.0012010185853825,0.0060050929269125,51.884002888525714,Весна,70 days 21:04:02.455893780,0.10379241516966067,Октябрьская,2,SYNTHETIC,2025
429.2635762626721,17728.370712879852,2025-03-13 07:28:22.242772800,0,1,0.004839405664228653,0.0012010185853825,0.0060050929269125,51.884002888525714,Весна,71 days 04:13:18.270469560,0.10578842315369262,Октябрьская,2,SYNTHETIC,2025
255.2946057267279,17983.66531860658,2025-03-13 11:43:39.919116420,0,1,0.005105695781884436,0.0012010185853825,0.0060050929269125,51.884002888525714,Весна,71 days 08:28:35.946813180,0.10778443113772455,Октябрьская,2,SYNTHETIC,2025
359.4738301539349,18343.139148760518,2025-03-13 17:43:08.348925660,0,1,0.005173021283129012,0.0012010185853825,0.0060050929269125,51.884002888525714,Весна,71 days 14:28:04.376622420,0.10978043912175649,Октябрьская,2,SYNTHETIC,2025
9.410769102239856,18352.549917862758,2025-03-13 17:52:32.995071780,0,1,0.005181766449077522,0.0012010185853825,0.0060050929269125,51.884002888525714,Весна,71 days 14:37:29.022768540,0.11177644710578842,Октябрьская,2,SYNTHETIC,2025
51.00616182303964,18403.556079685797,2025-03-13 18:43:33.364781160,0,1,0.005308273595619954,0.0012010185853825,0.0060050929269125,51.884002888525714,Весна,71 days 15:28:29.392477920,0.11377245508982035,Октябрьская,2,SYNTHETIC,2025
44.61242504427252,18448.16850473007,2025-03-13 19:28:10.110283800,1,0,0.0060050929269125,0.0012010185853825,0.0060050929269125,51.884002888525714,Весна,71 days 16:13:06.137980560,0.1157684630738523,Октябрьская,2,SYNTHETIC,2025
120.1080632294268,18568.276567959496,2025-03-13 21:28:16.594077539,1,0,0.0060050929269125,0.0012010185853825,0.0060050929269125,51.884002888525714,Весна,71 days 18:13:12.621774299,0.11776447105788423,Октябрьская,2,SYNTHETIC,2025
127.11268580274873,18695.389253762245,2025-03-13 23:35:23.355225720,1,0,0.0060050929269125,0.0012010185853825,0.0060050929269125,51.884002888525714,Весна,71 days 20:20:19.382922480,0.11976047904191617,Октябрьская,2,SYNTHETIC,2025
290.5358340315506,18985.925087793796,2025-03-14 04:25:55.505267640,1,0,0.0060050929269125,0.0012010185853825,0.0060050929269125,51.884002888525714,Весна,72 days 01:10:51.532964400,0.1217564870259481,Октябрьская,2,SYNTHETIC,2025
107.44861159575542,19093.37369938955,2025-03-14 06:13:22.421963400,1,0,0.0060050929269125,0.0012010185853825,0.0060050929269125,51.884002888525714,Весна,72 days 02:58:18.449660160,0.12375249500998003,Октябрьская,2,SYNTHETIC,2025
42.01837723179909,19135.39207662135,2025-03-14 06:55:23.524597260,1,0,0.0060050929269125,0.0012010185853825,0.0060050929269125,51.884002888525714,Весна,72 days 03:40:19.552294020,0.12574850299401197,Октябрьская,2,SYNTHETIC,2025
108.5204718316642,19243.912548453012,2025-03-14 08:43:54.752907180,1,0,0.0060050929269125,0.0012010185853825,0.0060050929269125,51.884002888525714,Весна,72 days 05:28:50.780603940,0.1277445109780439,Октябрьская,2,SYNTHETIC,2025
169.56662258458235,19413.479171037594,2025-03-14 11:33:28.750262280,1,0,0.0060050929269125,0.0012010185853825,0.0060050929269125,51.884002888525714,Весна,72 days 08:18:24.777959040,0.12974051896207583,Октябрьская,2,SYNTHETIC,2025
199.59217645140313,19613.071347488996,2025-03-14 14:53:04.280849340,1,0,0.0060050929269125,0.0012010185853825,0.0060050929269125,51.884002888525714,Весна,72 days 11:38:00.308546100,0.1317365269461078,Октябрьская,2,SYNTHETIC,2025
447.79202109873165,20060.86336858773,2025-03-14 22:20:51.802115280,1,0,0.0060050929269125,0.0012010185853825,0.0060050929269125,51.884002888525714,Весна,72 days 19:05:47.829812040,0.13373253493013973,Октябрьская,2,SYNTHETIC,2025
402.04538969086434,20462.908758278594,2025-03-15 05:02:54.525496740,1,0,0.0060050929269125,0.0012010185853825,0.0060050929269125,51.884002888525714,Весна,73 days 01:47:50.553193500,0.13572854291417166,Октябрьская,2,SYNTHETIC,2025
64.79675251044952,20527.705510789045,2025-03-15 06:07:42.330647340,1,0,0.0060050929269125,0.0012010185853825,0.0060050929269125,51.884002888525714,Весна,73 days 02:52:38.358344100,0.1377245508982036,Октябрьская,2,SYNTHETIC,2025
148.23078617419137,20675.936296963235,2025-03-15 08:35:56.177817780,1,0,0.0060050929269125,0.0012010185853825,0.0060050929269125,51.884002888525714,Весна,73 days 05:20:52.205514540,0.13972055888223553,Октябрьская,2,SYNTHETIC,2025
244.03424942174303,20919.97054638498,2025-03-15 12:39:58.232783100,1,0,0.0060050929269125,0.0012010185853825,0.0060050929269125,51.884002888525714,Весна,73 days 09:24:54.260479860,0.14171656686626746,Октябрьская,2,SYNTHETIC,2025
1111.2174478584204,22031.1879942434,2025-03-16 07:11:11.279654580,1,0,0.0060050929269125,0.0012010185853825,0.0060050929269125,51.884002888525714,Весна,74 days 03:56:07.307351340,0.1437125748502994,Октябрьская,2,SYNTHETIC,2025
47.083289145102526,22078.2712833885,2025-03-16 07:58:16.277003340,1,0,0.0060050929269125,0.0012010185853825,0.0060050929269125,51.884002888525714,Весна,74 days 04:43:12.304700100,0.14570858283433133,Октябрьская,2,SYNTHETIC,2025
21.873401187247428,22100.14468457575,2025-03-16 08:20:08.681074560,1,0,0.0060050929269125,0.0012010185853825,0.0060050929269125,51.884002888525714,Весна,74 days 05:05:04.708771320,0.14770459081836326,Октябрьская,2,SYNTHETIC,2025
131.41349038215557,22231.558174957903,2025-03-16 10:31:33.490497480,1,0,0.0060050929269125,0.0012010185853825,0.0060050929269125,51.884002888525714,Весна,74 days 07:16:29.518194240,0.1497005988023952,Октябрьская,2,SYNTHETIC,2025
72.58196244146963,22304.140137399372,2025-03-16 11:44:08.408243940,1,0,0.0060050929269125,0.0012010185853825,0.0060050929269125,51.884002888525714,Весна,74 days 08:29:04.435940700,0.15169660678642716,Октябрьская,2,SYNTHETIC,2025
170.88154599780856,22475.02168339718,2025-03-16 14:35:01.301003820,1,0,0.0060050929269125,0.0012010185853825,0.0060050929269125,51.884002888525714,Весна,74 days 11:19:57.328700580,0.1536926147704591,Октябрьская,2,SYNTHETIC,2025
35.89633475801907,22510.918018155196,2025-03-16 15:10:55.081089300,1,0,0.0060050929269125,0.0012010185853825,0.0060050929269125,51.884002888525714,Весна,74 days 11:55:51.108786060,0.15568862275449102,Октябрьская,2,SYNTHETIC,2025
38.2243991427324,22549.142417297928,2025-03-16 15:49:08.545037880,1,0,0.0060050929269125,0.0012010185853825,0.0060050929269125,51.884002888525714,Весна,74 days 12:34:04.572734640,0.15768463073852296,Октябрьская,2,SYNTHETIC,2025
183.45865818808858,22732.601075486018,2025-03-16 18:52:36.064529160,1,0,0.0060050929269125,0.0012010185853825,0.0060050929269125,51.884002888525714,Весна,74 days 15:37:32.092225920,0.1596806387225549,Октябрьская,2,SYNTHETIC,2025
25.144478850777062,22757.745554336794,2025-03-16 19:17:44.733260220,1,0,0.0060050929269125,0.0012010185853825,0.0060050929269125,51.884002888525714,Весна,74 days 16:02:40.760956980,0.16167664670658682,Октябрьская,2,SYNTHETIC,2025
180.54268370048214,22938.288238037276,2025-03-16 22:18:17.294282220,1,0,0.0060050929269125,0.0012010185853825,0.0060050929269125,51.884002888525714,Весна,74 days 19:03:13.321978980,0.16367265469061876,Октябрьская,2,SYNTHETIC,2025
548.0679010428869,23486.356139080162,2025-03-17 07:26:21.368344800,1,0,0.0060050929269125,0.0012010185853825,0.0060050929269125,51.884002888525714,Весна,75 days 04:11:17.396041560,0.1656686626746507,Октябрьская,2,SYNTHETIC,2025
4.065082660219142,23490.42122174038,2025-03-17 07:30:25.273304400,1,0,0.0060050929269125,0.0012010185853825,0.0060050929269125,51.884002888525714,Весна,75 days 04:15:21.301001160,0.16766467065868262,Октябрьская,2,SYNTHETIC,2025
271.46319266930516,23761.884414409684,2025-03-17 12:01:53.064864600,1,0,0.0060050929269125,0.0012010185853825,0.0060050929269125,51.884002888525714,Весна,75 days 08:46:49.092561360,0.16966067864271456,Октябрьская,2,SYNTHETIC,2025
30.270413651954254,23792.154828061637,2025-03-17 12:32:09.289683720,1,0,0.0060050929269125,0.0012010185853825,0.0060050929269125,51.884002888525714,Весна,75 days 09:17:05.317380480,0.17165668662674652,Октябрьская,2,SYNTHETIC,2025
143.96412910141373,23936.11895716305,2025-03-17 14:56:07.137429780,1,0,0.0060050929269125,0.0012010185853825,0.0060050929269125,51.884002888525714,Весна,75 days 11:41:03.165126540,0.17365269461077845,Октябрьская,2,SYNTHETIC,2025
145.6453453749128,24081.764302537962,2025-03-17 17:21:45.858152280,1,0,0.0060050929269125,0.0012010185853825,0.0060050929269125,51.884002888525714,Весна,75 days 14:06:41.885849040,0.17564870259481039,Октябрьская,2,SYNTHETIC,2025
212.35721707052815,24294.12151960849,2025-03-17 20:54:07.291176480,1,0,0.0060050929269125,0.0012010185853825,0.0060050929269125,51.884002888525714,Весна,75 days 17:39:03.318873240,0.17764471057884232,Октябрьская,2,SYNTHETIC,2025
106.05468380069306,24400.17620340918,2025-03-17 22:40:10.572204540,1,0,0.0060050929269125,0.0012010185853825,0.0060050929269125,51.884002888525714,Весна,75 days 19:25:06.599901300,0.17964071856287425,Октябрьская,2,SYNTHETIC,2025
315.30679282308773,24715.48299623227,2025-03-18 03:55:28.979773920,1,0,0.0060050929269125,0.0012010185853825,0.0060050929269125,51.884002888525714,Весна,76 days 00:40:25.007470680,0.18163672654690619,Октябрьская,2,SYNTHETIC,2025
211.75145182130203,24927.234448053572,2025-03-18 07:27:14.066883240,1,0,0.0060050929269125,0.0012010185853825,0.0060050929269125,51.884002888525714,Весна,76 days 04:12:10.094580,0.18363273453093812,Октябрьская,2,SYNTHETIC,2025
124.02822311783325,25051.262671171404,2025-03-18 09:31:15.760270259,1,0,0.0060050929269125,0.0012010185853825,0.0060050929269125,51.884002888525714,Весна,76 days 06:16:11.787967019,0.18562874251497005,Октябрьская,2,SYNTHETIC,2025
130.66377644248408,25181.92644761389,2025-03-18 11:41:55.586856840,1,0,0.0060050929269125,0.0012010185853825,0.0060050929269125,51.884002888525714,Весна,76 days 08:26:51.614553600,0.18762475049900199,Октябрьская,2,SYNTHETIC,2025
12.579725192440671,25194.50617280633,2025-03-18 11:54:30.370368360,1,0,0.0060050929269125,0.0012010185853825,0.0060050929269125,51.884002888525714,Весна,76 days 08:39:26.398065120,0.18962075848303392,Октябрьская,2,SYNTHETIC,2025
63.677178967318795,25258.18335177365,2025-03-18 12:58:11.001106440,1,0,0.0060050929269125,0.0012010185853825,0.0060050929269125,51.884002888525714,Весна,76 days 09:43:07.028803200,0.19161676646706588,Октябрьская,2,SYNTHETIC,2025
363.2464311612633,25621.429782934913,2025-03-18 19:01:25.786976100,1,0,0.0060050929269125,0.0012010185853825,0.0060050929269125,51.884002888525714,Весна,76 days 15:46:21.814672860,0.1936127744510978,Октябрьская,2,SYNTHETIC,2025
129.87703944519433,25751.306822380106,2025-03-18 21:11:18.409342800,1,0,0.0060050929269125,0.0012010185853825,0.0060050929269125,51.884002888525714,Весна,76 days 17:56:14.437039560,0.19560878243512975,Октябрьская,2,SYNTHETIC,2025
16.857688935928987,25768.164511316034,2025-03-18 21:28:09.870678960,1,0,0.0060050929269125,0.0012010185853825,0.0060050929269125,51.884002888525714,Весна,76 days 18:13:05.898375720,0.19760479041916168,Октябрьская,2,SYNTHETIC,2025
29.227097619018974,25797.391608935053,2025-03-18 21:57:23.496536100,1,0,0.0060050929269125,0.0012010185853825,0.0060050929269125,51.884002888525714,Весна,76 days 18:42:19.524232860,0.1996007984031936,Октябрьская,2,SYNTHETIC,2025
130.8374349253729,25928.229043860425,2025-03-19 00:08:13.742631600,1,0,0.0060050929269125,0.0012010185853825,0.0060050929269125,51.884002888525714,Весна,76 days 20:53:09.770328360,0.20159680638722555,Октябрьская,2,SYNTHETIC,2025
188.9834442398905,26117.212488100315,2025-03-19 03:17:12.749286000,1,0,0.0060050929269125,0.0012010185853825,0.0060050929269125,51.884002888525714,Весна,77 days 00:02:08.776982760,0.20359281437125748,Октябрьская,2,SYNTHETIC,2025
1050.1947577880787,27167.407245888393,2025-03-19 20:47:24.434753280,1,0,0.0060050929269125,0.0012010185853825,0.0060050929269125,51.884002888525714,Весна,77 days 17:32:20.462450040,0.2055888223552894,Октябрьская,2,SYNTHETIC,2025
45.31897500952028,27212.726220897912,2025-03-19 21:32:43.573253880,1,0,0.0060050929269125,0.0012010185853825,0.0060050929269125,51.884002888525714,Весна,77 days 18:17:39.600950640,0.20758483033932135,Октябрьская,2,SYNTHETIC,2025
5.451155088850325,27218.17737598676,2025-03-19 21:38:10.642559220,1,0,0.0060050929269125,0.0012010185853825,0.0060050929269125,51.884002888525714,Весна,77 days 18:23:06.670255980,0.20958083832335328,Октябрьская,2,SYNTHETIC,2025
89.50399133968232,27307.681367326444,2025-03-19 23:07:40.882039560,1,0,0.0060050929269125,0.0012010185853825,0.0060050929269125,51.884002888525714,Весна,77 days 19:52:36.909736320,0.21157684630738524,Октябрьская,2,SYNTHETIC,2025
268.7648253855833,27576.44619271203,2025-03-20 03:36:26.771562720,1,0,0.0060050929269125,0.0012010185853825,0.0060050929269125,51.884002888525714,Весна,78 days 00:21:22.799259480,0.21357285429141717,Октябрьская,2,SYNTHETIC,2025
454.9672557103697,28031.413448422398,2025-03-20 11:11:24.806905320,1,0,0.0060050929269125,0.0012010185853825,0.0060050929269125,51.884002888525714,Весна,78 days 07:56:20.834602080,0.2155688622754491,Октябрьская,2,SYNTHETIC,2025
150.05263310027786,28181.466081522674,2025-03-20 13:41:27.964891380,1,0,0.0060050929269125,0.0012010185853825,0.0060050929269125,51.884002888525714,Весна,78 days 10:26:23.992588140,0.21756487025948104,Октябрьская,2,SYNTHETIC,2025
188.0034551073668,28369.46953663004,2025-03-20 16:49:28.172197800,1,0,0.0060050929269125,0.0012010185853825,0.0060050929269125,51.884002888525714,Весна,78 days 13:34:24.199894560,0.21956087824351297,Октябрьская,2,SYNTHETIC,2025
396.18683401148985,28765.65637064153,2025-03-20 23:25:39.382238520,1,0,0.0060050929269125,0.0012010185853825,0.0060050929269125,51.884002888525714,Весна,78 days 20:10:35.409935280,0.2215568862275449,Октябрьская,2,SYNTHETIC,2025
82.55619350188846,28848.212564143418,2025-03-21 00:48:12.753848580,1,0,0.0060050929269125,0.0012010185853825,0.0060050929269125,51.884002888525714,Весна,78 days 21:33:08.781545340,0.22355289421157684,Октябрьская,2,SYNTHETIC,2025
85.21896222377303,28933.431526367192,2025-03-21 02:13:25.891582020,1,0,0.0060050929269125,0.0012010185853825,0.0060050929269125,51.884002888525714,Весна,78 days 22:58:21.919278780,0.22554890219560877,Октябрьская,2,SYNTHETIC,2025
56.30544391401194,28989.736970281203,2025-03-21 03:09:44.218216860,1,0,0.0060050929269125,0.0012010185853825,0.0060050929269125,51.884002888525714,Весна,78 days 23:54:40.245913620,0.2275449101796407,Октябрьская,2,SYNTHETIC,2025
35.94340399399887,29025.6803742752,2025-03-21 03:45:40.822456500,1,0,0.0060050929269125,0.0012010185853825,0.0060050929269125,51.884002888525714,Весна,79 days 00:30:36.850153260,0.22954091816367264,Октябрьская,2,SYNTHETIC,2025
39.4322259837372,29065.112600258937,2025-03-21 04:25:06.756015540,1,0,0.0060050929269125,0.0012010185853825,0.0060050929269125,51.884002888525714,Весна,79 days 01:10:02.783712300,0.2315369261477046,Октябрьская,2,SYNTHETIC,2025
208.87937838418807,29273.991978643124,2025-03-21 07:53:59.518718580,1,0,0.0060050929269125,0.0012010185853825,0.0060050929269125,51.884002888525714,Весна,79 days 04:38:55.546415340,0.23353293413173654,Октябрьская,2,SYNTHETIC,2025
44.714803497819446,29318.706782140944,2025-03-21 08:38:42.406928460,1,0,0.0060050929269125,0.0012010185853825,0.0060050929269125,51.884002888525714,Весна,79 days 05:23:38.434625220,0.23552894211576847,Октябрьская,2,SYNTHETIC,2025
28.621369142164973,29347.32815128311,2025-03-21 09:07:19.689076980,1,0,0.0060050929269125,0.0012010185853825,0.0060050929269125,51.884002888525714,Весна,79 days 05:52:15.716773740,0.2375249500998004,Октябрьская,2,SYNTHETIC,2025
97.09322393341776,29444.421375216527,2025-03-21 10:44:25.282513020,1,0,0.0060050929269125,0.0012010185853825,0.0060050929269125,51.884002888525714,Весна,79 days 07:29:21.310209780,0.23952095808383234,Октябрьская,2,SYNTHETIC,2025
106.12072633537565,29550.542101551902,2025-03-21 12:30:32.526093120,1,0,0.0060050929269125,0.0012010185853825,0.0060050929269125,51.884002888525714,Весна,79 days 09:15:28.553789880,0.24151696606786427,Октябрьская,2,SYNTHETIC,2025
274.97107331718587,29825.513174869087,2025-03-21 17:05:30.790492140,1,0,0.0060050929269125,0.0012010185853825,0.0060050929269125,51.884002888525714,Весна,79 days 13:50:26.818188900,0.2435129740518962,Октябрьская,2,SYNTHETIC,2025
31.869779199206757,29857.382954068293,2025-03-21 17:37:22.977244080,1,0,0.0060050929269125,0.0012010185853825,0.0060050929269125,51.884002888525714,Весна,79 days 14:22:19.004940840,0.24550898203592814,Октябрьская,2,SYNTHETIC,2025
105.38527271408014,29962.768226782373,2025-03-21 19:22:46.093606920,1,0,0.0060050929269125,0.0012010185853825,0.0060050929269125,51.884002888525714,Весна,79 days 16:07:42.121303680,0.24750499001996007,Октябрьская,2,SYNTHETIC,2025
76.67976332164324,30039.447990104018,2025-03-21 20:39:26.879406240,1,0,0.0060050929269125,0.0012010185853825,0.0060050929269125,51.884002888525714,Весна,79 days 17:24:22.907103,0.249500998003992,Октябрьская,2,SYNTHETIC,2025
357.8670816141689,30397.315071718185,2025-03-22 02:37:18.904303080,1,0,0.0060050929269125,0.0012010185853825,0.0060050929269125,51.884002888525714,Весна,79 days 23:22:14.931999840,0.25149700598802394,Октябрьская,2,SYNTHETIC,2025
17.86873418871757,30415.1838059069,2025-03-22 02:55:11.028354420,1,0,0.0060050929269125,0.0012010185853825,0.0060050929269125,51.884002888525714,Весна,79 days 23:40:07.056051180,0.25349301397205587,Октябрьская,2,SYNTHETIC,2025
92.18346592539406,30507.367271832296,2025-03-22 04:27:22.036309920,1,0,0.0060050929269125,0.0012010185853825,0.0060050929269125,51.884002888525714,Весна,80 days 01:12:18.064006680,0.2554890219560878,Октябрьская,2,SYNTHETIC,2025
312.4165953096965,30819.783867141992,2025-03-22 09:39:47.032028520,1,0,0.0060050929269125,0.0012010185853825,0.0060050929269125,51.884002888525714,Весна,80 days 06:24:43.059725280,0.25748502994011974,Октябрьская,2,SYNTHETIC,2025
97.59902296615446,30917.382890108147,2025-03-22 11:17:22.973406480,1,0,0.0060050929269125,0.0012010185853825,0.0060050929269125,51.884002888525714,Весна,80 days 08:02:19.001103240,0.25948103792415167,Октябрьская,2,SYNTHETIC,2025
543.8411710803737,31461.22406118852,2025-03-22 20:21:13.443671340,1,0,0.0060050929269125,0.0012010185853825,0.0060050929269125,51.884002888525714,Весна,80 days 17:06:09.471368100,0.26147704590818366,Октябрьская,2,SYNTHETIC,2025
51.903685625936426,31513.127746814458,2025-03-22 21:13:07.664808839,0,0,0.0012010185853825,0.0012010185853825,0.0060050929269125,51.884002888525714,Весна,80 days 17:58:03.692505599,0.2634730538922156,Октябрьская,2,SYNTHETIC,2025
95.59186220579251,31608.719609020252,2025-03-22 22:48:43.176541200,0,0,0.0012010185853825,0.0012010185853825,0.0060050929269125,51.884002888525714,Весна,80 days 19:33:39.204237960,0.2654690618762475,Октябрьская,2,SYNTHETIC,2025
499.9547989425012,32108.674407962753,2025-03-23 07:08:40.464477780,0,0,0.0012010185853825,0.0012010185853825,0.0060050929269125,51.884002888525714,Весна,81 days 03:53:36.492174540,0.26746506986027946,Октябрьская,2,SYNTHETIC,2025
761.3510798751305,32870.025487837884,2025-03-23 19:50:01.529270280,0,0,0.0012010185853825,0.0012010185853825,0.0060050929269125,51.884002888525714,Весна,81 days 16:34:57.556967040,0.2694610778443114,Октябрьская,2,SYNTHETIC,2025
1775.6923334977553,34645.71782133564,2025-03-25 01:25:43.069280160,0,0,0.0012010185853825,0.0012010185853825,0.0060050929269125,51.884002888525714,Весна,82 days 22:10:39.096976920,0.2714570858283433,Октябрьская,2,SYNTHETIC,2025
1672.6255824027605,36318.3434037384,2025-03-26 05:18:20.604224280,0,0,0.0012010185853825,0.0012010185853825,0.0060050929269125,51.884002888525714,Весна,84 days 02:03:16.631921040,0.27345309381237526,Октябрьская,2,SYNTHETIC,2025
283.67288499837053,36602.01628873677,2025-03-26 10:02:00.977324220,0,0,0.0012010185853825,0.0012010185853825,0.0060050929269125,51.884002888525714,Весна,84 days 06:46:57.005020980,0.2754491017964072,Октябрьская,2,SYNTHETIC,2025
366.43481132072105,36968.45110005749,2025-03-26 16:08:27.066003420,0,0,0.0012010185853825,0.0012010185853825,0.0060050929269125,51.884002888525714,Весна,84 days 12:53:23.093700180,0.2774451097804391,Октябрьская,2,SYNTHETIC,2025
924.515847074623,37892.96694713212,2025-03-27 07:32:58.016827920,0,0,0.0012010185853825,0.0012010185853825,0.0060050929269125,51.884002888525714,Весна,85 days 04:17:54.044524680,0.27944111776447106,Октябрьская,2,SYNTHETIC,2025
390.996331601135,38283.96327873325,2025-03-27 14:03:57.796723980,0,0,0.0012010185853825,0.0012010185853825,0.0060050929269125,51.884002888525714,Весна,85 days 10:48:53.824420740,0.281437125748503,Октябрьская,2,SYNTHETIC,2025
316.66400757050593,38600.62728630376,2025-03-27 19:20:37.637178240,0,0,0.0012010185853825,0.0012010185853825,0.0060050929269125,51.884002888525714,Весна,85 days 16:05:33.664875,0.2834331337325349,Октябрьская,2,SYNTHETIC,2025
583.8192738898474,39184.44656019361,2025-03-28 05:04:26.793611640,0,0,0.0012010185853825,0.0012010185853825,0.0060050929269125,51.884002888525714,Весна,86 days 01:49:22.821308400,0.28542914171656686,Октябрьская,2,SYNTHETIC,2025
1830.1495984287744,41014.596158622386,2025-03-29 11:34:35.769517320,0,0,0.0012010185853825,0.0012010185853825,0.0060050929269125,51.884002888525714,Весна,87 days 08:19:31.797214080,0.2874251497005988,Октябрьская,2,SYNTHETIC,2025
710.6026895661449,41725.19884818853,2025-03-29 23:25:11.930891340,0,0,0.0012010185853825,0.0012010185853825,0.0060050929269125,51.884002888525714,Весна,87 days 20:10:07.958588100,0.2894211576846307,Октябрьская,2,SYNTHETIC,2025
255.06594951449893,41980.26479770303,2025-03-30 03:40:15.887862180,0,0,0.0012010185853825,0.0012010185853825,0.0060050929269125,51.884002888525714,Весна,88 days 00:25:11.915558940,0.29141716566866266,Октябрьская,2,SYNTHETIC,2025
240.6549381928754,42220.919735895906,2025-03-30 07:40:55.184153760,0,0,0.0012010185853825,0.0012010185853825,0.0060050929269125,51.884002888525714,Весна,88 days 04:25:51.211850520,0.2934131736526946,Октябрьская,2,SYNTHETIC,2025
19.34263997533607,42240.26237587124,2025-03-30 08:00:15.742552259,0,0,0.0012010185853825,0.0012010185853825,0.0060050929269125,51.884002888525714,Весна,88 days 04:45:11.770249019,0.2954091816367265,Октябрьская,2,SYNTHETIC,2025
1182.758655919487,43423.02103179073,2025-03-31 03:43:01.261907460,0,0,0.0012010185853825,0.0012010185853825,0.0060050929269125,51.884002888525714,Весна,89 days 00:27:57.289604220,0.29740518962075846,Октябрьская,2,SYNTHETIC,2025
60.17775554594183,43483.198787336674,2025-03-31 04:43:11.927240220,0,0,0.0012010185853825,0.0012010185853825,0.0060050929269125,51.884002888525714,Весна,89 days 01:28:07.954936980,0.2994011976047904,Октябрьская,2,SYNTHETIC,2025
427.65183932267973,43910.850626659354,2025-03-31 11:50:51.037599540,0,0,0.0012010185853825,0.0012010185853825,0.0060050929269125,51.884002888525714,Весна,89 days 08:35:47.065296300,0.3013972055888224,Октябрьская,2,SYNTHETIC,2025
334.43099912568965,44245.28162578504,2025-03-31 17:25:16.897547100,0,0,0.0012010185853825,0.0012010185853825,0.0060050929269125,51.884002888525714,Весна,89 days 14:10:12.925243860,0.3033932135728543,Октябрьская,2,SYNTHETIC,2025
1197.512155629848,45442.79378141489,2025-04-01 13:22:47.626884900,0,0,0.0012010185853825,0.0012010185853825,0.0060050929269125,51.884002888525714,Весна,90 days 10:07:43.654581660,0.30538922155688625,Октябрьская,2,SYNTHETIC,2025
181.71434763863607,45624.50812905352,2025-04-01 16:24:30.487743240,0,0,0.0012010185853825,0.0012010185853825,0.0060050929269125,51.884002888525714,Весна,90 days 13:09:26.515440,0.3073852295409182,Октябрьская,2,SYNTHETIC,2025
544.7718582657668,46169.27998731929,2025-04-02 01:29:16.799239140,0,0,0.0012010185853825,0.0012010185853825,0.0060050929269125,51.884002888525714,Весна,90 days 22:14:12.826935900,0.3093812375249501,Октябрьская,2,SYNTHETIC,2025
258.7888377688912,46428.06882508819,2025-04-02 05:48:04.129505280,0,0,0.0012010185853825,0.0012010185853825,0.0060050929269125,51.884002888525714,Весна,91 days 02:33:00.157202040,0.31137724550898205,Октябрьская,2,SYNTHETIC,2025
1226.7257388608725,47654.79456394906,2025-04-03 02:14:47.673836940,0,0,0.0012010185853825,0.0012010185853825,0.0060050929269125,51.884002888525714,Весна,91 days 22:59:43.701533700,0.313373253493014,Октябрьская,2,SYNTHETIC,2025
1905.2825907501203,49560.077154699175,2025-04-04 10:00:04.629281940,0,0,0.0012010185853825,0.0012010185853825,0.0060050929269125,51.884002888525714,Весна,93 days 06:45:00.656978700,0.3153692614770459,Октябрьская,2,SYNTHETIC,2025
348.78392982766815,49908.86108452684,2025-04-04 15:48:51.665071620,0,0,0.0012010185853825,0.0012010185853825,0.0060050929269125,51.884002888525714,Весна,93 days 12:33:47.692768380,0.31736526946107785,Октябрьская,2,SYNTHETIC,2025
744.9668393501142,50653.827923876954,2025-04-05 04:13:49.675432620,0,0,0.0012010185853825,0.0012010185853825,0.0060050929269125,51.884002888525714,Весна,94 days 00:58:45.703129380,0.3193612774451098,Октябрьская,2,SYNTHETIC,2025
1498.5220839639317,52152.35000784088,2025-04-06 05:12:21.000470460,0,0,0.0012010185853825,0.0012010185853825,0.0060050929269125,51.884002888525714,Весна,95 days 01:57:17.028167220,0.3213572854291417,Октябрьская,2,SYNTHETIC,2025
700.0922487687727,52852.442256609655,2025-04-06 16:52:26.535396600,0,0,0.0012010185853825,0.0012010185853825,0.0060050929269125,51.884002888525714,Весна,95 days 13:37:22.563093360,0.32335329341317365,Октябрьская,2,SYNTHETIC,2025
282.91759426509776,53135.35985087475,2025-04-06 21:35:21.591052500,0,0,0.0012010185853825,0.0012010185853825,0.0060050929269125,51.884002888525714,Весна,95 days 18:20:17.618749260,0.3253493013972056,Октябрьская,2,SYNTHETIC,2025
656.1558951464108,53791.51574602116,2025-04-07 08:31:30.944761260,0,0,0.0012010185853825,0.0012010185853825,0.0060050929269125,51.884002888525714,Весна,96 days 05:16:26.972458020,0.3273453093812375,Октябрьская,2,SYNTHETIC,2025
639.3466678531719,54430.86241387433,2025-04-07 19:10:51.744832440,0,0,0.0012010185853825,0.0012010185853825,0.0060050929269125,51.884002888525714,Весна,96 days 15:55:47.772529200,0.32934131736526945,Октябрьская,2,SYNTHETIC,2025
361.8077739407803,54792.670187815114,2025-04-08 01:12:40.211268900,0,0,0.0012010185853825,0.0012010185853825,0.0060050929269125,51.884002888525714,Весна,96 days 21:57:36.238965660,0.3313373253493014,Октябрьская,2,SYNTHETIC,2025
101.40966473802852,54894.07985255314,2025-04-08 02:54:04.791153180,0,0,0.0012010185853825,0.0012010185853825,0.0060050929269125,51.884002888525714,Весна,96 days 23:39:00.818849940,0.3333333333333333,Октябрьская,2,SYNTHETIC,2025
787.2773693452602,55681.357221898405,2025-04-08 16:01:21.433313880,0,0,0.0012010185853825,0.0012010185853825,0.0060050929269125,51.884002888525714,Весна,97 days 12:46:17.461010640,0.33532934131736525,Октябрьская,2,SYNTHETIC,2025
2040.2811733836197,57721.638395282025,2025-04-10 02:01:38.303716920,0,0,0.0012010185853825,0.0012010185853825,0.0060050929269125,51.884002888525714,Весна,98 days 22:46:34.331413680,0.3373253493013972,Октябрьская,2,SYNTHETIC,2025
255.43376006092385,57977.07215534295,2025-04-10 06:17:04.329320580,0,0,0.0012010185853825,0.0012010185853825,0.0060050929269125,51.884002888525714,Весна,99 days 03:02:00.357017340,0.3393213572854291,Октябрьская,2,SYNTHETIC,2025
1560.9437841856634,59538.01593952861,2025-04-11 08:18:00.956371740,0,0,0.0012010185853825,0.0012010185853825,0.0060050929269125,51.884002888525714,Весна,100 days 05:02:56.984068500,0.3413173652694611,Октябрьская,2,SYNTHETIC,2025
937.8079970005332,60475.823936529145,2025-04-11 23:55:49.436191740,0,0,0.0012010185853825,0.0012010185853825,0.0060050929269125,51.884002888525714,Весна,100 days 20:40:45.463888500,0.34331337325349304,Октябрьская,2,SYNTHETIC,2025
86.6759665652923,60562.49990309444,2025-04-12 01:22:29.994185640,0,0,0.0012010185853825,0.0012010185853825,0.0060050929269125,51.884002888525714,Весна,100 days 22:07:26.021882400,0.34530938123752497,Октябрьская,2,SYNTHETIC,2025
2569.9869779175624,63132.486881012,2025-04-13 20:12:29.212860720,0,0,0.0012010185853825,0.0012010185853825,0.0060050929269125,51.884002888525714,Весна,102 days 16:57:25.240557480,0.3473053892215569,Октябрьская,2,SYNTHETIC,2025
62.85924021789037,63195.34612122989,2025-04-13 21:15:20.767273800,0,0,0.0012010185853825,0.0012010185853825,0.0060050929269125,51.884002888525714,Весна,102 days 18:00:16.794970560,0.34930139720558884,Октябрьская,2,SYNTHETIC,2025
2654.7450977529243,65850.09121898282,2025-04-15 17:30:05.473138980,0,0,0.0012010185853825,0.0012010185853825,0.0060050929269125,51.884002888525714,Весна,104 days 14:15:01.500835740,0.35129740518962077,Октябрьская,2,SYNTHETIC,2025
624.1477520951438,66474.23897107797,2025-04-16 03:54:14.338264680,0,0,0.0012010185853825,0.0012010185853825,0.0060050929269125,51.884002888525714,Весна,105 days 00:39:10.365961440,0.3532934131736527,Октябрьская,2,SYNTHETIC,2025
967.887685941896,67442.12665701986,2025-04-16 20:02:07.599421200,0,0,0.0012010185853825,0.0012010185853825,0.0060050929269125,51.884002888525714,Весна,105 days 16:47:03.627117960,0.35528942115768464,Октябрьская,2,SYNTHETIC,2025
1662.440992877513,69104.56764989738,2025-04-17 23:44:34.058993820,0,0,0.0012010185853825,0.0012010185853825,0.0060050929269125,51.884002888525714,Весна,106 days 20:29:30.086690580,0.35728542914171657,Октябрьская,2,SYNTHETIC,2025
42.13324149211017,69146.70089138948,2025-04-18 00:26:42.053483340,0,0,0.0012010185853825,0.0012010185853825,0.0060050929269125,51.884002888525714,Весна,106 days 21:11:38.081180100,0.3592814371257485,Октябрьская,2,SYNTHETIC,2025
503.1127242960202,69649.8136156855,2025-04-18 08:49:48.816941160,0,0,0.0012010185853825,0.0012010185853825,0.0060050929269125,51.884002888525714,Весна,107 days 05:34:44.844637920,0.36127744510978044,Октябрьская,2,SYNTHETIC,2025
1607.7073861481701,71257.52100183368,2025-04-19 11:37:31.260110040,0,0,0.0012010185853825,0.0012010185853825,0.0060050929269125,51.884002888525714,Весна,108 days 08:22:27.287806800,0.36327345309381237,Октябрьская,2,SYNTHETIC,2025
896.8300830578798,896.8300830578798,2025-06-01 14:56:49.804983480,0,0,0.0014816390727218,0.0014816390727218,0.007408195363609,64.00680794158542,Лето,151 days 11:41:45.832680240,0.3652694610778443,Октябрьская,2,SYNTHETIC,2025
540.3119820950664,1437.142065152946,2025-06-01 23:57:08.523909180,0,0,0.0014816390727218,0.0014816390727218,0.007408195363609,64.00680794158542,Лето,151 days 20:42:04.551605940,0.36726546906187624,Октябрьская,2,SYNTHETIC,2025
1298.393863983675,2735.5359291366212,2025-06-02 21:35:32.155748220,0,0,0.0014816390727218,0.0014816390727218,0.007408195363609,64.00680794158542,Лето,152 days 18:20:28.183444980,0.36926147704590817,Октябрьская,2,SYNTHETIC,2025
82.594046134436,2818.1299752710574,2025-06-02 22:58:07.798516260,0,0,0.0014816390727218,0.0014816390727218,0.007408195363609,64.00680794158542,Лето,152 days 19:43:03.826213020,0.3712574850299401,Октябрьская,2,SYNTHETIC,2025
964.593892756601,3782.7238680276587,2025-06-03 15:02:43.432081680,0,0,0.0014816390727218,0.0014816390727218,0.007408195363609,64.00680794158542,Лето,153 days 11:47:39.459778440,0.37325349301397204,Октябрьская,2,SYNTHETIC,2025
221.09273289457425,4003.8166009222327,2025-06-03 18:43:48.996055320,0,0,0.0014816390727218,0.0014816390727218,0.007408195363609,64.00680794158542,Лето,153 days 15:28:45.023752080,0.37524950099800397,Октябрьская,2,SYNTHETIC,2025
286.0651746085635,4289.881775530796,2025-06-03 23:29:52.906531860,0,0,0.0014816390727218,0.0014816390727218,0.007408195363609,64.00680794158542,Лето,153 days 20:14:48.934228620,0.3772455089820359,Октябрьская,2,SYNTHETIC,2025
999.891292731591,5289.773068262388,2025-06-04 16:09:46.384095720,0,0,0.0014816390727218,0.0014816390727218,0.007408195363609,64.00680794158542,Лето,154 days 12:54:42.411792480,0.37924151696606784,Октябрьская,2,SYNTHETIC,2025
1408.6075643662712,6698.380632628659,2025-06-05 15:38:22.837957740,0,0,0.0014816390727218,0.0014816390727218,0.007408195363609,64.00680794158542,Лето,155 days 12:23:18.865654500,0.3812375249500998,Октябрьская,2,SYNTHETIC,2025
2814.5619556663137,9512.942588294973,2025-06-07 14:32:56.555297700,0,0,0.0014816390727218,0.0014816390727218,0.007408195363609,64.00680794158542,Лето,157 days 11:17:52.582994460,0.38323353293413176,Октябрьская,2,SYNTHETIC,2025
1345.5547470048512,10858.497335299824,2025-06-08 12:58:29.840118000,0,0,0.0014816390727218,0.0014816390727218,0.007408195363609,64.00680794158542,Лето,158 days 09:43:25.867814760,0.3852295409181637,Октябрьская,2,SYNTHETIC,2025
1060.6206104565526,11919.117945756378,2025-06-09 06:39:07.076745360,0,0,0.0014816390727218,0.0014816390727218,0.007408195363609,64.00680794158542,Лето,159 days 03:24:03.104442120,0.3872255489021956,Октябрьская,2,SYNTHETIC,2025
2281.5346135204345,14200.652559276812,2025-06-10 20:40:39.153556620,0,0,0.0014816390727218,0.0014816390727218,0.007408195363609,64.00680794158542,Лето,160 days 17:25:35.181253380,0.38922155688622756,Октябрьская,2,SYNTHETIC,2025
529.6846643272534,14730.337223604065,2025-06-11 05:30:20.233416240,0,0,0.0014816390727218,0.0014816390727218,0.007408195363609,64.00680794158542,Лето,161 days 02:15:16.261113,0.3912175648702595,Октябрьская,2,SYNTHETIC,2025
622.8587154154194,15353.195939019484,2025-06-11 15:53:11.756341140,0,0,0.0014816390727218,0.0014816390727218,0.007408195363609,64.00680794158542,Лето,161 days 12:38:07.784037900,0.3932135728542914,Октябрьская,2,SYNTHETIC,2025
2238.177421285907,17591.37336030539,2025-06-13 05:11:22.401618300,0,0,0.0014816390727218,0.0014816390727218,0.007408195363609,64.00680794158542,Лето,163 days 01:56:18.429315060,0.39520958083832336,Октябрьская,2,SYNTHETIC,2025
247.00743633636415,17838.380796641755,2025-06-13 09:18:22.847798520,0,0,0.0014816390727218,0.0014816390727218,0.007408195363609,64.00680794158542,Лето,163 days 06:03:18.875495280,0.3972055888223553,Октябрьская,2,SYNTHETIC,2025
2920.112532002435,20758.49332864419,2025-06-15 09:58:29.599718640,0,0,0.0014816390727218,0.0014816390727218,0.007408195363609,64.00680794158542,Лето,165 days 06:43:25.627415400,0.3992015968063872,Октябрьская,2,SYNTHETIC,2025
346.0986945819252,21104.592023226112,2025-06-15 15:44:35.521393560,0,0,0.0014816390727218,0.0014816390727218,0.007408195363609,64.00680794158542,Лето,165 days 12:29:31.549090320,0.40119760479041916,Октябрьская,2,SYNTHETIC,2025
354.6222084954325,21459.214231721544,2025-06-15 21:39:12.853903320,0,0,0.0014816390727218,0.0014816390727218,0.007408195363609,64.00680794158542,Лето,165 days 18:24:08.881600080,0.4031936127744511,Октябрьская,2,SYNTHETIC,2025
650.660305296147,22109.87453701769,2025-06-16 08:29:52.472221080,0,0,0.0014816390727218,0.0014816390727218,0.007408195363609,64.00680794158542,Лето,166 days 05:14:48.499917840,0.405189620758483,Октябрьская,2,SYNTHETIC,2025
1492.2260387767635,23602.100575794455,2025-06-17 09:22:06.034547640,0,1,0.00148661289656004,0.0014816390727218,0.007408195363609,64.00680794158542,Лето,167 days 06:07:02.062244400,0.40718562874251496,Октябрьская,2,SYNTHETIC,2025
341.53638914011646,23943.636964934572,2025-06-17 15:03:38.217896100,0,1,0.001694848519020425,0.0014816390727218,0.007408195363609,64.00680794158542,Лето,167 days 11:48:34.245592860,0.4091816367265469,Октябрьская,2,SYNTHETIC,2025
1956.4096110182868,25900.04657595286,2025-06-18 23:40:02.794557180,0,1,0.002031810558984518,0.0014816390727218,0.007408195363609,64.00680794158542,Лето,168 days 20:24:58.822253940,0.4111776447105788,Октябрьская,2,SYNTHETIC,2025
16.15302499821538,25916.199600951077,2025-06-18 23:56:11.976057060,0,1,0.002124789595046031,0.0014816390727218,0.007408195363609,64.00680794158542,Лето,168 days 20:41:08.003753820,0.41317365269461076,Октябрьская,2,SYNTHETIC,2025
1257.0165421885858,27173.216143139663,2025-06-19 20:53:12.968588400,0,1,0.0026056822840005676,0.0014816390727218,0.007408195363609,64.00680794158542,Лето,169 days 17:38:08.996285160,0.4151696606786427,Октябрьская,2,SYNTHETIC,2025
293.8122208223039,27467.028363961967,2025-06-20 01:47:01.701837720,0,1,0.0027315333020624735,0.0014816390727218,0.007408195363609,64.00680794158542,Лето,169 days 22:31:57.729534480,0.4171656686626746,Октябрьская,2,SYNTHETIC,2025
754.1617799994322,28221.190143961398,2025-06-20 14:21:11.408637660,0,1,0.003061573288809891,0.0014816390727218,0.007408195363609,64.00680794158542,Лето,170 days 11:06:07.436334420,0.41916167664670656,Октябрьская,2,SYNTHETIC,2025
128.81119699472464,28350.00134095612,2025-06-20 16:30:00.080457360,0,1,0.003624994824947449,0.0014816390727218,0.007408195363609,64.00680794158542,Лето,170 days 13:14:56.108154120,0.42115768463073855,Октябрьская,2,SYNTHETIC,2025
830.613205148585,29180.614546104705,2025-06-21 06:20:36.872766300,0,1,0.00404920492184614,0.0014816390727218,0.007408195363609,64.00680794158542,Лето,171 days 03:05:32.900463060,0.4231536926147705,Октябрьская,2,SYNTHETIC,2025
351.6622535131555,29532.27679961786,2025-06-21 12:12:16.607977080,0,1,0.004050640245332442,0.0014816390727218,0.007408195363609,64.00680794158542,Лето,171 days 08:57:12.635673840,0.4251497005988024,Октябрьская,2,SYNTHETIC,2025
225.46754958450364,29757.744349202363,2025-06-21 15:57:44.660952120,0,1,0.004062432337586173,0.0014816390727218,0.007408195363609,64.00680794158542,Лето,171 days 12:42:40.688648880,0.42714570858283435,Октябрьская,2,SYNTHETIC,2025
647.8166329197927,30405.560982122155,2025-06-22 02:45:33.658927320,0,1,0.00411931717667484,0.0014816390727218,0.007408195363609,64.00680794158542,Лето,171 days 23:30:29.686624080,0.4291417165668663,Октябрьская,2,SYNTHETIC,2025
39.42090837151571,30444.98189049367,2025-06-22 03:24:58.913429640,0,1,0.004318241697788961,0.0014816390727218,0.007408195363609,64.00680794158542,Лето,172 days 00:09:54.941126400,0.4311377245508982,Октябрьская,2,SYNTHETIC,2025
159.90110495055194,30604.882995444223,2025-06-22 06:04:52.979726640,0,1,0.004595732019395226,0.0014816390727218,0.007408195363609,64.00680794158542,Лето,172 days 02:49:49.007423400,0.43313373253493015,Октябрьская,2,SYNTHETIC,2025
19.869444348479366,30624.7524397927,2025-06-22 06:24:45.146387580,0,1,0.004678238677282543,0.0014816390727218,0.007408195363609,64.00680794158542,Лето,172 days 03:09:41.174084340,0.4351297405189621,Октябрьская,2,SYNTHETIC,2025
165.4627191528629,30790.215158945564,2025-06-22 09:10:12.909536760,0,1,0.004786641861120631,0.0014816390727218,0.007408195363609,64.00680794158542,Лето,172 days 05:55:08.937233520,0.437125748502994,Октябрьская,2,SYNTHETIC,2025
262.921163533801,31053.136322479364,2025-06-22 13:33:08.179348740,0,1,0.00480368085539937,0.0014816390727218,0.007408195363609,64.00680794158542,Лето,172 days 10:18:04.207045500,0.43912175648702595,Октябрьская,2,SYNTHETIC,2025
299.37060048820916,31352.506922967572,2025-06-22 18:32:30.415378080,0,1,0.005126102829969821,0.0014816390727218,0.007408195363609,64.00680794158542,Лето,172 days 15:17:26.443074840,0.4411177644710579,Октябрьская,2,SYNTHETIC,2025
337.01244998392065,31689.519372951494,2025-06-23 00:09:31.162377060,0,1,0.005266588896591837,0.0014816390727218,0.007408195363609,64.00680794158542,Лето,172 days 20:54:27.190073820,0.4431137724550898,Октябрьская,2,SYNTHETIC,2025
83.08483260853347,31772.604205560026,2025-06-23 01:32:36.252333600,0,1,0.005333573084391467,0.0014816390727218,0.007408195363609,64.00680794158542,Лето,172 days 22:17:32.280030360,0.44510978043912175,Октябрьская,2,SYNTHETIC,2025
69.61239208856742,31842.216597648592,2025-06-23 02:42:12.995858940,0,1,0.005351974638961486,0.0014816390727218,0.007408195363609,64.00680794158542,Лето,172 days 23:27:09.023555700,0.4471057884231537,Октябрьская,2,SYNTHETIC,2025
55.710701395813885,31897.927299044408,2025-06-23 03:37:55.637942640,0,1,0.005361539607551642,0.0014816390727218,0.007408195363609,64.00680794158542,Лето,173 days 00:22:51.665639400,0.4491017964071856,Октябрьская,2,SYNTHETIC,2025
44.42384950303229,31942.35114854744,2025-06-23 04:22:21.068912820,0,1,0.00545745755660782,0.0014816390727218,0.007408195363609,64.00680794158542,Лето,173 days 01:07:17.096609580,0.45109780439121755,Октябрьская,2,SYNTHETIC,2025
10.438215476255808,31952.789364023698,2025-06-23 04:32:47.361841440,0,1,0.005660311138597457,0.0014816390727218,0.007408195363609,64.00680794158542,Лето,173 days 01:17:43.389538200,0.4530938123752495,Октябрьская,2,SYNTHETIC,2025
110.24897961988968,32063.038343643588,2025-06-23 06:23:02.300618640,0,1,0.005665937114779193,0.0014816390727218,0.007408195363609,64.00680794158542,Лето,173 days 03:07:58.328315400,0.4550898203592814,Октябрьская,2,SYNTHETIC,2025
6.969024648649813,32070.007368292238,2025-06-23 06:30:00.442097520,0,1,0.005676036959992184,0.0014816390727218,0.007408195363609,64.00680794158542,Лето,173 days 03:14:56.469794280,0.45708582834331335,Октябрьская,2,SYNTHETIC,2025
99.64053695578072,32169.647905248017,2025-06-23 08:09:38.874314880,0,1,0.00568023183558949,0.0014816390727218,0.007408195363609,64.00680794158542,Лето,173 days 04:54:34.902011640,0.4590818363273453,Октябрьская,2,SYNTHETIC,2025
125.70955111767267,32295.35745636569,2025-06-23 10:15:21.447381960,0,1,0.005718265437691875,0.0014816390727218,0.007408195363609,64.00680794158542,Лето,173 days 07:00:17.475078720,0.46107784431137727,Октябрьская,2,SYNTHETIC,2025
106.60344143523287,32401.960897800924,2025-06-23 12:01:57.653868060,0,1,0.005839005169706443,0.0014816390727218,0.007408195363609,64.00680794158542,Лето,173 days 08:46:53.681564820,0.4630738522954092,Октябрьская,2,SYNTHETIC,2025
45.219054385976676,32447.1799521869,2025-06-23 12:47:10.797131220,0,1,0.005841331729073915,0.0014816390727218,0.007408195363609,64.00680794158542,Лето,173 days 09:32:06.824827980,0.46506986027944114,Октябрьская,2,SYNTHETIC,2025
123.47360041680002,32570.6535526037,2025-06-23 14:50:39.213156240,0,1,0.005848750172555939,0.0014816390727218,0.007408195363609,64.00680794158542,Лето,173 days 11:35:35.240853,0.46706586826347307,Октябрьская,2,SYNTHETIC,2025
106.01584571903871,32676.669398322738,2025-06-23 16:36:40.163899380,0,1,0.005904500075230298,0.0014816390727218,0.007408195363609,64.00680794158542,Лето,173 days 13:21:36.191596140,0.469061876247505,Октябрьская,2,SYNTHETIC,2025
201.1598078375009,32877.82920616024,2025-06-23 19:57:49.752369600,0,1,0.005981472159202512,0.0014816390727218,0.007408195363609,64.00680794158542,Лето,173 days 16:42:45.780066360,0.47105788423153694,Октябрьская,2,SYNTHETIC,2025
301.3775803174223,33179.20678647766,2025-06-24 00:59:12.407188680,0,1,0.005983568399292381,0.0014816390727218,0.007408195363609,64.00680794158542,Лето,173 days 21:44:08.434885440,0.47305389221556887,Октябрьская,2,SYNTHETIC,2025
1.388895882175485,33180.59568235984,2025-06-24 01:00:35.740941600,0,1,0.0059994162894479,0.0014816390727218,0.007408195363609,64.00680794158542,Лето,173 days 21:45:31.768638360,0.4750499001996008,Октябрьская,2,SYNTHETIC,2025
96.76042931495503,33277.356111674795,2025-06-24 02:37:21.366700500,0,1,0.006084572067486734,0.0014816390727218,0.007408195363609,64.00680794158542,Лето,173 days 23:22:17.394397260,0.47704590818363274,Октябрьская,2,SYNTHETIC,2025
134.95704382756273,33412.31315550236,2025-06-24 04:52:18.789330120,0,1,0.006180093570280687,0.0014816390727218,0.007408195363609,64.00680794158542,Лето,174 days 01:37:14.817026880,0.47904191616766467,Октябрьская,2,SYNTHETIC,2025
155.13754783390743,33567.45070333627,2025-06-24 07:27:27.042200160,0,1,0.006208691282571395,0.0014816390727218,0.007408195363609,64.00680794158542,Лето,174 days 04:12:23.069896920,0.4810379241516966,Октябрьская,2,SYNTHETIC,2025
354.66124182685485,33922.111945163124,2025-06-24 13:22:06.716709780,0,1,0.006223786598011887,0.0014816390727218,0.007408195363609,64.00680794158542,Лето,174 days 10:07:02.744406540,0.48303393213572854,Октябрьская,2,SYNTHETIC,2025
248.35402177608384,34170.465966939206,2025-06-24 17:30:27.958016340,0,1,0.006246225274139889,0.0014816390727218,0.007408195363609,64.00680794158542,Лето,174 days 14:15:23.985713100,0.48502994011976047,Октябрьская,2,SYNTHETIC,2025
142.63261176125152,34313.098578700454,2025-06-24 19:53:05.914722000,0,1,0.006357371659493849,0.0014816390727218,0.007408195363609,64.00680794158542,Лето,174 days 16:38:01.942418760,0.4870259481037924,Октябрьская,2,SYNTHETIC,2025
141.030031704372,34454.12861040483,2025-06-24 22:14:07.716624300,0,1,0.006373211960879554,0.0014816390727218,0.007408195363609,64.00680794158542,Лето,174 days 18:59:03.744321060,0.48902195608782434,Октябрьская,2,SYNTHETIC,2025
34.776321646381916,34488.904932051206,2025-06-24 22:48:54.295923060,0,1,0.006489696364128161,0.0014816390727218,0.007408195363609,64.00680794158542,Лето,174 days 19:33:50.323619820,0.49101796407185627,Октябрьская,2,SYNTHETIC,2025
68.40605455796728,34557.310986609176,2025-06-24 23:57:18.659196540,0,1,0.006584763435692756,0.0014816390727218,0.007408195363609,64.00680794158542,Лето,174 days 20:42:14.686893300,0.4930139720558882,Октябрьская,2,SYNTHETIC,2025
25.709894850759422,34583.02088145994,2025-06-25 00:23:01.252887600,1,0,0.007408195363609,0.0014816390727218,0.007408195363609,64.00680794158542,Лето,174 days 21:07:57.280584360,0.49500998003992014,Октябрьская,2,SYNTHETIC,2025
67.163491432673,34650.18437289261,2025-06-25 01:30:11.062373580,1,0,0.007408195363609,0.0014816390727218,0.007408195363609,64.00680794158542,Лето,174 days 22:15:07.090070340,0.49700598802395207,Октябрьская,2,SYNTHETIC,2025
89.78841707024063,34739.97278996285,2025-06-25 02:59:58.367397780,1,0,0.007408195363609,0.0014816390727218,0.007408195363609,64.00680794158542,Лето,174 days 23:44:54.395094540,0.499001996007984,Октябрьская,2,SYNTHETIC,2025
50.63891480089333,34790.611704763745,2025-06-25 03:50:36.702285840,1,0,0.007408195363609,0.0014816390727218,0.007408195363609,64.00680794158542,Лето,175 days 00:35:32.729982600,0.500998003992016,Октябрьская,2,SYNTHETIC,2025
91.48415282625129,34882.09585758999,2025-06-25 05:22:05.751455400,1,0,0.007408195363609,0.0014816390727218,0.007408195363609,64.00680794158542,Лето,175 days 02:07:01.779152160,0.5029940119760479,Октябрьская,2,SYNTHETIC,2025
107.37368246536302,34989.469540055354,2025-06-25 07:09:28.172403300,1,0,0.007408195363609,0.0014816390727218,0.007408195363609,64.00680794158542,Лето,175 days 03:54:24.200100060,0.5049900199600799,Октябрьская,2,SYNTHETIC,2025
301.62410695473267,35291.093647010086,2025-06-25 12:11:05.618820600,1,0,0.007408195363609,0.0014816390727218,0.007408195363609,64.00680794158542,Лето,175 days 08:56:01.646517360,0.5069860279441117,Октябрьская,2,SYNTHETIC,2025
108.92976906335423,35400.02341607344,2025-06-25 14:00:01.404964380,1,0,0.007408195363609,0.0014816390727218,0.007408195363609,64.00680794158542,Лето,175 days 10:44:57.432661140,0.5089820359281437,Октябрьская,2,SYNTHETIC,2025
69.90938859417308,35469.93280466762,2025-06-25 15:09:55.968280080,1,0,0.007408195363609,0.0014816390727218,0.007408195363609,64.00680794158542,Лето,175 days 11:54:51.995976840,0.5109780439121756,Октябрьская,2,SYNTHETIC,2025
243.83748582844638,35713.77029049606,2025-06-25 19:13:46.217429760,1,0,0.007408195363609,0.0014816390727218,0.007408195363609,64.00680794158542,Лето,175 days 15:58:42.245126520,0.5129740518962076,Октябрьская,2,SYNTHETIC,2025
24.153048533534438,35737.92333902959,2025-06-25 19:37:55.400341800,1,0,0.007408195363609,0.0014816390727218,0.007408195363609,64.00680794158542,Лето,175 days 16:22:51.428038560,0.5149700598802395,Октябрьская,2,SYNTHETIC,2025
82.97143299042445,35820.894772020016,2025-06-25 21:00:53.686321200,1,0,0.007408195363609,0.0014816390727218,0.007408195363609,64.00680794158542,Лето,175 days 17:45:49.714017960,0.5169660678642715,Октябрьская,2,SYNTHETIC,2025
72.99078808662973,35893.885560106646,2025-06-25 22:13:53.133606420,1,0,0.007408195363609,0.0014816390727218,0.007408195363609,64.00680794158542,Лето,175 days 18:58:49.161303180,0.5189620758483033,Октябрьская,2,SYNTHETIC,2025
1.1791137608367104,35895.064673867484,2025-06-25 22:15:03.880432019,1,0,0.007408195363609,0.0014816390727218,0.007408195363609,64.00680794158542,Лето,175 days 18:59:59.908128779,0.5209580838323353,Октябрьская,2,SYNTHETIC,2025
156.60952181088732,36051.67419567837,2025-06-26 00:51:40.451740680,1,0,0.007408195363609,0.0014816390727218,0.007408195363609,64.00680794158542,Лето,175 days 21:36:36.479437440,0.5229540918163673,Октябрьская,2,SYNTHETIC,2025
220.28267201885535,36271.95686769723,2025-06-26 04:31:57.412061820,1,0,0.007408195363609,0.0014816390727218,0.007408195363609,64.00680794158542,Лето,176 days 01:16:53.439758580,0.5249500998003992,Октябрьская,2,SYNTHETIC,2025
176.22405182361194,36448.18091952084,2025-06-26 07:28:10.855171260,1,0,0.007408195363609,0.0014816390727218,0.007408195363609,64.00680794158542,Лето,176 days 04:13:06.882868020,0.5269461077844312,Октябрьская,2,SYNTHETIC,2025
512.0684534176664,36960.24937293851,2025-06-26 16:00:14.962376340,1,0,0.007408195363609,0.0014816390727218,0.007408195363609,64.00680794158542,Лето,176 days 12:45:10.990073100,0.5289421157684631,Октябрьская,2,SYNTHETIC,2025
739.8766851348201,37700.12605807333,2025-06-27 04:20:07.563484380,1,0,0.007408195363609,0.0014816390727218,0.007408195363609,64.00680794158542,Лето,177 days 01:05:03.591181140,0.530938123752495,Октябрьская,2,SYNTHETIC,2025
389.07483140000124,38089.20088947333,2025-06-27 10:49:12.053368380,1,0,0.007408195363609,0.0014816390727218,0.007408195363609,64.00680794158542,Лето,177 days 07:34:08.081065140,0.5329341317365269,Октябрьская,2,SYNTHETIC,2025
54.88052074350758,38144.08141021684,2025-06-27 11:44:04.884613020,1,0,0.007408195363609,0.0014816390727218,0.007408195363609,64.00680794158542,Лето,177 days 08:29:00.912309780,0.5349301397205589,Октябрьская,2,SYNTHETIC,2025
378.4297569049887,38522.511167121826,2025-06-27 18:02:30.670027320,1,0,0.007408195363609,0.0014816390727218,0.007408195363609,64.00680794158542,Лето,177 days 14:47:26.697724080,0.5369261477045908,Октябрьская,2,SYNTHETIC,2025
151.66303448302367,38674.17420160485,2025-06-27 20:34:10.452096300,1,0,0.007408195363609,0.0014816390727218,0.007408195363609,64.00680794158542,Лето,177 days 17:19:06.479793060,0.5389221556886228,Октябрьская,2,SYNTHETIC,2025
12.78051382422713,38686.95471542908,2025-06-27 20:46:57.282925740,1,0,0.007408195363609,0.0014816390727218,0.007408195363609,64.00680794158542,Лето,177 days 17:31:53.310622500,0.5409181636726547,Октябрьская,2,SYNTHETIC,2025
38.87019448542641,38725.8249099145,2025-06-27 21:25:49.494594900,1,0,0.007408195363609,0.0014816390727218,0.007408195363609,64.00680794158542,Лето,177 days 18:10:45.522291660,0.5429141716566867,Октябрьская,2,SYNTHETIC,2025
373.7515482174921,39099.576458131996,2025-06-28 03:39:34.587487920,1,0,0.007408195363609,0.0014816390727218,0.007408195363609,64.00680794158542,Лето,178 days 00:24:30.615184680,0.5449101796407185,Октябрьская,2,SYNTHETIC,2025
150.96848741165655,39250.544945543654,2025-06-28 06:10:32.696732639,1,0,0.007408195363609,0.0014816390727218,0.007408195363609,64.00680794158542,Лето,178 days 02:55:28.724429399,0.5469061876247505,Октябрьская,2,SYNTHETIC,2025
99.62284898950094,39350.167794533154,2025-06-28 07:50:10.067671980,1,0,0.007408195363609,0.0014816390727218,0.007408195363609,64.00680794158542,Лето,178 days 04:35:06.095368740,0.5489021956087824,Октябрьская,2,SYNTHETIC,2025
239.49677741475483,39589.664571947906,2025-06-28 11:49:39.874316880,1,0,0.007408195363609,0.0014816390727218,0.007408195363609,64.00680794158542,Лето,178 days 08:34:35.902013640,0.5508982035928144,Октябрьская,2,SYNTHETIC,2025
23.49316417299635,39613.157736120906,2025-06-28 12:13:09.464167260,1,0,0.007408195363609,0.0014816390727218,0.007408195363609,64.00680794158542,Лето,178 days 08:58:05.491864020,0.5528942115768463,Октябрьская,2,SYNTHETIC,2025
26.114388455737334,39639.272124576644,2025-06-28 12:39:16.327474619,1,0,0.007408195363609,0.0014816390727218,0.007408195363609,64.00680794158542,Лето,178 days 09:24:12.355171379,0.5548902195608783,Октябрьская,2,SYNTHETIC,2025
70.67972910048255,39709.95185367713,2025-06-28 13:49:57.111220620,1,0,0.007408195363609,0.0014816390727218,0.007408195363609,64.00680794158542,Лето,178 days 10:34:53.138917380,0.5568862275449101,Октябрьская,2,SYNTHETIC,2025
265.16035908679186,39975.11221276392,2025-06-28 18:15:06.732765840,1,0,0.007408195363609,0.0014816390727218,0.007408195363609,64.00680794158542,Лето,178 days 15:00:02.760462600,0.5588822355289421,Октябрьская,2,SYNTHETIC,2025
29.9765482651169,40005.08876102904,2025-06-28 18:45:05.325661740,1,0,0.007408195363609,0.0014816390727218,0.007408195363609,64.00680794158542,Лето,178 days 15:30:01.353358500,0.5608782435129741,Октябрьская,2,SYNTHETIC,2025
36.68937843762023,40041.77813946666,2025-06-28 19:21:46.688368020,1,0,0.007408195363609,0.0014816390727218,0.007408195363609,64.00680794158542,Лето,178 days 16:06:42.716064780,0.562874251497006,Октябрьская,2,SYNTHETIC,2025
222.5453634680379,40264.3235029347,2025-06-28 23:04:19.410176100,1,0,0.007408195363609,0.0014816390727218,0.007408195363609,64.00680794158542,Лето,178 days 19:49:15.437872860,0.564870259481038,Октябрьская,2,SYNTHETIC,2025
77.66819939667533,40341.991702331376,2025-06-29 00:21:59.502139860,1,0,0.007408195363609,0.0014816390727218,0.007408195363609,64.00680794158542,Лето,178 days 21:06:55.529836620,0.5668662674650699,Октябрьская,2,SYNTHETIC,2025
30.07672564460161,40372.06842797598,2025-06-29 00:52:04.105678560,1,0,0.007408195363609,0.0014816390727218,0.007408195363609,64.00680794158542,Лето,178 days 21:37:00.133375320,0.5688622754491018,Октябрьская,2,SYNTHETIC,2025
194.5443275883377,40566.61275556432,2025-06-29 04:06:36.765333840,1,0,0.007408195363609,0.0014816390727218,0.007408195363609,64.00680794158542,Лето,179 days 00:51:32.793030600,0.5708582834331337,Октябрьская,2,SYNTHETIC,2025
442.90532766893125,41009.51808323325,2025-06-29 11:29:31.084993980,1,0,0.007408195363609,0.0014816390727218,0.007408195363609,64.00680794158542,Лето,179 days 08:14:27.112690740,0.5728542914171657,Октябрьская,2,SYNTHETIC,2025
397.6258103506499,41407.143893583896,2025-06-29 18:07:08.633615040,1,0,0.007408195363609,0.0014816390727218,0.007408195363609,64.00680794158542,Лето,179 days 14:52:04.661311800,0.5748502994011976,Октябрьская,2,SYNTHETIC,2025
16.16074178002627,41423.30463536392,2025-06-29 18:23:18.278121840,1,0,0.007408195363609,0.0014816390727218,0.007408195363609,64.00680794158542,Лето,179 days 15:08:14.305818600,0.5768463073852296,Октябрьская,2,SYNTHETIC,2025
10.489511159003673,41433.79414652292,2025-06-29 18:33:47.648791380,1,0,0.007408195363609,0.0014816390727218,0.007408195363609,64.00680794158542,Лето,179 days 15:18:43.676488140,0.5788423153692615,Октябрьская,2,SYNTHETIC,2025
77.13997943403898,41510.93412595696,2025-06-29 19:50:56.047557420,1,0,0.007408195363609,0.0014816390727218,0.007408195363609,64.00680794158542,Лето,179 days 16:35:52.075254180,0.5808383233532934,Октябрьская,2,SYNTHETIC,2025
127.16069117495549,41638.09481713192,2025-06-29 21:58:05.689027920,1,0,0.007408195363609,0.0014816390727218,0.007408195363609,64.00680794158542,Лето,179 days 18:43:01.716724680,0.5828343313373253,Октябрьская,2,SYNTHETIC,2025
8.222528436386781,41646.317345568306,2025-06-29 22:06:19.040734080,1,0,0.007408195363609,0.0014816390727218,0.007408195363609,64.00680794158542,Лето,179 days 18:51:15.068430840,0.5848303393213573,Октябрьская,2,SYNTHETIC,2025
42.52632698714875,41688.84367255546,2025-06-29 22:48:50.620353300,1,0,0.007408195363609,0.0014816390727218,0.007408195363609,64.00680794158542,Лето,179 days 19:33:46.648050060,0.5868263473053892,Октябрьская,2,SYNTHETIC,2025
79.54736817583282,41768.39104073129,2025-06-30 00:08:23.462443860,1,0,0.007408195363609,0.0014816390727218,0.007408195363609,64.00680794158542,Лето,179 days 20:53:19.490140620,0.5888223552894212,Октябрьская,2,SYNTHETIC,2025
55.26337972765455,41823.654420458945,2025-06-30 01:03:39.265227540,1,0,0.007408195363609,0.0014816390727218,0.007408195363609,64.00680794158542,Лето,179 days 21:48:35.292924300,0.590818363273453,Октябрьская,2,SYNTHETIC,2025
91.99823848952967,41915.65265894847,2025-06-30 02:35:39.159536880,1,0,0.007408195363609,0.0014816390727218,0.007408195363609,64.00680794158542,Лето,179 days 23:20:35.187233640,0.592814371257485,Октябрьская,2,SYNTHETIC,2025
145.82010455267164,42061.472763501144,2025-06-30 05:01:28.365810060,1,0,0.007408195363609,0.0014816390727218,0.007408195363609,64.00680794158542,Лето,180 days 01:46:24.393506820,0.5948103792415169,Октябрьская,2,SYNTHETIC,2025
26.02611181404942,42087.49887531519,2025-06-30 05:27:29.932518900,1,0,0.007408195363609,0.0014816390727218,0.007408195363609,64.00680794158542,Лето,180 days 02:12:25.960215660,0.5968063872255489,Октябрьская,2,SYNTHETIC,2025
109.69087418248188,42197.18974949767,2025-06-30 07:17:11.384969880,1,0,0.007408195363609,0.0014816390727218,0.007408195363609,64.00680794158542,Лето,180 days 04:02:07.412666640,0.5988023952095808,Октябрьская,2,SYNTHETIC,2025
108.80247079798079,42305.99222029565,2025-06-30 09:05:59.533217760,1,0,0.007408195363609,0.0014816390727218,0.007408195363609,64.00680794158542,Лето,180 days 05:50:55.560914520,0.6007984031936128,Октябрьская,2,SYNTHETIC,2025
70.26234721098437,42376.254567506636,2025-06-30 10:16:15.274050420,1,0,0.007408195363609,0.0014816390727218,0.007408195363609,64.00680794158542,Лето,180 days 07:01:11.301747180,0.6027944111776448,Октябрьская,2,SYNTHETIC,2025
3.9215371514919415,42380.17610465813,2025-06-30 10:20:10.566279480,1,0,0.007408195363609,0.0014816390727218,0.007408195363609,64.00680794158542,Лето,180 days 07:05:06.593976240,0.6047904191616766,Октябрьская,2,SYNTHETIC,2025
15.673911464867384,42395.850016123,2025-06-30 10:35:51.000967380,1,0,0.007408195363609,0.0014816390727218,0.007408195363609,64.00680794158542,Лето,180 days 07:20:47.028664140,0.6067864271457086,Октябрьская,2,SYNTHETIC,2025
68.39466867755984,42464.24468480056,2025-06-30 11:44:14.681088060,1,0,0.007408195363609,0.0014816390727218,0.007408195363609,64.00680794158542,Лето,180 days 08:29:10.708784820,0.6087824351297405,Октябрьская,2,SYNTHETIC,2025
56.1371510962464,42520.381835896806,2025-06-30 12:40:22.910153820,1,0,0.007408195363609,0.0014816390727218,0.007408195363609,64.00680794158542,Лето,180 days 09:25:18.937850580,0.6107784431137725,Октябрьская,2,SYNTHETIC,2025
0.9331515413543129,42521.31498743816,2025-06-30 12:41:18.899246280,1,0,0.007408195363609,0.0014816390727218,0.007408195363609,64.00680794158542,Лето,180 days 09:26:14.926943040,0.6127744510978044,Октябрьская,2,SYNTHETIC,2025
71.35925767990733,42592.67424511807,2025-06-30 13:52:40.454707080,1,0,0.007408195363609,0.0014816390727218,0.007408195363609,64.00680794158542,Лето,180 days 10:37:36.482403840,0.6147704590818364,Октябрьская,2,SYNTHETIC,2025
57.931511507738904,42650.60575662581,2025-06-30 14:50:36.345397560,1,0,0.007408195363609,0.0014816390727218,0.007408195363609,64.00680794158542,Лето,180 days 11:35:32.373094320,0.6167664670658682,Октябрьская,2,SYNTHETIC,2025
8.423068847000096,42659.02882547281,2025-06-30 14:59:01.729528380,1,0,0.007408195363609,0.0014816390727218,0.007408195363609,64.00680794158542,Лето,180 days 11:43:57.757225140,0.6187624750499002,Октябрьская,2,SYNTHETIC,2025
110.69525439647667,42769.72407986929,2025-06-30 16:49:43.444792140,1,0,0.007408195363609,0.0014816390727218,0.007408195363609,64.00680794158542,Лето,180 days 13:34:39.472488900,0.6207584830339321,Октябрьская,2,SYNTHETIC,2025
115.33054672577121,42885.05462659506,2025-06-30 18:45:03.277595700,1,0,0.007408195363609,0.0014816390727218,0.007408195363609,64.00680794158542,Лето,180 days 15:29:59.305292460,0.6227544910179641,Октябрьская,2,SYNTHETIC,2025
207.19893631768286,43092.253562912745,2025-06-30 22:12:15.213774780,1,0,0.007408195363609,0.0014816390727218,0.007408195363609,64.00680794158542,Лето,180 days 18:57:11.241471540,0.624750499001996,Октябрьская,2,SYNTHETIC,2025
46.70474786905899,43138.9583107818,2025-06-30 22:58:57.498646920,1,0,0.007408195363609,0.0014816390727218,0.007408195363609,64.00680794158542,Лето,180 days 19:43:53.526343680,0.626746506986028,Октябрьская,2,SYNTHETIC,2025
40.165429900960085,43179.123740682764,2025-06-30 23:39:07.424440980,1,0,0.007408195363609,0.0014816390727218,0.007408195363609,64.00680794158542,Лето,180 days 20:24:03.452137740,0.6287425149700598,Октябрьская,2,SYNTHETIC,2025
291.3905065306716,43470.51424721343,2025-07-01 04:30:30.854832780,1,0,0.007408195363609,0.0014816390727218,0.007408195363609,64.00680794158542,Лето,181 days 01:15:26.882529540,0.6307385229540918,Октябрьская,2,SYNTHETIC,2025
63.028859539143625,43533.54310675258,2025-07-01 05:33:32.586405180,1,0,0.007408195363609,0.0014816390727218,0.007408195363609,64.00680794158542,Лето,181 days 02:18:28.614101940,0.6327345309381237,Октябрьская,2,SYNTHETIC,2025
75.20641293097025,43608.74951968355,2025-07-01 06:48:44.971181040,1,0,0.007408195363609,0.0014816390727218,0.007408195363609,64.00680794158542,Лето,181 days 03:33:40.998877800,0.6347305389221557,Октябрьская,2,SYNTHETIC,2025
39.91333121983188,43648.66285090338,2025-07-01 07:28:39.771054180,1,0,0.007408195363609,0.0014816390727218,0.007408195363609,64.00680794158542,Лето,181 days 04:13:35.798750940,0.6367265469061876,Октябрьская,2,SYNTHETIC,2025
83.93444078296307,43732.59729168635,2025-07-01 08:52:35.837501160,1,0,0.007408195363609,0.0014816390727218,0.007408195363609,64.00680794158542,Лето,181 days 05:37:31.865197920,0.6387225548902196,Октябрьская,2,SYNTHETIC,2025
107.3567289411446,43839.95402062749,2025-07-01 10:39:57.241237620,1,0,0.007408195363609,0.0014816390727218,0.007408195363609,64.00680794158542,Лето,181 days 07:24:53.268934380,0.6407185628742516,Октябрьская,2,SYNTHETIC,2025
297.1244947807195,44137.07851540821,2025-07-01 15:37:04.710924480,1,0,0.007408195363609,0.0014816390727218,0.007408195363609,64.00680794158542,Лето,181 days 12:22:00.738621240,0.6427145708582834,Октябрьская,2,SYNTHETIC,2025
366.7081464713075,44503.786661879516,2025-07-01 21:43:47.199712800,1,0,0.007408195363609,0.0014816390727218,0.007408195363609,64.00680794158542,Лето,181 days 18:28:43.227409560,0.6447105788423154,Октябрьская,2,SYNTHETIC,2025
29.69314334095279,44533.47980522047,2025-07-01 22:13:28.788313200,1,0,0.007408195363609,0.0014816390727218,0.007408195363609,64.00680794158542,Лето,181 days 18:58:24.816009960,0.6467065868263473,Октябрьская,2,SYNTHETIC,2025
138.4351416208333,44671.9149468413,2025-07-02 00:31:54.896810460,1,0,0.007408195363609,0.0014816390727218,0.007408195363609,64.00680794158542,Лето,181 days 21:16:50.924507220,0.6487025948103793,Октябрьская,2,SYNTHETIC,2025
59.898728729992975,44731.81367557129,2025-07-02 01:31:48.820534260,1,0,0.007408195363609,0.0014816390727218,0.007408195363609,64.00680794158542,Лето,181 days 22:16:44.848231020,0.6506986027944112,Октябрьская,2,SYNTHETIC,2025
140.1833413957252,44871.99701696702,2025-07-02 03:51:59.821018020,1,0,0.007408195363609,0.0014816390727218,0.007408195363609,64.00680794158542,Лето,182 days 00:36:55.848714780,0.6526946107784432,Октябрьская,2,SYNTHETIC,2025
255.76590254840653,45127.76291951543,2025-07-02 08:07:45.775170900,1,0,0.007408195363609,0.0014816390727218,0.007408195363609,64.00680794158542,Лето,182 days 04:52:41.802867660,0.654690618762475,Октябрьская,2,SYNTHETIC,2025
15.857240648921696,45143.62016016435,2025-07-02 08:23:37.209609840,1,0,0.007408195363609,0.0014816390727218,0.007408195363609,64.00680794158542,Лето,182 days 05:08:33.237306600,0.656686626746507,Октябрьская,2,SYNTHETIC,2025
428.97217194248583,45572.59233210683,2025-07-02 15:32:35.539926420,0,0,0.0014816390727218,0.0014816390727218,0.007408195363609,64.00680794158542,Лето,182 days 12:17:31.567623180,0.6586826347305389,Октябрьская,2,SYNTHETIC,2025
2129.9351696544245,47702.52750176126,2025-07-04 03:02:31.650105660,0,0,0.0014816390727218,0.0014816390727218,0.007408195363609,64.00680794158542,Лето,183 days 23:47:27.677802420,0.6606786427145709,Октябрьская,2,SYNTHETIC,2025
372.33703813052847,48074.86453989179,2025-07-04 09:14:51.872393520,0,0,0.0014816390727218,0.0014816390727218,0.007408195363609,64.00680794158542,Лето,184 days 05:59:47.900090280,0.6626746506986028,Октябрьская,2,SYNTHETIC,2025
1478.6648353456117,49553.5293752374,2025-07-05 09:53:31.762514220,0,0,0.0014816390727218,0.0014816390727218,0.007408195363609,64.00680794158542,Лето,185 days 06:38:27.790210980,0.6646706586826348,Октябрьская,2,SYNTHETIC,2025
15.80955039937339,49569.33892563677,2025-07-05 10:09:20.335538220,0,0,0.0014816390727218,0.0014816390727218,0.007408195363609,64.00680794158542,Лето,185 days 06:54:16.363234980,0.6666666666666666,Октябрьская,2,SYNTHETIC,2025
9.630588586981876,49578.969514223754,2025-07-05 10:18:58.170853440,0,0,0.0014816390727218,0.0014816390727218,0.007408195363609,64.00680794158542,Лето,185 days 07:03:54.198550200,0.6686626746506986,Октябрьская,2,SYNTHETIC,2025
319.2688789273764,49898.23839315113,2025-07-05 15:38:14.303589060,0,0,0.0014816390727218,0.0014816390727218,0.007408195363609,64.00680794158542,Лето,185 days 12:23:10.331285820,0.6706586826347305,Октябрьская,2,SYNTHETIC,2025
1415.6748823887635,51313.91327553989,2025-07-06 15:13:54.796532400,0,0,0.0014816390727218,0.0014816390727218,0.007408195363609,64.00680794158542,Лето,186 days 11:58:50.824229160,0.6726546906187625,Октябрьская,2,SYNTHETIC,2025
730.4222202208069,52044.33549576069,2025-07-07 03:24:20.129745660,0,0,0.0014816390727218,0.0014816390727218,0.007408195363609,64.00680794158542,Лето,187 days 00:09:16.157442420,0.6746506986027944,Октябрьская,2,SYNTHETIC,2025
794.7230216055829,52839.05851736628,2025-07-07 16:39:03.511041960,0,0,0.0014816390727218,0.0014816390727218,0.007408195363609,64.00680794158542,Лето,187 days 13:23:59.538738720,0.6766467065868264,Октябрьская,2,SYNTHETIC,2025
476.96945114785336,53316.02796851413,2025-07-08 00:36:01.678110840,0,0,0.0014816390727218,0.0014816390727218,0.007408195363609,64.00680794158542,Лето,187 days 21:20:57.705807600,0.6786427145708582,Октябрьская,2,SYNTHETIC,2025
395.69237502603585,53711.72034354017,2025-07-08 07:11:43.220612400,0,0,0.0014816390727218,0.0014816390727218,0.007408195363609,64.00680794158542,Лето,188 days 03:56:39.248309160,0.6806387225548902,Октябрьская,2,SYNTHETIC,2025
5051.125391972521,58762.84573551269,2025-07-11 19:22:50.744130780,0,0,0.0014816390727218,0.0014816390727218,0.007408195363609,64.00680794158542,Лето,191 days 16:07:46.771827540,0.6826347305389222,Октябрьская,2,SYNTHETIC,2025
447.67365313560816,59210.519388648296,2025-07-12 02:50:31.163318879,0,0,0.0014816390727218,0.0014816390727218,0.007408195363609,64.00680794158542,Лето,191 days 23:35:27.191015639,0.6846307385229541,Октябрьская,2,SYNTHETIC,2025
2975.6556533564394,62186.17504200473,2025-07-14 04:26:10.502520300,0,0,0.0014816390727218,0.0014816390727218,0.007408195363609,64.00680794158542,Лето,194 days 01:11:06.530217060,0.6866267465069861,Октябрьская,2,SYNTHETIC,2025
40.76185630369676,62226.93689830843,2025-07-14 05:06:56.213898480,0,0,0.0014816390727218,0.0014816390727218,0.007408195363609,64.00680794158542,Лето,194 days 01:51:52.241595240,0.688622754491018,Октябрьская,2,SYNTHETIC,2025
201.55884424885386,62428.49574255728,2025-07-14 08:28:29.744553420,0,0,0.0014816390727218,0.0014816390727218,0.007408195363609,64.00680794158542,Лето,194 days 05:13:25.772250180,0.6906187624750499,Октябрьская,2,SYNTHETIC,2025
905.2669581206108,63333.76270067789,2025-07-14 23:33:45.762040680,0,0,0.0014816390727218,0.0014816390727218,0.007408195363609,64.00680794158542,Лето,194 days 20:18:41.789737440,0.6926147704590818,Октябрьская,2,SYNTHETIC,2025
23.255394520497717,63357.01809519839,2025-07-14 23:57:01.085711880,0,0,0.0014816390727218,0.0014816390727218,0.007408195363609,64.00680794158542,Лето,194 days 20:41:57.113408640,0.6946107784431138,Октябрьская,2,SYNTHETIC,2025
244.37920860556446,63601.397303803955,2025-07-15 04:01:23.838228240,0,0,0.0014816390727218,0.0014816390727218,0.007408195363609,64.00680794158542,Лето,195 days 00:46:19.865925,0.6966067864271457,Октябрьская,2,SYNTHETIC,2025
1199.437431649902,64800.83473545386,2025-07-16 00:00:50.084127240,0,0,0.0014816390727218,0.0014816390727218,0.007408195363609,64.00680794158542,Лето,195 days 20:45:46.111824,0.6986027944111777,Октябрьская,2,SYNTHETIC,2025
284.775944156321,65085.610679610174,2025-07-16 04:45:36.640776600,0,0,0.0014816390727218,0.0014816390727218,0.007408195363609,64.00680794158542,Лето,196 days 01:30:32.668473360,0.7005988023952096,Октябрьская,2,SYNTHETIC,2025
312.9188748463853,65398.52955445656,2025-07-16 09:58:31.773267420,0,0,0.0014816390727218,0.0014816390727218,0.007408195363609,64.00680794158542,Лето,196 days 06:43:27.800964180,0.7025948103792415,Октябрьская,2,SYNTHETIC,2025
115.02068001854899,65513.55023447511,2025-07-16 11:53:33.014068500,0,0,0.0014816390727218,0.0014816390727218,0.007408195363609,64.00680794158542,Лето,196 days 08:38:29.041765260,0.7045908183632734,Октябрьская,2,SYNTHETIC,2025
475.82534840396596,65989.37558287907,2025-07-16 19:49:22.534972740,0,0,0.0014816390727218,0.0014816390727218,0.007408195363609,64.00680794158542,Лето,196 days 16:34:18.562669500,0.7065868263473054,Октябрьская,2,SYNTHETIC,2025
949.53322736974,66938.90881024882,2025-07-17 11:38:54.528614940,0,0,0.0014816390727218,0.0014816390727218,0.007408195363609,64.00680794158542,Лето,197 days 08:23:50.556311700,0.7085828343313373,Октябрьская,2,SYNTHETIC,2025
144.25585071657235,67083.16466096538,2025-07-17 14:03:09.879657900,0,0,0.0014816390727218,0.0014816390727218,0.007408195363609,64.00680794158542,Лето,197 days 10:48:05.907354660,0.7105788423153693,Октябрьская,2,SYNTHETIC,2025
53.233211220154594,67136.39787218554,2025-07-17 14:56:23.872331160,0,0,0.0014816390727218,0.0014816390727218,0.007408195363609,64.00680794158542,Лето,197 days 11:41:19.900027920,0.7125748502994012,Октябрьская,2,SYNTHETIC,2025
484.1271022183161,67620.52497440386,2025-07-17 23:00:31.498464239,0,0,0.0014816390727218,0.0014816390727218,0.007408195363609,64.00680794158542,Лето,197 days 19:45:27.526160999,0.7145708582834331,Октябрьская,2,SYNTHETIC,2025
133.4364488634549,67753.96142326732,2025-07-18 01:13:57.685396020,0,0,0.0014816390727218,0.0014816390727218,0.007408195363609,64.00680794158542,Лето,197 days 21:58:53.713092780,0.716566866267465,Октябрьская,2,SYNTHETIC,2025
396.039036841054,68150.00046010838,2025-07-18 07:50:00.027606480,0,0,0.0014816390727218,0.0014816390727218,0.007408195363609,64.00680794158542,Лето,198 days 04:34:56.055303240,0.718562874251497,Октябрьская,2,SYNTHETIC,2025
325.16371707438736,68475.16417718277,2025-07-18 13:15:09.850630980,0,0,0.0014816390727218,0.0014816390727218,0.007408195363609,64.00680794158542,Лето,198 days 10:00:05.878327740,0.720558882235529,Октябрьская,2,SYNTHETIC,2025
129.19286886859544,68604.35704605137,2025-07-18 15:24:21.422763060,0,0,0.0014816390727218,0.0014816390727218,0.007408195363609,64.00680794158542,Лето,198 days 12:09:17.450459820,0.7225548902195609,Октябрьская,2,SYNTHETIC,2025
431.2562119372017,69035.61325798857,2025-07-18 22:35:36.795479340,0,0,0.0014816390727218,0.0014816390727218,0.007408195363609,64.00680794158542,Лето,198 days 19:20:32.823176100,0.7245508982035929,Октябрьская,2,SYNTHETIC,2025
2252.519616273224,71288.13287426179,2025-07-20 12:08:07.972455720,0,0,0.0014816390727218,0.0014816390727218,0.007408195363609,64.00680794158542,Лето,200 days 08:53:04.000152480,0.7265469061876247,Октябрьская,2,SYNTHETIC,2025
854.5916626829566,72142.72453694475,2025-07-21 02:22:43.472216700,0,0,0.0014816390727218,0.0014816390727218,0.007408195363609,64.00680794158542,Лето,200 days 23:07:39.499913460,0.7285429141716567,Октябрьская,2,SYNTHETIC,2025
593.3342491488926,72736.05878609364,2025-07-21 12:16:03.527165640,0,0,0.0014816390727218,0.0014816390727218,0.007408195363609,64.00680794158542,Лето,201 days 09:00:59.554862400,0.7305389221556886,Октябрьская,2,SYNTHETIC,2025
27.034891127298394,72763.09367722094,2025-07-21 12:43:05.620633260,0,0,0.0014816390727218,0.0014816390727218,0.007408195363609,64.00680794158542,Лето,201 days 09:28:01.648330020,0.7325349301397206,Октябрьская,2,SYNTHETIC,2025
978.3078554146489,73741.40153263559,2025-07-22 05:01:24.091958160,0,0,0.0014816390727218,0.0014816390727218,0.007408195363609,64.00680794158542,Лето,202 days 01:46:20.119654920,0.7345309381237525,Октябрьская,2,SYNTHETIC,2025
510.15477175356483,74251.55630438915,2025-07-22 13:31:33.378263340,0,0,0.0014816390727218,0.0014816390727218,0.007408195363609,64.00680794158542,Лето,202 days 10:16:29.405960100,0.7365269461077845,Октябрьская,2,SYNTHETIC,2025
388.50672806377133,74640.06303245292,2025-07-22 20:00:03.781947180,0,0,0.0014816390727218,0.0014816390727218,0.007408195363609,64.00680794158542,Лето,202 days 16:44:59.809643940,0.7385229540918163,Октябрьская,2,SYNTHETIC,2025
841.3443504259105,75481.40738287882,2025-07-23 10:01:24.442972740,0,0,0.0014816390727218,0.0014816390727218,0.007408195363609,64.00680794158542,Лето,203 days 06:46:20.470669500,0.7405189620758483,Октябрьская,2,SYNTHETIC,2025
88.07994796625346,75569.48733084508,2025-07-23 11:29:29.239850700,0,0,0.0014816390727218,0.0014816390727218,0.007408195363609,64.00680794158542,Лето,203 days 08:14:25.267547460,0.7425149700598802,Октябрьская,2,SYNTHETIC,2025
289.3885884068449,75858.87591925192,2025-07-23 16:18:52.555155120,0,0,0.0014816390727218,0.0014816390727218,0.007408195363609,64.00680794158542,Лето,203 days 13:03:48.582851880,0.7445109780439122,Октябрьская,2,SYNTHETIC,2025
690.141170835992,76549.01709008792,2025-07-24 03:49:01.025405280,0,0,0.0014816390727218,0.0014816390727218,0.007408195363609,64.00680794158542,Лето,204 days 00:33:57.053102040,0.7465069860279441,Октябрьская,2,SYNTHETIC,2025
2839.7619007785415,2839.7619007785415,2025-09-02 23:19:45.714046740,0,0,0.0009700889248181,0.0009700889248181,0.0048504446240904995,41.90784155214228,Осень,244 days 20:04:41.741743500,0.7485029940119761,Октябрьская,2,SYNTHETIC,2025
2744.107395627056,5583.869296405597,2025-09-04 21:03:52.157784360,0,0,0.0009700889248181,0.0009700889248181,0.0048504446240904995,41.90784155214228,Осень,246 days 17:48:48.185481120,0.7504990019960079,Октябрьская,2,SYNTHETIC,2025
90.53730110854418,5674.406597514141,2025-09-04 22:34:24.395850840,0,0,0.0009700889248181,0.0009700889248181,0.0048504446240904995,41.90784155214228,Осень,246 days 19:19:20.423547600,0.7524950099800399,Октябрьская,2,SYNTHETIC,2025
1515.366099567995,7189.772697082136,2025-09-05 23:49:46.361824920,0,0,0.0009700889248181,0.0009700889248181,0.0048504446240904995,41.90784155214228,Осень,247 days 20:34:42.389521680,0.7544910179640718,Октябрьская,2,SYNTHETIC,2025
2128.2452020419814,9318.017899124117,2025-09-07 11:18:01.073947440,0,0,0.0009700889248181,0.0009700889248181,0.0048504446240904995,41.90784155214228,Осень,249 days 08:02:57.101644200,0.7564870259481038,Октябрьская,2,SYNTHETIC,2025
200.92542656237075,9518.943325686489,2025-09-07 14:38:56.599541160,0,0,0.0009700889248181,0.0009700889248181,0.0048504446240904995,41.90784155214228,Осень,249 days 11:23:52.627237920,0.7584830339321357,Октябрьская,2,SYNTHETIC,2025
262.8149199055233,9781.758245592013,2025-09-07 19:01:45.494735520,0,0,0.0009700889248181,0.0009700889248181,0.0048504446240904995,41.90784155214228,Осень,249 days 15:46:41.522432280,0.7604790419161677,Октябрьская,2,SYNTHETIC,2025
661.2440428338588,10443.002288425872,2025-09-08 06:03:00.137305560,0,0,0.0009700889248181,0.0009700889248181,0.0048504446240904995,41.90784155214228,Осень,250 days 02:47:56.165002320,0.7624750499001997,Октябрьская,2,SYNTHETIC,2025
789.4629987912982,11232.46528721717,2025-09-08 19:12:27.917233020,0,0,0.0009700889248181,0.0009700889248181,0.0048504446240904995,41.90784155214228,Осень,250 days 15:57:23.944929780,0.7644710578842315,Октябрьская,2,SYNTHETIC,2025
174.70288194326264,11407.168169160434,2025-09-08 22:07:10.090149600,0,0,0.0009700889248181,0.0009700889248181,0.0048504446240904995,41.90784155214228,Осень,250 days 18:52:06.117846360,0.7664670658682635,Октябрьская,2,SYNTHETIC,2025
865.7721206629835,12272.940289823417,2025-09-09 12:32:56.417389380,0,0,0.0009700889248181,0.0009700889248181,0.0048504446240904995,41.90784155214228,Осень,251 days 09:17:52.445086140,0.7684630738522954,Октябрьская,2,SYNTHETIC,2025
20.09617234660178,12293.03646217002,2025-09-09 12:53:02.187730200,0,0,0.0009700889248181,0.0009700889248181,0.0048504446240904995,41.90784155214228,Осень,251 days 09:37:58.215426960,0.7704590818363274,Октябрьская,2,SYNTHETIC,2025
740.758908409274,13033.795370579293,2025-09-10 01:13:47.722234740,0,1,0.0010642776294362856,0.0009700889248181,0.0048504446240904995,41.90784155214228,Осень,251 days 21:58:43.749931500,0.7724550898203593,Октябрьская,2,SYNTHETIC,2025
1529.465642770854,14563.261013350148,2025-09-11 02:43:15.660800999,0,1,0.0011773884116951705,0.0009700889248181,0.0048504446240904995,41.90784155214228,Осень,252 days 23:28:11.688497759,0.7744510978043913,Октябрьская,2,SYNTHETIC,2025
340.8741942547431,14904.13520760489,2025-09-11 08:24:08.112456300,0,1,0.0016397521981316046,0.0009700889248181,0.0048504446240904995,41.90784155214228,Осень,253 days 05:09:04.140153060,0.7764471057884231,Октябрьская,2,SYNTHETIC,2025
594.7202930613125,15498.855500666203,2025-09-11 18:18:51.330039960,0,1,0.0021513055271539148,0.0009700889248181,0.0048504446240904995,41.90784155214228,Осень,253 days 15:03:47.357736720,0.7784431137724551,Октябрьская,2,SYNTHETIC,2025
373.3118879809278,15872.16738864713,2025-09-12 00:32:10.043318820,0,1,0.0021681407644004824,0.0009700889248181,0.0048504446240904995,41.90784155214228,Осень,253 days 21:17:06.071015580,0.780439121756487,Октябрьская,2,SYNTHETIC,2025
36.86613430486543,15909.033522951997,2025-09-12 01:09:02.011377120,0,1,0.0030351606514522397,0.0009700889248181,0.0048504446240904995,41.90784155214228,Осень,253 days 21:53:58.039073880,0.782435129740519,Октябрьская,2,SYNTHETIC,2025
180.03962603489398,16089.07314898689,2025-09-12 04:09:04.388939220,0,1,0.003113250716799313,0.0009700889248181,0.0048504446240904995,41.90784155214228,Осень,254 days 00:54:00.416635980,0.7844311377245509,Октябрьская,2,SYNTHETIC,2025
110.8869479542232,16199.960096941113,2025-09-12 05:59:57.605816460,0,1,0.003327215193598349,0.0009700889248181,0.0048504446240904995,41.90784155214228,Осень,254 days 02:44:53.633513220,0.7864271457085829,Октябрьская,2,SYNTHETIC,2025
145.5665672466468,16345.52666418776,2025-09-12 08:25:31.599851280,0,1,0.00340217516576398,0.0009700889248181,0.0048504446240904995,41.90784155214228,Осень,254 days 05:10:27.627548040,0.7884231536926147,Октябрьская,2,SYNTHETIC,2025
237.0261560483783,16582.55282023614,2025-09-12 12:22:33.169214159,0,1,0.0034041782136141705,0.0009700889248181,0.0048504446240904995,41.90784155214228,Осень,254 days 09:07:29.196910919,0.7904191616766467,Октябрьская,2,SYNTHETIC,2025
184.62738165115607,16767.180201887295,2025-09-12 15:27:10.812113220,0,1,0.0038064879925096265,0.0009700889248181,0.0048504446240904995,41.90784155214228,Осень,254 days 12:12:06.839809980,0.7924151696606786,Октябрьская,2,SYNTHETIC,2025
209.11487170129482,16976.29507358859,2025-09-12 18:56:17.704415340,0,1,0.003811481296102359,0.0009700889248181,0.0048504446240904995,41.90784155214228,Осень,254 days 15:41:13.732112100,0.7944111776447106,Октябрьская,2,SYNTHETIC,2025
575.4447566737192,17551.739830262308,2025-09-13 04:31:44.389815720,0,1,0.0038618524932364723,0.0009700889248181,0.0048504446240904995,41.90784155214228,Осень,255 days 01:16:40.417512480,0.7964071856287425,Октябрьская,2,SYNTHETIC,2025
19.197006314615987,17570.936836576922,2025-09-13 04:50:56.210194620,0,1,0.0038727887130323513,0.0009700889248181,0.0048504446240904995,41.90784155214228,Осень,255 days 01:35:52.237891380,0.7984031936127745,Октябрьская,2,SYNTHETIC,2025
153.37442728897565,17724.311263865897,2025-09-13 07:24:18.675831960,0,1,0.004034295378330394,0.0009700889248181,0.0048504446240904995,41.90784155214228,Осень,255 days 04:09:14.703528720,0.8003992015968064,Октябрьская,2,SYNTHETIC,2025
89.70588511360887,17814.017148979507,2025-09-13 08:54:01.028938800,0,1,0.004049487556823835,0.0009700889248181,0.0048504446240904995,41.90784155214228,Осень,255 days 05:38:57.056635560,0.8023952095808383,Октябрьская,2,SYNTHETIC,2025
9.419274654570518,17823.436423634077,2025-09-13 09:03:26.185418040,0,1,0.004060604108713352,0.0009700889248181,0.0048504446240904995,41.90784155214228,Осень,255 days 05:48:22.213114800,0.8043912175648703,Октябрьская,2,SYNTHETIC,2025
117.39743585894746,17940.833859493025,2025-09-13 11:00:50.031569580,0,1,0.004096445344199894,0.0009700889248181,0.0048504446240904995,41.90784155214228,Осень,255 days 07:45:46.059266340,0.8063872255489022,Октябрьская,2,SYNTHETIC,2025
75.66481070397,18016.498670196994,2025-09-13 12:16:29.920211820,0,1,0.0041132638230662035,0.0009700889248181,0.0048504446240904995,41.90784155214228,Осень,255 days 09:01:25.947908580,0.8083832335329342,Октябрьская,2,SYNTHETIC,2025
299.43720856432464,18315.93587876132,2025-09-13 17:15:56.152725660,0,1,0.00415773678244908,0.0009700889248181,0.0048504446240904995,41.90784155214228,Осень,255 days 14:00:52.180422420,0.810379241516966,Октябрьская,2,SYNTHETIC,2025
60.60361823529468,18376.539496996615,2025-09-13 18:16:32.369819820,0,1,0.004225545553423884,0.0009700889248181,0.0048504446240904995,41.90784155214228,Осень,255 days 15:01:28.397516580,0.812375249500998,Октябрьская,2,SYNTHETIC,2025
22.919964921914268,18399.45946191853,2025-09-13 18:39:27.567715140,0,1,0.004240210985980908,0.0009700889248181,0.0048504446240904995,41.90784155214228,Осень,255 days 15:24:23.595411900,0.8143712574850299,Октябрьская,2,SYNTHETIC,2025
7.311646740025786,18406.771108658555,2025-09-13 18:46:46.266519540,0,1,0.0042729206149203945,0.0009700889248181,0.0048504446240904995,41.90784155214228,Осень,255 days 15:31:42.294216300,0.8163672654690619,Октябрьская,2,SYNTHETIC,2025
119.40670348292888,18526.177812141483,2025-09-13 20:46:10.668728460,0,1,0.004313770797326406,0.0009700889248181,0.0048504446240904995,41.90784155214228,Осень,255 days 17:31:06.696425220,0.8183632734530938,Октябрьская,2,SYNTHETIC,2025
97.03158491348536,18623.20939705497,2025-09-13 22:23:12.563823300,1,0,0.0048504446240904995,0.0009700889248181,0.0048504446240904995,41.90784155214228,Осень,255 days 19:08:08.591520060,0.8203592814371258,Октябрьская,2,SYNTHETIC,2025
657.8178140625978,19281.027211117565,2025-09-14 09:21:01.632667080,1,0,0.0048504446240904995,0.0009700889248181,0.0048504446240904995,41.90784155214228,Осень,256 days 06:05:57.660363840,0.8223552894211577,Октябрьская,2,SYNTHETIC,2025
129.0603082418077,19410.087519359375,2025-09-14 11:30:05.251161540,1,0,0.0048504446240904995,0.0009700889248181,0.0048504446240904995,41.90784155214228,Осень,256 days 08:15:01.278858300,0.8243512974051896,Октябрьская,2,SYNTHETIC,2025
384.4978009806355,19794.58532034001,2025-09-14 17:54:35.119220400,1,0,0.0048504446240904995,0.0009700889248181,0.0048504446240904995,41.90784155214228,Осень,256 days 14:39:31.146917160,0.8263473053892215,Октябрьская,2,SYNTHETIC,2025
136.3088261957058,19930.894146535717,2025-09-14 20:10:53.648792160,1,0,0.0048504446240904995,0.0009700889248181,0.0048504446240904995,41.90784155214228,Осень,256 days 16:55:49.676488920,0.8283433133732535,Октябрьская,2,SYNTHETIC,2025
34.05210063142832,19964.946247167143,2025-09-14 20:44:56.774830020,1,0,0.0048504446240904995,0.0009700889248181,0.0048504446240904995,41.90784155214228,Осень,256 days 17:29:52.802526780,0.8303393213572854,Октябрьская,2,SYNTHETIC,2025
114.11479648139073,20079.061043648533,2025-09-14 22:39:03.662618940,1,0,0.0048504446240904995,0.0009700889248181,0.0048504446240904995,41.90784155214228,Осень,256 days 19:23:59.690315700,0.8323353293413174,Октябрьская,2,SYNTHETIC,2025
354.47106214895206,20433.532105797483,2025-09-15 04:33:31.926347820,1,0,0.0048504446240904995,0.0009700889248181,0.0048504446240904995,41.90784155214228,Осень,257 days 01:18:27.954044580,0.8343313373253493,Октябрьская,2,SYNTHETIC,2025
12.422951060816143,20445.9550568583,2025-09-15 04:45:57.303411480,1,0,0.0048504446240904995,0.0009700889248181,0.0048504446240904995,41.90784155214228,Осень,257 days 01:30:53.331108240,0.8363273453093812,Октябрьская,2,SYNTHETIC,2025
229.78209927485113,20675.737156133153,2025-09-15 08:35:44.229367980,1,0,0.0048504446240904995,0.0009700889248181,0.0048504446240904995,41.90784155214228,Осень,257 days 05:20:40.257064740,0.8383233532934131,Октябрьская,2,SYNTHETIC,2025
71.82180438794735,20747.5589605211,2025-09-15 09:47:33.537631260,1,0,0.0048504446240904995,0.0009700889248181,0.0048504446240904995,41.90784155214228,Осень,257 days 06:32:29.565328020,0.8403193612774451,Октябрьская,2,SYNTHETIC,2025
321.0890751352789,21068.648035656377,2025-09-15 15:08:38.882139360,1,0,0.0048504446240904995,0.0009700889248181,0.0048504446240904995,41.90784155214228,Осень,257 days 11:53:34.909836120,0.8423153692614771,Октябрьская,2,SYNTHETIC,2025
198.06588052165029,21266.71391617803,2025-09-15 18:26:42.834970680,1,0,0.0048504446240904995,0.0009700889248181,0.0048504446240904995,41.90784155214228,Осень,257 days 15:11:38.862667440,0.844311377245509,Октябрьская,2,SYNTHETIC,2025
278.8362794549101,21545.55019563294,2025-09-15 23:05:33.011737979,1,0,0.0048504446240904995,0.0009700889248181,0.0048504446240904995,41.90784155214228,Осень,257 days 19:50:29.039434739,0.846307385229541,Октябрьская,2,SYNTHETIC,2025
59.438129392212296,21604.98832502515,2025-09-16 00:04:59.299501500,1,0,0.0048504446240904995,0.0009700889248181,0.0048504446240904995,41.90784155214228,Осень,257 days 20:49:55.327198260,0.8483033932135728,Октябрьская,2,SYNTHETIC,2025
366.63009407322124,21971.618419098373,2025-09-16 06:11:37.105145880,1,0,0.0048504446240904995,0.0009700889248181,0.0048504446240904995,41.90784155214228,Осень,258 days 02:56:33.132842640,0.8502994011976048,Октябрьская,2,SYNTHETIC,2025
71.18770745558855,22042.80612655396,2025-09-16 07:22:48.367593240,1,0,0.0048504446240904995,0.0009700889248181,0.0048504446240904995,41.90784155214228,Осень,258 days 04:07:44.395290,0.8522954091816367,Октябрьская,2,SYNTHETIC,2025
1100.1974508436606,23143.003577397623,2025-09-17 01:43:00.214643880,1,0,0.0048504446240904995,0.0009700889248181,0.0048504446240904995,41.90784155214228,Осень,258 days 22:27:56.242340640,0.8542914171656687,Октябрьская,2,SYNTHETIC,2025
222.98126290648253,23365.984840304107,2025-09-17 05:25:59.090418240,1,0,0.0048504446240904995,0.0009700889248181,0.0048504446240904995,41.90784155214228,Осень,259 days 02:10:55.118115,0.8562874251497006,Октябрьская,2,SYNTHETIC,2025
66.13444353472653,23432.119283838834,2025-09-17 06:32:07.157030340,1,0,0.0048504446240904995,0.0009700889248181,0.0048504446240904995,41.90784155214228,Осень,259 days 03:17:03.184727100,0.8582834331337326,Октябрьская,2,SYNTHETIC,2025
398.6187377444119,23830.738021583245,2025-09-17 13:10:44.281294980,1,0,0.0048504446240904995,0.0009700889248181,0.0048504446240904995,41.90784155214228,Осень,259 days 09:55:40.308991740,0.8602794411177644,Октябрьская,2,SYNTHETIC,2025
24.455302046047787,23855.193323629293,2025-09-17 13:35:11.599417740,1,0,0.0048504446240904995,0.0009700889248181,0.0048504446240904995,41.90784155214228,Осень,259 days 10:20:07.627114500,0.8622754491017964,Октябрьская,2,SYNTHETIC,2025
180.41151522884797,24035.60483885814,2025-09-17 16:35:36.290331480,1,0,0.0048504446240904995,0.0009700889248181,0.0048504446240904995,41.90784155214228,Осень,259 days 13:20:32.318028240,0.8642714570858283,Октябрьская,2,SYNTHETIC,2025
109.02828003380635,24144.633118891947,2025-09-17 18:24:37.987133520,1,0,0.0048504446240904995,0.0009700889248181,0.0048504446240904995,41.90784155214228,Осень,259 days 15:09:34.014830280,0.8662674650698603,Октябрьская,2,SYNTHETIC,2025
6.575725488798943,24151.208844380744,2025-09-17 18:31:12.530662860,1,0,0.0048504446240904995,0.0009700889248181,0.0048504446240904995,41.90784155214228,Осень,259 days 15:16:08.558359620,0.8682634730538922,Октябрьская,2,SYNTHETIC,2025
448.5754761952687,24599.784320576015,2025-09-18 01:59:47.059234560,1,0,0.0048504446240904995,0.0009700889248181,0.0048504446240904995,41.90784155214228,Осень,259 days 22:44:43.086931320,0.8702594810379242,Октябрьская,2,SYNTHETIC,2025
309.4784279439987,24909.262748520014,2025-09-18 07:09:15.764911200,1,0,0.0048504446240904995,0.0009700889248181,0.0048504446240904995,41.90784155214228,Осень,260 days 03:54:11.792607960,0.872255489021956,Октябрьская,2,SYNTHETIC,2025
81.79695693248242,24991.059705452495,2025-09-18 08:31:03.582327120,1,0,0.0048504446240904995,0.0009700889248181,0.0048504446240904995,41.90784155214228,Осень,260 days 05:15:59.610023880,0.874251497005988,Октябрьская,2,SYNTHETIC,2025
58.62914209173913,25049.688847544236,2025-09-18 09:29:41.330852640,1,0,0.0048504446240904995,0.0009700889248181,0.0048504446240904995,41.90784155214228,Осень,260 days 06:14:37.358549400,0.8762475049900199,Октябрьская,2,SYNTHETIC,2025
158.97843608653477,25208.66728363077,2025-09-18 12:08:40.037017860,1,0,0.0048504446240904995,0.0009700889248181,0.0048504446240904995,41.90784155214228,Осень,260 days 08:53:36.064714620,0.8782435129740519,Октябрьская,2,SYNTHETIC,2025
214.48582208725793,25423.15310571803,2025-09-18 15:43:09.186343080,1,0,0.0048504446240904995,0.0009700889248181,0.0048504446240904995,41.90784155214228,Осень,260 days 12:28:05.214039840,0.8802395209580839,Октябрьская,2,SYNTHETIC,2025
234.3013599061126,25657.45446562414,2025-09-18 19:37:27.267937440,1,0,0.0048504446240904995,0.0009700889248181,0.0048504446240904995,41.90784155214228,Осень,260 days 16:22:23.295634200,0.8822355289421158,Октябрьская,2,SYNTHETIC,2025
374.50324246944115,26031.95770809358,2025-09-19 01:51:57.462485640,1,0,0.0048504446240904995,0.0009700889248181,0.0048504446240904995,41.90784155214228,Осень,260 days 22:36:53.490182400,0.8842315369261478,Октябрьская,2,SYNTHETIC,2025
716.3931500745202,26748.3508581681,2025-09-19 13:48:21.051490080,1,0,0.0048504446240904995,0.0009700889248181,0.0048504446240904995,41.90784155214228,Осень,261 days 10:33:17.079186840,0.8862275449101796,Октябрьская,2,SYNTHETIC,2025
0.7072375044752582,26749.058095672575,2025-09-19 13:49:03.485740380,1,0,0.0048504446240904995,0.0009700889248181,0.0048504446240904995,41.90784155214228,Осень,261 days 10:33:59.513437140,0.8882235528942116,Октябрьская,2,SYNTHETIC,2025
407.66401831254456,27156.72211398512,2025-09-19 20:36:43.326839100,1,0,0.0048504446240904995,0.0009700889248181,0.0048504446240904995,41.90784155214228,Осень,261 days 17:21:39.354535860,0.8902195608782435,Октябрьская,2,SYNTHETIC,2025
508.7934400158469,27665.51555400097,2025-09-20 05:05:30.933240060,1,0,0.0048504446240904995,0.0009700889248181,0.0048504446240904995,41.90784155214228,Осень,262 days 01:50:26.960936820,0.8922155688622755,Октябрьская,2,SYNTHETIC,2025
272.96890180593755,27938.484455806905,2025-09-20 09:38:29.067348420,1,0,0.0048504446240904995,0.0009700889248181,0.0048504446240904995,41.90784155214228,Осень,262 days 06:23:25.095045180,0.8942115768463074,Октябрьская,2,SYNTHETIC,2025
152.26009216146912,28090.744547968374,2025-09-20 12:10:44.672878080,1,0,0.0048504446240904995,0.0009700889248181,0.0048504446240904995,41.90784155214228,Осень,262 days 08:55:40.700574840,0.8962075848303394,Октябрьская,2,SYNTHETIC,2025
7.723333008571656,28098.467880976947,2025-09-20 12:18:28.072858620,1,0,0.0048504446240904995,0.0009700889248181,0.0048504446240904995,41.90784155214228,Осень,262 days 09:03:24.100555380,0.8982035928143712,Октябрьская,2,SYNTHETIC,2025
309.16329405388916,28407.631175030834,2025-09-20 17:27:37.870501860,1,0,0.0048504446240904995,0.0009700889248181,0.0048504446240904995,41.90784155214228,Осень,262 days 14:12:33.898198620,0.9001996007984032,Октябрьская,2,SYNTHETIC,2025
19.57278044997592,28427.20395548081,2025-09-20 17:47:12.237328860,1,0,0.0048504446240904995,0.0009700889248181,0.0048504446240904995,41.90784155214228,Осень,262 days 14:32:08.265025620,0.9021956087824351,Октябрьская,2,SYNTHETIC,2025
49.39821428463723,28476.602169765447,2025-09-20 18:36:36.130185900,1,0,0.0048504446240904995,0.0009700889248181,0.0048504446240904995,41.90784155214228,Осень,262 days 15:21:32.157882660,0.9041916167664671,Октябрьская,2,SYNTHETIC,2025
633.8294821080573,29110.431651873503,2025-09-21 05:10:25.899112440,1,0,0.0048504446240904995,0.0009700889248181,0.0048504446240904995,41.90784155214228,Осень,263 days 01:55:21.926809200,0.906187624750499,Октябрьская,2,SYNTHETIC,2025
50.434139086020956,29160.865790959524,2025-09-21 06:00:51.947457600,1,0,0.0048504446240904995,0.0009700889248181,0.0048504446240904995,41.90784155214228,Осень,263 days 02:45:47.975154360,0.908183632734531,Октябрьская,2,SYNTHETIC,2025
94.98640180791402,29255.852192767437,2025-09-21 07:35:51.131566020,1,0,0.0048504446240904995,0.0009700889248181,0.0048504446240904995,41.90784155214228,Осень,263 days 04:20:47.159262780,0.9101796407185628,Октябрьская,2,SYNTHETIC,2025
415.94264963975576,29671.794842407195,2025-09-21 14:31:47.690544420,1,0,0.0048504446240904995,0.0009700889248181,0.0048504446240904995,41.90784155214228,Осень,263 days 11:16:43.718241180,0.9121756487025948,Октябрьская,2,SYNTHETIC,2025
949.3913111447034,30621.1861535519,2025-09-22 06:21:11.169213120,1,0,0.0048504446240904995,0.0009700889248181,0.0048504446240904995,41.90784155214228,Осень,264 days 03:06:07.196909880,0.9141716566866267,Октябрьская,2,SYNTHETIC,2025
515.8469841755237,31137.033137727423,2025-09-22 14:57:01.988263620,1,0,0.0048504446240904995,0.0009700889248181,0.0048504446240904995,41.90784155214228,Осень,264 days 11:41:58.015960380,0.9161676646706587,Октябрьская,2,SYNTHETIC,2025
108.99115303959128,31246.024290767014,2025-09-22 16:46:01.457446020,1,0,0.0048504446240904995,0.0009700889248181,0.0048504446240904995,41.90784155214228,Осень,264 days 13:30:57.485142780,0.9181636726546906,Октябрьская,2,SYNTHETIC,2025
368.5971941469871,31614.621484914,2025-09-22 22:54:37.289094840,1,0,0.0048504446240904995,0.0009700889248181,0.0048504446240904995,41.90784155214228,Осень,264 days 19:39:33.316791600,0.9201596806387226,Октябрьская,2,SYNTHETIC,2025
411.13018973802156,32025.751674652023,2025-09-23 05:45:45.100479120,1,0,0.0048504446240904995,0.0009700889248181,0.0048504446240904995,41.90784155214228,Осень,265 days 02:30:41.128175880,0.9221556886227545,Октябрьская,2,SYNTHETIC,2025
144.46973776578602,32170.22141241781,2025-09-23 08:10:13.284745080,1,0,0.0048504446240904995,0.0009700889248181,0.0048504446240904995,41.90784155214228,Осень,265 days 04:55:09.312441840,0.9241516966067864,Октябрьская,2,SYNTHETIC,2025
124.88231044809497,32295.103722865904,2025-09-23 10:15:06.223371960,1,0,0.0048504446240904995,0.0009700889248181,0.0048504446240904995,41.90784155214228,Осень,265 days 07:00:02.251068720,0.9261477045908184,Октябрьская,2,SYNTHETIC,2025
599.7483120659186,32894.85203493182,2025-09-23 20:14:51.122095920,1,0,0.0048504446240904995,0.0009700889248181,0.0048504446240904995,41.90784155214228,Осень,265 days 16:59:47.149792680,0.9281437125748503,Октябрьская,2,SYNTHETIC,2025
376.9411078943526,33271.79314282617,2025-09-24 02:31:47.588569560,1,0,0.0048504446240904995,0.0009700889248181,0.0048504446240904995,41.90784155214228,Осень,265 days 23:16:43.616266320,0.9301397205588823,Октябрьская,2,SYNTHETIC,2025
227.10205764266973,33498.89520046884,2025-09-24 06:18:53.712028140,1,0,0.0048504446240904995,0.0009700889248181,0.0048504446240904995,41.90784155214228,Осень,266 days 03:03:49.739724900,0.9321357285429142,Октябрьская,2,SYNTHETIC,2025
586.2360110548536,34085.131211523694,2025-09-24 16:05:07.872691440,1,0,0.0048504446240904995,0.0009700889248181,0.0048504446240904995,41.90784155214228,Осень,266 days 12:50:03.900388200,0.9341317365269461,Октябрьская,2,SYNTHETIC,2025
2430.462820594375,36515.59403211807,2025-09-26 08:35:35.641927080,0,0,0.0009700889248181,0.0009700889248181,0.0048504446240904995,41.90784155214228,Осень,268 days 05:20:31.669623840,0.936127744510978,Октябрьская,2,SYNTHETIC,2025
2970.0311118777763,39485.62514399584,2025-09-28 10:05:37.508639760,0,0,0.0009700889248181,0.0009700889248181,0.0048504446240904995,41.90784155214228,Осень,270 days 06:50:33.536336520,0.93812375249501,Октябрьская,2,SYNTHETIC,2025
102.56900236798465,39588.19414636383,2025-09-28 11:48:11.648781840,0,0,0.0009700889248181,0.0009700889248181,0.0048504446240904995,41.90784155214228,Осень,270 days 08:33:07.676478600,0.9401197604790419,Октябрьская,2,SYNTHETIC,2025
1207.8361053136448,40796.030251677475,2025-09-29 07:56:01.815100620,0,0,0.0009700889248181,0.0009700889248181,0.0048504446240904995,41.90784155214228,Осень,271 days 04:40:57.842797380,0.9421157684630739,Октябрьская,2,SYNTHETIC,2025
3346.6821337842584,44142.71238546173,2025-10-01 15:42:42.743127720,0,0,0.0009700889248181,0.0009700889248181,0.0048504446240904995,41.90784155214228,Осень,273 days 12:27:38.770824480,0.9441117764471058,Октябрьская,2,SYNTHETIC,2025
603.3529321138321,44746.065317575565,2025-10-02 01:46:03.919054560,0,0,0.0009700889248181,0.0009700889248181,0.0048504446240904995,41.90784155214228,Осень,273 days 22:30:59.946751320,0.9461077844311377,Октябрьская,2,SYNTHETIC,2025
333.0824847440027,45079.14780231957,2025-10-02 07:19:08.868139200,0,0,0.0009700889248181,0.0009700889248181,0.0048504446240904995,41.90784155214228,Осень,274 days 04:04:04.895835960,0.9481037924151696,Октябрьская,2,SYNTHETIC,2025
668.4576835623988,45747.60548588196,2025-10-02 18:27:36.329152920,0,0,0.0009700889248181,0.0009700889248181,0.0048504446240904995,41.90784155214228,Осень,274 days 15:12:32.356849680,0.9500998003992016,Октябрьская,2,SYNTHETIC,2025
540.7200047131669,46288.32549059513,2025-10-03 03:28:19.529435700,0,0,0.0009700889248181,0.0009700889248181,0.0048504446240904995,41.90784155214228,Осень,275 days 00:13:15.557132460,0.9520958083832335,Октябрьская,2,SYNTHETIC,2025
473.1424922848168,46761.46798287995,2025-10-03 11:21:28.078972800,0,0,0.0009700889248181,0.0009700889248181,0.0048504446240904995,41.90784155214228,Осень,275 days 08:06:24.106669560,0.9540918163672655,Октябрьская,2,SYNTHETIC,2025
784.5923575657588,47546.06034044571,2025-10-04 00:26:03.620426760,0,0,0.0009700889248181,0.0009700889248181,0.0048504446240904995,41.90784155214228,Осень,275 days 21:10:59.648123520,0.9560878243512974,Октябрьская,2,SYNTHETIC,2025
1429.9212234883469,48975.98156393405,2025-10-05 00:15:58.893836040,0,0,0.0009700889248181,0.0009700889248181,0.0048504446240904995,41.90784155214228,Осень,276 days 21:00:54.921532800,0.9580838323353293,Октябрьская,2,SYNTHETIC,2025
2519.932853241667,51495.91441717572,2025-10-06 18:15:54.865030560,0,0,0.0009700889248181,0.0009700889248181,0.0048504446240904995,41.90784155214228,Осень,278 days 15:00:50.892727320,0.9600798403193613,Октябрьская,2,SYNTHETIC,2025
1344.6837014394728,52840.59811861519,2025-10-07 16:40:35.887116900,0,0,0.0009700889248181,0.0009700889248181,0.0048504446240904995,41.90784155214228,Осень,279 days 13:25:31.914813660,0.9620758483033932,Октябрьская,2,SYNTHETIC,2025
258.70013871523696,53099.298257330425,2025-10-07 20:59:17.895439800,0,0,0.0009700889248181,0.0009700889248181,0.0048504446240904995,41.90784155214228,Осень,279 days 17:44:13.923136560,0.9640718562874252,Октябрьская,2,SYNTHETIC,2025
222.2494502522521,53321.54770758268,2025-10-08 00:41:32.862454980,0,0,0.0009700889248181,0.0009700889248181,0.0048504446240904995,41.90784155214228,Осень,279 days 21:26:28.890151740,0.9660678642714571,Октябрьская,2,SYNTHETIC,2025
158.74525914093633,53480.29296672362,2025-10-08 03:20:17.578003440,0,0,0.0009700889248181,0.0009700889248181,0.0048504446240904995,41.90784155214228,Осень,280 days 00:05:13.605700200,0.9680638722554891,Октябрьская,2,SYNTHETIC,2025
668.1404321582351,54148.433398881854,2025-10-08 14:28:26.003932920,0,0,0.0009700889248181,0.0009700889248181,0.0048504446240904995,41.90784155214228,Осень,280 days 11:13:22.031629680,0.9700598802395209,Октябрьская,2,SYNTHETIC,2025
702.0810329171635,54850.51443179902,2025-10-09 02:10:30.865907940,0,0,0.0009700889248181,0.0009700889248181,0.0048504446240904995,41.90784155214228,Осень,280 days 22:55:26.893604700,0.9720558882235529,Октябрьская,2,SYNTHETIC,2025
3111.465535963909,57961.97996776293,2025-10-11 06:01:58.798065780,0,0,0.0009700889248181,0.0009700889248181,0.0048504446240904995,41.90784155214228,Осень,283 days 02:46:54.825762540,0.9740518962075848,Октябрьская,2,SYNTHETIC,2025
3202.6063301270315,61164.58629788996,2025-10-13 11:24:35.177873400,0,0,0.0009700889248181,0.0009700889248181,0.0048504446240904995,41.90784155214228,Осень,285 days 08:09:31.205570160,0.9760479041916168,Октябрьская,2,SYNTHETIC,2025
310.6428478392843,61475.229145729245,2025-10-13 16:35:13.748743740,0,0,0.0009700889248181,0.0009700889248181,0.0048504446240904995,41.90784155214228,Осень,285 days 13:20:09.776440500,0.9780439121756487,Октябрьская,2,SYNTHETIC,2025
3008.60246117836,64483.8316069076,2025-10-15 18:43:49.896414480,0,0,0.0009700889248181,0.0009700889248181,0.0048504446240904995,41.90784155214228,Осень,287 days 15:28:45.924111240,0.9800399201596807,Октябрьская,2,SYNTHETIC,2025
730.3947055329165,65214.22631244052,2025-10-16 06:54:13.578746460,0,0,0.0009700889248181,0.0009700889248181,0.0048504446240904995,41.90784155214228,Осень,288 days 03:39:09.606443220,0.9820359281437125,Октябрьская,2,SYNTHETIC,2025
280.2950629406564,65494.52137538118,2025-10-16 11:34:31.282522860,0,0,0.0009700889248181,0.0009700889248181,0.0048504446240904995,41.90784155214228,Осень,288 days 08:19:27.310219620,0.9840319361277445,Октябрьская,2,SYNTHETIC,2025
61.19523932647,65555.71661470765,2025-10-16 12:35:42.996882480,0,0,0.0009700889248181,0.0009700889248181,0.0048504446240904995,41.90784155214228,Осень,288 days 09:20:39.024579240,0.9860279441117764,Октябрьская,2,SYNTHETIC,2025
3154.1693215412765,68709.88593624893,2025-10-18 17:09:53.156174940,0,0,0.0009700889248181,0.0009700889248181,0.0048504446240904995,41.90784155214228,Осень,290 days 13:54:49.183871700,0.9880239520958084,Октябрьская,2,SYNTHETIC,2025
150.48202174340258,68860.36795799233,2025-10-18 19:40:22.077479520,0,0,0.0009700889248181,0.0009700889248181,0.0048504446240904995,41.90784155214228,Осень,290 days 16:25:18.105176280,0.9900199600798403,Октябрьская,2,SYNTHETIC,2025
200.90323549021562,69061.27119348255,2025-10-18 23:01:16.271608980,0,0,0.0009700889248181,0.0009700889248181,0.0048504446240904995,41.90784155214228,Осень,290 days 19:46:12.299305740,0.9920159680638723,Октябрьская,2,SYNTHETIC,2025
527.05532856339,69588.32652204594,2025-10-19 07:48:19.591322760,0,0,0.0009700889248181,0.0009700889248181,0.0048504446240904995,41.90784155214228,Осень,291 days 04:33:15.619019520,0.9940119760479041,Октябрьская,2,SYNTHETIC,2025
3670.0810055736542,73258.4075276196,2025-10-21 20:58:24.451657200,0,0,0.0009700889248181,0.0009700889248181,0.0048504446240904995,41.90784155214228,Осень,293 days 17:43:20.479353960,0.9960079840319361,Октябрьская,2,SYNTHETIC,2025
4928.597766058549,78187.00529367814,2025-10-25 07:07:00.317620680,0,0,0.0009700889248181,0.0009700889248181,0.0048504446240904995,41.90784155214228,Осень,297 days 03:51:56.345317440,0.998003992015968,Октябрьская,2,SYNTHETIC,2025
