CATEGORY,№,START_TIME,ROAD,RESPONSIBILITY,FREIGHT,PASSENGER,COMMUTER,REASON,DEPARTMENT,YEAR,FREIGHT_COUNT,FREIGHT_TIMEOUT,PASSENGER_COUNT,PASSENGER_TIMEOUT,COMMUTER_COUNT,COMMUTER_TIMEOUT,DELTA_TIME,DELTA_MINUTES,TIME_DIFF,EVENT_NUMBER,INDEX
3,13168642,2024-01-01 21:28:00,Дальневосточная,"Д-ВОСТ, ШЧ-6 (Э)","1шт ч(к учету 0,08ч)",,,"Стрелочный ОК, программное обеспечение, сбой",CSH,2024,0.0,"0,08ч",,,,,0 days 00:00:00,0.0,0.0,1,0.0
3,13160907,2024-01-02 09:32:00,Дальневосточная,"Д-ВОСТ, ШЧ-14 (Э)",,,,Неисправность устройства сопряжения с объектами,CSH,2024,,,,,,,0 days 12:04:00,724.0,724.0,2,0.0011025358324145535
3,13160964,2024-01-02 14:20:00,Дальневосточная,"Д-ВОСТ, ШЧ-3 (Э)",,,,"Срабатывание (перегорание), коммутационные перенапряжения",CSH,2024,,,,,,,0 days 16:52:00,1012.0,288.0,3,0.002205071664829107
2,13160992,2024-01-02 15:30:00,Дальневосточная,"Д-ВОСТ, ШЧ-14 (Э)","4шт ч(к учету 1,48ч)",,,Излом провода под гайкой,CSH,2024,1.0,"1,48ч",,,,,0 days 18:02:00,1082.0,70.0,4,0.0033076074972436605
2,13161100,2024-01-02 17:05:00,Дальневосточная,"Д-ВОСТ, ШЧ-2 (Э)","1шт ч(к учету 0,17ч)","2шт (к учету 1) ч(к учету 0,28ч)",,Излом провода под гайкой,CSH,2024,0.0,"0,17ч",1.0,"0,28ч",,,0 days 19:37:00,1177.0,95.0,5,0.004410143329658214
1,13161891,2024-01-03 10:21:00,Дальневосточная,"Д-ВОСТ, ШЧ-6 (Э)","14шт ч(к учету 9,15ч)","2шт (к учету 1) ч(к учету 0,85ч)",,Удар посторонним предметом с проходящего поезда,CSH,2024,9.0,"9,15ч",1.0,"0,85ч",,,1 days 12:53:00,2213.0,1036.0,6,0.005512679162072767
1,13162299,2024-01-03 15:37:00,Дальневосточная,"Д-ВОСТ, ШЧ-2 (Э)","11шт (к учету 10) ч(к учету 9,72ч)",,,Неисправность блоков питания,CSH,2024,10.0,"9,72ч",,,,,1 days 18:09:00,2529.0,316.0,7,0.006615214994487321
3,13162324,2024-01-03 15:55:00,Дальневосточная,"Д-ВОСТ, ШЧ-6 (Э)",,,,"Жилы, внутренний обрыв",CSH,2024,,,,,,,1 days 18:27:00,2547.0,18.0,8,0.007717750826901874
3,13162647,2024-01-03 23:51:00,Дальневосточная,"Д-ВОСТ, ИЧ Ш САХАЛИН",,,,"Обмотка, короткое замыкание",CSH,2024,,,,,,,2 days 02:23:00,3023.0,476.0,9,0.008820286659316428
3,13163281,2024-01-04 08:33:00,Дальневосточная,"Д-ВОСТ, ШЧ-12 (Э)",,,,"Контактная система, потеря контакта",CSH,2024,,,,,,,2 days 11:05:00,3545.0,522.0,10,0.009922822491730982
1,13163824,2024-01-04 16:40:00,Дальневосточная,"Д-ВОСТ, ШЧ-14 (Э)","3шт (к учету 2) ч(к учету 5,6ч)",,,"Диод, пробой",CSH,2024,2.0,"5,6ч",,,,,2 days 19:12:00,4032.0,487.0,11,0.011025358324145534
3,13164007,2024-01-04 19:05:00,Дальневосточная,"Д-ВОСТ, ШЧ-12 (Э)",,,,"Конденсатор, снижение емкости",CSH,2024,,,,,,,2 days 21:37:00,4177.0,145.0,12,0.012127894156560088
2,13164833,2024-01-05 07:53:00,Дальневосточная,"Д-ВОСТ, ШЧ-2 (Э)","11шт (к учету 9) ч(к учету 3,45ч)","1шт ч(к учету 0,23ч)",,Ослабление затяжки болтов,CSH,2024,9.0,"3,45ч",0.0,"0,23ч",,,3 days 10:25:00,4945.0,768.0,13,0.013230429988974642
3,13165083,2024-01-05 13:48:00,Дальневосточная,"Д-ВОСТ, ШЧ-14 (Э)",,,,Зависание ПО,CSH,2024,,,,,,,3 days 16:20:00,5300.0,355.0,14,0.014332965821389196
3,13166670,2024-01-06 18:00:00,Дальневосточная,"Д-ВОСТ, ШЧ-2 (Э)",,,,"Жилы, внутренний обрыв",CSH,2024,,,,,,,4 days 20:32:00,6992.0,1692.0,15,0.015435501653803748
2,13166651,2024-01-06 22:47:00,Дальневосточная,"Д-ВОСТ, ШЧ-7 (Р)","6шт ч(к учету 2,6ч)",,,"Транзистор, пробой",CSH,2024,2.0,"2,6ч",,,,,5 days 01:19:00,7279.0,287.0,16,0.016538037486218304
2,13167137,2024-01-07 11:40:00,Дальневосточная,"Д-ВОСТ, ШЧ-14 (Э)",,"2шт (к учету 1) ч(к учету 0,28ч)",,Отсутствие,CSH,2024,,,1.0,"0,28ч",,,5 days 14:12:00,8052.0,773.0,17,0.017640573318632856
2,13170369,2024-01-08 13:38:00,Дальневосточная,"Д-ВОСТ, ШЧ-8 (Э)","1шт ч(к учету 0,87ч)",,,"Жилы, обрыв",CSH,2024,0.0,"0,87ч",,,,,6 days 16:10:00,9610.0,1558.0,18,0.018743109151047408
2,13170426,2024-01-10 02:16:00,Дальневосточная,"Д-ВОСТ, ШЧ-14 (Э)","1шт ч(к учету 0,52ч)",,,"Автопереключатель, разрегулировка контактов",CSH,2024,0.0,"0,52ч",,,,,8 days 04:48:00,11808.0,2198.0,19,0.019845644983461964
3,13180066,2024-01-11 13:13:00,Дальневосточная,"Д-ВОСТ, ВЧДЭ-1 ХАБАРОВСК",,,,Выщербина на ободе колеса грузового вагона,CV,2024,,,,,,,9 days 15:45:00,13905.0,2097.0,20,0.020948180815876516
3,13176119,2024-01-12 07:24:00,Дальневосточная,"Д-ВОСТ, ШЧ-2 (Э)","1шт ч(к учету 0,02ч)",,,"Монтаж, обрыв",CSH,2024,0.0,"0,02ч",,,,,10 days 09:56:00,14996.0,1091.0,21,0.022050716648291068
1,13179359,2024-01-14 10:53:00,Дальневосточная,"Д-ВОСТ, ТЧЭ-9","8шт (к учету 6) ч(к учету 11,03ч)",,,Прочая неисправность корпуса автосцепки локомотива,CT,2024,6.0,"11,03ч",,,,,12 days 13:25:00,18085.0,3089.0,22,0.023153252480705624
3,13179362,2024-01-14 12:40:00,Дальневосточная,"Д-ВОСТ, ШЧ-14 (Э)",,,,Неисправность МЦИ 422,CSH,2024,,,,,,,12 days 15:12:00,18192.0,107.0,23,0.024255788313120176
3,13184874,2024-01-15 14:25:00,Дальневосточная,"Д-ВОСТ, ШЧ-13 (Э)",,,,"Конденсатор, снижение емкости",CSH,2024,,,,,,,13 days 16:57:00,19737.0,1545.0,24,0.025358324145534728
2,13183849,2024-01-17 10:50:00,Дальневосточная,"Д-ВОСТ, ШЧ-14 (Э)","2шт ч(к учету 0,78ч)",,,"Конденсатор, снижение емкости конденсатора",CSH,2024,0.0,"0,78ч",,,,,15 days 13:22:00,22402.0,2665.0,25,0.026460859977949284
3,13184299,2024-01-17 21:19:00,Дальневосточная,"Д-ВОСТ, ШЧ-2 (Э)",,,,Срабатывания по причине малой скорости,CSH,2024,,,,,,,15 days 23:51:00,23031.0,629.0,26,0.027563395810363836
2,13185067,2024-01-18 07:06:00,Дальневосточная,"Д-ВОСТ, ШЧ-2 (Э)","2шт ч(к учету 0,37ч)","1шт ч(к учету 0,17ч)",,"Жилы, внутренний обрыв",CSH,2024,0.0,"0,37ч",0.0,"0,17ч",,,16 days 09:38:00,23618.0,587.0,27,0.02866593164277839
3,13184915,2024-01-18 07:13:00,Дальневосточная,"Д-ВОСТ, ШЧ-14 (Э)",,,,"Срабатывание, воздействие тягового тока",CSH,2024,,,,,,,16 days 09:45:00,23625.0,7.0,28,0.029768467475192944
3,13184791,2024-01-18 08:35:00,Дальневосточная,"Д-ВОСТ, ШЧ-12 (Э)",,,,Нарушение контакта,CSH,2024,,,,,,,16 days 11:07:00,23707.0,82.0,29,0.030871003307607496
2,13186889,2024-01-19 18:00:00,Дальневосточная,"Д-ВОСТ, ШЧ-13 (Э)","1шт ч(к учету 0,85ч)",,,"Конденсатор, снижение емкости",CSH,2024,0.0,"0,85ч",,,,,17 days 20:32:00,25712.0,2005.0,30,0.03197353914002205
2,13187484,2024-01-20 09:50:00,Дальневосточная,"Д-ВОСТ, ШЧ-8 (Э)","2шт ч(к учету 0,85ч)",,,"Шибер, попадание посторонних предметов",CSH,2024,0.0,"0,85ч",,,,,18 days 12:22:00,26662.0,950.0,31,0.03307607497243661
2,13188043,2024-01-21 02:22:00,Дальневосточная,"Д-ВОСТ, ШЧ-4 (Р)","3шт ч(к учету 1,67ч)",,,"Обмотка, обрыв",CSH,2024,1.0,"1,67ч",,,,,19 days 04:54:00,27654.0,992.0,32,0.034178610804851156
3,13188358,2024-01-21 08:40:00,Дальневосточная,"Д-ВОСТ, ВЧДЭ-1 ХАБАРОВСК",,,,Неисправность тормозного цилиндра грузового вагона,CV,2024,,,,,,,19 days 11:12:00,28032.0,378.0,33,0.03528114663726571
1,13188553,2024-01-21 14:12:00,Дальневосточная,"Д-ВОСТ, ШЧ-3 (Э)","7шт ч(к учету 4,18ч)",,,"Контактная система, сваривание контактов",CSH,2024,4.0,"4,18ч",,,,,19 days 16:44:00,28364.0,332.0,34,0.03638368246968027
3,13193856,2024-01-22 06:01:00,Дальневосточная,"Д-ВОСТ, ШЧ-14 (Э)",,,,"Выключатели, наличие переходного сопротивления",CSH,2024,,,,,,,20 days 08:33:00,29313.0,949.0,35,0.037486218302094816
3,13190340,2024-01-22 11:27:00,Дальневосточная,"Д-ВОСТ, ШЧ-2 (Э)",,,,"Нарушение контакта в штепсельных розетках, неисправность контактных губок",CSH,2024,,,,,,,20 days 13:59:00,29639.0,326.0,36,0.03858875413450937
3,13193766,2024-01-25 04:17:00,Дальневосточная,"Д-ВОСТ, ШЧ-3 (Э)",,,,"Нарушение контакта в штепсельных розетках, неисправность контактных губок",CSH,2024,,,,,,,23 days 06:49:00,33529.0,3890.0,37,0.03969128996692393
3,13193764,2024-01-25 04:31:00,Дальневосточная,"Д-ВОСТ, ШЧ-3 (Э)",,,,"Контактная система, подгар контактов",CSH,2024,,,,,,,23 days 07:03:00,33543.0,14.0,38,0.040793825799338476
3,13194813,2024-01-25 07:05:00,Дальневосточная,"Д-ВОСТ, ШЧ-4 (Р)",,,,"Контактная система, увеличенное сопротивление контакта",CSH,2024,,,,,,,23 days 09:37:00,33697.0,154.0,39,0.04189636163175303
3,13194068,2024-01-25 11:13:00,Дальневосточная,"Д-ВОСТ, ВЧДЭ-11 ТЫНДА",,,,Просадка уплотнения усл. № 305.134 клапана мягкости,CV,2024,,,,,,,23 days 13:45:00,33945.0,248.0,40,0.04299889746416759
3,13194604,2024-01-25 14:55:00,Дальневосточная,"Д-ВОСТ, ШЧ-3 (Э)",,,,"Курбельный контакт, потеря контакта",CSH,2024,,,,,,,23 days 17:27:00,34167.0,222.0,41,0.044101433296582136
2,13195657,2024-01-26 13:53:00,Дальневосточная,"Д-ВОСТ, ШЧ-7 (Р)","2шт ч(к учету 0,42ч)",,,"Контактная система, увеличенное сопротивление",CSH,2024,0.0,"0,42ч",,,,,24 days 16:25:00,35545.0,1378.0,42,0.04520396912899669
1,13195943,2024-01-26 18:30:00,Дальневосточная,"Д-ВОСТ, ШЧ-14 (Э)","3шт ч(к учету 3,15ч)",,,"Обрыв троса, коррозия металла",CSH,2024,3.0,"3,15ч",,,,,24 days 21:02:00,35822.0,277.0,43,0.04630650496141125
3,13195928,2024-01-26 20:34:00,Дальневосточная,"Д-ВОСТ, ШЧ-4 (Р)",,,,"Контактная система, увеличенное сопротивление контакта",CSH,2024,,,,,,,24 days 23:06:00,35946.0,124.0,44,0.047409040793825796
2,13196722,2024-01-28 03:25:00,Дальневосточная,"Д-ВОСТ, ШЧ-13 (Э)","1шт ч(к учету 0,23ч)","1шт ч(к учету 0,12ч)",,"Нарушение контакта в штепсельных розетках, излом розеток",CSH,2024,0.0,"0,23ч",0.0,"0,12ч",,,26 days 05:57:00,37797.0,1851.0,45,0.04851157662624035
3,13197113,2024-01-28 15:58:00,Дальневосточная,"Д-ВОСТ, ШЧ-3 (Э)",,,,"Жилы, внутренний обрыв",CSH,2024,,,,,,,26 days 18:30:00,38550.0,753.0,46,0.04961411245865491
2,13197481,2024-01-29 03:20:00,Дальневосточная,"Д-ВОСТ, ШЧ-10 (Э)","1шт ч(к учету 0,37ч)",,,"Контактная система, подгар контактов",CSH,2024,0.0,"0,37ч",,,,,27 days 05:52:00,39232.0,682.0,47,0.050716648291069456
3,13201028,2024-01-29 11:20:00,Дальневосточная,"Д-ВОСТ, ШЧ-9 (Э)",,,,"Обрыв, при путевых работах",CSH,2024,,,,,,,27 days 13:52:00,39712.0,480.0,48,0.05181918412348401
3,13201032,2024-01-29 15:43:00,Дальневосточная,"Д-ВОСТ, ШЧ-3 (Э)",,,,"Ламподержатель, нарушение контакта",CSH,2024,,,,,,,27 days 18:15:00,39975.0,263.0,49,0.05292171995589857
3,13202401,2024-01-30 08:48:00,Дальневосточная,"Д-ВОСТ, ШЧ-14 (Э)",,,,"Срабатывание, воздействие тягового тока",CSH,2024,,,,,,,28 days 11:20:00,41000.0,1025.0,50,0.05402425578831312
3,13202092,2024-01-30 11:16:00,Дальневосточная,"Д-ВОСТ, ШЧ-7 (Р)",,,,"Лампы, перегорание основной нити",CSH,2024,,,,,,,28 days 13:48:00,41148.0,148.0,51,0.05512679162072767
3,13202160,2024-01-30 12:03:00,Дальневосточная,"Д-ВОСТ, ШЧ-7 (Р)",,,,"Лампы, перегорание основной нити",CSH,2024,,,,,,,28 days 14:35:00,41195.0,47.0,52,0.05622932745314223
3,13199410,2024-01-30 13:00:00,Дальневосточная,"Д-ВОСТ, ВЧДЭ-1 ХАБАРОВСК",,,,Завар тормозного башмака грузового вагона,CV,2024,,,,,,,28 days 15:32:00,41252.0,57.0,53,0.05733186328555678
2,13201035,2024-01-31 02:06:00,Дальневосточная,"Д-ВОСТ, ШЧ-2 (Э)","6шт ч(к учету 3,02ч)",,,Нарушение контакта штепсель/рельс,CSH,2024,3.0,"3,02ч",,,,,29 days 04:38:00,42038.0,786.0,54,0.05843439911797133
3,13199804,2024-01-31 03:13:00,Дальневосточная,"Д-ВОСТ, ШЧ-14 (Э)",,,,"Срабатывание, воздействие тягового тока",CSH,2024,,,,,,,29 days 05:45:00,42105.0,67.0,55,0.05953693495038589
2,13199954,2024-01-31 05:00:00,Дальневосточная,"Д-ВОСТ, ШЧ-4 (Р)","16шт ч(к учету 9,5ч)","1шт ч(к учету 0,83ч)",,"Диод, пробой",CSH,2024,9.0,"9,5ч",0.0,"0,83ч",,,29 days 07:32:00,42212.0,107.0,56,0.06063947078280044
1,13216040,2024-01-31 09:05:00,Дальневосточная,"ЗАБ, ВЧДЭ-3 КАРЫМСКАЯ","38шт ч(к учету 51,07ч)",,"4шт (к учету 2) ч(к учету 1,27)ч",Обрыв хвостовика автосцепки грузового вагона,CV,2024,51.0,"51,07ч",,,2.0,,29 days 11:37:00,42457.0,245.0,57,0.06174200661521499
2,13200943,2024-01-31 11:23:00,Дальневосточная,"Д-ВОСТ, ШЧ-3 (Э)",,"1шт ч(к учету 0,22ч)",,"Кнопки, нарушение регулировки контакта при работе внутри пульта",CSH,2024,,,0.0,"0,22ч",,,29 days 13:55:00,42595.0,138.0,58,0.06284454244762955
3,13202467,2024-01-31 23:41:00,Дальневосточная,"Д-ВОСТ, ШЧ-8 (Э)",,,,"Жилы, обрыв",CSH,2024,,,,,,,30 days 02:13:00,43333.0,738.0,59,0.0639470782800441
2,13211974,2024-02-01 05:10:00,Дальневосточная,"ЗАБ, ВЧДЭ-7 БЕЛОГОРСК","1шт ч(к учету 0,5ч)",,,Выпадение валика подвески тормозного подвешивания грузового вагона,CV,2024,0.0,"0,5ч",,,,,30 days 07:42:00,43662.0,329.0,60,0.06504961411245866
2,13202487,2024-02-02 04:14:00,Дальневосточная,"Д-ВОСТ, ШЧ-7 (Р)","3шт ч(к учету 0,78ч)",,,"Контактная система, увеличенное сопротивление",CSH,2024,0.0,"0,78ч",,,,,31 days 06:46:00,45046.0,1384.0,61,0.06615214994487321
2,13203140,2024-02-02 11:55:00,Дальневосточная,"Д-ВОСТ, ШЧ-14 (Э)","1шт ч(к учету 0,45ч)",,,"Контактная система, подгар контактов",CSH,2024,0.0,"0,45ч",,,,,31 days 14:27:00,45507.0,461.0,62,0.06725468577728776
3,13203680,2024-02-02 18:55:00,Дальневосточная,"Д-ВОСТ, ШЧ-3 (Э)",,,,"Жилы, внутренний обрыв",CSH,2024,,,,,,,31 days 21:27:00,45927.0,420.0,63,0.06835722160970231
1,13203771,2024-02-02 21:21:00,Дальневосточная,"Д-ВОСТ, ВЧДЭ-1 ХАБАРОВСК","6шт (к учету 4) ч(к учету 6,02ч)",,,Несоответствие момента затяжки накидной гайки установленному нормативу,CV,2024,4.0,"6,02ч",,,,,31 days 23:53:00,46073.0,146.0,64,0.06945975744211687
3,13204702,2024-02-03 23:10:00,Дальневосточная,"Д-ВОСТ, ШЧ-14 (Э)",,,,Излом провода под гайкой,CSH,2024,,,,,,,33 days 01:42:00,47622.0,1549.0,65,0.07056229327453142
1,13221294,2024-02-05 04:30:00,Дальневосточная,"Д-ВОСТ, ВЧДЭ-1 ХАБАРОВСК","1шт ч(к учету 2,15ч)",,,Излом рычагов и тормозных тяг грузового вагона,CV,2024,2.0,"2,15ч",,,,,34 days 07:02:00,49382.0,1760.0,66,0.07166482910694598
2,13206060,2024-02-05 07:05:00,Дальневосточная,"Д-ВОСТ, ВЧДЭ-4 УССУРИЙСК","6шт ч(к учету 1,87ч)",,,Перекос тележки грузового вагона,CV,2024,1.0,"1,87ч",,,,,34 days 09:37:00,49537.0,155.0,67,0.07276736493936053
1,13206179,2024-02-05 08:30:00,Дальневосточная,"Д-ВОСТ, ШЧ-14 (Э)","3шт ч(к учету 2,82ч)",,,"Автопереключатель, индевение контактов",CSH,2024,2.0,"2,82ч",,,,,34 days 11:02:00,49622.0,85.0,68,0.07386990077177508
2,13206205,2024-02-05 08:58:00,Дальневосточная,"Д-ВОСТ, ШЧ-14 (Э)","2шт (к учету 1) ч(к учету 0,97ч)","2шт ч(к учету 0,18ч)",,"Жилы, обрыв",CSH,2024,1.0,"0,97ч",0.0,"0,18ч",,,34 days 11:30:00,49650.0,28.0,69,0.07497243660418963
2,13207312,2024-02-05 23:14:00,Дальневосточная,"Д-ВОСТ, ВЧДЭ-1 ХАБАРОВСК","3шт ч(к учету 0,75ч)",,,Разрегулирование рычажной передачи грузового вагона,CV,2024,0.0,"0,75ч",,,,,35 days 01:46:00,50506.0,856.0,70,0.07607497243660419
2,13207708,2024-02-06 07:37:00,Дальневосточная,"Д-ВОСТ, ВЧДЭ-1 ХАБАРОВСК","5шт ч(к учету 1,12ч)",,,"Расслоение, разрыв манжеты усл. № 305-156 в узле трех клапанов",CV,2024,1.0,"1,12ч",,,,,35 days 10:09:00,51009.0,503.0,71,0.07717750826901874
3,13209267,2024-02-06 18:33:00,Дальневосточная,"Д-ВОСТ, ШЧ-8 (Э)",,,,"Внутренний монтаж, обрыв",CSH,2024,,,,,,,35 days 21:05:00,51665.0,656.0,72,0.0782800441014333
2,13209347,2024-02-06 21:55:00,Дальневосточная,"Д-ВОСТ, ШЧ-3 (Э)","11шт ч(к учету 4,02ч)",,,Ослабление затяжки болтов,CSH,2024,4.0,"4,02ч",,,,,36 days 00:27:00,51867.0,202.0,73,0.07938257993384785
2,13209409,2024-02-07 00:00:00,Дальневосточная,"Д-ВОСТ, ШЧ-4 (Р)","2шт ч(к учету 1,28ч)",,,"Диод, пробой",CSH,2024,1.0,"1,28ч",,,,,36 days 02:32:00,51992.0,125.0,74,0.0804851157662624
3,13211973,2024-02-07 12:59:00,Дальневосточная,"Д-ВОСТ, ШЧ-13 (Э)",,,,Неисправность устройств электроснабжения,CSH,2024,,,,,,,36 days 15:31:00,52771.0,779.0,75,0.08158765159867695
3,13211693,2024-02-07 18:20:00,Дальневосточная,"Д-ВОСТ, ШЧ-13 (Э)",,,,"Срабатывание (перегорание), коммутационные перенапряжения",CSH,2024,,,,,,,36 days 20:52:00,53092.0,321.0,76,0.08269018743109151
3,13211958,2024-02-08 03:12:00,Дальневосточная,"Д-ВОСТ, ШЧ-14 (Э)",,,,"Нарушение контакта в разъемах блоков, неисправность контактных губок",CSH,2024,,,,,,,37 days 05:44:00,53624.0,532.0,77,0.08379272326350606
3,13212168,2024-02-08 03:30:00,Дальневосточная,"Д-ВОСТ, ШЧ-10 (Э)",,,,"Автопереключатель, разрегулировка контактов",CSH,2024,,,,,,,37 days 06:02:00,53642.0,18.0,78,0.08489525909592062
1,13214039,2024-02-08 20:48:00,Дальневосточная,"Д-ВОСТ, ШЧ-10 (Э)","11шт ч(к учету 11,97ч)","1шт ч(к учету 0,95ч)",,"Нарушение контакта в штепсельных розетках, сообщение",CSH,2024,11.0,"11,97ч",0.0,"0,95ч",,,37 days 23:20:00,54680.0,1038.0,79,0.08599779492833518
3,13215754,2024-02-09 23:14:00,Дальневосточная,"Д-ВОСТ, ШЧ-12 (Э)",,,,Нарушение изоляции монтажных проводов,CSH,2024,,,,,,,39 days 01:46:00,56266.0,1586.0,80,0.08710033076074973
3,13216195,2024-02-10 02:37:00,Дальневосточная,"Д-ВОСТ, ВЧДЭ-1 ХАБАРОВСК",,,,Ползун на поверхности катания колеса пассажирского вагона,CV,2024,,,,,,,39 days 05:09:00,56469.0,203.0,81,0.08820286659316427
3,13216548,2024-02-10 15:41:00,Дальневосточная,"Д-ВОСТ, ШЧ-2 (Э)",,,,Сбой АЛС с задержкой поезда,CSH,2024,,,,,,,39 days 18:13:00,57253.0,784.0,82,0.08930540242557883
3,13217235,2024-02-11 11:35:00,Дальневосточная,"Д-ВОСТ, ШЧ-14 (Э)",,,,Нарушение контакта штепсель/рельс,CSH,2024,,,,,,,40 days 14:07:00,58447.0,1194.0,83,0.09040793825799338
2,13217416,2024-02-11 17:10:00,Дальневосточная,"Д-ВОСТ, ВЧДЭ-4 УССУРИЙСК","1шт ч(к учету 0,72ч)",,,Обрыв маятниковой подвески грузового вагона,CV,2024,0.0,"0,72ч",,,,,40 days 19:42:00,58782.0,335.0,84,0.09151047409040794
3,13217739,2024-02-12 03:00:00,Дальневосточная,"Д-ВОСТ, ШЧ-2 (Э)",,,,"Срабатывание, воздействие тягового тока",CSH,2024,,,,,,,41 days 05:32:00,59372.0,590.0,85,0.0926130099228225
3,13218031,2024-02-12 07:34:00,Дальневосточная,"Д-ВОСТ, ШЧ-9 (Э)",,,,"Релейный ОК, CCM/CCM-E, неисправность",CSH,2024,,,,,,,41 days 10:06:00,59646.0,274.0,86,0.09371554575523705
2,13218285,2024-02-12 09:51:00,Дальневосточная,"Д-ВОСТ, ШЧ-6 (Э)","4шт ч(к учету 2,82ч)",,,Нарушение контакта наконечник/вывод ДТ,CSH,2024,2.0,"2,82ч",,,,,41 days 12:23:00,59783.0,137.0,87,0.09481808158765159
2,13219129,2024-02-12 17:30:00,Дальневосточная,"Д-ВОСТ, ШЧ-10 (Э)",2шт ч(к учету 1ч),,,"Контактная система, увеличенное сопротивление",CSH,2024,1.0,,,,,,41 days 20:02:00,60242.0,459.0,88,0.09592061742006615
2,13219297,2024-02-13 03:11:00,Дальневосточная,"Д-ВОСТ, ШЧ-14 (Э)","2шт ч(к учету 1,22ч)",,,"Нарушение контакта в разъемах блоков, неисправность контактных губок",CSH,2024,1.0,"1,22ч",,,,,42 days 05:43:00,60823.0,581.0,89,0.0970231532524807
2,13223820,2024-02-14 01:50:00,Дальневосточная,"ЗАБ, ВЧДЭ-6 МОГОЧА","1шт ч(к учету 0,63ч)",,,Завар тормозного башмака грузового вагона,CV,2024,0.0,"0,63ч",,,,,43 days 04:22:00,62182.0,1359.0,90,0.09812568908489526
3,13221853,2024-02-14 06:31:00,Дальневосточная,"Д-ВОСТ, ВЧДЭ-4 УССУРИЙСК",,,,Нарушение крепление валика подвески тормозного башмака,CV,2024,,,,,,,43 days 09:03:00,62463.0,281.0,91,0.09922822491730982
2,13223178,2024-02-14 11:09:00,Дальневосточная,"Д-ВОСТ, ШЧ-14 (Э)",,"1шт ч(к учету 0,4ч)",,"Автопереключатель, индевение контактов",CSH,2024,,,0.0,"0,4ч",,,43 days 13:41:00,62741.0,278.0,92,0.10033076074972437
3,13222881,2024-02-14 17:45:00,Дальневосточная,"Д-ВОСТ, ШЧ-12 (Э)",,,,"Нарушение контакта в разъемах блоков, неисправность контактных губок",CSH,2024,,,,,,,43 days 20:17:00,63137.0,396.0,93,0.10143329658213891
2,13223754,2024-02-15 09:21:00,Дальневосточная,"Д-ВОСТ, ШЧ-14 (Э)","4шт ч(к учету 2,12ч)",,,"Контактная система, сваривание контактов",CSH,2024,2.0,"2,12ч",,,,,44 days 11:53:00,64073.0,936.0,94,0.10253583241455347
3,13223782,2024-02-15 09:28:00,Дальневосточная,"Д-ВОСТ, ШЧ-2 (Э)",,,,Влияние посторонних источников питания,CSH,2024,,,,,,,44 days 12:00:00,64080.0,7.0,95,0.10363836824696802
3,13224734,2024-02-16 01:18:00,Дальневосточная,"Д-ВОСТ, ШЧ-4 (Р)",,,,"Контактная система, увеличенное сопротивление контакта",CSH,2024,,,,,,,45 days 03:50:00,65030.0,950.0,96,0.10474090407938258
3,13224854,2024-02-16 03:50:00,Дальневосточная,"Д-ВОСТ, ШЧ-7 (Р)",,,,"Контактная система, потеря контакта",CSH,2024,,,,,,,45 days 06:22:00,65182.0,152.0,97,0.10584343991179714
2,13225841,2024-02-16 17:17:00,Дальневосточная,"Д-ВОСТ, ВЧДЭ-10 КОМСОМОЛЬСК","1шт ч(к учету 0,47ч)",,,Несоответствие момента затяжки накидной гайки установленному нормативу,CV,2024,0.0,"0,47ч",,,,,45 days 19:49:00,65989.0,807.0,98,0.10694597574421169
3,13225961,2024-02-17 00:58:00,Дальневосточная,"Д-ВОСТ, ШЧ-13 (Э)",,,,"Ламподержатель, нарушение контакта",CSH,2024,,,,,,,46 days 03:30:00,66450.0,461.0,99,0.10804851157662625
2,13226491,2024-02-17 12:34:00,Дальневосточная,"Д-ВОСТ, ШЧ-14 (Э)",,"1шт ч(к учету 0,1ч)",,"Контактная система, увеличенное сопротивление",CSH,2024,,,0.0,"0,1ч",,,46 days 15:06:00,67146.0,696.0,100,0.10915104740904079
3,13227167,2024-02-17 22:30:00,Дальневосточная,"Д-ВОСТ, ШЧ-8 (Э)",,,,"Резистор, обрыв",CSH,2024,,,,,,,47 days 01:02:00,67742.0,596.0,101,0.11025358324145534
3,13226900,2024-02-18 00:07:00,Дальневосточная,"Д-ВОСТ, ШЧ-12 (Э)",,,,"Срабатывание, несоответствие номинала",CSH,2024,,,,,,,47 days 02:39:00,67839.0,97.0,102,0.1113561190738699
3,13231603,2024-02-19 18:54:00,Дальневосточная,"Д-ВОСТ, ШЧ-4 (Р)","1шт ч(к учету 0,02ч)",,,"Кнопки, излом контакта",CSH,2024,0.0,"0,02ч",,,,,48 days 21:26:00,70406.0,2567.0,103,0.11245865490628446
3,13228919,2024-02-19 20:05:00,Дальневосточная,"Д-ВОСТ, ШЧ-8 (Э)",,,,"Фрикционное сцепление, разрегулировка",CSH,2024,,,,,,,48 days 22:37:00,70477.0,71.0,104,0.11356119073869901
3,13229107,2024-02-20 01:38:00,Дальневосточная,"Д-ВОСТ, ШЧ-12 (Э)",,,,Нарушение контакта трос/штепсель,CSH,2024,,,,,,,49 days 04:10:00,70810.0,333.0,105,0.11466372657111357
1,13229280,2024-02-20 03:10:00,Дальневосточная,"Д-ВОСТ, ВЧДЭ-1 ХАБАРОВСК","3шт ч(к учету 8,08ч)",,,Несоответствие момента затяжки накидной гайки установленному нормативу,CV,2024,8.0,"8,08ч",,,,,49 days 05:42:00,70902.0,92.0,106,0.11576626240352811
1,13229907,2024-02-20 10:30:00,Дальневосточная,"Д-ВОСТ, ВЧДЭ-10 КОМСОМОЛЬСК","3шт (к учету 1) ч(к учету 6,57ч)",,,Несоответствие момента затяжки накидной гайки установленному нормативу,CV,2024,1.0,"6,57ч",,,,,49 days 13:02:00,71342.0,440.0,107,0.11686879823594266
3,13231975,2024-02-21 18:01:00,Дальневосточная,"Д-ВОСТ, ШЧ-14 (Э)",,,,"Лампы, перегорание основной нити",CSH,2024,,,,,,,50 days 20:33:00,73233.0,1891.0,108,0.11797133406835722
1,13232199,2024-02-22 00:41:00,Дальневосточная,"Д-ВОСТ, ВЧДЭ-10 КОМСОМОЛЬСК","1шт ч(к учету 1,4ч)",,,Неисправность соединительного рукава грузового вагона,CV,2024,1.0,"1,4ч",,,,,51 days 03:13:00,73633.0,400.0,109,0.11907386990077178
3,13235751,2024-02-22 03:01:00,Дальневосточная,"Д-ВОСТ, ШЧ-3 (Э)",,,,"Нарушение контакта в разъемах блоков, замятие контакта",CSH,2024,,,,,,,51 days 05:33:00,73773.0,140.0,110,0.12017640573318633
3,13232588,2024-02-22 06:46:00,Дальневосточная,"Д-ВОСТ, ШЧ-14 (Э)",,,,Неисправность МЦИ 422,CSH,2024,,,,,,,51 days 09:18:00,73998.0,225.0,111,0.12127894156560089
3,13235883,2024-02-22 23:44:00,Дальневосточная,"Д-ВОСТ, ШЧ-14 (Э)",,,,Потеря контакта,CSH,2024,,,,,,,52 days 02:16:00,75016.0,1018.0,112,0.12238147739801543
2,13233507,2024-02-23 04:20:00,Дальневосточная,"Д-ВОСТ, ШЧ-14 (Э)","1шт ч(к учету 0,53ч)","1шт ч(к учету 0,27ч)",,"Нарушение контакта в разъемах блоков, неисправность контактных губок",CSH,2024,0.0,"0,53ч",0.0,"0,27ч",,,52 days 06:52:00,75292.0,276.0,113,0.12348401323042998
3,13233819,2024-02-23 13:00:00,Дальневосточная,"Д-ВОСТ, ШЧ-13 (Э)",,,,"Автопереключатель, разрегулировка контактов",CSH,2024,,,,,,,52 days 15:32:00,75812.0,520.0,114,0.12458654906284454
3,13234073,2024-02-23 23:03:00,Дальневосточная,"Д-ВОСТ, ВЧДЭ-1 ХАБАРОВСК",,,,Неисправность автосцепного оборудования грузового вагона,CV,2024,,,,,,,53 days 01:35:00,76415.0,603.0,115,0.1256890848952591
3,13237077,2024-02-24 03:10:00,Дальневосточная,"Д-ВОСТ, ИЧ Ш САХАЛИН","1шт ч(к учету 0,03ч)",,,"Ламподержатель, нарушение контакта",CSH,2024,0.0,"0,03ч",,,,,53 days 05:42:00,76662.0,247.0,116,0.12679162072767364
2,13234509,2024-02-24 04:03:00,Дальневосточная,"Д-ВОСТ, ШЧ-6 (Э)","2шт ч(к учету 1,08ч)",,,"Фрикционное сцепление, разрегулировка",CSH,2024,1.0,"1,08ч",,,,,53 days 06:35:00,76715.0,53.0,117,0.1278941565600882
2,13234450,2024-02-24 10:30:00,Дальневосточная,"Д-ВОСТ, ШЧ-12 (Э)","2шт ч(к учету 0,83ч)",,,"Срабатывание, коммутационные перенапряжения",CSH,2024,0.0,"0,83ч",,,,,53 days 13:02:00,77102.0,387.0,118,0.12899669239250275
3,13234904,2024-02-24 12:00:00,Дальневосточная,"Д-ВОСТ, ШЧ-14 (Э)",,,,"Срабатывание (перегорание), коммутационные перенапряжения",CSH,2024,,,,,,,53 days 14:32:00,77192.0,90.0,119,0.13009922822491732
3,13235235,2024-02-25 05:50:00,Дальневосточная,"Д-ВОСТ, ШЧ-14 (Э)",,,,"Срабатывание (перегорание), коммутационные перенапряжения",CSH,2024,,,,,,,54 days 08:22:00,78262.0,1070.0,120,0.13120176405733186
2,13235300,2024-02-25 11:33:00,Дальневосточная,"Д-ВОСТ, ШЧ-2 (Э)","5шт ч(к учету 1,55ч)","4шт (к учету 3) ч(к учету 0,63ч)","1шт ч(к учету 0,18)ч","Жилы, внутренний обрыв",CSH,2024,1.0,"1,55ч",3.0,"0,63ч",0.0,,54 days 14:05:00,78605.0,343.0,121,0.13230429988974643
3,13235641,2024-02-25 19:57:00,Дальневосточная,"Д-ВОСТ, ШЧ-12 (Э)",,,,"Автопереключатель, индевение контактов",CSH,2024,,,,,,,54 days 22:29:00,79109.0,504.0,122,0.13340683572216097
2,13235862,2024-02-26 04:36:00,Дальневосточная,"Д-ВОСТ, ШЧ-2 (Э)","7шт ч(к учету 1,6ч)","1шт ч(к учету 0,58ч)",,"Редуктор, неисправность",CSH,2024,1.0,"1,6ч",0.0,"0,58ч",,,55 days 07:08:00,79628.0,519.0,123,0.1345093715545755
3,13240059,2024-02-26 09:41:00,Дальневосточная,"Д-ВОСТ, ШЧ-10 (Э)",,,,Обрыв монтажного провода,CSH,2024,,,,,,,55 days 12:13:00,79933.0,305.0,124,0.13561190738699008
3,13237145,2024-02-27 04:58:00,Дальневосточная,"Д-ВОСТ, ШЧ-3 (Э)",,,,"Автопереключатель, индевение контактов",CSH,2024,,,,,,,56 days 07:30:00,81090.0,1157.0,125,0.13671444321940462
3,13237495,2024-02-27 09:51:00,Дальневосточная,"Д-ВОСТ, ШЧ-7 (Р)",,,,"Срабатывание, коммутационные перенапряжения",CSH,2024,,,,,,,56 days 12:23:00,81383.0,293.0,126,0.1378169790518192
2,13239877,2024-02-28 12:26:00,Дальневосточная,"Д-ВОСТ, ШЧ-3 (Э)",,"1шт ч(к учету 0,22ч)",,Нарушение контакта штепсель/рельс,CSH,2024,,,0.0,"0,22ч",,,57 days 14:58:00,82978.0,1595.0,127,0.13891951488423374
3,13239715,2024-02-28 18:55:00,Дальневосточная,"Д-ВОСТ, ШЧ-14 (Э)",,,,"Срабатывание (перегорание), коммутационные перенапряжения",CSH,2024,,,,,,,57 days 21:27:00,83367.0,389.0,128,0.14002205071664828
2,13240246,2024-02-29 07:14:00,Дальневосточная,"Д-ВОСТ, ШЧ-14 (Э)","2шт ч(к учету 1,2ч)",,,"Автопереключатель, индевение контактов",CSH,2024,1.0,"1,2ч",,,,,58 days 09:46:00,84106.0,739.0,129,0.14112458654906285
2,13240346,2024-02-29 09:09:00,Дальневосточная,"Д-ВОСТ, ШЧ-4 (Р)","2шт ч(к учету 0,4ч)","1шт ч(к учету 0,22ч)",,"Контактная система, увеличенное сопротивление контакта",CSH,2024,0.0,"0,4ч",0.0,"0,22ч",,,58 days 11:41:00,84221.0,115.0,130,0.1422271223814774
3,13240801,2024-02-29 16:48:00,Дальневосточная,"Д-ВОСТ, ШЧ-2 (Э)",,,,Неисправность приёмной капсулы,CSH,2024,,,,,,,58 days 19:20:00,84680.0,459.0,131,0.14332965821389196
1,13241196,2024-03-01 01:01:00,Дальневосточная,"Д-ВОСТ, ТЧЭ-13","1шт ч(к учету 1,67ч)",,,Просвет (мм) между шейкой остряка и рабочей гранью упорных накладок,CT,2024,1.0,"1,67ч",,,,,59 days 03:33:00,85173.0,493.0,132,0.1444321940463065
3,13242177,2024-03-01 15:07:00,Дальневосточная,"Д-ВОСТ, ШЧ-3 (Э)",,,,"Нарушение контакта в штепсельных розетках, замятие контакта",CSH,2024,,,,,,,59 days 17:39:00,86019.0,846.0,133,0.14553472987872107
2,13243487,2024-03-03 08:34:00,Дальневосточная,"Д-ВОСТ, ВЧДЭ-1 ХАБАРОВСК","3шт ч(к учету 0,6ч)",,,Выпадение валика подвески тормозного подвешивания грузового вагона,CV,2024,0.0,"0,6ч",,,,,61 days 11:06:00,88506.0,2487.0,134,0.1466372657111356
3,13243627,2024-03-03 12:16:00,Дальневосточная,"Д-ВОСТ, ШЧ-14 (Э)",,,,Излом провода под гайкой,CSH,2024,,,,,,,61 days 14:48:00,88728.0,222.0,135,0.14773980154355015
3,13243990,2024-03-04 01:57:00,Дальневосточная,"Д-ВОСТ, ШЧ-3 (Э)","1шт ч(к учету 0,02ч)",,,"Жилы, обрыв",CSH,2024,0.0,"0,02ч",,,,,62 days 04:29:00,89549.0,821.0,136,0.14884233737596472
2,13245641,2024-03-04 17:25:00,Дальневосточная,"Д-ВОСТ, ШЧ-13 (Э)",5шт ч(к учету 2ч),,,"Контактная система, увеличенное сопротивление контакта",CSH,2024,2.0,,,,,,62 days 19:57:00,90477.0,928.0,137,0.14994487320837926
3,13254138,2024-03-07 06:26:00,Дальневосточная,"Д-ВОСТ, ШЧ-12 (Э)",,,,"Жилы, обрыв",CSH,2024,,,,,,,65 days 08:58:00,94138.0,3661.0,138,0.15104740904079383
3,13252386,2024-03-07 15:55:00,Дальневосточная,"Д-ВОСТ, ШЧ-9 (Э)",,,,Излом повода под гайкой,CSH,2024,,,,,,,65 days 18:27:00,94707.0,569.0,139,0.15214994487320838
3,13255062,2024-03-08 05:04:00,Дальневосточная,"Д-ВОСТ, ШЧ-4 (Р)","1шт ч(к учету 0,02ч)",,,"Срабатывание, коммутационные перенапряжения",CSH,2024,0.0,"0,02ч",,,,,66 days 07:36:00,95496.0,789.0,140,0.15325248070562295
3,13257043,2024-03-08 12:30:00,Дальневосточная,"Д-ВОСТ, ШЧ-12 (Э)",,,,"Контакты штепсельного разъема, излом",CSH,2024,,,,,,,66 days 15:02:00,95942.0,446.0,141,0.1543550165380375
2,13253297,2024-03-08 23:01:00,Дальневосточная,"Д-ВОСТ, ШЧ-2 (Э)","1шт ч(к учету 0,4ч)","1шт ч(к учету 0,13ч)",,"Нарушение контакта в штепсельных розетках, неисправность контактных губок",CSH,2024,0.0,"0,4ч",0.0,"0,13ч",,,67 days 01:33:00,96573.0,631.0,142,0.15545755237045203
3,13253699,2024-03-09 09:50:00,Дальневосточная,"Д-ВОСТ, ШЧ-12 (Э)",,,,"Фрикционное сцепление, разрегулировка",CSH,2024,,,,,,,67 days 12:22:00,97222.0,649.0,143,0.1565600882028666
3,13256963,2024-03-10 01:58:00,Дальневосточная,"Д-ВОСТ, ШЧ-13 (Э)",,,,Зависание ПО,CSH,2024,,,,,,,68 days 04:30:00,98190.0,968.0,144,0.15766262403528114
3,13262215,2024-03-11 05:02:00,Дальневосточная,"Д-ВОСТ, ШЧ-14 (Э)",,,,"Нарушение контакта в штепсельных розетках, неисправность контактных губок",CSH,2024,,,,,,,69 days 07:34:00,99814.0,1624.0,145,0.1587651598676957
2,13258395,2024-03-12 19:21:00,Дальневосточная,"Д-ВОСТ, ШЧ-3 (Э)","2шт ч(к учету 0,33ч)","2шт ч(к учету 0,63ч)",,"Нарушение контакта в разъемах блоков, замятие контакта",CSH,2024,0.0,"0,33ч",0.0,"0,63ч",,,70 days 21:53:00,102113.0,2299.0,146,0.15986769570011025
1,13258586,2024-03-13 02:43:00,Дальневосточная,"Д-ВОСТ, ШЧ-14 (Э)","3шт ч(к учету 3,43ч)",,,Ослабление затяжки болтов,CSH,2024,3.0,"3,43ч",,,,,71 days 05:15:00,102555.0,442.0,147,0.1609702315325248
3,13260376,2024-03-13 23:21:00,Дальневосточная,"Д-ВОСТ, ШЧ-2 (Э)","1шт ч(к учету 0,05ч)",,,Нарушение контакта,CSH,2024,0.0,"0,05ч",,,,,72 days 01:53:00,103793.0,1238.0,148,0.16207276736493936
3,13272641,2024-03-15 02:25:00,Дальневосточная,"З-СИБ, ВЧД-4 ТАТАРСКАЯ",,,,Трещина ударной розетки грузового вагона,CV,2024,,,,,,,73 days 04:57:00,105417.0,1624.0,149,0.1631753031973539
2,13262201,2024-03-15 03:45:00,Дальневосточная,"Д-ВОСТ, ШЧ-2 (Э)","8шт (к учету 6) ч(к учету 2,32ч)",,,"Кнопки, механическое заедание кнопки",CSH,2024,6.0,"2,32ч",,,,,73 days 06:17:00,105497.0,80.0,150,0.16427783902976847
2,13265144,2024-03-15 11:00:00,Дальневосточная,"Д-ВОСТ, ШЧ-14 (Э)","1шт ч(к учету 0,53ч)",,,"Обмотка, обрыв",CSH,2024,0.0,"0,53ч",,,,,73 days 13:32:00,105932.0,435.0,151,0.16538037486218302
2,13263388,2024-03-15 16:15:00,Дальневосточная,"Д-ВОСТ, ШЧ-9 (Э)","1шт ч(к учету 0,93ч)",,,"Контактная система, сваривание",CSH,2024,0.0,"0,93ч",,,,,73 days 18:47:00,106247.0,315.0,152,0.16648291069459759
3,13263641,2024-03-16 02:47:00,Дальневосточная,"Д-ВОСТ, ШЧ-3 (Э)","2шт ч(к учету 0,03ч)",,,Неисправность монтажа,CSH,2024,0.0,"0,03ч",,,,,74 days 05:19:00,106879.0,632.0,153,0.16758544652701213
3,13263909,2024-03-16 09:15:00,Дальневосточная,"Д-ВОСТ, ШЧ-14 (Э)",,,,Нарушение контакта трос/контактный болт,CSH,2024,,,,,,,74 days 11:47:00,107267.0,388.0,154,0.16868798235942667
3,13266997,2024-03-18 06:55:00,Дальневосточная,"Д-ВОСТ, ВЧДЭ-1 ХАБАРОВСК",,,,Неплотность тормозной магистрали грузового вагона,CV,2024,,,,,,,76 days 09:27:00,110007.0,2740.0,155,0.16979051819184124
2,13266347,2024-03-19 02:50:00,Дальневосточная,"Д-ВОСТ, ШЧ-12 (Э)","1шт ч(к учету 0,18ч)","2шт ч(к учету 0,23ч)",,Нарушение изоляции,CSH,2024,0.0,"0,18ч",0.0,"0,23ч",,,77 days 05:22:00,111202.0,1195.0,156,0.17089305402425578
3,13267898,2024-03-19 03:25:00,Дальневосточная,"Д-ВОСТ, ШЧ-14 (Э)","1шт ч(к учету 0,17ч)",,,"Фрикционное сцепление, замерзание деталей",CSH,2024,0.0,"0,17ч",,,,,77 days 05:57:00,111237.0,35.0,157,0.17199558985667035
3,13267217,2024-03-19 12:25:00,Дальневосточная,"Д-ВОСТ, ШЧ-14 (Э)",,,,Зависание ПО,CSH,2024,,,,,,,77 days 14:57:00,111777.0,540.0,158,0.1730981256890849
2,13268026,2024-03-20 06:31:00,Дальневосточная,"Д-ВОСТ, ШЧ-4 (Р)","5шт ч(к учету 1,2ч)",,,"Обмотка, обрыв",CSH,2024,1.0,"1,2ч",,,,,78 days 09:03:00,112863.0,1086.0,159,0.17420066152149946
3,13267967,2024-03-20 06:45:00,Дальневосточная,"Д-ВОСТ, ШЧ-14 (Э)",,,,"Обмотка, обрыв обмотки",CSH,2024,,,,,,,78 days 09:17:00,112877.0,14.0,160,0.175303197353914
3,13269066,2024-03-20 22:35:00,Дальневосточная,"Д-ВОСТ, ШЧ-13 (Э)",,,,"Повреждение изоляции, торцевой",CSH,2024,,,,,,,79 days 01:07:00,113827.0,950.0,161,0.17640573318632854
2,13269494,2024-03-21 07:35:00,Дальневосточная,"Д-ВОСТ, ШЧ-14 (Э)",,"1шт ч(к учету 0,2ч)",,Нарушение контакта трос/штепсель,CSH,2024,,,0.0,"0,2ч",,,79 days 10:07:00,114367.0,540.0,162,0.17750826901874311
2,13270215,2024-03-21 15:25:00,Дальневосточная,"Д-ВОСТ, ВЧДЭ-1 ХАБАРОВСК","1шт ч(к учету 0,82ч)",,,Неплотность тормозной магистрали грузового вагона,CV,2024,0.0,"0,82ч",,,,,79 days 17:57:00,114837.0,470.0,163,0.17861080485115766
2,13271497,2024-03-22 17:01:00,Дальневосточная,"Д-ВОСТ, ШЧ-2 (Э)","3шт ч(к учету 0,9ч)",,,"Срабатывание (перегорание), воздействие тягового тока",CSH,2024,0.0,"0,9ч",,,,,80 days 19:33:00,116373.0,1536.0,164,0.17971334068357223
2,13271745,2024-03-23 02:35:00,Дальневосточная,"Д-ВОСТ, ШЧ-3 (Э)","18шт ч(к учету 3,65ч)","1шт ч(к учету 0,15ч)",,Асимметрия тягового тока,CSH,2024,3.0,"3,65ч",0.0,"0,15ч",,,81 days 05:07:00,116947.0,574.0,165,0.18081587651598677
2,13276222,2024-03-23 19:15:00,Дальневосточная,"Д-ВОСТ, ВЧДЭ-1 ХАБАРОВСК","1шт ч(к учету 0,4ч)",,,Коррозия привалочного фланца корпуса главной части,CV,2024,0.0,"0,4ч",,,,,81 days 21:47:00,117947.0,1000.0,166,0.1819184123484013
2,13272478,2024-03-23 22:40:00,Дальневосточная,"Д-ВОСТ, ШЧ-14 (Э)","2шт ч(к учету 1,03ч)","1шт ч(к учету 0,22ч)",,Попадание постороннего предмета в подвижные узлы внешнего замыкателя,CSH,2024,1.0,"1,03ч",0.0,"0,22ч",,,82 days 01:12:00,118152.0,205.0,167,0.18302094818081588
2,13272477,2024-03-23 23:32:00,Дальневосточная,"Д-ВОСТ, ШЧ-14 (Э)",,"1шт ч(к учету 0,25ч)",,Сбой АЛС с задержкой поезда,CSH,2024,,,0.0,"0,25ч",,,82 days 02:04:00,118204.0,52.0,168,0.18412348401323042
2,13272475,2024-03-23 23:54:00,Дальневосточная,"Д-ВОСТ, ШЧ-14 (Э)","1шт ч(к учету 0,53ч)",,,"Автопереключатель, индевение контактов",CSH,2024,0.0,"0,53ч",,,,,82 days 02:26:00,118226.0,22.0,169,0.185226019845645
2,13272483,2024-03-24 00:13:00,Дальневосточная,"Д-ВОСТ, ШЧ-6 (Э)","6шт ч(к учету 1,62ч)",,,"Изоляция, понижение сопротивления",CSH,2024,1.0,"1,62ч",,,,,82 days 02:45:00,118245.0,19.0,170,0.18632855567805953
3,13273414,2024-03-24 12:53:00,Дальневосточная,"Д-ВОСТ, ШЧ-14 (Э)","1шт ч(к учету 0,17ч)",,,"Жилы, внутренний обрыв",CSH,2024,0.0,"0,17ч",,,,,82 days 15:25:00,119005.0,760.0,171,0.1874310915104741
2,13273279,2024-03-25 02:48:00,Дальневосточная,"Д-ВОСТ, ШЧ-8 (Э)","8шт (к учету 5) ч(к учету 2,68ч)",,,Асимметрия тягового тока,CSH,2024,5.0,"2,68ч",,,,,83 days 05:20:00,119840.0,835.0,172,0.18853362734288864
3,13273825,2024-03-25 10:52:00,Дальневосточная,"Д-ВОСТ, ШЧ-14 (Э)",,,,Отсутствие,CSH,2024,,,,,,,83 days 13:24:00,120324.0,484.0,173,0.18963616317530319
1,13274348,2024-03-25 16:42:00,Дальневосточная,"Д-ВОСТ, ШЧ-10 (Э)","4шт ч(к учету 5,28ч)",,,"Нарушение контакта в штепсельных розетках, сообщение",CSH,2024,5.0,"5,28ч",,,,,83 days 19:14:00,120674.0,350.0,174,0.19073869900771775
2,13275372,2024-03-26 11:17:00,Дальневосточная,"Д-ВОСТ, ШЧ-14 (Э)",,"1шт ч(к учету 0,18ч)","1шт ч(к учету 0,13)ч","Автопереключатель, индевение контактов",CSH,2024,,,0.0,"0,18ч",0.0,,84 days 13:49:00,121789.0,1115.0,175,0.1918412348401323
3,13279220,2024-03-26 19:22:00,Дальневосточная,"Д-ВОСТ, ШЧ-4 (Р)","1шт ч(к учету 0,02ч)",,,"Контактная система, увеличенное сопротивление",CSH,2024,0.0,"0,02ч",,,,,84 days 21:54:00,122274.0,485.0,176,0.19294377067254687
2,13275943,2024-03-26 20:53:00,Дальневосточная,"Д-ВОСТ, ВЧДЭ-1 ХАБАРОВСК","1шт ч(к учету 0,63ч)",,,"Излом (отсутствие), трещина упорного кольца",CV,2024,0.0,"0,63ч",,,,,84 days 23:25:00,122365.0,91.0,177,0.1940463065049614
2,13276268,2024-03-27 04:29:00,Дальневосточная,"Д-ВОСТ, ШЧ-9 (Э)","1шт ч(к учету 0,55ч)",,,Нарушение изоляции проводов,CSH,2024,0.0,"0,55ч",,,,,85 days 07:01:00,122821.0,456.0,178,0.19514884233737598
2,13276437,2024-03-27 07:00:00,Дальневосточная,"Д-ВОСТ, ШЧ-8 (Э)","2шт ч(к учету 0,5ч)",,,Обрыв,CSH,2024,0.0,"0,5ч",,,,,85 days 09:32:00,122972.0,151.0,179,0.19625137816979052
3,13279171,2024-03-28 06:45:00,Дальневосточная,"Д-ВОСТ, ШЧ-12 (Э)",,,,Неисправность,CSH,2024,,,,,,,86 days 09:17:00,124397.0,1425.0,180,0.19735391400220506
3,13281973,2024-03-28 07:43:00,Дальневосточная,"Д-ВОСТ, ШЧ-8 (Э)",,,,"Жилы, сообщение",CSH,2024,,,,,,,86 days 10:15:00,124455.0,58.0,181,0.19845644983461963
2,13278160,2024-03-28 09:43:00,Дальневосточная,"Д-ВОСТ, ШЧ-14 (Э)","1шт ч(к учету 0,42ч)",,,"Нарушение контакта в разъемах блоков, неисправность контактных губок",CSH,2024,0.0,"0,42ч",,,,,86 days 12:15:00,124575.0,120.0,182,0.19955898566703417
3,13282034,2024-03-29 01:25:00,Дальневосточная,"Д-ВОСТ, ШЧ-12 (Э)",,,,"Жилы, обрыв",CSH,2024,,,,,,,87 days 03:57:00,125517.0,942.0,183,0.20066152149944874
2,13279535,2024-03-29 02:51:00,Дальневосточная,"Д-ВОСТ, ШЧ-7 (Р)","3шт ч(к учету 1,33ч)",,,"Контактная система, увеличенное сопротивление",CSH,2024,1.0,"1,33ч",,,,,87 days 05:23:00,125603.0,86.0,184,0.20176405733186328
2,13280294,2024-03-30 02:50:00,Дальневосточная,"Д-ВОСТ, ШЧ-13 (Э)",7шт (к учету 6) ч(к учету 2ч),"3шт (к учету 1) ч(к учету 0,35ч)",,"Короткое замыкание, металлической стружкой, проволокой в стыке",CSH,2024,6.0,,1.0,"0,35ч",,,88 days 05:22:00,127042.0,1439.0,185,0.20286659316427783
3,13283615,2024-03-30 06:23:00,Дальневосточная,"Д-ВОСТ, ШЧ-7 (Р)",,,,"Лампы, перегорание основной нити",CSH,2024,,,,,,,88 days 08:55:00,127255.0,213.0,186,0.2039691289966924
2,13280461,2024-03-30 06:35:00,Дальневосточная,"Д-ВОСТ, ШЧ-14 (Э)","1шт ч(к учету 0,27ч)",,,"Жилы, внутренний обрыв",CSH,2024,0.0,"0,27ч",,,,,88 days 09:07:00,127267.0,12.0,187,0.20507166482910694
2,13280573,2024-03-30 09:10:00,Дальневосточная,"Д-ВОСТ, ШЧ-12 (Э)","2шт ч(к учету 0,95ч)","1шт ч(к учету 0,1ч)",,Обрыв монтажного провода,CSH,2024,0.0,"0,95ч",0.0,"0,1ч",,,88 days 11:42:00,127422.0,155.0,188,0.2061742006615215
2,13280696,2024-03-30 12:16:00,Дальневосточная,"Д-ВОСТ, ШЧ-14 (Э)","2шт ч(к учету 0,93ч)",,,"Контактная система, увеличенное сопротивление контакта",CSH,2024,0.0,"0,93ч",,,,,88 days 14:48:00,127608.0,186.0,189,0.20727673649393605
2,13280697,2024-03-30 13:15:00,Дальневосточная,"Д-ВОСТ, ШЧ-13 (Э)","1шт ч(к учету 0,52ч)",,,"Фрикционное сцепление, нарушение регулировки усилия перевода",CSH,2024,0.0,"0,52ч",,,,,88 days 15:47:00,127667.0,59.0,190,0.20837927232635062
3,13280887,2024-03-30 17:27:00,Дальневосточная,"Д-ВОСТ, ШЧ-9 (Э)",,,,Отсутствие,CSH,2024,,,,,,,88 days 19:59:00,127919.0,252.0,191,0.20948180815876516
3,13281536,2024-03-31 13:40:00,Дальневосточная,"Д-ВОСТ, ШЧ-9 (Э)",,,,Нарушение контакта штепсель/рельс,CSH,2024,,,,,,,89 days 16:12:00,129132.0,1213.0,192,0.2105843439911797
3,13286331,2024-03-31 14:59:00,Дальневосточная,"Д-ВОСТ, ШЧ-7 (Р)",,,,"Лампы, перегорание основной нити",CSH,2024,,,,,,,89 days 17:31:00,129211.0,79.0,193,0.21168687982359427
1,13282841,2024-04-01 13:57:00,Дальневосточная,"Д-ВОСТ, ШЧ-14 (Э)","4шт (к учету 3) ч(к учету 2,6ч)",,,"Нарушение контакта в разъемах блоков, неисправность контактных губок",CSH,2024,3.0,"2,6ч",,,,,90 days 16:29:00,130589.0,1378.0,194,0.2127894156560088
2,13283191,2024-04-01 14:28:00,Дальневосточная,"Д-ВОСТ, ШЧ-14 (Э)","1шт ч(к учету 0,9ч)",,,Ослабление крепления основания датчика,CSH,2024,0.0,"0,9ч",,,,,90 days 17:00:00,130620.0,31.0,195,0.21389195148842338
3,13283319,2024-04-01 17:18:00,Дальневосточная,"Д-ВОСТ, ШЧ-2 (Э)",,,,"Срабатывание, коммутационные перенапряжения",CSH,2024,,,,,,,90 days 19:50:00,130790.0,170.0,196,0.21499448732083792
3,13286249,2024-04-03 07:52:00,Дальневосточная,"Д-ВОСТ, ШЧ-8 (Э)",,,,"Обрыв, коррозия металла",CSH,2024,,,,,,,92 days 10:24:00,133104.0,2314.0,197,0.2160970231532525
2,13288056,2024-04-03 15:08:00,Дальневосточная,"Д-ВОСТ, ШЧ-2 (Э)","10шт (к учету 9) ч(к учету 2,25ч)","1шт ч(к учету 0,02ч)",,"Кнопки, люфт штока",CSH,2024,9.0,"2,25ч",0.0,"0,02ч",,,92 days 17:40:00,133540.0,436.0,198,0.21719955898566704
3,13288823,2024-04-03 21:38:00,Дальневосточная,"Д-ВОСТ, ШЧ-14 (Э)",,,,Отсутствие,CSH,2024,,,,,,,93 days 00:10:00,133930.0,390.0,199,0.21830209481808158
3,13291686,2024-04-05 03:36:00,Дальневосточная,"Д-ВОСТ, ШЧ-13 (Э)",,,,"Автопереключатель, разрегулировка контактов",CSH,2024,,,,,,,94 days 06:08:00,135728.0,1798.0,200,0.21940463065049615
3,13303472,2024-04-05 06:07:00,Дальневосточная,"Д-ВОСТ, ШЧ-14 (Э)","1шт ч(к учету 0,22ч)",,,"Обмотка, обрыв",CSH,2024,0.0,"0,22ч",,,,,94 days 08:39:00,135879.0,151.0,201,0.2205071664829107
3,13297481,2024-04-05 06:15:00,Дальневосточная,"Д-ВОСТ, ШЧ-10 (Э)",,,,Излом провода под гайкой,CSH,2024,,,,,,,94 days 08:47:00,135887.0,8.0,202,0.22160970231532526
1,13292390,2024-04-05 10:57:00,Дальневосточная,"Д-ВОСТ, ШЧ-14 (Э)",,"1шт ч(к учету 1,28ч)",,"Жилы, обрыв",CSH,2024,,,1.0,"1,28ч",,,94 days 13:29:00,136169.0,282.0,203,0.2227122381477398
3,13294987,2024-04-07 09:15:00,Дальневосточная,"Д-ВОСТ, ШЧ-14 (Э)",,,,Зависание ПО,CSH,2024,,,,,,,96 days 11:47:00,138947.0,2778.0,204,0.22381477398015434
3,13321555,2024-04-07 23:23:00,Дальневосточная,"Д-ВОСТ, ШЧ-2 (Э)",,"1шт ч(к учету 0,02ч)",,"Курбельный контакт, потеря контакта",CSH,2024,,,0.0,"0,02ч",,,97 days 01:55:00,139795.0,848.0,205,0.2249173098125689
3,13295758,2024-04-07 23:30:00,Дальневосточная,"Д-ВОСТ, ШЧ-6 (Э)",,,,Неисправность,CSH,2024,,,,,,,97 days 02:02:00,139802.0,7.0,206,0.22601984564498345
3,13298135,2024-04-08 01:00:00,Дальневосточная,"Д-ВОСТ, ШЧ-2 (Э)",,,,"Лампы, перегорание основной нити",CSH,2024,,,,,,,97 days 03:32:00,139892.0,90.0,207,0.22712238147739802
2,13303771,2024-04-08 01:50:00,Дальневосточная,"ЗАБ, ВЧДЭ-7 БЕЛОГОРСК","8шт ч(к учету 2,98ч)",,,Выпадение валика подвески тормозного подвешивания грузового вагона,CV,2024,2.0,"2,98ч",,,,,97 days 04:22:00,139942.0,50.0,208,0.22822491730981256
3,13295982,2024-04-08 03:11:00,Дальневосточная,"Д-ВОСТ, ШЧ-7 (Р)",,,,"Обмотка, обрыв",CSH,2024,,,,,,,97 days 05:43:00,140023.0,81.0,209,0.22932745314222713
2,13295927,2024-04-08 03:29:00,Дальневосточная,"Д-ВОСТ, ШЧ-4 (Р)","1шт ч(к учету 0,35ч)",,,"Конденсатор, снижение емкости",CSH,2024,0.0,"0,35ч",,,,,97 days 06:01:00,140041.0,18.0,210,0.23042998897464168
2,13296107,2024-04-08 06:25:00,Дальневосточная,"Д-ВОСТ, ШЧ-2 (Э)","4шт ч(к учету 0,98ч)","1шт ч(к учету 0,22ч)",,"Автопереключатель, разрегулировка контактов",CSH,2024,0.0,"0,98ч",0.0,"0,22ч",,,97 days 08:57:00,140217.0,176.0,211,0.23153252480705622
3,13297768,2024-04-08 19:58:00,Дальневосточная,"Д-ВОСТ, ШЧ-14 (Э)",,,,"Блок выпрямителей, неисправность диодов",CSH,2024,,,,,,,97 days 22:30:00,141030.0,813.0,212,0.2326350606394708
3,13298595,2024-04-09 08:15:00,Дальневосточная,"Д-ВОСТ, ШЧ-2 (Э)",,,,"Нарушение контакта в штепсельных розетках, сообщение",CSH,2024,,,,,,,98 days 10:47:00,141767.0,737.0,213,0.23373759647188533
1,13300159,2024-04-09 15:58:00,Дальневосточная,"Д-ВОСТ, ШЧ-14 (Э)","2шт (к учету 1) ч(к учету 1,87ч)",,,Потеря контакта в соединениях датчика,CSH,2024,1.0,"1,87ч",,,,,98 days 18:30:00,142230.0,463.0,214,0.2348401323042999
2,13304146,2024-04-09 22:50:00,Дальневосточная,"Д-ВОСТ, ШЧ-12 (Э)",,"1шт ч(к учету 0,28ч)",,Неисправность путевой перемычки,CSH,2024,,,0.0,"0,28ч",,,99 days 01:22:00,142642.0,412.0,215,0.23594266813671444
3,13300614,2024-04-10 02:20:00,Дальневосточная,"Д-ВОСТ, ШЧ-12 (Э)",,,,Нарушение контакта,CSH,2024,,,,,,,99 days 04:52:00,142852.0,210.0,216,0.237045203969129
2,13300781,2024-04-10 03:56:00,Дальневосточная,"Д-ВОСТ, ШЧ-6 (Э)","1шт ч(к учету 0,62ч)",,,"Жилы, внутренний обрыв",CSH,2024,0.0,"0,62ч",,,,,99 days 06:28:00,142948.0,96.0,217,0.23814773980154355
2,13303680,2024-04-11 07:05:00,Дальневосточная,"Д-ВОСТ, ШЧ-14 (Э)",,"1шт ч(к учету 0,23ч)",,"Жилы, сообщение",CSH,2024,,,0.0,"0,23ч",,,100 days 09:37:00,144577.0,1629.0,218,0.2392502756339581
2,13305479,2024-04-11 19:50:00,Дальневосточная,"Д-ВОСТ, ШЧ-13 (Э)","1шт ч(к учету 0,28ч)",,,"Неисправность кабеля, неисправность монтажа в ШК",CSH,2024,0.0,"0,28ч",,,,,100 days 22:22:00,145342.0,765.0,219,0.24035281146637266
3,13305713,2024-04-12 02:26:00,Дальневосточная,"Д-ВОСТ, ШЧ-14 (Э)",,,,Зависание ПО,CSH,2024,,,,,,,101 days 04:58:00,145738.0,396.0,220,0.2414553472987872
3,13306075,2024-04-12 08:06:00,Дальневосточная,"Д-ВОСТ, ШЧ-2 (Э)",,,,"Монтаж, обрыв",CSH,2024,,,,,,,101 days 10:38:00,146078.0,340.0,221,0.24255788313120177
1,13306225,2024-04-12 08:50:00,Дальневосточная,"Д-ВОСТ, ШЧ-10 (Э)","1шт ч(к учету 1,48ч)",,,"Курбельный контакт, потеря контакта",CSH,2024,1.0,"1,48ч",,,,,101 days 11:22:00,146122.0,44.0,222,0.24366041896361632
2,13306402,2024-04-12 09:46:00,Дальневосточная,"Д-ВОСТ, ШЧ-3 (Э)","7шт ч(к учету 2,48ч)",,,"Нарушение контакта в штепсельных розетках, замятие контакта",CSH,2024,2.0,"2,48ч",,,,,101 days 12:18:00,146178.0,56.0,223,0.24476295479603086
3,13307494,2024-04-12 20:45:00,Дальневосточная,"Д-ВОСТ, ШЧ-14 (Э)",,,,"Контактная система, увеличенное сопротивление контакта",CSH,2024,,,,,,,101 days 23:17:00,146837.0,659.0,224,0.24586549062844543
3,13309815,2024-04-13 21:28:00,Дальневосточная,"Д-ВОСТ, ШЧ-2 (Э)",,,,"Нарушение контакта в штепсельных розетках, неисправность контактных губок",CSH,2024,,,,,,,103 days 00:00:00,148320.0,1483.0,225,0.24696802646085997
2,13308864,2024-04-14 08:30:00,Дальневосточная,"Д-ВОСТ, ВЧДЭ-1 ХАБАРОВСК","1шт ч(к учету 0,43ч)",,,Неплотность тормозной магистрали грузового вагона,CV,2024,0.0,"0,43ч",,,,,103 days 11:02:00,148982.0,662.0,226,0.24807056229327454
3,13308865,2024-04-14 08:45:00,Дальневосточная,"Д-ВОСТ, ШЧ-3 (Э)","1шт ч(к учету 0,2ч)",,,Отключение внешнего электроснабжения,CSH,2024,0.0,"0,2ч",,,,,103 days 11:17:00,148997.0,15.0,227,0.24917309812568908
2,13309190,2024-04-14 13:31:00,Дальневосточная,"Д-ВОСТ, ШЧ-14 (Э)",,"3шт (к учету 2) ч(к учету 0,63ч)",,Повреждение изоляции торцевой,CSH,2024,,,2.0,"0,63ч",,,103 days 16:03:00,149283.0,286.0,228,0.25027563395810365
3,13309246,2024-04-14 16:29:00,Дальневосточная,"Д-ВОСТ, ШЧ-14 (Э)",,,,"Обрыв, угон рельса",CSH,2024,,,,,,,103 days 19:01:00,149461.0,178.0,229,0.2513781697905182
3,13315189,2024-04-15 04:30:00,Дальневосточная,"Д-ВОСТ, ШЧ-3 (Э)","1шт ч(к учету 0,08ч)",,,Наличие переходного сопротивления выключателей,CSH,2024,0.0,"0,08ч",,,,,104 days 07:02:00,150182.0,721.0,230,0.25248070562293273
2,13310797,2024-04-15 15:35:00,Дальневосточная,"Д-ВОСТ, ШЧ-10 (Э)","1шт ч(к учету 0,65ч)","1шт ч(к учету 0,1ч)",,Излом провода под гайкой,CSH,2024,0.0,"0,65ч",0.0,"0,1ч",,,104 days 18:07:00,150847.0,665.0,231,0.2535832414553473
3,13313102,2024-04-16 00:00:00,Дальневосточная,"Д-ВОСТ, ШЧ-12 (Э)",,,,Сбой АЛС с задержкой поезда,CSH,2024,,,,,,,105 days 02:32:00,151352.0,505.0,232,0.25468577728776187
3,13312782,2024-04-16 19:14:00,Дальневосточная,"Д-ВОСТ, ШЧ-8 (Э)",,,,"Автопереключатель, разрегулировка контактов",CSH,2024,,,,,,,105 days 21:46:00,152506.0,1154.0,233,0.2557883131201764
3,13312850,2024-04-16 20:01:00,Дальневосточная,"Д-ВОСТ, ШЧ-14 (Э)",,,,Отсутствие,CSH,2024,,,,,,,105 days 22:33:00,152553.0,47.0,234,0.25689084895259096
3,13316756,2024-04-18 23:53:00,Дальневосточная,"Д-ВОСТ, ВЧДЭ-1 ХАБАРОВСК",,,,"Расслоение, разрыв манжеты усл. № 305-156 в узле трех клапанов",CV,2024,,,,,,,108 days 02:25:00,155665.0,3112.0,235,0.2579933847850055
2,13316878,2024-04-19 01:12:00,Дальневосточная,"Д-ВОСТ, ВЧДЭ-1 ХАБАРОВСК","1шт ч(к учету 0,3ч)",,,Утечка воздуха в открытом/закрытом положении концевого крана,CV,2024,0.0,"0,3ч",,,,,108 days 03:44:00,155744.0,79.0,236,0.25909592061742004
3,13317988,2024-04-19 13:55:00,Дальневосточная,"Д-ВОСТ, ШЧ-12 (Э)",,,,Отсутствие,CSH,2024,,,,,,,108 days 16:27:00,156507.0,763.0,237,0.26019845644983464
3,13319645,2024-04-20 23:43:00,Дальневосточная,"Д-ВОСТ, ШЧ-10 (Э)",,,,"Контактная система, потеря контакта",CSH,2024,,,,,,,110 days 02:15:00,158535.0,2028.0,238,0.2613009922822492
2,13320731,2024-04-21 17:00:00,Дальневосточная,"Д-ВОСТ, ВЧДЭ-1 ХАБАРОВСК","5шт ч(к учету 1,57ч)",,,Неправильное включение режимов отпуска воздухораспределителя,CV,2024,1.0,"1,57ч",,,,,110 days 19:32:00,159572.0,1037.0,239,0.2624035281146637
3,13327408,2024-04-22 06:05:00,Дальневосточная,"Д-ВОСТ, ШЧ-12 (Э)",,,,"Системный блок, сбой программного обеспечения",CSH,2024,,,,,,,111 days 08:37:00,160357.0,785.0,240,0.26350606394707826
2,13337098,2024-04-22 11:34:00,Дальневосточная,"КРАС, ВЧДЭ-7 КРАСНОЯРСК-ВОСТ","17шт (к учету 14) ч(к учету 4,52ч)",,,Разница роликов по длине или диаметру более допустимой,CV,2024,14.0,"4,52ч",,,,,111 days 14:06:00,160686.0,329.0,241,0.26460859977949286
1,13322931,2024-04-23 03:55:00,Дальневосточная,"Д-ВОСТ, ШЧ-14 (Э)","4шт ч(к учету 4,22ч)",,"2шт ч(к учету 0,55)ч",Сообщение,CSH,2024,4.0,"4,22ч",,,0.0,,112 days 06:27:00,161667.0,981.0,242,0.2657111356119074
3,13324037,2024-04-23 10:27:00,Дальневосточная,"Д-ВОСТ, ШЧ-14 (Э)",,,,Нарушение изоляции монтажных проводов,CSH,2024,,,,,,,112 days 12:59:00,162059.0,392.0,243,0.26681367144432194
3,13325127,2024-04-24 01:42:00,Дальневосточная,"Д-ВОСТ, ШЧ-14 (Э)",,,,"Обмотка, обрыв",CSH,2024,,,,,,,113 days 04:14:00,162974.0,915.0,244,0.2679162072767365
2,13325659,2024-04-24 08:41:00,Дальневосточная,"Д-ВОСТ, ШЧ-8 (Э)","1шт ч(к учету 0,35ч)",,,"Обрыв, при путевых работах",CSH,2024,0.0,"0,35ч",,,,,113 days 11:13:00,163393.0,419.0,245,0.269018743109151
2,13327033,2024-04-24 19:27:00,Дальневосточная,"Д-ВОСТ, ШЧ-12 (Э)",,"1шт ч(к учету 0,28ч)",,Неисправность устройств электроснабжения,CSH,2024,,,0.0,"0,28ч",,,113 days 21:59:00,164039.0,646.0,246,0.2701212789415656
3,13327305,2024-04-25 02:16:00,Дальневосточная,"Д-ВОСТ, ШЧ-10 (Э)",,,,Ослабление затяжки болтов,CSH,2024,,,,,,,114 days 04:48:00,164448.0,409.0,247,0.27122381477398017
3,13329503,2024-04-26 06:40:00,Дальневосточная,"Д-ВОСТ, ШЧ-14 (Э)",,,,"КЦ, МЦП, неисправность",CSH,2024,,,,,,,115 days 09:12:00,166152.0,1704.0,248,0.2723263506063947
3,13329649,2024-04-26 07:42:00,Дальневосточная,"Д-ВОСТ, ШЧ-3 (Э)","2шт ч(к учету 0,03ч)",,,"Срабатывание, воздействие тягового тока",CSH,2024,0.0,"0,03ч",,,,,115 days 10:14:00,166214.0,62.0,249,0.27342888643880925
2,13329810,2024-04-26 09:17:00,Дальневосточная,"Д-ВОСТ, ШЧ-8 (Э)","11шт (к учету 10) ч(к учету 4,57ч)",,,"Контрольные линейки, ослабление крепления",CSH,2024,10.0,"4,57ч",,,,,115 days 11:49:00,166309.0,95.0,250,0.2745314222712238
2,13330890,2024-04-26 21:33:00,Дальневосточная,"Д-ВОСТ, ШЧ-12 (Э)","2шт ч(к учету 0,85ч)",,,Потеря контакта в соединениях датчика,CSH,2024,0.0,"0,85ч",,,,,116 days 00:05:00,167045.0,736.0,251,0.2756339581036384
3,13330945,2024-04-27 00:04:00,Дальневосточная,"Д-ВОСТ, ВЧДЭ-4 УССУРИЙСК",,,,Разрегулирование рычажной передачи грузового вагона,CV,2024,,,,,,,116 days 02:36:00,167196.0,151.0,252,0.27673649393605293
3,13331181,2024-04-27 03:10:00,Дальневосточная,"Д-ВОСТ, ШЧ-14 (Э)",,,,Нарушение контакта штепсель/рельс,CSH,2024,,,,,,,116 days 05:42:00,167382.0,186.0,253,0.27783902976846747
2,13331327,2024-04-27 06:55:00,Дальневосточная,"Д-ВОСТ, ШЧ-7 (Р)","3шт ч(к учету 1,38ч)",,,"Конденсатор, снижение емкости",CSH,2024,1.0,"1,38ч",,,,,116 days 09:27:00,167607.0,225.0,254,0.278941565600882
3,13333049,2024-04-28 10:52:00,Дальневосточная,"Д-ВОСТ, ШЧ-9 (Э)",,,,"Контактная система, увеличенное сопротивление",CSH,2024,,,,,,,117 days 13:24:00,169284.0,1677.0,255,0.28004410143329656
3,13333769,2024-04-29 03:32:00,Дальневосточная,"Д-ВОСТ, ШЧ-14 (Э)",,,,Нарушение контакта штепсель/рельс,CSH,2024,,,,,,,118 days 06:04:00,170284.0,1000.0,256,0.28114663726571115
3,13334346,2024-04-29 16:27:00,Дальневосточная,"Д-ВОСТ, ШЧ-8 (Э)",,,,Нарушение контакта трос/штепсель,CSH,2024,,,,,,,118 days 18:59:00,171059.0,775.0,257,0.2822491730981257
2,13334409,2024-04-29 19:07:00,Дальневосточная,"Д-ВОСТ, ШЧ-14 (Э)","1шт ч(к учету 0,35ч)",,,"Контактная система, потеря контакта",CSH,2024,0.0,"0,35ч",,,,,118 days 21:39:00,171219.0,160.0,258,0.28335170893054024
2,13334913,2024-04-30 08:35:00,Дальневосточная,"Д-ВОСТ, ШЧ-8 (Э)","6шт (к учету 5) ч(к учету 1,97ч)",,,"Нарушение контакта в разъемах блоков, неисправность контактных губок",CSH,2024,5.0,"1,97ч",,,,,119 days 11:07:00,172027.0,808.0,259,0.2844542447629548
3,13348657,2024-04-30 12:24:00,Дальневосточная,"ЗАБ, ВРД ЧИТА",,,,Неправильное включение грузовых режимов торможения воздухораспределителя,CV,2024,,,,,,,119 days 14:56:00,172256.0,229.0,260,0.2855567805953694
3,13335467,2024-04-30 23:00:00,Дальневосточная,"Д-ВОСТ, ШЧ-7 (Р)",,,,"Лампы, перегорание основной нити",CSH,2024,,,,,,,120 days 01:32:00,172892.0,636.0,261,0.2866593164277839
2,13335580,2024-05-01 03:03:00,Дальневосточная,"Д-ВОСТ, ШЧ-4 (Р)","4шт ч(к учету 0,95ч)",,,"Конденсатор, снижение емкости",CSH,2024,0.0,"0,95ч",,,,,120 days 05:35:00,173135.0,243.0,262,0.28776185226019846
2,13336168,2024-05-01 18:01:00,Дальневосточная,"Д-ВОСТ, ШЧ-10 (Э)","4шт (к учету 3) ч(к учету 1,17ч)","1шт ч(к учету 0,1ч)",,Нарушение контакта штепсель/рельс,CSH,2024,3.0,"1,17ч",0.0,"0,1ч",,,120 days 20:33:00,174033.0,898.0,263,0.288864388092613
3,13336607,2024-05-02 04:25:00,Дальневосточная,"Д-ВОСТ, ШЧ-12 (Э)",,,,Нарушение контакта штепсель/рельс,CSH,2024,,,,,,,121 days 06:57:00,174657.0,624.0,264,0.28996692392502754
1,13336916,2024-05-02 07:25:00,Дальневосточная,"Д-ВОСТ, ШЧ-13 (Э)","7шт ч(к учету 15,57ч)",,,"Транзистор, обрыв",CSH,2024,15.0,"15,57ч",,,,,121 days 09:57:00,174837.0,180.0,265,0.29106945975744214
2,13338525,2024-05-03 01:30:00,Дальневосточная,"Д-ВОСТ, ШЧ-2 (Э)","5шт ч(к учету 1,63ч)",,"1шт ч(к учету 0,15)ч","Нарушение контакта в штепсельных розетках, неисправность контактных губок",CSH,2024,1.0,"1,63ч",,,0.0,,122 days 04:02:00,175922.0,1085.0,266,0.2921719955898567
2,13340273,2024-05-03 08:08:00,Дальневосточная,"Д-ВОСТ, ШЧ-10 (Э)","5шт ч(к учету 1,68ч)",,,Механическое повреждение,CSH,2024,1.0,"1,68ч",,,,,122 days 10:40:00,176320.0,398.0,267,0.2932745314222712
2,13339700,2024-05-03 11:27:00,Дальневосточная,"Д-ВОСТ, ШЧ-3 (Э)","1шт ч(к учету 0,2ч)","1шт ч(к учету 0,12ч)","1шт ч(к учету 0,13)ч",Излом провода под гайкой,CSH,2024,0.0,"0,2ч",0.0,"0,12ч",0.0,,122 days 13:59:00,176519.0,199.0,268,0.29437706725468576
1,13340127,2024-05-03 11:47:00,Дальневосточная,"Д-ВОСТ, ШЧ-13 (Э)","10шт ч(к учету 28,52ч)",,,"Транзистор, обрыв",CSH,2024,28.0,"28,52ч",,,,,122 days 14:19:00,176539.0,20.0,269,0.2954796030871003
3,13341409,2024-05-04 11:03:00,Дальневосточная,"Д-ВОСТ, ШЧ-12 (Э)",,,,"Обрыв, некачественная приварка к рельсу",CSH,2024,,,,,,,123 days 13:35:00,177935.0,1396.0,270,0.2965821389195149
3,13341736,2024-05-04 16:45:00,Дальневосточная,"Д-ВОСТ, ШЧ-13 (Э)",,,,Нарушение изоляции,CSH,2024,,,,,,,123 days 19:17:00,178277.0,342.0,271,0.29768467475192945
2,13342423,2024-05-05 09:10:00,Дальневосточная,"Д-ВОСТ, ШЧ-13 (Э)","3шт ч(к учету 1,83ч)",,,Необеспечение электропитания подзаряда,CSH,2024,1.0,"1,83ч",,,,,124 days 11:42:00,179262.0,985.0,272,0.298787210584344
2,13342630,2024-05-05 13:03:00,Дальневосточная,"Д-ВОСТ, ШЧ-7 (Р)","5шт ч(к учету 1,35ч)",,,"Резистор, обрыв",CSH,2024,1.0,"1,35ч",,,,,124 days 15:35:00,179495.0,233.0,273,0.29988974641675853
2,13343542,2024-05-06 06:14:00,Дальневосточная,"Д-ВОСТ, ВЧДЭ-1 ХАБАРОВСК","1шт ч(к учету 0,6ч)",,,Трещина тормозной колодки грузового вагона,CV,2024,0.0,"0,6ч",,,,,125 days 08:46:00,180526.0,1031.0,274,0.30099228224917307
1,13344204,2024-05-06 09:58:00,Дальневосточная,"Д-ВОСТ, ШЧ-9 (Э)","4шт ч(к учету 2,58ч)",,,"Внутренний монтаж, обрыв",CSH,2024,2.0,"2,58ч",,,,,125 days 12:30:00,180750.0,224.0,275,0.30209481808158767
2,13345582,2024-05-06 22:24:00,Дальневосточная,"Д-ВОСТ, ШЧ-6 (Э)","2шт ч(к учету 0,68ч)",,,"Термическое разрушение изолирующего стыка, нарушение канализации обратного тягового тока",CSH,2024,0.0,"0,68ч",,,,,126 days 00:56:00,181496.0,746.0,276,0.3031973539140022
2,13346546,2024-05-07 10:12:00,Дальневосточная,"Д-ВОСТ, ШЧ-14 (Э)","1шт ч(к учету 0,27ч)","1шт ч(к учету 0,15ч)",,"Нарушение контакта в разъемах блоков, неисправность контактных губок",CSH,2024,0.0,"0,27ч",0.0,"0,15ч",,,126 days 12:44:00,182204.0,708.0,277,0.30429988974641675
2,13346728,2024-05-07 10:38:00,Дальневосточная,"Д-ВОСТ, ШЧ-12 (Э)","2шт ч(к учету 0,53ч)",,,Излом провода под гайкой,CSH,2024,0.0,"0,53ч",,,,,126 days 13:10:00,182230.0,26.0,278,0.3054024255788313
2,13348280,2024-05-07 18:02:00,Дальневосточная,"Д-ВОСТ, ШЧ-6 (Э)","14шт (к учету 13) ч(к учету 5,13ч)","1шт ч(к учету 0,13ч)",,Обрыв монтажного провода,CSH,2024,13.0,"5,13ч",0.0,"0,13ч",,,126 days 20:34:00,182674.0,444.0,279,0.3065049614112459
3,13348467,2024-05-08 01:16:00,Дальневосточная,"Д-ВОСТ, ШЧ-8 (Э)",,,,"Обрыв, коррозия металла",CSH,2024,,,,,,,127 days 03:48:00,183108.0,434.0,280,0.30760749724366043
3,13349743,2024-05-08 10:50:00,Дальневосточная,"Д-ВОСТ, ШЧ-12 (Э)",,,,"Внутренний монтаж, обрыв",CSH,2024,,,,,,,127 days 13:22:00,183682.0,574.0,281,0.308710033076075
3,13351692,2024-05-10 00:10:00,Дальневосточная,"Д-ВОСТ, ШЧ-10 (Э)",,,,"Жилы, окисление",CSH,2024,,,,,,,129 days 02:42:00,185922.0,2240.0,282,0.3098125689084895
2,13361634,2024-05-10 00:13:00,Дальневосточная,"Д-ВОСТ, ВЧДЭ-1 ХАБАРОВСК","4шт ч(к учету 1,28ч)",,,Несоответствие силовых параметров отпускной пружины,CV,2024,1.0,"1,28ч",,,,,129 days 02:45:00,185925.0,3.0,283,0.31091510474090406
3,13352757,2024-05-11 01:46:00,Дальневосточная,"Д-ВОСТ, ШЧ-14 (Э)",,,,Отсутствие,CSH,2024,,,,,,,130 days 04:18:00,187458.0,1533.0,284,0.31201764057331866
2,13352826,2024-05-11 04:11:00,Дальневосточная,"Д-ВОСТ, ШЧ-3 (Э)","5шт ч(к учету 2,1ч)",,,Закорачивание РЦ касание тросов рельса,CSH,2024,2.0,"2,1ч",,,,,130 days 06:43:00,187603.0,145.0,285,0.3131201764057332
3,13353096,2024-05-11 10:49:00,Дальневосточная,"Д-ВОСТ, ШЧ-3 (Э)",,,,Нарушение контакта штепсель/рельс,CSH,2024,,,,,,,130 days 13:21:00,188001.0,398.0,286,0.31422271223814774
3,13353820,2024-05-12 05:27:00,Дальневосточная,"Д-ВОСТ, ШЧ-14 (Э)",,,,Отсутствие,CSH,2024,,,,,,,131 days 07:59:00,189119.0,1118.0,287,0.3153252480705623
3,13379192,2024-05-12 10:56:00,Дальневосточная,"Д-ВОСТ, ШЧ-2 (Э)","1шт ч(к учету 0,02ч)",,,Сбой АЛС с задержкой поезда,CSH,2024,0.0,"0,02ч",,,,,131 days 13:28:00,189448.0,329.0,288,0.3164277839029768
2,13355451,2024-05-13 09:00:00,Дальневосточная,"Д-ВОСТ, ШЧ-8 (Э)","1шт ч(к учету 0,37ч)",,,Излом повода под гайкой,CSH,2024,0.0,"0,37ч",,,,,132 days 11:32:00,190772.0,1324.0,289,0.3175303197353914
3,13357276,2024-05-14 07:01:00,Дальневосточная,"Д-ВОСТ, ШЧ-6 (Э)",,,,"Жилы, сообщение",CSH,2024,,,,,,,133 days 09:33:00,192093.0,1321.0,290,0.31863285556780596
2,13357532,2024-05-14 09:29:00,Дальневосточная,"Д-ВОСТ, ШЧ-8 (Э)","1шт ч(к учету 0,17ч)",,"1шт ч(к учету 0,17)ч","Срабатывание, воздействие тягового тока",CSH,2024,0.0,"0,17ч",,,0.0,,133 days 12:01:00,192241.0,148.0,291,0.3197353914002205
2,13358914,2024-05-15 00:57:00,Дальневосточная,"Д-ВОСТ, ШЧ-7 (Р)","1шт ч(к учету 0,97ч)",,,"Обрыв, коррозия металла",CSH,2024,0.0,"0,97ч",,,,,134 days 03:29:00,193169.0,928.0,292,0.32083792723263505
3,13363222,2024-05-17 07:32:00,Дальневосточная,"Д-ВОСТ, ШЧ-14 (Э)",,,,"Диод, пробой",CSH,2024,,,,,,,136 days 10:04:00,196444.0,3275.0,293,0.3219404630650496
2,13363475,2024-05-17 10:22:00,Дальневосточная,"Д-ВОСТ, ШЧ-2 (Э)","3шт ч(к учету 0,28ч)","1шт ч(к учету 0,33ч)",,"Обмотка, обрыв обмотки",CSH,2024,0.0,"0,28ч",0.0,"0,33ч",,,136 days 12:54:00,196614.0,170.0,294,0.3230429988974642
3,13364390,2024-05-18 00:05:00,Дальневосточная,"Д-ВОСТ, ШЧ-6 (Э)",,,,"Срабатывание (перегорание), нарушение контакта штепсельного разъема, ослабление крепления",CSH,2024,,,,,,,137 days 02:37:00,197437.0,823.0,295,0.3241455347298787
1,13392740,2024-05-18 13:29:00,Дальневосточная,"Д-ВОСТ, ШЧ-9 (Э)","2шт ч(к учету 1,68ч)",,,"Нарушение контакта в штепсельных розетках, неисправность контактных губок",CSH,2024,1.0,"1,68ч",,,,,137 days 16:01:00,198241.0,804.0,296,0.32524807056229327
3,13365007,2024-05-18 15:16:00,Дальневосточная,"Д-ВОСТ, ШЧ-10 (Э)",,,,Неисправность устройств электроснабжения,CSH,2024,,,,,,,137 days 17:48:00,198348.0,107.0,297,0.3263506063947078
3,13366760,2024-05-18 15:47:00,Дальневосточная,"Д-ВОСТ, ШЧ-7 (Р)",,,,"Лампы, перегорание основной нити",CSH,2024,,,,,,,137 days 18:19:00,198379.0,31.0,298,0.3274531422271224
3,13365236,2024-05-18 22:34:00,Дальневосточная,"Д-ВОСТ, ШЧ-2 (Э)",,,,"Автопереключатель, разрегулировка контактов",CSH,2024,,,,,,,138 days 01:06:00,198786.0,407.0,299,0.32855567805953695
3,13365304,2024-05-19 02:27:00,Дальневосточная,"Д-ВОСТ, ШЧ-14 (Э)",,,,Отсутствие,CSH,2024,,,,,,,138 days 04:59:00,199019.0,233.0,300,0.3296582138919515
2,13366200,2024-05-19 20:47:00,Дальневосточная,"Д-ВОСТ, ВЧДЭ-1 ХАБАРОВСК","1шт ч(к учету 0,45ч)",,,Несоответствие силовых параметров пружины плунжера,CV,2024,0.0,"0,45ч",,,,,138 days 23:19:00,200119.0,1100.0,301,0.33076074972436603
1,13366596,2024-05-20 02:59:00,Дальневосточная,"Д-ВОСТ, ВЧДЭ-1 ХАБАРОВСК","1шт ч(к учету 1,23ч)",,,Износ опорной поверхности маятниковой подвески грузового вагона,CV,2024,1.0,"1,23ч",,,,,139 days 05:31:00,200491.0,372.0,302,0.3318632855567806
2,13367537,2024-05-20 15:38:00,Дальневосточная,"Д-ВОСТ, ШЧ-2 (Э)","3шт ч(к учету 0,33ч)","1шт ч(к учету 0,13ч)",,Нарушение контакта трос/штепсель,CSH,2024,0.0,"0,33ч",0.0,"0,13ч",,,139 days 18:10:00,201250.0,759.0,303,0.33296582138919517
3,13376518,2024-05-20 23:10:00,Дальневосточная,"Д-ВОСТ, ШЧ-6 (Э)","1шт ч(к учету 0,18ч)",,,Неисправность,CSH,2024,0.0,"0,18ч",,,,,140 days 01:42:00,201702.0,452.0,304,0.3340683572216097
3,13373310,2024-05-21 08:01:00,Дальневосточная,"Д-ВОСТ, ШЧ-2 (Э)",,,,Закорачивание РЦ деталями ВСП,CSH,2024,,,,,,,140 days 10:33:00,202233.0,531.0,305,0.33517089305402425
3,13369636,2024-05-21 23:14:00,Дальневосточная,"Д-ВОСТ, ШЧ-10 (Э)",,,,Нарушение контакта штепсель/рельс,CSH,2024,,,,,,,141 days 01:46:00,203146.0,913.0,306,0.3362734288864388
3,13369727,2024-05-22 00:46:00,Дальневосточная,"Д-ВОСТ, ШЧ-2 (Э)",,,,"Электродвигатель, прочие типы, неисправность",CSH,2024,,,,,,,141 days 03:18:00,203238.0,92.0,307,0.33737596471885334
3,13376510,2024-05-22 06:53:00,Дальневосточная,"Д-ВОСТ, ШЧ-3 (Э)","2шт ч(к учету 0,03ч)",,,"Контактная система, потеря контакта",CSH,2024,0.0,"0,03ч",,,,,141 days 09:25:00,203605.0,367.0,308,0.33847850055126794
3,13371841,2024-05-23 06:48:00,Дальневосточная,"Д-ВОСТ, ШЧ-14 (Э)",,,,"Обрыв троса, коррозия металла",CSH,2024,,,,,,,142 days 09:20:00,205040.0,1435.0,309,0.3395810363836825
2,13372638,2024-05-23 13:40:00,Дальневосточная,"Д-ВОСТ, ШЧ-14 (Э)","4шт ч(к учету 1,62ч)",,,"Обрыв троса, при путевых работах",CSH,2024,1.0,"1,62ч",,,,,142 days 16:12:00,205452.0,412.0,310,0.340683572216097
3,13373958,2024-05-24 11:19:00,Дальневосточная,"Д-ВОСТ, ШЧ-3 (Э)",,,,Неисправность ПО объектного контроллера,CSH,2024,,,,,,,143 days 13:51:00,206751.0,1299.0,311,0.34178610804851156
1,13374442,2024-05-24 21:49:00,Дальневосточная,"Д-ВОСТ, ШЧ-13 (Э)","4шт (к учету 3) ч(к учету 8,27ч)","3шт (к учету 2) ч(к учету 3,63ч)",,"Предохранитель, перегорание нити",CSH,2024,3.0,"8,27ч",2.0,"3,63ч",,,144 days 00:21:00,207381.0,630.0,312,0.3428886438809261
3,13387364,2024-05-25 07:00:00,Дальневосточная,"Д-ВОСТ, ВЧДЭ-1 ХАБАРОВСК","2шт ч(к учету 0,03ч)",,,Остроконечный накат гребня колеса грузового вагона,CV,2024,0.0,"0,03ч",,,,,144 days 09:32:00,207932.0,551.0,313,0.3439911797133407
3,13374837,2024-05-25 10:05:00,Дальневосточная,"Д-ВОСТ, ШЧ-6 (Э)",,,"1шт ч(к учету 0,02)ч","Автопереключатель, разрегулировка контактов",CSH,2024,,,,,0.0,,144 days 12:37:00,208117.0,185.0,314,0.34509371554575524
2,13374924,2024-05-25 11:37:00,Дальневосточная,"Д-ВОСТ, ШЧ-3 (Э)","4шт ч(к учету 1,35ч)",,,"Срабатывание, коммутационные перенапряжения",CSH,2024,1.0,"1,35ч",,,,,144 days 14:09:00,208209.0,92.0,315,0.3461962513781698
3,13375063,2024-05-25 14:41:00,Дальневосточная,"Д-ВОСТ, ШЧ-10 (Э)",,,,"Обмотка, обрыв",CSH,2024,,,,,,,144 days 17:13:00,208393.0,184.0,316,0.3472987872105843
3,13389450,2024-05-25 16:25:00,Дальневосточная,"Д-ВОСТ, ШЧ-2 (Э)","1шт ч(к учету 0,02ч)",,,"Контактная система, подгар контактов",CSH,2024,0.0,"0,02ч",,,,,144 days 18:57:00,208497.0,104.0,317,0.3484013230429989
1,13375544,2024-05-26 07:23:00,Дальневосточная,"Д-ВОСТ, ШЧ-8 (Э)","39шт (к учету 38) ч(к учету 23,73ч)","4шт ч(к учету 1,23ч)","8шт ч(к учету 2,62)ч","Оболочка, повреждение",CSH,2024,38.0,"23,73ч",1.0,"1,23ч",2.0,,145 days 09:55:00,209395.0,898.0,318,0.34950385887541346
1,13380803,2024-05-26 11:59:00,Дальневосточная,"Д-ВОСТ, ШЧ-8 (Э)","3шт ч(к учету 2,78ч)",,,Отключение внешнего электроснабжения,CSH,2024,2.0,"2,78ч",,,,,145 days 14:31:00,209671.0,276.0,319,0.350606394707828
2,13376403,2024-05-27 05:50:00,Дальневосточная,"Д-ВОСТ, ВЧДЭ-1 ХАБАРОВСК","2шт ч(к учету 1,4ч)",,,Неправильное включение режимов отпуска воздухораспределителя,CV,2024,1.0,"1,4ч",,,,,146 days 08:22:00,210742.0,1071.0,320,0.35170893054024255
3,13376689,2024-05-27 10:31:00,Дальневосточная,"Д-ВОСТ, ШЧ-14 (Э)",,,,Нарушение изоляции монтажных проводов,CSH,2024,,,,,,,146 days 13:03:00,211023.0,281.0,321,0.3528114663726571
3,13385562,2024-05-28 00:17:00,Дальневосточная,"Д-ВОСТ, ВЧДЭ-1 ХАБАРОВСК",,,,Провисание автосцепки грузового вагона,CV,2024,,,,,,,147 days 02:49:00,211849.0,826.0,322,0.3539140022050717
2,13377677,2024-05-28 03:20:00,Дальневосточная,"Д-ВОСТ, ШЧ-8 (Э)","5шт ч(к учету 2,52ч)",,,"Сигнальная обмотка, короткое замыкание",CSH,2024,2.0,"2,52ч",,,,,147 days 05:52:00,212032.0,183.0,323,0.35501653803748623
3,13379077,2024-05-28 04:13:00,Дальневосточная,"Д-ВОСТ, ШЧ-2 (Э)",,,,Отключение внешнего электроснабжения,CSH,2024,,,,,,,147 days 06:45:00,212085.0,53.0,324,0.35611907386990077
3,13400378,2024-05-28 18:29:00,Дальневосточная,"Д-ВОСТ, ШЧ-8 (Э)",,,,100% (свежий) излом датчика УКСПС,CSH,2024,,,,,,,147 days 21:01:00,212941.0,856.0,325,0.3572216097023153
2,13379153,2024-05-29 03:57:00,Дальневосточная,"Д-ВОСТ, ШЧ-8 (Э)","1шт ч(к учету 0,33ч)",,,Обрыв монтажного провода,CSH,2024,0.0,"0,33ч",,,,,148 days 06:29:00,213509.0,568.0,326,0.35832414553472985
2,13380036,2024-05-29 13:35:00,Дальневосточная,"Д-ВОСТ, ШЧ-10 (Э)","1шт ч(к учету 0,42ч)",,,"Контактная система, увеличенное сопротивление",CSH,2024,0.0,"0,42ч",,,,,148 days 16:07:00,214087.0,578.0,327,0.35942668136714445
3,13380819,2024-05-29 15:30:00,Дальневосточная,"Д-ВОСТ, ШЧ-7 (Р)",,,,Неисправность,CSH,2024,,,,,,,148 days 18:02:00,214202.0,115.0,328,0.360529217199559
3,13379413,2024-05-29 15:40:00,Дальневосточная,"Д-ВОСТ, ШЧ-3 (Э)",,,,Нарушение контакта штепсель/рельс,CSH,2024,,,,,,,148 days 18:12:00,214212.0,10.0,329,0.36163175303197354
3,13380343,2024-05-29 16:00:00,Дальневосточная,"Д-ВОСТ, ШЧ-14 (Э)",,,,"Срабатывание, коммутационные перенапряжения",CSH,2024,,,,,,,148 days 18:32:00,214232.0,20.0,330,0.3627342888643881
3,13380525,2024-05-29 19:34:00,Дальневосточная,"Д-ВОСТ, ШЧ-9 (Э)",,,,"Лампы, перегорание основной нити",CSH,2024,,,,,,,148 days 22:06:00,214446.0,214.0,331,0.3638368246968026
3,13382367,2024-05-30 05:30:00,Дальневосточная,"Д-ВОСТ, ИЧ Ш САХАЛИН",,,,"Жилы, окисление",CSH,2024,,,,,,,149 days 08:02:00,215042.0,596.0,332,0.3649393605292172
2,13381493,2024-05-30 10:32:00,Дальневосточная,"Д-ВОСТ, ВЧДЭ-1 ХАБАРОВСК","5шт ч(к учету 0,83ч)",,,Несоответствие момента затяжки накидной гайки установленному нормативу,CV,2024,0.0,"0,83ч",,,,,149 days 13:04:00,215344.0,302.0,333,0.36604189636163176
3,13381357,2024-05-30 10:34:00,Дальневосточная,"Д-ВОСТ, ШЧ-8 (Э)",,,,"Автопереключатель, разрегулировка контактов",CSH,2024,,,,,,,149 days 13:06:00,215346.0,2.0,334,0.3671444321940463
2,13382441,2024-05-31 05:00:00,Дальневосточная,"Д-ВОСТ, ШЧ-14 (Э)","1шт ч(к учету 0,4ч)",,,Неисправность,CSH,2024,0.0,"0,4ч",,,,,150 days 07:32:00,216452.0,1106.0,335,0.36824696802646084
2,13382885,2024-05-31 10:25:00,Дальневосточная,"Д-ВОСТ, ВЧДЭ-1 ХАБАРОВСК","4шт (к учету 2) ч(к учету 2,67ч)",,,Несоответствие силовых параметров пружины плунжера,CV,2024,2.0,"2,67ч",,,,,150 days 12:57:00,216777.0,325.0,336,0.36934950385887544
3,13383320,2024-05-31 15:20:00,Дальневосточная,"Д-ВОСТ, ШЧ-12 (Э)",,,,Обрыв монтажного провода,CSH,2024,,,,,,,150 days 17:52:00,217072.0,295.0,337,0.37045203969129
3,13384328,2024-06-01 17:26:00,Дальневосточная,"Д-ВОСТ, ШЧ-14 (Э)",,,,Нарушение контакта штепсель/рельс,CSH,2024,,,,,,,151 days 19:58:00,218638.0,1566.0,338,0.3715545755237045
2,13384695,2024-06-02 05:50:00,Дальневосточная,"Д-ВОСТ, ШЧ-4 (Р)","4шт ч(к учету 2,22ч)",,,"Срабатывание, воздействие тягового тока",CSH,2024,2.0,"2,22ч",,,,,152 days 08:22:00,219382.0,744.0,339,0.37265711135611906
3,13384730,2024-06-02 06:14:00,Дальневосточная,"Д-ВОСТ, ШЧ-14 (Э)",,,,"Неисправность генератора (УК, ФКСМ, УМ)",CSH,2024,,,,,,,152 days 08:46:00,219406.0,24.0,340,0.3737596471885336
3,13384989,2024-06-02 12:30:00,Дальневосточная,"Д-ВОСТ, ШЧ-14 (Э)",,,,"Жилы, обрыв",CSH,2024,,,,,,,152 days 15:02:00,219782.0,376.0,341,0.3748621830209482
2,13385119,2024-06-02 15:07:00,Дальневосточная,"Д-ВОСТ, ШЧ-14 (Э)","2шт ч(к учету 0,68ч)",,,"Обмотка, короткое замыкание обмотки",CSH,2024,0.0,"0,68ч",,,,,152 days 17:39:00,219939.0,157.0,342,0.37596471885336274
3,13385507,2024-06-03 01:37:00,Дальневосточная,"Д-ВОСТ, ШЧ-12 (Э)",,,,"Срабатывание, атмосферные перенапряжения",CSH,2024,,,,,,,153 days 04:09:00,220569.0,630.0,343,0.3770672546857773
3,13385701,2024-06-03 06:28:00,Дальневосточная,"Д-ВОСТ, ШЧ-13 (Э)",,,,"Фрикционное сцепление, разрегулировка",CSH,2024,,,,,,,153 days 09:00:00,220860.0,291.0,344,0.37816979051819183
1,13385860,2024-06-03 07:16:00,Дальневосточная,"Д-ВОСТ, ШЧ-7 (Р)","9шт (к учету 8) ч(к учету 4,63ч)","1шт ч(к учету 0,13ч)",,"Конденсатор, обрыв",CSH,2024,8.0,"4,63ч",0.0,"0,13ч",,,153 days 09:48:00,220908.0,48.0,345,0.37927232635060637
3,13389490,2024-06-05 01:50:00,Дальневосточная,"Д-ВОСТ, ШЧ-14 (Э)",,,,"Системный блок, сбой программного обеспечения",CSH,2024,,,,,,,155 days 04:22:00,223462.0,2554.0,346,0.38037486218302097
3,13396470,2024-06-05 06:51:00,Дальневосточная,"Д-ВОСТ, ШЧ-14 (Э)",,,,"ИБП, неисправность",CSH,2024,,,,,,,155 days 09:23:00,223763.0,301.0,347,0.3814773980154355
2,13391492,2024-06-05 15:34:00,Дальневосточная,"Д-ВОСТ, ШЧ-7 (Р)",,"1шт ч(к учету 0,17ч)",,"Обмотка, обрыв обмотки",CSH,2024,,,0.0,"0,17ч",,,155 days 18:06:00,224286.0,523.0,348,0.38257993384785005
3,13394621,2024-06-06 05:38:00,Дальневосточная,"Д-ВОСТ, ШЧ-8 (Э)",,,,"Коробка наземная, неисправность дужки",CSH,2024,,,,,,,156 days 08:10:00,225130.0,844.0,349,0.3836824696802646
1,13393681,2024-06-06 14:15:00,Дальневосточная,"Д-ВОСТ, ШЧ-14 (Э)","9шт (к учету 6) ч(к учету 6,27ч)","3шт (к учету 2) ч(к учету 0,62ч)",,"Срабатывание, воздействие тягового тока",CSH,2024,6.0,"6,27ч",2.0,"0,62ч",,,156 days 16:47:00,225647.0,517.0,350,0.38478500551267913
3,13394831,2024-06-07 07:56:00,Дальневосточная,"Д-ВОСТ, ШЧ-14 (Э)",,,,"Неисправность генератора (УК, ФКСМ, УМ)",CSH,2024,,,,,,,157 days 10:28:00,226708.0,1061.0,351,0.38588754134509373
2,13395355,2024-06-07 12:08:00,Дальневосточная,"Д-ВОСТ, ШЧ-8 (Э)","9шт ч(к учету 3,08ч)",,,"Монтаж, обрыв",CSH,2024,3.0,"3,08ч",,,,,157 days 14:40:00,226960.0,252.0,352,0.3869900771775083
3,13395526,2024-06-07 12:34:00,Дальневосточная,"Д-ВОСТ, ШЧ-2 (Э)","1шт ч(к учету 0,02ч)",,,Сбой АЛС с задержкой поезда,CSH,2024,0.0,"0,02ч",,,,,157 days 15:06:00,226986.0,26.0,353,0.3880926130099228
3,13395482,2024-06-07 12:35:00,Дальневосточная,"Д-ВОСТ, ШЧ-14 (Э)",,,,Отсутствие,CSH,2024,,,,,,,157 days 15:07:00,226987.0,1.0,354,0.38919514884233736
3,13396480,2024-06-08 01:30:00,Дальневосточная,"Д-ВОСТ, ШЧ-4 (Р)","1шт ч(к учету 0,02ч)",,,"Срабатывание (перегорание), воздействие тягового тока",CSH,2024,0.0,"0,02ч",,,,,158 days 04:02:00,227762.0,775.0,355,0.39029768467475195
3,13396558,2024-06-08 03:50:00,Дальневосточная,"Д-ВОСТ, ШЧ-14 (Э)",,,,Неисправность приёмника,CSH,2024,,,,,,,158 days 06:22:00,227902.0,140.0,356,0.3914002205071665
3,13397140,2024-06-08 18:26:00,Дальневосточная,"Д-ВОСТ, ШЧ-2 (Э)",,,,Нарушение контакта наконечник/вывод ДТ,CSH,2024,,,,,,,158 days 20:58:00,228778.0,876.0,357,0.39250275633958104
3,13397551,2024-06-09 07:43:00,Дальневосточная,"Д-ВОСТ, ШЧ-14 (Э)",,,,"Неисправность генератора (УК, ФКСМ, УМ)",CSH,2024,,,,,,,159 days 10:15:00,229575.0,797.0,358,0.3936052921719956
3,13397770,2024-06-09 10:45:00,Дальневосточная,"Д-ВОСТ, ШЧ-14 (Э)",,,,"Релейный ОК, МПК, неисправность",CSH,2024,,,,,,,159 days 13:17:00,229757.0,182.0,359,0.3947078280044101
3,13398146,2024-06-10 00:46:00,Дальневосточная,"Д-ВОСТ, ШЧ-10 (Э)",,,,Сбой АЛС с задержкой поезда,CSH,2024,,,,,,,160 days 03:18:00,230598.0,841.0,360,0.3958103638368247
3,13398564,2024-06-10 07:50:00,Дальневосточная,"Д-ВОСТ, ШЧ-3 (Э)",,,,"Срабатывание, нарушение контакта штепсельного разъема, ослабление крепления",CSH,2024,,,,,,,160 days 10:22:00,231022.0,424.0,361,0.39691289966923926
2,13398828,2024-06-10 10:08:00,Дальневосточная,"Д-ВОСТ, ВЧДЭ-1 ХАБАРОВСК","1шт ч(к учету 0,33ч)",,,Другие повреждения корпуса главной части,CV,2024,0.0,"0,33ч",,,,,160 days 12:40:00,231160.0,138.0,362,0.3980154355016538
3,13399081,2024-06-10 12:09:00,Дальневосточная,"Д-ВОСТ, ШЧ-14 (Э)",,,,"Предохранитель FEU, неисправность",CSH,2024,,,,,,,160 days 14:41:00,231281.0,121.0,363,0.39911797133406834
3,13399422,2024-06-10 14:50:00,Дальневосточная,"Д-ВОСТ, ШЧ-14 (Э)",,,,"Срабатывание, коммутационные перенапряжения",CSH,2024,,,,,,,160 days 17:22:00,231442.0,161.0,364,0.4002205071664829
3,13399592,2024-06-10 15:40:00,Дальневосточная,"Д-ВОСТ, ШЧ-14 (Э)",,,,"Неисправность генератора (УК, ФКСМ, УМ)",CSH,2024,,,,,,,160 days 18:12:00,231492.0,50.0,365,0.4013230429988975
3,13401393,2024-06-11 13:05:00,Дальневосточная,"Д-ВОСТ, ШЧ-14 (Э)",,,,"Срабатывание, воздействие тягового тока",CSH,2024,,,,,,,161 days 15:37:00,232777.0,1285.0,366,0.402425578831312
3,13401593,2024-06-11 15:00:00,Дальневосточная,"Д-ВОСТ, ШЧ-14 (Э)",,,,"Системный блок, неисправность",CSH,2024,,,,,,,161 days 17:32:00,232892.0,115.0,367,0.40352811466372657
3,13402469,2024-06-12 10:25:00,Дальневосточная,"Д-ВОСТ, ШЧ-8 (Э)",,,,Неисправность устройств электроснабжения,CSH,2024,,,,,,,162 days 12:57:00,234057.0,1165.0,368,0.4046306504961411
3,13402893,2024-06-12 21:39:00,Дальневосточная,"Д-ВОСТ, ШЧ-14 (Э)",,,,"Срабатывание, коммутационные перенапряжения",CSH,2024,,,,,,,163 days 00:11:00,234731.0,674.0,369,0.40573318632855565
2,13405004,2024-06-14 02:49:00,Дальневосточная,"Д-ВОСТ, ШЧ-4 (Р)","1шт ч(к учету 0,3ч)",,,"Контактная система, увеличенное сопротивление",CSH,2024,0.0,"0,3ч",,,,,164 days 05:21:00,236481.0,1750.0,370,0.40683572216097025
3,13405135,2024-06-14 07:13:00,Дальневосточная,"Д-ВОСТ, ШЧ-14 (Э)",,,,"Неисправность генератора (УК, ФКСМ, УМ)",CSH,2024,,,,,,,164 days 09:45:00,236745.0,264.0,371,0.4079382579933848
3,13405563,2024-06-14 10:49:00,Дальневосточная,"Д-ВОСТ, ШЧ-14 (Э)",,,,"Предохранитель FEU, неисправность",CSH,2024,,,,,,,164 days 13:21:00,236961.0,216.0,372,0.40904079382579933
2,13406258,2024-06-14 18:25:00,Дальневосточная,"Д-ВОСТ, ВЧДЭ-1 ХАБАРОВСК","3шт ч(к учету 1,52ч)",,,Неплотность тормозной магистрали грузового вагона,CV,2024,1.0,"1,52ч",,,,,164 days 20:57:00,237417.0,456.0,373,0.4101433296582139
3,13406256,2024-06-14 18:40:00,Дальневосточная,"Д-ВОСТ, ШЧ-14 (Э)",,,,"Предохранитель FEU, неисправность",CSH,2024,,,,,,,164 days 21:12:00,237432.0,15.0,374,0.41124586549062847
3,13406910,2024-06-15 10:01:00,Дальневосточная,"Д-ВОСТ, ШЧ-12 (Э)",,,,"Диод, пробой",CSH,2024,,,,,,,165 days 12:33:00,238353.0,921.0,375,0.412348401323043
3,13406894,2024-06-15 10:50:00,Дальневосточная,"Д-ВОСТ, ШЧ-14 (Э)",,,,"Срабатывание, коммутационные перенапряжения",CSH,2024,,,,,,,165 days 13:22:00,238402.0,49.0,376,0.41345093715545755
2,13406911,2024-06-15 11:23:00,Дальневосточная,"Д-ВОСТ, ШЧ-12 (Э)","1шт ч(к учету 0,5ч)",,,"Нарушение контакта в разъемах блоков, прожег изоляции",CSH,2024,0.0,"0,5ч",,,,,165 days 13:55:00,238435.0,33.0,377,0.4145534729878721
1,13406931,2024-06-15 12:30:00,Дальневосточная,"Д-ВОСТ, ШЧ-2 (Э)","10шт (к учету 9) ч(к учету 5,65ч)",,,"Срабатывание, воздействие тягового тока",CSH,2024,9.0,"5,65ч",,,,,165 days 15:02:00,238502.0,67.0,378,0.41565600882028664
3,13410906,2024-06-15 14:13:00,Дальневосточная,"Д-ВОСТ, ШЧ-12 (Э)",,,,Сбой АЛС с задержкой поезда,CSH,2024,,,,,,,165 days 16:45:00,238605.0,103.0,379,0.41675854465270123
3,13407271,2024-06-15 19:27:00,Дальневосточная,"Д-ВОСТ, ШЧ-14 (Э)",,,,"Срабатывание, коммутационные перенапряжения",CSH,2024,,,,,,,165 days 21:59:00,238919.0,314.0,380,0.4178610804851158
3,13407332,2024-06-15 19:40:00,Дальневосточная,"Д-ВОСТ, ШЧ-9 (Э)",,,,"Электродвигатель, ЭМСУ, неисправность обмотки возбуждения двигателя",CSH,2024,,,,,,,165 days 22:12:00,238932.0,13.0,381,0.4189636163175303
3,13407611,2024-06-16 05:50:00,Дальневосточная,"Д-ВОСТ, ШЧ-9 (Э)",,,,"Релейный ОК, программное обеспечение, сбой",CSH,2024,,,,,,,166 days 08:22:00,239542.0,610.0,382,0.42006615214994486
3,13407693,2024-06-16 09:55:00,Дальневосточная,"Д-ВОСТ, ШЧ-14 (Э)",,,,"Срабатывание (перегорание), коммутационные перенапряжения",CSH,2024,,,,,,,166 days 12:27:00,239787.0,245.0,383,0.4211686879823594
2,13408167,2024-06-16 21:11:00,Дальневосточная,"Д-ВОСТ, ВЧДЭ-1 ХАБАРОВСК","1шт ч(к учету 0,4ч)",,,Несоответствие момента затяжки накидной гайки установленному нормативу,CV,2024,0.0,"0,4ч",,,,,166 days 23:43:00,240463.0,676.0,384,0.422271223814774
3,13408905,2024-06-17 11:37:00,Дальневосточная,"Д-ВОСТ, ШЧ-2 (Э)",,,,"Срабатывание, атмосферные перенапряжения",CSH,2024,,,,,,,167 days 14:09:00,241329.0,866.0,385,0.42337375964718854
3,13411095,2024-06-18 08:01:00,Дальневосточная,"Д-ВОСТ, ШЧ-14 (Э)",,,,Неисправность приёмника,CSH,2024,,,,,,,168 days 10:33:00,242553.0,1224.0,386,0.4244762954796031
3,13410559,2024-06-18 14:00:00,Дальневосточная,"Д-ВОСТ, ШЧ-14 (Э)",,,,Неисправность,CSH,2024,,,,,,,168 days 16:32:00,242912.0,359.0,387,0.4255788313120176
3,13410557,2024-06-18 14:41:00,Дальневосточная,"Д-ВОСТ, ШЧ-6 (Э)",,,,Обрыв,CSH,2024,,,,,,,168 days 17:13:00,242953.0,41.0,388,0.42668136714443217
3,13411239,2024-06-19 03:25:00,Дальневосточная,"Д-ВОСТ, ШЧ-7 (Р)",,,,"Внутренний монтаж, обрыв",CSH,2024,,,,,,,169 days 05:57:00,243717.0,764.0,389,0.42778390297684676
3,13416967,2024-06-19 11:05:00,Дальневосточная,"Д-ВОСТ, ШЧ-7 (Р)","1шт ч(к учету 0,12ч)",,,"Диод, обрыв",CSH,2024,0.0,"0,12ч",,,,,169 days 13:37:00,244177.0,460.0,390,0.4288864388092613
3,13416968,2024-06-20 01:09:00,Дальневосточная,"Д-ВОСТ, ШЧ-3 (Э)","1шт ч(к учету 0,02ч)",,,"Автопереключатель, разрегулировка контактов",CSH,2024,0.0,"0,02ч",,,,,170 days 03:41:00,245021.0,844.0,391,0.42998897464167585
1,13412725,2024-06-20 07:45:00,Дальневосточная,"Д-ВОСТ, ШЧ-8 (Э)","2шт ч(к учету 1,37ч)","1шт ч(к учету 0,1ч)","1шт ч(к учету 0,18)ч","Жилы, внутренний обрыв",CSH,2024,1.0,"1,37ч",0.0,"0,1ч",0.0,,170 days 10:17:00,245417.0,396.0,392,0.4310915104740904
3,13413465,2024-06-20 15:40:00,Дальневосточная,"Д-ВОСТ, ШЧ-2 (Э)",,,,"Обрыв, коррозия металла",CSH,2024,,,,,,,170 days 18:12:00,245892.0,475.0,393,0.432194046306505
3,13413594,2024-06-20 20:22:00,Дальневосточная,"Д-ВОСТ, ШЧ-14 (Э)",,,,"Срабатывание (перегорание), воздействие тягового тока",CSH,2024,,,,,,,170 days 22:54:00,246174.0,282.0,394,0.43329658213891953
2,13415843,2024-06-22 19:42:00,Дальневосточная,"Д-ВОСТ, ШЧ-8 (Э)","3шт (к учету 2) ч(к учету 0,9ч)",,,Сбой АЛС с задержкой поезда,CSH,2024,2.0,"0,9ч",,,,,172 days 22:14:00,249014.0,2840.0,395,0.43439911797133407
3,13416245,2024-06-23 07:30:00,Дальневосточная,"Д-ВОСТ, ШЧ-14 (Э)",,,,"Срабатывание, коммутационные перенапряжения",CSH,2024,,,,,,,173 days 10:02:00,249722.0,708.0,396,0.4355016538037486
3,13417201,2024-06-23 09:20:00,Дальневосточная,"Д-ВОСТ, ШЧ-7 (Р)",,,,"Дроссели (реакторы), обрыв",CSH,2024,,,,,,,173 days 11:52:00,249832.0,110.0,397,0.43660418963616315
3,13416764,2024-06-23 19:25:00,Дальневосточная,"Д-ВОСТ, ШЧ-14 (Э)",,,,Зависание ПО,CSH,2024,,,,,,,173 days 21:57:00,250437.0,605.0,398,0.43770672546857775
2,13417285,2024-06-24 08:20:00,Дальневосточная,"Д-ВОСТ, ШЧ-10 (Э)",2шт ч(к учету 1ч),,,"Лампы, перегорание основной нити",CSH,2024,1.0,,,,,,174 days 10:52:00,251212.0,775.0,399,0.4388092613009923
2,13418795,2024-06-25 07:50:00,Дальневосточная,"Д-ВОСТ, ШЧ-14 (Э)",,"2шт ч(к учету 1,02ч)",,"Оболочка, повреждение",CSH,2024,,,1.0,"1,02ч",,,175 days 10:22:00,252622.0,1410.0,400,0.43991179713340683
2,13418962,2024-06-25 09:53:00,Дальневосточная,"Д-ВОСТ, ШЧ-9 (Э)","3шт ч(к учету 2,07ч)",,,"Закорачивание РЦ через заземление опор КС мостов, путепроводов",CSH,2024,2.0,"2,07ч",,,,,175 days 12:25:00,252745.0,123.0,401,0.4410143329658214
3,13419203,2024-06-25 11:03:00,Дальневосточная,"Д-ВОСТ, ШЧ-14 (Э)",,,,Неисправность приёмника,CSH,2024,,,,,,,175 days 13:35:00,252815.0,70.0,402,0.4421168687982359
2,13419115,2024-06-25 11:15:00,Дальневосточная,"Д-ВОСТ, ШЧ-14 (Э)","1шт ч(к учету 0,3ч)","1шт ч(к учету 0,15ч)",,"Диод, пробой",CSH,2024,0.0,"0,3ч",0.0,"0,15ч",,,175 days 13:47:00,252827.0,12.0,403,0.4432194046306505
3,13419475,2024-06-25 15:30:00,Дальневосточная,"Д-ВОСТ, ШЧ-14 (Э)",,,,"Срабатывание, воздействие тягового тока",CSH,2024,,,,,,,175 days 18:02:00,253082.0,255.0,404,0.44432194046306506
3,13419477,2024-06-25 15:35:00,Дальневосточная,"Д-ВОСТ, ШЧ-14 (Э)",,,,"Стрелочный ОК, CCM/CCM-E, неисправность",CSH,2024,,,,,,,175 days 18:07:00,253087.0,5.0,405,0.4454244762954796
3,13421709,2024-06-26 00:00:00,Дальневосточная,"Д-ВОСТ, ШЧ-10 (Э)",,,,"Внутренний монтаж, обрыв",CSH,2024,,,,,,,176 days 02:32:00,253592.0,505.0,406,0.44652701212789414
3,13419989,2024-06-26 03:05:00,Дальневосточная,"Д-ВОСТ, ШЧ-14 (Э)",,,,"Срабатывание, коммутационные перенапряжения",CSH,2024,,,,,,,176 days 05:37:00,253777.0,185.0,407,0.4476295479603087
2,13418474,2024-06-26 05:19:00,Дальневосточная,"Д-ВОСТ, ШЧ-3 (Э)","2шт ч(к учету 0,93ч)",,"2шт (к учету 1) ч(к учету 0,52)ч",Нарушение контакта штепсель/рельс,CSH,2024,0.0,"0,93ч",,,1.0,,176 days 07:51:00,253911.0,134.0,408,0.4487320837927233
1,13420287,2024-06-26 07:37:00,Дальневосточная,"Д-ВОСТ, ВЧДЭ-1 ХАБАРОВСК","6шт ч(к учету 2,62ч)",,,Неправильное включение режимов отпуска воздухораспределителя,CV,2024,2.0,"2,62ч",,,,,176 days 10:09:00,254049.0,138.0,409,0.4498346196251378
2,13420689,2024-06-26 11:13:00,Дальневосточная,"Д-ВОСТ, ШЧ-2 (Э)","8шт ч(к учету 3,22ч)","2шт ч(к учету 0,38ч)",,"Диод, короткое замыкание диода",CSH,2024,3.0,"3,22ч",0.0,"0,38ч",,,176 days 13:45:00,254265.0,216.0,410,0.45093715545755236
2,13423334,2024-06-27 02:35:00,Дальневосточная,"Д-ВОСТ, ВЧДЭ-1 ХАБАРОВСК","3шт ч(к учету 0,53ч)",,,Несоответствие момента затяжки накидной гайки установленному нормативу,CV,2024,0.0,"0,53ч",,,,,177 days 05:07:00,255187.0,922.0,411,0.4520396912899669
3,13421731,2024-06-27 03:22:00,Дальневосточная,"Д-ВОСТ, ШЧ-2 (Э)",,,,"Кнопки, повреждение крепления",CSH,2024,,,,,,,177 days 05:54:00,255234.0,47.0,412,0.4531422271223815
1,13421708,2024-06-27 03:43:00,Дальневосточная,"Д-ВОСТ, ШЧ-2 (Э)","2шт ч(к учету 2,27ч)",,,Обрыв,CSH,2024,2.0,"2,27ч",,,,,177 days 06:15:00,255255.0,21.0,413,0.45424476295479604
2,13422480,2024-06-27 13:43:00,Дальневосточная,"Д-ВОСТ, ШЧ-4 (Р)","4шт ч(к учету 0,48ч)",,,"Контактная система, увеличенное сопротивление",CSH,2024,0.0,"0,48ч",,,,,177 days 16:15:00,255855.0,600.0,414,0.4553472987872106
3,13422695,2024-06-27 17:47:00,Дальневосточная,"Д-ВОСТ, ШЧ-3 (Э)",,,,Неисправность напольной камеры,CSH,2024,,,,,,,177 days 20:19:00,256099.0,244.0,415,0.4564498346196251
3,13423271,2024-06-28 04:40:00,Дальневосточная,"Д-ВОСТ, ШЧ-10 (Э)",,,,Нарушение изоляции монтажных проводов,CSH,2024,,,,,,,178 days 07:12:00,256752.0,653.0,416,0.45755237045203967
3,13426331,2024-06-28 06:10:00,Дальневосточная,"Д-ВОСТ, ШЧ-12 (Э)",,,,"Системный блок, сбой программного обеспечения",CSH,2024,,,,,,,178 days 08:42:00,256842.0,90.0,417,0.45865490628445427
3,13424036,2024-06-28 15:28:00,Дальневосточная,"Д-ВОСТ, ШЧ-9 (Э)",,,,"КЦ, МФ-03, неисправность",CSH,2024,,,,,,,178 days 18:00:00,257400.0,558.0,418,0.4597574421168688
3,13424226,2024-06-28 18:35:00,Дальневосточная,"Д-ВОСТ, ШЧ-14 (Э)",,,,"Срабатывание (перегорание), воздействие тягового тока",CSH,2024,,,,,,,178 days 21:07:00,257587.0,187.0,419,0.46085997794928335
3,13429640,2024-06-29 05:40:00,Дальневосточная,"Д-ВОСТ, ШЧ-3 (Э)",,,,Сбой АЛС с задержкой поезда,CSH,2024,,,,,,,179 days 08:12:00,258252.0,665.0,420,0.4619625137816979
2,13424803,2024-06-29 09:46:00,Дальневосточная,"Д-ВОСТ, ШЧ-2 (Э)","20шт ч(к учету 11,07ч)","2шт ч(к учету 1,72ч)","2шт (к учету 1) ч(к учету 0,92)ч","Жилы, внутренний обрыв",CSH,2024,11.0,"11,07ч",1.0,"1,72ч",1.0,,179 days 12:18:00,258498.0,246.0,421,0.46306504961411243
3,13424745,2024-06-29 10:34:00,Дальневосточная,"Д-ВОСТ, ШЧ-14 (Э)",,,,"Стрелочный ОК, МУОС, неисправность",CSH,2024,,,,,,,179 days 13:06:00,258546.0,48.0,422,0.46416758544652703
1,13425038,2024-06-29 17:16:00,Дальневосточная,"Д-ВОСТ, ШЧ-2 (Э)","4шт ч(к учету 2,87ч)",,,"Обмотка, обрыв",CSH,2024,2.0,"2,87ч",,,,,179 days 19:48:00,258948.0,402.0,423,0.4652701212789416
2,13425349,2024-06-30 01:20:00,Дальневосточная,"Д-ВОСТ, ШЧ-2 (Э)","1шт ч(к учету 0,2ч)",,"1шт ч(к учету 0,12)ч","Контактная система, сваривание",CSH,2024,0.0,"0,2ч",,,0.0,,180 days 03:52:00,259432.0,484.0,424,0.4663726571113561
2,13429586,2024-06-30 01:58:00,Дальневосточная,"Д-ВОСТ, ВЧДЭ-1 ХАБАРОВСК","8шт ч(к учету 2,65ч)",,,Неправильное включение режимов отпуска воздухораспределителя,CV,2024,2.0,"2,65ч",,,,,180 days 04:30:00,259470.0,38.0,425,0.46747519294377066
3,13429583,2024-06-30 05:21:00,Дальневосточная,"Д-ВОСТ, ШЧ-3 (Э)",,,,"Жилы, обрыв",CSH,2024,,,,,,,180 days 07:53:00,259673.0,203.0,426,0.4685777287761852
1,13425678,2024-06-30 06:56:00,Дальневосточная,"Д-ВОСТ, Т","36шт (к учету 28) ч(к учету 23,98ч)","1шт ч(к учету 0,22ч)",,Неисправность электрооборудования локомотива,CT,2024,28.0,"23,98ч",0.0,"0,22ч",,,180 days 09:28:00,259768.0,95.0,427,0.4696802646085998
1,13425593,2024-06-30 08:08:00,Дальневосточная,"Д-ВОСТ, ШЧ-2 (Э)","7шт ч(к учету 6,13ч)","1шт ч(к учету 1,02ч)",,"Обмотка, обрыв обмотки",CSH,2024,6.0,"6,13ч",1.0,"1,02ч",,,180 days 10:40:00,259840.0,72.0,428,0.47078280044101434
2,13425968,2024-06-30 17:30:00,Дальневосточная,"Д-ВОСТ, ШЧ-3 (Э)","11шт ч(к учету 2,87ч)","3шт (к учету 1) ч(к учету 1,6ч)",,"Контактная система, потеря контакта",CSH,2024,2.0,"2,87ч",1.0,"1,6ч",,,180 days 20:02:00,260402.0,562.0,429,0.4718853362734289
3,13443126,2024-06-30 21:10:00,Дальневосточная,"Д-ВОСТ, ВЧДЭ-1 ХАБАРОВСК","1шт ч(к учету 0,1ч)",,,Несоответствие норм высоты автосцепки грузового вагона,CV,2024,0.0,"0,1ч",,,,,180 days 23:42:00,260622.0,220.0,430,0.4729878721058434
3,13426063,2024-06-30 23:28:00,Дальневосточная,"Д-ВОСТ, ШЧ-9 (Э)",,,,Отключение внешнего электроснабжения,CSH,2024,,,,,,,181 days 02:00:00,260760.0,138.0,431,0.474090407938258
3,13426621,2024-07-01 10:32:00,Дальневосточная,"Д-ВОСТ, ШЧ-3 (Э)",,,,Закорачивание РЦ через дроссельные тросовые перемычки,CSH,2024,,,,,,,181 days 13:04:00,261424.0,664.0,432,0.47519294377067256
2,13427447,2024-07-01 19:04:00,Дальневосточная,"Д-ВОСТ, ШЧ-3 (Э)",16шт ч(к учету 9ч),,,"Резистор, обрыв",CSH,2024,9.0,,,,,,181 days 21:36:00,261936.0,512.0,433,0.4762954796030871
2,13428015,2024-07-02 06:54:00,Дальневосточная,"Д-ВОСТ, ШЧ-14 (Э)",,"2шт (к учету 1) ч(к учету 0,38ч)",,Ослабление затяжки болтов,CSH,2024,,,1.0,"0,38ч",,,182 days 09:26:00,262646.0,710.0,434,0.47739801543550164
3,13427911,2024-07-02 07:26:00,Дальневосточная,"Д-ВОСТ, ВЧДЭ-11 ТЫНДА",,,,Неправильное включение режимов отпуска воздухораспределителя,CV,2024,,,,,,,182 days 09:58:00,262678.0,32.0,435,0.4785005512679162
2,13429033,2024-07-02 15:28:00,Дальневосточная,"Д-ВОСТ, ШЧ-6 (Э)",,"1шт ч(к учету 0,1ч)","1шт ч(к учету 0,13)ч",Сбой АЛС с задержкой поезда,CSH,2024,,,0.0,"0,1ч",0.0,,182 days 18:00:00,263160.0,482.0,436,0.4796030871003308
2,13430061,2024-07-03 08:13:00,Дальневосточная,"Д-ВОСТ, ШЧ-14 (Э)",,"2шт (к учету 1) ч(к учету 0,32ч)",,"Диод, пробой",CSH,2024,,,1.0,"0,32ч",,,183 days 10:45:00,264165.0,1005.0,437,0.4807056229327453
2,13430115,2024-07-03 08:40:00,Дальневосточная,"Д-ВОСТ, ВЧДЭ-1 ХАБАРОВСК","1шт ч(к учету 0,5ч)",,,Несоответствие момента затяжки накидной гайки установленному нормативу,CV,2024,0.0,"0,5ч",,,,,183 days 11:12:00,264192.0,27.0,438,0.48180815876515987
2,13430383,2024-07-03 09:38:00,Дальневосточная,"Д-ВОСТ, ВЧДЭ-1 ХАБАРОВСК","5шт (к учету 1) ч(к учету 1,33ч)",,,Несоответствие момента затяжки накидной гайки установленному нормативу,CV,2024,1.0,"1,33ч",,,,,183 days 12:10:00,264250.0,58.0,439,0.4829106945975744
2,13430714,2024-07-03 11:00:00,Дальневосточная,"Д-ВОСТ, ВЧДЭ-1 ХАБАРОВСК","1шт ч(к учету 0,75ч)",,,Неправильное включение грузовых режимов торможения воздухораспределителя,CV,2024,0.0,"0,75ч",,,,,183 days 13:32:00,264332.0,82.0,440,0.48401323042998895
2,13431275,2024-07-03 14:00:00,Дальневосточная,"Д-ВОСТ, ВЧДЭ-1 ХАБАРОВСК","3шт ч(к учету 0,92ч)",,,Несоответствие момента затяжки накидной гайки установленному нормативу,CV,2024,0.0,"0,92ч",,,,,183 days 16:32:00,264512.0,180.0,441,0.48511576626240355
3,13431272,2024-07-03 14:19:00,Дальневосточная,"Д-ВОСТ, ШЧ-14 (Э)",,,,Обрыв монтажного провода,CSH,2024,,,,,,,183 days 16:51:00,264531.0,19.0,442,0.4862183020948181
3,13431908,2024-07-03 21:24:00,Дальневосточная,"Д-ВОСТ, ШЧ-14 (Э)",,,,"Диод, пробой",CSH,2024,,,,,,,183 days 23:56:00,264956.0,425.0,443,0.48732083792723263
3,13432380,2024-07-04 04:52:00,Дальневосточная,"Д-ВОСТ, ШЧ-13 (Э)",,,,"Контакт, неисправность",CSH,2024,,,,,,,184 days 07:24:00,265404.0,448.0,444,0.4884233737596472
1,13432443,2024-07-04 04:57:00,Дальневосточная,"Д-ВОСТ, ШЧ-2 (Э)","2шт ч(к учету 1,1ч)",,,"Транзистор, пробой",CSH,2024,1.0,"1,1ч",,,,,184 days 07:29:00,265409.0,5.0,445,0.4895259095920617
2,13432565,2024-07-04 05:00:00,Дальневосточная,"Д-ВОСТ, ШЧ-10 (Э)","4шт ч(к учету 1,85ч)",,,"Диод, пробой",CSH,2024,1.0,"1,85ч",,,,,184 days 07:32:00,265412.0,3.0,446,0.4906284454244763
2,13432483,2024-07-04 05:40:00,Дальневосточная,"Д-ВОСТ, ШЧ-14 (Э)","1шт ч(к учету 0,3ч)",,,"Срабатывание (перегорание), коммутационные перенапряжения",CSH,2024,0.0,"0,3ч",,,,,184 days 08:12:00,265452.0,40.0,447,0.49173098125689085
2,13433515,2024-07-04 11:48:00,Дальневосточная,"Д-ВОСТ, ШЧ-14 (Э)",,"1шт ч(к учету 0,12ч)","2шт (к учету 1) ч(к учету 0,23)ч","Обмотка, короткое замыкание",CSH,2024,,,0.0,"0,12ч",1.0,,184 days 14:20:00,265820.0,368.0,448,0.4928335170893054
2,13434004,2024-07-04 14:20:00,Дальневосточная,"Д-ВОСТ, ШЧ-14 (Э)",,"2шт (к учету 1) ч(к учету 0,45ч)",,"Срабатывание, коммутационные перенапряжения",CSH,2024,,,1.0,"0,45ч",,,184 days 16:52:00,265972.0,152.0,449,0.49393605292171994
3,13434153,2024-07-04 18:10:00,Дальневосточная,"Д-ВОСТ, ШЧ-3 (Э)",,,,Нарушение контакта трос/штепсель,CSH,2024,,,,,,,184 days 20:42:00,266202.0,230.0,450,0.49503858875413453
3,13434649,2024-07-05 04:35:00,Дальневосточная,"Д-ВОСТ, ШЧ-7 (Р)",,,,"Контакторы, обрыв катушки",CSH,2024,,,,,,,185 days 07:07:00,266827.0,625.0,451,0.4961411245865491
2,13436354,2024-07-06 01:17:00,Дальневосточная,"Д-ВОСТ, ШЧ-12 (Э)","2шт ч(к учету 0,77ч)",,,"Нарушение контакта в разъемах блоков, неисправность контактных губок",CSH,2024,0.0,"0,77ч",,,,,186 days 03:49:00,268069.0,1242.0,452,0.4972436604189636
2,13436845,2024-07-06 10:46:00,Дальневосточная,"Д-ВОСТ, ШЧ-8 (Э)","1шт ч(к учету 0,37ч)",,"3шт ч(к учету 0,43)ч","Обрыв троса, коррозия металла",CSH,2024,0.0,"0,37ч",,,0.0,,186 days 13:18:00,268638.0,569.0,453,0.49834619625137816
2,13437078,2024-07-06 14:39:00,Дальневосточная,"Д-ВОСТ, ВЧДЭ-1 ХАБАРОВСК","1шт ч(к учету 0,37ч)",,,Неправильное включение грузовых режимов торможения воздухораспределителя,CV,2024,0.0,"0,37ч",,,,,186 days 17:11:00,268871.0,233.0,454,0.4994487320837927
2,13437353,2024-07-06 18:10:00,Дальневосточная,"Д-ВОСТ, ШЧ-12 (Э)","2шт ч(к учету 1,52ч)",,,"Жилы, внутренний обрыв",CSH,2024,1.0,"1,52ч",,,,,186 days 20:42:00,269082.0,211.0,455,0.5005512679162073
3,13437376,2024-07-06 22:24:00,Дальневосточная,"Д-ВОСТ, ШЧ-12 (Э)",,,,Нарушение контакта штепсель/рельс,CSH,2024,,,,,,,187 days 00:56:00,269336.0,254.0,456,0.5016538037486218
3,13437791,2024-07-07 09:10:00,Дальневосточная,"Д-ВОСТ, ШЧ-12 (Э)",,,,Нарушение контакта штепсель/рельс,CSH,2024,,,,,,,187 days 11:42:00,269982.0,646.0,457,0.5027563395810364
3,13439055,2024-07-08 08:35:00,Дальневосточная,"Д-ВОСТ, ШЧ-12 (Э)",,,,Отсутствие,CSH,2024,,,,,,,188 days 11:07:00,271387.0,1405.0,458,0.503858875413451
1,13443165,2024-07-08 17:02:00,Дальневосточная,"Д-ВОСТ, ВЧДЭ-4 УССУРИЙСК","1шт ч(к учету 4,3ч)",,,Неплотность тормозной магистрали грузового вагона,CV,2024,4.0,"4,3ч",,,,,188 days 19:34:00,271894.0,507.0,459,0.5049614112458655
3,13441134,2024-07-09 09:38:00,Дальневосточная,"Д-ВОСТ, ШЧ-14 (Э)",,,,"ЦПУ-ЭЛ-А, сбой",CSH,2024,,,,,,,189 days 12:10:00,272890.0,996.0,460,0.5060639470782801
2,13441879,2024-07-09 13:37:00,Дальневосточная,"Д-ВОСТ, ВЧДЭ-1 ХАБАРОВСК","3шт (к учету 2) ч(к учету 0,7ч)",,,Неправильное включение грузовых режимов торможения воздухораспределителя,CV,2024,2.0,"0,7ч",,,,,189 days 16:09:00,273129.0,239.0,461,0.5071664829106945
1,13442332,2024-07-09 18:40:00,Дальневосточная,"Д-ВОСТ, ШЧ-10 (Э)","2шт ч(к учету 2,63ч)",,,"Срабатывание (перегорание), коммутационные перенапряжения",CSH,2024,2.0,"2,63ч",,,,,189 days 21:12:00,273432.0,303.0,462,0.5082690187431091
2,13454736,2024-07-11 03:54:00,Дальневосточная,"Д-ВОСТ, ШЧ-6 (Э)","12шт ч(к учету 7,18ч)",,,"Диод, пробой",CSH,2024,7.0,"7,18ч",,,,,191 days 06:26:00,275426.0,1994.0,463,0.5093715545755237
3,13445222,2024-07-11 04:40:00,Дальневосточная,"Д-ВОСТ, ШЧ-14 (Э)",,,,"Обрыв троса, при путевых работах",CSH,2024,,,,,,,191 days 07:12:00,275472.0,46.0,464,0.5104740904079382
3,13445471,2024-07-11 07:00:00,Дальневосточная,"Д-ВОСТ, ШЧ-14 (Э)",,,,"Обмотка, обрыв",CSH,2024,,,,,,,191 days 09:32:00,275612.0,140.0,465,0.5115766262403528
3,13446031,2024-07-11 12:26:00,Дальневосточная,"Д-ВОСТ, ШЧ-3 (Э)",,,,Нарушение изоляции монтажных проводов,CSH,2024,,,,,,,191 days 14:58:00,275938.0,326.0,466,0.5126791620727673
2,13446980,2024-07-11 21:02:00,Дальневосточная,"Д-ВОСТ, ШЧ-12 (Э)","2шт ч(к учету 0,85ч)",,,Нарушение контакта наконечник/вывод ДТ,CSH,2024,0.0,"0,85ч",,,,,191 days 23:34:00,276454.0,516.0,467,0.5137816979051819
2,13447278,2024-07-12 04:27:00,Дальневосточная,"Д-ВОСТ, ШЧ-8 (Э)",,,"1шт ч(к учету 0,12)ч",Отключение внешнего электроснабжения,CSH,2024,,,,,0.0,,192 days 06:59:00,276899.0,445.0,468,0.5148842337375965
3,13448111,2024-07-12 07:20:00,Дальневосточная,"Д-ВОСТ, ШЧ-14 (Э)",,,,"Жилы, внутренний обрыв",CSH,2024,,,,,,,192 days 09:52:00,277072.0,173.0,469,0.515986769570011
3,13448073,2024-07-12 11:38:00,Дальневосточная,"Д-ВОСТ, ШЧ-7 (Р)",,,,"Обмотка, короткое замыкание",CSH,2024,,,,,,,192 days 14:10:00,277330.0,258.0,470,0.5170893054024256
1,13448619,2024-07-12 19:27:00,Дальневосточная,"Д-ВОСТ, ШЧ-2 (Э)","27шт (к учету 25) ч(к учету 25,05ч)",,,"Жилы, внутренний обрыв",CSH,2024,25.0,"25,05ч",,,,,192 days 21:59:00,277799.0,469.0,471,0.5181918412348401
3,13448717,2024-07-12 20:46:00,Дальневосточная,"Д-ВОСТ, ШЧ-14 (Э)","1шт ч(к учету 0,15ч)",,,"Обмотка, обрыв",CSH,2024,0.0,"0,15ч",,,,,192 days 23:18:00,277878.0,79.0,472,0.5192943770672547
3,13448778,2024-07-12 21:11:00,Дальневосточная,"Д-ВОСТ, ШЧ-3 (Э)",,,,"Срабатывание, воздействие тягового тока",CSH,2024,,,,,,,192 days 23:43:00,277903.0,25.0,473,0.5203969128996693
2,13448737,2024-07-12 23:09:00,Дальневосточная,"Д-ВОСТ, ВЧДЭ-1 ХАБАРОВСК","1шт ч(к учету 0,25ч)",,,Несоответствие момента затяжки накидной гайки установленному нормативу,CV,2024,0.0,"0,25ч",,,,,193 days 01:41:00,278021.0,118.0,474,0.5214994487320838
2,13448831,2024-07-13 02:09:00,Дальневосточная,"Д-ВОСТ, ШЧ-14 (Э)","1шт ч(к учету 0,25ч)",,"1шт ч(к учету 0,1)ч","Контактная система, увеличенное сопротивление",CSH,2024,0.0,"0,25ч",,,0.0,,193 days 04:41:00,278201.0,180.0,475,0.5226019845644984
3,13448867,2024-07-13 03:33:00,Дальневосточная,"Д-ВОСТ, ШЧ-6 (Э)",,,,"Загрязнение, ржавчина на поверхности катания",CSH,2024,,,,,,,193 days 06:05:00,278285.0,84.0,476,0.523704520396913
3,13448880,2024-07-13 04:18:00,Дальневосточная,"Д-ВОСТ, ШЧ-14 (Э)",,,,"Диод, Короткое замыкание",CSH,2024,,,,,,,193 days 06:50:00,278330.0,45.0,477,0.5248070562293274
2,13448960,2024-07-13 05:00:00,Дальневосточная,"Д-ВОСТ, ШЧ-14 (Э)","3шт ч(к учету 2,75ч)","1шт ч(к учету 0,27ч)",,"Срабатывание, воздействие тягового тока",CSH,2024,2.0,"2,75ч",0.0,"0,27ч",,,193 days 07:32:00,278372.0,42.0,478,0.525909592061742
3,13448924,2024-07-13 05:30:00,Дальневосточная,"Д-ВОСТ, ШЧ-14 (Э)",,,,"Срабатывание, воздействие тягового тока",CSH,2024,,,,,,,193 days 08:02:00,278402.0,30.0,479,0.5270121278941565
2,13449065,2024-07-13 08:31:00,Дальневосточная,"Д-ВОСТ, ШЧ-3 (Э)","1шт ч(к учету 0,32ч)","1шт ч(к учету 0,2ч)","1шт ч(к учету 0,67)ч",Неисправность концентратора,CSH,2024,0.0,"0,32ч",0.0,"0,2ч",0.0,,193 days 11:03:00,278583.0,181.0,480,0.5281146637265711
3,13449338,2024-07-13 14:25:00,Дальневосточная,"Д-ВОСТ, ШЧ-8 (Э)",,,,"Кнопки, механическое заедание кнопки",CSH,2024,,,,,,,193 days 16:57:00,278937.0,354.0,481,0.5292171995589857
3,13450536,2024-07-13 15:50:00,Дальневосточная,"Д-ВОСТ, ШЧ-3 (Э)","1шт ч(к учету 0,02ч)",,,Потеря контакта в соединениях датчика,CSH,2024,0.0,"0,02ч",,,,,193 days 18:22:00,279022.0,85.0,482,0.5303197353914002
3,13449474,2024-07-13 18:01:00,Дальневосточная,"Д-ВОСТ, ШЧ-10 (Э)",,,,Сообщение,CSH,2024,,,,,,,193 days 20:33:00,279153.0,131.0,483,0.5314222712238148
3,13449615,2024-07-13 21:45:00,Дальневосточная,"Д-ВОСТ, ШЧ-10 (Э)",,,,"Срабатывание (перегорание), воздействие тягового тока",CSH,2024,,,,,,,194 days 00:17:00,279377.0,224.0,484,0.5325248070562293
2,13450119,2024-07-14 12:24:00,Дальневосточная,"Д-ВОСТ, ШЧ-6 (Э)","1шт ч(к учету 0,83ч)",,,"Диод, пробой",CSH,2024,0.0,"0,83ч",,,,,194 days 14:56:00,280256.0,879.0,485,0.5336273428886439
3,13450120,2024-07-14 13:55:00,Дальневосточная,"Д-ВОСТ, ШЧ-14 (Э)",,,,Обрыв монтажного провода,CSH,2024,,,,,,,194 days 16:27:00,280347.0,91.0,486,0.5347298787210585
3,13450414,2024-07-14 22:54:00,Дальневосточная,"Д-ВОСТ, ШЧ-14 (Э)",,,,"Электродвигатель, ЭМСУ, неисправность обмотки возбуждения двигателя",CSH,2024,,,,,,,195 days 01:26:00,280886.0,539.0,487,0.535832414553473
3,13450506,2024-07-15 01:10:00,Дальневосточная,"Д-ВОСТ, ШЧ-14 (Э)",,,,"Срабатывание (перегорание), воздействие тягового тока",CSH,2024,,,,,,,195 days 03:42:00,281022.0,136.0,488,0.5369349503858876
2,13450687,2024-07-15 04:15:00,Дальневосточная,"Д-ВОСТ, ШЧ-2 (Э)","4шт (к учету 3) ч(к учету 1,18ч)",,,Обрыв монтажного провода,CSH,2024,3.0,"1,18ч",,,,,195 days 06:47:00,281207.0,185.0,489,0.538037486218302
3,13450817,2024-07-15 05:30:00,Дальневосточная,"Д-ВОСТ, ШЧ-14 (Э)","2шт ч(к учету 0,15ч)",,,Обрыв монтажного провода,CSH,2024,0.0,"0,15ч",,,,,195 days 08:02:00,281282.0,75.0,490,0.5391400220507166
3,13460463,2024-07-15 09:58:00,Дальневосточная,"ОКТ, ВЧД-14 ТВЕРЬ",,,,Трещина запасного резервуара,CV,2024,,,,,,,195 days 12:30:00,281550.0,268.0,491,0.5402425578831312
3,13451084,2024-07-15 11:30:00,Дальневосточная,"Д-ВОСТ, ШЧ-14 (Э)",,,,Неисправность приёмной капсулы,CSH,2024,,,,,,,195 days 14:02:00,281642.0,92.0,492,0.5413450937155457
1,13452652,2024-07-16 11:42:00,Дальневосточная,"Д-ВОСТ, ТЧЭ-13","10шт (к учету 7) ч(к учету 11,23ч)","1шт ч(к учету 2,13ч)",,"Прочая неисправность провода, кабеля низковольтных цепей и цепей управления",CT,2024,7.0,"11,23ч",2.0,"2,13ч",,,196 days 14:14:00,283094.0,1452.0,493,0.5424476295479603
3,13453043,2024-07-16 18:57:00,Дальневосточная,"Д-ВОСТ, ШЧ-3 (Э)",,,,"Нарушение контакта в штепсельных розетках, замятие контакта",CSH,2024,,,,,,,196 days 21:29:00,283529.0,435.0,494,0.5435501653803748
2,13456442,2024-07-16 23:20:00,Дальневосточная,"ЗАБ, ШЧ-6",,"1шт ч(к учету 0,1ч)",,"Срабатывание, воздействие тягового тока",CSH,2024,,,0.0,"0,1ч",,,197 days 01:52:00,283792.0,263.0,495,0.5446527012127894
2,13453309,2024-07-17 04:09:00,Дальневосточная,"Д-ВОСТ, ШЧ-8 (Э)",,"1шт ч(к учету 0,1ч)","4шт ч(к учету 0,67)ч","Жилы, внутренний обрыв",CSH,2024,,,0.0,"0,1ч",0.0,,197 days 06:41:00,284081.0,289.0,496,0.545755237045204
2,13453430,2024-07-17 05:31:00,Дальневосточная,"Д-ВОСТ, ШЧ-7 (Р)","3шт ч(к учету 1,12ч)",,,"Контактная система, увеличенное сопротивление",CSH,2024,1.0,"1,12ч",,,,,197 days 08:03:00,284163.0,82.0,497,0.5468577728776185
3,13453697,2024-07-17 09:11:00,Дальневосточная,"Д-ВОСТ, ШЧ-2 (Э)",,,,Сбой АЛС с задержкой поезда,CSH,2024,,,,,,,197 days 11:43:00,284383.0,220.0,498,0.5479603087100331
3,13457328,2024-07-18 01:24:00,Дальневосточная,"Д-ВОСТ, ШЧ-12 (Э)",,,,"Нарушение контакта в разъемах блоков, неисправность контактных губок",CSH,2024,,,,,,,198 days 03:56:00,285356.0,973.0,499,0.5490628445424476
2,13455029,2024-07-18 07:14:00,Дальневосточная,"Д-ВОСТ, ШЧ-4 (Р)","3шт ч(к учету 0,92ч)",,,"Обмотка, обрыв",CSH,2024,0.0,"0,92ч",,,,,198 days 09:46:00,285706.0,350.0,500,0.5501653803748622
3,13462103,2024-07-18 13:31:00,Дальневосточная,"З-СИБ, ВЧД-4 ТАТАРСКАЯ",,,,Просадка уплотнения усл. № 270.753 клапана дополнительной разрядки,CV,2024,,,,,,,198 days 16:03:00,286083.0,377.0,501,0.5512679162072768
2,13456244,2024-07-18 15:56:00,Дальневосточная,"Д-ВОСТ, ШЧ-9 (Э)",,"1шт ч(к учету 0,13ч)",,Неисправность устройств электроснабжения,CSH,2024,,,0.0,"0,13ч",,,198 days 18:28:00,286228.0,145.0,502,0.5523704520396913
2,13456390,2024-07-19 05:43:00,Дальневосточная,"Д-ВОСТ, ШЧ-3 (Э)","2шт ч(к учету 1,05ч)",,,"Конденсаторы, снижение емкости конденсатора",CSH,2024,1.0,"1,05ч",,,,,199 days 08:15:00,287055.0,827.0,503,0.5534729878721059
3,13456803,2024-07-19 11:53:00,Дальневосточная,"Д-ВОСТ, ШЧ-14 (Э)",,,,"Обрыв троса, коррозия металла",CSH,2024,,,,,,,199 days 14:25:00,287425.0,370.0,504,0.5545755237045203
2,13457087,2024-07-19 16:20:00,Дальневосточная,"Д-ВОСТ, ШЧ-6 (Э)",,,"1шт ч(к учету 0,12)ч","Нарушение контакта в штепсельных розетках, замятие контакта",CSH,2024,,,,,0.0,,199 days 18:52:00,287692.0,267.0,505,0.5556780595369349
3,13457209,2024-07-19 18:20:00,Дальневосточная,"Д-ВОСТ, ШЧ-4 (Р)",,,,"Электродвигатель, постоянного тока (МСП, ДСП), неисправность ротора",CSH,2024,,,,,,,199 days 20:52:00,287812.0,120.0,506,0.5567805953693495
3,13457584,2024-07-20 09:13:00,Дальневосточная,"Д-ВОСТ, ИЧ Ш САХАЛИН",,,,"Контактная система, увеличенное сопротивление контакта",CSH,2024,,,,,,,200 days 11:45:00,288705.0,893.0,507,0.557883131201764
3,13457713,2024-07-20 11:58:00,Дальневосточная,"Д-ВОСТ, ШЧ-6 (Э)",,,,Затухание сигнала в КЛС,CSH,2024,,,,,,,200 days 14:30:00,288870.0,165.0,508,0.5589856670341786
2,13458280,2024-07-21 03:37:00,Дальневосточная,"Д-ВОСТ, ШЧ-2 (Э)","5шт ч(к учету 2,5ч)",,,Нарушение контакта штепсель/рельс,CSH,2024,2.0,"2,5ч",,,,,201 days 06:09:00,289809.0,939.0,509,0.5600882028665931
3,13459090,2024-07-21 20:19:00,Дальневосточная,"Д-ВОСТ, ВЧДЭ-1 ХАБАРОВСК",,,,"Расслоение, разрыв манжеты усл. № 305-156 в узле трех клапанов",CV,2024,,,,,,,201 days 22:51:00,290811.0,1002.0,510,0.5611907386990077
1,13459454,2024-07-22 05:40:00,Дальневосточная,"Д-ВОСТ, ШЧ-2 (Э)","11шт (к учету 10) ч(к учету 5,72ч)",,,"Механические повреждения подразделениями ОАО ""РЖД""",CSH,2024,10.0,"5,72ч",,,,,202 days 08:12:00,291372.0,561.0,511,0.5622932745314223
1,13459790,2024-07-22 10:23:00,Дальневосточная,"Д-ВОСТ, ШЧ-14 (Э)","8шт (к учету 7) ч(к учету 4,15ч)","1шт ч(к учету 0,13ч)","2шт ч(к учету 0,42)ч","Нарушение контакта в разъемах блоков, неисправность контактных губок",CSH,2024,7.0,"4,15ч",0.0,"0,13ч",0.0,,202 days 12:55:00,291655.0,283.0,512,0.5633958103638368
3,13460064,2024-07-22 14:40:00,Дальневосточная,"Д-ВОСТ, ШЧ-14 (Э)",,,,"Обрыв, некачественная приварка к рельсу",CSH,2024,,,,,,,202 days 17:12:00,291912.0,257.0,513,0.5644983461962514
2,13460556,2024-07-23 03:10:00,Дальневосточная,"Д-ВОСТ, ШЧ-2 (Э)","5шт (к учету 4) ч(к учету 3,03ч)",,,Отключение внешнего электроснабжения,CSH,2024,4.0,"3,03ч",,,,,203 days 05:42:00,292662.0,750.0,514,0.565600882028666
2,13462210,2024-07-23 05:08:00,Дальневосточная,"Д-ВОСТ, ВЧДЭ-1 ХАБАРОВСК","1шт ч(к учету 0,32ч)",,,Неправильное включение режимов отпуска воздухораспределителя,CV,2024,0.0,"0,32ч",,,,,203 days 07:40:00,292780.0,118.0,515,0.5667034178610805
3,13460629,2024-07-23 05:30:00,Дальневосточная,"Д-ВОСТ, ШЧ-10 (Э)",,,,"Диод, короткое замыкание",CSH,2024,,,,,,,203 days 08:02:00,292802.0,22.0,516,0.5678059536934951
3,13460713,2024-07-23 05:30:00,Дальневосточная,"Д-ВОСТ, ШЧ-14 (Э)",,,,"Нарушение контакта в штепсельных розетках, замятие контакта",CSH,2024,,,,,,,203 days 08:02:00,292802.0,0.0,517,0.5689084895259096
2,13460733,2024-07-23 07:58:00,Дальневосточная,"Д-ВОСТ, ШЧ-8 (Э)",,,"4шт ч(к учету 0,45)ч","Жилы, внутренний обрыв",CSH,2024,,,,,0.0,,203 days 10:30:00,292950.0,148.0,518,0.5700110253583242
2,13461905,2024-07-24 03:02:00,Дальневосточная,"Д-ВОСТ, ШЧ-12 (Э)","1шт ч(к учету 0,6ч)",,,"Контактная система, потеря контакта",CSH,2024,0.0,"0,6ч",,,,,204 days 05:34:00,294094.0,1144.0,519,0.5711135611907387
3,13461913,2024-07-24 03:27:00,Дальневосточная,"Д-ВОСТ, ШЧ-3 (Э)",,,,Нарушение регулировки,CSH,2024,,,,,,,204 days 05:59:00,294119.0,25.0,520,0.5722160970231532
2,13462133,2024-07-24 08:00:00,Дальневосточная,"Д-ВОСТ, ШЧ-6 (Э)","6шт ч(к учету 2,23ч)",,,"Срабатывание, воздействие тягового тока",CSH,2024,2.0,"2,23ч",,,,,204 days 10:32:00,294392.0,273.0,521,0.5733186328555678
3,13463799,2024-07-25 05:27:00,Дальневосточная,"Д-ВОСТ, ШЧ-7 (Р)",,,,"Выключатели, некачественная пайка",CSH,2024,,,,,,,205 days 07:59:00,295679.0,1287.0,522,0.5744211686879823
2,13466213,2024-07-27 06:01:00,Дальневосточная,"Д-ВОСТ, ШЧ-14 (Э)","2шт ч(к учету 0,9ч)",,,Нарушение контакта штепсель/рельс,CSH,2024,0.0,"0,9ч",,,,,207 days 08:33:00,298593.0,2914.0,523,0.5755237045203969
2,13467104,2024-07-28 05:37:00,Дальневосточная,"Д-ВОСТ, ШЧ-13 (Э)","1шт ч(к учету 0,5ч)",,,"Срабатывание (перегорание), коммутационные перенапряжения",CSH,2024,0.0,"0,5ч",,,,,208 days 08:09:00,300009.0,1416.0,524,0.5766262403528115
3,13467189,2024-07-28 06:45:00,Дальневосточная,"Д-ВОСТ, ШЧ-3 (Э)",,,,"Не срабатывание (не перегорание), нарушение контакта штепсельного разъема, нарушение контакта",CSH,2024,,,,,,,208 days 09:17:00,300077.0,68.0,525,0.577728776185226
3,13467163,2024-07-28 07:47:00,Дальневосточная,"Д-ВОСТ, ШЧ-10 (Э)",,,,Нарушение контакта,CSH,2024,,,,,,,208 days 10:19:00,300139.0,62.0,526,0.5788313120176406
1,13470741,2024-07-28 07:54:00,Дальневосточная,"Д-ВОСТ, ВЧДЭ-4 УССУРИЙСК","1шт ч(к учету 4,42ч)",,"2шт ч(к учету 0,37)ч",Ослабление крепления труб воздухопровода и тормозных приборов грузового вагона,CV,2024,4.0,"4,42ч",,,0.0,,208 days 10:26:00,300146.0,7.0,527,0.5799338478500551
2,13467331,2024-07-28 12:45:00,Дальневосточная,"Д-ВОСТ, ШЧ-14 (Э)","1шт ч(к учету 0,42ч)",,,"Срабатывание, коммутационные перенапряжения",CSH,2024,0.0,"0,42ч",,,,,208 days 15:17:00,300437.0,291.0,528,0.5810363836824697
2,13467603,2024-07-28 16:10:00,Дальневосточная,"Д-ВОСТ, ШЧ-12 (Э)","1шт ч(к учету 0,32ч)","1шт ч(к учету 0,1ч)",,"Обмотка, короткое замыкание обмотки",CSH,2024,0.0,"0,32ч",0.0,"0,1ч",,,208 days 18:42:00,300642.0,205.0,529,0.5821389195148843
1,13467640,2024-07-28 18:52:00,Дальневосточная,"Д-ВОСТ, ШЧ-8 (Э)","4шт ч(к учету 13,47ч)",,"2шт (к учету 1) ч(к учету 0,63)ч",Плата,CSH,2024,13.0,"13,47ч",,,1.0,,208 days 21:24:00,300804.0,162.0,530,0.5832414553472988
3,13467822,2024-07-28 20:14:00,Дальневосточная,"Д-ВОСТ, ШЧ-8 (Э)",,,,Закорачивание РЦ через дроссельные тросовые перемычки,CSH,2024,,,,,,,208 days 22:46:00,300886.0,82.0,531,0.5843439911797134
2,13467709,2024-07-28 21:50:00,Дальневосточная,"Д-ВОСТ, ШЧ-14 (Э)","2шт ч(к учету 1,08ч)",,,"Срабатывание, воздействие тягового тока",CSH,2024,1.0,"1,08ч",,,,,209 days 00:22:00,300982.0,96.0,532,0.5854465270121278
2,13468230,2024-07-29 09:10:00,Дальневосточная,"Д-ВОСТ, ШЧ-3 (Э)","4шт ч(к учету 2,03ч)",,,Нарушение изоляции монтажных проводов,CSH,2024,2.0,"2,03ч",,,,,209 days 11:42:00,301662.0,680.0,533,0.5865490628445424
3,13469048,2024-07-29 21:30:00,Дальневосточная,"Д-ВОСТ, ШЧ-14 (Э)",,,,"Срабатывание, воздействие тягового тока",CSH,2024,,,,,,,210 days 00:02:00,302402.0,740.0,534,0.587651598676957
2,13469067,2024-07-29 22:00:00,Дальневосточная,"Д-ВОСТ, ШЧ-14 (Э)",,"1шт ч(к учету 0,1ч)",,"Срабатывание (перегорание), атмосферные перенапряжения",CSH,2024,,,0.0,"0,1ч",,,210 days 00:32:00,302432.0,30.0,535,0.5887541345093715
3,13469049,2024-07-29 22:00:00,Дальневосточная,"Д-ВОСТ, ШЧ-14 (Э)",,,,"Срабатывание, воздействие тягового тока",CSH,2024,,,,,,,210 days 00:32:00,302432.0,0.0,536,0.5898566703417861
3,13469188,2024-07-30 00:17:00,Дальневосточная,"Д-ВОСТ, ШЧ-12 (Э)","1шт ч(к учету 0,03ч)",,,"Срабатывание (перегорание), атмосферные перенапряжения",CSH,2024,0.0,"0,03ч",,,,,210 days 02:49:00,302569.0,137.0,537,0.5909592061742006
2,13469157,2024-07-30 00:17:00,Дальневосточная,"Д-ВОСТ, ШЧ-7 (Р)","1шт ч(к учету 0,2ч)","3шт (к учету 1) ч(к учету 0,4ч)",,Нарушение контакта трос/штепсель,CSH,2024,0.0,"0,2ч",1.0,"0,4ч",,,210 days 02:49:00,302569.0,0.0,538,0.5920617420066152
1,13469286,2024-07-30 03:32:00,Дальневосточная,"Д-ВОСТ, ШЧ-12 (Э)","5шт ч(к учету 6,7ч)",,,Пережог плавкой вставки предохранителя линии СЦБ,CSH,2024,6.0,"6,7ч",,,,,210 days 06:04:00,302764.0,195.0,539,0.5931642778390298
2,13472012,2024-07-30 04:15:00,Дальневосточная,"Д-ВОСТ, ШЧ-2 (Э)","2шт ч(к учету 0,52ч)",,,"Нарушение контакта в разъемах блоков, замятие контакта",CSH,2024,0.0,"0,52ч",,,,,210 days 06:47:00,302807.0,43.0,540,0.5942668136714443
2,13469429,2024-07-30 05:37:00,Дальневосточная,"Д-ВОСТ, ШЧ-3 (Э)","5шт ч(к учету 2,15ч)",,"1шт ч(к учету 0,13)ч","Жилы, обрыв",CSH,2024,2.0,"2,15ч",,,0.0,,210 days 08:09:00,302889.0,82.0,541,0.5953693495038589
3,13472023,2024-07-30 05:50:00,Дальневосточная,"Д-ВОСТ, ШЧ-8 (Э)",,,,Отсутствие,CSH,2024,,,,,,,210 days 08:22:00,302902.0,13.0,542,0.5964718853362734
3,13469723,2024-07-30 10:35:00,Дальневосточная,"Д-ВОСТ, ШЧ-12 (Э)",,,,Просадка напряжения на питающей линии,CSH,2024,,,,,,,210 days 13:07:00,303187.0,285.0,543,0.597574421168688
2,13470492,2024-07-30 10:50:00,Дальневосточная,"Д-ВОСТ, ШЧ-13 (Э)","1шт ч(к учету 0,28ч)",,,"Нарушение контакта в штепсельных розетках, сообщение",CSH,2024,0.0,"0,28ч",,,,,210 days 13:22:00,303202.0,15.0,544,0.5986769570011026
2,13470124,2024-07-30 17:00:00,Дальневосточная,"Д-ВОСТ, ШЧ-2 (Э)","11шт (к учету 10) ч(к учету 3,83ч)",,,Нарушение регулировки,CSH,2024,10.0,"3,83ч",,,,,210 days 19:32:00,303572.0,370.0,545,0.5997794928335171
3,13470147,2024-07-30 17:40:00,Дальневосточная,"Д-ВОСТ, ШЧ-4 (Р)",,,,"Диод, обрыв",CSH,2024,,,,,,,210 days 20:12:00,303612.0,40.0,546,0.6008820286659317
2,13470429,2024-07-31 01:21:00,Дальневосточная,"Д-ВОСТ, ШЧ-14 (Э)","1шт ч(к учету 0,33ч)",,,Обрыв монтажного провода,CSH,2024,0.0,"0,33ч",,,,,211 days 03:53:00,304073.0,461.0,547,0.6019845644983461
3,13471249,2024-07-31 14:08:00,Дальневосточная,"Д-ВОСТ, ШЧ-14 (Э)",,,,"Срабатывание, коммутационные перенапряжения",CSH,2024,,,,,,,211 days 16:40:00,304840.0,767.0,548,0.6030871003307607
3,13471305,2024-07-31 14:58:00,Дальневосточная,"Д-ВОСТ, ШЧ-2 (Э)",,,,Нарушение контакта трос/штепсель,CSH,2024,,,,,,,211 days 17:30:00,304890.0,50.0,549,0.6041896361631753
3,13471605,2024-07-31 17:45:00,Дальневосточная,"Д-ВОСТ, ШЧ-12 (Э)",,,,"Системный блок, сбой программного обеспечения",CSH,2024,,,,,,,211 days 20:17:00,305057.0,167.0,550,0.6052921719955898
3,13471646,2024-07-31 19:20:00,Дальневосточная,"Д-ВОСТ, ВЧДЭ-11 ТЫНДА",,,,Утечка сжатого воздуха по привалочному фланцу магистральной части воздухораспределителя,CV,2024,,,,,,,211 days 21:52:00,305152.0,95.0,551,0.6063947078280044
2,13471542,2024-07-31 19:36:00,Дальневосточная,"Д-ВОСТ, ШЧ-3 (Э)","13шт ч(к учету 3,55ч)","1шт ч(к учету 0,37ч)",,"Контактная система, подгар контактов",CSH,2024,3.0,"3,55ч",0.0,"0,37ч",,,211 days 22:08:00,305168.0,16.0,552,0.607497243660419
3,13472493,2024-08-01 13:25:00,Дальневосточная,"Д-ВОСТ, ИЧ Ш САХАЛИН",,,,"Жилы, обрыв",CSH,2024,,,,,,,212 days 15:57:00,306237.0,1069.0,553,0.6085997794928335
3,13473619,2024-08-02 08:45:00,Дальневосточная,"Д-ВОСТ, ШЧ-14 (Э)",,,,"Релейный ОК, МПК, неисправность",CSH,2024,,,,,,,213 days 11:17:00,307397.0,1160.0,554,0.6097023153252481
3,13474593,2024-08-03 01:00:00,Дальневосточная,"Д-ВОСТ, ШЧ-2 (Э)",,,,"Срабатывание, воздействие тягового тока",CSH,2024,,,,,,,214 days 03:32:00,308372.0,975.0,555,0.6108048511576626
3,13474510,2024-08-03 01:08:00,Дальневосточная,"Д-ВОСТ, ШЧ-7 (Р)",,,,Наличие переходного сопротивления выключателей,CSH,2024,,,,,,,214 days 03:40:00,308380.0,8.0,556,0.6119073869900772
3,13474773,2024-08-03 09:50:00,Дальневосточная,"Д-ВОСТ, ШЧ-14 (Э)",,,,"Срабатывание, воздействие тягового тока",CSH,2024,,,,,,,214 days 12:22:00,308902.0,522.0,557,0.6130099228224918
3,13475152,2024-08-03 17:54:00,Дальневосточная,"Д-ВОСТ, ШЧ-3 (Э)",,,,"Нарушение контакта в штепсельных розетках, неисправность контактных губок",CSH,2024,,,,,,,214 days 20:26:00,309386.0,484.0,558,0.6141124586549063
2,13475449,2024-08-04 02:28:00,Дальневосточная,"Д-ВОСТ, ВЧДЭ-1 ХАБАРОВСК","19шт (к учету 12) ч(к учету 7,62ч)",,,Несоответствие момента затяжки накидной гайки установленному нормативу,CV,2024,12.0,"7,62ч",,,,,215 days 05:00:00,309900.0,514.0,559,0.6152149944873209
3,13475800,2024-08-04 09:08:00,Дальневосточная,"Д-ВОСТ, ШЧ-10 (Э)",,,,"Нарушение контакта в разъемах блоков, неисправность контактных губок",CSH,2024,,,,,,,215 days 11:40:00,310300.0,400.0,560,0.6163175303197354
3,13478212,2024-08-04 23:50:00,Дальневосточная,"Д-ВОСТ, ШЧ-8 (Э)",,,,"Срабатывание (перегорание), коммутационные перенапряжения",CSH,2024,,,,,,,216 days 02:22:00,311182.0,882.0,561,0.61742006615215
2,13477935,2024-08-05 09:58:00,Дальневосточная,"Д-ВОСТ, ШЧ-8 (Э)","1шт ч(к учету 0,47ч)","1шт ч(к учету 0,25ч)",,Потеря контакта,CSH,2024,0.0,"0,47ч",0.0,"0,25ч",,,216 days 12:30:00,311790.0,608.0,562,0.6185226019845645
3,13477949,2024-08-05 13:12:00,Дальневосточная,"Д-ВОСТ, ШЧ-3 (Э)","1шт ч(к учету 0,02ч)",,,"Монтаж, нарушение состояния паек",CSH,2024,0.0,"0,02ч",,,,,216 days 15:44:00,311984.0,194.0,563,0.619625137816979
2,13477964,2024-08-05 18:43:00,Дальневосточная,"Д-ВОСТ, ШЧ-12 (Э)",,"2шт (к учету 1) ч(к учету 0,45ч)",,Отсутствие,CSH,2024,,,1.0,"0,45ч",,,216 days 21:15:00,312315.0,331.0,564,0.6207276736493936
3,13478094,2024-08-06 00:07:00,Дальневосточная,"Д-ВОСТ, ШЧ-10 (Э)",,,,"Нарушение контакта в разъемах блоков, неисправность контактных губок",CSH,2024,,,,,,,217 days 02:39:00,312639.0,324.0,565,0.6218302094818081
3,13478133,2024-08-06 01:43:00,Дальневосточная,"Д-ВОСТ, ШЧ-3 (Э)","1шт ч(к учету 0,02ч)",,,Асимметрия тягового тока,CSH,2024,0.0,"0,02ч",,,,,217 days 04:15:00,312735.0,96.0,566,0.6229327453142227
3,13478553,2024-08-06 04:24:00,Дальневосточная,"Д-ВОСТ, ШЧ-8 (Э)",,,,"Обрыв, коррозия металла",CSH,2024,,,,,,,217 days 06:56:00,312896.0,161.0,567,0.6240352811466373
2,13478588,2024-08-06 08:54:00,Дальневосточная,"Д-ВОСТ, ШЧ-7 (Р)","4шт ч(к учету 1,22ч)",,,"Кнопки, нарушение регулировки контакта при работе внутри пульта",CSH,2024,1.0,"1,22ч",,,,,217 days 11:26:00,313166.0,270.0,568,0.6251378169790518
2,13478790,2024-08-06 09:59:00,Дальневосточная,"Д-ВОСТ, ШЧ-13 (Э)","1шт ч(к учету 0,55ч)",,,"Срабатывание, атмосферные перенапряжения",CSH,2024,0.0,"0,55ч",,,,,217 days 12:31:00,313231.0,65.0,569,0.6262403528114664
2,13480129,2024-08-06 21:20:00,Дальневосточная,"Д-ВОСТ, ШЧ-2 (Э)","13шт (к учету 12) ч(к учету 7,18ч)","1шт ч(к учету 0,15ч)",,"Срабатывание, воздействие тягового тока",CSH,2024,12.0,"7,18ч",0.0,"0,15ч",,,217 days 23:52:00,313912.0,681.0,570,0.6273428886438809
2,13481361,2024-08-07 03:30:00,Дальневосточная,"Д-ВОСТ, ШЧ-8 (Э)",3шт ч(к учету 1ч),,,"Не срабатывание (не перегорание), атмосферные перенапряжения",CSH,2024,1.0,,,,,,218 days 06:02:00,314282.0,370.0,571,0.6284454244762955
2,13482974,2024-08-08 06:05:00,Дальневосточная,"Д-ВОСТ, ШЧ-3 (Э)","5шт ч(к учету 1,68ч)",,,"Обрыв троса, коррозия металла",CSH,2024,1.0,"1,68ч",,,,,219 days 08:37:00,315877.0,1595.0,572,0.6295479603087101
3,13483739,2024-08-08 08:14:00,Дальневосточная,"Д-ВОСТ, ШЧ-9 (Э)",,,,"Внутренний монтаж, обрыв",CSH,2024,,,,,,,219 days 10:46:00,316006.0,129.0,573,0.6306504961411246
3,13483544,2024-08-08 10:20:00,Дальневосточная,"Д-ВОСТ, ШЧ-13 (Э)",,,,Короткое замыкание обмотки,CSH,2024,,,,,,,219 days 12:52:00,316132.0,126.0,574,0.6317530319735392
3,13484227,2024-08-08 12:59:00,Дальневосточная,"Д-ВОСТ, ШЧ-2 (Э)",,,,"Контрольные линейки, ослабление крепления",CSH,2024,,,,,,,219 days 15:31:00,316291.0,159.0,575,0.6328555678059536
1,13484989,2024-08-08 18:46:00,Дальневосточная,"Д-ВОСТ, ШЧ-6 (Э)","4шт ч(к учету 3,3ч)",,,"Срабатывание (перегорание), атмосферные перенапряжения",CSH,2024,3.0,"3,3ч",,,,,219 days 21:18:00,316638.0,347.0,576,0.6339581036383682
2,13484939,2024-08-08 19:00:00,Дальневосточная,"Д-ВОСТ, ШЧ-14 (Э)","1шт ч(к учету 0,7ч)",,,"Срабатывание, коммутационные перенапряжения",CSH,2024,0.0,"0,7ч",,,,,219 days 21:32:00,316652.0,14.0,577,0.6350606394707828
3,13494088,2024-08-08 20:04:00,Дальневосточная,"Д-ВОСТ, ИЧ Ш САХАЛИН",,"1шт ч(к учету 0,03ч)",,Неисправность устройств электроснабжения,CSH,2024,,,0.0,"0,03ч",,,219 days 22:36:00,316716.0,64.0,578,0.6361631753031973
3,13488665,2024-08-09 22:11:00,Дальневосточная,"Д-ВОСТ, ШЧ-7 (Р)",,,,"Внутренний монтаж, обрыв",CSH,2024,,,,,,,221 days 00:43:00,318283.0,1567.0,579,0.6372657111356119
2,13487129,2024-08-10 09:38:00,Дальневосточная,"Д-ВОСТ, ШЧ-3 (Э)","2шт ч(к учету 1,08ч)","1шт ч(к учету 0,18ч)",,"Монтаж, потеря контакта болтовых крепления",CSH,2024,1.0,"1,08ч",0.0,"0,18ч",,,221 days 12:10:00,318970.0,687.0,580,0.6383682469680264
3,13487313,2024-08-10 16:10:00,Дальневосточная,"Д-ВОСТ, ШЧ-2 (Э)",,,,Перенапряжения коммутационные,CSH,2024,,,,,,,221 days 18:42:00,319362.0,392.0,581,0.639470782800441
3,13487501,2024-08-10 20:34:00,Дальневосточная,"Д-ВОСТ, ШЧ-12 (Э)",,,,"Автопереключатель, разрегулировка контактов",CSH,2024,,,,,,,221 days 23:06:00,319626.0,264.0,582,0.6405733186328556
3,13487528,2024-08-10 21:35:00,Дальневосточная,"Д-ВОСТ, ШЧ-10 (Э)",,,,Излом провода под гайкой,CSH,2024,,,,,,,222 days 00:07:00,319687.0,61.0,583,0.6416758544652701
3,13487817,2024-08-11 06:31:00,Дальневосточная,"Д-ВОСТ, ШЧ-8 (Э)",,,,"Внутренний монтаж, обрыв монтажного провода",CSH,2024,,,,,,,222 days 09:03:00,320223.0,536.0,584,0.6427783902976847
3,13487977,2024-08-11 10:53:00,Дальневосточная,"Д-ВОСТ, ШЧ-14 (Э)",,,,"Срабатывание, воздействие тягового тока",CSH,2024,,,,,,,222 days 13:25:00,320485.0,262.0,585,0.6438809261300992
3,13492118,2024-08-11 11:40:00,Дальневосточная,"Д-ВОСТ, ШЧ-14 (Э)",,"1шт ч(к учету 0,08ч)",,Влияние посторонних источников питания,CSH,2024,,,0.0,"0,08ч",,,222 days 14:12:00,320532.0,47.0,586,0.6449834619625138
2,13488859,2024-08-12 08:10:00,Дальневосточная,"Д-ВОСТ, ШЧ-2 (Э)","1шт ч(к учету 0,92ч)",,,"Срабатывание, несоответствие номинала",CSH,2024,0.0,"0,92ч",,,,,223 days 10:42:00,321762.0,1230.0,587,0.6460859977949284
3,13488885,2024-08-12 08:37:00,Дальневосточная,"Д-ВОСТ, ШЧ-4 (Р)",,,,Обрыв монтажного провода,CSH,2024,,,,,,,223 days 11:09:00,321789.0,27.0,588,0.6471885336273429
3,13489894,2024-08-12 18:12:00,Дальневосточная,"Д-ВОСТ, ШЧ-6 (Э)",,,,"Обрыв, коррозия металла",CSH,2024,,,,,,,223 days 20:44:00,322364.0,575.0,589,0.6482910694597575
2,13490664,2024-08-13 09:10:00,Дальневосточная,"Д-ВОСТ, ШЧ-13 (Э)","3шт ч(к учету 1,55ч)",,,"Контактная система, увеличенное сопротивление",CSH,2024,1.0,"1,55ч",,,,,224 days 11:42:00,323262.0,898.0,590,0.649393605292172
2,13491740,2024-08-13 18:46:00,Дальневосточная,"Д-ВОСТ, ШЧ-13 (Э)","1шт ч(к учету 0,6ч)",,,Снижение емкости ниже номинальной,CSH,2024,0.0,"0,6ч",,,,,224 days 21:18:00,323838.0,576.0,591,0.6504961411245865
2,13492235,2024-08-14 07:16:00,Дальневосточная,"Д-ВОСТ, ШЧ-2 (Э)","1шт ч(к учету 0,28ч)",,,Нарушение контакта штепсель/рельс,CSH,2024,0.0,"0,28ч",,,,,225 days 09:48:00,324588.0,750.0,592,0.6515986769570011
3,13493418,2024-08-14 16:00:00,Дальневосточная,"Д-ВОСТ, ШЧ-3 (Э)",,,,"Нарушение контакта в штепсельных розетках, замятие контакта",CSH,2024,,,,,,,225 days 18:32:00,325112.0,524.0,593,0.6527012127894156
2,13493748,2024-08-15 00:10:00,Дальневосточная,"Д-ВОСТ, ШЧ-14 (Э)","3шт ч(к учету 0,88ч)",,,"Срабатывание, несоответствие номинала",CSH,2024,0.0,"0,88ч",,,,,226 days 02:42:00,325602.0,490.0,594,0.6538037486218302
3,13495512,2024-08-15 00:22:00,Дальневосточная,"Д-ВОСТ, ИЧ Ш САХАЛИН","1шт ч(к учету 0,05ч)",,,"Лампы, перегорание основной нити",CSH,2024,0.0,"0,05ч",,,,,226 days 02:54:00,325614.0,12.0,595,0.6549062844542448
2,13493990,2024-08-15 04:45:00,Дальневосточная,"Д-ВОСТ, ШЧ-10 (Э)","5шт ч(к учету 2,03ч)",,,Повреждение,CSH,2024,2.0,"2,03ч",,,,,226 days 07:17:00,325877.0,263.0,596,0.6560088202866593
2,13494112,2024-08-15 07:05:00,Дальневосточная,"Д-ВОСТ, ВЧДЭ-1 ХАБАРОВСК","3шт ч(к учету 0,72ч)",,,Неправильное включение режимов отпуска воздухораспределителя,CV,2024,0.0,"0,72ч",,,,,226 days 09:37:00,326017.0,140.0,597,0.6571113561190739
3,13494441,2024-08-15 09:30:00,Дальневосточная,"Д-ВОСТ, ШЧ-8 (Э)",,,,"Срабатывание (перегорание), несоответствие номинала",CSH,2024,,,,,,,226 days 12:02:00,326162.0,145.0,598,0.6582138919514884
1,13495025,2024-08-15 12:31:00,Дальневосточная,"Д-ВОСТ, ТЧЭ-11","12шт (к учету 7) ч(к учету 19,2ч)","1шт ч(к учету 0,17ч)",,Код ДПУ 111 Изгиб межостряковых тяг из-за набегания тыльной части колес на отведенный остряк,CT,2024,7.0,"19,2ч",0.0,"0,17ч",,,226 days 15:03:00,326343.0,181.0,599,0.659316427783903
2,13495283,2024-08-15 16:13:00,Дальневосточная,"Д-ВОСТ, ШЧ-13 (Э)","2шт (к учету 1) ч(к учету 1,37ч)",,,"Автопереключатель, разрегулировка контактов",CSH,2024,1.0,"1,37ч",,,,,226 days 18:45:00,326565.0,222.0,600,0.6604189636163176
2,13495585,2024-08-16 08:02:00,Дальневосточная,"Д-ВОСТ, ШЧ-14 (Э)","2шт ч(к учету 0,45ч)",,,"Нарушение контакта в разъемах блоков, замятие контакта",CSH,2024,0.0,"0,45ч",,,,,227 days 10:34:00,327514.0,949.0,601,0.6615214994487321
2,13498455,2024-08-16 21:10:00,Дальневосточная,"Д-ВОСТ, ШЧ-2 (Э)","4шт ч(к учету 1,68ч)",,,"Срабатывание, воздействие тягового тока",CSH,2024,1.0,"1,68ч",,,,,227 days 23:42:00,328302.0,788.0,602,0.6626240352811467
2,13496542,2024-08-17 06:20:00,Дальневосточная,"Д-ВОСТ, ШЧ-14 (Э)",,,"1шт ч(к учету 0,17)ч","Срабатывание, воздействие тягового тока",CSH,2024,,,,,0.0,,228 days 08:52:00,328852.0,550.0,603,0.6637265711135611
3,13496748,2024-08-17 11:47:00,Дальневосточная,"Д-ВОСТ, ШЧ-14 (Э)",,,,"Лампы, перегорание основной нити",CSH,2024,,,,,,,228 days 14:19:00,329179.0,327.0,604,0.6648291069459757
1,13497102,2024-08-17 21:00:00,Дальневосточная,"Д-ВОСТ, ШЧ-4 (Р)","12шт (к учету 11) ч(к учету 8,25ч)",,,Механическое повреждение,CSH,2024,11.0,"8,25ч",,,,,228 days 23:32:00,329732.0,553.0,605,0.6659316427783903
3,13497110,2024-08-17 22:15:00,Дальневосточная,"Д-ВОСТ, ШЧ-14 (Э)",,,,Обрыв монтажного провода,CSH,2024,,,,,,,229 days 00:47:00,329807.0,75.0,606,0.6670341786108048
2,13500705,2024-08-18 08:33:00,Дальневосточная,"Д-ВОСТ, ШЧ-14 (Э)",,,"1шт ч(к учету 0,18)ч",Неисправность выключателей,CSH,2024,,,,,0.0,,229 days 11:05:00,330425.0,618.0,607,0.6681367144432194
3,13497545,2024-08-18 09:15:00,Дальневосточная,"Д-ВОСТ, ШЧ-14 (Э)",,,,"Кнопки, окисление контактов",CSH,2024,,,,,,,229 days 11:47:00,330467.0,42.0,608,0.6692392502756339
3,13498359,2024-08-19 07:54:00,Дальневосточная,"Д-ВОСТ, ШЧ-14 (Э)",,,,"Нарушение контакта в разъемах блоков, неисправность контактных губок",CSH,2024,,,,,,,230 days 10:26:00,331826.0,1359.0,609,0.6703417861080485
2,13498451,2024-08-19 09:07:00,Дальневосточная,"Д-ВОСТ, ШЧ-4 (Р)","2шт ч(к учету 0,73ч)",,,"Жилы, обрыв",CSH,2024,0.0,"0,73ч",,,,,230 days 11:39:00,331899.0,73.0,610,0.6714443219404631
3,13498530,2024-08-19 10:12:00,Дальневосточная,"Д-ВОСТ, ИЧ Ш САХАЛИН",,,,"Кнопки, излом контакта",CSH,2024,,,,,,,230 days 12:44:00,331964.0,65.0,611,0.6725468577728776
3,13500043,2024-08-20 11:57:00,Дальневосточная,"Д-ВОСТ, ШЧ-10 (Э)",,,,"Обрыв, при путевых работах",CSH,2024,,,,,,,231 days 14:29:00,333509.0,1545.0,612,0.6736493936052922
2,13500131,2024-08-20 12:59:00,Дальневосточная,"Д-ВОСТ, ШЧ-8 (Э)",,"1шт ч(к учету 0,32ч)",,Отключение внешнего электроснабжения,CSH,2024,,,0.0,"0,32ч",,,231 days 15:31:00,333571.0,62.0,613,0.6747519294377067
2,13500544,2024-08-20 16:43:00,Дальневосточная,"Д-ВОСТ, ШЧ-9 (Э)","1шт ч(к учету 0,43ч)",,,Нарушение контакта штепсель/рельс,CSH,2024,0.0,"0,43ч",,,,,231 days 19:15:00,333795.0,224.0,614,0.6758544652701213
2,13500878,2024-08-21 05:40:00,Дальневосточная,"Д-ВОСТ, ШЧ-14 (Э)","1шт ч(к учету 0,33ч)",,,Сбой АЛС с задержкой поезда,CSH,2024,0.0,"0,33ч",,,,,232 days 08:12:00,334572.0,777.0,615,0.6769570011025359
2,13501944,2024-08-21 18:39:00,Дальневосточная,"Д-ВОСТ, ШЧ-14 (Э)","1шт ч(к учету 0,47ч)","1шт ч(к учету 0,13ч)","1шт ч(к учету 0,13)ч","Жилы, внутренний обрыв",CSH,2024,0.0,"0,47ч",0.0,"0,13ч",0.0,,232 days 21:11:00,335351.0,779.0,616,0.6780595369349504
3,13504981,2024-08-22 15:02:00,Дальневосточная,"Д-ВОСТ, ШЧ-3 (Э)",,,,"Нарушение контакта в штепсельных розетках, неисправность контактных губок",CSH,2024,,,,,,,233 days 17:34:00,336574.0,1223.0,617,0.679162072767365
2,13503606,2024-08-23 04:29:00,Дальневосточная,"Д-ВОСТ, ВЧДЭ-1 ХАБАРОВСК","2шт ч(к учету 0,43ч)",,,Неправильное включение режимов отпуска воздухораспределителя,CV,2024,0.0,"0,43ч",,,,,234 days 07:01:00,337381.0,807.0,618,0.6802646085997794
3,13504402,2024-08-23 13:00:00,Дальневосточная,"Д-ВОСТ, ШЧ-14 (Э)",,,,"Предохранитель FEU, неисправность",CSH,2024,,,,,,,234 days 15:32:00,337892.0,511.0,619,0.681367144432194
3,13504729,2024-08-24 06:24:00,Дальневосточная,"Д-ВОСТ, ШЧ-14 (Э)",,,,"Обрыв, коррозия металла",CSH,2024,,,,,,,235 days 08:56:00,338936.0,1044.0,620,0.6824696802646086
2,13505576,2024-08-25 05:27:00,Дальневосточная,"Д-ВОСТ, ШЧ-8 (Э)","5шт ч(к учету 3,28ч)","2шт ч(к учету 0,98ч)",,"Монтаж, нарушение изоляции",CSH,2024,3.0,"3,28ч",0.0,"0,98ч",,,236 days 07:59:00,340319.0,1383.0,621,0.6835722160970231
2,13506104,2024-08-25 19:55:00,Дальневосточная,"Д-ВОСТ, ВЧДЭ-1 ХАБАРОВСК","1шт ч(к учету 0,37ч)",,,Неправильное включение режимов отпуска воздухораспределителя,CV,2024,0.0,"0,37ч",,,,,236 days 22:27:00,341187.0,868.0,622,0.6846747519294377
2,13506201,2024-08-25 22:09:00,Дальневосточная,"Д-ВОСТ, ШЧ-4 (Р)","15шт ч(к учету 7,12ч)","3шт ч(к учету 0,62ч)","2шт ч(к учету 1,13)ч",Неисправность,CSH,2024,7.0,"7,12ч",0.0,"0,62ч",1.0,,237 days 00:41:00,341321.0,134.0,623,0.6857772877618522
1,13506456,2024-08-26 04:14:00,Дальневосточная,"Д-ВОСТ, ШЧ-14 (Э)","1шт ч(к учету 1,27ч)",,,"Срабатывание, несоответствие номинала",CSH,2024,1.0,"1,27ч",,,,,237 days 06:46:00,341686.0,365.0,624,0.6868798235942668
2,13506820,2024-08-26 07:04:00,Дальневосточная,"Д-ВОСТ, ШЧ-12 (Э)","1шт ч(к учету 0,33ч)",,,"Срабатывание (перегорание), атмосферные перенапряжения",CSH,2024,0.0,"0,33ч",,,,,237 days 09:36:00,341856.0,170.0,625,0.6879823594266814
1,13507060,2024-08-26 13:42:00,Дальневосточная,"Д-ВОСТ, ШЧ-3 (Э)","4шт ч(к учету 2,03ч)","2шт ч(к учету 0,4ч)",,"Срабатывание, несоответствие номинала",CSH,2024,2.0,"2,03ч",0.0,"0,4ч",,,237 days 16:14:00,342254.0,398.0,626,0.6890848952590959
2,13507532,2024-08-27 02:14:00,Дальневосточная,"Д-ВОСТ, ШЧ-3 (Э)","9шт ч(к учету 1,77ч)",,,Излом провода под гайкой,CSH,2024,1.0,"1,77ч",,,,,238 days 04:46:00,343006.0,752.0,627,0.6901874310915105
3,13507796,2024-08-27 08:38:00,Дальневосточная,"Д-ВОСТ, ШЧ-14 (Э)",,,,Неисправность болометра,CSH,2024,,,,,,,238 days 11:10:00,343390.0,384.0,628,0.6912899669239251
2,13508517,2024-08-27 14:18:00,Дальневосточная,"Д-ВОСТ, ШЧ-6 (Э)","3шт ч(к учету 0,98ч)",,,Неисправность,CSH,2024,0.0,"0,98ч",,,,,238 days 16:50:00,343730.0,340.0,629,0.6923925027563396
3,13511599,2024-08-28 00:40:00,Дальневосточная,"Д-ВОСТ, ШЧ-14 (Э)",,,,Отсутствие,CSH,2024,,,,,,,239 days 03:12:00,344352.0,622.0,630,0.6934950385887542
3,13510329,2024-08-28 13:51:00,Дальневосточная,"Д-ВОСТ, ШЧ-7 (Р)",,,,"Резистор, обрыв",CSH,2024,,,,,,,239 days 16:23:00,345143.0,791.0,631,0.6945975744211687
2,13509956,2024-08-28 17:34:00,Дальневосточная,"Д-ВОСТ, ШЧ-10 (Э)","1шт ч(к учету 0,27ч)",,,"Срабатывание, коммутационные перенапряжения",CSH,2024,0.0,"0,27ч",,,,,239 days 20:06:00,345366.0,223.0,632,0.6957001102535832
1,13510562,2024-08-29 11:25:00,Дальневосточная,"Д-ВОСТ, ШЧ-14 (Э)","3шт ч(к учету 1,53ч)","2шт ч(к учету 0,32ч)",,"Срабатывание, несоответствие номинала",CSH,2024,1.0,"1,53ч",0.0,"0,32ч",,,240 days 13:57:00,346437.0,1071.0,633,0.6968026460859978
2,13511394,2024-08-30 04:38:00,Дальневосточная,"Д-ВОСТ, ШЧ-9 (Э)","3шт ч(к учету 0,75ч)",,,Излом провода под гайкой,CSH,2024,0.0,"0,75ч",,,,,241 days 07:10:00,347470.0,1033.0,634,0.6979051819184123
3,13513668,2024-08-31 00:14:00,Дальневосточная,"Д-ВОСТ, ИЧ Ш САХАЛИН",,,,"Контактная система, подгар контактов",CSH,2024,,,,,,,242 days 02:46:00,348646.0,1176.0,635,0.6990077177508269
1,13512424,2024-08-31 03:17:00,Дальневосточная,"Д-ВОСТ, ШЧ-3 (Э)","9шт ч(к учету 4,55ч)",,,"Срабатывание, коммутационные перенапряжения",CSH,2024,4.0,"4,55ч",,,,,242 days 05:49:00,348829.0,183.0,636,0.7001102535832414
2,13512633,2024-08-31 10:02:00,Дальневосточная,"Д-ВОСТ, ВЧДЭ-1 ХАБАРОВСК","1шт ч(к учету 0,6ч)",,,Неправильное включение грузовых режимов торможения воздухораспределителя,CV,2024,0.0,"0,6ч",,,,,242 days 12:34:00,349234.0,405.0,637,0.701212789415656
3,13514126,2024-08-31 11:14:00,Дальневосточная,"Д-ВОСТ, ШЧ-12 (Э)",,,,Зависание ПО,CSH,2024,,,,,,,242 days 13:46:00,349306.0,72.0,638,0.7023153252480706
2,13512950,2024-08-31 22:00:00,Дальневосточная,"Д-ВОСТ, ШЧ-14 (Э)","1шт ч(к учету 0,37ч)",,,Деформация,CSH,2024,0.0,"0,37ч",,,,,243 days 00:32:00,349952.0,646.0,639,0.7034178610804851
2,13513386,2024-09-01 13:06:00,Дальневосточная,"Д-ВОСТ, ШЧ-7 (Р)","1шт ч(к учету 0,53ч)",,,"Лампы, перегорание основной нити",CSH,2024,0.0,"0,53ч",,,,,243 days 15:38:00,350858.0,906.0,640,0.7045203969128997
3,13513856,2024-09-01 13:30:00,Дальневосточная,"Д-ВОСТ, ШЧ-7 (Р)",,,,"Резистор, обрыв",CSH,2024,,,,,,,243 days 16:02:00,350882.0,24.0,641,0.7056229327453142
3,13513901,2024-09-02 07:20:00,Дальневосточная,"Д-ВОСТ, ШЧ-14 (Э)",,,,"Диод, пробой",CSH,2024,,,,,,,244 days 09:52:00,351952.0,1070.0,642,0.7067254685777288
3,13514154,2024-09-02 10:30:00,Дальневосточная,"Д-ВОСТ, ШЧ-8 (Э)",,,,"Срабатывание, воздействие тягового тока",CSH,2024,,,,,,,244 days 13:02:00,352142.0,190.0,643,0.7078280044101434
3,13515158,2024-09-03 03:20:00,Дальневосточная,"Д-ВОСТ, ШЧ-3 (Э)",,,,Неисправность петель связи,CSH,2024,,,,,,,245 days 05:52:00,353152.0,1010.0,644,0.7089305402425579
3,13515164,2024-09-03 04:08:00,Дальневосточная,"Д-ВОСТ, ШЧ-14 (Э)",,,,"Лампы, перегорание основной нити",CSH,2024,,,,,,,245 days 06:40:00,353200.0,48.0,645,0.7100330760749725
1,13516126,2024-09-03 11:28:00,Дальневосточная,"Д-ВОСТ, ШЧ-14 (Э)","3шт ч(к учету 2,32ч)",,,"Срабатывание, воздействие тягового тока",CSH,2024,2.0,"2,32ч",,,,,245 days 14:00:00,353640.0,440.0,646,0.7111356119073869
3,13516721,2024-09-03 14:45:00,Дальневосточная,"Д-ВОСТ, ШЧ-14 (Э)",,,,Касание закруток,CSH,2024,,,,,,,245 days 17:17:00,353837.0,197.0,647,0.7122381477398015
3,13519156,2024-09-04 15:00:00,Дальневосточная,"Д-ВОСТ, ШЧ-12 (Э)",,,,Просадка напряжения на питающей линии,CSH,2024,,,,,,,246 days 17:32:00,355292.0,1455.0,648,0.7133406835722161
3,13520826,2024-09-04 15:28:00,Дальневосточная,"Д-ВОСТ, ШЧ-12 (Э)",,,,Излом штепселя,CSH,2024,,,,,,,246 days 18:00:00,355320.0,28.0,649,0.7144432194046306
3,13519461,2024-09-04 16:30:00,Дальневосточная,"Д-ВОСТ, ШЧ-12 (Э)",,,,Излом штепселя,CSH,2024,,,,,,,246 days 19:02:00,355382.0,62.0,650,0.7155457552370452
2,13519742,2024-09-04 22:42:00,Дальневосточная,"Д-ВОСТ, ШЧ-14 (Э)","1шт ч(к учету 0,52ч)",,,"Стрелочный ОК, МОТ1, неисправность",CSH,2024,0.0,"0,52ч",,,,,247 days 01:14:00,355754.0,372.0,651,0.7166482910694597
2,13519829,2024-09-05 00:50:00,Дальневосточная,"Д-ВОСТ, ШЧ-14 (Э)","2шт ч(к учету 0,63ч)",,,"Светодиоды, неисправность",CSH,2024,0.0,"0,63ч",,,,,247 days 03:22:00,355882.0,128.0,652,0.7177508269018743
2,13523230,2024-09-06 06:15:00,Дальневосточная,"Д-ВОСТ, ШЧ-14 (Э)","2шт ч(к учету 1,1ч)",,,Обрыв обмотки блока фазного,CSH,2024,1.0,"1,1ч",,,,,248 days 08:47:00,357647.0,1765.0,653,0.7188533627342889
2,13522698,2024-09-06 07:54:00,Дальневосточная,"Д-ВОСТ, ШЧ-2 (Э)",,"3шт (к учету 2) ч(к учету 0,62ч)",,"Срабатывание, коммутационные перенапряжения",CSH,2024,,,2.0,"0,62ч",,,248 days 10:26:00,357746.0,99.0,654,0.7199558985667034
2,13522942,2024-09-06 09:43:00,Дальневосточная,"Д-ВОСТ, ШЧ-4 (Р)",,"1шт ч(к учету 0,4ч)","1шт ч(к учету 0,22)ч","Контактная система, увеличенное сопротивление",CSH,2024,,,0.0,"0,4ч",0.0,,248 days 12:15:00,357855.0,109.0,655,0.721058434399118
3,13535596,2024-09-06 09:55:00,Дальневосточная,"Д-ВОСТ, ВЧДЭ-1 ХАБАРОВСК","1шт ч(к учету 0,18ч)",,,Неисправность тормозного цилиндра грузового вагона,CV,2024,0.0,"0,18ч",,,,,248 days 12:27:00,357867.0,12.0,656,0.7221609702315325
2,13523849,2024-09-06 14:44:00,Дальневосточная,"Д-ВОСТ, ШЧ-3 (Э)","11шт (к учету 8) ч(к учету 4,22ч)",,,"Срабатывание, несоответствие номинала",CSH,2024,8.0,"4,22ч",,,,,248 days 17:16:00,358156.0,289.0,657,0.7232635060639471
3,13525477,2024-09-07 01:45:00,Дальневосточная,"Д-ВОСТ, ШЧ-12 (Э)",,,,"Срабатывание, несоответствие номинала",CSH,2024,,,,,,,249 days 04:17:00,358817.0,661.0,658,0.7243660418963617
3,13526606,2024-09-07 03:45:00,Дальневосточная,"Д-ВОСТ, ШЧ-3 (Э)",,,,Закорачивание РЦ касание тросов рельса,CSH,2024,,,,,,,249 days 06:17:00,358937.0,120.0,659,0.7254685777287762
1,13524752,2024-09-07 08:14:00,Дальневосточная,"Д-ВОСТ, ШЧ-14 (Э)","1шт ч(к учету 1,07ч)",,,Деформация,CSH,2024,1.0,"1,07ч",,,,,249 days 10:46:00,359206.0,269.0,660,0.7265711135611908
3,13529902,2024-09-08 07:15:00,Дальневосточная,"Д-ВОСТ, ШЧ-12 (Э)",,,,"Конденсатор, снижение емкости конденсатора",CSH,2024,,,,,,,250 days 09:47:00,360587.0,1381.0,661,0.7276736493936052
3,13525804,2024-09-08 15:00:00,Дальневосточная,"Д-ВОСТ, ШЧ-14 (Э)",,,,Нарушение контакта наконечник/вывод ДТ,CSH,2024,,,,,,,250 days 17:32:00,361052.0,465.0,662,0.7287761852260198
2,13525893,2024-09-08 21:50:00,Дальневосточная,"Д-ВОСТ, ШЧ-12 (Э)","4шт ч(к учету 1,08ч)",,,"Срабатывание (перегорание), атмосферные перенапряжения",CSH,2024,1.0,"1,08ч",,,,,251 days 00:22:00,361462.0,410.0,663,0.7298787210584344
2,13526412,2024-09-09 07:44:00,Дальневосточная,"Д-ВОСТ, ШЧ-2 (Э)","1шт ч(к учету 0,35ч)","1шт ч(к учету 0,15ч)",,"Нарушение контакта в штепсельных розетках, неисправность контактных губок",CSH,2024,0.0,"0,35ч",0.0,"0,15ч",,,251 days 10:16:00,362056.0,594.0,664,0.7309812568908489
2,13528770,2024-09-10 08:04:00,Дальневосточная,"Д-ВОСТ, ШЧ-6 (Э)","1шт ч(к учету 0,35ч)",,,"Контактная система, увеличенное сопротивление контакта",CSH,2024,0.0,"0,35ч",,,,,252 days 10:36:00,363516.0,1460.0,665,0.7320837927232635
3,13528829,2024-09-10 09:15:00,Дальневосточная,"Д-ВОСТ, ВЧДЭ-1 ХАБАРОВСК",,,,Несоответствие момента затяжки накидной гайки установленному нормативу,CV,2024,,,,,,,252 days 11:47:00,363587.0,71.0,666,0.7331863285556781
1,13530536,2024-09-10 15:35:00,Дальневосточная,"Д-ВОСТ, ШЧ-8 (Э)","9шт ч(к учету 8,45ч)",,,Обрыв монтажного провода,CSH,2024,8.0,"8,45ч",,,,,252 days 18:07:00,363967.0,380.0,667,0.7342888643880926
2,13531471,2024-09-11 10:04:00,Дальневосточная,"Д-ВОСТ, ШЧ-14 (Э)","1шт ч(к учету 0,52ч)","1шт ч(к учету 0,18ч)",,"Нарушение контакта в разъемах блоков, неисправность контактных губок",CSH,2024,0.0,"0,52ч",0.0,"0,18ч",,,253 days 12:36:00,365076.0,1109.0,668,0.7353914002205072
3,13531532,2024-09-11 10:25:00,Дальневосточная,"Д-ВОСТ, ШЧ-13 (Э)",,,,Нарушение количества охлаждающей жидкости,CSH,2024,,,,,,,253 days 12:57:00,365097.0,21.0,669,0.7364939360529217
2,13534912,2024-09-12 16:44:00,Дальневосточная,"Д-ВОСТ, ШЧ-2 (Э)",,"1шт ч(к учету 0,1ч)",,"Диод, обрыв",CSH,2024,,,0.0,"0,1ч",,,254 days 19:16:00,366916.0,1819.0,670,0.7375964718853363
3,13535185,2024-09-12 21:27:00,Дальневосточная,"Д-ВОСТ, ШЧ-9 (Э)",,,,"Внутренний монтаж, неисправность микросхемы",CSH,2024,,,,,,,254 days 23:59:00,367199.0,283.0,671,0.7386990077177509
3,13537200,2024-09-13 23:30:00,Дальневосточная,"Д-ВОСТ, ШЧ-2 (Э)",,,,"Срабатывание, атмосферные перенапряжения",CSH,2024,,,,,,,256 days 02:02:00,368762.0,1563.0,672,0.7398015435501654
2,13537204,2024-09-14 03:42:00,Дальневосточная,"Д-ВОСТ, ШЧ-2 (Э)","4шт ч(к учету 1,02ч)",,,"Короткое замыкание, металлической стружкой, проволокой в стыке",CSH,2024,1.0,"1,02ч",,,,,256 days 06:14:00,369014.0,252.0,673,0.74090407938258
2,13538150,2024-09-15 07:08:00,Дальневосточная,"Д-ВОСТ, ВЧДЭ-1 ХАБАРОВСК","1шт ч(к учету 0,62ч)",,,Неправильное включение режимов отпуска воздухораспределителя,CV,2024,0.0,"0,62ч",,,,,257 days 09:40:00,370660.0,1646.0,674,0.7420066152149944
2,13538210,2024-09-15 08:19:00,Дальневосточная,"Д-ВОСТ, ШЧ-8 (Э)","4шт ч(к учету 2,48ч)",,,Отсутствие,CSH,2024,2.0,"2,48ч",,,,,257 days 10:51:00,370731.0,71.0,675,0.743109151047409
2,13538443,2024-09-15 14:49:00,Дальневосточная,"Д-ВОСТ, ШЧ-2 (Э)","8шт ч(к учету 2,5ч)",,,Потеря контакта в соединениях датчика,CSH,2024,2.0,"2,5ч",,,,,257 days 17:21:00,371121.0,390.0,676,0.7442116868798236
2,13538573,2024-09-15 17:35:00,Дальневосточная,"Д-ВОСТ, ШЧ-2 (Э)","11шт (к учету 8) ч(к учету 3,75ч)",,,"Срабатывание, воздействие тягового тока",CSH,2024,8.0,"3,75ч",,,,,257 days 20:07:00,371287.0,166.0,677,0.7453142227122381
2,13545671,2024-09-16 21:43:00,Дальневосточная,"Д-ВОСТ, ШЧ-3 (Э)","7шт ч(к учету 2,98ч)",,,Потеря контакта на посту,CSH,2024,2.0,"2,98ч",,,,,259 days 00:15:00,372975.0,1688.0,678,0.7464167585446527
2,13540321,2024-09-17 04:28:00,Дальневосточная,"Д-ВОСТ, ШЧ-2 (Э)","6шт (к учету 5) ч(к учету 1,77ч)","1шт ч(к учету 0,15ч)",,"Срабатывание, коммутационные перенапряжения",CSH,2024,5.0,"1,77ч",0.0,"0,15ч",,,259 days 07:00:00,373380.0,405.0,679,0.7475192943770672
2,13542062,2024-09-18 03:23:00,Дальневосточная,"Д-ВОСТ, ШЧ-2 (Э)","3шт ч(к учету 0,55ч)",,,"Срабатывание, воздействие тягового тока",CSH,2024,0.0,"0,55ч",,,,,260 days 05:55:00,374755.0,1375.0,680,0.7486218302094818
3,13542897,2024-09-18 11:58:00,Дальневосточная,"Д-ВОСТ, ШЧ-7 (Р)","2шт ч(к учету 0,13ч)",,,"Срабатывание (перегорание), воздействие тягового тока",CSH,2024,0.0,"0,13ч",,,,,260 days 14:30:00,375270.0,515.0,681,0.7497243660418964
3,13543020,2024-09-18 12:06:00,Дальневосточная,"Д-ВОСТ, ШЧ-14 (Э)",,,,"Срабатывание (перегорание), несоответствие номинала",CSH,2024,,,,,,,260 days 14:38:00,375278.0,8.0,682,0.7508269018743109
3,13544081,2024-09-19 03:53:00,Дальневосточная,"Д-ВОСТ, ВЧДЭ-1 ХАБАРОВСК",,,,Неплотность тормозной магистрали грузового вагона,CV,2024,,,,,,,261 days 06:25:00,376225.0,947.0,683,0.7519294377067255
2,13545634,2024-09-20 07:00:00,Дальневосточная,"Д-ВОСТ, ШЧ-3 (Э)","1шт ч(к учету 0,65ч)",,,"Жилы, внутренний обрыв",CSH,2024,0.0,"0,65ч",,,,,262 days 09:32:00,377852.0,1627.0,684,0.75303197353914
3,13546418,2024-09-20 20:05:00,Дальневосточная,"Д-ВОСТ, ШЧ-2 (Э)",,,,"Обрыв троса, при путевых работах",CSH,2024,,,,,,,262 days 22:37:00,378637.0,785.0,685,0.7541345093715546
3,13549970,2024-09-20 23:54:00,Дальневосточная,"Д-ВОСТ, ШЧ-13 (Э)",,,,"Фрикционное сцепление, нарушение регулировки усилия перевода",CSH,2024,,,,,,,263 days 02:26:00,378866.0,229.0,686,0.7552370452039692
3,13546815,2024-09-21 06:30:00,Дальневосточная,"Д-ВОСТ, ШЧ-14 (Э)",,,,Отсутствие,CSH,2024,,,,,,,263 days 09:02:00,379262.0,396.0,687,0.7563395810363837
2,13547193,2024-09-21 16:16:00,Дальневосточная,"Д-ВОСТ, ШЧ-9 (Э)","1шт ч(к учету 0,3ч)",,,"Ламподержатель, нарушение контакта",CSH,2024,0.0,"0,3ч",,,,,263 days 18:48:00,379848.0,586.0,688,0.7574421168687983
3,13547882,2024-09-22 11:03:00,Дальневосточная,"Д-ВОСТ, ШЧ-14 (Э)",,,,"Срабатывание, нарушение контакта штепсельного разъема, нарушение контакта",CSH,2024,,,,,,,264 days 13:35:00,380975.0,1127.0,689,0.7585446527012127
3,13552863,2024-09-22 20:37:00,Дальневосточная,"Д-ВОСТ, ШЧ-2 (Э)",,,,Нарушение контакта штепсель/рельс,CSH,2024,,,,,,,264 days 23:09:00,381549.0,574.0,690,0.7596471885336273
3,13557653,2024-09-24 06:18:00,Дальневосточная,"Д-ВОСТ, ШЧ-8 (Э)","1шт ч(к учету 0,18ч)",,,"Контактная система, подгар контактов",CSH,2024,0.0,"0,18ч",,,,,266 days 08:50:00,383570.0,2021.0,691,0.7607497243660419
3,13550314,2024-09-24 07:36:00,Дальневосточная,"Д-ВОСТ, ШЧ-6 (Э)",,,,Нарушение регулировочного режима,CSH,2024,,,,,,,266 days 10:08:00,383648.0,78.0,692,0.7618522601984564
3,13551050,2024-09-24 19:40:00,Дальневосточная,"Д-ВОСТ, ШЧ-8 (Э)",,,,"Обрыв, некачественная приварка к рельсу",CSH,2024,,,,,,,266 days 22:12:00,384372.0,724.0,693,0.762954796030871
3,13551885,2024-09-25 10:46:00,Дальневосточная,"Д-ВОСТ, ШЧ-13 (Э)",,,,"Неисправность питания: ВИП 150/24, ВИП 2000/220, автоматический выключатель (крейт), прима",CSH,2024,,,,,,,267 days 13:18:00,385278.0,906.0,694,0.7640573318632855
3,13552457,2024-09-25 13:53:00,Дальневосточная,"Д-ВОСТ, ШЧ-10 (Э)",,,,"Нарушение контакта в клеммных колодках (резьб), плохой контакт",CSH,2024,,,,,,,267 days 16:25:00,385465.0,187.0,695,0.7651598676957001
3,13552861,2024-09-26 03:09:00,Дальневосточная,"Д-ВОСТ, ШЧ-14 (Э)",,,,Зависание ПО,CSH,2024,,,,,,,268 days 05:41:00,386261.0,796.0,696,0.7662624035281147
3,13553357,2024-09-26 09:23:00,Дальневосточная,"Д-ВОСТ, ШЧ-14 (Э)",,,,Ослабление затяжки болтов,CSH,2024,,,,,,,268 days 11:55:00,386635.0,374.0,697,0.7673649393605292
2,13553613,2024-09-26 12:50:00,Дальневосточная,"Д-ВОСТ, ШЧ-10 (Э)","1шт ч(к учету 0,72ч)",,,Обрыв перемычки,CSH,2024,0.0,"0,72ч",,,,,268 days 15:22:00,386842.0,207.0,698,0.7684674751929438
3,13557447,2024-09-27 03:00:00,Дальневосточная,"Д-ВОСТ, ШЧ-8 (Э)","2шт ч(к учету 0,32ч)",,,"Контакторы, несоответствие напряжения сети напряжению на втягивающей катушке",CSH,2024,0.0,"0,32ч",,,,,269 days 05:32:00,387692.0,850.0,699,0.7695700110253583
1,13555756,2024-09-28 02:15:00,Дальневосточная,"Д-ВОСТ, ШЧ-13 (Э)","2шт ч(к учету 5,3ч)",,,Зависание ПО,CSH,2024,5.0,"5,3ч",,,,,270 days 04:47:00,389087.0,1395.0,700,0.7706725468577729
3,13555852,2024-09-28 06:23:00,Дальневосточная,"Д-ВОСТ, ШЧ-3 (Э)",,,,"Нарушение контакта в штепсельных розетках, неисправность контактных губок",CSH,2024,,,,,,,270 days 08:55:00,389335.0,248.0,701,0.7717750826901875
3,13556072,2024-09-28 13:00:00,Дальневосточная,"Д-ВОСТ, ШЧ-10 (Э)",,,,Обрыв монтажного провода,CSH,2024,,,,,,,270 days 15:32:00,389732.0,397.0,702,0.772877618522602
1,13556560,2024-09-29 04:43:00,Дальневосточная,"Д-ВОСТ, ШЧ-13 (Э)","25шт (к учету 18) ч(к учету 14,25ч)",,,Неисправность модуля управления МУ,CSH,2024,18.0,"14,25ч",,,,,271 days 07:15:00,390675.0,943.0,703,0.7739801543550165
3,13560934,2024-09-29 14:24:00,Дальневосточная,"Д-ВОСТ, ШЧ-8 (Э)",,,,Неисправность,CSH,2024,,,,,,,271 days 16:56:00,391256.0,581.0,704,0.7750826901874311
2,13557137,2024-09-29 20:20:00,Дальневосточная,"Д-ВОСТ, ШЧ-14 (Э)","2шт ч(к учету 0,97ч)",,,"Срабатывание, несоответствие номинала",CSH,2024,0.0,"0,97ч",,,,,271 days 22:52:00,391612.0,356.0,705,0.7761852260198456
2,13558983,2024-10-01 08:47:00,Дальневосточная,"Д-ВОСТ, ШЧ-2 (Э)","2шт ч(к учету 0,53ч)",,,"Срабатывание, воздействие тягового тока",CSH,2024,0.0,"0,53ч",,,,,273 days 11:19:00,393799.0,2187.0,706,0.7772877618522602
3,13559067,2024-10-01 08:50:00,Дальневосточная,"Д-ВОСТ, ШЧ-10 (Э)",,,,Ослабление затяжки болтов,CSH,2024,,,,,,,273 days 11:22:00,393802.0,3.0,707,0.7783902976846747
2,13559370,2024-10-01 11:40:00,Дальневосточная,"Д-ВОСТ, ШЧ-2 (Э)","3шт ч(к учету 0,63ч)",,,"Контактная система, увеличенное сопротивление контакта",CSH,2024,0.0,"0,63ч",,,,,273 days 14:12:00,393972.0,170.0,708,0.7794928335170893
2,13560518,2024-10-02 02:18:00,Дальневосточная,"Д-ВОСТ, ШЧ-6 (Э)","11шт ч(к учету 4,35ч)",,,"Автопереключатель, разрегулировка контактов",CSH,2024,4.0,"4,35ч",,,,,274 days 04:50:00,394850.0,878.0,709,0.7805953693495039
2,13562790,2024-10-03 05:24:00,Дальневосточная,"Д-ВОСТ, ВЧДЭ-1 ХАБАРОВСК","14шт ч(к учету 8,32ч)",,,"Отверстие диаметром 0,9 мм в гайке усл. № 483.028 больше или меньше нормы/засорено",CV,2024,8.0,"8,32ч",,,,,275 days 07:56:00,396476.0,1626.0,710,0.7816979051819184
2,13565200,2024-10-04 07:35:00,Дальневосточная,"Д-ВОСТ, ШЧ-2 (Э)","1шт ч(к учету 0,6ч)",,,"Срабатывание, воздействие тягового тока",CSH,2024,0.0,"0,6ч",,,,,276 days 10:07:00,398047.0,1571.0,711,0.782800441014333
1,13566256,2024-10-04 12:12:00,Дальневосточная,"Д-ВОСТ, ТЧЭ-8",23шт (к учету 17) ч(к учету 23ч),,"3шт (к учету 2) ч(к учету 0,75)ч",Излом (срез) шкворня тележки грузового вагона,CT,2024,17.0,,,,2.0,,276 days 14:44:00,398324.0,277.0,712,0.7839029768467475
3,13569250,2024-10-06 00:30:00,Дальневосточная,"Д-ВОСТ, ШЧ-10 (Э)",,,,"Светодиоды, неисправность",CSH,2024,,,,,,,278 days 03:02:00,400502.0,2178.0,713,0.7850055126791621
3,13569266,2024-10-06 05:10:00,Дальневосточная,"Д-ВОСТ, ШЧ-10 (Э)",,,,"Контактная система, потеря контакта",CSH,2024,,,,,,,278 days 07:42:00,400782.0,280.0,714,0.7861080485115767
3,13568373,2024-10-06 23:20:00,Дальневосточная,"Д-ВОСТ, ШЧ-10 (Э)",,,,"Ключ-жезл в т.ч. с электрозащелкой, переходное сопротивление в контактах",CSH,2024,,,,,,,279 days 01:52:00,401872.0,1090.0,715,0.7872105843439912
2,13568542,2024-10-07 02:24:00,Дальневосточная,"Д-ВОСТ, ВЧДЭ-1 ХАБАРОВСК","5шт (к учету 4) ч(к учету 2,63ч)",,,Несоответствие момента затяжки накидной гайки установленному нормативу,CV,2024,4.0,"2,63ч",,,,,279 days 04:56:00,402056.0,184.0,716,0.7883131201764058
2,13572748,2024-10-07 10:57:00,Дальневосточная,"Д-ВОСТ, ШЧ-7 (Р)","4шт ч(к учету 2,58ч)",,,"Конденсатор, обрыв конденсатора",CSH,2024,2.0,"2,58ч",,,,,279 days 13:29:00,402569.0,513.0,717,0.7894156560088202
2,13570344,2024-10-08 01:52:00,Дальневосточная,"Д-ВОСТ, ШЧ-3 (Э)","2шт ч(к учету 0,52ч)",,,"Нарушение контакта в разъемах блоков, неисправность контактных губок",CSH,2024,0.0,"0,52ч",,,,,280 days 04:24:00,403464.0,895.0,718,0.7905181918412348
2,13570359,2024-10-08 02:41:00,Дальневосточная,"Д-ВОСТ, ШЧ-13 (Э)","2шт ч(к учету 0,68ч)",,,"Изоляция, понижение сопротивления",CSH,2024,0.0,"0,68ч",,,,,280 days 05:13:00,403513.0,49.0,719,0.7916207276736494
2,13570549,2024-10-08 06:19:00,Дальневосточная,"Д-ВОСТ, ШЧ-14 (Э)",,"1шт ч(к учету 0,18ч)",,Неисправность,CSH,2024,,,0.0,"0,18ч",,,280 days 08:51:00,403731.0,218.0,720,0.7927232635060639
2,13571387,2024-10-08 08:02:00,Дальневосточная,"Д-ВОСТ, ШЧ-9 (Э)","1шт ч(к учету 0,33ч)",,,"Жилы, внутренний обрыв",CSH,2024,0.0,"0,33ч",,,,,280 days 10:34:00,403834.0,103.0,721,0.7938257993384785
3,13574880,2024-10-09 19:18:00,Дальневосточная,"Д-ВОСТ, ШЧ-14 (Э)",,,,"Диод, пробой",CSH,2024,,,,,,,281 days 21:50:00,405950.0,2116.0,722,0.794928335170893
3,13575046,2024-10-10 05:45:00,Дальневосточная,"Д-ВОСТ, ШЧ-3 (Э)",,,,"Нарушение контакта в разъемах блоков, неисправность контактных губок",CSH,2024,,,,,,,282 days 08:17:00,406577.0,627.0,723,0.7960308710033076
2,13576978,2024-10-11 00:13:00,Дальневосточная,"Д-ВОСТ, ШЧ-2 (Э)","2шт ч(к учету 0,5ч)",,,Нарушение контакта штепсель/рельс,CSH,2024,0.0,"0,5ч",,,,,283 days 02:45:00,407685.0,1108.0,724,0.7971334068357222
2,13577227,2024-10-11 05:25:00,Дальневосточная,"Д-ВОСТ, ВЧДЭ-1 ХАБАРОВСК","1шт ч(к учету 0,75ч)",,,Отсутствие чеки тормозной колодки грузового вагона,CV,2024,0.0,"0,75ч",,,,,283 days 07:57:00,407997.0,312.0,725,0.7982359426681367
3,13578622,2024-10-11 20:25:00,Дальневосточная,"Д-ВОСТ, ШЧ-9 (Э)",,,,"Стрелочный ОК, программное обеспечение, сбой",CSH,2024,,,,,,,283 days 22:57:00,408897.0,900.0,726,0.7993384785005513
3,13579752,2024-10-13 02:03:00,Дальневосточная,"Д-ВОСТ, ВЧДЭ-4 УССУРИЙСК",,,,Перекос тележки грузового вагона,CV,2024,,,,,,,285 days 04:35:00,410675.0,1778.0,727,0.8004410143329658
2,13579799,2024-10-13 02:33:00,Дальневосточная,"Д-ВОСТ, ШЧ-6 (Э)","4шт ч(к учету 1,52ч)",,,"Автопереключатель, разрегулировка контактов",CSH,2024,1.0,"1,52ч",,,,,285 days 05:05:00,410705.0,30.0,728,0.8015435501653804
3,13579558,2024-10-13 11:57:00,Дальневосточная,"Д-ВОСТ, ШЧ-13 (Э)",,,,Снижение емкости ниже номинальной,CSH,2024,,,,,,,285 days 14:29:00,411269.0,564.0,729,0.802646085997795
3,13580334,2024-10-13 16:05:00,Дальневосточная,"Д-ВОСТ, ШЧ-14 (Э)",,,,"Диод, пробой",CSH,2024,,,,,,,285 days 18:37:00,411517.0,248.0,730,0.8037486218302095
3,13580800,2024-10-14 04:57:00,Дальневосточная,"Д-ВОСТ, ВЧДЭ-1 ХАБАРОВСК",,,,Неправильное включение грузовых режимов торможения воздухораспределителя,CV,2024,,,,,,,286 days 07:29:00,412289.0,772.0,731,0.804851157662624
3,13581585,2024-10-14 14:02:00,Дальневосточная,"Д-ВОСТ, ШЧ-14 (Э)",,,,Неисправность напольной камеры,CSH,2024,,,,,,,286 days 16:34:00,412834.0,545.0,732,0.8059536934950385
1,13581714,2024-10-14 14:30:00,Дальневосточная,"Д-ВОСТ, ШЧ-10 (Э)","4шт ч(к учету 2,73ч)",,,Нарушение контакта штепсель/рельс,CSH,2024,2.0,"2,73ч",,,,,286 days 17:02:00,412862.0,28.0,733,0.8070562293274531
3,13581976,2024-10-14 17:46:00,Дальневосточная,"Д-ВОСТ, ШЧ-12 (Э)",,,,"Срабатывание, атмосферные перенапряжения",CSH,2024,,,,,,,286 days 20:18:00,413058.0,196.0,734,0.8081587651598677
1,13582687,2024-10-15 08:20:00,Дальневосточная,"Д-ВОСТ, ШЧ-14 (Э)","1шт ч(к учету 2,33ч)",,,"Обмотка, обрыв",CSH,2024,2.0,"2,33ч",,,,,287 days 10:52:00,413932.0,874.0,735,0.8092613009922822
3,13584260,2024-10-16 04:40:00,Дальневосточная,"Д-ВОСТ, ШЧ-14 (Э)",,,,"Конденсатор, снижение емкости конденсатора",CSH,2024,,,,,,,288 days 07:12:00,415152.0,1220.0,736,0.8103638368246968
2,13584692,2024-10-16 11:03:00,Дальневосточная,"Д-ВОСТ, ШЧ-4 (Р)","2шт (к учету 1) ч(к учету 0,63ч)",,,"Контактная система, увеличенное сопротивление контакта",CSH,2024,1.0,"0,63ч",,,,,288 days 13:35:00,415535.0,383.0,737,0.8114663726571113
3,13584932,2024-10-16 13:40:00,Дальневосточная,"Д-ВОСТ, ШЧ-3 (Э)",,,,Нарушение контакта наконечник/вывод ДТ,CSH,2024,,,,,,,288 days 16:12:00,415692.0,157.0,738,0.8125689084895259
3,13585212,2024-10-16 18:11:00,Дальневосточная,"Д-ВОСТ, ИЧ Ш САХАЛИН",,,,Короткое замыкание пластин,CSH,2024,,,,,,,288 days 20:43:00,415963.0,271.0,739,0.8136714443219405
2,13585479,2024-10-17 02:34:00,Дальневосточная,"Д-ВОСТ, ШЧ-14 (Э)","2шт ч(к учету 1,12ч)",,,Неисправность устройства сопряжения с объектами,CSH,2024,1.0,"1,12ч",,,,,289 days 05:06:00,416466.0,503.0,740,0.814773980154355
3,13586046,2024-10-17 08:38:00,Дальневосточная,"Д-ВОСТ, ШЧ-3 (Э)",,,,"Жилы, обрыв",CSH,2024,,,,,,,289 days 11:10:00,416830.0,364.0,741,0.8158765159867696
2,13586210,2024-10-17 12:07:00,Дальневосточная,"Д-ВОСТ, ШЧ-8 (Э)","1шт ч(к учету 0,32ч)","1шт ч(к учету 0,1ч)","1шт ч(к учету 0,28)ч",Плата,CSH,2024,0.0,"0,32ч",0.0,"0,1ч",0.0,,289 days 14:39:00,417039.0,209.0,742,0.8169790518191842
2,13587032,2024-10-18 06:08:00,Дальневосточная,"Д-ВОСТ, ШЧ-14 (Э)","9шт (к учету 7) ч(к учету 4,88ч)",,,Механические повреждения посторонними лицами,CSH,2024,7.0,"4,88ч",,,,,290 days 08:40:00,418120.0,1081.0,743,0.8180815876515987
3,13587715,2024-10-18 14:07:00,Дальневосточная,"Д-ВОСТ, ШЧ-2 (Э)",,,,Сбой АЛС с задержкой поезда,CSH,2024,,,,,,,290 days 16:39:00,418599.0,479.0,744,0.8191841234840133
3,13588287,2024-10-19 03:01:00,Дальневосточная,"Д-ВОСТ, ШЧ-3 (Э)",,,,Нарушение контакта штепсель/рельс,CSH,2024,,,,,,,291 days 05:33:00,419373.0,774.0,745,0.8202866593164277
3,13588355,2024-10-19 05:56:00,Дальневосточная,"Д-ВОСТ, ШЧ-4 (Р)",,,,"Внутренний монтаж, короткое замыкание",CSH,2024,,,,,,,291 days 08:28:00,419548.0,175.0,746,0.8213891951488423
3,13588648,2024-10-19 10:38:00,Дальневосточная,"Д-ВОСТ, ШЧ-14 (Э)",,,,Обрыв,CSH,2024,,,,,,,291 days 13:10:00,419830.0,282.0,747,0.8224917309812569
3,13588647,2024-10-19 11:31:00,Дальневосточная,"Д-ВОСТ, ШЧ-14 (Э)",,,,"Жилы, обрыв",CSH,2024,,,,,,,291 days 14:03:00,419883.0,53.0,748,0.8235942668136714
2,13588804,2024-10-19 15:59:00,Дальневосточная,"Д-ВОСТ, ШЧ-12 (Э)","1шт ч(к учету 0,6ч)","1шт ч(к учету 0,13ч)",,"Срабатывание, воздействие тягового тока",CSH,2024,0.0,"0,6ч",0.0,"0,13ч",,,291 days 18:31:00,420151.0,268.0,749,0.824696802646086
3,13589884,2024-10-21 02:03:00,Дальневосточная,"Д-ВОСТ, ШЧ-2 (Э)",,,,"Лампы, перегорание основной нити",CSH,2024,,,,,,,293 days 04:35:00,422195.0,2044.0,750,0.8257993384785005
3,13598540,2024-10-21 04:00:00,Дальневосточная,"Д-ВОСТ, ШЧ-3 (Э)","1шт ч(к учету 0,05ч)",,,Сбой АЛС с задержкой поезда,CSH,2024,0.0,"0,05ч",,,,,293 days 06:32:00,422312.0,117.0,751,0.8269018743109151
2,13590045,2024-10-21 07:05:00,Дальневосточная,"Д-ВОСТ, ШЧ-2 (Э)","7шт ч(к учету 2,43ч)",,,"Нарушение контакта в штепсельных розетках, неисправность контактных губок",CSH,2024,2.0,"2,43ч",,,,,293 days 09:37:00,422497.0,185.0,752,0.8280044101433297
3,13590929,2024-10-21 22:07:00,Дальневосточная,"Д-ВОСТ, ШЧ-2 (Э)",,,,"Лампы, перегорание основной нити",CSH,2024,,,,,,,294 days 00:39:00,423399.0,902.0,753,0.8291069459757442
3,13592166,2024-10-22 18:20:00,Дальневосточная,"Д-ВОСТ, ШЧ-14 (Э)",,,,"Контактная система, потеря контакта",CSH,2024,,,,,,,294 days 20:52:00,424612.0,1213.0,754,0.8302094818081588
3,13593246,2024-10-23 13:35:00,Дальневосточная,"Д-ВОСТ, ШЧ-3 (Э)",,,,Нарушение изоляции,CSH,2024,,,,,,,295 days 16:07:00,425767.0,1155.0,755,0.8313120176405733
3,13594945,2024-10-25 06:00:00,Дальневосточная,"Д-ВОСТ, ШЧ-14 (Э)",,,,Нарушение контакта штепсель/рельс,CSH,2024,,,,,,,297 days 08:32:00,428192.0,2425.0,756,0.8324145534729879
3,13595197,2024-10-25 09:56:00,Дальневосточная,"Д-ВОСТ, ШЧ-2 (Э)",,,,Сбой АЛС с задержкой поезда,CSH,2024,,,,,,,297 days 12:28:00,428428.0,236.0,757,0.8335170893054025
2,13595331,2024-10-25 10:11:00,Дальневосточная,"Д-ВОСТ, ТЧЭ-6",2шт ч(к учету 1ч),,,Запесочивание головок рельса,CT,2024,1.0,,,,,,297 days 12:43:00,428443.0,15.0,758,0.834619625137817
2,13595405,2024-10-25 13:17:00,Дальневосточная,"Д-ВОСТ, ШЧ-14 (Э)","2шт ч(к учету 1,27ч)","2шт (к учету 1) ч(к учету 0,33ч)",,Закорачивание РЦ касание тросов рельса,CSH,2024,1.0,"1,27ч",1.0,"0,33ч",,,297 days 15:49:00,428629.0,186.0,759,0.8357221609702316
2,13596283,2024-10-26 12:10:00,Дальневосточная,"Д-ВОСТ, ШЧ-8 (Э)","8шт ч(к учету 2,13ч)",,"2шт ч(к учету 0,45)ч",Сообщение,CSH,2024,2.0,"2,13ч",,,0.0,,298 days 14:42:00,430002.0,1373.0,760,0.836824696802646
3,13596437,2024-10-26 23:51:00,Дальневосточная,"Д-ВОСТ, ШЧ-12 (Э)",,,,"Срабатывание, коммутационные перенапряжения",CSH,2024,,,,,,,299 days 02:23:00,430703.0,701.0,761,0.8379272326350606
2,13596594,2024-10-27 04:05:00,Дальневосточная,"Д-ВОСТ, ШЧ-3 (Э)","19шт (к учету 18) ч(к учету 7,12ч)","2шт (к учету 1) ч(к учету 0,3ч)",,"Жилы, внутренний обрыв",CSH,2024,18.0,"7,12ч",1.0,"0,3ч",,,299 days 06:37:00,430957.0,254.0,762,0.8390297684674752
3,13596627,2024-10-27 08:31:00,Дальневосточная,"Д-ВОСТ, ШЧ-14 (Э)",,,,"Модем связи, неисправность",CSH,2024,,,,,,,299 days 11:03:00,431223.0,266.0,763,0.8401323042998897
1,13596301,2024-10-27 16:26:00,Дальневосточная,"Д-ВОСТ, ШЧ-13 (Э)","3шт ч(к учету 2,83ч)",,,Неисправность приёмника,CSH,2024,2.0,"2,83ч",,,,,299 days 18:58:00,431698.0,475.0,764,0.8412348401323043
3,13597131,2024-10-27 19:00:00,Дальневосточная,"Д-ВОСТ, ШЧ-2 (Э)",,,,"Изоляция, понижение сопротивления",CSH,2024,,,,,,,299 days 21:32:00,431852.0,154.0,765,0.8423373759647188
3,13597032,2024-10-27 19:10:00,Дальневосточная,"Д-ВОСТ, ШЧ-9 (Э)",,,,Нарушение контакта штепсель/рельс,CSH,2024,,,,,,,299 days 21:42:00,431862.0,10.0,766,0.8434399117971334
1,13597098,2024-10-27 22:05:00,Дальневосточная,"Д-ВОСТ, ШЧ-14 (Э)","4шт ч(к учету 7,77ч)","1шт ч(к учету 0,1ч)",,"Срабатывание, коммутационные перенапряжения",CSH,2024,7.0,"7,77ч",0.0,"0,1ч",,,300 days 00:37:00,432037.0,175.0,767,0.844542447629548
3,13597300,2024-10-28 04:54:00,Дальневосточная,"Д-ВОСТ, ШЧ-2 (Э)",,,,"Срабатывание, несоответствие номинала",CSH,2024,,,,,,,300 days 07:26:00,432446.0,409.0,768,0.8456449834619625
2,13599348,2024-10-28 23:48:00,Дальневосточная,"Д-ВОСТ, ИЧ Ш САХАЛИН",,,"1шт ч(к учету 0,22)ч","Кнопки, повреждение крепления",CSH,2024,,,,,0.0,,301 days 02:20:00,433580.0,1134.0,769,0.8467475192943771
2,13599256,2024-10-29 21:37:00,Дальневосточная,"Д-ВОСТ, ВЧДЭ-1 ХАБАРОВСК","2шт ч(к учету 0,8ч)",,,Несоответствие момента затяжки накидной гайки установленному нормативу,CV,2024,0.0,"0,8ч",,,,,302 days 00:09:00,434889.0,1309.0,770,0.8478500551267916
3,13599361,2024-10-30 04:24:00,Дальневосточная,"Д-ВОСТ, ШЧ-2 (Э)",,,,"Нарушение контакта в штепсельных розетках, замятие контакта",CSH,2024,,,,,,,302 days 06:56:00,435296.0,407.0,771,0.8489525909592062
2,13599415,2024-10-30 05:17:00,Дальневосточная,"Д-ВОСТ, ШЧ-14 (Э)","2шт ч(к учету 1,43ч)",,,"Срабатывание, воздействие тягового тока",CSH,2024,1.0,"1,43ч",,,,,302 days 07:49:00,435349.0,53.0,772,0.8500551267916208
3,13600338,2024-10-30 17:05:00,Дальневосточная,"Д-ВОСТ, ШЧ-8 (Э)",,,,Обрыв,CSH,2024,,,,,,,302 days 19:37:00,436057.0,708.0,773,0.8511576626240352
2,13601991,2024-10-30 19:20:00,Дальневосточная,"Д-ВОСТ, ВЧДЭ-1 ХАБАРОВСК","2шт ч(к учету 0,62ч)",,,Неправильное включение режимов отпуска воздухораспределителя,CV,2024,0.0,"0,62ч",,,,,302 days 21:52:00,436192.0,135.0,774,0.8522601984564498
3,13601425,2024-10-31 17:39:00,Дальневосточная,"Д-ВОСТ, ШЧ-13 (Э)",,,,Неисправность элементов защиты,CSH,2024,,,,,,,303 days 20:11:00,437531.0,1339.0,775,0.8533627342888643
3,13601906,2024-11-01 08:30:00,Дальневосточная,"Д-ВОСТ, ШЧ-14 (Э)",,,,Обрыв монтажного провода,CSH,2024,,,,,,,304 days 11:02:00,438422.0,891.0,776,0.8544652701212789
3,13603021,2024-11-02 06:30:00,Дальневосточная,"Д-ВОСТ, ШЧ-3 (Э)","1шт ч(к учету 0,02ч)",,,"Нарушение контакта в штепсельных розетках, замятие контакта",CSH,2024,0.0,"0,02ч",,,,,305 days 09:02:00,439742.0,1320.0,777,0.8555678059536935
3,13603282,2024-11-02 10:37:00,Дальневосточная,"Д-ВОСТ, ШЧ-14 (Э)",,,,"Релейный ОК, программное обеспечение, сбой",CSH,2024,,,,,,,305 days 13:09:00,439989.0,247.0,778,0.856670341786108
3,13603711,2024-11-02 15:05:00,Дальневосточная,"Д-ВОСТ, ШЧ-14 (Э)",,,,"Диод, пробой",CSH,2024,,,,,,,305 days 17:37:00,440257.0,268.0,779,0.8577728776185226
2,13604524,2024-11-03 07:30:00,Дальневосточная,"Д-ВОСТ, ШЧ-9 (Э)","1шт ч(к учету 0,55ч)",,,"Внутренний монтаж, короткое замыкание",CSH,2024,0.0,"0,55ч",,,,,306 days 10:02:00,441242.0,985.0,780,0.8588754134509372
3,13604613,2024-11-03 13:50:00,Дальневосточная,"Д-ВОСТ, ШЧ-14 (Э)",,,,"Нарушение контакта в штепсельных розетках, замятие контакта",CSH,2024,,,,,,,306 days 16:22:00,441622.0,380.0,781,0.8599779492833517
2,13605142,2024-11-04 05:50:00,Дальневосточная,"Д-ВОСТ, ШЧ-10 (Э)","12шт (к учету 9) ч(к учету 4,83ч)",,,"Нарушение контакта в разъемах блоков, излом розеток",CSH,2024,9.0,"4,83ч",,,,,307 days 08:22:00,442582.0,960.0,782,0.8610804851157663
3,13605676,2024-11-04 20:25:00,Дальневосточная,"Д-ВОСТ, ШЧ-14 (Э)",,,,Нарушение контакта штепсель/рельс,CSH,2024,,,,,,,307 days 22:57:00,443457.0,875.0,783,0.8621830209481808
2,13605804,2024-11-05 02:20:00,Дальневосточная,"Д-ВОСТ, ШЧ-14 (Э)",,"1шт ч(к учету 0,17ч)",,Некачественная пайка,CSH,2024,,,0.0,"0,17ч",,,308 days 04:52:00,443812.0,355.0,784,0.8632855567805954
2,13607689,2024-11-06 05:08:00,Дальневосточная,"Д-ВОСТ, ШЧ-14 (Э)","1шт ч(к учету 0,25ч)",,,"Контактная система, подгар контактов",CSH,2024,0.0,"0,25ч",,,,,309 days 07:40:00,445420.0,1608.0,785,0.86438809261301
2,13607874,2024-11-06 07:32:00,Дальневосточная,"Д-ВОСТ, ШЧ-4 (Р)","9шт (к учету 7) ч(к учету 4,18ч)",,,"Конденсатор, короткое замыкание",CSH,2024,7.0,"4,18ч",,,,,309 days 10:04:00,445564.0,144.0,786,0.8654906284454245
3,13607978,2024-11-06 14:50:00,Дальневосточная,"Д-ВОСТ, ШЧ-2 (Э)","1шт ч(к учету 0,02ч)",,,Сбой АЛС с задержкой поезда,CSH,2024,0.0,"0,02ч",,,,,309 days 17:22:00,446002.0,438.0,787,0.8665931642778391
3,13609574,2024-11-06 20:08:00,Дальневосточная,"Д-ВОСТ, ШЧ-8 (Э)",,,,"Редуктор, неисправность",CSH,2024,,,,,,,309 days 22:40:00,446320.0,318.0,788,0.8676957001102535
3,13609692,2024-11-07 02:52:00,Дальневосточная,"Д-ВОСТ, ШЧ-12 (Э)",,,,Неисправность,CSH,2024,,,,,,,310 days 05:24:00,446724.0,404.0,789,0.8687982359426681
1,13609770,2024-11-07 03:50:00,Дальневосточная,"Д-ВОСТ, ШЧ-6 (Э)","24шт (к учету 23) ч(к учету 18,45ч)",,,Нарушение контакта штепсель/рельс,CSH,2024,23.0,"18,45ч",,,,,310 days 06:22:00,446782.0,58.0,790,0.8699007717750827
2,13611947,2024-11-08 02:32:00,Дальневосточная,"Д-ВОСТ, ШЧ-7 (Р)","3шт ч(к учету 1,13ч)",,,"Контактная система, увеличенное сопротивление",CSH,2024,1.0,"1,13ч",,,,,311 days 05:04:00,448144.0,1362.0,791,0.8710033076074972
3,13615294,2024-11-08 12:53:00,Дальневосточная,"Д-ВОСТ, ИЧ Ш САХАЛИН",,,,"Контактная система, увеличенное сопротивление контакта",CSH,2024,,,,,,,311 days 15:25:00,448765.0,621.0,792,0.8721058434399118
1,13613182,2024-11-08 15:35:00,Дальневосточная,"Д-ВОСТ, ШЧ-14 (Э)","1шт ч(к учету 1,02ч)",,,"Релейный ОК, МУОР, неисправность",CSH,2024,1.0,"1,02ч",,,,,311 days 18:07:00,448927.0,162.0,793,0.8732083792723263
3,13613685,2024-11-09 06:18:00,Дальневосточная,"Д-ВОСТ, ШЧ-13 (Э)",,,,"Ключ-жезл в т.ч. с электрозащелкой, нарушение состояния паек",CSH,2024,,,,,,,312 days 08:50:00,449810.0,883.0,794,0.8743109151047409
3,13613792,2024-11-09 10:20:00,Дальневосточная,"Д-ВОСТ, ВЧДЭ-11 ТЫНДА",,,,Несоответствие норм высоты автосцепки грузового вагона,CV,2024,,,,,,,312 days 12:52:00,450052.0,242.0,795,0.8754134509371555
2,13614306,2024-11-10 03:12:00,Дальневосточная,"Д-ВОСТ, ШЧ-2 (Э)","3шт ч(к учету 0,52ч)",,"1шт ч(к учету 0,17)ч","Лампы, перегорание основной нити",CSH,2024,0.0,"0,52ч",,,0.0,,313 days 05:44:00,451064.0,1012.0,796,0.87651598676957
2,13614820,2024-11-10 15:28:00,Дальневосточная,"Д-ВОСТ, ШЧ-4 (Р)","3шт ч(к учету 0,83ч)","1шт ч(к учету 0,27ч)",,"Контактная система, потеря контакта",CSH,2024,0.0,"0,83ч",0.0,"0,27ч",,,313 days 18:00:00,451800.0,736.0,797,0.8776185226019846
2,13617231,2024-11-10 19:30:00,Дальневосточная,"Д-ВОСТ, ШЧ-7 (Р)","1шт ч(к учету 0,25ч)",,,"Обмотка, короткое замыкание",CSH,2024,0.0,"0,25ч",,,,,313 days 22:02:00,452042.0,242.0,798,0.8787210584343991
3,13615247,2024-11-11 01:05:00,Дальневосточная,"Д-ВОСТ, ШЧ-3 (Э)",,,,"Нарушение контакта в штепсельных розетках, неисправность контактных губок",CSH,2024,,,,,,,314 days 03:37:00,452377.0,335.0,799,0.8798235942668137
2,13615385,2024-11-11 05:00:00,Дальневосточная,"Д-ВОСТ, ШЧ-10 (Э)","1шт ч(к учету 0,42ч)",,,"Срабатывание, коммутационные перенапряжения",CSH,2024,0.0,"0,42ч",,,,,314 days 07:32:00,452612.0,235.0,800,0.8809261300992283
3,13615590,2024-11-11 08:32:00,Дальневосточная,"Д-ВОСТ, ШЧ-7 (Р)",,,,"Конденсатор, снижение емкости конденсатора",CSH,2024,,,,,,,314 days 11:04:00,452824.0,212.0,801,0.8820286659316428
3,13617679,2024-11-12 12:00:00,Дальневосточная,"Д-ВОСТ, ШЧ-10 (Э)",,,,"Жилы, сообщение",CSH,2024,,,,,,,315 days 14:32:00,454472.0,1648.0,802,0.8831312017640573
2,13617680,2024-11-12 12:05:00,Дальневосточная,"Д-ВОСТ, ШЧ-14 (Э)","1шт ч(к учету 0,67ч)","1шт ч(к учету 0,42ч)",,Обрыв монтажного провода,CSH,2024,0.0,"0,67ч",0.0,"0,42ч",,,315 days 14:37:00,454477.0,5.0,803,0.8842337375964718
3,13617987,2024-11-12 14:54:00,Дальневосточная,"Д-ВОСТ, ШЧ-3 (Э)",,,,"Нарушение контакта в штепсельных розетках, замятие контакта",CSH,2024,,,,,,,315 days 17:26:00,454646.0,169.0,804,0.8853362734288864
1,13618207,2024-11-12 16:26:00,Дальневосточная,"Д-ВОСТ, ШЧ-13 (Э)","1шт ч(к учету 1,52ч)",,,Отсутствие смазки на башмаках,CSH,2024,1.0,"1,52ч",,,,,315 days 18:58:00,454738.0,92.0,805,0.886438809261301
3,13618216,2024-11-12 19:00:00,Дальневосточная,"Д-ВОСТ, ШЧ-3 (Э)",,,,Нарушение контакта наконечник/вывод ДТ,CSH,2024,,,,,,,315 days 21:32:00,454892.0,154.0,806,0.8875413450937155
3,13620631,2024-11-12 19:45:00,Дальневосточная,"Д-ВОСТ, ШЧ-14 (Э)",,,,"Срабатывание (перегорание), воздействие тягового тока",CSH,2024,,,,,,,315 days 22:17:00,454937.0,45.0,807,0.8886438809261301
1,13618482,2024-11-13 03:10:00,Дальневосточная,"Д-ВОСТ, ШЧ-12 (Э)","1шт ч(к учету 1,15ч)",,,Неисправность монтажа,CSH,2024,1.0,"1,15ч",,,,,316 days 05:42:00,455382.0,445.0,808,0.8897464167585446
3,13621899,2024-11-13 10:37:00,Дальневосточная,"Д-ВОСТ, ШЧ-14 (Э)",,,,Плата,CSH,2024,,,,,,,316 days 13:09:00,455829.0,447.0,809,0.8908489525909592
1,13620208,2024-11-14 03:30:00,Дальневосточная,"Д-ВОСТ, ВЧДЭ-1 ХАБАРОВСК","10шт ч(к учету 5,45ч)","1шт ч(к учету 0,42ч)",,Ослабление (разрушение) торцевого крепления,CV,2024,5.0,"5,45ч",0.0,"0,42ч",,,317 days 06:02:00,456842.0,1013.0,810,0.8919514884233738
2,13620458,2024-11-14 07:21:00,Дальневосточная,"Д-ВОСТ, ШЧ-3 (Э)","4шт ч(к учету 0,87ч)",,,"Контакторы, изношенность контактов",CSH,2024,0.0,"0,87ч",,,,,317 days 09:53:00,457073.0,231.0,811,0.8930540242557883
2,13620743,2024-11-14 09:49:00,Дальневосточная,"Д-ВОСТ, ШЧ-3 (Э)","2шт ч(к учету 0,47ч)",,,"Нарушение контакта в штепсельных розетках, неисправность контактных губок",CSH,2024,0.0,"0,47ч",,,,,317 days 12:21:00,457221.0,148.0,812,0.8941565600882029
2,13621804,2024-11-15 01:57:00,Дальневосточная,"Д-ВОСТ, ШЧ-3 (Э)","3шт ч(к учету 0,87ч)",,,"Внутренний монтаж, обрыв",CSH,2024,0.0,"0,87ч",,,,,318 days 04:29:00,458189.0,968.0,813,0.8952590959206174
2,13622561,2024-11-15 13:22:00,Дальневосточная,"Д-ВОСТ, ШЧ-6 (Э)",,,"1шт ч(к учету 0,13)ч","Срабатывание, воздействие тягового тока",CSH,2024,,,,,0.0,,318 days 15:54:00,458874.0,685.0,814,0.896361631753032
3,13623093,2024-11-16 06:37:00,Дальневосточная,"Д-ВОСТ, ШЧ-12 (Э)",,,,"Блок автоматики, неисправность приборов",CSH,2024,,,,,,,319 days 09:09:00,459909.0,1035.0,815,0.8974641675854466
3,13626074,2024-11-16 06:47:00,Дальневосточная,"Д-ВОСТ, ШЧ-4 (Р)",,,,"Контактная система, увеличенное сопротивление",CSH,2024,,,,,,,319 days 09:19:00,459919.0,10.0,816,0.898566703417861
3,13624077,2024-11-16 12:00:00,Дальневосточная,"Д-ВОСТ, ШЧ-14 (Э)",,,,"Нарушение контакта в штепсельных розетках, сообщение",CSH,2024,,,,,,,319 days 14:32:00,460232.0,313.0,817,0.8996692392502756
3,13625499,2024-11-17 09:56:00,Дальневосточная,"Д-ВОСТ, ИЧ Ш САХАЛИН",,,,"Лампы, перегорание основной нити",CSH,2024,,,,,,,320 days 12:28:00,461548.0,1316.0,818,0.9007717750826902
3,13625312,2024-11-17 16:25:00,Дальневосточная,"Д-ВОСТ, ШЧ-3 (Э)",,,,"Жилы, внутренний обрыв",CSH,2024,,,,,,,320 days 18:57:00,461937.0,389.0,819,0.9018743109151047
3,13626400,2024-11-18 13:33:00,Дальневосточная,"Д-ВОСТ, ШЧ-6 (Э)",,,,Влияние посторонних источников питания,CSH,2024,,,,,,,321 days 16:05:00,463205.0,1268.0,820,0.9029768467475193
1,13625197,2024-11-18 17:34:00,Дальневосточная,"Д-ВОСТ, ШЧ-14 (Э)","1шт ч(к учету 1,27ч)",,,Нарушение регулировки внешнего замыкателя,CSH,2024,1.0,"1,27ч",,,,,321 days 20:06:00,463446.0,241.0,821,0.9040793825799338
2,13625332,2024-11-19 01:08:00,Дальневосточная,"Д-ВОСТ, ШЧ-2 (Э)","14шт ч(к учету 4,4ч)","1шт ч(к учету 0,5ч)","1шт ч(к учету 0,1)ч","Срабатывание, коммутационные перенапряжения",CSH,2024,4.0,"4,4ч",0.0,"0,5ч",0.0,,322 days 03:40:00,463900.0,454.0,822,0.9051819184123484
3,13627642,2024-11-19 18:00:00,Дальневосточная,"Д-ВОСТ, ШЧ-9 (Э)",,,,"Релейный ОК, CCM/CCM-E, неисправность",CSH,2024,,,,,,,322 days 20:32:00,464912.0,1012.0,823,0.906284454244763
2,13626354,2024-11-19 21:40:00,Дальневосточная,"Д-ВОСТ, ШЧ-8 (Э)","8шт (к учету 7) ч(к учету 2,83ч)",,,"Контактная система, увеличенное сопротивление",CSH,2024,7.0,"2,83ч",,,,,323 days 00:12:00,465132.0,220.0,824,0.9073869900771775
2,13626360,2024-11-19 23:20:00,Дальневосточная,"Д-ВОСТ, ШЧ-2 (Э)","1шт ч(к учету 0,27ч)","2шт (к учету 1) ч(к учету 0,35ч)",,Сбой АЛС с задержкой поезда,CSH,2024,0.0,"0,27ч",1.0,"0,35ч",,,323 days 01:52:00,465232.0,100.0,825,0.9084895259095921
3,13626883,2024-11-20 10:59:00,Дальневосточная,"Д-ВОСТ, ШЧ-12 (Э)",,,,"Нарушение контакта в разъемах блоков, неисправность контактных губок",CSH,2024,,,,,,,323 days 13:31:00,465931.0,699.0,826,0.9095920617420066
3,13627580,2024-11-21 01:36:00,Дальневосточная,"Д-ВОСТ, ШЧ-7 (Р)",,,,"Лампы, перегорание основной нити",CSH,2024,,,,,,,324 days 04:08:00,466808.0,877.0,827,0.9106945975744212
3,13628002,2024-11-21 09:00:00,Дальневосточная,"Д-ВОСТ, ШЧ-2 (Э)",,,,"Неисправность системы речевого оповещения (ПРОС, РИ)",CSH,2024,,,,,,,324 days 11:32:00,467252.0,444.0,828,0.9117971334068358
3,13629084,2024-11-22 05:50:00,Дальневосточная,"Д-ВОСТ, ШЧ-14 (Э)",,,,Ослабление затяжки болтов,CSH,2024,,,,,,,325 days 08:22:00,468502.0,1250.0,829,0.9128996692392503
2,13629735,2024-11-22 20:20:00,Дальневосточная,"Д-ВОСТ, ШЧ-14 (Э)",,"2шт (к учету 1) ч(к учету 0,43ч)",,"Срабатывание, воздействие тягового тока",CSH,2024,,,1.0,"0,43ч",,,325 days 22:52:00,469372.0,870.0,830,0.9140022050716649
3,13630833,2024-11-24 13:13:00,Дальневосточная,"Д-ВОСТ, ШЧ-3 (Э)",,,,"Нарушение контакта в штепсельных розетках, замятие контакта",CSH,2024,,,,,,,327 days 15:45:00,471825.0,2453.0,831,0.9151047409040793
3,13632100,2024-11-25 17:02:00,Дальневосточная,"Д-ВОСТ, ШЧ-10 (Э)",,,,Сбой АЛС с задержкой поезда,CSH,2024,,,,,,,328 days 19:34:00,473494.0,1669.0,832,0.9162072767364939
3,13632238,2024-11-26 00:33:00,Дальневосточная,"Д-ВОСТ, ШЧ-4 (Р)",,,,"Обмотка, короткое замыкание",CSH,2024,,,,,,,329 days 03:05:00,473945.0,451.0,833,0.9173098125689085
2,13633362,2024-11-26 23:35:00,Дальневосточная,"Д-ВОСТ, ВЧДЭ-4 УССУРИЙСК","3шт ч(к учету 1,37ч)",,,Ослабление крепления труб воздухопровода и тормозных приборов грузового вагона,CV,2024,1.0,"1,37ч",,,,,330 days 02:07:00,475327.0,1382.0,834,0.918412348401323
1,13634372,2024-11-27 17:15:00,Дальневосточная,"Д-ВОСТ, ВЧДЭ-1 ХАБАРОВСК","11шт ч(к учету 9,35ч)",,,Неправильное включение режимов отпуска воздухораспределителя,CV,2024,9.0,"9,35ч",,,,,330 days 19:47:00,476387.0,1060.0,835,0.9195148842337376
3,13634513,2024-11-27 23:23:00,Дальневосточная,"Д-ВОСТ, ШЧ-14 (Э)",,,,"Обрыв, коррозия металла",CSH,2024,,,,,,,331 days 01:55:00,476755.0,368.0,836,0.9206174200661521
3,13635398,2024-11-28 11:42:00,Дальневосточная,"Д-ВОСТ, ШЧ-14 (Э)",,,,Нарушение регулировки,CSH,2024,,,,,,,331 days 14:14:00,477494.0,739.0,837,0.9217199558985667
3,13637657,2024-12-01 12:10:00,Дальневосточная,"Д-ВОСТ, ШЧ-14 (Э)",,,,Нарушение регулировки внешнего замыкателя,CSH,2024,,,,,,,334 days 14:42:00,481842.0,4348.0,838,0.9228224917309813
3,13637810,2024-12-01 13:55:00,Дальневосточная,"Д-ВОСТ, ШЧ-9 (Э)",,,,Нарушение контакта штепсель/рельс,CSH,2024,,,,,,,334 days 16:27:00,481947.0,105.0,839,0.9239250275633958
3,13637926,2024-12-01 21:53:00,Дальневосточная,"Д-ВОСТ, ШЧ-9 (Э)",,,,"Контактная система, сваривание контактов",CSH,2024,,,,,,,335 days 00:25:00,482425.0,478.0,840,0.9250275633958104
2,13638199,2024-12-02 05:30:00,Дальневосточная,"Д-ВОСТ, ШЧ-10 (Э)","1шт ч(к учету 0,67ч)",,,"Срабатывание, воздействие тягового тока",CSH,2024,0.0,"0,67ч",,,,,335 days 08:02:00,482882.0,457.0,841,0.9261300992282249
2,13638574,2024-12-02 11:56:00,Дальневосточная,"Д-ВОСТ, ШЧ-14 (Э)","1шт ч(к учету 0,73ч)","3шт (к учету 2) ч(к учету 0,48ч)",,"Срабатывание, воздействие тягового тока",CSH,2024,0.0,"0,73ч",2.0,"0,48ч",,,335 days 14:28:00,483268.0,386.0,842,0.9272326350606395
2,13639259,2024-12-02 23:59:00,Дальневосточная,"Д-ВОСТ, ШЧ-14 (Э)","2шт ч(к учету 0,45ч)",,,"Срабатывание, воздействие тягового тока",CSH,2024,0.0,"0,45ч",,,,,336 days 02:31:00,483991.0,723.0,843,0.9283351708930541
2,13639350,2024-12-03 03:07:00,Дальневосточная,"Д-ВОСТ, ШЧ-7 (Р)","2шт ч(к учету 0,62ч)",,,"Конденсатор, снижение емкости",CSH,2024,0.0,"0,62ч",,,,,336 days 05:39:00,484179.0,188.0,844,0.9294377067254685
2,13639778,2024-12-03 09:51:00,Дальневосточная,"Д-ВОСТ, ШЧ-8 (Э)","3шт ч(к учету 1,72ч)","2шт ч(к учету 0,28ч)","1шт ч(к учету 0,15)ч","Автопереключатель, разрегулировка контактов",CSH,2024,1.0,"1,72ч",0.0,"0,28ч",0.0,,336 days 12:23:00,484583.0,404.0,845,0.9305402425578831
2,13639851,2024-12-03 09:53:00,Дальневосточная,"Д-ВОСТ, ВЧДЭ-1 ХАБАРОВСК","3шт ч(к учету 1,82ч)",,,Технологический нагрев буксового узла,CV,2024,1.0,"1,82ч",,,,,336 days 12:25:00,484585.0,2.0,846,0.9316427783902976
2,13640806,2024-12-03 16:14:00,Дальневосточная,"Д-ВОСТ, ШЧ-9 (Э)","1шт ч(к учету 0,63ч)",,,"Обрыв, при путевых работах",CSH,2024,0.0,"0,63ч",,,,,336 days 18:46:00,484966.0,381.0,847,0.9327453142227122
1,13641024,2024-12-03 22:40:00,Дальневосточная,"Д-ВОСТ, ШЧ-14 (Э)","2шт ч(к учету 2,92ч)",,,"Нарушение контакта в штепсельных розетках, сообщение",CSH,2024,2.0,"2,92ч",,,,,337 days 01:12:00,485352.0,386.0,848,0.9338478500551268
3,13641265,2024-12-04 06:19:00,Дальневосточная,"Д-ВОСТ, ШЧ-6 (Э)",,,,"Срабатывание (перегорание), нарушение контакта штепсельного разъема, нарушение контакта",CSH,2024,,,,,,,337 days 08:51:00,485811.0,459.0,849,0.9349503858875413
3,13642700,2024-12-04 13:53:00,Дальневосточная,"Д-ВОСТ, ШЧ-13 (Э)",,,,Нарушение контакта штепсель/рельс,CSH,2024,,,,,,,337 days 16:25:00,486265.0,454.0,850,0.9360529217199559
1,13642928,2024-12-04 19:05:00,Дальневосточная,"Д-ВОСТ, ТЧЭ-13","3шт ч(к учету 2,82ч)",,,Работа машин тяжелого типа в нарушении температурного режима рельсовой плети,CT,2024,2.0,"2,82ч",,,,,337 days 21:37:00,486577.0,312.0,851,0.9371554575523704
3,13643282,2024-12-05 04:38:00,Дальневосточная,"Д-ВОСТ, ШЧ-12 (Э)",,,,Нарушение контакта штепсель/рельс,CSH,2024,,,,,,,338 days 07:10:00,487150.0,573.0,852,0.938257993384785
2,13644494,2024-12-05 14:35:00,Дальневосточная,"Д-ВОСТ, ШЧ-3 (Э)","16шт ч(к учету 2,23ч)",,,"Обмотка, короткое замыкание",CSH,2024,2.0,"2,23ч",,,,,338 days 17:07:00,487747.0,597.0,853,0.9393605292171996
3,13654834,2024-12-05 23:57:00,Дальневосточная,"Д-ВОСТ, ШЧ-2 (Э)","1шт ч(к учету 0,02ч)",,,Сбой АЛС с задержкой поезда,CSH,2024,0.0,"0,02ч",,,,,339 days 02:29:00,488309.0,562.0,854,0.9404630650496141
3,13645119,2024-12-06 05:08:00,Дальневосточная,"Д-ВОСТ, ШЧ-13 (Э)",,,,"Диод, обрыв",CSH,2024,,,,,,,339 days 07:40:00,488620.0,311.0,855,0.9415656008820287
3,13647714,2024-12-06 13:38:00,Дальневосточная,"Д-ВОСТ, ШЧ-2 (Э)",,,,"Светодиоды, неисправность",CSH,2024,,,,,,,339 days 16:10:00,489130.0,510.0,856,0.9426681367144433
3,13646249,2024-12-06 16:52:00,Дальневосточная,"Д-ВОСТ, ШЧ-10 (Э)",,,,"Жилы, сообщение",CSH,2024,,,,,,,339 days 19:24:00,489324.0,194.0,857,0.9437706725468578
3,13646580,2024-12-07 05:57:00,Дальневосточная,"Д-ВОСТ, ШЧ-14 (Э)",,,,"Нарушение контакта в разъемах блоков, сообщение",CSH,2024,,,,,,,340 days 08:29:00,490109.0,785.0,858,0.9448732083792724
3,13646827,2024-12-07 13:49:00,Дальневосточная,"Д-ВОСТ, ШЧ-7 (Р)",,,,Наличие переходного сопротивления выключателей,CSH,2024,,,,,,,340 days 16:21:00,490581.0,472.0,859,0.9459757442116868
1,13647337,2024-12-08 10:46:00,Дальневосточная,"Д-ВОСТ, ШЧ-6 (Э)","26шт (к учету 24) ч(к учету 15,18ч)",,,"Жилы, внутренний обрыв",CSH,2024,24.0,"15,18ч",,,,,341 days 13:18:00,491838.0,1257.0,860,0.9470782800441014
3,13647635,2024-12-08 21:00:00,Дальневосточная,"Д-ВОСТ, ШЧ-14 (Э)",,,,Нарушение регулировки внешнего замыкателя,CSH,2024,,,,,,,341 days 23:32:00,492452.0,614.0,861,0.948180815876516
3,13647671,2024-12-08 23:27:00,Дальневосточная,"Д-ВОСТ, ШЧ-10 (Э)",,,,"Светодиоды, неисправность",CSH,2024,,,,,,,342 days 01:59:00,492599.0,147.0,862,0.9492833517089305
2,13655844,2024-12-09 04:15:00,Дальневосточная,"ЗАБ, ВЧДЭ-3 КАРЫМСКАЯ","1шт ч(к учету 0,45ч)",,,Тонкий гребень колеса грузового вагона,CV,2024,0.0,"0,45ч",,,,,342 days 06:47:00,492887.0,288.0,863,0.9503858875413451
1,13648209,2024-12-09 08:15:00,Дальневосточная,"Д-ВОСТ, ШЧ-3 (Э)","5шт ч(к учету 8,58ч)",,,"Автопереключатель, индевение контактов",CSH,2024,8.0,"8,58ч",,,,,342 days 10:47:00,493127.0,240.0,864,0.9514884233737596
3,13648031,2024-12-09 08:40:00,Дальневосточная,"Д-ВОСТ, ШЧ-8 (Э)",,,,"Светодиоды, неисправность ячеек индикации",CSH,2024,,,,,,,342 days 11:12:00,493152.0,25.0,865,0.9525909592061742
2,13652760,2024-12-10 03:10:00,Дальневосточная,"Д-ВОСТ, ШЧ-14 (Э)","1шт ч(к учету 0,7ч)",,,"ЦПУ-ЭЛ-С, сбой",CSH,2024,0.0,"0,7ч",,,,,343 days 05:42:00,494262.0,1110.0,866,0.9536934950385888
1,13650131,2024-12-10 11:50:00,Дальневосточная,"Д-ВОСТ, ШЧ-9 (Э)","3шт ч(к учету 3,5ч)",,,"Выпрямительные элементы, пробой",CSH,2024,3.0,"3,5ч",,,,,343 days 14:22:00,494782.0,520.0,867,0.9547960308710033
3,13650428,2024-12-10 14:46:00,Дальневосточная,"Д-ВОСТ, ШЧ-14 (Э)",,,,"Светодиоды, неисправность",CSH,2024,,,,,,,343 days 17:18:00,494958.0,176.0,868,0.9558985667034179
3,13650759,2024-12-10 20:30:00,Дальневосточная,"Д-ВОСТ, ШЧ-2 (Э)",,,,Нарушение контакта штепсель/рельс,CSH,2024,,,,,,,343 days 23:02:00,495302.0,344.0,869,0.9570011025358324
2,13650832,2024-12-11 00:20:00,Дальневосточная,"Д-ВОСТ, ШЧ-14 (Э)","2шт ч(к учету 1,2ч)",,,"Обмотка, обрыв обмотки",CSH,2024,1.0,"1,2ч",,,,,344 days 02:52:00,495532.0,230.0,870,0.958103638368247
2,13651374,2024-12-11 07:23:00,Дальневосточная,"Д-ВОСТ, ШЧ-2 (Э)","13шт ч(к учету 7,67ч)","2шт ч(к учету 0,42ч)",,"Нарушение контакта в штепсельных розетках, сообщение",CSH,2024,7.0,"7,67ч",0.0,"0,42ч",,,344 days 09:55:00,495955.0,423.0,871,0.9592061742006616
2,13651746,2024-12-11 11:17:00,Дальневосточная,"Д-ВОСТ, ШЧ-14 (Э)",,"2шт (к учету 1) ч(к учету 0,37ч)","1шт ч(к учету 0,2)ч","Сервер, сбой ПО",CSH,2024,,,1.0,"0,37ч",0.0,,344 days 13:49:00,496189.0,234.0,872,0.960308710033076
2,13652845,2024-12-12 05:14:00,Дальневосточная,"Д-ВОСТ, ШЧ-4 (Р)","6шт ч(к учету 1,15ч)","1шт ч(к учету 0,1ч)",,"Контактная система, увеличенное сопротивление",CSH,2024,1.0,"1,15ч",0.0,"0,1ч",,,345 days 07:46:00,497266.0,1077.0,873,0.9614112458654906
3,13653103,2024-12-12 08:20:00,Дальневосточная,"Д-ВОСТ, ШЧ-3 (Э)",,,,"Автопереключатель, излом контактных колодок",CSH,2024,,,,,,,345 days 10:52:00,497452.0,186.0,874,0.9625137816979051
2,13655973,2024-12-14 05:45:00,Дальневосточная,"Д-ВОСТ, ШЧ-8 (Э)","2шт ч(к учету 0,53ч)",,,Асимметрия тягового тока,CSH,2024,0.0,"0,53ч",,,,,347 days 08:17:00,500177.0,2725.0,875,0.9636163175303197
3,13656003,2024-12-14 08:00:00,Дальневосточная,"Д-ВОСТ, ШЧ-10 (Э)",,,,"Курбельный контакт, разрегулировка",CSH,2024,,,,,,,347 days 10:32:00,500312.0,135.0,876,0.9647188533627343
3,13656246,2024-12-14 14:25:00,Дальневосточная,"Д-ВОСТ, ШЧ-8 (Э)",,,,"Светодиоды, неисправность ячеек индикации",CSH,2024,,,,,,,347 days 16:57:00,500697.0,385.0,877,0.9658213891951488
1,13659845,2024-12-14 18:43:00,Дальневосточная,"ЗАБ, ВЧДЭ-6 МОГОЧА","14шт (к учету 8) ч(к учету 5,45ч)",,,Выщербина на ободе колеса грузового вагона,CV,2024,8.0,"5,45ч",,,,,347 days 21:15:00,500955.0,258.0,878,0.9669239250275634
3,13656749,2024-12-15 08:03:00,Дальневосточная,"Д-ВОСТ, ШЧ-10 (Э)",,,,"Срабатывание, коммутационные перенапряжения",CSH,2024,,,,,,,348 days 10:35:00,501755.0,800.0,879,0.9680264608599779
2,13656896,2024-12-15 13:05:00,Дальневосточная,"Д-ВОСТ, ШЧ-14 (Э)",,"1шт ч(к учету 0,2ч)",,"Диод, обрыв",CSH,2024,,,0.0,"0,2ч",,,348 days 15:37:00,502057.0,302.0,880,0.9691289966923925
3,13658308,2024-12-16 04:54:00,Дальневосточная,"Д-ВОСТ, ШЧ-14 (Э)","1шт ч(к учету 0,23ч)",,,"Нарушение контакта в разъемах блоков, неисправность контактных губок",CSH,2024,0.0,"0,23ч",,,,,349 days 07:26:00,503006.0,949.0,881,0.9702315325248071
2,13657995,2024-12-16 23:58:00,Дальневосточная,"Д-ВОСТ, ШЧ-2 (Э)","5шт ч(к учету 1,47ч)","1шт ч(к учету 0,58ч)","1шт ч(к учету 0,13)ч","Диод, обрыв",CSH,2024,1.0,"1,47ч",0.0,"0,58ч",0.0,,350 days 02:30:00,504150.0,1144.0,882,0.9713340683572216
3,13659263,2024-12-17 21:29:00,Дальневосточная,"Д-ВОСТ, ШЧ-3 (Э)",,,,"Автопереключатель, разрегулировка контактов",CSH,2024,,,,,,,351 days 00:01:00,505441.0,1291.0,883,0.9724366041896362
2,13661271,2024-12-18 03:20:00,Дальневосточная,"Д-ВОСТ, ВЧДЭ-1 ХАБАРОВСК","1шт ч(к учету 0,63ч)",,,Несоответствие момента затяжки накидной гайки установленному нормативу,CV,2024,0.0,"0,63ч",,,,,351 days 05:52:00,505792.0,351.0,884,0.9735391400220507
3,13659913,2024-12-18 07:38:00,Дальневосточная,"Д-ВОСТ, ШЧ-14 (Э)",,,,"Нарушение контакта в штепсельных розетках, сообщение",CSH,2024,,,,,,,351 days 10:10:00,506050.0,258.0,885,0.9746416758544653
3,13660056,2024-12-18 10:51:00,Дальневосточная,"Д-ВОСТ, ШЧ-10 (Э)",,,,"Обрыв, при путевых работах",CSH,2024,,,,,,,351 days 13:23:00,506243.0,193.0,886,0.9757442116868799
3,13660748,2024-12-19 00:35:00,Дальневосточная,"Д-ВОСТ, ШЧ-14 (Э)",,,,"Обмотка, обрыв",CSH,2024,,,,,,,352 days 03:07:00,507067.0,824.0,887,0.9768467475192943
2,13661050,2024-12-19 06:50:00,Дальневосточная,"Д-ВОСТ, ШЧ-10 (Э)","1шт ч(к учету 0,35ч)",,,"Контактная система, увеличенное сопротивление",CSH,2024,0.0,"0,35ч",,,,,352 days 09:22:00,507442.0,375.0,888,0.9779492833517089
3,13663252,2024-12-21 05:40:00,Дальневосточная,"Д-ВОСТ, ШЧ-3 (Э)",,,,"Монтаж, нарушение состояния паек",CSH,2024,,,,,,,354 days 08:12:00,510252.0,2810.0,889,0.9790518191841234
3,13664023,2024-12-22 10:03:00,Дальневосточная,"Д-ВОСТ, ШЧ-2 (Э)",,,,Нарушение изоляции монтажных проводов,CSH,2024,,,,,,,355 days 12:35:00,511955.0,1703.0,890,0.980154355016538
1,13664222,2024-12-22 16:31:00,Дальневосточная,"Д-ВОСТ, ВЧДЭ-1 ХАБАРОВСК","1шт ч(к учету 1,3ч)",,,Заклинивание штока (замерзание) тормозного цилиндра,CV,2024,1.0,"1,3ч",,,,,355 days 19:03:00,512343.0,388.0,891,0.9812568908489526
3,13666162,2024-12-24 03:14:00,Дальневосточная,"Д-ВОСТ, ШЧ-3 (Э)",,,,"Шибер, заклинивание",CSH,2024,,,,,,,357 days 05:46:00,514426.0,2083.0,892,0.9823594266813671
3,13667759,2024-12-24 16:12:00,Дальневосточная,"Д-ВОСТ, ШЧ-7 (Р)",,,,"Лампы, перегорание основной нити",CSH,2024,,,,,,,357 days 18:44:00,515204.0,778.0,893,0.9834619625137817
2,13668923,2024-12-25 15:48:00,Дальневосточная,"Д-ВОСТ, ШЧ-14 (Э)","2шт ч(к учету 0,85ч)","1шт ч(к учету 0,15ч)",,"ЦПУ-ЭЛ-А, сбой",CSH,2024,0.0,"0,85ч",0.0,"0,15ч",,,358 days 18:20:00,516620.0,1416.0,894,0.9845644983461963
3,13669072,2024-12-25 20:07:00,Дальневосточная,"Д-ВОСТ, ВЧДЭ-1 ХАБАРОВСК",,,,Выпадение валика подвески тормозного подвешивания грузового вагона,CV,2024,,,,,,,358 days 22:39:00,516879.0,259.0,895,0.9856670341786108
3,13669355,2024-12-26 05:40:00,Дальневосточная,"Д-ВОСТ, ШЧ-12 (Э)",,,,Зависание ПО,CSH,2024,,,,,,,359 days 08:12:00,517452.0,573.0,896,0.9867695700110254
3,13670094,2024-12-26 14:57:00,Дальневосточная,"Д-ВОСТ, ШЧ-14 (Э)",,,,"Контактная система, увеличенное сопротивление",CSH,2024,,,,,,,359 days 17:29:00,518009.0,557.0,897,0.9878721058434399
2,13671827,2024-12-27 07:17:00,Дальневосточная,"Д-ВОСТ, ВЧДЭ-1 ХАБАРОВСК","2шт ч(к учету 0,97ч)",,,Утечка воздуха в открытом/закрытом положении концевого крана,CV,2024,0.0,"0,97ч",,,,,360 days 09:49:00,518989.0,980.0,898,0.9889746416758545
2,13670681,2024-12-27 08:06:00,Дальневосточная,"Д-ВОСТ, ШЧ-12 (Э)",,"3шт (к учету 1) ч(к учету 0,32ч)",,Зависание ПО,CSH,2024,,,1.0,"0,32ч",,,360 days 10:38:00,519038.0,49.0,899,0.9900771775082691
1,13671031,2024-12-27 12:30:00,Дальневосточная,"Д-ВОСТ, ШЧ-3 (Э)","6шт (к учету 5) ч(к учету 2,85ч)",,,Излом провода под гайкой,CSH,2024,5.0,"2,85ч",,,,,360 days 15:02:00,519302.0,264.0,900,0.9911797133406836
3,13673839,2024-12-28 02:20:00,Дальневосточная,"Д-ВОСТ, ШЧ-7 (Р)",,,,"Лампы, перегорание основной нити",CSH,2024,,,,,,,361 days 04:52:00,520132.0,830.0,901,0.9922822491730982
2,13672289,2024-12-28 08:48:00,Дальневосточная,"Д-ВОСТ, ШЧ-14 (Э)","1шт ч(к учету 0,62ч)","1шт ч(к учету 0,12ч)",,"Фрикционное сцепление, нарушение регулировки усилия перевода",CSH,2024,0.0,"0,62ч",0.0,"0,12ч",,,361 days 11:20:00,520520.0,388.0,902,0.9933847850055126
3,13673176,2024-12-29 19:35:00,Дальневосточная,"Д-ВОСТ, ШЧ-6 (Э)",,,,"Контактная система, увеличенное сопротивление контакта",CSH,2024,,,,,,,362 days 22:07:00,522607.0,2087.0,903,0.9944873208379272
2,13673462,2024-12-30 07:10:00,Дальневосточная,"Д-ВОСТ, ВЧДЭ-1 ХАБАРОВСК","3шт ч(к учету 1,38ч)",,,Неплотность тормозной магистрали грузового вагона,CV,2024,1.0,"1,38ч",,,,,363 days 09:42:00,523302.0,695.0,904,0.9955898566703418
2,13673511,2024-12-30 08:01:00,Дальневосточная,"Д-ВОСТ, ВЧДЭ-1 ХАБАРОВСК","1шт ч(к учету 0,82ч)",,,Неправильное включение режимов отпуска воздухораспределителя,CV,2024,0.0,"0,82ч",,,,,363 days 10:33:00,523353.0,51.0,905,0.9966923925027563
1,13673607,2024-12-30 10:41:00,Дальневосточная,"Д-ВОСТ, ВЧДЭ-1 ХАБАРОВСК","3шт ч(к учету 4,1ч)",,,Неплотность тормозной магистрали грузового вагона,CV,2024,4.0,"4,1ч",,,,,363 days 13:13:00,523513.0,160.0,906,0.9977949283351709
3,13673660,2024-12-30 13:07:00,Дальневосточная,"Д-ВОСТ, ШЧ-2 (Э)",,,,Неисправность блока управления напольными камерами (БУНК),CSH,2024,,,,,,,363 days 15:39:00,523659.0,146.0,907,0.9988974641675854
3,13674404,2024-12-31 17:30:00,Дальневосточная,"Д-ВОСТ, ШЧ-14 (Э)",,,,"Лампы, перегорание основной нити",CSH,2024,,,,,,,364 days 20:02:00,525362.0,1703.0,908,1.0
