CATEGORY,START_TIME,ROAD,DEPARTMENT,YEAR,DELTA_TIME,DELTA_MINUTES,TIME_DIFF,INDEX
2,2023-01-01 06:41:00,Забайкальская,CV,2023,0 days 00:00:00,0.0,0.0,0.0
2,2023-01-01 07:40:00,Забайкальская,CV,2023,0 days 00:59:00,59.0,59.0,0.00088261253309797
2,2023-01-01 13:10:00,Восточно-Сибирская,CV,2023,0 days 06:29:00,389.0,330.0,0.00176522506619594
2,2023-01-01 16:42:00,Дальневосточная,CV,2023,0 days 10:01:00,601.0,212.0,0.00264783759929391
2,2023-01-01 19:55:00,Забайкальская,CV,2023,0 days 13:14:00,794.0,193.0,0.00353045013239188
2,2023-01-01 22:55:00,Восточно-Сибирская,CV,2023,0 days 16:14:00,974.0,180.0,0.00441306266548985
2,2023-01-02 03:44:00,Восточно-Сибирская,CV,2023,0 days 21:03:00,1263.0,289.0,0.00529567519858782
2,2023-01-02 05:20:00,Дальневосточная,CV,2023,0 days 22:39:00,1359.0,96.0,0.00617828773168579
2,2023-01-02 14:24:00,Восточно-Сибирская,CV,2023,1 days 07:43:00,1903.0,544.0,0.00706090026478376
2,2023-01-03 09:55:00,Восточно-Сибирская,CV,2023,2 days 03:14:00,3074.0,1171.0,0.00794351279788173
2,2023-01-03 20:09:00,Южно-Уральская,CV,2023,2 days 13:28:00,3688.0,614.0,0.0088261253309797
2,2023-01-04 11:21:00,Западно-Сибирская,CV,2023,3 days 04:40:00,4600.0,912.0,0.009708737864077669
2,2023-01-04 13:59:00,Восточно-Сибирская,CV,2023,3 days 07:18:00,4758.0,158.0,0.01059135039717564
2,2023-01-06 09:12:00,Восточно-Сибирская,CV,2023,5 days 02:31:00,7351.0,2593.0,0.01147396293027361
2,2023-01-09 01:00:00,Восточно-Сибирская,CV,2023,7 days 18:19:00,11179.0,3828.0,0.01235657546337158
2,2023-01-10 10:47:00,Восточно-Сибирская,CV,2023,9 days 04:06:00,13206.0,2027.0,0.01323918799646955
2,2023-01-13 02:39:00,Северная,CV,2023,11 days 19:58:00,17038.0,3832.0,0.01412180052956752
2,2023-01-13 04:05:00,Восточно-Сибирская,CV,2023,11 days 21:24:00,17124.0,86.0,0.01500441306266549
2,2023-01-13 05:54:00,Московская,CV,2023,11 days 23:13:00,17233.0,109.0,0.01588702559576346
2,2023-01-13 08:19:00,Восточно-Сибирская,CV,2023,12 days 01:38:00,17378.0,145.0,0.01676963812886143
2,2023-01-13 10:34:00,Дальневосточная,CV,2023,12 days 03:53:00,17513.0,135.0,0.0176522506619594
2,2023-01-13 21:10:00,Восточно-Сибирская,CV,2023,12 days 14:29:00,18149.0,636.0,0.018534863195057368
2,2023-01-14 07:11:00,Восточно-Сибирская,CV,2023,13 days 00:30:00,18750.0,601.0,0.019417475728155338
2,2023-01-14 13:46:00,Восточно-Сибирская,CV,2023,13 days 07:05:00,19145.0,395.0,0.02030008826125331
2,2023-01-14 16:35:00,Восточно-Сибирская,CV,2023,13 days 09:54:00,19314.0,169.0,0.02118270079435128
2,2023-01-15 07:01:00,Восточно-Сибирская,CV,2023,14 days 00:20:00,20180.0,866.0,0.02206531332744925
2,2023-01-15 14:06:00,Свердловская,CV,2023,14 days 07:25:00,20605.0,425.0,0.02294792586054722
2,2023-01-15 15:49:00,Восточно-Сибирская,CV,2023,14 days 09:08:00,20708.0,103.0,0.02383053839364519
2,2023-01-16 02:22:00,Свердловская,CV,2023,14 days 19:41:00,21341.0,633.0,0.02471315092674316
2,2023-01-16 05:55:00,Восточно-Сибирская,CV,2023,14 days 23:14:00,21554.0,213.0,0.02559576345984113
2,2023-01-17 10:38:00,Восточно-Сибирская,CV,2023,16 days 03:57:00,23277.0,1723.0,0.0264783759929391
2,2023-01-17 12:05:00,Дальневосточная,CV,2023,16 days 05:24:00,23364.0,87.0,0.02736098852603707
2,2023-01-18 00:31:00,Восточно-Сибирская,CV,2023,16 days 17:50:00,24110.0,746.0,0.02824360105913504
2,2023-01-18 02:45:00,Восточно-Сибирская,CV,2023,16 days 20:04:00,24244.0,134.0,0.02912621359223301
2,2023-01-18 04:25:00,Восточно-Сибирская,CV,2023,16 days 21:44:00,24344.0,100.0,0.03000882612533098
2,2023-01-18 08:00:00,Октябрьская,CV,2023,17 days 01:19:00,24559.0,215.0,0.03089143865842895
2,2023-01-18 11:36:00,Восточно-Сибирская,CV,2023,17 days 04:55:00,24775.0,216.0,0.03177405119152692
2,2023-01-18 18:25:00,Красноярская,CV,2023,17 days 11:44:00,25184.0,409.0,0.03265666372462489
2,2023-01-19 04:28:00,Восточно-Сибирская,CV,2023,17 days 21:47:00,25787.0,603.0,0.03353927625772286
2,2023-01-19 06:11:00,Восточно-Сибирская,CV,2023,17 days 23:30:00,25890.0,103.0,0.03442188879082083
2,2023-01-19 06:28:00,Восточно-Сибирская,CV,2023,17 days 23:47:00,25907.0,17.0,0.0353045013239188
2,2023-01-19 17:58:00,Восточно-Сибирская,CV,2023,18 days 11:17:00,26597.0,690.0,0.03618711385701677
2,2023-01-19 18:05:00,Красноярская,CV,2023,18 days 11:24:00,26604.0,7.0,0.037069726390114736
2,2023-01-19 22:40:00,Восточно-Сибирская,CV,2023,18 days 15:59:00,26879.0,275.0,0.03795233892321271
2,2023-01-20 07:10:00,Восточно-Сибирская,CV,2023,19 days 00:29:00,27389.0,510.0,0.038834951456310676
2,2023-01-21 12:45:00,Свердловская,CV,2023,20 days 06:04:00,29164.0,1775.0,0.03971756398940865
2,2023-01-21 14:00:00,Октябрьская,CV,2023,20 days 07:19:00,29239.0,75.0,0.04060017652250662
2,2023-01-21 21:43:00,Свердловская,CV,2023,20 days 15:02:00,29702.0,463.0,0.04148278905560459
2,2023-01-23 01:55:00,Восточно-Сибирская,CV,2023,21 days 19:14:00,31394.0,1692.0,0.04236540158870256
2,2023-01-23 09:03:00,Восточно-Сибирская,CV,2023,22 days 02:22:00,31822.0,428.0,0.04324801412180053
2,2023-01-23 16:26:00,Забайкальская,CV,2023,22 days 09:45:00,32265.0,443.0,0.0441306266548985
2,2023-01-24 06:03:00,Восточно-Сибирская,CV,2023,22 days 23:22:00,33082.0,817.0,0.04501323918799647
2,2023-01-24 16:23:00,Западно-Сибирская,CV,2023,23 days 09:42:00,33702.0,620.0,0.04589585172109444
2,2023-01-25 01:05:00,Дальневосточная,CV,2023,23 days 18:24:00,34224.0,522.0,0.04677846425419241
2,2023-01-25 20:45:00,Забайкальская,CV,2023,24 days 14:04:00,35404.0,1180.0,0.04766107678729038
2,2023-01-26 01:00:00,Восточно-Сибирская,CV,2023,24 days 18:19:00,35659.0,255.0,0.04854368932038835
2,2023-01-26 10:10:00,Восточно-Сибирская,CV,2023,25 days 03:29:00,36209.0,550.0,0.04942630185348632
2,2023-01-26 20:44:00,Дальневосточная,CV,2023,25 days 14:03:00,36843.0,634.0,0.05030891438658429
2,2023-01-26 21:36:00,Восточно-Сибирская,CV,2023,25 days 14:55:00,36895.0,52.0,0.05119152691968226
2,2023-01-27 00:00:00,Восточно-Сибирская,CV,2023,25 days 17:19:00,37039.0,144.0,0.05207413945278023
2,2023-01-27 03:32:00,Восточно-Сибирская,CV,2023,25 days 20:51:00,37251.0,212.0,0.0529567519858782
2,2023-01-27 06:05:00,Западно-Сибирская,CV,2023,25 days 23:24:00,37404.0,153.0,0.05383936451897617
2,2023-01-27 23:40:00,Восточно-Сибирская,CV,2023,26 days 16:59:00,38459.0,1055.0,0.05472197705207414
2,2023-01-28 03:50:00,Восточно-Сибирская,CV,2023,26 days 21:09:00,38709.0,250.0,0.05560458958517211
2,2023-01-28 05:39:00,Восточно-Сибирская,CV,2023,26 days 22:58:00,38818.0,109.0,0.05648720211827008
2,2023-01-29 04:28:00,Северная,CV,2023,27 days 21:47:00,40187.0,1369.0,0.05736981465136805
2,2023-01-29 17:49:00,Восточно-Сибирская,CV,2023,28 days 11:08:00,40988.0,801.0,0.05825242718446602
2,2023-01-29 23:15:00,Свердловская,CV,2023,28 days 16:34:00,41314.0,326.0,0.05913503971756399
2,2023-01-30 15:27:00,Дальневосточная,CV,2023,29 days 08:46:00,42286.0,972.0,0.06001765225066196
2,2023-01-30 20:19:00,Западно-Сибирская,CV,2023,29 days 13:38:00,42578.0,292.0,0.06090026478375993
2,2023-02-01 14:41:00,Восточно-Сибирская,CV,2023,31 days 08:00:00,45120.0,2542.0,0.0617828773168579
2,2023-02-01 19:42:00,Забайкальская,CV,2023,31 days 13:01:00,45421.0,301.0,0.06266548984995587
2,2023-02-03 04:10:00,Дальневосточная,CV,2023,32 days 21:29:00,47369.0,1948.0,0.06354810238305383
2,2023-02-03 07:18:00,Восточно-Сибирская,CV,2023,33 days 00:37:00,47557.0,188.0,0.06443071491615181
2,2023-02-03 08:30:00,Восточно-Сибирская,CV,2023,33 days 01:49:00,47629.0,72.0,0.06531332744924978
2,2023-02-03 21:08:00,Дальневосточная,CV,2023,33 days 14:27:00,48387.0,758.0,0.06619593998234775
2,2023-02-04 05:04:00,Дальневосточная,CV,2023,33 days 22:23:00,48863.0,476.0,0.06707855251544571
2,2023-02-04 16:47:00,Западно-Сибирская,CV,2023,34 days 10:06:00,49566.0,703.0,0.06796116504854369
2,2023-02-05 19:10:00,Свердловская,CV,2023,35 days 12:29:00,51149.0,1583.0,0.06884377758164166
2,2023-02-06 00:15:00,Забайкальская,CV,2023,35 days 17:34:00,51454.0,305.0,0.06972639011473963
2,2023-02-10 03:31:00,Забайкальская,CV,2023,39 days 20:50:00,57410.0,5956.0,0.0706090026478376
2,2023-02-10 15:08:00,Забайкальская,CV,2023,40 days 08:27:00,58107.0,697.0,0.07149161518093557
2,2023-02-10 23:36:00,Восточно-Сибирская,CV,2023,40 days 16:55:00,58615.0,508.0,0.07237422771403354
2,2023-02-13 04:22:00,Красноярская,CV,2023,42 days 21:41:00,61781.0,3166.0,0.07325684024713151
2,2023-02-13 14:05:00,Дальневосточная,CV,2023,43 days 07:24:00,62364.0,583.0,0.07413945278022947
2,2023-02-14 11:05:00,Западно-Сибирская,CV,2023,44 days 04:24:00,63624.0,1260.0,0.07502206531332745
2,2023-02-15 12:18:00,Свердловская,CV,2023,45 days 05:37:00,65137.0,1513.0,0.07590467784642542
2,2023-02-15 19:30:00,Забайкальская,CV,2023,45 days 12:49:00,65569.0,432.0,0.07678729037952339
2,2023-02-15 20:44:00,Дальневосточная,CV,2023,45 days 14:03:00,65643.0,74.0,0.07766990291262135
2,2023-02-15 22:17:00,Куйбышевская,CV,2023,45 days 15:36:00,65736.0,93.0,0.07855251544571933
2,2023-02-17 10:45:00,Восточно-Сибирская,CV,2023,47 days 04:04:00,67924.0,2188.0,0.0794351279788173
2,2023-02-17 22:50:00,Забайкальская,CV,2023,47 days 16:09:00,68649.0,725.0,0.08031774051191527
2,2023-02-17 23:23:00,Красноярская,CV,2023,47 days 16:42:00,68682.0,33.0,0.08120035304501325
2,2023-02-18 05:54:00,Северная,CV,2023,47 days 23:13:00,69073.0,391.0,0.0820829655781112
2,2023-02-18 19:20:00,Забайкальская,CV,2023,48 days 12:39:00,69879.0,806.0,0.08296557811120918
2,2023-02-19 23:46:00,Восточно-Сибирская,CV,2023,49 days 17:05:00,71585.0,1706.0,0.08384819064430715
2,2023-02-20 14:23:00,Октябрьская,CV,2023,50 days 07:42:00,72462.0,877.0,0.08473080317740513
2,2023-02-21 09:52:00,Восточно-Сибирская,CV,2023,51 days 03:11:00,73631.0,1169.0,0.08561341571050309
2,2023-02-21 21:18:00,Горьковская,CV,2023,51 days 14:37:00,74317.0,686.0,0.08649602824360106
2,2023-02-22 09:05:00,Восточно-Сибирская,CV,2023,52 days 02:24:00,75024.0,707.0,0.08737864077669903
2,2023-02-22 10:00:00,Забайкальская,CV,2023,52 days 03:19:00,75079.0,55.0,0.088261253309797
2,2023-02-23 01:17:00,Западно-Сибирская,CV,2023,52 days 18:36:00,75996.0,917.0,0.08914386584289496
2,2023-02-23 10:45:00,Восточно-Сибирская,CV,2023,53 days 04:04:00,76564.0,568.0,0.09002647837599294
2,2023-02-23 11:21:00,Восточно-Сибирская,CV,2023,53 days 04:40:00,76600.0,36.0,0.09090909090909091
2,2023-02-24 06:35:00,Западно-Сибирская,CV,2023,53 days 23:54:00,77754.0,1154.0,0.09179170344218888
2,2023-02-24 09:40:00,Восточно-Сибирская,CV,2023,54 days 02:59:00,77939.0,185.0,0.09267431597528684
2,2023-02-24 22:38:00,Восточно-Сибирская,CV,2023,54 days 15:57:00,78717.0,778.0,0.09355692850838482
2,2023-02-25 00:36:00,Восточно-Сибирская,CV,2023,54 days 17:55:00,78835.0,118.0,0.09443954104148279
2,2023-02-25 10:18:00,Октябрьская,CV,2023,55 days 03:37:00,79417.0,582.0,0.09532215357458076
2,2023-02-26 07:51:00,Дальневосточная,CV,2023,56 days 01:10:00,80710.0,1293.0,0.09620476610767872
2,2023-02-27 15:10:00,Октябрьская,CV,2023,57 days 08:29:00,82589.0,1879.0,0.0970873786407767
2,2023-02-27 22:39:00,Дальневосточная,CV,2023,57 days 15:58:00,83038.0,449.0,0.09796999117387467
2,2023-02-28 00:27:00,Дальневосточная,CV,2023,57 days 17:46:00,83146.0,108.0,0.09885260370697264
2,2023-02-28 08:53:00,Октябрьская,CV,2023,58 days 02:12:00,83652.0,506.0,0.0997352162400706
2,2023-03-02 12:05:00,Дальневосточная,CV,2023,60 days 05:24:00,86724.0,3072.0,0.10061782877316858
2,2023-03-03 13:40:00,Октябрьская,CV,2023,61 days 06:59:00,88259.0,1535.0,0.10150044130626655
2,2023-03-03 23:00:00,Московская,CV,2023,61 days 16:19:00,88819.0,560.0,0.10238305383936452
2,2023-03-04 03:13:00,Забайкальская,CV,2023,61 days 20:32:00,89072.0,253.0,0.10326566637246248
2,2023-03-04 04:18:00,Забайкальская,CV,2023,61 days 21:37:00,89137.0,65.0,0.10414827890556046
2,2023-03-04 11:24:00,Восточно-Сибирская,CV,2023,62 days 04:43:00,89563.0,426.0,0.10503089143865843
2,2023-03-04 12:17:00,Горьковская,CV,2023,62 days 05:36:00,89616.0,53.0,0.1059135039717564
2,2023-03-04 12:24:00,Восточно-Сибирская,CV,2023,62 days 05:43:00,89623.0,7.0,0.10679611650485436
2,2023-03-04 15:54:00,Северная,CV,2023,62 days 09:13:00,89833.0,210.0,0.10767872903795234
2,2023-03-05 15:19:00,Восточно-Сибирская,CV,2023,63 days 08:38:00,91238.0,1405.0,0.10856134157105031
2,2023-03-06 15:30:00,Забайкальская,CV,2023,64 days 08:49:00,92689.0,1451.0,0.10944395410414828
2,2023-03-06 19:30:00,Южно-Уральская,CV,2023,64 days 12:49:00,92929.0,240.0,0.11032656663724624
2,2023-03-07 17:41:00,Забайкальская,CV,2023,65 days 11:00:00,94260.0,1331.0,0.11120917917034422
2,2023-03-08 13:05:00,Восточно-Сибирская,CV,2023,66 days 06:24:00,95424.0,1164.0,0.11209179170344219
2,2023-03-09 16:36:00,Восточно-Сибирская,CV,2023,67 days 09:55:00,97075.0,1651.0,0.11297440423654016
2,2023-03-09 20:10:00,Свердловская,CV,2023,67 days 13:29:00,97289.0,214.0,0.11385701676963812
2,2023-03-09 22:36:00,Восточно-Сибирская,CV,2023,67 days 15:55:00,97435.0,146.0,0.1147396293027361
2,2023-03-10 02:52:00,Восточно-Сибирская,CV,2023,67 days 20:11:00,97691.0,256.0,0.11562224183583407
2,2023-03-10 06:44:00,Западно-Сибирская,CV,2023,68 days 00:03:00,97923.0,232.0,0.11650485436893204
2,2023-03-10 08:29:00,Западно-Сибирская,CV,2023,68 days 01:48:00,98028.0,105.0,0.11738746690203
2,2023-03-10 11:12:00,Восточно-Сибирская,CV,2023,68 days 04:31:00,98191.0,163.0,0.11827007943512798
2,2023-03-10 13:05:00,Забайкальская,CV,2023,68 days 06:24:00,98304.0,113.0,0.11915269196822595
2,2023-03-13 06:17:00,Дальневосточная,CV,2023,70 days 23:36:00,102216.0,3912.0,0.12003530450132392
2,2023-03-13 16:15:00,Восточно-Сибирская,CV,2023,71 days 09:34:00,102814.0,598.0,0.1209179170344219
2,2023-03-13 21:00:00,Восточно-Сибирская,CV,2023,71 days 14:19:00,103099.0,285.0,0.12180052956751986
2,2023-03-13 22:31:00,Дальневосточная,CV,2023,71 days 15:50:00,103190.0,91.0,0.12268314210061783
2,2023-03-13 23:05:00,Восточно-Сибирская,CV,2023,71 days 16:24:00,103224.0,34.0,0.1235657546337158
2,2023-03-14 14:07:00,Забайкальская,CV,2023,72 days 07:26:00,104126.0,902.0,0.12444836716681378
2,2023-03-15 06:15:00,Северная,CV,2023,72 days 23:34:00,105094.0,968.0,0.12533097969991175
2,2023-03-15 13:10:00,Красноярская,CV,2023,73 days 06:29:00,105509.0,415.0,0.1262135922330097
2,2023-03-16 05:52:00,Октябрьская,CV,2023,73 days 23:11:00,106511.0,1002.0,0.12709620476610767
2,2023-03-16 10:17:00,Восточно-Сибирская,CV,2023,74 days 03:36:00,106776.0,265.0,0.12797881729920565
2,2023-03-16 12:20:00,Забайкальская,CV,2023,74 days 05:39:00,106899.0,123.0,0.12886142983230361
2,2023-03-17 01:35:00,Северная,CV,2023,74 days 18:54:00,107694.0,795.0,0.1297440423654016
2,2023-03-17 03:07:00,Восточно-Сибирская,CV,2023,74 days 20:26:00,107786.0,92.0,0.13062665489849956
2,2023-03-17 05:20:00,Восточно-Сибирская,CV,2023,74 days 22:39:00,107919.0,133.0,0.13150926743159752
2,2023-03-17 12:33:00,Восточно-Сибирская,CV,2023,75 days 05:52:00,108352.0,433.0,0.1323918799646955
2,2023-03-17 18:41:00,Восточно-Сибирская,CV,2023,75 days 12:00:00,108720.0,368.0,0.13327449249779347
2,2023-03-18 01:56:00,Восточно-Сибирская,CV,2023,75 days 19:15:00,109155.0,435.0,0.13415710503089143
2,2023-03-19 11:28:00,Восточно-Сибирская,CV,2023,77 days 04:47:00,111167.0,2012.0,0.13503971756398941
2,2023-03-19 12:09:00,Восточно-Сибирская,CV,2023,77 days 05:28:00,111208.0,41.0,0.13592233009708737
2,2023-03-19 15:15:00,Восточно-Сибирская,CV,2023,77 days 08:34:00,111394.0,186.0,0.13680494263018536
2,2023-03-19 17:53:00,Дальневосточная,CV,2023,77 days 11:12:00,111552.0,158.0,0.13768755516328332
2,2023-03-19 19:40:00,Забайкальская,CV,2023,77 days 12:59:00,111659.0,107.0,0.13857016769638128
2,2023-03-20 10:53:00,Южно-Уральская,CV,2023,78 days 04:12:00,112572.0,913.0,0.13945278022947927
2,2023-03-20 13:20:00,Забайкальская,CV,2023,78 days 06:39:00,112719.0,147.0,0.14033539276257723
2,2023-03-20 19:18:00,Забайкальская,CV,2023,78 days 12:37:00,113077.0,358.0,0.1412180052956752
2,2023-03-20 20:04:00,Северо-Кавказская,CV,2023,78 days 13:23:00,113123.0,46.0,0.14210061782877317
2,2023-03-21 00:17:00,Дальневосточная,CV,2023,78 days 17:36:00,113376.0,253.0,0.14298323036187113
2,2023-03-21 08:02:00,Северная,CV,2023,79 days 01:21:00,113841.0,465.0,0.14386584289496912
2,2023-03-21 22:51:00,Свердловская,CV,2023,79 days 16:10:00,114730.0,889.0,0.14474845542806708
2,2023-03-22 07:25:00,Восточно-Сибирская,CV,2023,80 days 00:44:00,115244.0,514.0,0.14563106796116504
2,2023-03-22 07:52:00,Свердловская,CV,2023,80 days 01:11:00,115271.0,27.0,0.14651368049426303
2,2023-03-22 10:42:00,Северная,CV,2023,80 days 04:01:00,115441.0,170.0,0.147396293027361
2,2023-03-22 16:48:00,Восточно-Сибирская,CV,2023,80 days 10:07:00,115807.0,366.0,0.14827890556045895
2,2023-03-22 19:47:00,Дальневосточная,CV,2023,80 days 13:06:00,115986.0,179.0,0.14916151809355693
2,2023-03-23 05:30:00,Забайкальская,CV,2023,80 days 22:49:00,116569.0,583.0,0.1500441306266549
2,2023-03-23 18:52:00,Восточно-Сибирская,CV,2023,81 days 12:11:00,117371.0,802.0,0.15092674315975288
2,2023-03-23 19:13:00,Забайкальская,CV,2023,81 days 12:32:00,117392.0,21.0,0.15180935569285084
2,2023-03-24 00:59:00,Забайкальская,CV,2023,81 days 18:18:00,117738.0,346.0,0.1526919682259488
2,2023-03-24 08:20:00,Забайкальская,CV,2023,82 days 01:39:00,118179.0,441.0,0.15357458075904679
2,2023-03-24 10:42:00,Западно-Сибирская,CV,2023,82 days 04:01:00,118321.0,142.0,0.15445719329214475
2,2023-03-24 16:56:00,Свердловская,CV,2023,82 days 10:15:00,118695.0,374.0,0.1553398058252427
2,2023-03-24 19:47:00,Восточно-Сибирская,CV,2023,82 days 13:06:00,118866.0,171.0,0.1562224183583407
2,2023-03-25 08:14:00,Восточно-Сибирская,CV,2023,83 days 01:33:00,119613.0,747.0,0.15710503089143865
2,2023-03-25 13:25:00,Забайкальская,CV,2023,83 days 06:44:00,119924.0,311.0,0.15798764342453664
2,2023-03-25 13:33:00,Забайкальская,CV,2023,83 days 06:52:00,119932.0,8.0,0.1588702559576346
2,2023-03-25 22:22:00,Забайкальская,CV,2023,83 days 15:41:00,120461.0,529.0,0.15975286849073256
2,2023-03-26 00:57:00,Октябрьская,CV,2023,83 days 18:16:00,120616.0,155.0,0.16063548102383055
2,2023-03-26 04:19:00,Дальневосточная,CV,2023,83 days 21:38:00,120818.0,202.0,0.1615180935569285
2,2023-03-26 10:15:00,Восточно-Сибирская,CV,2023,84 days 03:34:00,121174.0,356.0,0.1624007060900265
2,2023-03-26 22:58:00,Северная,CV,2023,84 days 16:17:00,121937.0,763.0,0.16328331862312445
2,2023-03-27 10:01:00,Дальневосточная,CV,2023,85 days 03:20:00,122600.0,663.0,0.1641659311562224
2,2023-03-27 17:31:00,Забайкальская,CV,2023,85 days 10:50:00,123050.0,450.0,0.1650485436893204
2,2023-03-28 04:32:00,Северная,CV,2023,85 days 21:51:00,123711.0,661.0,0.16593115622241836
2,2023-03-28 16:11:00,Восточно-Сибирская,CV,2023,86 days 09:30:00,124410.0,699.0,0.16681376875551632
2,2023-03-28 23:13:00,Северо-Кавказская,CV,2023,86 days 16:32:00,124832.0,422.0,0.1676963812886143
2,2023-03-29 01:06:00,Восточно-Сибирская,CV,2023,86 days 18:25:00,124945.0,113.0,0.16857899382171226
2,2023-03-29 02:30:00,Восточно-Сибирская,CV,2023,86 days 19:49:00,125029.0,84.0,0.16946160635481025
2,2023-03-29 11:55:00,Свердловская,CV,2023,87 days 05:14:00,125594.0,565.0,0.1703442188879082
2,2023-03-29 23:53:00,Свердловская,CV,2023,87 days 17:12:00,126312.0,718.0,0.17122683142100617
2,2023-03-30 16:28:00,Свердловская,CV,2023,88 days 09:47:00,127307.0,995.0,0.17210944395410416
2,2023-03-30 19:53:00,Западно-Сибирская,CV,2023,88 days 13:12:00,127512.0,205.0,0.17299205648720212
2,2023-04-01 01:51:00,Западно-Сибирская,CV,2023,89 days 19:10:00,129310.0,1798.0,0.17387466902030008
2,2023-04-01 10:33:00,Восточно-Сибирская,CV,2023,90 days 03:52:00,129832.0,522.0,0.17475728155339806
2,2023-04-01 15:40:00,Восточно-Сибирская,CV,2023,90 days 08:59:00,130139.0,307.0,0.17563989408649602
2,2023-04-02 04:28:00,Западно-Сибирская,CV,2023,90 days 21:47:00,130907.0,768.0,0.176522506619594
2,2023-04-03 04:51:00,Восточно-Сибирская,CV,2023,91 days 22:10:00,132370.0,1463.0,0.17740511915269197
2,2023-04-03 18:15:00,Северная,CV,2023,92 days 11:34:00,133174.0,804.0,0.17828773168578993
2,2023-04-03 19:35:00,Дальневосточная,CV,2023,92 days 12:54:00,133254.0,80.0,0.17917034421888792
2,2023-04-03 22:40:00,Западно-Сибирская,CV,2023,92 days 15:59:00,133439.0,185.0,0.18005295675198588
2,2023-04-04 03:05:00,Забайкальская,CV,2023,92 days 20:24:00,133704.0,265.0,0.18093556928508384
2,2023-04-04 04:20:00,Забайкальская,CV,2023,92 days 21:39:00,133779.0,75.0,0.18181818181818182
2,2023-04-04 18:21:00,Восточно-Сибирская,CV,2023,93 days 11:40:00,134620.0,841.0,0.18270079435127978
2,2023-04-06 00:00:00,Забайкальская,CV,2023,94 days 17:19:00,136399.0,1779.0,0.18358340688437777
2,2023-04-07 10:00:00,Дальневосточная,CV,2023,96 days 03:19:00,138439.0,2040.0,0.18446601941747573
2,2023-04-07 21:34:00,Забайкальская,CV,2023,96 days 14:53:00,139133.0,694.0,0.1853486319505737
2,2023-04-08 06:42:00,Горьковская,CV,2023,97 days 00:01:00,139681.0,548.0,0.18623124448367168
2,2023-04-10 18:55:00,Забайкальская,CV,2023,99 days 12:14:00,143294.0,3613.0,0.18711385701676964
2,2023-04-13 08:40:00,Восточно-Сибирская,CV,2023,102 days 01:59:00,146999.0,3705.0,0.1879964695498676
2,2023-04-14 13:26:00,Забайкальская,CV,2023,103 days 06:45:00,148725.0,1726.0,0.18887908208296558
2,2023-04-15 00:58:00,Северная,CV,2023,103 days 18:17:00,149417.0,692.0,0.18976169461606354
2,2023-04-15 17:00:00,Забайкальская,CV,2023,104 days 10:19:00,150379.0,962.0,0.19064430714916153
2,2023-04-16 11:18:00,Дальневосточная,CV,2023,105 days 04:37:00,151477.0,1098.0,0.1915269196822595
2,2023-04-16 17:54:00,Октябрьская,CV,2023,105 days 11:13:00,151873.0,396.0,0.19240953221535745
2,2023-04-17 04:00:00,Дальневосточная,CV,2023,105 days 21:19:00,152479.0,606.0,0.19329214474845544
2,2023-04-17 04:11:00,Свердловская,CV,2023,105 days 21:30:00,152490.0,11.0,0.1941747572815534
2,2023-04-18 02:35:00,Восточно-Сибирская,CV,2023,106 days 19:54:00,153834.0,1344.0,0.19505736981465135
2,2023-04-18 04:19:00,Южно-Уральская,CV,2023,106 days 21:38:00,153938.0,104.0,0.19593998234774934
2,2023-04-19 01:04:00,Забайкальская,CV,2023,107 days 18:23:00,155183.0,1245.0,0.1968225948808473
2,2023-04-20 13:01:00,Восточно-Сибирская,CV,2023,109 days 06:20:00,157340.0,2157.0,0.1977052074139453
2,2023-04-22 04:45:00,Забайкальская,CV,2023,110 days 22:04:00,159724.0,2384.0,0.19858781994704325
2,2023-04-23 17:35:00,Северная,CV,2023,112 days 10:54:00,161934.0,2210.0,0.1994704324801412
2,2023-04-23 21:15:00,Свердловская,CV,2023,112 days 14:34:00,162154.0,220.0,0.2003530450132392
2,2023-04-27 16:34:00,Восточно-Сибирская,CV,2023,116 days 09:53:00,167633.0,5479.0,0.20123565754633715
2,2023-04-28 11:22:00,Восточно-Сибирская,CV,2023,117 days 04:41:00,168761.0,1128.0,0.20211827007943514
2,2023-04-30 11:00:00,Дальневосточная,CV,2023,119 days 04:19:00,171619.0,2858.0,0.2030008826125331
2,2023-05-01 10:51:00,Восточно-Сибирская,CV,2023,120 days 04:10:00,173050.0,1431.0,0.20388349514563106
2,2023-05-01 19:44:00,Восточно-Сибирская,CV,2023,120 days 13:03:00,173583.0,533.0,0.20476610767872905
2,2023-05-01 22:10:00,Восточно-Сибирская,CV,2023,120 days 15:29:00,173729.0,146.0,0.205648720211827
2,2023-05-04 02:05:00,Свердловская,CV,2023,122 days 19:24:00,176844.0,3115.0,0.20653133274492497
2,2023-05-04 16:57:00,Дальневосточная,CV,2023,123 days 10:16:00,177736.0,892.0,0.20741394527802295
2,2023-05-04 17:47:00,Восточно-Сибирская,CV,2023,123 days 11:06:00,177786.0,50.0,0.2082965578111209
2,2023-05-04 20:47:00,Восточно-Сибирская,CV,2023,123 days 14:06:00,177966.0,180.0,0.2091791703442189
2,2023-05-05 13:46:00,Западно-Сибирская,CV,2023,124 days 07:05:00,178985.0,1019.0,0.21006178287731686
2,2023-05-05 17:45:00,Свердловская,CV,2023,124 days 11:04:00,179224.0,239.0,0.21094439541041482
2,2023-05-06 01:35:00,Дальневосточная,CV,2023,124 days 18:54:00,179694.0,470.0,0.2118270079435128
2,2023-05-07 05:02:00,Забайкальская,CV,2023,125 days 22:21:00,181341.0,1647.0,0.21270962047661077
2,2023-05-07 10:20:00,Забайкальская,CV,2023,126 days 03:39:00,181659.0,318.0,0.21359223300970873
2,2023-05-08 03:44:00,Дальневосточная,CV,2023,126 days 21:03:00,182703.0,1044.0,0.2144748455428067
2,2023-05-08 14:45:00,Восточно-Сибирская,CV,2023,127 days 08:04:00,183364.0,661.0,0.21535745807590467
2,2023-05-09 21:25:00,Забайкальская,CV,2023,128 days 14:44:00,185204.0,1840.0,0.21624007060900266
2,2023-05-14 19:20:00,Восточно-Сибирская,CV,2023,133 days 12:39:00,192279.0,7075.0,0.21712268314210062
2,2023-05-15 06:11:00,Восточно-Сибирская,CV,2023,133 days 23:30:00,192930.0,651.0,0.21800529567519858
2,2023-05-15 21:10:00,Забайкальская,CV,2023,134 days 14:29:00,193829.0,899.0,0.21888790820829657
2,2023-05-16 12:01:00,Восточно-Сибирская,CV,2023,135 days 05:20:00,194720.0,891.0,0.21977052074139453
2,2023-05-16 15:05:00,Забайкальская,CV,2023,135 days 08:24:00,194904.0,184.0,0.22065313327449249
2,2023-05-17 03:58:00,Забайкальская,CV,2023,135 days 21:17:00,195677.0,773.0,0.22153574580759047
2,2023-05-17 11:32:00,Забайкальская,CV,2023,136 days 04:51:00,196131.0,454.0,0.22241835834068843
2,2023-05-17 19:25:00,Красноярская,CV,2023,136 days 12:44:00,196604.0,473.0,0.22330097087378642
2,2023-05-18 03:45:00,Северная,CV,2023,136 days 21:04:00,197104.0,500.0,0.22418358340688438
2,2023-05-19 08:46:00,Дальневосточная,CV,2023,138 days 02:05:00,198845.0,1741.0,0.22506619593998234
2,2023-05-20 04:37:00,Забайкальская,CV,2023,138 days 21:56:00,200036.0,1191.0,0.22594880847308033
2,2023-05-20 07:39:00,Дальневосточная,CV,2023,139 days 00:58:00,200218.0,182.0,0.22683142100617829
2,2023-05-21 10:05:00,Восточно-Сибирская,CV,2023,140 days 03:24:00,201804.0,1586.0,0.22771403353927624
2,2023-05-22 06:55:00,Восточно-Сибирская,CV,2023,141 days 00:14:00,203054.0,1250.0,0.22859664607237423
2,2023-05-22 20:44:00,Северная,CV,2023,141 days 14:03:00,203883.0,829.0,0.2294792586054722
2,2023-05-23 11:25:00,Восточно-Сибирская,CV,2023,142 days 04:44:00,204764.0,881.0,0.23036187113857018
2,2023-05-24 07:12:00,Дальневосточная,CV,2023,143 days 00:31:00,205951.0,1187.0,0.23124448367166814
2,2023-05-25 06:20:00,Забайкальская,CV,2023,143 days 23:39:00,207339.0,1388.0,0.2321270962047661
2,2023-05-25 10:33:00,Восточно-Сибирская,CV,2023,144 days 03:52:00,207592.0,253.0,0.23300970873786409
2,2023-05-26 07:55:00,Забайкальская,CV,2023,145 days 01:14:00,208874.0,1282.0,0.23389232127096204
2,2023-05-26 08:20:00,Забайкальская,CV,2023,145 days 01:39:00,208899.0,25.0,0.23477493380406
2,2023-05-26 17:38:00,Восточно-Сибирская,CV,2023,145 days 10:57:00,209457.0,558.0,0.235657546337158
2,2023-05-27 00:00:00,Восточно-Сибирская,CV,2023,145 days 17:19:00,209839.0,382.0,0.23654015887025595
2,2023-05-27 06:30:00,Дальневосточная,CV,2023,145 days 23:49:00,210229.0,390.0,0.23742277140335394
2,2023-05-28 00:12:00,Восточно-Сибирская,CV,2023,146 days 17:31:00,211291.0,1062.0,0.2383053839364519
2,2023-05-29 13:17:00,Восточно-Сибирская,CV,2023,148 days 06:36:00,213516.0,2225.0,0.23918799646954986
2,2023-05-29 17:37:00,Октябрьская,CV,2023,148 days 10:56:00,213776.0,260.0,0.24007060900264784
2,2023-05-30 03:01:00,Восточно-Сибирская,CV,2023,148 days 20:20:00,214340.0,564.0,0.2409532215357458
2,2023-05-30 15:30:00,Забайкальская,CV,2023,149 days 08:49:00,215089.0,749.0,0.2418358340688438
2,2023-06-01 11:27:00,Красноярская,CV,2023,151 days 04:46:00,217726.0,2637.0,0.24271844660194175
2,2023-06-01 21:20:00,Западно-Сибирская,CV,2023,151 days 14:39:00,218319.0,593.0,0.2436010591350397
2,2023-06-02 11:47:00,Красноярская,CV,2023,152 days 05:06:00,219186.0,867.0,0.2444836716681377
2,2023-06-04 05:05:00,Красноярская,CV,2023,153 days 22:24:00,221664.0,2478.0,0.24536628420123566
2,2023-06-04 11:58:00,Забайкальская,CV,2023,154 days 05:17:00,222077.0,413.0,0.24624889673433362
2,2023-06-04 21:05:00,Октябрьская,CV,2023,154 days 14:24:00,222624.0,547.0,0.2471315092674316
2,2023-06-04 22:15:00,Свердловская,CV,2023,154 days 15:34:00,222694.0,70.0,0.24801412180052956
2,2023-06-05 09:46:00,Восточно-Сибирская,CV,2023,155 days 03:05:00,223385.0,691.0,0.24889673433362755
2,2023-06-05 09:52:00,Забайкальская,CV,2023,155 days 03:11:00,223391.0,6.0,0.2497793468667255
2,2023-06-06 08:13:00,Забайкальская,CV,2023,156 days 01:32:00,224732.0,1341.0,0.2506619593998235
2,2023-06-06 08:13:00,Забайкальская,CV,2023,156 days 01:32:00,224732.0,0.0,0.25154457193292146
2,2023-06-06 17:37:00,Западно-Сибирская,CV,2023,156 days 10:56:00,225296.0,564.0,0.2524271844660194
2,2023-06-08 18:02:00,Восточно-Сибирская,CV,2023,158 days 11:21:00,228201.0,2905.0,0.2533097969991174
2,2023-06-08 23:50:00,Октябрьская,CV,2023,158 days 17:09:00,228549.0,348.0,0.25419240953221534
2,2023-06-09 07:25:00,Дальневосточная,CV,2023,159 days 00:44:00,229004.0,455.0,0.25507502206531335
2,2023-06-09 10:37:00,Восточно-Сибирская,CV,2023,159 days 03:56:00,229196.0,192.0,0.2559576345984113
2,2023-06-09 15:51:00,Восточно-Сибирская,CV,2023,159 days 09:10:00,229510.0,314.0,0.25684024713150927
2,2023-06-13 07:40:00,Забайкальская,CV,2023,163 days 00:59:00,234779.0,5269.0,0.25772285966460723
2,2023-06-14 01:19:00,Забайкальская,CV,2023,163 days 18:38:00,235838.0,1059.0,0.2586054721977052
2,2023-06-14 13:54:00,Восточно-Сибирская,CV,2023,164 days 07:13:00,236593.0,755.0,0.2594880847308032
2,2023-06-14 19:36:00,Забайкальская,CV,2023,164 days 12:55:00,236935.0,342.0,0.26037069726390116
2,2023-06-16 16:33:00,Восточно-Сибирская,CV,2023,166 days 09:52:00,239632.0,2697.0,0.2612533097969991
2,2023-06-17 15:20:00,Южно-Уральская,CV,2023,167 days 08:39:00,240999.0,1367.0,0.2621359223300971
2,2023-06-17 20:17:00,Свердловская,CV,2023,167 days 13:36:00,241296.0,297.0,0.26301853486319504
2,2023-06-18 04:50:00,Забайкальская,CV,2023,167 days 22:09:00,241809.0,513.0,0.263901147396293
2,2023-06-18 17:56:00,Красноярская,CV,2023,168 days 11:15:00,242595.0,786.0,0.264783759929391
2,2023-06-19 13:23:00,Восточно-Сибирская,CV,2023,169 days 06:42:00,243762.0,1167.0,0.265666372462489
2,2023-06-19 14:07:00,Красноярская,CV,2023,169 days 07:26:00,243806.0,44.0,0.26654898499558694
2,2023-06-19 15:03:00,Северная,CV,2023,169 days 08:22:00,243862.0,56.0,0.2674315975286849
2,2023-06-20 03:35:00,Восточно-Сибирская,CV,2023,169 days 20:54:00,244614.0,752.0,0.26831421006178285
2,2023-06-20 11:36:00,Восточно-Сибирская,CV,2023,170 days 04:55:00,245095.0,481.0,0.26919682259488087
2,2023-06-20 22:08:00,Южно-Уральская,CV,2023,170 days 15:27:00,245727.0,632.0,0.27007943512797883
2,2023-06-22 06:02:00,Забайкальская,CV,2023,171 days 23:21:00,247641.0,1914.0,0.2709620476610768
2,2023-06-22 07:52:00,Забайкальская,CV,2023,172 days 01:11:00,247751.0,110.0,0.27184466019417475
2,2023-06-23 15:29:00,Красноярская,CV,2023,173 days 08:48:00,249648.0,1897.0,0.2727272727272727
2,2023-06-24 09:29:00,Забайкальская,CV,2023,174 days 02:48:00,250728.0,1080.0,0.2736098852603707
2,2023-06-24 11:28:00,Забайкальская,CV,2023,174 days 04:47:00,250847.0,119.0,0.2744924977934687
2,2023-06-24 17:58:00,Северная,CV,2023,174 days 11:17:00,251237.0,390.0,0.27537511032656664
2,2023-06-25 18:02:00,Восточно-Сибирская,CV,2023,175 days 11:21:00,252681.0,1444.0,0.2762577228596646
2,2023-06-25 20:16:00,Забайкальская,CV,2023,175 days 13:35:00,252815.0,134.0,0.27714033539276256
2,2023-06-25 21:34:00,Восточно-Сибирская,CV,2023,175 days 14:53:00,252893.0,78.0,0.2780229479258605
2,2023-06-26 09:23:00,Южно-Уральская,CV,2023,176 days 02:42:00,253602.0,709.0,0.27890556045895853
2,2023-06-26 13:24:00,Восточно-Сибирская,CV,2023,176 days 06:43:00,253843.0,241.0,0.2797881729920565
2,2023-06-26 13:24:00,Восточно-Сибирская,CV,2023,176 days 06:43:00,253843.0,0.0,0.28067078552515445
2,2023-06-27 03:46:00,Забайкальская,CV,2023,176 days 21:05:00,254705.0,862.0,0.2815533980582524
2,2023-06-27 07:27:00,Восточно-Сибирская,CV,2023,177 days 00:46:00,254926.0,221.0,0.2824360105913504
2,2023-06-27 10:34:00,Забайкальская,CV,2023,177 days 03:53:00,255113.0,187.0,0.2833186231244484
2,2023-06-27 12:20:00,Северная,CV,2023,177 days 05:39:00,255219.0,106.0,0.28420123565754635
2,2023-06-28 12:16:00,Восточно-Сибирская,CV,2023,178 days 05:35:00,256655.0,1436.0,0.2850838481906443
2,2023-06-29 10:34:00,Восточно-Сибирская,CV,2023,179 days 03:53:00,257993.0,1338.0,0.28596646072374227
2,2023-06-29 14:50:00,Южно-Уральская,CV,2023,179 days 08:09:00,258249.0,256.0,0.2868490732568402
2,2023-06-29 20:44:00,Восточно-Сибирская,CV,2023,179 days 14:03:00,258603.0,354.0,0.28773168578993824
2,2023-06-30 04:13:00,Восточно-Сибирская,CV,2023,179 days 21:32:00,259052.0,449.0,0.2886142983230362
2,2023-06-30 23:05:00,Северная,CV,2023,180 days 16:24:00,260184.0,1132.0,0.28949691085613416
2,2023-07-01 01:53:00,Октябрьская,CV,2023,180 days 19:12:00,260352.0,168.0,0.2903795233892321
2,2023-07-01 09:53:00,Восточно-Сибирская,CV,2023,181 days 03:12:00,260832.0,480.0,0.2912621359223301
2,2023-07-02 00:23:00,Свердловская,CV,2023,181 days 17:42:00,261702.0,870.0,0.2921447484554281
2,2023-07-02 22:25:00,Восточно-Сибирская,CV,2023,182 days 15:44:00,263024.0,1322.0,0.29302736098852605
2,2023-07-03 00:17:00,Забайкальская,CV,2023,182 days 17:36:00,263136.0,112.0,0.293909973521624
2,2023-07-04 05:40:00,Красноярская,CV,2023,183 days 22:59:00,264899.0,1763.0,0.294792586054722
2,2023-07-04 21:40:00,Красноярская,CV,2023,184 days 14:59:00,265859.0,960.0,0.29567519858781993
2,2023-07-06 03:16:00,Забайкальская,CV,2023,185 days 20:35:00,267635.0,1776.0,0.2965578111209179
2,2023-07-06 04:30:00,Забайкальская,CV,2023,185 days 21:49:00,267709.0,74.0,0.2974404236540159
2,2023-07-06 13:20:00,Дальневосточная,CV,2023,186 days 06:39:00,268239.0,530.0,0.29832303618711387
2,2023-07-09 00:52:00,Красноярская,CV,2023,188 days 18:11:00,271811.0,3572.0,0.2992056487202118
2,2023-07-10 19:21:00,Забайкальская,CV,2023,190 days 12:40:00,274360.0,2549.0,0.3000882612533098
2,2023-07-13 03:50:00,Забайкальская,CV,2023,192 days 21:09:00,277749.0,3389.0,0.30097087378640774
2,2023-07-13 10:32:00,Восточно-Сибирская,CV,2023,193 days 03:51:00,278151.0,402.0,0.30185348631950576
2,2023-07-13 23:12:00,Восточно-Сибирская,CV,2023,193 days 16:31:00,278911.0,760.0,0.3027360988526037
2,2023-07-15 03:50:00,Забайкальская,CV,2023,194 days 21:09:00,280629.0,1718.0,0.3036187113857017
2,2023-07-16 12:19:00,Восточно-Сибирская,CV,2023,196 days 05:38:00,282578.0,1949.0,0.30450132391879964
2,2023-07-16 14:34:00,Свердловская,CV,2023,196 days 07:53:00,282713.0,135.0,0.3053839364518976
2,2023-07-16 18:25:00,Забайкальская,CV,2023,196 days 11:44:00,282944.0,231.0,0.3062665489849956
2,2023-07-18 21:33:00,Дальневосточная,CV,2023,198 days 14:52:00,286012.0,3068.0,0.30714916151809357
2,2023-07-18 21:38:00,Восточно-Сибирская,CV,2023,198 days 14:57:00,286017.0,5.0,0.30803177405119153
2,2023-07-20 03:57:00,Забайкальская,CV,2023,199 days 21:16:00,287836.0,1819.0,0.3089143865842895
2,2023-07-20 06:50:00,Восточно-Сибирская,CV,2023,200 days 00:09:00,288009.0,173.0,0.30979699911738745
2,2023-07-20 23:05:00,Забайкальская,CV,2023,200 days 16:24:00,288984.0,975.0,0.3106796116504854
2,2023-07-21 05:11:00,Забайкальская,CV,2023,200 days 22:30:00,289350.0,366.0,0.3115622241835834
2,2023-07-22 06:05:00,Свердловская,CV,2023,201 days 23:24:00,290844.0,1494.0,0.3124448367166814
2,2023-07-23 01:48:00,Восточно-Сибирская,CV,2023,202 days 19:07:00,292027.0,1183.0,0.31332744924977934
2,2023-07-23 04:04:00,Восточно-Сибирская,CV,2023,202 days 21:23:00,292163.0,136.0,0.3142100617828773
2,2023-07-23 22:08:00,Восточно-Сибирская,CV,2023,203 days 15:27:00,293247.0,1084.0,0.31509267431597526
2,2023-07-24 00:10:00,Восточно-Сибирская,CV,2023,203 days 17:29:00,293369.0,122.0,0.3159752868490733
2,2023-07-24 03:44:00,Восточно-Сибирская,CV,2023,203 days 21:03:00,293583.0,214.0,0.31685789938217124
2,2023-07-24 11:09:00,Восточно-Сибирская,CV,2023,204 days 04:28:00,294028.0,445.0,0.3177405119152692
2,2023-07-25 08:15:00,Октябрьская,CV,2023,205 days 01:34:00,295294.0,1266.0,0.31862312444836716
2,2023-07-25 08:25:00,Дальневосточная,CV,2023,205 days 01:44:00,295304.0,10.0,0.3195057369814651
2,2023-07-29 16:19:00,Восточно-Сибирская,CV,2023,209 days 09:38:00,301538.0,6234.0,0.32038834951456313
2,2023-07-30 03:26:00,Восточно-Сибирская,CV,2023,209 days 20:45:00,302205.0,667.0,0.3212709620476611
2,2023-07-30 05:35:00,Восточно-Сибирская,CV,2023,209 days 22:54:00,302334.0,129.0,0.32215357458075905
2,2023-07-31 14:09:00,Красноярская,CV,2023,211 days 07:28:00,304288.0,1954.0,0.323036187113857
2,2023-08-01 06:02:00,Горьковская,CV,2023,211 days 23:21:00,305241.0,953.0,0.32391879964695497
2,2023-08-01 18:37:00,Западно-Сибирская,CV,2023,212 days 11:56:00,305996.0,755.0,0.324801412180053
2,2023-08-02 01:06:00,Московская,CV,2023,212 days 18:25:00,306385.0,389.0,0.32568402471315094
2,2023-08-04 21:40:00,Восточно-Сибирская,CV,2023,215 days 14:59:00,310499.0,4114.0,0.3265666372462489
2,2023-08-05 08:55:00,Октябрьская,CV,2023,216 days 02:14:00,311174.0,675.0,0.32744924977934686
2,2023-08-05 09:02:00,Западно-Сибирская,CV,2023,216 days 02:21:00,311181.0,7.0,0.3283318623124448
2,2023-08-06 10:33:00,Забайкальская,CV,2023,217 days 03:52:00,312712.0,1531.0,0.3292144748455428
2,2023-08-06 11:44:00,Восточно-Сибирская,CV,2023,217 days 05:03:00,312783.0,71.0,0.3300970873786408
2,2023-08-06 23:50:00,Северная,CV,2023,217 days 17:09:00,313509.0,726.0,0.33097969991173876
2,2023-08-07 09:10:00,Восточно-Сибирская,CV,2023,218 days 02:29:00,314069.0,560.0,0.3318623124448367
2,2023-08-08 18:03:00,Забайкальская,CV,2023,219 days 11:22:00,316042.0,1973.0,0.3327449249779347
2,2023-08-09 05:35:00,Восточно-Сибирская,CV,2023,219 days 22:54:00,316734.0,692.0,0.33362753751103263
2,2023-08-09 10:25:00,Забайкальская,CV,2023,220 days 03:44:00,317024.0,290.0,0.33451015004413065
2,2023-08-09 10:51:00,Восточно-Сибирская,CV,2023,220 days 04:10:00,317050.0,26.0,0.3353927625772286
2,2023-08-13 03:16:00,Восточно-Сибирская,CV,2023,223 days 20:35:00,322355.0,5305.0,0.33627537511032657
2,2023-08-13 08:36:00,Восточно-Сибирская,CV,2023,224 days 01:55:00,322675.0,320.0,0.33715798764342453
2,2023-08-13 11:14:00,Северная,CV,2023,224 days 04:33:00,322833.0,158.0,0.3380406001765225
2,2023-08-13 22:51:00,Восточно-Сибирская,CV,2023,224 days 16:10:00,323530.0,697.0,0.3389232127096205
2,2023-08-14 05:18:00,Восточно-Сибирская,CV,2023,224 days 22:37:00,323917.0,387.0,0.33980582524271846
2,2023-08-14 09:16:00,Восточно-Сибирская,CV,2023,225 days 02:35:00,324155.0,238.0,0.3406884377758164
2,2023-08-15 04:00:00,Горьковская,CV,2023,225 days 21:19:00,325279.0,1124.0,0.3415710503089144
2,2023-08-15 11:51:00,Северная,CV,2023,226 days 05:10:00,325750.0,471.0,0.34245366284201234
2,2023-08-15 12:45:00,Забайкальская,CV,2023,226 days 06:04:00,325804.0,54.0,0.3433362753751103
2,2023-08-15 17:15:00,Восточно-Сибирская,CV,2023,226 days 10:34:00,326074.0,270.0,0.3442188879082083
2,2023-08-15 22:47:00,Забайкальская,CV,2023,226 days 16:06:00,326406.0,332.0,0.3451015004413063
2,2023-08-16 01:48:00,Восточно-Сибирская,CV,2023,226 days 19:07:00,326587.0,181.0,0.34598411297440423
2,2023-08-16 12:00:00,Дальневосточная,CV,2023,227 days 05:19:00,327199.0,612.0,0.3468667255075022
2,2023-08-16 16:00:00,Октябрьская,CV,2023,227 days 09:19:00,327439.0,240.0,0.34774933804060015
2,2023-08-16 16:59:00,Дальневосточная,CV,2023,227 days 10:18:00,327498.0,59.0,0.34863195057369817
2,2023-08-16 20:00:00,Забайкальская,CV,2023,227 days 13:19:00,327679.0,181.0,0.34951456310679613
2,2023-08-16 20:06:00,Восточно-Сибирская,CV,2023,227 days 13:25:00,327685.0,6.0,0.3503971756398941
2,2023-08-16 20:36:00,Забайкальская,CV,2023,227 days 13:55:00,327715.0,30.0,0.35127978817299205
2,2023-08-17 00:04:00,Октябрьская,CV,2023,227 days 17:23:00,327923.0,208.0,0.35216240070609
2,2023-08-17 01:37:00,Восточно-Сибирская,CV,2023,227 days 18:56:00,328016.0,93.0,0.353045013239188
2,2023-08-18 00:50:00,Забайкальская,CV,2023,228 days 18:09:00,329409.0,1393.0,0.353927625772286
2,2023-08-18 03:09:00,Восточно-Сибирская,CV,2023,228 days 20:28:00,329548.0,139.0,0.35481023830538394
2,2023-08-18 21:24:00,Забайкальская,CV,2023,229 days 14:43:00,330643.0,1095.0,0.3556928508384819
2,2023-08-20 10:45:00,Дальневосточная,CV,2023,231 days 04:04:00,332884.0,2241.0,0.35657546337157986
2,2023-08-20 13:35:00,Восточно-Сибирская,CV,2023,231 days 06:54:00,333054.0,170.0,0.3574580759046778
2,2023-08-21 04:37:00,Забайкальская,CV,2023,231 days 21:56:00,333956.0,902.0,0.35834068843777583
2,2023-08-21 12:41:00,Дальневосточная,CV,2023,232 days 06:00:00,334440.0,484.0,0.3592233009708738
2,2023-08-21 18:20:00,Восточно-Сибирская,CV,2023,232 days 11:39:00,334779.0,339.0,0.36010591350397175
2,2023-08-22 03:01:00,Западно-Сибирская,CV,2023,232 days 20:20:00,335300.0,521.0,0.3609885260370697
2,2023-08-22 22:17:00,Восточно-Сибирская,CV,2023,233 days 15:36:00,336456.0,1156.0,0.36187113857016767
2,2023-08-22 22:23:00,Забайкальская,CV,2023,233 days 15:42:00,336462.0,6.0,0.3627537511032657
2,2023-08-22 23:28:00,Восточно-Сибирская,CV,2023,233 days 16:47:00,336527.0,65.0,0.36363636363636365
2,2023-08-24 02:09:00,Восточно-Сибирская,CV,2023,234 days 19:28:00,338128.0,1601.0,0.3645189761694616
2,2023-08-24 06:03:00,Забайкальская,CV,2023,234 days 23:22:00,338362.0,234.0,0.36540158870255957
2,2023-08-24 06:12:00,Восточно-Сибирская,CV,2023,234 days 23:31:00,338371.0,9.0,0.3662842012356575
2,2023-08-25 01:49:00,Западно-Сибирская,CV,2023,235 days 19:08:00,339548.0,1177.0,0.36716681376875554
2,2023-08-25 15:50:00,Свердловская,CV,2023,236 days 09:09:00,340389.0,841.0,0.3680494263018535
2,2023-08-26 08:05:00,Октябрьская,CV,2023,237 days 01:24:00,341364.0,975.0,0.36893203883495146
2,2023-08-26 22:56:00,Восточно-Сибирская,CV,2023,237 days 16:15:00,342255.0,891.0,0.3698146513680494
2,2023-08-27 09:39:00,Восточно-Сибирская,CV,2023,238 days 02:58:00,342898.0,643.0,0.3706972639011474
2,2023-08-27 10:52:00,Восточно-Сибирская,CV,2023,238 days 04:11:00,342971.0,73.0,0.3715798764342454
2,2023-08-27 13:20:00,Северная,CV,2023,238 days 06:39:00,343119.0,148.0,0.37246248896734335
2,2023-08-27 19:45:00,Восточно-Сибирская,CV,2023,238 days 13:04:00,343504.0,385.0,0.3733451015004413
2,2023-08-27 22:50:00,Восточно-Сибирская,CV,2023,238 days 16:09:00,343689.0,185.0,0.37422771403353927
2,2023-08-28 00:58:00,Северная,CV,2023,238 days 18:17:00,343817.0,128.0,0.37511032656663723
2,2023-08-28 02:33:00,Восточно-Сибирская,CV,2023,238 days 19:52:00,343912.0,95.0,0.3759929390997352
2,2023-08-28 11:06:00,Восточно-Сибирская,CV,2023,239 days 04:25:00,344425.0,513.0,0.3768755516328332
2,2023-08-28 11:22:00,Восточно-Сибирская,CV,2023,239 days 04:41:00,344441.0,16.0,0.37775816416593117
2,2023-08-28 16:44:00,Западно-Сибирская,CV,2023,239 days 10:03:00,344763.0,322.0,0.3786407766990291
2,2023-08-29 12:57:00,Восточно-Сибирская,CV,2023,240 days 06:16:00,345976.0,1213.0,0.3795233892321271
2,2023-08-29 15:09:00,Октябрьская,CV,2023,240 days 08:28:00,346108.0,132.0,0.38040600176522504
2,2023-08-29 18:55:00,Октябрьская,CV,2023,240 days 12:14:00,346334.0,226.0,0.38128861429832306
2,2023-08-29 20:05:00,Восточно-Сибирская,CV,2023,240 days 13:24:00,346404.0,70.0,0.382171226831421
2,2023-08-30 09:18:00,Октябрьская,CV,2023,241 days 02:37:00,347197.0,793.0,0.383053839364519
2,2023-08-30 21:00:00,Восточно-Сибирская,CV,2023,241 days 14:19:00,347899.0,702.0,0.38393645189761694
2,2023-08-30 21:53:00,Восточно-Сибирская,CV,2023,241 days 15:12:00,347952.0,53.0,0.3848190644307149
2,2023-08-31 01:24:00,Восточно-Сибирская,CV,2023,241 days 18:43:00,348163.0,211.0,0.3857016769638129
2,2023-08-31 02:55:00,Забайкальская,CV,2023,241 days 20:14:00,348254.0,91.0,0.38658428949691087
2,2023-08-31 03:18:00,Восточно-Сибирская,CV,2023,241 days 20:37:00,348277.0,23.0,0.38746690203000883
2,2023-08-31 11:36:00,Забайкальская,CV,2023,242 days 04:55:00,348775.0,498.0,0.3883495145631068
2,2023-08-31 14:52:00,Октябрьская,CV,2023,242 days 08:11:00,348971.0,196.0,0.38923212709620475
2,2023-09-01 11:26:00,Южно-Уральская,CV,2023,243 days 04:45:00,350205.0,1234.0,0.3901147396293027
2,2023-09-03 03:00:00,Восточно-Сибирская,CV,2023,244 days 20:19:00,352579.0,2374.0,0.3909973521624007
2,2023-09-03 17:25:00,Забайкальская,CV,2023,245 days 10:44:00,353444.0,865.0,0.3918799646954987
2,2023-09-03 18:12:00,Западно-Сибирская,CV,2023,245 days 11:31:00,353491.0,47.0,0.39276257722859664
2,2023-09-03 19:50:00,Восточно-Сибирская,CV,2023,245 days 13:09:00,353589.0,98.0,0.3936451897616946
2,2023-09-05 08:26:00,Восточно-Сибирская,CV,2023,247 days 01:45:00,355785.0,2196.0,0.39452780229479256
2,2023-09-05 08:33:00,Северная,CV,2023,247 days 01:52:00,355792.0,7.0,0.3954104148278906
2,2023-09-05 15:55:00,Свердловская,CV,2023,247 days 09:14:00,356234.0,442.0,0.39629302736098854
2,2023-09-06 10:09:00,Восточно-Сибирская,CV,2023,248 days 03:28:00,357328.0,1094.0,0.3971756398940865
2,2023-09-06 11:40:00,Забайкальская,CV,2023,248 days 04:59:00,357419.0,91.0,0.39805825242718446
2,2023-09-06 13:15:00,Октябрьская,CV,2023,248 days 06:34:00,357514.0,95.0,0.3989408649602824
2,2023-09-06 19:49:00,Восточно-Сибирская,CV,2023,248 days 13:08:00,357908.0,394.0,0.39982347749338043
2,2023-09-07 18:41:00,Дальневосточная,CV,2023,249 days 12:00:00,359280.0,1372.0,0.4007060900264784
2,2023-09-08 04:19:00,Забайкальская,CV,2023,249 days 21:38:00,359858.0,578.0,0.40158870255957635
2,2023-09-08 06:12:00,Красноярская,CV,2023,249 days 23:31:00,359971.0,113.0,0.4024713150926743
2,2023-09-08 08:13:00,Дальневосточная,CV,2023,250 days 01:32:00,360092.0,121.0,0.40335392762577227
2,2023-09-08 11:19:00,Восточно-Сибирская,CV,2023,250 days 04:38:00,360278.0,186.0,0.4042365401588703
2,2023-09-08 14:47:00,Восточно-Сибирская,CV,2023,250 days 08:06:00,360486.0,208.0,0.40511915269196824
2,2023-09-08 17:14:00,Восточно-Сибирская,CV,2023,250 days 10:33:00,360633.0,147.0,0.4060017652250662
2,2023-09-10 09:52:00,Забайкальская,CV,2023,252 days 03:11:00,363071.0,2438.0,0.40688437775816416
2,2023-09-10 11:23:00,Южно-Уральская,CV,2023,252 days 04:42:00,363162.0,91.0,0.4077669902912621
2,2023-09-10 17:24:00,Забайкальская,CV,2023,252 days 10:43:00,363523.0,361.0,0.4086496028243601
2,2023-09-13 01:01:00,Западно-Сибирская,CV,2023,254 days 18:20:00,366860.0,3337.0,0.4095322153574581
2,2023-09-14 02:56:00,Октябрьская,CV,2023,255 days 20:15:00,368415.0,1555.0,0.41041482789055606
2,2023-09-14 10:50:00,Забайкальская,CV,2023,256 days 04:09:00,368889.0,474.0,0.411297440423654
2,2023-09-14 12:48:00,Восточно-Сибирская,CV,2023,256 days 06:07:00,369007.0,118.0,0.412180052956752
2,2023-09-14 19:18:00,Восточно-Сибирская,CV,2023,256 days 12:37:00,369397.0,390.0,0.41306266548984993
2,2023-09-15 10:25:00,Забайкальская,CV,2023,257 days 03:44:00,370304.0,907.0,0.41394527802294795
2,2023-09-15 12:22:00,Красноярская,CV,2023,257 days 05:41:00,370421.0,117.0,0.4148278905560459
2,2023-09-15 16:00:00,Красноярская,CV,2023,257 days 09:19:00,370639.0,218.0,0.41571050308914387
2,2023-09-16 19:02:00,Забайкальская,CV,2023,258 days 12:21:00,372261.0,1622.0,0.4165931156222418
2,2023-09-19 22:15:00,Восточно-Сибирская,CV,2023,261 days 15:34:00,376774.0,4513.0,0.4174757281553398
2,2023-09-20 00:17:00,Забайкальская,CV,2023,261 days 17:36:00,376896.0,122.0,0.4183583406884378
2,2023-09-20 17:24:00,Дальневосточная,CV,2023,262 days 10:43:00,377923.0,1027.0,0.41924095322153576
2,2023-09-21 19:02:00,Восточно-Сибирская,CV,2023,263 days 12:21:00,379461.0,1538.0,0.4201235657546337
2,2023-09-22 09:25:00,Забайкальская,CV,2023,264 days 02:44:00,380324.0,863.0,0.4210061782877317
2,2023-09-22 18:30:00,Забайкальская,CV,2023,264 days 11:49:00,380869.0,545.0,0.42188879082082964
2,2023-09-23 09:40:00,Западно-Сибирская,CV,2023,265 days 02:59:00,381779.0,910.0,0.4227714033539276
2,2023-09-24 23:38:00,Свердловская,CV,2023,266 days 16:57:00,384057.0,2278.0,0.4236540158870256
2,2023-09-25 03:17:00,Забайкальская,CV,2023,266 days 20:36:00,384276.0,219.0,0.4245366284201236
2,2023-09-26 04:15:00,Забайкальская,CV,2023,267 days 21:34:00,385774.0,1498.0,0.42541924095322153
2,2023-09-27 07:16:00,Восточно-Сибирская,CV,2023,269 days 00:35:00,387395.0,1621.0,0.4263018534863195
2,2023-09-27 09:45:00,Октябрьская,CV,2023,269 days 03:04:00,387544.0,149.0,0.42718446601941745
2,2023-09-28 13:58:00,Забайкальская,CV,2023,270 days 07:17:00,389237.0,1693.0,0.42806707855251547
2,2023-09-29 23:20:00,Забайкальская,CV,2023,271 days 16:39:00,391239.0,2002.0,0.4289496910856134
2,2023-09-30 23:49:00,Восточно-Сибирская,CV,2023,272 days 17:08:00,392708.0,1469.0,0.4298323036187114
2,2023-10-01 01:47:00,Забайкальская,CV,2023,272 days 19:06:00,392826.0,118.0,0.43071491615180935
2,2023-10-01 21:50:00,Восточно-Сибирская,CV,2023,273 days 15:09:00,394029.0,1203.0,0.4315975286849073
2,2023-10-01 23:15:00,Западно-Сибирская,CV,2023,273 days 16:34:00,394114.0,85.0,0.4324801412180053
2,2023-10-02 04:06:00,Дальневосточная,CV,2023,273 days 21:25:00,394405.0,291.0,0.4333627537511033
2,2023-10-02 10:24:00,Дальневосточная,CV,2023,274 days 03:43:00,394783.0,378.0,0.43424536628420124
2,2023-10-02 10:49:00,Восточно-Сибирская,CV,2023,274 days 04:08:00,394808.0,25.0,0.4351279788172992
2,2023-10-03 03:33:00,Дальневосточная,CV,2023,274 days 20:52:00,395812.0,1004.0,0.43601059135039716
2,2023-10-03 21:51:00,Восточно-Сибирская,CV,2023,275 days 15:10:00,396910.0,1098.0,0.4368932038834951
2,2023-10-04 02:40:00,Северная,CV,2023,275 days 19:59:00,397199.0,289.0,0.43777581641659313
2,2023-10-04 05:53:00,Дальневосточная,CV,2023,275 days 23:12:00,397392.0,193.0,0.4386584289496911
2,2023-10-04 07:55:00,Красноярская,CV,2023,276 days 01:14:00,397514.0,122.0,0.43954104148278905
2,2023-10-04 12:20:00,Восточно-Сибирская,CV,2023,276 days 05:39:00,397779.0,265.0,0.440423654015887
2,2023-10-04 23:28:00,Октябрьская,CV,2023,276 days 16:47:00,398447.0,668.0,0.44130626654898497
2,2023-10-05 02:40:00,Забайкальская,CV,2023,276 days 19:59:00,398639.0,192.0,0.442188879082083
2,2023-10-05 09:35:00,Восточно-Сибирская,CV,2023,277 days 02:54:00,399054.0,415.0,0.44307149161518095
2,2023-10-06 14:42:00,Октябрьская,CV,2023,278 days 08:01:00,400801.0,1747.0,0.4439541041482789
2,2023-10-06 21:45:00,Западно-Сибирская,CV,2023,278 days 15:04:00,401224.0,423.0,0.44483671668137686
2,2023-10-08 16:09:00,Восточно-Сибирская,CV,2023,280 days 09:28:00,403768.0,2544.0,0.4457193292144748
2,2023-10-09 20:48:00,Забайкальская,CV,2023,281 days 14:07:00,405487.0,1719.0,0.44660194174757284
2,2023-10-10 01:05:00,Забайкальская,CV,2023,281 days 18:24:00,405744.0,257.0,0.4474845542806708
2,2023-10-10 01:07:00,Восточно-Сибирская,CV,2023,281 days 18:26:00,405746.0,2.0,0.44836716681376876
2,2023-10-10 17:25:00,Красноярская,CV,2023,282 days 10:44:00,406724.0,978.0,0.4492497793468667
2,2023-10-10 22:39:00,Восточно-Сибирская,CV,2023,282 days 15:58:00,407038.0,314.0,0.4501323918799647
2,2023-10-14 08:03:00,Восточно-Сибирская,CV,2023,286 days 01:22:00,411922.0,4884.0,0.4510150044130627
2,2023-10-16 09:47:00,Забайкальская,CV,2023,288 days 03:06:00,414906.0,2984.0,0.45189761694616065
2,2023-10-17 10:17:00,Красноярская,CV,2023,289 days 03:36:00,416376.0,1470.0,0.4527802294792586
2,2023-10-18 21:53:00,Южно-Уральская,CV,2023,290 days 15:12:00,418512.0,2136.0,0.45366284201235657
2,2023-10-18 23:08:00,Восточно-Сибирская,CV,2023,290 days 16:27:00,418587.0,75.0,0.45454545454545453
2,2023-10-19 02:51:00,Дальневосточная,CV,2023,290 days 20:10:00,418810.0,223.0,0.4554280670785525
2,2023-10-20 12:22:00,Свердловская,CV,2023,292 days 05:41:00,420821.0,2011.0,0.4563106796116505
2,2023-10-21 04:36:00,Забайкальская,CV,2023,292 days 21:55:00,421795.0,974.0,0.45719329214474846
2,2023-10-21 11:49:00,Забайкальская,CV,2023,293 days 05:08:00,422228.0,433.0,0.4580759046778464
2,2023-10-22 22:13:00,Восточно-Сибирская,CV,2023,294 days 15:32:00,424292.0,2064.0,0.4589585172109444
2,2023-10-23 07:22:00,Забайкальская,CV,2023,295 days 00:41:00,424841.0,549.0,0.45984112974404234
2,2023-10-23 08:44:00,Дальневосточная,CV,2023,295 days 02:03:00,424923.0,82.0,0.46072374227714036
2,2023-10-23 13:48:00,Забайкальская,CV,2023,295 days 07:07:00,425227.0,304.0,0.4616063548102383
2,2023-10-25 04:00:00,Красноярская,CV,2023,296 days 21:19:00,427519.0,2292.0,0.4624889673433363
2,2023-10-25 04:44:00,Забайкальская,CV,2023,296 days 22:03:00,427563.0,44.0,0.46337157987643424
2,2023-10-25 16:14:00,Южно-Уральская,CV,2023,297 days 09:33:00,428253.0,690.0,0.4642541924095322
2,2023-10-25 22:15:00,Забайкальская,CV,2023,297 days 15:34:00,428614.0,361.0,0.4651368049426302
2,2023-10-26 10:03:00,Дальневосточная,CV,2023,298 days 03:22:00,429322.0,708.0,0.46601941747572817
2,2023-10-26 17:11:00,Куйбышевская,CV,2023,298 days 10:30:00,429750.0,428.0,0.46690203000882613
2,2023-10-26 17:37:00,Забайкальская,CV,2023,298 days 10:56:00,429776.0,26.0,0.4677846425419241
2,2023-10-26 18:03:00,Забайкальская,CV,2023,298 days 11:22:00,429802.0,26.0,0.46866725507502205
2,2023-10-26 19:03:00,Забайкальская,CV,2023,298 days 12:22:00,429862.0,60.0,0.46954986760812
2,2023-10-27 04:35:00,Западно-Сибирская,CV,2023,298 days 21:54:00,430434.0,572.0,0.470432480141218
2,2023-10-28 08:55:00,Забайкальская,CV,2023,300 days 02:14:00,432134.0,1700.0,0.471315092674316
2,2023-10-28 13:12:00,Западно-Сибирская,CV,2023,300 days 06:31:00,432391.0,257.0,0.47219770520741394
2,2023-10-29 06:58:00,Восточно-Сибирская,CV,2023,301 days 00:17:00,433457.0,1066.0,0.4730803177405119
2,2023-10-29 11:30:00,Восточно-Сибирская,CV,2023,301 days 04:49:00,433729.0,272.0,0.47396293027360986
2,2023-10-29 11:40:00,Забайкальская,CV,2023,301 days 04:59:00,433739.0,10.0,0.4748455428067079
2,2023-10-29 14:13:00,Северная,CV,2023,301 days 07:32:00,433892.0,153.0,0.47572815533980584
2,2023-10-29 14:55:00,Забайкальская,CV,2023,301 days 08:14:00,433934.0,42.0,0.4766107678729038
2,2023-10-30 08:45:00,Свердловская,CV,2023,302 days 02:04:00,435004.0,1070.0,0.47749338040600176
2,2023-10-30 12:14:00,Северная,CV,2023,302 days 05:33:00,435213.0,209.0,0.4783759929390997
2,2023-10-30 20:34:00,Дальневосточная,CV,2023,302 days 13:53:00,435713.0,500.0,0.47925860547219773
2,2023-10-31 02:31:00,Северная,CV,2023,302 days 19:50:00,436070.0,357.0,0.4801412180052957
2,2023-10-31 09:54:00,Свердловская,CV,2023,303 days 03:13:00,436513.0,443.0,0.48102383053839365
2,2023-10-31 13:07:00,Восточно-Сибирская,CV,2023,303 days 06:26:00,436706.0,193.0,0.4819064430714916
2,2023-11-01 07:00:00,Забайкальская,CV,2023,304 days 00:19:00,437779.0,1073.0,0.48278905560458957
2,2023-11-01 18:44:00,Свердловская,CV,2023,304 days 12:03:00,438483.0,704.0,0.4836716681376876
2,2023-11-01 22:02:00,Западно-Сибирская,CV,2023,304 days 15:21:00,438681.0,198.0,0.48455428067078554
2,2023-11-02 02:11:00,Западно-Сибирская,CV,2023,304 days 19:30:00,438930.0,249.0,0.4854368932038835
2,2023-11-02 13:10:00,Забайкальская,CV,2023,305 days 06:29:00,439589.0,659.0,0.48631950573698146
2,2023-11-02 15:14:00,Восточно-Сибирская,CV,2023,305 days 08:33:00,439713.0,124.0,0.4872021182700794
2,2023-11-02 18:40:00,Восточно-Сибирская,CV,2023,305 days 11:59:00,439919.0,206.0,0.4880847308031774
2,2023-11-02 18:43:00,Восточно-Сибирская,CV,2023,305 days 12:02:00,439922.0,3.0,0.4889673433362754
2,2023-11-02 20:00:00,Красноярская,CV,2023,305 days 13:19:00,439999.0,77.0,0.48984995586937335
2,2023-11-03 03:50:00,Северная,CV,2023,305 days 21:09:00,440469.0,470.0,0.4907325684024713
2,2023-11-03 18:58:00,Забайкальская,CV,2023,306 days 12:17:00,441377.0,908.0,0.4916151809355693
2,2023-11-04 05:50:00,Восточно-Сибирская,CV,2023,306 days 23:09:00,442029.0,652.0,0.49249779346866723
2,2023-11-04 16:47:00,Восточно-Сибирская,CV,2023,307 days 10:06:00,442686.0,657.0,0.49338040600176525
2,2023-11-04 17:30:00,Дальневосточная,CV,2023,307 days 10:49:00,442729.0,43.0,0.4942630185348632
2,2023-11-05 11:37:00,Забайкальская,CV,2023,308 days 04:56:00,443816.0,1087.0,0.49514563106796117
2,2023-11-07 03:06:00,Восточно-Сибирская,CV,2023,309 days 20:25:00,446185.0,2369.0,0.4960282436010591
2,2023-11-07 09:17:00,Восточно-Сибирская,CV,2023,310 days 02:36:00,446556.0,371.0,0.4969108561341571
2,2023-11-07 12:15:00,Забайкальская,CV,2023,310 days 05:34:00,446734.0,178.0,0.4977934686672551
2,2023-11-07 17:52:00,Забайкальская,CV,2023,310 days 11:11:00,447071.0,337.0,0.49867608120035306
2,2023-11-07 22:52:00,Красноярская,CV,2023,310 days 16:11:00,447371.0,300.0,0.499558693733451
2,2023-11-08 10:27:00,Забайкальская,CV,2023,311 days 03:46:00,448066.0,695.0,0.500441306266549
2,2023-11-08 12:30:00,Восточно-Сибирская,CV,2023,311 days 05:49:00,448189.0,123.0,0.501323918799647
2,2023-11-09 21:08:00,Забайкальская,CV,2023,312 days 14:27:00,450147.0,1958.0,0.502206531332745
2,2023-11-09 21:16:00,Западно-Сибирская,CV,2023,312 days 14:35:00,450155.0,8.0,0.5030891438658429
2,2023-11-09 23:28:00,Забайкальская,CV,2023,312 days 16:47:00,450287.0,132.0,0.5039717563989409
2,2023-11-10 08:59:00,Дальневосточная,CV,2023,313 days 02:18:00,450858.0,571.0,0.5048543689320388
2,2023-11-10 18:54:00,Западно-Сибирская,CV,2023,313 days 12:13:00,451453.0,595.0,0.5057369814651368
2,2023-12-01 17:57:00,Восточно-Сибирская,CV,2023,334 days 11:16:00,481636.0,30183.0,0.5066195939982348
2,2023-12-02 23:52:00,Красноярская,CV,2023,335 days 17:11:00,483431.0,1795.0,0.5075022065313327
2,2023-12-03 12:00:00,Дальневосточная,CV,2023,336 days 05:19:00,484159.0,728.0,0.5083848190644307
2,2023-12-03 23:43:00,Восточно-Сибирская,CV,2023,336 days 17:02:00,484862.0,703.0,0.5092674315975286
2,2023-12-04 06:05:00,Восточно-Сибирская,CV,2023,336 days 23:24:00,485244.0,382.0,0.5101500441306267
2,2023-12-04 18:25:00,Восточно-Сибирская,CV,2023,337 days 11:44:00,485984.0,740.0,0.5110326566637247
2,2023-12-05 10:17:00,Дальневосточная,CV,2023,338 days 03:36:00,486936.0,952.0,0.5119152691968226
2,2023-12-05 15:49:00,Забайкальская,CV,2023,338 days 09:08:00,487268.0,332.0,0.5127978817299206
2,2023-12-05 16:10:00,Южно-Уральская,CV,2023,338 days 09:29:00,487289.0,21.0,0.5136804942630185
2,2023-12-06 03:21:00,Дальневосточная,CV,2023,338 days 20:40:00,487960.0,671.0,0.5145631067961165
2,2023-12-07 03:15:00,Забайкальская,CV,2023,339 days 20:34:00,489394.0,1434.0,0.5154457193292145
2,2023-12-07 08:05:00,Свердловская,CV,2023,340 days 01:24:00,489684.0,290.0,0.5163283318623124
2,2023-12-07 10:12:00,Западно-Сибирская,CV,2023,340 days 03:31:00,489811.0,127.0,0.5172109443954104
2,2023-12-07 19:13:00,Горьковская,CV,2023,340 days 12:32:00,490352.0,541.0,0.5180935569285083
2,2023-12-07 22:32:00,Красноярская,CV,2023,340 days 15:51:00,490551.0,199.0,0.5189761694616064
2,2023-12-07 22:32:00,Дальневосточная,CV,2023,340 days 15:51:00,490551.0,0.0,0.5198587819947044
2,2023-12-08 18:44:00,Свердловская,CV,2023,341 days 12:03:00,491763.0,1212.0,0.5207413945278023
2,2023-12-09 00:48:00,Забайкальская,CV,2023,341 days 18:07:00,492127.0,364.0,0.5216240070609003
2,2023-12-09 04:52:00,Забайкальская,CV,2023,341 days 22:11:00,492371.0,244.0,0.5225066195939982
2,2023-12-09 09:44:00,Забайкальская,CV,2023,342 days 03:03:00,492663.0,292.0,0.5233892321270962
2,2023-12-09 15:16:00,Забайкальская,CV,2023,342 days 08:35:00,492995.0,332.0,0.5242718446601942
2,2023-12-10 03:25:00,Северная,CV,2023,342 days 20:44:00,493724.0,729.0,0.5251544571932921
2,2023-12-10 14:47:00,Западно-Сибирская,CV,2023,343 days 08:06:00,494406.0,682.0,0.5260370697263901
2,2023-12-10 22:10:00,Октябрьская,CV,2023,343 days 15:29:00,494849.0,443.0,0.526919682259488
2,2024-01-01 09:35:00,Забайкальская,CV,2024,365 days 02:54:00,525774.0,30925.0,0.527802294792586
2,2024-01-01 16:03:00,Забайкальская,CV,2024,365 days 09:22:00,526162.0,388.0,0.5286849073256841
2,2024-01-02 01:51:00,Забайкальская,CV,2024,365 days 19:10:00,526750.0,588.0,0.529567519858782
2,2024-01-02 05:10:00,Дальневосточная,CV,2024,365 days 22:29:00,526949.0,199.0,0.53045013239188
2,2024-01-02 19:46:00,Восточно-Сибирская,CV,2024,366 days 13:05:00,527825.0,876.0,0.531332744924978
2,2024-01-03 06:23:00,Восточно-Сибирская,CV,2024,366 days 23:42:00,528462.0,637.0,0.5322153574580759
2,2024-01-03 18:18:00,Свердловская,CV,2024,367 days 11:37:00,529177.0,715.0,0.5330979699911739
2,2024-01-03 20:00:00,Забайкальская,CV,2024,367 days 13:19:00,529279.0,102.0,0.5339805825242718
2,2024-01-04 10:50:00,Восточно-Сибирская,CV,2024,368 days 04:09:00,530169.0,890.0,0.5348631950573698
2,2024-01-05 08:37:00,Красноярская,CV,2024,369 days 01:56:00,531476.0,1307.0,0.5357458075904677
2,2024-01-05 14:00:00,Восточно-Сибирская,CV,2024,369 days 07:19:00,531799.0,323.0,0.5366284201235657
2,2024-01-05 14:40:00,Красноярская,CV,2024,369 days 07:59:00,531839.0,40.0,0.5375110326566638
2,2024-01-06 07:40:00,Забайкальская,CV,2024,370 days 00:59:00,532859.0,1020.0,0.5383936451897617
2,2024-01-06 10:21:00,Восточно-Сибирская,CV,2024,370 days 03:40:00,533020.0,161.0,0.5392762577228597
2,2024-01-07 09:05:00,Восточно-Сибирская,CV,2024,371 days 02:24:00,534384.0,1364.0,0.5401588702559577
2,2024-01-08 00:41:00,Забайкальская,CV,2024,371 days 18:00:00,535320.0,936.0,0.5410414827890556
2,2024-01-11 01:36:00,Северная,CV,2024,374 days 18:55:00,539695.0,4375.0,0.5419240953221536
2,2024-01-12 09:08:00,Восточно-Сибирская,CV,2024,376 days 02:27:00,541587.0,1892.0,0.5428067078552515
2,2024-01-13 04:07:00,Восточно-Сибирская,CV,2024,376 days 21:26:00,542726.0,1139.0,0.5436893203883495
2,2024-01-13 13:34:00,Забайкальская,CV,2024,377 days 06:53:00,543293.0,567.0,0.5445719329214475
2,2024-01-14 01:45:00,Западно-Сибирская,CV,2024,377 days 19:04:00,544024.0,731.0,0.5454545454545454
2,2024-01-15 16:10:00,Свердловская,CV,2024,379 days 09:29:00,546329.0,2305.0,0.5463371579876434
2,2024-01-16 09:04:00,Забайкальская,CV,2024,380 days 02:23:00,547343.0,1014.0,0.5472197705207414
2,2024-01-17 15:08:00,Забайкальская,CV,2024,381 days 08:27:00,549147.0,1804.0,0.5481023830538394
2,2024-01-17 19:00:00,Восточно-Сибирская,CV,2024,381 days 12:19:00,549379.0,232.0,0.5489849955869374
2,2024-01-18 11:05:00,Забайкальская,CV,2024,382 days 04:24:00,550344.0,965.0,0.5498676081200353
2,2024-01-19 12:33:00,Восточно-Сибирская,CV,2024,383 days 05:52:00,551872.0,1528.0,0.5507502206531333
2,2024-01-20 12:11:00,Красноярская,CV,2024,384 days 05:30:00,553290.0,1418.0,0.5516328331862312
2,2024-01-20 16:10:00,Забайкальская,CV,2024,384 days 09:29:00,553529.0,239.0,0.5525154457193292
2,2024-01-21 19:03:00,Красноярская,CV,2024,385 days 12:22:00,555142.0,1613.0,0.5533980582524272
2,2024-01-22 07:15:00,Восточно-Сибирская,CV,2024,386 days 00:34:00,555874.0,732.0,0.5542806707855251
2,2024-01-22 08:25:00,Восточно-Сибирская,CV,2024,386 days 01:44:00,555944.0,70.0,0.5551632833186231
2,2024-01-22 15:05:00,Красноярская,CV,2024,386 days 08:24:00,556344.0,400.0,0.556045895851721
2,2024-01-23 09:30:00,Забайкальская,CV,2024,387 days 02:49:00,557449.0,1105.0,0.5569285083848191
2,2024-01-23 10:35:00,Красноярская,CV,2024,387 days 03:54:00,557514.0,65.0,0.5578111209179171
2,2024-01-24 00:48:00,Западно-Сибирская,CV,2024,387 days 18:07:00,558367.0,853.0,0.558693733451015
2,2024-01-25 02:32:00,Красноярская,CV,2024,388 days 19:51:00,559911.0,1544.0,0.559576345984113
2,2024-01-25 17:02:00,Восточно-Сибирская,CV,2024,389 days 10:21:00,560781.0,870.0,0.560458958517211
2,2024-01-25 20:00:00,Красноярская,CV,2024,389 days 13:19:00,560959.0,178.0,0.5613415710503089
2,2024-01-26 09:48:00,Красноярская,CV,2024,390 days 03:07:00,561787.0,828.0,0.5622241835834069
2,2024-01-28 08:40:00,Восточно-Сибирская,CV,2024,392 days 01:59:00,564599.0,2812.0,0.5631067961165048
2,2024-01-29 21:02:00,Западно-Сибирская,CV,2024,393 days 14:21:00,566781.0,2182.0,0.5639894086496028
2,2024-01-30 12:00:00,Восточно-Сибирская,CV,2024,394 days 05:19:00,567679.0,898.0,0.5648720211827007
2,2024-01-31 06:50:00,Забайкальская,CV,2024,395 days 00:09:00,568809.0,1130.0,0.5657546337157988
2,2024-01-31 17:44:00,Восточно-Сибирская,CV,2024,395 days 11:03:00,569463.0,654.0,0.5666372462488968
2,2024-02-01 02:30:00,Восточно-Сибирская,CV,2024,395 days 19:49:00,569989.0,526.0,0.5675198587819947
2,2024-02-03 00:00:00,Забайкальская,CV,2024,397 days 17:19:00,572719.0,2730.0,0.5684024713150927
2,2024-02-03 01:46:00,Южно-Уральская,CV,2024,397 days 19:05:00,572825.0,106.0,0.5692850838481907
2,2024-02-04 06:51:00,Восточно-Сибирская,CV,2024,399 days 00:10:00,574570.0,1745.0,0.5701676963812886
2,2024-02-05 11:04:00,Восточно-Сибирская,CV,2024,400 days 04:23:00,576263.0,1693.0,0.5710503089143866
2,2024-02-05 11:20:00,Северная,CV,2024,400 days 04:39:00,576279.0,16.0,0.5719329214474845
2,2024-02-06 03:09:00,Забайкальская,CV,2024,400 days 20:28:00,577228.0,949.0,0.5728155339805825
2,2024-02-07 18:59:00,Горьковская,CV,2024,402 days 12:18:00,579618.0,2390.0,0.5736981465136805
2,2024-02-08 05:08:00,Восточно-Сибирская,CV,2024,402 days 22:27:00,580227.0,609.0,0.5745807590467784
2,2024-02-09 19:22:00,Восточно-Сибирская,CV,2024,404 days 12:41:00,582521.0,2294.0,0.5754633715798765
2,2024-02-10 07:49:00,Забайкальская,CV,2024,405 days 01:08:00,583268.0,747.0,0.5763459841129744
2,2024-02-10 23:33:00,Свердловская,CV,2024,405 days 16:52:00,584212.0,944.0,0.5772285966460724
2,2024-02-12 10:19:00,Восточно-Сибирская,CV,2024,407 days 03:38:00,586298.0,2086.0,0.5781112091791704
2,2024-02-12 14:08:00,Забайкальская,CV,2024,407 days 07:27:00,586527.0,229.0,0.5789938217122683
2,2024-02-12 15:10:00,Восточно-Сибирская,CV,2024,407 days 08:29:00,586589.0,62.0,0.5798764342453663
2,2024-02-12 16:00:00,Восточно-Сибирская,CV,2024,407 days 09:19:00,586639.0,50.0,0.5807590467784642
2,2024-02-14 00:30:00,Свердловская,CV,2024,408 days 17:49:00,588589.0,1950.0,0.5816416593115622
2,2024-02-14 01:50:00,Дальневосточная,CV,2024,408 days 19:09:00,588669.0,80.0,0.5825242718446602
2,2024-02-14 21:36:00,Забайкальская,CV,2024,409 days 14:55:00,589855.0,1186.0,0.5834068843777581
2,2024-02-15 04:25:00,Забайкальская,CV,2024,409 days 21:44:00,590264.0,409.0,0.5842894969108562
2,2024-02-15 04:51:00,Забайкальская,CV,2024,409 days 22:10:00,590290.0,26.0,0.5851721094439541
2,2024-02-15 07:34:00,Свердловская,CV,2024,410 days 00:53:00,590453.0,163.0,0.5860547219770521
2,2024-02-15 15:10:00,Красноярская,CV,2024,410 days 08:29:00,590909.0,456.0,0.5869373345101501
2,2024-02-15 20:53:00,Восточно-Сибирская,CV,2024,410 days 14:12:00,591252.0,343.0,0.587819947043248
2,2024-02-16 00:04:00,Октябрьская,CV,2024,410 days 17:23:00,591443.0,191.0,0.588702559576346
2,2024-02-16 17:17:00,Дальневосточная,CV,2024,411 days 10:36:00,592476.0,1033.0,0.589585172109444
2,2024-02-18 21:37:00,Забайкальская,CV,2024,413 days 14:56:00,595616.0,3140.0,0.5904677846425419
2,2024-02-19 05:54:00,Восточно-Сибирская,CV,2024,413 days 23:13:00,596113.0,497.0,0.5913503971756399
2,2024-02-19 10:25:00,Октябрьская,CV,2024,414 days 03:44:00,596384.0,271.0,0.5922330097087378
2,2024-02-19 19:41:00,Восточно-Сибирская,CV,2024,414 days 13:00:00,596940.0,556.0,0.5931156222418358
2,2024-02-20 03:35:00,Забайкальская,CV,2024,414 days 20:54:00,597414.0,474.0,0.5939982347749339
2,2024-02-20 08:22:00,Восточно-Сибирская,CV,2024,415 days 01:41:00,597701.0,287.0,0.5948808473080318
2,2024-02-21 06:58:00,Восточно-Сибирская,CV,2024,416 days 00:17:00,599057.0,1356.0,0.5957634598411298
2,2024-02-21 16:10:00,Свердловская,CV,2024,416 days 09:29:00,599609.0,552.0,0.5966460723742277
2,2024-02-22 19:33:00,Забайкальская,CV,2024,417 days 12:52:00,601252.0,1643.0,0.5975286849073257
2,2024-02-22 21:57:00,Красноярская,CV,2024,417 days 15:16:00,601396.0,144.0,0.5984112974404237
2,2024-02-22 23:54:00,Западно-Сибирская,CV,2024,417 days 17:13:00,601513.0,117.0,0.5992939099735216
2,2024-02-23 13:57:00,Восточно-Сибирская,CV,2024,418 days 07:16:00,602356.0,843.0,0.6001765225066196
2,2024-02-24 04:30:00,Забайкальская,CV,2024,418 days 21:49:00,603229.0,873.0,0.6010591350397175
2,2024-02-25 00:52:00,Октябрьская,CV,2024,419 days 18:11:00,604451.0,1222.0,0.6019417475728155
2,2024-02-25 06:56:00,Восточно-Сибирская,CV,2024,420 days 00:15:00,604815.0,364.0,0.6028243601059136
2,2024-02-26 09:10:00,Забайкальская,CV,2024,421 days 02:29:00,606389.0,1574.0,0.6037069726390115
2,2024-02-26 13:15:00,Забайкальская,CV,2024,421 days 06:34:00,606634.0,245.0,0.6045895851721095
2,2024-02-26 23:56:00,Забайкальская,CV,2024,421 days 17:15:00,607275.0,641.0,0.6054721977052074
2,2024-02-27 22:12:00,Восточно-Сибирская,CV,2024,422 days 15:31:00,608611.0,1336.0,0.6063548102383054
2,2024-02-28 09:16:00,Южно-Уральская,CV,2024,423 days 02:35:00,609275.0,664.0,0.6072374227714034
2,2024-02-28 09:45:00,Забайкальская,CV,2024,423 days 03:04:00,609304.0,29.0,0.6081200353045013
2,2024-02-28 10:02:00,Забайкальская,CV,2024,423 days 03:21:00,609321.0,17.0,0.6090026478375993
2,2024-02-29 21:28:00,Забайкальская,CV,2024,424 days 14:47:00,611447.0,2126.0,0.6098852603706972
2,2024-02-29 22:11:00,Забайкальская,CV,2024,424 days 15:30:00,611490.0,43.0,0.6107678729037952
2,2024-03-03 08:34:00,Дальневосточная,CV,2024,427 days 01:53:00,614993.0,3503.0,0.6116504854368932
2,2024-03-03 10:21:00,Забайкальская,CV,2024,427 days 03:40:00,615100.0,107.0,0.6125330979699912
2,2024-03-03 18:22:00,Забайкальская,CV,2024,427 days 11:41:00,615581.0,481.0,0.6134157105030892
2,2024-03-03 22:21:00,Забайкальская,CV,2024,427 days 15:40:00,615820.0,239.0,0.6142983230361871
2,2024-03-07 06:58:00,Восточно-Сибирская,CV,2024,431 days 00:17:00,620657.0,4837.0,0.6151809355692851
2,2024-03-07 08:40:00,Дальневосточная,CV,2024,431 days 01:59:00,620759.0,102.0,0.6160635481023831
2,2024-03-07 09:38:00,Дальневосточная,CV,2024,431 days 02:57:00,620817.0,58.0,0.616946160635481
2,2024-03-07 11:00:00,Дальневосточная,CV,2024,431 days 04:19:00,620899.0,82.0,0.617828773168579
2,2024-03-07 14:00:00,Дальневосточная,CV,2024,431 days 07:19:00,621079.0,180.0,0.6187113857016769
2,2024-03-08 10:37:00,Восточно-Сибирская,CV,2024,432 days 03:56:00,622316.0,1237.0,0.6195939982347749
2,2024-03-08 23:05:00,Восточно-Сибирская,CV,2024,432 days 16:24:00,623064.0,748.0,0.6204766107678729
2,2024-03-09 18:25:00,Октябрьская,CV,2024,433 days 11:44:00,624224.0,1160.0,0.6213592233009708
2,2024-03-10 05:24:00,Дальневосточная,CV,2024,433 days 22:43:00,624883.0,659.0,0.6222418358340689
2,2024-03-11 11:17:00,Забайкальская,CV,2024,435 days 04:36:00,626676.0,1793.0,0.6231244483671668
2,2024-03-11 19:06:00,Забайкальская,CV,2024,435 days 12:25:00,627145.0,469.0,0.6240070609002648
2,2024-03-12 09:53:00,Дальневосточная,CV,2024,436 days 03:12:00,628032.0,887.0,0.6248896734333628
2,2024-03-13 01:23:00,Северная,CV,2024,436 days 18:42:00,628962.0,930.0,0.6257722859664607
2,2024-03-13 20:15:00,Свердловская,CV,2024,437 days 13:34:00,630094.0,1132.0,0.6266548984995587
2,2024-03-13 21:40:00,Забайкальская,CV,2024,437 days 14:59:00,630179.0,85.0,0.6275375110326566
2,2024-03-13 22:02:00,Западно-Сибирская,CV,2024,437 days 15:21:00,630201.0,22.0,0.6284201235657546
2,2024-03-14 19:24:00,Забайкальская,CV,2024,438 days 12:43:00,631483.0,1282.0,0.6293027360988526
2,2024-03-15 15:27:00,Восточно-Сибирская,CV,2024,439 days 08:46:00,632686.0,1203.0,0.6301853486319505
2,2024-03-15 17:51:00,Забайкальская,CV,2024,439 days 11:10:00,632830.0,144.0,0.6310679611650486
2,2024-03-16 13:46:00,Восточно-Сибирская,CV,2024,440 days 07:05:00,634025.0,1195.0,0.6319505736981466
2,2024-03-17 10:27:00,Западно-Сибирская,CV,2024,441 days 03:46:00,635266.0,1241.0,0.6328331862312445
2,2024-03-17 19:35:00,Восточно-Сибирская,CV,2024,441 days 12:54:00,635814.0,548.0,0.6337157987643425
2,2024-03-18 10:38:00,Забайкальская,CV,2024,442 days 03:57:00,636717.0,903.0,0.6345984112974404
2,2024-03-18 16:40:00,Забайкальская,CV,2024,442 days 09:59:00,637079.0,362.0,0.6354810238305384
2,2024-03-18 23:51:00,Восточно-Сибирская,CV,2024,442 days 17:10:00,637510.0,431.0,0.6363636363636364
2,2024-03-19 18:00:00,Забайкальская,CV,2024,443 days 11:19:00,638599.0,1089.0,0.6372462488967343
2,2024-03-20 04:18:00,Забайкальская,CV,2024,443 days 21:37:00,639217.0,618.0,0.6381288614298323
2,2024-03-20 06:18:00,Забайкальская,CV,2024,443 days 23:37:00,639337.0,120.0,0.6390114739629302
2,2024-03-20 11:46:00,Октябрьская,CV,2024,444 days 05:05:00,639665.0,328.0,0.6398940864960282
2,2024-03-21 02:44:00,Забайкальская,CV,2024,444 days 20:03:00,640563.0,898.0,0.6407766990291263
2,2024-03-21 02:57:00,Октябрьская,CV,2024,444 days 20:16:00,640576.0,13.0,0.6416593115622242
2,2024-03-21 15:25:00,Дальневосточная,CV,2024,445 days 08:44:00,641324.0,748.0,0.6425419240953222
2,2024-03-21 16:20:00,Забайкальская,CV,2024,445 days 09:39:00,641379.0,55.0,0.6434245366284201
2,2024-03-22 22:28:00,Свердловская,CV,2024,446 days 15:47:00,643187.0,1808.0,0.6443071491615181
2,2024-03-23 19:15:00,Дальневосточная,CV,2024,447 days 12:34:00,644434.0,1247.0,0.6451897616946161
2,2024-03-24 03:56:00,Восточно-Сибирская,CV,2024,447 days 21:15:00,644955.0,521.0,0.646072374227714
2,2024-03-25 23:44:00,Забайкальская,CV,2024,449 days 17:03:00,647583.0,2628.0,0.646954986760812
2,2024-03-26 00:20:00,Забайкальская,CV,2024,449 days 17:39:00,647619.0,36.0,0.6478375992939099
2,2024-03-26 20:53:00,Дальневосточная,CV,2024,450 days 14:12:00,648852.0,1233.0,0.6487202118270079
2,2024-03-27 07:01:00,Западно-Сибирская,CV,2024,451 days 00:20:00,649460.0,608.0,0.649602824360106
2,2024-03-27 14:35:00,Свердловская,CV,2024,451 days 07:54:00,649914.0,454.0,0.6504854368932039
2,2024-03-27 18:57:00,Восточно-Сибирская,CV,2024,451 days 12:16:00,650176.0,262.0,0.6513680494263019
2,2024-03-30 19:18:00,Забайкальская,CV,2024,454 days 12:37:00,654517.0,4341.0,0.6522506619593998
2,2024-03-31 08:10:00,Восточно-Сибирская,CV,2024,455 days 01:29:00,655289.0,772.0,0.6531332744924978
2,2024-03-31 11:35:00,Северная,CV,2024,455 days 04:54:00,655494.0,205.0,0.6540158870255958
2,2024-03-31 18:49:00,Восточно-Сибирская,CV,2024,455 days 12:08:00,655928.0,434.0,0.6548984995586937
2,2024-04-01 01:40:00,Забайкальская,CV,2024,455 days 18:59:00,656339.0,411.0,0.6557811120917917
2,2024-04-01 02:26:00,Забайкальская,CV,2024,455 days 19:45:00,656385.0,46.0,0.6566637246248896
2,2024-04-01 15:34:00,Восточно-Сибирская,CV,2024,456 days 08:53:00,657173.0,788.0,0.6575463371579876
2,2024-04-02 00:32:00,Восточно-Сибирская,CV,2024,456 days 17:51:00,657711.0,538.0,0.6584289496910856
2,2024-04-02 21:14:00,Восточно-Сибирская,CV,2024,457 days 14:33:00,658953.0,1242.0,0.6593115622241836
2,2024-04-03 15:17:00,Восточно-Сибирская,CV,2024,458 days 08:36:00,660036.0,1083.0,0.6601941747572816
2,2024-04-03 23:22:00,Восточно-Сибирская,CV,2024,458 days 16:41:00,660521.0,485.0,0.6610767872903796
2,2024-04-05 22:30:00,Восточно-Сибирская,CV,2024,460 days 15:49:00,663349.0,2828.0,0.6619593998234775
2,2024-04-05 23:30:00,Красноярская,CV,2024,460 days 16:49:00,663409.0,60.0,0.6628420123565755
2,2024-04-06 19:29:00,Северная,CV,2024,461 days 12:48:00,664608.0,1199.0,0.6637246248896734
2,2024-04-07 10:04:00,Восточно-Сибирская,CV,2024,462 days 03:23:00,665483.0,875.0,0.6646072374227714
2,2024-04-07 10:07:00,Восточно-Сибирская,CV,2024,462 days 03:26:00,665486.0,3.0,0.6654898499558694
2,2024-04-08 01:59:00,Забайкальская,CV,2024,462 days 19:18:00,666438.0,952.0,0.6663724624889673
2,2024-04-08 02:28:00,Дальневосточная,CV,2024,462 days 19:47:00,666467.0,29.0,0.6672550750220653
2,2024-04-08 21:19:00,Свердловская,CV,2024,463 days 14:38:00,667598.0,1131.0,0.6681376875551632
2,2024-04-09 00:36:00,Октябрьская,CV,2024,463 days 17:55:00,667795.0,197.0,0.6690203000882613
2,2024-04-09 16:44:00,Восточно-Сибирская,CV,2024,464 days 10:03:00,668763.0,968.0,0.6699029126213593
2,2024-04-09 21:20:00,Восточно-Сибирская,CV,2024,464 days 14:39:00,669039.0,276.0,0.6707855251544572
2,2024-04-11 02:54:00,Западно-Сибирская,CV,2024,465 days 20:13:00,670813.0,1774.0,0.6716681376875552
2,2024-04-11 11:43:00,Южно-Уральская,CV,2024,466 days 05:02:00,671342.0,529.0,0.6725507502206531
2,2024-04-11 16:02:00,Восточно-Сибирская,CV,2024,466 days 09:21:00,671601.0,259.0,0.6734333627537511
2,2024-04-12 18:45:00,Восточно-Сибирская,CV,2024,467 days 12:04:00,673204.0,1603.0,0.6743159752868491
2,2024-04-13 17:48:00,Западно-Сибирская,CV,2024,468 days 11:07:00,674587.0,1383.0,0.675198587819947
2,2024-04-14 08:12:00,Восточно-Сибирская,CV,2024,469 days 01:31:00,675451.0,864.0,0.676081200353045
2,2024-04-14 08:30:00,Дальневосточная,CV,2024,469 days 01:49:00,675469.0,18.0,0.6769638128861429
2,2024-04-16 03:08:00,Восточно-Сибирская,CV,2024,470 days 20:27:00,678027.0,2558.0,0.677846425419241
2,2024-04-18 22:43:00,Забайкальская,CV,2024,473 days 16:02:00,682082.0,4055.0,0.678729037952339
2,2024-04-19 01:12:00,Дальневосточная,CV,2024,473 days 18:31:00,682231.0,149.0,0.6796116504854369
2,2024-04-19 01:54:00,Восточно-Сибирская,CV,2024,473 days 19:13:00,682273.0,42.0,0.6804942630185349
2,2024-04-21 14:49:00,Забайкальская,CV,2024,476 days 08:08:00,685928.0,3655.0,0.6813768755516328
2,2024-04-21 17:00:00,Дальневосточная,CV,2024,476 days 10:19:00,686059.0,131.0,0.6822594880847308
2,2024-04-22 11:34:00,Дальневосточная,CV,2024,477 days 04:53:00,687173.0,1114.0,0.6831421006178288
2,2024-04-23 06:29:00,Восточно-Сибирская,CV,2024,477 days 23:48:00,688308.0,1135.0,0.6840247131509267
2,2024-04-23 09:10:00,Свердловская,CV,2024,478 days 02:29:00,688469.0,161.0,0.6849073256840247
2,2024-04-23 13:18:00,Северная,CV,2024,478 days 06:37:00,688717.0,248.0,0.6857899382171226
2,2024-04-24 02:14:00,Красноярская,CV,2024,478 days 19:33:00,689493.0,776.0,0.6866725507502206
2,2024-04-24 07:30:00,Забайкальская,CV,2024,479 days 00:49:00,689809.0,316.0,0.6875551632833187
2,2024-04-25 16:20:00,Восточно-Сибирская,CV,2024,480 days 09:39:00,691779.0,1970.0,0.6884377758164166
2,2024-04-25 17:50:00,Восточно-Сибирская,CV,2024,480 days 11:09:00,691869.0,90.0,0.6893203883495146
2,2024-04-26 08:40:00,Забайкальская,CV,2024,481 days 01:59:00,692759.0,890.0,0.6902030008826125
2,2024-04-26 13:47:00,Забайкальская,CV,2024,481 days 07:06:00,693066.0,307.0,0.6910856134157105
2,2024-04-27 01:00:00,Восточно-Сибирская,CV,2024,481 days 18:19:00,693739.0,673.0,0.6919682259488085
2,2024-04-27 12:06:00,Восточно-Сибирская,CV,2024,482 days 05:25:00,694405.0,666.0,0.6928508384819064
2,2024-04-27 17:20:00,Забайкальская,CV,2024,482 days 10:39:00,694719.0,314.0,0.6937334510150044
2,2024-04-28 23:55:00,Восточно-Сибирская,CV,2024,483 days 17:14:00,696554.0,1835.0,0.6946160635481023
2,2024-04-30 07:45:00,Красноярская,CV,2024,485 days 01:04:00,698464.0,1910.0,0.6954986760812003
2,2024-04-30 09:10:00,Свердловская,CV,2024,485 days 02:29:00,698549.0,85.0,0.6963812886142984
2,2024-04-30 13:35:00,Северная,CV,2024,485 days 06:54:00,698814.0,265.0,0.6972639011473963
2,2024-04-30 22:42:00,Восточно-Сибирская,CV,2024,485 days 16:01:00,699361.0,547.0,0.6981465136804943
2,2024-05-02 03:58:00,Октябрьская,CV,2024,486 days 21:17:00,701117.0,1756.0,0.6990291262135923
2,2024-05-02 07:05:00,Дальневосточная,CV,2024,487 days 00:24:00,701304.0,187.0,0.6999117387466902
2,2024-05-02 23:14:00,Дальневосточная,CV,2024,487 days 16:33:00,702273.0,969.0,0.7007943512797882
2,2024-05-03 01:55:00,Забайкальская,CV,2024,487 days 19:14:00,702434.0,161.0,0.7016769638128861
2,2024-05-03 06:33:00,Восточно-Сибирская,CV,2024,487 days 23:52:00,702712.0,278.0,0.7025595763459841
2,2024-05-03 08:18:00,Октябрьская,CV,2024,488 days 01:37:00,702817.0,105.0,0.703442188879082
2,2024-05-04 01:18:00,Восточно-Сибирская,CV,2024,488 days 18:37:00,703837.0,1020.0,0.70432480141218
2,2024-05-04 11:00:00,Забайкальская,CV,2024,489 days 04:19:00,704419.0,582.0,0.705207413945278
2,2024-05-06 10:51:00,Забайкальская,CV,2024,491 days 04:10:00,707290.0,2871.0,0.706090026478376
2,2024-05-06 11:44:00,Свердловская,CV,2024,491 days 05:03:00,707343.0,53.0,0.706972639011474
2,2024-05-07 12:00:00,Восточно-Сибирская,CV,2024,492 days 05:19:00,708799.0,1456.0,0.707855251544572
2,2024-05-09 11:05:00,Восточно-Сибирская,CV,2024,494 days 04:24:00,711624.0,2825.0,0.7087378640776699
2,2024-05-10 21:01:00,Октябрьская,CV,2024,495 days 14:20:00,713660.0,2036.0,0.7096204766107679
2,2024-05-11 17:22:00,Забайкальская,CV,2024,496 days 10:41:00,714881.0,1221.0,0.7105030891438658
2,2024-05-12 21:20:00,Октябрьская,CV,2024,497 days 14:39:00,716559.0,1678.0,0.7113857016769638
2,2024-05-13 00:30:00,Восточно-Сибирская,CV,2024,497 days 17:49:00,716749.0,190.0,0.7122683142100618
2,2024-05-14 21:00:00,Красноярская,CV,2024,499 days 14:19:00,719419.0,2670.0,0.7131509267431597
2,2024-05-15 06:30:00,Восточно-Сибирская,CV,2024,499 days 23:49:00,719989.0,570.0,0.7140335392762577
2,2024-05-15 06:32:00,Восточно-Сибирская,CV,2024,499 days 23:51:00,719991.0,2.0,0.7149161518093556
2,2024-05-15 06:35:00,Восточно-Сибирская,CV,2024,499 days 23:54:00,719994.0,3.0,0.7157987643424537
2,2024-05-15 10:20:00,Восточно-Сибирская,CV,2024,500 days 03:39:00,720219.0,225.0,0.7166813768755517
2,2024-05-15 23:16:00,Восточно-Сибирская,CV,2024,500 days 16:35:00,720995.0,776.0,0.7175639894086496
2,2024-05-16 17:14:00,Южно-Уральская,CV,2024,501 days 10:33:00,722073.0,1078.0,0.7184466019417476
2,2024-05-17 03:22:00,Восточно-Сибирская,CV,2024,501 days 20:41:00,722681.0,608.0,0.7193292144748455
2,2024-05-19 20:47:00,Дальневосточная,CV,2024,504 days 14:06:00,726606.0,3925.0,0.7202118270079435
2,2024-05-20 05:38:00,Восточно-Сибирская,CV,2024,504 days 22:57:00,727137.0,531.0,0.7210944395410415
2,2024-05-23 22:39:00,Южно-Уральская,CV,2024,508 days 15:58:00,732478.0,5341.0,0.7219770520741394
2,2024-05-24 06:28:00,Северная,CV,2024,508 days 23:47:00,732947.0,469.0,0.7228596646072374
2,2024-05-24 17:34:00,Северная,CV,2024,509 days 10:53:00,733613.0,666.0,0.7237422771403353
2,2024-05-24 20:06:00,Восточно-Сибирская,CV,2024,509 days 13:25:00,733765.0,152.0,0.7246248896734334
2,2024-05-26 07:18:00,Восточно-Сибирская,CV,2024,511 days 00:37:00,735877.0,2112.0,0.7255075022065314
2,2024-05-26 20:20:00,Восточно-Сибирская,CV,2024,511 days 13:39:00,736659.0,782.0,0.7263901147396293
2,2024-05-26 22:45:00,Забайкальская,CV,2024,511 days 16:04:00,736804.0,145.0,0.7272727272727273
2,2024-05-27 05:50:00,Дальневосточная,CV,2024,511 days 23:09:00,737229.0,425.0,0.7281553398058253
2,2024-05-27 08:55:00,Восточно-Сибирская,CV,2024,512 days 02:14:00,737414.0,185.0,0.7290379523389232
2,2024-05-27 14:23:00,Забайкальская,CV,2024,512 days 07:42:00,737742.0,328.0,0.7299205648720212
2,2024-05-29 01:50:00,Свердловская,CV,2024,513 days 19:09:00,739869.0,2127.0,0.7308031774051191
2,2024-05-29 11:44:00,Свердловская,CV,2024,514 days 05:03:00,740463.0,594.0,0.7316857899382171
2,2024-05-29 21:50:00,Красноярская,CV,2024,514 days 15:09:00,741069.0,606.0,0.732568402471315
2,2024-05-30 00:38:00,Восточно-Сибирская,CV,2024,514 days 17:57:00,741237.0,168.0,0.733451015004413
2,2024-05-30 00:40:00,Северная,CV,2024,514 days 17:59:00,741239.0,2.0,0.7343336275375111
2,2024-05-30 10:32:00,Дальневосточная,CV,2024,515 days 03:51:00,741831.0,592.0,0.735216240070609
2,2024-05-31 10:25:00,Дальневосточная,CV,2024,516 days 03:44:00,743264.0,1433.0,0.736098852603707
2,2024-06-01 17:14:00,Забайкальская,CV,2024,517 days 10:33:00,745113.0,1849.0,0.736981465136805
2,2024-06-02 07:37:00,Дальневосточная,CV,2024,518 days 00:56:00,745976.0,863.0,0.7378640776699029
2,2024-06-03 01:54:00,Забайкальская,CV,2024,518 days 19:13:00,747073.0,1097.0,0.7387466902030009
2,2024-06-03 08:50:00,Забайкальская,CV,2024,519 days 02:09:00,747489.0,416.0,0.7396293027360988
2,2024-06-05 06:14:00,Дальневосточная,CV,2024,520 days 23:33:00,750213.0,2724.0,0.7405119152691968
2,2024-06-06 17:59:00,Красноярская,CV,2024,522 days 11:18:00,752358.0,2145.0,0.7413945278022948
2,2024-06-06 23:44:00,Восточно-Сибирская,CV,2024,522 days 17:03:00,752703.0,345.0,0.7422771403353927
2,2024-06-07 02:40:00,Красноярская,CV,2024,522 days 19:59:00,752879.0,176.0,0.7431597528684908
2,2024-06-07 14:39:00,Дальневосточная,CV,2024,523 days 07:58:00,753598.0,719.0,0.7440423654015887
2,2024-06-09 00:28:00,Северная,CV,2024,524 days 17:47:00,755627.0,2029.0,0.7449249779346867
2,2024-06-09 03:37:00,Восточно-Сибирская,CV,2024,524 days 20:56:00,755816.0,189.0,0.7458075904677847
2,2024-06-09 09:34:00,Забайкальская,CV,2024,525 days 02:53:00,756173.0,357.0,0.7466902030008826
2,2024-06-11 04:40:00,Красноярская,CV,2024,526 days 21:59:00,758759.0,2586.0,0.7475728155339806
2,2024-06-11 06:40:00,Восточно-Сибирская,CV,2024,526 days 23:59:00,758879.0,120.0,0.7484554280670785
2,2024-06-11 13:48:00,Восточно-Сибирская,CV,2024,527 days 07:07:00,759307.0,428.0,0.7493380406001765
2,2024-06-11 23:20:00,Восточно-Сибирская,CV,2024,527 days 16:39:00,759879.0,572.0,0.7502206531332745
2,2024-06-14 18:25:00,Дальневосточная,CV,2024,530 days 11:44:00,763904.0,4025.0,0.7511032656663724
2,2024-06-14 20:10:00,Восточно-Сибирская,CV,2024,530 days 13:29:00,764009.0,105.0,0.7519858781994704
2,2024-06-15 09:40:00,Восточно-Сибирская,CV,2024,531 days 02:59:00,764819.0,810.0,0.7528684907325685
2,2024-06-15 18:37:00,Красноярская,CV,2024,531 days 11:56:00,765356.0,537.0,0.7537511032656664
2,2024-06-16 21:11:00,Дальневосточная,CV,2024,532 days 14:30:00,766950.0,1594.0,0.7546337157987644
2,2024-06-16 23:05:00,Восточно-Сибирская,CV,2024,532 days 16:24:00,767064.0,114.0,0.7555163283318623
2,2024-06-17 00:35:00,Восточно-Сибирская,CV,2024,532 days 17:54:00,767154.0,90.0,0.7563989408649603
2,2024-06-17 10:52:00,Западно-Сибирская,CV,2024,533 days 04:11:00,767771.0,617.0,0.7572815533980582
2,2024-06-18 00:18:00,Забайкальская,CV,2024,533 days 17:37:00,768577.0,806.0,0.7581641659311562
2,2024-06-18 10:47:00,Восточно-Сибирская,CV,2024,534 days 04:06:00,769206.0,629.0,0.7590467784642542
2,2024-06-19 00:02:00,Восточно-Сибирская,CV,2024,534 days 17:21:00,770001.0,795.0,0.7599293909973521
2,2024-06-19 05:26:00,Восточно-Сибирская,CV,2024,534 days 22:45:00,770325.0,324.0,0.7608120035304501
2,2024-06-19 19:49:00,Восточно-Сибирская,CV,2024,535 days 13:08:00,771188.0,863.0,0.7616946160635482
2,2024-06-20 01:09:00,Восточно-Сибирская,CV,2024,535 days 18:28:00,771508.0,320.0,0.7625772285966461
2,2024-06-21 14:23:00,Октябрьская,CV,2024,537 days 07:42:00,773742.0,2234.0,0.7634598411297441
2,2024-06-21 16:41:00,Красноярская,CV,2024,537 days 10:00:00,773880.0,138.0,0.764342453662842
2,2024-06-22 20:15:00,Северная,CV,2024,538 days 13:34:00,775534.0,1654.0,0.76522506619594
2,2024-06-23 09:50:00,Восточно-Сибирская,CV,2024,539 days 03:09:00,776349.0,815.0,0.766107678729038
2,2024-06-23 20:00:00,Восточно-Сибирская,CV,2024,539 days 13:19:00,776959.0,610.0,0.7669902912621359
2,2024-06-24 07:38:00,Восточно-Сибирская,CV,2024,540 days 00:57:00,777657.0,698.0,0.7678729037952339
2,2024-06-24 15:05:00,Восточно-Сибирская,CV,2024,540 days 08:24:00,778104.0,447.0,0.7687555163283318
2,2024-06-25 17:01:00,Северная,CV,2024,541 days 10:20:00,779660.0,1556.0,0.7696381288614298
2,2024-06-26 12:15:00,Восточно-Сибирская,CV,2024,542 days 05:34:00,780814.0,1154.0,0.7705207413945278
2,2024-06-26 22:50:00,Восточно-Сибирская,CV,2024,542 days 16:09:00,781449.0,635.0,0.7714033539276258
2,2024-06-27 02:35:00,Дальневосточная,CV,2024,542 days 19:54:00,781674.0,225.0,0.7722859664607238
2,2024-06-27 07:50:00,Восточно-Сибирская,CV,2024,543 days 01:09:00,781989.0,315.0,0.7731685789938217
2,2024-06-28 22:20:00,Западно-Сибирская,CV,2024,544 days 15:39:00,784299.0,2310.0,0.7740511915269197
2,2024-06-29 19:05:00,Забайкальская,CV,2024,545 days 12:24:00,785544.0,1245.0,0.7749338040600177
2,2024-06-30 01:58:00,Дальневосточная,CV,2024,545 days 19:17:00,785957.0,413.0,0.7758164165931156
2,2024-06-30 05:40:00,Красноярская,CV,2024,545 days 22:59:00,786179.0,222.0,0.7766990291262136
2,2024-06-30 13:38:00,Октябрьская,CV,2024,546 days 06:57:00,786657.0,478.0,0.7775816416593115
2,2024-07-01 00:50:00,Западно-Сибирская,CV,2024,546 days 18:09:00,787329.0,672.0,0.7784642541924095
2,2024-07-01 11:00:00,Забайкальская,CV,2024,547 days 04:19:00,787939.0,610.0,0.7793468667255075
2,2024-07-02 05:40:00,Восточно-Сибирская,CV,2024,547 days 22:59:00,789059.0,1120.0,0.7802294792586054
2,2024-07-03 06:40:00,Восточно-Сибирская,CV,2024,548 days 23:59:00,790559.0,1500.0,0.7811120917917035
2,2024-07-03 17:18:00,Восточно-Сибирская,CV,2024,549 days 10:37:00,791197.0,638.0,0.7819947043248014
2,2024-07-03 19:20:00,Забайкальская,CV,2024,549 days 12:39:00,791319.0,122.0,0.7828773168578994
2,2024-07-04 01:35:00,Забайкальская,CV,2024,549 days 18:54:00,791694.0,375.0,0.7837599293909974
2,2024-07-05 03:20:00,Восточно-Сибирская,CV,2024,550 days 20:39:00,793239.0,1545.0,0.7846425419240953
2,2024-07-05 13:34:00,Восточно-Сибирская,CV,2024,551 days 06:53:00,793853.0,614.0,0.7855251544571933
2,2024-07-06 10:31:00,Забайкальская,CV,2024,552 days 03:50:00,795110.0,1257.0,0.7864077669902912
2,2024-07-07 04:52:00,Западно-Сибирская,CV,2024,552 days 22:11:00,796211.0,1101.0,0.7872903795233892
2,2024-07-07 16:50:00,Восточно-Сибирская,CV,2024,553 days 10:09:00,796929.0,718.0,0.7881729920564872
2,2024-07-09 15:16:00,Западно-Сибирская,CV,2024,555 days 08:35:00,799715.0,2786.0,0.7890556045895851
2,2024-07-10 02:24:00,Дальневосточная,CV,2024,555 days 19:43:00,800383.0,668.0,0.7899382171226832
2,2024-07-11 04:36:00,Свердловская,CV,2024,556 days 21:55:00,801955.0,1572.0,0.7908208296557812
2,2024-07-16 15:00:00,Свердловская,CV,2024,562 days 08:19:00,809779.0,7824.0,0.7917034421888791
2,2024-07-17 13:38:00,Восточно-Сибирская,CV,2024,563 days 06:57:00,811137.0,1358.0,0.7925860547219771
2,2024-07-18 04:42:00,Восточно-Сибирская,CV,2024,563 days 22:01:00,812041.0,904.0,0.793468667255075
2,2024-07-19 05:41:00,Забайкальская,CV,2024,564 days 23:00:00,813540.0,1499.0,0.794351279788173
2,2024-07-19 11:22:00,Западно-Сибирская,CV,2024,565 days 04:41:00,813881.0,341.0,0.795233892321271
2,2024-07-20 12:48:00,Восточно-Сибирская,CV,2024,566 days 06:07:00,815407.0,1526.0,0.7961165048543689
2,2024-07-23 05:08:00,Дальневосточная,CV,2024,568 days 22:27:00,819267.0,3860.0,0.7969991173874669
2,2024-07-23 19:06:00,Восточно-Сибирская,CV,2024,569 days 12:25:00,820105.0,838.0,0.7978817299205648
2,2024-07-23 21:54:00,Восточно-Сибирская,CV,2024,569 days 15:13:00,820273.0,168.0,0.7987643424536628
2,2024-07-25 23:50:00,Западно-Сибирская,CV,2024,571 days 17:09:00,823269.0,2996.0,0.7996469549867609
2,2024-07-29 07:04:00,Восточно-Сибирская,CV,2024,575 days 00:23:00,828023.0,4754.0,0.8005295675198588
2,2024-07-30 06:25:00,Восточно-Сибирская,CV,2024,575 days 23:44:00,829424.0,1401.0,0.8014121800529568
2,2024-07-31 14:42:00,Западно-Сибирская,CV,2024,577 days 08:01:00,831361.0,1937.0,0.8022947925860547
2,2024-07-31 14:45:00,Восточно-Сибирская,CV,2024,577 days 08:04:00,831364.0,3.0,0.8031774051191527
2,2024-07-31 16:32:00,Забайкальская,CV,2024,577 days 09:51:00,831471.0,107.0,0.8040600176522507
2,2024-08-03 05:46:00,Восточно-Сибирская,CV,2024,579 days 23:05:00,835145.0,3674.0,0.8049426301853486
2,2024-08-04 01:50:00,Дальневосточная,CV,2024,580 days 19:09:00,836349.0,1204.0,0.8058252427184466
2,2024-08-04 11:01:00,Восточно-Сибирская,CV,2024,581 days 04:20:00,836900.0,551.0,0.8067078552515445
2,2024-08-05 19:01:00,Восточно-Сибирская,CV,2024,582 days 12:20:00,838820.0,1920.0,0.8075904677846425
2,2024-08-06 18:40:00,Восточно-Сибирская,CV,2024,583 days 11:59:00,840239.0,1419.0,0.8084730803177406
2,2024-08-06 19:30:00,Восточно-Сибирская,CV,2024,583 days 12:49:00,840289.0,50.0,0.8093556928508385
2,2024-08-07 04:56:00,Октябрьская,CV,2024,583 days 22:15:00,840855.0,566.0,0.8102383053839365
2,2024-08-07 10:08:00,Восточно-Сибирская,CV,2024,584 days 03:27:00,841167.0,312.0,0.8111209179170344
2,2024-08-07 12:36:00,Северная,CV,2024,584 days 05:55:00,841315.0,148.0,0.8120035304501324
2,2024-08-07 17:15:00,Восточно-Сибирская,CV,2024,584 days 10:34:00,841594.0,279.0,0.8128861429832304
2,2024-08-07 20:40:00,Красноярская,CV,2024,584 days 13:59:00,841799.0,205.0,0.8137687555163283
2,2024-08-10 20:59:00,Восточно-Сибирская,CV,2024,587 days 14:18:00,846138.0,4339.0,0.8146513680494263
2,2024-08-12 15:44:00,Восточно-Сибирская,CV,2024,589 days 09:03:00,848703.0,2565.0,0.8155339805825242
2,2024-08-13 05:40:00,Восточно-Сибирская,CV,2024,589 days 22:59:00,849539.0,836.0,0.8164165931156222
2,2024-08-14 08:16:00,Свердловская,CV,2024,591 days 01:35:00,851135.0,1596.0,0.8172992056487202
2,2024-08-14 09:32:00,Восточно-Сибирская,CV,2024,591 days 02:51:00,851211.0,76.0,0.8181818181818182
2,2024-08-14 09:40:00,Октябрьская,CV,2024,591 days 02:59:00,851219.0,8.0,0.8190644307149162
2,2024-08-15 05:32:00,Восточно-Сибирская,CV,2024,591 days 22:51:00,852411.0,1192.0,0.8199470432480142
2,2024-08-15 07:05:00,Дальневосточная,CV,2024,592 days 00:24:00,852504.0,93.0,0.8208296557811121
2,2024-08-15 12:21:00,Восточно-Сибирская,CV,2024,592 days 05:40:00,852820.0,316.0,0.8217122683142101
2,2024-08-15 14:11:00,Восточно-Сибирская,CV,2024,592 days 07:30:00,852930.0,110.0,0.822594880847308
2,2024-08-15 14:37:00,Красноярская,CV,2024,592 days 07:56:00,852956.0,26.0,0.823477493380406
2,2024-08-16 11:58:00,Забайкальская,CV,2024,593 days 05:17:00,854237.0,1281.0,0.824360105913504
2,2024-08-16 21:11:00,Восточно-Сибирская,CV,2024,593 days 14:30:00,854790.0,553.0,0.8252427184466019
2,2024-08-18 06:30:00,Забайкальская,CV,2024,594 days 23:49:00,856789.0,1999.0,0.8261253309796999
2,2024-08-18 09:51:00,Забайкальская,CV,2024,595 days 03:10:00,856990.0,201.0,0.8270079435127978
2,2024-08-18 10:05:00,Забайкальская,CV,2024,595 days 03:24:00,857004.0,14.0,0.8278905560458959
2,2024-08-18 12:00:00,Восточно-Сибирская,CV,2024,595 days 05:19:00,857119.0,115.0,0.8287731685789939
2,2024-08-19 17:30:00,Западно-Сибирская,CV,2024,596 days 10:49:00,858889.0,1770.0,0.8296557811120918
2,2024-08-20 02:45:00,Восточно-Сибирская,CV,2024,596 days 20:04:00,859444.0,555.0,0.8305383936451898
2,2024-08-20 23:46:00,Восточно-Сибирская,CV,2024,597 days 17:05:00,860705.0,1261.0,0.8314210061782877
2,2024-08-21 01:10:00,Восточно-Сибирская,CV,2024,597 days 18:29:00,860789.0,84.0,0.8323036187113857
2,2024-08-21 10:30:00,Восточно-Сибирская,CV,2024,598 days 03:49:00,861349.0,560.0,0.8331862312444837
2,2024-08-21 17:25:00,Красноярская,CV,2024,598 days 10:44:00,861764.0,415.0,0.8340688437775816
2,2024-08-22 00:59:00,Северная,CV,2024,598 days 18:18:00,862218.0,454.0,0.8349514563106796
2,2024-08-23 04:29:00,Дальневосточная,CV,2024,599 days 21:48:00,863868.0,1650.0,0.8358340688437775
2,2024-08-23 17:12:00,Свердловская,CV,2024,600 days 10:31:00,864631.0,763.0,0.8367166813768756
2,2024-08-23 21:19:00,Октябрьская,CV,2024,600 days 14:38:00,864878.0,247.0,0.8375992939099736
2,2024-08-24 12:24:00,Восточно-Сибирская,CV,2024,601 days 05:43:00,865783.0,905.0,0.8384819064430715
2,2024-08-25 10:59:00,Восточно-Сибирская,CV,2024,602 days 04:18:00,867138.0,1355.0,0.8393645189761695
2,2024-08-25 19:55:00,Дальневосточная,CV,2024,602 days 13:14:00,867674.0,536.0,0.8402471315092674
2,2024-08-26 00:03:00,Восточно-Сибирская,CV,2024,602 days 17:22:00,867922.0,248.0,0.8411297440423654
2,2024-08-26 15:06:00,Восточно-Сибирская,CV,2024,603 days 08:25:00,868825.0,903.0,0.8420123565754634
2,2024-08-27 05:32:00,Восточно-Сибирская,CV,2024,603 days 22:51:00,869691.0,866.0,0.8428949691085613
2,2024-08-27 10:05:00,Восточно-Сибирская,CV,2024,604 days 03:24:00,869964.0,273.0,0.8437775816416593
2,2024-08-27 21:46:00,Восточно-Сибирская,CV,2024,604 days 15:05:00,870665.0,701.0,0.8446601941747572
2,2024-08-27 21:52:00,Восточно-Сибирская,CV,2024,604 days 15:11:00,870671.0,6.0,0.8455428067078552
2,2024-08-28 04:05:00,Забайкальская,CV,2024,604 days 21:24:00,871044.0,373.0,0.8464254192409533
2,2024-08-28 08:16:00,Восточно-Сибирская,CV,2024,605 days 01:35:00,871295.0,251.0,0.8473080317740512
2,2024-08-28 08:56:00,Восточно-Сибирская,CV,2024,605 days 02:15:00,871335.0,40.0,0.8481906443071492
2,2024-08-29 06:20:00,Красноярская,CV,2024,605 days 23:39:00,872619.0,1284.0,0.8490732568402471
2,2024-08-29 17:09:00,Октябрьская,CV,2024,606 days 10:28:00,873268.0,649.0,0.8499558693733451
2,2024-08-29 18:28:00,Восточно-Сибирская,CV,2024,606 days 11:47:00,873347.0,79.0,0.8508384819064431
2,2024-08-29 19:00:00,Восточно-Сибирская,CV,2024,606 days 12:19:00,873379.0,32.0,0.851721094439541
2,2024-08-30 07:25:00,Свердловская,CV,2024,607 days 00:44:00,874124.0,745.0,0.852603706972639
2,2024-08-30 11:24:00,Восточно-Сибирская,CV,2024,607 days 04:43:00,874363.0,239.0,0.853486319505737
2,2024-08-31 07:40:00,Северная,CV,2024,608 days 00:59:00,875579.0,1216.0,0.8543689320388349
2,2024-08-31 10:02:00,Дальневосточная,CV,2024,608 days 03:21:00,875721.0,142.0,0.855251544571933
2,2024-08-31 12:27:00,Красноярская,CV,2024,608 days 05:46:00,875866.0,145.0,0.8561341571050309
2,2024-08-31 16:18:00,Октябрьская,CV,2024,608 days 09:37:00,876097.0,231.0,0.8570167696381289
2,2024-09-02 10:49:00,Восточно-Сибирская,CV,2024,610 days 04:08:00,878648.0,2551.0,0.8578993821712269
2,2024-09-02 19:38:00,Восточно-Сибирская,CV,2024,610 days 12:57:00,879177.0,529.0,0.8587819947043248
2,2024-09-03 05:30:00,Восточно-Сибирская,CV,2024,610 days 22:49:00,879769.0,592.0,0.8596646072374228
2,2024-09-03 12:47:00,Забайкальская,CV,2024,611 days 06:06:00,880206.0,437.0,0.8605472197705207
2,2024-09-03 18:37:00,Восточно-Сибирская,CV,2024,611 days 11:56:00,880556.0,350.0,0.8614298323036187
2,2024-09-04 10:37:00,Забайкальская,CV,2024,612 days 03:56:00,881516.0,960.0,0.8623124448367167
2,2024-09-06 00:39:00,Восточно-Сибирская,CV,2024,613 days 17:58:00,883798.0,2282.0,0.8631950573698146
2,2024-09-06 22:00:00,Восточно-Сибирская,CV,2024,614 days 15:19:00,885079.0,1281.0,0.8640776699029126
2,2024-09-07 13:37:00,Дальневосточная,CV,2024,615 days 06:56:00,886016.0,937.0,0.8649602824360106
2,2024-09-09 14:50:00,Восточно-Сибирская,CV,2024,617 days 08:09:00,888969.0,2953.0,0.8658428949691086
2,2024-09-09 15:40:00,Восточно-Сибирская,CV,2024,617 days 08:59:00,889019.0,50.0,0.8667255075022066
2,2024-09-10 08:25:00,Забайкальская,CV,2024,618 days 01:44:00,890024.0,1005.0,0.8676081200353045
2,2024-09-11 09:08:00,Свердловская,CV,2024,619 days 02:27:00,891507.0,1483.0,0.8684907325684025
2,2024-09-11 10:18:00,Свердловская,CV,2024,619 days 03:37:00,891577.0,70.0,0.8693733451015004
2,2024-09-11 20:13:00,Восточно-Сибирская,CV,2024,619 days 13:32:00,892172.0,595.0,0.8702559576345984
2,2024-09-12 04:15:00,Дальневосточная,CV,2024,619 days 21:34:00,892654.0,482.0,0.8711385701676964
2,2024-09-12 15:40:00,Свердловская,CV,2024,620 days 08:59:00,893339.0,685.0,0.8720211827007943
2,2024-09-13 11:02:00,Свердловская,CV,2024,621 days 04:21:00,894501.0,1162.0,0.8729037952338923
2,2024-09-15 07:08:00,Дальневосточная,CV,2024,623 days 00:27:00,897147.0,2646.0,0.8737864077669902
2,2024-09-18 02:51:00,Октябрьская,CV,2024,625 days 20:10:00,901210.0,4063.0,0.8746690203000883
2,2024-09-18 12:40:00,Забайкальская,CV,2024,626 days 05:59:00,901799.0,589.0,0.8755516328331863
2,2024-09-19 14:08:00,Свердловская,CV,2024,627 days 07:27:00,903327.0,1528.0,0.8764342453662842
2,2024-09-20 02:47:00,Забайкальская,CV,2024,627 days 20:06:00,904086.0,759.0,0.8773168578993822
2,2024-09-20 06:03:00,Забайкальская,CV,2024,627 days 23:22:00,904282.0,196.0,0.8781994704324801
2,2024-09-20 22:06:00,Красноярская,CV,2024,628 days 15:25:00,905245.0,963.0,0.8790820829655781
2,2024-09-21 08:15:00,Красноярская,CV,2024,629 days 01:34:00,905854.0,609.0,0.8799646954986761
2,2024-09-22 16:23:00,Октябрьская,CV,2024,630 days 09:42:00,907782.0,1928.0,0.880847308031774
2,2024-09-25 00:04:00,Октябрьская,CV,2024,632 days 17:23:00,911123.0,3341.0,0.881729920564872
2,2024-09-25 16:00:00,Красноярская,CV,2024,633 days 09:19:00,912079.0,956.0,0.8826125330979699
2,2024-09-26 10:03:00,Забайкальская,CV,2024,634 days 03:22:00,913162.0,1083.0,0.883495145631068
2,2024-09-27 14:45:00,Свердловская,CV,2024,635 days 08:04:00,914884.0,1722.0,0.884377758164166
2,2024-09-27 14:55:00,Забайкальская,CV,2024,635 days 08:14:00,914894.0,10.0,0.8852603706972639
2,2024-09-27 18:56:00,Октябрьская,CV,2024,635 days 12:15:00,915135.0,241.0,0.8861429832303619
2,2024-09-28 12:59:00,Восточно-Сибирская,CV,2024,636 days 06:18:00,916218.0,1083.0,0.8870255957634599
2,2024-09-28 16:15:00,Свердловская,CV,2024,636 days 09:34:00,916414.0,196.0,0.8879082082965578
2,2024-09-28 17:10:00,Красноярская,CV,2024,636 days 10:29:00,916469.0,55.0,0.8887908208296558
2,2024-09-29 06:31:00,Восточно-Сибирская,CV,2024,636 days 23:50:00,917270.0,801.0,0.8896734333627537
2,2024-09-29 06:57:00,Восточно-Сибирская,CV,2024,637 days 00:16:00,917296.0,26.0,0.8905560458958517
2,2024-09-29 19:41:00,Красноярская,CV,2024,637 days 13:00:00,918060.0,764.0,0.8914386584289496
2,2024-10-01 17:07:00,Западно-Сибирская,CV,2024,639 days 10:26:00,920786.0,2726.0,0.8923212709620476
2,2024-10-02 23:11:00,Восточно-Сибирская,CV,2024,640 days 16:30:00,922590.0,1804.0,0.8932038834951457
2,2024-10-03 11:22:00,Восточно-Сибирская,CV,2024,641 days 04:41:00,923321.0,731.0,0.8940864960282436
2,2024-10-03 12:40:00,Красноярская,CV,2024,641 days 05:59:00,923399.0,78.0,0.8949691085613416
2,2024-10-04 05:37:00,Восточно-Сибирская,CV,2024,641 days 22:56:00,924416.0,1017.0,0.8958517210944396
2,2024-10-05 00:13:00,Дальневосточная,CV,2024,642 days 17:32:00,925532.0,1116.0,0.8967343336275375
2,2024-10-05 00:22:00,Восточно-Сибирская,CV,2024,642 days 17:41:00,925541.0,9.0,0.8976169461606355
2,2024-10-06 07:39:00,Восточно-Сибирская,CV,2024,644 days 00:58:00,927418.0,1877.0,0.8984995586937334
2,2024-10-06 10:08:00,Дальневосточная,CV,2024,644 days 03:27:00,927567.0,149.0,0.8993821712268314
2,2024-10-07 11:48:00,Восточно-Сибирская,CV,2024,645 days 05:07:00,929107.0,1540.0,0.9002647837599294
2,2024-10-07 15:40:00,Восточно-Сибирская,CV,2024,645 days 08:59:00,929339.0,232.0,0.9011473962930273
2,2024-10-07 15:50:00,Восточно-Сибирская,CV,2024,645 days 09:09:00,929349.0,10.0,0.9020300088261254
2,2024-10-08 00:24:00,Восточно-Сибирская,CV,2024,645 days 17:43:00,929863.0,514.0,0.9029126213592233
2,2024-10-08 10:53:00,Восточно-Сибирская,CV,2024,646 days 04:12:00,930492.0,629.0,0.9037952338923213
2,2024-10-08 11:00:00,Восточно-Сибирская,CV,2024,646 days 04:19:00,930499.0,7.0,0.9046778464254193
2,2024-10-08 13:57:00,Красноярская,CV,2024,646 days 07:16:00,930676.0,177.0,0.9055604589585172
2,2024-10-08 17:09:00,Октябрьская,CV,2024,646 days 10:28:00,930868.0,192.0,0.9064430714916152
2,2024-10-10 09:10:00,Свердловская,CV,2024,648 days 02:29:00,933269.0,2401.0,0.9073256840247131
2,2024-10-13 15:51:00,Забайкальская,CV,2024,651 days 09:10:00,937990.0,4721.0,0.9082082965578111
2,2024-10-14 07:15:00,Красноярская,CV,2024,652 days 00:34:00,938914.0,924.0,0.9090909090909091
2,2024-10-15 00:58:00,Восточно-Сибирская,CV,2024,652 days 18:17:00,939977.0,1063.0,0.909973521624007
2,2024-10-16 10:25:00,Северная,CV,2024,654 days 03:44:00,941984.0,2007.0,0.910856134157105
2,2024-10-18 13:21:00,Западно-Сибирская,CV,2024,656 days 06:40:00,945040.0,3056.0,0.911738746690203
2,2024-10-21 05:51:00,Забайкальская,CV,2024,658 days 23:10:00,948910.0,3870.0,0.912621359223301
2,2024-10-22 05:26:00,Красноярская,CV,2024,659 days 22:45:00,950325.0,1415.0,0.913503971756399
2,2024-10-23 04:34:00,Северная,CV,2024,660 days 21:53:00,951713.0,1388.0,0.9143865842894969
2,2024-10-24 02:55:00,Забайкальская,CV,2024,661 days 20:14:00,953054.0,1341.0,0.9152691968225949
2,2024-10-24 07:51:00,Красноярская,CV,2024,662 days 01:10:00,953350.0,296.0,0.9161518093556928
2,2024-10-24 12:41:00,Забайкальская,CV,2024,662 days 06:00:00,953640.0,290.0,0.9170344218887908
2,2024-10-24 22:46:00,Красноярская,CV,2024,662 days 16:05:00,954245.0,605.0,0.9179170344218888
2,2024-10-27 13:11:00,Забайкальская,CV,2024,665 days 06:30:00,957990.0,3745.0,0.9187996469549867
2,2024-10-27 21:12:00,Забайкальская,CV,2024,665 days 14:31:00,958471.0,481.0,0.9196822594880847
2,2024-10-27 21:41:00,Забайкальская,CV,2024,665 days 15:00:00,958500.0,29.0,0.9205648720211828
2,2024-10-28 02:09:00,Западно-Сибирская,CV,2024,665 days 19:28:00,958768.0,268.0,0.9214474845542807
2,2024-10-28 05:44:00,Западно-Сибирская,CV,2024,665 days 23:03:00,958983.0,215.0,0.9223300970873787
2,2024-10-28 09:39:00,Западно-Сибирская,CV,2024,666 days 02:58:00,959218.0,235.0,0.9232127096204766
2,2024-10-29 06:35:00,Красноярская,CV,2024,666 days 23:54:00,960474.0,1256.0,0.9240953221535746
2,2024-10-29 10:20:00,Забайкальская,CV,2024,667 days 03:39:00,960699.0,225.0,0.9249779346866726
2,2024-10-29 15:20:00,Северная,CV,2024,667 days 08:39:00,960999.0,300.0,0.9258605472197705
2,2024-10-29 21:37:00,Дальневосточная,CV,2024,667 days 14:56:00,961376.0,377.0,0.9267431597528685
2,2024-10-30 17:14:00,Свердловская,CV,2024,668 days 10:33:00,962553.0,1177.0,0.9276257722859664
2,2024-10-30 19:20:00,Дальневосточная,CV,2024,668 days 12:39:00,962679.0,126.0,0.9285083848190644
2,2024-10-31 04:51:00,Восточно-Сибирская,CV,2024,668 days 22:10:00,963250.0,571.0,0.9293909973521624
2,2024-10-31 07:11:00,Забайкальская,CV,2024,669 days 00:30:00,963390.0,140.0,0.9302736098852604
2,2024-10-31 19:49:00,Западно-Сибирская,CV,2024,669 days 13:08:00,964148.0,758.0,0.9311562224183584
2,2024-11-01 09:33:00,Восточно-Сибирская,CV,2024,670 days 02:52:00,964972.0,824.0,0.9320388349514563
2,2024-11-02 04:47:00,Северная,CV,2024,670 days 22:06:00,966126.0,1154.0,0.9329214474845543
2,2024-11-02 17:10:00,Дальневосточная,CV,2024,671 days 10:29:00,966869.0,743.0,0.9338040600176523
2,2024-11-02 18:01:00,Западно-Сибирская,CV,2024,671 days 11:20:00,966920.0,51.0,0.9346866725507502
2,2024-11-03 02:24:00,Свердловская,CV,2024,671 days 19:43:00,967423.0,503.0,0.9355692850838482
2,2024-11-03 16:28:00,Северная,CV,2024,672 days 09:47:00,968267.0,844.0,0.9364518976169461
2,2024-11-06 02:17:00,Забайкальская,CV,2024,674 days 19:36:00,971736.0,3469.0,0.9373345101500441
2,2024-11-06 22:22:00,Восточно-Сибирская,CV,2024,675 days 15:41:00,972941.0,1205.0,0.9382171226831421
2,2024-11-07 11:01:00,Забайкальская,CV,2024,676 days 04:20:00,973700.0,759.0,0.93909973521624
2,2024-11-08 07:07:00,Свердловская,CV,2024,677 days 00:26:00,974906.0,1206.0,0.9399823477493381
2,2024-11-09 05:05:00,Восточно-Сибирская,CV,2024,677 days 22:24:00,976224.0,1318.0,0.940864960282436
2,2024-11-09 13:41:00,Забайкальская,CV,2024,678 days 07:00:00,976740.0,516.0,0.941747572815534
2,2024-11-10 05:25:00,Дальневосточная,CV,2024,678 days 22:44:00,977684.0,944.0,0.942630185348632
2,2024-11-11 13:41:00,Восточно-Сибирская,CV,2024,680 days 07:00:00,979620.0,1936.0,0.9435127978817299
2,2024-11-11 21:59:00,Западно-Сибирская,CV,2024,680 days 15:18:00,980118.0,498.0,0.9443954104148279
2,2024-11-13 00:47:00,Восточно-Сибирская,CV,2024,681 days 18:06:00,981726.0,1608.0,0.9452780229479258
2,2024-11-13 15:41:00,Свердловская,CV,2024,682 days 09:00:00,982620.0,894.0,0.9461606354810238
2,2024-11-15 17:45:00,Восточно-Сибирская,CV,2024,684 days 11:04:00,985624.0,3004.0,0.9470432480141218
2,2024-11-15 19:50:00,Северная,CV,2024,684 days 13:09:00,985749.0,125.0,0.9479258605472197
2,2024-11-15 20:35:00,Восточно-Сибирская,CV,2024,684 days 13:54:00,985794.0,45.0,0.9488084730803178
2,2024-11-15 21:55:00,Восточно-Сибирская,CV,2024,684 days 15:14:00,985874.0,80.0,0.9496910856134158
2,2024-11-16 11:49:00,Забайкальская,CV,2024,685 days 05:08:00,986708.0,834.0,0.9505736981465137
2,2024-11-18 01:15:00,Северная,CV,2024,686 days 18:34:00,988954.0,2246.0,0.9514563106796117
2,2024-11-19 23:06:00,Восточно-Сибирская,CV,2024,688 days 16:25:00,991705.0,2751.0,0.9523389232127096
2,2024-11-26 23:35:00,Дальневосточная,CV,2024,695 days 16:54:00,1001814.0,10109.0,0.9532215357458076
2,2024-11-27 00:11:00,Красноярская,CV,2024,695 days 17:30:00,1001850.0,36.0,0.9541041482789056
2,2024-11-27 17:48:00,Восточно-Сибирская,CV,2024,696 days 11:07:00,1002907.0,1057.0,0.9549867608120035
2,2024-11-30 09:00:00,Северная,CV,2024,699 days 02:19:00,1006699.0,3792.0,0.9558693733451015
2,2024-11-30 11:00:00,Восточно-Сибирская,CV,2024,699 days 04:19:00,1006819.0,120.0,0.9567519858781994
2,2024-12-01 01:22:00,Красноярская,CV,2024,699 days 18:41:00,1007681.0,862.0,0.9576345984112974
2,2024-12-02 05:42:00,Октябрьская,CV,2024,700 days 23:01:00,1009381.0,1700.0,0.9585172109443955
2,2024-12-02 17:18:00,Восточно-Сибирская,CV,2024,701 days 10:37:00,1010077.0,696.0,0.9593998234774934
2,2024-12-03 00:00:00,Восточно-Сибирская,CV,2024,701 days 17:19:00,1010479.0,402.0,0.9602824360105914
2,2024-12-03 11:33:00,Западно-Сибирская,CV,2024,702 days 04:52:00,1011172.0,693.0,0.9611650485436893
2,2024-12-06 11:55:00,Красноярская,CV,2024,705 days 05:14:00,1015514.0,4342.0,0.9620476610767873
2,2024-12-06 21:58:00,Восточно-Сибирская,CV,2024,705 days 15:17:00,1016117.0,603.0,0.9629302736098853
2,2024-12-07 23:09:00,Дальневосточная,CV,2024,706 days 16:28:00,1017628.0,1511.0,0.9638128861429832
2,2024-12-07 23:16:00,Восточно-Сибирская,CV,2024,706 days 16:35:00,1017635.0,7.0,0.9646954986760812
2,2024-12-09 09:50:00,Восточно-Сибирская,CV,2024,708 days 03:09:00,1019709.0,2074.0,0.9655781112091791
2,2024-12-12 01:41:00,Южно-Уральская,CV,2024,710 days 19:00:00,1023540.0,3831.0,0.9664607237422771
2,2024-12-12 16:18:00,Восточно-Сибирская,CV,2024,711 days 09:37:00,1024417.0,877.0,0.9673433362753752
2,2024-12-13 03:16:00,Южно-Уральская,CV,2024,711 days 20:35:00,1025075.0,658.0,0.9682259488084731
2,2024-12-14 19:36:00,Восточно-Сибирская,CV,2024,713 days 12:55:00,1027495.0,2420.0,0.9691085613415711
2,2024-12-16 04:57:00,Западно-Сибирская,CV,2024,714 days 22:16:00,1029496.0,2001.0,0.969991173874669
2,2024-12-16 12:00:00,Восточно-Сибирская,CV,2024,715 days 05:19:00,1029919.0,423.0,0.970873786407767
2,2024-12-17 07:28:00,Красноярская,CV,2024,716 days 00:47:00,1031087.0,1168.0,0.971756398940865
2,2024-12-18 03:20:00,Дальневосточная,CV,2024,716 days 20:39:00,1032279.0,1192.0,0.9726390114739629
2,2024-12-19 03:36:00,Северная,CV,2024,717 days 20:55:00,1033735.0,1456.0,0.9735216240070609
2,2024-12-19 20:54:00,Красноярская,CV,2024,718 days 14:13:00,1034773.0,1038.0,0.9744042365401588
2,2024-12-20 10:06:00,Западно-Сибирская,CV,2024,719 days 03:25:00,1035565.0,792.0,0.9752868490732568
2,2024-12-20 12:50:00,Восточно-Сибирская,CV,2024,719 days 06:09:00,1035729.0,164.0,0.9761694616063548
2,2024-12-20 18:50:00,Октябрьская,CV,2024,719 days 12:09:00,1036089.0,360.0,0.9770520741394528
2,2024-12-21 00:30:00,Западно-Сибирская,CV,2024,719 days 17:49:00,1036429.0,340.0,0.9779346866725508
2,2024-12-21 02:52:00,Забайкальская,CV,2024,719 days 20:11:00,1036571.0,142.0,0.9788172992056487
2,2024-12-22 04:45:00,Восточно-Сибирская,CV,2024,720 days 22:04:00,1038124.0,1553.0,0.9796999117387467
2,2024-12-22 05:34:00,Северная,CV,2024,720 days 22:53:00,1038173.0,49.0,0.9805825242718447
2,2024-12-22 05:58:00,Западно-Сибирская,CV,2024,720 days 23:17:00,1038197.0,24.0,0.9814651368049426
2,2024-12-22 07:58:00,Западно-Сибирская,CV,2024,721 days 01:17:00,1038317.0,120.0,0.9823477493380406
2,2024-12-22 18:55:00,Восточно-Сибирская,CV,2024,721 days 12:14:00,1038974.0,657.0,0.9832303618711385
2,2024-12-23 00:52:00,Октябрьская,CV,2024,721 days 18:11:00,1039331.0,357.0,0.9841129744042365
2,2024-12-23 07:23:00,Забайкальская,CV,2024,722 days 00:42:00,1039722.0,391.0,0.9849955869373345
2,2024-12-23 10:38:00,Забайкальская,CV,2024,722 days 03:57:00,1039917.0,195.0,0.9858781994704324
2,2024-12-24 06:11:00,Забайкальская,CV,2024,722 days 23:30:00,1041090.0,1173.0,0.9867608120035305
2,2024-12-24 14:00:00,Западно-Сибирская,CV,2024,723 days 07:19:00,1041559.0,469.0,0.9876434245366285
2,2024-12-26 10:30:00,Забайкальская,CV,2024,725 days 03:49:00,1044229.0,2670.0,0.9885260370697264
2,2024-12-27 02:11:00,Северная,CV,2024,725 days 19:30:00,1045170.0,941.0,0.9894086496028244
2,2024-12-27 07:17:00,Дальневосточная,CV,2024,726 days 00:36:00,1045476.0,306.0,0.9902912621359223
2,2024-12-28 09:05:00,Забайкальская,CV,2024,727 days 02:24:00,1047024.0,1548.0,0.9911738746690203
2,2024-12-28 10:05:00,Красноярская,CV,2024,727 days 03:24:00,1047084.0,60.0,0.9920564872021183
2,2024-12-28 14:53:00,Забайкальская,CV,2024,727 days 08:12:00,1047372.0,288.0,0.9929390997352162
2,2024-12-28 15:50:00,Красноярская,CV,2024,727 days 09:09:00,1047429.0,57.0,0.9938217122683142
2,2024-12-29 03:01:00,Восточно-Сибирская,CV,2024,727 days 20:20:00,1048100.0,671.0,0.9947043248014121
2,2024-12-29 23:11:00,Западно-Сибирская,CV,2024,728 days 16:30:00,1049310.0,1210.0,0.9955869373345102
2,2024-12-30 04:30:00,Красноярская,CV,2024,728 days 21:49:00,1049629.0,319.0,0.9964695498676082
2,2024-12-30 07:10:00,Дальневосточная,CV,2024,729 days 00:29:00,1049789.0,160.0,0.9973521624007061
2,2024-12-30 08:01:00,Дальневосточная,CV,2024,729 days 01:20:00,1049840.0,51.0,0.9982347749338041
2,2024-12-31 11:10:00,Западно-Сибирская,CV,2024,730 days 04:29:00,1051469.0,1629.0,0.999117387466902
