CATEGORY,START_TIME,ROAD,DEPARTMENT,RESPONSIBILITY,YEAR,SOURCE_YEAR,DELTA_TIME,DELTA_MINUTES,TIME_DIFF,INDEX,SEASON,SEASON_INDEX,MONTH,LAMBDA_DYNAMIC,LAMBDA0,LAMBDA1,LAMBDA_MONTH,SPIKE_FLAG,TRANSITION_FLAG,FREIGHT_COUNT,FREIGHT_TIMEOUT,PASSENGER_COUNT,PASSENGER_TIMEOUT,COMMUTER_COUNT,COMMUTER_TIMEOUT,ENTITY_TYPE
,2025-01-01 00:39:59.920992426,Восточно-Сибирская,,,2025,2024,0 days 00:00:00,0.0,0.0,0.0,Зима,1,1,0.0023721320692231,0.0023721320692231,0.007116396207669299,102.47610539043907,0,0,,,,,,,road
,2025-01-01 09:06:58.848333834,Восточно-Сибирская,,,2025,2024,0 days 08:26:58.927341408,506.9821223568,506.9821223568,0.000819000819000819,Зима,1,1,0.0023721320692231,0.0023721320692231,0.007116396207669299,102.47610539043907,0,0,,,,,,,road
,2025-01-01 18:06:17.286952098,Восточно-Сибирская,,,2025,2024,0 days 17:26:17.365959672,1046.2894326612,539.3073103044,0.001638001638001638,Зима,1,1,0.0023721320692231,0.0023721320692231,0.007116396207669299,102.47610539043907,0,0,,,,,,,road
,2025-01-01 19:26:07.521456558,Восточно-Сибирская,,,2025,2024,0 days 18:46:07.600464132,1126.1266744022,79.83724174100007,0.002457002457002457,Зима,1,1,0.0023721320692231,0.0023721320692231,0.007116396207669299,102.47610539043907,0,0,,,,,,,road
,2025-01-01 19:38:10.802219028,Восточно-Сибирская,,,2025,2024,0 days 18:58:10.881226602,1138.1813537767,12.054679374499983,0.003276003276003276,Зима,1,1,0.0023721320692231,0.0023721320692231,0.007116396207669299,102.47610539043907,0,0,,,,,,,road
,2025-01-01 23:19:23.107073148,Восточно-Сибирская,,,2025,2024,0 days 22:39:23.186080722,1359.3864346787,221.20508090199996,0.004095004095004095,Зима,1,1,0.0023721320692231,0.0023721320692231,0.007116396207669299,102.47610539043907,0,0,,,,,,,road
,2025-01-02 05:27:49.668189012,Восточно-Сибирская,,,2025,2024,1 days 04:47:49.747196586,1727.8291199431,368.4426852644001,0.004914004914004914,Зима,1,1,0.0023721320692231,0.0023721320692231,0.007116396207669299,102.47610539043907,0,0,,,,,,,road
,2025-01-02 14:03:53.805220842,Восточно-Сибирская,,,2025,2024,1 days 13:23:53.884228416,2243.8980704736,516.0689505304999,0.005733005733005733,Зима,1,1,0.0023721320692231,0.0023721320692231,0.007116396207669299,102.47610539043907,0,0,,,,,,,road
,2025-01-03 01:43:52.524720384,Восточно-Сибирская,,,2025,2024,2 days 01:03:52.603727958,2943.8767287993,699.9786583257,0.006552006552006552,Зима,1,1,0.0023721320692231,0.0023721320692231,0.007116396207669299,102.47610539043907,0,0,,,,,,,road
,2025-01-03 08:21:24.169099782,Восточно-Сибирская,,,2025,2024,2 days 07:41:24.248107356,3341.4041351225997,397.5274063232996,0.007371007371007371,Зима,1,1,0.0023721320692231,0.0023721320692231,0.007116396207669299,102.47610539043907,0,0,,,,,,,road
,2025-01-03 09:10:56.779827600,Восточно-Сибирская,,,2025,2024,2 days 08:30:56.858835174,3390.9476472529,49.543512130300314,0.00819000819000819,Зима,1,1,0.0023721320692231,0.0023721320692231,0.007116396207669299,102.47610539043907,0,0,,,,,,,road
,2025-01-03 17:14:42.180488616,Восточно-Сибирская,,,2025,2024,2 days 16:34:42.259496190,3874.7043249365,483.7566776836002,0.009009009009009009,Зима,1,1,0.0023721320692231,0.0023721320692231,0.007116396207669299,102.47610539043907,0,0,,,,,,,road
,2025-01-04 22:22:36.648143058,Восточно-Сибирская,,,2025,2024,3 days 21:42:36.727150632,5622.6121191772,1747.9077942406998,0.009828009828009828,Зима,1,1,0.0023721320692231,0.0023721320692231,0.007116396207669299,102.47610539043907,0,0,,,,,,,road
,2025-01-05 14:57:31.071173538,Восточно-Сибирская,,,2025,2024,4 days 14:17:31.150181112,6617.5191696852,994.9070505079999,0.010647010647010647,Зима,1,1,0.0023721320692231,0.0023721320692231,0.007116396207669299,102.47610539043907,0,0,,,,,,,road
,2025-01-06 05:23:02.624268258,Восточно-Сибирская,,,2025,2024,5 days 04:43:02.703275832,7483.0450545972,865.525884912,0.011466011466011465,Зима,1,1,0.0023721320692231,0.0023721320692231,0.007116396207669299,102.47610539043907,0,0,,,,,,,road
,2025-01-06 07:54:42.791581662,Восточно-Сибирская,,,2025,2024,5 days 07:14:42.870589236,7634.714509820599,151.66945522339938,0.012285012285012284,Зима,1,1,0.0023721320692231,0.0023721320692231,0.007116396207669299,102.47610539043907,0,0,,,,,,,road
,2025-01-06 17:40:27.176631978,Восточно-Сибирская,,,2025,2024,5 days 17:00:27.255639552,8220.4542606592,585.7397508386011,0.013104013104013105,Зима,1,1,0.0023721320692231,0.0023721320692231,0.007116396207669299,102.47610539043907,0,0,,,,,,,road
,2025-01-07 07:03:19.118837508,Восточно-Сибирская,,,2025,2024,6 days 06:23:19.197845082,9023.3199640847,802.8657034254993,0.013923013923013924,Зима,1,1,0.0023721320692231,0.0023721320692231,0.007116396207669299,102.47610539043907,0,0,,,,,,,road
,2025-01-07 15:01:27.672552654,Восточно-Сибирская,,,2025,2024,6 days 14:21:27.751560228,9501.4625260038,478.14256191909953,0.014742014742014743,Зима,1,1,0.0023721320692231,0.0023721320692231,0.007116396207669299,102.47610539043907,0,0,,,,,,,road
,2025-01-07 17:03:03.169264626,Восточно-Сибирская,,,2025,2024,6 days 16:23:03.248272200,9623.05413787,121.59161186620076,0.015561015561015561,Зима,1,1,0.0023721320692231,0.0023721320692231,0.007116396207669299,102.47610539043907,0,0,,,,,,,road
,2025-01-08 14:39:34.227694662,Восточно-Сибирская,,,2025,2024,7 days 13:59:34.306702236,10919.571778370599,1296.5176405005986,0.01638001638001638,Зима,1,1,0.0023721320692231,0.0023721320692231,0.007116396207669299,102.47610539043907,0,0,,,,,,,road
,2025-01-08 18:52:13.449859254,Восточно-Сибирская,,,2025,2024,7 days 18:12:13.528866828,11172.2254811138,252.65370274320048,0.0171990171990172,Зима,1,1,0.0023721320692231,0.0023721320692231,0.007116396207669299,102.47610539043907,0,0,,,,,,,road
,2025-01-08 19:50:50.250588588,Восточно-Сибирская,,,2025,2024,7 days 19:10:50.329596162,11230.8388266027,58.61334548890045,0.018018018018018018,Зима,1,1,0.0023721320692231,0.0023721320692231,0.007116396207669299,102.47610539043907,0,0,,,,,,,road
,2025-01-08 20:39:51.510717816,Восточно-Сибирская,,,2025,2024,7 days 19:59:51.589725390,11279.8598287565,49.02100215380051,0.018837018837018837,Зима,1,1,0.0023721320692231,0.0023721320692231,0.007116396207669299,102.47610539043907,0,0,,,,,,,road
,2025-01-09 03:59:26.733321678,Восточно-Сибирская,,,2025,2024,8 days 03:19:26.812329252,11719.4468721542,439.58704339769974,0.019656019656019656,Зима,1,1,0.0023721320692231,0.0023721320692231,0.007116396207669299,102.47610539043907,0,0,,,,,,,road
,2025-01-09 08:02:09.250980438,Восточно-Сибирская,,,2025,2024,8 days 07:22:09.329988012,11962.1554998002,242.7086276459995,0.020475020475020474,Зима,1,1,0.0023721320692231,0.0023721320692231,0.007116396207669299,102.47610539043907,0,0,,,,,,,road
,2025-01-09 08:43:59.655745710,Восточно-Сибирская,,,2025,2024,8 days 08:03:59.734753284,12003.9955792214,41.84007942120115,0.021294021294021293,Зима,1,1,0.0023721320692231,0.0023721320692231,0.007116396207669299,102.47610539043907,0,0,,,,,,,road
,2025-01-09 18:12:27.625956960,Восточно-Сибирская,,,2025,2024,8 days 17:32:27.704964534,12572.4617494089,568.4661701874993,0.022113022113022112,Зима,1,1,0.0023721320692231,0.0023721320692231,0.007116396207669299,102.47610539043907,0,0,,,,,,,road
,2025-01-10 05:29:31.066345026,Восточно-Сибирская,,,2025,2024,9 days 04:49:31.145352600,13249.51908921,677.0573398011002,0.02293202293202293,Зима,1,1,0.0023721320692231,0.0023721320692231,0.007116396207669299,102.47610539043907,0,0,,,,,,,road
,2025-01-10 14:34:23.092039296,Восточно-Сибирская,,,2025,2024,9 days 13:54:23.171046870,13794.386184114499,544.867094904499,0.02375102375102375,Зима,1,1,0.0023721320692231,0.0023721320692231,0.007116396207669299,102.47610539043907,0,0,,,,,,,road
,2025-01-10 16:09:38.802027876,Восточно-Сибирская,,,2025,2024,9 days 15:29:38.881035450,13889.648017257501,95.26183314300215,0.02457002457002457,Зима,1,1,0.0023721320692231,0.0023721320692231,0.007116396207669299,102.47610539043907,0,0,,,,,,,road
,2025-01-11 00:23:04.040034564,Восточно-Сибирская,,,2025,2024,9 days 23:43:04.119042138,14383.0686507023,493.420633444799,0.025389025389025387,Зима,1,1,0.0023721320692231,0.0023721320692231,0.007116396207669299,102.47610539043907,0,0,,,,,,,road
,2025-01-11 00:27:36.724003116,Восточно-Сибирская,,,2025,2024,9 days 23:47:36.803010690,14387.6133835115,4.544732809199559,0.02620802620802621,Зима,1,1,0.0023721320692231,0.0023721320692231,0.007116396207669299,102.47610539043907,0,0,,,,,,,road
,2025-01-11 03:01:03.752647451,Восточно-Сибирская,,,2025,2024,10 days 02:21:03.831655025,14541.063860917084,153.45047740558402,0.02702702702702703,Зима,1,1,0.0023721320692231,0.0023721320692231,0.007116396207669299,102.47610539043907,0,0,,,,,,,road
,2025-01-11 06:35:34.792394298,Восточно-Сибирская,,,2025,2024,10 days 05:55:34.871401872,14755.5811900312,214.51732911411636,0.027846027846027847,Зима,1,1,0.0023721320692231,0.0023721320692231,0.007116396207669299,102.47610539043907,0,0,,,,,,,road
,2025-01-11 19:15:47.115826998,Восточно-Сибирская,,,2025,2024,10 days 18:35:47.194834572,15515.786580576201,760.2053905450011,0.028665028665028666,Зима,1,1,0.0023721320692231,0.0023721320692231,0.007116396207669299,102.47610539043907,0,0,,,,,,,road
,2025-01-11 22:44:26.057344914,Восточно-Сибирская,,,2025,2024,10 days 22:04:26.136352488,15724.4356058748,208.64902529859864,0.029484029484029485,Зима,1,1,0.0023721320692231,0.0023721320692231,0.007116396207669299,102.47610539043907,0,0,,,,,,,road
,2025-01-11 22:49:12.721675848,Восточно-Сибирская,,,2025,2024,10 days 22:09:12.800683422,15729.213344723701,4.777738848901208,0.030303030303030304,Зима,1,1,0.0023721320692231,0.0023721320692231,0.007116396207669299,102.47610539043907,0,0,,,,,,,road
,2025-01-12 01:52:20.288111016,Восточно-Сибирская,,,2025,2024,11 days 01:12:20.367118590,15912.3394519765,183.12610725279956,0.031122031122031123,Зима,1,1,0.0023721320692231,0.0023721320692231,0.007116396207669299,102.47610539043907,0,0,,,,,,,road
,2025-01-12 06:43:38.177256990,Восточно-Сибирская,,,2025,2024,11 days 06:03:38.256264564,16203.6376044094,291.29815243289886,0.03194103194103194,Зима,1,1,0.0023721320692231,0.0023721320692231,0.007116396207669299,102.47610539043907,0,0,,,,,,,road
,2025-01-13 03:38:12.826900746,Восточно-Сибирская,,,2025,2024,12 days 02:58:12.905908320,17458.215098472,1254.5774940625997,0.03276003276003276,Зима,1,1,0.0023721320692231,0.0023721320692231,0.007116396207669299,102.47610539043907,0,0,,,,,,,road
,2025-01-13 23:31:34.221976248,Восточно-Сибирская,,,2025,2024,12 days 22:51:34.300983822,18651.5716830637,1193.3565845917,0.03357903357903358,Зима,1,1,0.0023721320692231,0.0023721320692231,0.007116396207669299,102.47610539043907,0,0,,,,,,,road
,2025-01-14 00:55:40.755684672,Восточно-Сибирская,,,2025,2024,13 days 00:15:40.834692246,18735.6805782041,84.10889514040173,0.0343980343980344,Зима,1,1,0.0023721320692231,0.0023721320692231,0.007116396207669299,102.47610539043907,0,0,,,,,,,road
,2025-01-14 02:21:59.564833962,Восточно-Сибирская,,,2025,2024,13 days 01:41:59.643841536,18821.9940640256,86.31348582149803,0.03521703521703522,Зима,1,1,0.0023721320692231,0.0023721320692231,0.007116396207669299,102.47610539043907,0,0,,,,,,,road
,2025-01-14 03:17:25.746366726,Восточно-Сибирская,,,2025,2024,13 days 02:37:25.825374300,18877.430422905,55.43635887940036,0.036036036036036036,Зима,1,1,0.0032178710591962605,0.0023721320692231,0.007116396207669299,102.47610539043907,0,1,,,,,,,road
,2025-01-14 10:04:52.051874220,Восточно-Сибирская,,,2025,2024,13 days 09:24:52.130881794,19284.8688480299,407.43842512489937,0.036855036855036855,Зима,1,1,0.0038178216129203858,0.0023721320692231,0.007116396207669299,102.47610539043907,0,1,,,,,,,road
,2025-01-14 10:06:22.627985598,Восточно-Сибирская,,,2025,2024,13 days 09:26:22.706993172,19286.3784498862,1.5096018563017424,0.03767403767403767,Зима,1,1,0.004001217907272174,0.0023721320692231,0.007116396207669299,102.47610539043907,0,1,,,,,,,road
,2025-01-14 10:36:47.579758398,Восточно-Сибирская,,,2025,2024,13 days 09:56:47.658765972,19316.794312766197,30.415862879995984,0.03849303849303849,Зима,1,1,0.004472098011705377,0.0023721320692231,0.007116396207669299,102.47610539043907,0,1,,,,,,,road
,2025-01-14 13:02:52.400257884,Восточно-Сибирская,,,2025,2024,13 days 12:22:52.479265458,19462.8746544243,146.08034165810386,0.03931203931203931,Зима,1,1,0.005285468294773775,0.0023721320692231,0.007116396207669299,102.47610539043907,0,1,,,,,,,road
,2025-01-14 13:56:38.201134242,Восточно-Сибирская,,,2025,2024,13 days 13:16:38.280141816,19516.6380023636,53.76334793930073,0.04013104013104013,Зима,1,1,0.005290533003907952,0.0023721320692231,0.007116396207669299,102.47610539043907,0,1,,,,,,,road
,2025-01-14 14:14:25.351541112,Восточно-Сибирская,,,2025,2024,13 days 13:34:25.430548686,19534.4238424781,17.78584011449857,0.04095004095004095,Зима,1,1,0.0054483539708273,0.0023721320692231,0.007116396207669299,102.47610539043907,0,1,,,,,,,road
,2025-01-14 15:35:35.666673708,Восточно-Сибирская,,,2025,2024,13 days 14:55:35.745681282,19615.5957613547,81.1719188766001,0.04176904176904177,Зима,1,1,0.005495700006069821,0.0023721320692231,0.007116396207669299,102.47610539043907,0,1,,,,,,,road
,2025-01-14 16:32:23.079722916,Восточно-Сибирская,,,2025,2024,13 days 15:52:23.158730490,19672.3859788415,56.79021748679952,0.042588042588042586,Зима,1,1,0.005643423755315359,0.0023721320692231,0.007116396207669299,102.47610539043907,0,1,,,,,,,road
,2025-01-14 18:36:53.015997114,Восточно-Сибирская,,,2025,2024,13 days 17:56:53.095004688,19796.8849167448,124.49893790329952,0.043407043407043405,Зима,1,1,0.005747889339993102,0.0023721320692231,0.007116396207669299,102.47610539043907,0,1,,,,,,,road
,2025-01-15 05:35:57.123179424,Восточно-Сибирская,,,2025,2024,14 days 04:55:57.202186998,20455.9533697833,659.0684530385006,0.044226044226044224,Зима,1,1,0.005878628643298019,0.0023721320692231,0.007116396207669299,102.47610539043907,0,1,,,,,,,road
,2025-01-15 05:58:06.841736376,Восточно-Сибирская,,,2025,2024,14 days 05:18:06.920743950,20478.115345732498,22.161975949198677,0.04504504504504504,Зима,1,1,0.005989403099846164,0.0023721320692231,0.007116396207669299,102.47610539043907,0,1,,,,,,,road
,2025-01-15 07:11:37.986647058,Восточно-Сибирская,,,2025,2024,14 days 06:31:38.065654632,20551.6344275772,73.51908184470085,0.04586404586404586,Зима,1,1,0.006343563387308817,0.0023721320692231,0.007116396207669299,102.47610539043907,0,1,,,,,,,road
,2025-01-15 14:10:47.341612014,Восточно-Сибирская,,,2025,2024,14 days 13:30:47.420619588,20970.790343659803,419.15591608260365,0.04668304668304668,Зима,1,1,0.006412953198397646,0.0023721320692231,0.007116396207669299,102.47610539043907,0,1,,,,,,,road
,2025-01-15 19:05:06.891991908,Восточно-Сибирская,,,2025,2024,14 days 18:25:06.970999482,21265.116183324702,294.32583966489983,0.0475020475020475,Зима,1,1,0.007116396207669299,0.0023721320692231,0.007116396207669299,102.47610539043907,1,0,,,,,,,road
,2025-01-15 20:15:33.660404880,Восточно-Сибирская,,,2025,2024,14 days 19:35:33.739412454,21335.5623235409,70.44614021619782,0.04832104832104832,Зима,1,1,0.007116396207669299,0.0023721320692231,0.007116396207669299,102.47610539043907,1,0,,,,,,,road
,2025-01-15 23:04:15.270196217,Восточно-Сибирская,,,2025,2024,14 days 22:24:15.349203791,21504.255820063183,168.69349652228266,0.04914004914004914,Зима,1,1,0.007116396207669299,0.0023721320692231,0.007116396207669299,102.47610539043907,1,0,,,,,,,road
,2025-01-15 23:17:10.593956952,Восточно-Сибирская,,,2025,2024,14 days 22:37:10.672964526,21517.1778827421,12.922062678917428,0.049959049959049956,Зима,1,1,0.007116396207669299,0.0023721320692231,0.007116396207669299,102.47610539043907,1,0,,,,,,,road
,2025-01-16 02:12:21.604258674,Восточно-Сибирская,,,2025,2024,15 days 01:32:21.683266248,21692.3613877708,175.1835050287009,0.050778050778050775,Зима,1,1,0.007116396207669299,0.0023721320692231,0.007116396207669299,102.47610539043907,1,0,,,,,,,road
,2025-01-16 10:39:10.222863858,Восточно-Сибирская,,,2025,2024,15 days 09:59:10.301871432,22199.1716978572,506.8103100863991,0.051597051597051594,Зима,1,1,0.007116396207669299,0.0023721320692231,0.007116396207669299,102.47610539043907,1,0,,,,,,,road
,2025-01-16 12:27:31.404791022,Восточно-Сибирская,,,2025,2024,15 days 11:47:31.483798596,22307.5247299766,108.35303211940118,0.05241605241605242,Зима,1,1,0.007116396207669299,0.0023721320692231,0.007116396207669299,102.47610539043907,1,0,,,,,,,road
,2025-01-16 14:04:30.070566468,Восточно-Сибирская,,,2025,2024,15 days 13:24:30.149574042,22404.5024929007,96.9777629240998,0.05323505323505324,Зима,1,1,0.007116396207669299,0.0023721320692231,0.007116396207669299,102.47610539043907,1,0,,,,,,,road
,2025-01-16 14:33:38.844634260,Восточно-Сибирская,,,2025,2024,15 days 13:53:38.923641834,22433.6487273639,29.146234463198198,0.05405405405405406,Зима,1,1,0.007116396207669299,0.0023721320692231,0.007116396207669299,102.47610539043907,1,0,,,,,,,road
,2025-01-16 16:54:48.385048818,Восточно-Сибирская,,,2025,2024,15 days 16:14:48.464056392,22574.8077342732,141.15900690929993,0.054873054873054876,Зима,1,1,0.007116396207669299,0.0023721320692231,0.007116396207669299,102.47610539043907,1,0,,,,,,,road
,2025-01-16 19:00:14.654252022,Восточно-Сибирская,,,2025,2024,15 days 18:20:14.733259596,22700.2455543266,125.43782005340108,0.055692055692055695,Зима,1,1,0.007116396207669299,0.0023721320692231,0.007116396207669299,102.47610539043907,1,0,,,,,,,road
,2025-01-16 21:28:32.644996889,Восточно-Сибирская,,,2025,2024,15 days 20:48:32.724004463,22848.545400074385,148.29984574778427,0.056511056511056514,Зима,1,1,0.007116396207669299,0.0023721320692231,0.007116396207669299,102.47610539043907,1,0,,,,,,,road
,2025-01-16 21:32:15.478196459,Восточно-Сибирская,,,2025,2024,15 days 20:52:15.557204033,22852.259286733883,3.7138866594978026,0.05733005733005733,Зима,1,1,0.007116396207669299,0.0023721320692231,0.007116396207669299,102.47610539043907,1,0,,,,,,,road
,2025-01-16 23:24:04.000287642,Восточно-Сибирская,,,2025,2024,15 days 22:44:04.079295216,22964.0679882536,111.80870151971612,0.05814905814905815,Зима,1,1,0.007116396207669299,0.0023721320692231,0.007116396207669299,102.47610539043907,1,0,,,,,,,road
,2025-01-17 01:31:03.368165910,Восточно-Сибирская,,,2025,2024,16 days 00:51:03.447173484,23091.057452891397,126.98946463779794,0.05896805896805897,Зима,1,1,0.007116396207669299,0.0023721320692231,0.007116396207669299,102.47610539043907,1,0,,,,,,,road
,2025-01-17 02:03:44.479882488,Восточно-Сибирская,,,2025,2024,16 days 01:23:44.558890062,23123.7426481677,32.68519527630269,0.05978705978705979,Зима,1,1,0.007116396207669299,0.0023721320692231,0.007116396207669299,102.47610539043907,1,0,,,,,,,road
,2025-01-17 02:36:34.136236326,Восточно-Сибирская,,,2025,2024,16 days 01:56:34.215243900,23156.570254064998,32.82760589729878,0.06060606060606061,Зима,1,1,0.007116396207669299,0.0023721320692231,0.007116396207669299,102.47610539043907,1,0,,,,,,,road
,2025-01-17 03:21:59.661293928,Восточно-Сибирская,,,2025,2024,16 days 02:41:59.740301502,23201.9956716917,45.425417626702256,0.06142506142506143,Зима,1,1,0.007116396207669299,0.0023721320692231,0.007116396207669299,102.47610539043907,1,0,,,,,,,road
,2025-01-17 06:16:46.670736120,Восточно-Сибирская,,,2025,2024,16 days 05:36:46.749743694,23376.779162394898,174.78349070319746,0.062244062244062245,Зима,1,1,0.007116396207669299,0.0023721320692231,0.007116396207669299,102.47610539043907,1,0,,,,,,,road
,2025-01-17 08:27:45.254143344,Восточно-Сибирская,,,2025,2024,16 days 07:47:45.333150918,23507.755552515297,130.97639012039872,0.06306306306306306,Зима,1,1,0.007116396207669299,0.0023721320692231,0.007116396207669299,102.47610539043907,1,0,,,,,,,road
,2025-01-17 12:50:25.444129110,Восточно-Сибирская,,,2025,2024,16 days 12:10:25.523136684,23770.4253856114,262.6698330961044,0.06388206388206388,Зима,1,1,0.007116396207669299,0.0023721320692231,0.007116396207669299,102.47610539043907,1,0,,,,,,,road
,2025-01-17 13:39:40.524596682,Восточно-Сибирская,,,2025,2024,16 days 12:59:40.603604256,23819.676726737598,49.251341126197076,0.0647010647010647,Зима,1,1,0.007116396207669299,0.0023721320692231,0.007116396207669299,102.47610539043907,1,0,,,,,,,road
,2025-01-17 19:21:18.474125736,Восточно-Сибирская,,,2025,2024,16 days 18:41:18.553133310,24161.309218888502,341.632492150904,0.06552006552006552,Зима,1,1,0.007116396207669299,0.0023721320692231,0.007116396207669299,102.47610539043907,1,0,,,,,,,road
,2025-01-17 22:32:37.014512574,Восточно-Сибирская,,,2025,2024,16 days 21:52:37.093520148,24352.6182253358,191.30900644729627,0.06633906633906633,Зима,1,1,0.007116396207669299,0.0023721320692231,0.007116396207669299,102.47610539043907,1,0,,,,,,,road
,2025-01-17 23:43:14.098247802,Восточно-Сибирская,,,2025,2024,16 days 23:03:14.177255376,24423.2362875896,70.61806225380133,0.06715806715806716,Зима,1,1,0.007116396207669299,0.0023721320692231,0.007116396207669299,102.47610539043907,1,0,,,,,,,road
,2025-01-17 23:57:18.148659606,Восточно-Сибирская,,,2025,2024,16 days 23:17:18.227667180,24437.303794452997,14.067506863397284,0.06797706797706797,Зима,1,1,0.007116396207669299,0.0023721320692231,0.007116396207669299,102.47610539043907,1,0,,,,,,,road
,2025-01-18 00:39:02.539117314,Восточно-Сибирская,,,2025,2024,16 days 23:59:02.618124888,24479.0436354148,41.739840961803566,0.0687960687960688,Зима,1,1,0.007116396207669299,0.0023721320692231,0.007116396207669299,102.47610539043907,1,0,,,,,,,road
,2025-01-18 08:00:26.556448152,Восточно-Сибирская,,,2025,2024,17 days 07:20:26.635455726,24920.443924262097,441.4002888472969,0.06961506961506962,Зима,1,1,0.007116396207669299,0.0023721320692231,0.007116396207669299,102.47610539043907,1,0,,,,,,,road
,2025-01-18 08:52:39.522412800,Восточно-Сибирская,,,2025,2024,17 days 08:12:39.601420374,24972.6600236729,52.21609941080169,0.07043407043407043,Зима,1,1,0.007116396207669299,0.0023721320692231,0.007116396207669299,102.47610539043907,1,0,,,,,,,road
,2025-01-18 09:48:54.796176366,Восточно-Сибирская,,,2025,2024,17 days 09:08:54.875183940,25028.914586398998,56.25456272609881,0.07125307125307126,Зима,1,1,0.007116396207669299,0.0023721320692231,0.007116396207669299,102.47610539043907,1,0,,,,,,,road
,2025-01-18 10:18:27.156748542,Восточно-Сибирская,,,2025,2024,17 days 09:38:27.235756116,25058.4539292686,29.53934286960066,0.07207207207207207,Зима,1,1,0.007116396207669299,0.0023721320692231,0.007116396207669299,102.47610539043907,1,0,,,,,,,road
,2025-01-18 14:09:30.561096876,Восточно-Сибирская,,,2025,2024,17 days 13:29:30.640104450,25289.5106684075,231.05673913890132,0.0728910728910729,Зима,1,1,0.007116396207669299,0.0023721320692231,0.007116396207669299,102.47610539043907,1,0,,,,,,,road
,2025-01-18 14:54:49.403076900,Восточно-Сибирская,,,2025,2024,17 days 14:14:49.482084474,25334.824701407902,45.31403300040256,0.07371007371007371,Зима,1,1,0.007116396207669299,0.0023721320692231,0.007116396207669299,102.47610539043907,1,0,,,,,,,road
,2025-01-18 15:51:09.173465136,Восточно-Сибирская,,,2025,2024,17 days 15:11:09.252472710,25391.154207878502,56.32950647059988,0.07452907452907453,Зима,1,1,0.007116396207669299,0.0023721320692231,0.007116396207669299,102.47610539043907,1,0,,,,,,,road
,2025-01-18 17:06:20.134001874,Восточно-Сибирская,,,2025,2024,17 days 16:26:20.213009448,25466.3368834908,75.18267561229732,0.07534807534807535,Зима,1,1,0.007116396207669299,0.0023721320692231,0.007116396207669299,102.47610539043907,1,0,,,,,,,road
,2025-01-18 18:26:14.818516158,Восточно-Сибирская,,,2025,2024,17 days 17:46:14.897523732,25546.2482920622,79.91140857139908,0.07616707616707617,Зима,1,1,0.007116396207669299,0.0023721320692231,0.007116396207669299,102.47610539043907,1,0,,,,,,,road
,2025-01-18 19:40:42.595510458,Восточно-Сибирская,,,2025,2024,17 days 19:00:42.674518032,25620.7112419672,74.46294990500246,0.07698607698607698,Зима,1,1,0.007116396207669299,0.0023721320692231,0.007116396207669299,102.47610539043907,1,0,,,,,,,road
,2025-01-18 21:19:10.046883990,Восточно-Сибирская,,,2025,2024,17 days 20:39:10.125891564,25719.168764859398,98.45752289219672,0.07780507780507781,Зима,1,1,0.007116396207669299,0.0023721320692231,0.007116396207669299,102.47610539043907,1,0,,,,,,,road
,2025-01-19 01:15:54.735173466,Восточно-Сибирская,,,2025,2024,18 days 00:35:54.814181040,25955.913569684002,236.74480482460422,0.07862407862407862,Зима,1,1,0.007116396207669299,0.0023721320692231,0.007116396207669299,102.47610539043907,1,0,,,,,,,road
,2025-01-19 05:16:19.179090066,Восточно-Сибирская,,,2025,2024,18 days 04:36:19.258097640,26196.320968294,240.40739860999747,0.07944307944307945,Зима,1,1,0.007116396207669299,0.0023721320692231,0.007116396207669299,102.47610539043907,1,0,,,,,,,road
,2025-01-19 09:01:17.912758824,Восточно-Сибирская,,,2025,2024,18 days 08:21:17.991766398,26421.2998627733,224.97889447929992,0.08026208026208026,Зима,1,1,0.007116396207669299,0.0023721320692231,0.007116396207669299,102.47610539043907,1,0,,,,,,,road
,2025-01-19 09:16:16.776021624,Восточно-Сибирская,,,2025,2024,18 days 08:36:16.855029198,26436.2809171533,14.981054380001297,0.08108108108108109,Зима,1,1,0.007116396207669299,0.0023721320692231,0.007116396207669299,102.47610539043907,1,0,,,,,,,road
,2025-01-19 13:02:12.793731444,Восточно-Сибирская,,,2025,2024,18 days 12:22:12.872739018,26662.2145456503,225.9336284969977,0.0819000819000819,Зима,1,1,0.007116396207669299,0.0023721320692231,0.007116396207669299,102.47610539043907,1,0,,,,,,,road
,2025-01-19 13:20:12.999343458,Восточно-Сибирская,,,2025,2024,18 days 12:40:13.078351032,26680.2179725172,18.003426866900554,0.08271908271908272,Зима,1,1,0.007116396207669299,0.0023721320692231,0.007116396207669299,102.47610539043907,1,0,,,,,,,road
,2025-01-19 13:38:56.172482118,Восточно-Сибирская,,,2025,2024,18 days 12:58:56.251489692,26698.937524828198,18.71955231099855,0.08353808353808354,Зима,1,1,0.007116396207669299,0.0023721320692231,0.007116396207669299,102.47610539043907,1,0,,,,,,,road
,2025-01-19 20:34:00.991802849,Восточно-Сибирская,,,2025,2024,18 days 19:54:01.070810423,27114.017846840383,415.0803220121852,0.08435708435708436,Зима,1,1,0.007116396207669299,0.0023721320692231,0.007116396207669299,102.47610539043907,1,0,,,,,,,road
,2025-01-20 00:34:30.700217465,Восточно-Сибирская,,,2025,2024,18 days 23:54:30.779225039,27354.512987083985,240.49514024360178,0.08517608517608517,Зима,1,1,0.007116396207669299,0.0023721320692231,0.007116396207669299,102.47610539043907,1,0,,,,,,,road
,2025-01-20 02:27:28.389349290,Восточно-Сибирская,,,2025,2024,19 days 01:47:28.468356864,27467.4744726144,112.96148553041712,0.085995085995086,Зима,1,1,0.007116396207669299,0.0023721320692231,0.007116396207669299,102.47610539043907,1,0,,,,,,,road
,2025-01-20 07:19:38.637625800,Восточно-Сибирская,,,2025,2024,19 days 06:39:38.716633374,27759.645277222902,292.1708046085005,0.08681408681408681,Зима,1,1,0.007116396207669299,0.0023721320692231,0.007116396207669299,102.47610539043907,1,0,,,,,,,road
,2025-01-20 17:58:06.548718108,Восточно-Сибирская,,,2025,2024,19 days 17:18:06.627725682,28398.1104620947,638.4651848717986,0.08763308763308764,Зима,1,1,0.007116396207669299,0.0023721320692231,0.007116396207669299,102.47610539043907,1,0,,,,,,,road
,2025-01-20 20:10:39.362420808,Восточно-Сибирская,,,2025,2024,19 days 19:30:39.441428382,28530.6573571397,132.54689504499765,0.08845208845208845,Зима,1,1,0.007116396207669299,0.0023721320692231,0.007116396207669299,102.47610539043907,1,0,,,,,,,road
,2025-01-20 22:24:01.178137194,Восточно-Сибирская,,,2025,2024,19 days 21:44:01.257144768,28664.0209524128,133.36359527310196,0.08927108927108927,Зима,1,1,0.007116396207669299,0.0023721320692231,0.007116396207669299,102.47610539043907,1,0,,,,,,,road
,2025-01-21 01:41:19.988973798,Восточно-Сибирская,,,2025,2024,20 days 01:01:20.067981372,28861.3344663562,197.313513943398,0.09009009009009009,Зима,1,1,0.007116396207669299,0.0023721320692231,0.007116396207669299,102.47610539043907,1,0,,,,,,,road
,2025-01-21 02:18:27.069777516,Восточно-Сибирская,,,2025,2024,20 days 01:38:27.148785090,28898.4524797515,37.118013395302114,0.09090909090909091,Зима,1,1,0.007116396207669299,0.0023721320692231,0.007116396207669299,102.47610539043907,1,0,,,,,,,road
,2025-01-21 02:44:08.902495884,Восточно-Сибирская,,,2025,2024,20 days 02:04:08.981503458,28924.1496917243,25.69721197279796,0.09172809172809172,Зима,1,1,0.007116396207669299,0.0023721320692231,0.007116396207669299,102.47610539043907,1,0,,,,,,,road
,2025-01-21 06:04:26.538640242,Восточно-Сибирская,,,2025,2024,20 days 05:24:26.617647816,29124.4436274636,200.29393573930065,0.09254709254709255,Зима,1,1,0.007116396207669299,0.0023721320692231,0.007116396207669299,102.47610539043907,1,0,,,,,,,road
,2025-01-21 07:03:52.737236376,Восточно-Сибирская,,,2025,2024,20 days 06:23:52.816243950,29183.8802707325,59.43664326890212,0.09336609336609336,Зима,1,1,0.007116396207669299,0.0023721320692231,0.007116396207669299,102.47610539043907,1,0,,,,,,,road
,2025-01-21 07:24:16.169219868,Восточно-Сибирская,,,2025,2024,20 days 06:44:16.248227442,29204.2708037907,20.390533058198343,0.09418509418509419,Зима,1,1,0.007116396207669299,0.0023721320692231,0.007116396207669299,102.47610539043907,1,0,,,,,,,road
,2025-01-21 08:17:24.507333468,Восточно-Сибирская,,,2025,2024,20 days 07:37:24.586341042,29257.4097723507,53.13896856000065,0.095004095004095,Зима,1,1,0.007116396207669299,0.0023721320692231,0.007116396207669299,102.47610539043907,1,0,,,,,,,road
,2025-01-21 09:19:49.319685642,Восточно-Сибирская,,,2025,2024,20 days 08:39:49.398693216,29319.823311553602,62.41353920290203,0.09582309582309582,Зима,1,1,0.007116396207669299,0.0023721320692231,0.007116396207669299,102.47610539043907,1,0,,,,,,,road
,2025-01-21 17:11:49.269196002,Восточно-Сибирская,,,2025,2024,20 days 16:31:49.348203576,29791.8224700596,471.9991585059979,0.09664209664209664,Зима,1,1,0.007116396207669299,0.0023721320692231,0.007116396207669299,102.47610539043907,1,0,,,,,,,road
,2025-01-21 20:00:03.098954004,Восточно-Сибирская,,,2025,2024,20 days 19:20:03.177961578,29960.0529660263,168.23049596669807,0.09746109746109746,Зима,1,1,0.007116396207669299,0.0023721320692231,0.007116396207669299,102.47610539043907,1,0,,,,,,,road
,2025-01-21 21:46:24.246174138,Восточно-Сибирская,,,2025,2024,20 days 21:06:24.325181712,30066.4054196952,106.35245366890013,0.09828009828009827,Зима,1,1,0.007116396207669299,0.0023721320692231,0.007116396207669299,102.47610539043907,1,0,,,,,,,road
,2025-01-22 05:53:57.964123824,Восточно-Сибирская,,,2025,2024,21 days 05:13:58.043131398,30553.9673855233,487.561965828103,0.0990990990990991,Зима,1,1,0.007116396207669299,0.0023721320692231,0.007116396207669299,102.47610539043907,1,0,,,,,,,road
,2025-01-22 11:22:00.560998662,Восточно-Сибирская,,,2025,2024,21 days 10:42:00.640006236,30882.010666770602,328.0432812473009,0.09991809991809991,Зима,1,1,0.007116396207669299,0.0023721320692231,0.007116396207669299,102.47610539043907,1,0,,,,,,,road
,2025-01-22 13:02:49.479082068,Восточно-Сибирская,,,2025,2024,21 days 12:22:49.558089642,30982.8259681607,100.8153013900992,0.10073710073710074,Зима,1,1,0.007116396207669299,0.0023721320692231,0.007116396207669299,102.47610539043907,1,0,,,,,,,road
,2025-01-22 18:34:36.112339008,Восточно-Сибирская,,,2025,2024,21 days 17:54:36.191346582,31314.6031891097,331.77722094899946,0.10155610155610155,Зима,1,1,0.007116396207669299,0.0023721320692231,0.007116396207669299,102.47610539043907,1,0,,,,,,,road
,2025-01-22 19:47:23.709915690,Восточно-Сибирская,,,2025,2024,21 days 19:07:23.788923264,31387.3964820544,72.7932929446979,0.10237510237510238,Зима,1,1,0.007116396207669299,0.0023721320692231,0.007116396207669299,102.47610539043907,1,0,,,,,,,road
,2025-01-22 20:24:11.944739238,Восточно-Сибирская,,,2025,2024,21 days 19:44:12.023746812,31424.2003957802,36.803913725801976,0.10319410319410319,Зима,1,1,0.007116396207669299,0.0023721320692231,0.007116396207669299,102.47610539043907,1,0,,,,,,,road
,2025-01-22 21:01:24.948391266,Восточно-Сибирская,,,2025,2024,21 days 20:21:25.027398840,31461.417123314,37.21672753379971,0.10401310401310401,Зима,1,1,0.007116396207669299,0.0023721320692231,0.007116396207669299,102.47610539043907,1,0,,,,,,,road
,2025-01-22 23:33:58.261040574,Восточно-Сибирская,,,2025,2024,21 days 22:53:58.340048148,31613.9723341358,152.55521082179985,0.10483210483210484,Зима,1,1,0.007116396207669299,0.0023721320692231,0.007116396207669299,102.47610539043907,1,0,,,,,,,road
,2025-01-23 01:11:40.414547478,Восточно-Сибирская,,,2025,2024,22 days 00:31:40.493555052,31711.6748925842,97.70255844839994,0.10565110565110565,Зима,1,1,0.007116396207669299,0.0023721320692231,0.007116396207669299,102.47610539043907,1,0,,,,,,,road
,2025-01-23 03:42:50.134419864,Восточно-Сибирская,,,2025,2024,22 days 03:02:50.213427438,31862.8368904573,151.1619978730996,0.10647010647010648,Зима,1,1,0.007116396207669299,0.0023721320692231,0.007116396207669299,102.47610539043907,1,0,,,,,,,road
,2025-01-23 06:25:38.597666712,Восточно-Сибирская,,,2025,2024,22 days 05:45:38.676674286,32025.644611238098,162.80772078079826,0.10728910728910729,Зима,1,1,0.007116396207669299,0.0023721320692231,0.007116396207669299,102.47610539043907,1,0,,,,,,,road
,2025-01-23 06:28:48.939508422,Восточно-Сибирская,,,2025,2024,22 days 05:48:49.018515996,32028.8169752666,3.172364028501761,0.10810810810810811,Зима,1,1,0.007116396207669299,0.0023721320692231,0.007116396207669299,102.47610539043907,1,0,,,,,,,road
,2025-01-23 06:36:37.333017390,Восточно-Сибирская,,,2025,2024,22 days 05:56:37.412024964,32036.623533749404,7.806558482803666,0.10892710892710893,Зима,1,1,0.007116396207669299,0.0023721320692231,0.007116396207669299,102.47610539043907,1,0,,,,,,,road
,2025-01-23 08:23:31.277470446,Восточно-Сибирская,,,2025,2024,22 days 07:43:31.356478020,32143.522607967003,106.89907421759926,0.10974610974610975,Зима,1,1,0.007116396207669299,0.0023721320692231,0.007116396207669299,102.47610539043907,1,0,,,,,,,road
,2025-01-23 08:53:18.700856184,Восточно-Сибирская,,,2025,2024,22 days 08:13:18.779863758,32173.3129977293,29.7903897622964,0.11056511056511056,Зима,1,1,0.007116396207669299,0.0023721320692231,0.007116396207669299,102.47610539043907,1,0,,,,,,,road
,2025-01-23 11:13:59.410085184,Восточно-Сибирская,,,2025,2024,22 days 10:33:59.489092758,32313.991484879298,140.67848714999855,0.11138411138411139,Зима,1,1,0.007116396207669299,0.0023721320692231,0.007116396207669299,102.47610539043907,1,0,,,,,,,road
,2025-01-23 16:52:39.781096284,Восточно-Сибирская,,,2025,2024,22 days 16:12:39.860103858,32652.6643350643,338.67285018500115,0.1122031122031122,Зима,1,1,0.0023721320692231,0.0023721320692231,0.007116396207669299,102.47610539043907,0,0,,,,,,,road
,2025-01-23 23:04:11.388875016,Восточно-Сибирская,,,2025,2024,22 days 22:24:11.467882590,33024.1911313765,371.52679631220235,0.11302211302211303,Зима,1,1,0.0023721320692231,0.0023721320692231,0.007116396207669299,102.47610539043907,0,0,,,,,,,road
,2025-01-24 01:36:01.896686213,Восточно-Сибирская,,,2025,2024,23 days 00:56:01.975693787,33176.03292822978,151.84179685328127,0.11384111384111384,Зима,1,1,0.0023721320692231,0.0023721320692231,0.007116396207669299,102.47610539043907,0,0,,,,,,,road
,2025-01-24 08:46:32.245268946,Восточно-Сибирская,,,2025,2024,23 days 08:06:32.324276520,33606.538737942,430.50580971221643,0.11466011466011466,Зима,1,1,0.0023721320692231,0.0023721320692231,0.007116396207669299,102.47610539043907,0,0,,,,,,,road
,2025-01-24 21:12:16.215936635,Восточно-Сибирская,,,2025,2024,23 days 20:32:16.294944209,34352.27158240348,745.7328444614832,0.11547911547911548,Зима,1,1,0.0023721320692231,0.0023721320692231,0.007116396207669299,102.47610539043907,0,0,,,,,,,road
,2025-01-26 17:07:24.234403032,Восточно-Сибирская,,,2025,2024,25 days 16:27:24.313410606,36987.4052235101,2635.133641106615,0.1162981162981163,Зима,1,1,0.0023721320692231,0.0023721320692231,0.007116396207669299,102.47610539043907,0,0,,,,,,,road
,2025-01-27 05:55:52.270153182,Восточно-Сибирская,,,2025,2024,26 days 05:15:52.349160756,37755.8724860126,768.467262502505,0.11711711711711711,Зима,1,1,0.0023721320692231,0.0023721320692231,0.007116396207669299,102.47610539043907,0,0,,,,,,,road
,2025-01-27 11:39:34.528638696,Восточно-Сибирская,,,2025,2024,26 days 10:59:34.607646270,38099.576794104505,343.70430809190293,0.11793611793611794,Зима,1,1,0.0023721320692231,0.0023721320692231,0.007116396207669299,102.47610539043907,0,0,,,,,,,road
,2025-01-27 13:10:11.765973102,Восточно-Сибирская,,,2025,2024,26 days 12:30:11.844980676,38190.19741634461,90.62062224010151,0.11875511875511875,Зима,1,1,0.0023721320692231,0.0023721320692231,0.007116396207669299,102.47610539043907,0,0,,,,,,,road
,2025-01-27 21:12:26.821475940,Восточно-Сибирская,,,2025,2024,26 days 20:32:26.900483514,38672.4483413919,482.250925047294,0.11957411957411958,Зима,1,1,0.0023721320692231,0.0023721320692231,0.007116396207669299,102.47610539043907,0,0,,,,,,,road
,2025-01-28 16:42:18.166030824,Восточно-Сибирская,,,2025,2024,27 days 16:02:18.245038398,39842.3040839733,1169.8557425813997,0.12039312039312039,Зима,1,1,0.0023721320692231,0.0023721320692231,0.007116396207669299,102.47610539043907,0,0,,,,,,,road
,2025-01-28 18:22:40.288679022,Восточно-Сибирская,,,2025,2024,27 days 17:42:40.367686596,39942.6727947766,100.36871080329729,0.12121212121212122,Зима,1,1,0.0023721320692231,0.0023721320692231,0.007116396207669299,102.47610539043907,0,0,,,,,,,road
,2025-01-28 20:27:19.847552172,Восточно-Сибирская,,,2025,2024,27 days 19:47:19.926559746,40067.332109329094,124.65931455249665,0.12203112203112203,Зима,1,1,0.0023721320692231,0.0023721320692231,0.007116396207669299,102.47610539043907,0,0,,,,,,,road
,2025-01-28 21:35:21.066936558,Восточно-Сибирская,,,2025,2024,27 days 20:55:21.145944132,40135.3524324022,68.02032307310583,0.12285012285012285,Зима,1,1,0.0023721320692231,0.0023721320692231,0.007116396207669299,102.47610539043907,0,0,,,,,,,road
,2025-01-29 06:57:56.609502636,Восточно-Сибирская,,,2025,2024,28 days 06:17:56.688510210,40697.9448085035,562.5923761012964,0.12366912366912367,Зима,1,1,0.0023721320692231,0.0023721320692231,0.007116396207669299,102.47610539043907,0,0,,,,,,,road
,2025-01-29 10:37:55.411679436,Восточно-Сибирская,,,2025,2024,28 days 09:57:55.490687010,40917.9248447835,219.9800362800015,0.12448812448812449,Зима,1,1,0.0023721320692231,0.0023721320692231,0.007116396207669299,102.47610539043907,0,0,,,,,,,road
,2025-01-29 11:05:13.108633164,Восточно-Сибирская,,,2025,2024,28 days 10:25:13.187640738,40945.2197940123,27.29494922880258,0.12530712530712532,Зима,1,1,0.0023721320692231,0.0023721320692231,0.007116396207669299,102.47610539043907,0,0,,,,,,,road
,2025-01-30 01:41:39.764677710,Восточно-Сибирская,,,2025,2024,29 days 01:01:39.843685284,41821.6640614214,876.4442674090969,0.12612612612612611,Зима,1,1,0.0023721320692231,0.0023721320692231,0.007116396207669299,102.47610539043907,0,0,,,,,,,road
,2025-01-30 07:25:31.922198807,Восточно-Сибирская,,,2025,2024,29 days 06:45:32.001206381,42165.53335343968,343.86929201828025,0.12694512694512694,Зима,1,1,0.0023721320692231,0.0023721320692231,0.007116396207669299,102.47610539043907,0,0,,,,,,,road
,2025-01-30 10:15:02.827403424,Восточно-Сибирская,,,2025,2024,29 days 09:35:02.906410998,42335.0484401833,169.51508674362412,0.12776412776412777,Зима,1,1,0.0023721320692231,0.0023721320692231,0.007116396207669299,102.47610539043907,0,0,,,,,,,road
,2025-01-30 13:12:45.856112106,Восточно-Сибирская,,,2025,2024,29 days 12:32:45.935119680,42512.765585328,177.71714514469932,0.1285831285831286,Зима,1,1,0.0023721320692231,0.0023721320692231,0.007116396207669299,102.47610539043907,0,0,,,,,,,road
,2025-01-30 15:37:17.654970090,Восточно-Сибирская,,,2025,2024,29 days 14:57:17.733977664,42657.29556629439,144.52998096639203,0.1294021294021294,Зима,1,1,0.0023721320692231,0.0023721320692231,0.007116396207669299,102.47610539043907,0,0,,,,,,,road
,2025-01-30 19:53:32.454648911,Восточно-Сибирская,,,2025,2024,29 days 19:13:32.533656485,42913.54222760808,256.24666131368576,0.13022113022113022,Зима,1,1,0.0023721320692231,0.0023721320692231,0.007116396207669299,102.47610539043907,0,0,,,,,,,road
,2025-01-30 22:46:49.257795006,Восточно-Сибирская,,,2025,2024,29 days 22:06:49.336802580,43086.822280043,173.28005243492225,0.13104013104013104,Зима,1,1,0.0023721320692231,0.0023721320692231,0.007116396207669299,102.47610539043907,0,0,,,,,,,road
,2025-01-31 04:21:31.300954476,Восточно-Сибирская,,,2025,2024,30 days 03:41:31.379962050,43421.522999367495,334.70071932449355,0.13185913185913187,Зима,1,1,0.0023721320692231,0.0023721320692231,0.007116396207669299,102.47610539043907,0,0,,,,,,,road
,2025-01-31 14:47:34.635438156,Восточно-Сибирская,,,2025,2024,30 days 14:07:34.714445730,44047.5785740955,626.0555747280087,0.13267813267813267,Зима,1,1,0.0023721320692231,0.0023721320692231,0.007116396207669299,102.47610539043907,0,0,,,,,,,road
,2025-01-31 22:40:41.095722462,Восточно-Сибирская,,,2025,2024,30 days 22:00:41.174730036,44520.6862455006,473.10767140509415,0.1334971334971335,Зима,1,1,0.0023721320692231,0.0023721320692231,0.007116396207669299,102.47610539043907,0,0,,,,,,,road
,2025-02-01 01:07:43.220233644,Восточно-Сибирская,,,2025,2024,31 days 00:27:43.299241218,44667.72165402029,147.03540851969592,0.13431613431613432,Зима,1,2,0.0023721320692231,0.0023721320692231,0.007116396207669299,102.47610539043907,0,0,,,,,,,road
,2025-02-01 06:24:52.872330354,Восточно-Сибирская,,,2025,2024,31 days 05:44:52.951337928,44984.8825222988,317.16086827850813,0.13513513513513514,Зима,1,2,0.0023721320692231,0.0023721320692231,0.007116396207669299,102.47610539043907,0,0,,,,,,,road
,2025-02-01 19:17:45.592416624,Восточно-Сибирская,,,2025,2024,31 days 18:37:45.671424198,45757.7611904033,772.8786681044949,0.13595413595413594,Зима,1,2,0.0023721320692231,0.0023721320692231,0.007116396207669299,102.47610539043907,0,0,,,,,,,road
,2025-02-01 19:47:32.434851215,Восточно-Сибирская,,,2025,2024,31 days 19:07:32.513858789,45787.541897646486,29.78070724318968,0.13677313677313677,Зима,1,2,0.0023721320692231,0.0023721320692231,0.007116396207669299,102.47610539043907,0,0,,,,,,,road
,2025-02-01 20:21:54.694129044,Восточно-Сибирская,,,2025,2024,31 days 19:41:54.773136618,45821.9128856103,34.370987963811785,0.1375921375921376,Зима,1,2,0.0023721320692231,0.0023721320692231,0.007116396207669299,102.47610539043907,0,0,,,,,,,road
,2025-02-02 02:04:21.117406590,Восточно-Сибирская,,,2025,2024,32 days 01:24:21.196414164,46164.353273569395,342.4403879590973,0.13841113841113842,Зима,1,2,0.0023721320692231,0.0023721320692231,0.007116396207669299,102.47610539043907,0,0,,,,,,,road
,2025-02-02 09:14:00.363847650,Восточно-Сибирская,,,2025,2024,32 days 08:34:00.442855224,46594.0073809204,429.6541073510016,0.13923013923013924,Зима,1,2,0.0023721320692231,0.0023721320692231,0.007116396207669299,102.47610539043907,0,0,,,,,,,road
,2025-02-02 10:54:07.935660486,Восточно-Сибирская,,,2025,2024,32 days 10:14:08.014668060,46694.133577801,100.12619688060659,0.14004914004914004,Зима,1,2,0.0023721320692231,0.0023721320692231,0.007116396207669299,102.47610539043907,0,0,,,,,,,road
,2025-02-02 20:30:33.413416122,Восточно-Сибирская,,,2025,2024,32 days 19:50:33.492423696,47270.5582070616,576.4246292605967,0.14086814086814087,Зима,1,2,0.0023721320692231,0.0023721320692231,0.007116396207669299,102.47610539043907,0,0,,,,,,,road
,2025-02-03 03:48:38.694725172,Восточно-Сибирская,,,2025,2024,33 days 03:08:38.773732746,47708.6462288791,438.0880218175007,0.1416871416871417,Зима,1,2,0.0023721320692231,0.0023721320692231,0.007116396207669299,102.47610539043907,0,0,,,,,,,road
,2025-02-03 21:51:05.677104912,Восточно-Сибирская,,,2025,2024,33 days 21:11:05.756112486,48791.095935208104,1082.4497063290037,0.14250614250614252,Зима,1,2,0.0023721320692231,0.0023721320692231,0.007116396207669299,102.47610539043907,0,0,,,,,,,road
,2025-02-03 23:09:06.791853018,Восточно-Сибирская,,,2025,2024,33 days 22:29:06.870860592,48869.1145143432,78.01857913509593,0.14332514332514332,Зима,1,2,0.0023721320692231,0.0023721320692231,0.007116396207669299,102.47610539043907,0,0,,,,,,,road
,2025-02-04 08:55:50.731929984,Восточно-Сибирская,,,2025,2024,34 days 08:15:50.810937558,49455.8468489593,586.7323346160993,0.14414414414414414,Зима,1,2,0.0023721320692231,0.0023721320692231,0.007116396207669299,102.47610539043907,0,0,,,,,,,road
,2025-02-04 09:32:40.120325250,Восточно-Сибирская,,,2025,2024,34 days 08:52:40.199332824,49492.6699888804,36.82313992109994,0.14496314496314497,Зима,1,2,0.0023721320692231,0.0023721320692231,0.007116396207669299,102.47610539043907,0,0,,,,,,,road
,2025-02-04 15:23:51.839489340,Восточно-Сибирская,,,2025,2024,34 days 14:43:51.918496914,49843.8653082819,351.19531940150046,0.1457821457821458,Зима,1,2,0.0023721320692231,0.0023721320692231,0.007116396207669299,102.47610539043907,0,0,,,,,,,road
,2025-02-04 21:02:15.802006925,Восточно-Сибирская,,,2025,2024,34 days 20:22:15.881014499,50182.264683574984,338.3993752930837,0.1466011466011466,Зима,1,2,0.0023721320692231,0.0023721320692231,0.007116396207669299,102.47610539043907,0,0,,,,,,,road
,2025-02-05 00:29:31.509751140,Восточно-Сибирская,,,2025,2024,34 days 23:49:31.588758714,50389.5264793119,207.2617957369148,0.14742014742014742,Зима,1,2,0.0023721320692231,0.0023721320692231,0.007116396207669299,102.47610539043907,0,0,,,,,,,road
,2025-02-05 13:34:17.434287036,Восточно-Сибирская,,,2025,2024,35 days 12:54:17.513294610,51174.291888243504,784.7654089316056,0.14823914823914824,Зима,1,2,0.0023721320692231,0.0023721320692231,0.007116396207669299,102.47610539043907,0,0,,,,,,,road
,2025-02-05 13:36:08.226363900,Восточно-Сибирская,,,2025,2024,35 days 12:56:08.305371474,51176.1384228579,1.846534614393022,0.14905814905814907,Зима,1,2,0.0023721320692231,0.0023721320692231,0.007116396207669299,102.47610539043907,0,0,,,,,,,road
,2025-02-05 18:45:42.478828842,Восточно-Сибирская,,,2025,2024,35 days 18:05:42.557836416,51485.709297273606,309.5708744157091,0.14987714987714987,Зима,1,2,0.0023721320692231,0.0023721320692231,0.007116396207669299,102.47610539043907,0,0,,,,,,,road
,2025-02-05 20:28:54.850069386,Восточно-Сибирская,,,2025,2024,35 days 19:48:54.929076960,51588.915484615995,103.20618734238815,0.1506961506961507,Зима,1,2,0.0023721320692231,0.0023721320692231,0.007116396207669299,102.47610539043907,0,0,,,,,,,road
,2025-02-06 06:02:29.997062526,Восточно-Сибирская,,,2025,2024,36 days 05:22:30.076070100,52162.501267835,573.5857832190086,0.15151515151515152,Зима,1,2,0.0023721320692231,0.0023721320692231,0.007116396207669299,102.47610539043907,0,0,,,,,,,road
,2025-02-06 06:21:03.485130732,Восточно-Сибирская,,,2025,2024,36 days 05:41:03.564138306,52181.059402305094,18.558134470091318,0.15233415233415235,Зима,1,2,0.0023721320692231,0.0023721320692231,0.007116396207669299,102.47610539043907,0,0,,,,,,,road
,2025-02-06 18:51:55.212998352,Восточно-Сибирская,,,2025,2024,36 days 18:11:55.292005926,52931.9215334321,750.8621311270035,0.15315315315315314,Зима,1,2,0.0023721320692231,0.0023721320692231,0.007116396207669299,102.47610539043907,0,0,,,,,,,road
,2025-02-07 07:39:28.173459006,Восточно-Сибирская,,,2025,2024,37 days 06:59:28.252466580,53699.470874442995,767.5493410108975,0.15397215397215397,Зима,1,2,0.0023721320692231,0.0023721320692231,0.007116396207669299,102.47610539043907,0,0,,,,,,,road
,2025-02-07 20:13:37.579860774,Восточно-Сибирская,,,2025,2024,37 days 19:33:37.658868348,54453.627647805806,754.1567733628108,0.1547911547911548,Зима,1,2,0.0023721320692231,0.0023721320692231,0.007116396207669299,102.47610539043907,0,0,,,,,,,road
,2025-02-07 21:23:24.833242980,Восточно-Сибирская,,,2025,2024,37 days 20:43:24.912250554,54523.4152041759,69.78755637009453,0.15561015561015562,Зима,1,2,0.0023721320692231,0.0023721320692231,0.007116396207669299,102.47610539043907,0,0,,,,,,,road
,2025-02-08 04:23:00.958697808,Восточно-Сибирская,,,2025,2024,38 days 03:43:01.037705382,54943.017295089696,419.6020909137951,0.15642915642915642,Зима,1,2,0.0023721320692231,0.0023721320692231,0.007116396207669299,102.47610539043907,0,0,,,,,,,road
,2025-02-08 04:29:06.998242416,Восточно-Сибирская,,,2025,2024,38 days 03:49:07.077249990,54949.1179541665,6.100659076801094,0.15724815724815724,Зима,1,2,0.0023721320692231,0.0023721320692231,0.007116396207669299,102.47610539043907,0,0,,,,,,,road
,2025-02-08 17:43:10.939393470,Восточно-Сибирская,,,2025,2024,38 days 17:03:11.018401044,55743.1836400174,794.0656858509028,0.15806715806715807,Зима,1,2,0.0023721320692231,0.0023721320692231,0.007116396207669299,102.47610539043907,0,0,,,,,,,road
,2025-02-09 02:44:19.154110650,Восточно-Сибирская,,,2025,2024,39 days 02:04:19.233118224,56284.3205519704,541.1369119529991,0.1588861588861589,Зима,1,2,0.0023721320692231,0.0023721320692231,0.007116396207669299,102.47610539043907,0,0,,,,,,,road
,2025-02-09 08:03:38.635790358,Восточно-Сибирская,,,2025,2024,39 days 07:23:38.714797932,56603.6452466322,319.3246946618019,0.1597051597051597,Зима,1,2,0.0023721320692231,0.0023721320692231,0.007116396207669299,102.47610539043907,0,0,,,,,,,road
,2025-02-09 17:16:31.988132483,Восточно-Сибирская,,,2025,2024,39 days 16:36:32.067140057,57156.53445233429,552.8892057020857,0.16052416052416052,Зима,1,2,0.0023721320692231,0.0023721320692231,0.007116396207669299,102.47610539043907,0,0,,,,,,,road
,2025-02-09 17:58:17.930212092,Восточно-Сибирская,,,2025,2024,39 days 17:18:18.009219666,57198.3001536611,41.76570132681081,0.16134316134316135,Зима,1,2,0.0023721320692231,0.0023721320692231,0.007116396207669299,102.47610539043907,0,0,,,,,,,road
,2025-02-09 23:15:23.010922944,Восточно-Сибирская,,,2025,2024,39 days 22:35:23.089930518,57515.3848321753,317.08467851420573,0.16216216216216217,Зима,1,2,0.0023721320692231,0.0023721320692231,0.007116396207669299,102.47610539043907,0,0,,,,,,,road
,2025-02-10 01:40:31.374356753,Восточно-Сибирская,,,2025,2024,40 days 01:00:31.453364327,57660.524222738786,145.13939056348318,0.16298116298116297,Зима,1,2,0.0023721320692231,0.0023721320692231,0.007116396207669299,102.47610539043907,0,0,,,,,,,road
,2025-02-11 02:57:16.160336814,Восточно-Сибирская,,,2025,2024,41 days 02:17:16.239344388,59177.2706557398,1516.7464330010116,0.1638001638001638,Зима,1,2,0.0023721320692231,0.0023721320692231,0.007116396207669299,102.47610539043907,0,0,,,,,,,road
,2025-02-11 16:37:31.020939150,Восточно-Сибирская,,,2025,2024,41 days 15:57:31.099946724,59997.5183324454,820.2476767055996,0.16461916461916462,Зима,1,2,0.0023721320692231,0.0023721320692231,0.007116396207669299,102.47610539043907,0,0,,,,,,,road
,2025-02-12 01:54:37.651939866,Восточно-Сибирская,,,2025,2024,42 days 01:14:37.730947440,60554.628849124,557.1105166786001,0.16543816543816545,Зима,1,2,0.0023721320692231,0.0023721320692231,0.007116396207669299,102.47610539043907,0,0,,,,,,,road
,2025-02-12 20:58:51.943721304,Восточно-Сибирская,,,2025,2024,42 days 20:18:52.022728878,61698.867045481304,1144.2381963573062,0.16625716625716624,Зима,1,2,0.0023721320692231,0.0023721320692231,0.007116396207669299,102.47610539043907,0,0,,,,,,,road
,2025-02-12 23:58:25.497731328,Восточно-Сибирская,,,2025,2024,42 days 23:18:25.576738902,61878.4262789817,179.55923350039666,0.16707616707616707,Зима,1,2,0.0023721320692231,0.0023721320692231,0.007116396207669299,102.47610539043907,0,0,,,,,,,road
,2025-03-01 16:52:31.788111024,Восточно-Сибирская,,,2025,2024,59 days 16:12:31.867118598,85932.5311186433,24054.104839661595,0.1678951678951679,Весна,2,3,0.0022865622823222,0.0022865622823222,0.0068596868469666,98.77949059632331,0,0,,,,,,,road
,2025-03-01 19:33:04.413169344,Восточно-Сибирская,,,2025,2024,59 days 18:53:04.492176918,86093.0748696153,160.54375097200682,0.16871416871416872,Весна,2,3,0.0022865622823222,0.0022865622823222,0.0068596868469666,98.77949059632331,0,0,,,,,,,road
,2025-03-02 00:07:02.915163822,Восточно-Сибирская,,,2025,2024,59 days 23:27:02.994171396,86367.0499028566,273.975033241295,0.16953316953316952,Весна,2,3,0.0022865622823222,0.0022865622823222,0.0068596868469666,98.77949059632331,0,0,,,,,,,road
,2025-03-02 14:42:48.458657946,Восточно-Сибирская,,,2025,2024,60 days 14:02:48.537665520,87242.808961092,875.7590582354023,0.17035217035217035,Весна,2,3,0.0022865622823222,0.0022865622823222,0.0068596868469666,98.77949059632331,0,0,,,,,,,road
,2025-03-03 01:42:10.682042424,Восточно-Сибирская,,,2025,2024,61 days 01:02:10.761049998,87902.1793508333,659.370389741307,0.17117117117117117,Весна,2,3,0.0022865622823222,0.0022865622823222,0.0068596868469666,98.77949059632331,0,0,,,,,,,road
,2025-03-03 05:20:50.701077318,Восточно-Сибирская,,,2025,2024,61 days 04:40:50.780084892,88120.8463347482,218.66698391489626,0.171990171990172,Весна,2,3,0.0022865622823222,0.0022865622823222,0.0068596868469666,98.77949059632331,0,0,,,,,,,road
,2025-03-03 18:58:14.282674362,Восточно-Сибирская,,,2025,2024,61 days 18:18:14.361681936,88938.2393613656,817.3930266173993,0.17280917280917282,Весна,2,3,0.0022865622823222,0.0022865622823222,0.0068596868469666,98.77949059632331,0,0,,,,,,,road
,2025-03-03 19:19:16.233404622,Восточно-Сибирская,,,2025,2024,61 days 18:39:16.312412196,88959.27187353659,21.03251217099023,0.17362817362817362,Весна,2,3,0.0022865622823222,0.0022865622823222,0.0068596868469666,98.77949059632331,0,0,,,,,,,road
,2025-03-04 06:25:32.558985882,Восточно-Сибирская,,,2025,2024,62 days 05:45:32.637993456,89625.5439665576,666.2720930210053,0.17444717444717445,Весна,2,3,0.0022865622823222,0.0022865622823222,0.0068596868469666,98.77949059632331,0,0,,,,,,,road
,2025-03-04 08:06:50.771072886,Восточно-Сибирская,,,2025,2024,62 days 07:26:50.850080460,89726.847501341,101.3035347834084,0.17526617526617527,Весна,2,3,0.0022865622823222,0.0022865622823222,0.0068596868469666,98.77949059632331,0,0,,,,,,,road
,2025-03-04 10:34:14.833767606,Восточно-Сибирская,,,2025,2024,62 days 09:54:14.912775180,89874.248546253,147.401044911996,0.1760851760851761,Весна,2,3,0.0022865622823222,0.0022865622823222,0.0068596868469666,98.77949059632331,0,0,,,,,,,road
,2025-03-04 15:31:29.505276396,Восточно-Сибирская,,,2025,2024,62 days 14:51:29.584283970,90171.4930713995,297.244525146496,0.1769041769041769,Весна,2,3,0.0022865622823222,0.0022865622823222,0.0068596868469666,98.77949059632331,0,0,,,,,,,road
,2025-03-04 19:52:44.242759500,Восточно-Сибирская,,,2025,2024,62 days 19:12:44.321767074,90432.7386961179,261.2456247184018,0.17772317772317772,Весна,2,3,0.0022865622823222,0.0022865622823222,0.0068596868469666,98.77949059632331,0,0,,,,,,,road
,2025-03-05 01:14:14.973022416,Восточно-Сибирская,,,2025,2024,63 days 00:34:15.052029990,90754.2508671665,321.51217104859825,0.17854217854217855,Весна,2,3,0.0022865622823222,0.0022865622823222,0.0068596868469666,98.77949059632331,0,0,,,,,,,road
,2025-03-05 06:58:25.137455850,Восточно-Сибирская,,,2025,2024,63 days 06:18:25.216463424,91098.4202743904,344.1694072239043,0.17936117936117937,Весна,2,3,0.0022865622823222,0.0022865622823222,0.0068596868469666,98.77949059632331,0,0,,,,,,,road
,2025-03-05 09:54:33.674575002,Восточно-Сибирская,,,2025,2024,63 days 09:14:33.753582576,91274.56255970961,176.14228531920526,0.18018018018018017,Весна,2,3,0.0022865622823222,0.0022865622823222,0.0068596868469666,98.77949059632331,0,0,,,,,,,road
,2025-03-05 11:18:48.801361356,Восточно-Сибирская,,,2025,2024,63 days 10:38:48.880368930,91358.81467281551,84.25211310590385,0.180999180999181,Весна,2,3,0.0022865622823222,0.0022865622823222,0.0068596868469666,98.77949059632331,0,0,,,,,,,road
,2025-03-05 21:58:40.784043714,Восточно-Сибирская,,,2025,2024,63 days 21:18:40.863051288,91998.6810508548,639.8663780392817,0.18181818181818182,Весна,2,3,0.0022865622823222,0.0022865622823222,0.0068596868469666,98.77949059632331,0,0,,,,,,,road
,2025-03-06 01:42:03.940659660,Восточно-Сибирская,,,2025,2024,64 days 01:02:04.019667234,92222.06699445391,223.38594359911804,0.18263718263718265,Весна,2,3,0.0022865622823222,0.0022865622823222,0.0068596868469666,98.77949059632331,0,0,,,,,,,road
,2025-03-06 06:50:20.642324400,Восточно-Сибирская,,,2025,2024,64 days 06:10:20.721331974,92530.34535553289,308.27836107897747,0.18345618345618345,Весна,2,3,0.0022865622823222,0.0022865622823222,0.0068596868469666,98.77949059632331,0,0,,,,,,,road
,2025-03-06 14:22:53.636521542,Восточно-Сибирская,,,2025,2024,64 days 13:42:53.715529116,92982.8952588186,452.5499032857042,0.18427518427518427,Весна,2,3,0.0022865622823222,0.0022865622823222,0.0068596868469666,98.77949059632331,0,0,,,,,,,road
,2025-03-07 07:54:13.412114562,Восточно-Сибирская,,,2025,2024,65 days 07:14:13.491122136,94034.2248520356,1051.3295932170004,0.1850941850941851,Весна,2,3,0.0022865622823222,0.0022865622823222,0.0068596868469666,98.77949059632331,0,0,,,,,,,road
,2025-03-07 16:51:55.063347384,Восточно-Сибирская,,,2025,2024,65 days 16:11:55.142354958,94571.91903924929,537.6941872136958,0.18591318591318592,Весна,2,3,0.0022865622823222,0.0022865622823222,0.0068596868469666,98.77949059632331,0,0,,,,,,,road
,2025-03-07 17:12:15.889537146,Восточно-Сибирская,,,2025,2024,65 days 16:32:15.968544720,94592.266142412,20.3471031627123,0.18673218673218672,Весна,2,3,0.0022865622823222,0.0022865622823222,0.0068596868469666,98.77949059632331,0,0,,,,,,,road
,2025-03-08 06:29:48.265677264,Восточно-Сибирская,,,2025,2024,66 days 05:49:48.344684838,95389.80574474731,797.5396023353096,0.18755118755118755,Весна,2,3,0.0022865622823222,0.0022865622823222,0.0068596868469666,98.77949059632331,0,0,,,,,,,road
,2025-03-09 15:36:29.035413984,Восточно-Сибирская,,,2025,2024,67 days 14:56:29.114421558,97376.4852403593,1986.6794956119847,0.18837018837018837,Весна,2,3,0.0022865622823222,0.0022865622823222,0.0068596868469666,98.77949059632331,0,0,,,,,,,road
,2025-03-09 20:16:11.732243838,Восточно-Сибирская,,,2025,2024,67 days 19:36:11.811251412,97656.1968541902,279.7116138309066,0.1891891891891892,Весна,2,3,0.0022865622823222,0.0022865622823222,0.0068596868469666,98.77949059632331,0,0,,,,,,,road
,2025-03-10 21:43:48.842176206,Восточно-Сибирская,,,2025,2024,68 days 21:03:48.921183780,99183.815353063,1527.618498872791,0.19000819000819,Весна,2,3,0.0022865622823222,0.0022865622823222,0.0068596868469666,98.77949059632331,0,0,,,,,,,road
,2025-03-11 03:30:26.590576368,Восточно-Сибирская,,,2025,2024,69 days 02:50:26.669583942,99530.44449306569,346.62914000269666,0.19082719082719082,Весна,2,3,0.0022865622823222,0.0022865622823222,0.0068596868469666,98.77949059632331,0,0,,,,,,,road
,2025-03-11 07:59:36.824790012,Восточно-Сибирская,,,2025,2024,69 days 07:19:36.903797586,99799.61506329311,269.1705702274194,0.19164619164619165,Весна,2,3,0.0022865622823222,0.0022865622823222,0.0068596868469666,98.77949059632331,0,0,,,,,,,road
,2025-03-11 10:55:40.536993924,Восточно-Сибирская,,,2025,2024,69 days 10:15:40.616001498,99975.67693335829,176.06187006518303,0.19246519246519248,Весна,2,3,0.0022865622823222,0.0022865622823222,0.0068596868469666,98.77949059632331,0,0,,,,,,,road
,2025-03-11 18:44:20.755642146,Восточно-Сибирская,,,2025,2024,69 days 18:04:20.834649720,100444.34724416201,468.67031080371817,0.19328419328419327,Весна,2,3,0.0022865622823222,0.0022865622823222,0.0068596868469666,98.77949059632331,0,0,,,,,,,road
,2025-03-11 20:38:32.917245108,Восточно-Сибирская,,,2025,2024,69 days 19:58:32.996252682,100558.5499375447,114.20269338268554,0.1941031941031941,Весна,2,3,0.0022865622823222,0.0022865622823222,0.0068596868469666,98.77949059632331,0,0,,,,,,,road
,2025-03-11 21:27:01.862225058,Восточно-Сибирская,,,2025,2024,69 days 20:47:01.941232632,100607.03235387719,48.48241633249563,0.19492219492219492,Весна,2,3,0.0022865622823222,0.0022865622823222,0.0068596868469666,98.77949059632331,0,0,,,,,,,road
,2025-03-11 21:39:06.484739028,Восточно-Сибирская,,,2025,2024,69 days 20:59:06.563746602,100619.1093957767,12.077041899508913,0.19574119574119575,Весна,2,3,0.0022865622823222,0.0022865622823222,0.0068596868469666,98.77949059632331,0,0,,,,,,,road
,2025-03-12 00:10:21.633432804,Восточно-Сибирская,,,2025,2024,69 days 23:30:21.712440378,100770.3618740063,151.252478229595,0.19656019656019655,Весна,2,3,0.0022865622823222,0.0022865622823222,0.0068596868469666,98.77949059632331,0,0,,,,,,,road
,2025-03-12 03:50:41.524444584,Восточно-Сибирская,,,2025,2024,70 days 03:10:41.603452158,100990.6933908693,220.33151686300698,0.19737919737919737,Весна,2,3,0.0022865622823222,0.0022865622823222,0.0068596868469666,98.77949059632331,0,0,,,,,,,road
,2025-03-12 09:41:55.953892368,Восточно-Сибирская,,,2025,2024,70 days 09:01:56.032899942,101341.93388166571,351.24049079640827,0.1981981981981982,Весна,2,3,0.0022865622823222,0.0022865622823222,0.0068596868469666,98.77949059632331,0,0,,,,,,,road
,2025-03-12 12:13:24.816005742,Восточно-Сибирская,,,2025,2024,70 days 11:33:24.895013316,101493.41491688859,151.48103522288147,0.19901719901719903,Весна,2,3,0.0022865622823222,0.0022865622823222,0.0068596868469666,98.77949059632331,0,0,,,,,,,road
,2025-03-13 18:23:30.563895497,Восточно-Сибирская,,,2025,2024,71 days 17:43:30.642903071,103303.51071505118,1810.0957981625834,0.19983619983619982,Весна,2,3,0.0022865622823222,0.0022865622823222,0.0068596868469666,98.77949059632331,0,0,,,,,,,road
,2025-03-13 20:54:22.177862526,Восточно-Сибирская,,,2025,2024,71 days 20:14:22.256870100,103454.370947835,150.86023278383072,0.20065520065520065,Весна,2,3,0.0022865622823222,0.0022865622823222,0.0068596868469666,98.77949059632331,0,0,,,,,,,road
,2025-03-14 01:08:42.512998860,Восточно-Сибирская,,,2025,2024,72 days 00:28:42.592006434,103708.70986677389,254.33891893888358,0.20147420147420148,Весна,2,3,0.0022865622823222,0.0022865622823222,0.0068596868469666,98.77949059632331,0,0,,,,,,,road
,2025-03-14 01:56:22.894507386,Восточно-Сибирская,,,2025,2024,72 days 01:16:22.973514960,103756.382891916,47.67302514211042,0.2022932022932023,Весна,2,3,0.0022865622823222,0.0022865622823222,0.0068596868469666,98.77949059632331,0,0,,,,,,,road
,2025-03-14 04:08:26.197363332,Восточно-Сибирская,,,2025,2024,72 days 03:28:26.276370906,103888.4379395151,132.055047599104,0.2031122031122031,Весна,2,3,0.0022865622823222,0.0022865622823222,0.0068596868469666,98.77949059632331,0,0,,,,,,,road
,2025-03-14 04:30:06.118868604,Восточно-Сибирская,,,2025,2024,72 days 03:50:06.197876178,103910.1032979363,21.665358421189012,0.20393120393120392,Весна,2,3,0.0022865622823222,0.0022865622823222,0.0068596868469666,98.77949059632331,0,0,,,,,,,road
,2025-03-14 10:28:39.578772486,Восточно-Сибирская,,,2025,2024,72 days 09:48:39.657780060,104268.66096300099,358.5576650646981,0.20475020475020475,Весна,2,3,0.0022865622823222,0.0022865622823222,0.0068596868469666,98.77949059632331,0,0,,,,,,,road
,2025-03-14 20:36:48.298943310,Восточно-Сибирская,,,2025,2024,72 days 19:56:48.377950884,104876.80629918141,608.145336180416,0.20556920556920558,Весна,2,3,0.0022865622823222,0.0022865622823222,0.0068596868469666,98.77949059632331,0,0,,,,,,,road
,2025-03-14 22:12:03.301307238,Восточно-Сибирская,,,2025,2024,72 days 21:32:03.380314812,104972.0563385802,95.25003939878661,0.20638820638820637,Весна,2,3,0.0022865622823222,0.0022865622823222,0.0068596868469666,98.77949059632331,0,0,,,,,,,road
,2025-03-15 01:32:40.366130700,Восточно-Сибирская,,,2025,2024,73 days 00:52:40.445138274,105172.67408563789,200.61774705769494,0.2072072072072072,Весна,2,3,0.0022865622823222,0.0022865622823222,0.0068596868469666,98.77949059632331,0,0,,,,,,,road
,2025-03-15 01:40:00.043411512,Восточно-Сибирская,,,2025,2024,73 days 01:00:00.122419086,105180.00204031811,7.327954680222319,0.20802620802620803,Весна,2,3,0.0022865622823222,0.0022865622823222,0.0068596868469666,98.77949059632331,0,0,,,,,,,road
,2025-03-15 15:00:09.199658772,Восточно-Сибирская,,,2025,2024,73 days 14:20:09.278666346,105980.1546444391,800.1526041209872,0.20884520884520885,Весна,2,3,0.0022865622823222,0.0022865622823222,0.0068596868469666,98.77949059632331,0,0,,,,,,,road
,2025-03-16 02:02:15.962292227,Восточно-Сибирская,,,2025,2024,74 days 01:22:16.041299801,106642.26735499669,662.112710557587,0.20966420966420968,Весна,2,3,0.0022865622823222,0.0022865622823222,0.0068596868469666,98.77949059632331,0,0,,,,,,,road
,2025-03-16 02:30:50.583709656,Восточно-Сибирская,,,2025,2024,74 days 01:50:50.662717230,106670.84437862049,28.577023623802233,0.21048321048321048,Весна,2,3,0.0022865622823222,0.0022865622823222,0.0068596868469666,98.77949059632331,0,0,,,,,,,road
,2025-03-16 05:49:21.612315450,Восточно-Сибирская,,,2025,2024,74 days 05:09:21.691323024,106869.3615220504,198.5171434299118,0.2113022113022113,Весна,2,3,0.0022865622823222,0.0022865622823222,0.0068596868469666,98.77949059632331,0,0,,,,,,,road
,2025-03-17 04:28:22.772504190,Восточно-Сибирская,,,2025,2024,75 days 03:48:22.851511764,108228.3808585294,1359.019336479003,0.21212121212121213,Весна,2,3,0.0022865622823222,0.0022865622823222,0.0068596868469666,98.77949059632331,0,0,,,,,,,road
,2025-03-17 08:06:00.581652450,Восточно-Сибирская,,,2025,2024,75 days 07:26:00.660660024,108446.0110110004,217.63015247099975,0.21294021294021295,Весна,2,3,0.0022865622823222,0.0022865622823222,0.0068596868469666,98.77949059632331,0,0,,,,,,,road
,2025-03-17 13:32:41.752534662,Восточно-Сибирская,,,2025,2024,75 days 12:52:41.831542236,108772.6971923706,326.686181370198,0.21375921375921375,Весна,2,3,0.0022865622823222,0.0022865622823222,0.0068596868469666,98.77949059632331,0,0,,,,,,,road
,2025-03-17 16:44:38.120976030,Восточно-Сибирская,,,2025,2024,75 days 16:04:38.199983604,108964.6366663934,191.93947402280173,0.21457821457821458,Весна,2,3,0.0022865622823222,0.0022865622823222,0.0068596868469666,98.77949059632331,0,0,,,,,,,road
,2025-03-17 23:21:09.268387098,Восточно-Сибирская,,,2025,2024,75 days 22:41:09.347394672,109361.15578991121,396.5191235178063,0.2153972153972154,Весна,2,3,0.0022865622823222,0.0022865622823222,0.0068596868469666,98.77949059632331,0,0,,,,,,,road
,2025-03-19 03:13:28.606028886,Восточно-Сибирская,,,2025,2024,77 days 02:33:28.685036460,111033.478083941,1672.3222940297856,0.21621621621621623,Весна,2,3,0.0022865622823222,0.0022865622823222,0.0068596868469666,98.77949059632331,0,0,,,,,,,road
,2025-03-20 22:54:12.512857332,Восточно-Сибирская,,,2025,2024,78 days 22:14:12.591864906,113654.2098644151,2620.7317804741033,0.21703521703521703,Весна,2,3,0.0022865622823222,0.0022865622823222,0.0068596868469666,98.77949059632331,0,0,,,,,,,road
,2025-03-21 09:46:00.712767072,Восточно-Сибирская,,,2025,2024,79 days 09:06:00.791774646,114306.01319624411,651.8033318290109,0.21785421785421785,Весна,2,3,0.0022865622823222,0.0022865622823222,0.0068596868469666,98.77949059632331,0,0,,,,,,,road
,2025-03-21 13:32:34.133652474,Восточно-Сибирская,,,2025,2024,79 days 12:52:34.212660048,114532.5702110008,226.55701475669048,0.21867321867321868,Весна,2,3,0.0022865622823222,0.0022865622823222,0.0068596868469666,98.77949059632331,0,0,,,,,,,road
,2025-03-21 18:30:51.913174146,Восточно-Сибирская,,,2025,2024,79 days 17:50:51.992181720,114830.86653636201,298.2963253612106,0.2194922194922195,Весна,2,3,0.0022865622823222,0.0022865622823222,0.0068596868469666,98.77949059632331,0,0,,,,,,,road
,2025-03-21 21:43:48.929139978,Восточно-Сибирская,,,2025,2024,79 days 21:03:49.008147552,115023.8168024592,192.95026609719207,0.2203112203112203,Весна,2,3,0.0022865622823222,0.0022865622823222,0.0068596868469666,98.77949059632331,0,0,,,,,,,road
,2025-03-23 04:37:35.293096296,Восточно-Сибирская,,,2025,2024,81 days 03:57:35.372103870,116877.5895350645,1853.772732605299,0.22113022113022113,Весна,2,3,0.0022865622823222,0.0022865622823222,0.0068596868469666,98.77949059632331,0,0,,,,,,,road
,2025-03-23 13:35:35.566915914,Восточно-Сибирская,,,2025,2024,81 days 12:55:35.645923488,117415.5940987248,538.0045636603027,0.22194922194922195,Весна,2,3,0.0022865622823222,0.0022865622823222,0.0068596868469666,98.77949059632331,0,0,,,,,,,road
,2025-03-23 17:56:12.037360422,Восточно-Сибирская,,,2025,2024,81 days 17:16:12.116367996,117676.2019394666,260.60784074179537,0.22276822276822278,Весна,2,3,0.0022865622823222,0.0022865622823222,0.0068596868469666,98.77949059632331,0,0,,,,,,,road
,2025-03-23 18:01:31.886724323,Восточно-Сибирская,,,2025,2024,81 days 17:21:31.965731897,117681.53276219829,5.330822731688386,0.22358722358722358,Весна,2,3,0.0022865622823222,0.0022865622823222,0.0068596868469666,98.77949059632331,0,0,,,,,,,road
,2025-03-23 23:22:57.872543880,Восточно-Сибирская,,,2025,2024,81 days 22:42:57.951551454,118002.9658591909,321.4330969926086,0.2244062244062244,Весна,2,3,0.0022865622823222,0.0022865622823222,0.0068596868469666,98.77949059632331,0,0,,,,,,,road
,2025-03-25 05:29:28.251411576,Восточно-Сибирская,,,2025,2024,83 days 04:49:28.330419150,119809.47217365251,1806.5063144616142,0.22522522522522523,Весна,2,3,0.0022865622823222,0.0022865622823222,0.0068596868469666,98.77949059632331,0,0,,,,,,,road
,2025-03-25 10:53:15.664180650,Восточно-Сибирская,,,2025,2024,83 days 10:13:15.743188224,120133.2623864704,323.790212817883,0.22604422604422605,Весна,2,3,0.0022865622823222,0.0022865622823222,0.0068596868469666,98.77949059632331,0,0,,,,,,,road
,2025-03-25 12:21:20.839233966,Восточно-Сибирская,,,2025,2024,83 days 11:41:20.918241540,120221.348637359,88.08625088860572,0.22686322686322685,Весна,2,3,0.0022865622823222,0.0022865622823222,0.0068596868469666,98.77949059632331,0,0,,,,,,,road
,2025-03-25 12:31:07.085311314,Восточно-Сибирская,,,2025,2024,83 days 11:51:07.164318888,120231.1194053148,9.770767955807969,0.22768222768222768,Весна,2,3,0.0022865622823222,0.0022865622823222,0.0068596868469666,98.77949059632331,0,0,,,,,,,road
,2025-03-25 15:42:41.522561970,Восточно-Сибирская,,,2025,2024,83 days 15:02:41.601569544,120422.69335949239,191.5739541775838,0.2285012285012285,Весна,2,3,0.0022865622823222,0.0022865622823222,0.0068596868469666,98.77949059632331,0,0,,,,,,,road
,2025-03-26 09:57:42.450791334,Восточно-Сибирская,,,2025,2024,84 days 09:17:42.529798908,121517.7088299818,1095.0154704894085,0.22932022932022933,Весна,2,3,0.0022865622823222,0.0022865622823222,0.0068596868469666,98.77949059632331,0,0,,,,,,,road
,2025-03-28 03:17:39.776198124,Восточно-Сибирская,,,2025,2024,86 days 02:37:39.855205698,123997.6642534283,2479.955423446503,0.23013923013923013,Весна,2,3,0.0022865622823222,0.0022865622823222,0.0068596868469666,98.77949059632331,0,0,,,,,,,road
,2025-03-29 00:29:03.769389576,Восточно-Сибирская,,,2025,2024,86 days 23:49:03.848397150,125269.06413995249,1271.3998865241883,0.23095823095823095,Весна,2,3,0.0022865622823222,0.0022865622823222,0.0068596868469666,98.77949059632331,0,0,,,,,,,road
,2025-03-29 10:00:44.714375394,Восточно-Сибирская,,,2025,2024,87 days 09:20:44.793382968,125840.7465563828,571.6824164303107,0.23177723177723178,Весна,2,3,0.0022865622823222,0.0022865622823222,0.0068596868469666,98.77949059632331,0,0,,,,,,,road
,2025-03-29 15:57:56.932611252,Восточно-Сибирская,,,2025,2024,87 days 15:17:57.011618826,126197.95019364709,357.2036372642906,0.2325962325962326,Весна,2,3,0.0022865622823222,0.0022865622823222,0.0068596868469666,98.77949059632331,0,0,,,,,,,road
,2025-03-29 22:28:36.654044514,Восточно-Сибирская,,,2025,2024,87 days 21:48:36.733052088,126588.6122175348,390.6620238877076,0.2334152334152334,Весна,2,3,0.0022865622823222,0.0022865622823222,0.0068596868469666,98.77949059632331,0,0,,,,,,,road
,2025-03-30 04:07:15.538203461,Восточно-Сибирская,,,2025,2024,88 days 03:27:15.617211035,126927.2602868506,338.6480693157937,0.23423423423423423,Весна,2,3,0.0022865622823222,0.0022865622823222,0.0068596868469666,98.77949059632331,0,0,,,,,,,road
,2025-03-30 13:04:12.048634116,Восточно-Сибирская,,,2025,2024,88 days 12:24:12.127641690,127464.2021273615,536.9418405109027,0.23505323505323505,Весна,2,3,0.0022865622823222,0.0022865622823222,0.0068596868469666,98.77949059632331,0,0,,,,,,,road
,2025-03-30 17:01:34.906176270,Восточно-Сибирская,,,2025,2024,88 days 16:21:34.985183844,127701.58308639741,237.38095903591602,0.23587223587223588,Весна,2,3,0.0022865622823222,0.0022865622823222,0.0068596868469666,98.77949059632331,0,0,,,,,,,road
,2025-03-31 01:05:23.289037428,Восточно-Сибирская,,,2025,2024,89 days 00:25:23.368045002,128185.38946741671,483.806381019298,0.23669123669123668,Весна,2,3,0.0022865622823222,0.0022865622823222,0.0068596868469666,98.77949059632331,0,0,,,,,,,road
,2025-03-31 02:02:05.785476672,Восточно-Сибирская,,,2025,2024,89 days 01:22:05.864484246,128242.0977414041,56.708273987387656,0.2375102375102375,Весна,2,3,0.0022865622823222,0.0022865622823222,0.0068596868469666,98.77949059632331,0,0,,,,,,,road
,2025-03-31 04:17:09.598573248,Восточно-Сибирская,,,2025,2024,89 days 03:37:09.677580822,128377.1612930137,135.0635516096081,0.23832923832923833,Весна,2,3,0.0022865622823222,0.0022865622823222,0.0068596868469666,98.77949059632331,0,0,,,,,,,road
,2025-03-31 17:27:49.567157382,Восточно-Сибирская,,,2025,2024,89 days 16:47:49.646164956,129167.82743608259,790.6661430688837,0.23914823914823916,Весна,2,3,0.0022865622823222,0.0022865622823222,0.0068596868469666,98.77949059632331,0,0,,,,,,,road
,2025-04-01 10:31:32.653197426,Восточно-Сибирская,,,2025,2024,90 days 09:51:32.732205,130191.54553675,1023.7181006674073,0.23996723996723995,Весна,2,4,0.0022865622823222,0.0022865622823222,0.0068596868469666,98.77949059632331,0,0,,,,,,,road
,2025-04-01 16:10:12.461086140,Восточно-Сибирская,,,2025,2024,90 days 15:30:12.540093714,130530.2090015619,338.66346481190703,0.24078624078624078,Весна,2,4,0.0022865622823222,0.0022865622823222,0.0068596868469666,98.77949059632331,0,0,,,,,,,road
,2025-04-01 16:24:16.002527010,Восточно-Сибирская,,,2025,2024,90 days 15:44:16.081534584,130544.2680255764,14.059024014495662,0.2416052416052416,Весна,2,4,0.0022865622823222,0.0022865622823222,0.0068596868469666,98.77949059632331,0,0,,,,,,,road
,2025-04-02 11:28:45.040225380,Восточно-Сибирская,,,2025,2024,91 days 10:48:45.119232954,131688.75198721592,1144.4839616395184,0.24242424242424243,Весна,2,4,0.0022865622823222,0.0022865622823222,0.0068596868469666,98.77949059632331,0,0,,,,,,,road
,2025-04-02 20:18:18.785188830,Восточно-Сибирская,,,2025,2024,91 days 19:38:18.864196404,132218.3144032734,529.5624160574807,0.24324324324324326,Весна,2,4,0.0022865622823222,0.0022865622823222,0.0068596868469666,98.77949059632331,0,0,,,,,,,road
,2025-04-03 00:12:03.764419854,Восточно-Сибирская,,,2025,2024,91 days 23:32:03.843427428,132452.0640571238,233.74965385039104,0.24406224406224405,Весна,2,4,0.0022865622823222,0.0022865622823222,0.0068596868469666,98.77949059632331,0,0,,,,,,,road
,2025-04-03 06:51:01.348454010,Восточно-Сибирская,,,2025,2024,92 days 06:11:01.427461584,132851.0237910264,398.95973390262225,0.24488124488124488,Весна,2,4,0.0022865622823222,0.0022865622823222,0.0068596868469666,98.77949059632331,0,0,,,,,,,road
,2025-04-03 10:56:41.134197960,Восточно-Сибирская,,,2025,2024,92 days 10:16:41.213205534,133096.6868867589,245.66309573248145,0.2457002457002457,Весна,2,4,0.0022865622823222,0.0022865622823222,0.0068596868469666,98.77949059632331,0,0,,,,,,,road
,2025-04-03 15:30:30.762378864,Восточно-Сибирская,,,2025,2024,92 days 14:50:30.841386438,133370.5140231073,273.8271363484091,0.24651924651924653,Весна,2,4,0.0022865622823222,0.0022865622823222,0.0068596868469666,98.77949059632331,0,0,,,,,,,road
,2025-04-04 07:23:20.067225438,Восточно-Сибирская,,,2025,2024,93 days 06:43:20.146233012,134323.3357705502,952.8217474429111,0.24733824733824733,Весна,2,4,0.0022865622823222,0.0022865622823222,0.0068596868469666,98.77949059632331,0,0,,,,,,,road
,2025-04-04 08:40:09.038318946,Восточно-Сибирская,,,2025,2024,93 days 08:00:09.117326520,134400.151955442,76.81618489179527,0.24815724815724816,Весна,2,4,0.0022865622823222,0.0022865622823222,0.0068596868469666,98.77949059632331,0,0,,,,,,,road
,2025-04-04 09:28:00.921580062,Восточно-Сибирская,,,2025,2024,93 days 08:48:01.000587636,134448.0166764606,47.86472101858817,0.24897624897624898,Весна,2,4,0.0022865622823222,0.0022865622823222,0.0068596868469666,98.77949059632331,0,0,,,,,,,road
,2025-04-04 09:29:12.622430136,Восточно-Сибирская,,,2025,2024,93 days 08:49:12.701437710,134449.2116906285,1.1950141678971704,0.2497952497952498,Весна,2,4,0.0022865622823222,0.0022865622823222,0.0068596868469666,98.77949059632331,0,0,,,,,,,road
,2025-04-04 12:14:02.006201826,Восточно-Сибирская,,,2025,2024,93 days 11:34:02.085209400,134614.03475349,164.82306286151288,0.25061425061425063,Весна,2,4,0.0022865622823222,0.0022865622823222,0.0068596868469666,98.77949059632331,0,0,,,,,,,road
,2025-04-04 13:23:37.327469394,Восточно-Сибирская,,,2025,2024,93 days 12:43:37.406476968,134683.6234412828,69.58868779279874,0.25143325143325146,Весна,2,4,0.0022917650312787034,0.0022865622823222,0.0068596868469666,98.77949059632331,0,1,,,,,,,road
,2025-04-04 15:01:19.176025986,Восточно-Сибирская,,,2025,2024,93 days 14:21:19.255033560,134781.320917226,97.69747594319051,0.25225225225225223,Весна,2,4,0.0025429803697203505,0.0022865622823222,0.0068596868469666,98.77949059632331,0,1,,,,,,,road
,2025-04-04 15:05:05.369669460,Восточно-Сибирская,,,2025,2024,93 days 14:25:05.448677034,134785.0908112839,3.769894057913916,0.25307125307125306,Весна,2,4,0.0029981259681962358,0.0022865622823222,0.0068596868469666,98.77949059632331,0,1,,,,,,,road
,2025-04-04 16:23:18.599671446,Восточно-Сибирская,,,2025,2024,93 days 15:43:18.678679020,134863.311311317,78.22050003308686,0.2538902538902539,Весна,2,4,0.003294904310470051,0.0022865622823222,0.0068596868469666,98.77949059632331,0,1,,,,,,,road
,2025-04-04 18:22:39.455306310,Восточно-Сибирская,,,2025,2024,93 days 17:42:39.534313884,134982.6589052314,119.3475939143973,0.2547092547092547,Весна,2,4,0.003389535577260048,0.0022865622823222,0.0068596868469666,98.77949059632331,0,1,,,,,,,road
,2025-04-04 18:31:56.849313378,Восточно-Сибирская,,,2025,2024,93 days 17:51:56.928320952,134991.9488053492,9.289900117815705,0.25552825552825553,Весна,2,4,0.0034528347835228465,0.0022865622823222,0.0068596868469666,98.77949059632331,0,1,,,,,,,road
,2025-04-04 22:58:55.531471644,Восточно-Сибирская,,,2025,2024,93 days 22:18:55.610479218,135258.9268413203,266.9780359710858,0.25634725634725636,Весна,2,4,0.0035068386236964027,0.0022865622823222,0.0068596868469666,98.77949059632331,0,1,,,,,,,road
,2025-04-05 02:17:58.054733832,Восточно-Сибирская,,,2025,2024,94 days 01:37:58.133741406,135457.9688956901,199.04205436981283,0.2571662571662572,Весна,2,4,0.0042261625119897435,0.0022865622823222,0.0068596868469666,98.77949059632331,0,1,,,,,,,road
,2025-04-05 02:42:03.701480262,Восточно-Сибирская,,,2025,2024,94 days 02:02:03.780487836,135482.06300813062,24.09411244050716,0.257985257985258,Весна,2,4,0.004236402084937385,0.0022865622823222,0.0068596868469666,98.77949059632331,0,1,,,,,,,road
,2025-04-05 05:35:51.426869388,Восточно-Сибирская,,,2025,2024,94 days 04:55:51.505876962,135655.85843128272,173.79542315209983,0.2588042588042588,Весна,2,4,0.005200898491997004,0.0022865622823222,0.0068596868469666,98.77949059632331,0,1,,,,,,,road
,2025-04-06 02:36:14.109089484,Восточно-Сибирская,,,2025,2024,95 days 01:56:14.188097058,136916.2364682843,1260.3780370015884,0.2596232596232596,Весна,2,4,0.005244900646179577,0.0022865622823222,0.0068596868469666,98.77949059632331,0,1,,,,,,,road
,2025-04-06 11:45:01.149508740,Восточно-Сибирская,,,2025,2024,95 days 11:05:01.228516314,137465.02047527191,548.7840069876111,0.26044226044226043,Весна,2,4,0.005267669919369321,0.0022865622823222,0.0068596868469666,98.77949059632331,0,1,,,,,,,road
,2025-04-06 11:45:30.726386645,Восточно-Сибирская,,,2025,2024,95 days 11:05:30.805394219,137465.513423237,0.4929479650745634,0.26126126126126126,Весна,2,4,0.005425657521949102,0.0022865622823222,0.0068596868469666,98.77949059632331,0,1,,,,,,,road
,2025-04-06 16:37:09.561892152,Восточно-Сибирская,,,2025,2024,95 days 15:57:09.640899726,137757.1606816621,291.64725842510234,0.2620802620802621,Весна,2,4,0.005440107458656711,0.0022865622823222,0.0068596868469666,98.77949059632331,0,1,,,,,,,road
,2025-04-06 17:55:12.549201294,Восточно-Сибирская,,,2025,2024,95 days 17:15:12.628208868,137835.2104701478,78.04978848571773,0.2628992628992629,Весна,2,4,0.005590597268343083,0.0022865622823222,0.0068596868469666,98.77949059632331,0,1,,,,,,,road
,2025-04-06 18:06:26.817431046,Восточно-Сибирская,,,2025,2024,95 days 17:26:26.896438620,137846.448273977,11.237803829193581,0.26371826371826373,Весна,2,4,0.005852336031262178,0.0022865622823222,0.0068596868469666,98.77949059632331,0,1,,,,,,,road
,2025-04-06 19:06:21.221235282,Восточно-Сибирская,,,2025,2024,95 days 18:26:21.300242856,137906.3550040476,59.90673007059377,0.26453726453726456,Весна,2,4,0.005858324741507487,0.0022865622823222,0.0068596868469666,98.77949059632331,0,1,,,,,,,road
,2025-04-06 20:10:40.201939464,Восточно-Сибирская,,,2025,2024,95 days 19:30:40.280947038,137970.6713491173,64.31634506970295,0.26535626535626533,Весна,2,4,0.006036093112982525,0.0022865622823222,0.0068596868469666,98.77949059632331,0,1,,,,,,,road
,2025-04-06 22:12:24.493424592,Восточно-Сибирская,,,2025,2024,95 days 21:32:24.572432166,138092.4095405361,121.7381914187863,0.26617526617526616,Весна,2,4,0.00608478689134462,0.0022865622823222,0.0068596868469666,98.77949059632331,0,1,,,,,,,road
,2025-04-07 01:09:45.444305520,Восточно-Сибирская,,,2025,2024,96 days 00:29:45.523313094,138269.7587218849,177.34918134880718,0.266994266994267,Весна,2,4,0.006100971512782448,0.0022865622823222,0.0068596868469666,98.77949059632331,0,1,,,,,,,road
,2025-04-07 04:55:42.664688886,Восточно-Сибирская,,,2025,2024,96 days 04:15:42.743696460,138495.712394941,225.95367305609398,0.2678132678132678,Весна,2,4,0.006118616742465182,0.0022865622823222,0.0068596868469666,98.77949059632331,0,1,,,,,,,road
,2025-04-07 05:36:51.299203308,Восточно-Сибирская,,,2025,2024,96 days 04:56:51.378210882,138536.8563035147,41.143908573722,0.26863226863226863,Весна,2,4,0.0068596868469666,0.0022865622823222,0.0068596868469666,98.77949059632331,1,0,,,,,,,road
,2025-04-07 06:33:27.398748216,Восточно-Сибирская,,,2025,2024,96 days 05:53:27.477755790,138593.4579625965,56.601659081788966,0.26945126945126946,Весна,2,4,0.0068596868469666,0.0022865622823222,0.0068596868469666,98.77949059632331,1,0,,,,,,,road
,2025-04-07 07:27:12.511642890,Восточно-Сибирская,,,2025,2024,96 days 06:47:12.590650464,138647.20984417442,53.75188157791854,0.2702702702702703,Весна,2,4,0.0068596868469666,0.0022865622823222,0.0068596868469666,98.77949059632331,1,0,,,,,,,road
,2025-04-07 08:32:53.560022064,Восточно-Сибирская,,,2025,2024,96 days 07:52:53.639029638,138712.8939838273,65.68413965287618,0.2710892710892711,Весна,2,4,0.0068596868469666,0.0022865622823222,0.0068596868469666,98.77949059632331,1,0,,,,,,,road
,2025-04-08 03:55:35.643431760,Восточно-Сибирская,,,2025,2024,97 days 03:15:35.722439334,139875.5953739889,1162.7013901616156,0.2719082719082719,Весна,2,4,0.0068596868469666,0.0022865622823222,0.0068596868469666,98.77949059632331,1,0,,,,,,,road
,2025-04-08 07:34:57.957431970,Восточно-Сибирская,,,2025,2024,97 days 06:54:58.036439544,140094.9672739924,219.37190000349074,0.2727272727272727,Весна,2,4,0.0068596868469666,0.0022865622823222,0.0068596868469666,98.77949059632331,1,0,,,,,,,road
,2025-04-08 16:32:40.346837136,Восточно-Сибирская,,,2025,2024,97 days 15:52:40.425844710,140632.6737640785,537.7064900861005,0.27354627354627353,Весна,2,4,0.0068596868469666,0.0022865622823222,0.0068596868469666,98.77949059632331,1,0,,,,,,,road
,2025-04-08 19:24:52.620429330,Восточно-Сибирская,,,2025,2024,97 days 18:44:52.699436904,140804.87832394842,172.20455986991874,0.27436527436527436,Весна,2,4,0.0068596868469666,0.0022865622823222,0.0068596868469666,98.77949059632331,1,0,,,,,,,road
,2025-04-08 20:40:52.581854424,Восточно-Сибирская,,,2025,2024,97 days 20:00:52.660861998,140880.8776810333,75.9993570848892,0.2751842751842752,Весна,2,4,0.0068596868469666,0.0022865622823222,0.0068596868469666,98.77949059632331,1,0,,,,,,,road
,2025-04-08 21:52:52.403295030,Восточно-Сибирская,,,2025,2024,97 days 21:12:52.482302604,140952.87470504342,71.99702401011018,0.276003276003276,Весна,2,4,0.0068596868469666,0.0022865622823222,0.0068596868469666,98.77949059632331,1,0,,,,,,,road
,2025-04-08 23:30:37.682824584,Восточно-Сибирская,,,2025,2024,97 days 22:50:37.761832158,141050.6293638693,97.75465882587014,0.27682227682227684,Весна,2,4,0.0068596868469666,0.0022865622823222,0.0068596868469666,98.77949059632331,1,0,,,,,,,road
,2025-04-09 00:49:15.199295418,Восточно-Сибирская,,,2025,2024,98 days 00:09:15.278302992,141129.2546383832,78.62527451390633,0.27764127764127766,Весна,2,4,0.0068596868469666,0.0022865622823222,0.0068596868469666,98.77949059632331,1,0,,,,,,,road
,2025-04-09 05:06:08.375630615,Восточно-Сибирская,,,2025,2024,98 days 04:26:08.454638189,141386.1409106365,256.886272253294,0.2784602784602785,Весна,2,4,0.0068596868469666,0.0022865622823222,0.0068596868469666,98.77949059632331,1,0,,,,,,,road
,2025-04-09 06:37:19.403466558,Восточно-Сибирская,,,2025,2024,98 days 05:57:19.482474132,141477.32470790218,91.18379726569401,0.27927927927927926,Весна,2,4,0.0068596868469666,0.0022865622823222,0.0068596868469666,98.77949059632331,1,0,,,,,,,road
,2025-04-09 07:28:24.522590760,Восточно-Сибирская,,,2025,2024,98 days 06:48:24.601598334,141528.41002663889,51.0853187367029,0.2800982800982801,Весна,2,4,0.0068596868469666,0.0022865622823222,0.0068596868469666,98.77949059632331,1,0,,,,,,,road
,2025-04-09 11:05:46.231999230,Восточно-Сибирская,,,2025,2024,98 days 10:25:46.311006804,141745.7718501134,217.36182347452268,0.2809172809172809,Весна,2,4,0.0068596868469666,0.0022865622823222,0.0068596868469666,98.77949059632331,1,0,,,,,,,road
,2025-04-09 15:46:41.511579990,Восточно-Сибирская,,,2025,2024,98 days 15:06:41.590587564,142026.6931764594,280.92132634599693,0.28173628173628174,Весна,2,4,0.0068596868469666,0.0022865622823222,0.0068596868469666,98.77949059632331,1,0,,,,,,,road
,2025-04-09 17:06:12.578021826,Восточно-Сибирская,,,2025,2024,98 days 16:26:12.657029400,142106.21095049,79.51777403059532,0.28255528255528256,Весна,2,4,0.0068596868469666,0.0022865622823222,0.0068596868469666,98.77949059632331,1,0,,,,,,,road
,2025-04-09 19:46:51.885851790,Восточно-Сибирская,,,2025,2024,98 days 19:06:51.964859364,142266.86608098942,160.65513049942092,0.2833742833742834,Весна,2,4,0.0068596868469666,0.0022865622823222,0.0068596868469666,98.77949059632331,1,0,,,,,,,road
,2025-04-09 19:55:41.978032044,Восточно-Сибирская,,,2025,2024,98 days 19:15:42.057039618,142275.7009506603,8.834869670885382,0.2841932841932842,Весна,2,4,0.0068596868469666,0.0022865622823222,0.0068596868469666,98.77949059632331,1,0,,,,,,,road
,2025-04-09 21:45:36.022069308,Восточно-Сибирская,,,2025,2024,98 days 21:05:36.101076882,142385.6016846147,109.90073395438958,0.28501228501228504,Весна,2,4,0.0068596868469666,0.0022865622823222,0.0068596868469666,98.77949059632331,1,0,,,,,,,road
,2025-04-09 21:52:18.584361186,Восточно-Сибирская,,,2025,2024,98 days 21:12:18.663368760,142392.311056146,6.709371531294892,0.2858312858312858,Весна,2,4,0.0068596868469666,0.0022865622823222,0.0068596868469666,98.77949059632331,1,0,,,,,,,road
,2025-04-09 21:56:37.710214836,Восточно-Сибирская,,,2025,2024,98 days 21:16:37.789222410,142396.6298203735,4.318764227500651,0.28665028665028663,Весна,2,4,0.0068596868469666,0.0022865622823222,0.0068596868469666,98.77949059632331,1,0,,,,,,,road
,2025-04-10 00:14:59.573911674,Восточно-Сибирская,,,2025,2024,98 days 23:34:59.652919248,142534.9942153208,138.3643949473044,0.28746928746928746,Весна,2,4,0.0068596868469666,0.0022865622823222,0.0068596868469666,98.77949059632331,1,0,,,,,,,road
,2025-04-10 01:07:41.098675086,Восточно-Сибирская,,,2025,2024,99 days 00:27:41.177682660,142587.68629471102,52.692079390224535,0.2882882882882883,Весна,2,4,0.0068596868469666,0.0022865622823222,0.0068596868469666,98.77949059632331,1,0,,,,,,,road
,2025-04-10 04:25:29.394588120,Восточно-Сибирская,,,2025,2024,99 days 03:45:29.473595694,142785.4912265949,197.80493188387481,0.2891072891072891,Весна,2,4,0.0068596868469666,0.0022865622823222,0.0068596868469666,98.77949059632331,1,0,,,,,,,road
,2025-04-10 09:55:33.434607930,Восточно-Сибирская,,,2025,2024,99 days 09:15:33.513615504,143115.5585602584,330.0673336634936,0.28992628992628994,Весна,2,4,0.0068596868469666,0.0022865622823222,0.0068596868469666,98.77949059632331,1,0,,,,,,,road
,2025-04-10 10:17:26.455502586,Восточно-Сибирская,,,2025,2024,99 days 09:37:26.534510160,143137.442241836,21.883681577601237,0.29074529074529076,Весна,2,4,0.0068596868469666,0.0022865622823222,0.0068596868469666,98.77949059632331,1,0,,,,,,,road
,2025-04-10 13:25:23.214176040,Восточно-Сибирская,,,2025,2024,99 days 12:45:23.293183614,143325.38821972688,187.94597789089312,0.2915642915642916,Весна,2,4,0.0068596868469666,0.0022865622823222,0.0068596868469666,98.77949059632331,1,0,,,,,,,road
,2025-04-10 15:10:43.769612514,Восточно-Сибирская,,,2025,2024,99 days 14:30:43.848620088,143430.73081033482,105.34259060793556,0.29238329238329236,Весна,2,4,0.0068596868469666,0.0022865622823222,0.0068596868469666,98.77949059632331,1,0,,,,,,,road
,2025-04-10 15:28:03.914782848,Восточно-Сибирская,,,2025,2024,99 days 14:48:03.993790422,143448.0665631737,17.335752838873304,0.2932022932022932,Весна,2,4,0.0068596868469666,0.0022865622823222,0.0068596868469666,98.77949059632331,1,0,,,,,,,road
,2025-04-10 18:01:46.342888374,Восточно-Сибирская,,,2025,2024,99 days 17:21:46.421895948,143601.77369826578,153.70713509208872,0.294021294021294,Весна,2,4,0.0068596868469666,0.0022865622823222,0.0068596868469666,98.77949059632331,1,0,,,,,,,road
,2025-04-10 20:18:50.411914038,Восточно-Сибирская,,,2025,2024,99 days 19:38:50.490921612,143738.84151536023,137.06781709444476,0.29484029484029484,Весна,2,4,0.0068596868469666,0.0022865622823222,0.0068596868469666,98.77949059632331,1,0,,,,,,,road
,2025-04-10 22:04:31.203136794,Восточно-Сибирская,,,2025,2024,99 days 21:24:31.282144368,143844.52136907278,105.67985371255782,0.29565929565929566,Весна,2,4,0.0068596868469666,0.0022865622823222,0.0068596868469666,98.77949059632331,1,0,,,,,,,road
,2025-04-11 04:25:00.917376090,Восточно-Сибирская,,,2025,2024,100 days 03:45:00.996383664,144225.01660639438,380.49523732159287,0.2964782964782965,Весна,2,4,0.0068596868469666,0.0022865622823222,0.0068596868469666,98.77949059632331,1,0,,,,,,,road
,2025-04-11 06:12:20.462725728,Восточно-Сибирская,,,2025,2024,100 days 05:32:20.541733302,144332.3423622217,107.32575582733261,0.2972972972972973,Весна,2,4,0.0068596868469666,0.0022865622823222,0.0068596868469666,98.77949059632331,1,0,,,,,,,road
,2025-04-11 17:31:23.335846260,Восточно-Сибирская,,,2025,2024,100 days 16:51:23.414853834,145011.3902475639,679.047885342181,0.29811629811629814,Весна,2,4,0.0068596868469666,0.0022865622823222,0.0068596868469666,98.77949059632331,1,0,,,,,,,road
,2025-04-11 19:15:09.077268600,Восточно-Сибирская,,,2025,2024,100 days 18:35:09.156276174,145115.1526046029,103.76235703899874,0.2989352989352989,Весна,2,4,0.0068596868469666,0.0022865622823222,0.0068596868469666,98.77949059632331,1,0,,,,,,,road
,2025-04-11 19:33:06.072667458,Восточно-Сибирская,,,2025,2024,100 days 18:53:06.151675032,145133.10252791722,17.94992331432877,0.29975429975429974,Весна,2,4,0.0068596868469666,0.0022865622823222,0.0068596868469666,98.77949059632331,1,0,,,,,,,road
,2025-04-11 21:05:46.978013040,Восточно-Сибирская,,,2025,2024,100 days 20:25:47.057020614,145225.7842836769,92.68175575969508,0.30057330057330056,Весна,2,4,0.0068596868469666,0.0022865622823222,0.0068596868469666,98.77949059632331,1,0,,,,,,,road
,2025-04-11 21:35:07.655471400,Восточно-Сибирская,,,2025,2024,100 days 20:55:07.734478974,145255.1289079829,29.344624305987963,0.3013923013923014,Весна,2,4,0.0068596868469666,0.0022865622823222,0.0068596868469666,98.77949059632331,1,0,,,,,,,road
,2025-04-11 23:47:39.767755944,Восточно-Сибирская,,,2025,2024,100 days 23:07:39.846763518,145387.6641127253,132.53520474239485,0.3022113022113022,Весна,2,4,0.0068596868469666,0.0022865622823222,0.0068596868469666,98.77949059632331,1,0,,,,,,,road
,2025-04-12 02:39:52.643193678,Восточно-Сибирская,,,2025,2024,101 days 01:59:52.722201252,145559.87870335422,172.21459062892245,0.30303030303030304,Весна,2,4,0.0068596868469666,0.0022865622823222,0.0068596868469666,98.77949059632331,1,0,,,,,,,road
,2025-04-12 04:11:59.982837888,Восточно-Сибирская,,,2025,2024,101 days 03:32:00.061845462,145652.0010307577,92.12232740348554,0.30384930384930386,Весна,2,4,0.0068596868469666,0.0022865622823222,0.0068596868469666,98.77949059632331,1,0,,,,,,,road
,2025-04-12 04:26:59.249914950,Восточно-Сибирская,,,2025,2024,101 days 03:46:59.328922524,145666.9888153754,14.987784617696889,0.3046683046683047,Весна,2,4,0.0068596868469666,0.0022865622823222,0.0068596868469666,98.77949059632331,1,0,,,,,,,road
,2025-04-12 05:59:09.981864204,Восточно-Сибирская,,,2025,2024,101 days 05:19:10.060871778,145759.1676811963,92.17886582089704,0.30548730548730546,Весна,2,4,0.0068596868469666,0.0022865622823222,0.0068596868469666,98.77949059632331,1,0,,,,,,,road
,2025-04-12 06:11:33.137022144,Восточно-Сибирская,,,2025,2024,101 days 05:31:33.216029718,145771.5536004953,12.385919299005764,0.3063063063063063,Весна,2,4,0.0068596868469666,0.0022865622823222,0.0068596868469666,98.77949059632331,1,0,,,,,,,road
,2025-04-12 08:58:37.793424678,Восточно-Сибирская,,,2025,2024,101 days 08:18:37.872432252,145938.63120720422,167.0776067089173,0.3071253071253071,Весна,2,4,0.0068596868469666,0.0022865622823222,0.0068596868469666,98.77949059632331,1,0,,,,,,,road
,2025-04-12 12:46:23.747343168,Восточно-Сибирская,,,2025,2024,101 days 12:06:23.826350742,146166.39710584568,227.7658986414608,0.30794430794430794,Весна,2,4,0.0068596868469666,0.0022865622823222,0.0068596868469666,98.77949059632331,1,0,,,,,,,road
,2025-04-12 20:44:35.099236158,Восточно-Сибирская,,,2025,2024,101 days 20:04:35.178243732,146644.5863040622,478.1891982165107,0.30876330876330876,Весна,2,4,0.0068596868469666,0.0022865622823222,0.0068596868469666,98.77949059632331,1,0,,,,,,,road
,2025-04-12 21:08:04.294490742,Восточно-Сибирская,,,2025,2024,101 days 20:28:04.373498316,146668.0728916386,23.486587576422608,0.3095823095823096,Весна,2,4,0.0068596868469666,0.0022865622823222,0.0068596868469666,98.77949059632331,1,0,,,,,,,road
,2025-04-12 22:58:53.451134070,Восточно-Сибирская,,,2025,2024,101 days 22:18:53.530141644,146778.89216902741,110.8192773888004,0.3104013104013104,Весна,2,4,0.0068596868469666,0.0022865622823222,0.0068596868469666,98.77949059632331,1,0,,,,,,,road
,2025-04-13 01:01:05.500313304,Восточно-Сибирская,,,2025,2024,102 days 00:21:05.579320878,146901.0929886813,122.20081965389545,0.31122031122031124,Весна,2,4,0.0068596868469666,0.0022865622823222,0.0068596868469666,98.77949059632331,1,0,,,,,,,road
,2025-04-13 07:13:52.479934212,Восточно-Сибирская,,,2025,2024,102 days 06:33:52.558941786,147273.8759823631,372.78299368178705,0.31203931203931207,Весна,2,4,0.0068596868469666,0.0022865622823222,0.0068596868469666,98.77949059632331,1,0,,,,,,,road
,2025-04-13 09:37:44.816835198,Восточно-Сибирская,,,2025,2024,102 days 08:57:44.895842772,147417.7482640462,143.87228168311412,0.31285831285831284,Весна,2,4,0.0068596868469666,0.0022865622823222,0.0068596868469666,98.77949059632331,1,0,,,,,,,road
,2025-04-13 10:00:40.244618322,Восточно-Сибирская,,,2025,2024,102 days 09:20:40.323625896,147440.6720604316,22.923796385381138,0.31367731367731366,Весна,2,4,0.0068596868469666,0.0022865622823222,0.0068596868469666,98.77949059632331,1,0,,,,,,,road
,2025-04-13 11:24:14.970356058,Восточно-Сибирская,,,2025,2024,102 days 10:44:15.049363632,147524.2508227272,83.5787622955977,0.3144963144963145,Весна,2,4,0.0068596868469666,0.0022865622823222,0.0068596868469666,98.77949059632331,1,0,,,,,,,road
,2025-04-13 13:59:17.343475638,Восточно-Сибирская,,,2025,2024,102 days 13:19:17.422483212,147679.29037472018,155.03955199298798,0.3153153153153153,Весна,2,4,0.0068596868469666,0.0022865622823222,0.0068596868469666,98.77949059632331,1,0,,,,,,,road
,2025-04-13 16:54:56.495374338,Восточно-Сибирская,,,2025,2024,102 days 16:14:56.574381912,147854.9429063652,175.65253164502792,0.31613431613431614,Весна,2,4,0.0068596868469666,0.0022865622823222,0.0068596868469666,98.77949059632331,1,0,,,,,,,road
,2025-04-13 21:44:47.796281814,Восточно-Сибирская,,,2025,2024,102 days 21:04:47.875289388,148144.7979214898,289.8550151246018,0.31695331695331697,Весна,2,4,0.0068596868469666,0.0022865622823222,0.0068596868469666,98.77949059632331,1,0,,,,,,,road
,2025-04-13 22:13:49.009022088,Восточно-Сибирская,,,2025,2024,102 days 21:33:49.088029662,148173.8181338277,29.020212337898556,0.3177723177723178,Весна,2,4,0.0068596868469666,0.0022865622823222,0.0068596868469666,98.77949059632331,1,0,,,,,,,road
,2025-04-14 05:35:05.968670316,Восточно-Сибирская,,,2025,2024,103 days 04:55:06.047677890,148615.1007946315,441.2826608037867,0.3185913185913186,Весна,2,4,0.0068596868469666,0.0022865622823222,0.0068596868469666,98.77949059632331,1,0,,,,,,,road
,2025-04-14 05:43:59.173507020,Восточно-Сибирская,,,2025,2024,103 days 05:03:59.252514594,148623.98754190988,8.886747278389521,0.3194103194103194,Весна,2,4,0.0068596868469666,0.0022865622823222,0.0068596868469666,98.77949059632331,1,0,,,,,,,road
,2025-04-14 15:44:39.384820878,Восточно-Сибирская,,,2025,2024,103 days 15:04:39.463828452,149224.6577304742,600.6701885643124,0.3202293202293202,Весна,2,4,0.0068596868469666,0.0022865622823222,0.0068596868469666,98.77949059632331,1,0,,,,,,,road
,2025-04-14 20:28:58.088089284,Восточно-Сибирская,,,2025,2024,103 days 19:48:58.167096858,149508.9694516143,284.31172114011133,0.32104832104832104,Весна,2,4,0.0068596868469666,0.0022865622823222,0.0068596868469666,98.77949059632331,1,0,,,,,,,road
,2025-04-14 23:06:21.192210936,Восточно-Сибирская,,,2025,2024,103 days 22:26:21.271218510,149666.3545203085,157.3850686941878,0.32186732186732187,Весна,2,4,0.0068596868469666,0.0022865622823222,0.0068596868469666,98.77949059632331,1,0,,,,,,,road
,2025-04-15 08:47:08.486332932,Восточно-Сибирская,,,2025,2024,104 days 08:07:08.565340506,150247.1427556751,580.7882353666064,0.3226863226863227,Весна,2,4,0.0022865622823222,0.0022865622823222,0.0068596868469666,98.77949059632331,0,0,,,,,,,road
,2025-04-15 09:20:08.826540120,Восточно-Сибирская,,,2025,2024,104 days 08:40:08.905547694,150280.14842579488,33.00567011977546,0.3235053235053235,Весна,2,4,0.0022865622823222,0.0022865622823222,0.0068596868469666,98.77949059632331,0,0,,,,,,,road
,2025-04-15 09:38:40.487693634,Восточно-Сибирская,,,2025,2024,104 days 08:58:40.566701208,150298.6761116868,18.527685891924193,0.32432432432432434,Весна,2,4,0.0022865622823222,0.0022865622823222,0.0068596868469666,98.77949059632331,0,0,,,,,,,road
,2025-04-15 10:25:36.709404930,Восточно-Сибирская,,,2025,2024,104 days 09:45:36.788412504,150345.61314020838,46.93702852158458,0.32514332514332517,Весна,2,4,0.0022865622823222,0.0022865622823222,0.0068596868469666,98.77949059632331,0,0,,,,,,,road
,2025-04-15 11:05:35.425895610,Восточно-Сибирская,,,2025,2024,104 days 10:25:35.504903184,150385.59174838642,39.97860817803303,0.32596232596232594,Весна,2,4,0.0022865622823222,0.0022865622823222,0.0068596868469666,98.77949059632331,0,0,,,,,,,road
,2025-04-15 16:52:16.217256642,Восточно-Сибирская,,,2025,2024,104 days 16:12:16.296264216,150732.2716044036,346.67985601717373,0.32678132678132676,Весна,2,4,0.0022865622823222,0.0022865622823222,0.0068596868469666,98.77949059632331,0,0,,,,,,,road
,2025-04-15 18:38:23.084542752,Восточно-Сибирская,,,2025,2024,104 days 17:58:23.163550326,150838.3860591721,106.11445476851077,0.3276003276003276,Весна,2,4,0.0022865622823222,0.0022865622823222,0.0068596868469666,98.77949059632331,0,0,,,,,,,road
,2025-04-16 08:58:52.977729768,Восточно-Сибирская,,,2025,2024,105 days 08:18:53.056737342,151698.88427895572,860.4982197836216,0.3284193284193284,Весна,2,4,0.0022865622823222,0.0022865622823222,0.0068596868469666,98.77949059632331,0,0,,,,,,,road
,2025-04-16 13:16:58.327525020,Восточно-Сибирская,,,2025,2024,105 days 12:36:58.406532594,151956.97344220988,258.08916325416067,0.32923832923832924,Весна,2,4,0.0022865622823222,0.0022865622823222,0.0068596868469666,98.77949059632331,0,0,,,,,,,road
,2025-04-16 21:57:01.114531434,Восточно-Сибирская,,,2025,2024,105 days 21:17:01.193539008,152477.0198923168,520.0464501069218,0.33005733005733007,Весна,2,4,0.0022865622823222,0.0022865622823222,0.0068596868469666,98.77949059632331,0,0,,,,,,,road
,2025-04-17 05:39:45.016204254,Восточно-Сибирская,,,2025,2024,106 days 04:59:45.095211828,152939.7515868638,462.7316945469938,0.3308763308763309,Весна,2,4,0.0022865622823222,0.0022865622823222,0.0068596868469666,98.77949059632331,0,0,,,,,,,road
,2025-04-17 08:28:19.231450116,Восточно-Сибирская,,,2025,2024,106 days 07:48:19.310457690,153108.3218409615,168.57025409769267,0.3316953316953317,Весна,2,4,0.0022865622823222,0.0022865622823222,0.0068596868469666,98.77949059632331,0,0,,,,,,,road
,2025-04-17 10:30:10.121273550,Восточно-Сибирская,,,2025,2024,106 days 09:50:10.200281124,153230.1700046854,121.84816372391651,0.3325143325143325,Весна,2,4,0.0022865622823222,0.0022865622823222,0.0068596868469666,98.77949059632331,0,0,,,,,,,road
,2025-04-17 13:33:31.195702374,Восточно-Сибирская,,,2025,2024,106 days 12:53:31.274709948,153413.5212451658,183.35124048037687,0.3333333333333333,Весна,2,4,0.0022865622823222,0.0022865622823222,0.0068596868469666,98.77949059632331,0,0,,,,,,,road
,2025-04-18 01:10:08.469433793,Восточно-Сибирская,,,2025,2024,107 days 00:30:08.548441367,154110.14247402278,696.621228856995,0.33415233415233414,Весна,2,4,0.0022865622823222,0.0022865622823222,0.0068596868469666,98.77949059632331,0,0,,,,,,,road
,2025-04-18 07:36:07.031568570,Восточно-Сибирская,,,2025,2024,107 days 06:56:07.110576144,154496.11850960238,385.97603557960247,0.33497133497133497,Весна,2,4,0.0022865622823222,0.0022865622823222,0.0068596868469666,98.77949059632331,0,0,,,,,,,road
,2025-04-18 09:43:59.985609450,Восточно-Сибирская,,,2025,2024,107 days 09:04:00.064617024,154624.0010769504,127.88256734801689,0.3357903357903358,Весна,2,4,0.0022865622823222,0.0022865622823222,0.0068596868469666,98.77949059632331,0,0,,,,,,,road
,2025-04-18 22:08:44.669897832,Восточно-Сибирская,,,2025,2024,107 days 21:28:44.748905406,155368.74581509008,744.7447381396778,0.3366093366093366,Весна,2,4,0.0022865622823222,0.0022865622823222,0.0068596868469666,98.77949059632331,0,0,,,,,,,road
,2025-04-18 22:33:22.410516426,Восточно-Сибирская,,,2025,2024,107 days 21:53:22.489524,155393.37482539998,24.629010309901787,0.33742833742833744,Весна,2,4,0.0022865622823222,0.0022865622823222,0.0068596868469666,98.77949059632331,0,0,,,,,,,road
,2025-04-19 07:18:43.644687216,Восточно-Сибирская,,,2025,2024,108 days 06:38:43.723694790,155918.7287282465,525.3539028465166,0.33824733824733827,Весна,2,4,0.0022865622823222,0.0022865622823222,0.0068596868469666,98.77949059632331,0,0,,,,,,,road
,2025-04-19 11:31:36.135289422,Восточно-Сибирская,,,2025,2024,108 days 10:51:36.214296996,156171.6035716166,252.8748433701112,0.33906633906633904,Весна,2,4,0.0022865622823222,0.0022865622823222,0.0068596868469666,98.77949059632331,0,0,,,,,,,road
,2025-04-19 21:06:19.096756746,Восточно-Сибирская,,,2025,2024,108 days 20:26:19.175764320,156746.31959607202,574.7160244554107,0.33988533988533987,Весна,2,4,0.0022865622823222,0.0022865622823222,0.0068596868469666,98.77949059632331,0,0,,,,,,,road
,2025-04-20 16:13:43.968755898,Восточно-Сибирская,,,2025,2024,109 days 15:33:44.047763472,157893.7341293912,1147.4145333191846,0.3407043407043407,Весна,2,4,0.0022865622823222,0.0022865622823222,0.0068596868469666,98.77949059632331,0,0,,,,,,,road
,2025-04-21 02:20:04.279222710,Восточно-Сибирская,,,2025,2024,110 days 01:40:04.358230284,158500.0726371714,606.338507780194,0.3415233415233415,Весна,2,4,0.0022865622823222,0.0022865622823222,0.0068596868469666,98.77949059632331,0,0,,,,,,,road
,2025-04-21 06:35:11.123976924,Восточно-Сибирская,,,2025,2024,110 days 05:55:11.202984498,158755.18671640832,255.11407923692605,0.34234234234234234,Весна,2,4,0.0022865622823222,0.0022865622823222,0.0068596868469666,98.77949059632331,0,0,,,,,,,road
,2025-04-21 07:46:45.801204768,Восточно-Сибирская,,,2025,2024,110 days 07:06:45.880212342,158826.7646702057,71.57795379738673,0.34316134316134317,Весна,2,4,0.0022865622823222,0.0022865622823222,0.0068596868469666,98.77949059632331,0,0,,,,,,,road
,2025-04-21 19:44:44.651706474,Восточно-Сибирская,,,2025,2024,110 days 19:04:44.730714048,159544.74551190078,717.9808416950691,0.343980343980344,Весна,2,4,0.0022865622823222,0.0022865622823222,0.0068596868469666,98.77949059632331,0,0,,,,,,,road
,2025-04-22 00:14:47.845377336,Восточно-Сибирская,,,2025,2024,110 days 23:34:47.924384910,159814.7987397485,270.05322784773307,0.3447993447993448,Весна,2,4,0.0022865622823222,0.0022865622823222,0.0068596868469666,98.77949059632331,0,0,,,,,,,road
,2025-04-22 00:49:02.438319888,Восточно-Сибирская,,,2025,2024,111 days 00:09:02.517327462,159849.04195545768,34.243215709168,0.34561834561834565,Весна,2,4,0.0022865622823222,0.0022865622823222,0.0068596868469666,98.77949059632331,0,0,,,,,,,road
,2025-04-22 10:04:17.020232118,Восточно-Сибирская,,,2025,2024,111 days 09:24:17.099239692,160404.2849873282,555.2430318705156,0.3464373464373464,Весна,2,4,0.0022865622823222,0.0022865622823222,0.0068596868469666,98.77949059632331,0,0,,,,,,,road
,2025-04-22 12:35:12.591264420,Восточно-Сибирская,,,2025,2024,111 days 11:55:12.670271994,160555.21117119992,150.92618387172115,0.34725634725634724,Весна,2,4,0.0022865622823222,0.0022865622823222,0.0068596868469666,98.77949059632331,0,0,,,,,,,road
,2025-04-22 12:57:07.850270303,Восточно-Сибирская,,,2025,2024,111 days 12:17:07.929277877,160577.13215463128,21.92098343136604,0.34807534807534807,Весна,2,4,0.0022865622823222,0.0022865622823222,0.0068596868469666,98.77949059632331,0,0,,,,,,,road
,2025-04-23 05:56:20.282057712,Восточно-Сибирская,,,2025,2024,112 days 05:16:20.361065286,161596.3393510881,1019.2071964568167,0.3488943488943489,Весна,2,4,0.0022865622823222,0.0022865622823222,0.0068596868469666,98.77949059632331,0,0,,,,,,,road
,2025-04-23 10:44:56.441726580,Восточно-Сибирская,,,2025,2024,112 days 10:04:56.520734154,161884.9420122359,288.602661147801,0.3497133497133497,Весна,2,4,0.0022865622823222,0.0022865622823222,0.0068596868469666,98.77949059632331,0,0,,,,,,,road
,2025-04-23 13:09:11.524264134,Восточно-Сибирская,,,2025,2024,112 days 12:29:11.603271708,162029.1933878618,144.25137562589953,0.35053235053235055,Весна,2,4,0.0022865622823222,0.0022865622823222,0.0068596868469666,98.77949059632331,0,0,,,,,,,road
,2025-04-23 22:20:18.012687582,Восточно-Сибирская,,,2025,2024,112 days 21:40:18.091695156,162580.3015282526,551.1081403908029,0.35135135135135137,Весна,2,4,0.0022865622823222,0.0022865622823222,0.0068596868469666,98.77949059632331,0,0,,,,,,,road
,2025-04-24 14:09:37.778298126,Восточно-Сибирская,,,2025,2024,113 days 13:29:37.857305700,163529.630955095,949.3294268423924,0.3521703521703522,Весна,2,4,0.0022865622823222,0.0022865622823222,0.0068596868469666,98.77949059632331,0,0,,,,,,,road
,2025-04-24 14:09:45.837265776,Восточно-Сибирская,,,2025,2024,113 days 13:29:45.916273350,163529.7652712225,0.13431612751446664,0.35298935298935297,Весна,2,4,0.0022865622823222,0.0022865622823222,0.0068596868469666,98.77949059632331,0,0,,,,,,,road
,2025-04-24 22:38:56.811883218,Восточно-Сибирская,,,2025,2024,113 days 21:58:56.890890792,164038.9481815132,509.18291029069223,0.3538083538083538,Весна,2,4,0.0022865622823222,0.0022865622823222,0.0068596868469666,98.77949059632331,0,0,,,,,,,road
,2025-04-25 09:16:02.764271010,Восточно-Сибирская,,,2025,2024,114 days 08:36:02.843278584,164676.04738797637,637.0992064631719,0.3546273546273546,Весна,2,4,0.0022865622823222,0.0022865622823222,0.0068596868469666,98.77949059632331,0,0,,,,,,,road
,2025-04-25 10:59:05.770315296,Восточно-Сибирская,,,2025,2024,114 days 10:19:05.849322870,164779.0974887145,103.05010073812446,0.35544635544635544,Весна,2,4,0.0022865622823222,0.0022865622823222,0.0068596868469666,98.77949059632331,0,0,,,,,,,road
,2025-04-25 15:53:15.162458495,Восточно-Сибирская,,,2025,2024,114 days 15:13:15.241466069,165073.25402443446,294.1565357199579,0.35626535626535627,Весна,2,4,0.0022865622823222,0.0022865622823222,0.0068596868469666,98.77949059632331,0,0,,,,,,,road
,2025-04-25 16:34:09.316315596,Восточно-Сибирская,,,2025,2024,114 days 15:54:09.395323170,165114.15658871952,40.90256428506109,0.3570843570843571,Весна,2,4,0.0022865622823222,0.0022865622823222,0.0068596868469666,98.77949059632331,0,0,,,,,,,road
,2025-04-26 02:34:47.110236102,Восточно-Сибирская,,,2025,2024,115 days 01:54:47.189243676,165714.7864873946,600.6298986750771,0.3579033579033579,Весна,2,4,0.0022865622823222,0.0022865622823222,0.0068596868469666,98.77949059632331,0,0,,,,,,,road
,2025-04-26 16:17:06.741249570,Восточно-Сибирская,,,2025,2024,115 days 15:37:06.820257144,166537.1136709524,822.3271835578198,0.35872235872235875,Весна,2,4,0.0022865622823222,0.0022865622823222,0.0068596868469666,98.77949059632331,0,0,,,,,,,road
,2025-04-26 17:07:11.210262510,Восточно-Сибирская,,,2025,2024,115 days 16:27:11.289270084,166587.1881545014,50.07448354898952,0.3595413595413595,Весна,2,4,0.0022865622823222,0.0022865622823222,0.0068596868469666,98.77949059632331,0,0,,,,,,,road
,2025-04-27 05:28:36.961965060,Восточно-Сибирская,,,2025,2024,116 days 04:48:37.040972634,167328.6173495439,741.4291950424958,0.36036036036036034,Весна,2,4,0.0022865622823222,0.0022865622823222,0.0068596868469666,98.77949059632331,0,0,,,,,,,road
,2025-04-27 16:14:21.400786470,Восточно-Сибирская,,,2025,2024,116 days 15:34:21.479794044,167974.3579965674,645.7406470235146,0.36117936117936117,Весна,2,4,0.0022865622823222,0.0022865622823222,0.0068596868469666,98.77949059632331,0,0,,,,,,,road
,2025-04-27 19:20:40.945411578,Восточно-Сибирская,,,2025,2024,116 days 18:40:41.024419152,168160.6837403192,186.325743751775,0.361998361998362,Весна,2,4,0.0022865622823222,0.0022865622823222,0.0068596868469666,98.77949059632331,0,0,,,,,,,road
,2025-04-28 03:53:17.616100458,Восточно-Сибирская,,,2025,2024,117 days 03:13:17.695108032,168673.2949184672,512.611178148014,0.3628173628173628,Весна,2,4,0.0022865622823222,0.0022865622823222,0.0068596868469666,98.77949059632331,0,0,,,,,,,road
,2025-04-28 03:53:18.878914578,Восточно-Сибирская,,,2025,2024,117 days 03:13:18.957922152,168673.3159653692,0.021046901994850487,0.36363636363636365,Весна,2,4,0.0022865622823222,0.0022865622823222,0.0068596868469666,98.77949059632331,0,0,,,,,,,road
,2025-04-28 23:27:41.240954490,Восточно-Сибирская,,,2025,2024,117 days 22:47:41.319962064,169847.6886660344,1174.3727006652043,0.36445536445536447,Весна,2,4,0.0022865622823222,0.0022865622823222,0.0068596868469666,98.77949059632331,0,0,,,,,,,road
,2025-04-29 05:17:16.651051895,Восточно-Сибирская,,,2025,2024,118 days 04:37:16.730059469,170197.27883432445,349.59016829004395,0.3652743652743653,Весна,2,4,0.0022865622823222,0.0022865622823222,0.0068596868469666,98.77949059632331,0,0,,,,,,,road
,2025-04-29 12:20:49.722345618,Восточно-Сибирская,,,2025,2024,118 days 11:40:49.801353192,170620.8300225532,423.5511882287392,0.36609336609336607,Весна,2,4,0.0022865622823222,0.0022865622823222,0.0068596868469666,98.77949059632331,0,0,,,,,,,road
,2025-04-29 20:18:40.061117490,Восточно-Сибирская,,,2025,2024,118 days 19:38:40.140125064,171098.6690020844,477.83897953122505,0.3669123669123669,Весна,2,4,0.0022865622823222,0.0022865622823222,0.0068596868469666,98.77949059632331,0,0,,,,,,,road
,2025-04-30 02:19:04.579592778,Восточно-Сибирская,,,2025,2024,119 days 01:39:04.658600352,171459.0776433392,360.4086412547913,0.3677313677313677,Весна,2,4,0.0022865622823222,0.0022865622823222,0.0068596868469666,98.77949059632331,0,0,,,,,,,road
,2025-04-30 16:28:56.259704490,Восточно-Сибирская,,,2025,2024,119 days 15:48:56.338712064,172308.9389785344,849.8613351951935,0.36855036855036855,Весна,2,4,0.0022865622823222,0.0022865622823222,0.0068596868469666,98.77949059632331,0,0,,,,,,,road
,2025-04-30 23:20:24.263341056,Восточно-Сибирская,,,2025,2024,119 days 22:40:24.342348630,172720.4057058105,411.46672727609985,0.36936936936936937,Весна,2,4,0.0022865622823222,0.0022865622823222,0.0068596868469666,98.77949059632331,0,0,,,,,,,road
,2025-05-01 16:42:44.295418458,Восточно-Сибирская,,,2025,2024,120 days 16:02:44.374426032,173762.7395737672,1042.3338679567096,0.3701883701883702,Весна,2,5,0.0022865622823222,0.0022865622823222,0.0068596868469666,98.77949059632331,0,0,,,,,,,road
,2025-05-01 23:04:33.818313323,Восточно-Сибирская,,,2025,2024,120 days 22:24:33.897320897,174144.56495534827,381.82538158106036,0.371007371007371,Весна,2,5,0.0022865622823222,0.0022865622823222,0.0068596868469666,98.77949059632331,0,0,,,,,,,road
,2025-05-02 00:26:38.664939690,Восточно-Сибирская,,,2025,2024,120 days 23:46:38.743947264,174226.6457324544,82.08077710613725,0.37182637182637185,Весна,2,5,0.0022865622823222,0.0022865622823222,0.0068596868469666,98.77949059632331,0,0,,,,,,,road
,2025-05-02 18:17:23.605945506,Восточно-Сибирская,,,2025,2024,121 days 17:37:23.684953080,175297.39474921802,1070.7490167636133,0.3726453726453726,Весна,2,5,0.0022865622823222,0.0022865622823222,0.0068596868469666,98.77949059632331,0,0,,,,,,,road
,2025-05-03 02:37:56.460115770,Восточно-Сибирская,,,2025,2024,122 days 01:57:56.539123344,175797.9423187224,500.54756950438605,0.37346437346437344,Весна,2,5,0.0022865622823222,0.0022865622823222,0.0068596868469666,98.77949059632331,0,0,,,,,,,road
,2025-05-03 11:23:22.546425030,Восточно-Сибирская,,,2025,2024,122 days 10:43:22.625432604,176323.37709054342,525.4347718210192,0.37428337428337427,Весна,2,5,0.0022865622823222,0.0022865622823222,0.0068596868469666,98.77949059632331,0,0,,,,,,,road
,2025-05-04 18:14:20.501129100,Восточно-Сибирская,,,2025,2024,123 days 17:34:20.580136674,178174.3430022779,1850.9659117344709,0.3751023751023751,Весна,2,5,0.0022865622823222,0.0022865622823222,0.0068596868469666,98.77949059632331,0,0,,,,,,,road
,2025-05-04 18:48:31.809042930,Восточно-Сибирская,,,2025,2024,123 days 18:08:31.888050504,178208.5314675084,34.18846523051616,0.3759213759213759,Весна,2,5,0.0022865622823222,0.0022865622823222,0.0068596868469666,98.77949059632331,0,0,,,,,,,road
,2025-05-04 22:53:17.248106598,Восточно-Сибирская,,,2025,2024,123 days 22:13:17.327114172,178453.28878523622,244.75731772781,0.37674037674037675,Весна,2,5,0.0022865622823222,0.0022865622823222,0.0068596868469666,98.77949059632331,0,0,,,,,,,road
,2025-05-05 00:52:47.329146792,Восточно-Сибирская,,,2025,2024,124 days 00:12:47.408154366,178572.7901359061,119.50135066988878,0.3775593775593776,Весна,2,5,0.0022865622823222,0.0022865622823222,0.0068596868469666,98.77949059632331,0,0,,,,,,,road
,2025-05-05 08:08:07.034342748,Восточно-Сибирская,,,2025,2024,124 days 07:28:07.113350322,179008.1185558387,435.3284199326008,0.3783783783783784,Весна,2,5,0.0022865622823222,0.0022865622823222,0.0068596868469666,98.77949059632331,0,0,,,,,,,road
,2025-05-05 20:07:08.387105268,Восточно-Сибирская,,,2025,2024,124 days 19:27:08.466112842,179727.14110188073,719.0225460420188,0.37919737919737917,Весна,2,5,0.0022865622823222,0.0022865622823222,0.0068596868469666,98.77949059632331,0,0,,,,,,,road
,2025-05-06 20:49:57.980182836,Восточно-Сибирская,,,2025,2024,125 days 20:09:58.059190410,181209.9676531735,1482.826551292761,0.38001638001638,Весна,2,5,0.0022865622823222,0.0022865622823222,0.0068596868469666,98.77949059632331,0,0,,,,,,,road
,2025-05-07 01:15:05.581090614,Восточно-Сибирская,,,2025,2024,126 days 00:35:05.660098188,181475.0943349698,265.1266817963042,0.3808353808353808,Весна,2,5,0.0022865622823222,0.0022865622823222,0.0068596868469666,98.77949059632331,0,0,,,,,,,road
,2025-05-07 12:29:49.050066666,Восточно-Сибирская,,,2025,2024,126 days 11:49:49.129074240,182149.81881790402,674.7244829342235,0.38165438165438165,Весна,2,5,0.0022865622823222,0.0022865622823222,0.0068596868469666,98.77949059632331,0,0,,,,,,,road
,2025-05-08 06:38:35.146133628,Восточно-Сибирская,,,2025,2024,127 days 05:58:35.225141202,183238.58708568668,1088.768267782667,0.3824733824733825,Весна,2,5,0.0022865622823222,0.0022865622823222,0.0068596868469666,98.77949059632331,0,0,,,,,,,road
,2025-05-08 15:01:28.318560288,Восточно-Сибирская,,,2025,2024,127 days 14:21:28.397567862,183741.47329279772,502.8862071110343,0.3832923832923833,Весна,2,5,0.0022865622823222,0.0022865622823222,0.0068596868469666,98.77949059632331,0,0,,,,,,,road
,2025-05-08 17:03:04.130027556,Восточно-Сибирская,,,2025,2024,127 days 16:23:04.209035130,183863.0701505855,121.5968577877793,0.3841113841113841,Весна,2,5,0.0022865622823222,0.0022865622823222,0.0068596868469666,98.77949059632331,0,0,,,,,,,road
,2025-05-08 23:52:28.204720650,Восточно-Сибирская,,,2025,2024,127 days 23:12:28.283728224,184272.47139547038,409.4012448848807,0.38493038493038495,Весна,2,5,0.0022865622823222,0.0022865622823222,0.0068596868469666,98.77949059632331,0,0,,,,,,,road
,2025-05-10 01:25:19.303721496,Восточно-Сибирская,,,2025,2024,129 days 00:45:19.382729070,185805.32304548452,1532.8516500141413,0.3857493857493858,Весна,2,5,0.0022865622823222,0.0022865622823222,0.0068596868469666,98.77949059632331,0,0,,,,,,,road
,2025-05-11 09:23:38.086108428,Восточно-Сибирская,,,2025,2024,130 days 08:43:38.165116002,187723.6360852667,1918.3130397821951,0.38656838656838655,Весна,2,5,0.0022865622823222,0.0022865622823222,0.0068596868469666,98.77949059632331,0,0,,,,,,,road
,2025-05-11 16:53:19.058378226,Восточно-Сибирская,,,2025,2024,130 days 16:13:19.137385800,188173.31895643,449.68287116329884,0.38738738738738737,Весна,2,5,0.0022865622823222,0.0022865622823222,0.0068596868469666,98.77949059632331,0,0,,,,,,,road
,2025-05-12 08:46:49.635467976,Восточно-Сибирская,,,2025,2024,131 days 08:06:49.714475550,189126.8285745925,953.5096181624976,0.3882063882063882,Весна,2,5,0.0022865622823222,0.0022865622823222,0.0068596868469666,98.77949059632331,0,0,,,,,,,road
,2025-05-12 10:24:36.443118138,Восточно-Сибирская,,,2025,2024,131 days 09:44:36.522125712,189224.6087020952,97.78012750268681,0.389025389025389,Весна,2,5,0.0022865622823222,0.0022865622823222,0.0068596868469666,98.77949059632331,0,0,,,,,,,road
,2025-05-12 12:28:08.456406174,Восточно-Сибирская,,,2025,2024,131 days 11:48:08.535413748,189348.1422568958,123.53355480061145,0.38984438984438985,Весна,2,5,0.0022865622823222,0.0022865622823222,0.0068596868469666,98.77949059632331,0,0,,,,,,,road
,2025-05-13 10:44:18.220599762,Восточно-Сибирская,,,2025,2024,132 days 10:04:18.299607336,190684.30499345562,1336.1627365598106,0.3906633906633907,Весна,2,5,0.0022865622823222,0.0022865622823222,0.0068596868469666,98.77949059632331,0,0,,,,,,,road
,2025-05-13 11:47:50.876496372,Восточно-Сибирская,,,2025,2024,132 days 11:07:50.955503946,190747.8492583991,63.54426494348445,0.3914823914823915,Весна,2,5,0.0022865622823222,0.0022865622823222,0.0068596868469666,98.77949059632331,0,0,,,,,,,road
,2025-05-13 13:20:36.120173358,Восточно-Сибирская,,,2025,2024,132 days 12:40:36.199180932,190840.6033196822,92.75406128310715,0.3923013923013923,Весна,2,5,0.0022865622823222,0.0022865622823222,0.0068596868469666,98.77949059632331,0,0,,,,,,,road
,2025-05-13 17:19:14.736932334,Восточно-Сибирская,,,2025,2024,132 days 16:39:14.815939908,191079.24693233182,238.6436126496119,0.3931203931203931,Весна,2,5,0.0022865622823222,0.0022865622823222,0.0068596868469666,98.77949059632331,0,0,,,,,,,road
,2025-05-13 23:48:43.915394058,Восточно-Сибирская,,,2025,2024,132 days 23:08:43.994401632,191468.73324002718,389.4863076953625,0.3939393939393939,Весна,2,5,0.0022865622823222,0.0022865622823222,0.0068596868469666,98.77949059632331,0,0,,,,,,,road
,2025-05-14 06:33:39.241520454,Восточно-Сибирская,,,2025,2024,133 days 05:53:39.320528028,191873.6553421338,404.9221021066187,0.39475839475839475,Весна,2,5,0.0022865622823222,0.0022865622823222,0.0068596868469666,98.77949059632331,0,0,,,,,,,road
,2025-05-14 09:04:39.409331310,Восточно-Сибирская,,,2025,2024,133 days 08:24:39.488338884,192024.6581389814,151.00279684760608,0.3955773955773956,Весна,2,5,0.0022865622823222,0.0022865622823222,0.0068596868469666,98.77949059632331,0,0,,,,,,,road
,2025-05-15 03:32:37.335153690,Восточно-Сибирская,,,2025,2024,134 days 02:52:37.414161264,193132.62356935441,1107.9654303730058,0.3963963963963964,Весна,2,5,0.0022865622823222,0.0022865622823222,0.0068596868469666,98.77949059632331,0,0,,,,,,,road
,2025-05-15 21:31:13.178229198,Восточно-Сибирская,,,2025,2024,134 days 20:51:13.257236772,194211.22095394618,1078.5973845917615,0.3972153972153972,Весна,2,5,0.0022865622823222,0.0022865622823222,0.0068596868469666,98.77949059632331,0,0,,,,,,,road
,2025-05-16 01:08:52.756876776,Восточно-Сибирская,,,2025,2024,135 days 00:28:52.835884350,194428.8805980725,217.65964412631,0.39803439803439805,Весна,2,5,0.0022865622823222,0.0022865622823222,0.0068596868469666,98.77949059632331,0,0,,,,,,,road
,2025-05-16 05:18:01.227735120,Восточно-Сибирская,,,2025,2024,135 days 04:38:01.306742694,194678.0217790449,249.14118097242317,0.3988533988533989,Весна,2,5,0.0022865622823222,0.0022865622823222,0.0068596868469666,98.77949059632331,0,0,,,,,,,road
,2025-05-16 14:08:13.123839624,Восточно-Сибирская,,,2025,2024,135 days 13:28:13.202847198,195208.2200474533,530.1982684083923,0.39967239967239965,Весна,2,5,0.0022865622823222,0.0022865622823222,0.0068596868469666,98.77949059632331,0,0,,,,,,,road
,2025-05-16 22:03:53.614870764,Восточно-Сибирская,,,2025,2024,135 days 21:23:53.693878338,195683.8948979723,475.67485051898984,0.4004914004914005,Весна,2,5,0.0022865622823222,0.0022865622823222,0.0068596868469666,98.77949059632331,0,0,,,,,,,road
,2025-05-17 01:34:34.798034946,Восточно-Сибирская,,,2025,2024,136 days 00:54:34.877042520,195894.581284042,210.68638606971945,0.4013104013104013,Весна,2,5,0.0022865622823222,0.0022865622823222,0.0068596868469666,98.77949059632331,0,0,,,,,,,road
,2025-05-17 05:28:29.466372642,Восточно-Сибирская,,,2025,2024,136 days 04:48:29.545380216,196128.4924230036,233.9111389615864,0.4021294021294021,Весна,2,5,0.0022865622823222,0.0022865622823222,0.0068596868469666,98.77949059632331,0,0,,,,,,,road
,2025-05-17 08:35:34.276245186,Восточно-Сибирская,,,2025,2024,136 days 07:55:34.355252760,196315.572587546,187.0801645423926,0.40294840294840295,Весна,2,5,0.0022865622823222,0.0022865622823222,0.0068596868469666,98.77949059632331,0,0,,,,,,,road
,2025-05-17 10:32:56.713295256,Восточно-Сибирская,,,2025,2024,136 days 09:52:56.792302830,196432.9465383805,117.37395083450247,0.4037674037674038,Весна,2,5,0.0022865622823222,0.0022865622823222,0.0068596868469666,98.77949059632331,0,0,,,,,,,road
,2025-05-17 15:00:55.293713142,Восточно-Сибирская,,,2025,2024,136 days 14:20:55.372720716,196700.9228786786,267.97634029810433,0.4045864045864046,Весна,2,5,0.0022865622823222,0.0022865622823222,0.0068596868469666,98.77949059632331,0,0,,,,,,,road
,2025-05-17 23:28:07.331651586,Восточно-Сибирская,,,2025,2024,136 days 22:48:07.410659160,197208.123510986,507.2006323074165,0.40540540540540543,Весна,2,5,0.0022865622823222,0.0022865622823222,0.0068596868469666,98.77949059632331,0,0,,,,,,,road
,2025-05-18 09:20:34.143484103,Восточно-Сибирская,,,2025,2024,137 days 08:40:34.222491677,197800.57037486127,592.4468638752587,0.4062244062244062,Весна,2,5,0.0022865622823222,0.0022865622823222,0.0068596868469666,98.77949059632331,0,0,,,,,,,road
,2025-05-18 20:20:31.254618737,Восточно-Сибирская,,,2025,2024,137 days 19:40:31.333626311,198460.5222271052,659.9518522439175,0.407043407043407,Весна,2,5,0.0022865622823222,0.0022865622823222,0.0068596868469666,98.77949059632331,0,0,,,,,,,road
,2025-05-18 23:45:53.025505110,Восточно-Сибирская,,,2025,2024,137 days 23:05:53.104512684,198665.8850752114,205.36284810621873,0.40786240786240785,Весна,2,5,0.0022865622823222,0.0022865622823222,0.0068596868469666,98.77949059632331,0,0,,,,,,,road
,2025-05-19 10:18:32.770068414,Восточно-Сибирская,,,2025,2024,138 days 09:38:32.849075988,199298.5474845998,632.662409388402,0.4086814086814087,Весна,2,5,0.0022865622823222,0.0022865622823222,0.0068596868469666,98.77949059632331,0,0,,,,,,,road
,2025-05-19 10:21:24.319462368,Восточно-Сибирская,,,2025,2024,138 days 09:41:24.398469942,199301.4066411657,2.8591565658862237,0.4095004095004095,Весна,2,5,0.0022865622823222,0.0022865622823222,0.0068596868469666,98.77949059632331,0,0,,,,,,,road
,2025-06-01 01:18:33.269193570,Восточно-Сибирская,,,2025,2024,151 days 00:38:33.348201144,217478.5558033524,18177.149162186717,0.4103194103194103,Лето,3,6,0.0034152430106209,0.0034152430106209,0.0102457290318627,147.5384980588249,0,0,,,,,,,road
,2025-06-01 02:15:01.229651646,Восточно-Сибирская,,,2025,2024,151 days 01:35:01.308659220,217535.021810987,56.466007634589914,0.41113841113841115,Лето,3,6,0.0034152430106209,0.0034152430106209,0.0102457290318627,147.5384980588249,0,0,,,,,,,road
,2025-06-01 08:03:53.113397670,Восточно-Сибирская,,,2025,2024,151 days 07:23:53.192405244,217883.8865400874,348.86472910040175,0.411957411957412,Лето,3,6,0.0034152430106209,0.0034152430106209,0.0102457290318627,147.5384980588249,0,0,,,,,,,road
,2025-06-02 02:28:04.824802056,Восточно-Сибирская,,,2025,2024,152 days 01:48:04.903809630,218988.08173016048,1104.1951900730783,0.41277641277641275,Лето,3,6,0.0034152430106209,0.0034152430106209,0.0102457290318627,147.5384980588249,0,0,,,,,,,road
,2025-06-02 09:13:56.499526536,Восточно-Сибирская,,,2025,2024,152 days 08:33:56.578534110,219393.9429755685,405.86124540801393,0.4135954135954136,Лето,3,6,0.0034152430106209,0.0034152430106209,0.0102457290318627,147.5384980588249,0,0,,,,,,,road
,2025-06-02 10:51:59.885185692,Восточно-Сибирская,,,2025,2024,152 days 10:11:59.964193266,219491.9994032211,98.05642765259836,0.4144144144144144,Лето,3,6,0.0034152430106209,0.0034152430106209,0.0102457290318627,147.5384980588249,0,0,,,,,,,road
,2025-06-02 13:31:28.463265492,Восточно-Сибирская,,,2025,2024,152 days 12:51:28.542273066,219651.4757045511,159.4763013299962,0.4152334152334152,Лето,3,6,0.0034152430106209,0.0034152430106209,0.0102457290318627,147.5384980588249,0,0,,,,,,,road
,2025-06-02 15:53:29.510035644,Восточно-Сибирская,,,2025,2024,152 days 15:13:29.589043218,219793.49315072031,142.01744616922224,0.41605241605241605,Лето,3,6,0.0034152430106209,0.0034152430106209,0.0102457290318627,147.5384980588249,0,0,,,,,,,road
,2025-06-03 01:13:05.777714724,Восточно-Сибирская,,,2025,2024,153 days 00:33:05.856722298,220353.09761203828,559.6044613179693,0.4168714168714169,Лето,3,6,0.0034152430106209,0.0034152430106209,0.0102457290318627,147.5384980588249,0,0,,,,,,,road
,2025-06-03 08:25:10.498820880,Восточно-Сибирская,,,2025,2024,153 days 07:45:10.577828454,220785.1762971409,432.07868510260596,0.4176904176904177,Лето,3,6,0.0034152430106209,0.0034152430106209,0.0102457290318627,147.5384980588249,0,0,,,,,,,road
,2025-06-03 12:45:30.511114068,Восточно-Сибирская,,,2025,2024,153 days 12:05:30.590121642,221045.5098353607,260.33353821979836,0.41850941850941853,Лето,3,6,0.0034152430106209,0.0034152430106209,0.0102457290318627,147.5384980588249,0,0,,,,,,,road
,2025-06-03 14:19:39.196585620,Восточно-Сибирская,,,2025,2024,153 days 13:39:39.275593194,221139.6545932199,94.14475785920513,0.41932841932841936,Лето,3,6,0.0034152430106209,0.0034152430106209,0.0102457290318627,147.5384980588249,0,0,,,,,,,road
,2025-06-04 03:53:46.716934830,Восточно-Сибирская,,,2025,2024,154 days 03:13:46.795942404,221953.77993237338,814.1253391534847,0.4201474201474201,Лето,3,6,0.0034152430106209,0.0034152430106209,0.0102457290318627,147.5384980588249,0,0,,,,,,,road
,2025-06-04 09:03:57.503997564,Восточно-Сибирская,,,2025,2024,154 days 08:23:57.583005138,222263.9597167523,310.17978437890997,0.42096642096642095,Лето,3,6,0.0034152430106209,0.0034152430106209,0.0102457290318627,147.5384980588249,0,0,,,,,,,road
,2025-06-05 02:15:23.121012114,Восточно-Сибирская,,,2025,2024,155 days 01:35:23.200019688,223295.3866669948,1031.4269502425159,0.4217854217854218,Лето,3,6,0.0034152430106209,0.0034152430106209,0.0102457290318627,147.5384980588249,0,0,,,,,,,road
,2025-06-05 06:29:28.523824206,Восточно-Сибирская,,,2025,2024,155 days 05:49:28.602831780,223549.47671386303,254.090046868223,0.4226044226044226,Лето,3,6,0.0034152430106209,0.0034152430106209,0.0102457290318627,147.5384980588249,0,0,,,,,,,road
,2025-06-05 14:53:31.412726472,Восточно-Сибирская,,,2025,2024,155 days 14:13:31.491734046,224053.5248622341,504.0481483710755,0.42342342342342343,Лето,3,6,0.0034152430106209,0.0034152430106209,0.0102457290318627,147.5384980588249,0,0,,,,,,,road
,2025-06-05 23:04:37.140499158,Восточно-Сибирская,,,2025,2024,155 days 22:24:37.219506732,224544.6203251122,491.09546287808917,0.42424242424242425,Лето,3,6,0.0034152430106209,0.0034152430106209,0.0102457290318627,147.5384980588249,0,0,,,,,,,road
,2025-06-06 01:05:06.077997990,Восточно-Сибирская,,,2025,2024,156 days 00:25:06.157005564,224665.1026167594,120.48229164720397,0.4250614250614251,Лето,3,6,0.0034152430106209,0.0034152430106209,0.0102457290318627,147.5384980588249,0,0,,,,,,,road
,2025-06-06 17:18:37.361768370,Восточно-Сибирская,,,2025,2024,156 days 16:38:37.440775944,225638.62401293239,973.5213961729896,0.4258804258804259,Лето,3,6,0.0034152430106209,0.0034152430106209,0.0102457290318627,147.5384980588249,0,0,,,,,,,road
,2025-06-06 17:25:07.127795334,Восточно-Сибирская,,,2025,2024,156 days 16:45:07.206802908,225645.1201133818,6.496100449410733,0.4266994266994267,Лето,3,6,0.0034152430106209,0.0034152430106209,0.0102457290318627,147.5384980588249,0,0,,,,,,,road
,2025-06-07 00:33:48.639309822,Восточно-Сибирская,,,2025,2024,156 days 23:53:48.718317396,226073.81197195657,428.69185857477714,0.4275184275184275,Лето,3,6,0.0034152430106209,0.0034152430106209,0.0102457290318627,147.5384980588249,0,0,,,,,,,road
,2025-06-07 17:00:06.600727356,Восточно-Сибирская,,,2025,2024,157 days 16:20:06.679734930,227060.11132891552,986.2993569589453,0.4283374283374283,Лето,3,6,0.0034152430106209,0.0034152430106209,0.0102457290318627,147.5384980588249,0,0,,,,,,,road
,2025-06-07 19:01:17.460902802,Восточно-Сибирская,,,2025,2024,157 days 18:21:17.539910376,227181.2923318396,121.18100292407325,0.42915642915642915,Лето,3,6,0.0034152430106209,0.0034152430106209,0.0102457290318627,147.5384980588249,0,0,,,,,,,road
,2025-06-08 00:07:06.462470628,Восточно-Сибирская,,,2025,2024,157 days 23:27:06.541478202,227487.1090246367,305.81669279711787,0.42997542997543,Лето,3,6,0.0034152430106209,0.0034152430106209,0.0102457290318627,147.5384980588249,0,0,,,,,,,road
,2025-06-08 04:08:58.686616668,Восточно-Сибирская,,,2025,2024,158 days 03:28:58.765624242,227728.9794270707,241.8704024339968,0.4307944307944308,Лето,3,6,0.0034152430106209,0.0034152430106209,0.0102457290318627,147.5384980588249,0,0,,,,,,,road
,2025-06-08 11:08:41.373995658,Восточно-Сибирская,,,2025,2024,158 days 10:28:41.453003232,228148.6908833872,419.71145631649415,0.43161343161343163,Лето,3,6,0.0034152430106209,0.0034152430106209,0.0102457290318627,147.5384980588249,0,0,,,,,,,road
,2025-06-08 20:57:35.506211478,Восточно-Сибирская,,,2025,2024,158 days 20:17:35.585219052,228737.59308698418,588.9022035969829,0.43243243243243246,Лето,3,6,0.0034152430106209,0.0034152430106209,0.0102457290318627,147.5384980588249,0,0,,,,,,,road
,2025-06-09 01:28:07.404210456,Восточно-Сибирская,,,2025,2024,159 days 00:48:07.483218030,229008.1247203005,270.5316333163064,0.4332514332514332,Лето,3,6,0.0034152430106209,0.0034152430106209,0.0102457290318627,147.5384980588249,0,0,,,,,,,road
,2025-06-09 09:43:38.250857166,Восточно-Сибирская,,,2025,2024,159 days 09:03:38.329864740,229503.638831079,495.5141107785166,0.43407043407043405,Лето,3,6,0.0034152430106209,0.0034152430106209,0.0102457290318627,147.5384980588249,0,0,,,,,,,road
,2025-06-09 11:33:15.497757995,Восточно-Сибирская,,,2025,2024,159 days 10:53:15.576765569,229613.2596127595,109.62078168048174,0.4348894348894349,Лето,3,6,0.0034152430106209,0.0034152430106209,0.0102457290318627,147.5384980588249,0,0,,,,,,,road
,2025-06-09 12:49:15.023206122,Восточно-Сибирская,,,2025,2024,159 days 12:09:15.102213696,229689.2517035616,75.99209080211585,0.4357084357084357,Лето,3,6,0.0034152430106209,0.0034152430106209,0.0102457290318627,147.5384980588249,0,0,,,,,,,road
,2025-06-09 15:34:11.086030728,Восточно-Сибирская,,,2025,2024,159 days 14:54:11.165038302,229854.1860839717,164.93438041009358,0.43652743652743653,Лето,3,6,0.0034152430106209,0.0034152430106209,0.0102457290318627,147.5384980588249,0,0,,,,,,,road
,2025-06-09 21:05:45.179374884,Восточно-Сибирская,,,2025,2024,159 days 20:25:45.258382458,230185.7543063743,331.568222402595,0.43734643734643736,Лето,3,6,0.0034152430106209,0.0034152430106209,0.0102457290318627,147.5384980588249,0,0,,,,,,,road
,2025-06-09 22:06:27.578439834,Восточно-Сибирская,,,2025,2024,159 days 21:26:27.657447408,230246.46095745682,60.70665108252433,0.4381654381654382,Лето,3,6,0.0034152430106209,0.0034152430106209,0.0102457290318627,147.5384980588249,0,0,,,,,,,road
,2025-06-10 03:40:24.843481680,Восточно-Сибирская,,,2025,2024,160 days 03:00:24.922489254,230580.4153748209,333.95441736408975,0.438984438984439,Лето,3,6,0.0034152430106209,0.0034152430106209,0.0102457290318627,147.5384980588249,0,0,,,,,,,road
,2025-06-10 06:07:07.084005600,Восточно-Сибирская,,,2025,2024,160 days 05:27:07.163013174,230727.1193835529,146.70400873199105,0.4398034398034398,Лето,3,6,0.0034152430106209,0.0034152430106209,0.0102457290318627,147.5384980588249,0,0,,,,,,,road
,2025-06-10 13:51:57.728164464,Восточно-Сибирская,,,2025,2024,160 days 13:11:57.807172038,231191.9634528673,464.844069314393,0.4406224406224406,Лето,3,6,0.0034152430106209,0.0034152430106209,0.0102457290318627,147.5384980588249,0,0,,,,,,,road
,2025-06-10 14:02:57.090743346,Восточно-Сибирская,,,2025,2024,160 days 13:22:57.169750920,231202.952829182,10.98937631471199,0.44144144144144143,Лето,3,6,0.0034152430106209,0.0034152430106209,0.0102457290318627,147.5384980588249,0,0,,,,,,,road
,2025-06-10 19:25:47.331964416,Восточно-Сибирская,,,2025,2024,160 days 18:45:47.410971990,231525.7901828665,322.8373536845029,0.44226044226044225,Лето,3,6,0.0034152430106209,0.0034152430106209,0.0102457290318627,147.5384980588249,0,0,,,,,,,road
,2025-06-11 00:33:02.002184736,Восточно-Сибирская,,,2025,2024,160 days 23:53:02.081192310,231833.0346865385,307.2445036720019,0.4430794430794431,Лето,3,6,0.0034152430106209,0.0034152430106209,0.0102457290318627,147.5384980588249,0,0,,,,,,,road
,2025-06-11 14:21:24.904125048,Восточно-Сибирская,,,2025,2024,161 days 13:41:24.983132622,232661.41638554368,828.381699005171,0.4438984438984439,Лето,3,6,0.0034152430106209,0.0034152430106209,0.0102457290318627,147.5384980588249,0,0,,,,,,,road
,2025-06-11 20:27:17.448430800,Восточно-Сибирская,,,2025,2024,161 days 19:47:17.527438374,233027.2921239729,365.87573842922575,0.44471744471744473,Лето,3,6,0.0034152430106209,0.0034152430106209,0.0102457290318627,147.5384980588249,0,0,,,,,,,road
,2025-06-12 04:13:10.649899536,Восточно-Сибирская,,,2025,2024,162 days 03:33:10.728907110,233493.1788151185,465.8866911455989,0.44553644553644556,Лето,3,6,0.0034152430106209,0.0034152430106209,0.0102457290318627,147.5384980588249,0,0,,,,,,,road
,2025-06-12 15:41:08.811205332,Восточно-Сибирская,,,2025,2024,162 days 15:01:08.890212906,234181.1481702151,687.969355096604,0.44635544635544633,Лето,3,6,0.0034152430106209,0.0034152430106209,0.0102457290318627,147.5384980588249,0,0,,,,,,,road
,2025-06-12 21:10:17.154521028,Восточно-Сибирская,,,2025,2024,162 days 20:30:17.233528602,234510.28722547673,329.13905526162125,0.44717444717444715,Лето,3,6,0.0034152430106209,0.0034152430106209,0.0102457290318627,147.5384980588249,0,0,,,,,,,road
,2025-06-12 22:50:37.927600374,Восточно-Сибирская,,,2025,2024,162 days 22:10:38.006607948,234610.6334434658,100.34621798907756,0.447993447993448,Лето,3,6,0.0034152430106209,0.0034152430106209,0.0102457290318627,147.5384980588249,0,0,,,,,,,road
,2025-06-13 08:47:30.588621012,Восточно-Сибирская,,,2025,2024,163 days 08:07:30.667628586,235207.5111271431,596.8776836773031,0.4488124488124488,Лето,3,6,0.0034152430106209,0.0034152430106209,0.0102457290318627,147.5384980588249,0,0,,,,,,,road
,2025-06-13 15:30:36.044084964,Восточно-Сибирская,,,2025,2024,163 days 14:50:36.123092538,235610.6020515423,403.0909243991773,0.44963144963144963,Лето,3,6,0.0034152430106209,0.0034152430106209,0.0102457290318627,147.5384980588249,0,0,,,,,,,road
,2025-06-13 18:12:20.904930480,Восточно-Сибирская,,,2025,2024,163 days 17:32:20.983938054,235772.34973230088,161.74768075859174,0.45045045045045046,Лето,3,6,0.0034152430106209,0.0034152430106209,0.0102457290318627,147.5384980588249,0,0,,,,,,,road
,2025-06-14 00:15:20.334721146,Восточно-Сибирская,,,2025,2024,163 days 23:35:20.413728720,236135.34022881198,362.99049651110545,0.4512694512694513,Лето,3,6,0.0034152430106209,0.0034152430106209,0.0102457290318627,147.5384980588249,0,0,,,,,,,road
,2025-06-14 10:07:33.955006439,Восточно-Сибирская,,,2025,2024,164 days 09:27:34.034014013,236727.56723356686,592.2270047548809,0.4520884520884521,Лето,3,6,0.0034152430106209,0.0034152430106209,0.0102457290318627,147.5384980588249,0,0,,,,,,,road
,2025-06-15 04:15:25.637633994,Восточно-Сибирская,,,2025,2024,165 days 03:35:25.716641568,237815.4286106928,1087.861377125926,0.45290745290745293,Лето,3,6,0.0034152430106209,0.0034152430106209,0.0102457290318627,147.5384980588249,0,0,,,,,,,road
,2025-06-15 19:06:41.847716940,Восточно-Сибирская,,,2025,2024,165 days 18:26:41.926724514,238706.6987787419,891.2701680491155,0.4537264537264537,Лето,3,6,0.0034152430106209,0.0034152430106209,0.0102457290318627,147.5384980588249,0,0,,,,,,,road
,2025-06-15 21:01:55.470685638,Восточно-Сибирская,,,2025,2024,165 days 20:21:55.549693212,238821.9258282202,115.22704947830061,0.45454545454545453,Лето,3,6,0.0034152430106209,0.0034152430106209,0.0102457290318627,147.5384980588249,0,0,,,,,,,road
,2025-06-15 23:42:16.776845622,Восточно-Сибирская,,,2025,2024,165 days 23:02:16.855853196,238982.2809308866,160.35510266639176,0.45536445536445536,Лето,3,6,0.0034152430106209,0.0034152430106209,0.0102457290318627,147.5384980588249,0,0,,,,,,,road
,2025-06-16 00:16:14.932540512,Восточно-Сибирская,,,2025,2024,165 days 23:36:15.011548086,239016.25019246808,33.969261581485625,0.4561834561834562,Лето,3,6,0.0034152430106209,0.0034152430106209,0.0102457290318627,147.5384980588249,0,0,,,,,,,road
,2025-06-16 01:39:31.586712180,Восточно-Сибирская,,,2025,2024,166 days 00:59:31.665719754,239099.52776199588,83.277569527796,0.457002457002457,Лето,3,6,0.0034152430106209,0.0034152430106209,0.0102457290318627,147.5384980588249,0,0,,,,,,,road
,2025-06-16 12:06:19.099806876,Восточно-Сибирская,,,2025,2024,166 days 11:26:19.178814450,239726.3196469075,626.791884911625,0.45782145782145783,Лето,3,6,0.0034152430106209,0.0034152430106209,0.0102457290318627,147.5384980588249,0,0,,,,,,,road
,2025-06-16 14:17:22.950085776,Восточно-Сибирская,,,2025,2024,166 days 13:37:23.029093350,239857.3838182225,131.0641713149962,0.45864045864045866,Лето,3,6,0.0034152430106209,0.0034152430106209,0.0102457290318627,147.5384980588249,0,0,,,,,,,road
,2025-06-16 19:01:07.321937262,Восточно-Сибирская,,,2025,2024,166 days 18:21:07.400944836,240141.12334908062,283.7395308581181,0.4594594594594595,Лето,3,6,0.0034152430106209,0.0034152430106209,0.0102457290318627,147.5384980588249,0,0,,,,,,,road
,2025-06-17 00:22:11.157899028,Восточно-Сибирская,,,2025,2024,166 days 23:42:11.236906602,240462.18728177669,321.06393269606633,0.46027846027846026,Лето,3,6,0.0034152430106209,0.0034152430106209,0.0102457290318627,147.5384980588249,0,0,,,,,,,road
,2025-06-17 07:47:58.491129654,Восточно-Сибирская,,,2025,2024,167 days 07:07:58.570137228,240907.9761689538,445.78888717712834,0.4610974610974611,Лето,3,6,0.0034152430106209,0.0034152430106209,0.0102457290318627,147.5384980588249,0,0,,,,,,,road
,2025-06-17 08:47:05.028563544,Восточно-Сибирская,,,2025,2024,167 days 08:07:05.107571118,240967.0851261853,59.10895723148133,0.4619164619164619,Лето,3,6,0.0034152430106209,0.0034152430106209,0.0102457290318627,147.5384980588249,0,0,,,,,,,road
,2025-06-17 10:33:32.414715000,Восточно-Сибирская,,,2025,2024,167 days 09:53:32.493722574,241073.54156204293,106.45643585763173,0.46273546273546273,Лето,3,6,0.0034152430106209,0.0034152430106209,0.0102457290318627,147.5384980588249,0,0,,,,,,,road
,2025-06-17 13:27:42.331118580,Восточно-Сибирская,,,2025,2024,167 days 12:47:42.410126154,241247.70683543588,174.16527339295135,0.46355446355446356,Лето,3,6,0.0034152430106209,0.0034152430106209,0.0102457290318627,147.5384980588249,0,0,,,,,,,road
,2025-06-17 15:40:36.229539294,Восточно-Сибирская,,,2025,2024,167 days 15:00:36.308546868,241380.60514244778,132.8983070118993,0.4643734643734644,Лето,3,6,0.0034152430106209,0.0034152430106209,0.0102457290318627,147.5384980588249,0,0,,,,,,,road
,2025-06-18 11:32:01.325004042,Восточно-Сибирская,,,2025,2024,168 days 10:52:01.404011616,242572.0234001936,1191.4182577458268,0.4651924651924652,Лето,3,6,0.0034152430106209,0.0034152430106209,0.0102457290318627,147.5384980588249,0,0,,,,,,,road
,2025-06-18 20:19:29.751111690,Восточно-Сибирская,,,2025,2024,168 days 19:39:29.830119264,243099.4971686544,527.4737684607971,0.46601146601146604,Лето,3,6,0.0034152430106209,0.0034152430106209,0.0102457290318627,147.5384980588249,0,0,,,,,,,road
,2025-06-18 23:30:47.544963222,Восточно-Сибирская,,,2025,2024,168 days 22:50:47.623970796,243290.7937328466,191.296564192191,0.4668304668304668,Лето,3,6,0.0034152430106209,0.0034152430106209,0.0102457290318627,147.5384980588249,0,0,,,,,,,road
,2025-06-19 09:49:50.212323822,Восточно-Сибирская,,,2025,2024,169 days 09:09:50.291331396,243909.83818885658,619.0444560099859,0.46764946764946763,Лето,3,6,0.0034152430106209,0.0034152430106209,0.0102457290318627,147.5384980588249,0,0,,,,,,,road
,2025-06-19 11:54:55.011865638,Восточно-Сибирская,,,2025,2024,169 days 11:14:55.090873212,244034.9181812202,125.07999236360774,0.46846846846846846,Лето,3,6,0.0034152430106209,0.0034152430106209,0.0102457290318627,147.5384980588249,0,0,,,,,,,road
,2025-06-19 19:26:07.358213466,Восточно-Сибирская,,,2025,2024,169 days 18:46:07.437221040,244486.12395368397,451.20577246378525,0.4692874692874693,Лето,3,6,0.0034152430106209,0.0034152430106209,0.0102457290318627,147.5384980588249,0,0,,,,,,,road
,2025-06-19 20:40:15.383757012,Восточно-Сибирская,,,2025,2024,169 days 20:00:15.462764586,244560.2577127431,74.13375905912835,0.4701064701064701,Лето,3,6,0.0034152430106209,0.0034152430106209,0.0102457290318627,147.5384980588249,0,0,,,,,,,road
,2025-06-20 03:53:33.354436890,Восточно-Сибирская,,,2025,2024,170 days 03:13:33.433444464,244993.5572240744,433.29951133130817,0.47092547092547093,Лето,3,6,0.0034152430106209,0.0034152430106209,0.0102457290318627,147.5384980588249,0,0,,,,,,,road
,2025-06-20 06:52:03.687602220,Восточно-Сибирская,,,2025,2024,170 days 06:12:03.766609794,245172.0627768299,178.50555275549414,0.47174447174447176,Лето,3,6,0.0034152430106209,0.0034152430106209,0.0102457290318627,147.5384980588249,0,0,,,,,,,road
,2025-06-20 07:25:21.694845312,Восточно-Сибирская,,,2025,2024,170 days 06:45:21.773852886,245205.3628975481,33.3001207181951,0.4725634725634726,Лето,3,6,0.0034152430106209,0.0034152430106209,0.0102457290318627,147.5384980588249,0,0,,,,,,,road
,2025-06-20 08:58:49.317073578,Восточно-Сибирская,,,2025,2024,170 days 08:18:49.396081152,245298.8232680192,93.46037047108985,0.47338247338247336,Лето,3,6,0.0034152430106209,0.0034152430106209,0.0102457290318627,147.5384980588249,0,0,,,,,,,road
,2025-06-20 11:29:30.381496998,Восточно-Сибирская,,,2025,2024,170 days 10:49:30.460504572,245449.50767507622,150.68440705703688,0.4742014742014742,Лето,3,6,0.0034152430106209,0.0034152430106209,0.0102457290318627,147.5384980588249,0,0,,,,,,,road
,2025-06-20 18:14:35.591915244,Восточно-Сибирская,,,2025,2024,170 days 17:34:35.670922818,245854.5945153803,405.0868403040804,0.475020475020475,Лето,3,6,0.0034152430106209,0.0034152430106209,0.0102457290318627,147.5384980588249,0,0,,,,,,,road
,2025-06-20 18:36:46.971267642,Восточно-Сибирская,,,2025,2024,170 days 17:56:47.050275216,245876.7841712536,22.18965587328421,0.47583947583947583,Лето,3,6,0.0034152430106209,0.0034152430106209,0.0102457290318627,147.5384980588249,0,0,,,,,,,road
,2025-06-20 23:52:16.426843020,Восточно-Сибирская,,,2025,2024,170 days 23:12:16.505850594,246192.2750975099,315.490926256316,0.47665847665847666,Лето,3,6,0.0034152430106209,0.0034152430106209,0.0102457290318627,147.5384980588249,0,0,,,,,,,road
,2025-06-21 06:00:51.908573250,Восточно-Сибирская,,,2025,2024,171 days 05:20:51.987580824,246560.8664596804,368.5913621704967,0.4774774774774775,Лето,3,6,0.0034152430106209,0.0034152430106209,0.0102457290318627,147.5384980588249,0,0,,,,,,,road
,2025-06-21 11:11:33.439004202,Восточно-Сибирская,,,2025,2024,171 days 10:31:33.518011776,246871.5586335296,310.6921738492092,0.4782964782964783,Лето,3,6,0.0034152430106209,0.0034152430106209,0.0102457290318627,147.5384980588249,0,0,,,,,,,road
,2025-06-21 18:10:14.528366934,Восточно-Сибирская,,,2025,2024,171 days 17:30:14.607374508,247290.2434562418,418.6848227121809,0.47911547911547914,Лето,3,6,0.0034152430106209,0.0034152430106209,0.0102457290318627,147.5384980588249,0,0,,,,,,,road
,2025-06-21 19:07:41.779997448,Восточно-Сибирская,,,2025,2024,171 days 18:27:41.859005022,247347.69765008372,57.45419384192792,0.4799344799344799,Лето,3,6,0.0034152430106209,0.0034152430106209,0.0102457290318627,147.5384980588249,0,0,,,,,,,road
,2025-06-21 23:26:41.956242222,Восточно-Сибирская,,,2025,2024,171 days 22:46:42.035249796,247606.7005874966,259.00293741287896,0.48075348075348073,Лето,3,6,0.0034152430106209,0.0034152430106209,0.0102457290318627,147.5384980588249,0,0,,,,,,,road
,2025-06-22 13:16:07.274515416,Восточно-Сибирская,,,2025,2024,172 days 12:36:07.353522990,248436.1225587165,829.4219712199119,0.48157248157248156,Лето,3,6,0.0034152430106209,0.0034152430106209,0.0102457290318627,147.5384980588249,0,0,,,,,,,road
,2025-06-22 17:52:25.096529460,Восточно-Сибирская,,,2025,2024,172 days 17:12:25.175537034,248712.41959228393,276.2970335674181,0.4823914823914824,Лето,3,6,0.0034152430106209,0.0034152430106209,0.0102457290318627,147.5384980588249,0,0,,,,,,,road
,2025-06-22 22:29:07.855716480,Восточно-Сибирская,,,2025,2024,172 days 21:49:07.934724054,248989.1322454009,276.71265311696334,0.4832104832104832,Лето,3,6,0.0034152430106209,0.0034152430106209,0.0102457290318627,147.5384980588249,0,0,,,,,,,road
,2025-06-23 04:59:34.701845364,Восточно-Сибирская,,,2025,2024,173 days 04:19:34.780852938,249379.5796808823,390.4474354814156,0.48402948402948404,Лето,3,6,0.0034152430106209,0.0034152430106209,0.0102457290318627,147.5384980588249,0,0,,,,,,,road
,2025-06-23 06:58:14.631064770,Восточно-Сибирская,,,2025,2024,173 days 06:18:14.710072344,249498.2451678724,118.66548699009581,0.48484848484848486,Лето,3,6,0.0034152430106209,0.0034152430106209,0.0102457290318627,147.5384980588249,0,0,,,,,,,road
,2025-06-23 12:51:14.273003244,Восточно-Сибирская,,,2025,2024,173 days 12:11:14.352010818,249851.2392001803,352.9940323079063,0.4856674856674857,Лето,3,6,0.0034152430106209,0.0034152430106209,0.0102457290318627,147.5384980588249,0,0,,,,,,,road
,2025-06-24 00:57:18.834894648,Восточно-Сибирская,,,2025,2024,174 days 00:17:18.913902222,250577.3152317037,726.0760315233783,0.4864864864864865,Лето,3,6,0.0034152430106209,0.0034152430106209,0.0102457290318627,147.5384980588249,0,0,,,,,,,road
,2025-06-24 01:00:31.300204152,Восточно-Сибирская,,,2025,2024,174 days 00:20:31.379211726,250580.52298686208,3.207755158393411,0.4873054873054873,Лето,3,6,0.0034152430106209,0.0034152430106209,0.0102457290318627,147.5384980588249,0,0,,,,,,,road
,2025-06-24 10:58:09.786656430,Восточно-Сибирская,,,2025,2024,174 days 10:18:09.865664004,251178.1644277334,597.6414408713172,0.4881244881244881,Лето,3,6,0.0034152430106209,0.0034152430106209,0.0102457290318627,147.5384980588249,0,0,,,,,,,road
,2025-06-24 12:10:23.736926610,Восточно-Сибирская,,,2025,2024,174 days 11:30:23.815934184,251250.39693223638,72.23250450298656,0.48894348894348894,Лето,3,6,0.0034152430106209,0.0034152430106209,0.0102457290318627,147.5384980588249,0,0,,,,,,,road
,2025-06-24 15:08:36.943808580,Восточно-Сибирская,,,2025,2024,174 days 14:28:37.022816154,251428.6170469359,178.22011469950667,0.48976248976248976,Лето,3,6,0.0034152430106209,0.0034152430106209,0.0102457290318627,147.5384980588249,0,0,,,,,,,road
,2025-06-25 00:28:43.262971896,Восточно-Сибирская,,,2025,2024,174 days 23:48:43.341979470,251988.7223663245,560.1053193886182,0.4905814905814906,Лето,3,6,0.0034152430106209,0.0034152430106209,0.0102457290318627,147.5384980588249,0,0,,,,,,,road
,2025-06-25 08:57:15.389821872,Восточно-Сибирская,,,2025,2024,175 days 08:17:15.468829446,252497.25781382408,508.5354474995693,0.4914004914004914,Лето,3,6,0.0034152430106209,0.0034152430106209,0.0102457290318627,147.5384980588249,0,0,,,,,,,road
,2025-06-25 19:48:44.018738652,Восточно-Сибирская,,,2025,2024,175 days 19:08:44.097746226,253148.7349624371,651.4771486130194,0.49221949221949224,Лето,3,6,0.0034152430106209,0.0034152430106209,0.0102457290318627,147.5384980588249,0,0,,,,,,,road
,2025-06-26 09:34:33.315665748,Восточно-Сибирская,,,2025,2024,176 days 08:54:33.394673322,253974.5565778887,825.8216154515976,0.49303849303849306,Лето,3,6,0.0034152430106209,0.0034152430106209,0.0102457290318627,147.5384980588249,0,0,,,,,,,road
,2025-06-26 12:28:05.713443012,Восточно-Сибирская,,,2025,2024,176 days 11:48:05.792450586,254148.0965408431,173.53996295441175,0.49385749385749383,Лето,3,6,0.0034152430106209,0.0034152430106209,0.0102457290318627,147.5384980588249,0,0,,,,,,,road
,2025-06-26 17:40:51.671252754,Восточно-Сибирская,,,2025,2024,176 days 17:00:51.750260328,254460.86250433882,312.765963495709,0.49467649467649466,Лето,3,6,0.0034152430106209,0.0034152430106209,0.0102457290318627,147.5384980588249,0,0,,,,,,,road
,2025-06-26 20:05:49.400054250,Восточно-Сибирская,,,2025,2024,176 days 19:25:49.479061824,254605.8246510304,144.96214669157052,0.4954954954954955,Лето,3,6,0.0034152430106209,0.0034152430106209,0.0102457290318627,147.5384980588249,0,0,,,,,,,road
,2025-06-26 22:12:16.904054442,Восточно-Сибирская,,,2025,2024,176 days 21:32:16.983062016,254732.2830510336,126.45840000320459,0.4963144963144963,Лето,3,6,0.0034152430106209,0.0034152430106209,0.0102457290318627,147.5384980588249,0,0,,,,,,,road
,2025-06-27 00:57:41.617583538,Восточно-Сибирская,,,2025,2024,177 days 00:17:41.696591112,254897.69494318523,165.41189215163467,0.49713349713349714,Лето,3,6,0.0034152430106209,0.0034152430106209,0.0102457290318627,147.5384980588249,0,0,,,,,,,road
,2025-06-27 07:35:36.501063984,Восточно-Сибирская,,,2025,2024,177 days 06:55:36.580071558,255295.6096678593,397.91472467407584,0.49795249795249796,Лето,3,6,0.0034152430106209,0.0034152430106209,0.0102457290318627,147.5384980588249,0,0,,,,,,,road
,2025-06-27 10:59:24.611898420,Восточно-Сибирская,,,2025,2024,177 days 10:19:24.690905994,255499.4115150999,203.80184724059654,0.4987714987714988,Лето,3,6,0.0034152430106209,0.0034152430106209,0.0102457290318627,147.5384980588249,0,0,,,,,,,road
,2025-06-27 19:12:00.274237206,Восточно-Сибирская,,,2025,2024,177 days 18:32:00.353244780,255992.005887413,492.5943723130913,0.4995904995904996,Лето,3,6,0.0034152430106209,0.0034152430106209,0.0102457290318627,147.5384980588249,0,0,,,,,,,road
,2025-06-28 01:52:22.263948558,Восточно-Сибирская,,,2025,2024,178 days 01:12:22.342956132,256392.3723826022,400.36649518919876,0.5004095004095004,Лето,3,6,0.0034152430106209,0.0034152430106209,0.0102457290318627,147.5384980588249,0,0,,,,,,,road
,2025-06-28 01:58:25.770476988,Восточно-Сибирская,,,2025,2024,178 days 01:18:25.849484562,256398.4308247427,6.058442140521947,0.5012285012285013,Лето,3,6,0.0034152430106209,0.0034152430106209,0.0102457290318627,147.5384980588249,0,0,,,,,,,road
,2025-06-28 06:49:44.400466380,Восточно-Сибирская,,,2025,2024,178 days 06:09:44.479473954,256689.7413245659,291.31049982318655,0.502047502047502,Лето,3,6,0.0034152430106209,0.0034152430106209,0.0102457290318627,147.5384980588249,0,0,,,,,,,road
,2025-06-28 09:37:43.580812884,Восточно-Сибирская,,,2025,2024,178 days 08:57:43.659820458,256857.7276636743,167.98633910840726,0.5028665028665029,Лето,3,6,0.0034152430106209,0.0034152430106209,0.0102457290318627,147.5384980588249,0,0,,,,,,,road
,2025-06-28 12:36:19.590114180,Восточно-Сибирская,,,2025,2024,178 days 11:56:19.669121754,257036.3278186959,178.60015502158785,0.5036855036855037,Лето,3,6,0.0034152430106209,0.0034152430106209,0.0102457290318627,147.5384980588249,0,0,,,,,,,road
,2025-06-28 20:55:47.597135826,Восточно-Сибирская,,,2025,2024,178 days 20:15:47.676143400,257535.79460239,499.466783694108,0.5045045045045045,Лето,3,6,0.0034152430106209,0.0034152430106209,0.0102457290318627,147.5384980588249,0,0,,,,,,,road
,2025-06-29 00:48:02.878200216,Восточно-Сибирская,,,2025,2024,179 days 00:08:02.957207790,257768.0492867965,232.2546844065073,0.5053235053235053,Лето,3,6,0.0034152430106209,0.0034152430106209,0.0102457290318627,147.5384980588249,0,0,,,,,,,road
,2025-06-29 11:22:55.247779644,Восточно-Сибирская,,,2025,2024,179 days 10:42:55.326787218,258402.9221131203,634.8728263237863,0.5061425061425061,Лето,3,6,0.0034152430106209,0.0034152430106209,0.0102457290318627,147.5384980588249,0,0,,,,,,,road
,2025-06-29 17:28:13.382042424,Восточно-Сибирская,,,2025,2024,179 days 16:48:13.461049998,258768.2243508333,365.302237713011,0.506961506961507,Лето,3,6,0.0034152430106209,0.0034152430106209,0.0102457290318627,147.5384980588249,0,0,,,,,,,road
,2025-06-29 21:23:53.028744162,Восточно-Сибирская,,,2025,2024,179 days 20:43:53.107751736,259003.8851291956,235.66077836230397,0.5077805077805078,Лето,3,6,0.0034152430106209,0.0034152430106209,0.0102457290318627,147.5384980588249,0,0,,,,,,,road
,2025-06-30 04:15:09.686218050,Восточно-Сибирская,,,2025,2024,180 days 03:35:09.765225624,259415.1627537604,411.2776245647983,0.5085995085995086,Лето,3,6,0.0034152430106209,0.0034152430106209,0.0102457290318627,147.5384980588249,0,0,,,,,,,road
,2025-06-30 04:26:36.672171960,Восточно-Сибирская,,,2025,2024,180 days 03:46:36.751179534,259426.6125196589,11.449765898491023,0.5094185094185094,Лето,3,6,0.0034152430106209,0.0034152430106209,0.0102457290318627,147.5384980588249,0,0,,,,,,,road
,2025-06-30 04:34:39.047978172,Восточно-Сибирская,,,2025,2024,180 days 03:54:39.126985746,259434.6521164291,8.039596770191565,0.5102375102375102,Лето,3,6,0.0034152430106209,0.0034152430106209,0.0102457290318627,147.5384980588249,0,0,,,,,,,road
,2025-06-30 05:00:07.996127766,Восточно-Сибирская,,,2025,2024,180 days 04:20:08.075135340,259460.13458558902,25.482469159935135,0.5110565110565111,Лето,3,6,0.0034152430106209,0.0034152430106209,0.0102457290318627,147.5384980588249,0,0,,,,,,,road
,2025-06-30 07:48:38.204100426,Восточно-Сибирская,,,2025,2024,180 days 07:08:38.283108,259628.6380518,168.50346621096833,0.5118755118755118,Лето,3,6,0.0034152430106209,0.0034152430106209,0.0102457290318627,147.5384980588249,0,0,,,,,,,road
,2025-06-30 09:07:14.730154368,Восточно-Сибирская,,,2025,2024,180 days 08:27:14.809161942,259707.2468193657,78.60876756571815,0.5126945126945127,Лето,3,6,0.0034152430106209,0.0034152430106209,0.0102457290318627,147.5384980588249,0,0,,,,,,,road
,2025-07-01 05:22:51.834725964,Восточно-Сибирская,,,2025,2024,181 days 04:42:51.913733538,260922.8652288923,1215.6184095265926,0.5135135135135135,Лето,3,7,0.0034152430106209,0.0034152430106209,0.0102457290318627,147.5384980588249,0,0,,,,,,,road
,2025-07-01 09:11:41.805644034,Восточно-Сибирская,,,2025,2024,181 days 08:31:41.884651608,261151.69807752682,228.83284863451263,0.5143325143325144,Лето,3,7,0.0034152430106209,0.0034152430106209,0.0102457290318627,147.5384980588249,0,0,,,,,,,road
,2025-07-01 14:29:39.923749362,Восточно-Сибирская,,,2025,2024,181 days 13:49:40.002756936,261469.6667126156,317.96863508879323,0.5151515151515151,Лето,3,7,0.0034152430106209,0.0034152430106209,0.0102457290318627,147.5384980588249,0,0,,,,,,,road
,2025-07-01 16:05:22.414825428,Восточно-Сибирская,,,2025,2024,181 days 15:25:22.493833002,261565.3748972167,95.70818460109876,0.515970515970516,Лето,3,7,0.0034152430106209,0.0034152430106209,0.0102457290318627,147.5384980588249,0,0,,,,,,,road
,2025-07-01 17:59:04.333321404,Восточно-Сибирская,,,2025,2024,181 days 17:19:04.412328978,261679.07353881627,113.69864159956342,0.5167895167895168,Лето,3,7,0.0034152430106209,0.0034152430106209,0.0102457290318627,147.5384980588249,0,0,,,,,,,road
,2025-07-01 19:58:43.847390622,Восточно-Сибирская,,,2025,2024,181 days 19:18:43.926398196,261798.7321066366,119.65856782032643,0.5176085176085176,Лето,3,7,0.0034152430106209,0.0034152430106209,0.0102457290318627,147.5384980588249,0,0,,,,,,,road
,2025-07-02 01:50:01.715169672,Восточно-Сибирская,,,2025,2024,182 days 01:10:01.794177246,262150.02990295406,351.2977963174635,0.5184275184275184,Лето,3,7,0.0034152430106209,0.0034152430106209,0.0102457290318627,147.5384980588249,0,0,,,,,,,road
,2025-07-02 04:57:58.728483090,Восточно-Сибирская,,,2025,2024,182 days 04:17:58.807490664,262337.9801248444,187.9502218903508,0.5192465192465192,Лето,3,7,0.0034152430106209,0.0034152430106209,0.0102457290318627,147.5384980588249,0,0,,,,,,,road
,2025-07-02 08:31:28.740339894,Восточно-Сибирская,,,2025,2024,182 days 07:51:28.819347468,262551.4803224578,213.500197613379,0.5200655200655201,Лето,3,7,0.0034152430106209,0.0034152430106209,0.0102457290318627,147.5384980588249,0,0,,,,,,,road
,2025-07-02 12:53:58.637100342,Восточно-Сибирская,,,2025,2024,182 days 12:13:58.716107916,262813.9786017986,262.49827934079804,0.5208845208845209,Лето,3,7,0.0034152430106209,0.0034152430106209,0.0102457290318627,147.5384980588249,0,0,,,,,,,road
,2025-07-02 20:02:47.802875466,Восточно-Сибирская,,,2025,2024,182 days 19:22:47.881883040,263242.798031384,428.81942958541913,0.5217035217035217,Лето,3,7,0.0034152430106209,0.0034152430106209,0.0102457290318627,147.5384980588249,0,0,,,,,,,road
,2025-07-02 20:30:31.820553726,Восточно-Сибирская,,,2025,2024,182 days 19:50:31.899561300,263270.53165935504,27.73362797102891,0.5225225225225225,Лето,3,7,0.0034152430106209,0.0034152430106209,0.0102457290318627,147.5384980588249,0,0,,,,,,,road
,2025-07-03 03:49:44.585143284,Восточно-Сибирская,,,2025,2024,183 days 03:09:44.664150858,263709.7444025143,439.2127431592671,0.5233415233415234,Лето,3,7,0.0034152430106209,0.0034152430106209,0.0102457290318627,147.5384980588249,0,0,,,,,,,road
,2025-07-03 07:52:17.461312008,Восточно-Сибирская,,,2025,2024,183 days 07:12:17.540319582,263952.2923386597,242.54793614539085,0.5241605241605242,Лето,3,7,0.0034152430106209,0.0034152430106209,0.0102457290318627,147.5384980588249,0,0,,,,,,,road
,2025-07-03 13:16:06.684265416,Восточно-Сибирская,,,2025,2024,183 days 12:36:06.763272990,264276.1127212165,323.8203825568198,0.5249795249795249,Лето,3,7,0.0034152430106209,0.0034152430106209,0.0102457290318627,147.5384980588249,0,0,,,,,,,road
,2025-07-03 14:47:49.098403308,Восточно-Сибирская,,,2025,2024,183 days 14:07:49.177410882,264367.8196235147,91.7069022982032,0.5257985257985258,Лето,3,7,0.004327156781712336,0.0034152430106209,0.0102457290318627,147.5384980588249,0,1,,,,,,,road
,2025-07-03 16:18:23.303646432,Восточно-Сибирская,,,2025,2024,183 days 15:38:23.382654006,264458.3897109001,90.57008738536388,0.5266175266175266,Лето,3,7,0.005814215678792838,0.0034152430106209,0.0102457290318627,147.5384980588249,0,1,,,,,,,road
,2025-07-03 17:02:26.931968376,Восточно-Сибирская,,,2025,2024,183 days 16:22:27.010975950,264502.4501829325,44.060472032404505,0.5274365274365275,Лето,3,7,0.005966344681325898,0.0034152430106209,0.0102457290318627,147.5384980588249,0,1,,,,,,,road
,2025-07-04 03:39:45.505377168,Восточно-Сибирская,,,2025,2024,184 days 02:59:45.584384742,265139.7597397457,637.3095568132121,0.5282555282555282,Лето,3,7,0.006084361065190221,0.0034152430106209,0.0102457290318627,147.5384980588249,0,1,,,,,,,road
,2025-07-04 05:27:23.482983834,Восточно-Сибирская,,,2025,2024,184 days 04:47:23.561991408,265247.39269985683,107.63296011113562,0.5290745290745291,Лето,3,7,0.006384392083558182,0.0034152430106209,0.0102457290318627,147.5384980588249,0,1,,,,,,,road
,2025-07-04 18:59:07.595095770,Восточно-Сибирская,,,2025,2024,184 days 18:19:07.674103344,266059.1279017224,811.7352018655511,0.5298935298935299,Лето,3,7,0.006825966319087178,0.0034152430106209,0.0102457290318627,147.5384980588249,0,1,,,,,,,road
,2025-07-04 20:35:23.041327656,Восточно-Сибирская,,,2025,2024,184 days 19:55:23.120335230,266155.3853389205,96.25743719813181,0.5307125307125307,Лето,3,7,0.006990888288941446,0.0034152430106209,0.0102457290318627,147.5384980588249,0,1,,,,,,,road
,2025-07-04 21:09:38.396486364,Восточно-Сибирская,,,2025,2024,184 days 20:29:38.475493938,266189.6412582323,34.25591931177769,0.5315315315315315,Лето,3,7,0.007243785112293864,0.0034152430106209,0.0102457290318627,147.5384980588249,0,1,,,,,,,road
,2025-07-04 22:43:36.385588830,Восточно-Сибирская,,,2025,2024,184 days 22:03:36.464596404,266283.6077432734,93.96648504107725,0.5323505323505323,Лето,3,7,0.007536348373141521,0.0034152430106209,0.0102457290318627,147.5384980588249,0,1,,,,,,,road
,2025-07-04 22:48:33.342765558,Восточно-Сибирская,,,2025,2024,184 days 22:08:33.421773132,266288.5570295522,4.9492862788029015,0.5331695331695332,Лето,3,7,0.008162955541718721,0.0034152430106209,0.0102457290318627,147.5384980588249,0,1,,,,,,,road
,2025-07-05 03:35:33.231053459,Восточно-Сибирская,,,2025,2024,185 days 02:55:33.310061033,266575.55516768387,286.9981381316902,0.533988533988534,Лето,3,7,0.008193287213775144,0.0034152430106209,0.0102457290318627,147.5384980588249,0,1,,,,,,,road
,2025-07-05 06:45:36.767761296,Восточно-Сибирская,,,2025,2024,185 days 06:05:36.846768870,266765.6141128145,190.05894513061503,0.5348075348075348,Лето,3,7,0.008980248356762265,0.0034152430106209,0.0102457290318627,147.5384980588249,0,1,,,,,,,road
,2025-07-05 09:08:54.147003972,Восточно-Сибирская,,,2025,2024,185 days 08:28:54.226011546,266908.9037668591,143.28965404460905,0.5356265356265356,Лето,3,7,0.009030466028407043,0.0034152430106209,0.0102457290318627,147.5384980588249,0,1,,,,,,,road
,2025-07-05 10:51:45.028920540,Восточно-Сибирская,,,2025,2024,185 days 10:11:45.107928114,267011.7517988019,102.84803194279084,0.5364455364455365,Лето,3,7,0.00915101924054697,0.0034152430106209,0.0102457290318627,147.5384980588249,0,1,,,,,,,road
,2025-07-05 12:25:45.285798858,Восточно-Сибирская,,,2025,2024,185 days 11:45:45.364806432,267105.7560801072,94.00428130530054,0.5372645372645373,Лето,3,7,0.009224111410609739,0.0034152430106209,0.0102457290318627,147.5384980588249,0,1,,,,,,,road
,2025-07-05 22:42:31.483231151,Восточно-Сибирская,,,2025,2024,185 days 22:02:31.562238725,267722.52603731205,616.7699572048732,0.538083538083538,Лето,3,7,0.009278044793269824,0.0034152430106209,0.0102457290318627,147.5384980588249,0,1,,,,,,,road
,2025-07-05 23:14:18.970253856,Восточно-Сибирская,,,2025,2024,185 days 22:34:19.049261430,267754.3174876905,31.791450378426816,0.5389025389025389,Лето,3,7,0.0102457290318627,0.0034152430106209,0.0102457290318627,147.5384980588249,1,0,,,,,,,road
,2025-07-06 01:41:57.455891598,Восточно-Сибирская,,,2025,2024,186 days 01:01:57.534899172,267901.9589149862,147.64142729568994,0.5397215397215397,Лето,3,7,0.0102457290318627,0.0034152430106209,0.0102457290318627,147.5384980588249,1,0,,,,,,,road
,2025-07-06 03:06:57.244468656,Восточно-Сибирская,,,2025,2024,186 days 02:26:57.323476230,267986.9553912705,84.99647628434468,0.5405405405405406,Лето,3,7,0.0102457290318627,0.0034152430106209,0.0102457290318627,147.5384980588249,1,0,,,,,,,road
,2025-07-06 09:10:29.668590126,Восточно-Сибирская,,,2025,2024,186 days 08:30:29.747597700,268350.495793295,363.5404020244605,0.5413595413595413,Лето,3,7,0.0102457290318627,0.0034152430106209,0.0102457290318627,147.5384980588249,1,0,,,,,,,road
,2025-07-06 12:02:11.232301650,Восточно-Сибирская,,,2025,2024,186 days 11:22:11.311309224,268522.1885218204,171.6927285254351,0.5421785421785422,Лето,3,7,0.0102457290318627,0.0034152430106209,0.0102457290318627,147.5384980588249,1,0,,,,,,,road
,2025-07-06 22:38:28.157779362,Восточно-Сибирская,,,2025,2024,186 days 21:58:28.236786936,269158.4706131156,636.282091295172,0.542997542997543,Лето,3,7,0.0102457290318627,0.0034152430106209,0.0102457290318627,147.5384980588249,1,0,,,,,,,road
,2025-07-07 00:05:05.568679068,Восточно-Сибирская,,,2025,2024,186 days 23:25:05.647686642,269245.0941281107,86.62351499509532,0.5438165438165438,Лето,3,7,0.0102457290318627,0.0034152430106209,0.0102457290318627,147.5384980588249,1,0,,,,,,,road
,2025-07-07 00:27:25.676482674,Восточно-Сибирская,,,2025,2024,186 days 23:47:25.755490248,269267.42925817077,22.335130060091615,0.5446355446355446,Лето,3,7,0.0102457290318627,0.0034152430106209,0.0102457290318627,147.5384980588249,1,0,,,,,,,road
,2025-07-07 01:35:48.158049216,Восточно-Сибирская,,,2025,2024,187 days 00:55:48.237056790,269335.8039509465,68.37469277571654,0.5454545454545454,Лето,3,7,0.0102457290318627,0.0034152430106209,0.0102457290318627,147.5384980588249,1,0,,,,,,,road
,2025-07-07 03:36:59.753117874,Восточно-Сибирская,,,2025,2024,187 days 02:56:59.832125448,269456.9972020908,121.19325114431558,0.5462735462735463,Лето,3,7,0.0102457290318627,0.0034152430106209,0.0102457290318627,147.5384980588249,1,0,,,,,,,road
,2025-07-07 06:02:18.407556084,Восточно-Сибирская,,,2025,2024,187 days 05:22:18.486563658,269602.30810939433,145.31090730353026,0.5470925470925471,Лето,3,7,0.0102457290318627,0.0034152430106209,0.0102457290318627,147.5384980588249,1,0,,,,,,,road
,2025-07-07 06:02:21.394863888,Восточно-Сибирская,,,2025,2024,187 days 05:22:21.473871462,269602.3578978577,0.04978846339508891,0.547911547911548,Лето,3,7,0.0102457290318627,0.0034152430106209,0.0102457290318627,147.5384980588249,1,0,,,,,,,road
,2025-07-07 07:10:59.709373110,Восточно-Сибирская,,,2025,2024,187 days 06:30:59.788380684,269670.9964730114,68.63857515365817,0.5487305487305487,Лето,3,7,0.0102457290318627,0.0034152430106209,0.0102457290318627,147.5384980588249,1,0,,,,,,,road
,2025-07-07 07:37:10.233823812,Восточно-Сибирская,,,2025,2024,187 days 06:57:10.312831386,269697.1718805231,26.175407511706,0.5495495495495496,Лето,3,7,0.0102457290318627,0.0034152430106209,0.0102457290318627,147.5384980588249,1,0,,,,,,,road
,2025-07-07 11:00:03.519589332,Восточно-Сибирская,,,2025,2024,187 days 10:20:03.598596906,269900.0599766151,202.888096092036,0.5503685503685504,Лето,3,7,0.0102457290318627,0.0034152430106209,0.0102457290318627,147.5384980588249,1,0,,,,,,,road
,2025-07-07 11:16:15.297900516,Восточно-Сибирская,,,2025,2024,187 days 10:36:15.376908090,269916.2562818015,16.19630518637132,0.5511875511875511,Лето,3,7,0.0102457290318627,0.0034152430106209,0.0102457290318627,147.5384980588249,1,0,,,,,,,road
,2025-07-07 13:03:25.184342760,Восточно-Сибирская,,,2025,2024,187 days 12:23:25.263350334,270023.4210558389,107.16477403737372,0.552006552006552,Лето,3,7,0.0102457290318627,0.0034152430106209,0.0102457290318627,147.5384980588249,1,0,,,,,,,road
,2025-07-07 13:33:36.657089844,Восточно-Сибирская,,,2025,2024,187 days 12:53:36.736097418,270053.6122682903,30.191212451434694,0.5528255528255528,Лето,3,7,0.0102457290318627,0.0034152430106209,0.0102457290318627,147.5384980588249,1,0,,,,,,,road
,2025-07-07 14:16:38.603635608,Восточно-Сибирская,,,2025,2024,187 days 13:36:38.682643182,270096.6447107197,43.032442429393996,0.5536445536445537,Лето,3,7,0.0102457290318627,0.0034152430106209,0.0102457290318627,147.5384980588249,1,0,,,,,,,road
,2025-07-07 18:52:09.055103190,Восточно-Сибирская,,,2025,2024,187 days 18:12:09.134110764,270372.1522351794,275.507524459681,0.5544635544635544,Лето,3,7,0.0102457290318627,0.0034152430106209,0.0102457290318627,147.5384980588249,1,0,,,,,,,road
,2025-07-07 19:18:59.638346880,Восточно-Сибирская,,,2025,2024,187 days 18:38:59.717354454,270398.9952892409,26.843054061522707,0.5552825552825553,Лето,3,7,0.0102457290318627,0.0034152430106209,0.0102457290318627,147.5384980588249,1,0,,,,,,,road
,2025-07-07 19:28:44.213949348,Восточно-Сибирская,,,2025,2024,187 days 18:48:44.292956922,270408.7382159487,9.742926707782317,0.5561015561015561,Лето,3,7,0.0102457290318627,0.0034152430106209,0.0102457290318627,147.5384980588249,1,0,,,,,,,road
,2025-07-07 19:35:44.693926338,Восточно-Сибирская,,,2025,2024,187 days 18:55:44.772933912,270415.7462155652,7.007999616500456,0.556920556920557,Лето,3,7,0.0102457290318627,0.0034152430106209,0.0102457290318627,147.5384980588249,1,0,,,,,,,road
,2025-07-07 20:44:18.136284696,Восточно-Сибирская,,,2025,2024,187 days 20:04:18.215292270,270484.3035882045,68.55737263930496,0.5577395577395577,Лето,3,7,0.0102457290318627,0.0034152430106209,0.0102457290318627,147.5384980588249,1,0,,,,,,,road
,2025-07-07 22:24:28.933750986,Восточно-Сибирская,,,2025,2024,187 days 21:44:29.012758560,270584.483545976,100.17995777149918,0.5585585585585585,Лето,3,7,0.0102457290318627,0.0034152430106209,0.0102457290318627,147.5384980588249,1,0,,,,,,,road
,2025-07-07 23:03:10.562774940,Восточно-Сибирская,,,2025,2024,187 days 22:23:10.641782514,270623.1773630419,38.6938170659123,0.5593775593775594,Лето,3,7,0.0102457290318627,0.0034152430106209,0.0102457290318627,147.5384980588249,1,0,,,,,,,road
,2025-07-08 00:57:34.034603010,Восточно-Сибирская,,,2025,2024,188 days 00:17:34.113610584,270737.5685601764,114.39119713450782,0.5601965601965602,Лето,3,7,0.0102457290318627,0.0034152430106209,0.0102457290318627,147.5384980588249,1,0,,,,,,,road
,2025-07-08 01:03:42.826570350,Восточно-Сибирская,,,2025,2024,188 days 00:23:42.905577924,270743.7150929654,6.146532788989134,0.561015561015561,Лето,3,7,0.0102457290318627,0.0034152430106209,0.0102457290318627,147.5384980588249,1,0,,,,,,,road
,2025-07-08 04:13:46.135555626,Восточно-Сибирская,,,2025,2024,188 days 03:33:46.214563200,270933.77024272,190.05514975462575,0.5618345618345618,Лето,3,7,0.0102457290318627,0.0034152430106209,0.0102457290318627,147.5384980588249,1,0,,,,,,,road
,2025-07-08 06:59:17.533929996,Восточно-Сибирская,,,2025,2024,188 days 06:19:17.612937570,271099.2935489595,165.52330623945454,0.5626535626535627,Лето,3,7,0.0102457290318627,0.0034152430106209,0.0102457290318627,147.5384980588249,1,0,,,,,,,road
,2025-07-08 13:52:28.446342810,Восточно-Сибирская,,,2025,2024,188 days 13:12:28.525350384,271512.4754225064,413.18187354691327,0.5634725634725635,Лето,3,7,0.0102457290318627,0.0034152430106209,0.0102457290318627,147.5384980588249,1,0,,,,,,,road
,2025-07-08 18:21:32.502897414,Восточно-Сибирская,,,2025,2024,188 days 17:41:32.581904988,271781.54303174984,269.06760924344417,0.5642915642915642,Лето,3,7,0.0102457290318627,0.0034152430106209,0.0102457290318627,147.5384980588249,1,0,,,,,,,road
,2025-07-08 19:04:31.310634006,Восточно-Сибирская,,,2025,2024,188 days 18:24:31.389641580,271824.523160693,42.980128943163436,0.5651105651105651,Лето,3,7,0.0102457290318627,0.0034152430106209,0.0102457290318627,147.5384980588249,1,0,,,,,,,road
,2025-07-08 19:54:15.687778169,Восточно-Сибирская,,,2025,2024,188 days 19:14:15.766785743,271874.2627797624,49.73961906938348,0.5659295659295659,Лето,3,7,0.0102457290318627,0.0034152430106209,0.0102457290318627,147.5384980588249,1,0,,,,,,,road
,2025-07-08 22:08:00.198019596,Восточно-Сибирская,,,2025,2024,188 days 21:28:00.277027170,272008.0046171195,133.74183735711267,0.5667485667485668,Лето,3,7,0.0102457290318627,0.0034152430106209,0.0102457290318627,147.5384980588249,1,0,,,,,,,road
,2025-07-08 22:22:03.276852726,Восточно-Сибирская,,,2025,2024,188 days 21:42:03.355860300,272022.055931005,14.051313885487616,0.5675675675675675,Лето,3,7,0.0102457290318627,0.0034152430106209,0.0102457290318627,147.5384980588249,1,0,,,,,,,road
,2025-07-08 22:58:50.435135868,Восточно-Сибирская,,,2025,2024,188 days 22:18:50.514143442,272058.8419023907,36.78597138571786,0.5683865683865684,Лето,3,7,0.0102457290318627,0.0034152430106209,0.0102457290318627,147.5384980588249,1,0,,,,,,,road
,2025-07-08 23:11:09.338446476,Восточно-Сибирская,,,2025,2024,188 days 22:31:09.417454050,272071.1569575675,12.315055176790338,0.5692055692055692,Лето,3,7,0.0102457290318627,0.0034152430106209,0.0102457290318627,147.5384980588249,1,0,,,,,,,road
,2025-07-09 00:10:22.591634076,Восточно-Сибирская,,,2025,2024,188 days 23:30:22.670641650,272130.3778440275,59.22088645998156,0.5700245700245701,Лето,3,7,0.0102457290318627,0.0034152430106209,0.0102457290318627,147.5384980588249,1,0,,,,,,,road
,2025-07-09 01:28:44.872540188,Восточно-Сибирская,,,2025,2024,189 days 00:48:44.951547762,272208.7491924627,78.37134843523381,0.5708435708435708,Лето,3,7,0.0102457290318627,0.0034152430106209,0.0102457290318627,147.5384980588249,1,0,,,,,,,road
,2025-07-09 01:51:53.894416914,Восточно-Сибирская,,,2025,2024,189 days 01:11:53.973424488,272231.8995570748,23.150364612112753,0.5716625716625716,Лето,3,7,0.0102457290318627,0.0034152430106209,0.0102457290318627,147.5384980588249,1,0,,,,,,,road
,2025-07-09 01:54:31.966535633,Восточно-Сибирская,,,2025,2024,189 days 01:14:32.045543207,272234.53409238684,2.6345353120123036,0.5724815724815725,Лето,3,7,0.0102457290318627,0.0034152430106209,0.0102457290318627,147.5384980588249,1,0,,,,,,,road
,2025-07-09 03:58:33.122045220,Восточно-Сибирская,,,2025,2024,189 days 03:18:33.201052794,272358.5533508799,124.01925849309191,0.5733005733005733,Лето,3,7,0.0102457290318627,0.0034152430106209,0.0102457290318627,147.5384980588249,1,0,,,,,,,road
,2025-07-09 04:00:31.461953045,Восточно-Сибирская,,,2025,2024,189 days 03:20:31.540960619,272360.525682677,1.9723317970638163,0.5741195741195741,Лето,3,7,0.0102457290318627,0.0034152430106209,0.0102457290318627,147.5384980588249,1,0,,,,,,,road
,2025-07-09 09:54:31.192986756,Восточно-Сибирская,,,2025,2024,189 days 09:14:31.271994330,272714.5211999055,353.9955172284972,0.5749385749385749,Лето,3,7,0.0102457290318627,0.0034152430106209,0.0102457290318627,147.5384980588249,1,0,,,,,,,road
,2025-07-09 10:18:58.286660700,Восточно-Сибирская,,,2025,2024,189 days 09:38:58.365668274,272738.97276113793,24.451561232446693,0.5757575757575758,Лето,3,7,0.0102457290318627,0.0034152430106209,0.0102457290318627,147.5384980588249,1,0,,,,,,,road
,2025-07-09 12:05:23.465196660,Восточно-Сибирская,,,2025,2024,189 days 11:25:23.544204234,272845.3924034039,106.41964226594428,0.5765765765765766,Лето,3,7,0.0102457290318627,0.0034152430106209,0.0102457290318627,147.5384980588249,1,0,,,,,,,road
,2025-07-09 13:01:04.312216890,Восточно-Сибирская,,,2025,2024,189 days 12:21:04.391224464,272901.0731870744,55.68078367051203,0.5773955773955773,Лето,3,7,0.0102457290318627,0.0034152430106209,0.0102457290318627,147.5384980588249,1,0,,,,,,,road
,2025-07-09 13:07:04.629222822,Восточно-Сибирская,,,2025,2024,189 days 12:27:04.708230396,272907.0784705066,6.005283432197757,0.5782145782145782,Лето,3,7,0.0102457290318627,0.0034152430106209,0.0102457290318627,147.5384980588249,1,0,,,,,,,road
,2025-07-09 14:09:26.716058820,Восточно-Сибирская,,,2025,2024,189 days 13:29:26.795066394,272969.4465844399,62.36811393330572,0.579033579033579,Лето,3,7,0.0102457290318627,0.0034152430106209,0.0102457290318627,147.5384980588249,1,0,,,,,,,road
,2025-07-09 15:20:25.523790288,Восточно-Сибирская,,,2025,2024,189 days 14:40:25.602797862,273040.4267132977,70.980128857831,0.5798525798525799,Лето,3,7,0.0102457290318627,0.0034152430106209,0.0102457290318627,147.5384980588249,1,0,,,,,,,road
,2025-07-09 18:28:40.996129638,Восточно-Сибирская,,,2025,2024,189 days 17:48:41.075137212,273228.68458562024,188.25787232251605,0.5806715806715806,Лето,3,7,0.0102457290318627,0.0034152430106209,0.0102457290318627,147.5384980588249,1,0,,,,,,,road
,2025-07-09 20:37:19.753723446,Восточно-Сибирская,,,2025,2024,189 days 19:57:19.832731020,273357.330545517,128.64595989673398,0.5814905814905815,Лето,3,7,0.0102457290318627,0.0034152430106209,0.0102457290318627,147.5384980588249,1,0,,,,,,,road
,2025-07-09 20:45:23.606359050,Восточно-Сибирская,,,2025,2024,189 days 20:05:23.685366624,273365.3947561104,8.06421059340937,0.5823095823095823,Лето,3,7,0.0102457290318627,0.0034152430106209,0.0102457290318627,147.5384980588249,1,0,,,,,,,road
,2025-07-09 21:08:17.816040138,Восточно-Сибирская,,,2025,2024,189 days 20:28:17.895047712,273388.29825079517,22.903494684782345,0.5831285831285832,Лето,3,7,0.0102457290318627,0.0034152430106209,0.0102457290318627,147.5384980588249,1,0,,,,,,,road
,2025-07-09 21:44:46.844484216,Восточно-Сибирская,,,2025,2024,189 days 21:04:46.923491790,273424.7820581965,36.48380740132416,0.583947583947584,Лето,3,7,0.0102457290318627,0.0034152430106209,0.0102457290318627,147.5384980588249,1,0,,,,,,,road
,2025-07-09 21:56:51.592363776,Восточно-Сибирская,,,2025,2024,189 days 21:16:51.671371350,273436.8611895225,12.079131325997878,0.5847665847665847,Лето,3,7,0.0102457290318627,0.0034152430106209,0.0102457290318627,147.5384980588249,1,0,,,,,,,road
,2025-07-09 22:56:26.506953084,Восточно-Сибирская,,,2025,2024,189 days 22:16:26.585960658,273496.4430993443,59.581909821834415,0.5855855855855856,Лето,3,7,0.0102457290318627,0.0034152430106209,0.0102457290318627,147.5384980588249,1,0,,,,,,,road
,2025-07-10 05:41:56.723751018,Восточно-Сибирская,,,2025,2024,190 days 05:01:56.802758592,273901.9467126432,405.5036132988753,0.5864045864045864,Лето,3,7,0.0102457290318627,0.0034152430106209,0.0102457290318627,147.5384980588249,1,0,,,,,,,road
,2025-07-10 06:52:29.560686726,Восточно-Сибирская,,,2025,2024,190 days 06:12:29.639694300,273972.493994905,70.54728226177394,0.5872235872235873,Лето,3,7,0.0102457290318627,0.0034152430106209,0.0102457290318627,147.5384980588249,1,0,,,,,,,road
,2025-07-10 09:04:40.703988588,Восточно-Сибирская,,,2025,2024,190 days 08:24:40.782996162,274104.6797166027,132.18572169775143,0.588042588042588,Лето,3,7,0.0102457290318627,0.0034152430106209,0.0102457290318627,147.5384980588249,1,0,,,,,,,road
,2025-07-10 10:56:47.354472978,Восточно-Сибирская,,,2025,2024,190 days 10:16:47.433480552,274216.7905580092,112.11084140645107,0.5888615888615889,Лето,3,7,0.0102457290318627,0.0034152430106209,0.0102457290318627,147.5384980588249,1,0,,,,,,,road
,2025-07-10 14:01:53.619652386,Восточно-Сибирская,,,2025,2024,190 days 13:21:53.698659960,274401.89497766603,185.1044196568546,0.5896805896805897,Лето,3,7,0.0102457290318627,0.0034152430106209,0.0102457290318627,147.5384980588249,1,0,,,,,,,road
,2025-07-10 14:25:36.614322600,Восточно-Сибирская,,,2025,2024,190 days 13:45:36.693330174,274425.6115555029,23.71657783689443,0.5904995904995906,Лето,3,7,0.0102457290318627,0.0034152430106209,0.0102457290318627,147.5384980588249,1,0,,,,,,,road
,2025-07-10 16:42:25.211688528,Восточно-Сибирская,,,2025,2024,190 days 16:02:25.290696102,274562.4215116017,136.80995609879028,0.5913185913185913,Лето,3,7,0.0102457290318627,0.0034152430106209,0.0102457290318627,147.5384980588249,1,0,,,,,,,road
,2025-07-10 20:10:28.197271278,Восточно-Сибирская,,,2025,2024,190 days 19:30:28.276278852,274770.4712713142,208.04975971247768,0.5921375921375921,Лето,3,7,0.0102457290318627,0.0034152430106209,0.0102457290318627,147.5384980588249,1,0,,,,,,,road
,2025-07-10 20:28:50.023981374,Восточно-Сибирская,,,2025,2024,190 days 19:48:50.102988948,274788.83504981577,18.363778501574416,0.592956592956593,Лето,3,7,0.0102457290318627,0.0034152430106209,0.0102457290318627,147.5384980588249,1,0,,,,,,,road
,2025-07-10 21:10:23.991847764,Восточно-Сибирская,,,2025,2024,190 days 20:30:24.070855338,274830.4011809223,41.566131106519606,0.5937755937755937,Лето,3,7,0.0102457290318627,0.0034152430106209,0.0102457290318627,147.5384980588249,1,0,,,,,,,road
,2025-07-11 02:52:58.639333494,Восточно-Сибирская,,,2025,2024,191 days 02:12:58.718341068,275172.9786390178,342.57745809550397,0.5945945945945946,Лето,3,7,0.0102457290318627,0.0034152430106209,0.0102457290318627,147.5384980588249,1,0,,,,,,,road
,2025-07-11 05:21:06.529732818,Восточно-Сибирская,,,2025,2024,191 days 04:41:06.608740392,275321.1101456732,148.13150665542344,0.5954135954135954,Лето,3,7,0.0102457290318627,0.0034152430106209,0.0102457290318627,147.5384980588249,1,0,,,,,,,road
,2025-07-11 05:53:31.392421656,Восточно-Сибирская,,,2025,2024,191 days 05:13:31.471429230,275353.5245238205,32.41437814728124,0.5962325962325963,Лето,3,7,0.0102457290318627,0.0034152430106209,0.0102457290318627,147.5384980588249,1,0,,,,,,,road
,2025-07-11 07:14:31.834188810,Восточно-Сибирская,,,2025,2024,191 days 06:34:31.913196384,275434.5318866064,81.00736278592376,0.597051597051597,Лето,3,7,0.0102457290318627,0.0034152430106209,0.0102457290318627,147.5384980588249,1,0,,,,,,,road
,2025-07-11 08:05:05.656063596,Восточно-Сибирская,,,2025,2024,191 days 07:25:05.735071170,275485.0955845195,50.56369791307952,0.5978705978705978,Лето,3,7,0.0102457290318627,0.0034152430106209,0.0102457290318627,147.5384980588249,1,0,,,,,,,road
,2025-07-11 09:10:48.428345334,Восточно-Сибирская,,,2025,2024,191 days 08:30:48.507352908,275550.8084558818,65.71287136228057,0.5986895986895987,Лето,3,7,0.0102457290318627,0.0034152430106209,0.0102457290318627,147.5384980588249,1,0,,,,,,,road
,2025-07-11 09:53:37.865747550,Восточно-Сибирская,,,2025,2024,191 days 09:13:37.944755124,275593.6324125854,42.82395670359256,0.5995085995085995,Лето,3,7,0.0102457290318627,0.0034152430106209,0.0102457290318627,147.5384980588249,1,0,,,,,,,road
,2025-07-11 10:25:36.179357490,Восточно-Сибирская,,,2025,2024,191 days 09:45:36.258365064,275625.6043060844,31.97189349902328,0.6003276003276004,Лето,3,7,0.0102457290318627,0.0034152430106209,0.0102457290318627,147.5384980588249,1,0,,,,,,,road
,2025-07-11 12:15:13.756738746,Восточно-Сибирская,,,2025,2024,191 days 11:35:13.835746320,275735.230595772,109.62628968758509,0.6011466011466011,Лето,3,7,0.0102457290318627,0.0034152430106209,0.0102457290318627,147.5384980588249,1,0,,,,,,,road
,2025-07-11 14:42:21.951300936,Восточно-Сибирская,,,2025,2024,191 days 14:02:22.030308510,275882.3671718085,147.13657603651518,0.601965601965602,Лето,3,7,0.0102457290318627,0.0034152430106209,0.0102457290318627,147.5384980588249,1,0,,,,,,,road
,2025-07-11 18:04:30.711262212,Восточно-Сибирская,,,2025,2024,191 days 17:24:30.790269786,276084.5131711631,202.14599935460137,0.6027846027846028,Лето,3,7,0.0102457290318627,0.0034152430106209,0.0102457290318627,147.5384980588249,1,0,,,,,,,road
,2025-07-11 18:20:59.274718632,Восточно-Сибирская,,,2025,2024,191 days 17:40:59.353726206,276100.9892287701,16.476057606982067,0.6036036036036037,Лето,3,7,0.0102457290318627,0.0034152430106209,0.0102457290318627,147.5384980588249,1,0,,,,,,,road
,2025-07-11 21:09:54.949535244,Восточно-Сибирская,,,2025,2024,191 days 20:29:55.028542818,276269.9171423803,168.92791361024138,0.6044226044226044,Лето,3,7,0.0102457290318627,0.0034152430106209,0.0102457290318627,147.5384980588249,1,0,,,,,,,road
,2025-07-11 21:38:37.250090280,Восточно-Сибирская,,,2025,2024,191 days 20:58:37.329097854,276298.6221516309,28.705009250552393,0.6052416052416052,Лето,3,7,0.0102457290318627,0.0034152430106209,0.0102457290318627,147.5384980588249,1,0,,,,,,,road
,2025-07-11 22:33:01.772121840,Восточно-Сибирская,,,2025,2024,191 days 21:53:01.851129414,276353.0308521569,54.40870052605169,0.6060606060606061,Лето,3,7,0.0102457290318627,0.0034152430106209,0.0102457290318627,147.5384980588249,1,0,,,,,,,road
,2025-07-12 02:19:11.097465306,Восточно-Сибирская,,,2025,2024,192 days 01:39:11.176472880,276579.186274548,226.1554223910789,0.6068796068796068,Лето,3,7,0.0102457290318627,0.0034152430106209,0.0102457290318627,147.5384980588249,1,0,,,,,,,road
,2025-07-12 03:18:20.239198980,Восточно-Сибирская,,,2025,2024,192 days 02:38:20.318206554,276638.3386367759,59.15236222790554,0.6076986076986077,Лето,3,7,0.0102457290318627,0.0034152430106209,0.0102457290318627,147.5384980588249,1,0,,,,,,,road
,2025-07-12 03:39:45.533910576,Восточно-Сибирская,,,2025,2024,192 days 02:59:45.612918150,276659.7602153025,21.421578526613303,0.6085176085176085,Лето,3,7,0.0102457290318627,0.0034152430106209,0.0102457290318627,147.5384980588249,1,0,,,,,,,road
,2025-07-12 03:56:45.648942000,Восточно-Сибирская,,,2025,2024,192 days 03:16:45.727949574,276676.7621324929,17.00191719038412,0.6093366093366094,Лето,3,7,0.0102457290318627,0.0034152430106209,0.0102457290318627,147.5384980588249,1,0,,,,,,,road
,2025-07-12 04:59:16.620252720,Восточно-Сибирская,,,2025,2024,192 days 04:19:16.699260294,276739.2783210049,62.51618851197418,0.6101556101556102,Лето,3,7,0.0102457290318627,0.0034152430106209,0.0102457290318627,147.5384980588249,1,0,,,,,,,road
,2025-07-12 07:19:39.528434586,Восточно-Сибирская,,,2025,2024,192 days 06:39:39.607442160,276879.66012403596,140.38180303107947,0.6109746109746109,Лето,3,7,0.0102457290318627,0.0034152430106209,0.0102457290318627,147.5384980588249,1,0,,,,,,,road
,2025-07-12 16:53:33.240277601,Восточно-Сибирская,,,2025,2024,192 days 16:13:33.319285175,277453.5553214196,573.895197383652,0.6117936117936118,Лето,3,7,0.0102457290318627,0.0034152430106209,0.0102457290318627,147.5384980588249,1,0,,,,,,,road
,2025-07-12 19:24:40.726218510,Восточно-Сибирская,,,2025,2024,192 days 18:44:40.805226084,277604.6800871014,151.12476568180136,0.6126126126126126,Лето,3,7,0.0102457290318627,0.0034152430106209,0.0102457290318627,147.5384980588249,1,0,,,,,,,road
,2025-07-12 22:49:13.165684728,Восточно-Сибирская,,,2025,2024,192 days 22:09:13.244692302,277809.2207448717,204.5406577702961,0.6134316134316135,Лето,3,7,0.0102457290318627,0.0034152430106209,0.0102457290318627,147.5384980588249,1,0,,,,,,,road
,2025-07-13 01:03:40.885457358,Восточно-Сибирская,,,2025,2024,193 days 00:23:40.964464932,277943.6827410822,134.4619962105062,0.6142506142506142,Лето,3,7,0.0102457290318627,0.0034152430106209,0.0102457290318627,147.5384980588249,1,0,,,,,,,road
,2025-07-13 04:44:03.647925084,Восточно-Сибирская,,,2025,2024,193 days 04:04:03.726932658,278164.0621155443,220.37937446206342,0.6150696150696151,Лето,3,7,0.0102457290318627,0.0034152430106209,0.0102457290318627,147.5384980588249,1,0,,,,,,,road
,2025-07-13 04:51:48.393450576,Восточно-Сибирская,,,2025,2024,193 days 04:11:48.472458150,278171.8078743025,7.745758758217562,0.6158886158886159,Лето,3,7,0.0102457290318627,0.0034152430106209,0.0102457290318627,147.5384980588249,1,0,,,,,,,road
,2025-07-13 09:11:15.563039202,Восточно-Сибирская,,,2025,2024,193 days 08:31:15.642046776,278431.2607007796,259.45282647712156,0.6167076167076168,Лето,3,7,0.0102457290318627,0.0034152430106209,0.0102457290318627,147.5384980588249,1,0,,,,,,,road
,2025-07-13 10:00:32.036388887,Восточно-Сибирская,,,2025,2024,193 days 09:20:32.115396461,278480.5352566077,49.27455582807306,0.6175266175266175,Лето,3,7,0.0102457290318627,0.0034152430106209,0.0102457290318627,147.5384980588249,1,0,,,,,,,road
,2025-07-13 14:09:02.324058372,Восточно-Сибирская,,,2025,2024,193 days 13:29:02.403065946,278729.0400510991,248.50479449139675,0.6183456183456183,Лето,3,7,0.0102457290318627,0.0034152430106209,0.0102457290318627,147.5384980588249,1,0,,,,,,,road
,2025-07-13 14:16:43.515908784,Восточно-Сибирская,,,2025,2024,193 days 13:36:43.594916358,278736.7265819393,7.6865308402339,0.6191646191646192,Лето,3,7,0.0102457290318627,0.0034152430106209,0.0102457290318627,147.5384980588249,1,0,,,,,,,road
,2025-07-13 16:19:19.472363436,Восточно-Сибирская,,,2025,2024,193 days 15:39:19.551371010,278859.3258561835,122.59927424415946,0.61998361998362,Лето,3,7,0.0102457290318627,0.0034152430106209,0.0102457290318627,147.5384980588249,1,0,,,,,,,road
,2025-07-13 18:29:11.760548154,Восточно-Сибирская,,,2025,2024,193 days 17:49:11.839555728,278989.1973259288,129.87146974529605,0.6208026208026208,Лето,3,7,0.0102457290318627,0.0034152430106209,0.0102457290318627,147.5384980588249,1,0,,,,,,,road
,2025-07-14 03:53:19.261356450,Восточно-Сибирская,,,2025,2024,194 days 03:13:19.340364024,279553.3223394004,564.1250134716392,0.6216216216216216,Лето,3,7,0.0102457290318627,0.0034152430106209,0.0102457290318627,147.5384980588249,1,0,,,,,,,road
,2025-07-14 06:16:16.754824914,Восточно-Сибирская,,,2025,2024,194 days 05:36:16.833832488,279696.2805638748,142.95822447439423,0.6224406224406225,Лето,3,7,0.0102457290318627,0.0034152430106209,0.0102457290318627,147.5384980588249,1,0,,,,,,,road
,2025-07-14 07:03:20.539707858,Восточно-Сибирская,,,2025,2024,194 days 06:23:20.618715432,279743.3436452572,47.06308138236636,0.6232596232596233,Лето,3,7,0.0102457290318627,0.0034152430106209,0.0102457290318627,147.5384980588249,1,0,,,,,,,road
,2025-07-14 08:22:51.776943162,Восточно-Сибирская,,,2025,2024,194 days 07:42:51.855950736,279822.86426584556,79.52062058838783,0.6240786240786241,Лето,3,7,0.0102457290318627,0.0034152430106209,0.0102457290318627,147.5384980588249,1,0,,,,,,,road
,2025-07-14 09:07:25.529227014,Восточно-Сибирская,,,2025,2024,194 days 08:27:25.608234588,279867.4268039098,44.56253806425957,0.6248976248976249,Лето,3,7,0.0102457290318627,0.0034152430106209,0.0102457290318627,147.5384980588249,1,0,,,,,,,road
,2025-07-14 09:28:43.208151012,Восточно-Сибирская,,,2025,2024,194 days 08:48:43.287158586,279888.7214526431,21.294648733281065,0.6257166257166257,Лето,3,7,0.0102457290318627,0.0034152430106209,0.0102457290318627,147.5384980588249,1,0,,,,,,,road
,2025-07-14 09:56:36.220384974,Восточно-Сибирская,,,2025,2024,194 days 09:16:36.299392548,279916.6049898758,27.8835372327012,0.6265356265356266,Лето,3,7,0.0102457290318627,0.0034152430106209,0.0102457290318627,147.5384980588249,1,0,,,,,,,road
,2025-07-14 10:21:06.348831546,Восточно-Сибирская,,,2025,2024,194 days 09:41:06.427839120,279941.107130652,24.50214077619603,0.6273546273546273,Лето,3,7,0.0102457290318627,0.0034152430106209,0.0102457290318627,147.5384980588249,1,0,,,,,,,road
,2025-07-14 11:38:47.092171482,Восточно-Сибирская,,,2025,2024,194 days 10:58:47.171179056,280018.7861863176,77.67905566561967,0.6281736281736282,Лето,3,7,0.0102457290318627,0.0034152430106209,0.0102457290318627,147.5384980588249,1,0,,,,,,,road
,2025-07-14 15:29:43.622023974,Восточно-Сибирская,,,2025,2024,194 days 14:49:43.701031548,280249.7283505258,230.94216420815792,0.628992628992629,Лето,3,7,0.0102457290318627,0.0034152430106209,0.0102457290318627,147.5384980588249,1,0,,,,,,,road
,2025-07-15 03:23:47.598578934,Восточно-Сибирская,,,2025,2024,195 days 02:43:47.677586508,280963.7946264418,714.0662759160041,0.6298116298116299,Лето,3,7,0.0034152430106209,0.0034152430106209,0.0102457290318627,147.5384980588249,0,0,,,,,,,road
,2025-07-15 03:40:17.052243204,Восточно-Сибирская,,,2025,2024,195 days 03:00:17.131250778,280980.28552084626,16.490894404472783,0.6306306306306306,Лето,3,7,0.0034152430106209,0.0034152430106209,0.0102457290318627,147.5384980588249,0,0,,,,,,,road
,2025-07-15 04:04:40.004095236,Восточно-Сибирская,,,2025,2024,195 days 03:24:40.083102810,281004.6680517135,24.38253086723853,0.6314496314496314,Лето,3,7,0.0034152430106209,0.0034152430106209,0.0102457290318627,147.5384980588249,0,0,,,,,,,road
,2025-07-15 05:27:00.125186105,Восточно-Сибирская,,,2025,2024,195 days 04:47:00.204193679,281087.003403228,82.3353515145136,0.6322686322686323,Лето,3,7,0.0034152430106209,0.0034152430106209,0.0102457290318627,147.5384980588249,0,0,,,,,,,road
,2025-07-15 06:53:13.125142656,Восточно-Сибирская,,,2025,2024,195 days 06:13:13.204150230,281173.2200691705,86.21666594251292,0.633087633087633,Лето,3,7,0.0034152430106209,0.0034152430106209,0.0102457290318627,147.5384980588249,0,0,,,,,,,road
,2025-07-15 07:22:24.647084208,Восточно-Сибирская,,,2025,2024,195 days 06:42:24.726091782,281202.4121015297,29.192032359191217,0.6339066339066339,Лето,3,7,0.0034152430106209,0.0034152430106209,0.0102457290318627,147.5384980588249,0,0,,,,,,,road
,2025-07-15 09:46:24.390290202,Восточно-Сибирская,,,2025,2024,195 days 09:06:24.469297776,281346.4078216296,143.9957200998906,0.6347256347256347,Лето,3,7,0.0034152430106209,0.0034152430106209,0.0102457290318627,147.5384980588249,0,0,,,,,,,road
,2025-07-15 14:05:51.053505276,Восточно-Сибирская,,,2025,2024,195 days 13:25:51.132512850,281605.85220854747,259.4443869178649,0.6355446355446356,Лето,3,7,0.0034152430106209,0.0034152430106209,0.0102457290318627,147.5384980588249,0,0,,,,,,,road
,2025-07-15 18:18:34.854109056,Восточно-Сибирская,,,2025,2024,195 days 17:38:34.933116630,281858.5822186105,252.7300100630382,0.6363636363636364,Лето,3,7,0.0034152430106209,0.0034152430106209,0.0102457290318627,147.5384980588249,0,0,,,,,,,road
,2025-07-15 22:08:08.618661234,Восточно-Сибирская,,,2025,2024,195 days 21:28:08.697668808,282088.1449611468,229.56274253630545,0.6371826371826372,Лето,3,7,0.0034152430106209,0.0034152430106209,0.0102457290318627,147.5384980588249,0,0,,,,,,,road
,2025-07-16 00:09:13.200938214,Восточно-Сибирская,,,2025,2024,195 days 23:29:13.279945788,282209.2213324298,121.07637128297938,0.638001638001638,Лето,3,7,0.0034152430106209,0.0034152430106209,0.0102457290318627,147.5384980588249,0,0,,,,,,,road
,2025-07-16 06:08:07.129744512,Восточно-Сибирская,,,2025,2024,196 days 05:28:07.208752086,282568.1201458681,358.89881343831075,0.6388206388206388,Лето,3,7,0.0034152430106209,0.0034152430106209,0.0102457290318627,147.5384980588249,0,0,,,,,,,road
,2025-07-16 14:40:57.738791856,Восточно-Сибирская,,,2025,2024,196 days 14:00:57.817799430,283080.9636299905,512.8434841224225,0.6396396396396397,Лето,3,7,0.0034152430106209,0.0034152430106209,0.0102457290318627,147.5384980588249,0,0,,,,,,,road
,2025-07-16 16:45:25.448384376,Восточно-Сибирская,,,2025,2024,196 days 16:05:25.527391950,283205.4254565325,124.46182654198492,0.6404586404586404,Лето,3,7,0.0034152430106209,0.0034152430106209,0.0102457290318627,147.5384980588249,0,0,,,,,,,road
,2025-07-16 17:11:36.343517616,Восточно-Сибирская,,,2025,2024,196 days 16:31:36.422525190,283231.6070420865,26.18158555397531,0.6412776412776413,Лето,3,7,0.0034152430106209,0.0034152430106209,0.0102457290318627,147.5384980588249,0,0,,,,,,,road
,2025-07-16 18:54:30.653312748,Восточно-Сибирская,,,2025,2024,196 days 18:14:30.732320322,283334.51220533875,102.90516325226054,0.6420966420966421,Лето,3,7,0.0034152430106209,0.0034152430106209,0.0102457290318627,147.5384980588249,0,0,,,,,,,road
,2025-07-16 19:37:46.682760612,Восточно-Сибирская,,,2025,2024,196 days 18:57:46.761768186,283377.7793628031,43.26715746434638,0.642915642915643,Лето,3,7,0.0034152430106209,0.0034152430106209,0.0102457290318627,147.5384980588249,0,0,,,,,,,road
,2025-07-16 22:42:13.077397434,Восточно-Сибирская,,,2025,2024,196 days 22:02:13.156405008,283562.21927341685,184.4399106137571,0.6437346437346437,Лето,3,7,0.0034152430106209,0.0034152430106209,0.0102457290318627,147.5384980588249,0,0,,,,,,,road
,2025-07-16 23:31:51.359502870,Восточно-Сибирская,,,2025,2024,196 days 22:51:51.438510444,283611.8573085074,49.63803509052377,0.6445536445536445,Лето,3,7,0.0034152430106209,0.0034152430106209,0.0102457290318627,147.5384980588249,0,0,,,,,,,road
,2025-07-17 02:33:49.495619718,Восточно-Сибирская,,,2025,2024,197 days 01:53:49.574627292,283793.8262437882,181.96893528080545,0.6453726453726454,Лето,3,7,0.0034152430106209,0.0034152430106209,0.0102457290318627,147.5384980588249,0,0,,,,,,,road
,2025-07-17 03:46:57.141451248,Восточно-Сибирская,,,2025,2024,197 days 03:06:57.220458822,283866.95367431367,73.12743052549195,0.6461916461916462,Лето,3,7,0.0034152430106209,0.0034152430106209,0.0102457290318627,147.5384980588249,0,0,,,,,,,road
,2025-07-17 10:19:57.398854110,Восточно-Сибирская,,,2025,2024,197 days 09:39:57.477861684,284259.9579643614,393.00429004774196,0.647010647010647,Лето,3,7,0.0034152430106209,0.0034152430106209,0.0102457290318627,147.5384980588249,0,0,,,,,,,road
,2025-07-17 10:28:08.527181844,Восточно-Сибирская,,,2025,2024,197 days 09:48:08.606189418,284268.1434364903,8.185472128912807,0.6478296478296478,Лето,3,7,0.0034152430106209,0.0034152430106209,0.0102457290318627,147.5384980588249,0,0,,,,,,,road
,2025-07-17 14:25:03.229672974,Восточно-Сибирская,,,2025,2024,197 days 13:45:03.308680548,284505.05514467583,236.91170818550745,0.6486486486486487,Лето,3,7,0.0034152430106209,0.0034152430106209,0.0102457290318627,147.5384980588249,0,0,,,,,,,road
,2025-07-17 15:19:25.894695990,Восточно-Сибирская,,,2025,2024,197 days 14:39:25.973703564,284559.4328950594,54.377750383573584,0.6494676494676495,Лето,3,7,0.0034152430106209,0.0034152430106209,0.0102457290318627,147.5384980588249,0,0,,,,,,,road
,2025-07-17 15:19:43.328712072,Восточно-Сибирская,,,2025,2024,197 days 14:39:43.407719646,284559.7234619941,0.29056693468010053,0.6502866502866503,Лето,3,7,0.0034152430106209,0.0034152430106209,0.0102457290318627,147.5384980588249,0,0,,,,,,,road
,2025-07-18 01:15:18.762593268,Восточно-Сибирская,,,2025,2024,198 days 00:35:18.841600842,285155.3140266807,595.5905646866304,0.6511056511056511,Лето,3,7,0.0034152430106209,0.0034152430106209,0.0102457290318627,147.5384980588249,0,0,,,,,,,road
,2025-07-18 06:41:17.599803450,Восточно-Сибирская,,,2025,2024,198 days 06:01:17.678811024,285481.29464685044,325.9806201697211,0.6519246519246519,Лето,3,7,0.0034152430106209,0.0034152430106209,0.0102457290318627,147.5384980588249,0,0,,,,,,,road
,2025-07-18 07:11:47.980174980,Восточно-Сибирская,,,2025,2024,198 days 06:31:48.059182554,285511.8009863759,30.506339525454678,0.6527436527436528,Лето,3,7,0.0034152430106209,0.0034152430106209,0.0102457290318627,147.5384980588249,0,0,,,,,,,road
,2025-07-18 12:31:12.523116768,Восточно-Сибирская,,,2025,2024,198 days 11:51:12.602124342,285831.2100354057,319.4090490298113,0.6535626535626535,Лето,3,7,0.0034152430106209,0.0034152430106209,0.0102457290318627,147.5384980588249,0,0,,,,,,,road
,2025-07-18 17:08:09.345047268,Восточно-Сибирская,,,2025,2024,198 days 16:28:09.424054842,286108.15706758073,276.94703217502683,0.6543816543816544,Лето,3,7,0.0034152430106209,0.0034152430106209,0.0102457290318627,147.5384980588249,0,0,,,,,,,road
,2025-07-18 20:15:54.694829502,Восточно-Сибирская,,,2025,2024,198 days 19:35:54.773837076,286295.91289728455,187.75582970381947,0.6552006552006552,Лето,3,7,0.0034152430106209,0.0034152430106209,0.0102457290318627,147.5384980588249,0,0,,,,,,,road
,2025-07-18 22:55:02.165106306,Восточно-Сибирская,,,2025,2024,198 days 22:15:02.244113880,286455.037401898,159.12450461345725,0.6560196560196561,Лето,3,7,0.0034152430106209,0.0034152430106209,0.0102457290318627,147.5384980588249,0,0,,,,,,,road
,2025-07-19 09:33:38.355463626,Восточно-Сибирская,,,2025,2024,199 days 08:53:38.434471200,287093.64057452005,638.603172622039,0.6568386568386568,Лето,3,7,0.0034152430106209,0.0034152430106209,0.0102457290318627,147.5384980588249,0,0,,,,,,,road
,2025-07-19 10:55:59.150615076,Восточно-Сибирская,,,2025,2024,199 days 10:15:59.229622650,287175.9871603775,82.3465858574491,0.6576576576576577,Лето,3,7,0.0034152430106209,0.0034152430106209,0.0102457290318627,147.5384980588249,0,0,,,,,,,road
,2025-07-19 13:24:44.073549942,Восточно-Сибирская,,,2025,2024,199 days 12:44:44.152557516,287324.7358759586,148.74871558108134,0.6584766584766585,Лето,3,7,0.0034152430106209,0.0034152430106209,0.0102457290318627,147.5384980588249,0,0,,,,,,,road
,2025-07-19 15:21:36.602208606,Восточно-Сибирская,,,2025,2024,199 days 14:41:36.681216180,287441.611353603,116.87547764444025,0.6592956592956593,Лето,3,7,0.0034152430106209,0.0034152430106209,0.0102457290318627,147.5384980588249,0,0,,,,,,,road
,2025-07-19 22:33:28.284260586,Восточно-Сибирская,,,2025,2024,199 days 21:53:28.363268160,287873.472721136,431.8613675329834,0.6601146601146601,Лето,3,7,0.0034152430106209,0.0034152430106209,0.0102457290318627,147.5384980588249,0,0,,,,,,,road
,2025-07-20 10:40:21.460215756,Восточно-Сибирская,,,2025,2024,200 days 10:00:21.539223330,288600.3589870555,726.8862659194856,0.6609336609336609,Лето,3,7,0.0034152430106209,0.0034152430106209,0.0102457290318627,147.5384980588249,0,0,,,,,,,road
,2025-07-20 19:55:25.076302386,Восточно-Сибирская,,,2025,2024,200 days 19:15:25.155309960,289155.419255166,555.0602681105374,0.6617526617526618,Лето,3,7,0.0034152430106209,0.0034152430106209,0.0102457290318627,147.5384980588249,0,0,,,,,,,road
,2025-07-21 03:43:19.616675124,Восточно-Сибирская,,,2025,2024,201 days 03:03:19.695682698,289623.3282613783,467.9090062122559,0.6625716625716626,Лето,3,7,0.0034152430106209,0.0034152430106209,0.0102457290318627,147.5384980588249,0,0,,,,,,,road
,2025-07-22 00:50:13.716286368,Восточно-Сибирская,,,2025,2024,202 days 00:10:13.795293942,290890.2299215657,1266.9016601874027,0.6633906633906634,Лето,3,7,0.0034152430106209,0.0034152430106209,0.0102457290318627,147.5384980588249,0,0,,,,,,,road
,2025-07-22 06:39:59.039690592,Восточно-Сибирская,,,2025,2024,202 days 05:59:59.118698166,291239.98531163606,349.7553900703788,0.6642096642096642,Лето,3,7,0.0034152430106209,0.0034152430106209,0.0102457290318627,147.5384980588249,0,0,,,,,,,road
,2025-07-22 13:27:08.079097170,Восточно-Сибирская,,,2025,2024,202 days 12:47:08.158104744,291647.1359684124,407.1506567763281,0.665028665028665,Лето,3,7,0.0034152430106209,0.0034152430106209,0.0102457290318627,147.5384980588249,0,0,,,,,,,road
,2025-07-23 09:16:47.952518154,Восточно-Сибирская,,,2025,2024,203 days 08:36:48.031525728,292836.8005254288,1189.6645570163964,0.6658476658476659,Лето,3,7,0.0034152430106209,0.0034152430106209,0.0102457290318627,147.5384980588249,0,0,,,,,,,road
,2025-07-23 09:18:51.200007138,Восточно-Сибирская,,,2025,2024,203 days 08:38:51.279014712,292838.85465024516,2.054124816379044,0.6666666666666666,Лето,3,7,0.0034152430106209,0.0034152430106209,0.0102457290318627,147.5384980588249,0,0,,,,,,,road
,2025-07-23 14:13:11.802088686,Восточно-Сибирская,,,2025,2024,203 days 13:33:11.881096260,293133.19801827095,294.34336802578764,0.6674856674856675,Лето,3,7,0.0034152430106209,0.0034152430106209,0.0102457290318627,147.5384980588249,0,0,,,,,,,road
,2025-07-23 20:46:28.233741504,Восточно-Сибирская,,,2025,2024,203 days 20:06:28.312749078,293526.4718791513,393.27386088034837,0.6683046683046683,Лето,3,7,0.0034152430106209,0.0034152430106209,0.0102457290318627,147.5384980588249,0,0,,,,,,,road
,2025-07-24 08:58:10.160681196,Восточно-Сибирская,,,2025,2024,204 days 08:18:10.239688770,294258.17066147947,731.698782328167,0.6691236691236692,Лето,3,7,0.0034152430106209,0.0034152430106209,0.0102457290318627,147.5384980588249,0,0,,,,,,,road
,2025-07-24 19:28:31.606051127,Восточно-Сибирская,,,2025,2024,204 days 18:48:31.685058701,294888.5280843117,630.357422832225,0.6699426699426699,Лето,3,7,0.0034152430106209,0.0034152430106209,0.0102457290318627,147.5384980588249,0,0,,,,,,,road
,2025-07-25 04:28:43.555974912,Восточно-Сибирская,,,2025,2024,205 days 03:48:43.634982486,295428.7272497081,540.1991653963923,0.6707616707616708,Лето,3,7,0.0034152430106209,0.0034152430106209,0.0102457290318627,147.5384980588249,0,0,,,,,,,road
,2025-07-25 18:42:13.616403708,Восточно-Сибирская,,,2025,2024,205 days 18:02:13.695411282,296282.22825685475,853.5010071466677,0.6715806715806716,Лето,3,7,0.0034152430106209,0.0034152430106209,0.0102457290318627,147.5384980588249,0,0,,,,,,,road
,2025-07-25 22:27:56.094144024,Восточно-Сибирская,,,2025,2024,205 days 21:47:56.173151598,296507.9362191933,225.7079623385216,0.6723996723996724,Лето,3,7,0.0034152430106209,0.0034152430106209,0.0102457290318627,147.5384980588249,0,0,,,,,,,road
,2025-07-25 22:29:58.091034972,Восточно-Сибирская,,,2025,2024,205 days 21:49:58.170042546,296509.9695007091,2.0332815158180892,0.6732186732186732,Лето,3,7,0.0034152430106209,0.0034152430106209,0.0102457290318627,147.5384980588249,0,0,,,,,,,road
,2025-07-25 22:33:13.379380356,Восточно-Сибирская,,,2025,2024,205 days 21:53:13.458387930,296513.2243064655,3.2548057563835755,0.674037674037674,Лето,3,7,0.0034152430106209,0.0034152430106209,0.0102457290318627,147.5384980588249,0,0,,,,,,,road
,2025-07-26 02:23:33.740995248,Восточно-Сибирская,,,2025,2024,206 days 01:43:33.820002822,296743.56366671366,230.33936024818104,0.6748566748566749,Лето,3,7,0.0034152430106209,0.0034152430106209,0.0102457290318627,147.5384980588249,0,0,,,,,,,road
,2025-07-26 05:10:52.467391188,Восточно-Сибирская,,,2025,2024,206 days 04:30:52.546398762,296910.8757733127,167.31210659904173,0.6756756756756757,Лето,3,7,0.0034152430106209,0.0034152430106209,0.0102457290318627,147.5384980588249,0,0,,,,,,,road
,2025-07-26 08:06:35.259779292,Восточно-Сибирская,,,2025,2024,206 days 07:26:35.338786866,297086.5889797811,175.71320646838285,0.6764946764946765,Лето,3,7,0.0034152430106209,0.0034152430106209,0.0102457290318627,147.5384980588249,0,0,,,,,,,road
,2025-07-26 10:36:21.450427710,Восточно-Сибирская,,,2025,2024,206 days 09:56:21.529435284,297236.3588239214,149.7698441403336,0.6773136773136773,Лето,3,7,0.0034152430106209,0.0034152430106209,0.0102457290318627,147.5384980588249,0,0,,,,,,,road
,2025-07-26 22:47:41.744926584,Восточно-Сибирская,,,2025,2024,206 days 22:07:41.823934158,297967.6970655693,731.3382416478707,0.6781326781326781,Лето,3,7,0.0034152430106209,0.0034152430106209,0.0102457290318627,147.5384980588249,0,0,,,,,,,road
,2025-07-27 00:57:59.489335158,Восточно-Сибирская,,,2025,2024,207 days 00:17:59.568342732,298097.99280571216,130.2957401428721,0.678951678951679,Лето,3,7,0.0034152430106209,0.0034152430106209,0.0102457290318627,147.5384980588249,0,0,,,,,,,road
,2025-07-27 10:25:53.536792572,Восточно-Сибирская,,,2025,2024,207 days 09:45:53.615800146,298665.8935966691,567.9007909569191,0.6797706797706797,Лето,3,7,0.0034152430106209,0.0034152430106209,0.0102457290318627,147.5384980588249,0,0,,,,,,,road
,2025-07-27 21:48:36.678542742,Восточно-Сибирская,,,2025,2024,207 days 21:08:36.757550316,299348.6126258386,682.7190291695297,0.6805896805896806,Лето,3,7,0.0034152430106209,0.0034152430106209,0.0102457290318627,147.5384980588249,0,0,,,,,,,road
,2025-07-28 01:11:16.595969562,Восточно-Сибирская,,,2025,2024,208 days 00:31:16.674977136,299551.27791628556,202.66529044695199,0.6814086814086814,Лето,3,7,0.0034152430106209,0.0034152430106209,0.0102457290318627,147.5384980588249,0,0,,,,,,,road
,2025-07-28 04:04:42.038283276,Восточно-Сибирская,,,2025,2024,208 days 03:24:42.117290850,299724.7019548475,173.42403856193414,0.6822276822276823,Лето,3,7,0.0034152430106209,0.0034152430106209,0.0102457290318627,147.5384980588249,0,0,,,,,,,road
,2025-07-28 11:03:48.909585060,Восточно-Сибирская,,,2025,2024,208 days 10:23:48.988592634,300143.81647654396,419.1145216964651,0.683046683046683,Лето,3,7,0.0034152430106209,0.0034152430106209,0.0102457290318627,147.5384980588249,0,0,,,,,,,road
,2025-07-28 17:04:13.793689716,Восточно-Сибирская,,,2025,2024,208 days 16:24:13.872697290,300504.23121162143,360.41473507747287,0.6838656838656839,Лето,3,7,0.0034152430106209,0.0034152430106209,0.0102457290318627,147.5384980588249,0,0,,,,,,,road
,2025-07-28 19:00:51.132834798,Восточно-Сибирская,,,2025,2024,208 days 18:20:51.211842372,300620.8535307062,116.62231908476679,0.6846846846846847,Лето,3,7,0.0034152430106209,0.0034152430106209,0.0102457290318627,147.5384980588249,0,0,,,,,,,road
,2025-07-28 19:32:31.948359570,Восточно-Сибирская,,,2025,2024,208 days 18:52:32.027367144,300652.5337894524,31.680258746200707,0.6855036855036855,Лето,3,7,0.0034152430106209,0.0034152430106209,0.0102457290318627,147.5384980588249,0,0,,,,,,,road
,2025-07-28 21:02:37.431651300,Восточно-Сибирская,,,2025,2024,208 days 20:22:37.510658874,300742.62517764786,90.09138819546206,0.6863226863226863,Лето,3,7,0.0034152430106209,0.0034152430106209,0.0102457290318627,147.5384980588249,0,0,,,,,,,road
,2025-07-28 21:43:44.810227128,Восточно-Сибирская,,,2025,2024,208 days 21:03:44.889234702,300783.7481539117,41.12297626386862,0.6871416871416871,Лето,3,7,0.0034152430106209,0.0034152430106209,0.0102457290318627,147.5384980588249,0,0,,,,,,,road
,2025-07-28 23:25:59.269119210,Восточно-Сибирская,,,2025,2024,208 days 22:45:59.348126784,300885.9891354464,102.24098153464729,0.687960687960688,Лето,3,7,0.0034152430106209,0.0034152430106209,0.0102457290318627,147.5384980588249,0,0,,,,,,,road
,2025-07-29 00:54:52.471499358,Восточно-Сибирская,,,2025,2024,209 days 00:14:52.550506932,300974.8758417822,88.88670633581933,0.6887796887796888,Лето,3,7,0.0034152430106209,0.0034152430106209,0.0102457290318627,147.5384980588249,0,0,,,,,,,road
,2025-07-29 05:52:09.812092476,Восточно-Сибирская,,,2025,2024,209 days 05:12:09.891100050,301272.1648516675,297.2890098852804,0.6895986895986896,Лето,3,7,0.0034152430106209,0.0034152430106209,0.0102457290318627,147.5384980588249,0,0,,,,,,,road
,2025-07-29 20:56:55.067821284,Восточно-Сибирская,,,2025,2024,209 days 20:16:55.146828858,302176.91911381425,904.7542621467728,0.6904176904176904,Лето,3,7,0.0034152430106209,0.0034152430106209,0.0102457290318627,147.5384980588249,0,0,,,,,,,road
,2025-07-30 02:35:51.187094664,Восточно-Сибирская,,,2025,2024,210 days 01:55:51.266102238,302515.8544350373,338.93532122304896,0.6912366912366913,Лето,3,7,0.0034152430106209,0.0034152430106209,0.0102457290318627,147.5384980588249,0,0,,,,,,,road
,2025-07-30 15:20:48.442949460,Восточно-Сибирская,,,2025,2024,210 days 14:40:48.521957034,303280.80869928387,764.9542642465676,0.6920556920556921,Лето,3,7,0.0034152430106209,0.0034152430106209,0.0102457290318627,147.5384980588249,0,0,,,,,,,road
,2025-07-30 22:49:42.210692022,Восточно-Сибирская,,,2025,2024,210 days 22:09:42.289699596,303729.7048283266,448.8961290427251,0.6928746928746928,Лето,3,7,0.0034152430106209,0.0034152430106209,0.0102457290318627,147.5384980588249,0,0,,,,,,,road
,2025-07-31 05:10:47.407533930,Восточно-Сибирская,,,2025,2024,211 days 04:30:47.486541504,304110.79144235834,381.0866140317521,0.6936936936936937,Лето,3,7,0.0034152430106209,0.0034152430106209,0.0102457290318627,147.5384980588249,0,0,,,,,,,road
,2025-07-31 07:47:18.385452960,Восточно-Сибирская,,,2025,2024,211 days 07:07:18.464460534,304267.30774100893,156.5162986505893,0.6945126945126945,Лето,3,7,0.0034152430106209,0.0034152430106209,0.0102457290318627,147.5384980588249,0,0,,,,,,,road
,2025-07-31 09:42:18.126285780,Восточно-Сибирская,,,2025,2024,211 days 09:02:18.205293354,304382.3034215559,114.9956805469701,0.6953316953316954,Лето,3,7,0.0034152430106209,0.0034152430106209,0.0102457290318627,147.5384980588249,0,0,,,,,,,road
,2025-07-31 18:50:36.612536964,Восточно-Сибирская,,,2025,2024,211 days 18:10:36.691544538,304930.6115257423,548.308104186377,0.6961506961506961,Лето,3,7,0.0034152430106209,0.0034152430106209,0.0102457290318627,147.5384980588249,0,0,,,,,,,road
,2025-08-01 06:21:03.115973988,Восточно-Сибирская,,,2025,2024,212 days 05:41:03.194981562,305621.05324969266,690.4417239503819,0.696969696969697,Лето,3,8,0.0034152430106209,0.0034152430106209,0.0102457290318627,147.5384980588249,0,0,,,,,,,road
,2025-08-01 09:17:06.327766056,Восточно-Сибирская,,,2025,2024,212 days 08:37:06.406773630,305797.1067795605,176.0535298678442,0.6977886977886978,Лето,3,8,0.0034152430106209,0.0034152430106209,0.0102457290318627,147.5384980588249,0,0,,,,,,,road
,2025-08-01 09:19:46.276874424,Восточно-Сибирская,,,2025,2024,212 days 08:39:46.355881998,305799.77259803336,2.6658184728585184,0.6986076986076986,Лето,3,8,0.0034152430106209,0.0034152430106209,0.0102457290318627,147.5384980588249,0,0,,,,,,,road
,2025-08-01 17:00:17.229525828,Восточно-Сибирская,,,2025,2024,212 days 16:20:17.308533402,306260.28847555665,460.51587752328487,0.6994266994266994,Лето,3,8,0.0034152430106209,0.0034152430106209,0.0102457290318627,147.5384980588249,0,0,,,,,,,road
,2025-08-01 18:38:32.605408494,Восточно-Сибирская,,,2025,2024,212 days 17:58:32.684416068,306358.5447402678,98.2562647111481,0.7002457002457002,Лето,3,8,0.0034152430106209,0.0034152430106209,0.0102457290318627,147.5384980588249,0,0,,,,,,,road
,2025-08-01 18:41:27.182876226,Восточно-Сибирская,,,2025,2024,212 days 18:01:27.261883800,306361.45436473,2.90962446219055,0.7010647010647011,Лето,3,8,0.0034152430106209,0.0034152430106209,0.0102457290318627,147.5384980588249,0,0,,,,,,,road
,2025-08-02 02:40:06.024466218,Восточно-Сибирская,,,2025,2024,213 days 02:00:06.103473792,306840.1017245632,478.6473598332377,0.7018837018837019,Лето,3,8,0.0034152430106209,0.0034152430106209,0.0102457290318627,147.5384980588249,0,0,,,,,,,road
,2025-08-02 06:13:26.223891060,Восточно-Сибирская,,,2025,2024,213 days 05:33:26.302898634,307053.43838164385,213.33665708062472,0.7027027027027027,Лето,3,8,0.0034152430106209,0.0034152430106209,0.0102457290318627,147.5384980588249,0,0,,,,,,,road
,2025-08-02 11:51:52.572161946,Восточно-Сибирская,,,2025,2024,213 days 11:11:52.651169520,307391.877519492,338.4391378481523,0.7035217035217035,Лето,3,8,0.0034152430106209,0.0034152430106209,0.0102457290318627,147.5384980588249,0,0,,,,,,,road
,2025-08-02 23:52:36.256325076,Восточно-Сибирская,,,2025,2024,213 days 23:12:36.335332650,308112.60558887746,720.7280693854555,0.7043407043407044,Лето,3,8,0.0034152430106209,0.0034152430106209,0.0102457290318627,147.5384980588249,0,0,,,,,,,road
,2025-08-03 03:40:43.432080252,Восточно-Сибирская,,,2025,2024,214 days 03:00:43.511087826,308340.7251847971,228.11959591961931,0.7051597051597052,Лето,3,8,0.0034152430106209,0.0034152430106209,0.0102457290318627,147.5384980588249,0,0,,,,,,,road
,2025-08-03 07:05:33.435720816,Восточно-Сибирская,,,2025,2024,214 days 06:25:33.514728390,308545.5585788066,204.83339400950354,0.7059787059787059,Лето,3,8,0.0034152430106209,0.0034152430106209,0.0102457290318627,147.5384980588249,0,0,,,,,,,road
,2025-08-03 08:46:06.798060204,Восточно-Сибирская,,,2025,2024,214 days 08:06:06.877067778,308646.11461779627,100.55603898968548,0.7067977067977068,Лето,3,8,0.0034152430106209,0.0034152430106209,0.0102457290318627,147.5384980588249,0,0,,,,,,,road
,2025-08-03 10:32:43.807637430,Восточно-Сибирская,,,2025,2024,214 days 09:52:43.886645004,308752.7314440834,106.61682628712151,0.7076167076167076,Лето,3,8,0.0034152430106209,0.0034152430106209,0.0102457290318627,147.5384980588249,0,0,,,,,,,road
,2025-08-03 18:18:57.735170994,Восточно-Сибирская,,,2025,2024,214 days 17:38:57.814178568,309218.9635696428,466.23212555941427,0.7084357084357085,Лето,3,8,0.0034152430106209,0.0034152430106209,0.0102457290318627,147.5384980588249,0,0,,,,,,,road
,2025-08-03 21:13:29.731687890,Восточно-Сибирская,,,2025,2024,214 days 20:33:29.810695464,309393.4968449244,174.53327528160298,0.7092547092547092,Лето,3,8,0.0034152430106209,0.0034152430106209,0.0102457290318627,147.5384980588249,0,0,,,,,,,road
,2025-08-03 22:05:46.728201960,Восточно-Сибирская,,,2025,2024,214 days 21:25:46.807209534,309445.7801201589,52.283275234512985,0.7100737100737101,Лето,3,8,0.0034152430106209,0.0034152430106209,0.0102457290318627,147.5384980588249,0,0,,,,,,,road
,2025-08-03 22:34:51.255916038,Восточно-Сибирская,,,2025,2024,214 days 21:54:51.334923612,309474.85558206023,29.075461901316885,0.7108927108927109,Лето,3,8,0.0034152430106209,0.0034152430106209,0.0102457290318627,147.5384980588249,0,0,,,,,,,road
,2025-08-04 01:42:22.048185210,Восточно-Сибирская,,,2025,2024,215 days 01:02:22.127192784,309662.3687865464,187.51320448616752,0.7117117117117117,Лето,3,8,0.0034152430106209,0.0034152430106209,0.0102457290318627,147.5384980588249,0,0,,,,,,,road
,2025-08-04 04:45:29.338969566,Восточно-Сибирская,,,2025,2024,215 days 04:05:29.417977140,309845.490299619,183.1215130725759,0.7125307125307125,Лето,3,8,0.0034152430106209,0.0034152430106209,0.0102457290318627,147.5384980588249,0,0,,,,,,,road
,2025-08-04 09:55:47.376779796,Восточно-Сибирская,,,2025,2024,215 days 09:15:47.455787370,310155.7909297895,310.3006301705027,0.7133497133497133,Лето,3,8,0.0034152430106209,0.0034152430106209,0.0102457290318627,147.5384980588249,0,0,,,,,,,road
,2025-08-04 13:02:16.526315340,Восточно-Сибирская,,,2025,2024,215 days 12:22:16.605322914,310342.2767553819,186.48582559241913,0.7141687141687142,Лето,3,8,0.0034152430106209,0.0034152430106209,0.0102457290318627,147.5384980588249,0,0,,,,,,,road
,2025-08-04 13:47:37.373903994,Восточно-Сибирская,,,2025,2024,215 days 13:07:37.452911568,310387.6242151928,45.347459810902365,0.714987714987715,Лето,3,8,0.0034152430106209,0.0034152430106209,0.0102457290318627,147.5384980588249,0,0,,,,,,,road
,2025-08-04 17:15:11.117310252,Восточно-Сибирская,,,2025,2024,215 days 16:35:11.196317826,310595.1866052971,207.56239010428544,0.7158067158067158,Лето,3,8,0.0034152430106209,0.0034152430106209,0.0102457290318627,147.5384980588249,0,0,,,,,,,road
,2025-08-05 04:49:58.819136976,Восточно-Сибирская,,,2025,2024,216 days 04:09:58.898144550,311289.98163574253,694.7950304454425,0.7166257166257166,Лето,3,8,0.0034152430106209,0.0034152430106209,0.0102457290318627,147.5384980588249,0,0,,,,,,,road
,2025-08-05 05:40:50.232253590,Восточно-Сибирская,,,2025,2024,216 days 05:00:50.311261164,311340.8385210194,50.856885276851244,0.7174447174447175,Лето,3,8,0.0034152430106209,0.0034152430106209,0.0102457290318627,147.5384980588249,0,0,,,,,,,road
,2025-08-05 11:23:32.022033150,Восточно-Сибирская,,,2025,2024,216 days 10:43:32.101040724,311683.5350173454,342.6964963260107,0.7182637182637183,Лето,3,8,0.0034152430106209,0.0034152430106209,0.0102457290318627,147.5384980588249,0,0,,,,,,,road
,2025-08-05 15:47:22.032465102,Восточно-Сибирская,,,2025,2024,216 days 15:07:22.111472676,311947.36852454464,263.83350719924783,0.719082719082719,Лето,3,8,0.0034152430106209,0.0034152430106209,0.0102457290318627,147.5384980588249,0,0,,,,,,,road
,2025-08-05 22:31:37.756668600,Восточно-Сибирская,,,2025,2024,216 days 21:51:37.835676174,312351.6305946029,404.2620700582629,0.7199017199017199,Лето,3,8,0.0034152430106209,0.0034152430106209,0.0102457290318627,147.5384980588249,0,0,,,,,,,road
,2025-08-05 23:19:25.348506174,Восточно-Сибирская,,,2025,2024,216 days 22:39:25.427513748,312399.4237918958,47.79319729289273,0.7207207207207207,Лето,3,8,0.0034152430106209,0.0034152430106209,0.0102457290318627,147.5384980588249,0,0,,,,,,,road
,2025-08-06 13:11:08.633921592,Восточно-Сибирская,,,2025,2024,217 days 12:31:08.712929166,313231.1452154861,831.721423590323,0.7215397215397216,Лето,3,8,0.0034152430106209,0.0034152430106209,0.0102457290318627,147.5384980588249,0,0,,,,,,,road
,2025-08-06 17:55:12.173612034,Восточно-Сибирская,,,2025,2024,217 days 17:15:12.252619608,313515.20421032683,284.05899484071415,0.7223587223587223,Лето,3,8,0.0034152430106209,0.0034152430106209,0.0102457290318627,147.5384980588249,0,0,,,,,,,road
,2025-08-07 03:05:01.610886690,Восточно-Сибирская,,,2025,2024,218 days 02:25:01.689894264,314065.0281649044,549.8239545775577,0.7231777231777232,Лето,3,8,0.0034152430106209,0.0034152430106209,0.0102457290318627,147.5384980588249,0,0,,,,,,,road
,2025-08-07 04:27:56.389438482,Восточно-Сибирская,,,2025,2024,218 days 03:47:56.468446056,314147.9411407676,82.91297586320434,0.723996723996724,Лето,3,8,0.0034152430106209,0.0034152430106209,0.0102457290318627,147.5384980588249,0,0,,,,,,,road
,2025-08-07 11:01:42.551415252,Восточно-Сибирская,,,2025,2024,218 days 10:21:42.630422826,314541.7105070471,393.76936627947725,0.7248157248157249,Лето,3,8,0.0034152430106209,0.0034152430106209,0.0102457290318627,147.5384980588249,0,0,,,,,,,road
,2025-08-07 18:26:25.696773450,Восточно-Сибирская,,,2025,2024,218 days 17:46:25.775781024,314986.4295963504,444.7190893033403,0.7256347256347256,Лето,3,8,0.0034152430106209,0.0034152430106209,0.0102457290318627,147.5384980588249,0,0,,,,,,,road
,2025-08-07 20:54:45.096073992,Восточно-Сибирская,,,2025,2024,218 days 20:14:45.175081566,315134.7529180262,148.32332167576533,0.7264537264537264,Лето,3,8,0.0034152430106209,0.0034152430106209,0.0102457290318627,147.5384980588249,0,0,,,,,,,road
,2025-08-07 23:16:35.754085080,Восточно-Сибирская,,,2025,2024,218 days 22:36:35.833092654,315276.5972182109,141.84430018474814,0.7272727272727273,Лето,3,8,0.0034152430106209,0.0034152430106209,0.0102457290318627,147.5384980588249,0,0,,,,,,,road
,2025-08-08 04:30:35.098746426,Восточно-Сибирская,,,2025,2024,219 days 03:50:35.177754,315590.5862959,313.9890776890679,0.7280917280917281,Лето,3,8,0.0034152430106209,0.0034152430106209,0.0102457290318627,147.5384980588249,0,0,,,,,,,road
,2025-08-08 04:59:17.888252634,Восточно-Сибирская,,,2025,2024,219 days 04:19:17.967260208,315619.2994543368,28.71315843681805,0.7289107289107289,Лето,3,8,0.0034152430106209,0.0034152430106209,0.0102457290318627,147.5384980588249,0,0,,,,,,,road
,2025-08-08 11:28:50.459587830,Восточно-Сибирская,,,2025,2024,219 days 10:48:50.538595404,316008.84230992344,389.5428555866238,0.7297297297297297,Лето,3,8,0.0034152430106209,0.0034152430106209,0.0102457290318627,147.5384980588249,0,0,,,,,,,road
,2025-08-08 11:41:40.540652922,Восточно-Сибирская,,,2025,2024,219 days 11:01:40.619660496,316021.6769943416,12.834684418165125,0.7305487305487306,Лето,3,8,0.0034152430106209,0.0034152430106209,0.0102457290318627,147.5384980588249,0,0,,,,,,,road
,2025-08-08 12:43:35.357955594,Восточно-Сибирская,,,2025,2024,219 days 12:03:35.436963168,316083.5906160528,61.91362171119545,0.7313677313677314,Лето,3,8,0.0034152430106209,0.0034152430106209,0.0102457290318627,147.5384980588249,0,0,,,,,,,road
,2025-08-08 18:03:03.634815162,Восточно-Сибирская,,,2025,2024,219 days 17:23:03.713822736,316403.06189704564,319.471280992846,0.7321867321867321,Лето,3,8,0.0034152430106209,0.0034152430106209,0.0102457290318627,147.5384980588249,0,0,,,,,,,road
,2025-08-08 18:33:21.947404158,Восточно-Сибирская,,,2025,2024,219 days 17:53:22.026411732,316433.3671068622,30.305209816549905,0.733005733005733,Лето,3,8,0.0034152430106209,0.0034152430106209,0.0102457290318627,147.5384980588249,0,0,,,,,,,road
,2025-08-09 11:58:39.481890720,Восточно-Сибирская,,,2025,2024,220 days 11:18:39.560898294,317478.65934830497,1045.292241442774,0.7338247338247338,Лето,3,8,0.0034152430106209,0.0034152430106209,0.0102457290318627,147.5384980588249,0,0,,,,,,,road
,2025-08-09 21:52:27.273834978,Восточно-Сибирская,,,2025,2024,220 days 21:12:27.352842552,318072.45588070917,593.7965324042016,0.7346437346437347,Лето,3,8,0.0034152430106209,0.0034152430106209,0.0102457290318627,147.5384980588249,0,0,,,,,,,road
,2025-08-10 02:40:39.891329616,Восточно-Сибирская,,,2025,2024,221 days 02:00:39.970337190,318360.66617228655,288.21029157738667,0.7354627354627354,Лето,3,8,0.0034152430106209,0.0034152430106209,0.0102457290318627,147.5384980588249,0,0,,,,,,,road
,2025-08-10 11:01:14.223775596,Восточно-Сибирская,,,2025,2024,221 days 10:21:14.302783170,318861.2383797195,500.57220743293874,0.7362817362817363,Лето,3,8,0.0034152430106209,0.0034152430106209,0.0102457290318627,147.5384980588249,0,0,,,,,,,road
,2025-08-10 21:41:09.977989740,Восточно-Сибирская,,,2025,2024,221 days 21:01:10.056997314,319501.1676166218,639.9292369023315,0.7371007371007371,Лето,3,8,0.0034152430106209,0.0034152430106209,0.0102457290318627,147.5384980588249,0,0,,,,,,,road
,2025-08-10 23:09:07.437212094,Восточно-Сибирская,,,2025,2024,221 days 22:29:07.516219668,319589.1252703278,87.957653705962,0.737919737919738,Лето,3,8,0.0034152430106209,0.0034152430106209,0.0102457290318627,147.5384980588249,0,0,,,,,,,road
,2025-08-11 08:23:27.821423178,Восточно-Сибирская,,,2025,2024,222 days 07:43:27.900430752,320143.46500717924,554.3397368514561,0.7387387387387387,Лето,3,8,0.0034152430106209,0.0034152430106209,0.0102457290318627,147.5384980588249,0,0,,,,,,,road
,2025-08-11 09:26:54.113349720,Восточно-Сибирская,,,2025,2024,222 days 08:46:54.192357294,320206.9032059549,63.4381987756351,0.7395577395577395,Лето,3,8,0.0034152430106209,0.0034152430106209,0.0102457290318627,147.5384980588249,0,0,,,,,,,road
,2025-08-11 12:03:03.526320738,Восточно-Сибирская,,,2025,2024,222 days 11:23:03.605328312,320363.06008880516,156.15688285027863,0.7403767403767404,Лето,3,8,0.0034152430106209,0.0034152430106209,0.0102457290318627,147.5384980588249,0,0,,,,,,,road
,2025-08-11 16:02:17.403359052,Восточно-Сибирская,,,2025,2024,222 days 15:22:17.482366626,320602.2913727771,239.2312839719234,0.7411957411957412,Лето,3,8,0.0034152430106209,0.0034152430106209,0.0102457290318627,147.5384980588249,0,0,,,,,,,road
,2025-08-11 22:08:42.057843684,Восточно-Сибирская,,,2025,2024,222 days 21:28:42.136851258,320968.7022808542,366.410908077145,0.742014742014742,Лето,3,8,0.0034152430106209,0.0034152430106209,0.0102457290318627,147.5384980588249,0,0,,,,,,,road
,2025-08-11 22:17:39.733898544,Восточно-Сибирская,,,2025,2024,222 days 21:37:39.812906118,320977.6635484353,8.961267581093125,0.7428337428337428,Лето,3,8,0.0034152430106209,0.0034152430106209,0.0102457290318627,147.5384980588249,0,0,,,,,,,road
,2025-08-11 23:58:09.314484984,Восточно-Сибирская,,,2025,2024,222 days 23:18:09.393492558,321078.15655820933,100.49300977401435,0.7436527436527437,Лето,3,8,0.0034152430106209,0.0034152430106209,0.0102457290318627,147.5384980588249,0,0,,,,,,,road
,2025-08-12 04:32:45.188277354,Восточно-Сибирская,,,2025,2024,223 days 03:52:45.267284928,321352.7544547488,274.59789653948974,0.7444717444717445,Лето,3,8,0.0034152430106209,0.0034152430106209,0.0102457290318627,147.5384980588249,0,0,,,,,,,road
,2025-08-12 06:42:13.609287978,Восточно-Сибирская,,,2025,2024,223 days 06:02:13.688295552,321482.2281382592,129.47368351038313,0.7452907452907452,Лето,3,8,0.0034152430106209,0.0034152430106209,0.0102457290318627,147.5384980588249,0,0,,,,,,,road
,2025-08-12 13:59:01.400124984,Восточно-Сибирская,,,2025,2024,223 days 13:19:01.479132558,321919.0246522093,436.79651395010296,0.7461097461097461,Лето,3,8,0.0034152430106209,0.0034152430106209,0.0102457290318627,147.5384980588249,0,0,,,,,,,road
,2025-08-12 19:07:48.112716906,Восточно-Сибирская,,,2025,2024,223 days 18:27:48.191724480,322227.80319540796,308.7785431986558,0.7469287469287469,Лето,3,8,0.0034152430106209,0.0034152430106209,0.0102457290318627,147.5384980588249,0,0,,,,,,,road
,2025-08-12 20:26:00.557795940,Восточно-Сибирская,,,2025,2024,223 days 19:46:00.636803514,322306.0106133919,78.207417983911,0.7477477477477478,Лето,3,8,0.0034152430106209,0.0034152430106209,0.0102457290318627,147.5384980588249,0,0,,,,,,,road
,2025-08-12 21:12:11.797079778,Восточно-Сибирская,,,2025,2024,223 days 20:32:11.876087352,322352.19793478923,46.18732139735948,0.7485667485667485,Лето,3,8,0.0034152430106209,0.0034152430106209,0.0102457290318627,147.5384980588249,0,0,,,,,,,road
,2025-08-13 02:02:33.922919681,Восточно-Сибирская,,,2025,2024,224 days 01:22:34.001927255,322642.5666987876,290.36876399838366,0.7493857493857494,Лето,3,8,0.0034152430106209,0.0034152430106209,0.0102457290318627,147.5384980588249,0,0,,,,,,,road
,2025-08-13 04:57:51.834180780,Восточно-Сибирская,,,2025,2024,224 days 04:17:51.913188354,322817.8652198059,175.29852101829601,0.7502047502047502,Лето,3,8,0.0034152430106209,0.0034152430106209,0.0102457290318627,147.5384980588249,0,0,,,,,,,road
,2025-08-13 05:52:03.265299360,Восточно-Сибирская,,,2025,2024,224 days 05:12:03.344306934,322872.0557384489,54.190518643008545,0.7510237510237511,Лето,3,8,0.0034152430106209,0.0034152430106209,0.0102457290318627,147.5384980588249,0,0,,,,,,,road
,2025-08-13 07:47:44.156857434,Восточно-Сибирская,,,2025,2024,224 days 07:07:44.235865008,322987.7372644168,115.68152596789878,0.7518427518427518,Лето,3,8,0.0034152430106209,0.0034152430106209,0.0102457290318627,147.5384980588249,0,0,,,,,,,road
,2025-08-13 09:33:26.960694936,Восточно-Сибирская,,,2025,2024,224 days 08:53:27.039702510,323093.45066170854,105.71339729172178,0.7526617526617526,Лето,3,8,0.0034152430106209,0.0034152430106209,0.0102457290318627,147.5384980588249,0,0,,,,,,,road
,2025-08-13 10:06:57.425684604,Восточно-Сибирская,,,2025,2024,224 days 09:26:57.504692178,323126.95841153624,33.50774982769508,0.7534807534807535,Лето,3,8,0.0034152430106209,0.0034152430106209,0.0102457290318627,147.5384980588249,0,0,,,,,,,road
,2025-08-13 13:58:45.583857750,Восточно-Сибирская,,,2025,2024,224 days 13:18:45.662865324,323358.7610477554,231.80263621918857,0.7542997542997543,Лето,3,8,0.0034152430106209,0.0034152430106209,0.0102457290318627,147.5384980588249,0,0,,,,,,,road
,2025-08-13 21:01:06.721879374,Восточно-Сибирская,,,2025,2024,224 days 20:21:06.800886948,323781.1133481158,422.3523003603914,0.7551187551187551,Лето,3,8,0.0034152430106209,0.0034152430106209,0.0102457290318627,147.5384980588249,0,0,,,,,,,road
,2025-08-14 01:11:58.627818630,Восточно-Сибирская,,,2025,2024,225 days 00:31:58.706826204,324031.97844710335,250.86509898753138,0.7559377559377559,Лето,3,8,0.0034152430106209,0.0034152430106209,0.0102457290318627,147.5384980588249,0,0,,,,,,,road
,2025-08-14 09:44:29.749581024,Восточно-Сибирская,,,2025,2024,225 days 09:04:29.828588598,324544.4971431434,512.5186960400315,0.7567567567567568,Лето,3,8,0.0034152430106209,0.0034152430106209,0.0102457290318627,147.5384980588249,0,0,,,,,,,road
,2025-08-14 10:24:27.315875040,Восточно-Сибирская,,,2025,2024,225 days 09:44:27.394882614,324584.4565813769,39.959438233519904,0.7575757575757576,Лето,3,8,0.0034152430106209,0.0034152430106209,0.0102457290318627,147.5384980588249,0,0,,,,,,,road
,2025-08-14 13:11:56.610763614,Восточно-Сибирская,,,2025,2024,225 days 12:31:56.689771188,324751.9448295198,167.48824814287946,0.7583947583947583,Лето,3,8,0.0034152430106209,0.0034152430106209,0.0102457290318627,147.5384980588249,0,0,,,,,,,road
,2025-08-14 17:47:12.740237322,Восточно-Сибирская,,,2025,2024,225 days 17:07:12.819244896,325027.21365408157,275.2688245617901,0.7592137592137592,Лето,3,8,0.0034152430106209,0.0034152430106209,0.0102457290318627,147.5384980588249,0,0,,,,,,,road
,2025-08-14 23:17:12.501087462,Восточно-Сибирская,,,2025,2024,225 days 22:37:12.580095036,325357.20966825064,329.9960141690681,0.76003276003276,Лето,3,8,0.0034152430106209,0.0034152430106209,0.0102457290318627,147.5384980588249,0,0,,,,,,,road
,2025-08-15 05:05:39.210474024,Восточно-Сибирская,,,2025,2024,226 days 04:25:39.289481598,325705.65482469334,348.44515644269995,0.7608517608517609,Лето,3,8,0.0034152430106209,0.0034152430106209,0.0102457290318627,147.5384980588249,0,0,,,,,,,road
,2025-08-15 11:27:54.777054114,Восточно-Сибирская,,,2025,2024,226 days 10:47:54.856061688,326087.9142676948,382.2594430014724,0.7616707616707616,Лето,3,8,0.0034152430106209,0.0034152430106209,0.0102457290318627,147.5384980588249,0,0,,,,,,,road
,2025-08-15 16:36:30.279454224,Восточно-Сибирская,,,2025,2024,226 days 15:56:30.358461798,326396.50597436336,308.5917066685506,0.7624897624897625,Лето,3,8,0.0034152430106209,0.0034152430106209,0.0102457290318627,147.5384980588249,0,0,,,,,,,road
,2025-08-15 17:05:28.974325272,Восточно-Сибирская,,,2025,2024,226 days 16:25:29.053332846,326425.4842222141,28.978247850725893,0.7633087633087633,Лето,3,8,0.0034152430106209,0.0034152430106209,0.0102457290318627,147.5384980588249,0,0,,,,,,,road
,2025-08-15 22:53:27.949371306,Восточно-Сибирская,,,2025,2024,226 days 22:13:28.028378880,326773.46713964804,347.98291743395384,0.7641277641277642,Лето,3,8,0.0034152430106209,0.0034152430106209,0.0102457290318627,147.5384980588249,0,0,,,,,,,road
,2025-08-16 05:11:14.462128164,Восточно-Сибирская,,,2025,2024,227 days 04:31:14.541135738,327151.24235226226,377.775212614215,0.764946764946765,Лето,3,8,0.0034152430106209,0.0034152430106209,0.0102457290318627,147.5384980588249,0,0,,,,,,,road
,2025-08-17 05:44:53.426446308,Восточно-Сибирская,,,2025,2024,228 days 05:04:53.505453882,328624.8917575647,1473.6494053024217,0.7657657657657657,Лето,3,8,0.0034152430106209,0.0034152430106209,0.0102457290318627,147.5384980588249,0,0,,,,,,,road
,2025-08-17 11:31:00.712417830,Восточно-Сибирская,,,2025,2024,228 days 10:51:00.791425404,328971.0131904234,346.1214328586939,0.7665847665847666,Лето,3,8,0.0034152430106209,0.0034152430106209,0.0102457290318627,147.5384980588249,0,0,,,,,,,road
,2025-08-17 17:10:57.686190642,Восточно-Сибирская,,,2025,2024,228 days 16:30:57.765198216,329310.9627533036,339.9495628802106,0.7674037674037674,Лето,3,8,0.0034152430106209,0.0034152430106209,0.0102457290318627,147.5384980588249,0,0,,,,,,,road
,2025-08-17 20:42:43.455434826,Восточно-Сибирская,,,2025,2024,228 days 20:02:43.534442400,329522.72557403997,211.76282073638868,0.7682227682227682,Лето,3,8,0.0034152430106209,0.0034152430106209,0.0102457290318627,147.5384980588249,0,0,,,,,,,road
,2025-08-18 06:35:28.177969176,Восточно-Сибирская,,,2025,2024,229 days 05:55:28.256976750,330115.47094961256,592.7453755725874,0.769041769041769,Лето,3,8,0.0034152430106209,0.0034152430106209,0.0102457290318627,147.5384980588249,0,0,,,,,,,road
,2025-08-19 10:40:42.980024034,Восточно-Сибирская,,,2025,2024,230 days 10:00:43.059031608,331800.71765052684,1685.2467009142856,0.7698607698607699,Лето,3,8,0.0034152430106209,0.0034152430106209,0.0102457290318627,147.5384980588249,0,0,,,,,,,road
,2025-08-19 18:02:47.516508570,Восточно-Сибирская,,,2025,2024,230 days 17:22:47.595516144,332242.79325860244,442.0756080755964,0.7706797706797707,Лето,3,8,0.0034152430106209,0.0034152430106209,0.0102457290318627,147.5384980588249,0,0,,,,,,,road
,2025-08-19 22:40:22.970934936,Восточно-Сибирская,,,2025,2024,230 days 22:00:23.049942510,332520.38416570856,277.5909071061178,0.7714987714987716,Лето,3,8,0.0034152430106209,0.0034152430106209,0.0102457290318627,147.5384980588249,0,0,,,,,,,road
,2025-08-19 23:04:27.896449614,Восточно-Сибирская,,,2025,2024,230 days 22:24:27.975457188,332544.4662576198,24.082091911230236,0.7723177723177723,Лето,3,8,0.0034152430106209,0.0034152430106209,0.0102457290318627,147.5384980588249,0,0,,,,,,,road
,2025-09-01 07:35:12.917415624,Восточно-Сибирская,,,2025,2024,243 days 06:55:12.996423198,350335.21660705336,17790.75034943357,0.7731367731367731,Осень,4,9,0.0021451257134627,0.0021451257134627,0.0064353771403880995,92.66943082159074,0,0,,,,,,,road
,2025-09-02 01:19:09.616782462,Восточно-Сибирская,,,2025,2024,244 days 00:39:09.695790036,351399.1615965006,1063.944989447249,0.773955773955774,Осень,4,9,0.0021451257134627,0.0021451257134627,0.0064353771403880995,92.66943082159074,0,0,,,,,,,road
,2025-09-02 02:44:43.836429996,Восточно-Сибирская,,,2025,2024,244 days 02:04:43.915437570,351484.73192395945,85.57032745884499,0.7747747747747747,Осень,4,9,0.0021451257134627,0.0021451257134627,0.0064353771403880995,92.66943082159074,0,0,,,,,,,road
,2025-09-02 10:24:06.041555352,Восточно-Сибирская,,,2025,2024,244 days 09:44:06.120562926,351944.10200938216,459.3700854227063,0.7755937755937756,Осень,4,9,0.0021451257134627,0.0021451257134627,0.0064353771403880995,92.66943082159074,0,0,,,,,,,road
,2025-09-02 21:53:51.565971114,Восточно-Сибирская,,,2025,2024,244 days 21:13:51.644978688,352633.8607496448,689.7587402626523,0.7764127764127764,Осень,4,9,0.0021451257134627,0.0021451257134627,0.0064353771403880995,92.66943082159074,0,0,,,,,,,road
,2025-09-03 00:21:37.099528878,Восточно-Сибирская,,,2025,2024,244 days 23:41:37.178536452,352781.6196422742,147.758892629412,0.7772317772317773,Осень,4,9,0.0021451257134627,0.0021451257134627,0.0064353771403880995,92.66943082159074,0,0,,,,,,,road
,2025-09-03 10:50:56.483591754,Восточно-Сибирская,,,2025,2024,245 days 10:10:56.562599328,353410.9427099888,629.3230677145766,0.778050778050778,Осень,4,9,0.0021451257134627,0.0021451257134627,0.0064353771403880995,92.66943082159074,0,0,,,,,,,road
,2025-09-03 22:33:34.239005880,Восточно-Сибирская,,,2025,2024,245 days 21:53:34.318013454,354113.57196689094,702.6292569021462,0.7788697788697788,Осень,4,9,0.0021451257134627,0.0021451257134627,0.0064353771403880995,92.66943082159074,0,0,,,,,,,road
,2025-09-04 12:22:52.703162664,Восточно-Сибирская,,,2025,2024,246 days 11:42:52.782170238,354942.8797028373,829.3077359463787,0.7796887796887797,Осень,4,9,0.0021451257134627,0.0021451257134627,0.0064353771403880995,92.66943082159074,0,0,,,,,,,road
,2025-09-04 15:17:48.607417344,Восточно-Сибирская,,,2025,2024,246 days 14:37:48.686424918,355117.81144041533,174.93173757800832,0.7805077805077805,Осень,4,9,0.0021451257134627,0.0021451257134627,0.0064353771403880995,92.66943082159074,0,0,,,,,,,road
,2025-09-05 00:11:19.808881434,Восточно-Сибирская,,,2025,2024,246 days 23:31:19.887889008,355651.3314648168,533.520024401485,0.7813267813267813,Осень,4,9,0.0021451257134627,0.0021451257134627,0.0064353771403880995,92.66943082159074,0,0,,,,,,,road
,2025-09-05 03:00:26.615538456,Восточно-Сибирская,,,2025,2024,247 days 02:20:26.694546030,355820.44490910054,169.11344428372104,0.7821457821457821,Осень,4,9,0.0021451257134627,0.0021451257134627,0.0064353771403880995,92.66943082159074,0,0,,,,,,,road
,2025-09-05 13:26:41.745515466,Восточно-Сибирская,,,2025,2024,247 days 12:46:41.824523040,356446.69707538397,626.2521662834333,0.782964782964783,Осень,4,9,0.0021451257134627,0.0021451257134627,0.0064353771403880995,92.66943082159074,0,0,,,,,,,road
,2025-09-05 18:16:31.163983866,Восточно-Сибирская,,,2025,2024,247 days 17:36:31.242991440,356736.520716524,289.82364114001393,0.7837837837837838,Осень,4,9,0.0021451257134627,0.0021451257134627,0.0064353771403880995,92.66943082159074,0,0,,,,,,,road
,2025-09-06 01:20:48.984840564,Восточно-Сибирская,,,2025,2024,248 days 00:40:49.063848138,357160.8177308023,424.2970142783015,0.7846027846027847,Осень,4,9,0.0021451257134627,0.0021451257134627,0.0064353771403880995,92.66943082159074,0,0,,,,,,,road
,2025-09-06 05:31:25.315604190,Восточно-Сибирская,,,2025,2024,248 days 04:51:25.394611764,357411.4232435294,250.60551272711018,0.7854217854217854,Осень,4,9,0.0021451257134627,0.0021451257134627,0.0064353771403880995,92.66943082159074,0,0,,,,,,,road
,2025-09-06 06:53:48.153331782,Восточно-Сибирская,,,2025,2024,248 days 06:13:48.232339356,357493.8038723226,82.38062879320933,0.7862407862407862,Осень,4,9,0.0021451257134627,0.0021451257134627,0.0064353771403880995,92.66943082159074,0,0,,,,,,,road
,2025-09-06 08:25:11.770653648,Восточно-Сибирская,,,2025,2024,248 days 07:45:11.849661222,357585.19749435375,91.39362203114433,0.7870597870597871,Осень,4,9,0.0021451257134627,0.0021451257134627,0.0064353771403880995,92.66943082159074,0,0,,,,,,,road
,2025-09-06 09:02:50.172617778,Восточно-Сибирская,,,2025,2024,248 days 08:22:50.251625352,357622.83752708917,37.64003273542039,0.7878787878787878,Осень,4,9,0.0021451257134627,0.0021451257134627,0.0064353771403880995,92.66943082159074,0,0,,,,,,,road
,2025-09-06 16:31:32.369582412,Восточно-Сибирская,,,2025,2024,248 days 15:51:32.448589986,358071.5408098331,448.70328274392523,0.7886977886977887,Осень,4,9,0.0021451257134627,0.0021451257134627,0.0064353771403880995,92.66943082159074,0,0,,,,,,,road
,2025-09-07 07:11:42.801461628,Восточно-Сибирская,,,2025,2024,249 days 06:31:42.880469202,358951.71467448666,880.1738646535669,0.7895167895167895,Осень,4,9,0.0021451257134627,0.0021451257134627,0.0064353771403880995,92.66943082159074,0,0,,,,,,,road
,2025-09-07 07:21:31.773277644,Восточно-Сибирская,,,2025,2024,249 days 06:41:31.852285218,358961.5308714203,9.81619693362154,0.7903357903357904,Осень,4,9,0.0021451257134627,0.0021451257134627,0.0064353771403880995,92.66943082159074,0,0,,,,,,,road
,2025-09-07 07:53:28.732253748,Восточно-Сибирская,,,2025,2024,249 days 07:13:28.811261322,358993.48018768866,31.949316268379334,0.7911547911547911,Осень,4,9,0.0021451257134627,0.0021451257134627,0.0064353771403880995,92.66943082159074,0,0,,,,,,,road
,2025-09-07 12:38:32.802599814,Восточно-Сибирская,,,2025,2024,249 days 11:58:32.881607388,359278.5480267898,285.06783910113154,0.7919737919737919,Осень,4,9,0.0021451257134627,0.0021451257134627,0.0064353771403880995,92.66943082159074,0,0,,,,,,,road
,2025-09-07 23:02:26.845052262,Восточно-Сибирская,,,2025,2024,249 days 22:22:26.924059836,359902.4487343306,623.9007075408008,0.7927927927927928,Осень,4,9,0.0021451257134627,0.0021451257134627,0.0064353771403880995,92.66943082159074,0,0,,,,,,,road
,2025-09-08 00:22:27.349991106,Восточно-Сибирская,,,2025,2024,249 days 23:42:27.428998680,359982.45714997797,80.00841564737493,0.7936117936117936,Осень,4,9,0.0021451257134627,0.0021451257134627,0.0064353771403880995,92.66943082159074,0,0,,,,,,,road
,2025-09-08 02:50:13.274821416,Восточно-Сибирская,,,2025,2024,250 days 02:10:13.353828990,360130.2225638165,147.7654138385551,0.7944307944307945,Осень,4,9,0.0021451257134627,0.0021451257134627,0.0064353771403880995,92.66943082159074,0,0,,,,,,,road
,2025-09-08 04:53:16.719590063,Восточно-Сибирская,,,2025,2024,250 days 04:13:16.798597637,360253.27997662727,123.05741281074006,0.7952497952497952,Осень,4,9,0.0021451257134627,0.0021451257134627,0.0064353771403880995,92.66943082159074,0,0,,,,,,,road
,2025-09-08 08:50:40.516136730,Восточно-Сибирская,,,2025,2024,250 days 08:10:40.595144304,360490.67658573843,237.39660911116516,0.7960687960687961,Осень,4,9,0.0021451257134627,0.0021451257134627,0.0064353771403880995,92.66943082159074,0,0,,,,,,,road
,2025-09-08 10:49:29.903686092,Восточно-Сибирская,,,2025,2024,250 days 10:09:29.982693666,360609.4997115611,118.82312582264422,0.7968877968877969,Осень,4,9,0.0021451257134627,0.0021451257134627,0.0064353771403880995,92.66943082159074,0,0,,,,,,,road
,2025-09-08 14:12:11.118115362,Восточно-Сибирская,,,2025,2024,250 days 13:32:11.197122936,360812.1866187156,202.68690715450794,0.7977067977067978,Осень,4,9,0.0021451257134627,0.0021451257134627,0.0064353771403880995,92.66943082159074,0,0,,,,,,,road
,2025-09-09 00:20:03.107935368,Восточно-Сибирская,,,2025,2024,250 days 23:40:03.186942942,361420.0531157157,607.8664970000973,0.7985257985257985,Осень,4,9,0.0021451257134627,0.0021451257134627,0.0064353771403880995,92.66943082159074,0,0,,,,,,,road
,2025-09-09 07:40:12.740844066,Восточно-Сибирская,,,2025,2024,251 days 07:00:12.819851640,361860.213664194,440.16054847830674,0.7993447993447993,Осень,4,9,0.0021451257134627,0.0021451257134627,0.0064353771403880995,92.66943082159074,0,0,,,,,,,road
,2025-09-09 08:19:40.906861158,Восточно-Сибирская,,,2025,2024,251 days 07:39:40.985868732,361899.68309781223,39.469433618243784,0.8001638001638002,Осень,4,9,0.0021451257134627,0.0021451257134627,0.0064353771403880995,92.66943082159074,0,0,,,,,,,road
,2025-09-09 16:13:02.283844674,Восточно-Сибирская,,,2025,2024,251 days 15:33:02.362852248,362373.0393808708,473.356283058587,0.800982800982801,Осень,4,9,0.0021451257134627,0.0021451257134627,0.0064353771403880995,92.66943082159074,0,0,,,,,,,road
,2025-09-09 21:15:16.084879224,Восточно-Сибирская,,,2025,2024,251 days 20:35:16.163886798,362675.26939811336,302.2300172425457,0.8018018018018018,Осень,4,9,0.0021451257134627,0.0021451257134627,0.0064353771403880995,92.66943082159074,0,0,,,,,,,road
,2025-09-10 18:26:23.133321312,Восточно-Сибирская,,,2025,2024,252 days 17:46:23.212328886,363946.38687214814,1271.1174740347778,0.8026208026208026,Осень,4,9,0.0021451257134627,0.0021451257134627,0.0064353771403880995,92.66943082159074,0,0,,,,,,,road
,2025-09-10 21:05:35.327436480,Восточно-Сибирская,,,2025,2024,252 days 20:25:35.406444054,364105.59010740096,159.20323525281856,0.8034398034398035,Осень,4,9,0.0021451257134627,0.0021451257134627,0.0064353771403880995,92.66943082159074,0,0,,,,,,,road
,2025-09-11 07:09:23.546234694,Восточно-Сибирская,,,2025,2024,253 days 06:29:23.625242268,364709.3937540378,603.8036466368358,0.8042588042588042,Осень,4,9,0.0021451257134627,0.0021451257134627,0.0064353771403880995,92.66943082159074,0,0,,,,,,,road
,2025-09-11 17:21:15.426713022,Восточно-Сибирская,,,2025,2024,253 days 16:41:15.505720596,365321.25842867664,611.8646746388404,0.8050778050778051,Осень,4,9,0.0021451257134627,0.0021451257134627,0.0064353771403880995,92.66943082159074,0,0,,,,,,,road
,2025-09-11 19:17:58.856564064,Восточно-Сибирская,,,2025,2024,253 days 18:37:58.935571638,365437.9822595274,116.7238308507367,0.8058968058968059,Осень,4,9,0.0021451257134627,0.0021451257134627,0.0064353771403880995,92.66943082159074,0,0,,,,,,,road
,2025-09-12 13:26:39.570201894,Восточно-Сибирская,,,2025,2024,254 days 12:46:39.649209468,366526.66082015785,1088.6785606304766,0.8067158067158067,Осень,4,9,0.0021451257134627,0.0021451257134627,0.0064353771403880995,92.66943082159074,0,0,,,,,,,road
,2025-09-12 18:41:38.245796634,Восточно-Сибирская,,,2025,2024,254 days 18:01:38.324804208,366841.6387467368,314.9779265789548,0.8075348075348076,Осень,4,9,0.0021451257134627,0.0021451257134627,0.0064353771403880995,92.66943082159074,0,0,,,,,,,road
,2025-09-13 03:31:11.233412940,Восточно-Сибирская,,,2025,2024,255 days 02:51:11.312420514,367371.1885403419,529.5497936051106,0.8083538083538083,Осень,4,9,0.0021451257134627,0.0021451257134627,0.0064353771403880995,92.66943082159074,0,0,,,,,,,road
,2025-09-13 04:44:40.904054868,Восточно-Сибирская,,,2025,2024,255 days 04:04:40.983062442,367444.6830510406,73.4945106987143,0.8091728091728092,Осень,4,9,0.0021451257134627,0.0021451257134627,0.0064353771403880995,92.66943082159074,0,0,,,,,,,road
,2025-09-13 07:03:40.046307678,Восточно-Сибирская,,,2025,2024,255 days 06:23:40.125315252,367583.6687552542,138.98570421355544,0.80999180999181,Осень,4,9,0.0021451257134627,0.0021451257134627,0.0064353771403880995,92.66943082159074,0,0,,,,,,,road
,2025-09-13 13:54:54.070922964,Восточно-Сибирская,,,2025,2024,255 days 13:14:54.149930538,367994.9024988423,411.2337435880909,0.8108108108108109,Осень,4,9,0.0021451257134627,0.0021451257134627,0.0064353771403880995,92.66943082159074,0,0,,,,,,,road
,2025-09-13 16:54:01.217709384,Восточно-Сибирская,,,2025,2024,255 days 16:14:01.296716958,368174.0216119493,179.11911310703726,0.8116298116298116,Осень,4,9,0.0021451257134627,0.0021451257134627,0.0064353771403880995,92.66943082159074,0,0,,,,,,,road
,2025-09-13 22:16:51.640669950,Восточно-Сибирская,,,2025,2024,255 days 21:36:51.719677524,368496.86199462536,322.84038267604774,0.8124488124488124,Осень,4,9,0.0021451257134627,0.0021451257134627,0.0064353771403880995,92.66943082159074,0,0,,,,,,,road
,2025-09-14 01:55:13.340323776,Восточно-Сибирская,,,2025,2024,256 days 01:15:13.419331350,368715.22365552257,218.3616608972079,0.8132678132678133,Осень,4,9,0.0021451257134627,0.0021451257134627,0.0064353771403880995,92.66943082159074,0,0,,,,,,,road
,2025-09-14 09:52:12.383475144,Восточно-Сибирская,,,2025,2024,256 days 09:12:12.462482718,369192.2077080453,476.98405252274824,0.814086814086814,Осень,4,9,0.0021451257134627,0.0021451257134627,0.0064353771403880995,92.66943082159074,0,0,,,,,,,road
,2025-09-14 15:03:29.969446578,Восточно-Сибирская,,,2025,2024,256 days 14:23:30.048454152,369503.5008075692,311.2930995238712,0.8149058149058149,Осень,4,9,0.0021451257134627,0.0021451257134627,0.0064353771403880995,92.66943082159074,0,0,,,,,,,road
,2025-09-14 15:05:39.209270658,Восточно-Сибирская,,,2025,2024,256 days 14:25:39.288278232,369505.65480463725,2.153997068060562,0.8157248157248157,Осень,4,9,0.0021451257134627,0.0021451257134627,0.0064353771403880995,92.66943082159074,0,0,,,,,,,road
,2025-09-14 23:14:37.647811164,Восточно-Сибирская,,,2025,2024,256 days 22:34:37.726818738,369994.62878031225,488.97397567500593,0.8165438165438166,Осень,4,9,0.0021451257134627,0.0021451257134627,0.0064353771403880995,92.66943082159074,0,0,,,,,,,road
,2025-09-15 03:30:16.377899586,Восточно-Сибирская,,,2025,2024,257 days 02:50:16.456907160,370250.274281786,255.64550147374393,0.8173628173628174,Осень,4,9,0.0021451257134627,0.0021451257134627,0.0064353771403880995,92.66943082159074,0,0,,,,,,,road
,2025-09-15 06:45:10.573749804,Восточно-Сибирская,,,2025,2024,257 days 06:05:10.652757378,370445.1775459563,194.90326417027973,0.8181818181818182,Осень,4,9,0.0021451257134627,0.0021451257134627,0.0064353771403880995,92.66943082159074,0,0,,,,,,,road
,2025-09-15 07:31:16.228844310,Восточно-Сибирская,,,2025,2024,257 days 06:51:16.307851884,370491.2717975314,46.09425157512305,0.819000819000819,Осень,4,9,0.0021451257134627,0.0021451257134627,0.0064353771403880995,92.66943082159074,0,0,,,,,,,road
,2025-09-15 09:27:19.049690376,Восточно-Сибирская,,,2025,2024,257 days 08:47:19.128697950,370607.3188116325,116.04701410111738,0.8198198198198198,Осень,4,9,0.0021451257134627,0.0021451257134627,0.0064353771403880995,92.66943082159074,0,0,,,,,,,road
,2025-09-15 11:25:24.211037406,Восточно-Сибирская,,,2025,2024,257 days 10:45:24.290044980,370725.404834083,118.08602245047223,0.8206388206388207,Осень,4,9,0.0021451257134627,0.0021451257134627,0.0064353771403880995,92.66943082159074,0,0,,,,,,,road
,2025-09-16 08:42:17.030985198,Восточно-Сибирская,,,2025,2024,258 days 08:02:17.109992772,372002.2851665462,1276.880332463188,0.8214578214578214,Осень,4,9,0.0021451257134627,0.0021451257134627,0.0064353771403880995,92.66943082159074,0,0,,,,,,,road
,2025-09-16 13:06:23.302072860,Восточно-Сибирская,,,2025,2024,258 days 12:26:23.381080434,372266.3896846739,264.1045181277441,0.8222768222768223,Осень,4,9,0.0021451257134627,0.0021451257134627,0.0064353771403880995,92.66943082159074,0,0,,,,,,,road
,2025-09-16 13:26:25.364138004,Восточно-Сибирская,,,2025,2024,258 days 12:46:25.443145578,372286.4240524263,20.034367752377875,0.8230958230958231,Осень,4,9,0.0021451257134627,0.0021451257134627,0.0064353771403880995,92.66943082159074,0,0,,,,,,,road
,2025-09-16 14:36:05.479559766,Восточно-Сибирская,,,2025,2024,258 days 13:56:05.558567340,372356.092642789,69.66859036270762,0.823914823914824,Осень,4,9,0.0021451257134627,0.0021451257134627,0.0064353771403880995,92.66943082159074,0,0,,,,,,,road
,2025-09-16 15:14:28.301852472,Восточно-Сибирская,,,2025,2024,258 days 14:34:28.380860046,372394.47301433416,38.38037154515041,0.8247338247338247,Осень,4,9,0.0021451257134627,0.0021451257134627,0.0064353771403880995,92.66943082159074,0,0,,,,,,,road
,2025-09-16 22:08:49.623238164,Восточно-Сибирская,,,2025,2024,258 days 21:28:49.702245738,372808.82837076223,414.3553564280737,0.8255528255528255,Осень,4,9,0.0021451257134627,0.0021451257134627,0.0064353771403880995,92.66943082159074,0,0,,,,,,,road
,2025-09-16 23:45:07.150581762,Восточно-Сибирская,,,2025,2024,258 days 23:05:07.229589336,372905.1204931556,96.29212239338085,0.8263718263718264,Осень,4,9,0.0021451257134627,0.0021451257134627,0.0064353771403880995,92.66943082159074,0,0,,,,,,,road
,2025-09-17 05:06:54.176075232,Восточно-Сибирская,,,2025,2024,259 days 04:26:54.255082806,373226.9042513801,321.783758224512,0.8271908271908271,Осень,4,9,0.0021451257134627,0.0021451257134627,0.0064353771403880995,92.66943082159074,0,0,,,,,,,road
,2025-09-17 08:42:20.243038326,Восточно-Сибирская,,,2025,2024,259 days 08:02:20.322045900,373442.338700765,215.4344493848621,0.828009828009828,Осень,4,9,0.0021451257134627,0.0021451257134627,0.0064353771403880995,92.66943082159074,0,0,,,,,,,road
,2025-09-17 21:21:44.288431968,Восточно-Сибирская,,,2025,2024,259 days 20:41:44.367439542,374201.7394573258,759.4007565607899,0.8288288288288288,Осень,4,9,0.0021451257134627,0.0021451257134627,0.0064353771403880995,92.66943082159074,0,0,,,,,,,road
,2025-09-18 00:21:51.565391628,Восточно-Сибирская,,,2025,2024,259 days 23:41:51.644399202,374381.86073998665,180.12128266086802,0.8296478296478297,Осень,4,9,0.0021451257134627,0.0021451257134627,0.0064353771403880995,92.66943082159074,0,0,,,,,,,road
,2025-09-18 05:07:36.832364562,Восточно-Сибирская,,,2025,2024,260 days 04:27:36.911372136,374667.6151895356,285.7544495489565,0.8304668304668305,Осень,4,9,0.0021451257134627,0.0021451257134627,0.0064353771403880995,92.66943082159074,0,0,,,,,,,road
,2025-09-18 15:03:10.891723164,Восточно-Сибирская,,,2025,2024,260 days 14:23:10.970730738,375263.1828455123,595.5676559766871,0.8312858312858313,Осень,4,9,0.0021451257134627,0.0021451257134627,0.0064353771403880995,92.66943082159074,0,0,,,,,,,road
,2025-09-18 19:27:58.508272092,Восточно-Сибирская,,,2025,2024,260 days 18:47:58.587279666,375527.97645466105,264.7936091487645,0.8321048321048321,Осень,4,9,0.0021451257134627,0.0021451257134627,0.0064353771403880995,92.66943082159074,0,0,,,,,,,road
,2025-09-19 07:42:42.029952924,Восточно-Сибирская,,,2025,2024,261 days 07:02:42.108960498,376262.70181600825,734.7253613471985,0.8329238329238329,Осень,4,9,0.0021451257134627,0.0021451257134627,0.0064353771403880995,92.66943082159074,0,0,,,,,,,road
,2025-09-19 16:07:55.664865312,Восточно-Сибирская,,,2025,2024,261 days 15:27:55.743872886,376767.92906454817,505.2272485399153,0.8337428337428338,Осень,4,9,0.0021451257134627,0.0021451257134627,0.0064353771403880995,92.66943082159074,0,0,,,,,,,road
,2025-09-19 20:14:18.852939564,Восточно-Сибирская,,,2025,2024,261 days 19:34:18.931947138,377014.31553245225,246.3864679040853,0.8345618345618345,Осень,4,9,0.0021451257134627,0.0021451257134627,0.0064353771403880995,92.66943082159074,0,0,,,,,,,road
,2025-09-20 01:41:10.092738864,Восточно-Сибирская,,,2025,2024,262 days 01:01:10.171746438,377341.16952910734,326.85399665508885,0.8353808353808354,Осень,4,9,0.0021451257134627,0.0021451257134627,0.0064353771403880995,92.66943082159074,0,0,,,,,,,road
,2025-09-21 04:14:16.997750658,Восточно-Сибирская,,,2025,2024,263 days 03:34:17.076758232,378934.2846126372,1593.1150835298467,0.8361998361998362,Осень,4,9,0.0021451257134627,0.0021451257134627,0.0064353771403880995,92.66943082159074,0,0,,,,,,,road
,2025-09-21 12:39:24.609602784,Восточно-Сибирская,,,2025,2024,263 days 11:59:24.688610358,379439.41147683933,505.12686420214595,0.8370188370188371,Осень,4,9,0.0021451257134627,0.0021451257134627,0.0064353771403880995,92.66943082159074,0,0,,,,,,,road
,2025-09-22 06:56:42.097474440,Восточно-Сибирская,,,2025,2024,264 days 06:16:42.176482014,380536.7029413669,1097.291464527545,0.8378378378378378,Осень,4,9,0.0021451257134627,0.0021451257134627,0.0064353771403880995,92.66943082159074,0,0,,,,,,,road
,2025-09-22 08:28:30.531660006,Восточно-Сибирская,,,2025,2024,264 days 07:48:30.610667580,380628.510177793,91.80723642610246,0.8386568386568387,Осень,4,9,0.0021451257134627,0.0021451257134627,0.0064353771403880995,92.66943082159074,0,0,,,,,,,road
,2025-09-22 13:36:15.723324798,Восточно-Сибирская,,,2025,2024,264 days 12:56:15.802332372,380936.2633722062,307.7531944132061,0.8394758394758395,Осень,4,9,0.0021451257134627,0.0021451257134627,0.0064353771403880995,92.66943082159074,0,0,,,,,,,road
,2025-09-23 08:11:54.031080282,Восточно-Сибирская,,,2025,2024,265 days 07:31:54.110087856,382051.90183479764,1115.6384625914507,0.8402948402948403,Осень,4,9,0.0021451257134627,0.0021451257134627,0.0064353771403880995,92.66943082159074,0,0,,,,,,,road
,2025-09-23 11:13:28.809185070,Восточно-Сибирская,,,2025,2024,265 days 10:33:28.888192644,382233.48146987736,181.57963507971726,0.8411138411138411,Осень,4,9,0.0021451257134627,0.0021451257134627,0.0064353771403880995,92.66943082159074,0,0,,,,,,,road
,2025-09-24 13:53:11.442497538,Восточно-Сибирская,,,2025,2024,266 days 13:13:11.521505112,383833.1920250852,1599.7105552078574,0.8419328419328419,Осень,4,9,0.0021451257134627,0.0021451257134627,0.0064353771403880995,92.66943082159074,0,0,,,,,,,road
,2025-09-24 14:40:47.737858260,Восточно-Сибирская,,,2025,2024,266 days 14:00:47.816865834,383880.7969477639,47.604922678670846,0.8427518427518428,Осень,4,9,0.0021451257134627,0.0021451257134627,0.0064353771403880995,92.66943082159074,0,0,,,,,,,road
,2025-09-25 08:46:49.234597980,Восточно-Сибирская,,,2025,2024,267 days 08:06:49.313605554,384966.82189342583,1086.0249456619495,0.8435708435708436,Осень,4,9,0.0021451257134627,0.0021451257134627,0.0064353771403880995,92.66943082159074,0,0,,,,,,,road
,2025-09-25 13:21:28.532846556,Восточно-Сибирская,,,2025,2024,267 days 12:41:28.611854130,385241.4768642355,274.6549708096427,0.8443898443898444,Осень,4,9,0.0021451257134627,0.0021451257134627,0.0064353771403880995,92.66943082159074,0,0,,,,,,,road
,2025-09-25 13:57:11.198960754,Восточно-Сибирская,,,2025,2024,267 days 13:17:11.277968328,385277.1879661388,35.7111019033473,0.8452088452088452,Осень,4,9,0.0021451257134627,0.0021451257134627,0.0064353771403880995,92.66943082159074,0,0,,,,,,,road
,2025-09-26 06:23:44.505546348,Восточно-Сибирская,,,2025,2024,268 days 05:43:44.584553922,386263.7430758987,986.5551097598509,0.846027846027846,Осень,4,9,0.0021451257134627,0.0021451257134627,0.0064353771403880995,92.66943082159074,0,0,,,,,,,road
,2025-09-26 08:39:03.536681328,Восточно-Сибирская,,,2025,2024,268 days 07:59:03.615688902,386399.06026148173,135.31718558305874,0.8468468468468469,Осень,4,9,0.0021451257134627,0.0021451257134627,0.0064353771403880995,92.66943082159074,0,0,,,,,,,road
,2025-09-26 08:49:28.264418484,Восточно-Сибирская,,,2025,2024,268 days 08:09:28.343426058,386409.4723904343,10.412128952564672,0.8476658476658476,Осень,4,9,0.002161075203738887,0.0021451257134627,0.0064353771403880995,92.66943082159074,0,1,,,,,,,road
,2025-09-26 09:41:05.856353142,Восточно-Сибирская,,,2025,2024,268 days 09:01:05.935360716,386461.09892267856,51.62653224426322,0.8484848484848485,Осень,4,9,0.0028272144439686732,0.0021451257134627,0.0064353771403880995,92.66943082159074,0,1,,,,,,,road
,2025-09-26 14:44:35.835009366,Восточно-Сибирская,,,2025,2024,268 days 14:04:35.914016940,386764.598566949,303.4996442704578,0.8493038493038493,Осень,4,9,0.003545998702633473,0.0021451257134627,0.0064353771403880995,92.66943082159074,0,1,,,,,,,road
,2025-09-27 05:29:54.994452894,Восточно-Сибирская,,,2025,2024,269 days 04:49:55.073460468,387649.9178910078,885.3193240587716,0.8501228501228502,Осень,4,9,0.004301476935301366,0.0021451257134627,0.0064353771403880995,92.66943082159074,0,1,,,,,,,road
,2025-09-27 05:57:12.596301300,Восточно-Сибирская,,,2025,2024,269 days 05:17:12.675308874,387677.2112551479,27.29336414008867,0.8509418509418509,Осень,4,9,0.0043299177073807885,0.0021451257134627,0.0064353771403880995,92.66943082159074,0,1,,,,,,,road
,2025-09-27 08:19:22.200554316,Восточно-Сибирская,,,2025,2024,269 days 07:39:22.279561890,387819.37132603145,142.16007088357583,0.8517608517608518,Осень,4,9,0.004359875137978063,0.0021451257134627,0.0064353771403880995,92.66943082159074,0,1,,,,,,,road
,2025-09-27 09:01:20.649435522,Восточно-Сибирская,,,2025,2024,269 days 08:21:20.728443096,387861.3454740516,41.97414802014828,0.8525798525798526,Осень,4,9,0.004746433965360422,0.0021451257134627,0.0064353771403880995,92.66943082159074,0,1,,,,,,,road
,2025-09-27 13:45:32.107383786,Восточно-Сибирская,,,2025,2024,269 days 13:05:32.186391360,388145.536439856,284.1909658043878,0.8533988533988534,Осень,4,9,0.004808861573789066,0.0021451257134627,0.0064353771403880995,92.66943082159074,0,1,,,,,,,road
,2025-09-27 14:11:35.474064972,Восточно-Сибирская,,,2025,2024,269 days 13:31:35.553072546,388171.5925512091,26.056111353100277,0.8542178542178542,Осень,4,9,0.004821517811239531,0.0021451257134627,0.0064353771403880995,92.66943082159074,0,1,,,,,,,road
,2025-09-27 15:07:16.182443934,Восточно-Сибирская,,,2025,2024,269 days 14:27:16.261451508,388227.2710241918,55.67847298271954,0.855036855036855,Осень,4,9,0.004925218437290086,0.0021451257134627,0.0064353771403880995,92.66943082159074,0,1,,,,,,,road
,2025-09-27 15:49:06.726295464,Восточно-Сибирская,,,2025,2024,269 days 15:09:06.805303038,388269.11342171737,41.84239752555732,0.8558558558558559,Осень,4,9,0.005225825601399531,0.0021451257134627,0.0064353771403880995,92.66943082159074,0,1,,,,,,,road
,2025-09-27 18:22:22.244429844,Восточно-Сибирская,,,2025,2024,269 days 17:42:22.323437418,388422.3720572902,153.2586355728563,0.8566748566748567,Осень,4,9,0.00524683611579262,0.0021451257134627,0.0064353771403880995,92.66943082159074,0,1,,,,,,,road
,2025-09-28 00:44:19.181934600,Восточно-Сибирская,,,2025,2024,270 days 00:04:19.260942174,388804.3210157029,381.9489584126859,0.8574938574938575,Осень,4,9,0.005406530746993463,0.0021451257134627,0.0064353771403880995,92.66943082159074,0,1,,,,,,,road
,2025-09-28 02:56:39.727686372,Восточно-Сибирская,,,2025,2024,270 days 02:16:39.806693946,388936.6634448991,132.342429196171,0.8583128583128583,Осень,4,9,0.005407013240658022,0.0021451257134627,0.0064353771403880995,92.66943082159074,0,1,,,,,,,road
,2025-09-28 03:07:43.737079470,Восточно-Сибирская,,,2025,2024,270 days 02:27:43.816087044,388947.7302681174,11.066823218308855,0.8591318591318591,Осень,4,9,0.005422376327585059,0.0021451257134627,0.0064353771403880995,92.66943082159074,0,1,,,,,,,road
,2025-09-28 05:39:01.372806876,Восточно-Сибирская,,,2025,2024,270 days 04:59:01.451814450,389099.02419690747,151.29392879008083,0.85995085995086,Осень,4,9,0.005477499911369783,0.0021451257134627,0.0064353771403880995,92.66943082159074,0,1,,,,,,,road
,2025-09-28 10:30:01.734655968,Восточно-Сибирская,,,2025,2024,270 days 09:50:01.813663542,389390.0302277257,291.00603081821464,0.8607698607698607,Осень,4,9,0.005488268039182467,0.0021451257134627,0.0064353771403880995,92.66943082159074,0,1,,,,,,,road
,2025-09-28 10:54:55.876361994,Восточно-Сибирская,,,2025,2024,270 days 10:14:55.955369568,389414.9325894928,24.902361767133698,0.8615888615888616,Осень,4,9,0.005691971414263019,0.0021451257134627,0.0064353771403880995,92.66943082159074,0,1,,,,,,,road
,2025-09-28 11:06:39.706765230,Восточно-Сибирская,,,2025,2024,270 days 10:26:39.785772804,389426.6630962134,11.730506720603444,0.8624078624078624,Осень,4,9,0.0064353771403880995,0.0021451257134627,0.0064353771403880995,92.66943082159074,1,0,,,,,,,road
,2025-09-28 11:38:59.157104988,Восточно-Сибирская,,,2025,2024,270 days 10:58:59.236112562,389458.9872685427,32.324172329274006,0.8632268632268633,Осень,4,9,0.0064353771403880995,0.0021451257134627,0.0064353771403880995,92.66943082159074,1,0,,,,,,,road
,2025-09-28 15:11:59.395715268,Восточно-Сибирская,,,2025,2024,270 days 14:31:59.474722842,389671.99124538066,213.00397683796473,0.864045864045864,Осень,4,9,0.0064353771403880995,0.0021451257134627,0.0064353771403880995,92.66943082159074,1,0,,,,,,,road
,2025-09-28 17:31:10.469222094,Восточно-Сибирская,,,2025,2024,270 days 16:51:10.548229668,389811.1758038278,139.18455844715936,0.8648648648648649,Осень,4,9,0.0064353771403880995,0.0021451257134627,0.0064353771403880995,92.66943082159074,1,0,,,,,,,road
,2025-09-28 19:32:02.467059912,Восточно-Сибирская,,,2025,2024,270 days 18:52:02.546067486,389932.0424344581,120.86663063027663,0.8656838656838657,Осень,4,9,0.0064353771403880995,0.0021451257134627,0.0064353771403880995,92.66943082159074,1,0,,,,,,,road
,2025-09-28 20:16:38.196852042,Восточно-Сибирская,,,2025,2024,270 days 19:36:38.275859616,389976.63793099363,44.59549653553404,0.8665028665028665,Осень,4,9,0.0064353771403880995,0.0021451257134627,0.0064353771403880995,92.66943082159074,1,0,,,,,,,road
,2025-09-28 21:19:23.210251032,Восточно-Сибирская,,,2025,2024,270 days 20:39:23.289258606,390039.3881543101,62.75022331648506,0.8673218673218673,Осень,4,9,0.0064353771403880995,0.0021451257134627,0.0064353771403880995,92.66943082159074,1,0,,,,,,,road
,2025-09-29 06:04:18.040292160,Восточно-Сибирская,,,2025,2024,271 days 05:24:18.119299734,390564.3019883289,524.9138340188074,0.8681408681408681,Осень,4,9,0.0064353771403880995,0.0021451257134627,0.0064353771403880995,92.66943082159074,1,0,,,,,,,road
,2025-09-29 06:47:04.415300388,Восточно-Сибирская,,,2025,2024,271 days 06:07:04.494307962,390607.0749051327,42.77291680377675,0.868959868959869,Осень,4,9,0.0064353771403880995,0.0021451257134627,0.0064353771403880995,92.66943082159074,1,0,,,,,,,road
,2025-09-29 12:47:27.168553434,Восточно-Сибирская,,,2025,2024,271 days 12:07:27.247561008,390967.4541260168,360.3792208841187,0.8697788697788698,Осень,4,9,0.0064353771403880995,0.0021451257134627,0.0064353771403880995,92.66943082159074,1,0,,,,,,,road
,2025-09-29 15:02:27.084101148,Восточно-Сибирская,,,2025,2024,271 days 14:22:27.163108722,391102.4527184787,134.9985924618668,0.8705978705978706,Осень,4,9,0.0064353771403880995,0.0021451257134627,0.0064353771403880995,92.66943082159074,1,0,,,,,,,road
,2025-09-29 15:22:53.924924208,Восточно-Сибирская,,,2025,2024,271 days 14:42:54.003931782,391122.90006552974,20.447347051056568,0.8714168714168714,Осень,4,9,0.0064353771403880995,0.0021451257134627,0.0064353771403880995,92.66943082159074,1,0,,,,,,,road
,2025-09-29 17:00:46.029276978,Восточно-Сибирская,,,2025,2024,271 days 16:20:46.108284552,391220.7684714092,97.86840587947518,0.8722358722358723,Осень,4,9,0.0064353771403880995,0.0021451257134627,0.0064353771403880995,92.66943082159074,1,0,,,,,,,road
,2025-09-30 00:41:49.861457754,Восточно-Сибирская,,,2025,2024,272 days 00:01:49.940465328,391681.8323410888,461.0638696795795,0.8730548730548731,Осень,4,9,0.0064353771403880995,0.0021451257134627,0.0064353771403880995,92.66943082159074,1,0,,,,,,,road
,2025-09-30 02:06:05.575614498,Восточно-Сибирская,,,2025,2024,272 days 01:26:05.654622072,391766.0942437012,84.26190261240117,0.8738738738738738,Осень,4,9,0.0064353771403880995,0.0021451257134627,0.0064353771403880995,92.66943082159074,1,0,,,,,,,road
,2025-09-30 07:15:24.860693154,Восточно-Сибирская,,,2025,2024,272 days 06:35:24.939700728,392075.41566167877,309.32141797756776,0.8746928746928747,Осень,4,9,0.0064353771403880995,0.0021451257134627,0.0064353771403880995,92.66943082159074,1,0,,,,,,,road
,2025-09-30 08:01:27.315227604,Восточно-Сибирская,,,2025,2024,272 days 07:21:27.394235178,392121.45657058625,46.040908907481935,0.8755118755118755,Осень,4,9,0.0064353771403880995,0.0021451257134627,0.0064353771403880995,92.66943082159074,1,0,,,,,,,road
,2025-09-30 10:12:56.054865306,Восточно-Сибирская,,,2025,2024,272 days 09:32:56.133872880,392252.935564548,131.47899396176217,0.8763308763308764,Осень,4,9,0.0064353771403880995,0.0021451257134627,0.0064353771403880995,92.66943082159074,1,0,,,,,,,road
,2025-09-30 15:01:29.272124454,Восточно-Сибирская,,,2025,2024,272 days 14:21:29.351132028,392541.4891855338,288.55362098576734,0.8771498771498771,Осень,4,9,0.0064353771403880995,0.0021451257134627,0.0064353771403880995,92.66943082159074,1,0,,,,,,,road
,2025-09-30 21:35:18.389842560,Восточно-Сибирская,,,2025,2024,272 days 20:55:18.468850134,392935.3078141689,393.81862863514107,0.877968877968878,Осень,4,9,0.0064353771403880995,0.0021451257134627,0.0064353771403880995,92.66943082159074,1,0,,,,,,,road
,2025-09-30 23:18:40.249479132,Восточно-Сибирская,,,2025,2024,272 days 22:38:40.328486706,393038.67214144504,103.36432727612555,0.8787878787878788,Осень,4,9,0.0064353771403880995,0.0021451257134627,0.0064353771403880995,92.66943082159074,1,0,,,,,,,road
,2025-10-01 01:57:17.502787776,Восточно-Сибирская,,,2025,2024,273 days 01:17:17.581795350,393197.2930299226,158.62088847754057,0.8796068796068796,Осень,4,10,0.0064353771403880995,0.0021451257134627,0.0064353771403880995,92.66943082159074,1,0,,,,,,,road
,2025-10-01 01:57:45.329410668,Восточно-Сибирская,,,2025,2024,273 days 01:17:45.408418242,393197.75680697063,0.463777048047632,0.8804258804258804,Осень,4,10,0.0064353771403880995,0.0021451257134627,0.0064353771403880995,92.66943082159074,1,0,,,,,,,road
,2025-10-01 02:43:07.678742604,Восточно-Сибирская,,,2025,2024,273 days 02:03:07.757750178,393243.12929583626,45.37248886562884,0.8812448812448812,Осень,4,10,0.0064353771403880995,0.0021451257134627,0.0064353771403880995,92.66943082159074,1,0,,,,,,,road
,2025-10-01 03:33:53.811824916,Восточно-Сибирская,,,2025,2024,273 days 02:53:53.890832490,393293.89818054147,50.76888470520498,0.8820638820638821,Осень,4,10,0.0064353771403880995,0.0021451257134627,0.0064353771403880995,92.66943082159074,1,0,,,,,,,road
,2025-10-01 03:49:08.970680640,Восточно-Сибирская,,,2025,2024,273 days 03:09:09.049688214,393309.15082813695,15.252647595480084,0.8828828828828829,Осень,4,10,0.0064353771403880995,0.0021451257134627,0.0064353771403880995,92.66943082159074,1,0,,,,,,,road
,2025-10-01 04:40:07.817647445,Восточно-Сибирская,,,2025,2024,273 days 04:00:07.896655019,393360.131610917,50.98078278003959,0.8837018837018837,Осень,4,10,0.0064353771403880995,0.0021451257134627,0.0064353771403880995,92.66943082159074,1,0,,,,,,,road
,2025-10-01 05:40:18.924351594,Восточно-Сибирская,,,2025,2024,273 days 05:00:19.003359168,393420.3167226528,60.185111735831015,0.8845208845208845,Осень,4,10,0.0064353771403880995,0.0021451257134627,0.0064353771403880995,92.66943082159074,1,0,,,,,,,road
,2025-10-01 14:38:56.371100700,Восточно-Сибирская,,,2025,2024,273 days 13:58:56.450108274,393958.94083513785,538.6241124850349,0.8853398853398854,Осень,4,10,0.0064353771403880995,0.0021451257134627,0.0064353771403880995,92.66943082159074,1,0,,,,,,,road
,2025-10-01 17:30:33.542501238,Восточно-Сибирская,,,2025,2024,273 days 16:50:33.621508812,394130.5603584802,171.61952334234957,0.8861588861588862,Осень,4,10,0.0064353771403880995,0.0021451257134627,0.0064353771403880995,92.66943082159074,1,0,,,,,,,road
,2025-10-01 18:56:49.320576852,Восточно-Сибирская,,,2025,2024,273 days 18:16:49.399584426,394216.82332640706,86.26296792685753,0.8869778869778869,Осень,4,10,0.0064353771403880995,0.0021451257134627,0.0064353771403880995,92.66943082159074,1,0,,,,,,,road
,2025-10-02 06:24:47.995504518,Восточно-Сибирская,,,2025,2024,274 days 05:44:48.074512092,394904.8012418682,687.9779154611169,0.8877968877968878,Осень,4,10,0.0064353771403880995,0.0021451257134627,0.0064353771403880995,92.66943082159074,1,0,,,,,,,road
,2025-10-02 06:50:38.756906526,Восточно-Сибирская,,,2025,2024,274 days 06:10:38.835914100,394930.647265235,25.846023366844747,0.8886158886158886,Осень,4,10,0.0064353771403880995,0.0021451257134627,0.0064353771403880995,92.66943082159074,1,0,,,,,,,road
,2025-10-02 08:31:05.082484722,Восточно-Сибирская,,,2025,2024,274 days 07:51:05.161492296,395031.0860248716,100.43875963659957,0.8894348894348895,Осень,4,10,0.0064353771403880995,0.0021451257134627,0.0064353771403880995,92.66943082159074,1,0,,,,,,,road
,2025-10-02 11:12:55.128427266,Восточно-Сибирская,,,2025,2024,274 days 10:32:55.207434840,395192.920123914,161.83409904240398,0.8902538902538902,Осень,4,10,0.0064353771403880995,0.0021451257134627,0.0064353771403880995,92.66943082159074,1,0,,,,,,,road
,2025-10-02 11:21:48.290357994,Восточно-Сибирская,,,2025,2024,274 days 10:41:48.369365568,395201.80615609285,8.88603217882337,0.8910728910728911,Осень,4,10,0.0064353771403880995,0.0021451257134627,0.0064353771403880995,92.66943082159074,1,0,,,,,,,road
,2025-10-02 14:37:57.338096160,Восточно-Сибирская,,,2025,2024,274 days 13:57:57.417103734,395397.95695172896,196.15079563611653,0.8918918918918919,Осень,4,10,0.0064353771403880995,0.0021451257134627,0.0064353771403880995,92.66943082159074,1,0,,,,,,,road
,2025-10-02 14:54:18.288911442,Восточно-Сибирская,,,2025,2024,274 days 14:14:18.367919016,395414.3061319836,16.34918025461957,0.8927108927108927,Осень,4,10,0.0064353771403880995,0.0021451257134627,0.0064353771403880995,92.66943082159074,1,0,,,,,,,road
,2025-10-02 15:17:47.541604566,Восточно-Сибирская,,,2025,2024,274 days 14:37:47.620612140,395437.793676869,23.487544885429088,0.8935298935298935,Осень,4,10,0.0064353771403880995,0.0021451257134627,0.0064353771403880995,92.66943082159074,1,0,,,,,,,road
,2025-10-02 15:44:49.673364276,Восточно-Сибирская,,,2025,2024,274 days 15:04:49.752371850,395464.82920619746,27.035529328451958,0.8943488943488943,Осень,4,10,0.0064353771403880995,0.0021451257134627,0.0064353771403880995,92.66943082159074,1,0,,,,,,,road
,2025-10-02 22:35:36.479384124,Восточно-Сибирская,,,2025,2024,274 days 21:55:36.558391698,395875.6093065283,410.7801003308268,0.8951678951678952,Осень,4,10,0.0064353771403880995,0.0021451257134627,0.0064353771403880995,92.66943082159074,1,0,,,,,,,road
,2025-10-03 01:34:14.702737512,Восточно-Сибирская,,,2025,2024,275 days 00:54:14.781745086,396054.2463624181,178.63705588981975,0.895986895986896,Осень,4,10,0.0064353771403880995,0.0021451257134627,0.0064353771403880995,92.66943082159074,1,0,,,,,,,road
,2025-10-03 04:19:48.393404280,Восточно-Сибирская,,,2025,2024,275 days 03:39:48.472411854,396219.80787353095,165.5615111128427,0.8968058968058968,Осень,4,10,0.0064353771403880995,0.0021451257134627,0.0064353771403880995,92.66943082159074,1,0,,,,,,,road
,2025-10-03 06:25:47.769415878,Восточно-Сибирская,,,2025,2024,275 days 05:45:47.848423452,396345.7974737242,125.98960019322112,0.8976248976248976,Осень,4,10,0.0064353771403880995,0.0021451257134627,0.0064353771403880995,92.66943082159074,1,0,,,,,,,road
,2025-10-03 07:19:37.885467708,Восточно-Сибирская,,,2025,2024,275 days 06:39:37.964475282,396399.6327412547,53.83526753052138,0.8984438984438985,Осень,4,10,0.0064353771403880995,0.0021451257134627,0.0064353771403880995,92.66943082159074,1,0,,,,,,,road
,2025-10-03 09:50:20.974115250,Восточно-Сибирская,,,2025,2024,275 days 09:10:21.053122824,396550.35088538035,150.71814412565436,0.8992628992628993,Осень,4,10,0.0064353771403880995,0.0021451257134627,0.0064353771403880995,92.66943082159074,1,0,,,,,,,road
,2025-10-03 11:12:22.704655290,Восточно-Сибирская,,,2025,2024,275 days 10:32:22.783662864,396632.3797277144,82.02884233405348,0.9000819000819,Осень,4,10,0.0064353771403880995,0.0021451257134627,0.0064353771403880995,92.66943082159074,1,0,,,,,,,road
,2025-10-03 11:36:47.799710586,Восточно-Сибирская,,,2025,2024,275 days 10:56:47.878718160,396656.797978636,24.418250921589788,0.9009009009009009,Осень,4,10,0.0064353771403880995,0.0021451257134627,0.0064353771403880995,92.66943082159074,1,0,,,,,,,road
,2025-10-03 14:38:35.176875054,Восточно-Сибирская,,,2025,2024,275 days 13:58:35.255882628,396838.5875980438,181.78961940779118,0.9017199017199017,Осень,4,10,0.0064353771403880995,0.0021451257134627,0.0064353771403880995,92.66943082159074,1,0,,,,,,,road
,2025-10-03 15:00:09.104918586,Восточно-Сибирская,,,2025,2024,275 days 14:20:09.183926160,396860.153065436,21.56546739221085,0.9025389025389026,Осень,4,10,0.0064353771403880995,0.0021451257134627,0.0064353771403880995,92.66943082159074,1,0,,,,,,,road
,2025-10-03 15:33:01.453480662,Восточно-Сибирская,,,2025,2024,275 days 14:53:01.532488236,396893.02554147056,32.8724760345649,0.9033579033579033,Осень,4,10,0.0064353771403880995,0.0021451257134627,0.0064353771403880995,92.66943082159074,1,0,,,,,,,road
,2025-10-03 19:57:30.899376419,Восточно-Сибирская,,,2025,2024,275 days 19:17:30.978383993,397157.5163063999,264.4907649293309,0.9041769041769042,Осень,4,10,0.0064353771403880995,0.0021451257134627,0.0064353771403880995,92.66943082159074,1,0,,,,,,,road
,2025-10-03 22:45:12.352784832,Восточно-Сибирская,,,2025,2024,275 days 22:05:12.431792406,397325.20719654014,167.6908901402494,0.904995904995905,Осень,4,10,0.0064353771403880995,0.0021451257134627,0.0064353771403880995,92.66943082159074,1,0,,,,,,,road
,2025-10-04 01:20:07.236125718,Восточно-Сибирская,,,2025,2024,276 days 00:40:07.315133292,397480.1219188882,154.9147223480395,0.9058149058149059,Осень,4,10,0.0064353771403880995,0.0021451257134627,0.0064353771403880995,92.66943082159074,1,0,,,,,,,road
,2025-10-04 02:44:17.134276410,Восточно-Сибирская,,,2025,2024,276 days 02:04:17.213283984,397564.28688806645,84.16496917826589,0.9066339066339066,Осень,4,10,0.0064353771403880995,0.0021451257134627,0.0064353771403880995,92.66943082159074,1,0,,,,,,,road
,2025-10-04 04:02:42.179019792,Восточно-Сибирская,,,2025,2024,276 days 03:22:42.258027366,397642.7043004561,78.41741238965187,0.9074529074529074,Осень,4,10,0.0064353771403880995,0.0021451257134627,0.0064353771403880995,92.66943082159074,1,0,,,,,,,road
,2025-10-04 07:04:49.561592910,Восточно-Сибирская,,,2025,2024,276 days 06:24:49.640600484,397824.82734334137,182.1230428852723,0.9082719082719083,Осень,4,10,0.0064353771403880995,0.0021451257134627,0.0064353771403880995,92.66943082159074,1,0,,,,,,,road
,2025-10-04 10:34:09.151383678,Восточно-Сибирская,,,2025,2024,276 days 09:54:09.230391252,398034.15383985423,209.32649651286192,0.9090909090909091,Осень,4,10,0.0064353771403880995,0.0021451257134627,0.0064353771403880995,92.66943082159074,1,0,,,,,,,road
,2025-10-04 12:25:04.100181786,Восточно-Сибирская,,,2025,2024,276 days 11:45:04.179189360,398145.06965315604,110.91581330180634,0.9099099099099099,Осень,4,10,0.0064353771403880995,0.0021451257134627,0.0064353771403880995,92.66943082159074,1,0,,,,,,,road
,2025-10-04 21:26:12.978730590,Восточно-Сибирская,,,2025,2024,276 days 20:46:13.057738164,398686.2176289694,541.1479758133646,0.9107289107289107,Осень,4,10,0.0064353771403880995,0.0021451257134627,0.0064353771403880995,92.66943082159074,1,0,,,,,,,road
,2025-10-05 05:30:31.980967482,Восточно-Сибирская,,,2025,2024,277 days 04:50:32.059975056,399170.53433291765,484.3167039482505,0.9115479115479116,Осень,4,10,0.0064353771403880995,0.0021451257134627,0.0064353771403880995,92.66943082159074,1,0,,,,,,,road
,2025-10-05 06:53:09.816490392,Восточно-Сибирская,,,2025,2024,277 days 06:13:09.895497966,399253.1649249661,82.63059204845922,0.9123669123669124,Осень,4,10,0.0064353771403880995,0.0021451257134627,0.0064353771403880995,92.66943082159074,1,0,,,,,,,road
,2025-10-05 11:20:09.962765916,Восточно-Сибирская,,,2025,2024,277 days 10:40:10.041773490,399520.1673628914,267.00243792531546,0.9131859131859131,Осень,4,10,0.0064353771403880995,0.0021451257134627,0.0064353771403880995,92.66943082159074,1,0,,,,,,,road
,2025-10-05 13:21:56.370419640,Восточно-Сибирская,,,2025,2024,277 days 12:41:56.449427214,399641.94082378695,121.77346089552157,0.914004914004914,Осень,4,10,0.0064353771403880995,0.0021451257134627,0.0064353771403880995,92.66943082159074,1,0,,,,,,,road
,2025-10-05 15:13:20.731744362,Восточно-Сибирская,,,2025,2024,277 days 14:33:20.810751936,399753.3468458656,111.40602207864868,0.9148239148239148,Осень,4,10,0.0064353771403880995,0.0021451257134627,0.0064353771403880995,92.66943082159074,1,0,,,,,,,road
,2025-10-05 15:22:07.808750340,Восточно-Сибирская,,,2025,2024,277 days 14:42:07.887757914,399762.13146263186,8.784616766264662,0.9156429156429157,Осень,4,10,0.0064353771403880995,0.0021451257134627,0.0064353771403880995,92.66943082159074,1,0,,,,,,,road
,2025-10-05 17:34:43.114716996,Восточно-Сибирская,,,2025,2024,277 days 16:54:43.193724570,399894.7198954095,132.5884327776148,0.9164619164619164,Осень,4,10,0.0064353771403880995,0.0021451257134627,0.0064353771403880995,92.66943082159074,1,0,,,,,,,road
,2025-10-05 23:33:25.220847642,Восточно-Сибирская,,,2025,2024,277 days 22:53:25.299855216,400253.42166425363,358.7017688441556,0.9172809172809173,Осень,4,10,0.0064353771403880995,0.0021451257134627,0.0064353771403880995,92.66943082159074,1,0,,,,,,,road
,2025-10-06 03:28:47.808756678,Восточно-Сибирская,,,2025,2024,278 days 02:48:47.887764252,400488.7981294042,235.37646515056258,0.9180999180999181,Осень,4,10,0.0064353771403880995,0.0021451257134627,0.0064353771403880995,92.66943082159074,1,0,,,,,,,road
,2025-10-06 07:28:36.357997188,Восточно-Сибирская,,,2025,2024,278 days 06:48:36.437004762,400728.60728341265,239.80915400845697,0.918918918918919,Осень,4,10,0.0064353771403880995,0.0021451257134627,0.0064353771403880995,92.66943082159074,1,0,,,,,,,road
,2025-10-06 07:55:41.147740128,Восточно-Сибирская,,,2025,2024,278 days 07:15:41.226747702,400755.6871124617,27.079829049063846,0.9197379197379197,Осень,4,10,0.0064353771403880995,0.0021451257134627,0.0064353771403880995,92.66943082159074,1,0,,,,,,,road
,2025-10-06 11:22:36.288477726,Восточно-Сибирская,,,2025,2024,278 days 10:42:36.367485300,400962.606124755,206.91901229327777,0.9205569205569205,Осень,4,10,0.0021451257134627,0.0021451257134627,0.0064353771403880995,92.66943082159074,0,0,,,,,,,road
,2025-10-06 13:26:23.424651750,Восточно-Сибирская,,,2025,2024,278 days 12:46:23.503659324,401086.39172765537,123.78560290037422,0.9213759213759214,Осень,4,10,0.0021451257134627,0.0021451257134627,0.0064353771403880995,92.66943082159074,0,0,,,,,,,road
,2025-10-06 16:23:23.040385800,Восточно-Сибирская,,,2025,2024,278 days 15:43:23.119393374,401263.3853232229,176.99359556753188,0.9221949221949222,Осень,4,10,0.0021451257134627,0.0021451257134627,0.0064353771403880995,92.66943082159074,0,0,,,,,,,road
,2025-10-06 23:07:16.707311022,Восточно-Сибирская,,,2025,2024,278 days 22:27:16.786318596,401667.2797719766,403.89444875367917,0.923013923013923,Осень,4,10,0.0021451257134627,0.0021451257134627,0.0064353771403880995,92.66943082159074,0,0,,,,,,,road
,2025-10-07 02:38:49.386825228,Восточно-Сибирская,,,2025,2024,279 days 01:58:49.465832802,401878.82443054667,211.54465857008472,0.9238329238329238,Осень,4,10,0.0021451257134627,0.0021451257134627,0.0064353771403880995,92.66943082159074,0,0,,,,,,,road
,2025-10-07 09:02:16.926792828,Восточно-Сибирская,,,2025,2024,279 days 08:22:17.005800402,402262.28343000665,383.458999459981,0.9246519246519247,Осень,4,10,0.0021451257134627,0.0021451257134627,0.0064353771403880995,92.66943082159074,0,0,,,,,,,road
,2025-10-07 13:31:19.917134820,Восточно-Сибирская,,,2025,2024,279 days 12:51:19.996142394,402531.33326903987,269.04983903322136,0.9254709254709255,Осень,4,10,0.0021451257134627,0.0021451257134627,0.0064353771403880995,92.66943082159074,0,0,,,,,,,road
,2025-10-07 16:08:46.491190080,Восточно-Сибирская,,,2025,2024,279 days 15:28:46.570197654,402688.77616996097,157.44290092110168,0.9262899262899262,Осень,4,10,0.0021451257134627,0.0021451257134627,0.0064353771403880995,92.66943082159074,0,0,,,,,,,road
,2025-10-07 16:55:30.976289376,Восточно-Сибирская,,,2025,2024,279 days 16:15:31.055296950,402735.5175882826,46.74141832161695,0.9271089271089271,Осень,4,10,0.0021451257134627,0.0021451257134627,0.0064353771403880995,92.66943082159074,0,0,,,,,,,road
,2025-10-08 10:12:20.740223934,Восточно-Сибирская,,,2025,2024,280 days 09:32:20.819231508,403772.34698719176,1036.8293989091762,0.9279279279279279,Осень,4,10,0.0021451257134627,0.0021451257134627,0.0064353771403880995,92.66943082159074,0,0,,,,,,,road
,2025-10-08 10:17:40.680559632,Восточно-Сибирская,,,2025,2024,280 days 09:37:40.759567206,403777.6793261201,5.332338928361423,0.9287469287469288,Осень,4,10,0.0021451257134627,0.0021451257134627,0.0064353771403880995,92.66943082159074,0,0,,,,,,,road
,2025-10-08 10:18:26.939527008,Восточно-Сибирская,,,2025,2024,280 days 09:38:27.018534582,403778.45030890976,0.7709827896323986,0.9295659295659295,Осень,4,10,0.0021451257134627,0.0021451257134627,0.0064353771403880995,92.66943082159074,0,0,,,,,,,road
,2025-10-08 23:55:47.288688960,Восточно-Сибирская,,,2025,2024,280 days 23:15:47.367696534,404595.7894616089,817.3391526991618,0.9303849303849304,Осень,4,10,0.0021451257134627,0.0021451257134627,0.0064353771403880995,92.66943082159074,0,0,,,,,,,road
,2025-10-10 20:35:21.899031096,Восточно-Сибирская,,,2025,2024,282 days 19:55:21.978038670,407275.3663006445,2679.5768390356097,0.9312039312039312,Осень,4,10,0.0021451257134627,0.0021451257134627,0.0064353771403880995,92.66943082159074,0,0,,,,,,,road
,2025-10-11 06:40:45.929969484,Восточно-Сибирская,,,2025,2024,283 days 06:00:46.008977058,407880.7668162843,605.400515639747,0.9320229320229321,Осень,4,10,0.0021451257134627,0.0021451257134627,0.0064353771403880995,92.66943082159074,0,0,,,,,,,road
,2025-10-11 06:47:56.441371698,Восточно-Сибирская,,,2025,2024,283 days 06:07:56.520379272,407887.9420063212,7.175190036941785,0.9328419328419328,Осень,4,10,0.0021451257134627,0.0021451257134627,0.0064353771403880995,92.66943082159074,0,0,,,,,,,road
,2025-10-11 08:47:46.944959256,Восточно-Сибирская,,,2025,2024,283 days 08:07:47.023966830,408007.7837327805,119.84172645927174,0.9336609336609336,Осень,4,10,0.0021451257134627,0.0021451257134627,0.0064353771403880995,92.66943082159074,0,0,,,,,,,road
,2025-10-12 12:31:39.935910738,Восточно-Сибирская,,,2025,2024,284 days 11:51:40.014918312,409671.6669153052,1663.8831825247034,0.9344799344799345,Осень,4,10,0.0021451257134627,0.0021451257134627,0.0064353771403880995,92.66943082159074,0,0,,,,,,,road
,2025-10-13 01:22:26.512677708,Восточно-Сибирская,,,2025,2024,285 days 00:42:26.591685282,410442.44319475465,770.7762794494629,0.9352989352989353,Осень,4,10,0.0021451257134627,0.0021451257134627,0.0064353771403880995,92.66943082159074,0,0,,,,,,,road
,2025-10-13 07:52:25.292470716,Восточно-Сибирская,,,2025,2024,285 days 07:12:25.371478290,410832.4228579715,389.97966321685817,0.9361179361179361,Осень,4,10,0.0021451257134627,0.0021451257134627,0.0064353771403880995,92.66943082159074,0,0,,,,,,,road
,2025-10-13 09:58:26.099920686,Восточно-Сибирская,,,2025,2024,285 days 09:18:26.178928260,410958.436315471,126.01345749950269,0.9369369369369369,Осень,4,10,0.0021451257134627,0.0021451257134627,0.0064353771403880995,92.66943082159074,0,0,,,,,,,road
,2025-10-13 10:05:10.956117018,Восточно-Сибирская,,,2025,2024,285 days 09:25:11.035124592,410965.1839187432,6.747603272204287,0.9377559377559378,Осень,4,10,0.0021451257134627,0.0021451257134627,0.0064353771403880995,92.66943082159074,0,0,,,,,,,road
,2025-10-13 10:15:00.631980522,Восточно-Сибирская,,,2025,2024,285 days 09:35:00.710988096,410975.01184980164,9.827931058418471,0.9385749385749386,Осень,4,10,0.0021451257134627,0.0021451257134627,0.0064353771403880995,92.66943082159074,0,0,,,,,,,road
,2025-10-13 17:36:20.216291178,Восточно-Сибирская,,,2025,2024,285 days 16:56:20.295298752,411416.3382549792,441.32640517753316,0.9393939393939394,Осень,4,10,0.0021451257134627,0.0021451257134627,0.0064353771403880995,92.66943082159074,0,0,,,,,,,road
,2025-10-13 17:46:37.626767760,Восточно-Сибирская,,,2025,2024,285 days 17:06:37.705775334,411426.6284295889,10.290174609748647,0.9402129402129402,Осень,4,10,0.0021451257134627,0.0021451257134627,0.0064353771403880995,92.66943082159074,0,0,,,,,,,road
,2025-10-15 09:03:40.893241860,Восточно-Сибирская,,,2025,2024,287 days 08:23:40.972249434,413783.6828708239,2357.05444123497,0.941031941031941,Осень,4,10,0.0021451257134627,0.0021451257134627,0.0064353771403880995,92.66943082159074,0,0,,,,,,,road
,2025-10-15 10:38:07.305285216,Восточно-Сибирская,,,2025,2024,287 days 09:58:07.384292790,413878.12307154655,94.44020072265994,0.9418509418509419,Осень,4,10,0.0021451257134627,0.0021451257134627,0.0064353771403880995,92.66943082159074,0,0,,,,,,,road
,2025-10-15 20:16:19.440297720,Восточно-Сибирская,,,2025,2024,287 days 19:36:19.519305294,414456.32532175496,578.2022502084146,0.9426699426699426,Осень,4,10,0.0021451257134627,0.0021451257134627,0.0064353771403880995,92.66943082159074,0,0,,,,,,,road
,2025-10-15 21:34:52.152358176,Восточно-Сибирская,,,2025,2024,287 days 20:54:52.231365750,414534.87052276253,78.54520100756781,0.9434889434889435,Осень,4,10,0.0021451257134627,0.0021451257134627,0.0064353771403880995,92.66943082159074,0,0,,,,,,,road
,2025-10-16 03:36:57.645496200,Восточно-Сибирская,,,2025,2024,288 days 02:56:57.724503774,414896.9620750629,362.0915523003787,0.9443079443079443,Осень,4,10,0.0021451257134627,0.0021451257134627,0.0064353771403880995,92.66943082159074,0,0,,,,,,,road
,2025-10-16 04:16:08.452441566,Восточно-Сибирская,,,2025,2024,288 days 03:36:08.531449140,414936.14219081897,39.180115756054875,0.9451269451269452,Осень,4,10,0.0021451257134627,0.0021451257134627,0.0064353771403880995,92.66943082159074,0,0,,,,,,,road
,2025-10-16 15:34:46.801967514,Восточно-Сибирская,,,2025,2024,288 days 14:54:46.880975088,415614.78134958475,678.6391587657854,0.9459459459459459,Осень,4,10,0.0021451257134627,0.0021451257134627,0.0064353771403880995,92.66943082159074,0,0,,,,,,,road
,2025-10-16 22:24:40.791162072,Восточно-Сибирская,,,2025,2024,288 days 21:44:40.870169646,416024.6811694941,409.8998199093621,0.9467649467649467,Осень,4,10,0.0021451257134627,0.0021451257134627,0.0064353771403880995,92.66943082159074,0,0,,,,,,,road
,2025-10-16 23:06:41.121830700,Восточно-Сибирская,,,2025,2024,288 days 22:26:41.200838274,416066.6866806379,42.00551114376867,0.9475839475839476,Осень,4,10,0.0021451257134627,0.0021451257134627,0.0064353771403880995,92.66943082159074,0,0,,,,,,,road
,2025-10-17 13:46:41.907621972,Восточно-Сибирская,,,2025,2024,289 days 13:06:41.986629546,416946.6997771591,880.0130965212011,0.9484029484029484,Осень,4,10,0.0021451257134627,0.0021451257134627,0.0064353771403880995,92.66943082159074,0,0,,,,,,,road
,2025-10-17 19:55:51.777205722,Восточно-Сибирская,,,2025,2024,289 days 19:15:51.856213296,417315.8642702216,369.16449306253344,0.9492219492219492,Осень,4,10,0.0021451257134627,0.0021451257134627,0.0064353771403880995,92.66943082159074,0,0,,,,,,,road
,2025-10-18 15:42:39.723310518,Восточно-Сибирская,,,2025,2024,290 days 15:02:39.802318092,418502.6633719682,1186.799101746583,0.95004095004095,Осень,4,10,0.0021451257134627,0.0021451257134627,0.0064353771403880995,92.66943082159074,0,0,,,,,,,road
,2025-10-19 11:00:49.000882506,Восточно-Сибирская,,,2025,2024,291 days 10:20:49.079890080,419660.817998168,1158.154626199801,0.9508599508599509,Осень,4,10,0.0021451257134627,0.0021451257134627,0.0064353771403880995,92.66943082159074,0,0,,,,,,,road
,2025-10-20 06:41:12.717008634,Восточно-Сибирская,,,2025,2024,292 days 06:01:12.796016208,420841.21326693683,1180.3952687688288,0.9516789516789517,Осень,4,10,0.0021451257134627,0.0021451257134627,0.0064353771403880995,92.66943082159074,0,0,,,,,,,road
,2025-10-20 07:18:57.678277842,Восточно-Сибирская,,,2025,2024,292 days 06:38:57.757285416,420878.9626214236,37.74935448676115,0.9524979524979525,Осень,4,10,0.0021451257134627,0.0021451257134627,0.0064353771403880995,92.66943082159074,0,0,,,,,,,road
,2025-10-20 08:19:03.685954620,Восточно-Сибирская,,,2025,2024,292 days 07:39:03.764962194,420939.0627493699,60.10012794629438,0.9533169533169533,Осень,4,10,0.0021451257134627,0.0021451257134627,0.0064353771403880995,92.66943082159074,0,0,,,,,,,road
,2025-10-21 18:29:35.033774478,Восточно-Сибирская,,,2025,2024,293 days 17:49:35.112782052,422989.58521303424,2050.5224636643543,0.9541359541359541,Осень,4,10,0.0021451257134627,0.0021451257134627,0.0064353771403880995,92.66943082159074,0,0,,,,,,,road
,2025-10-21 23:41:17.470870998,Восточно-Сибирская,,,2025,2024,293 days 23:01:17.549878572,423301.29249797616,311.7072849419201,0.954954954954955,Осень,4,10,0.0021451257134627,0.0021451257134627,0.0064353771403880995,92.66943082159074,0,0,,,,,,,road
,2025-10-22 01:48:07.924755582,Восточно-Сибирская,,,2025,2024,294 days 01:08:08.003763156,423428.1333960526,126.84089807642158,0.9557739557739557,Осень,4,10,0.0021451257134627,0.0021451257134627,0.0064353771403880995,92.66943082159074,0,0,,,,,,,road
,2025-10-22 13:12:34.560937950,Восточно-Сибирская,,,2025,2024,294 days 12:32:34.639945524,424112.57733242546,684.4439363728743,0.9565929565929566,Осень,4,10,0.0021451257134627,0.0021451257134627,0.0064353771403880995,92.66943082159074,0,0,,,,,,,road
,2025-10-22 15:35:39.030246870,Восточно-Сибирская,,,2025,2024,294 days 14:55:39.109254444,424255.65182090737,143.07448848191416,0.9574119574119574,Осень,4,10,0.0021451257134627,0.0021451257134627,0.0064353771403880995,92.66943082159074,0,0,,,,,,,road
,2025-10-23 01:41:14.631109230,Восточно-Сибирская,,,2025,2024,295 days 01:01:14.710116804,424861.2451686134,605.5933477060171,0.9582309582309583,Осень,4,10,0.0021451257134627,0.0021451257134627,0.0064353771403880995,92.66943082159074,0,0,,,,,,,road
,2025-10-23 15:47:42.140032638,Восточно-Сибирская,,,2025,2024,295 days 15:07:42.219040212,425707.7036506702,846.458482056798,0.959049959049959,Осень,4,10,0.0021451257134627,0.0021451257134627,0.0064353771403880995,92.66943082159074,0,0,,,,,,,road
,2025-10-24 03:42:40.239990180,Восточно-Сибирская,,,2025,2024,296 days 03:02:40.318997754,426422.6719832959,714.9683326256927,0.9598689598689598,Осень,4,10,0.0021451257134627,0.0021451257134627,0.0064353771403880995,92.66943082159074,0,0,,,,,,,road
,2025-10-24 06:11:58.347643116,Восточно-Сибирская,,,2025,2024,296 days 05:31:58.426650690,426571.97377751145,149.30179421557114,0.9606879606879607,Осень,4,10,0.0021451257134627,0.0021451257134627,0.0064353771403880995,92.66943082159074,0,0,,,,,,,road
,2025-10-24 10:11:21.894426924,Восточно-Сибирская,,,2025,2024,296 days 09:31:21.973434498,426811.36622390826,239.3924463968142,0.9615069615069615,Осень,4,10,0.0021451257134627,0.0021451257134627,0.0064353771403880995,92.66943082159074,0,0,,,,,,,road
,2025-10-24 14:19:54.535230780,Восточно-Сибирская,,,2025,2024,296 days 13:39:54.614238354,427059.91023730586,248.54401339759352,0.9623259623259623,Осень,4,10,0.0021451257134627,0.0021451257134627,0.0064353771403880995,92.66943082159074,0,0,,,,,,,road
,2025-10-24 19:34:58.143169548,Восточно-Сибирская,,,2025,2024,296 days 18:54:58.222177122,427374.9703696187,315.0601323128212,0.9631449631449631,Осень,4,10,0.0021451257134627,0.0021451257134627,0.0064353771403880995,92.66943082159074,0,0,,,,,,,road
,2025-10-24 21:00:21.460747368,Восточно-Сибирская,,,2025,2024,296 days 20:20:21.539754942,427460.35899591574,85.38862629706273,0.963963963963964,Осень,4,10,0.0021451257134627,0.0021451257134627,0.0064353771403880995,92.66943082159074,0,0,,,,,,,road
,2025-10-25 01:41:09.091985982,Восточно-Сибирская,,,2025,2024,297 days 01:01:09.170993556,427741.15284989256,280.793853976822,0.9647829647829648,Осень,4,10,0.0021451257134627,0.0021451257134627,0.0064353771403880995,92.66943082159074,0,0,,,,,,,road
,2025-10-25 07:14:26.496369852,Восточно-Сибирская,,,2025,2024,297 days 06:34:26.575377426,428074.44292295707,333.2900730645051,0.9656019656019657,Осень,4,10,0.0021451257134627,0.0021451257134627,0.0064353771403880995,92.66943082159074,0,0,,,,,,,road
,2025-10-25 13:08:06.661771758,Восточно-Сибирская,,,2025,2024,297 days 12:28:06.740779332,428428.1123463222,353.6694233651506,0.9664209664209664,Осень,4,10,0.0021451257134627,0.0021451257134627,0.0064353771403880995,92.66943082159074,0,0,,,,,,,road
,2025-10-26 02:27:14.772323622,Восточно-Сибирская,,,2025,2024,298 days 01:47:14.851331196,429227.2475221866,799.1351758643868,0.9672399672399672,Осень,4,10,0.0021451257134627,0.0021451257134627,0.0064353771403880995,92.66943082159074,0,0,,,,,,,road
,2025-10-26 08:06:49.281960408,Восточно-Сибирская,,,2025,2024,298 days 07:26:49.360967982,429566.8226827997,339.5751606131089,0.9680589680589681,Осень,4,10,0.0021451257134627,0.0021451257134627,0.0064353771403880995,92.66943082159074,0,0,,,,,,,road
,2025-10-26 10:09:08.246635650,Восточно-Сибирская,,,2025,2024,298 days 09:29:08.325643224,429689.1387607204,122.31607792066643,0.9688779688779688,Осень,4,10,0.0021451257134627,0.0021451257134627,0.0064353771403880995,92.66943082159074,0,0,,,,,,,road
,2025-10-26 18:36:21.552079170,Восточно-Сибирская,,,2025,2024,298 days 17:56:21.631086744,430196.36051811243,507.22175739204977,0.9696969696969697,Осень,4,10,0.0021451257134627,0.0021451257134627,0.0064353771403880995,92.66943082159074,0,0,,,,,,,road
,2025-10-27 07:00:25.033709160,Восточно-Сибирская,,,2025,2024,299 days 06:20:25.112716734,430940.4185452789,744.0580271664658,0.9705159705159705,Осень,4,10,0.0021451257134627,0.0021451257134627,0.0064353771403880995,92.66943082159074,0,0,,,,,,,road
,2025-10-27 09:59:46.329938016,Восточно-Сибирская,,,2025,2024,299 days 09:19:46.408945590,431119.7734824265,179.35493714758195,0.9713349713349714,Осень,4,10,0.0021451257134627,0.0021451257134627,0.0064353771403880995,92.66943082159074,0,0,,,,,,,road
,2025-10-27 18:02:57.627550680,Восточно-Сибирская,,,2025,2024,299 days 17:22:57.706558254,431602.96177597094,483.18829354445916,0.9721539721539721,Осень,4,10,0.0021451257134627,0.0021451257134627,0.0064353771403880995,92.66943082159074,0,0,,,,,,,road
,2025-10-27 19:17:02.766884184,Восточно-Сибирская,,,2025,2024,299 days 18:37:02.845891758,431677.0474315293,74.08565555838868,0.972972972972973,Осень,4,10,0.0021451257134627,0.0021451257134627,0.0064353771403880995,92.66943082159074,0,0,,,,,,,road
,2025-10-27 22:32:06.650312016,Восточно-Сибирская,,,2025,2024,299 days 21:52:06.729319590,431872.1121553265,195.0647237972007,0.9737919737919738,Осень,4,10,0.0021451257134627,0.0021451257134627,0.0064353771403880995,92.66943082159074,0,0,,,,,,,road
,2025-10-28 17:10:37.670081490,Восточно-Сибирская,,,2025,2024,300 days 16:30:37.749089064,432990.62915148435,1118.5169961578213,0.9746109746109746,Осень,4,10,0.0021451257134627,0.0021451257134627,0.0064353771403880995,92.66943082159074,0,0,,,,,,,road
,2025-10-29 11:59:58.382001810,Восточно-Сибирская,,,2025,2024,301 days 11:19:58.461009384,434119.9743501564,1129.345198672032,0.9754299754299754,Осень,4,10,0.0021451257134627,0.0021451257134627,0.0064353771403880995,92.66943082159074,0,0,,,,,,,road
,2025-10-29 18:39:13.065249072,Восточно-Сибирская,,,2025,2024,301 days 17:59:13.144256646,434519.2190709441,399.24472078774124,0.9762489762489762,Осень,4,10,0.0021451257134627,0.0021451257134627,0.0064353771403880995,92.66943082159074,0,0,,,,,,,road
,2025-10-30 04:04:08.753873346,Восточно-Сибирская,,,2025,2024,302 days 03:24:08.832880920,435084.147214682,564.9281437378959,0.9770679770679771,Осень,4,10,0.0021451257134627,0.0021451257134627,0.0064353771403880995,92.66943082159074,0,0,,,,,,,road
,2025-10-30 19:01:10.893089916,Восточно-Сибирская,,,2025,2024,302 days 18:21:10.972097490,435981.18286829145,897.0356536094332,0.9778869778869779,Осень,4,10,0.0021451257134627,0.0021451257134627,0.0064353771403880995,92.66943082159074,0,0,,,,,,,road
,2025-10-31 19:45:10.269033708,Восточно-Сибирская,,,2025,2024,303 days 19:05:10.348041282,437465.1724673547,1483.9895990632358,0.9787059787059788,Осень,4,10,0.0021451257134627,0.0021451257134627,0.0064353771403880995,92.66943082159074,0,0,,,,,,,road
,2025-11-01 00:58:57.750548490,Восточно-Сибирская,,,2025,2024,304 days 00:18:57.829556064,437778.9638259344,313.79135857970687,0.9795249795249795,Осень,4,11,0.0021451257134627,0.0021451257134627,0.0064353771403880995,92.66943082159074,0,0,,,,,,,road
,2025-11-01 07:23:21.243594636,Восточно-Сибирская,,,2025,2024,304 days 06:43:21.322602210,438163.3553767035,384.3915507690981,0.9803439803439803,Осень,4,11,0.0021451257134627,0.0021451257134627,0.0064353771403880995,92.66943082159074,0,0,,,,,,,road
,2025-11-01 11:33:48.075597438,Восточно-Сибирская,,,2025,2024,304 days 10:53:48.154605012,438413.8025767502,250.44720004673582,0.9811629811629812,Осень,4,11,0.0021451257134627,0.0021451257134627,0.0064353771403880995,92.66943082159074,0,0,,,,,,,road
,2025-11-01 12:08:37.577808084,Восточно-Сибирская,,,2025,2024,304 days 11:28:37.656815658,438448.62761359423,34.82503684400581,0.9819819819819819,Осень,4,11,0.0021451257134627,0.0021451257134627,0.0064353771403880995,92.66943082159074,0,0,,,,,,,road
,2025-11-01 16:24:49.333356252,Восточно-Сибирская,,,2025,2024,304 days 15:44:49.412363826,438704.82353939704,256.1959258028073,0.9828009828009828,Осень,4,11,0.0021451257134627,0.0021451257134627,0.0064353771403880995,92.66943082159074,0,0,,,,,,,road
,2025-11-02 04:33:44.939334720,Восточно-Сибирская,,,2025,2024,305 days 03:53:45.018342294,439433.75030570495,728.9267663079081,0.9836199836199836,Осень,4,11,0.0021451257134627,0.0021451257134627,0.0064353771403880995,92.66943082159074,0,0,,,,,,,road
,2025-11-02 17:15:33.273145758,Восточно-Сибирская,,,2025,2024,305 days 16:35:33.352153332,440195.5558692222,761.8055635172641,0.9844389844389845,Осень,4,11,0.0021451257134627,0.0021451257134627,0.0064353771403880995,92.66943082159074,0,0,,,,,,,road
,2025-11-03 10:34:42.680928060,Восточно-Сибирская,,,2025,2024,306 days 09:54:42.759935634,441234.7126655939,1039.1567963716807,0.9852579852579852,Осень,4,11,0.0021451257134627,0.0021451257134627,0.0064353771403880995,92.66943082159074,0,0,,,,,,,road
,2025-11-03 10:59:20.591167530,Восточно-Сибирская,,,2025,2024,306 days 10:19:20.670175104,441259.3445029184,24.631837324530352,0.9860769860769861,Осень,4,11,0.0021451257134627,0.0021451257134627,0.0064353771403880995,92.66943082159074,0,0,,,,,,,road
,2025-11-03 16:48:30.042299712,Восточно-Сибирская,,,2025,2024,306 days 16:08:30.121307286,441608.5020217881,349.15751886967337,0.9868959868959869,Осень,4,11,0.0021451257134627,0.0021451257134627,0.0064353771403880995,92.66943082159074,0,0,,,,,,,road
,2025-11-03 17:41:28.713671016,Восточно-Сибирская,,,2025,2024,306 days 17:01:28.792678590,441661.4798779765,52.97785618843045,0.9877149877149877,Осень,4,11,0.0021451257134627,0.0021451257134627,0.0064353771403880995,92.66943082159074,0,0,,,,,,,road
,2025-11-03 19:25:56.086519290,Восточно-Сибирская,,,2025,2024,306 days 18:45:56.165526864,441765.93609211437,104.45621413784102,0.9885339885339886,Осень,4,11,0.0021451257134627,0.0021451257134627,0.0064353771403880995,92.66943082159074,0,0,,,,,,,road
,2025-11-04 13:20:20.908773426,Восточно-Сибирская,,,2025,2024,307 days 12:40:20.987781,442840.34979635,1074.4137042356306,0.9893529893529893,Осень,4,11,0.0021451257134627,0.0021451257134627,0.0064353771403880995,92.66943082159074,0,0,,,,,,,road
,2025-11-04 18:40:29.578852110,Восточно-Сибирская,,,2025,2024,307 days 18:00:29.657859684,443160.4942976614,320.1445013114135,0.9901719901719902,Осень,4,11,0.0021451257134627,0.0021451257134627,0.0064353771403880995,92.66943082159074,0,0,,,,,,,road
,2025-11-05 05:42:57.510326502,Восточно-Сибирская,,,2025,2024,308 days 05:02:57.589334076,443822.9598222346,662.4655245731701,0.990990990990991,Осень,4,11,0.0021451257134627,0.0021451257134627,0.0064353771403880995,92.66943082159074,0,0,,,,,,,road
,2025-11-05 06:13:58.946863116,Восточно-Сибирская,,,2025,2024,308 days 05:33:59.025870690,443853.9837645115,31.02394227689365,0.9918099918099919,Осень,4,11,0.0021451257134627,0.0021451257134627,0.0064353771403880995,92.66943082159074,0,0,,,,,,,road
,2025-11-05 10:25:22.553617440,Восточно-Сибирская,,,2025,2024,308 days 09:45:22.632625014,444105.37721041695,251.39344590547262,0.9926289926289926,Осень,4,11,0.0021451257134627,0.0021451257134627,0.0064353771403880995,92.66943082159074,0,0,,,,,,,road
,2025-11-05 19:08:14.008061976,Восточно-Сибирская,,,2025,2024,308 days 18:28:14.087069550,444628.2347844925,522.8575740755768,0.9934479934479934,Осень,4,11,0.0021451257134627,0.0021451257134627,0.0064353771403880995,92.66943082159074,0,0,,,,,,,road
,2025-11-05 20:14:58.955122530,Восточно-Сибирская,,,2025,2024,308 days 19:34:59.034130104,444694.9839021684,66.74911767587764,0.9942669942669943,Осень,4,11,0.0021451257134627,0.0021451257134627,0.0064353771403880995,92.66943082159074,0,0,,,,,,,road
,2025-11-05 23:18:46.420591428,Восточно-Сибирская,,,2025,2024,308 days 22:38:46.499599002,444878.7749933166,183.79109114821767,0.995085995085995,Осень,4,11,0.0021451257134627,0.0021451257134627,0.0064353771403880995,92.66943082159074,0,0,,,,,,,road
,2025-11-05 23:49:52.751367180,Восточно-Сибирская,,,2025,2024,308 days 23:09:52.830374754,444909.8805062458,31.10551292920718,0.9959049959049959,Осень,4,11,0.0021451257134627,0.0021451257134627,0.0064353771403880995,92.66943082159074,0,0,,,,,,,road
,2025-11-06 08:01:03.971654010,Восточно-Сибирская,,,2025,2024,309 days 07:21:04.050661584,445401.0675110264,491.18700478057144,0.9967239967239967,Осень,4,11,0.0021451257134627,0.0021451257134627,0.0064353771403880995,92.66943082159074,0,0,,,,,,,road
,2025-11-07 11:29:47.314515534,Восточно-Сибирская,,,2025,2024,310 days 10:49:47.393523108,447049.7898920518,1648.7223810253781,0.9975429975429976,Осень,4,11,0.0021451257134627,0.0021451257134627,0.0064353771403880995,92.66943082159074,0,0,,,,,,,road
,2025-11-08 01:07:47.701626642,Восточно-Сибирская,,,2025,2024,311 days 00:27:47.780634216,447867.79634390364,818.006451851863,0.9983619983619983,Осень,4,11,0.0021451257134627,0.0021451257134627,0.0064353771403880995,92.66943082159074,0,0,,,,,,,road
,2025-11-09 05:40:28.577788908,Восточно-Сибирская,,,2025,2024,312 days 05:00:28.656796482,449580.4776132747,1712.6812693710672,0.9991809991809992,Осень,4,11,0.0021451257134627,0.0021451257134627,0.0064353771403880995,92.66943082159074,0,0,,,,,,,road
,2025-11-09 20:11:23.968318764,Восточно-Сибирская,,,2025,2024,312 days 19:31:24.047326338,450451.40078877227,870.9231754975626,1.0,Осень,4,11,0.0021451257134627,0.0021451257134627,0.0064353771403880995,92.66943082159074,0,0,,,,,,,road
