CATEGORY,START_TIME,ROAD,DEPARTMENT,RESPONSIBILITY,YEAR,SOURCE_YEAR,DELTA_TIME,DELTA_MINUTES,TIME_DIFF,INDEX,SEASON,SEASON_INDEX,MONTH,LAMBDA_DYNAMIC,LAMBDA0,LAMBDA1,LAMBDA_MONTH,SPIKE_FLAG,TRANSITION_FLAG,FREIGHT_COUNT,FREIGHT_TIMEOUT,PASSENGER_COUNT,PASSENGER_TIMEOUT,COMMUTER_COUNT,COMMUTER_TIMEOUT,ENTITY_TYPE
,2025-01-01 13:04:40.980351558,Горьковская,,,2025,2024,0 days 00:00:00,0.0,0.0,0.0,Зима,1,1,0.0014048012986607,0.0014048012986607,0.0042144038959820995,60.68741610214466,0,0,,,,,,,road
,2025-01-03 05:25:27.033741846,Горьковская,,,2025,2024,1 days 16:20:46.053390288,2420.7675565048,2420.7675565048,0.001610305958132045,Зима,1,1,0.0014048012986607,0.0014048012986607,0.0042144038959820995,60.68741610214466,0,0,,,,,,,road
,2025-01-03 11:17:38.288997354,Горьковская,,,2025,2024,1 days 22:12:57.308645796,2772.9551440966,352.18758759180037,0.00322061191626409,Зима,1,1,0.0014048012986607,0.0014048012986607,0.0042144038959820995,60.68741610214466,0,0,,,,,,,road
,2025-01-04 00:48:28.935810942,Горьковская,,,2025,2024,2 days 11:43:47.955459384,3583.7992576563997,810.8441135597996,0.004830917874396135,Зима,1,1,0.0014048012986607,0.0014048012986607,0.0042144038959820995,60.68741610214466,0,0,,,,,,,road
,2025-01-04 04:58:14.772146310,Горьковская,,,2025,2024,2 days 15:53:33.791794752,3833.5631965792,249.7639389228002,0.00644122383252818,Зима,1,1,0.0014048012986607,0.0014048012986607,0.0042144038959820995,60.68741610214466,0,0,,,,,,,road
,2025-01-04 08:38:41.062838214,Горьковская,,,2025,2024,2 days 19:34:00.082486656,4054.0013747776,220.43817819840024,0.008051529790660225,Зима,1,1,0.0014048012986607,0.0014048012986607,0.0042144038959820995,60.68741610214466,0,0,,,,,,,road
,2025-01-04 18:46:22.465432758,Горьковская,,,2025,2024,3 days 05:41:41.485081200,4661.69141802,607.6900432424,0.00966183574879227,Зима,1,1,0.0014048012986607,0.0014048012986607,0.0042144038959820995,60.68741610214466,0,0,,,,,,,road
,2025-01-06 16:45:25.285044036,Горьковская,,,2025,2024,5 days 03:40:44.304692478,7420.7384115413,2759.0469935212996,0.011272141706924315,Зима,1,1,0.0014048012986607,0.0014048012986607,0.0042144038959820995,60.68741610214466,0,0,,,,,,,road
,2025-01-06 23:55:03.359271054,Горьковская,,,2025,2024,5 days 10:50:22.378919496,7850.372981991601,429.634570450301,0.01288244766505636,Зима,1,1,0.0014048012986607,0.0014048012986607,0.0042144038959820995,60.68741610214466,0,0,,,,,,,road
,2025-01-08 08:50:16.176202062,Горьковская,,,2025,2024,6 days 19:45:35.195850504,9825.5865975084,1975.213615516799,0.014492753623188406,Зима,1,1,0.0014048012986607,0.0014048012986607,0.0042144038959820995,60.68741610214466,0,0,,,,,,,road
,2025-01-09 13:59:43.786508028,Горьковская,,,2025,2024,8 days 00:55:02.806156470,11575.046769274499,1749.460171766099,0.01610305958132045,Зима,1,1,0.0014048012986607,0.0014048012986607,0.0042144038959820995,60.68741610214466,0,0,,,,,,,road
,2025-01-09 17:28:05.690471046,Горьковская,,,2025,2024,8 days 04:23:24.710119488,11783.4118353248,208.3650660503008,0.017713365539452495,Зима,1,1,0.0014048012986607,0.0014048012986607,0.0042144038959820995,60.68741610214466,0,0,,,,,,,road
,2025-01-09 23:33:53.103657684,Горьковская,,,2025,2024,8 days 10:29:12.123306126,12149.2020551021,365.7902197773001,0.01932367149758454,Зима,1,1,0.0014048012986607,0.0014048012986607,0.0042144038959820995,60.68741610214466,0,0,,,,,,,road
,2025-01-10 11:47:42.126240048,Горьковская,,,2025,2024,8 days 22:43:01.145888490,12883.0190981415,733.8170430394002,0.020933977455716585,Зима,1,1,0.0014048012986607,0.0014048012986607,0.0042144038959820995,60.68741610214466,0,0,,,,,,,road
,2025-01-10 20:27:16.913707848,Горьковская,,,2025,2024,9 days 07:22:35.933356290,13402.5988892715,519.5797911299996,0.02254428341384863,Зима,1,1,0.0014048012986607,0.0014048012986607,0.0042144038959820995,60.68741610214466,0,0,,,,,,,road
,2025-01-10 21:39:05.567708658,Горьковская,,,2025,2024,9 days 08:34:24.587357100,13474.409789285,71.81090001350094,0.024154589371980676,Зима,1,1,0.0014048012986607,0.0014048012986607,0.0042144038959820995,60.68741610214466,0,0,,,,,,,road
,2025-01-13 09:45:55.946360502,Горьковская,,,2025,2024,11 days 20:41:14.966008944,17081.2494334824,3606.8396441974,0.02576489533011272,Зима,1,1,0.0014048012986607,0.0014048012986607,0.0042144038959820995,60.68741610214466,0,0,,,,,,,road
,2025-01-14 02:20:21.343271160,Горьковская,,,2025,2024,12 days 13:15:40.362919602,18075.672715326702,994.4232818443015,0.027375201288244767,Зима,1,1,0.0014048012986607,0.0014048012986607,0.0042144038959820995,60.68741610214466,0,0,,,,,,,road
,2025-01-14 09:10:10.265354634,Горьковская,,,2025,2024,12 days 20:05:29.285003076,18485.4880833846,409.815368057898,0.028985507246376812,Зима,1,1,0.0014048012986607,0.0014048012986607,0.0042144038959820995,60.68741610214466,0,0,,,,,,,road
,2025-01-14 20:35:31.070047367,Горьковская,,,2025,2024,13 days 07:30:50.089695809,19170.834828263483,685.3467448788833,0.030595813204508857,Зима,1,1,0.0014048012986607,0.0014048012986607,0.0042144038959820995,60.68741610214466,0,0,,,,,,,road
,2025-01-14 21:40:45.374363898,Горьковская,,,2025,2024,13 days 08:36:04.394012340,19236.073233539002,65.23840527551874,0.0322061191626409,Зима,1,1,0.0014048012986607,0.0014048012986607,0.0042144038959820995,60.68741610214466,0,0,,,,,,,road
,2025-01-15 05:47:30.687437250,Горьковская,,,2025,2024,13 days 16:42:49.707085692,19722.828451428202,486.75521788920014,0.033816425120772944,Зима,1,1,0.0014048012986607,0.0014048012986607,0.0042144038959820995,60.68741610214466,0,0,,,,,,,road
,2025-01-16 13:29:00.400992816,Горьковская,,,2025,2024,15 days 00:24:19.420641258,21624.3236773543,1901.4952259260972,0.03542673107890499,Зима,1,1,0.0014048012986607,0.0014048012986607,0.0042144038959820995,60.68741610214466,0,0,,,,,,,road
,2025-01-17 16:24:17.719533288,Горьковская,,,2025,2024,16 days 03:19:36.739181730,23239.612319695498,1615.2886423411983,0.037037037037037035,Зима,1,1,0.0014048012986607,0.0014048012986607,0.0042144038959820995,60.68741610214466,0,0,,,,,,,road
,2025-01-17 21:17:15.502888632,Горьковская,,,2025,2024,16 days 08:12:34.522537074,23532.5753756179,292.9630559224024,0.03864734299516908,Зима,1,1,0.0014048012986607,0.0014048012986607,0.0042144038959820995,60.68741610214466,0,0,,,,,,,road
,2025-01-18 06:16:47.504972742,Горьковская,,,2025,2024,16 days 17:12:06.524621184,24072.1087436864,539.5333680684998,0.040257648953301126,Зима,1,1,0.0014048012986607,0.0014048012986607,0.0042144038959820995,60.68741610214466,0,0,,,,,,,road
,2025-01-18 20:27:39.096358212,Горьковская,,,2025,2024,17 days 07:22:58.116006654,24922.9686001109,850.8598564245003,0.04186795491143317,Зима,1,1,0.0014048012986607,0.0014048012986607,0.0042144038959820995,60.68741610214466,0,0,,,,,,,road
,2025-01-19 01:23:26.637674952,Горьковская,,,2025,2024,17 days 12:18:45.657323394,25218.7609553899,295.792355278998,0.043478260869565216,Зима,1,1,0.0014048012986607,0.0014048012986607,0.0042144038959820995,60.68741610214466,0,0,,,,,,,road
,2025-01-19 01:57:04.243546488,Горьковская,,,2025,2024,17 days 12:52:23.263194930,25252.3877199155,33.626764525601175,0.04508856682769726,Зима,1,1,0.0019948270514119817,0.0014048012986607,0.0042144038959820995,60.68741610214466,0,1,,,,,,,road
,2025-01-19 07:03:25.072576356,Горьковская,,,2025,2024,17 days 17:58:44.092224798,25558.7348704133,306.3471504978006,0.04669887278582931,Зима,1,1,0.0022983407854198354,0.0014048012986607,0.0042144038959820995,60.68741610214466,0,1,,,,,,,road
,2025-01-19 13:16:24.671255688,Горьковская,,,2025,2024,18 days 00:11:43.690904130,25931.7281817355,372.9933113221996,0.04830917874396135,Зима,1,1,0.002467573620513395,0.0014048012986607,0.0042144038959820995,60.68741610214466,0,1,,,,,,,road
,2025-01-19 13:18:20.219725920,Горьковская,,,2025,2024,18 days 00:13:39.239374362,25933.6539895727,1.9258078372004093,0.0499194847020934,Зима,1,1,0.0030422189035049694,0.0014048012986607,0.0042144038959820995,60.68741610214466,0,1,,,,,,,road
,2025-01-19 13:50:28.843798002,Горьковская,,,2025,2024,18 days 00:45:47.863446444,25965.7977241074,32.14373453470034,0.05152979066022544,Зима,1,1,0.0031252220935307404,0.0014048012986607,0.0042144038959820995,60.68741610214466,0,1,,,,,,,road
,2025-01-19 15:04:23.575467486,Горьковская,,,2025,2024,18 days 01:59:42.595115928,26039.7099185988,73.91219449140044,0.05314009661835749,Зима,1,1,0.0031428999990541374,0.0014048012986607,0.0042144038959820995,60.68741610214466,0,1,,,,,,,road
,2025-01-19 17:15:35.398953450,Горьковская,,,2025,2024,18 days 04:10:54.418601892,26170.9069766982,131.19705809939842,0.05475040257648953,Зима,1,1,0.0032606746007874097,0.0014048012986607,0.0042144038959820995,60.68741610214466,0,1,,,,,,,road
,2025-01-19 20:57:25.837035432,Горьковская,,,2025,2024,18 days 07:52:44.856683874,26392.7476113979,221.84063469969988,0.05636070853462158,Зима,1,1,0.0035107034055507132,0.0014048012986607,0.0042144038959820995,60.68741610214466,0,1,,,,,,,road
,2025-01-19 22:36:24.617937192,Горьковская,,,2025,2024,18 days 09:31:43.637585634,26491.7272930939,98.97968169600063,0.057971014492753624,Зима,1,1,0.0035150403153535008,0.0014048012986607,0.0042144038959820995,60.68741610214466,0,1,,,,,,,road
,2025-01-20 00:05:31.596242802,Горьковская,,,2025,2024,18 days 11:00:50.615891244,26580.8435981874,89.11630509349925,0.05958132045088567,Зима,1,1,0.0036269210869349358,0.0014048012986607,0.0042144038959820995,60.68741610214466,0,1,,,,,,,road
,2025-01-20 09:12:11.909790954,Горьковская,,,2025,2024,18 days 20:07:30.929439396,27127.5154906566,546.6718924691995,0.061191626409017714,Зима,1,1,0.0037229429436292476,0.0014048012986607,0.0042144038959820995,60.68741610214466,0,1,,,,,,,road
,2025-01-20 09:49:23.015940366,Горьковская,,,2025,2024,18 days 20:44:42.035588808,27164.700593146797,37.185102490198915,0.06280193236714976,Зима,1,1,0.0042144038959820995,0.0014048012986607,0.0042144038959820995,60.68741610214466,1,0,,,,,,,road
,2025-01-20 12:31:42.591501828,Горьковская,,,2025,2024,18 days 23:27:01.611150270,27327.026852504503,162.32625935770557,0.0644122383252818,Зима,1,1,0.0042144038959820995,0.0014048012986607,0.0042144038959820995,60.68741610214466,1,0,,,,,,,road
,2025-01-21 00:36:20.415595002,Горьковская,,,2025,2024,19 days 11:31:39.435243444,28051.6572540574,724.6304015528985,0.06602254428341385,Зима,1,1,0.0042144038959820995,0.0014048012986607,0.0042144038959820995,60.68741610214466,1,0,,,,,,,road
,2025-01-21 04:29:04.875701172,Горьковская,,,2025,2024,19 days 15:24:23.895349614,28284.3982558269,232.74100176950014,0.06763285024154589,Зима,1,1,0.0042144038959820995,0.0014048012986607,0.0042144038959820995,60.68741610214466,1,0,,,,,,,road
,2025-01-21 09:28:46.560707160,Горьковская,,,2025,2024,19 days 20:24:05.580355602,28584.0930059267,299.6947500997994,0.06924315619967794,Зима,1,1,0.0042144038959820995,0.0014048012986607,0.0042144038959820995,60.68741610214466,1,0,,,,,,,road
,2025-01-21 11:42:40.315192386,Горьковская,,,2025,2024,19 days 22:37:59.334840828,28717.9889140138,133.8959080870991,0.07085346215780998,Зима,1,1,0.0042144038959820995,0.0014048012986607,0.0042144038959820995,60.68741610214466,1,0,,,,,,,road
,2025-01-21 11:47:26.953487886,Горьковская,,,2025,2024,19 days 22:42:45.973136328,28722.7662189388,4.777304924999044,0.07246376811594203,Зима,1,1,0.0042144038959820995,0.0014048012986607,0.0042144038959820995,60.68741610214466,1,0,,,,,,,road
,2025-01-21 15:53:56.613874608,Горьковская,,,2025,2024,20 days 02:49:15.633523050,28969.2605587175,246.4943397786992,0.07407407407407407,Зима,1,1,0.0042144038959820995,0.0014048012986607,0.0042144038959820995,60.68741610214466,1,0,,,,,,,road
,2025-01-21 19:51:05.908878000,Горьковская,,,2025,2024,20 days 06:46:24.928526442,29206.4154754407,237.15491672320059,0.07568438003220612,Зима,1,1,0.0042144038959820995,0.0014048012986607,0.0042144038959820995,60.68741610214466,1,0,,,,,,,road
,2025-01-21 20:18:51.830204358,Горьковская,,,2025,2024,20 days 07:14:10.849852800,29234.18083088,27.765355439300038,0.07729468599033816,Зима,1,1,0.0042144038959820995,0.0014048012986607,0.0042144038959820995,60.68741610214466,1,0,,,,,,,road
,2025-01-21 22:46:01.457981016,Горьковская,,,2025,2024,20 days 09:41:20.477629458,29381.341293824302,147.1604629443027,0.07890499194847021,Зима,1,1,0.0042144038959820995,0.0014048012986607,0.0042144038959820995,60.68741610214466,1,0,,,,,,,road
,2025-01-22 08:31:52.072799940,Горьковская,,,2025,2024,20 days 19:27:11.092448382,29967.1848741397,585.8435803153989,0.08051529790660225,Зима,1,1,0.0042144038959820995,0.0014048012986607,0.0042144038959820995,60.68741610214466,1,0,,,,,,,road
,2025-01-22 09:26:19.721785218,Горьковская,,,2025,2024,20 days 20:21:38.741433660,30021.645690561,54.46081642129866,0.0821256038647343,Зима,1,1,0.0042144038959820995,0.0014048012986607,0.0042144038959820995,60.68741610214466,1,0,,,,,,,road
,2025-01-22 11:53:01.293134766,Горьковская,,,2025,2024,20 days 22:48:20.312783208,30168.3385463868,146.6928558258005,0.08373590982286634,Зима,1,1,0.0042144038959820995,0.0014048012986607,0.0042144038959820995,60.68741610214466,1,0,,,,,,,road
,2025-01-22 14:19:42.981533100,Горьковская,,,2025,2024,21 days 01:15:02.001181542,30315.033353025698,146.69480663889772,0.0853462157809984,Зима,1,1,0.0042144038959820995,0.0014048012986607,0.0042144038959820995,60.68741610214466,1,0,,,,,,,road
,2025-01-22 20:54:43.799406234,Горьковская,,,2025,2024,21 days 07:50:02.819054676,30710.0469842446,395.01363121890245,0.08695652173913043,Зима,1,1,0.0042144038959820995,0.0014048012986607,0.0042144038959820995,60.68741610214466,1,0,,,,,,,road
,2025-01-23 03:47:43.796987070,Горьковская,,,2025,2024,21 days 14:43:02.816635512,31123.0469439252,412.999959680601,0.08856682769726248,Зима,1,1,0.0042144038959820995,0.0014048012986607,0.0042144038959820995,60.68741610214466,1,0,,,,,,,road
,2025-01-23 09:25:38.221506846,Горьковская,,,2025,2024,21 days 20:20:57.241155288,31460.954019254797,337.9070753295964,0.09017713365539452,Зима,1,1,0.0042144038959820995,0.0014048012986607,0.0042144038959820995,60.68741610214466,1,0,,,,,,,road
,2025-01-23 11:13:33.809872668,Горьковская,,,2025,2024,21 days 22:08:52.829521110,31568.8804920185,107.9264727637019,0.09178743961352658,Зима,1,1,0.0042144038959820995,0.0014048012986607,0.0042144038959820995,60.68741610214466,1,0,,,,,,,road
,2025-01-23 11:31:18.207192768,Горьковская,,,2025,2024,21 days 22:26:37.226841210,31586.6204473535,17.73995533500056,0.09339774557165861,Зима,1,1,0.0042144038959820995,0.0014048012986607,0.0042144038959820995,60.68741610214466,1,0,,,,,,,road
,2025-01-23 13:13:19.895904552,Горьковская,,,2025,2024,22 days 00:08:38.915552994,31688.6485925499,102.02814519640015,0.09500805152979067,Зима,1,1,0.0042144038959820995,0.0014048012986607,0.0042144038959820995,60.68741610214466,1,0,,,,,,,road
,2025-01-23 17:43:32.608706430,Горьковская,,,2025,2024,22 days 04:38:51.628354872,31958.8604725812,270.2118800313001,0.0966183574879227,Зима,1,1,0.0042144038959820995,0.0014048012986607,0.0042144038959820995,60.68741610214466,1,0,,,,,,,road
,2025-01-23 22:31:24.378324348,Горьковская,,,2025,2024,22 days 09:26:43.397972790,32246.723299546502,287.8628269653018,0.09822866344605476,Зима,1,1,0.0042144038959820995,0.0014048012986607,0.0042144038959820995,60.68741610214466,1,0,,,,,,,road
,2025-01-24 11:46:52.312598838,Горьковская,,,2025,2024,22 days 22:42:11.332247280,33042.188870788,795.465571241497,0.0998389694041868,Зима,1,1,0.0042144038959820995,0.0014048012986607,0.0042144038959820995,60.68741610214466,1,0,,,,,,,road
,2025-01-24 14:10:18.219132834,Горьковская,,,2025,2024,23 days 01:05:37.238781276,33185.6206463546,143.43177556659793,0.10144927536231885,Зима,1,1,0.0042144038959820995,0.0014048012986607,0.0042144038959820995,60.68741610214466,1,0,,,,,,,road
,2025-01-24 18:07:47.304638772,Горьковская,,,2025,2024,23 days 05:03:06.324287214,33423.105404786904,237.484758432307,0.10305958132045089,Зима,1,1,0.0042144038959820995,0.0014048012986607,0.0042144038959820995,60.68741610214466,1,0,,,,,,,road
,2025-01-24 21:11:37.638376866,Горьковская,,,2025,2024,23 days 08:06:56.658025308,33606.9443004218,183.83889563489356,0.10466988727858294,Зима,1,1,0.0042144038959820995,0.0014048012986607,0.0042144038959820995,60.68741610214466,1,0,,,,,,,road
,2025-01-24 21:50:21.766527210,Горьковская,,,2025,2024,23 days 08:45:40.786175652,33645.6797695942,38.7354691724031,0.10628019323671498,Зима,1,1,0.0042144038959820995,0.0014048012986607,0.0042144038959820995,60.68741610214466,1,0,,,,,,,road
,2025-01-25 00:17:06.078187008,Горьковская,,,2025,2024,23 days 11:12:25.097835450,33792.4182972575,146.73852766329946,0.10789049919484701,Зима,1,1,0.0042144038959820995,0.0014048012986607,0.0042144038959820995,60.68741610214466,1,0,,,,,,,road
,2025-01-25 03:23:51.871191456,Горьковская,,,2025,2024,23 days 14:19:10.890839898,33979.1815139983,186.763216740801,0.10950080515297907,Зима,1,1,0.0042144038959820995,0.0014048012986607,0.0042144038959820995,60.68741610214466,1,0,,,,,,,road
,2025-01-25 15:18:16.836010668,Горьковская,,,2025,2024,24 days 02:13:35.855659110,34693.5975943185,714.4160803201958,0.1111111111111111,Зима,1,1,0.0042144038959820995,0.0014048012986607,0.0042144038959820995,60.68741610214466,1,0,,,,,,,road
,2025-01-25 17:06:36.786291036,Горьковская,,,2025,2024,24 days 04:01:55.805939478,34801.9300989913,108.33250467280595,0.11272141706924316,Зима,1,1,0.0042144038959820995,0.0014048012986607,0.0042144038959820995,60.68741610214466,1,0,,,,,,,road
,2025-01-26 08:36:02.544509664,Горьковская,,,2025,2024,24 days 19:31:21.564158106,35731.359402635106,929.429303643803,0.1143317230273752,Зима,1,1,0.0042144038959820995,0.0014048012986607,0.0042144038959820995,60.68741610214466,1,0,,,,,,,road
,2025-01-26 11:41:29.263908318,Горьковская,,,2025,2024,24 days 22:36:48.283556760,35916.804725946,185.4453233108943,0.11594202898550725,Зима,1,1,0.0042144038959820995,0.0014048012986607,0.0042144038959820995,60.68741610214466,1,0,,,,,,,road
,2025-01-26 12:47:22.721807130,Горьковская,,,2025,2024,24 days 23:42:41.741455572,35982.6956909262,65.8909649802008,0.11755233494363929,Зима,1,1,0.0042144038959820995,0.0014048012986607,0.0042144038959820995,60.68741610214466,1,0,,,,,,,road
,2025-01-26 13:37:52.017755232,Горьковская,,,2025,2024,25 days 00:33:11.037403674,36033.183956727895,50.48826580169407,0.11916264090177134,Зима,1,1,0.0042144038959820995,0.0014048012986607,0.0042144038959820995,60.68741610214466,1,0,,,,,,,road
,2025-01-26 15:26:38.022616674,Горьковская,,,2025,2024,25 days 02:21:57.042265116,36141.950704418596,108.76674769070087,0.12077294685990338,Зима,1,1,0.0014048012986607,0.0014048012986607,0.0042144038959820995,60.68741610214466,0,0,,,,,,,road
,2025-01-26 22:36:00.403179588,Горьковская,,,2025,2024,25 days 09:31:19.422828030,36571.3237138005,429.3730093819031,0.12238325281803543,Зима,1,1,0.0014048012986607,0.0014048012986607,0.0042144038959820995,60.68741610214466,0,0,,,,,,,road
,2025-01-26 22:51:47.315172036,Горьковская,,,2025,2024,25 days 09:47:06.334820478,36587.105580341304,15.781866540804913,0.12399355877616747,Зима,1,1,0.0014048012986607,0.0014048012986607,0.0042144038959820995,60.68741610214466,0,0,,,,,,,road
,2025-01-27 05:50:58.292496054,Горьковская,,,2025,2024,25 days 16:46:17.312144496,37006.2885357416,419.18295540029794,0.12560386473429952,Зима,1,1,0.0014048012986607,0.0014048012986607,0.0042144038959820995,60.68741610214466,0,0,,,,,,,road
,2025-01-29 10:43:46.343685306,Горьковская,,,2025,2024,27 days 21:39:05.363333748,40179.0893888958,3172.8008531542,0.12721417069243157,Зима,1,1,0.0014048012986607,0.0014048012986607,0.0042144038959820995,60.68741610214466,0,0,,,,,,,road
,2025-01-29 23:53:11.887895310,Горьковская,,,2025,2024,28 days 10:48:30.907543752,40968.515125729195,789.4257368333929,0.1288244766505636,Зима,1,1,0.0014048012986607,0.0014048012986607,0.0042144038959820995,60.68741610214466,0,0,,,,,,,road
,2025-01-30 16:48:26.933696466,Горьковская,,,2025,2024,29 days 03:43:45.953344908,41983.7658890818,1015.2507633526038,0.13043478260869565,Зима,1,1,0.0014048012986607,0.0014048012986607,0.0042144038959820995,60.68741610214466,0,0,,,,,,,road
,2025-01-30 18:18:38.536264674,Горьковская,,,2025,2024,29 days 05:13:57.555913116,42073.9592652186,90.19337613679818,0.1320450885668277,Зима,1,1,0.0014048012986607,0.0014048012986607,0.0042144038959820995,60.68741610214466,0,0,,,,,,,road
,2025-01-31 01:54:45.230930838,Горьковская,,,2025,2024,29 days 12:50:04.250579280,42530.070842987996,456.11157776939945,0.13365539452495975,Зима,1,1,0.0014048012986607,0.0014048012986607,0.0042144038959820995,60.68741610214466,0,0,,,,,,,road
,2025-01-31 05:54:46.619890872,Горьковская,,,2025,2024,29 days 16:50:05.639539314,42770.0939923219,240.02314933390153,0.13526570048309178,Зима,1,1,0.0014048012986607,0.0014048012986607,0.0042144038959820995,60.68741610214466,0,0,,,,,,,road
,2025-02-01 08:33:02.175479040,Горьковская,,,2025,2024,30 days 19:28:21.195127482,44368.3532521247,1598.259259802806,0.13687600644122383,Зима,1,2,0.0014048012986607,0.0014048012986607,0.0042144038959820995,60.68741610214466,0,0,,,,,,,road
,2025-02-01 10:55:25.520411208,Горьковская,,,2025,2024,30 days 21:50:44.540059650,44510.7423343275,142.389082202797,0.13848631239935588,Зима,1,2,0.0014048012986607,0.0014048012986607,0.0042144038959820995,60.68741610214466,0,0,,,,,,,road
,2025-02-01 18:12:23.172531498,Горьковская,,,2025,2024,31 days 05:07:42.192179940,44947.703202999,436.96086867150007,0.14009661835748793,Зима,1,2,0.0014048012986607,0.0014048012986607,0.0042144038959820995,60.68741610214466,0,0,,,,,,,road
,2025-02-02 04:43:41.031489054,Горьковская,,,2025,2024,31 days 15:39:00.051137496,45579.000852291596,631.2976492925955,0.14170692431561996,Зима,1,2,0.0014048012986607,0.0014048012986607,0.0042144038959820995,60.68741610214466,0,0,,,,,,,road
,2025-02-02 13:17:22.381522710,Горьковская,,,2025,2024,32 days 00:12:41.401171152,46092.6900195192,513.6891672276033,0.143317230273752,Зима,1,2,0.0014048012986607,0.0014048012986607,0.0042144038959820995,60.68741610214466,0,0,,,,,,,road
,2025-02-03 10:19:45.067187778,Горьковская,,,2025,2024,32 days 21:15:04.086836220,47355.068113937006,1262.378094417807,0.14492753623188406,Зима,1,2,0.0014048012986607,0.0014048012986607,0.0042144038959820995,60.68741610214466,0,0,,,,,,,road
,2025-02-03 13:27:08.811748866,Горьковская,,,2025,2024,33 days 00:22:27.831397308,47542.4638566218,187.3957426847919,0.14653784219001612,Зима,1,2,0.0014048012986607,0.0014048012986607,0.0042144038959820995,60.68741610214466,0,0,,,,,,,road
,2025-02-03 19:04:26.694930414,Горьковская,,,2025,2024,33 days 05:59:45.714578856,47879.7619096476,337.29805302579916,0.14814814814814814,Зима,1,2,0.0014048012986607,0.0014048012986607,0.0042144038959820995,60.68741610214466,0,0,,,,,,,road
,2025-02-04 13:42:29.031268512,Горьковская,,,2025,2024,34 days 00:37:48.050916954,48997.8008486159,1118.0389389683041,0.1497584541062802,Зима,1,2,0.0014048012986607,0.0014048012986607,0.0042144038959820995,60.68741610214466,0,0,,,,,,,road
,2025-02-04 22:37:01.649721162,Горьковская,,,2025,2024,34 days 09:32:20.669369604,49532.3444894934,534.5436408774985,0.15136876006441224,Зима,1,2,0.0014048012986607,0.0014048012986607,0.0042144038959820995,60.68741610214466,0,0,,,,,,,road
,2025-02-05 04:43:10.344163326,Горьковская,,,2025,2024,34 days 15:38:29.363811768,49898.4893968628,366.14490736940206,0.1529790660225443,Зима,1,2,0.0014048012986607,0.0014048012986607,0.0042144038959820995,60.68741610214466,0,0,,,,,,,road
,2025-02-05 05:04:26.737296150,Горьковская,,,2025,2024,34 days 15:59:45.756944592,49919.7626157432,21.273218880400236,0.15458937198067632,Зима,1,2,0.0014048012986607,0.0014048012986607,0.0042144038959820995,60.68741610214466,0,0,,,,,,,road
,2025-02-05 21:40:58.620327420,Горьковская,,,2025,2024,35 days 08:36:17.639975862,50916.2939995977,996.5313838544971,0.15619967793880837,Зима,1,2,0.0014048012986607,0.0014048012986607,0.0042144038959820995,60.68741610214466,0,0,,,,,,,road
,2025-02-07 16:10:51.422596092,Горьковская,,,2025,2024,37 days 03:06:10.442244534,53466.1740374089,2549.880037811199,0.15780998389694043,Зима,1,2,0.0014048012986607,0.0014048012986607,0.0042144038959820995,60.68741610214466,0,0,,,,,,,road
,2025-02-08 03:40:09.852461706,Горьковская,,,2025,2024,37 days 14:35:28.872110148,54155.4812018358,689.3071644269003,0.15942028985507245,Зима,1,2,0.0014048012986607,0.0014048012986607,0.0042144038959820995,60.68741610214466,0,0,,,,,,,road
,2025-02-09 02:42:21.475848666,Горьковская,,,2025,2024,38 days 13:37:40.495497108,55537.674924951796,1382.1937231159973,0.1610305958132045,Зима,1,2,0.0014048012986607,0.0014048012986607,0.0042144038959820995,60.68741610214466,0,0,,,,,,,road
,2025-02-09 11:20:12.691342686,Горьковская,,,2025,2024,38 days 22:15:31.710991128,56055.528516518796,517.853591567,0.16264090177133655,Зима,1,2,0.0014048012986607,0.0014048012986607,0.0042144038959820995,60.68741610214466,0,0,,,,,,,road
,2025-02-09 14:27:49.097045304,Горьковская,,,2025,2024,39 days 01:23:08.116693746,56243.1352782291,187.60676171030354,0.1642512077294686,Зима,1,2,0.0014048012986607,0.0014048012986607,0.0042144038959820995,60.68741610214466,0,0,,,,,,,road
,2025-02-09 14:38:10.426475610,Горьковская,,,2025,2024,39 days 01:33:29.446124052,56253.490768734206,10.35549050510599,0.16586151368760063,Зима,1,2,0.0014048012986607,0.0014048012986607,0.0042144038959820995,60.68741610214466,0,0,,,,,,,road
,2025-02-10 03:12:25.747826412,Горьковская,,,2025,2024,39 days 14:07:44.767474854,57007.746124580895,754.2553558466898,0.16747181964573268,Зима,1,2,0.0014048012986607,0.0014048012986607,0.0042144038959820995,60.68741610214466,0,0,,,,,,,road
,2025-02-10 11:16:05.894230596,Горьковская,,,2025,2024,39 days 22:11:24.913879038,57491.415231317296,483.66910673640086,0.16908212560386474,Зима,1,2,0.0014048012986607,0.0014048012986607,0.0042144038959820995,60.68741610214466,0,0,,,,,,,road
,2025-02-11 05:20:44.586926346,Горьковская,,,2025,2024,40 days 16:16:03.606574788,58576.060109579805,1084.6448782625084,0.1706924315619968,Зима,1,2,0.0014048012986607,0.0014048012986607,0.0042144038959820995,60.68741610214466,0,0,,,,,,,road
,2025-02-11 19:25:16.641013620,Горьковская,,,2025,2024,41 days 06:20:35.660662062,59420.5943443677,844.5342347878977,0.1723027375201288,Зима,1,2,0.0014048012986607,0.0014048012986607,0.0042144038959820995,60.68741610214466,0,0,,,,,,,road
,2025-02-13 23:50:50.257970196,Горьковская,,,2025,2024,43 days 10:46:09.277618638,62566.154626977295,3145.560282609593,0.17391304347826086,Зима,1,2,0.0014048012986607,0.0014048012986607,0.0042144038959820995,60.68741610214466,0,0,,,,,,,road
,2025-02-14 08:19:05.162158416,Горьковская,,,2025,2024,43 days 19:14:24.181806858,63074.4030301143,508.24840313700406,0.17552334943639292,Зима,1,2,0.0014048012986607,0.0014048012986607,0.0042144038959820995,60.68741610214466,0,0,,,,,,,road
,2025-02-14 14:55:42.462989208,Горьковская,,,2025,2024,44 days 01:51:01.482637650,63471.0247106275,396.62168051319895,0.17713365539452497,Зима,1,2,0.0014048012986607,0.0014048012986607,0.0042144038959820995,60.68741610214466,0,0,,,,,,,road
,2025-02-14 18:56:14.774529750,Горьковская,,,2025,2024,44 days 05:51:33.794178192,63711.5632363032,240.53852567569993,0.178743961352657,Зима,1,2,0.0014048012986607,0.0014048012986607,0.0042144038959820995,60.68741610214466,0,0,,,,,,,road
,2025-02-15 02:37:27.384210774,Горьковская,,,2025,2024,44 days 13:32:46.403859216,64172.7733976536,461.21016135039827,0.18035426731078905,Зима,1,2,0.0014048012986607,0.0014048012986607,0.0042144038959820995,60.68741610214466,0,0,,,,,,,road
,2025-02-16 03:05:40.556800338,Горьковская,,,2025,2024,45 days 14:00:59.576448780,65640.992940813,1468.219543159401,0.1819645732689211,Зима,1,2,0.0014048012986607,0.0014048012986607,0.0042144038959820995,60.68741610214466,0,0,,,,,,,road
,2025-02-16 03:36:32.773639199,Горьковская,,,2025,2024,45 days 14:31:51.793287641,65671.86322146068,30.870280647679465,0.18357487922705315,Зима,1,2,0.0014048012986607,0.0014048012986607,0.0042144038959820995,60.68741610214466,0,0,,,,,,,road
,2025-02-18 00:50:13.514782092,Горьковская,,,2025,2024,47 days 11:45:32.534430534,68385.5422405089,2713.679019048228,0.18518518518518517,Зима,1,2,0.0014048012986607,0.0014048012986607,0.0042144038959820995,60.68741610214466,0,0,,,,,,,road
,2025-02-20 12:14:13.953777426,Горьковская,,,2025,2024,49 days 23:09:32.973425868,71949.5495570978,3564.00731658889,0.18679549114331723,Зима,1,2,0.0014048012986607,0.0014048012986607,0.0042144038959820995,60.68741610214466,0,0,,,,,,,road
,2025-02-20 23:02:37.347077826,Горьковская,,,2025,2024,50 days 09:57:56.366726268,72597.9394454378,648.3898883400107,0.18840579710144928,Зима,1,2,0.0014048012986607,0.0014048012986607,0.0042144038959820995,60.68741610214466,0,0,,,,,,,road
,2025-02-21 03:49:20.563306908,Горьковская,,,2025,2024,50 days 14:44:39.582955350,72884.6597159225,286.72027048470045,0.19001610305958133,Зима,1,2,0.0014048012986607,0.0014048012986607,0.0042144038959820995,60.68741610214466,0,0,,,,,,,road
,2025-02-21 06:48:59.793926976,Горьковская,,,2025,2024,50 days 17:44:18.813575418,73064.3135595903,179.65384366779472,0.19162640901771336,Зима,1,2,0.0014048012986607,0.0014048012986607,0.0042144038959820995,60.68741610214466,0,0,,,,,,,road
,2025-02-21 10:39:22.736367774,Горьковская,,,2025,2024,50 days 21:34:41.756016216,73294.69593360361,230.38237401330844,0.1932367149758454,Зима,1,2,0.0014048012986607,0.0014048012986607,0.0042144038959820995,60.68741610214466,0,0,,,,,,,road
,2025-03-01 11:33:50.192864520,Горьковская,,,2025,2024,58 days 22:29:09.212512962,84869.1535418827,11574.457608279088,0.19484702093397746,Весна,2,3,0.0015916084340088,0.0015916084340088,0.0047748253020264,68.75748434918373,0,0,,,,,,,road
,2025-03-01 15:25:23.391802404,Горьковская,,,2025,2024,59 days 02:20:42.411450846,85100.7068575141,231.55331563140498,0.1964573268921095,Весна,2,3,0.0015916084340088,0.0015916084340088,0.0047748253020264,68.75748434918373,0,0,,,,,,,road
,2025-03-01 17:53:03.462124152,Горьковская,,,2025,2024,59 days 04:48:22.481772594,85248.3746962099,147.66783869579376,0.19806763285024154,Весна,2,3,0.0015916084340088,0.0015916084340088,0.0047748253020264,68.75748434918373,0,0,,,,,,,road
,2025-03-01 23:01:36.927061194,Горьковская,,,2025,2024,59 days 09:56:55.946709636,85556.9324451606,308.5577489506977,0.1996779388083736,Весна,2,3,0.0015916084340088,0.0015916084340088,0.0047748253020264,68.75748434918373,0,0,,,,,,,road
,2025-03-02 08:48:06.115414200,Горьковская,,,2025,2024,59 days 19:43:25.135062642,86143.4189177107,586.4864725501102,0.20128824476650564,Весна,2,3,0.0015916084340088,0.0015916084340088,0.0047748253020264,68.75748434918373,0,0,,,,,,,road
,2025-03-02 20:00:17.752583604,Горьковская,,,2025,2024,60 days 06:55:36.772232046,86815.61287053411,672.193952823407,0.2028985507246377,Весна,2,3,0.0015916084340088,0.0015916084340088,0.0047748253020264,68.75748434918373,0,0,,,,,,,road
,2025-03-03 05:02:39.920417772,Горьковская,,,2025,2024,60 days 15:57:58.940066214,87357.98233443689,542.3694639027817,0.20450885668276972,Весна,2,3,0.0015916084340088,0.0015916084340088,0.0047748253020264,68.75748434918373,0,0,,,,,,,road
,2025-03-05 03:24:26.650734972,Горьковская,,,2025,2024,62 days 14:19:45.670383414,90139.7611730569,2781.778838620012,0.20611916264090177,Весна,2,3,0.0015916084340088,0.0015916084340088,0.0047748253020264,68.75748434918373,0,0,,,,,,,road
,2025-03-05 15:42:30.378513678,Горьковская,,,2025,2024,63 days 02:37:49.398162120,90877.823302702,738.062129645099,0.20772946859903382,Весна,2,3,0.0015916084340088,0.0015916084340088,0.0047748253020264,68.75748434918373,0,0,,,,,,,road
,2025-03-06 19:47:05.795748600,Горьковская,,,2025,2024,64 days 06:42:24.815397042,92562.4135899507,1684.5902872486913,0.20933977455716588,Весна,2,3,0.0015916084340088,0.0015916084340088,0.0047748253020264,68.75748434918373,0,0,,,,,,,road
,2025-03-06 21:05:56.387032728,Горьковская,,,2025,2024,64 days 08:01:15.406681170,92641.2567780195,78.84318806880037,0.2109500805152979,Весна,2,3,0.0015916084340088,0.0015916084340088,0.0047748253020264,68.75748434918373,0,0,,,,,,,road
,2025-03-06 21:45:44.048482326,Горьковская,,,2025,2024,64 days 08:41:03.068130768,92681.0511355128,39.794357493301504,0.21256038647342995,Весна,2,3,0.0015916084340088,0.0015916084340088,0.0047748253020264,68.75748434918373,0,0,,,,,,,road
,2025-03-07 01:39:46.685250924,Горьковская,,,2025,2024,64 days 12:35:05.704899366,92915.0950816561,234.04394614329794,0.214170692431562,Весна,2,3,0.0015916084340088,0.0015916084340088,0.0047748253020264,68.75748434918373,0,0,,,,,,,road
,2025-03-07 03:12:03.136846782,Горьковская,,,2025,2024,64 days 14:07:22.156495224,93007.36927492039,92.27419326429663,0.21578099838969403,Весна,2,3,0.0015916084340088,0.0015916084340088,0.0047748253020264,68.75748434918373,0,0,,,,,,,road
,2025-03-07 11:00:55.833803886,Горьковская,,,2025,2024,64 days 21:56:14.853452328,93476.2475575388,468.8782826184033,0.21739130434782608,Весна,2,3,0.0015916084340088,0.0015916084340088,0.0047748253020264,68.75748434918373,0,0,,,,,,,road
,2025-03-07 18:40:44.869650918,Горьковская,,,2025,2024,65 days 05:36:03.889299360,93936.06482165601,459.8172641172132,0.21900161030595813,Весна,2,3,0.0015916084340088,0.0015916084340088,0.0047748253020264,68.75748434918373,0,0,,,,,,,road
,2025-03-08 03:38:25.710111372,Горьковская,,,2025,2024,65 days 14:33:44.729759814,94473.7454959969,537.6806743408961,0.22061191626409019,Весна,2,3,0.0015916084340088,0.0015916084340088,0.0047748253020264,68.75748434918373,0,0,,,,,,,road
,2025-03-08 17:57:33.028703082,Горьковская,,,2025,2024,66 days 04:52:52.048351524,95332.86747252541,859.1219765285059,0.2222222222222222,Весна,2,3,0.0015916084340088,0.0015916084340088,0.0047748253020264,68.75748434918373,0,0,,,,,,,road
,2025-03-10 07:09:11.296647096,Горьковская,,,2025,2024,67 days 18:04:30.316295538,97564.50527159231,2231.637799066899,0.22383252818035426,Весна,2,3,0.0015916084340088,0.0015916084340088,0.0047748253020264,68.75748434918373,0,0,,,,,,,road
,2025-03-11 05:12:17.288659746,Горьковская,,,2025,2024,68 days 16:07:36.308308188,98887.6051384698,1323.0998668774846,0.22544283413848631,Весна,2,3,0.0015916084340088,0.0015916084340088,0.0047748253020264,68.75748434918373,0,0,,,,,,,road
,2025-03-11 06:31:26.434683012,Горьковская,,,2025,2024,68 days 17:26:45.454331454,98966.7575721909,79.15243372110126,0.22705314009661837,Весна,2,3,0.0015916084340088,0.0015916084340088,0.0047748253020264,68.75748434918373,0,0,,,,,,,road
,2025-03-11 10:51:05.617866828,Горьковская,,,2025,2024,68 days 21:46:24.637515270,99226.4106252545,259.65305306360824,0.2286634460547504,Весна,2,3,0.0015916084340088,0.0015916084340088,0.0047748253020264,68.75748434918373,0,0,,,,,,,road
,2025-03-11 13:56:44.402880636,Горьковская,,,2025,2024,69 days 00:52:03.422529078,99412.0570421513,185.6464168967941,0.23027375201288244,Весна,2,3,0.0015916084340088,0.0015916084340088,0.0047748253020264,68.75748434918373,0,0,,,,,,,road
,2025-03-11 15:58:59.517834738,Горьковская,,,2025,2024,69 days 02:54:18.537483180,99534.30895805299,122.25191590169561,0.2318840579710145,Весна,2,3,0.0015916084340088,0.0015916084340088,0.0047748253020264,68.75748434918373,0,0,,,,,,,road
,2025-03-12 00:13:22.091590872,Горьковская,,,2025,2024,69 days 11:08:41.111239314,100028.6851873219,494.3762292689062,0.23349436392914655,Весна,2,3,0.0015916084340088,0.0015916084340088,0.0047748253020264,68.75748434918373,0,0,,,,,,,road
,2025-03-12 08:39:38.471066640,Горьковская,,,2025,2024,69 days 19:34:57.490715082,100534.9581785847,506.2729912627983,0.23510466988727857,Весна,2,3,0.0015916084340088,0.0015916084340088,0.0047748253020264,68.75748434918373,0,0,,,,,,,road
,2025-03-12 11:21:36.678109002,Горьковская,,,2025,2024,69 days 22:16:55.697757444,100696.9282959574,161.97011737270805,0.23671497584541062,Весна,2,3,0.0015916084340088,0.0015916084340088,0.0047748253020264,68.75748434918373,0,0,,,,,,,road
,2025-03-13 00:23:29.149774056,Горьковская,,,2025,2024,70 days 11:18:48.169422498,101478.8028237083,781.8745277509006,0.23832528180354268,Весна,2,3,0.0015916084340088,0.0015916084340088,0.0047748253020264,68.75748434918373,0,0,,,,,,,road
,2025-03-13 14:12:57.132915444,Горьковская,,,2025,2024,71 days 01:08:16.152563886,102308.2692093981,829.4663856897969,0.23993558776167473,Весна,2,3,0.0015916084340088,0.0015916084340088,0.0047748253020264,68.75748434918373,0,0,,,,,,,road
,2025-03-13 14:26:16.445180496,Горьковская,,,2025,2024,71 days 01:21:35.464828938,102321.5910804823,13.321871084204759,0.24154589371980675,Весна,2,3,0.0015916084340088,0.0015916084340088,0.0047748253020264,68.75748434918373,0,0,,,,,,,road
,2025-03-13 19:42:47.800011696,Горьковская,,,2025,2024,71 days 06:38:06.819660138,102638.11366100231,316.5225805200025,0.2431561996779388,Весна,2,3,0.0015916084340088,0.0015916084340088,0.0047748253020264,68.75748434918373,0,0,,,,,,,road
,2025-03-14 18:50:25.248530838,Горьковская,,,2025,2024,72 days 05:45:44.268179280,104025.73780298799,1387.6241419856815,0.24476650563607086,Весна,2,3,0.0015916084340088,0.0015916084340088,0.0047748253020264,68.75748434918373,0,0,,,,,,,road
,2025-03-15 02:31:59.239601076,Горьковская,,,2025,2024,72 days 13:27:18.259249518,104487.3043208253,461.56651783730194,0.2463768115942029,Весна,2,3,0.0015916084340088,0.0015916084340088,0.0047748253020264,68.75748434918373,0,0,,,,,,,road
,2025-03-15 07:00:21.442157304,Горьковская,,,2025,2024,72 days 17:55:40.461805746,104755.6743634291,268.3700426038122,0.24798711755233493,Весна,2,3,0.0015916084340088,0.0015916084340088,0.0047748253020264,68.75748434918373,0,0,,,,,,,road
,2025-03-15 10:04:11.629743000,Горьковская,,,2025,2024,72 days 20:59:30.649391442,104939.51082319069,183.83645976158732,0.249597423510467,Весна,2,3,0.0015916084340088,0.0015916084340088,0.0047748253020264,68.75748434918373,0,0,,,,,,,road
,2025-03-15 12:59:24.031593870,Горьковская,,,2025,2024,72 days 23:54:43.051242312,105114.7175207052,175.2066975145135,0.25120772946859904,Весна,2,3,0.0015916084340088,0.0015916084340088,0.0047748253020264,68.75748434918373,0,0,,,,,,,road
,2025-03-15 14:05:26.167246914,Горьковская,,,2025,2024,73 days 01:00:45.186895356,105180.7531149226,66.03559421739192,0.2528180354267311,Весна,2,3,0.0015916084340088,0.0015916084340088,0.0047748253020264,68.75748434918373,0,0,,,,,,,road
,2025-03-16 07:53:13.702402110,Горьковская,,,2025,2024,73 days 18:48:32.722050552,106248.5453675092,1067.7922525866015,0.25442834138486314,Весна,2,3,0.0015916084340088,0.0015916084340088,0.0047748253020264,68.75748434918373,0,0,,,,,,,road
,2025-03-16 08:50:10.782619956,Горьковская,,,2025,2024,73 days 19:45:29.802268398,106305.4967044733,56.951336964106304,0.2560386473429952,Весна,2,3,0.0015916084340088,0.0015916084340088,0.0047748253020264,68.75748434918373,0,0,,,,,,,road
,2025-03-16 12:27:23.923204890,Горьковская,,,2025,2024,73 days 23:22:42.942853332,106522.7157142222,217.21900974889286,0.2576489533011272,Весна,2,3,0.0015916084340088,0.0015916084340088,0.0047748253020264,68.75748434918373,0,0,,,,,,,road
,2025-03-16 12:56:46.358020098,Горьковская,,,2025,2024,73 days 23:52:05.377668540,106552.089627809,29.373913586794515,0.25925925925925924,Весна,2,3,0.0015916084340088,0.0015916084340088,0.0047748253020264,68.75748434918373,0,0,,,,,,,road
,2025-03-17 04:52:03.857788049,Горьковская,,,2025,2024,74 days 15:47:22.877436491,107507.38129060817,955.2916627991799,0.2608695652173913,Весна,2,3,0.0015916084340088,0.0015916084340088,0.0047748253020264,68.75748434918373,0,0,,,,,,,road
,2025-03-17 05:17:14.635472778,Горьковская,,,2025,2024,74 days 16:12:33.655121220,107532.560918687,25.179628078825772,0.26247987117552335,Весна,2,3,0.0015916084340088,0.0015916084340088,0.0047748253020264,68.75748434918373,0,0,,,,,,,road
,2025-03-17 09:08:50.184077994,Горьковская,,,2025,2024,74 days 20:04:09.203726436,107764.1533954406,231.5924767536053,0.2640901771336554,Весна,2,3,0.0015916084340088,0.0015916084340088,0.0047748253020264,68.75748434918373,0,0,,,,,,,road
,2025-03-17 18:03:56.118197136,Горьковская,,,2025,2024,75 days 04:59:15.137845578,108299.2522974263,535.0989019856934,0.26570048309178745,Весна,2,3,0.0015916084340088,0.0015916084340088,0.0047748253020264,68.75748434918373,0,0,,,,,,,road
,2025-03-17 23:34:58.650334620,Горьковская,,,2025,2024,75 days 10:30:17.669983062,108630.2944997177,331.042202291399,0.2673107890499195,Весна,2,3,0.0015916084340088,0.0015916084340088,0.0047748253020264,68.75748434918373,0,0,,,,,,,road
,2025-03-18 03:03:21.599117154,Горьковская,,,2025,2024,75 days 13:58:40.618765596,108838.6769794266,208.3824797089037,0.2689210950080515,Весна,2,3,0.0015916084340088,0.0015916084340088,0.0047748253020264,68.75748434918373,0,0,,,,,,,road
,2025-03-18 06:25:34.399150776,Горьковская,,,2025,2024,75 days 17:20:53.418799218,109040.8903133203,202.2133338936983,0.27053140096618356,Весна,2,3,0.0015916084340088,0.0015916084340088,0.0047748253020264,68.75748434918373,0,0,,,,,,,road
,2025-03-18 23:09:52.311717324,Горьковская,,,2025,2024,76 days 10:05:11.331365766,110045.1888560961,1004.2985427757958,0.2721417069243156,Весна,2,3,0.0015916084340088,0.0015916084340088,0.0047748253020264,68.75748434918373,0,0,,,,,,,road
,2025-03-20 13:22:24.357348060,Горьковская,,,2025,2024,78 days 00:17:43.376996502,112337.7229499417,2292.5340938456065,0.27375201288244766,Весна,2,3,0.0015916084340088,0.0015916084340088,0.0047748253020264,68.75748434918373,0,0,,,,,,,road
,2025-03-20 17:51:10.448466390,Горьковская,,,2025,2024,78 days 04:46:29.468114832,112606.49113524721,268.768185305511,0.2753623188405797,Весна,2,3,0.0015916084340088,0.0015916084340088,0.0047748253020264,68.75748434918373,0,0,,,,,,,road
,2025-03-20 18:16:15.804918575,Горьковская,,,2025,2024,78 days 05:11:34.824567017,112631.58040945028,25.08927420307009,0.27697262479871176,Весна,2,3,0.0015916084340088,0.0015916084340088,0.0047748253020264,68.75748434918373,0,0,,,,,,,road
,2025-03-20 18:39:40.084856430,Горьковская,,,2025,2024,78 days 05:34:59.104504872,112654.9850750812,23.404665630921954,0.2785829307568438,Весна,2,3,0.0015916084340088,0.0015916084340088,0.0047748253020264,68.75748434918373,0,0,,,,,,,road
,2025-03-21 09:34:15.759639875,Горьковская,,,2025,2024,78 days 20:29:34.779288317,113549.57965480529,894.5945797240856,0.28019323671497587,Весна,2,3,0.0015916084340088,0.0015916084340088,0.0047748253020264,68.75748434918373,0,0,,,,,,,road
,2025-03-21 17:59:16.725567060,Горьковская,,,2025,2024,79 days 04:54:35.745215502,114054.5957535917,505.0160987864074,0.28180354267310787,Весна,2,3,0.0015916084340088,0.0015916084340088,0.0047748253020264,68.75748434918373,0,0,,,,,,,road
,2025-03-22 10:00:56.575703940,Горьковская,,,2025,2024,79 days 20:56:15.595352382,115016.25992253971,961.6641689480166,0.2834138486312399,Весна,2,3,0.0015916084340088,0.0015916084340088,0.0047748253020264,68.75748434918373,0,0,,,,,,,road
,2025-03-22 22:32:10.380014148,Горьковская,,,2025,2024,80 days 09:27:29.399662590,115767.48999437649,751.2300718367769,0.28502415458937197,Весна,2,3,0.0015916084340088,0.0015916084340088,0.0047748253020264,68.75748434918373,0,0,,,,,,,road
,2025-03-23 23:27:54.134570556,Горьковская,,,2025,2024,81 days 10:23:13.154218998,117263.21923698329,1495.7292426068016,0.286634460547504,Весна,2,3,0.0015916084340088,0.0015916084340088,0.0047748253020264,68.75748434918373,0,0,,,,,,,road
,2025-03-24 22:11:18.804520968,Горьковская,,,2025,2024,82 days 09:06:37.824169410,118626.6304028235,1363.4111658402107,0.2882447665056361,Весна,2,3,0.0015916084340088,0.0015916084340088,0.0047748253020264,68.75748434918373,0,0,,,,,,,road
,2025-03-25 14:26:52.592748894,Горьковская,,,2025,2024,83 days 01:22:11.612397336,119602.19353995561,975.5631371321069,0.2898550724637681,Весна,2,3,0.0015916084340088,0.0015916084340088,0.0047748253020264,68.75748434918373,0,0,,,,,,,road
,2025-03-25 21:11:56.964567318,Горьковская,,,2025,2024,83 days 08:07:15.984215760,120007.26640359599,405.0728636403801,0.2914653784219002,Весна,2,3,0.0015916084340088,0.0015916084340088,0.0047748253020264,68.75748434918373,0,0,,,,,,,road
,2025-03-26 01:03:22.993396806,Горьковская,,,2025,2024,83 days 11:58:42.013045248,120238.70021742079,231.43381382479856,0.29307568438003223,Весна,2,3,0.0015916084340088,0.0015916084340088,0.0047748253020264,68.75748434918373,0,0,,,,,,,road
,2025-03-26 05:43:06.766898598,Горьковская,,,2025,2024,83 days 16:38:25.786547040,120518.429775784,279.7295583632076,0.2946859903381642,Весна,2,3,0.0025285152064079396,0.0015916084340088,0.0047748253020264,68.75748434918373,0,1,,,,,,,road
,2025-03-26 09:47:48.884167818,Горьковская,,,2025,2024,83 days 20:43:07.903816260,120763.13173027101,244.7019544870127,0.2962962962962963,Весна,2,3,0.002849584931010841,0.0015916084340088,0.0047748253020264,68.75748434918373,0,1,,,,,,,road
,2025-03-26 14:26:49.602750774,Горьковская,,,2025,2024,84 days 01:22:08.622399216,121042.14370665359,279.0119763825787,0.29790660225442833,Весна,2,3,0.003377329308237877,0.0015916084340088,0.0047748253020264,68.75748434918373,0,1,,,,,,,road
,2025-03-26 15:26:55.888982076,Горьковская,,,2025,2024,84 days 02:22:14.908630518,121102.24847717531,60.10477052172064,0.2995169082125604,Весна,2,3,0.003425930762521197,0.0015916084340088,0.0047748253020264,68.75748434918373,0,1,,,,,,,road
,2025-03-26 20:02:01.961183412,Горьковская,,,2025,2024,84 days 06:57:20.980831854,121377.3496805309,275.10120335558895,0.30112721417069244,Весна,2,3,0.0038749711741033798,0.0015916084340088,0.0047748253020264,68.75748434918373,0,1,,,,,,,road
,2025-03-26 22:35:18.262856106,Горьковская,,,2025,2024,84 days 09:30:37.282504548,121530.6213750758,153.2716945449065,0.3027375201288245,Весна,2,3,0.0039792819188560116,0.0015916084340088,0.0047748253020264,68.75748434918373,0,1,,,,,,,road
,2025-03-27 02:38:00.605352132,Горьковская,,,2025,2024,84 days 13:33:19.625000574,121773.3270833429,242.70570826709445,0.30434782608695654,Весна,2,3,0.003988876940418337,0.0015916084340088,0.0047748253020264,68.75748434918373,0,1,,,,,,,road
,2025-03-27 03:46:19.626067944,Горьковская,,,2025,2024,84 days 14:41:38.645716386,121841.64409527309,68.31701193019398,0.3059581320450886,Весна,2,3,0.0040094992924503,0.0015916084340088,0.0047748253020264,68.75748434918373,0,1,,,,,,,road
,2025-03-27 06:06:46.781953134,Горьковская,,,2025,2024,84 days 17:02:05.801601576,121982.09669335959,140.45259808650007,0.3075684380032206,Весна,2,3,0.004057305770105586,0.0015916084340088,0.0047748253020264,68.75748434918373,0,1,,,,,,,road
,2025-03-27 07:04:51.671999244,Горьковская,,,2025,2024,84 days 18:00:10.691647686,122040.17819412811,58.08150076851598,0.30917874396135264,Весна,2,3,0.004062861060397423,0.0015916084340088,0.0047748253020264,68.75748434918373,0,1,,,,,,,road
,2025-03-27 15:31:43.494742836,Горьковская,,,2025,2024,85 days 02:27:02.514391278,122547.04190652129,506.86371239318396,0.3107890499194847,Весна,2,3,0.004107387705116151,0.0015916084340088,0.0047748253020264,68.75748434918373,0,1,,,,,,,road
,2025-03-27 18:14:24.293374866,Горьковская,,,2025,2024,85 days 05:09:43.313023308,122709.72188372181,162.6799772005179,0.31239935587761675,Весна,2,3,0.004114547988341734,0.0015916084340088,0.0047748253020264,68.75748434918373,0,1,,,,,,,road
,2025-03-27 19:15:53.710154370,Горьковская,,,2025,2024,85 days 06:11:12.729802812,122771.2121633802,61.490279658391955,0.3140096618357488,Весна,2,3,0.004144854624618896,0.0015916084340088,0.0047748253020264,68.75748434918373,0,1,,,,,,,road
,2025-03-27 19:25:58.058385606,Горьковская,,,2025,2024,85 days 06:21:17.078034048,122781.2846339008,10.072470520593924,0.31561996779388085,Весна,2,3,0.004177907076309599,0.0015916084340088,0.0047748253020264,68.75748434918373,0,1,,,,,,,road
,2025-03-27 23:21:49.849412466,Горьковская,,,2025,2024,85 days 10:17:08.869060908,123017.1478176818,235.86318378100987,0.3172302737520129,Весна,2,3,0.0047748253020264,0.0015916084340088,0.0047748253020264,68.75748434918373,1,0,,,,,,,road
,2025-03-28 00:12:26.011634064,Горьковская,,,2025,2024,85 days 11:07:45.031282506,123067.7505213751,50.60270369329373,0.3188405797101449,Весна,2,3,0.0047748253020264,0.0015916084340088,0.0047748253020264,68.75748434918373,1,0,,,,,,,road
,2025-03-28 16:08:19.799947098,Горьковская,,,2025,2024,86 days 03:03:38.819595540,124023.646993259,955.8964718838979,0.32045088566827695,Весна,2,3,0.0047748253020264,0.0015916084340088,0.0047748253020264,68.75748434918373,1,0,,,,,,,road
,2025-03-28 18:48:06.666410874,Горьковская,,,2025,2024,86 days 05:43:25.686059316,124183.42810098859,159.7811077295919,0.322061191626409,Весна,2,3,0.0047748253020264,0.0015916084340088,0.0047748253020264,68.75748434918373,1,0,,,,,,,road
,2025-03-28 19:59:32.274457842,Горьковская,,,2025,2024,86 days 06:54:51.294106284,124254.8549017714,71.42680078280682,0.32367149758454106,Весна,2,3,0.0047748253020264,0.0015916084340088,0.0047748253020264,68.75748434918373,1,0,,,,,,,road
,2025-03-28 23:44:02.947111740,Горьковская,,,2025,2024,86 days 10:39:21.966760182,124479.3661126697,224.51121089830121,0.3252818035426731,Весна,2,3,0.0047748253020264,0.0015916084340088,0.0047748253020264,68.75748434918373,1,0,,,,,,,road
,2025-03-29 00:51:27.748658910,Горьковская,,,2025,2024,86 days 11:46:46.768307352,124546.77947178921,67.41335911951319,0.32689210950080516,Весна,2,3,0.0047748253020264,0.0015916084340088,0.0047748253020264,68.75748434918373,1,0,,,,,,,road
,2025-03-29 06:50:54.905614356,Горьковская,,,2025,2024,86 days 17:46:13.925262798,124906.23208771329,359.4526159240777,0.3285024154589372,Весна,2,3,0.0047748253020264,0.0015916084340088,0.0047748253020264,68.75748434918373,1,0,,,,,,,road
,2025-03-29 08:08:05.573406054,Горьковская,,,2025,2024,86 days 19:03:24.593054496,124983.4098842416,77.17779652831086,0.33011272141706927,Весна,2,3,0.0047748253020264,0.0015916084340088,0.0047748253020264,68.75748434918373,1,0,,,,,,,road
,2025-03-29 23:38:44.798362116,Горьковская,,,2025,2024,87 days 10:34:03.818010558,125914.0636335093,930.6537492677016,0.33172302737520126,Весна,2,3,0.0047748253020264,0.0015916084340088,0.0047748253020264,68.75748434918373,1,0,,,,,,,road
,2025-03-30 02:53:21.491031630,Горьковская,,,2025,2024,87 days 13:48:40.510680072,126108.6751780012,194.6115444918978,0.3333333333333333,Весна,2,3,0.0047748253020264,0.0015916084340088,0.0047748253020264,68.75748434918373,1,0,,,,,,,road
,2025-03-30 09:23:00.838380540,Горьковская,,,2025,2024,87 days 20:18:19.858028982,126498.3309671497,389.655789148499,0.33494363929146537,Весна,2,3,0.0047748253020264,0.0015916084340088,0.0047748253020264,68.75748434918373,1,0,,,,,,,road
,2025-03-30 09:38:50.854347630,Горьковская,,,2025,2024,87 days 20:34:09.873996072,126514.1645666012,15.833599451507325,0.3365539452495974,Весна,2,3,0.0047748253020264,0.0015916084340088,0.0047748253020264,68.75748434918373,1,0,,,,,,,road
,2025-03-30 11:08:31.198438608,Горьковская,,,2025,2024,87 days 22:03:50.218087050,126603.8369681175,89.67240151629085,0.33816425120772947,Весна,2,3,0.0047748253020264,0.0015916084340088,0.0047748253020264,68.75748434918373,1,0,,,,,,,road
,2025-03-30 15:48:37.530624648,Горьковская,,,2025,2024,88 days 02:43:56.550273090,126883.9425045515,280.1055364339991,0.3397745571658615,Весна,2,3,0.0047748253020264,0.0015916084340088,0.0047748253020264,68.75748434918373,1,0,,,,,,,road
,2025-03-30 19:31:32.452729812,Горьковская,,,2025,2024,88 days 06:26:51.472378254,127106.8578729709,222.9153684194025,0.3413848631239936,Весна,2,3,0.0047748253020264,0.0015916084340088,0.0047748253020264,68.75748434918373,1,0,,,,,,,road
,2025-03-30 20:16:46.351661976,Горьковская,,,2025,2024,88 days 07:12:05.371310418,127152.08952184029,45.23164886939048,0.34299516908212563,Весна,2,3,0.0047748253020264,0.0015916084340088,0.0047748253020264,68.75748434918373,1,0,,,,,,,road
,2025-03-30 21:49:00.020655084,Горьковская,,,2025,2024,88 days 08:44:19.040303526,127244.31733839211,92.22781655182189,0.3446054750402576,Весна,2,3,0.0047748253020264,0.0015916084340088,0.0047748253020264,68.75748434918373,1,0,,,,,,,road
,2025-03-30 22:53:02.287379718,Горьковская,,,2025,2024,88 days 09:48:21.307028160,127308.355117136,64.03777874389198,0.3462157809983897,Весна,2,3,0.0047748253020264,0.0015916084340088,0.0047748253020264,68.75748434918373,1,0,,,,,,,road
,2025-03-31 02:12:03.510288666,Горьковская,,,2025,2024,88 days 13:07:22.529937108,127507.3754989518,199.02038181580428,0.34782608695652173,Весна,2,3,0.0047748253020264,0.0015916084340088,0.0047748253020264,68.75748434918373,1,0,,,,,,,road
,2025-03-31 03:40:32.115845477,Горьковская,,,2025,2024,88 days 14:35:51.135493919,127595.85225823199,88.47675928017998,0.3494363929146538,Весна,2,3,0.0047748253020264,0.0015916084340088,0.0047748253020264,68.75748434918373,1,0,,,,,,,road
,2025-03-31 04:57:57.654889200,Горьковская,,,2025,2024,88 days 15:53:16.674537642,127673.27790896069,77.42565072870639,0.35104669887278583,Весна,2,3,0.0047748253020264,0.0015916084340088,0.0047748253020264,68.75748434918373,1,0,,,,,,,road
,2025-03-31 05:46:38.081951700,Горьковская,,,2025,2024,88 days 16:41:57.101600142,127721.95169333571,48.67378437501611,0.3526570048309179,Весна,2,3,0.0047748253020264,0.0015916084340088,0.0047748253020264,68.75748434918373,1,0,,,,,,,road
,2025-03-31 07:36:47.561284212,Горьковская,,,2025,2024,88 days 18:32:06.580932654,127832.10968221091,110.15798887520214,0.35426731078904994,Весна,2,3,0.0047748253020264,0.0015916084340088,0.0047748253020264,68.75748434918373,1,0,,,,,,,road
,2025-03-31 08:22:21.117195852,Горьковская,,,2025,2024,88 days 19:17:40.136844294,127877.6689474049,45.55926519399509,0.355877616747182,Весна,2,3,0.0047748253020264,0.0015916084340088,0.0047748253020264,68.75748434918373,1,0,,,,,,,road
,2025-03-31 19:50:23.528913300,Горьковская,,,2025,2024,89 days 06:45:42.548561742,128565.70914269569,688.040195290785,0.357487922705314,Весна,2,3,0.0047748253020264,0.0015916084340088,0.0047748253020264,68.75748434918373,1,0,,,,,,,road
,2025-03-31 20:25:32.455324758,Горьковская,,,2025,2024,89 days 07:20:51.474973200,128600.85791622,35.14877352431358,0.35909822866344604,Весна,2,3,0.0047748253020264,0.0015916084340088,0.0047748253020264,68.75748434918373,1,0,,,,,,,road
,2025-04-01 04:57:40.563154266,Горьковская,,,2025,2024,89 days 15:52:59.582802708,129112.99304671181,512.1351304918062,0.3607085346215781,Весна,2,4,0.0047748253020264,0.0015916084340088,0.0047748253020264,68.75748434918373,1,0,,,,,,,road
,2025-04-01 06:54:50.479716144,Горьковская,,,2025,2024,89 days 17:50:09.499364586,129230.1583227431,117.16527603128634,0.36231884057971014,Весна,2,4,0.0047748253020264,0.0015916084340088,0.0047748253020264,68.75748434918373,1,0,,,,,,,road
,2025-04-01 08:34:14.255122926,Горьковская,,,2025,2024,89 days 19:29:33.274771368,129329.5545795228,99.39625677969889,0.3639291465378422,Весна,2,4,0.0047748253020264,0.0015916084340088,0.0047748253020264,68.75748434918373,1,0,,,,,,,road
,2025-04-01 09:29:20.096638812,Горьковская,,,2025,2024,89 days 20:24:39.116287254,129384.6519381209,55.097358598097344,0.36553945249597425,Весна,2,4,0.0047748253020264,0.0015916084340088,0.0047748253020264,68.75748434918373,1,0,,,,,,,road
,2025-04-01 13:00:50.808784374,Горьковская,,,2025,2024,89 days 23:56:09.828432816,129596.1638072136,211.51186909270473,0.3671497584541063,Весна,2,4,0.0047748253020264,0.0015916084340088,0.0047748253020264,68.75748434918373,1,0,,,,,,,road
,2025-04-01 17:03:07.804945314,Горьковская,,,2025,2024,90 days 03:58:26.824593756,129838.4470765626,242.28326934900542,0.3687600644122383,Весна,2,4,0.0047748253020264,0.0015916084340088,0.0047748253020264,68.75748434918373,1,0,,,,,,,road
,2025-04-01 19:15:08.165748341,Горьковская,,,2025,2024,90 days 06:10:27.185396783,129970.45308994639,132.00601338378328,0.37037037037037035,Весна,2,4,0.0047748253020264,0.0015916084340088,0.0047748253020264,68.75748434918373,1,0,,,,,,,road
,2025-04-01 19:27:08.426686326,Горьковская,,,2025,2024,90 days 06:22:27.446334768,129982.4574389128,12.004348966409452,0.3719806763285024,Весна,2,4,0.0047748253020264,0.0015916084340088,0.0047748253020264,68.75748434918373,1,0,,,,,,,road
,2025-04-02 04:12:14.628353058,Горьковская,,,2025,2024,90 days 15:07:33.648001500,130507.560800025,525.1033611122111,0.37359098228663445,Весна,2,4,0.0047748253020264,0.0015916084340088,0.0047748253020264,68.75748434918373,1,0,,,,,,,road
,2025-04-02 17:55:01.249942242,Горьковская,,,2025,2024,91 days 04:50:20.269590684,131330.33782651142,822.7770264864084,0.3752012882447665,Весна,2,4,0.0047748253020264,0.0015916084340088,0.0047748253020264,68.75748434918373,1,0,,,,,,,road
,2025-04-02 19:53:07.806366750,Горьковская,,,2025,2024,91 days 06:48:26.826015192,131448.4471002532,118.10927374177845,0.37681159420289856,Весна,2,4,0.0047748253020264,0.0015916084340088,0.0047748253020264,68.75748434918373,1,0,,,,,,,road
,2025-04-02 23:12:18.478878630,Горьковская,,,2025,2024,91 days 10:07:37.498527072,131647.6249754512,199.1778751980164,0.3784219001610306,Весна,2,4,0.0047748253020264,0.0015916084340088,0.0047748253020264,68.75748434918373,1,0,,,,,,,road
,2025-04-03 01:17:37.666289694,Горьковская,,,2025,2024,91 days 12:12:56.685938136,131772.9447656356,125.31979018438142,0.38003220611916266,Весна,2,4,0.0047748253020264,0.0015916084340088,0.0047748253020264,68.75748434918373,1,0,,,,,,,road
,2025-04-03 02:38:58.646968440,Горьковская,,,2025,2024,91 days 13:34:17.666616882,131854.2944436147,81.34967797910213,0.38164251207729466,Весна,2,4,0.0047748253020264,0.0015916084340088,0.0047748253020264,68.75748434918373,1,0,,,,,,,road
,2025-04-03 02:55:49.844071086,Горьковская,,,2025,2024,91 days 13:51:08.863719528,131871.1477286588,16.853285044111544,0.3832528180354267,Весна,2,4,0.0047748253020264,0.0015916084340088,0.0047748253020264,68.75748434918373,1,0,,,,,,,road
,2025-04-03 05:03:21.607297176,Горьковская,,,2025,2024,91 days 15:58:40.626945618,131998.6771157603,127.52938710150192,0.38486312399355876,Весна,2,4,0.0047748253020264,0.0015916084340088,0.0047748253020264,68.75748434918373,1,0,,,,,,,road
,2025-04-03 11:00:37.329022536,Горьковская,,,2025,2024,91 days 21:55:56.348670978,132355.9391445163,357.2620287559985,0.3864734299516908,Весна,2,4,0.0047748253020264,0.0015916084340088,0.0047748253020264,68.75748434918373,1,0,,,,,,,road
,2025-04-03 11:04:13.188201918,Горьковская,,,2025,2024,91 days 21:59:32.207850360,132359.536797506,3.5976529897016007,0.38808373590982287,Весна,2,4,0.0047748253020264,0.0015916084340088,0.0047748253020264,68.75748434918373,1,0,,,,,,,road
,2025-04-03 14:06:57.335868714,Горьковская,,,2025,2024,92 days 01:02:16.355517156,132542.2725919526,182.73579444660572,0.3896940418679549,Весна,2,4,0.0047748253020264,0.0015916084340088,0.0047748253020264,68.75748434918373,1,0,,,,,,,road
,2025-04-03 21:32:21.478805970,Горьковская,,,2025,2024,92 days 08:27:40.498454412,132987.67497424022,445.40238228760427,0.391304347826087,Весна,2,4,0.0047748253020264,0.0015916084340088,0.0047748253020264,68.75748434918373,1,0,,,,,,,road
,2025-04-03 22:23:44.203459452,Горьковская,,,2025,2024,92 days 09:19:03.223107894,133039.0537184649,51.37874422466848,0.392914653784219,Весна,2,4,0.0047748253020264,0.0015916084340088,0.0047748253020264,68.75748434918373,1,0,,,,,,,road
,2025-04-03 23:06:07.912134534,Горьковская,,,2025,2024,92 days 10:01:26.931782976,133081.4488630496,42.39514458470512,0.394524959742351,Весна,2,4,0.0047748253020264,0.0015916084340088,0.0047748253020264,68.75748434918373,1,0,,,,,,,road
,2025-04-04 04:16:00.722095110,Горьковская,,,2025,2024,92 days 15:11:19.741743552,133391.32902905918,309.88016600959236,0.3961352657004831,Весна,2,4,0.0047748253020264,0.0015916084340088,0.0047748253020264,68.75748434918373,1,0,,,,,,,road
,2025-04-04 05:17:41.218724376,Горьковская,,,2025,2024,92 days 16:13:00.238372818,133453.00397288028,61.67494382109726,0.3977455716586151,Весна,2,4,0.0047748253020264,0.0015916084340088,0.0047748253020264,68.75748434918373,1,0,,,,,,,road
,2025-04-04 06:02:19.939762224,Горьковская,,,2025,2024,92 days 16:57:38.959410666,133497.64932351108,44.64535063080257,0.3993558776167472,Весна,2,4,0.0047748253020264,0.0015916084340088,0.0047748253020264,68.75748434918373,1,0,,,,,,,road
,2025-04-04 07:41:46.205009430,Горьковская,,,2025,2024,92 days 18:37:05.224657872,133597.0870776312,99.43775412012474,0.40096618357487923,Весна,2,4,0.0047748253020264,0.0015916084340088,0.0047748253020264,68.75748434918373,1,0,,,,,,,road
,2025-04-04 12:54:54.987683688,Горьковская,,,2025,2024,92 days 23:50:14.007332130,133910.23345553552,313.1463779043115,0.4025764895330113,Весна,2,4,0.0015916084340088,0.0015916084340088,0.0047748253020264,68.75748434918373,0,0,,,,,,,road
,2025-04-05 10:36:55.048008648,Горьковская,,,2025,2024,93 days 21:32:14.067657090,135212.2344609515,1302.0010054159793,0.40418679549114334,Весна,2,4,0.0015916084340088,0.0015916084340088,0.0047748253020264,68.75748434918373,0,0,,,,,,,road
,2025-04-05 20:42:16.654961891,Горьковская,,,2025,2024,94 days 07:37:35.674610333,135817.59457683886,605.3601158873644,0.4057971014492754,Весна,2,4,0.0015916084340088,0.0015916084340088,0.0047748253020264,68.75748434918373,0,0,,,,,,,road
,2025-04-06 02:09:30.042004043,Горьковская,,,2025,2024,94 days 13:04:49.061652485,136144.8176942081,327.2231173692271,0.4074074074074074,Весна,2,4,0.0015916084340088,0.0015916084340088,0.0047748253020264,68.75748434918373,0,0,,,,,,,road
,2025-04-06 10:09:46.270292256,Горьковская,,,2025,2024,94 days 21:05:05.289940698,136625.0881656783,480.27047147019766,0.40901771336553944,Весна,2,4,0.0015916084340088,0.0015916084340088,0.0047748253020264,68.75748434918373,0,0,,,,,,,road
,2025-04-07 18:23:53.344619472,Горьковская,,,2025,2024,96 days 05:19:12.364267914,138559.2060711319,1934.1179054536042,0.4106280193236715,Весна,2,4,0.0015916084340088,0.0015916084340088,0.0047748253020264,68.75748434918373,0,0,,,,,,,road
,2025-04-07 19:39:22.813635408,Горьковская,,,2025,2024,96 days 06:34:41.833283850,138634.6972213975,75.49115026561776,0.41223832528180354,Весна,2,4,0.0015916084340088,0.0015916084340088,0.0047748253020264,68.75748434918373,0,0,,,,,,,road
,2025-04-07 22:05:40.151966022,Горьковская,,,2025,2024,96 days 09:00:59.171614464,138780.9861935744,146.28897217690246,0.4138486312399356,Весна,2,4,0.0015916084340088,0.0015916084340088,0.0047748253020264,68.75748434918373,0,0,,,,,,,road
,2025-04-09 08:29:06.236853132,Горьковская,,,2025,2024,97 days 19:24:25.256501574,140844.4209416929,2063.4347481184814,0.41545893719806765,Весна,2,4,0.0015916084340088,0.0015916084340088,0.0047748253020264,68.75748434918373,0,0,,,,,,,road
,2025-04-10 17:30:50.047368126,Горьковская,,,2025,2024,99 days 04:26:09.067016568,142826.1511169428,1981.7301752499188,0.4170692431561997,Весна,2,4,0.0015916084340088,0.0015916084340088,0.0047748253020264,68.75748434918373,0,0,,,,,,,road
,2025-04-10 19:33:21.105287880,Горьковская,,,2025,2024,99 days 06:28:40.124936322,142948.66874893868,122.51763199587003,0.41867954911433175,Весна,2,4,0.0015916084340088,0.0015916084340088,0.0047748253020264,68.75748434918373,0,0,,,,,,,road
,2025-04-10 21:11:51.394010406,Горьковская,,,2025,2024,99 days 08:07:10.413658848,143047.1735609808,98.50481204211246,0.42028985507246375,Весна,2,4,0.0015916084340088,0.0015916084340088,0.0047748253020264,68.75748434918373,0,0,,,,,,,road
,2025-04-11 02:55:16.958949432,Горьковская,,,2025,2024,99 days 13:50:35.978597874,143390.5996432979,343.4260823171062,0.4219001610305958,Весна,2,4,0.0015916084340088,0.0015916084340088,0.0047748253020264,68.75748434918373,0,0,,,,,,,road
,2025-04-11 03:27:19.421900706,Горьковская,,,2025,2024,99 days 14:22:38.441549148,143422.64069248582,32.04104918791563,0.42351046698872785,Весна,2,4,0.0015916084340088,0.0015916084340088,0.0047748253020264,68.75748434918373,0,0,,,,,,,road
,2025-04-11 14:35:47.199482340,Горьковская,,,2025,2024,100 days 01:31:06.219130782,144091.1036521797,668.4629596938903,0.4251207729468599,Весна,2,4,0.0015916084340088,0.0015916084340088,0.0047748253020264,68.75748434918373,0,0,,,,,,,road
,2025-04-11 15:26:28.032470832,Горьковская,,,2025,2024,100 days 02:21:47.052119274,144141.7842019879,50.68054980819579,0.42673107890499196,Весна,2,4,0.0015916084340088,0.0015916084340088,0.0047748253020264,68.75748434918373,0,0,,,,,,,road
,2025-04-11 16:04:01.656725046,Горьковская,,,2025,2024,100 days 02:59:20.676373488,144179.3446062248,37.5604042368941,0.428341384863124,Весна,2,4,0.0015916084340088,0.0015916084340088,0.0047748253020264,68.75748434918373,0,0,,,,,,,road
,2025-04-11 23:01:11.107925058,Горьковская,,,2025,2024,100 days 09:56:30.127573500,144596.50212622498,417.15752000018256,0.42995169082125606,Весна,2,4,0.0015916084340088,0.0015916084340088,0.0047748253020264,68.75748434918373,0,0,,,,,,,road
,2025-04-13 08:09:45.068341014,Горьковская,,,2025,2024,101 days 19:05:04.087989456,146585.0681331576,1988.5660069326113,0.43156199677938806,Весна,2,4,0.0015916084340088,0.0015916084340088,0.0047748253020264,68.75748434918373,0,0,,,,,,,road
,2025-04-13 13:59:24.355001646,Горьковская,,,2025,2024,102 days 00:54:43.374650088,146934.7229108348,349.65477767720586,0.4331723027375201,Весна,2,4,0.0015916084340088,0.0015916084340088,0.0047748253020264,68.75748434918373,0,0,,,,,,,road
,2025-04-13 18:36:21.657228186,Горьковская,,,2025,2024,102 days 05:31:40.676876628,147211.67794794383,276.95503710902994,0.43478260869565216,Весна,2,4,0.0015916084340088,0.0015916084340088,0.0047748253020264,68.75748434918373,0,0,,,,,,,road
,2025-04-16 11:27:31.017617250,Горьковская,,,2025,2024,104 days 22:22:50.037265692,151102.8339544282,3891.1560064843798,0.4363929146537842,Весна,2,4,0.0015916084340088,0.0015916084340088,0.0047748253020264,68.75748434918373,0,0,,,,,,,road
,2025-04-16 19:24:31.901218499,Горьковская,,,2025,2024,105 days 06:19:50.920866941,151579.84868111566,477.01472668745555,0.43800322061191627,Весна,2,4,0.0015916084340088,0.0015916084340088,0.0047748253020264,68.75748434918373,0,0,,,,,,,road
,2025-04-17 00:20:04.527340602,Горьковская,,,2025,2024,105 days 11:15:23.546989044,151875.39244981742,295.54376870175474,0.4396135265700483,Весна,2,4,0.0015916084340088,0.0015916084340088,0.0047748253020264,68.75748434918373,0,0,,,,,,,road
,2025-04-17 05:26:23.433021372,Горьковская,,,2025,2024,105 days 16:21:42.452669814,152181.7075444969,306.3150946794776,0.44122383252818037,Весна,2,4,0.0015916084340088,0.0015916084340088,0.0047748253020264,68.75748434918373,0,0,,,,,,,road
,2025-04-17 07:42:38.660648064,Горьковская,,,2025,2024,105 days 18:37:57.680296506,152317.9613382751,136.2537937782181,0.4428341384863124,Весна,2,4,0.0015916084340088,0.0015916084340088,0.0047748253020264,68.75748434918373,0,0,,,,,,,road
,2025-04-17 15:13:41.738998920,Горьковская,,,2025,2024,106 days 02:09:00.758647362,152769.0126441227,451.0513058475917,0.4444444444444444,Весна,2,4,0.0015916084340088,0.0015916084340088,0.0047748253020264,68.75748434918373,0,0,,,,,,,road
,2025-04-17 21:16:42.573192234,Горьковская,,,2025,2024,106 days 08:12:01.592840676,153132.02654734458,363.01390322187217,0.44605475040257647,Весна,2,4,0.0015916084340088,0.0015916084340088,0.0047748253020264,68.75748434918373,0,0,,,,,,,road
,2025-04-18 00:35:07.540985388,Горьковская,,,2025,2024,106 days 11:30:26.560633830,153330.44267723052,198.41612988593988,0.4476650563607085,Весна,2,4,0.0015916084340088,0.0015916084340088,0.0047748253020264,68.75748434918373,0,0,,,,,,,road
,2025-04-18 02:25:04.511085570,Горьковская,,,2025,2024,106 days 13:20:23.530734012,153440.3921789002,109.94950166967465,0.4492753623188406,Весна,2,4,0.0015916084340088,0.0015916084340088,0.0047748253020264,68.75748434918373,0,0,,,,,,,road
,2025-04-18 06:19:20.509371360,Горьковская,,,2025,2024,106 days 17:14:39.529019802,153674.6588169967,234.26663809650927,0.45088566827697263,Весна,2,4,0.0015916084340088,0.0015916084340088,0.0047748253020264,68.75748434918373,0,0,,,,,,,road
,2025-04-18 13:45:51.008470374,Горьковская,,,2025,2024,107 days 00:41:10.028118816,154121.1671353136,446.5083183168899,0.4524959742351047,Весна,2,4,0.0015916084340088,0.0015916084340088,0.0047748253020264,68.75748434918373,0,0,,,,,,,road
,2025-04-18 14:23:36.786583446,Горьковская,,,2025,2024,107 days 01:18:55.806231888,154158.9301038648,37.762968551222,0.45410628019323673,Весна,2,4,0.0015916084340088,0.0015916084340088,0.0047748253020264,68.75748434918373,0,0,,,,,,,road
,2025-04-18 16:08:29.794143120,Горьковская,,,2025,2024,107 days 03:03:48.813791562,154263.8135631927,104.88345932788798,0.4557165861513688,Весна,2,4,0.0015916084340088,0.0015916084340088,0.0047748253020264,68.75748434918373,0,0,,,,,,,road
,2025-04-19 23:01:55.871090508,Горьковская,,,2025,2024,108 days 09:57:14.890738950,156117.2481789825,1853.4346157897962,0.4573268921095008,Весна,2,4,0.0015916084340088,0.0015916084340088,0.0047748253020264,68.75748434918373,0,0,,,,,,,road
,2025-04-20 07:13:43.961255628,Горьковская,,,2025,2024,108 days 18:09:02.980904070,156609.0496817345,491.8015027520014,0.45893719806763283,Весна,2,4,0.0015916084340088,0.0015916084340088,0.0047748253020264,68.75748434918373,0,0,,,,,,,road
,2025-04-20 07:54:55.107675456,Горьковская,,,2025,2024,108 days 18:50:14.127323898,156650.2354553983,41.185773663804866,0.4605475040257649,Весна,2,4,0.0015916084340088,0.0015916084340088,0.0047748253020264,68.75748434918373,0,0,,,,,,,road
,2025-04-20 20:17:03.400170222,Горьковская,,,2025,2024,109 days 07:12:22.419818664,157392.3736636444,742.1382082460914,0.46215780998389694,Весна,2,4,0.0015916084340088,0.0015916084340088,0.0047748253020264,68.75748434918373,0,0,,,,,,,road
,2025-04-20 20:57:08.333099561,Горьковская,,,2025,2024,109 days 07:52:27.352748003,157432.4558791334,40.08221548900474,0.463768115942029,Весна,2,4,0.0015916084340088,0.0015916084340088,0.0047748253020264,68.75748434918373,0,0,,,,,,,road
,2025-04-21 11:00:47.055782652,Горьковская,,,2025,2024,109 days 21:56:06.075431094,158276.1012571849,843.6453780515003,0.46537842190016104,Весна,2,4,0.0015916084340088,0.0015916084340088,0.0047748253020264,68.75748434918373,0,0,,,,,,,road
,2025-04-22 01:31:41.563719318,Горьковская,,,2025,2024,110 days 12:27:00.583367760,159147.00972279598,870.908465611079,0.4669887278582931,Весна,2,4,0.0015916084340088,0.0015916084340088,0.0047748253020264,68.75748434918373,0,0,,,,,,,road
,2025-04-22 12:33:13.851775896,Горьковская,,,2025,2024,110 days 23:28:32.871424338,159808.5478570723,661.5381342763139,0.46859903381642515,Весна,2,4,0.0015916084340088,0.0015916084340088,0.0047748253020264,68.75748434918373,0,0,,,,,,,road
,2025-04-23 02:21:01.789740378,Горьковская,,,2025,2024,111 days 13:16:20.809388820,160636.346823147,827.7989660747116,0.47020933977455714,Весна,2,4,0.0015916084340088,0.0015916084340088,0.0047748253020264,68.75748434918373,0,0,,,,,,,road
,2025-04-23 03:18:52.911160392,Горьковская,,,2025,2024,111 days 14:14:11.930808834,160694.1988468139,57.852023666899186,0.4718196457326892,Весна,2,4,0.0015916084340088,0.0015916084340088,0.0047748253020264,68.75748434918373,0,0,,,,,,,road
,2025-04-23 16:54:04.940329788,Горьковская,,,2025,2024,112 days 03:49:23.959978230,161509.3993329705,815.2004861565947,0.47342995169082125,Весна,2,4,0.0015916084340088,0.0015916084340088,0.0047748253020264,68.75748434918373,0,0,,,,,,,road
,2025-04-23 18:26:25.731301686,Горьковская,,,2025,2024,112 days 05:21:44.750950128,161601.7458491688,92.34651619830402,0.4750402576489533,Весна,2,4,0.0015916084340088,0.0015916084340088,0.0047748253020264,68.75748434918373,0,0,,,,,,,road
,2025-04-23 22:47:01.502883450,Горьковская,,,2025,2024,112 days 09:42:20.522531892,161862.3420421982,260.5961930293997,0.47665056360708535,Весна,2,4,0.0015916084340088,0.0015916084340088,0.0047748253020264,68.75748434918373,0,0,,,,,,,road
,2025-04-25 04:44:06.191566248,Горьковская,,,2025,2024,113 days 15:39:25.211214690,163659.4201869115,1797.078144713305,0.4782608695652174,Весна,2,4,0.0015916084340088,0.0015916084340088,0.0047748253020264,68.75748434918373,0,0,,,,,,,road
,2025-04-25 12:03:13.679605278,Горьковская,,,2025,2024,113 days 22:58:32.699253720,164098.544987562,439.1248006504902,0.47987117552334946,Весна,2,4,0.0015916084340088,0.0015916084340088,0.0047748253020264,68.75748434918373,0,0,,,,,,,road
,2025-04-26 23:54:40.233046824,Горьковская,,,2025,2024,115 days 10:49:59.252695266,166249.9875449211,2151.4425573591143,0.48148148148148145,Весна,2,4,0.0015916084340088,0.0015916084340088,0.0047748253020264,68.75748434918373,0,0,,,,,,,road
,2025-04-27 00:53:10.918220682,Горьковская,,,2025,2024,115 days 11:48:29.937869124,166308.4989644854,58.51141956428182,0.4830917874396135,Весна,2,4,0.0015916084340088,0.0015916084340088,0.0047748253020264,68.75748434918373,0,0,,,,,,,road
,2025-04-27 07:41:05.730429294,Горьковская,,,2025,2024,115 days 18:36:24.750077736,166716.4125012956,407.91353681019973,0.48470209339774556,Весна,2,4,0.0015916084340088,0.0015916084340088,0.0047748253020264,68.75748434918373,0,0,,,,,,,road
,2025-04-27 08:21:34.757575056,Горьковская,,,2025,2024,115 days 19:16:53.777223498,166756.8962870583,40.483785762713524,0.4863123993558776,Весна,2,4,0.0015916084340088,0.0015916084340088,0.0047748253020264,68.75748434918373,0,0,,,,,,,road
,2025-04-27 18:46:37.224527562,Горьковская,,,2025,2024,116 days 05:41:56.244176004,167381.9374029334,625.041115875094,0.48792270531400966,Весна,2,4,0.0015916084340088,0.0015916084340088,0.0047748253020264,68.75748434918373,0,0,,,,,,,road
,2025-04-27 19:38:07.576171446,Горьковская,,,2025,2024,116 days 06:33:26.595819888,167433.4432636648,51.50586073141312,0.4895330112721417,Весна,2,4,0.0015916084340088,0.0015916084340088,0.0047748253020264,68.75748434918373,0,0,,,,,,,road
,2025-04-27 21:39:16.367007042,Горьковская,,,2025,2024,116 days 08:34:35.386655484,167554.58977759138,121.14651392656378,0.49114331723027377,Весна,2,4,0.0015916084340088,0.0015916084340088,0.0047748253020264,68.75748434918373,0,0,,,,,,,road
,2025-04-28 00:47:27.800461902,Горьковская,,,2025,2024,116 days 11:42:46.820110344,167742.7803351724,188.1905575810233,0.4927536231884058,Весна,2,4,0.0015916084340088,0.0015916084340088,0.0047748253020264,68.75748434918373,0,0,,,,,,,road
,2025-04-28 15:15:18.987799440,Горьковская,,,2025,2024,117 days 02:10:38.007447882,168610.6334574647,867.8531222922902,0.4943639291465378,Весна,2,4,0.0015916084340088,0.0015916084340088,0.0047748253020264,68.75748434918373,0,0,,,,,,,road
,2025-04-28 17:07:49.945535484,Горьковская,,,2025,2024,117 days 04:03:08.965183926,168723.1494197321,112.51596226741094,0.49597423510466987,Весна,2,4,0.0015916084340088,0.0015916084340088,0.0047748253020264,68.75748434918373,0,0,,,,,,,road
,2025-04-29 12:45:49.969246854,Горьковская,,,2025,2024,117 days 23:41:08.988895296,169901.14981492158,1178.000395189476,0.4975845410628019,Весна,2,4,0.0015916084340088,0.0015916084340088,0.0047748253020264,68.75748434918373,0,0,,,,,,,road
,2025-04-29 14:14:42.420289698,Горьковская,,,2025,2024,118 days 01:10:01.439938140,169990.02399896897,88.87418404739583,0.499194847020934,Весна,2,4,0.0015916084340088,0.0015916084340088,0.0047748253020264,68.75748434918373,0,0,,,,,,,road
,2025-04-29 14:37:15.034063212,Горьковская,,,2025,2024,118 days 01:32:34.053711654,170012.56756186092,22.543562891951296,0.500805152979066,Весна,2,4,0.0015916084340088,0.0015916084340088,0.0047748253020264,68.75748434918373,0,0,,,,,,,road
,2025-04-29 19:53:01.976754912,Горьковская,,,2025,2024,118 days 06:48:20.996403354,170328.3499400559,315.7823781949701,0.5024154589371981,Весна,2,4,0.0015916084340088,0.0015916084340088,0.0047748253020264,68.75748434918373,0,0,,,,,,,road
,2025-05-01 12:33:38.284366740,Горьковская,,,2025,2024,119 days 23:28:57.304015182,172768.9550669197,2440.605126863811,0.5040257648953301,Весна,2,5,0.0015916084340088,0.0015916084340088,0.0047748253020264,68.75748434918373,0,0,,,,,,,road
,2025-05-01 13:47:05.841400692,Горьковская,,,2025,2024,120 days 00:42:24.861049134,172842.4143508189,73.45928389919573,0.5056360708534622,Весна,2,5,0.0015916084340088,0.0015916084340088,0.0047748253020264,68.75748434918373,0,0,,,,,,,road
,2025-05-01 14:54:29.740169730,Горьковская,,,2025,2024,120 days 01:49:48.759818172,172909.8126636362,67.39831281729857,0.5072463768115942,Весна,2,5,0.0015916084340088,0.0015916084340088,0.0047748253020264,68.75748434918373,0,0,,,,,,,road
,2025-05-02 05:28:26.179731456,Горьковская,,,2025,2024,120 days 16:23:45.199379898,173783.75332299832,873.9406593621243,0.5088566827697263,Весна,2,5,0.0015916084340088,0.0015916084340088,0.0047748253020264,68.75748434918373,0,0,,,,,,,road
,2025-05-02 09:23:32.720549435,Горьковская,,,2025,2024,120 days 20:18:51.740197877,174018.86233663128,235.10901363295852,0.5104669887278583,Весна,2,5,0.0015916084340088,0.0015916084340088,0.0047748253020264,68.75748434918373,0,0,,,,,,,road
,2025-05-02 22:37:16.393445538,Горьковская,,,2025,2024,121 days 09:32:35.413093980,174812.590218233,793.7278816017206,0.5120772946859904,Весна,2,5,0.0015916084340088,0.0015916084340088,0.0047748253020264,68.75748434918373,0,0,,,,,,,road
,2025-05-03 00:57:28.894288248,Горьковская,,,2025,2024,121 days 11:52:47.913936690,174952.7985656115,140.20834737850237,0.5136876006441223,Весна,2,5,0.0015916084340088,0.0015916084340088,0.0047748253020264,68.75748434918373,0,0,,,,,,,road
,2025-05-03 07:24:42.729611010,Горьковская,,,2025,2024,121 days 18:20:01.749259452,175340.02915432418,387.2305887126713,0.5152979066022544,Весна,2,5,0.0015916084340088,0.0015916084340088,0.0047748253020264,68.75748434918373,0,0,,,,,,,road
,2025-05-03 10:38:24.152662182,Горьковская,,,2025,2024,121 days 21:33:43.172310624,175533.7195385104,193.69038418622222,0.5169082125603864,Весна,2,5,0.0015916084340088,0.0015916084340088,0.0047748253020264,68.75748434918373,0,0,,,,,,,road
,2025-05-03 16:55:46.132730676,Горьковская,,,2025,2024,122 days 03:51:05.152379118,175911.0858729853,377.3663344749075,0.5185185185185185,Весна,2,5,0.0015916084340088,0.0015916084340088,0.0047748253020264,68.75748434918373,0,0,,,,,,,road
,2025-05-04 08:16:41.857934922,Горьковская,,,2025,2024,122 days 19:12:00.877583364,176832.0146263894,920.9287534040923,0.5201288244766505,Весна,2,5,0.0015916084340088,0.0015916084340088,0.0047748253020264,68.75748434918373,0,0,,,,,,,road
,2025-05-04 23:18:37.920989958,Горьковская,,,2025,2024,123 days 10:13:56.940638400,177733.94901064,901.934384250606,0.5217391304347826,Весна,2,5,0.0015916084340088,0.0015916084340088,0.0047748253020264,68.75748434918373,0,0,,,,,,,road
,2025-05-05 06:54:16.303499040,Горьковская,,,2025,2024,123 days 17:49:35.323147482,178189.5887191247,455.6397084846976,0.5233494363929146,Весна,2,5,0.0015916084340088,0.0015916084340088,0.0047748253020264,68.75748434918373,0,0,,,,,,,road
,2025-05-06 10:30:37.545085818,Горьковская,,,2025,2024,124 days 21:25:56.564734260,179845.942745571,1656.3540264462936,0.5249597423510467,Весна,2,5,0.0015916084340088,0.0015916084340088,0.0047748253020264,68.75748434918373,0,0,,,,,,,road
,2025-06-01 01:12:00.489768750,Горьковская,,,2025,2024,150 days 12:07:19.509417192,216727.3251569532,36881.38241138219,0.5265700483091788,Лето,3,6,0.0012283149338832,0.0012283149338832,0.0036849448016496,53.063205143758346,0,0,,,,,,,road
,2025-06-02 17:54:34.166965680,Горьковская,,,2025,2024,152 days 04:49:53.186614122,219169.8864435687,2442.561286615528,0.5281803542673108,Лето,3,6,0.0012283149338832,0.0012283149338832,0.0036849448016496,53.063205143758346,0,0,,,,,,,road
,2025-06-02 19:26:38.667244218,Горьковская,,,2025,2024,152 days 06:21:57.686892660,219261.96144821102,92.07500464230543,0.5297906602254429,Лето,3,6,0.0012283149338832,0.0012283149338832,0.0036849448016496,53.063205143758346,0,0,,,,,,,road
,2025-06-03 06:41:01.715810496,Горьковская,,,2025,2024,152 days 17:36:20.735458938,219936.3455909823,674.384142771276,0.5314009661835749,Лето,3,6,0.0012283149338832,0.0012283149338832,0.0036849448016496,53.063205143758346,0,0,,,,,,,road
,2025-06-03 12:07:09.168754830,Горьковская,,,2025,2024,152 days 23:02:28.188403272,220262.46980672117,326.12421573887696,0.533011272141707,Лето,3,6,0.0012283149338832,0.0012283149338832,0.0036849448016496,53.063205143758346,0,0,,,,,,,road
,2025-06-03 19:44:34.537161090,Горьковская,,,2025,2024,153 days 06:39:53.556809532,220719.89261349218,457.42280677100644,0.534621578099839,Лето,3,6,0.0012283149338832,0.0012283149338832,0.0036849448016496,53.063205143758346,0,0,,,,,,,road
,2025-06-04 08:31:32.600569584,Горьковская,,,2025,2024,153 days 19:26:51.620218026,221486.8603369671,766.9677234749252,0.5362318840579711,Лето,3,6,0.0012283149338832,0.0012283149338832,0.0036849448016496,53.063205143758346,0,0,,,,,,,road
,2025-06-05 17:01:35.031878262,Горьковская,,,2025,2024,155 days 03:56:54.051526704,223436.90085877842,1950.0405218113156,0.537842190016103,Лето,3,6,0.0012283149338832,0.0012283149338832,0.0036849448016496,53.063205143758346,0,0,,,,,,,road
,2025-06-06 01:19:34.548007374,Горьковская,,,2025,2024,155 days 12:14:53.567655816,223934.8927942636,497.99193548518815,0.5394524959742351,Лето,3,6,0.0012283149338832,0.0012283149338832,0.0036849448016496,53.063205143758346,0,0,,,,,,,road
,2025-06-08 13:02:10.582026774,Горьковская,,,2025,2024,157 days 23:57:29.601675216,227517.4933612536,3582.600566990004,0.5410628019323671,Лето,3,6,0.0012283149338832,0.0012283149338832,0.0036849448016496,53.063205143758346,0,0,,,,,,,road
,2025-06-09 01:13:39.022333320,Горьковская,,,2025,2024,158 days 12:08:58.041981762,228248.96736636272,731.4740051091067,0.5426731078904992,Лето,3,6,0.0012283149338832,0.0012283149338832,0.0036849448016496,53.063205143758346,0,0,,,,,,,road
,2025-06-09 03:36:07.956586896,Горьковская,,,2025,2024,158 days 14:31:26.976235338,228391.4496039223,142.4822375595686,0.5442834138486312,Лето,3,6,0.0012283149338832,0.0012283149338832,0.0036849448016496,53.063205143758346,0,0,,,,,,,road
,2025-06-09 06:27:41.693185002,Горьковская,,,2025,2024,158 days 17:23:00.712833444,228563.0118805574,171.56227663511527,0.5458937198067633,Лето,3,6,0.0012283149338832,0.0012283149338832,0.0036849448016496,53.063205143758346,0,0,,,,,,,road
,2025-06-09 23:32:48.985146696,Горьковская,,,2025,2024,159 days 10:28:08.004795138,229588.1334132523,1025.1215326949023,0.5475040257648953,Лето,3,6,0.0012283149338832,0.0012283149338832,0.0036849448016496,53.063205143758346,0,0,,,,,,,road
,2025-06-10 00:14:54.987791580,Горьковская,,,2025,2024,159 days 11:10:14.007440022,229630.2334573337,42.100044081395026,0.5491143317230274,Лето,3,6,0.0012283149338832,0.0012283149338832,0.0036849448016496,53.063205143758346,0,0,,,,,,,road
,2025-06-10 09:07:49.697658186,Горьковская,,,2025,2024,159 days 20:03:08.717306628,230163.1452884438,532.9118311101047,0.5507246376811594,Лето,3,6,0.0012283149338832,0.0012283149338832,0.0036849448016496,53.063205143758346,0,0,,,,,,,road
,2025-06-10 11:18:26.089707120,Горьковская,,,2025,2024,159 days 22:13:45.109355562,230293.7518225927,130.60653414888657,0.5523349436392915,Лето,3,6,0.0012283149338832,0.0012283149338832,0.0036849448016496,53.063205143758346,0,0,,,,,,,road
,2025-06-10 19:00:40.751262516,Горьковская,,,2025,2024,160 days 05:55:59.770910958,230755.9961818493,462.24435925661237,0.5539452495974235,Лето,3,6,0.0012283149338832,0.0012283149338832,0.0036849448016496,53.063205143758346,0,0,,,,,,,road
,2025-06-11 13:49:01.504500096,Горьковская,,,2025,2024,161 days 00:44:20.524148538,231884.34206914232,1128.3458872930205,0.5555555555555556,Лето,3,6,0.0012283149338832,0.0012283149338832,0.0036849448016496,53.063205143758346,0,0,,,,,,,road
,2025-06-11 22:08:53.337415434,Горьковская,,,2025,2024,161 days 09:04:12.357063876,232384.20595106462,499.8638819222979,0.5571658615136876,Лето,3,6,0.0012283149338832,0.0012283149338832,0.0036849448016496,53.063205143758346,0,0,,,,,,,road
,2025-06-12 00:34:11.149511484,Горьковская,,,2025,2024,161 days 11:29:30.169159926,232529.50281933212,145.2968682674982,0.5587761674718197,Лето,3,6,0.0012283149338832,0.0012283149338832,0.0036849448016496,53.063205143758346,0,0,,,,,,,road
,2025-06-12 04:30:29.233277826,Горьковская,,,2025,2024,161 days 15:25:48.252926268,232765.8042154378,236.3013961056713,0.5603864734299517,Лето,3,6,0.0012283149338832,0.0012283149338832,0.0036849448016496,53.063205143758346,0,0,,,,,,,road
,2025-06-12 10:43:28.069769478,Горьковская,,,2025,2024,161 days 21:38:47.089417920,233138.78482363198,372.98060819419334,0.5619967793880838,Лето,3,6,0.0012283149338832,0.0012283149338832,0.0036849448016496,53.063205143758346,0,0,,,,,,,road
,2025-06-12 11:42:09.916964358,Горьковская,,,2025,2024,161 days 22:37:28.936612800,233197.48227688,58.69745324802352,0.5636070853462157,Лето,3,6,0.0012283149338832,0.0012283149338832,0.0036849448016496,53.063205143758346,0,0,,,,,,,road
,2025-06-12 23:36:52.175377674,Горьковская,,,2025,2024,162 days 10:32:11.195026116,233912.1865837686,714.7043068885978,0.5652173913043478,Лето,3,6,0.0012283149338832,0.0012283149338832,0.0036849448016496,53.063205143758346,0,0,,,,,,,road
,2025-06-13 12:18:19.391844408,Горьковская,,,2025,2024,162 days 23:13:38.411492850,234673.6401915475,761.4536077789089,0.5668276972624798,Лето,3,6,0.0012283149338832,0.0012283149338832,0.0036849448016496,53.063205143758346,0,0,,,,,,,road
,2025-06-13 13:10:33.798691482,Горьковская,,,2025,2024,163 days 00:05:52.818339924,234725.8803056654,52.24011411788524,0.5684380032206119,Лето,3,6,0.0012283149338832,0.0012283149338832,0.0036849448016496,53.063205143758346,0,0,,,,,,,road
,2025-06-13 20:09:34.839496182,Горьковская,,,2025,2024,163 days 07:04:53.859144624,235144.8976524104,419.01734674500767,0.5700483091787439,Лето,3,6,0.0012283149338832,0.0012283149338832,0.0036849448016496,53.063205143758346,0,0,,,,,,,road
,2025-06-14 03:24:40.684503630,Горьковская,,,2025,2024,163 days 14:19:59.704152072,235579.9950692012,435.09741679078434,0.571658615136876,Лето,3,6,0.0012283149338832,0.0012283149338832,0.0036849448016496,53.063205143758346,0,0,,,,,,,road
,2025-06-14 08:55:22.243822302,Горьковская,,,2025,2024,163 days 19:50:41.263470744,235910.68772451242,330.692655311228,0.573268921095008,Лето,3,6,0.0012283149338832,0.0012283149338832,0.0036849448016496,53.063205143758346,0,0,,,,,,,road
,2025-06-14 19:59:34.730749230,Горьковская,,,2025,2024,164 days 06:54:53.750397672,236574.89583996122,664.2081154487969,0.5748792270531401,Лето,3,6,0.0012283149338832,0.0012283149338832,0.0036849448016496,53.063205143758346,0,0,,,,,,,road
,2025-06-15 01:45:14.506095948,Горьковская,,,2025,2024,164 days 12:40:33.525744390,236920.5587624065,345.6629224452772,0.5764895330112721,Лето,3,6,0.0012283149338832,0.0012283149338832,0.0036849448016496,53.063205143758346,0,0,,,,,,,road
,2025-06-15 09:03:41.539317378,Горьковская,,,2025,2024,164 days 19:59:00.558965820,237359.009316097,438.4505536905199,0.5780998389694042,Лето,3,6,0.0012283149338832,0.0012283149338832,0.0036849448016496,53.063205143758346,0,0,,,,,,,road
,2025-06-16 06:43:57.281313288,Горьковская,,,2025,2024,165 days 17:39:16.300961730,238659.2716826955,1300.262366598472,0.5797101449275363,Лето,3,6,0.0012283149338832,0.0012283149338832,0.0036849448016496,53.063205143758346,0,0,,,,,,,road
,2025-06-16 09:07:56.809070052,Горьковская,,,2025,2024,165 days 20:03:15.828718494,238803.2638119749,143.992129279417,0.5813204508856683,Лето,3,6,0.0012283149338832,0.0012283149338832,0.0036849448016496,53.063205143758346,0,0,,,,,,,road
,2025-06-16 22:13:47.110353120,Горьковская,,,2025,2024,166 days 09:09:06.130001562,239589.1021666927,785.8383547177946,0.5829307568438004,Лето,3,6,0.0012283149338832,0.0012283149338832,0.0036849448016496,53.063205143758346,0,0,,,,,,,road
,2025-06-17 07:47:15.177699582,Горьковская,,,2025,2024,166 days 18:42:34.197348024,240162.5699558004,573.4677891077008,0.5845410628019324,Лето,3,6,0.0012283149338832,0.0012283149338832,0.0036849448016496,53.063205143758346,0,0,,,,,,,road
,2025-06-17 12:43:33.021355163,Горьковская,,,2025,2024,166 days 23:38:52.041003605,240458.86735006006,296.2973942596582,0.5861513687600645,Лето,3,6,0.0012283149338832,0.0012283149338832,0.0036849448016496,53.063205143758346,0,0,,,,,,,road
,2025-06-18 06:22:06.562559334,Горьковская,,,2025,2024,167 days 17:17:25.582207776,241517.4263701296,1058.5590200695442,0.5877616747181964,Лето,3,6,0.0012283149338832,0.0012283149338832,0.0036849448016496,53.063205143758346,0,0,,,,,,,road
,2025-06-18 17:14:20.760125064,Горьковская,,,2025,2024,168 days 04:09:39.779773506,242169.6629962251,652.2366260954877,0.5893719806763285,Лето,3,6,0.0012283149338832,0.0012283149338832,0.0036849448016496,53.063205143758346,0,0,,,,,,,road
,2025-06-19 02:02:36.148279272,Горьковская,,,2025,2024,168 days 12:57:55.167927714,242697.9194654619,528.2564692368032,0.5909822866344605,Лето,3,6,0.0012283149338832,0.0012283149338832,0.0036849448016496,53.063205143758346,0,0,,,,,,,road
,2025-06-19 16:59:27.662031156,Горьковская,,,2025,2024,169 days 03:54:46.681679598,243594.77802799328,896.8585625313863,0.5925925925925926,Лето,3,6,0.0012283149338832,0.0012283149338832,0.0036849448016496,53.063205143758346,0,0,,,,,,,road
,2025-06-20 14:59:07.137005790,Горьковская,,,2025,2024,170 days 01:54:26.156654232,244914.4359442372,1319.6579162439157,0.5942028985507246,Лето,3,6,0.0012283149338832,0.0012283149338832,0.0036849448016496,53.063205143758346,0,0,,,,,,,road
,2025-06-22 15:49:44.419852068,Горьковская,,,2025,2024,172 days 02:45:03.439500510,247845.0573250085,2930.6213807713066,0.5958132045088567,Лето,3,6,0.0012283149338832,0.0012283149338832,0.0036849448016496,53.063205143758346,0,0,,,,,,,road
,2025-06-23 05:17:45.376536756,Горьковская,,,2025,2024,172 days 16:13:04.396185198,248653.0732697533,808.0159447448095,0.5974235104669887,Лето,3,6,0.0012283149338832,0.0012283149338832,0.0036849448016496,53.063205143758346,0,0,,,,,,,road
,2025-06-24 09:27:02.351372478,Горьковская,,,2025,2024,173 days 20:22:21.371020920,250342.35618368202,1689.282913928706,0.5990338164251208,Лето,3,6,0.0012283149338832,0.0012283149338832,0.0036849448016496,53.063205143758346,0,0,,,,,,,road
,2025-06-24 09:27:55.699442628,Горьковская,,,2025,2024,173 days 20:23:14.719091070,250343.24531818452,0.8891345025040209,0.6006441223832528,Лето,3,6,0.0012283149338832,0.0012283149338832,0.0036849448016496,53.063205143758346,0,0,,,,,,,road
,2025-06-24 19:43:01.097061846,Горьковская,,,2025,2024,174 days 06:38:20.116710288,250958.33527850482,615.0899603202997,0.6022544283413849,Лето,3,6,0.0012283149338832,0.0012283149338832,0.0036849448016496,53.063205143758346,0,0,,,,,,,road
,2025-06-24 22:59:43.738526442,Горьковская,,,2025,2024,174 days 09:55:02.758174884,251155.04596958138,196.71069107655785,0.6038647342995169,Лето,3,6,0.0012283149338832,0.0012283149338832,0.0036849448016496,53.063205143758346,0,0,,,,,,,road
,2025-06-25 00:20:16.135388783,Горьковская,,,2025,2024,174 days 11:15:35.155037225,251235.58591728707,80.53994770569261,0.605475040257649,Лето,3,6,0.0012283149338832,0.0012283149338832,0.0036849448016496,53.063205143758346,0,0,,,,,,,road
,2025-06-25 10:38:22.310995176,Горьковская,,,2025,2024,174 days 21:33:41.330643618,251853.68884406032,618.102926773252,0.607085346215781,Лето,3,6,0.0012283149338832,0.0012283149338832,0.0036849448016496,53.063205143758346,0,0,,,,,,,road
,2025-06-26 05:16:43.031222466,Горьковская,,,2025,2024,175 days 16:12:02.050870908,252972.0341811818,1118.3453371214855,0.6086956521739131,Лето,3,6,0.0012283149338832,0.0012283149338832,0.0036849448016496,53.063205143758346,0,0,,,,,,,road
,2025-06-26 12:29:25.033187364,Горьковская,,,2025,2024,175 days 23:24:44.052835806,253404.7342139301,432.70003274828196,0.6103059581320451,Лето,3,6,0.0012283149338832,0.0012283149338832,0.0036849448016496,53.063205143758346,0,0,,,,,,,road
,2025-06-27 03:32:16.235589516,Горьковская,,,2025,2024,176 days 14:27:35.255237958,254307.5875872993,902.853373369202,0.6119162640901772,Лето,3,6,0.0012283149338832,0.0012283149338832,0.0036849448016496,53.063205143758346,0,0,,,,,,,road
,2025-06-27 12:40:00.489055782,Горьковская,,,2025,2024,176 days 23:35:19.508704224,254855.3251450704,547.7375577711209,0.6135265700483091,Лето,3,6,0.0012283149338832,0.0012283149338832,0.0036849448016496,53.063205143758346,0,0,,,,,,,road
,2025-06-27 20:27:49.585749888,Горьковская,,,2025,2024,177 days 07:23:08.605398330,255323.1434233055,467.8182782350923,0.6151368760064412,Лето,3,6,0.0012283149338832,0.0012283149338832,0.0036849448016496,53.063205143758346,0,0,,,,,,,road
,2025-06-28 01:06:57.009243786,Горьковская,,,2025,2024,177 days 12:02:16.028892228,255602.2671482038,279.1237248982943,0.6167471819645732,Лето,3,6,0.0012283149338832,0.0012283149338832,0.0036849448016496,53.063205143758346,0,0,,,,,,,road
,2025-06-28 07:39:32.580333912,Горьковская,,,2025,2024,177 days 18:34:51.599982354,255994.85999970592,392.59285150212236,0.6183574879227053,Лето,3,6,0.0012283149338832,0.0012283149338832,0.0036849448016496,53.063205143758346,0,0,,,,,,,road
,2025-06-28 13:29:59.853037674,Горьковская,,,2025,2024,178 days 00:25:18.872686116,256345.3145447686,350.4545450626756,0.6199677938808373,Лето,3,6,0.0012283149338832,0.0012283149338832,0.0036849448016496,53.063205143758346,0,0,,,,,,,road
,2025-06-29 03:35:51.687706716,Горьковская,,,2025,2024,178 days 14:31:10.707355158,257191.17845591932,845.8639111507218,0.6215780998389694,Лето,3,6,0.0012283149338832,0.0012283149338832,0.0036849448016496,53.063205143758346,0,0,,,,,,,road
,2025-06-29 04:58:34.776988776,Горьковская,,,2025,2024,178 days 15:53:53.796637218,257273.89661062032,82.71815470099682,0.6231884057971014,Лето,3,6,0.001490835444415048,0.0012283149338832,0.0036849448016496,53.063205143758346,0,1,,,,,,,road
,2025-06-29 05:56:15.307903710,Горьковская,,,2025,2024,178 days 16:51:34.327552152,257331.57212586922,57.67551524890587,0.6247987117552335,Лето,3,6,0.0016854984691769836,0.0012283149338832,0.0036849448016496,53.063205143758346,0,1,,,,,,,road
,2025-06-29 11:36:38.819997474,Горьковская,,,2025,2024,178 days 22:31:57.839645916,257671.96399409862,340.39186822940246,0.6264090177133655,Лето,3,6,0.003169429064138505,0.0012283149338832,0.0036849448016496,53.063205143758346,0,1,,,,,,,road
,2025-06-29 15:11:07.096957086,Горьковская,,,2025,2024,179 days 02:06:26.116605528,257886.4352767588,214.47128266017535,0.6280193236714976,Лето,3,6,0.0036849448016496,0.0012283149338832,0.0036849448016496,53.063205143758346,1,0,,,,,,,road
,2025-06-29 17:43:45.497806674,Горьковская,,,2025,2024,179 days 04:39:04.517455116,258039.0752909186,152.6400141598133,0.6296296296296297,Лето,3,6,0.0036849448016496,0.0012283149338832,0.0036849448016496,53.063205143758346,1,0,,,,,,,road
,2025-06-29 18:28:38.570151672,Горьковская,,,2025,2024,179 days 05:23:57.589800114,258083.9598300019,44.884539083286654,0.6312399355877617,Лето,3,6,0.0036849448016496,0.0012283149338832,0.0036849448016496,53.063205143758346,1,0,,,,,,,road
,2025-06-29 20:52:18.104313888,Горьковская,,,2025,2024,179 days 07:47:37.123962330,258227.6187327055,143.65890270360978,0.6328502415458938,Лето,3,6,0.0036849448016496,0.0012283149338832,0.0036849448016496,53.063205143758346,1,0,,,,,,,road
,2025-06-30 03:55:28.518495162,Горьковская,,,2025,2024,179 days 14:50:47.538143604,258650.79230239338,423.173569687875,0.6344605475040258,Лето,3,6,0.0036849448016496,0.0012283149338832,0.0036849448016496,53.063205143758346,1,0,,,,,,,road
,2025-06-30 13:53:32.434842864,Горьковская,,,2025,2024,180 days 00:48:51.454491306,259248.8575748551,598.0652724617103,0.6360708534621579,Лето,3,6,0.0036849448016496,0.0012283149338832,0.0036849448016496,53.063205143758346,1,0,,,,,,,road
,2025-06-30 19:22:36.531925872,Горьковская,,,2025,2024,180 days 06:17:55.551574314,259577.9258595719,329.0682847168064,0.6376811594202898,Лето,3,6,0.0036849448016496,0.0012283149338832,0.0036849448016496,53.063205143758346,1,0,,,,,,,road
,2025-06-30 19:39:22.495078548,Горьковская,,,2025,2024,180 days 06:34:41.514726990,259594.6919121165,16.76605254461174,0.6392914653784219,Лето,3,6,0.0036849448016496,0.0012283149338832,0.0036849448016496,53.063205143758346,1,0,,,,,,,road
,2025-07-01 00:40:34.491319704,Горьковская,,,2025,2024,180 days 11:35:53.510968146,259895.8918494691,301.1999373525905,0.6409017713365539,Лето,3,7,0.0036849448016496,0.0012283149338832,0.0036849448016496,53.063205143758346,1,0,,,,,,,road
,2025-07-01 01:55:24.130060644,Горьковская,,,2025,2024,180 days 12:50:43.149709086,259970.71916181812,74.82731234902167,0.642512077294686,Лето,3,7,0.0036849448016496,0.0012283149338832,0.0036849448016496,53.063205143758346,1,0,,,,,,,road
,2025-07-01 03:38:10.354628850,Горьковская,,,2025,2024,180 days 14:33:29.374277292,260073.4895712882,102.77040947007481,0.644122383252818,Лето,3,7,0.0036849448016496,0.0012283149338832,0.0036849448016496,53.063205143758346,1,0,,,,,,,road
,2025-07-01 04:37:19.905557214,Горьковская,,,2025,2024,180 days 15:32:38.925205656,260132.64875342758,59.1591821393813,0.6457326892109501,Лето,3,7,0.0036849448016496,0.0012283149338832,0.0036849448016496,53.063205143758346,1,0,,,,,,,road
,2025-07-01 11:23:02.516060430,Горьковская,,,2025,2024,180 days 22:18:21.535708872,260538.3589284812,405.71017505362397,0.6473429951690821,Лето,3,7,0.0036849448016496,0.0012283149338832,0.0036849448016496,53.063205143758346,1,0,,,,,,,road
,2025-07-01 16:06:51.310792362,Горьковская,,,2025,2024,181 days 03:02:10.330440804,260822.1721740134,283.8132455321902,0.6489533011272142,Лето,3,7,0.0036849448016496,0.0012283149338832,0.0036849448016496,53.063205143758346,1,0,,,,,,,road
,2025-07-01 20:23:39.816975570,Горьковская,,,2025,2024,181 days 07:18:58.836624012,261078.98061040018,256.808436386782,0.6505636070853462,Лето,3,7,0.0036849448016496,0.0012283149338832,0.0036849448016496,53.063205143758346,1,0,,,,,,,road
,2025-07-02 01:22:51.854878212,Горьковская,,,2025,2024,181 days 12:18:10.874526654,261378.18124211088,299.2006317107007,0.6521739130434783,Лето,3,7,0.0036849448016496,0.0012283149338832,0.0036849448016496,53.063205143758346,1,0,,,,,,,road
,2025-07-02 02:36:11.358734010,Горьковская,,,2025,2024,181 days 13:31:30.378382452,261451.50630637418,73.32506426330656,0.6537842190016103,Лето,3,7,0.0036849448016496,0.0012283149338832,0.0036849448016496,53.063205143758346,1,0,,,,,,,road
,2025-07-02 05:15:47.838824898,Горьковская,,,2025,2024,181 days 16:11:06.858473340,261611.114307889,159.60800151480362,0.6553945249597424,Лето,3,7,0.0036849448016496,0.0012283149338832,0.0036849448016496,53.063205143758346,1,0,,,,,,,road
,2025-07-02 09:48:00.539530770,Горьковская,,,2025,2024,181 days 20:43:19.559179212,261883.3259863202,272.21167843122385,0.6570048309178744,Лето,3,7,0.0036849448016496,0.0012283149338832,0.0036849448016496,53.063205143758346,1,0,,,,,,,road
,2025-07-02 14:22:42.219603210,Горьковская,,,2025,2024,182 days 01:18:01.239251652,262158.02065419423,274.6946678740205,0.6586151368760065,Лето,3,7,0.0036849448016496,0.0012283149338832,0.0036849448016496,53.063205143758346,1,0,,,,,,,road
,2025-07-02 21:28:37.640467776,Горьковская,,,2025,2024,182 days 08:23:56.660116218,262583.9443352703,425.9236810760922,0.6602254428341385,Лето,3,7,0.0036849448016496,0.0012283149338832,0.0036849448016496,53.063205143758346,1,0,,,,,,,road
,2025-07-02 23:00:27.948544254,Горьковская,,,2025,2024,182 days 09:55:46.968192696,262675.7828032116,91.83846794127021,0.6618357487922706,Лето,3,7,0.0036849448016496,0.0012283149338832,0.0036849448016496,53.063205143758346,1,0,,,,,,,road
,2025-07-03 05:39:41.714749386,Горьковская,,,2025,2024,182 days 16:35:00.734397828,263075.0122399638,399.22943675221177,0.6634460547504025,Лето,3,7,0.0036849448016496,0.0012283149338832,0.0036849448016496,53.063205143758346,1,0,,,,,,,road
,2025-07-03 08:17:07.956314910,Горьковская,,,2025,2024,182 days 19:12:26.975963352,263232.4495993892,157.4373594254139,0.6650563607085346,Лето,3,7,0.0036849448016496,0.0012283149338832,0.0036849448016496,53.063205143758346,1,0,,,,,,,road
,2025-07-03 13:18:08.244278004,Горьковская,,,2025,2024,183 days 00:13:27.263926446,263533.45439877413,301.0047993849148,0.6666666666666666,Лето,3,7,0.0036849448016496,0.0012283149338832,0.0036849448016496,53.063205143758346,1,0,,,,,,,road
,2025-07-03 16:03:12.712633482,Горьковская,,,2025,2024,183 days 02:58:31.732281924,263698.5288713654,165.07447259128094,0.6682769726247987,Лето,3,7,0.0036849448016496,0.0012283149338832,0.0036849448016496,53.063205143758346,1,0,,,,,,,road
,2025-07-04 05:28:44.209712460,Горьковская,,,2025,2024,183 days 16:24:03.229360902,264504.0538226817,805.5249513162998,0.6698872785829307,Лето,3,7,0.0036849448016496,0.0012283149338832,0.0036849448016496,53.063205143758346,1,0,,,,,,,road
,2025-07-04 06:22:21.632189772,Горьковская,,,2025,2024,183 days 17:17:40.651838214,264557.6775306369,53.62370795517927,0.6714975845410628,Лето,3,7,0.0036849448016496,0.0012283149338832,0.0036849448016496,53.063205143758346,1,0,,,,,,,road
,2025-07-04 21:37:23.468336868,Горьковская,,,2025,2024,184 days 08:32:42.487985310,265472.7081330885,915.0306024515885,0.6731078904991948,Лето,3,7,0.0012283149338832,0.0012283149338832,0.0036849448016496,53.063205143758346,0,0,,,,,,,road
,2025-07-05 09:16:57.284222874,Горьковская,,,2025,2024,184 days 20:12:16.303871316,266172.27173118864,699.5635981001542,0.6747181964573269,Лето,3,7,0.0012283149338832,0.0012283149338832,0.0036849448016496,53.063205143758346,0,0,,,,,,,road
,2025-07-05 11:51:19.994088894,Горьковская,,,2025,2024,184 days 22:46:39.013737336,266326.6502289556,154.37849776697112,0.6763285024154589,Лето,3,7,0.0012283149338832,0.0012283149338832,0.0036849448016496,53.063205143758346,0,0,,,,,,,road
,2025-07-05 12:46:55.569799176,Горьковская,,,2025,2024,184 days 23:42:14.589447618,266382.2431574603,55.592928504687734,0.677938808373591,Лето,3,7,0.0012283149338832,0.0012283149338832,0.0036849448016496,53.063205143758346,0,0,,,,,,,road
,2025-07-06 10:33:43.913028246,Горьковская,,,2025,2024,185 days 21:29:02.932676688,267689.0488779448,1306.8057204845245,0.679549114331723,Лето,3,7,0.0012283149338832,0.0012283149338832,0.0036849448016496,53.063205143758346,0,0,,,,,,,road
,2025-07-06 12:53:12.639133248,Горьковская,,,2025,2024,185 days 23:48:31.658781690,267828.5276463615,139.4787684166804,0.6811594202898551,Лето,3,7,0.0012283149338832,0.0012283149338832,0.0036849448016496,53.063205143758346,0,0,,,,,,,road
,2025-07-06 15:41:15.602134962,Горьковская,,,2025,2024,186 days 02:36:34.621783404,267996.5770297234,168.04938336188206,0.6827697262479872,Лето,3,7,0.0012283149338832,0.0012283149338832,0.0036849448016496,53.063205143758346,0,0,,,,,,,road
,2025-07-08 19:44:45.893695542,Горьковская,,,2025,2024,188 days 06:40:04.913343984,271120.08188906644,3123.5048593430547,0.6843800322061192,Лето,3,7,0.0012283149338832,0.0012283149338832,0.0036849448016496,53.063205143758346,0,0,,,,,,,road
,2025-07-09 12:53:11.430682170,Горьковская,,,2025,2024,188 days 23:48:30.450330612,272148.5075055102,1028.4256164437393,0.6859903381642513,Лето,3,7,0.0012283149338832,0.0012283149338832,0.0036849448016496,53.063205143758346,0,0,,,,,,,road
,2025-07-09 16:47:55.672308030,Горьковская,,,2025,2024,189 days 03:43:14.691956472,272383.2448659412,234.7373604309978,0.6876006441223832,Лето,3,7,0.0012283149338832,0.0012283149338832,0.0036849448016496,53.063205143758346,0,0,,,,,,,road
,2025-07-10 04:55:41.119055982,Горьковская,,,2025,2024,189 days 15:51:00.138704424,273111.0023117404,727.757445799245,0.6892109500805152,Лето,3,7,0.0012283149338832,0.0012283149338832,0.0036849448016496,53.063205143758346,0,0,,,,,,,road
,2025-07-10 15:17:31.241199534,Горьковская,,,2025,2024,190 days 02:12:50.260847976,273732.8376807996,621.8353690591757,0.6908212560386473,Лето,3,7,0.0012283149338832,0.0012283149338832,0.0036849448016496,53.063205143758346,0,0,,,,,,,road
,2025-07-11 16:32:33.220702176,Горьковская,,,2025,2024,191 days 03:27:52.240350618,275247.8706725103,1515.032991710701,0.6924315619967794,Лето,3,7,0.0012283149338832,0.0012283149338832,0.0036849448016496,53.063205143758346,0,0,,,,,,,road
,2025-07-12 10:16:28.025329170,Горьковская,,,2025,2024,191 days 21:11:47.044977612,276311.7840829602,1063.9134104499244,0.6940418679549114,Лето,3,7,0.0012283149338832,0.0012283149338832,0.0036849448016496,53.063205143758346,0,0,,,,,,,road
,2025-07-13 10:27:20.587795308,Горьковская,,,2025,2024,192 days 21:22:39.607443750,277762.6601240625,1450.8760411022813,0.6956521739130435,Лето,3,7,0.0012283149338832,0.0012283149338832,0.0036849448016496,53.063205143758346,0,0,,,,,,,road
,2025-07-13 13:40:48.257187000,Горьковская,,,2025,2024,193 days 00:36:07.276835442,277956.1212805907,193.46115652821027,0.6972624798711755,Лето,3,7,0.0012283149338832,0.0012283149338832,0.0036849448016496,53.063205143758346,0,0,,,,,,,road
,2025-07-14 03:33:03.024198672,Горьковская,,,2025,2024,193 days 14:28:22.043847114,278788.3673974519,832.2461168611771,0.6988727858293076,Лето,3,7,0.0012283149338832,0.0012283149338832,0.0036849448016496,53.063205143758346,0,0,,,,,,,road
,2025-07-14 04:06:29.329864374,Горьковская,,,2025,2024,193 days 15:01:48.349512816,278821.8058252136,33.43842776172096,0.7004830917874396,Лето,3,7,0.0012283149338832,0.0012283149338832,0.0036849448016496,53.063205143758346,0,0,,,,,,,road
,2025-07-14 05:04:38.608351284,Горьковская,,,2025,2024,193 days 15:59:57.627999726,278879.96046666213,58.154641448520124,0.7020933977455717,Лето,3,7,0.0012283149338832,0.0012283149338832,0.0036849448016496,53.063205143758346,0,0,,,,,,,road
,2025-07-14 22:02:23.294668338,Горьковская,,,2025,2024,194 days 08:57:42.314316780,279897.705238613,1017.7447719508782,0.7037037037037037,Лето,3,7,0.0012283149338832,0.0012283149338832,0.0036849448016496,53.063205143758346,0,0,,,,,,,road
,2025-07-14 22:22:30.959783538,Горьковская,,,2025,2024,194 days 09:17:49.979431980,279917.832990533,20.127751919964794,0.7053140096618358,Лето,3,7,0.0012283149338832,0.0012283149338832,0.0036849448016496,53.063205143758346,0,0,,,,,,,road
,2025-07-15 10:08:18.790830876,Горьковская,,,2025,2024,194 days 21:03:37.810479318,280623.6301746553,705.7971841223189,0.7069243156199678,Лето,3,7,0.0012283149338832,0.0012283149338832,0.0036849448016496,53.063205143758346,0,0,,,,,,,road
,2025-07-16 11:02:19.476081666,Горьковская,,,2025,2024,195 days 21:57:38.495730108,282117.6415955018,1494.0114208465093,0.7085346215780999,Лето,3,7,0.0012283149338832,0.0012283149338832,0.0036849448016496,53.063205143758346,0,0,,,,,,,road
,2025-07-16 17:31:25.701130614,Горьковская,,,2025,2024,196 days 04:26:44.720779056,282506.74534631765,389.1037508158479,0.7101449275362319,Лето,3,7,0.0012283149338832,0.0012283149338832,0.0036849448016496,53.063205143758346,0,0,,,,,,,road
,2025-07-16 18:08:46.667320122,Горьковская,,,2025,2024,196 days 05:04:05.686968564,282544.09478280944,37.34943649178604,0.711755233494364,Лето,3,7,0.0012283149338832,0.0012283149338832,0.0036849448016496,53.063205143758346,0,0,,,,,,,road
,2025-07-17 11:07:26.019512814,Горьковская,,,2025,2024,196 days 22:02:45.039161256,283562.7506526876,1018.6558698781882,0.7133655394524959,Лето,3,7,0.0012283149338832,0.0012283149338832,0.0036849448016496,53.063205143758346,0,0,,,,,,,road
,2025-07-18 23:08:45.666735564,Горьковская,,,2025,2024,198 days 10:04:04.686384006,285724.07810640015,2161.3274537125253,0.714975845410628,Лето,3,7,0.0012283149338832,0.0012283149338832,0.0036849448016496,53.063205143758346,0,0,,,,,,,road
,2025-07-19 16:16:55.750717158,Горьковская,,,2025,2024,199 days 03:12:14.770365600,286752.24617276,1028.1680663598236,0.71658615136876,Лето,3,7,0.0012283149338832,0.0012283149338832,0.0036849448016496,53.063205143758346,0,0,,,,,,,road
,2025-07-20 04:00:10.646537298,Горьковская,,,2025,2024,199 days 14:55:29.666185740,287455.494436429,703.2482636690256,0.7181964573268921,Лето,3,7,0.0012283149338832,0.0012283149338832,0.0036849448016496,53.063205143758346,0,0,,,,,,,road
,2025-07-20 07:32:59.466602538,Горьковская,,,2025,2024,199 days 18:28:18.486250980,287668.308104183,212.81366775400238,0.7198067632850241,Лето,3,7,0.0012283149338832,0.0012283149338832,0.0036849448016496,53.063205143758346,0,0,,,,,,,road
,2025-07-20 07:45:36.359854608,Горьковская,,,2025,2024,199 days 18:40:55.379503050,287680.92299171747,12.614887534466106,0.7214170692431562,Лето,3,7,0.0012283149338832,0.0012283149338832,0.0036849448016496,53.063205143758346,0,0,,,,,,,road
,2025-07-20 23:51:27.410986776,Горьковская,,,2025,2024,200 days 10:46:46.430635218,288646.77384392027,965.8508522027987,0.7230273752012882,Лето,3,7,0.0012283149338832,0.0012283149338832,0.0036849448016496,53.063205143758346,0,0,,,,,,,road
,2025-07-21 03:25:19.544259042,Горьковская,,,2025,2024,200 days 14:20:38.563907484,288860.6427317914,213.86888787115458,0.7246376811594203,Лето,3,7,0.0012283149338832,0.0012283149338832,0.0036849448016496,53.063205143758346,0,0,,,,,,,road
,2025-07-22 05:55:22.169669646,Горьковская,,,2025,2024,201 days 16:50:41.189318088,290450.6864886348,1590.04375684337,0.7262479871175523,Лето,3,7,0.0012283149338832,0.0012283149338832,0.0036849448016496,53.063205143758346,0,0,,,,,,,road
,2025-07-22 14:26:40.370792976,Горьковская,,,2025,2024,202 days 01:21:59.390441418,290961.9898406903,511.3033520554891,0.7278582930756844,Лето,3,7,0.0012283149338832,0.0012283149338832,0.0036849448016496,53.063205143758346,0,0,,,,,,,road
,2025-07-23 00:42:27.367765182,Горьковская,,,2025,2024,202 days 11:37:46.387413624,291577.7731235604,615.7832828701357,0.7294685990338164,Лето,3,7,0.0012283149338832,0.0012283149338832,0.0036849448016496,53.063205143758346,0,0,,,,,,,road
,2025-07-23 19:43:59.533129176,Горьковская,,,2025,2024,203 days 06:39:18.552777618,292719.3092129603,1141.5360893998877,0.7310789049919485,Лето,3,7,0.0012283149338832,0.0012283149338832,0.0036849448016496,53.063205143758346,0,0,,,,,,,road
,2025-07-24 16:14:34.486433166,Горьковская,,,2025,2024,204 days 03:09:53.506081608,293949.8917680268,1230.5825550665031,0.7326892109500805,Лето,3,7,0.0012283149338832,0.0012283149338832,0.0036849448016496,53.063205143758346,0,0,,,,,,,road
,2025-07-25 06:12:20.516172252,Горьковская,,,2025,2024,204 days 17:07:39.535820694,294787.65893034486,837.7671623180504,0.7342995169082126,Лето,3,7,0.0012283149338832,0.0012283149338832,0.0036849448016496,53.063205143758346,0,0,,,,,,,road
,2025-07-26 20:01:48.038797422,Горьковская,,,2025,2024,206 days 06:57:07.058445864,297057.1176407644,2269.458710419538,0.7359098228663447,Лето,3,7,0.0012283149338832,0.0012283149338832,0.0036849448016496,53.063205143758346,0,0,,,,,,,road
,2025-07-29 02:46:03.477360162,Горьковская,,,2025,2024,208 days 13:41:22.497008604,300341.3749501434,3284.257309378998,0.7375201288244766,Лето,3,7,0.0012283149338832,0.0012283149338832,0.0036849448016496,53.063205143758346,0,0,,,,,,,road
,2025-07-30 18:35:45.480953280,Горьковская,,,2025,2024,210 days 05:31:04.500601722,302731.07501002867,2389.7000598852756,0.7391304347826086,Лето,3,7,0.0012283149338832,0.0012283149338832,0.0036849448016496,53.063205143758346,0,0,,,,,,,road
,2025-07-31 18:10:56.435944668,Горьковская,,,2025,2024,211 days 05:06:15.455593110,304146.2575932185,1415.1825831898605,0.7407407407407407,Лето,3,7,0.0012283149338832,0.0012283149338832,0.0036849448016496,53.063205143758346,0,0,,,,,,,road
,2025-08-01 10:46:32.006781774,Горьковская,,,2025,2024,211 days 21:41:51.026430216,305141.8504405036,995.5928472850937,0.7423510466988728,Лето,3,8,0.0012283149338832,0.0012283149338832,0.0036849448016496,53.063205143758346,0,0,,,,,,,road
,2025-08-02 01:32:49.236353082,Горьковская,,,2025,2024,212 days 12:28:08.256001524,306028.1376000254,886.287159521773,0.7439613526570048,Лето,3,8,0.0012283149338832,0.0012283149338832,0.0036849448016496,53.063205143758346,0,0,,,,,,,road
,2025-08-02 03:01:59.790096960,Горьковская,,,2025,2024,212 days 13:57:18.809745402,306117.3134957567,89.17589573131409,0.7455716586151369,Лето,3,8,0.0012283149338832,0.0012283149338832,0.0036849448016496,53.063205143758346,0,0,,,,,,,road
,2025-08-02 07:19:52.019147130,Горьковская,,,2025,2024,212 days 18:15:11.038795572,306375.1839799262,257.8704841695144,0.7471819645732689,Лето,3,8,0.0012283149338832,0.0012283149338832,0.0036849448016496,53.063205143758346,0,0,,,,,,,road
,2025-08-02 07:24:30.667379483,Горьковская,,,2025,2024,212 days 18:19:49.687027925,306379.82811713207,4.644137205847073,0.748792270531401,Лето,3,8,0.0012283149338832,0.0012283149338832,0.0036849448016496,53.063205143758346,0,0,,,,,,,road
,2025-08-02 09:24:51.078033750,Горьковская,,,2025,2024,212 days 20:20:10.097682192,306500.16829470324,120.34017757116817,0.750402576489533,Лето,3,8,0.0012283149338832,0.0012283149338832,0.0036849448016496,53.063205143758346,0,0,,,,,,,road
,2025-08-02 17:15:46.543699728,Горьковская,,,2025,2024,213 days 04:11:05.563348170,306971.0927224694,470.92442776617827,0.7520128824476651,Лето,3,8,0.0012283149338832,0.0012283149338832,0.0036849448016496,53.063205143758346,0,0,,,,,,,road
,2025-08-02 19:24:46.540563012,Горьковская,,,2025,2024,213 days 06:20:05.560211454,307100.09267019096,128.99994772154605,0.7536231884057971,Лето,3,8,0.0012283149338832,0.0012283149338832,0.0036849448016496,53.063205143758346,0,0,,,,,,,road
,2025-08-04 02:53:01.221436476,Горьковская,,,2025,2024,214 days 13:48:20.241084918,308988.3373514153,1888.2446812243434,0.7552334943639292,Лето,3,8,0.0012283149338832,0.0012283149338832,0.0036849448016496,53.063205143758346,0,0,,,,,,,road
,2025-08-05 01:06:50.260468470,Горьковская,,,2025,2024,215 days 12:02:09.280116912,310322.1546686152,1333.8173171998933,0.7568438003220612,Лето,3,8,0.0012283149338832,0.0012283149338832,0.0036849448016496,53.063205143758346,0,0,,,,,,,road
,2025-08-05 02:07:19.888345848,Горьковская,,,2025,2024,215 days 13:02:38.907994290,310382.64846657147,60.49379795626737,0.7584541062801933,Лето,3,8,0.0012283149338832,0.0012283149338832,0.0036849448016496,53.063205143758346,0,0,,,,,,,road
,2025-08-05 06:00:21.713351892,Горьковская,,,2025,2024,215 days 16:55:40.733000334,310615.67888333893,233.03041676746216,0.7600644122383253,Лето,3,8,0.0012283149338832,0.0012283149338832,0.0036849448016496,53.063205143758346,0,0,,,,,,,road
,2025-08-06 05:12:13.951068348,Горьковская,,,2025,2024,216 days 16:07:32.970716790,312007.54951194656,1391.870628607634,0.7616747181964574,Лето,3,8,0.0012283149338832,0.0012283149338832,0.0036849448016496,53.063205143758346,0,0,,,,,,,road
,2025-08-07 03:15:00.521211612,Горьковская,,,2025,2024,217 days 14:10:19.540860054,313330.32568100095,1322.7761690543848,0.7632850241545893,Лето,3,8,0.0012283149338832,0.0012283149338832,0.0036849448016496,53.063205143758346,0,0,,,,,,,road
,2025-08-08 18:43:00.418044468,Горьковская,,,2025,2024,219 days 05:38:19.437692910,315698.3239615485,2367.9982805475593,0.7648953301127214,Лето,3,8,0.0012283149338832,0.0012283149338832,0.0036849448016496,53.063205143758346,0,0,,,,,,,road
,2025-08-12 04:16:30.169753224,Горьковская,,,2025,2024,222 days 15:11:49.189401666,320591.81982336106,4893.495861812553,0.7665056360708534,Лето,3,8,0.0012283149338832,0.0012283149338832,0.0036849448016496,53.063205143758346,0,0,,,,,,,road
,2025-08-14 07:02:09.193941726,Горьковская,,,2025,2024,224 days 17:57:28.213590168,323637.4702265028,3045.6504031417426,0.7681159420289855,Лето,3,8,0.0012283149338832,0.0012283149338832,0.0036849448016496,53.063205143758346,0,0,,,,,,,road
,2025-08-14 14:11:54.110935470,Горьковская,,,2025,2024,225 days 01:07:13.130583912,324067.2188430652,429.74861656239955,0.7697262479871175,Лето,3,8,0.0012283149338832,0.0012283149338832,0.0036849448016496,53.063205143758346,0,0,,,,,,,road
,2025-08-14 18:06:28.030521918,Горьковская,,,2025,2024,225 days 05:01:47.050170360,324301.784169506,234.56532644078834,0.7713365539452496,Лето,3,8,0.0012283149338832,0.0012283149338832,0.0036849448016496,53.063205143758346,0,0,,,,,,,road
,2025-08-15 13:22:56.456252778,Горьковская,,,2025,2024,226 days 00:18:15.475901220,325458.257931687,1156.4737621810054,0.7729468599033816,Лето,3,8,0.0012283149338832,0.0012283149338832,0.0036849448016496,53.063205143758346,0,0,,,,,,,road
,2025-08-15 18:12:28.389878832,Горьковская,,,2025,2024,226 days 05:07:47.409527274,325747.79015878786,289.53222710086266,0.7745571658615137,Лето,3,8,0.0012283149338832,0.0012283149338832,0.0036849448016496,53.063205143758346,0,0,,,,,,,road
,2025-08-16 16:29:14.023745040,Горьковская,,,2025,2024,227 days 03:24:33.043393482,327084.5507232247,1336.760564436845,0.7761674718196457,Лето,3,8,0.0012283149338832,0.0012283149338832,0.0036849448016496,53.063205143758346,0,0,,,,,,,road
,2025-08-17 02:50:47.676216996,Горьковская,,,2025,2024,227 days 13:46:06.695865438,327706.1115977574,621.5608745326754,0.7777777777777778,Лето,3,8,0.0012283149338832,0.0012283149338832,0.0036849448016496,53.063205143758346,0,0,,,,,,,road
,2025-08-18 00:16:43.433071326,Горьковская,,,2025,2024,228 days 11:12:02.452719768,328992.0408786628,1285.9292809054023,0.7793880837359098,Лето,3,8,0.0012283149338832,0.0012283149338832,0.0036849448016496,53.063205143758346,0,0,,,,,,,road
,2025-08-18 04:39:31.277919294,Горьковская,,,2025,2024,228 days 15:34:50.297567736,329254.8382927956,262.79741413280135,0.7809983896940419,Лето,3,8,0.0012283149338832,0.0012283149338832,0.0036849448016496,53.063205143758346,0,0,,,,,,,road
,2025-09-01 16:29:34.322458122,Горьковская,,,2025,2024,243 days 03:24:53.342106564,350124.88903510943,20870.050742313848,0.782608695652174,Осень,4,9,0.001050524120186,0.001050524120186,0.003151572360558,45.382641992037335,0,0,,,,,,,road
,2025-09-01 21:59:35.634372762,Горьковская,,,2025,2024,243 days 08:54:54.654021204,350454.9109003534,330.0218652439653,0.784219001610306,Осень,4,9,0.001050524120186,0.001050524120186,0.003151572360558,45.382641992037335,0,0,,,,,,,road
,2025-09-02 08:48:47.786064720,Горьковская,,,2025,2024,243 days 19:44:06.805713162,351104.1134285527,649.2025281992974,0.785829307568438,Осень,4,9,0.001050524120186,0.001050524120186,0.003151572360558,45.382641992037335,0,0,,,,,,,road
,2025-09-02 09:29:34.584621882,Горьковская,,,2025,2024,243 days 20:24:53.604270324,351144.8934045054,40.77997595269699,0.7874396135265701,Осень,4,9,0.001050524120186,0.001050524120186,0.003151572360558,45.382641992037335,0,0,,,,,,,road
,2025-09-02 12:53:02.483151678,Горьковская,,,2025,2024,243 days 23:48:21.502800120,351348.35838000197,203.46497549657943,0.789049919484702,Осень,4,9,0.001050524120186,0.001050524120186,0.003151572360558,45.382641992037335,0,0,,,,,,,road
,2025-09-02 21:38:58.717256046,Горьковская,,,2025,2024,244 days 08:34:17.736904488,351874.2956150748,525.9372350728372,0.7906602254428341,Осень,4,9,0.001050524120186,0.001050524120186,0.003151572360558,45.382641992037335,0,0,,,,,,,road
,2025-09-04 02:08:38.090324196,Горьковская,,,2025,2024,245 days 13:03:57.109972638,353583.95183287736,1709.6562178025488,0.7922705314009661,Осень,4,9,0.001050524120186,0.001050524120186,0.003151572360558,45.382641992037335,0,0,,,,,,,road
,2025-09-04 12:30:30.130664400,Горьковская,,,2025,2024,245 days 23:25:49.150312842,354205.81917188066,621.8673390033073,0.7938808373590982,Осень,4,9,0.001050524120186,0.001050524120186,0.003151572360558,45.382641992037335,0,0,,,,,,,road
,2025-09-05 02:30:48.695258928,Горьковская,,,2025,2024,246 days 13:26:07.714907370,355046.12858178944,840.3094099087757,0.7954911433172303,Осень,4,9,0.001050524120186,0.001050524120186,0.003151572360558,45.382641992037335,0,0,,,,,,,road
,2025-09-06 11:20:48.051586260,Горьковская,,,2025,2024,247 days 22:16:07.071234702,357016.1178539117,1969.9892721222714,0.7971014492753623,Осень,4,9,0.001050524120186,0.001050524120186,0.003151572360558,45.382641992037335,0,0,,,,,,,road
,2025-09-06 17:12:23.431588260,Горьковская,,,2025,2024,248 days 04:07:42.451236702,357367.7075206117,351.58966669999063,0.7987117552334944,Осень,4,9,0.001050524120186,0.001050524120186,0.003151572360558,45.382641992037335,0,0,,,,,,,road
,2025-09-07 12:20:40.846087986,Горьковская,,,2025,2024,248 days 23:15:59.865736428,358515.9977622738,1148.2902416621218,0.8003220611916264,Осень,4,9,0.001050524120186,0.001050524120186,0.003151572360558,45.382641992037335,0,0,,,,,,,road
,2025-09-08 19:43:38.356400472,Горьковская,,,2025,2024,250 days 06:38:57.376048914,360398.95626748184,1882.958505208022,0.8019323671497585,Осень,4,9,0.001050524120186,0.001050524120186,0.003151572360558,45.382641992037335,0,0,,,,,,,road
,2025-09-08 23:19:10.103310822,Горьковская,,,2025,2024,250 days 10:14:29.122959264,360614.4853826544,215.5291151725687,0.8035426731078905,Осень,4,9,0.001050524120186,0.001050524120186,0.003151572360558,45.382641992037335,0,0,,,,,,,road
,2025-09-09 06:18:46.069059198,Горьковская,,,2025,2024,250 days 17:14:05.088707640,361034.084811794,419.5994291395764,0.8051529790660226,Осень,4,9,0.001050524120186,0.001050524120186,0.003151572360558,45.382641992037335,0,0,,,,,,,road
,2025-09-11 20:13:39.178375968,Горьковская,,,2025,2024,253 days 07:08:58.198024410,364748.96996707347,3714.8851552794804,0.8067632850241546,Осень,4,9,0.001050524120186,0.001050524120186,0.003151572360558,45.382641992037335,0,0,,,,,,,road
,2025-09-14 13:04:33.049968624,Горьковская,,,2025,2024,255 days 23:59:52.069617066,368639.867826951,3890.8978598775575,0.8083735909822867,Осень,4,9,0.001050524120186,0.001050524120186,0.003151572360558,45.382641992037335,0,0,,,,,,,road
,2025-09-14 17:05:00.756375618,Горьковская,,,2025,2024,256 days 04:00:19.776024060,368880.329600401,240.4617734499625,0.8099838969404187,Осень,4,9,0.001050524120186,0.001050524120186,0.003151572360558,45.382641992037335,0,0,,,,,,,road
,2025-09-14 18:10:27.727511166,Горьковская,,,2025,2024,256 days 05:05:46.747159608,368945.7791193268,65.44951892580139,0.8115942028985508,Осень,4,9,0.001050524120186,0.001050524120186,0.003151572360558,45.382641992037335,0,0,,,,,,,road
,2025-09-14 23:11:14.377804044,Горьковская,,,2025,2024,256 days 10:06:33.397452486,369246.55662420817,300.77750488137826,0.8132045088566827,Осень,4,9,0.001050524120186,0.001050524120186,0.003151572360558,45.382641992037335,0,0,,,,,,,road
,2025-09-15 07:13:54.360885510,Горьковская,,,2025,2024,256 days 18:09:13.380533952,369729.2230088992,482.66638469102327,0.8148148148148148,Осень,4,9,0.001050524120186,0.001050524120186,0.003151572360558,45.382641992037335,0,0,,,,,,,road
,2025-09-15 16:27:32.969440398,Горьковская,,,2025,2024,257 days 03:22:51.989088840,370282.86648481403,553.6434759148397,0.8164251207729468,Осень,4,9,0.001050524120186,0.001050524120186,0.003151572360558,45.382641992037335,0,0,,,,,,,road
,2025-09-16 07:45:36.768172542,Горьковская,,,2025,2024,257 days 18:40:55.787820984,371200.9297970164,918.0633122023428,0.8180354267310789,Осень,4,9,0.001050524120186,0.001050524120186,0.003151572360558,45.382641992037335,0,0,,,,,,,road
,2025-09-17 20:12:44.122502046,Горьковская,,,2025,2024,259 days 07:08:03.142150488,373388.0523691748,2187.122572158405,0.8196457326892109,Осень,4,9,0.001050524120186,0.001050524120186,0.003151572360558,45.382641992037335,0,0,,,,,,,road
,2025-09-18 02:34:26.811622332,Горьковская,,,2025,2024,259 days 13:29:45.831270774,373769.76385451294,381.7114853381645,0.821256038647343,Осень,4,9,0.001050524120186,0.001050524120186,0.003151572360558,45.382641992037335,0,0,,,,,,,road
,2025-09-19 08:40:13.694311260,Горьковская,,,2025,2024,260 days 19:35:32.713959702,375575.54523266177,1805.7813781488221,0.822866344605475,Осень,4,9,0.001050524120186,0.001050524120186,0.003151572360558,45.382641992037335,0,0,,,,,,,road
,2025-09-19 10:13:38.953281672,Горьковская,,,2025,2024,260 days 21:08:57.972930114,375668.96621550183,93.42098284006352,0.8244766505636071,Осень,4,9,0.001050524120186,0.001050524120186,0.003151572360558,45.382641992037335,0,0,,,,,,,road
,2025-09-19 10:54:22.117470918,Горьковская,,,2025,2024,260 days 21:49:41.137119360,375709.685618656,40.7194031541585,0.8260869565217391,Осень,4,9,0.001050524120186,0.001050524120186,0.003151572360558,45.382641992037335,0,0,,,,,,,road
,2025-09-19 22:01:54.721953108,Горьковская,,,2025,2024,261 days 08:57:13.741601550,376377.22902669257,667.5434080365812,0.8276972624798712,Осень,4,9,0.001050524120186,0.001050524120186,0.003151572360558,45.382641992037335,0,0,,,,,,,road
,2025-09-19 23:00:28.175677764,Горьковская,,,2025,2024,261 days 09:55:47.195326206,376435.78658877016,58.55756207759259,0.8293075684380032,Осень,4,9,0.001050524120186,0.001050524120186,0.003151572360558,45.382641992037335,0,0,,,,,,,road
,2025-09-20 06:54:53.185071078,Горьковская,,,2025,2024,261 days 17:50:12.204719520,376910.203411992,474.41682322183624,0.8309178743961353,Осень,4,9,0.001050524120186,0.001050524120186,0.003151572360558,45.382641992037335,0,0,,,,,,,road
,2025-09-21 18:56:32.695568963,Горьковская,,,2025,2024,263 days 05:51:51.715217405,379071.86192029004,2161.6585082980455,0.8325281803542673,Осень,4,9,0.001050524120186,0.001050524120186,0.003151572360558,45.382641992037335,0,0,,,,,,,road
,2025-09-21 23:19:38.536762620,Горьковская,,,2025,2024,263 days 10:14:57.556411062,379334.9592735178,263.0973532277276,0.8341384863123994,Осень,4,9,0.001050524120186,0.001050524120186,0.003151572360558,45.382641992037335,0,0,,,,,,,road
,2025-09-22 18:44:51.816847242,Горьковская,,,2025,2024,264 days 05:40:10.836495684,380500.1806082614,1165.2213347436045,0.8357487922705314,Осень,4,9,0.001050524120186,0.001050524120186,0.003151572360558,45.382641992037335,0,0,,,,,,,road
,2025-09-23 00:27:36.397393278,Горьковская,,,2025,2024,264 days 11:22:55.417041720,380842.923617362,342.7430091006099,0.8373590982286635,Осень,4,9,0.001050524120186,0.001050524120186,0.003151572360558,45.382641992037335,0,0,,,,,,,road
,2025-09-23 01:11:21.385968042,Горьковская,,,2025,2024,264 days 12:06:40.405616484,380886.6734269414,43.74980957939988,0.8389694041867954,Осень,4,9,0.001050524120186,0.001050524120186,0.003151572360558,45.382641992037335,0,0,,,,,,,road
,2025-09-23 14:05:43.182053760,Горьковская,,,2025,2024,265 days 01:01:02.201702202,381661.0366950367,774.3632680953015,0.8405797101449275,Осень,4,9,0.001050524120186,0.001050524120186,0.003151572360558,45.382641992037335,0,0,,,,,,,road
,2025-09-24 18:40:01.682586078,Горьковская,,,2025,2024,266 days 05:35:20.702234520,383375.34503724205,1714.3083422053605,0.8421900161030595,Осень,4,9,0.001050524120186,0.001050524120186,0.003151572360558,45.382641992037335,0,0,,,,,,,road
,2025-09-25 03:01:25.649391618,Горьковская,,,2025,2024,266 days 13:56:44.669040060,383876.744484001,501.3994467589655,0.8438003220611916,Осень,4,9,0.001050524120186,0.001050524120186,0.003151572360558,45.382641992037335,0,0,,,,,,,road
,2025-09-25 18:15:43.281121188,Горьковская,,,2025,2024,267 days 05:11:02.300769630,384791.0383461605,914.2938621594803,0.8454106280193237,Осень,4,9,0.001050524120186,0.001050524120186,0.003151572360558,45.382641992037335,0,0,,,,,,,road
,2025-09-27 06:47:47.406260382,Горьковская,,,2025,2024,268 days 17:43:06.425908824,386983.1070984804,2192.0687523199013,0.8470209339774557,Осень,4,9,0.001050524120186,0.001050524120186,0.003151572360558,45.382641992037335,0,0,,,,,,,road
,2025-09-28 07:31:59.760648348,Горьковская,,,2025,2024,269 days 18:27:18.780296790,388467.3130049465,1484.2059064661153,0.8486312399355878,Осень,4,9,0.001050524120186,0.001050524120186,0.003151572360558,45.382641992037335,0,0,,,,,,,road
,2025-09-28 10:57:08.941949112,Горьковская,,,2025,2024,269 days 21:52:27.961597554,388672.4660266258,205.15302167931804,0.8502415458937198,Осень,4,9,0.001050524120186,0.001050524120186,0.003151572360558,45.382641992037335,0,0,,,,,,,road
,2025-09-29 07:55:31.008787350,Горьковская,,,2025,2024,270 days 18:50:50.028435792,389930.83380726323,1258.3677806374035,0.8518518518518519,Осень,4,9,0.001050524120186,0.001050524120186,0.003151572360558,45.382641992037335,0,0,,,,,,,road
,2025-09-29 18:58:56.306127132,Горьковская,,,2025,2024,271 days 05:54:15.325775574,390594.2554295929,663.4216223296826,0.8534621578099839,Осень,4,9,0.001050524120186,0.001050524120186,0.003151572360558,45.382641992037335,0,0,,,,,,,road
,2025-09-30 16:43:19.545393528,Горьковская,,,2025,2024,272 days 03:38:38.565041970,391898.6427506994,1304.3873211065074,0.855072463768116,Осень,4,9,0.001050524120186,0.001050524120186,0.003151572360558,45.382641992037335,0,0,,,,,,,road
,2025-10-01 03:32:45.124034172,Горьковская,,,2025,2024,272 days 14:28:04.143682614,392548.06906137697,649.426310677547,0.856682769726248,Осень,4,10,0.001050524120186,0.001050524120186,0.003151572360558,45.382641992037335,0,0,,,,,,,road
,2025-10-01 05:43:05.099415210,Горьковская,,,2025,2024,272 days 16:38:24.119063652,392678.40198439424,130.3329230172676,0.8582930756843801,Осень,4,10,0.001050524120186,0.001050524120186,0.003151572360558,45.382641992037335,0,0,,,,,,,road
,2025-10-01 19:06:15.873172284,Горьковская,,,2025,2024,273 days 06:01:34.892820726,393481.58154701215,803.1795626179082,0.8599033816425121,Осень,4,10,0.001050524120186,0.001050524120186,0.003151572360558,45.382641992037335,0,0,,,,,,,road
,2025-10-02 05:51:12.993080622,Горьковская,,,2025,2024,273 days 16:46:32.012729064,394126.5335454844,644.951998472272,0.8615136876006442,Осень,4,10,0.001050524120186,0.001050524120186,0.003151572360558,45.382641992037335,0,0,,,,,,,road
,2025-10-02 17:25:46.408421928,Горьковская,,,2025,2024,274 days 04:21:05.428070370,394821.09046783944,694.5569223550265,0.8631239935587761,Осень,4,10,0.001050524120186,0.001050524120186,0.003151572360558,45.382641992037335,0,0,,,,,,,road
,2025-10-04 02:55:23.871578592,Горьковская,,,2025,2024,275 days 13:50:42.891227034,396830.7148537839,2009.6243859444512,0.8647342995169082,Осень,4,10,0.001050524120186,0.001050524120186,0.003151572360558,45.382641992037335,0,0,,,,,,,road
,2025-10-05 14:39:19.329961206,Горьковская,,,2025,2024,277 days 01:34:38.349609648,398974.6391601608,2143.9243063768954,0.8663446054750402,Осень,4,10,0.001050524120186,0.001050524120186,0.003151572360558,45.382641992037335,0,0,,,,,,,road
,2025-10-06 00:14:32.894818415,Горьковская,,,2025,2024,277 days 11:09:51.914466857,399549.8652411142,575.2260809534346,0.8679549114331723,Осень,4,10,0.001050524120186,0.001050524120186,0.003151572360558,45.382641992037335,0,0,,,,,,,road
,2025-10-06 09:53:36.328340850,Горьковская,,,2025,2024,277 days 20:48:55.347989292,400128.9224664882,579.057225373981,0.8695652173913043,Осень,4,10,0.001050524120186,0.001050524120186,0.003151572360558,45.382641992037335,0,0,,,,,,,road
,2025-10-06 21:22:46.656086508,Горьковская,,,2025,2024,278 days 08:18:05.675734950,400818.0945955825,689.1721290943096,0.8711755233494364,Осень,4,10,0.001050524120186,0.001050524120186,0.003151572360558,45.382641992037335,0,0,,,,,,,road
,2025-10-07 09:00:37.976700666,Горьковская,,,2025,2024,278 days 19:55:56.996349108,401515.9499391518,697.8553435693029,0.8727858293075684,Осень,4,10,0.001050524120186,0.001050524120186,0.003151572360558,45.382641992037335,0,0,,,,,,,road
,2025-10-09 08:39:41.222468286,Горьковская,,,2025,2024,280 days 19:35:00.242116728,404375.0040352788,2859.054096126987,0.8743961352657005,Осень,4,10,0.001050524120186,0.001050524120186,0.003151572360558,45.382641992037335,0,0,,,,,,,road
,2025-10-09 18:31:29.476335966,Горьковская,,,2025,2024,281 days 05:26:48.495984408,404966.8082664068,591.8042311280151,0.8760064412238325,Осень,4,10,0.0017710428287698006,0.001050524120186,0.003151572360558,45.382641992037335,0,1,,,,,,,road
,2025-10-09 21:16:38.562464274,Горьковская,,,2025,2024,281 days 08:11:57.582112716,405131.9597018786,165.15143547178013,0.8776167471819646,Осень,4,10,0.001967759693956592,0.001050524120186,0.003151572360558,45.382641992037335,0,1,,,,,,,road
,2025-10-10 02:45:02.243896350,Горьковская,,,2025,2024,281 days 13:40:21.263544792,405460.35439241317,328.3946905345656,0.8792270531400966,Осень,4,10,0.0023091046971907107,0.001050524120186,0.003151572360558,45.382641992037335,0,1,,,,,,,road
,2025-10-10 09:02:52.513576932,Горьковская,,,2025,2024,281 days 19:58:11.533225374,405838.19222042296,377.8378280097968,0.8808373590982287,Осень,4,10,0.0026116401902976497,0.001050524120186,0.003151572360558,45.382641992037335,0,1,,,,,,,road
,2025-10-10 15:20:34.256385660,Горьковская,,,2025,2024,282 days 02:15:53.276034102,406215.88793390174,377.6957134787808,0.8824476650563607,Осень,4,10,0.0027032801902749475,0.001050524120186,0.003151572360558,45.382641992037335,0,1,,,,,,,road
,2025-10-10 20:39:28.263425334,Горьковская,,,2025,2024,282 days 07:34:47.283073776,406534.7880512296,318.9001173278666,0.8840579710144928,Осень,4,10,0.0027597654939195025,0.001050524120186,0.003151572360558,45.382641992037335,0,1,,,,,,,road
,2025-10-10 21:41:33.907642151,Горьковская,,,2025,2024,282 days 08:36:52.927290593,406596.8821215099,62.0940702802618,0.8856682769726248,Осень,4,10,0.003151572360558,0.001050524120186,0.003151572360558,45.382641992037335,1,0,,,,,,,road
,2025-10-10 21:52:24.447757236,Горьковская,,,2025,2024,282 days 08:47:43.467405678,406607.7244567613,10.842335251451004,0.8872785829307569,Осень,4,10,0.003151572360558,0.001050524120186,0.003151572360558,45.382641992037335,1,0,,,,,,,road
,2025-10-11 00:03:12.961888536,Горьковская,,,2025,2024,282 days 10:58:31.981536978,406738.53302561626,130.80856885493267,0.8888888888888888,Осень,4,10,0.003151572360558,0.001050524120186,0.003151572360558,45.382641992037335,1,0,,,,,,,road
,2025-10-11 03:00:12.065848296,Горьковская,,,2025,2024,282 days 13:55:31.085496738,406915.51809161226,176.9850659960066,0.8904991948470209,Осень,4,10,0.003151572360558,0.001050524120186,0.003151572360558,45.382641992037335,1,0,,,,,,,road
,2025-10-11 03:20:26.633904612,Горьковская,,,2025,2024,282 days 14:15:45.653553054,406935.760892551,20.242800938722212,0.8921095008051529,Осень,4,10,0.003151572360558,0.001050524120186,0.003151572360558,45.382641992037335,1,0,,,,,,,road
,2025-10-11 12:15:48.179442174,Горьковская,,,2025,2024,282 days 23:11:07.199090616,407471.1199848436,535.3590922926087,0.893719806763285,Осень,4,10,0.003151572360558,0.001050524120186,0.003151572360558,45.382641992037335,1,0,,,,,,,road
,2025-10-11 14:29:36.791710806,Горьковская,,,2025,2024,283 days 01:24:55.811359248,407604.9301893208,133.81020447722403,0.895330112721417,Осень,4,10,0.003151572360558,0.001050524120186,0.003151572360558,45.382641992037335,1,0,,,,,,,road
,2025-10-12 03:26:43.930196220,Горьковская,,,2025,2024,283 days 14:22:02.949844662,408382.0491640778,777.1189747569733,0.8969404186795491,Осень,4,10,0.003151572360558,0.001050524120186,0.003151572360558,45.382641992037335,1,0,,,,,,,road
,2025-10-12 04:19:57.018193548,Горьковская,,,2025,2024,283 days 15:15:16.037841990,408435.2672973665,53.218133288726676,0.8985507246376812,Осень,4,10,0.003151572360558,0.001050524120186,0.003151572360558,45.382641992037335,1,0,,,,,,,road
,2025-10-12 04:38:33.033009108,Горьковская,,,2025,2024,283 days 15:33:52.052657550,408453.86754429253,18.600246926012915,0.9001610305958132,Осень,4,10,0.003151572360558,0.001050524120186,0.003151572360558,45.382641992037335,1,0,,,,,,,road
,2025-10-12 08:07:27.546981168,Горьковская,,,2025,2024,283 days 19:02:46.566629610,408662.77611049346,208.9085662009311,0.9017713365539453,Осень,4,10,0.003151572360558,0.001050524120186,0.003151572360558,45.382641992037335,1,0,,,,,,,road
,2025-10-12 09:13:58.825463274,Горьковская,,,2025,2024,283 days 20:09:17.845111716,408729.2974185286,66.5213080351241,0.9033816425120773,Осень,4,10,0.003151572360558,0.001050524120186,0.003151572360558,45.382641992037335,1,0,,,,,,,road
,2025-10-12 23:53:13.034061816,Горьковская,,,2025,2024,284 days 10:48:32.053710258,409608.5342285043,879.2368099757005,0.9049919484702094,Осень,4,10,0.003151572360558,0.001050524120186,0.003151572360558,45.382641992037335,1,0,,,,,,,road
,2025-10-12 23:56:30.208894992,Горьковская,,,2025,2024,284 days 10:51:49.228543434,409611.8204757238,3.28624721954111,0.9066022544283414,Осень,4,10,0.003151572360558,0.001050524120186,0.003151572360558,45.382641992037335,1,0,,,,,,,road
,2025-10-13 02:45:20.062093374,Горьковская,,,2025,2024,284 days 13:40:39.081741816,409780.6513623636,168.83088663977105,0.9082125603864735,Осень,4,10,0.003151572360558,0.001050524120186,0.003151572360558,45.382641992037335,1,0,,,,,,,road
,2025-10-13 16:34:42.776837382,Горьковская,,,2025,2024,285 days 03:30:01.796485824,410610.0299414304,829.3785790667753,0.9098228663446055,Осень,4,10,0.003151572360558,0.001050524120186,0.003151572360558,45.382641992037335,1,0,,,,,,,road
,2025-10-13 19:08:39.831821964,Горьковская,,,2025,2024,285 days 06:03:58.851470406,410763.9808578401,153.95091640972532,0.9114331723027376,Осень,4,10,0.003151572360558,0.001050524120186,0.003151572360558,45.382641992037335,1,0,,,,,,,road
,2025-10-13 19:39:40.490135766,Горьковская,,,2025,2024,285 days 06:34:59.509784208,410794.9918297368,31.01097189669963,0.9130434782608695,Осень,4,10,0.003151572360558,0.001050524120186,0.003151572360558,45.382641992037335,1,0,,,,,,,road
,2025-10-13 21:34:09.806985234,Горьковская,,,2025,2024,285 days 08:29:28.826633676,410909.48044389463,114.48861415783176,0.9146537842190016,Осень,4,10,0.003151572360558,0.001050524120186,0.003151572360558,45.382641992037335,1,0,,,,,,,road
,2025-10-14 01:12:50.416995264,Горьковская,,,2025,2024,285 days 12:08:09.436643706,411128.1572773951,218.67683350044535,0.9162640901771336,Осень,4,10,0.003151572360558,0.001050524120186,0.003151572360558,45.382641992037335,1,0,,,,,,,road
,2025-10-14 02:17:48.534107832,Горьковская,,,2025,2024,285 days 13:13:07.553756274,411193.12589593785,64.96861854277086,0.9178743961352657,Осень,4,10,0.003151572360558,0.001050524120186,0.003151572360558,45.382641992037335,1,0,,,,,,,road
,2025-10-14 05:37:12.312261120,Горьковская,,,2025,2024,285 days 16:32:31.331909562,411392.52219849266,199.3963025548146,0.9194847020933977,Осень,4,10,0.003151572360558,0.001050524120186,0.003151572360558,45.382641992037335,1,0,,,,,,,road
,2025-10-14 15:11:30.991814993,Горьковская,,,2025,2024,286 days 02:06:50.011463435,411966.83352439065,574.3113258979865,0.9210950080515298,Осень,4,10,0.003151572360558,0.001050524120186,0.003151572360558,45.382641992037335,1,0,,,,,,,road
,2025-10-15 02:05:20.259559494,Горьковская,,,2025,2024,286 days 13:00:39.279207936,412620.6546534656,653.8211290749605,0.9227053140096618,Осень,4,10,0.003151572360558,0.001050524120186,0.003151572360558,45.382641992037335,1,0,,,,,,,road
,2025-10-15 02:53:25.415000400,Горьковская,,,2025,2024,286 days 13:48:44.434648842,412668.7405774807,48.085924015089404,0.9243156199677939,Осень,4,10,0.001050524120186,0.001050524120186,0.003151572360558,45.382641992037335,0,0,,,,,,,road
,2025-10-15 05:40:24.950318778,Горьковская,,,2025,2024,286 days 16:35:43.969967220,412835.732832787,166.99225530627882,0.9259259259259259,Осень,4,10,0.001050524120186,0.001050524120186,0.003151572360558,45.382641992037335,0,0,,,,,,,road
,2025-10-15 10:46:54.850291644,Горьковская,,,2025,2024,286 days 21:42:13.869940086,413142.2311656681,306.49833288113587,0.927536231884058,Осень,4,10,0.001050524120186,0.001050524120186,0.003151572360558,45.382641992037335,0,0,,,,,,,road
,2025-10-16 01:06:59.778744954,Горьковская,,,2025,2024,287 days 12:02:18.798393396,414002.3133065566,860.0821408884949,0.92914653784219,Осень,4,10,0.001050524120186,0.001050524120186,0.003151572360558,45.382641992037335,0,0,,,,,,,road
,2025-10-16 08:13:18.018054084,Горьковская,,,2025,2024,287 days 19:08:37.037702526,414428.6172950421,426.30398848548066,0.9307568438003221,Осень,4,10,0.001050524120186,0.001050524120186,0.003151572360558,45.382641992037335,0,0,,,,,,,road
,2025-10-17 13:42:05.704383528,Горьковская,,,2025,2024,289 days 00:37:24.724031970,416197.4120671994,1768.7947721573291,0.9323671497584541,Осень,4,10,0.001050524120186,0.001050524120186,0.003151572360558,45.382641992037335,0,0,,,,,,,road
,2025-10-18 09:42:35.439983892,Горьковская,,,2025,2024,289 days 20:37:54.459632334,417397.907660539,1200.495593339554,0.9339774557165862,Осень,4,10,0.001050524120186,0.001050524120186,0.003151572360558,45.382641992037335,0,0,,,,,,,road
,2025-10-18 11:23:21.983859498,Горьковская,,,2025,2024,289 days 22:18:41.003507940,417498.683391799,100.77573126001516,0.9355877616747182,Осень,4,10,0.001050524120186,0.001050524120186,0.003151572360558,45.382641992037335,0,0,,,,,,,road
,2025-10-19 02:55:54.052157490,Горьковская,,,2025,2024,290 days 13:51:13.071805932,418431.2178634322,932.5344716332038,0.9371980676328503,Осень,4,10,0.001050524120186,0.001050524120186,0.003151572360558,45.382641992037335,0,0,,,,,,,road
,2025-10-19 04:50:03.463507404,Горьковская,,,2025,2024,290 days 15:45:22.483155846,418545.3747192641,114.15685583191225,0.9388083735909822,Осень,4,10,0.001050524120186,0.001050524120186,0.003151572360558,45.382641992037335,0,0,,,,,,,road
,2025-10-19 09:30:19.009279164,Горьковская,,,2025,2024,290 days 20:25:38.028927606,418825.63381546014,280.2590961960377,0.9404186795491143,Осень,4,10,0.001050524120186,0.001050524120186,0.003151572360558,45.382641992037335,0,0,,,,,,,road
,2025-10-19 12:36:45.283582632,Горьковская,,,2025,2024,290 days 23:32:04.303231074,419012.0717205179,186.43790505774086,0.9420289855072463,Осень,4,10,0.001050524120186,0.001050524120186,0.003151572360558,45.382641992037335,0,0,,,,,,,road
,2025-10-19 15:37:38.465806086,Горьковская,,,2025,2024,291 days 02:32:57.485454528,419192.9580909088,180.88637039094465,0.9436392914653784,Осень,4,10,0.001050524120186,0.001050524120186,0.003151572360558,45.382641992037335,0,0,,,,,,,road
,2025-10-20 06:49:42.193776756,Горьковская,,,2025,2024,291 days 17:45:01.213425198,420105.02022375335,912.0621328445268,0.9452495974235104,Осень,4,10,0.001050524120186,0.001050524120186,0.003151572360558,45.382641992037335,0,0,,,,,,,road
,2025-10-20 19:59:01.828214472,Горьковская,,,2025,2024,292 days 06:54:20.847862914,420894.34746438183,789.3272406284814,0.9468599033816425,Осень,4,10,0.001050524120186,0.001050524120186,0.003151572360558,45.382641992037335,0,0,,,,,,,road
,2025-10-20 23:03:20.246309238,Горьковская,,,2025,2024,292 days 09:58:39.265957680,421078.654432628,184.30696824617917,0.9484702093397746,Осень,4,10,0.001050524120186,0.001050524120186,0.003151572360558,45.382641992037335,0,0,,,,,,,road
,2025-10-24 00:23:37.132181616,Горьковская,,,2025,2024,295 days 11:18:56.151830058,425478.9358638342,4400.281431206211,0.9500805152979066,Осень,4,10,0.001050524120186,0.001050524120186,0.003151572360558,45.382641992037335,0,0,,,,,,,road
,2025-10-24 09:05:10.025112936,Горьковская,,,2025,2024,295 days 20:00:29.044761378,426000.48407935625,521.5482155220234,0.9516908212560387,Осень,4,10,0.001050524120186,0.001050524120186,0.003151572360558,45.382641992037335,0,0,,,,,,,road
,2025-10-24 10:42:21.942833766,Горьковская,,,2025,2024,295 days 21:37:40.962482208,426097.6827080368,97.1986286805477,0.9533011272141707,Осень,4,10,0.001050524120186,0.001050524120186,0.003151572360558,45.382641992037335,0,0,,,,,,,road
,2025-10-24 12:44:40.005141516,Горьковская,,,2025,2024,295 days 23:39:59.024789958,426219.98374649935,122.30103846255224,0.9549114331723028,Осень,4,10,0.001050524120186,0.001050524120186,0.003151572360558,45.382641992037335,0,0,,,,,,,road
,2025-10-25 02:39:18.696643602,Горьковская,,,2025,2024,296 days 13:34:37.716292044,427054.6286048674,834.6448583680321,0.9565217391304348,Осень,4,10,0.001050524120186,0.001050524120186,0.003151572360558,45.382641992037335,0,0,,,,,,,road
,2025-10-27 15:59:53.792000610,Горьковская,,,2025,2024,299 days 02:55:12.811649052,430735.21352748416,3680.5849226167775,0.9581320450885669,Осень,4,10,0.001050524120186,0.001050524120186,0.003151572360558,45.382641992037335,0,0,,,,,,,road
,2025-10-28 05:27:36.335129424,Горьковская,,,2025,2024,299 days 16:22:55.354777866,431542.9225796311,807.7090521469363,0.9597423510466989,Осень,4,10,0.001050524120186,0.001050524120186,0.003151572360558,45.382641992037335,0,0,,,,,,,road
,2025-10-30 04:41:11.084163726,Горьковская,,,2025,2024,301 days 15:36:30.103812168,434376.5017302028,2833.5791505717207,0.961352657004831,Осень,4,10,0.001050524120186,0.001050524120186,0.003151572360558,45.382641992037335,0,0,,,,,,,road
,2025-10-30 14:00:10.111524126,Горьковская,,,2025,2024,302 days 00:55:29.131172568,434935.48551954277,558.9837893399526,0.9629629629629629,Осень,4,10,0.001050524120186,0.001050524120186,0.003151572360558,45.382641992037335,0,0,,,,,,,road
,2025-10-30 23:05:03.468585630,Горьковская,,,2025,2024,302 days 10:00:22.488234072,435480.37480390124,544.8892843584763,0.964573268921095,Осень,4,10,0.001050524120186,0.001050524120186,0.003151572360558,45.382641992037335,0,0,,,,,,,road
,2025-10-31 10:04:52.958402040,Горьковская,,,2025,2024,302 days 21:00:11.978050482,436140.1996341747,659.8248302734573,0.966183574879227,Осень,4,10,0.001050524120186,0.001050524120186,0.003151572360558,45.382641992037335,0,0,,,,,,,road
,2025-11-01 05:02:49.026865962,Горьковская,,,2025,2024,303 days 15:58:08.046514404,437278.1341085734,1137.934474398673,0.9677938808373591,Осень,4,11,0.001050524120186,0.001050524120186,0.003151572360558,45.382641992037335,0,0,,,,,,,road
,2025-11-01 12:19:02.157737670,Горьковская,,,2025,2024,303 days 23:14:21.177386112,437714.35295643524,436.21884786186274,0.9694041867954911,Осень,4,11,0.001050524120186,0.001050524120186,0.003151572360558,45.382641992037335,0,0,,,,,,,road
,2025-11-02 19:57:23.174049822,Горьковская,,,2025,2024,305 days 06:52:42.193698264,439612.7032283044,1898.3502718691598,0.9710144927536232,Осень,4,11,0.001050524120186,0.001050524120186,0.003151572360558,45.382641992037335,0,0,,,,,,,road
,2025-11-02 20:25:40.534867452,Горьковская,,,2025,2024,305 days 07:20:59.554515894,439640.9925752649,28.289346960489638,0.9726247987117552,Осень,4,11,0.001050524120186,0.001050524120186,0.003151572360558,45.382641992037335,0,0,,,,,,,road
,2025-11-03 05:37:12.445416258,Горьковская,,,2025,2024,305 days 16:32:31.465064700,440192.524417745,551.5318424801226,0.9742351046698873,Осень,4,11,0.001050524120186,0.001050524120186,0.003151572360558,45.382641992037335,0,0,,,,,,,road
,2025-11-03 16:58:10.686128244,Горьковская,,,2025,2024,306 days 03:53:29.705776686,440873.49509627814,680.9706785331364,0.9758454106280193,Осень,4,11,0.001050524120186,0.001050524120186,0.003151572360558,45.382641992037335,0,0,,,,,,,road
,2025-11-04 07:47:17.069161278,Горьковская,,,2025,2024,306 days 18:42:36.088809720,441762.601480162,889.10638388386,0.9774557165861514,Осень,4,11,0.001050524120186,0.001050524120186,0.003151572360558,45.382641992037335,0,0,,,,,,,road
,2025-11-04 12:54:48.614164050,Горьковская,,,2025,2024,306 days 23:50:07.633812492,442070.1272302082,307.5257500461885,0.9790660225442834,Осень,4,11,0.001050524120186,0.001050524120186,0.003151572360558,45.382641992037335,0,0,,,,,,,road
,2025-11-04 21:45:41.717673342,Горьковская,,,2025,2024,307 days 08:41:00.737321784,442601.01228869637,530.885058488173,0.9806763285024155,Осень,4,11,0.001050524120186,0.001050524120186,0.003151572360558,45.382641992037335,0,0,,,,,,,road
,2025-11-05 08:16:30.893856654,Горьковская,,,2025,2024,307 days 19:11:49.913505096,443231.8318917516,630.8196030552499,0.9822866344605475,Осень,4,11,0.001050524120186,0.001050524120186,0.003151572360558,45.382641992037335,0,0,,,,,,,road
,2025-11-06 02:41:55.759670118,Горьковская,,,2025,2024,308 days 13:37:14.779318560,444337.246321976,1105.414430224395,0.9838969404186796,Осень,4,11,0.001050524120186,0.001050524120186,0.003151572360558,45.382641992037335,0,0,,,,,,,road
,2025-11-07 02:15:42.299145798,Горьковская,,,2025,2024,309 days 13:11:01.318794240,445751.021979904,1413.7756579279667,0.9855072463768116,Осень,4,11,0.001050524120186,0.001050524120186,0.003151572360558,45.382641992037335,0,0,,,,,,,road
,2025-11-07 23:30:04.242892104,Горьковская,,,2025,2024,310 days 10:25:23.262540546,447025.3877090091,1274.365729105135,0.9871175523349437,Осень,4,11,0.001050524120186,0.001050524120186,0.003151572360558,45.382641992037335,0,0,,,,,,,road
,2025-11-08 06:07:53.293464246,Горьковская,,,2025,2024,310 days 17:03:12.313112688,447423.2052185448,397.8175095357001,0.9887278582930756,Осень,4,11,0.001050524120186,0.001050524120186,0.003151572360558,45.382641992037335,0,0,,,,,,,road
,2025-11-13 05:13:24.637125822,Горьковская,,,2025,2024,315 days 16:08:43.656774264,454568.7276129044,7145.522394359577,0.9903381642512077,Осень,4,11,0.001050524120186,0.001050524120186,0.003151572360558,45.382641992037335,0,0,,,,,,,road
,2025-11-14 11:10:51.456465858,Горьковская,,,2025,2024,316 days 22:06:10.476114300,456366.174601905,1797.4469890006003,0.9919484702093397,Осень,4,11,0.001050524120186,0.001050524120186,0.003151572360558,45.382641992037335,0,0,,,,,,,road
,2025-11-14 15:57:30.681471402,Горьковская,,,2025,2024,317 days 02:52:49.701119844,456652.8283519974,286.65375009243144,0.9935587761674718,Осень,4,11,0.001050524120186,0.001050524120186,0.003151572360558,45.382641992037335,0,0,,,,,,,road
,2025-11-14 19:24:07.033443708,Горьковская,,,2025,2024,317 days 06:19:26.053092150,456859.43421820254,206.60586620512186,0.9951690821256038,Осень,4,11,0.001050524120186,0.001050524120186,0.003151572360558,45.382641992037335,0,0,,,,,,,road
,2025-11-15 01:22:53.923994082,Горьковская,,,2025,2024,317 days 12:18:12.943642524,457218.2157273754,358.78150917286985,0.9967793880837359,Осень,4,11,0.001050524120186,0.001050524120186,0.003151572360558,45.382641992037335,0,0,,,,,,,road
,2025-11-15 10:56:03.014487936,Горьковская,,,2025,2024,317 days 21:51:22.034136378,457791.3672356063,573.1515082308906,0.998389694041868,Осень,4,11,0.001050524120186,0.001050524120186,0.003151572360558,45.382641992037335,0,0,,,,,,,road
,2025-11-16 17:07:00.972239100,Горьковская,,,2025,2024,319 days 04:02:19.991887542,459602.3331981257,1810.9659625194035,1.0,Осень,4,11,0.001050524120186,0.001050524120186,0.003151572360558,45.382641992037335,0,0,,,,,,,road
