CATEGORY,START_TIME,ROAD,DEPARTMENT,RESPONSIBILITY,YEAR,SOURCE_YEAR,DELTA_TIME,DELTA_MINUTES,TIME_DIFF,INDEX,SEASON,SEASON_INDEX,MONTH,LAMBDA_DYNAMIC,LAMBDA0,LAMBDA1,LAMBDA_MONTH,SPIKE_FLAG,TRANSITION_FLAG,FREIGHT_COUNT,FREIGHT_TIMEOUT,PASSENGER_COUNT,PASSENGER_TIMEOUT,COMMUTER_COUNT,COMMUTER_TIMEOUT,ENTITY_TYPE
,2025-01-02 01:11:03.062247366,Забайкальская,,,2025,2024,0 days 00:00:00,0.0,0.0,0.0,Зима,1,1,0.0015128593040847,0.0015128593040847,0.0045385779122541,65.35552193645991,0,0,,,,,,,road
,2025-01-02 16:26:39.768164526,Забайкальская,,,2025,2024,0 days 15:15:36.705917160,915.6117652859999,915.6117652859999,0.0014204545454545455,Зима,1,1,0.0015128593040847,0.0015128593040847,0.0045385779122541,65.35552193645991,0,0,,,,,,,road
,2025-01-02 19:17:37.504372578,Забайкальская,,,2025,2024,0 days 18:06:34.442125212,1086.5740354202,170.96227013420014,0.002840909090909091,Зима,1,1,0.0015128593040847,0.0015128593040847,0.0045385779122541,65.35552193645991,0,0,,,,,,,road
,2025-01-03 06:39:50.259430710,Забайкальская,,,2025,2024,1 days 05:28:47.197183344,1768.7866197224,682.2125843022,0.004261363636363636,Зима,1,1,0.0015128593040847,0.0015128593040847,0.0045385779122541,65.35552193645991,0,0,,,,,,,road
,2025-01-04 10:49:27.902143812,Забайкальская,,,2025,2024,2 days 09:38:24.839896446,3458.4139982741003,1689.6273785517003,0.005681818181818182,Зима,1,1,0.0015128593040847,0.0015128593040847,0.0045385779122541,65.35552193645991,0,0,,,,,,,road
,2025-01-04 18:22:58.385053284,Забайкальская,,,2025,2024,2 days 17:11:55.322805918,3911.9220467653,453.5080484911996,0.007102272727272727,Зима,1,1,0.0015128593040847,0.0015128593040847,0.0045385779122541,65.35552193645991,0,0,,,,,,,road
,2025-01-05 08:57:20.748010794,Забайкальская,,,2025,2024,3 days 07:46:17.685763428,4786.2947627238,874.3727159585001,0.008522727272727272,Зима,1,1,0.0015128593040847,0.0015128593040847,0.0045385779122541,65.35552193645991,0,0,,,,,,,road
,2025-01-06 23:59:57.502990656,Забайкальская,,,2025,2024,4 days 22:48:54.440743290,7128.9073457215,2342.6125829977,0.009943181818181818,Зима,1,1,0.0015128593040847,0.0015128593040847,0.0045385779122541,65.35552193645991,0,0,,,,,,,road
,2025-01-07 12:54:59.638775658,Забайкальская,,,2025,2024,5 days 11:43:56.576528292,7903.942942138199,775.0355964166993,0.011363636363636364,Зима,1,1,0.0015128593040847,0.0015128593040847,0.0045385779122541,65.35552193645991,0,0,,,,,,,road
,2025-01-07 14:06:25.847615676,Забайкальская,,,2025,2024,5 days 12:55:22.785368310,7975.3797561385,71.43681400030073,0.01278409090909091,Зима,1,1,0.0015128593040847,0.0015128593040847,0.0045385779122541,65.35552193645991,0,0,,,,,,,road
,2025-01-07 17:11:48.666088896,Забайкальская,,,2025,2024,5 days 16:00:45.603841530,8160.7600640255,185.38030788699962,0.014204545454545454,Зима,1,1,0.0015128593040847,0.0015128593040847,0.0045385779122541,65.35552193645991,0,0,,,,,,,road
,2025-01-08 03:09:25.524212490,Забайкальская,,,2025,2024,6 days 01:58:22.461965124,8758.3743660854,597.6143020599002,0.015625,Зима,1,1,0.0015128593040847,0.0015128593040847,0.0045385779122541,65.35552193645991,0,0,,,,,,,road
,2025-01-08 06:42:29.947423674,Забайкальская,,,2025,2024,6 days 05:31:26.885176308,8971.4480862718,213.07372018639944,0.017045454545454544,Зима,1,1,0.0015128593040847,0.0015128593040847,0.0045385779122541,65.35552193645991,0,0,,,,,,,road
,2025-01-09 17:30:45.127732470,Забайкальская,,,2025,2024,7 days 16:19:42.065485104,11059.7010914184,2088.2530051466,0.018465909090909092,Зима,1,1,0.0015128593040847,0.0015128593040847,0.0045385779122541,65.35552193645991,0,0,,,,,,,road
,2025-01-09 23:14:19.828687734,Забайкальская,,,2025,2024,7 days 22:03:16.766440368,11403.2794406728,343.5783492544015,0.019886363636363636,Зима,1,1,0.0015128593040847,0.0015128593040847,0.0045385779122541,65.35552193645991,0,0,,,,,,,road
,2025-01-10 05:58:14.879524116,Забайкальская,,,2025,2024,8 days 04:47:11.817276750,11807.1969546125,403.91751393969935,0.02130681818181818,Зима,1,1,0.0015128593040847,0.0015128593040847,0.0045385779122541,65.35552193645991,0,0,,,,,,,road
,2025-01-10 19:17:36.805252272,Забайкальская,,,2025,2024,8 days 18:06:33.743004906,12606.5623834151,799.3654288025991,0.022727272727272728,Зима,1,1,0.0015128593040847,0.0015128593040847,0.0045385779122541,65.35552193645991,0,0,,,,,,,road
,2025-01-11 03:28:38.720425584,Забайкальская,,,2025,2024,9 days 02:17:35.658178218,13097.5943029703,491.03191955520015,0.024147727272727272,Зима,1,1,0.0015128593040847,0.0015128593040847,0.0045385779122541,65.35552193645991,0,0,,,,,,,road
,2025-01-11 08:46:55.131063330,Забайкальская,,,2025,2024,9 days 07:35:52.068815964,13415.867813599401,318.273510629102,0.02556818181818182,Зима,1,1,0.0015128593040847,0.0015128593040847,0.0045385779122541,65.35552193645991,0,0,,,,,,,road
,2025-01-11 09:39:37.373048292,Забайкальская,,,2025,2024,9 days 08:28:34.310800926,13468.5718466821,52.704033082698515,0.026988636363636364,Зима,1,1,0.0015128593040847,0.0015128593040847,0.0045385779122541,65.35552193645991,0,0,,,,,,,road
,2025-01-11 19:39:26.600265438,Забайкальская,,,2025,2024,9 days 18:28:23.538018072,14068.3923003012,599.8204536191006,0.028409090909090908,Зима,1,1,0.0015128593040847,0.0015128593040847,0.0045385779122541,65.35552193645991,0,0,,,,,,,road
,2025-01-12 17:55:50.269027296,Забайкальская,,,2025,2024,10 days 16:44:47.206779930,15404.786779665501,1336.3944793643004,0.029829545454545456,Зима,1,1,0.0015128593040847,0.0015128593040847,0.0045385779122541,65.35552193645991,0,0,,,,,,,road
,2025-01-13 06:41:00.923947584,Забайкальская,,,2025,2024,11 days 05:29:57.861700218,16169.964361670302,765.1775820048006,0.03125,Зима,1,1,0.0015128593040847,0.0015128593040847,0.0045385779122541,65.35552193645991,0,0,,,,,,,road
,2025-01-13 11:58:35.571715080,Забайкальская,,,2025,2024,11 days 10:47:32.509467714,16487.5418244619,317.577462791598,0.032670454545454544,Зима,1,1,0.0015128593040847,0.0015128593040847,0.0045385779122541,65.35552193645991,0,0,,,,,,,road
,2025-01-13 13:28:55.180450536,Забайкальская,,,2025,2024,11 days 12:17:52.118203170,16577.8686367195,90.32681225760098,0.03409090909090909,Зима,1,1,0.0015128593040847,0.0015128593040847,0.0045385779122541,65.35552193645991,0,0,,,,,,,road
,2025-01-14 08:09:05.363720598,Забайкальская,,,2025,2024,12 days 06:58:02.301473232,17698.0383578872,1120.1697211676983,0.03551136363636364,Зима,1,1,0.0015128593040847,0.0015128593040847,0.0045385779122541,65.35552193645991,0,0,,,,,,,road
,2025-01-15 15:28:18.072305712,Забайкальская,,,2025,2024,13 days 14:17:15.010058346,19577.2501676391,1879.2118097519015,0.036931818181818184,Зима,1,1,0.0015128593040847,0.0015128593040847,0.0045385779122541,65.35552193645991,0,0,,,,,,,road
,2025-01-15 20:53:09.739166658,Забайкальская,,,2025,2024,13 days 19:42:06.676919292,19902.1112819882,324.8611143490998,0.03835227272727273,Зима,1,1,0.0015128593040847,0.0015128593040847,0.0045385779122541,65.35552193645991,0,0,,,,,,,road
,2025-01-16 11:15:18.951143310,Забайкальская,,,2025,2024,14 days 10:04:15.888895944,20764.2648149324,862.1535329442013,0.03977272727272727,Зима,1,1,0.0015128593040847,0.0015128593040847,0.0045385779122541,65.35552193645991,0,0,,,,,,,road
,2025-01-16 17:04:56.217613536,Забайкальская,,,2025,2024,14 days 15:53:53.155366170,21113.8859227695,349.62110783709795,0.041193181818181816,Зима,1,1,0.0015128593040847,0.0015128593040847,0.0045385779122541,65.35552193645991,0,0,,,,,,,road
,2025-01-17 00:46:06.657247002,Забайкальская,,,2025,2024,14 days 23:35:03.594999636,21575.0599166606,461.1739938911014,0.04261363636363636,Зима,1,1,0.0015128593040847,0.0015128593040847,0.0045385779122541,65.35552193645991,0,0,,,,,,,road
,2025-01-17 20:43:02.899502742,Забайкальская,,,2025,2024,15 days 19:31:59.837255376,22771.9972875896,1196.9373709289976,0.04403409090909091,Зима,1,1,0.0015128593040847,0.0015128593040847,0.0045385779122541,65.35552193645991,0,0,,,,,,,road
,2025-01-17 21:40:37.708450092,Забайкальская,,,2025,2024,15 days 20:29:34.646202726,22829.5774367121,57.58014912250292,0.045454545454545456,Зима,1,1,0.0015128593040847,0.0015128593040847,0.0045385779122541,65.35552193645991,0,0,,,,,,,road
,2025-01-18 06:00:10.211972226,Забайкальская,,,2025,2024,16 days 04:49:07.149724860,23329.119162081,499.54172536889746,0.046875,Зима,1,1,0.0015128593040847,0.0015128593040847,0.0045385779122541,65.35552193645991,0,0,,,,,,,road
,2025-01-18 08:39:51.590133648,Забайкальская,,,2025,2024,16 days 07:28:48.527886282,23488.8087981047,159.6896360237006,0.048295454545454544,Зима,1,1,0.0015128593040847,0.0015128593040847,0.0045385779122541,65.35552193645991,0,0,,,,,,,road
,2025-01-18 12:58:48.717861174,Забайкальская,,,2025,2024,16 days 11:47:45.655613808,23747.7609268968,258.9521287921016,0.04971590909090909,Зима,1,1,0.0016034680507872419,0.0015128593040847,0.0045385779122541,65.35552193645991,0,1,,,,,,,road
,2025-01-18 18:32:37.922225340,Забайкальская,,,2025,2024,16 days 17:21:34.859977974,24081.5809996329,333.8200727361,0.05113636363636364,Зима,1,1,0.00309756639056053,0.0015128593040847,0.0045385779122541,65.35552193645991,0,1,,,,,,,road
,2025-01-18 18:41:29.187674250,Забайкальская,,,2025,2024,16 days 17:30:26.125426884,24090.4354237814,8.854424148499675,0.052556818181818184,Зима,1,1,0.003117760623903018,0.0015128593040847,0.0045385779122541,65.35552193645991,0,1,,,,,,,road
,2025-01-18 23:24:48.306001212,Забайкальская,,,2025,2024,16 days 22:13:45.243753846,24373.7540625641,283.3186387827009,0.05397727272727273,Зима,1,1,0.0031800640625289393,0.0015128593040847,0.0045385779122541,65.35552193645991,0,1,,,,,,,road
,2025-01-19 01:00:17.439753522,Забайкальская,,,2025,2024,16 days 23:49:14.377506156,24469.2396251026,95.48556253849893,0.05539772727272727,Зима,1,1,0.0034905425620782755,0.0015128593040847,0.0045385779122541,65.35552193645991,0,1,,,,,,,road
,2025-01-19 06:05:16.513466466,Забайкальская,,,2025,2024,17 days 04:54:13.451219100,24774.224186985,304.98456188240016,0.056818181818181816,Зима,1,1,0.0036300240713251306,0.0015128593040847,0.0045385779122541,65.35552193645991,0,1,,,,,,,road
,2025-01-19 06:46:36.224535756,Забайкальская,,,2025,2024,17 days 05:35:33.162288390,24815.5527048065,41.32851782150101,0.05823863636363636,Зима,1,1,0.0036938988308734327,0.0015128593040847,0.0045385779122541,65.35552193645991,0,1,,,,,,,road
,2025-01-19 12:43:34.506017448,Забайкальская,,,2025,2024,17 days 11:32:31.443770082,25172.5240628347,356.97135802819685,0.05965909090909091,Зима,1,1,0.0037288504483583397,0.0015128593040847,0.0045385779122541,65.35552193645991,0,1,,,,,,,road
,2025-01-19 17:18:17.786337270,Забайкальская,,,2025,2024,17 days 16:07:14.724089904,25447.2454014984,274.7213386637013,0.061079545454545456,Зима,1,1,0.003776339863729514,0.0015128593040847,0.0045385779122541,65.35552193645991,0,1,,,,,,,road
,2025-01-20 08:39:50.921431104,Забайкальская,,,2025,2024,18 days 07:28:47.859183738,26368.797653062302,921.5522515639022,0.0625,Зима,1,1,0.003850930288901741,0.0015128593040847,0.0045385779122541,65.35552193645991,0,1,,,,,,,road
,2025-01-20 19:04:48.151913958,Забайкальская,,,2025,2024,18 days 17:53:45.089666592,26993.7514944432,624.9538413808987,0.06392045454545454,Зима,1,1,0.003875113300909702,0.0015128593040847,0.0045385779122541,65.35552193645991,0,1,,,,,,,road
,2025-01-20 20:18:11.759441340,Забайкальская,,,2025,2024,18 days 19:07:08.697193974,27067.1449532329,73.39345878969834,0.06534090909090909,Зима,1,1,0.0045385779122541,0.0015128593040847,0.0045385779122541,65.35552193645991,1,0,,,,,,,road
,2025-01-20 20:24:17.908587342,Забайкальская,,,2025,2024,18 days 19:13:14.846339976,27073.2474389996,6.102485766699829,0.06676136363636363,Зима,1,1,0.0045385779122541,0.0015128593040847,0.0045385779122541,65.35552193645991,1,0,,,,,,,road
,2025-01-21 00:19:00.906565860,Забайкальская,,,2025,2024,18 days 23:07:57.844318494,27307.9640719749,234.71663297530176,0.06818181818181818,Зима,1,1,0.0045385779122541,0.0015128593040847,0.0045385779122541,65.35552193645991,1,0,,,,,,,road
,2025-01-21 03:42:30.044337281,Забайкальская,,,2025,2024,19 days 02:31:26.982089915,27511.449701498586,203.48562952368593,0.06960227272727272,Зима,1,1,0.0045385779122541,0.0015128593040847,0.0045385779122541,65.35552193645991,1,0,,,,,,,road
,2025-01-21 03:48:37.718457570,Забайкальская,,,2025,2024,19 days 02:37:34.656210204,27517.5776035034,6.1279020048132224,0.07102272727272728,Зима,1,1,0.0045385779122541,0.0015128593040847,0.0045385779122541,65.35552193645991,1,0,,,,,,,road
,2025-01-21 04:17:27.960737712,Забайкальская,,,2025,2024,19 days 03:06:24.898490346,27546.4149748391,28.837371335699572,0.07244318181818182,Зима,1,1,0.0045385779122541,0.0015128593040847,0.0045385779122541,65.35552193645991,1,0,,,,,,,road
,2025-01-21 07:31:05.144574036,Забайкальская,,,2025,2024,19 days 06:20:02.082326670,27740.034705444497,193.61973060539822,0.07386363636363637,Зима,1,1,0.0045385779122541,0.0015128593040847,0.0045385779122541,65.35552193645991,1,0,,,,,,,road
,2025-01-21 16:26:09.352458246,Забайкальская,,,2025,2024,19 days 15:15:06.290210880,28275.104836848,535.0701314035032,0.07528409090909091,Зима,1,1,0.0045385779122541,0.0015128593040847,0.0045385779122541,65.35552193645991,1,0,,,,,,,road
,2025-01-22 01:08:18.066154968,Забайкальская,,,2025,2024,19 days 23:57:15.003907602,28797.2500651267,522.1452282786995,0.07670454545454546,Зима,1,1,0.0045385779122541,0.0015128593040847,0.0045385779122541,65.35552193645991,1,0,,,,,,,road
,2025-01-22 01:44:29.683570110,Забайкальская,,,2025,2024,20 days 00:33:26.621322744,28833.4436887124,36.19362358569924,0.078125,Зима,1,1,0.0045385779122541,0.0015128593040847,0.0045385779122541,65.35552193645991,1,0,,,,,,,road
,2025-01-22 03:31:27.206728362,Забайкальская,,,2025,2024,20 days 02:20:24.144480996,28940.402408016602,106.95871930420253,0.07954545454545454,Зима,1,1,0.0045385779122541,0.0015128593040847,0.0045385779122541,65.35552193645991,1,0,,,,,,,road
,2025-01-22 03:41:11.053347150,Забайкальская,,,2025,2024,20 days 02:30:07.991099784,28950.133184996397,9.730776979795337,0.08096590909090909,Зима,1,1,0.0045385779122541,0.0015128593040847,0.0045385779122541,65.35552193645991,1,0,,,,,,,road
,2025-01-22 06:00:45.993949242,Забайкальская,,,2025,2024,20 days 04:49:42.931701876,29089.7155283646,139.5823433682017,0.08238636363636363,Зима,1,1,0.0045385779122541,0.0015128593040847,0.0045385779122541,65.35552193645991,1,0,,,,,,,road
,2025-01-22 11:08:56.872632942,Забайкальская,,,2025,2024,20 days 09:57:53.810385576,29397.8968397596,308.1813113950011,0.08380681818181818,Зима,1,1,0.0045385779122541,0.0015128593040847,0.0045385779122541,65.35552193645991,1,0,,,,,,,road
,2025-01-22 16:52:46.918092096,Забайкальская,,,2025,2024,20 days 15:41:43.855844730,29741.7309307455,343.8340909858998,0.08522727272727272,Зима,1,1,0.0045385779122541,0.0015128593040847,0.0045385779122541,65.35552193645991,1,0,,,,,,,road
,2025-01-22 19:25:03.632279532,Забайкальская,,,2025,2024,20 days 18:14:00.570032166,29894.0095005361,152.27856979060016,0.08664772727272728,Зима,1,1,0.0045385779122541,0.0015128593040847,0.0045385779122541,65.35552193645991,1,0,,,,,,,road
,2025-01-22 19:47:15.967197426,Забайкальская,,,2025,2024,20 days 18:36:12.904950060,29916.215082501,22.205581964899466,0.08806818181818182,Зима,1,1,0.0045385779122541,0.0015128593040847,0.0045385779122541,65.35552193645991,1,0,,,,,,,road
,2025-01-22 21:33:04.715994936,Забайкальская,,,2025,2024,20 days 20:22:01.653747570,30022.0275624595,105.81247995850208,0.08948863636363637,Зима,1,1,0.0045385779122541,0.0015128593040847,0.0045385779122541,65.35552193645991,1,0,,,,,,,road
,2025-01-23 07:25:43.186014900,Забайкальская,,,2025,2024,21 days 06:14:40.123767534,30614.6687294589,592.6411669993977,0.09090909090909091,Зима,1,1,0.0045385779122541,0.0015128593040847,0.0045385779122541,65.35552193645991,1,0,,,,,,,road
,2025-01-23 08:23:11.777918034,Забайкальская,,,2025,2024,21 days 07:12:08.715670668,30672.1452611778,57.47653171890124,0.09232954545454546,Зима,1,1,0.0045385779122541,0.0015128593040847,0.0045385779122541,65.35552193645991,1,0,,,,,,,road
,2025-01-23 09:48:05.462993496,Забайкальская,,,2025,2024,21 days 08:37:02.400746130,30757.0400124355,84.89475125769968,0.09375,Зима,1,1,0.0045385779122541,0.0015128593040847,0.0045385779122541,65.35552193645991,1,0,,,,,,,road
,2025-01-23 14:50:45.551229282,Забайкальская,,,2025,2024,21 days 13:39:42.488981916,31059.708149698603,302.66813726310284,0.09517045454545454,Зима,1,1,0.0045385779122541,0.0015128593040847,0.0045385779122541,65.35552193645991,1,0,,,,,,,road
,2025-01-23 19:42:11.436738306,Забайкальская,,,2025,2024,21 days 18:31:08.374490940,31351.139574849,291.43142515039654,0.09659090909090909,Зима,1,1,0.0045385779122541,0.0015128593040847,0.0045385779122541,65.35552193645991,1,0,,,,,,,road
,2025-01-24 04:38:11.992999182,Забайкальская,,,2025,2024,22 days 03:27:08.930751816,31887.148845863598,536.0092710145982,0.09801136363636363,Зима,1,1,0.0045385779122541,0.0015128593040847,0.0045385779122541,65.35552193645991,1,0,,,,,,,road
,2025-01-24 06:26:25.881135876,Забайкальская,,,2025,2024,22 days 05:15:22.818888510,31995.380314808503,108.23146894490492,0.09943181818181818,Зима,1,1,0.0045385779122541,0.0015128593040847,0.0045385779122541,65.35552193645991,1,0,,,,,,,road
,2025-01-24 09:05:41.024231112,Забайкальская,,,2025,2024,22 days 07:54:37.961983746,32154.6326997291,159.25238492059725,0.10085227272727272,Зима,1,1,0.0045385779122541,0.0015128593040847,0.0045385779122541,65.35552193645991,1,0,,,,,,,road
,2025-01-24 11:24:29.233593702,Забайкальская,,,2025,2024,22 days 10:13:26.171346336,32293.4361891056,138.80348937649978,0.10227272727272728,Зима,1,1,0.0045385779122541,0.0015128593040847,0.0045385779122541,65.35552193645991,1,0,,,,,,,road
,2025-01-24 21:03:26.806269498,Забайкальская,,,2025,2024,22 days 19:52:23.744022132,32872.3957337022,578.9595445966006,0.10369318181818182,Зима,1,1,0.0045385779122541,0.0015128593040847,0.0045385779122541,65.35552193645991,1,0,,,,,,,road
,2025-01-25 02:26:37.501887840,Забайкальская,,,2025,2024,23 days 01:15:34.439640474,33195.5739940079,323.17826030569995,0.10511363636363637,Зима,1,1,0.0045385779122541,0.0015128593040847,0.0045385779122541,65.35552193645991,1,0,,,,,,,road
,2025-01-25 08:58:55.369074654,Забайкальская,,,2025,2024,23 days 07:47:52.306827288,33587.8717804548,392.2977864468994,0.10653409090909091,Зима,1,1,0.0045385779122541,0.0015128593040847,0.0045385779122541,65.35552193645991,1,0,,,,,,,road
,2025-01-25 09:30:23.577075984,Забайкальская,,,2025,2024,23 days 08:19:20.514828618,33619.3419138103,31.470133355498547,0.10795454545454546,Зима,1,1,0.0045385779122541,0.0015128593040847,0.0045385779122541,65.35552193645991,1,0,,,,,,,road
,2025-01-25 15:16:12.108192066,Забайкальская,,,2025,2024,23 days 14:05:09.045944700,33965.150765745,345.8088519347002,0.109375,Зима,1,1,0.0045385779122541,0.0015128593040847,0.0045385779122541,65.35552193645991,1,0,,,,,,,road
,2025-01-25 17:21:12.587910036,Забайкальская,,,2025,2024,23 days 16:10:09.525662670,34090.1587610445,125.00799529950018,0.11079545454545454,Зима,1,1,0.0045385779122541,0.0015128593040847,0.0045385779122541,65.35552193645991,1,0,,,,,,,road
,2025-01-25 17:26:24.782743902,Забайкальская,,,2025,2024,23 days 16:15:21.720496536,34095.3620082756,5.203247231103887,0.11221590909090909,Зима,1,1,0.0045385779122541,0.0015128593040847,0.0045385779122541,65.35552193645991,1,0,,,,,,,road
,2025-01-25 17:40:04.018217400,Забайкальская,,,2025,2024,23 days 16:29:00.955970034,34109.0159328339,13.653924558297149,0.11363636363636363,Зима,1,1,0.0045385779122541,0.0015128593040847,0.0045385779122541,65.35552193645991,1,0,,,,,,,road
,2025-01-25 21:49:41.192496546,Забайкальская,,,2025,2024,23 days 20:38:38.130249180,34358.635504153,249.6195713190973,0.11505681818181818,Зима,1,1,0.0045385779122541,0.0015128593040847,0.0045385779122541,65.35552193645991,1,0,,,,,,,road
,2025-01-25 23:32:11.598184584,Забайкальская,,,2025,2024,23 days 22:21:08.535937218,34461.1422656203,102.50676146730257,0.11647727272727272,Зима,1,1,0.0045385779122541,0.0015128593040847,0.0045385779122541,65.35552193645991,1,0,,,,,,,road
,2025-01-26 06:58:33.061459740,Забайкальская,,,2025,2024,24 days 05:47:29.999212374,34907.4999868729,446.35772125259973,0.11789772727272728,Зима,1,1,0.0045385779122541,0.0015128593040847,0.0045385779122541,65.35552193645991,1,0,,,,,,,road
,2025-01-26 11:50:33.346568130,Забайкальская,,,2025,2024,24 days 10:39:30.284320764,35199.504738679396,292.00475180649664,0.11931818181818182,Зима,1,1,0.0045385779122541,0.0015128593040847,0.0045385779122541,65.35552193645991,1,0,,,,,,,road
,2025-01-26 12:05:02.633327346,Забайкальская,,,2025,2024,24 days 10:53:59.571079980,35213.992851333,14.48811265360564,0.12073863636363637,Зима,1,1,0.0015128593040847,0.0015128593040847,0.0045385779122541,65.35552193645991,0,0,,,,,,,road
,2025-01-27 00:52:35.639754090,Забайкальская,,,2025,2024,24 days 23:41:32.577506724,35981.542958445396,767.5501071123945,0.12215909090909091,Зима,1,1,0.0015128593040847,0.0015128593040847,0.0045385779122541,65.35552193645991,0,0,,,,,,,road
,2025-01-27 03:13:48.187479660,Забайкальская,,,2025,2024,25 days 02:02:45.125232294,36122.752087204906,141.20912875951035,0.12357954545454546,Зима,1,1,0.0015128593040847,0.0015128593040847,0.0045385779122541,65.35552193645991,0,0,,,,,,,road
,2025-01-27 09:16:49.055856624,Забайкальская,,,2025,2024,25 days 08:05:45.993609258,36485.7665601543,363.01447294939135,0.125,Зима,1,1,0.0015128593040847,0.0015128593040847,0.0045385779122541,65.35552193645991,0,0,,,,,,,road
,2025-01-27 20:04:40.748890506,Забайкальская,,,2025,2024,25 days 18:53:37.686643140,37133.628110719,647.8615505647031,0.12642045454545456,Зима,1,1,0.0015128593040847,0.0015128593040847,0.0045385779122541,65.35552193645991,0,0,,,,,,,road
,2025-01-28 18:47:13.847645370,Забайкальская,,,2025,2024,26 days 17:36:10.785398004,38496.1797566334,1362.5516459143983,0.1278409090909091,Зима,1,1,0.0015128593040847,0.0015128593040847,0.0045385779122541,65.35552193645991,0,0,,,,,,,road
,2025-01-29 01:29:46.232017278,Забайкальская,,,2025,2024,27 days 00:18:43.169769912,38898.7194961652,402.53973953179957,0.12926136363636365,Зима,1,1,0.0015128593040847,0.0015128593040847,0.0045385779122541,65.35552193645991,0,0,,,,,,,road
,2025-01-29 19:42:16.978986624,Забайкальская,,,2025,2024,27 days 18:31:13.916739258,39991.2319456543,1092.5124494890988,0.13068181818181818,Зима,1,1,0.0015128593040847,0.0015128593040847,0.0045385779122541,65.35552193645991,0,0,,,,,,,road
,2025-01-30 12:32:05.549168652,Забайкальская,,,2025,2024,28 days 11:21:02.486921286,41001.041448688105,1009.8095030338081,0.13210227272727273,Зима,1,1,0.0015128593040847,0.0015128593040847,0.0045385779122541,65.35552193645991,0,0,,,,,,,road
,2025-01-30 18:25:57.723543726,Забайкальская,,,2025,2024,28 days 17:14:54.661296360,41354.911021606,353.8695729178944,0.13352272727272727,Зима,1,1,0.0015128593040847,0.0015128593040847,0.0045385779122541,65.35552193645991,0,0,,,,,,,road
,2025-01-31 02:05:25.763592306,Забайкальская,,,2025,2024,29 days 00:54:22.701344940,41814.378355748995,459.46733414299524,0.13494318181818182,Зима,1,1,0.0015128593040847,0.0015128593040847,0.0045385779122541,65.35552193645991,0,0,,,,,,,road
,2025-01-31 15:22:19.495226448,Забайкальская,,,2025,2024,29 days 14:11:16.432979082,42611.2738829847,796.8955272357052,0.13636363636363635,Зима,1,1,0.0015128593040847,0.0015128593040847,0.0045385779122541,65.35552193645991,0,0,,,,,,,road
,2025-01-31 15:43:14.490799530,Забайкальская,,,2025,2024,29 days 14:32:11.428552164,42632.19047586941,20.916592884706915,0.1377840909090909,Зима,1,1,0.0015128593040847,0.0015128593040847,0.0045385779122541,65.35552193645991,0,0,,,,,,,road
,2025-02-01 16:07:08.649751080,Забайкальская,,,2025,2024,30 days 14:56:05.587503714,44096.0931250619,1463.902649192496,0.13920454545454544,Зима,1,2,0.0015128593040847,0.0015128593040847,0.0045385779122541,65.35552193645991,0,0,,,,,,,road
,2025-02-02 08:18:04.310878692,Забайкальская,,,2025,2024,31 days 07:07:01.248631326,45067.0208105221,970.9276854601994,0.140625,Зима,1,2,0.0015128593040847,0.0015128593040847,0.0045385779122541,65.35552193645991,0,0,,,,,,,road
,2025-02-02 11:27:42.905702688,Забайкальская,,,2025,2024,31 days 10:16:39.843455322,45256.6640575887,189.6432470665968,0.14204545454545456,Зима,1,2,0.0015128593040847,0.0015128593040847,0.0045385779122541,65.35552193645991,0,0,,,,,,,road
,2025-02-04 07:13:45.448900170,Забайкальская,,,2025,2024,33 days 06:02:42.386652804,47882.7064442134,2626.0423866247,0.1434659090909091,Зима,1,2,0.0015128593040847,0.0015128593040847,0.0045385779122541,65.35552193645991,0,0,,,,,,,road
,2025-02-04 09:24:26.537968152,Забайкальская,,,2025,2024,33 days 08:13:23.475720786,48013.3912620131,130.6848177997017,0.14488636363636365,Зима,1,2,0.0015128593040847,0.0015128593040847,0.0045385779122541,65.35552193645991,0,0,,,,,,,road
,2025-02-05 12:26:48.689406024,Забайкальская,,,2025,2024,34 days 11:15:45.627158658,49635.7604526443,1622.3691906312015,0.14630681818181818,Зима,1,2,0.0015128593040847,0.0015128593040847,0.0045385779122541,65.35552193645991,0,0,,,,,,,road
,2025-02-05 16:46:05.833261914,Забайкальская,,,2025,2024,34 days 15:35:02.771014548,49895.046183575796,259.28573093149316,0.14772727272727273,Зима,1,2,0.0015128593040847,0.0015128593040847,0.0045385779122541,65.35552193645991,0,0,,,,,,,road
,2025-02-06 08:38:08.700769746,Забайкальская,,,2025,2024,35 days 07:27:05.638522380,50847.093975373,952.0477917972021,0.14914772727272727,Зима,1,2,0.0015128593040847,0.0015128593040847,0.0045385779122541,65.35552193645991,0,0,,,,,,,road
,2025-02-06 15:21:01.412820678,Забайкальская,,,2025,2024,35 days 14:09:58.350573312,51249.9725095552,402.8785341822004,0.15056818181818182,Зима,1,2,0.0015128593040847,0.0015128593040847,0.0045385779122541,65.35552193645991,0,0,,,,,,,road
,2025-02-07 06:02:31.122323682,Забайкальская,,,2025,2024,36 days 04:51:28.060076316,52131.467667938596,881.4951583833972,0.15198863636363635,Зима,1,2,0.0015128593040847,0.0015128593040847,0.0045385779122541,65.35552193645991,0,0,,,,,,,road
,2025-02-07 07:54:27.375372066,Забайкальская,,,2025,2024,36 days 06:43:24.313124700,52243.405218745,111.93755080640403,0.1534090909090909,Зима,1,2,0.0015128593040847,0.0015128593040847,0.0045385779122541,65.35552193645991,0,0,,,,,,,road
,2025-02-07 11:22:01.999065036,Забайкальская,,,2025,2024,36 days 10:10:58.936817670,52450.9822802945,207.57706154949847,0.15482954545454544,Зима,1,2,0.0015128593040847,0.0015128593040847,0.0045385779122541,65.35552193645991,0,0,,,,,,,road
,2025-02-07 12:31:34.332409241,Забайкальская,,,2025,2024,36 days 11:20:31.270161875,52520.52116936458,69.53888907008513,0.15625,Зима,1,2,0.0015128593040847,0.0015128593040847,0.0045385779122541,65.35552193645991,0,0,,,,,,,road
,2025-02-08 10:35:55.030180014,Забайкальская,,,2025,2024,37 days 09:24:51.967932648,53844.8661322108,1324.3449628462186,0.15767045454545456,Зима,1,2,0.0015128593040847,0.0015128593040847,0.0045385779122541,65.35552193645991,0,0,,,,,,,road
,2025-02-08 14:28:11.283907356,Забайкальская,,,2025,2024,37 days 13:17:08.221659990,54077.137027666504,232.27089545570198,0.1590909090909091,Зима,1,2,0.0015128593040847,0.0015128593040847,0.0045385779122541,65.35552193645991,0,0,,,,,,,road
,2025-02-09 03:31:57.244275750,Забайкальская,,,2025,2024,38 days 02:20:54.182028384,54860.9030338064,783.7660061398929,0.16051136363636365,Зима,1,2,0.0015128593040847,0.0015128593040847,0.0045385779122541,65.35552193645991,0,0,,,,,,,road
,2025-02-09 22:26:14.917140162,Забайкальская,,,2025,2024,38 days 21:15:11.854892796,55995.1975815466,1134.2945477402027,0.16193181818181818,Зима,1,2,0.0015128593040847,0.0015128593040847,0.0045385779122541,65.35552193645991,0,0,,,,,,,road
,2025-02-10 23:57:41.941189050,Забайкальская,,,2025,2024,39 days 22:46:38.878941684,57526.6479823614,1531.4504008147997,0.16335227272727273,Зима,1,2,0.0015128593040847,0.0015128593040847,0.0045385779122541,65.35552193645991,0,0,,,,,,,road
,2025-02-11 01:11:59.007453948,Забайкальская,,,2025,2024,40 days 00:00:55.945206582,57600.932420109704,74.28443774830521,0.16477272727272727,Зима,1,2,0.0015128593040847,0.0015128593040847,0.0045385779122541,65.35552193645991,0,0,,,,,,,road
,2025-02-12 01:49:21.725799168,Забайкальская,,,2025,2024,41 days 00:38:18.663551802,59078.3110591967,1477.3786390869936,0.16619318181818182,Зима,1,2,0.0015128593040847,0.0015128593040847,0.0045385779122541,65.35552193645991,0,0,,,,,,,road
,2025-02-12 04:14:35.638812522,Забайкальская,,,2025,2024,41 days 03:03:32.576565156,59223.5429427526,145.23188355590537,0.16761363636363635,Зима,1,2,0.0015128593040847,0.0015128593040847,0.0045385779122541,65.35552193645991,0,0,,,,,,,road
,2025-02-12 18:57:10.810509762,Забайкальская,,,2025,2024,41 days 17:46:07.748262396,60106.1291377066,882.5861949539976,0.1690340909090909,Зима,1,2,0.0015128593040847,0.0015128593040847,0.0045385779122541,65.35552193645991,0,0,,,,,,,road
,2025-02-13 09:19:50.263048362,Забайкальская,,,2025,2024,42 days 08:08:47.200800996,60968.786680016594,862.657542309993,0.17045454545454544,Зима,1,2,0.0015128593040847,0.0015128593040847,0.0045385779122541,65.35552193645991,0,0,,,,,,,road
,2025-02-13 09:25:28.939606548,Забайкальская,,,2025,2024,42 days 08:14:25.877359182,60974.4312893197,5.644609303104517,0.171875,Зима,1,2,0.0015128593040847,0.0015128593040847,0.0045385779122541,65.35552193645991,0,0,,,,,,,road
,2025-02-13 12:10:14.653148496,Забайкальская,,,2025,2024,42 days 10:59:11.590901130,61139.1931816855,164.76189236580103,0.17329545454545456,Зима,1,2,0.0015128593040847,0.0015128593040847,0.0045385779122541,65.35552193645991,0,0,,,,,,,road
,2025-02-13 19:37:48.191605662,Забайкальская,,,2025,2024,42 days 18:26:45.129358296,61586.7521559716,447.5589742860975,0.1747159090909091,Зима,1,2,0.0015128593040847,0.0015128593040847,0.0045385779122541,65.35552193645991,0,0,,,,,,,road
,2025-02-14 01:37:54.444672390,Забайкальская,,,2025,2024,43 days 00:26:51.382425024,61946.8563737504,360.104217778804,0.17613636363636365,Зима,1,2,0.0015128593040847,0.0015128593040847,0.0045385779122541,65.35552193645991,0,0,,,,,,,road
,2025-02-15 05:15:43.876587960,Забайкальская,,,2025,2024,44 days 04:04:40.814340594,63604.680239009904,1657.8238652595028,0.17755681818181818,Зима,1,2,0.0015128593040847,0.0015128593040847,0.0045385779122541,65.35552193645991,0,0,,,,,,,road
,2025-02-15 10:10:27.568335180,Забайкальская,,,2025,2024,44 days 08:59:24.506087814,63899.4084347969,294.7281957869927,0.17897727272727273,Зима,1,2,0.0015128593040847,0.0015128593040847,0.0045385779122541,65.35552193645991,0,0,,,,,,,road
,2025-02-16 16:37:42.168877224,Забайкальская,,,2025,2024,45 days 15:26:39.106629858,65726.6517771643,1827.243342367401,0.18039772727272727,Зима,1,2,0.0015128593040847,0.0015128593040847,0.0045385779122541,65.35552193645991,0,0,,,,,,,road
,2025-02-16 23:24:18.219904974,Забайкальская,,,2025,2024,45 days 22:13:15.157657608,66133.2526276268,406.60085046250606,0.18181818181818182,Зима,1,2,0.0015128593040847,0.0015128593040847,0.0045385779122541,65.35552193645991,0,0,,,,,,,road
,2025-02-18 12:08:08.125697256,Забайкальская,,,2025,2024,47 days 10:57:05.063449890,68337.0843908315,2203.8317632046965,0.18323863636363635,Зима,1,2,0.0015128593040847,0.0015128593040847,0.0045385779122541,65.35552193645991,0,0,,,,,,,road
,2025-02-19 02:51:51.612081462,Забайкальская,,,2025,2024,48 days 01:40:48.549834096,69220.80916390159,883.724773070091,0.1846590909090909,Зима,1,2,0.0015128593040847,0.0015128593040847,0.0045385779122541,65.35552193645991,0,0,,,,,,,road
,2025-03-02 01:36:14.231573346,Забайкальская,,,2025,2024,59 days 00:25:11.169325980,84985.18615543301,15764.376991531419,0.18607954545454544,Весна,2,3,0.001331578782467,0.001331578782467,0.003994736347401,57.52420340257543,0,0,,,,,,,road
,2025-03-02 07:00:06.018980130,Забайкальская,,,2025,2024,59 days 05:49:02.956732764,85309.04927887939,323.8631234463828,0.1875,Весна,2,3,0.001331578782467,0.001331578782467,0.003994736347401,57.52420340257543,0,0,,,,,,,road
,2025-03-02 13:53:00.463909236,Забайкальская,,,2025,2024,59 days 12:41:57.401661870,85721.9566943645,412.9074154851114,0.18892045454545456,Весна,2,3,0.001331578782467,0.001331578782467,0.003994736347401,57.52420340257543,0,0,,,,,,,road
,2025-03-03 01:18:37.075092024,Забайкальская,,,2025,2024,60 days 00:07:34.012844658,86407.56688074431,685.6101863798103,0.1903409090909091,Весна,2,3,0.001331578782467,0.001331578782467,0.003994736347401,57.52420340257543,0,0,,,,,,,road
,2025-03-03 10:36:46.554468828,Забайкальская,,,2025,2024,60 days 09:25:43.492221462,86965.72487035769,558.1579896133771,0.19176136363636365,Весна,2,3,0.001331578782467,0.001331578782467,0.003994736347401,57.52420340257543,0,0,,,,,,,road
,2025-03-04 02:30:07.510618572,Забайкальская,,,2025,2024,61 days 01:19:04.448371206,87919.0741395201,953.3492691624124,0.19318181818181818,Весна,2,3,0.001331578782467,0.001331578782467,0.003994736347401,57.52420340257543,0,0,,,,,,,road
,2025-03-04 03:01:05.182551120,Забайкальская,,,2025,2024,61 days 01:50:02.120303754,87950.0353383959,30.96119887579698,0.19460227272727273,Весна,2,3,0.001331578782467,0.001331578782467,0.003994736347401,57.52420340257543,0,0,,,,,,,road
,2025-03-04 13:23:39.499749870,Забайкальская,,,2025,2024,61 days 12:12:36.437502504,88572.60729170841,622.5719533125084,0.19602272727272727,Весна,2,3,0.001331578782467,0.001331578782467,0.003994736347401,57.52420340257543,0,0,,,,,,,road
,2025-03-04 15:01:05.269839768,Забайкальская,,,2025,2024,61 days 13:50:02.207592402,88670.03679320669,97.42950149827811,0.19744318181818182,Весна,2,3,0.001331578782467,0.001331578782467,0.003994736347401,57.52420340257543,0,0,,,,,,,road
,2025-03-04 19:45:26.592421350,Забайкальская,,,2025,2024,61 days 18:34:23.530173984,88954.3921695664,284.3553763597156,0.19886363636363635,Весна,2,3,0.001331578782467,0.001331578782467,0.003994736347401,57.52420340257543,0,0,,,,,,,road
,2025-03-05 09:19:13.115345238,Забайкальская,,,2025,2024,62 days 08:08:10.053097872,89768.1675516312,813.7753820647922,0.2002840909090909,Весна,2,3,0.001331578782467,0.001331578782467,0.003994736347401,57.52420340257543,0,0,,,,,,,road
,2025-03-05 11:27:50.861458482,Забайкальская,,,2025,2024,62 days 10:16:47.799211116,89896.7966535186,128.62910188740352,0.20170454545454544,Весна,2,3,0.001331578782467,0.001331578782467,0.003994736347401,57.52420340257543,0,0,,,,,,,road
,2025-03-05 16:05:15.160425612,Забайкальская,,,2025,2024,62 days 14:54:12.098178246,90174.2016363041,277.4049827855051,0.203125,Весна,2,3,0.001331578782467,0.001331578782467,0.003994736347401,57.52420340257543,0,0,,,,,,,road
,2025-03-06 07:16:59.169717354,Забайкальская,,,2025,2024,63 days 06:05:56.107469988,91085.9351244998,911.7334881956922,0.20454545454545456,Весна,2,3,0.001331578782467,0.001331578782467,0.003994736347401,57.52420340257543,0,0,,,,,,,road
,2025-03-06 20:27:07.200632814,Забайкальская,,,2025,2024,63 days 19:16:04.138385448,91876.06897309079,790.1338485909946,0.2059659090909091,Весна,2,3,0.001331578782467,0.001331578782467,0.003994736347401,57.52420340257543,0,0,,,,,,,road
,2025-03-06 21:38:48.282664542,Забайкальская,,,2025,2024,63 days 20:27:45.220417176,91947.7536736196,71.68470052881457,0.20738636363636365,Весна,2,3,0.001331578782467,0.001331578782467,0.003994736347401,57.52420340257543,0,0,,,,,,,road
,2025-03-07 08:25:25.147672842,Забайкальская,,,2025,2024,64 days 07:14:22.085425476,92594.3680904246,646.6144168049941,0.20880681818181818,Весна,2,3,0.001331578782467,0.001331578782467,0.003994736347401,57.52420340257543,0,0,,,,,,,road
,2025-03-07 10:25:02.826929178,Забайкальская,,,2025,2024,64 days 09:13:59.764681812,92713.9960780302,119.6279876056069,0.21022727272727273,Весна,2,3,0.001331578782467,0.001331578782467,0.003994736347401,57.52420340257543,0,0,,,,,,,road
,2025-03-07 14:03:22.247396076,Забайкальская,,,2025,2024,64 days 12:52:19.185148710,92932.3197524785,218.32367444830015,0.21164772727272727,Весна,2,3,0.001331578782467,0.001331578782467,0.003994736347401,57.52420340257543,0,0,,,,,,,road
,2025-03-07 21:45:01.394515146,Забайкальская,,,2025,2024,64 days 20:33:58.332267780,93393.972204463,461.652451984497,0.21306818181818182,Весна,2,3,0.001331578782467,0.001331578782467,0.003994736347401,57.52420340257543,0,0,,,,,,,road
,2025-03-07 23:11:59.268840804,Забайкальская,,,2025,2024,64 days 22:00:56.206593438,93480.9367765573,86.96457209429354,0.21448863636363635,Весна,2,3,0.001331578782467,0.001331578782467,0.003994736347401,57.52420340257543,0,0,,,,,,,road
,2025-03-10 14:31:06.266202666,Забайкальская,,,2025,2024,67 days 13:20:03.203955300,97280.053399255,3799.1166226977075,0.2159090909090909,Весна,2,3,0.001331578782467,0.001331578782467,0.003994736347401,57.52420340257543,0,0,,,,,,,road
,2025-03-10 16:46:51.465385974,Забайкальская,,,2025,2024,67 days 15:35:48.403138608,97415.80671897679,135.75331972178537,0.21732954545454544,Весна,2,3,0.001331578782467,0.001331578782467,0.003994736347401,57.52420340257543,0,0,,,,,,,road
,2025-03-11 11:48:26.643417036,Забайкальская,,,2025,2024,68 days 10:37:23.581169670,98557.39301949451,1141.5863005177234,0.21875,Весна,2,3,0.001331578782467,0.001331578782467,0.003994736347401,57.52420340257543,0,0,,,,,,,road
,2025-03-12 09:58:27.073275462,Забайкальская,,,2025,2024,69 days 08:47:24.011028096,99887.4001838016,1330.0071643070842,0.22017045454545456,Весна,2,3,0.001331578782467,0.001331578782467,0.003994736347401,57.52420340257543,0,0,,,,,,,road
,2025-03-15 03:00:56.686857906,Забайкальская,,,2025,2024,72 days 01:49:53.624610540,103789.893743509,3902.4935597074073,0.2215909090909091,Весна,2,3,0.001331578782467,0.001331578782467,0.003994736347401,57.52420340257543,0,0,,,,,,,road
,2025-03-15 10:01:19.029093678,Забайкальская,,,2025,2024,72 days 08:50:15.966846312,104210.26611410521,420.37237059620384,0.22301136363636365,Весна,2,3,0.001331578782467,0.001331578782467,0.003994736347401,57.52420340257543,0,0,,,,,,,road
,2025-03-16 11:57:31.971378239,Забайкальская,,,2025,2024,73 days 10:46:28.909130873,105766.48181884788,1556.2157047426736,0.22443181818181818,Весна,2,3,0.001331578782467,0.001331578782467,0.003994736347401,57.52420340257543,0,0,,,,,,,road
,2025-03-18 03:30:02.374629768,Забайкальская,,,2025,2024,75 days 02:18:59.312382402,108138.9885397067,2372.5067208588152,0.22585227272727273,Весна,2,3,0.001331578782467,0.001331578782467,0.003994736347401,57.52420340257543,0,0,,,,,,,road
,2025-03-18 05:52:35.646688356,Забайкальская,,,2025,2024,75 days 04:41:32.584440990,108281.5430740165,142.5545343098056,0.22727272727272727,Весна,2,3,0.001331578782467,0.001331578782467,0.003994736347401,57.52420340257543,0,0,,,,,,,road
,2025-03-18 14:02:52.273904316,Забайкальская,,,2025,2024,75 days 12:51:49.211656950,108771.82019428251,490.27712026600784,0.22869318181818182,Весна,2,3,0.001331578782467,0.001331578782467,0.003994736347401,57.52420340257543,0,0,,,,,,,road
,2025-03-18 14:49:20.854528482,Забайкальская,,,2025,2024,75 days 13:38:17.792281116,108818.2965380186,46.47634373609617,0.23011363636363635,Весна,2,3,0.001331578782467,0.001331578782467,0.003994736347401,57.52420340257543,0,0,,,,,,,road
,2025-03-19 02:57:25.440880140,Забайкальская,,,2025,2024,76 days 01:46:22.378632774,109546.3729772129,728.0764391942939,0.2315340909090909,Весна,2,3,0.001331578782467,0.001331578782467,0.003994736347401,57.52420340257543,0,0,,,,,,,road
,2025-03-19 13:51:25.515388146,Забайкальская,,,2025,2024,76 days 12:40:22.453140780,110200.374219013,654.0012418000988,0.23295454545454544,Весна,2,3,0.001331578782467,0.001331578782467,0.003994736347401,57.52420340257543,0,0,,,,,,,road
,2025-03-19 16:42:53.217075996,Забайкальская,,,2025,2024,76 days 15:31:50.154828630,110371.8359138105,171.46169479750097,0.234375,Весна,2,3,0.001331578782467,0.001331578782467,0.003994736347401,57.52420340257543,0,0,,,,,,,road
,2025-03-20 12:43:43.312504986,Забайкальская,,,2025,2024,77 days 11:32:40.250257620,111572.670837627,1200.8349238164956,0.23579545454545456,Весна,2,3,0.001331578782467,0.001331578782467,0.003994736347401,57.52420340257543,0,0,,,,,,,road
,2025-03-20 13:12:14.707466232,Забайкальская,,,2025,2024,77 days 12:01:11.645218866,111601.1940869811,28.52324935409706,0.2372159090909091,Весна,2,3,0.001331578782467,0.001331578782467,0.003994736347401,57.52420340257543,0,0,,,,,,,road
,2025-03-21 09:44:40.144376640,Забайкальская,,,2025,2024,78 days 08:33:37.082129274,112833.61803548789,1232.4239485067956,0.23863636363636365,Весна,2,3,0.001331578782467,0.001331578782467,0.003994736347401,57.52420340257543,0,0,,,,,,,road
,2025-03-21 10:04:57.047733090,Забайкальская,,,2025,2024,78 days 08:53:53.985485724,112853.8997580954,20.281722607513075,0.24005681818181818,Весна,2,3,0.001331578782467,0.001331578782467,0.003994736347401,57.52420340257543,0,0,,,,,,,road
,2025-03-21 23:28:09.128310882,Забайкальская,,,2025,2024,78 days 22:17:06.066063516,113657.1011010586,803.2013429631916,0.24147727272727273,Весна,2,3,0.001331578782467,0.001331578782467,0.003994736347401,57.52420340257543,0,0,,,,,,,road
,2025-03-22 00:29:46.018894314,Забайкальская,,,2025,2024,78 days 23:18:42.956646948,113718.7159441158,61.6148430572066,0.24289772727272727,Весна,2,3,0.001331578782467,0.001331578782467,0.003994736347401,57.52420340257543,0,0,,,,,,,road
,2025-03-22 04:07:02.458276824,Забайкальская,,,2025,2024,79 days 02:55:59.396029458,113935.98993382431,217.2739897085121,0.24431818181818182,Весна,2,3,0.001331578782467,0.001331578782467,0.003994736347401,57.52420340257543,0,0,,,,,,,road
,2025-03-22 20:08:10.357657002,Забайкальская,,,2025,2024,79 days 18:57:07.295409636,114897.12159016059,961.131656336278,0.24573863636363635,Весна,2,3,0.001331578782467,0.001331578782467,0.003994736347401,57.52420340257543,0,0,,,,,,,road
,2025-03-23 00:15:17.859466704,Забайкальская,,,2025,2024,79 days 23:04:14.797219338,115144.2466203223,247.12503016171104,0.2471590909090909,Весна,2,3,0.001331578782467,0.001331578782467,0.003994736347401,57.52420340257543,0,0,,,,,,,road
,2025-03-23 09:12:48.975855474,Забайкальская,,,2025,2024,80 days 08:01:45.913608108,115681.7652268018,537.518606479498,0.24857954545454544,Весна,2,3,0.001331578782467,0.001331578782467,0.003994736347401,57.52420340257543,0,0,,,,,,,road
,2025-03-24 16:06:16.625607108,Забайкальская,,,2025,2024,81 days 14:55:13.563359742,117535.2260559957,1853.4608291939076,0.25,Весна,2,3,0.001331578782467,0.001331578782467,0.003994736347401,57.52420340257543,0,0,,,,,,,road
,2025-03-24 16:44:30.525688188,Забайкальская,,,2025,2024,81 days 15:33:27.463440822,117573.4577240137,38.2316680179938,0.25142045454545453,Весна,2,3,0.001331578782467,0.001331578782467,0.003994736347401,57.52420340257543,0,0,,,,,,,road
,2025-03-25 13:35:58.709613420,Забайкальская,,,2025,2024,82 days 12:24:55.647366054,118824.92745610091,1251.4697320872074,0.2528409090909091,Весна,2,3,0.001331578782467,0.001331578782467,0.003994736347401,57.52420340257543,0,0,,,,,,,road
,2025-03-25 14:26:40.198429428,Забайкальская,,,2025,2024,82 days 13:15:37.136182062,118875.61893636771,50.69148026680341,0.25426136363636365,Весна,2,3,0.001331578782467,0.001331578782467,0.003994736347401,57.52420340257543,0,0,,,,,,,road
,2025-03-25 16:08:29.551557144,Забайкальская,,,2025,2024,82 days 14:57:26.489309778,118977.4414884963,101.82255212859309,0.2556818181818182,Весна,2,3,0.001331578782467,0.001331578782467,0.003994736347401,57.52420340257543,0,0,,,,,,,road
,2025-03-25 17:43:54.782093526,Забайкальская,,,2025,2024,82 days 16:32:51.719846160,119072.861997436,95.42050893970008,0.2571022727272727,Весна,2,3,0.001331578782467,0.001331578782467,0.003994736347401,57.52420340257543,0,0,,,,,,,road
,2025-03-28 09:58:52.699517250,Забайкальская,,,2025,2024,85 days 08:47:49.637269884,122927.8272878314,3854.9652903953975,0.2585227272727273,Весна,2,3,0.001331578782467,0.001331578782467,0.003994736347401,57.52420340257543,0,0,,,,,,,road
,2025-03-28 12:28:04.998210570,Забайкальская,,,2025,2024,85 days 11:17:01.935963204,123077.0322660534,149.20497822199832,0.2599431818181818,Весна,2,3,0.001331578782467,0.001331578782467,0.003994736347401,57.52420340257543,0,0,,,,,,,road
,2025-03-29 16:53:21.893793726,Забайкальская,,,2025,2024,86 days 15:42:18.831546360,124782.313859106,1705.2815930525976,0.26136363636363635,Весна,2,3,0.001331578782467,0.001331578782467,0.003994736347401,57.52420340257543,0,0,,,,,,,road
,2025-04-01 03:45:16.723520382,Забайкальская,,,2025,2024,89 days 02:34:13.661273016,128314.2276878836,3531.9138287776004,0.2627840909090909,Весна,2,4,0.001331578782467,0.001331578782467,0.003994736347401,57.52420340257543,0,0,,,,,,,road
,2025-04-01 09:48:52.585300452,Забайкальская,,,2025,2024,89 days 08:37:49.523053086,128677.8253842181,363.59769633450196,0.26420454545454547,Весна,2,4,0.001331578782467,0.001331578782467,0.003994736347401,57.52420340257543,0,0,,,,,,,road
,2025-04-01 22:17:40.765788276,Забайкальская,,,2025,2024,89 days 21:06:37.703540910,129426.6283923485,748.8030081304023,0.265625,Весна,2,4,0.001331578782467,0.001331578782467,0.003994736347401,57.52420340257543,0,0,,,,,,,road
,2025-04-02 17:11:40.551142758,Забайкальская,,,2025,2024,90 days 16:00:37.488895392,130560.6248149232,1133.9964225746953,0.26704545454545453,Весна,2,4,0.001331578782467,0.001331578782467,0.003994736347401,57.52420340257543,0,0,,,,,,,road
,2025-04-02 22:28:49.541739858,Забайкальская,,,2025,2024,90 days 21:17:46.479492492,130877.7746582082,317.1498432850058,0.2684659090909091,Весна,2,4,0.001572259803004784,0.001331578782467,0.003994736347401,57.52420340257543,0,1,,,,,,,road
,2025-04-02 23:54:38.008355208,Забайкальская,,,2025,2024,90 days 22:43:34.946107842,130963.5824351307,85.80777692249103,0.26988636363636365,Весна,2,4,0.002057102748029558,0.001331578782467,0.003994736347401,57.52420340257543,0,1,,,,,,,road
,2025-04-03 04:05:46.790654562,Забайкальская,,,2025,2024,91 days 02:54:43.728407196,131214.7288067866,251.14637165589374,0.2713068181818182,Весна,2,4,0.002264584211518837,0.001331578782467,0.003994736347401,57.52420340257543,0,1,,,,,,,road
,2025-04-03 14:01:10.905273738,Забайкальская,,,2025,2024,91 days 12:50:07.843026372,131810.1307171062,595.4019103196042,0.2727272727272727,Весна,2,4,0.002482217407630132,0.001331578782467,0.003994736347401,57.52420340257543,0,1,,,,,,,road
,2025-04-03 22:20:03.912890357,Забайкальская,,,2025,2024,91 days 21:09:00.850642991,132309.0141773832,498.883460276993,0.2741477272727273,Весна,2,4,0.0030419947366474203,0.001331578782467,0.003994736347401,57.52420340257543,0,1,,,,,,,road
,2025-04-03 23:41:16.159583466,Забайкальская,,,2025,2024,91 days 22:30:13.097336100,132390.218288935,81.20411155180773,0.2755681818181818,Весна,2,4,0.0032272348547874264,0.001331578782467,0.003994736347401,57.52420340257543,0,1,,,,,,,road
,2025-04-04 00:39:01.847226396,Забайкальская,,,2025,2024,91 days 23:27:58.784979030,132447.9797496505,57.76146071549738,0.27698863636363635,Весна,2,4,0.003329733052366128,0.001331578782467,0.003994736347401,57.52420340257543,0,1,,,,,,,road
,2025-04-04 13:15:24.816456078,Забайкальская,,,2025,2024,92 days 12:04:21.754208712,133204.3625701452,756.3828204947058,0.2784090909090909,Весна,2,4,0.0033485188039424937,0.001331578782467,0.003994736347401,57.52420340257543,0,1,,,,,,,road
,2025-04-04 13:28:50.838958266,Забайкальская,,,2025,2024,92 days 12:17:47.776710900,133217.796278515,13.43370836979011,0.27982954545454547,Весна,2,4,0.003349510844833587,0.001331578782467,0.003994736347401,57.52420340257543,0,1,,,,,,,road
,2025-04-04 20:02:57.073923402,Забайкальская,,,2025,2024,92 days 18:51:54.011676036,133611.9001946006,394.1039160856162,0.28125,Весна,2,4,0.003367231335635719,0.001331578782467,0.003994736347401,57.52420340257543,0,1,,,,,,,road
,2025-04-04 20:14:51.014541294,Забайкальская,,,2025,2024,92 days 19:03:47.952293928,133623.7992048988,11.89901029819157,0.28267045454545453,Весна,2,4,0.003994736347401,0.001331578782467,0.003994736347401,57.52420340257543,1,0,,,,,,,road
,2025-04-05 03:50:20.109717060,Забайкальская,,,2025,2024,93 days 02:39:17.047469694,134079.2841244949,455.4849195961142,0.2840909090909091,Весна,2,4,0.003994736347401,0.001331578782467,0.003994736347401,57.52420340257543,1,0,,,,,,,road
,2025-04-05 13:40:40.535987196,Забайкальская,,,2025,2024,93 days 12:29:37.473739830,134669.6245623305,590.3404378355772,0.28551136363636365,Весна,2,4,0.003994736347401,0.001331578782467,0.003994736347401,57.52420340257543,1,0,,,,,,,road
,2025-04-05 15:09:02.434206000,Забайкальская,,,2025,2024,93 days 13:57:59.371958634,134757.9895326439,88.36497031341423,0.2869318181818182,Весна,2,4,0.003994736347401,0.001331578782467,0.003994736347401,57.52420340257543,1,0,,,,,,,road
,2025-04-05 15:28:16.125573276,Забайкальская,,,2025,2024,93 days 14:17:13.063325910,134777.2177220985,19.228189454588573,0.2883522727272727,Весна,2,4,0.003994736347401,0.001331578782467,0.003994736347401,57.52420340257543,1,0,,,,,,,road
,2025-04-05 18:12:17.732533734,Забайкальская,,,2025,2024,93 days 17:01:14.670286368,134941.2445047728,164.02678267430747,0.2897727272727273,Весна,2,4,0.003994736347401,0.001331578782467,0.003994736347401,57.52420340257543,1,0,,,,,,,road
,2025-04-05 19:41:01.964096399,Забайкальская,,,2025,2024,93 days 18:29:58.901849033,135029.9816974839,88.7371927110944,0.2911931818181818,Весна,2,4,0.003994736347401,0.001331578782467,0.003994736347401,57.52420340257543,1,0,,,,,,,road
,2025-04-05 21:56:09.657732330,Забайкальская,,,2025,2024,93 days 20:45:06.595484964,135165.10992474938,135.12822726549348,0.29261363636363635,Весна,2,4,0.003994736347401,0.001331578782467,0.003994736347401,57.52420340257543,1,0,,,,,,,road
,2025-04-06 02:29:54.991930764,Забайкальская,,,2025,2024,94 days 01:18:51.929683398,135438.86549472332,273.7555699739314,0.2940340909090909,Весна,2,4,0.003994736347401,0.001331578782467,0.003994736347401,57.52420340257543,1,0,,,,,,,road
,2025-04-06 03:28:52.178813046,Забайкальская,,,2025,2024,94 days 02:17:49.116565680,135497.818609428,58.9531147046946,0.29545454545454547,Весна,2,4,0.003994736347401,0.001331578782467,0.003994736347401,57.52420340257543,1,0,,,,,,,road
,2025-04-06 05:19:23.934197268,Забайкальская,,,2025,2024,94 days 04:08:20.871949902,135608.3478658317,110.52925640367903,0.296875,Весна,2,4,0.003994736347401,0.001331578782467,0.003994736347401,57.52420340257543,1,0,,,,,,,road
,2025-04-06 11:41:21.748772214,Забайкальская,,,2025,2024,94 days 10:30:18.686524848,135990.3114420808,381.9635762491089,0.29829545454545453,Весна,2,4,0.003994736347401,0.001331578782467,0.003994736347401,57.52420340257543,1,0,,,,,,,road
,2025-04-06 15:59:44.490409128,Забайкальская,,,2025,2024,94 days 14:48:41.428161762,136248.6904693627,258.37902728188783,0.2997159090909091,Весна,2,4,0.003994736347401,0.001331578782467,0.003994736347401,57.52420340257543,1,0,,,,,,,road
,2025-04-06 17:38:36.306046440,Забайкальская,,,2025,2024,94 days 16:27:33.243799074,136347.5540633179,98.86359395520412,0.30113636363636365,Весна,2,4,0.003994736347401,0.001331578782467,0.003994736347401,57.52420340257543,1,0,,,,,,,road
,2025-04-06 22:11:51.012184968,Забайкальская,,,2025,2024,94 days 21:00:47.949937602,136620.7991656267,273.24510230880696,0.3025568181818182,Весна,2,4,0.003994736347401,0.001331578782467,0.003994736347401,57.52420340257543,1,0,,,,,,,road
,2025-04-07 04:14:42.194754822,Забайкальская,,,2025,2024,95 days 03:03:39.132507456,136983.65220845758,362.8530428308877,0.3039772727272727,Весна,2,4,0.003994736347401,0.001331578782467,0.003994736347401,57.52420340257543,1,0,,,,,,,road
,2025-04-07 07:59:25.121556930,Забайкальская,,,2025,2024,95 days 06:48:22.059309564,137208.36765515938,224.7154467017972,0.3053977272727273,Весна,2,4,0.003994736347401,0.001331578782467,0.003994736347401,57.52420340257543,1,0,,,,,,,road
,2025-04-07 09:07:57.157673376,Забайкальская,,,2025,2024,95 days 07:56:54.095426010,137276.9015904335,68.5339352741139,0.3068181818181818,Весна,2,4,0.003994736347401,0.001331578782467,0.003994736347401,57.52420340257543,1,0,,,,,,,road
,2025-04-07 09:08:00.842331078,Забайкальская,,,2025,2024,95 days 07:56:57.780083712,137276.9630013952,0.06141096170176752,0.30823863636363635,Весна,2,4,0.003994736347401,0.001331578782467,0.003994736347401,57.52420340257543,1,0,,,,,,,road
,2025-04-07 15:54:29.724317538,Забайкальская,,,2025,2024,95 days 14:43:26.662070172,137683.4443678362,406.48136644100305,0.3096590909090909,Весна,2,4,0.003994736347401,0.001331578782467,0.003994736347401,57.52420340257543,1,0,,,,,,,road
,2025-04-07 23:07:26.968779066,Забайкальская,,,2025,2024,95 days 21:56:23.906531700,138116.398442195,432.9540743588004,0.31107954545454547,Весна,2,4,0.003994736347401,0.001331578782467,0.003994736347401,57.52420340257543,1,0,,,,,,,road
,2025-04-08 04:06:50.900558376,Забайкальская,,,2025,2024,96 days 02:55:47.838311010,138415.7973051835,299.39886298851343,0.3125,Весна,2,4,0.003994736347401,0.001331578782467,0.003994736347401,57.52420340257543,1,0,,,,,,,road
,2025-04-08 04:26:47.557034346,Забайкальская,,,2025,2024,96 days 03:15:44.494786980,138435.741579783,19.94427459948929,0.31392045454545453,Весна,2,4,0.003994736347401,0.001331578782467,0.003994736347401,57.52420340257543,1,0,,,,,,,road
,2025-04-08 08:07:05.138245320,Забайкальская,,,2025,2024,96 days 06:56:02.075997954,138656.0345999659,220.29302018290036,0.3153409090909091,Весна,2,4,0.003994736347401,0.001331578782467,0.003994736347401,57.52420340257543,1,0,,,,,,,road
,2025-04-08 15:17:46.417551180,Забайкальская,,,2025,2024,96 days 14:06:43.355303814,139086.7225883969,430.6879884309892,0.31676136363636365,Весна,2,4,0.003994736347401,0.001331578782467,0.003994736347401,57.52420340257543,1,0,,,,,,,road
,2025-04-08 17:21:22.467409590,Забайкальская,,,2025,2024,96 days 16:10:19.405162224,139210.3234193704,123.60083097350434,0.3181818181818182,Весна,2,4,0.003994736347401,0.001331578782467,0.003994736347401,57.52420340257543,1,0,,,,,,,road
,2025-04-08 18:16:36.542243280,Забайкальская,,,2025,2024,96 days 17:05:33.479995914,139265.5579999319,55.234580561489565,0.3196022727272727,Весна,2,4,0.003994736347401,0.001331578782467,0.003994736347401,57.52420340257543,1,0,,,,,,,road
,2025-04-08 21:58:21.466170744,Забайкальская,,,2025,2024,96 days 20:47:18.403923378,139487.3067320563,221.74873212442617,0.3210227272727273,Весна,2,4,0.003994736347401,0.001331578782467,0.003994736347401,57.52420340257543,1,0,,,,,,,road
,2025-04-09 05:16:33.019974839,Забайкальская,,,2025,2024,97 days 04:05:29.957727473,139925.49929545788,438.19256340156426,0.3224431818181818,Весна,2,4,0.003994736347401,0.001331578782467,0.003994736347401,57.52420340257543,1,0,,,,,,,road
,2025-04-09 05:29:05.577537516,Забайкальская,,,2025,2024,97 days 04:18:02.515290150,139938.0419215025,12.54262604462565,0.32386363636363635,Весна,2,4,0.003994736347401,0.001331578782467,0.003994736347401,57.52420340257543,1,0,,,,,,,road
,2025-04-09 09:16:34.002806784,Забайкальская,,,2025,2024,97 days 08:05:30.940559418,140165.51567599032,227.4737544878153,0.3252840909090909,Весна,2,4,0.003994736347401,0.001331578782467,0.003994736347401,57.52420340257543,1,0,,,,,,,road
,2025-04-09 13:34:31.967024694,Забайкальская,,,2025,2024,97 days 12:23:28.904777328,140423.4817462888,257.9660702984838,0.32670454545454547,Весна,2,4,0.003994736347401,0.001331578782467,0.003994736347401,57.52420340257543,1,0,,,,,,,road
,2025-04-09 17:25:23.583177714,Забайкальская,,,2025,2024,97 days 16:14:20.520930348,140654.3420155058,230.86026921699522,0.328125,Весна,2,4,0.003994736347401,0.001331578782467,0.003994736347401,57.52420340257543,1,0,,,,,,,road
,2025-04-09 21:48:13.110052608,Забайкальская,,,2025,2024,97 days 20:37:10.047805242,140917.16746342072,262.8254479149182,0.32954545454545453,Весна,2,4,0.003994736347401,0.001331578782467,0.003994736347401,57.52420340257543,1,0,,,,,,,road
,2025-04-10 01:58:02.478454254,Забайкальская,,,2025,2024,98 days 00:46:59.416206888,141166.99027011482,249.8228066941083,0.3309659090909091,Весна,2,4,0.003994736347401,0.001331578782467,0.003994736347401,57.52420340257543,1,0,,,,,,,road
,2025-04-10 02:33:01.136266674,Забайкальская,,,2025,2024,98 days 01:21:58.074019308,141201.9679003218,34.97763020696584,0.33238636363636365,Весна,2,4,0.003994736347401,0.001331578782467,0.003994736347401,57.52420340257543,1,0,,,,,,,road
,2025-04-10 03:40:03.381252630,Забайкальская,,,2025,2024,98 days 02:29:00.319005264,141269.0053167544,67.03741643260582,0.3338068181818182,Весна,2,4,0.003994736347401,0.001331578782467,0.003994736347401,57.52420340257543,1,0,,,,,,,road
,2025-04-10 07:41:36.555558726,Забайкальская,,,2025,2024,98 days 06:30:33.493311360,141510.55822185602,241.55290510162013,0.3352272727272727,Весна,2,4,0.003994736347401,0.001331578782467,0.003994736347401,57.52420340257543,1,0,,,,,,,road
,2025-04-10 07:46:04.681732986,Забайкальская,,,2025,2024,98 days 06:35:01.619485620,141515.026991427,4.468769570987206,0.3366477272727273,Весна,2,4,0.003994736347401,0.001331578782467,0.003994736347401,57.52420340257543,1,0,,,,,,,road
,2025-04-10 11:58:11.961242202,Забайкальская,,,2025,2024,98 days 10:47:08.898994836,141767.1483165806,252.12132515359554,0.3380681818181818,Весна,2,4,0.003994736347401,0.001331578782467,0.003994736347401,57.52420340257543,1,0,,,,,,,road
,2025-04-10 16:32:15.291954738,Забайкальская,,,2025,2024,98 days 15:21:12.229707372,142041.2038284562,274.05551187560195,0.33948863636363635,Весна,2,4,0.003994736347401,0.001331578782467,0.003994736347401,57.52420340257543,1,0,,,,,,,road
,2025-04-10 17:40:40.968556290,Забайкальская,,,2025,2024,98 days 16:29:37.906308924,142109.63177181542,68.42794335921644,0.3409090909090909,Весна,2,4,0.003994736347401,0.001331578782467,0.003994736347401,57.52420340257543,1,0,,,,,,,road
,2025-04-10 21:28:53.491736136,Забайкальская,,,2025,2024,98 days 20:17:50.429488770,142337.84049147952,228.20871966410778,0.34232954545454547,Весна,2,4,0.003994736347401,0.001331578782467,0.003994736347401,57.52420340257543,1,0,,,,,,,road
,2025-04-11 00:40:05.031189096,Забайкальская,,,2025,2024,98 days 23:29:01.968941730,142529.03281569548,191.1923242159537,0.34375,Весна,2,4,0.003994736347401,0.001331578782467,0.003994736347401,57.52420340257543,1,0,,,,,,,road
,2025-04-11 01:55:41.601735768,Забайкальская,,,2025,2024,99 days 00:44:38.539488402,142604.6423248067,75.60950911120744,0.34517045454545453,Весна,2,4,0.003994736347401,0.001331578782467,0.003994736347401,57.52420340257543,1,0,,,,,,,road
,2025-04-11 04:31:19.521486540,Забайкальская,,,2025,2024,99 days 03:20:16.459239174,142760.27432065288,155.63199584619724,0.3465909090909091,Весна,2,4,0.003994736347401,0.001331578782467,0.003994736347401,57.52420340257543,1,0,,,,,,,road
,2025-04-11 14:33:03.767410398,Забайкальская,,,2025,2024,99 days 13:22:00.705163032,143362.0117527172,601.7374320643139,0.34801136363636365,Весна,2,4,0.003994736347401,0.001331578782467,0.003994736347401,57.52420340257543,1,0,,,,,,,road
,2025-04-11 21:30:44.691267552,Забайкальская,,,2025,2024,99 days 20:19:41.629020186,143779.6938170031,417.6820642859093,0.3494318181818182,Весна,2,4,0.001331578782467,0.001331578782467,0.003994736347401,57.52420340257543,0,0,,,,,,,road
,2025-04-12 09:57:06.024442134,Забайкальская,,,2025,2024,100 days 08:46:02.962194768,144526.0493699128,746.355552909692,0.3508522727272727,Весна,2,4,0.001331578782467,0.001331578782467,0.003994736347401,57.52420340257543,0,0,,,,,,,road
,2025-04-12 10:24:07.743982974,Забайкальская,,,2025,2024,100 days 09:13:04.681735608,144553.0780289268,27.028659014002187,0.3522727272727273,Весна,2,4,0.001331578782467,0.001331578782467,0.003994736347401,57.52420340257543,0,0,,,,,,,road
,2025-04-12 11:24:57.244102308,Забайкальская,,,2025,2024,100 days 10:13:54.181854942,144613.9030309157,60.82500198890921,0.3536931818181818,Весна,2,4,0.001331578782467,0.001331578782467,0.003994736347401,57.52420340257543,0,0,,,,,,,road
,2025-04-12 12:28:38.472283794,Забайкальская,,,2025,2024,100 days 11:17:35.410036428,144677.5901672738,63.68713635808672,0.35511363636363635,Весна,2,4,0.001331578782467,0.001331578782467,0.003994736347401,57.52420340257543,0,0,,,,,,,road
,2025-04-13 07:19:45.114181356,Забайкальская,,,2025,2024,101 days 06:08:42.051933990,145808.70086556653,1131.1106982927304,0.3565340909090909,Весна,2,4,0.001331578782467,0.001331578782467,0.003994736347401,57.52420340257543,0,0,,,,,,,road
,2025-04-13 12:43:33.700277741,Забайкальская,,,2025,2024,101 days 11:32:30.638030375,146132.51063383959,323.8097682730586,0.35795454545454547,Весна,2,4,0.001331578782467,0.001331578782467,0.003994736347401,57.52420340257543,0,0,,,,,,,road
,2025-04-13 15:57:31.067790912,Забайкальская,,,2025,2024,101 days 14:46:28.005543546,146326.4667590591,193.95612521952717,0.359375,Весна,2,4,0.001331578782467,0.001331578782467,0.003994736347401,57.52420340257543,0,0,,,,,,,road
,2025-04-14 09:10:36.862903500,Забайкальская,,,2025,2024,102 days 07:59:33.800656134,147359.5633442689,1033.0965852098016,0.36079545454545453,Весна,2,4,0.001331578782467,0.001331578782467,0.003994736347401,57.52420340257543,0,0,,,,,,,road
,2025-04-14 11:30:30.574086036,Забайкальская,,,2025,2024,102 days 10:19:27.511838670,147499.4585306445,139.89518637559377,0.3622159090909091,Весна,2,4,0.001331578782467,0.001331578782467,0.003994736347401,57.52420340257543,0,0,,,,,,,road
,2025-04-14 15:03:03.090621126,Забайкальская,,,2025,2024,102 days 13:52:00.028373760,147712.00047289598,212.54194225146784,0.36363636363636365,Весна,2,4,0.001331578782467,0.001331578782467,0.003994736347401,57.52420340257543,0,0,,,,,,,road
,2025-04-14 22:06:25.464398430,Забайкальская,,,2025,2024,102 days 20:55:22.402151064,148135.37336918438,423.3728962884052,0.3650568181818182,Весна,2,4,0.001331578782467,0.001331578782467,0.003994736347401,57.52420340257543,0,0,,,,,,,road
,2025-04-15 03:08:47.518792170,Забайкальская,,,2025,2024,103 days 01:57:44.456544804,148437.7409424134,302.36757322901394,0.3664772727272727,Весна,2,4,0.001331578782467,0.001331578782467,0.003994736347401,57.52420340257543,0,0,,,,,,,road
,2025-04-15 14:09:58.725815988,Забайкальская,,,2025,2024,103 days 12:58:55.663568622,149098.92772614368,661.1867837302852,0.3678977272727273,Весна,2,4,0.001331578782467,0.001331578782467,0.003994736347401,57.52420340257543,0,0,,,,,,,road
,2025-04-15 19:19:34.374546624,Забайкальская,,,2025,2024,103 days 18:08:31.312299258,149408.5218716543,309.59414551060763,0.3693181818181818,Весна,2,4,0.001331578782467,0.001331578782467,0.003994736347401,57.52420340257543,0,0,,,,,,,road
,2025-04-16 01:34:25.577635890,Забайкальская,,,2025,2024,104 days 00:23:22.515388524,149783.3752564754,374.85338482112275,0.37073863636363635,Весна,2,4,0.001331578782467,0.001331578782467,0.003994736347401,57.52420340257543,0,0,,,,,,,road
,2025-04-17 02:26:36.007737702,Забайкальская,,,2025,2024,105 days 01:15:32.945490336,151275.5490915056,1492.173835030204,0.3721590909090909,Весна,2,4,0.001331578782467,0.001331578782467,0.003994736347401,57.52420340257543,0,0,,,,,,,road
,2025-04-18 05:27:48.073907754,Забайкальская,,,2025,2024,106 days 04:16:45.011660388,152896.7501943398,1621.201102834195,0.37357954545454547,Весна,2,4,0.001331578782467,0.001331578782467,0.003994736347401,57.52420340257543,0,0,,,,,,,road
,2025-04-19 03:28:28.586461614,Забайкальская,,,2025,2024,107 days 02:17:25.524214248,154217.42540357079,1320.6752092309762,0.375,Весна,2,4,0.001331578782467,0.001331578782467,0.003994736347401,57.52420340257543,0,0,,,,,,,road
,2025-04-20 04:31:22.549583940,Забайкальская,,,2025,2024,108 days 03:20:19.487336574,155720.3247889429,1502.8993853721186,0.37642045454545453,Весна,2,4,0.001331578782467,0.001331578782467,0.003994736347401,57.52420340257543,0,0,,,,,,,road
,2025-04-20 15:04:42.821690688,Забайкальская,,,2025,2024,108 days 13:53:39.759443322,156353.6626573887,633.3378684457857,0.3778409090909091,Весна,2,4,0.001331578782467,0.001331578782467,0.003994736347401,57.52420340257543,0,0,,,,,,,road
,2025-04-21 04:05:04.717414764,Забайкальская,,,2025,2024,109 days 02:54:01.655167398,157134.0275861233,780.3649287346052,0.37926136363636365,Весна,2,4,0.001331578782467,0.001331578782467,0.003994736347401,57.52420340257543,0,0,,,,,,,road
,2025-04-21 14:16:48.958631574,Забайкальская,,,2025,2024,109 days 13:05:45.896384208,157745.76493973678,611.7373536134837,0.3806818181818182,Весна,2,4,0.001331578782467,0.001331578782467,0.003994736347401,57.52420340257543,0,0,,,,,,,road
,2025-04-22 09:33:13.795345434,Забайкальская,,,2025,2024,110 days 08:22:10.733098068,158902.17888496778,1156.4139452310046,0.3821022727272727,Весна,2,4,0.001331578782467,0.001331578782467,0.003994736347401,57.52420340257543,0,0,,,,,,,road
,2025-04-22 19:34:34.280420346,Забайкальская,,,2025,2024,110 days 18:23:31.218172980,159503.520302883,601.3414179152169,0.3835227272727273,Весна,2,4,0.001331578782467,0.001331578782467,0.003994736347401,57.52420340257543,0,0,,,,,,,road
,2025-04-22 21:02:59.769951912,Забайкальская,,,2025,2024,110 days 19:51:56.707704546,159591.9451284091,88.42482552610454,0.3849431818181818,Весна,2,4,0.001331578782467,0.001331578782467,0.003994736347401,57.52420340257543,0,0,,,,,,,road
,2025-04-23 17:48:31.679526372,Забайкальская,,,2025,2024,111 days 16:37:28.617279006,160837.4769546501,1245.531826241,0.38636363636363635,Весна,2,4,0.001331578782467,0.001331578782467,0.003994736347401,57.52420340257543,0,0,,,,,,,road
,2025-04-24 11:42:06.533362896,Забайкальская,,,2025,2024,112 days 10:31:03.471115530,161911.0578519255,1073.5808972753875,0.3877840909090909,Весна,2,4,0.001331578782467,0.001331578782467,0.003994736347401,57.52420340257543,0,0,,,,,,,road
,2025-04-25 09:11:09.450828048,Забайкальская,,,2025,2024,113 days 08:00:06.388580682,163200.1064763447,1289.0486244191998,0.38920454545454547,Весна,2,4,0.001331578782467,0.001331578782467,0.003994736347401,57.52420340257543,0,0,,,,,,,road
,2025-04-25 11:49:48.288605562,Забайкальская,,,2025,2024,113 days 10:38:45.226358196,163358.75377263658,158.64729629189242,0.390625,Весна,2,4,0.001331578782467,0.001331578782467,0.003994736347401,57.52420340257543,0,0,,,,,,,road
,2025-04-25 15:47:48.856008924,Забайкальская,,,2025,2024,113 days 14:36:45.793761558,163596.76322935932,238.0094567227352,0.39204545454545453,Весна,2,4,0.001331578782467,0.001331578782467,0.003994736347401,57.52420340257543,0,0,,,,,,,road
,2025-04-25 20:11:07.738667994,Забайкальская,,,2025,2024,113 days 19:00:04.676420628,163860.0779403438,263.3147109844722,0.3934659090909091,Весна,2,4,0.001331578782467,0.001331578782467,0.003994736347401,57.52420340257543,0,0,,,,,,,road
,2025-04-26 05:03:54.616332210,Забайкальская,,,2025,2024,114 days 03:52:51.554084844,164392.85923474742,532.7812944036268,0.39488636363636365,Весна,2,4,0.001331578782467,0.001331578782467,0.003994736347401,57.52420340257543,0,0,,,,,,,road
,2025-04-26 06:51:50.918624100,Забайкальская,,,2025,2024,114 days 05:40:47.856376734,164500.79760627888,107.9383715314616,0.3963068181818182,Весна,2,4,0.001331578782467,0.001331578782467,0.003994736347401,57.52420340257543,0,0,,,,,,,road
,2025-04-26 12:57:23.707612062,Забайкальская,,,2025,2024,114 days 11:46:20.645364696,164866.3440894116,365.5464831327263,0.3977272727272727,Весна,2,4,0.001331578782467,0.001331578782467,0.003994736347401,57.52420340257543,0,0,,,,,,,road
,2025-04-26 15:28:24.514888692,Забайкальская,,,2025,2024,114 days 14:17:21.452641326,165017.3575440221,151.01345461048186,0.3991477272727273,Весна,2,4,0.001331578782467,0.001331578782467,0.003994736347401,57.52420340257543,0,0,,,,,,,road
,2025-04-26 19:19:23.041166334,Забайкальская,,,2025,2024,114 days 18:08:19.978918968,165248.3329819828,230.97543796070386,0.4005681818181818,Весна,2,4,0.001331578782467,0.001331578782467,0.003994736347401,57.52420340257543,0,0,,,,,,,road
,2025-04-27 10:39:42.974795718,Забайкальская,,,2025,2024,115 days 09:28:39.912548352,166168.6652091392,920.3322271564102,0.40198863636363635,Весна,2,4,0.001331578782467,0.001331578782467,0.003994736347401,57.52420340257543,0,0,,,,,,,road
,2025-04-28 10:48:54.796457034,Забайкальская,,,2025,2024,116 days 09:37:51.734209668,167617.8622368278,1449.197027688584,0.4034090909090909,Весна,2,4,0.001331578782467,0.001331578782467,0.003994736347401,57.52420340257543,0,0,,,,,,,road
,2025-04-28 11:06:18.923133390,Забайкальская,,,2025,2024,116 days 09:55:15.860886024,167635.2643481004,17.40211127261864,0.40482954545454547,Весна,2,4,0.001331578782467,0.001331578782467,0.003994736347401,57.52420340257543,0,0,,,,,,,road
,2025-04-28 21:32:59.703759636,Забайкальская,,,2025,2024,116 days 20:21:56.641512270,168261.9440252045,626.6796771040827,0.40625,Весна,2,4,0.001331578782467,0.001331578782467,0.003994736347401,57.52420340257543,0,0,,,,,,,road
,2025-04-28 22:00:34.550500242,Забайкальская,,,2025,2024,116 days 20:49:31.488252876,168289.5248042146,27.580779010109836,0.40767045454545453,Весна,2,4,0.001331578782467,0.001331578782467,0.003994736347401,57.52420340257543,0,0,,,,,,,road
,2025-04-28 23:07:29.498060550,Забайкальская,,,2025,2024,116 days 21:56:26.435813184,168356.44059688642,66.91579267181805,0.4090909090909091,Весна,2,4,0.001331578782467,0.001331578782467,0.003994736347401,57.52420340257543,0,0,,,,,,,road
,2025-04-29 14:24:29.817206514,Забайкальская,,,2025,2024,117 days 13:13:26.754959148,169273.4459159858,917.0053190993785,0.41051136363636365,Весна,2,4,0.001331578782467,0.001331578782467,0.003994736347401,57.52420340257543,0,0,,,,,,,road
,2025-04-30 07:03:33.224941032,Забайкальская,,,2025,2024,118 days 05:52:30.162693666,170272.5027115611,999.0567955753068,0.4119318181818182,Весна,2,4,0.001331578782467,0.001331578782467,0.003994736347401,57.52420340257543,0,0,,,,,,,road
,2025-05-01 04:06:38.663631084,Забайкальская,,,2025,2024,119 days 02:55:35.601383718,171535.5933563953,1263.0906448341848,0.4133522727272727,Весна,2,5,0.001331578782467,0.001331578782467,0.003994736347401,57.52420340257543,0,0,,,,,,,road
,2025-05-01 12:09:27.883988274,Забайкальская,,,2025,2024,119 days 10:58:24.821740908,172018.4136956818,482.82033928652527,0.4147727272727273,Весна,2,5,0.001331578782467,0.001331578782467,0.003994736347401,57.52420340257543,0,0,,,,,,,road
,2025-05-02 12:44:57.621698586,Забайкальская,,,2025,2024,120 days 11:33:54.559451220,173493.909324187,1475.4956285051885,0.4161931818181818,Весна,2,5,0.001331578782467,0.001331578782467,0.003994736347401,57.52420340257543,0,0,,,,,,,road
,2025-05-02 15:02:02.183266152,Забайкальская,,,2025,2024,120 days 13:50:59.121018786,173630.9853503131,137.07602612610208,0.41761363636363635,Весна,2,5,0.001331578782467,0.001331578782467,0.003994736347401,57.52420340257543,0,0,,,,,,,road
,2025-05-02 18:37:47.899999506,Забайкальская,,,2025,2024,120 days 17:26:44.837752140,173846.747295869,215.76194555588881,0.4190340909090909,Весна,2,5,0.001331578782467,0.001331578782467,0.003994736347401,57.52420340257543,0,0,,,,,,,road
,2025-05-02 20:26:16.732414686,Забайкальская,,,2025,2024,120 days 19:15:13.670167320,173955.22783612198,108.48054025298916,0.42045454545454547,Весна,2,5,0.001331578782467,0.001331578782467,0.003994736347401,57.52420340257543,0,0,,,,,,,road
,2025-05-03 16:25:45.410495328,Забайкальская,,,2025,2024,121 days 15:14:42.348247962,175154.7058041327,1199.4779680107313,0.421875,Весна,2,5,0.001331578782467,0.001331578782467,0.003994736347401,57.52420340257543,0,0,,,,,,,road
,2025-05-03 19:40:44.858729022,Забайкальская,,,2025,2024,121 days 18:29:41.796481656,175349.6966080276,194.9908038948779,0.42329545454545453,Весна,2,5,0.001331578782467,0.001331578782467,0.003994736347401,57.52420340257543,0,0,,,,,,,road
,2025-05-03 21:47:40.954357698,Забайкальская,,,2025,2024,121 days 20:36:37.892110332,175476.6315351722,126.93492714461172,0.4247159090909091,Весна,2,5,0.001331578782467,0.001331578782467,0.003994736347401,57.52420340257543,0,0,,,,,,,road
,2025-05-04 10:00:29.981884470,Забайкальская,,,2025,2024,122 days 08:49:26.919637104,176209.44866061842,732.8171254462213,0.42613636363636365,Весна,2,5,0.001331578782467,0.001331578782467,0.003994736347401,57.52420340257543,0,0,,,,,,,road
,2025-05-04 11:00:44.409454860,Забайкальская,,,2025,2024,122 days 09:49:41.347207494,176269.6891201249,60.24045950648724,0.4275568181818182,Весна,2,5,0.001331578782467,0.001331578782467,0.003994736347401,57.52420340257543,0,0,,,,,,,road
,2025-05-04 11:35:14.411897022,Забайкальская,,,2025,2024,122 days 10:24:11.349649656,176304.1891608276,34.500040702696424,0.4289772727272727,Весна,2,5,0.001331578782467,0.001331578782467,0.003994736347401,57.52420340257543,0,0,,,,,,,road
,2025-05-04 12:59:59.468817498,Забайкальская,,,2025,2024,122 days 11:48:56.406570132,176388.9401095022,84.75094867459848,0.4303977272727273,Весна,2,5,0.001331578782467,0.001331578782467,0.003994736347401,57.52420340257543,0,0,,,,,,,road
,2025-06-01 08:13:52.964390388,Забайкальская,,,2025,2024,150 days 07:02:49.902143022,216422.8317023837,40033.8915928815,0.4318181818181818,Лето,3,6,0.0015863303646293,0.0015863303646293,0.0047589910938879,68.52947175198858,0,0,,,,,,,road
,2025-06-02 06:42:37.096487964,Забайкальская,,,2025,2024,151 days 05:31:34.034240598,217771.5672373433,1348.7355349595891,0.43323863636363635,Лето,3,6,0.0015863303646293,0.0015863303646293,0.0047589910938879,68.52947175198858,0,0,,,,,,,road
,2025-06-03 20:24:06.378885264,Забайкальская,,,2025,2024,152 days 19:13:03.316637898,220033.0552772983,2261.488039955002,0.4346590909090909,Лето,3,6,0.0015863303646293,0.0015863303646293,0.0047589910938879,68.52947175198858,0,0,,,,,,,road
,2025-06-03 22:04:48.272587224,Забайкальская,,,2025,2024,152 days 20:53:45.210339858,220133.7535056643,100.6982283660036,0.43607954545454547,Лето,3,6,0.0015863303646293,0.0015863303646293,0.0047589910938879,68.52947175198858,0,0,,,,,,,road
,2025-06-04 03:21:24.649306638,Забайкальская,,,2025,2024,153 days 02:10:21.587059272,220450.35978432122,316.6062786569237,0.4375,Лето,3,6,0.0015863303646293,0.0015863303646293,0.0047589910938879,68.52947175198858,0,0,,,,,,,road
,2025-06-04 14:50:46.832067456,Забайкальская,,,2025,2024,153 days 13:39:43.769820090,221139.7294970015,689.3697126802872,0.43892045454545453,Лето,3,6,0.0015863303646293,0.0015863303646293,0.0047589910938879,68.52947175198858,0,0,,,,,,,road
,2025-06-04 18:40:35.142527334,Забайкальская,,,2025,2024,153 days 17:29:32.080279968,221369.5346713328,229.80517433129717,0.4403409090909091,Лето,3,6,0.0015863303646293,0.0015863303646293,0.0047589910938879,68.52947175198858,0,0,,,,,,,road
,2025-06-04 21:56:25.041612972,Забайкальская,,,2025,2024,153 days 20:45:21.979365606,221565.3663227601,195.8316514272883,0.44176136363636365,Лето,3,6,0.0015863303646293,0.0015863303646293,0.0047589910938879,68.52947175198858,0,0,,,,,,,road
,2025-06-05 15:35:50.766948840,Забайкальская,,,2025,2024,154 days 14:24:47.704701474,222624.79507835789,1059.4287555977935,0.4431818181818182,Лето,3,6,0.0015863303646293,0.0015863303646293,0.0047589910938879,68.52947175198858,0,0,,,,,,,road
,2025-06-07 08:53:58.375252242,Забайкальская,,,2025,2024,156 days 07:42:55.313004876,225102.9218834146,2478.1268050567014,0.4446022727272727,Лето,3,6,0.0015863303646293,0.0015863303646293,0.0047589910938879,68.52947175198858,0,0,,,,,,,road
,2025-06-08 00:30:56.820371256,Забайкальская,,,2025,2024,156 days 23:19:53.758123890,226039.8959687315,936.974085316906,0.4460227272727273,Лето,3,6,0.0015863303646293,0.0015863303646293,0.0047589910938879,68.52947175198858,0,0,,,,,,,road
,2025-06-08 08:18:28.667884002,Забайкальская,,,2025,2024,157 days 07:07:25.605636636,226507.4267606106,467.5307918791077,0.4474431818181818,Лето,3,6,0.0015863303646293,0.0015863303646293,0.0047589910938879,68.52947175198858,0,0,,,,,,,road
,2025-06-08 14:26:49.219037772,Забайкальская,,,2025,2024,157 days 13:15:46.156790406,226875.76927984008,368.3425192294817,0.44886363636363635,Лето,3,6,0.0015863303646293,0.0015863303646293,0.0047589910938879,68.52947175198858,0,0,,,,,,,road
,2025-06-08 22:35:51.023555544,Забайкальская,,,2025,2024,157 days 21:24:47.961308178,227364.7993551363,489.03007529620663,0.4502840909090909,Лето,3,6,0.0015863303646293,0.0015863303646293,0.0047589910938879,68.52947175198858,0,0,,,,,,,road
,2025-06-09 05:07:36.545609694,Забайкальская,,,2025,2024,158 days 03:56:33.483362328,227756.5580560388,391.75870090251556,0.45170454545454547,Лето,3,6,0.0015863303646293,0.0015863303646293,0.0047589910938879,68.52947175198858,0,0,,,,,,,road
,2025-06-09 12:28:12.654606018,Забайкальская,,,2025,2024,158 days 11:17:09.592358652,228197.1598726442,440.6018166053982,0.453125,Лето,3,6,0.0015863303646293,0.0015863303646293,0.0047589910938879,68.52947175198858,0,0,,,,,,,road
,2025-06-09 14:51:36.254904648,Забайкальская,,,2025,2024,158 days 13:40:33.192657282,228340.5532109547,143.39333831050317,0.45454545454545453,Лето,3,6,0.0015863303646293,0.0015863303646293,0.0047589910938879,68.52947175198858,0,0,,,,,,,road
,2025-06-10 15:27:09.742681128,Забайкальская,,,2025,2024,159 days 14:16:06.680433762,229816.1113405627,1475.5581296079908,0.4559659090909091,Лето,3,6,0.0015863303646293,0.0015863303646293,0.0047589910938879,68.52947175198858,0,0,,,,,,,road
,2025-06-11 06:12:36.163720278,Забайкальская,,,2025,2024,160 days 05:01:33.101472912,230701.5516912152,885.4403506524977,0.45738636363636365,Лето,3,6,0.0015863303646293,0.0015863303646293,0.0047589910938879,68.52947175198858,0,0,,,,,,,road
,2025-06-11 18:12:48.854932140,Забайкальская,,,2025,2024,160 days 17:01:45.792684774,231421.7632114129,720.211520197714,0.4588068181818182,Лето,3,6,0.0015863303646293,0.0015863303646293,0.0047589910938879,68.52947175198858,0,0,,,,,,,road
,2025-06-13 01:40:20.150546934,Забайкальская,,,2025,2024,162 days 00:29:17.088299568,233309.2848049928,1887.521593579906,0.4602272727272727,Лето,3,6,0.0015863303646293,0.0015863303646293,0.0047589910938879,68.52947175198858,0,0,,,,,,,road
,2025-06-13 05:11:16.757799462,Забайкальская,,,2025,2024,162 days 04:00:13.695552096,233520.2282592016,210.9434542087838,0.4616477272727273,Лето,3,6,0.0015863303646293,0.0015863303646293,0.0047589910938879,68.52947175198858,0,0,,,,,,,road
,2025-06-13 06:04:38.208196494,Забайкальская,,,2025,2024,162 days 04:53:35.145949128,233573.58576581877,53.357506617176114,0.4630681818181818,Лето,3,6,0.0015863303646293,0.0015863303646293,0.0047589910938879,68.52947175198858,0,0,,,,,,,road
,2025-06-14 00:27:29.690571018,Забайкальская,,,2025,2024,162 days 23:16:26.628323652,234676.4438053942,1102.8580395754252,0.46448863636363635,Лето,3,6,0.0015863303646293,0.0015863303646293,0.0047589910938879,68.52947175198858,0,0,,,,,,,road
,2025-06-16 20:12:28.843443408,Забайкальская,,,2025,2024,165 days 19:01:25.781196042,238741.42968660072,4064.9858812065213,0.4659090909090909,Лето,3,6,0.0015863303646293,0.0015863303646293,0.0047589910938879,68.52947175198858,0,0,,,,,,,road
,2025-06-17 05:16:59.537174688,Забайкальская,,,2025,2024,166 days 04:05:56.474927322,239285.94124878867,544.5115621879522,0.46732954545454547,Лето,3,6,0.0015863303646293,0.0015863303646293,0.0047589910938879,68.52947175198858,0,0,,,,,,,road
,2025-06-17 05:55:11.982604896,Забайкальская,,,2025,2024,166 days 04:44:08.920357530,239324.14867262548,38.20742383680772,0.46875,Лето,3,6,0.0015863303646293,0.0015863303646293,0.0047589910938879,68.52947175198858,0,0,,,,,,,road
,2025-06-17 21:51:01.604900562,Забайкальская,,,2025,2024,166 days 20:39:58.542653196,240279.9757108866,955.8270382611081,0.47017045454545453,Лето,3,6,0.0015863303646293,0.0015863303646293,0.0047589910938879,68.52947175198858,0,0,,,,,,,road
,2025-06-17 22:39:19.238729940,Забайкальская,,,2025,2024,166 days 21:28:16.176482574,240328.26960804287,48.29389715628349,0.4715909090909091,Лето,3,6,0.0015863303646293,0.0015863303646293,0.0047589910938879,68.52947175198858,0,0,,,,,,,road
,2025-06-18 06:48:51.148094634,Забайкальская,,,2025,2024,167 days 05:37:48.085847268,240817.8014307878,489.53182274493156,0.47301136363636365,Лето,3,6,0.0015863303646293,0.0015863303646293,0.0047589910938879,68.52947175198858,0,0,,,,,,,road
,2025-06-18 10:13:46.801544574,Забайкальская,,,2025,2024,167 days 09:02:43.739297208,241022.72898828678,204.92755749897333,0.4744318181818182,Лето,3,6,0.0015863303646293,0.0015863303646293,0.0047589910938879,68.52947175198858,0,0,,,,,,,road
,2025-06-19 12:07:56.701801176,Забайкальская,,,2025,2024,168 days 10:56:53.639553810,242576.8939925635,1554.1650042767287,0.4758522727272727,Лето,3,6,0.0015863303646293,0.0015863303646293,0.0047589910938879,68.52947175198858,0,0,,,,,,,road
,2025-06-19 18:26:20.433725790,Забайкальская,,,2025,2024,168 days 17:15:17.371478424,242955.2895246404,378.3955320768873,0.4772727272727273,Лето,3,6,0.0015863303646293,0.0015863303646293,0.0047589910938879,68.52947175198858,0,0,,,,,,,road
,2025-06-20 18:28:14.649097884,Забайкальская,,,2025,2024,169 days 17:17:11.586850518,244397.19311417532,1441.9035895349225,0.4786931818181818,Лето,3,6,0.0015863303646293,0.0015863303646293,0.0047589910938879,68.52947175198858,0,0,,,,,,,road
,2025-06-20 22:12:15.597240672,Забайкальская,,,2025,2024,169 days 21:01:12.534993306,244621.2089165551,224.01580237978487,0.48011363636363635,Лето,3,6,0.0015863303646293,0.0015863303646293,0.0047589910938879,68.52947175198858,0,0,,,,,,,road
,2025-06-21 03:21:08.256756258,Забайкальская,,,2025,2024,170 days 02:10:05.194508892,244930.0865751482,308.87765859309,0.4815340909090909,Лето,3,6,0.0015863303646293,0.0015863303646293,0.0047589910938879,68.52947175198858,0,0,,,,,,,road
,2025-06-22 10:14:17.507050692,Забайкальская,,,2025,2024,171 days 09:03:14.444803326,246783.2407467221,1853.1541715739004,0.48295454545454547,Лето,3,6,0.0015863303646293,0.0015863303646293,0.0047589910938879,68.52947175198858,0,0,,,,,,,road
,2025-06-22 12:35:59.694412176,Забайкальская,,,2025,2024,171 days 11:24:56.632164810,246924.9438694135,141.70312269139686,0.484375,Лето,3,6,0.0015863303646293,0.0015863303646293,0.0047589910938879,68.52947175198858,0,0,,,,,,,road
,2025-06-22 21:40:36.553649412,Забайкальская,,,2025,2024,171 days 20:29:33.491402046,247469.55819003412,544.6143206206325,0.48579545454545453,Лето,3,6,0.0015863303646293,0.0015863303646293,0.0047589910938879,68.52947175198858,0,0,,,,,,,road
,2025-06-23 02:50:40.139339868,Забайкальская,,,2025,2024,172 days 01:39:37.077092502,247779.6179515417,310.05976150758215,0.4872159090909091,Лето,3,6,0.0015863303646293,0.0015863303646293,0.0047589910938879,68.52947175198858,0,0,,,,,,,road
,2025-06-23 18:28:39.424481280,Забайкальская,,,2025,2024,172 days 17:17:36.362233914,248717.60603723192,937.9880856902164,0.48863636363636365,Лето,3,6,0.0015863303646293,0.0015863303646293,0.0047589910938879,68.52947175198858,0,0,,,,,,,road
,2025-06-23 19:55:56.175735468,Забайкальская,,,2025,2024,172 days 18:44:53.113488102,248804.8852248017,87.27918756977306,0.4900568181818182,Лето,3,6,0.0015863303646293,0.0015863303646293,0.0047589910938879,68.52947175198858,0,0,,,,,,,road
,2025-06-24 01:58:19.095027384,Забайкальская,,,2025,2024,173 days 00:47:16.032780018,249167.2672130003,362.3819881986128,0.4914772727272727,Лето,3,6,0.0015863303646293,0.0015863303646293,0.0047589910938879,68.52947175198858,0,0,,,,,,,road
,2025-06-24 14:35:02.797873914,Забайкальская,,,2025,2024,173 days 13:23:59.735626548,249923.99559377582,756.7283807755157,0.4928977272727273,Лето,3,6,0.0015863303646293,0.0015863303646293,0.0047589910938879,68.52947175198858,0,0,,,,,,,road
,2025-06-24 20:04:28.728215868,Забайкальская,,,2025,2024,173 days 18:53:25.665968502,250253.42776614169,329.432172365865,0.4943181818181818,Лето,3,6,0.0015863303646293,0.0015863303646293,0.0047589910938879,68.52947175198858,0,0,,,,,,,road
,2025-06-24 20:42:30.017568570,Забайкальская,,,2025,2024,173 days 19:31:26.955321204,250291.4492553534,38.021489211707376,0.49573863636363635,Лето,3,6,0.0015863303646293,0.0015863303646293,0.0047589910938879,68.52947175198858,0,0,,,,,,,road
,2025-06-25 09:32:18.147198942,Забайкальская,,,2025,2024,174 days 08:21:15.084951576,251061.2514158596,769.8021605061949,0.4971590909090909,Лето,3,6,0.0015863303646293,0.0015863303646293,0.0047589910938879,68.52947175198858,0,0,,,,,,,road
,2025-06-25 16:53:17.870764470,Забайкальская,,,2025,2024,174 days 15:42:14.808517104,251502.2468086184,440.9953927588067,0.49857954545454547,Лето,3,6,0.0015863303646293,0.0015863303646293,0.0047589910938879,68.52947175198858,0,0,,,,,,,road
,2025-06-25 17:00:28.037758662,Забайкальская,,,2025,2024,174 days 15:49:24.975511296,251509.41625852158,7.169449903187342,0.5,Лето,3,6,0.0015863303646293,0.0015863303646293,0.0047589910938879,68.52947175198858,0,0,,,,,,,road
,2025-06-26 02:58:21.088261314,Забайкальская,,,2025,2024,175 days 01:47:18.026013948,252107.3004335658,597.8841750442225,0.5014204545454546,Лето,3,6,0.0015863303646293,0.0015863303646293,0.0047589910938879,68.52947175198858,0,0,,,,,,,road
,2025-06-27 05:29:35.874107274,Забайкальская,,,2025,2024,176 days 04:18:32.811859908,253698.5468643318,1591.246430765983,0.5028409090909091,Лето,3,6,0.0015863303646293,0.0015863303646293,0.0047589910938879,68.52947175198858,0,0,,,,,,,road
,2025-06-27 06:43:47.175095064,Забайкальская,,,2025,2024,176 days 05:32:44.112847698,253772.7352141283,74.18834979651729,0.5042613636363636,Лето,3,6,0.0015863303646293,0.0015863303646293,0.0047589910938879,68.52947175198858,0,0,,,,,,,road
,2025-06-27 16:06:52.191357804,Забайкальская,,,2025,2024,176 days 14:55:49.129110438,254335.8188185073,563.0836043790041,0.5056818181818182,Лето,3,6,0.0015863303646293,0.0015863303646293,0.0047589910938879,68.52947175198858,0,0,,,,,,,road
,2025-06-28 05:49:09.280069338,Забайкальская,,,2025,2024,177 days 04:38:06.217821972,255158.1036303662,822.2848118589027,0.5071022727272727,Лето,3,6,0.0015863303646293,0.0015863303646293,0.0047589910938879,68.52947175198858,0,0,,,,,,,road
,2025-06-28 06:35:25.610047200,Забайкальская,,,2025,2024,177 days 05:24:22.547799834,255204.3757966639,46.272166297683725,0.5085227272727273,Лето,3,6,0.0015863303646293,0.0015863303646293,0.0047589910938879,68.52947175198858,0,0,,,,,,,road
,2025-06-28 06:49:50.818595604,Забайкальская,,,2025,2024,177 days 05:38:47.756348238,255218.7959391373,14.420142473391024,0.5099431818181818,Лето,3,6,0.0015863303646293,0.0015863303646293,0.0047589910938879,68.52947175198858,0,0,,,,,,,road
,2025-06-28 13:23:11.953193520,Забайкальская,,,2025,2024,177 days 12:12:08.890946154,255612.1481824359,393.3522432986065,0.5113636363636364,Лето,3,6,0.0015863303646293,0.0015863303646293,0.0047589910938879,68.52947175198858,0,0,,,,,,,road
,2025-06-29 05:50:34.896585678,Забайкальская,,,2025,2024,178 days 04:39:31.834338312,256599.53057230517,987.382389869279,0.5127840909090909,Лето,3,6,0.0015863303646293,0.0015863303646293,0.0047589910938879,68.52947175198858,0,0,,,,,,,road
,2025-06-29 07:41:01.896809616,Забайкальская,,,2025,2024,178 days 06:29:58.834562250,256709.9805760375,110.45000373231596,0.5142045454545454,Лето,3,6,0.0015863303646293,0.0015863303646293,0.0047589910938879,68.52947175198858,0,0,,,,,,,road
,2025-06-30 02:43:09.194796372,Забайкальская,,,2025,2024,179 days 01:32:06.132549006,257852.10220915012,1142.1216331126343,0.515625,Лето,3,6,0.0015863303646293,0.0015863303646293,0.0047589910938879,68.52947175198858,0,0,,,,,,,road
,2025-06-30 13:56:54.308873424,Забайкальская,,,2025,2024,179 days 12:45:51.246626058,258525.8541104343,673.7519012841803,0.5170454545454546,Лето,3,6,0.0015863303646293,0.0015863303646293,0.0047589910938879,68.52947175198858,0,0,,,,,,,road
,2025-06-30 18:11:24.515923272,Забайкальская,,,2025,2024,179 days 17:00:21.453675906,258780.3575612651,254.5034508307872,0.5184659090909091,Лето,3,6,0.0015863303646293,0.0015863303646293,0.0047589910938879,68.52947175198858,0,0,,,,,,,road
,2025-07-01 01:48:38.039206578,Забайкальская,,,2025,2024,180 days 00:37:34.976959212,259237.5829493202,457.2253880551143,0.5198863636363636,Лето,3,7,0.0015863303646293,0.0015863303646293,0.0047589910938879,68.52947175198858,0,0,,,,,,,road
,2025-07-02 13:12:23.135034354,Забайкальская,,,2025,2024,181 days 12:01:20.072786988,261361.3345464498,2123.7515971295943,0.5213068181818182,Лето,3,7,0.0015863303646293,0.0015863303646293,0.0047589910938879,68.52947175198858,0,0,,,,,,,road
,2025-07-02 15:46:08.342341241,Забайкальская,,,2025,2024,181 days 14:35:05.280093875,261515.0880015646,153.75345511481282,0.5227272727272727,Лето,3,7,0.0015863303646293,0.0015863303646293,0.0047589910938879,68.52947175198858,0,0,,,,,,,road
,2025-07-02 23:02:30.218056127,Забайкальская,,,2025,2024,181 days 21:51:27.155808761,261951.45259681265,436.36459524804377,0.5241477272727273,Лето,3,7,0.0015863303646293,0.0015863303646293,0.0047589910938879,68.52947175198858,0,0,,,,,,,road
,2025-07-03 09:19:56.511600600,Забайкальская,,,2025,2024,182 days 08:08:53.449353234,262568.8908225539,617.4382257412362,0.5255681818181818,Лето,3,7,0.0015863303646293,0.0015863303646293,0.0047589910938879,68.52947175198858,0,0,,,,,,,road
,2025-07-03 10:40:09.320877978,Забайкальская,,,2025,2024,182 days 09:29:06.258630612,262649.1043105102,80.21348795632366,0.5269886363636364,Лето,3,7,0.0018515209343604806,0.0015863303646293,0.0047589910938879,68.52947175198858,0,1,,,,,,,road
,2025-07-03 11:03:09.461941782,Забайкальская,,,2025,2024,182 days 09:52:06.399694416,262672.10666157363,23.002351063420065,0.5284090909090909,Лето,3,7,0.001934479802624152,0.0015863303646293,0.0047589910938879,68.52947175198858,0,1,,,,,,,road
,2025-07-03 11:08:03.628907370,Забайкальская,,,2025,2024,182 days 09:57:00.566660004,262677.0094443334,4.902782759745605,0.5298295454545454,Лето,3,7,0.0027640138070064296,0.0015863303646293,0.0047589910938879,68.52947175198858,0,1,,,,,,,road
,2025-07-03 13:21:19.578583326,Забайкальская,,,2025,2024,182 days 12:10:16.516335960,262810.275272266,133.26582793262787,0.53125,Лето,3,7,0.0029458989632550744,0.0015863303646293,0.0047589910938879,68.52947175198858,0,1,,,,,,,road
,2025-07-03 13:44:28.111011192,Забайкальская,,,2025,2024,182 days 12:33:25.048763826,262833.4174793971,23.142207131080795,0.5326704545454546,Лето,3,7,0.0033196543491961503,0.0015863303646293,0.0047589910938879,68.52947175198858,0,1,,,,,,,road
,2025-07-03 21:42:46.753662180,Забайкальская,,,2025,2024,182 days 20:31:43.691414814,263311.7281902469,478.3107108498225,0.5340909090909091,Лето,3,7,0.003404622893755072,0.0015863303646293,0.0047589910938879,68.52947175198858,0,1,,,,,,,road
,2025-07-05 01:55:50.466453246,Забайкальская,,,2025,2024,184 days 00:44:47.404205880,265004.790070098,1693.0618798510986,0.5355113636363636,Лето,3,7,0.003497664284047454,0.0015863303646293,0.0047589910938879,68.52947175198858,0,1,,,,,,,road
,2025-07-05 02:13:53.828962800,Забайкальская,,,2025,2024,184 days 01:02:50.766715434,265022.84611192386,18.056041825853754,0.5369318181818182,Лето,3,7,0.0035037253215894123,0.0015863303646293,0.0047589910938879,68.52947175198858,0,1,,,,,,,road
,2025-07-05 04:32:39.855379944,Забайкальская,,,2025,2024,184 days 03:21:36.793132578,265161.6132188763,138.76710695243673,0.5383522727272727,Лето,3,7,0.00408535816376266,0.0015863303646293,0.0047589910938879,68.52947175198858,0,1,,,,,,,road
,2025-07-05 04:38:47.286660600,Забайкальская,,,2025,2024,184 days 03:27:44.224413234,265167.7370735539,6.12385467760032,0.5397727272727273,Лето,3,7,0.004256956898346982,0.0015863303646293,0.0047589910938879,68.52947175198858,0,1,,,,,,,road
,2025-07-05 05:12:30.844195548,Забайкальская,,,2025,2024,184 days 04:01:27.781948182,265201.46303246974,33.72595891583478,0.5411931818181818,Лето,3,7,0.0042655525993553585,0.0015863303646293,0.0047589910938879,68.52947175198858,0,1,,,,,,,road
,2025-07-05 06:34:27.469832304,Забайкальская,,,2025,2024,184 days 05:23:24.407584938,265283.4067930823,81.94376061257208,0.5426136363636364,Лето,3,7,0.0047589910938879,0.0015863303646293,0.0047589910938879,68.52947175198858,1,0,,,,,,,road
,2025-07-05 08:19:36.085361262,Забайкальская,,,2025,2024,184 days 07:08:33.023113896,265388.55038523156,105.14359214925207,0.5440340909090909,Лето,3,7,0.0047589910938879,0.0015863303646293,0.0047589910938879,68.52947175198858,1,0,,,,,,,road
,2025-07-05 18:10:01.236988170,Забайкальская,,,2025,2024,184 days 16:58:58.174740804,265978.9695790134,590.4191937818541,0.5454545454545454,Лето,3,7,0.0047589910938879,0.0015863303646293,0.0047589910938879,68.52947175198858,1,0,,,,,,,road
,2025-07-05 19:55:54.402061458,Забайкальская,,,2025,2024,184 days 18:44:51.339814092,266084.8556635682,105.88608455477515,0.546875,Лето,3,7,0.0047589910938879,0.0015863303646293,0.0047589910938879,68.52947175198858,1,0,,,,,,,road
,2025-07-05 22:19:59.890905852,Забайкальская,,,2025,2024,184 days 21:08:56.828658486,266228.94714430807,144.09148073988035,0.5482954545454546,Лето,3,7,0.0047589910938879,0.0015863303646293,0.0047589910938879,68.52947175198858,1,0,,,,,,,road
,2025-07-05 23:19:12.877192854,Забайкальская,,,2025,2024,184 days 22:08:09.814945488,266288.1635824248,59.21643811673857,0.5497159090909091,Лето,3,7,0.0047589910938879,0.0015863303646293,0.0047589910938879,68.52947175198858,1,0,,,,,,,road
,2025-07-05 23:19:14.455005270,Забайкальская,,,2025,2024,184 days 22:08:11.392757904,266288.1898792984,0.026296873576939106,0.5511363636363636,Лето,3,7,0.0047589910938879,0.0015863303646293,0.0047589910938879,68.52947175198858,1,0,,,,,,,road
,2025-07-06 07:21:41.158177968,Забайкальская,,,2025,2024,185 days 06:10:38.095930602,266770.63493217673,482.4450528783491,0.5525568181818182,Лето,3,7,0.0047589910938879,0.0015863303646293,0.0047589910938879,68.52947175198858,1,0,,,,,,,road
,2025-07-06 07:39:35.930701320,Забайкальская,,,2025,2024,185 days 06:28:32.868453954,266788.5478075659,17.912875389156397,0.5539772727272727,Лето,3,7,0.0047589910938879,0.0015863303646293,0.0047589910938879,68.52947175198858,1,0,,,,,,,road
,2025-07-06 19:19:34.402975146,Забайкальская,,,2025,2024,185 days 18:08:31.340727780,267488.522345463,699.9745378970983,0.5553977272727273,Лето,3,7,0.0047589910938879,0.0015863303646293,0.0047589910938879,68.52947175198858,1,0,,,,,,,road
,2025-07-06 19:49:02.417709540,Забайкальская,,,2025,2024,185 days 18:37:59.355462174,267517.9892577029,29.466912239906378,0.5568181818181818,Лето,3,7,0.0047589910938879,0.0015863303646293,0.0047589910938879,68.52947175198858,1,0,,,,,,,road
,2025-07-06 23:04:09.461064798,Забайкальская,,,2025,2024,185 days 21:53:06.398817432,267713.10664695717,195.11738925427198,0.5582386363636364,Лето,3,7,0.0047589910938879,0.0015863303646293,0.0047589910938879,68.52947175198858,1,0,,,,,,,road
,2025-07-08 01:06:45.277012848,Забайкальская,,,2025,2024,186 days 23:55:42.214765482,269275.7035794247,1562.5969324675389,0.5596590909090909,Лето,3,7,0.0047589910938879,0.0015863303646293,0.0047589910938879,68.52947175198858,1,0,,,,,,,road
,2025-07-08 01:38:04.319758284,Забайкальская,,,2025,2024,187 days 00:27:01.257510918,269307.0209585153,31.317379090585746,0.5610795454545454,Лето,3,7,0.0047589910938879,0.0015863303646293,0.0047589910938879,68.52947175198858,1,0,,,,,,,road
,2025-07-08 03:33:58.089598380,Забайкальская,,,2025,2024,187 days 02:22:55.027351014,269422.9171225169,115.89616400160594,0.5625,Лето,3,7,0.0047589910938879,0.0015863303646293,0.0047589910938879,68.52947175198858,1,0,,,,,,,road
,2025-07-08 08:52:32.082385272,Забайкальская,,,2025,2024,187 days 07:41:29.020137906,269741.4836689651,318.5665464482154,0.5639204545454546,Лето,3,7,0.0047589910938879,0.0015863303646293,0.0047589910938879,68.52947175198858,1,0,,,,,,,road
,2025-07-08 08:59:24.602343618,Забайкальская,,,2025,2024,187 days 07:48:21.540096252,269748.3590016042,6.8753326390869915,0.5653409090909091,Лето,3,7,0.0047589910938879,0.0015863303646293,0.0047589910938879,68.52947175198858,1,0,,,,,,,road
,2025-07-08 13:05:21.710324082,Забайкальская,,,2025,2024,187 days 11:54:18.648076716,269994.3108012786,245.95179967442527,0.5667613636363636,Лето,3,7,0.0047589910938879,0.0015863303646293,0.0047589910938879,68.52947175198858,1,0,,,,,,,road
,2025-07-08 13:22:58.079101008,Забайкальская,,,2025,2024,187 days 12:11:55.016853642,270011.9169475607,17.60614628205076,0.5681818181818182,Лето,3,7,0.0047589910938879,0.0015863303646293,0.0047589910938879,68.52947175198858,1,0,,,,,,,road
,2025-07-08 14:19:40.504499730,Забайкальская,,,2025,2024,187 days 13:08:37.442252364,270068.6240375394,56.707089978735894,0.5696022727272727,Лето,3,7,0.0047589910938879,0.0015863303646293,0.0047589910938879,68.52947175198858,1,0,,,,,,,road
,2025-07-08 14:56:19.845378276,Забайкальская,,,2025,2024,187 days 13:45:16.783130910,270105.2797188485,36.65568130911561,0.5710227272727273,Лето,3,7,0.0047589910938879,0.0015863303646293,0.0047589910938879,68.52947175198858,1,0,,,,,,,road
,2025-07-08 23:16:10.822574424,Забайкальская,,,2025,2024,187 days 22:05:07.760327058,270605.1293387843,499.84961993579054,0.5724431818181818,Лето,3,7,0.0047589910938879,0.0015863303646293,0.0047589910938879,68.52947175198858,1,0,,,,,,,road
,2025-07-08 23:57:59.859405744,Забайкальская,,,2025,2024,187 days 22:46:56.797158378,270646.9466193063,41.817280521965586,0.5738636363636364,Лето,3,7,0.0047589910938879,0.0015863303646293,0.0047589910938879,68.52947175198858,1,0,,,,,,,road
,2025-07-09 00:06:40.233730470,Забайкальская,,,2025,2024,187 days 22:55:37.171483104,270655.6195247184,8.672905412095133,0.5752840909090909,Лето,3,7,0.0047589910938879,0.0015863303646293,0.0047589910938879,68.52947175198858,1,0,,,,,,,road
,2025-07-09 03:12:48.447040968,Забайкальская,,,2025,2024,188 days 02:01:45.384793602,270841.7564132267,186.1368885083357,0.5767045454545454,Лето,3,7,0.0047589910938879,0.0015863303646293,0.0047589910938879,68.52947175198858,1,0,,,,,,,road
,2025-07-09 04:42:05.775118776,Забайкальская,,,2025,2024,188 days 03:31:02.712871410,270931.0452145235,89.28880129678873,0.578125,Лето,3,7,0.0047589910938879,0.0015863303646293,0.0047589910938879,68.52947175198858,1,0,,,,,,,road
,2025-07-09 06:31:26.596438734,Забайкальская,,,2025,2024,188 days 05:20:23.534191368,271040.3922365228,109.34702199930325,0.5795454545454546,Лето,3,7,0.0047589910938879,0.0015863303646293,0.0047589910938879,68.52947175198858,1,0,,,,,,,road
,2025-07-09 06:58:04.862203008,Забайкальская,,,2025,2024,188 days 05:47:01.799955642,271067.0299992607,26.637762737867888,0.5809659090909091,Лето,3,7,0.0047589910938879,0.0015863303646293,0.0047589910938879,68.52947175198858,1,0,,,,,,,road
,2025-07-09 11:47:54.142229268,Забайкальская,,,2025,2024,188 days 10:36:51.079981902,271356.8513330317,289.82133377104765,0.5823863636363636,Лето,3,7,0.0047589910938879,0.0015863303646293,0.0047589910938879,68.52947175198858,1,0,,,,,,,road
,2025-07-09 15:01:15.539256018,Забайкальская,,,2025,2024,188 days 13:50:12.477008652,271550.2079501442,193.3566171124694,0.5838068181818182,Лето,3,7,0.0047589910938879,0.0015863303646293,0.0047589910938879,68.52947175198858,1,0,,,,,,,road
,2025-07-09 16:36:25.548334986,Забайкальская,,,2025,2024,188 days 15:25:22.486087620,271645.374768127,95.16681798279751,0.5852272727272727,Лето,3,7,0.0047589910938879,0.0015863303646293,0.0047589910938879,68.52947175198858,1,0,,,,,,,road
,2025-07-09 17:15:58.684569042,Забайкальская,,,2025,2024,188 days 16:04:55.622321676,271684.9270386946,39.55227056762669,0.5866477272727273,Лето,3,7,0.0047589910938879,0.0015863303646293,0.0047589910938879,68.52947175198858,1,0,,,,,,,road
,2025-07-09 20:25:06.291023310,Забайкальская,,,2025,2024,188 days 19:14:03.228775944,271874.0538129324,189.12677423778223,0.5880681818181818,Лето,3,7,0.0047589910938879,0.0015863303646293,0.0047589910938879,68.52947175198858,1,0,,,,,,,road
,2025-07-10 01:41:55.849242972,Забайкальская,,,2025,2024,189 days 00:30:52.786995606,272190.8797832601,316.82597032771446,0.5894886363636364,Лето,3,7,0.0047589910938879,0.0015863303646293,0.0047589910938879,68.52947175198858,1,0,,,,,,,road
,2025-07-10 03:00:37.993679826,Забайкальская,,,2025,2024,189 days 01:49:34.931432460,272269.58219054097,78.70240728085628,0.5909090909090909,Лето,3,7,0.0047589910938879,0.0015863303646293,0.0047589910938879,68.52947175198858,1,0,,,,,,,road
,2025-07-10 03:06:08.323891073,Забайкальская,,,2025,2024,189 days 01:55:05.261643707,272275.0876940618,5.505503520835191,0.5923295454545454,Лето,3,7,0.0047589910938879,0.0015863303646293,0.0047589910938879,68.52947175198858,1,0,,,,,,,road
,2025-07-10 03:56:49.761253158,Забайкальская,,,2025,2024,189 days 02:45:46.699005792,272325.7783167632,50.69062270136783,0.59375,Лето,3,7,0.0047589910938879,0.0015863303646293,0.0047589910938879,68.52947175198858,1,0,,,,,,,road
,2025-07-10 07:57:50.250792300,Забайкальская,,,2025,2024,189 days 06:46:47.188544934,272566.78647574893,241.0081589857582,0.5951704545454546,Лето,3,7,0.0047589910938879,0.0015863303646293,0.0047589910938879,68.52947175198858,1,0,,,,,,,road
,2025-07-10 23:47:20.227567788,Забайкальская,,,2025,2024,189 days 22:36:17.165320422,273516.2860886737,949.4996129247593,0.5965909090909091,Лето,3,7,0.0047589910938879,0.0015863303646293,0.0047589910938879,68.52947175198858,1,0,,,,,,,road
,2025-07-10 23:50:10.009442550,Забайкальская,,,2025,2024,189 days 22:39:06.947195184,273519.11578658636,2.8296979126753286,0.5980113636363636,Лето,3,7,0.0047589910938879,0.0015863303646293,0.0047589910938879,68.52947175198858,1,0,,,,,,,road
,2025-07-11 01:06:58.187186514,Забайкальская,,,2025,2024,189 days 23:55:55.124939148,273595.9187489858,76.80296239943709,0.5994318181818182,Лето,3,7,0.0047589910938879,0.0015863303646293,0.0047589910938879,68.52947175198858,1,0,,,,,,,road
,2025-07-11 01:20:25.428623694,Забайкальская,,,2025,2024,190 days 00:09:22.366376328,273609.3727729388,13.454023953003343,0.6008522727272727,Лето,3,7,0.0047589910938879,0.0015863303646293,0.0047589910938879,68.52947175198858,1,0,,,,,,,road
,2025-07-11 02:40:20.245074186,Забайкальская,,,2025,2024,190 days 01:29:17.182826820,273689.28638044704,79.91360750823515,0.6022727272727273,Лето,3,7,0.0047589910938879,0.0015863303646293,0.0047589910938879,68.52947175198858,1,0,,,,,,,road
,2025-07-11 04:29:45.482406054,Забайкальская,,,2025,2024,190 days 03:18:42.420158688,273798.7070026448,109.42062219773652,0.6036931818181818,Лето,3,7,0.0047589910938879,0.0015863303646293,0.0047589910938879,68.52947175198858,1,0,,,,,,,road
,2025-07-11 13:22:45.747468372,Забайкальская,,,2025,2024,190 days 12:11:42.685221006,274331.71142035007,533.0044177052914,0.6051136363636364,Лето,3,7,0.0047589910938879,0.0015863303646293,0.0047589910938879,68.52947175198858,1,0,,,,,,,road
,2025-07-11 13:40:24.686529774,Забайкальская,,,2025,2024,190 days 12:29:21.624282408,274349.3604047068,17.648984356725123,0.6065340909090909,Лето,3,7,0.0047589910938879,0.0015863303646293,0.0047589910938879,68.52947175198858,1,0,,,,,,,road
,2025-07-11 18:55:51.195869466,Забайкальская,,,2025,2024,190 days 17:44:48.133622100,274664.802227035,315.4418223281973,0.6079545454545454,Лето,3,7,0.0047589910938879,0.0015863303646293,0.0047589910938879,68.52947175198858,1,0,,,,,,,road
,2025-07-11 20:41:38.051755128,Забайкальская,,,2025,2024,190 days 19:30:34.989507762,274770.5831584627,105.78093142772559,0.609375,Лето,3,7,0.0047589910938879,0.0015863303646293,0.0047589910938879,68.52947175198858,1,0,,,,,,,road
,2025-07-12 02:32:00.154187946,Забайкальская,,,2025,2024,191 days 01:20:57.091940580,275120.951532343,350.36837388027925,0.6107954545454546,Лето,3,7,0.0047589910938879,0.0015863303646293,0.0047589910938879,68.52947175198858,1,0,,,,,,,road
,2025-07-12 05:03:21.709401336,Забайкальская,,,2025,2024,191 days 03:52:18.647153970,275272.3107858995,151.3592535565258,0.6122159090909091,Лето,3,7,0.0047589910938879,0.0015863303646293,0.0047589910938879,68.52947175198858,1,0,,,,,,,road
,2025-07-12 05:11:46.955959422,Забайкальская,,,2025,2024,191 days 04:00:43.893712056,275280.73156186764,8.420775968115777,0.6136363636363636,Лето,3,7,0.0047589910938879,0.0015863303646293,0.0047589910938879,68.52947175198858,1,0,,,,,,,road
,2025-07-13 11:54:08.540396526,Забайкальская,,,2025,2024,192 days 10:43:05.478149160,277123.091302486,1842.3597406183835,0.6150568181818182,Лето,3,7,0.0015863303646293,0.0015863303646293,0.0047589910938879,68.52947175198858,0,0,,,,,,,road
,2025-07-13 12:48:34.865376576,Забайкальская,,,2025,2024,192 days 11:37:31.803129210,277177.5300521535,54.4387496674899,0.6164772727272727,Лето,3,7,0.0015863303646293,0.0015863303646293,0.0047589910938879,68.52947175198858,0,0,,,,,,,road
,2025-07-13 22:22:33.449418036,Забайкальская,,,2025,2024,192 days 21:11:30.387170670,277751.50645284454,573.9764006910264,0.6178977272727273,Лето,3,7,0.0015863303646293,0.0015863303646293,0.0047589910938879,68.52947175198858,0,0,,,,,,,road
,2025-07-14 20:27:00.427840386,Забайкальская,,,2025,2024,193 days 19:15:57.365593020,279075.956093217,1324.449640372477,0.6193181818181818,Лето,3,7,0.0015863303646293,0.0015863303646293,0.0047589910938879,68.52947175198858,0,0,,,,,,,road
,2025-07-14 21:19:24.719430168,Забайкальская,,,2025,2024,193 days 20:08:21.657182802,279128.3609530467,52.40485982969403,0.6207386363636364,Лето,3,7,0.0015863303646293,0.0015863303646293,0.0047589910938879,68.52947175198858,0,0,,,,,,,road
,2025-07-15 05:48:15.458830980,Забайкальская,,,2025,2024,194 days 04:37:12.396583614,279637.2066097269,508.84565668017603,0.6221590909090909,Лето,3,7,0.0015863303646293,0.0015863303646293,0.0047589910938879,68.52947175198858,0,0,,,,,,,road
,2025-07-16 00:04:26.865616260,Забайкальская,,,2025,2024,194 days 22:53:23.803368894,280733.3967228149,1096.1901130879996,0.6235795454545454,Лето,3,7,0.0015863303646293,0.0015863303646293,0.0047589910938879,68.52947175198858,0,0,,,,,,,road
,2025-07-17 21:10:10.021405056,Забайкальская,,,2025,2024,196 days 19:59:06.959157690,283439.1159859615,2705.7192631466314,0.625,Лето,3,7,0.0015863303646293,0.0015863303646293,0.0047589910938879,68.52947175198858,0,0,,,,,,,road
,2025-07-18 10:42:26.705047860,Забайкальская,,,2025,2024,197 days 09:31:23.642800494,284251.3940466749,812.2780607133755,0.6264204545454546,Лето,3,7,0.0015863303646293,0.0015863303646293,0.0047589910938879,68.52947175198858,0,0,,,,,,,road
,2025-07-18 14:08:04.363528638,Забайкальская,,,2025,2024,197 days 12:57:01.301281272,284457.0216880212,205.6276413463056,0.6278409090909091,Лето,3,7,0.0015863303646293,0.0015863303646293,0.0047589910938879,68.52947175198858,0,0,,,,,,,road
,2025-07-19 02:46:08.266073502,Забайкальская,,,2025,2024,198 days 01:35:05.203826136,285215.0867304356,758.0650424144114,0.6292613636363636,Лето,3,7,0.0015863303646293,0.0015863303646293,0.0047589910938879,68.52947175198858,0,0,,,,,,,road
,2025-07-19 15:37:20.438065320,Забайкальская,,,2025,2024,198 days 14:26:17.375817954,285986.2895969659,771.2028665302787,0.6306818181818182,Лето,3,7,0.0015863303646293,0.0015863303646293,0.0047589910938879,68.52947175198858,0,0,,,,,,,road
,2025-07-20 04:16:14.188585434,Забайкальская,,,2025,2024,199 days 03:05:11.126338068,286745.18543896783,758.895842001948,0.6321022727272727,Лето,3,7,0.0015863303646293,0.0015863303646293,0.0047589910938879,68.52947175198858,0,0,,,,,,,road
,2025-07-21 00:30:19.067892420,Забайкальская,,,2025,2024,199 days 23:19:16.005645054,287959.2667607509,1214.0813217830728,0.6335227272727273,Лето,3,7,0.0015863303646293,0.0015863303646293,0.0047589910938879,68.52947175198858,0,0,,,,,,,road
,2025-07-21 01:27:57.455849934,Забайкальская,,,2025,2024,200 days 00:16:54.393602568,288016.9065600428,57.639799291908275,0.6349431818181818,Лето,3,7,0.0015863303646293,0.0015863303646293,0.0047589910938879,68.52947175198858,0,0,,,,,,,road
,2025-07-21 02:40:18.037300626,Забайкальская,,,2025,2024,200 days 01:29:14.975053260,288089.249584221,72.34302417817526,0.6363636363636364,Лето,3,7,0.0015863303646293,0.0015863303646293,0.0047589910938879,68.52947175198858,0,0,,,,,,,road
,2025-07-21 13:25:24.991739262,Забайкальская,,,2025,2024,200 days 12:14:21.929491896,288734.3654915316,645.1159073106246,0.6377840909090909,Лето,3,7,0.0015863303646293,0.0015863303646293,0.0047589910938879,68.52947175198858,0,0,,,,,,,road
,2025-07-22 21:44:49.114321206,Забайкальская,,,2025,2024,201 days 20:33:46.052073840,290673.767534564,1939.4020430324017,0.6392045454545454,Лето,3,7,0.0015863303646293,0.0015863303646293,0.0047589910938879,68.52947175198858,0,0,,,,,,,road
,2025-07-23 04:20:06.392588346,Забайкальская,,,2025,2024,202 days 03:09:03.330340980,291069.055505683,395.28797111898893,0.640625,Лето,3,7,0.0015863303646293,0.0015863303646293,0.0047589910938879,68.52947175198858,0,0,,,,,,,road
,2025-07-24 14:18:10.249342974,Забайкальская,,,2025,2024,203 days 13:07:07.187095608,293107.1197849268,2038.0642792438157,0.6420454545454546,Лето,3,7,0.0015863303646293,0.0015863303646293,0.0047589910938879,68.52947175198858,0,0,,,,,,,road
,2025-07-25 19:31:54.119068170,Забайкальская,,,2025,2024,204 days 18:20:51.056820804,294860.85094701336,1753.7311620865366,0.6434659090909091,Лето,3,7,0.0015863303646293,0.0015863303646293,0.0047589910938879,68.52947175198858,0,0,,,,,,,road
,2025-07-26 20:02:02.007594660,Забайкальская,,,2025,2024,205 days 18:50:58.945347294,296330.9824224549,1470.1314754415653,0.6448863636363636,Лето,3,7,0.0015863303646293,0.0015863303646293,0.0047589910938879,68.52947175198858,0,0,,,,,,,road
,2025-07-27 21:18:55.501259472,Забайкальская,,,2025,2024,206 days 20:07:52.439012106,297847.8739835351,1516.8915610801778,0.6463068181818182,Лето,3,7,0.0015863303646293,0.0015863303646293,0.0047589910938879,68.52947175198858,0,0,,,,,,,road
,2025-07-28 21:19:55.907078790,Забайкальская,,,2025,2024,207 days 20:08:52.844831424,299288.88074719044,1441.006763655343,0.6477272727272727,Лето,3,7,0.0015863303646293,0.0015863303646293,0.0047589910938879,68.52947175198858,0,0,,,,,,,road
,2025-07-29 15:20:31.736455943,Забайкальская,,,2025,2024,208 days 14:09:28.674208577,300369.4779034763,1080.5971562858322,0.6491477272727273,Лето,3,7,0.0015863303646293,0.0015863303646293,0.0047589910938879,68.52947175198858,0,0,,,,,,,road
,2025-07-30 03:49:01.972421292,Забайкальская,,,2025,2024,209 days 02:37:58.910173926,301117.9818362321,748.5039327558479,0.6505681818181818,Лето,3,7,0.0015863303646293,0.0015863303646293,0.0047589910938879,68.52947175198858,0,0,,,,,,,road
,2025-07-30 04:04:36.619946214,Забайкальская,,,2025,2024,209 days 02:53:33.557698848,301133.55929498083,15.577458748710342,0.6519886363636364,Лето,3,7,0.0015863303646293,0.0015863303646293,0.0047589910938879,68.52947175198858,0,0,,,,,,,road
,2025-07-30 05:34:02.050768169,Забайкальская,,,2025,2024,209 days 04:22:58.988520803,301222.9831420134,89.4238470325945,0.6534090909090909,Лето,3,7,0.0015863303646293,0.0015863303646293,0.0047589910938879,68.52947175198858,0,0,,,,,,,road
,2025-07-30 07:04:53.816840142,Забайкальская,,,2025,2024,209 days 05:53:50.754592776,301313.8459098796,90.86276786617236,0.6548295454545454,Лето,3,7,0.0015863303646293,0.0015863303646293,0.0047589910938879,68.52947175198858,0,0,,,,,,,road
,2025-07-30 07:19:54.831551454,Забайкальская,,,2025,2024,209 days 06:08:51.769304088,301328.8628217348,15.016911855200306,0.65625,Лето,3,7,0.0015863303646293,0.0015863303646293,0.0047589910938879,68.52947175198858,0,0,,,,,,,road
,2025-07-30 08:38:08.395643700,Забайкальская,,,2025,2024,209 days 07:27:05.333396334,301407.0888899389,78.22606820409419,0.6576704545454546,Лето,3,7,0.0015863303646293,0.0015863303646293,0.0047589910938879,68.52947175198858,0,0,,,,,,,road
,2025-07-31 11:08:19.697072742,Забайкальская,,,2025,2024,210 days 09:57:16.634825376,302997.2772470896,1590.188357150706,0.6590909090909091,Лето,3,7,0.0015863303646293,0.0015863303646293,0.0047589910938879,68.52947175198858,0,0,,,,,,,road
,2025-07-31 22:35:29.260603794,Забайкальская,,,2025,2024,210 days 21:24:26.198356428,303684.4366392738,687.1593921841704,0.6605113636363636,Лето,3,7,0.0015863303646293,0.0015863303646293,0.0047589910938879,68.52947175198858,0,0,,,,,,,road
,2025-08-01 02:31:17.861157570,Забайкальская,,,2025,2024,211 days 01:20:14.798910204,303920.2466485034,235.81000922963722,0.6619318181818182,Лето,3,8,0.0015863303646293,0.0015863303646293,0.0047589910938879,68.52947175198858,0,0,,,,,,,road
,2025-08-01 19:05:16.530046583,Забайкальская,,,2025,2024,211 days 17:54:13.467799217,304914.2244633203,993.9778148168698,0.6633522727272727,Лето,3,8,0.0015863303646293,0.0015863303646293,0.0047589910938879,68.52947175198858,0,0,,,,,,,road
,2025-08-02 02:07:43.806387438,Забайкальская,,,2025,2024,212 days 00:56:40.744140072,305336.6790690012,422.4546056809486,0.6647727272727273,Лето,3,8,0.0015863303646293,0.0015863303646293,0.0047589910938879,68.52947175198858,0,0,,,,,,,road
,2025-08-02 03:44:22.065900642,Забайкальская,,,2025,2024,212 days 02:33:19.003653276,305433.3167275546,96.6376585533726,0.6661931818181818,Лето,3,8,0.0015863303646293,0.0015863303646293,0.0047589910938879,68.52947175198858,0,0,,,,,,,road
,2025-08-03 02:25:03.424469628,Забайкальская,,,2025,2024,213 days 01:14:00.362222262,306794.00603703776,1360.6893094831612,0.6676136363636364,Лето,3,8,0.0015863303646293,0.0015863303646293,0.0047589910938879,68.52947175198858,0,0,,,,,,,road
,2025-08-03 06:45:42.921183678,Забайкальская,,,2025,2024,213 days 05:34:39.858936312,307054.66431560525,260.65827856748365,0.6690340909090909,Лето,3,8,0.0015863303646293,0.0015863303646293,0.0047589910938879,68.52947175198858,0,0,,,,,,,road
,2025-08-03 19:22:17.404362990,Забайкальская,,,2025,2024,213 days 18:11:14.342115624,307811.23903526046,756.5747196552111,0.6704545454545454,Лето,3,8,0.0015863303646293,0.0015863303646293,0.0047589910938879,68.52947175198858,0,0,,,,,,,road
,2025-08-03 22:58:43.129634106,Забайкальская,,,2025,2024,213 days 21:47:40.067386740,308027.66778977896,216.42875451850705,0.671875,Лето,3,8,0.0015863303646293,0.0015863303646293,0.0047589910938879,68.52947175198858,0,0,,,,,,,road
,2025-08-04 06:15:45.524698344,Забайкальская,,,2025,2024,214 days 05:04:42.462450978,308464.70770751627,437.03991773730377,0.6732954545454546,Лето,3,8,0.0015863303646293,0.0015863303646293,0.0047589910938879,68.52947175198858,0,0,,,,,,,road
,2025-08-05 00:03:45.262515960,Забайкальская,,,2025,2024,214 days 22:52:42.200268594,309532.7033378099,1067.995630293619,0.6747159090909091,Лето,3,8,0.0015863303646293,0.0015863303646293,0.0047589910938879,68.52947175198858,0,0,,,,,,,road
,2025-08-05 01:51:15.025030626,Забайкальская,,,2025,2024,215 days 00:40:11.962783260,309640.19937972096,107.4960419110721,0.6761363636363636,Лето,3,8,0.0015863303646293,0.0015863303646293,0.0047589910938879,68.52947175198858,0,0,,,,,,,road
,2025-08-06 17:36:09.485643150,Забайкальская,,,2025,2024,216 days 16:25:06.423395784,312025.1070565964,2384.9076768754167,0.6775568181818182,Лето,3,8,0.0015863303646293,0.0015863303646293,0.0047589910938879,68.52947175198858,0,0,,,,,,,road
,2025-08-06 18:22:03.119937768,Забайкальская,,,2025,2024,216 days 17:11:00.057690402,312071.0009615067,45.893904910306446,0.6789772727272727,Лето,3,8,0.0015863303646293,0.0015863303646293,0.0047589910938879,68.52947175198858,0,0,,,,,,,road
,2025-08-07 02:23:24.446867394,Забайкальская,,,2025,2024,217 days 01:12:21.384620028,312552.3564103338,481.3554488271475,0.6803977272727273,Лето,3,8,0.0015863303646293,0.0015863303646293,0.0047589910938879,68.52947175198858,0,0,,,,,,,road
,2025-08-08 04:25:01.537335066,Забайкальская,,,2025,2024,218 days 03:13:58.475087700,314113.97458479495,1561.618174461124,0.6818181818181818,Лето,3,8,0.0015863303646293,0.0015863303646293,0.0047589910938879,68.52947175198858,0,0,,,,,,,road
,2025-08-09 11:01:24.832293270,Забайкальская,,,2025,2024,219 days 09:50:21.770045904,315950.3628340984,1836.388249303447,0.6832386363636364,Лето,3,8,0.0015863303646293,0.0015863303646293,0.0047589910938879,68.52947175198858,0,0,,,,,,,road
,2025-08-09 13:47:54.205523664,Забайкальская,,,2025,2024,219 days 12:36:51.143276298,316116.8523879383,166.4895538398996,0.6846590909090909,Лето,3,8,0.0015863303646293,0.0015863303646293,0.0047589910938879,68.52947175198858,0,0,,,,,,,road
,2025-08-09 15:25:54.469602990,Забайкальская,,,2025,2024,219 days 14:14:51.407355624,316214.8567892604,98.00440132210497,0.6860795454545454,Лето,3,8,0.0015863303646293,0.0015863303646293,0.0047589910938879,68.52947175198858,0,0,,,,,,,road
,2025-08-10 04:58:21.527156700,Забайкальская,,,2025,2024,220 days 03:47:18.464909334,317027.30774848897,812.4509592285613,0.6875,Лето,3,8,0.0015863303646293,0.0015863303646293,0.0047589910938879,68.52947175198858,0,0,,,,,,,road
,2025-08-10 05:25:23.380151088,Забайкальская,,,2025,2024,220 days 04:14:20.317903722,317054.33863172866,27.030883239698596,0.6889204545454546,Лето,3,8,0.0015863303646293,0.0015863303646293,0.0047589910938879,68.52947175198858,0,0,,,,,,,road
,2025-08-10 12:23:59.932857216,Забайкальская,,,2025,2024,220 days 11:12:56.870609850,317472.9478434975,418.6092117688386,0.6903409090909091,Лето,3,8,0.0015863303646293,0.0015863303646293,0.0047589910938879,68.52947175198858,0,0,,,,,,,road
,2025-08-11 05:07:10.854481224,Забайкальская,,,2025,2024,221 days 03:56:07.792233858,318476.12987056427,1003.1820270667668,0.6917613636363636,Лето,3,8,0.0015863303646293,0.0015863303646293,0.0047589910938879,68.52947175198858,0,0,,,,,,,road
,2025-08-11 13:45:04.822075236,Забайкальская,,,2025,2024,221 days 12:34:01.759827870,318994.0293304645,517.8994599002181,0.6931818181818182,Лето,3,8,0.0015863303646293,0.0015863303646293,0.0047589910938879,68.52947175198858,0,0,,,,,,,road
,2025-08-11 15:56:22.296304734,Забайкальская,,,2025,2024,221 days 14:45:19.234057368,319125.3205676228,131.29123715829337,0.6946022727272727,Лето,3,8,0.0015863303646293,0.0015863303646293,0.0047589910938879,68.52947175198858,0,0,,,,,,,road
,2025-08-11 22:57:11.732594964,Забайкальская,,,2025,2024,221 days 21:46:08.670347598,319546.14450579335,420.82393817056436,0.6960227272727273,Лето,3,8,0.0015863303646293,0.0015863303646293,0.0047589910938879,68.52947175198858,0,0,,,,,,,road
,2025-08-13 01:39:30.253304795,Забайкальская,,,2025,2024,223 days 00:28:27.191057429,321148.4531842905,1602.3086784971529,0.6974431818181818,Лето,3,8,0.0015863303646293,0.0015863303646293,0.0047589910938879,68.52947175198858,0,0,,,,,,,road
,2025-08-13 11:44:50.929413372,Забайкальская,,,2025,2024,223 days 10:33:47.867166006,321753.7977861001,605.3446018096292,0.6988636363636364,Лето,3,8,0.0015863303646293,0.0015863303646293,0.0047589910938879,68.52947175198858,0,0,,,,,,,road
,2025-08-14 01:10:40.387840086,Забайкальская,,,2025,2024,223 days 23:59:37.325592720,322559.622093212,805.8243071118486,0.7002840909090909,Лето,3,8,0.0015863303646293,0.0015863303646293,0.0047589910938879,68.52947175198858,0,0,,,,,,,road
,2025-08-14 05:29:02.982763422,Забайкальская,,,2025,2024,224 days 04:17:59.920516056,322817.99867526756,258.37658205558546,0.7017045454545454,Лето,3,8,0.0015863303646293,0.0015863303646293,0.0047589910938879,68.52947175198858,0,0,,,,,,,road
,2025-08-14 07:40:42.380136834,Забайкальская,,,2025,2024,224 days 06:29:39.317889468,322949.65529815777,131.65662289020838,0.703125,Лето,3,8,0.0015863303646293,0.0015863303646293,0.0047589910938879,68.52947175198858,0,0,,,,,,,road
,2025-08-14 10:46:49.038451794,Забайкальская,,,2025,2024,224 days 09:35:45.976204428,323135.76627007383,186.1109719160595,0.7045454545454546,Лето,3,8,0.0015863303646293,0.0015863303646293,0.0047589910938879,68.52947175198858,0,0,,,,,,,road
,2025-08-14 18:47:02.949994476,Забайкальская,,,2025,2024,224 days 17:35:59.887747110,323615.9981291185,480.23185904469574,0.7059659090909091,Лето,3,8,0.0015863303646293,0.0015863303646293,0.0047589910938879,68.52947175198858,0,0,,,,,,,road
,2025-08-14 22:14:19.573158132,Забайкальская,,,2025,2024,224 days 21:03:16.510910766,323823.2751818461,207.27705272758612,0.7073863636363636,Лето,3,8,0.0015863303646293,0.0015863303646293,0.0047589910938879,68.52947175198858,0,0,,,,,,,road
,2025-08-15 06:26:32.231621364,Забайкальская,,,2025,2024,225 days 05:15:29.169373998,324315.48615623335,492.21097438724246,0.7088068181818182,Лето,3,8,0.0015863303646293,0.0015863303646293,0.0047589910938879,68.52947175198858,0,0,,,,,,,road
,2025-08-15 19:22:05.634010800,Забайкальская,,,2025,2024,225 days 18:11:02.571763434,325091.0428627239,775.556706490519,0.7102272727272727,Лето,3,8,0.0015863303646293,0.0015863303646293,0.0047589910938879,68.52947175198858,0,0,,,,,,,road
,2025-08-16 09:17:49.602679380,Забайкальская,,,2025,2024,226 days 08:06:46.540432014,325926.77567386697,835.7328111430979,0.7116477272727273,Лето,3,8,0.0015863303646293,0.0015863303646293,0.0047589910938879,68.52947175198858,0,0,,,,,,,road
,2025-08-16 11:11:15.737575572,Забайкальская,,,2025,2024,226 days 10:00:12.675328206,326040.2112554701,113.43558160314569,0.7130681818181818,Лето,3,8,0.0015863303646293,0.0015863303646293,0.0047589910938879,68.52947175198858,0,0,,,,,,,road
,2025-08-17 01:46:14.987699952,Забайкальская,,,2025,2024,227 days 00:35:11.925452586,326915.19875754305,874.9875020729378,0.7144886363636364,Лето,3,8,0.0015863303646293,0.0015863303646293,0.0047589910938879,68.52947175198858,0,0,,,,,,,road
,2025-08-17 13:30:17.456958030,Забайкальская,,,2025,2024,227 days 12:19:14.394710664,327619.2399118444,704.0411543013179,0.7159090909090909,Лето,3,8,0.0015863303646293,0.0015863303646293,0.0047589910938879,68.52947175198858,0,0,,,,,,,road
,2025-08-17 13:37:54.276441576,Забайкальская,,,2025,2024,227 days 12:26:51.214194210,327626.85356990347,7.613658059097361,0.7173295454545454,Лето,3,8,0.0015863303646293,0.0015863303646293,0.0047589910938879,68.52947175198858,0,0,,,,,,,road
,2025-08-17 14:16:09.245151930,Забайкальская,,,2025,2024,227 days 13:05:06.182904564,327665.1030484094,38.249478505924344,0.71875,Лето,3,8,0.0015863303646293,0.0015863303646293,0.0047589910938879,68.52947175198858,0,0,,,,,,,road
,2025-08-18 01:11:13.671708750,Забайкальская,,,2025,2024,228 days 00:00:10.609461384,328320.17682435643,655.0737759470358,0.7201704545454546,Лето,3,8,0.0015863303646293,0.0015863303646293,0.0047589910938879,68.52947175198858,0,0,,,,,,,road
,2025-08-18 06:16:21.122383800,Забайкальская,,,2025,2024,228 days 05:05:18.060136434,328625.3010022739,305.12417791748885,0.7215909090909091,Лето,3,8,0.0015863303646293,0.0015863303646293,0.0047589910938879,68.52947175198858,0,0,,,,,,,road
,2025-08-18 07:55:55.131663084,Забайкальская,,,2025,2024,228 days 06:44:52.069415718,328724.8678235953,99.5668213213794,0.7230113636363636,Лето,3,8,0.0015863303646293,0.0015863303646293,0.0047589910938879,68.52947175198858,0,0,,,,,,,road
,2025-09-01 08:17:56.653317318,Забайкальская,,,2025,2024,242 days 07:06:53.591069952,348906.8931844992,20182.025360903877,0.7244318181818182,Осень,4,9,0.0015040029617289,0.0015040029617289,0.0045120088851867,64.97292794668888,0,0,,,,,,,road
,2025-09-01 14:40:12.557495040,Забайкальская,,,2025,2024,242 days 13:29:09.495247674,349289.1582541279,382.26506962871645,0.7258522727272727,Осень,4,9,0.0015040029617289,0.0015040029617289,0.0045120088851867,64.97292794668888,0,0,,,,,,,road
,2025-09-02 03:40:21.040040094,Забайкальская,,,2025,2024,243 days 02:29:17.977792728,350069.29962987883,780.1413757509436,0.7272727272727273,Осень,4,9,0.0015040029617289,0.0015040029617289,0.0045120088851867,64.97292794668888,0,0,,,,,,,road
,2025-09-02 04:04:59.045401812,Забайкальская,,,2025,2024,243 days 02:53:55.983154446,350093.93305257417,24.633422695333138,0.7286931818181818,Осень,4,9,0.0015040029617289,0.0015040029617289,0.0045120088851867,64.97292794668888,0,0,,,,,,,road
,2025-09-02 06:53:08.935970142,Забайкальская,,,2025,2024,243 days 05:42:05.873722776,350262.0978953796,168.16484280541772,0.7301136363636364,Осень,4,9,0.0015040029617289,0.0015040029617289,0.0045120088851867,64.97292794668888,0,0,,,,,,,road
,2025-09-02 17:30:17.301705420,Забайкальская,,,2025,2024,243 days 16:19:14.239458054,350899.2373243009,637.1394289213349,0.7315340909090909,Осень,4,9,0.0015040029617289,0.0015040029617289,0.0045120088851867,64.97292794668888,0,0,,,,,,,road
,2025-09-03 14:19:26.339062740,Забайкальская,,,2025,2024,244 days 13:08:23.276815374,352148.387946923,1249.1506226220517,0.7329545454545454,Осень,4,9,0.0015040029617289,0.0015040029617289,0.0045120088851867,64.97292794668888,0,0,,,,,,,road
,2025-09-03 19:38:28.212665472,Забайкальская,,,2025,2024,244 days 18:27:25.150418106,352467.419173635,319.0312267120462,0.734375,Осень,4,9,0.0015040029617289,0.0015040029617289,0.0045120088851867,64.97292794668888,0,0,,,,,,,road
,2025-09-03 22:57:33.646836438,Забайкальская,,,2025,2024,244 days 21:46:30.584589072,352666.5097431512,199.09056951617822,0.7357954545454546,Осень,4,9,0.0015040029617289,0.0015040029617289,0.0045120088851867,64.97292794668888,0,0,,,,,,,road
,2025-09-04 07:03:49.395568866,Забайкальская,,,2025,2024,245 days 05:52:46.333321500,353152.772222025,486.26247887383215,0.7372159090909091,Осень,4,9,0.0015040029617289,0.0015040029617289,0.0045120088851867,64.97292794668888,0,0,,,,,,,road
,2025-09-04 17:51:13.551749478,Забайкальская,,,2025,2024,245 days 16:40:10.489502112,353800.1748250352,647.4026030101813,0.7386363636363636,Осень,4,9,0.0015040029617289,0.0015040029617289,0.0045120088851867,64.97292794668888,0,0,,,,,,,road
,2025-09-04 23:53:31.733605841,Забайкальская,,,2025,2024,245 days 22:42:28.671358475,354162.47785597463,362.3030309394235,0.7400568181818182,Осень,4,9,0.0015040029617289,0.0015040029617289,0.0045120088851867,64.97292794668888,0,0,,,,,,,road
,2025-09-05 23:05:17.746508982,Забайкальская,,,2025,2024,246 days 21:54:14.684261616,355554.24473769363,1391.7668817189988,0.7414772727272727,Осень,4,9,0.0015040029617289,0.0015040029617289,0.0045120088851867,64.97292794668888,0,0,,,,,,,road
,2025-09-06 07:18:05.199043326,Забайкальская,,,2025,2024,247 days 06:07:02.136795960,356047.035613266,492.790875572362,0.7428977272727273,Осень,4,9,0.0015040029617289,0.0015040029617289,0.0045120088851867,64.97292794668888,0,0,,,,,,,road
,2025-09-06 07:42:20.555246616,Забайкальская,,,2025,2024,247 days 06:31:17.492999250,356071.29154998745,24.255936721456237,0.7443181818181818,Осень,4,9,0.0015040029617289,0.0015040029617289,0.0045120088851867,64.97292794668888,0,0,,,,,,,road
,2025-09-06 10:30:09.060850290,Забайкальская,,,2025,2024,247 days 09:19:05.998602924,356239.0999767154,167.80842672794824,0.7457386363636364,Осень,4,9,0.0015040029617289,0.0015040029617289,0.0045120088851867,64.97292794668888,0,0,,,,,,,road
,2025-09-06 17:08:25.853411496,Забайкальская,,,2025,2024,247 days 15:57:22.791164130,356637.37985273544,398.2798760200385,0.7471590909090909,Осень,4,9,0.0015040029617289,0.0015040029617289,0.0045120088851867,64.97292794668888,0,0,,,,,,,road
,2025-09-07 06:23:55.272597624,Забайкальская,,,2025,2024,248 days 05:12:52.210350258,357432.8701725043,795.49031976884,0.7485795454545454,Осень,4,9,0.0015040029617289,0.0015040029617289,0.0045120088851867,64.97292794668888,0,0,,,,,,,road
,2025-09-07 09:08:54.605772564,Забайкальская,,,2025,2024,248 days 07:57:51.543525198,357597.85905875335,164.98888624907704,0.75,Осень,4,9,0.0015040029617289,0.0015040029617289,0.0045120088851867,64.97292794668888,0,0,,,,,,,road
,2025-09-09 02:35:55.829826600,Забайкальская,,,2025,2024,250 days 01:24:52.767579234,360084.87945965386,2487.02040090051,0.7514204545454546,Осень,4,9,0.0015040029617289,0.0015040029617289,0.0045120088851867,64.97292794668888,0,0,,,,,,,road
,2025-09-09 06:50:56.777756688,Забайкальская,,,2025,2024,250 days 05:39:53.715509322,360339.8952584887,255.015798834851,0.7528409090909091,Осень,4,9,0.0015040029617289,0.0015040029617289,0.0045120088851867,64.97292794668888,0,0,,,,,,,road
,2025-09-09 15:16:28.377317220,Забайкальская,,,2025,2024,250 days 14:05:25.315069854,360845.4219178309,505.5266593421693,0.7542613636363636,Осень,4,9,0.0015040029617289,0.0015040029617289,0.0045120088851867,64.97292794668888,0,0,,,,,,,road
,2025-09-09 15:29:12.280879722,Забайкальская,,,2025,2024,250 days 14:18:09.218632356,360858.1536438726,12.73172604170395,0.7556818181818182,Осень,4,9,0.0015040029617289,0.0015040029617289,0.0045120088851867,64.97292794668888,0,0,,,,,,,road
,2025-09-10 15:26:37.058652210,Забайкальская,,,2025,2024,251 days 14:15:33.996404844,362295.5666067474,1437.412962874805,0.7571022727272727,Осень,4,9,0.0015040029617289,0.0015040029617289,0.0045120088851867,64.97292794668888,0,0,,,,,,,road
,2025-09-11 08:40:36.051634620,Забайкальская,,,2025,2024,252 days 07:29:32.989387254,363329.54982312093,1033.983216373541,0.7585227272727273,Осень,4,9,0.0015040029617289,0.0015040029617289,0.0045120088851867,64.97292794668888,0,0,,,,,,,road
,2025-09-11 11:05:12.182670786,Забайкальская,,,2025,2024,252 days 09:54:09.120423420,363474.15200705704,144.60218393610558,0.7599431818181818,Осень,4,9,0.0015040029617289,0.0015040029617289,0.0045120088851867,64.97292794668888,0,0,,,,,,,road
,2025-09-12 17:04:48.098474424,Забайкальская,,,2025,2024,253 days 15:53:45.036227058,365273.7506037842,1799.5985967271845,0.7613636363636364,Осень,4,9,0.0015040029617289,0.0015040029617289,0.0045120088851867,64.97292794668888,0,0,,,,,,,road
,2025-09-12 21:17:10.214613792,Забайкальская,,,2025,2024,253 days 20:06:07.152366426,365526.1192061071,252.36860232288018,0.7627840909090909,Осень,4,9,0.0015040029617289,0.0015040029617289,0.0045120088851867,64.97292794668888,0,0,,,,,,,road
,2025-09-13 10:20:35.195642898,Забайкальская,,,2025,2024,254 days 09:09:32.133395532,366309.53555659216,783.4163504850585,0.7642045454545454,Осень,4,9,0.0015040029617289,0.0015040029617289,0.0045120088851867,64.97292794668888,0,0,,,,,,,road
,2025-09-14 05:16:58.335972216,Забайкальская,,,2025,2024,255 days 04:05:55.273724850,367445.92122874747,1136.385672155302,0.765625,Осень,4,9,0.0015040029617289,0.0015040029617289,0.0045120088851867,64.97292794668888,0,0,,,,,,,road
,2025-09-14 20:14:58.429589670,Забайкальская,,,2025,2024,255 days 19:03:55.367342304,368343.9227890384,898.0015602909261,0.7670454545454546,Осень,4,9,0.0015040029617289,0.0015040029617289,0.0045120088851867,64.97292794668888,0,0,,,,,,,road
,2025-09-15 23:54:31.143037416,Забайкальская,,,2025,2024,256 days 22:43:28.080790050,370003.46801316744,1659.5452241290477,0.7684659090909091,Осень,4,9,0.0015040029617289,0.0015040029617289,0.0045120088851867,64.97292794668888,0,0,,,,,,,road
,2025-09-16 22:02:23.435615562,Забайкальская,,,2025,2024,257 days 20:51:20.373368196,371331.3395561366,1327.8715429691365,0.7698863636363636,Осень,4,9,0.0015040029617289,0.0015040029617289,0.0045120088851867,64.97292794668888,0,0,,,,,,,road
,2025-09-19 07:55:26.968386786,Забайкальская,,,2025,2024,260 days 06:44:23.906139420,374804.39843565697,3473.058879520395,0.7713068181818182,Осень,4,9,0.0015040029617289,0.0015040029617289,0.0045120088851867,64.97292794668888,0,0,,,,,,,road
,2025-09-19 10:09:31.128210642,Забайкальская,,,2025,2024,260 days 08:58:28.065963276,374938.4677660546,134.06933039764408,0.7727272727272727,Осень,4,9,0.0015040029617289,0.0015040029617289,0.0045120088851867,64.97292794668888,0,0,,,,,,,road
,2025-09-19 14:11:12.459764040,Забайкальская,,,2025,2024,260 days 13:00:09.397516674,375180.1566252779,241.68885922327172,0.7741477272727273,Осень,4,9,0.0015040029617289,0.0015040029617289,0.0045120088851867,64.97292794668888,0,0,,,,,,,road
,2025-09-20 01:23:33.688256196,Забайкальская,,,2025,2024,261 days 00:12:30.626008830,375852.5104334805,672.3538082026062,0.7755681818181818,Осень,4,9,0.0015040029617289,0.0015040029617289,0.0045120088851867,64.97292794668888,0,0,,,,,,,road
,2025-09-20 16:01:40.420769040,Забайкальская,,,2025,2024,261 days 14:50:37.358521674,376730.6226420279,878.1122085474199,0.7769886363636364,Осень,4,9,0.0015040029617289,0.0015040029617289,0.0045120088851867,64.97292794668888,0,0,,,,,,,road
,2025-09-21 00:30:13.747204122,Забайкальская,,,2025,2024,261 days 23:19:10.684956756,377239.1780826126,508.5554405846633,0.7784090909090909,Осень,4,9,0.0015040029617289,0.0015040029617289,0.0045120088851867,64.97292794668888,0,0,,,,,,,road
,2025-09-21 01:21:17.718069156,Забайкальская,,,2025,2024,262 days 00:10:14.655821790,377290.24426369654,51.06618108396651,0.7798295454545454,Осень,4,9,0.0015040029617289,0.0015040029617289,0.0045120088851867,64.97292794668888,0,0,,,,,,,road
,2025-09-21 21:46:25.618509792,Забайкальская,,,2025,2024,262 days 20:35:22.556262426,378515.375937707,1225.1316740104812,0.78125,Осень,4,9,0.0015040029617289,0.0015040029617289,0.0045120088851867,64.97292794668888,0,0,,,,,,,road
,2025-09-23 09:41:19.665923562,Забайкальская,,,2025,2024,264 days 08:30:16.603676196,380670.2767279366,2154.900790229556,0.7826704545454546,Осень,4,9,0.0015040029617289,0.0015040029617289,0.0045120088851867,64.97292794668888,0,0,,,,,,,road
,2025-09-23 15:27:06.815068098,Забайкальская,,,2025,2024,264 days 14:16:03.752820732,381016.0625470122,345.7858190755942,0.7840909090909091,Осень,4,9,0.0015040029617289,0.0015040029617289,0.0045120088851867,64.97292794668888,0,0,,,,,,,road
,2025-09-23 18:16:25.717395198,Забайкальская,,,2025,2024,264 days 17:05:22.655147832,381185.3775857972,169.31503878504736,0.7855113636363636,Осень,4,9,0.0015040029617289,0.0015040029617289,0.0045120088851867,64.97292794668888,0,0,,,,,,,road
,2025-09-23 18:29:23.749201086,Забайкальская,,,2025,2024,264 days 17:18:20.686953720,381198.344782562,12.96719676477369,0.7869318181818182,Осень,4,9,0.0015040029617289,0.0015040029617289,0.0045120088851867,64.97292794668888,0,0,,,,,,,road
,2025-09-23 21:29:30.479755392,Забайкальская,,,2025,2024,264 days 20:18:27.417508026,381378.4569584671,180.1121759050875,0.7883522727272727,Осень,4,9,0.0015040029617289,0.0015040029617289,0.0045120088851867,64.97292794668888,0,0,,,,,,,road
,2025-09-24 10:49:50.415396336,Забайкальская,,,2025,2024,265 days 09:38:47.353148970,382178.78921914945,800.332260682364,0.7897727272727273,Осень,4,9,0.0015040029617289,0.0015040029617289,0.0045120088851867,64.97292794668888,0,0,,,,,,,road
,2025-09-25 13:42:42.695610642,Забайкальская,,,2025,2024,266 days 12:31:39.633363276,383791.6605560546,1612.8713369051693,0.7911931818181818,Осень,4,9,0.0015040029617289,0.0015040029617289,0.0045120088851867,64.97292794668888,0,0,,,,,,,road
,2025-09-25 14:47:59.389880988,Забайкальская,,,2025,2024,266 days 13:36:56.327633622,383856.9387938937,65.27823783911299,0.7926136363636364,Осень,4,9,0.0015040029617289,0.0015040029617289,0.0045120088851867,64.97292794668888,0,0,,,,,,,road
,2025-09-25 23:43:44.673238572,Забайкальская,,,2025,2024,266 days 22:32:41.610991206,384392.69351652014,535.7547226264141,0.7940340909090909,Осень,4,9,0.0015040029617289,0.0015040029617289,0.0045120088851867,64.97292794668888,0,0,,,,,,,road
,2025-09-26 12:54:25.543359000,Забайкальская,,,2025,2024,267 days 11:43:22.481111634,385183.3746851938,790.6811686736764,0.7954545454545454,Осень,4,9,0.0015040029617289,0.0015040029617289,0.0045120088851867,64.97292794668888,0,0,,,,,,,road
,2025-09-26 16:29:30.704953050,Забайкальская,,,2025,2024,267 days 15:18:27.642705684,385398.4607117614,215.0860265675583,0.796875,Осень,4,9,0.0015040029617289,0.0015040029617289,0.0045120088851867,64.97292794668888,0,0,,,,,,,road
,2025-09-27 01:50:30.106296120,Забайкальская,,,2025,2024,268 days 00:39:27.044048754,385959.4507341459,560.9900223845034,0.7982954545454546,Осень,4,9,0.0015040029617289,0.0015040029617289,0.0045120088851867,64.97292794668888,0,0,,,,,,,road
,2025-09-27 15:45:41.901857634,Забайкальская,,,2025,2024,268 days 14:34:38.839610268,386794.6473268378,835.1965926919365,0.7997159090909091,Осень,4,9,0.0015040029617289,0.0015040029617289,0.0045120088851867,64.97292794668888,0,0,,,,,,,road
,2025-09-28 11:54:45.404350014,Забайкальская,,,2025,2024,269 days 10:43:42.342102648,388003.7057017108,1209.058374872955,0.8011363636363636,Осень,4,9,0.0015040029617289,0.0015040029617289,0.0045120088851867,64.97292794668888,0,0,,,,,,,road
,2025-09-28 18:35:16.974505596,Забайкальская,,,2025,2024,269 days 17:24:13.912258230,388404.2318709705,400.52616925974144,0.8025568181818182,Осень,4,9,0.0015040029617289,0.0015040029617289,0.0045120088851867,64.97292794668888,0,0,,,,,,,road
,2025-09-29 09:51:20.686495152,Забайкальская,,,2025,2024,270 days 08:40:17.624247786,389320.2937374631,916.0618664925569,0.8039772727272727,Осень,4,9,0.0015040029617289,0.0015040029617289,0.0045120088851867,64.97292794668888,0,0,,,,,,,road
,2025-09-29 13:50:11.454649848,Забайкальская,,,2025,2024,270 days 12:39:08.392402482,389559.13987337466,238.84613591158995,0.8053977272727273,Осень,4,9,0.0015040029617289,0.0015040029617289,0.0045120088851867,64.97292794668888,0,0,,,,,,,road
,2025-09-29 16:29:29.405150724,Забайкальская,,,2025,2024,270 days 15:18:26.342903358,389718.4390483893,159.29917501466116,0.8068181818181818,Осень,4,9,0.0015040029617289,0.0015040029617289,0.0045120088851867,64.97292794668888,0,0,,,,,,,road
,2025-09-29 18:47:23.730165198,Забайкальская,,,2025,2024,270 days 17:36:20.667917832,389856.34446529724,137.90541690791724,0.8082386363636364,Осень,4,9,0.0015040029617289,0.0015040029617289,0.0045120088851867,64.97292794668888,0,0,,,,,,,road
,2025-09-29 23:42:57.496924452,Забайкальская,,,2025,2024,270 days 22:31:54.434677086,390151.9072446181,295.5627793208696,0.8096590909090909,Осень,4,9,0.0015040029617289,0.0015040029617289,0.0045120088851867,64.97292794668888,0,0,,,,,,,road
,2025-09-30 00:07:15.174136559,Забайкальская,,,2025,2024,270 days 22:56:12.111889193,390176.20186481986,24.29462020174833,0.8110795454545454,Осень,4,9,0.0015040029617289,0.0015040029617289,0.0045120088851867,64.97292794668888,0,0,,,,,,,road
,2025-09-30 03:48:26.479961202,Забайкальская,,,2025,2024,271 days 02:37:23.417713836,390397.3902952306,221.1884304107516,0.8125,Осень,4,9,0.0015040029617289,0.0015040029617289,0.0045120088851867,64.97292794668888,0,0,,,,,,,road
,2025-09-30 15:30:41.768173566,Забайкальская,,,2025,2024,271 days 14:19:38.705926200,391099.64509877,702.2548035393702,0.8139204545454546,Осень,4,9,0.0015040029617289,0.0015040029617289,0.0045120088851867,64.97292794668888,0,0,,,,,,,road
,2025-10-01 03:04:46.399603014,Забайкальская,,,2025,2024,272 days 01:53:43.337355648,391793.72228926077,694.0771904907888,0.8153409090909091,Осень,4,10,0.0015040029617289,0.0015040029617289,0.0045120088851867,64.97292794668888,0,0,,,,,,,road
,2025-10-01 03:55:34.238412834,Забайкальская,,,2025,2024,272 days 02:44:31.176165468,391844.5196027578,50.79731349705253,0.8167613636363636,Осень,4,10,0.0015040029617289,0.0015040029617289,0.0045120088851867,64.97292794668888,0,0,,,,,,,road
,2025-10-01 07:40:52.440848880,Забайкальская,,,2025,2024,272 days 06:29:49.378601514,392069.8229766919,225.3033739340608,0.8181818181818182,Осень,4,10,0.0015040029617289,0.0015040029617289,0.0045120088851867,64.97292794668888,0,0,,,,,,,road
,2025-10-01 17:01:20.376445458,Забайкальская,,,2025,2024,272 days 15:50:17.314198092,392630.2885699682,560.4655932763126,0.8196022727272727,Осень,4,10,0.0015040029617289,0.0015040029617289,0.0045120088851867,64.97292794668888,0,0,,,,,,,road
,2025-10-01 21:16:20.966054844,Забайкальская,,,2025,2024,272 days 20:05:17.903807478,392885.29839679133,255.0098268231377,0.8210227272727273,Осень,4,10,0.0015040029617289,0.0015040029617289,0.0045120088851867,64.97292794668888,0,0,,,,,,,road
,2025-10-02 03:16:13.912408290,Забайкальская,,,2025,2024,273 days 02:05:10.850160924,393245.1808360154,359.88243922404945,0.8224431818181818,Осень,4,10,0.0015040029617289,0.0015040029617289,0.0045120088851867,64.97292794668888,0,0,,,,,,,road
,2025-10-02 17:05:45.645419262,Забайкальская,,,2025,2024,273 days 15:54:42.583171896,394074.7097195316,829.5288835162064,0.8238636363636364,Осень,4,10,0.0015040029617289,0.0015040029617289,0.0045120088851867,64.97292794668888,0,0,,,,,,,road
,2025-10-02 17:11:07.468646418,Забайкальская,,,2025,2024,273 days 16:00:04.406399052,394080.07343998423,5.363720452645794,0.8252840909090909,Осень,4,10,0.001735741771164651,0.0015040029617289,0.0045120088851867,64.97292794668888,0,1,,,,,,,road
,2025-10-02 20:14:13.917478530,Забайкальская,,,2025,2024,273 days 19:03:10.855231164,394263.18092051934,183.10748053510906,0.8267045454545454,Осень,4,10,0.001766763447462719,0.0015040029617289,0.0045120088851867,64.97292794668888,0,1,,,,,,,road
,2025-10-02 21:32:21.238649184,Забайкальская,,,2025,2024,273 days 20:21:18.176401818,394341.3029400303,78.12201951094903,0.828125,Осень,4,10,0.0019659645918180596,0.0015040029617289,0.0045120088851867,64.97292794668888,0,1,,,,,,,road
,2025-10-02 22:22:42.288569022,Забайкальская,,,2025,2024,273 days 21:11:39.226321656,394391.6537720276,50.35083199728979,0.8295454545454546,Осень,4,10,0.002711330978251926,0.0015040029617289,0.0045120088851867,64.97292794668888,0,1,,,,,,,road
,2025-10-03 15:18:55.808193102,Забайкальская,,,2025,2024,274 days 14:07:52.745945736,395407.8790990956,1016.2253270680085,0.8309659090909091,Осень,4,10,0.003144149724982894,0.0015040029617289,0.0045120088851867,64.97292794668888,0,1,,,,,,,road
,2025-10-03 17:38:38.120472504,Забайкальская,,,2025,2024,274 days 16:27:35.058225138,395547.5843037523,139.70520465669688,0.8323863636363636,Осень,4,10,0.003382145156547677,0.0015040029617289,0.0045120088851867,64.97292794668888,0,1,,,,,,,road
,2025-10-03 20:59:00.140420544,Забайкальская,,,2025,2024,274 days 19:47:57.078173178,395747.95130288624,200.3669991339557,0.8338068181818182,Осень,4,10,0.003737377883450806,0.0015040029617289,0.0045120088851867,64.97292794668888,0,1,,,,,,,road
,2025-10-04 02:38:47.073163248,Забайкальская,,,2025,2024,275 days 01:27:44.010915882,396087.73351526464,339.782212378399,0.8352272727272727,Осень,4,10,0.0038954057881185273,0.0015040029617289,0.0045120088851867,64.97292794668888,0,1,,,,,,,road
,2025-10-04 02:51:01.096719690,Забайкальская,,,2025,2024,275 days 01:39:58.034472324,396099.9672412054,12.233725940750446,0.8366477272727273,Осень,4,10,0.0039734443319399265,0.0015040029617289,0.0045120088851867,64.97292794668888,0,1,,,,,,,road
,2025-10-04 03:52:08.420998572,Забайкальская,,,2025,2024,275 days 02:41:05.358751206,396161.0893125201,61.122071314719506,0.8380681818181818,Осень,4,10,0.0045120088851867,0.0015040029617289,0.0045120088851867,64.97292794668888,1,0,,,,,,,road
,2025-10-04 10:27:40.706355888,Забайкальская,,,2025,2024,275 days 09:16:37.644108522,396556.6274018086,395.53808928851504,0.8394886363636364,Осень,4,10,0.0045120088851867,0.0015040029617289,0.0045120088851867,64.97292794668888,1,0,,,,,,,road
,2025-10-04 17:46:36.207363300,Забайкальская,,,2025,2024,275 days 16:35:33.145115934,396995.5524185989,438.9250167902792,0.8409090909090909,Осень,4,10,0.0045120088851867,0.0015040029617289,0.0045120088851867,64.97292794668888,1,0,,,,,,,road
,2025-10-04 19:30:02.717281158,Забайкальская,,,2025,2024,275 days 18:18:59.655033792,397098.9942505632,103.44183196430095,0.8423295454545454,Осень,4,10,0.0045120088851867,0.0015040029617289,0.0045120088851867,64.97292794668888,1,0,,,,,,,road
,2025-10-04 21:14:09.808878144,Забайкальская,,,2025,2024,275 days 20:03:06.746630778,397203.1124438463,104.11819328309502,0.84375,Осень,4,10,0.0045120088851867,0.0015040029617289,0.0045120088851867,64.97292794668888,1,0,,,,,,,road
,2025-10-05 02:27:36.547795722,Забайкальская,,,2025,2024,276 days 01:16:33.485548356,397516.55809247255,313.44564862624975,0.8451704545454546,Осень,4,10,0.0045120088851867,0.0015040029617289,0.0045120088851867,64.97292794668888,1,0,,,,,,,road
,2025-10-05 03:45:06.234032256,Забайкальская,,,2025,2024,276 days 02:34:03.171784890,397594.0528630815,77.49477060895879,0.8465909090909091,Осень,4,10,0.0045120088851867,0.0015040029617289,0.0045120088851867,64.97292794668888,1,0,,,,,,,road
,2025-10-05 04:12:42.302994630,Забайкальская,,,2025,2024,276 days 03:01:39.240747264,397621.65401245444,27.601149372931104,0.8480113636363636,Осень,4,10,0.0045120088851867,0.0015040029617289,0.0045120088851867,64.97292794668888,1,0,,,,,,,road
,2025-10-05 05:18:42.137668554,Забайкальская,,,2025,2024,276 days 04:07:39.075421188,397687.6512570198,65.99724456534022,0.8494318181818182,Осень,4,10,0.0045120088851867,0.0015040029617289,0.0045120088851867,64.97292794668888,1,0,,,,,,,road
,2025-10-05 07:07:17.455547388,Забайкальская,,,2025,2024,276 days 05:56:14.393300022,397796.2398883337,108.58863131393446,0.8508522727272727,Осень,4,10,0.0045120088851867,0.0015040029617289,0.0045120088851867,64.97292794668888,1,0,,,,,,,road
,2025-10-05 07:19:10.442686392,Забайкальская,,,2025,2024,276 days 06:08:07.380439026,397808.1230073171,11.883118983358145,0.8522727272727273,Осень,4,10,0.0045120088851867,0.0015040029617289,0.0045120088851867,64.97292794668888,1,0,,,,,,,road
,2025-10-05 09:43:32.549430912,Забайкальская,,,2025,2024,276 days 08:32:29.487183546,397952.4914530591,144.36844574200222,0.8536931818181818,Осень,4,10,0.0045120088851867,0.0015040029617289,0.0045120088851867,64.97292794668888,1,0,,,,,,,road
,2025-10-05 14:42:06.111810012,Забайкальская,,,2025,2024,276 days 13:31:03.049562646,398251.0508260441,298.55937298503704,0.8551136363636364,Осень,4,10,0.0045120088851867,0.0015040029617289,0.0045120088851867,64.97292794668888,1,0,,,,,,,road
,2025-10-05 17:21:54.156738144,Забайкальская,,,2025,2024,276 days 16:10:51.094490778,398410.8515748463,159.80074880219763,0.8565340909090909,Осень,4,10,0.0045120088851867,0.0015040029617289,0.0045120088851867,64.97292794668888,1,0,,,,,,,road
,2025-10-05 17:38:26.319318078,Забайкальская,,,2025,2024,276 days 16:27:23.257070712,398427.3876178452,16.536042998894118,0.8579545454545454,Осень,4,10,0.0045120088851867,0.0015040029617289,0.0045120088851867,64.97292794668888,1,0,,,,,,,road
,2025-10-05 19:47:00.210108852,Забайкальская,,,2025,2024,276 days 18:35:57.147861486,398555.9524643581,128.56484651291976,0.859375,Осень,4,10,0.0045120088851867,0.0015040029617289,0.0045120088851867,64.97292794668888,1,0,,,,,,,road
,2025-10-06 00:20:31.138671071,Забайкальская,,,2025,2024,276 days 23:09:28.076423705,398829.46794039506,273.51547603693325,0.8607954545454546,Осень,4,10,0.0045120088851867,0.0015040029617289,0.0045120088851867,64.97292794668888,1,0,,,,,,,road
,2025-10-06 00:33:47.049533994,Забайкальская,,,2025,2024,276 days 23:22:43.987286628,398842.7331214438,13.265181048715021,0.8622159090909091,Осень,4,10,0.0045120088851867,0.0015040029617289,0.0045120088851867,64.97292794668888,1,0,,,,,,,road
,2025-10-06 00:47:27.697556370,Забайкальская,,,2025,2024,276 days 23:36:24.635309004,398856.4105884834,13.677467039611656,0.8636363636363636,Осень,4,10,0.0045120088851867,0.0015040029617289,0.0045120088851867,64.97292794668888,1,0,,,,,,,road
,2025-10-06 02:30:04.474311876,Забайкальская,,,2025,2024,277 days 01:19:01.412064510,398959.02353440854,102.61294592515333,0.8650568181818182,Осень,4,10,0.0045120088851867,0.0015040029617289,0.0045120088851867,64.97292794668888,1,0,,,,,,,road
,2025-10-06 03:18:08.354769827,Забайкальская,,,2025,2024,277 days 02:07:05.292522461,399007.0882087077,48.0646742991521,0.8664772727272727,Осень,4,10,0.0045120088851867,0.0015040029617289,0.0045120088851867,64.97292794668888,1,0,,,,,,,road
,2025-10-06 13:23:11.491280502,Забайкальская,,,2025,2024,277 days 12:12:08.429033136,399612.14048388565,605.0522751779645,0.8678977272727273,Осень,4,10,0.0045120088851867,0.0015040029617289,0.0045120088851867,64.97292794668888,1,0,,,,,,,road
,2025-10-06 16:36:09.989119998,Забайкальская,,,2025,2024,277 days 15:25:06.926872632,399805.1154478772,192.97496399155352,0.8693181818181818,Осень,4,10,0.0045120088851867,0.0015040029617289,0.0045120088851867,64.97292794668888,1,0,,,,,,,road
,2025-10-06 17:51:14.373114096,Забайкальская,,,2025,2024,277 days 16:40:11.310866730,399880.1885144455,75.07306656829314,0.8707386363636364,Осень,4,10,0.0045120088851867,0.0015040029617289,0.0045120088851867,64.97292794668888,1,0,,,,,,,road
,2025-10-06 22:21:38.056038882,Забайкальская,,,2025,2024,277 days 21:10:34.993791516,400150.5832298586,270.39471541310195,0.8721590909090909,Осень,4,10,0.0045120088851867,0.0015040029617289,0.0045120088851867,64.97292794668888,1,0,,,,,,,road
,2025-10-07 00:05:46.582535442,Забайкальская,,,2025,2024,277 days 22:54:43.520288076,400254.7253381346,104.14210827602074,0.8735795454545454,Осень,4,10,0.0045120088851867,0.0015040029617289,0.0045120088851867,64.97292794668888,1,0,,,,,,,road
,2025-10-07 00:37:10.844836182,Забайкальская,,,2025,2024,277 days 23:26:07.782588816,400286.1297098136,31.404371679003816,0.875,Осень,4,10,0.0045120088851867,0.0015040029617289,0.0045120088851867,64.97292794668888,1,0,,,,,,,road
,2025-10-07 01:37:11.923624758,Забайкальская,,,2025,2024,278 days 00:26:08.861377392,400346.1476896232,60.017979809548706,0.8764204545454546,Осень,4,10,0.0045120088851867,0.0015040029617289,0.0045120088851867,64.97292794668888,1,0,,,,,,,road
,2025-10-07 05:25:19.554396234,Забайкальская,,,2025,2024,278 days 04:14:16.492148868,400574.2748691478,228.12717952462845,0.8778409090909091,Осень,4,10,0.0045120088851867,0.0015040029617289,0.0045120088851867,64.97292794668888,1,0,,,,,,,road
,2025-10-07 05:37:07.931929326,Забайкальская,,,2025,2024,278 days 04:26:04.869681960,400586.081161366,11.806292218214367,0.8792613636363636,Осень,4,10,0.0045120088851867,0.0015040029617289,0.0045120088851867,64.97292794668888,1,0,,,,,,,road
,2025-10-07 06:47:41.981604342,Забайкальская,,,2025,2024,278 days 05:36:38.919356976,400656.64865594957,70.56749458354898,0.8806818181818182,Осень,4,10,0.0045120088851867,0.0015040029617289,0.0045120088851867,64.97292794668888,1,0,,,,,,,road
,2025-10-07 07:39:28.188843522,Забайкальская,,,2025,2024,278 days 06:28:25.126596156,400708.4187766026,51.77012065303279,0.8821022727272727,Осень,4,10,0.0045120088851867,0.0015040029617289,0.0045120088851867,64.97292794668888,1,0,,,,,,,road
,2025-10-07 08:29:14.399016636,Забайкальская,,,2025,2024,278 days 07:18:11.336769270,400758.18894615455,49.77016955194995,0.8835227272727273,Осень,4,10,0.0045120088851867,0.0015040029617289,0.0045120088851867,64.97292794668888,1,0,,,,,,,road
,2025-10-07 12:43:41.713324008,Забайкальская,,,2025,2024,278 days 11:32:38.651076642,401012.6441846107,254.45523845613934,0.8849431818181818,Осень,4,10,0.0045120088851867,0.0015040029617289,0.0045120088851867,64.97292794668888,1,0,,,,,,,road
,2025-10-07 19:11:01.671952476,Забайкальская,,,2025,2024,278 days 17:59:58.609705110,401399.97682841856,387.3326438078657,0.8863636363636364,Осень,4,10,0.0045120088851867,0.0015040029617289,0.0045120088851867,64.97292794668888,1,0,,,,,,,road
,2025-10-07 23:49:54.504176814,Забайкальская,,,2025,2024,278 days 22:38:51.441929448,401678.8573654908,278.8805370722548,0.8877840909090909,Осень,4,10,0.0045120088851867,0.0015040029617289,0.0045120088851867,64.97292794668888,1,0,,,,,,,road
,2025-10-08 03:39:53.543218260,Забайкальская,,,2025,2024,279 days 02:28:50.480970894,401908.84134951496,229.9839840241475,0.8892045454545454,Осень,4,10,0.0045120088851867,0.0015040029617289,0.0045120088851867,64.97292794668888,1,0,,,,,,,road
,2025-10-08 12:50:03.202028892,Забайкальская,,,2025,2024,279 days 11:39:00.139781526,402459.0023296921,550.1609801771701,0.890625,Осень,4,10,0.0045120088851867,0.0015040029617289,0.0045120088851867,64.97292794668888,1,0,,,,,,,road
,2025-10-08 13:03:23.288630346,Забайкальская,,,2025,2024,279 days 11:52:20.226382980,402472.337106383,13.334776690870058,0.8920454545454546,Осень,4,10,0.0045120088851867,0.0015040029617289,0.0045120088851867,64.97292794668888,1,0,,,,,,,road
,2025-10-08 13:44:00.806971098,Забайкальская,,,2025,2024,279 days 12:32:57.744723732,402512.9624120622,40.62530567921931,0.8934659090909091,Осень,4,10,0.0045120088851867,0.0015040029617289,0.0045120088851867,64.97292794668888,1,0,,,,,,,road
,2025-10-08 15:42:36.883695792,Забайкальская,,,2025,2024,279 days 14:31:33.821448426,402631.56369080703,118.60127874481259,0.8948863636363636,Осень,4,10,0.0045120088851867,0.0015040029617289,0.0045120088851867,64.97292794668888,1,0,,,,,,,road
,2025-10-08 17:25:52.809643494,Забайкальская,,,2025,2024,279 days 16:14:49.747396128,402734.8291232688,103.26543246174697,0.8963068181818182,Осень,4,10,0.0045120088851867,0.0015040029617289,0.0045120088851867,64.97292794668888,1,0,,,,,,,road
,2025-10-08 19:25:51.911159148,Забайкальская,,,2025,2024,279 days 18:14:48.848911782,402854.8141485297,119.98502526094671,0.8977272727272727,Осень,4,10,0.0045120088851867,0.0015040029617289,0.0045120088851867,64.97292794668888,1,0,,,,,,,road
,2025-10-08 20:17:06.970398672,Забайкальская,,,2025,2024,279 days 19:06:03.908151306,402906.06513585505,51.25098732532933,0.8991477272727273,Осень,4,10,0.0045120088851867,0.0015040029617289,0.0045120088851867,64.97292794668888,1,0,,,,,,,road
,2025-10-08 20:53:00.353997822,Забайкальская,,,2025,2024,279 days 19:41:57.291750456,402941.95486250764,35.88972665258916,0.9005681818181818,Осень,4,10,0.0045120088851867,0.0015040029617289,0.0045120088851867,64.97292794668888,1,0,,,,,,,road
,2025-10-08 23:30:44.495041620,Забайкальская,,,2025,2024,279 days 22:19:41.432794254,403099.6905465709,157.7356840632856,0.9019886363636364,Осень,4,10,0.0045120088851867,0.0015040029617289,0.0045120088851867,64.97292794668888,1,0,,,,,,,road
,2025-10-09 09:14:02.018239464,Забайкальская,,,2025,2024,280 days 08:02:58.955992098,403682.98259986826,583.2920532973367,0.9034090909090909,Осень,4,10,0.0045120088851867,0.0015040029617289,0.0045120088851867,64.97292794668888,1,0,,,,,,,road
,2025-10-09 11:04:18.097922010,Забайкальская,,,2025,2024,280 days 09:53:15.035674644,403793.2505945774,110.26799470913829,0.9048295454545454,Осень,4,10,0.0045120088851867,0.0015040029617289,0.0045120088851867,64.97292794668888,1,0,,,,,,,road
,2025-10-09 11:33:46.221052746,Забайкальская,,,2025,2024,280 days 10:22:43.158805380,403822.71931342303,29.468718845630065,0.90625,Осень,4,10,0.0015040029617289,0.0015040029617289,0.0045120088851867,64.97292794668888,0,0,,,,,,,road
,2025-10-10 01:08:05.627517858,Забайкальская,,,2025,2024,280 days 23:57:02.565270492,404637.0427545082,814.3234410851728,0.9076704545454546,Осень,4,10,0.0015040029617289,0.0015040029617289,0.0045120088851867,64.97292794668888,0,0,,,,,,,road
,2025-10-10 04:56:50.908710006,Забайкальская,,,2025,2024,281 days 03:45:47.846462640,404865.797441044,228.75468653580174,0.9090909090909091,Осень,4,10,0.0015040029617289,0.0015040029617289,0.0045120088851867,64.97292794668888,0,0,,,,,,,road
,2025-10-10 08:03:47.510630178,Забайкальская,,,2025,2024,281 days 06:52:44.448382812,405052.7408063802,186.94336533622118,0.9105113636363636,Осень,4,10,0.0015040029617289,0.0015040029617289,0.0045120088851867,64.97292794668888,0,0,,,,,,,road
,2025-10-10 12:24:23.541021066,Забайкальская,,,2025,2024,281 days 11:13:20.478773700,405313.34131289495,260.6005065147183,0.9119318181818182,Осень,4,10,0.0015040029617289,0.0015040029617289,0.0045120088851867,64.97292794668888,0,0,,,,,,,road
,2025-10-11 02:39:54.008219958,Забайкальская,,,2025,2024,282 days 01:28:50.945972592,406168.8490995432,855.5077866482316,0.9133522727272727,Осень,4,10,0.0015040029617289,0.0015040029617289,0.0045120088851867,64.97292794668888,0,0,,,,,,,road
,2025-10-11 21:35:42.579444510,Забайкальская,,,2025,2024,282 days 20:24:39.517197144,407304.6586199524,1135.8095204092097,0.9147727272727273,Осень,4,10,0.0015040029617289,0.0015040029617289,0.0045120088851867,64.97292794668888,0,0,,,,,,,road
,2025-10-12 07:25:22.883096886,Забайкальская,,,2025,2024,283 days 06:14:19.820849520,407894.330347492,589.6717275396222,0.9161931818181818,Осень,4,10,0.0015040029617289,0.0015040029617289,0.0045120088851867,64.97292794668888,0,0,,,,,,,road
,2025-10-12 11:44:14.010766296,Забайкальская,,,2025,2024,283 days 10:33:10.948518930,408153.18247531547,258.8521278234548,0.9176136363636364,Осень,4,10,0.0015040029617289,0.0015040029617289,0.0045120088851867,64.97292794668888,0,0,,,,,,,road
,2025-10-12 15:51:24.713469306,Забайкальская,,,2025,2024,283 days 14:40:21.651221940,408400.360853699,247.1783783835126,0.9190340909090909,Осень,4,10,0.0015040029617289,0.0015040029617289,0.0045120088851867,64.97292794668888,0,0,,,,,,,road
,2025-10-12 17:19:40.231536684,Забайкальская,,,2025,2024,283 days 16:08:37.169289318,408488.61948815535,88.25863445637515,0.9204545454545454,Осень,4,10,0.0015040029617289,0.0015040029617289,0.0045120088851867,64.97292794668888,0,0,,,,,,,road
,2025-10-13 23:19:54.621564546,Забайкальская,,,2025,2024,284 days 22:08:51.559317180,410288.859321953,1800.2398337976192,0.921875,Осень,4,10,0.0015040029617289,0.0015040029617289,0.0045120088851867,64.97292794668888,0,0,,,,,,,road
,2025-10-14 10:35:46.252666704,Забайкальская,,,2025,2024,285 days 09:24:43.190419338,410964.7198403223,675.8605183692998,0.9232954545454546,Осень,4,10,0.0015040029617289,0.0015040029617289,0.0045120088851867,64.97292794668888,0,0,,,,,,,road
,2025-10-14 10:53:57.145972446,Забайкальская,,,2025,2024,285 days 09:42:54.083725080,410982.901395418,18.18155509571079,0.9247159090909091,Осень,4,10,0.0015040029617289,0.0015040029617289,0.0045120088851867,64.97292794668888,0,0,,,,,,,road
,2025-10-14 22:55:53.392619898,Забайкальская,,,2025,2024,285 days 21:44:50.330372532,411704.8388395422,721.9374441241962,0.9261363636363636,Осень,4,10,0.0015040029617289,0.0015040029617289,0.0045120088851867,64.97292794668888,0,0,,,,,,,road
,2025-10-15 05:29:57.285782580,Забайкальская,,,2025,2024,286 days 04:18:54.223535214,412098.90372558695,394.0648860447691,0.9275568181818182,Осень,4,10,0.0015040029617289,0.0015040029617289,0.0045120088851867,64.97292794668888,0,0,,,,,,,road
,2025-10-16 21:20:41.654074074,Забайкальская,,,2025,2024,287 days 20:09:38.591826708,414489.6431971118,2390.7394715248374,0.9289772727272727,Осень,4,10,0.0015040029617289,0.0015040029617289,0.0045120088851867,64.97292794668888,0,0,,,,,,,road
,2025-10-17 16:17:25.186025076,Забайкальская,,,2025,2024,288 days 15:06:22.123777710,415626.36872962856,1136.725532516779,0.9303977272727273,Осень,4,10,0.0015040029617289,0.0015040029617289,0.0045120088851867,64.97292794668888,0,0,,,,,,,road
,2025-10-17 18:22:21.823454106,Забайкальская,,,2025,2024,288 days 17:11:18.761206740,415751.31268677895,124.9439571503899,0.9318181818181818,Осень,4,10,0.0015040029617289,0.0015040029617289,0.0045120088851867,64.97292794668888,0,0,,,,,,,road
,2025-10-18 08:29:00.763620048,Забайкальская,,,2025,2024,289 days 07:17:57.701372682,416597.96168954467,846.6490027657128,0.9332386363636364,Осень,4,10,0.0015040029617289,0.0015040029617289,0.0045120088851867,64.97292794668888,0,0,,,,,,,road
,2025-10-18 15:50:57.520681932,Забайкальская,,,2025,2024,289 days 14:39:54.458434566,417039.90764057613,441.94595103146276,0.9346590909090909,Осень,4,10,0.0015040029617289,0.0015040029617289,0.0045120088851867,64.97292794668888,0,0,,,,,,,road
,2025-10-18 18:08:38.663569926,Забайкальская,,,2025,2024,289 days 16:57:35.601322560,417177.59335537604,137.68571479991078,0.9360795454545454,Осень,4,10,0.0015040029617289,0.0015040029617289,0.0045120088851867,64.97292794668888,0,0,,,,,,,road
,2025-10-19 07:26:22.184691726,Забайкальская,,,2025,2024,290 days 06:15:19.122444360,417975.318707406,797.7253520299564,0.9375,Осень,4,10,0.0015040029617289,0.0015040029617289,0.0045120088851867,64.97292794668888,0,0,,,,,,,road
,2025-10-19 16:13:26.554669572,Забайкальская,,,2025,2024,290 days 15:02:23.492422206,418502.3915403701,527.0728329641279,0.9389204545454546,Осень,4,10,0.0015040029617289,0.0015040029617289,0.0045120088851867,64.97292794668888,0,0,,,,,,,road
,2025-10-19 16:33:57.059845584,Забайкальская,,,2025,2024,290 days 15:22:53.997598218,418522.89995997027,20.50841960014077,0.9403409090909091,Осень,4,10,0.0015040029617289,0.0015040029617289,0.0045120088851867,64.97292794668888,0,0,,,,,,,road
,2025-10-20 04:05:31.151957147,Забайкальская,,,2025,2024,291 days 02:54:28.089709781,419214.4681618297,691.5682018594234,0.9417613636363636,Осень,4,10,0.0015040029617289,0.0015040029617289,0.0045120088851867,64.97292794668888,0,0,,,,,,,road
,2025-10-20 15:15:36.759848778,Забайкальская,,,2025,2024,291 days 14:04:33.697601412,419884.5616266902,670.093464860518,0.9431818181818182,Осень,4,10,0.0015040029617289,0.0015040029617289,0.0045120088851867,64.97292794668888,0,0,,,,,,,road
,2025-10-20 16:59:03.571894692,Забайкальская,,,2025,2024,291 days 15:48:00.509647326,419988.0084941221,103.44686743192142,0.9446022727272727,Осень,4,10,0.0015040029617289,0.0015040029617289,0.0045120088851867,64.97292794668888,0,0,,,,,,,road
,2025-10-20 21:44:26.947127340,Забайкальская,,,2025,2024,291 days 20:33:23.884879974,420273.39808133297,285.38958721084055,0.9460227272727273,Осень,4,10,0.0015040029617289,0.0015040029617289,0.0045120088851867,64.97292794668888,0,0,,,,,,,road
,2025-10-21 07:30:38.897929032,Забайкальская,,,2025,2024,292 days 06:19:35.835681666,420859.5972613611,586.1991800281103,0.9474431818181818,Осень,4,10,0.0015040029617289,0.0015040029617289,0.0045120088851867,64.97292794668888,0,0,,,,,,,road
,2025-10-21 09:09:59.343246126,Забайкальская,,,2025,2024,292 days 07:58:56.280998760,420958.93801664596,99.34075528488029,0.9488636363636364,Осень,4,10,0.0015040029617289,0.0015040029617289,0.0045120088851867,64.97292794668888,0,0,,,,,,,road
,2025-10-22 06:23:33.129355998,Забайкальская,,,2025,2024,293 days 05:12:30.067108632,422232.5011184772,1273.5631018312415,0.9502840909090909,Осень,4,10,0.0015040029617289,0.0015040029617289,0.0045120088851867,64.97292794668888,0,0,,,,,,,road
,2025-10-22 06:42:04.996393956,Забайкальская,,,2025,2024,293 days 05:31:01.934146590,422251.0322357765,18.531117299280595,0.9517045454545454,Осень,4,10,0.0015040029617289,0.0015040029617289,0.0045120088851867,64.97292794668888,0,0,,,,,,,road
,2025-10-22 07:54:14.170546980,Забайкальская,,,2025,2024,293 days 06:43:11.108299614,422323.18513832695,72.15290255047148,0.953125,Осень,4,10,0.0015040029617289,0.0015040029617289,0.0045120088851867,64.97292794668888,0,0,,,,,,,road
,2025-10-22 09:16:17.798100732,Забайкальская,,,2025,2024,293 days 08:05:14.735853366,422405.2455975561,82.06045922916383,0.9545454545454546,Осень,4,10,0.0015040029617289,0.0015040029617289,0.0045120088851867,64.97292794668888,0,0,,,,,,,road
,2025-10-22 17:35:37.976374764,Забайкальская,,,2025,2024,293 days 16:24:34.914127398,422904.5819021233,499.3363045671722,0.9559659090909091,Осень,4,10,0.0015040029617289,0.0015040029617289,0.0045120088851867,64.97292794668888,0,0,,,,,,,road
,2025-10-23 04:19:10.298076198,Забайкальская,,,2025,2024,294 days 03:08:07.235828832,423548.1205971472,643.538695023919,0.9573863636363636,Осень,4,10,0.0015040029617289,0.0015040029617289,0.0045120088851867,64.97292794668888,0,0,,,,,,,road
,2025-10-23 10:02:58.441015518,Забайкальская,,,2025,2024,294 days 08:51:55.378768152,423891.92297946924,343.8023823220283,0.9588068181818182,Осень,4,10,0.0015040029617289,0.0015040029617289,0.0045120088851867,64.97292794668888,0,0,,,,,,,road
,2025-10-23 13:49:26.753171556,Забайкальская,,,2025,2024,294 days 12:38:23.690924190,424118.3948487366,226.47186926734867,0.9602272727272727,Осень,4,10,0.0015040029617289,0.0015040029617289,0.0045120088851867,64.97292794668888,0,0,,,,,,,road
,2025-10-24 08:11:16.126397634,Забайкальская,,,2025,2024,295 days 07:00:13.064150268,425220.2177358378,1101.8228871012107,0.9616477272727273,Осень,4,10,0.0015040029617289,0.0015040029617289,0.0045120088851867,64.97292794668888,0,0,,,,,,,road
,2025-10-24 08:58:17.770876116,Забайкальская,,,2025,2024,295 days 07:47:14.708628750,425267.2451438125,47.02740797470324,0.9630681818181818,Осень,4,10,0.0015040029617289,0.0015040029617289,0.0045120088851867,64.97292794668888,0,0,,,,,,,road
,2025-10-24 12:36:59.135136996,Забайкальская,,,2025,2024,295 days 11:25:56.072889630,425485.9345481606,218.6894043480861,0.9644886363636364,Осень,4,10,0.0015040029617289,0.0015040029617289,0.0045120088851867,64.97292794668888,0,0,,,,,,,road
,2025-10-24 13:03:30.933061614,Забайкальская,,,2025,2024,295 days 11:52:27.870814248,425512.4645135708,26.529965410241857,0.9659090909090909,Осень,4,10,0.0015040029617289,0.0015040029617289,0.0045120088851867,64.97292794668888,0,0,,,,,,,road
,2025-10-24 13:12:48.944154378,Забайкальская,,,2025,2024,295 days 12:01:45.881907012,425521.7646984502,9.300184879393782,0.9673295454545454,Осень,4,10,0.0015040029617289,0.0015040029617289,0.0045120088851867,64.97292794668888,0,0,,,,,,,road
,2025-10-24 18:02:42.379648062,Забайкальская,,,2025,2024,295 days 16:51:39.317400696,425811.6552900116,289.8905915613868,0.96875,Осень,4,10,0.0015040029617289,0.0015040029617289,0.0045120088851867,64.97292794668888,0,0,,,,,,,road
,2025-10-24 20:26:47.068981902,Забайкальская,,,2025,2024,295 days 19:15:44.006734536,425955.7334455756,144.07815556396963,0.9701704545454546,Осень,4,10,0.0015040029617289,0.0015040029617289,0.0045120088851867,64.97292794668888,0,0,,,,,,,road
,2025-10-24 23:54:32.790111696,Забайкальская,,,2025,2024,295 days 22:43:29.727864330,426163.49546440545,207.76201882987516,0.9715909090909091,Осень,4,10,0.0015040029617289,0.0015040029617289,0.0045120088851867,64.97292794668888,0,0,,,,,,,road
,2025-10-25 18:58:12.640633044,Забайкальская,,,2025,2024,296 days 17:47:09.578385678,427307.1596397614,1143.6641753559234,0.9730113636363636,Осень,4,10,0.0015040029617289,0.0015040029617289,0.0045120088851867,64.97292794668888,0,0,,,,,,,road
,2025-10-25 20:56:29.997490698,Забайкальская,,,2025,2024,296 days 19:45:26.935243332,427425.4489207222,118.28928096080199,0.9744318181818182,Осень,4,10,0.0015040029617289,0.0015040029617289,0.0045120088851867,64.97292794668888,0,0,,,,,,,road
,2025-10-26 13:43:56.250349380,Забайкальская,,,2025,2024,297 days 12:32:53.188102014,428432.8864683669,1007.4375476447167,0.9758522727272727,Осень,4,10,0.0015040029617289,0.0015040029617289,0.0045120088851867,64.97292794668888,0,0,,,,,,,road
,2025-10-27 02:11:20.013330534,Забайкальская,,,2025,2024,298 days 01:00:16.951083168,429180.2825180528,747.3960496858926,0.9772727272727273,Осень,4,10,0.0015040029617289,0.0015040029617289,0.0045120088851867,64.97292794668888,0,0,,,,,,,road
,2025-10-27 06:34:05.397304752,Забайкальская,,,2025,2024,298 days 05:23:02.335057386,429443.0389176231,262.756399570324,0.9786931818181818,Осень,4,10,0.0015040029617289,0.0015040029617289,0.0045120088851867,64.97292794668888,0,0,,,,,,,road
,2025-10-27 15:19:56.551445544,Забайкальская,,,2025,2024,298 days 14:08:53.489198178,429968.89148663625,525.8525690131355,0.9801136363636364,Осень,4,10,0.0015040029617289,0.0015040029617289,0.0045120088851867,64.97292794668888,0,0,,,,,,,road
,2025-10-27 21:50:44.806970802,Забайкальская,,,2025,2024,298 days 20:39:41.744723436,430359.6957453906,390.8042587543605,0.9815340909090909,Осень,4,10,0.0015040029617289,0.0015040029617289,0.0045120088851867,64.97292794668888,0,0,,,,,,,road
,2025-10-27 23:22:06.949153572,Забайкальская,,,2025,2024,298 days 22:11:03.886906206,430451.0647817701,91.36903637950309,0.9829545454545454,Осень,4,10,0.0015040029617289,0.0015040029617289,0.0045120088851867,64.97292794668888,0,0,,,,,,,road
,2025-10-29 01:42:39.893285430,Забайкальская,,,2025,2024,300 days 00:31:36.831038064,432031.6138506344,1580.5490688643185,0.984375,Осень,4,10,0.0015040029617289,0.0015040029617289,0.0045120088851867,64.97292794668888,0,0,,,,,,,road
,2025-10-29 11:03:13.418167038,Забайкальская,,,2025,2024,300 days 09:52:10.355919672,432592.17259866116,560.5587480267277,0.9857954545454546,Осень,4,10,0.0015040029617289,0.0015040029617289,0.0045120088851867,64.97292794668888,0,0,,,,,,,road
,2025-10-30 10:34:18.115322616,Забайкальская,,,2025,2024,301 days 09:23:15.053075250,434003.25088458747,1411.0782859263127,0.9872159090909091,Осень,4,10,0.0015040029617289,0.0015040029617289,0.0045120088851867,64.97292794668888,0,0,,,,,,,road
,2025-10-31 05:48:44.709284328,Забайкальская,,,2025,2024,302 days 04:37:41.647036962,435157.69411728263,1154.4432326951646,0.9886363636363636,Осень,4,10,0.0015040029617289,0.0015040029617289,0.0045120088851867,64.97292794668888,0,0,,,,,,,road
,2025-10-31 06:44:01.381442460,Забайкальская,,,2025,2024,302 days 05:32:58.319195094,435212.97198658495,55.277869302313775,0.9900568181818182,Осень,4,10,0.0015040029617289,0.0015040029617289,0.0045120088851867,64.97292794668888,0,0,,,,,,,road
,2025-10-31 09:18:27.590642250,Забайкальская,,,2025,2024,302 days 08:07:24.528394884,435367.4088065814,154.43681999645196,0.9914772727272727,Осень,4,10,0.0015040029617289,0.0015040029617289,0.0045120088851867,64.97292794668888,0,0,,,,,,,road
,2025-10-31 11:02:49.250663364,Забайкальская,,,2025,2024,302 days 09:51:46.188415998,435471.76980693336,104.36100035195705,0.9928977272727273,Осень,4,10,0.0015040029617289,0.0015040029617289,0.0045120088851867,64.97292794668888,0,0,,,,,,,road
,2025-11-01 06:44:02.231091558,Забайкальская,,,2025,2024,303 days 05:32:59.168844192,436652.9861474032,1181.2163404698367,0.9943181818181818,Осень,4,11,0.0015040029617289,0.0015040029617289,0.0045120088851867,64.97292794668888,0,0,,,,,,,road
,2025-11-02 04:43:00.769369932,Забайкальская,,,2025,2024,304 days 03:31:57.707122566,437971.96178537613,1318.975637972937,0.9957386363636364,Осень,4,11,0.0015040029617289,0.0015040029617289,0.0045120088851867,64.97292794668888,0,0,,,,,,,road
,2025-11-02 13:02:09.484382292,Забайкальская,,,2025,2024,304 days 11:51:06.422134926,438471.1070355821,499.1452502059983,0.9971590909090909,Осень,4,11,0.0015040029617289,0.0015040029617289,0.0045120088851867,64.97292794668888,0,0,,,,,,,road
,2025-11-02 14:15:18.317258160,Забайкальская,,,2025,2024,304 days 13:04:15.255010794,438544.25425017986,73.14721459773136,0.9985795454545454,Осень,4,11,0.0015040029617289,0.0015040029617289,0.0045120088851867,64.97292794668888,0,0,,,,,,,road
,2025-11-02 15:52:12.356875110,Забайкальская,,,2025,2024,304 days 14:41:09.294627744,438641.1549104624,96.90066028252477,1.0,Осень,4,11,0.0015040029617289,0.0015040029617289,0.0045120088851867,64.97292794668888,0,0,,,,,,,road
