CATEGORY,START_TIME,ROAD,DEPARTMENT,RESPONSIBILITY,YEAR,SOURCE_YEAR,DELTA_TIME,DELTA_MINUTES,TIME_DIFF,INDEX,SEASON,SEASON_INDEX,MONTH,LAMBDA_DYNAMIC,LAMBDA0,LAMBDA1,LAMBDA_MONTH,SPIKE_FLAG,TRANSITION_FLAG,FREIGHT_COUNT,FREIGHT_TIMEOUT,PASSENGER_COUNT,PASSENGER_TIMEOUT,COMMUTER_COUNT,COMMUTER_TIMEOUT,ENTITY_TYPE
,2025-01-02 00:21:06.358141062,Красноярская,,,2025,2024,0 days 00:00:00,0.0,0.0,0.0,Зима,1,1,0.0013077699293642,0.0013077699293642,0.0039233097880926,56.49566094853683,0,0,,,,,,,road
,2025-01-02 23:46:39.228708066,Красноярская,,,2025,2024,0 days 23:25:32.870567004,1405.5478427834,1405.5478427834,0.0014705882352941176,Зима,1,1,0.0013077699293642,0.0013077699293642,0.0039233097880926,56.49566094853683,0,0,,,,,,,road
,2025-01-03 01:11:12.332000766,Красноярская,,,2025,2024,1 days 00:50:05.973859704,1490.0995643284,84.55172154499996,0.0029411764705882353,Зима,1,1,0.0013077699293642,0.0013077699293642,0.0039233097880926,56.49566094853683,0,0,,,,,,,road
,2025-01-04 15:19:25.072122120,Красноярская,,,2025,2024,2 days 14:58:18.713981058,3778.3118996843,2288.2123353559,0.004411764705882353,Зима,1,1,0.0013077699293642,0.0013077699293642,0.0039233097880926,56.49566094853683,0,0,,,,,,,road
,2025-01-04 17:53:27.632404794,Красноярская,,,2025,2024,2 days 17:32:21.274263732,3932.3545710621997,154.04267137789975,0.0058823529411764705,Зима,1,1,0.0013077699293642,0.0013077699293642,0.0039233097880926,56.49566094853683,0,0,,,,,,,road
,2025-01-05 00:42:35.485833198,Красноярская,,,2025,2024,3 days 00:21:29.127692136,4341.4854615356,409.1308904734001,0.007352941176470588,Зима,1,1,0.0013077699293642,0.0013077699293642,0.0039233097880926,56.49566094853683,0,0,,,,,,,road
,2025-01-05 03:47:50.814267486,Красноярская,,,2025,2024,3 days 03:26:44.456126424,4526.7409354404,185.25547390480006,0.008823529411764706,Зима,1,1,0.0013077699293642,0.0013077699293642,0.0039233097880926,56.49566094853683,0,0,,,,,,,road
,2025-01-06 04:53:04.427409132,Красноярская,,,2025,2024,4 days 04:31:58.069268070,6031.9678211345,1505.2268856941,0.010294117647058823,Зима,1,1,0.0013077699293642,0.0013077699293642,0.0039233097880926,56.49566094853683,0,0,,,,,,,road
,2025-01-06 22:31:17.492058690,Красноярская,,,2025,2024,4 days 22:10:11.133917628,7090.185565293799,1058.2177441592994,0.011764705882352941,Зима,1,1,0.0013077699293642,0.0013077699293642,0.0039233097880926,56.49566094853683,0,0,,,,,,,road
,2025-01-07 04:04:51.408735588,Красноярская,,,2025,2024,5 days 03:43:45.050594526,7423.7508432421,333.5652779483007,0.013235294117647059,Зима,1,1,0.0013077699293642,0.0013077699293642,0.0039233097880926,56.49566094853683,0,0,,,,,,,road
,2025-01-07 18:40:38.371200906,Красноярская,,,2025,2024,5 days 18:19:32.013059844,8299.5335509974,875.7827077552993,0.014705882352941176,Зима,1,1,0.0013077699293642,0.0013077699293642,0.0039233097880926,56.49566094853683,0,0,,,,,,,road
,2025-01-07 21:16:28.210197984,Красноярская,,,2025,2024,5 days 20:55:21.852056922,8455.3642009487,155.83064995130007,0.016176470588235296,Зима,1,1,0.0013077699293642,0.0013077699293642,0.0039233097880926,56.49566094853683,0,0,,,,,,,road
,2025-01-08 03:24:50.614831830,Красноярская,,,2025,2024,6 days 03:03:44.256690768,8823.737611512799,368.3734105640997,0.01764705882352941,Зима,1,1,0.0013077699293642,0.0013077699293642,0.0039233097880926,56.49566094853683,0,0,,,,,,,road
,2025-01-08 09:26:49.181306280,Красноярская,,,2025,2024,6 days 09:05:42.823165218,9185.7137194203,361.9761079075015,0.01911764705882353,Зима,1,1,0.0013077699293642,0.0013077699293642,0.0039233097880926,56.49566094853683,0,0,,,,,,,road
,2025-01-08 12:54:35.852658450,Красноярская,,,2025,2024,6 days 12:33:29.494517388,9393.491575289801,207.77785586950085,0.020588235294117647,Зима,1,1,0.0013077699293642,0.0013077699293642,0.0039233097880926,56.49566094853683,0,0,,,,,,,road
,2025-01-09 15:32:43.976423550,Красноярская,,,2025,2024,7 days 15:11:37.618282488,10991.626971374799,1598.1353960849974,0.022058823529411766,Зима,1,1,0.0013077699293642,0.0013077699293642,0.0039233097880926,56.49566094853683,0,0,,,,,,,road
,2025-01-10 06:01:15.605737980,Красноярская,,,2025,2024,8 days 05:40:09.247596918,11860.1541266153,868.5271552405011,0.023529411764705882,Зима,1,1,0.0013077699293642,0.0013077699293642,0.0039233097880926,56.49566094853683,0,0,,,,,,,road
,2025-01-10 10:12:23.383590942,Красноярская,,,2025,2024,8 days 09:51:17.025449880,12111.283757498,251.12963088270044,0.025,Зима,1,1,0.0013077699293642,0.0013077699293642,0.0039233097880926,56.49566094853683,0,0,,,,,,,road
,2025-01-10 13:44:22.649325114,Красноярская,,,2025,2024,8 days 13:23:16.291184052,12323.2715197342,211.98776223620007,0.026470588235294117,Зима,1,1,0.0013077699293642,0.0013077699293642,0.0039233097880926,56.49566094853683,0,0,,,,,,,road
,2025-01-10 13:58:13.831758762,Красноярская,,,2025,2024,8 days 13:37:07.473617700,12337.124560295,13.853040560799855,0.027941176470588237,Зима,1,1,0.0013077699293642,0.0013077699293642,0.0039233097880926,56.49566094853683,0,0,,,,,,,road
,2025-01-10 18:03:24.005987640,Красноярская,,,2025,2024,8 days 17:42:17.647846578,12582.294130776301,245.16957048130098,0.029411764705882353,Зима,1,1,0.0017356910140083669,0.0013077699293642,0.0039233097880926,56.49566094853683,0,1,,,,,,,road
,2025-01-10 23:56:26.732797086,Красноярская,,,2025,2024,8 days 23:35:20.374656024,12935.3395776004,353.0454468240987,0.030882352941176472,Зима,1,1,0.0021192072275760094,0.0013077699293642,0.0039233097880926,56.49566094853683,0,1,,,,,,,road
,2025-01-11 01:47:41.505494208,Красноярская,,,2025,2024,9 days 01:26:35.147353146,13046.5857892191,111.24621161869982,0.03235294117647059,Зима,1,1,0.0029244129576144356,0.0013077699293642,0.0039233097880926,56.49566094853683,0,1,,,,,,,road
,2025-01-11 07:56:10.878657264,Красноярская,,,2025,2024,9 days 07:35:04.520516202,13415.0753419367,368.4895527175995,0.033823529411764704,Зима,1,1,0.0032714674038575387,0.0013077699293642,0.0039233097880926,56.49566094853683,0,1,,,,,,,road
,2025-01-11 10:37:50.651573928,Красноярская,,,2025,2024,9 days 10:16:44.293432866,13576.7382238811,161.6628819444013,0.03529411764705882,Зима,1,1,0.0032821538520910153,0.0013077699293642,0.0039233097880926,56.49566094853683,0,1,,,,,,,road
,2025-01-11 12:33:00.415221150,Красноярская,,,2025,2024,9 days 12:11:54.057080088,13691.9009513348,115.16272745369861,0.03676470588235294,Зима,1,1,0.003301954996673611,0.0013077699293642,0.0039233097880926,56.49566094853683,0,1,,,,,,,road
,2025-01-12 02:12:57.818541834,Красноярская,,,2025,2024,10 days 01:51:51.460400772,14511.857673346201,819.9567220114022,0.03823529411764706,Зима,1,1,0.003412164340850214,0.0013077699293642,0.0039233097880926,56.49566094853683,0,1,,,,,,,road
,2025-01-12 03:40:26.184507912,Красноярская,,,2025,2024,10 days 03:19:19.826366850,14599.3304394475,87.47276610129848,0.039705882352941174,Зима,1,1,0.0034856248041969014,0.0013077699293642,0.0039233097880926,56.49566094853683,0,1,,,,,,,road
,2025-01-12 06:05:27.382840656,Красноярская,,,2025,2024,10 days 05:44:21.024699594,14744.3504116599,145.0199722123998,0.041176470588235294,Зима,1,1,0.003502454578337768,0.0013077699293642,0.0039233097880926,56.49566094853683,0,1,,,,,,,road
,2025-01-12 08:22:31.299294048,Красноярская,,,2025,2024,10 days 08:01:24.941152986,14881.415685883101,137.0652742232014,0.04264705882352941,Зима,1,1,0.0035146572797277453,0.0013077699293642,0.0039233097880926,56.49566094853683,0,1,,,,,,,road
,2025-01-12 09:32:52.452488280,Красноярская,,,2025,2024,10 days 09:11:46.094347218,14951.768239120302,70.35255323720048,0.04411764705882353,Зима,1,1,0.0039233097880926,0.0013077699293642,0.0039233097880926,56.49566094853683,1,0,,,,,,,road
,2025-01-12 10:35:22.831297602,Красноярская,,,2025,2024,10 days 10:14:16.473156540,15014.274552608998,62.50631348869683,0.045588235294117645,Зима,1,1,0.0039233097880926,0.0013077699293642,0.0039233097880926,56.49566094853683,1,0,,,,,,,road
,2025-01-12 12:07:09.621994596,Красноярская,,,2025,2024,10 days 11:46:03.263853534,15106.0543975589,91.77984494990233,0.047058823529411764,Зима,1,1,0.0039233097880926,0.0013077699293642,0.0039233097880926,56.49566094853683,1,0,,,,,,,road
,2025-01-12 20:36:07.691444904,Красноярская,,,2025,2024,10 days 20:15:01.333303842,15615.0222217307,508.9678241717993,0.04852941176470588,Зима,1,1,0.0039233097880926,0.0013077699293642,0.0039233097880926,56.49566094853683,1,0,,,,,,,road
,2025-01-13 02:47:31.008948564,Красноярская,,,2025,2024,11 days 02:26:24.650807502,15986.4108467917,371.3886250609994,0.05,Зима,1,1,0.0039233097880926,0.0013077699293642,0.0039233097880926,56.49566094853683,1,0,,,,,,,road
,2025-01-13 07:38:44.459400888,Красноярская,,,2025,2024,11 days 07:17:38.101259826,16277.6350209971,291.22417420540114,0.051470588235294115,Зима,1,1,0.0039233097880926,0.0013077699293642,0.0039233097880926,56.49566094853683,1,0,,,,,,,road
,2025-01-13 10:14:26.097202734,Красноярская,,,2025,2024,11 days 09:53:19.739061672,16433.3289843612,155.69396336409955,0.052941176470588235,Зима,1,1,0.0039233097880926,0.0013077699293642,0.0039233097880926,56.49566094853683,1,0,,,,,,,road
,2025-01-13 13:15:05.567362038,Красноярская,,,2025,2024,11 days 12:53:59.209220976,16613.9868203496,180.65783598840062,0.054411764705882354,Зима,1,1,0.0039233097880926,0.0013077699293642,0.0039233097880926,56.49566094853683,1,0,,,,,,,road
,2025-01-13 14:34:18.681941652,Красноярская,,,2025,2024,11 days 14:13:12.323800590,16693.2053966765,79.2185763269008,0.05588235294117647,Зима,1,1,0.0039233097880926,0.0013077699293642,0.0039233097880926,56.49566094853683,1,0,,,,,,,road
,2025-01-13 14:53:59.658204534,Красноярская,,,2025,2024,11 days 14:32:53.300063472,16712.8883343912,19.68293771469689,0.057352941176470586,Зима,1,1,0.0039233097880926,0.0013077699293642,0.0039233097880926,56.49566094853683,1,0,,,,,,,road
,2025-01-13 16:36:28.015565640,Красноярская,,,2025,2024,11 days 16:15:21.657424578,16815.3609570763,102.47262268510167,0.058823529411764705,Зима,1,1,0.0039233097880926,0.0013077699293642,0.0039233097880926,56.49566094853683,1,0,,,,,,,road
,2025-01-13 19:30:53.976824256,Красноярская,,,2025,2024,11 days 19:09:47.618683194,16989.7936447199,174.4326876435989,0.060294117647058824,Зима,1,1,0.0039233097880926,0.0013077699293642,0.0039233097880926,56.49566094853683,1,0,,,,,,,road
,2025-01-13 19:45:56.597673300,Красноярская,,,2025,2024,11 days 19:24:50.239532238,17004.8373255373,15.043680817401764,0.061764705882352944,Зима,1,1,0.0039233097880926,0.0013077699293642,0.0039233097880926,56.49566094853683,1,0,,,,,,,road
,2025-01-13 20:09:29.248831866,Красноярская,,,2025,2024,11 days 19:48:22.890690804,17028.3815115134,23.54418597609765,0.06323529411764706,Зима,1,1,0.0039233097880926,0.0013077699293642,0.0039233097880926,56.49566094853683,1,0,,,,,,,road
,2025-01-13 21:27:16.761332628,Красноярская,,,2025,2024,11 days 21:06:10.403191566,17106.1733865261,77.7918750127028,0.06470588235294118,Зима,1,1,0.0039233097880926,0.0013077699293642,0.0039233097880926,56.49566094853683,1,0,,,,,,,road
,2025-01-13 23:23:52.056562002,Красноярская,,,2025,2024,11 days 23:02:45.698420940,17222.761640349,116.58825382289797,0.0661764705882353,Зима,1,1,0.0039233097880926,0.0013077699293642,0.0039233097880926,56.49566094853683,1,0,,,,,,,road
,2025-01-14 01:31:14.816076642,Красноярская,,,2025,2024,12 days 01:10:08.457935580,17350.140965593,127.37932524400094,0.06764705882352941,Зима,1,1,0.0039233097880926,0.0013077699293642,0.0039233097880926,56.49566094853683,1,0,,,,,,,road
,2025-01-14 02:03:13.105401966,Красноярская,,,2025,2024,12 days 01:42:06.747260904,17382.1124543484,31.97148875540006,0.06911764705882353,Зима,1,1,0.0039233097880926,0.0013077699293642,0.0039233097880926,56.49566094853683,1,0,,,,,,,road
,2025-01-14 03:08:27.442598178,Красноярская,,,2025,2024,12 days 02:47:21.084457116,17447.3514076186,65.2389532702,0.07058823529411765,Зима,1,1,0.0039233097880926,0.0013077699293642,0.0039233097880926,56.49566094853683,1,0,,,,,,,road
,2025-01-14 04:25:46.386857904,Красноярская,,,2025,2024,12 days 04:04:40.028716842,17524.6671452807,77.3157376620984,0.07205882352941176,Зима,1,1,0.0039233097880926,0.0013077699293642,0.0039233097880926,56.49566094853683,1,0,,,,,,,road
,2025-01-14 04:43:37.382232714,Красноярская,,,2025,2024,12 days 04:22:31.024091652,17542.5170681942,17.84992291350136,0.07352941176470588,Зима,1,1,0.0039233097880926,0.0013077699293642,0.0039233097880926,56.49566094853683,1,0,,,,,,,road
,2025-01-14 06:24:13.200825468,Красноярская,,,2025,2024,12 days 06:03:06.842684406,17643.1140447401,100.59697654590127,0.075,Зима,1,1,0.0039233097880926,0.0013077699293642,0.0039233097880926,56.49566094853683,1,0,,,,,,,road
,2025-01-14 06:43:19.615600218,Красноярская,,,2025,2024,12 days 06:22:13.257459156,17662.2209576526,19.106912912498956,0.07647058823529412,Зима,1,1,0.0039233097880926,0.0013077699293642,0.0039233097880926,56.49566094853683,1,0,,,,,,,road
,2025-01-14 11:53:09.519857880,Красноярская,,,2025,2024,12 days 11:32:03.161716818,17972.0526952803,309.83173762770093,0.07794117647058824,Зима,1,1,0.0039233097880926,0.0013077699293642,0.0039233097880926,56.49566094853683,1,0,,,,,,,road
,2025-01-14 13:57:30.131064840,Красноярская,,,2025,2024,12 days 13:36:23.772923778,18096.3962153963,124.34352011599913,0.07941176470588235,Зима,1,1,0.0039233097880926,0.0013077699293642,0.0039233097880926,56.49566094853683,1,0,,,,,,,road
,2025-01-14 15:38:20.768679822,Красноярская,,,2025,2024,12 days 15:17:14.410538760,18197.240175646,100.84396024969828,0.08088235294117647,Зима,1,1,0.0039233097880926,0.0013077699293642,0.0039233097880926,56.49566094853683,1,0,,,,,,,road
,2025-01-14 16:12:49.519903824,Красноярская,,,2025,2024,12 days 15:51:43.161762762,18231.7193627127,34.47918706670316,0.08235294117647059,Зима,1,1,0.0039233097880926,0.0013077699293642,0.0039233097880926,56.49566094853683,1,0,,,,,,,road
,2025-01-14 17:18:17.341289880,Красноярская,,,2025,2024,12 days 16:57:10.983148818,18297.183052480297,65.4636897675955,0.0838235294117647,Зима,1,1,0.0039233097880926,0.0013077699293642,0.0039233097880926,56.49566094853683,1,0,,,,,,,road
,2025-01-14 18:25:48.271083180,Красноярская,,,2025,2024,12 days 18:04:41.912942118,18364.6985490353,67.51549655500276,0.08529411764705883,Зима,1,1,0.0039233097880926,0.0013077699293642,0.0039233097880926,56.49566094853683,1,0,,,,,,,road
,2025-01-15 12:19:44.879280114,Красноярская,,,2025,2024,13 days 11:58:38.521139052,19438.6420189842,1073.9434699488993,0.08676470588235294,Зима,1,1,0.0039233097880926,0.0013077699293642,0.0039233097880926,56.49566094853683,1,0,,,,,,,road
,2025-01-15 19:59:32.751750852,Красноярская,,,2025,2024,13 days 19:38:26.393609790,19898.4398934965,459.79787451230004,0.08823529411764706,Зима,1,1,0.0039233097880926,0.0013077699293642,0.0039233097880926,56.49566094853683,1,0,,,,,,,road
,2025-01-15 20:03:27.960694680,Красноярская,,,2025,2024,13 days 19:42:21.602553618,19902.3600425603,3.920149063800636,0.08970588235294118,Зима,1,1,0.0039233097880926,0.0013077699293642,0.0039233097880926,56.49566094853683,1,0,,,,,,,road
,2025-01-16 00:07:58.640961852,Красноярская,,,2025,2024,13 days 23:46:52.282820790,20146.8713803465,244.51133778619987,0.09117647058823529,Зима,1,1,0.0039233097880926,0.0013077699293642,0.0039233097880926,56.49566094853683,1,0,,,,,,,road
,2025-01-16 01:23:19.213069680,Красноярская,,,2025,2024,14 days 01:02:12.854928618,20222.2142488103,75.342868463802,0.09264705882352942,Зима,1,1,0.0039233097880926,0.0013077699293642,0.0039233097880926,56.49566094853683,1,0,,,,,,,road
,2025-01-16 02:47:36.783129762,Красноярская,,,2025,2024,14 days 02:26:30.424988700,20306.507083145003,84.29283433470118,0.09411764705882353,Зима,1,1,0.0013077699293642,0.0013077699293642,0.0039233097880926,56.49566094853683,0,0,,,,,,,road
,2025-01-16 18:22:39.086450124,Красноярская,,,2025,2024,14 days 18:01:32.728309062,21241.545471817702,935.0383886726995,0.09558823529411764,Зима,1,1,0.0013077699293642,0.0013077699293642,0.0039233097880926,56.49566094853683,0,0,,,,,,,road
,2025-01-16 20:10:33.125726381,Красноярская,,,2025,2024,14 days 19:49:26.767585319,21349.446126421983,107.90065460428013,0.09705882352941177,Зима,1,1,0.0013077699293642,0.0013077699293642,0.0039233097880926,56.49566094853683,0,0,,,,,,,road
,2025-01-17 03:39:02.485989678,Красноярская,,,2025,2024,15 days 03:17:56.127848616,21797.9354641436,448.48933772161763,0.09852941176470588,Зима,1,1,0.0013077699293642,0.0013077699293642,0.0039233097880926,56.49566094853683,0,0,,,,,,,road
,2025-01-17 16:23:47.678940150,Красноярская,,,2025,2024,15 days 16:02:41.320799088,22562.688679984803,764.7532158412032,0.1,Зима,1,1,0.0013077699293642,0.0013077699293642,0.0039233097880926,56.49566094853683,0,0,,,,,,,road
,2025-01-18 02:42:03.481953654,Красноярская,,,2025,2024,16 days 02:20:57.123812592,23180.952063543198,618.2633835583947,0.10147058823529412,Зима,1,1,0.0013077699293642,0.0013077699293642,0.0039233097880926,56.49566094853683,0,0,,,,,,,road
,2025-01-20 03:07:45.808259340,Красноярская,,,2025,2024,18 days 02:46:39.450118278,26086.6575019713,2905.7054384281,0.10294117647058823,Зима,1,1,0.0013077699293642,0.0013077699293642,0.0039233097880926,56.49566094853683,0,0,,,,,,,road
,2025-01-20 22:45:46.921641708,Красноярская,,,2025,2024,18 days 22:24:40.563500646,27264.6760583441,1178.018556372801,0.10441176470588236,Зима,1,1,0.0013077699293642,0.0013077699293642,0.0039233097880926,56.49566094853683,0,0,,,,,,,road
,2025-01-21 17:43:39.310805280,Красноярская,,,2025,2024,19 days 17:22:32.952664218,28402.549211070298,1137.873152726199,0.10588235294117647,Зима,1,1,0.0013077699293642,0.0013077699293642,0.0039233097880926,56.49566094853683,0,0,,,,,,,road
,2025-01-21 23:19:40.126720812,Красноярская,,,2025,2024,19 days 22:58:33.768579750,28738.5628096625,336.01359859220247,0.10735294117647058,Зима,1,1,0.0013077699293642,0.0013077699293642,0.0039233097880926,56.49566094853683,0,0,,,,,,,road
,2025-01-21 23:26:06.934791816,Красноярская,,,2025,2024,19 days 23:05:00.576650754,28745.0096108459,6.446801183399657,0.10882352941176471,Зима,1,1,0.0013077699293642,0.0013077699293642,0.0039233097880926,56.49566094853683,0,0,,,,,,,road
,2025-01-22 16:19:54.377753730,Красноярская,,,2025,2024,20 days 15:58:48.019612668,29758.8003268778,1013.790716031901,0.11029411764705882,Зима,1,1,0.0013077699293642,0.0013077699293642,0.0039233097880926,56.49566094853683,0,0,,,,,,,road
,2025-01-27 01:09:06.906436818,Красноярская,,,2025,2024,25 days 00:48:00.548295756,36048.0091382626,6289.208811384797,0.11176470588235295,Зима,1,1,0.0013077699293642,0.0013077699293642,0.0039233097880926,56.49566094853683,0,0,,,,,,,road
,2025-01-27 07:47:15.165968676,Красноярская,,,2025,2024,25 days 07:26:08.807827614,36446.146797126894,398.1376588642961,0.11323529411764706,Зима,1,1,0.0013077699293642,0.0013077699293642,0.0039233097880926,56.49566094853683,0,0,,,,,,,road
,2025-01-29 13:45:30.040279188,Красноярская,,,2025,2024,27 days 13:24:23.682138126,39684.394702302096,3238.2479051752016,0.11470588235294117,Зима,1,1,0.0013077699293642,0.0013077699293642,0.0039233097880926,56.49566094853683,0,0,,,,,,,road
,2025-01-29 15:42:20.954136714,Красноярская,,,2025,2024,27 days 15:21:14.595995652,39801.2432665942,116.84856429210777,0.1161764705882353,Зима,1,1,0.0013077699293642,0.0013077699293642,0.0039233097880926,56.49566094853683,0,0,,,,,,,road
,2025-01-29 20:11:17.047439970,Красноярская,,,2025,2024,27 days 19:50:10.689298908,40070.178154981804,268.93488838760095,0.11764705882352941,Зима,1,1,0.0013077699293642,0.0013077699293642,0.0039233097880926,56.49566094853683,0,0,,,,,,,road
,2025-01-29 22:34:25.979443380,Красноярская,,,2025,2024,27 days 22:13:19.621302318,40213.3270217053,143.1488667234953,0.11911764705882352,Зима,1,1,0.0013077699293642,0.0013077699293642,0.0039233097880926,56.49566094853683,0,0,,,,,,,road
,2025-01-30 06:47:24.221516220,Красноярская,,,2025,2024,28 days 06:26:17.863375158,40706.2977229193,492.97070121399884,0.12058823529411765,Зима,1,1,0.0013077699293642,0.0013077699293642,0.0039233097880926,56.49566094853683,0,0,,,,,,,road
,2025-01-31 03:06:37.349607546,Красноярская,,,2025,2024,29 days 02:45:30.991466484,41925.5165244414,1219.2188015221036,0.12205882352941176,Зима,1,1,0.0013077699293642,0.0013077699293642,0.0039233097880926,56.49566094853683,0,0,,,,,,,road
,2025-01-31 08:25:07.064571072,Красноярская,,,2025,2024,29 days 08:04:00.706430010,42244.0117738335,318.49524939210096,0.12352941176470589,Зима,1,1,0.0013077699293642,0.0013077699293642,0.0039233097880926,56.49566094853683,0,0,,,,,,,road
,2025-02-01 14:34:59.512638918,Красноярская,,,2025,2024,30 days 14:13:53.154497856,44053.8859082976,1809.8741344640948,0.125,Зима,1,2,0.0013077699293642,0.0013077699293642,0.0039233097880926,56.49566094853683,0,0,,,,,,,road
,2025-02-02 00:36:50.690630268,Красноярская,,,2025,2024,31 days 00:15:44.332489206,44655.7388748201,601.8529665224996,0.1264705882352941,Зима,1,2,0.0013077699293642,0.0013077699293642,0.0039233097880926,56.49566094853683,0,0,,,,,,,road
,2025-02-02 08:35:44.283423492,Красноярская,,,2025,2024,31 days 08:14:37.925282430,45134.6320880405,478.89321322039905,0.12794117647058822,Зима,1,2,0.0013077699293642,0.0013077699293642,0.0039233097880926,56.49566094853683,0,0,,,,,,,road
,2025-02-03 04:18:23.159258850,Красноярская,,,2025,2024,32 days 03:57:16.801117788,46317.280018629805,1182.647930589308,0.12941176470588237,Зима,1,2,0.0013077699293642,0.0013077699293642,0.0039233097880926,56.49566094853683,0,0,,,,,,,road
,2025-02-03 05:40:10.705446882,Красноярская,,,2025,2024,32 days 05:19:04.347305820,46399.072455097,81.7924364671926,0.13088235294117648,Зима,1,2,0.0013077699293642,0.0013077699293642,0.0039233097880926,56.49566094853683,0,0,,,,,,,road
,2025-02-04 00:36:33.598426956,Красноярская,,,2025,2024,33 days 00:15:27.240285894,47535.4540047649,1136.3815496679017,0.1323529411764706,Зима,1,2,0.0013077699293642,0.0013077699293642,0.0039233097880926,56.49566094853683,0,0,,,,,,,road
,2025-02-04 04:09:23.212409208,Красноярская,,,2025,2024,33 days 03:48:16.854268146,47748.2809044691,212.82689970420324,0.1338235294117647,Зима,1,2,0.0013077699293642,0.0013077699293642,0.0039233097880926,56.49566094853683,0,0,,,,,,,road
,2025-02-04 08:21:26.663466000,Красноярская,,,2025,2024,33 days 08:00:20.305324938,48000.3384220823,252.05751761319698,0.13529411764705881,Зима,1,2,0.0013077699293642,0.0013077699293642,0.0039233097880926,56.49566094853683,0,0,,,,,,,road
,2025-02-04 20:01:03.133921662,Красноярская,,,2025,2024,33 days 19:39:56.775780600,48699.94626301,699.6078409277034,0.13676470588235295,Зима,1,2,0.0013077699293642,0.0013077699293642,0.0039233097880926,56.49566094853683,0,0,,,,,,,road
,2025-02-06 01:36:41.088637962,Красноярская,,,2025,2024,35 days 01:15:34.730496900,50475.578841615,1775.6325786050002,0.13823529411764707,Зима,1,2,0.0013077699293642,0.0013077699293642,0.0039233097880926,56.49566094853683,0,0,,,,,,,road
,2025-02-06 12:37:08.002215354,Красноярская,,,2025,2024,35 days 12:16:01.644074292,51136.0274012382,660.4485596231971,0.13970588235294118,Зима,1,2,0.0013077699293642,0.0013077699293642,0.0039233097880926,56.49566094853683,0,0,,,,,,,road
,2025-02-07 01:57:35.934514152,Красноярская,,,2025,2024,36 days 01:36:29.576373090,51936.4929395515,800.4655383132995,0.1411764705882353,Зима,1,2,0.0013077699293642,0.0013077699293642,0.0039233097880926,56.49566094853683,0,0,,,,,,,road
,2025-02-07 21:03:38.817368496,Красноярская,,,2025,2024,36 days 20:42:32.459227434,53082.540987123895,1146.0480475723962,0.1426470588235294,Зима,1,2,0.0013077699293642,0.0013077699293642,0.0039233097880926,56.49566094853683,0,0,,,,,,,road
,2025-02-08 00:53:11.561989368,Красноярская,,,2025,2024,37 days 00:32:05.203848306,53312.0867308051,229.54574368120666,0.14411764705882352,Зима,1,2,0.0013077699293642,0.0013077699293642,0.0039233097880926,56.49566094853683,0,0,,,,,,,road
,2025-02-08 23:15:47.717989344,Красноярская,,,2025,2024,37 days 22:54:41.359848282,54654.6893308047,1342.6025999995982,0.14558823529411766,Зима,1,2,0.0013077699293642,0.0013077699293642,0.0039233097880926,56.49566094853683,0,0,,,,,,,road
,2025-02-09 06:09:38.524190772,Красноярская,,,2025,2024,38 days 05:48:32.166049710,55068.5361008285,413.8467700238034,0.14705882352941177,Зима,1,2,0.0013077699293642,0.0013077699293642,0.0039233097880926,56.49566094853683,0,0,,,,,,,road
,2025-02-09 08:37:20.954086332,Красноярская,,,2025,2024,38 days 08:16:14.595945270,55216.2432657545,147.70716492599604,0.14852941176470588,Зима,1,2,0.0013077699293642,0.0013077699293642,0.0039233097880926,56.49566094853683,0,0,,,,,,,road
,2025-02-09 14:06:53.450010612,Красноярская,,,2025,2024,38 days 13:45:47.091869550,55545.784864492496,329.54159873799654,0.15,Зима,1,2,0.0013077699293642,0.0013077699293642,0.0039233097880926,56.49566094853683,0,0,,,,,,,road
,2025-02-09 17:42:56.134408116,Красноярская,,,2025,2024,38 days 17:21:49.776267054,55761.8296044509,216.0447399584009,0.1514705882352941,Зима,1,2,0.0013077699293642,0.0013077699293642,0.0039233097880926,56.49566094853683,0,0,,,,,,,road
,2025-02-09 21:01:30.868472274,Красноярская,,,2025,2024,38 days 20:40:24.510331212,55960.4085055202,198.57890106930427,0.15294117647058825,Зима,1,2,0.0013077699293642,0.0013077699293642,0.0039233097880926,56.49566094853683,0,0,,,,,,,road
,2025-02-10 01:15:26.136218238,Красноярская,,,2025,2024,39 days 00:54:19.778077176,56214.3296346196,253.92112909939897,0.15441176470588236,Зима,1,2,0.0013077699293642,0.0013077699293642,0.0039233097880926,56.49566094853683,0,0,,,,,,,road
,2025-02-10 03:48:03.101167392,Красноярская,,,2025,2024,39 days 03:26:56.743026330,56366.945717105504,152.61608248590346,0.15588235294117647,Зима,1,2,0.0013077699293642,0.0013077699293642,0.0039233097880926,56.49566094853683,0,0,,,,,,,road
,2025-02-10 17:50:29.716433772,Красноярская,,,2025,2024,39 days 17:29:23.358292710,57209.3893048785,842.4435877729993,0.15735294117647058,Зима,1,2,0.0013077699293642,0.0013077699293642,0.0039233097880926,56.49566094853683,0,0,,,,,,,road
,2025-02-11 04:53:49.420753884,Красноярская,,,2025,2024,40 days 04:32:43.062612822,57872.7177102137,663.3284053351963,0.1588235294117647,Зима,1,2,0.0013077699293642,0.0013077699293642,0.0039233097880926,56.49566094853683,0,0,,,,,,,road
,2025-02-11 18:13:11.080355562,Красноярская,,,2025,2024,40 days 17:52:04.722214500,58672.078703574996,799.360993361297,0.16029411764705884,Зима,1,2,0.0013077699293642,0.0013077699293642,0.0039233097880926,56.49566094853683,0,0,,,,,,,road
,2025-02-11 23:35:14.431059222,Красноярская,,,2025,2024,40 days 23:14:08.072918160,58994.134548636,322.0558450610042,0.16176470588235295,Зима,1,2,0.0013077699293642,0.0013077699293642,0.0039233097880926,56.49566094853683,0,0,,,,,,,road
,2025-02-12 18:18:09.471076680,Красноярская,,,2025,2024,41 days 17:57:03.112935618,60117.0518822603,1122.9173336242966,0.16323529411764706,Зима,1,2,0.0013077699293642,0.0013077699293642,0.0039233097880926,56.49566094853683,0,0,,,,,,,road
,2025-02-12 20:04:18.134659038,Красноярская,,,2025,2024,41 days 19:43:11.776517976,60223.196275299604,106.14439303930703,0.16470588235294117,Зима,1,2,0.0013077699293642,0.0013077699293642,0.0039233097880926,56.49566094853683,0,0,,,,,,,road
,2025-03-01 21:42:39.476657142,Красноярская,,,2025,2024,58 days 21:21:33.118516080,84801.551975268,24578.355699968393,0.1661764705882353,Весна,2,3,0.0012515644555694,0.0012515644555694,0.0037546933667082,54.06758448060075,0,0,,,,,,,road
,2025-03-03 08:04:23.489942700,Красноярская,,,2025,2024,60 days 07:43:17.131801638,86863.2855300273,2061.7335547592957,0.1676470588235294,Весна,2,3,0.0012515644555694,0.0012515644555694,0.0037546933667082,54.06758448060075,0,0,,,,,,,road
,2025-03-04 03:03:14.069487870,Красноярская,,,2025,2024,61 days 02:42:07.711346808,88002.1285224468,1138.842992419508,0.16911764705882354,Весна,2,3,0.0012515644555694,0.0012515644555694,0.0037546933667082,54.06758448060075,0,0,,,,,,,road
,2025-03-04 10:45:12.179835216,Красноярская,,,2025,2024,61 days 10:24:05.821694154,88464.0970282359,461.9685057891038,0.17058823529411765,Весна,2,3,0.0012515644555694,0.0012515644555694,0.0037546933667082,54.06758448060075,0,0,,,,,,,road
,2025-03-04 20:05:59.105575890,Красноярская,,,2025,2024,61 days 19:44:52.747434828,89024.87912391381,560.7820956779033,0.17205882352941176,Весна,2,3,0.0012515644555694,0.0012515644555694,0.0037546933667082,54.06758448060075,0,0,,,,,,,road
,2025-03-04 21:52:44.638293462,Красноярская,,,2025,2024,61 days 21:31:38.280152400,89131.63800254,106.75887862619129,0.17352941176470588,Весна,2,3,0.0012515644555694,0.0012515644555694,0.0037546933667082,54.06758448060075,0,0,,,,,,,road
,2025-03-05 16:10:26.105761518,Красноярская,,,2025,2024,62 days 15:49:19.747620456,90229.3291270076,1097.6911244676012,0.175,Весна,2,3,0.0012515644555694,0.0012515644555694,0.0037546933667082,54.06758448060075,0,0,,,,,,,road
,2025-03-06 04:15:32.543561166,Красноярская,,,2025,2024,63 days 03:54:26.185420104,90954.4364236684,725.1072966608044,0.17647058823529413,Весна,2,3,0.0012515644555694,0.0012515644555694,0.0037546933667082,54.06758448060075,0,0,,,,,,,road
,2025-03-07 11:15:02.714271264,Красноярская,,,2025,2024,64 days 10:53:56.356130202,92813.93926883671,1859.5028451683029,0.17794117647058824,Весна,2,3,0.0012515644555694,0.0012515644555694,0.0037546933667082,54.06758448060075,0,0,,,,,,,road
,2025-03-07 14:13:56.852895744,Красноярская,,,2025,2024,64 days 13:52:50.494754682,92992.8415792447,178.902310407997,0.17941176470588235,Весна,2,3,0.0012515644555694,0.0012515644555694,0.0037546933667082,54.06758448060075,0,0,,,,,,,road
,2025-03-08 09:13:18.135032214,Красноярская,,,2025,2024,65 days 08:52:11.776891152,94132.19628151921,1139.3547022745042,0.18088235294117647,Весна,2,3,0.0012515644555694,0.0012515644555694,0.0037546933667082,54.06758448060075,0,0,,,,,,,road
,2025-03-09 00:35:27.646866864,Красноярская,,,2025,2024,66 days 00:14:21.288725802,95054.3548120967,922.1585305774934,0.18235294117647058,Весна,2,3,0.0012515644555694,0.0012515644555694,0.0037546933667082,54.06758448060075,0,0,,,,,,,road
,2025-03-09 04:42:22.824466320,Красноярская,,,2025,2024,66 days 04:21:16.466325258,95301.27443875429,246.9196266575891,0.18382352941176472,Весна,2,3,0.0012515644555694,0.0012515644555694,0.0037546933667082,54.06758448060075,0,0,,,,,,,road
,2025-03-09 19:21:52.803034494,Красноярская,,,2025,2024,66 days 19:00:46.444893432,96180.7740815572,879.4996428029117,0.18529411764705883,Весна,2,3,0.0012515644555694,0.0012515644555694,0.0037546933667082,54.06758448060075,0,0,,,,,,,road
,2025-03-11 05:44:51.339769458,Красноярская,,,2025,2024,68 days 05:23:44.981628396,98243.74969380659,2062.9756122493854,0.18676470588235294,Весна,2,3,0.0012515644555694,0.0012515644555694,0.0037546933667082,54.06758448060075,0,0,,,,,,,road
,2025-03-12 15:07:26.580443076,Красноярская,,,2025,2024,69 days 14:46:20.222302014,100246.3370383669,2002.5873445603065,0.18823529411764706,Весна,2,3,0.0012515644555694,0.0012515644555694,0.0037546933667082,54.06758448060075,0,0,,,,,,,road
,2025-03-13 08:03:28.661760564,Красноярская,,,2025,2024,70 days 07:42:22.303619502,101262.3717269917,1016.0346886248008,0.18970588235294117,Весна,2,3,0.0012515644555694,0.0012515644555694,0.0037546933667082,54.06758448060075,0,0,,,,,,,road
,2025-03-13 08:42:50.523946776,Красноярская,,,2025,2024,70 days 08:21:44.165805714,101301.7360967619,39.364369770206395,0.19117647058823528,Весна,2,3,0.0012515644555694,0.0012515644555694,0.0037546933667082,54.06758448060075,0,0,,,,,,,road
,2025-03-14 12:07:01.086123648,Красноярская,,,2025,2024,71 days 11:45:54.727982586,102945.91213304311,1644.1760362812056,0.19264705882352942,Весна,2,3,0.0012515644555694,0.0012515644555694,0.0037546933667082,54.06758448060075,0,0,,,,,,,road
,2025-03-15 02:23:47.023643550,Красноярская,,,2025,2024,72 days 02:02:40.665502488,103802.67775837479,856.7656253316818,0.19411764705882353,Весна,2,3,0.0012515644555694,0.0012515644555694,0.0037546933667082,54.06758448060075,0,0,,,,,,,road
,2025-03-15 07:20:45.997183476,Красноярская,,,2025,2024,72 days 06:59:39.639042414,104099.6606507069,296.9828923321038,0.19558823529411765,Весна,2,3,0.0012515644555694,0.0012515644555694,0.0037546933667082,54.06758448060075,0,0,,,,,,,road
,2025-03-15 10:06:25.501165788,Красноярская,,,2025,2024,72 days 09:45:19.143024726,104265.3190504121,165.65839970520756,0.19705882352941176,Весна,2,3,0.0012515644555694,0.0012515644555694,0.0037546933667082,54.06758448060075,0,0,,,,,,,road
,2025-03-15 11:45:07.474579494,Красноярская,,,2025,2024,72 days 11:24:01.116438432,104364.0186073072,98.69955689509516,0.19852941176470587,Весна,2,3,0.0012515644555694,0.0012515644555694,0.0037546933667082,54.06758448060075,0,0,,,,,,,road
,2025-03-15 12:26:18.431287884,Красноярская,,,2025,2024,72 days 12:05:12.073146822,104405.2012191137,41.18261180650734,0.2,Весна,2,3,0.0012515644555694,0.0012515644555694,0.0037546933667082,54.06758448060075,0,0,,,,,,,road
,2025-03-16 07:07:10.750512474,Красноярская,,,2025,2024,73 days 06:46:04.392371412,105526.07320619021,1120.8719870765053,0.20147058823529412,Весна,2,3,0.0012515644555694,0.0012515644555694,0.0037546933667082,54.06758448060075,0,0,,,,,,,road
,2025-03-16 10:42:05.748175536,Красноярская,,,2025,2024,73 days 10:20:59.390034474,105740.98983390791,214.91662771769916,0.20294117647058824,Весна,2,3,0.0012515644555694,0.0012515644555694,0.0037546933667082,54.06758448060075,0,0,,,,,,,road
,2025-03-16 11:01:42.765395628,Красноярская,,,2025,2024,73 days 10:40:36.407254566,105760.60678757611,19.61695366819913,0.20441176470588235,Весна,2,3,0.0012515644555694,0.0012515644555694,0.0037546933667082,54.06758448060075,0,0,,,,,,,road
,2025-03-16 17:46:14.165384058,Красноярская,,,2025,2024,73 days 17:25:07.807242996,106165.1301207166,404.52333314048883,0.20588235294117646,Весна,2,3,0.0012515644555694,0.0012515644555694,0.0037546933667082,54.06758448060075,0,0,,,,,,,road
,2025-03-17 02:32:44.357547474,Красноярская,,,2025,2024,74 days 02:11:37.999406412,106691.6333234402,526.5032027236011,0.2073529411764706,Весна,2,3,0.0012515644555694,0.0012515644555694,0.0037546933667082,54.06758448060075,0,0,,,,,,,road
,2025-03-17 05:00:52.557009324,Красноярская,,,2025,2024,74 days 04:39:46.198868262,106839.7699811377,148.13665769749787,0.2088235294117647,Весна,2,3,0.0012515644555694,0.0012515644555694,0.0037546933667082,54.06758448060075,0,0,,,,,,,road
,2025-03-17 05:36:52.154679966,Красноярская,,,2025,2024,74 days 05:15:45.796538904,106875.76327564841,35.993294510713895,0.21029411764705883,Весна,2,3,0.0012515644555694,0.0012515644555694,0.0037546933667082,54.06758448060075,0,0,,,,,,,road
,2025-03-17 08:24:22.390396872,Красноярская,,,2025,2024,74 days 08:03:16.032255810,107043.2672042635,167.5039286150859,0.21176470588235294,Весна,2,3,0.0012515644555694,0.0012515644555694,0.0037546933667082,54.06758448060075,0,0,,,,,,,road
,2025-03-17 23:32:32.640533592,Красноярская,,,2025,2024,74 days 23:11:26.282392530,107951.4380398755,908.1708356120071,0.21323529411764705,Весна,2,3,0.0012515644555694,0.0012515644555694,0.0037546933667082,54.06758448060075,0,0,,,,,,,road
,2025-03-18 00:41:07.012758444,Красноярская,,,2025,2024,75 days 00:20:00.654617382,108020.0109102897,68.57287041419477,0.21470588235294116,Весна,2,3,0.0012515644555694,0.0012515644555694,0.0037546933667082,54.06758448060075,0,0,,,,,,,road
,2025-03-18 11:28:07.109226186,Красноярская,,,2025,2024,75 days 11:07:00.751085124,108667.0125180854,647.001607795697,0.2161764705882353,Весна,2,3,0.0012515644555694,0.0012515644555694,0.0037546933667082,54.06758448060075,0,0,,,,,,,road
,2025-03-18 13:34:36.328734450,Красноярская,,,2025,2024,75 days 13:13:29.970593388,108793.4995098898,126.48699180441326,0.21764705882352942,Весна,2,3,0.0012515644555694,0.0012515644555694,0.0037546933667082,54.06758448060075,0,0,,,,,,,road
,2025-03-18 16:28:36.197820870,Красноярская,,,2025,2024,75 days 16:07:29.839679808,108967.49732799681,173.9978181070037,0.21911764705882353,Весна,2,3,0.0012515644555694,0.0012515644555694,0.0037546933667082,54.06758448060075,0,0,,,,,,,road
,2025-03-18 23:07:35.267156598,Красноярская,,,2025,2024,75 days 22:46:28.909015536,109366.4818169256,398.9844889287924,0.22058823529411764,Весна,2,3,0.0012515644555694,0.0012515644555694,0.0037546933667082,54.06758448060075,0,0,,,,,,,road
,2025-03-19 00:32:30.233347896,Красноярская,,,2025,2024,76 days 00:11:23.875206834,109451.3979201139,84.91610318829771,0.22205882352941175,Весна,2,3,0.0012515644555694,0.0012515644555694,0.0037546933667082,54.06758448060075,0,0,,,,,,,road
,2025-03-19 03:04:28.262557998,Красноярская,,,2025,2024,76 days 02:43:21.904416936,109603.36507361561,151.96715350171144,0.2235294117647059,Весна,2,3,0.0012515644555694,0.0012515644555694,0.0037546933667082,54.06758448060075,0,0,,,,,,,road
,2025-03-19 08:47:22.794065964,Красноярская,,,2025,2024,76 days 08:26:16.435924902,109946.27393208169,342.9088584660785,0.225,Весна,2,3,0.0012515644555694,0.0012515644555694,0.0037546933667082,54.06758448060075,0,0,,,,,,,road
,2025-03-19 14:06:58.011059136,Красноярская,,,2025,2024,76 days 13:45:51.652918074,110265.8608819679,319.58694988621573,0.22647058823529412,Весна,2,3,0.0012515644555694,0.0012515644555694,0.0037546933667082,54.06758448060075,0,0,,,,,,,road
,2025-03-20 08:32:17.465976606,Красноярская,,,2025,2024,77 days 08:11:11.107835544,111371.1851305924,1105.3242486245,0.22794117647058823,Весна,2,3,0.0012515644555694,0.0012515644555694,0.0037546933667082,54.06758448060075,0,0,,,,,,,road
,2025-03-20 09:34:23.661124002,Красноярская,,,2025,2024,77 days 09:13:17.302982940,111433.288383049,62.10325245659624,0.22941176470588234,Весна,2,3,0.0012515644555694,0.0012515644555694,0.0037546933667082,54.06758448060075,0,0,,,,,,,road
,2025-03-21 11:47:53.705223030,Красноярская,,,2025,2024,78 days 11:26:47.347081968,113006.7891180328,1573.5007349837979,0.23088235294117648,Весна,2,3,0.0012515644555694,0.0012515644555694,0.0037546933667082,54.06758448060075,0,0,,,,,,,road
,2025-03-22 10:21:28.001845230,Красноярская,,,2025,2024,79 days 10:00:21.643704168,114360.3607284028,1353.571610369996,0.2323529411764706,Весна,2,3,0.0012515644555694,0.0012515644555694,0.0037546933667082,54.06758448060075,0,0,,,,,,,road
,2025-03-23 05:41:55.982888664,Красноярская,,,2025,2024,80 days 05:20:49.624747602,115520.8270791267,1160.466350723902,0.2338235294117647,Весна,2,3,0.0012515644555694,0.0012515644555694,0.0037546933667082,54.06758448060075,0,0,,,,,,,road
,2025-03-23 10:37:41.188430970,Красноярская,,,2025,2024,80 days 10:16:34.830289908,115816.5805048318,295.7534257051011,0.23529411764705882,Весна,2,3,0.0012515644555694,0.0012515644555694,0.0037546933667082,54.06758448060075,0,0,,,,,,,road
,2025-03-24 09:40:42.350927394,Красноярская,,,2025,2024,81 days 09:19:35.992786332,117199.5998797722,1383.0193749403988,0.23676470588235293,Весна,2,3,0.0012515644555694,0.0012515644555694,0.0037546933667082,54.06758448060075,0,0,,,,,,,road
,2025-03-24 12:22:00.188649972,Красноярская,,,2025,2024,81 days 12:00:53.830508910,117360.89717514851,161.2972953763092,0.23823529411764705,Весна,2,3,0.0012515644555694,0.0012515644555694,0.0037546933667082,54.06758448060075,0,0,,,,,,,road
,2025-03-24 14:08:09.325767852,Красноярская,,,2025,2024,81 days 13:47:02.967626790,117467.04946044649,106.15228529798333,0.23970588235294119,Весна,2,3,0.0012515644555694,0.0012515644555694,0.0037546933667082,54.06758448060075,0,0,,,,,,,road
,2025-03-24 14:44:54.480216618,Красноярская,,,2025,2024,81 days 14:23:48.122075556,117503.80203459259,36.752574146099505,0.2411764705882353,Весна,2,3,0.0012515644555694,0.0012515644555694,0.0037546933667082,54.06758448060075,0,0,,,,,,,road
,2025-03-26 04:03:41.512659486,Красноярская,,,2025,2024,83 days 03:42:35.154518424,119742.5859086404,2238.7838740478037,0.2426470588235294,Весна,2,3,0.0012515644555694,0.0012515644555694,0.0037546933667082,54.06758448060075,0,0,,,,,,,road
,2025-03-26 08:41:09.618667146,Красноярская,,,2025,2024,83 days 08:20:03.260526084,120020.0543421014,277.4684334610065,0.24411764705882352,Весна,2,3,0.0013269439951237511,0.0012515644555694,0.0037546933667082,54.06758448060075,0,1,,,,,,,road
,2025-03-27 12:47:28.108167276,Красноярская,,,2025,2024,84 days 12:26:21.750026214,121706.3625004369,1686.3081583354942,0.24558823529411763,Весна,2,3,0.0014803859221835826,0.0012515644555694,0.0037546933667082,54.06758448060075,0,1,,,,,,,road
,2025-03-27 14:29:00.555090618,Красноярская,,,2025,2024,84 days 14:07:54.196949556,121807.9032824926,101.54078205570113,0.24705882352941178,Весна,2,3,0.003134675388407308,0.0012515644555694,0.0037546933667082,54.06758448060075,0,1,,,,,,,road
,2025-03-28 02:54:57.923694234,Красноярская,,,2025,2024,85 days 02:33:51.565553172,122553.8594258862,745.9561433936033,0.2485294117647059,Весна,2,3,0.003192225151327616,0.0012515644555694,0.0037546933667082,54.06758448060075,0,1,,,,,,,road
,2025-03-28 14:55:46.954356984,Красноярская,,,2025,2024,85 days 14:34:40.596215922,123274.67660359871,720.8171777125099,0.25,Весна,2,3,0.003250017341492594,0.0012515644555694,0.0037546933667082,54.06758448060075,0,1,,,,,,,road
,2025-03-29 04:03:54.760717758,Красноярская,,,2025,2024,86 days 03:42:48.402576696,124062.8067096116,788.1301060128899,0.2514705882352941,Весна,2,3,0.003264395576843994,0.0012515644555694,0.0037546933667082,54.06758448060075,0,1,,,,,,,road
,2025-03-29 07:27:04.732549626,Красноярская,,,2025,2024,86 days 07:05:58.374408564,124265.97290680939,203.16619719778828,0.2529411764705882,Весна,2,3,0.0033740036961956935,0.0012515644555694,0.0037546933667082,54.06758448060075,0,1,,,,,,,road
,2025-03-29 17:18:39.511681176,Красноярская,,,2025,2024,86 days 16:57:33.153540114,124857.5525590019,591.5796521925076,0.25441176470588234,Весна,2,3,0.0033968624632639537,0.0012515644555694,0.0037546933667082,54.06758448060075,0,1,,,,,,,road
,2025-03-30 06:40:37.987959132,Красноярская,,,2025,2024,87 days 06:19:31.629818070,125659.5271636345,801.9746046326036,0.25588235294117645,Весна,2,3,0.0037546933667082,0.0012515644555694,0.0037546933667082,54.06758448060075,1,0,,,,,,,road
,2025-03-30 08:25:09.742543422,Красноярская,,,2025,2024,87 days 08:04:03.384402360,125764.056406706,104.52924307150533,0.25735294117647056,Весна,2,3,0.0037546933667082,0.0012515644555694,0.0037546933667082,54.06758448060075,1,0,,,,,,,road
,2025-03-30 10:49:43.500796224,Красноярская,,,2025,2024,87 days 10:28:37.142655162,125908.6190442527,144.56263754669635,0.25882352941176473,Весна,2,3,0.0037546933667082,0.0012515644555694,0.0037546933667082,54.06758448060075,1,0,,,,,,,road
,2025-03-30 16:28:02.187431382,Красноярская,,,2025,2024,87 days 16:06:55.829290320,126246.930488172,338.3114439193014,0.26029411764705884,Весна,2,3,0.0037546933667082,0.0012515644555694,0.0037546933667082,54.06758448060075,1,0,,,,,,,road
,2025-03-30 18:03:10.069363338,Красноярская,,,2025,2024,87 days 17:42:03.711222276,126342.0618537046,95.13136553259392,0.26176470588235295,Весна,2,3,0.0037546933667082,0.0012515644555694,0.0037546933667082,54.06758448060075,1,0,,,,,,,road
,2025-03-31 00:16:28.418406852,Красноярская,,,2025,2024,87 days 23:55:22.060265790,126715.3676710965,373.305817391898,0.26323529411764707,Весна,2,3,0.0037546933667082,0.0012515644555694,0.0037546933667082,54.06758448060075,1,0,,,,,,,road
,2025-03-31 00:36:55.116351576,Красноярская,,,2025,2024,88 days 00:15:48.758210514,126735.81263684189,20.444965745395166,0.2647058823529412,Весна,2,3,0.0037546933667082,0.0012515644555694,0.0037546933667082,54.06758448060075,1,0,,,,,,,road
,2025-03-31 03:54:20.837309934,Красноярская,,,2025,2024,88 days 03:33:14.479168872,126933.24131948121,197.42868263932178,0.2661764705882353,Весна,2,3,0.0037546933667082,0.0012515644555694,0.0037546933667082,54.06758448060075,1,0,,,,,,,road
,2025-03-31 04:29:05.680673730,Красноярская,,,2025,2024,88 days 04:07:59.322532668,126967.98870887779,34.74738939657982,0.2676470588235294,Весна,2,3,0.0037546933667082,0.0012515644555694,0.0037546933667082,54.06758448060075,1,0,,,,,,,road
,2025-03-31 06:01:33.653054981,Красноярская,,,2025,2024,88 days 05:40:27.294913919,127060.45491523198,92.46620635419094,0.2691176470588235,Весна,2,3,0.0037546933667082,0.0012515644555694,0.0037546933667082,54.06758448060075,1,0,,,,,,,road
,2025-03-31 07:21:15.655881846,Красноярская,,,2025,2024,88 days 07:00:09.297740784,127140.1549623464,79.70004711441288,0.27058823529411763,Весна,2,3,0.0037546933667082,0.0012515644555694,0.0037546933667082,54.06758448060075,1,0,,,,,,,road
,2025-03-31 15:27:34.002894035,Красноярская,,,2025,2024,88 days 15:06:27.644752973,127626.46074588288,486.3057835364889,0.27205882352941174,Весна,2,3,0.0037546933667082,0.0012515644555694,0.0037546933667082,54.06758448060075,1,0,,,,,,,road
,2025-03-31 16:24:50.865871548,Красноярская,,,2025,2024,88 days 16:03:44.507730486,127683.7417955081,57.281049625220476,0.2735294117647059,Весна,2,3,0.0037546933667082,0.0012515644555694,0.0037546933667082,54.06758448060075,1,0,,,,,,,road
,2025-03-31 23:44:59.342759610,Красноярская,,,2025,2024,88 days 23:23:52.984618548,128123.8830769758,440.14128146770236,0.275,Весна,2,3,0.0037546933667082,0.0012515644555694,0.0037546933667082,54.06758448060075,1,0,,,,,,,road
,2025-04-01 06:45:42.735156948,Красноярская,,,2025,2024,89 days 06:24:36.377015886,128544.6062835981,420.7232066222932,0.27647058823529413,Весна,2,4,0.0037546933667082,0.0012515644555694,0.0037546933667082,54.06758448060075,1,0,,,,,,,road
,2025-04-01 09:49:43.569370800,Красноярская,,,2025,2024,89 days 09:28:37.211229738,128728.62018716229,184.01390356419142,0.27794117647058825,Весна,2,4,0.0037546933667082,0.0012515644555694,0.0037546933667082,54.06758448060075,1,0,,,,,,,road
,2025-04-01 11:00:40.138048992,Красноярская,,,2025,2024,89 days 10:39:33.779907930,128799.5629984655,70.94281130320451,0.27941176470588236,Весна,2,4,0.0037546933667082,0.0012515644555694,0.0037546933667082,54.06758448060075,1,0,,,,,,,road
,2025-04-01 12:09:12.465420996,Красноярская,,,2025,2024,89 days 11:48:06.107279934,128868.1017879989,68.53878953339881,0.28088235294117647,Весна,2,4,0.0037546933667082,0.0012515644555694,0.0037546933667082,54.06758448060075,1,0,,,,,,,road
,2025-04-01 14:55:45.521594952,Красноярская,,,2025,2024,89 days 14:34:39.163453890,129034.6527242315,166.550936232612,0.2823529411764706,Весна,2,4,0.0037546933667082,0.0012515644555694,0.0037546933667082,54.06758448060075,1,0,,,,,,,road
,2025-04-01 14:58:06.913211364,Красноярская,,,2025,2024,89 days 14:37:00.555070302,129037.00925117171,2.356526940202457,0.2838235294117647,Весна,2,4,0.0037546933667082,0.0012515644555694,0.0037546933667082,54.06758448060075,1,0,,,,,,,road
,2025-04-01 18:19:58.165885554,Красноярская,,,2025,2024,89 days 17:58:51.807744492,129238.8634624082,201.85421123649576,0.2852941176470588,Весна,2,4,0.0037546933667082,0.0012515644555694,0.0037546933667082,54.06758448060075,1,0,,,,,,,road
,2025-04-02 07:53:03.950600634,Красноярская,,,2025,2024,90 days 07:31:57.592459572,130051.95987432619,813.0964119179844,0.2867647058823529,Весна,2,4,0.0037546933667082,0.0012515644555694,0.0037546933667082,54.06758448060075,1,0,,,,,,,road
,2025-04-02 08:37:49.738386600,Красноярская,,,2025,2024,90 days 08:16:43.380245538,130096.7230040923,44.76312976611371,0.28823529411764703,Весна,2,4,0.0037546933667082,0.0012515644555694,0.0037546933667082,54.06758448060075,1,0,,,,,,,road
,2025-04-02 12:24:41.198950128,Красноярская,,,2025,2024,90 days 12:03:34.840809066,130323.58068015109,226.85767605878937,0.2897058823529412,Весна,2,4,0.0037546933667082,0.0012515644555694,0.0037546933667082,54.06758448060075,1,0,,,,,,,road
,2025-04-03 02:54:05.704190220,Красноярская,,,2025,2024,91 days 02:32:59.346049158,131192.9891008193,869.4084206682164,0.2911764705882353,Весна,2,4,0.0037546933667082,0.0012515644555694,0.0037546933667082,54.06758448060075,1,0,,,,,,,road
,2025-04-03 11:38:43.897543878,Красноярская,,,2025,2024,91 days 11:17:37.539402816,131717.62565671362,524.6365558943071,0.2926470588235294,Весна,2,4,0.0037546933667082,0.0012515644555694,0.0037546933667082,54.06758448060075,1,0,,,,,,,road
,2025-04-03 20:04:40.421363820,Красноярская,,,2025,2024,91 days 19:43:34.063222758,132223.5677203793,505.9420636656869,0.29411764705882354,Весна,2,4,0.0037546933667082,0.0012515644555694,0.0037546933667082,54.06758448060075,1,0,,,,,,,road
,2025-04-04 03:44:07.982723532,Красноярская,,,2025,2024,92 days 03:23:01.624582470,132683.0270763745,459.45935599520453,0.29558823529411765,Весна,2,4,0.0037546933667082,0.0012515644555694,0.0037546933667082,54.06758448060075,1,0,,,,,,,road
,2025-04-04 05:22:34.983618582,Красноярская,,,2025,2024,92 days 05:01:28.625477520,132781.477091292,98.45001491750008,0.29705882352941176,Весна,2,4,0.0037546933667082,0.0012515644555694,0.0037546933667082,54.06758448060075,1,0,,,,,,,road
,2025-04-04 15:11:57.097678074,Красноярская,,,2025,2024,92 days 14:50:50.739537012,133370.8456589502,589.3685676581808,0.2985294117647059,Весна,2,4,0.0037546933667082,0.0012515644555694,0.0037546933667082,54.06758448060075,1,0,,,,,,,road
,2025-04-05 03:47:16.428862980,Красноярская,,,2025,2024,93 days 03:26:10.070721918,134126.1678453653,755.3221864151128,0.3,Весна,2,4,0.0037546933667082,0.0012515644555694,0.0037546933667082,54.06758448060075,1,0,,,,,,,road
,2025-04-05 06:49:39.009312918,Красноярская,,,2025,2024,93 days 06:28:32.651171856,134308.5441861976,182.37634083229932,0.3014705882352941,Весна,2,4,0.0037546933667082,0.0012515644555694,0.0037546933667082,54.06758448060075,1,0,,,,,,,road
,2025-04-05 08:46:15.694753650,Красноярская,,,2025,2024,93 days 08:25:09.336612588,134425.1556102098,116.61142401219695,0.3029411764705882,Весна,2,4,0.0037546933667082,0.0012515644555694,0.0037546933667082,54.06758448060075,1,0,,,,,,,road
,2025-04-05 11:08:42.220264596,Красноярская,,,2025,2024,93 days 10:47:35.862123534,134567.5977020589,142.4420918491087,0.3044117647058823,Весна,2,4,0.0037546933667082,0.0012515644555694,0.0037546933667082,54.06758448060075,1,0,,,,,,,road
,2025-04-05 12:57:02.494819416,Красноярская,,,2025,2024,93 days 12:35:56.136678354,134675.9356113059,108.3379092469986,0.3058823529411765,Весна,2,4,0.0037546933667082,0.0012515644555694,0.0037546933667082,54.06758448060075,1,0,,,,,,,road
,2025-04-05 14:00:38.332619850,Красноярская,,,2025,2024,93 days 13:39:31.974478788,134739.5329079798,63.59729667389183,0.3073529411764706,Весна,2,4,0.0037546933667082,0.0012515644555694,0.0037546933667082,54.06758448060075,1,0,,,,,,,road
,2025-04-06 02:50:28.971623874,Красноярская,,,2025,2024,94 days 02:29:22.613482812,135509.3768913802,769.8439834004093,0.3088235294117647,Весна,2,4,0.0012515644555694,0.0012515644555694,0.0037546933667082,54.06758448060075,0,0,,,,,,,road
,2025-04-06 13:51:10.560115992,Красноярская,,,2025,2024,94 days 13:30:04.201974930,136170.0700329155,660.6931415353029,0.31029411764705883,Весна,2,4,0.0012515644555694,0.0012515644555694,0.0037546933667082,54.06758448060075,0,0,,,,,,,road
,2025-04-06 22:07:20.571581766,Красноярская,,,2025,2024,94 days 21:46:14.213440704,136666.2368906784,496.1668577629025,0.31176470588235294,Весна,2,4,0.0012515644555694,0.0012515644555694,0.0037546933667082,54.06758448060075,0,0,,,,,,,road
,2025-04-06 23:27:50.761525452,Красноярская,,,2025,2024,94 days 23:06:44.403384390,136746.7400564065,80.50316572809243,0.31323529411764706,Весна,2,4,0.0012515644555694,0.0012515644555694,0.0037546933667082,54.06758448060075,0,0,,,,,,,road
,2025-04-07 20:41:28.184424234,Красноярская,,,2025,2024,95 days 20:20:21.826283172,138020.36377138618,1273.6237149796798,0.31470588235294117,Весна,2,4,0.0012515644555694,0.0012515644555694,0.0037546933667082,54.06758448060075,0,0,,,,,,,road
,2025-04-07 23:15:06.632505036,Красноярская,,,2025,2024,95 days 22:54:00.274363974,138174.0045727329,153.6408013467153,0.3161764705882353,Весна,2,4,0.0012515644555694,0.0012515644555694,0.0037546933667082,54.06758448060075,0,0,,,,,,,road
,2025-04-08 00:52:19.630859358,Красноярская,,,2025,2024,96 days 00:31:13.272718296,138271.2212119716,97.21663923870074,0.3176470588235294,Весна,2,4,0.0012515644555694,0.0012515644555694,0.0037546933667082,54.06758448060075,0,0,,,,,,,road
,2025-04-08 13:51:54.664285662,Красноярская,,,2025,2024,96 days 13:30:48.306144600,139050.80510241,779.5838904384,0.3191176470588235,Весна,2,4,0.0012515644555694,0.0012515644555694,0.0037546933667082,54.06758448060075,0,0,,,,,,,road
,2025-04-08 20:38:15.451331850,Красноярская,,,2025,2024,96 days 20:17:09.093190788,139457.1515531798,406.34645076980814,0.3205882352941177,Весна,2,4,0.0012515644555694,0.0012515644555694,0.0037546933667082,54.06758448060075,0,0,,,,,,,road
,2025-04-08 21:27:31.991424018,Красноярская,,,2025,2024,96 days 21:06:25.633282956,139506.4272213826,49.27566820278298,0.3220588235294118,Весна,2,4,0.0012515644555694,0.0012515644555694,0.0037546933667082,54.06758448060075,0,0,,,,,,,road
,2025-04-09 03:18:36.181246872,Красноярская,,,2025,2024,97 days 02:57:29.823105810,139857.4970517635,351.069830380904,0.3235294117647059,Весна,2,4,0.0012515644555694,0.0012515644555694,0.0037546933667082,54.06758448060075,0,0,,,,,,,road
,2025-04-09 22:59:04.978278726,Красноярская,,,2025,2024,97 days 22:37:58.620137664,141037.97700229438,1180.479950530891,0.325,Весна,2,4,0.0012515644555694,0.0012515644555694,0.0037546933667082,54.06758448060075,0,0,,,,,,,road
,2025-04-10 11:42:15.321858828,Красноярская,,,2025,2024,98 days 11:21:08.963717766,141801.1493952961,763.1723930017033,0.3264705882352941,Весна,2,4,0.0012515644555694,0.0012515644555694,0.0037546933667082,54.06758448060075,0,0,,,,,,,road
,2025-04-10 17:42:19.471647492,Красноярская,,,2025,2024,98 days 17:21:13.113506430,142161.2185584405,360.0691631444206,0.32794117647058824,Весна,2,4,0.0012515644555694,0.0012515644555694,0.0037546933667082,54.06758448060075,0,0,,,,,,,road
,2025-04-10 20:32:28.373994360,Красноярская,,,2025,2024,98 days 20:11:22.015853298,142331.36693088833,170.14837244781666,0.32941176470588235,Весна,2,4,0.0012515644555694,0.0012515644555694,0.0037546933667082,54.06758448060075,0,0,,,,,,,road
,2025-04-11 09:50:46.048570434,Красноярская,,,2025,2024,99 days 09:29:39.690429372,143129.6615071562,798.2945762678864,0.33088235294117646,Весна,2,4,0.0012515644555694,0.0012515644555694,0.0037546933667082,54.06758448060075,0,0,,,,,,,road
,2025-04-12 14:56:49.030569708,Красноярская,,,2025,2024,100 days 14:35:42.672428646,144875.71120714408,1746.049699987867,0.3323529411764706,Весна,2,4,0.0012515644555694,0.0012515644555694,0.0037546933667082,54.06758448060075,0,0,,,,,,,road
,2025-04-13 04:47:09.671352630,Красноярская,,,2025,2024,101 days 04:26:03.313211568,145706.0552201928,830.3440130487143,0.3338235294117647,Весна,2,4,0.0012515644555694,0.0012515644555694,0.0037546933667082,54.06758448060075,0,0,,,,,,,road
,2025-04-14 03:06:23.470497750,Красноярская,,,2025,2024,102 days 02:45:17.112356688,147045.28520594482,1339.2299857520266,0.3352941176470588,Весна,2,4,0.0012515644555694,0.0012515644555694,0.0037546933667082,54.06758448060075,0,0,,,,,,,road
,2025-04-14 12:55:22.788994608,Красноярская,,,2025,2024,102 days 12:34:16.430853546,147634.2738475591,588.988641614269,0.33676470588235297,Весна,2,4,0.0012515644555694,0.0012515644555694,0.0037546933667082,54.06758448060075,0,0,,,,,,,road
,2025-04-15 05:46:42.640485828,Красноярская,,,2025,2024,103 days 05:25:36.282344766,148645.6047057461,1011.3308581870224,0.3382352941176471,Весна,2,4,0.0012515644555694,0.0012515644555694,0.0037546933667082,54.06758448060075,0,0,,,,,,,road
,2025-04-16 11:56:52.976980176,Красноярская,,,2025,2024,104 days 11:35:46.618839114,150455.77698065192,1810.17227490581,0.3397058823529412,Весна,2,4,0.0012515644555694,0.0012515644555694,0.0037546933667082,54.06758448060075,0,0,,,,,,,road
,2025-04-17 07:42:16.474441356,Красноярская,,,2025,2024,105 days 07:21:10.116300294,151641.1686050049,1185.391624352982,0.3411764705882353,Весна,2,4,0.0012515644555694,0.0012515644555694,0.0037546933667082,54.06758448060075,0,0,,,,,,,road
,2025-04-18 15:44:55.655815188,Красноярская,,,2025,2024,106 days 15:23:49.297674126,153563.82162790213,1922.653022897226,0.3426470588235294,Весна,2,4,0.0012515644555694,0.0012515644555694,0.0037546933667082,54.06758448060075,0,0,,,,,,,road
,2025-04-18 23:15:39.579228324,Красноярская,,,2025,2024,106 days 22:54:33.221087262,154014.5536847877,450.73205688557937,0.34411764705882353,Весна,2,4,0.0012515644555694,0.0012515644555694,0.0037546933667082,54.06758448060075,0,0,,,,,,,road
,2025-04-20 06:29:52.631277414,Красноярская,,,2025,2024,108 days 06:08:46.273136352,155888.7712189392,1874.2175341514812,0.34558823529411764,Весна,2,4,0.0012515644555694,0.0012515644555694,0.0037546933667082,54.06758448060075,0,0,,,,,,,road
,2025-04-20 19:26:16.737350076,Красноярская,,,2025,2024,108 days 19:05:10.379209014,156665.1729868169,776.4017678777163,0.34705882352941175,Весна,2,4,0.0012515644555694,0.0012515644555694,0.0037546933667082,54.06758448060075,0,0,,,,,,,road
,2025-04-21 22:36:42.910673928,Красноярская,,,2025,2024,109 days 22:15:36.552532866,158295.6092088811,1630.4362220641924,0.34852941176470587,Весна,2,4,0.0012515644555694,0.0012515644555694,0.0037546933667082,54.06758448060075,0,0,,,,,,,road
,2025-04-21 23:08:48.792685710,Красноярская,,,2025,2024,109 days 22:47:42.434544648,158327.70724241078,32.098033529677195,0.35,Весна,2,4,0.0012515644555694,0.0012515644555694,0.0037546933667082,54.06758448060075,0,0,,,,,,,road
,2025-04-22 13:25:45.066059790,Красноярская,,,2025,2024,110 days 13:04:38.707918728,159184.6451319788,856.9378895680129,0.3514705882352941,Весна,2,4,0.0012515644555694,0.0012515644555694,0.0037546933667082,54.06758448060075,0,0,,,,,,,road
,2025-04-23 14:30:50.162618352,Красноярская,,,2025,2024,111 days 14:09:43.804477290,160689.73007462148,1505.0849426426867,0.35294117647058826,Весна,2,4,0.0012515644555694,0.0012515644555694,0.0037546933667082,54.06758448060075,0,0,,,,,,,road
,2025-04-23 17:03:46.124462688,Красноярская,,,2025,2024,111 days 16:42:39.766321626,160842.6627720271,152.9326974056312,0.35441176470588237,Весна,2,4,0.0012515644555694,0.0012515644555694,0.0037546933667082,54.06758448060075,0,0,,,,,,,road
,2025-04-24 07:29:56.881681626,Красноярская,,,2025,2024,112 days 07:08:50.523540564,161708.8420590094,866.1792869822821,0.3558823529411765,Весна,2,4,0.0012515644555694,0.0012515644555694,0.0037546933667082,54.06758448060075,0,0,,,,,,,road
,2025-04-25 06:42:22.426054128,Красноярская,,,2025,2024,113 days 06:21:16.067913066,163101.2677985511,1392.425739541708,0.3573529411764706,Весна,2,4,0.0012515644555694,0.0012515644555694,0.0037546933667082,54.06758448060075,0,0,,,,,,,road
,2025-04-25 11:13:43.150160058,Красноярская,,,2025,2024,113 days 10:52:36.792018996,163372.6132003166,271.3454017655167,0.3588235294117647,Весна,2,4,0.0012515644555694,0.0012515644555694,0.0037546933667082,54.06758448060075,0,0,,,,,,,road
,2025-04-25 18:08:53.155553346,Красноярская,,,2025,2024,113 days 17:47:46.797412284,163787.77995687138,415.16675655476865,0.3602941176470588,Весна,2,4,0.0012515644555694,0.0012515644555694,0.0037546933667082,54.06758448060075,0,0,,,,,,,road
,2025-04-26 05:22:19.342074450,Красноярская,,,2025,2024,114 days 05:01:12.983933388,164461.21639888978,673.4364420183992,0.36176470588235293,Весна,2,4,0.0012515644555694,0.0012515644555694,0.0037546933667082,54.06758448060075,0,0,,,,,,,road
,2025-04-26 15:07:22.769242344,Красноярская,,,2025,2024,114 days 14:46:16.411101282,165046.2735183547,585.0571194649092,0.36323529411764705,Весна,2,4,0.0012515644555694,0.0012515644555694,0.0037546933667082,54.06758448060075,0,0,,,,,,,road
,2025-04-26 15:39:19.313054982,Красноярская,,,2025,2024,114 days 15:18:12.954913920,165078.215915232,31.942396877304418,0.36470588235294116,Весна,2,4,0.0012515644555694,0.0012515644555694,0.0037546933667082,54.06758448060075,0,0,,,,,,,road
,2025-04-26 17:02:19.615397016,Красноярская,,,2025,2024,114 days 16:41:13.257255954,165161.2209542659,83.00503903391655,0.36617647058823527,Весна,2,4,0.0012515644555694,0.0012515644555694,0.0037546933667082,54.06758448060075,0,0,,,,,,,road
,2025-04-26 18:26:55.458086352,Красноярская,,,2025,2024,114 days 18:05:49.099945290,165245.8183324215,84.59737815559492,0.36764705882352944,Весна,2,4,0.0012515644555694,0.0012515644555694,0.0037546933667082,54.06758448060075,0,0,,,,,,,road
,2025-04-26 22:29:57.585335928,Красноярская,,,2025,2024,114 days 22:08:51.227194866,165488.8537865811,243.03545415960252,0.36911764705882355,Весна,2,4,0.0012515644555694,0.0012515644555694,0.0037546933667082,54.06758448060075,0,0,,,,,,,road
,2025-04-27 02:15:25.424235912,Красноярская,,,2025,2024,115 days 01:54:19.066094850,165714.31776824748,225.46398166636936,0.37058823529411766,Весна,2,4,0.0012515644555694,0.0012515644555694,0.0037546933667082,54.06758448060075,0,0,,,,,,,road
,2025-04-27 20:18:35.669638842,Красноярская,,,2025,2024,115 days 19:57:29.311497780,166797.488524963,1083.1707567155245,0.3720588235294118,Весна,2,4,0.0012515644555694,0.0012515644555694,0.0037546933667082,54.06758448060075,0,0,,,,,,,road
,2025-04-28 07:38:02.542498416,Красноярская,,,2025,2024,116 days 07:16:56.184357354,167476.9364059559,679.4478809928987,0.3735294117647059,Весна,2,4,0.0012515644555694,0.0012515644555694,0.0037546933667082,54.06758448060075,0,0,,,,,,,road
,2025-04-29 02:51:39.376026252,Красноярская,,,2025,2024,117 days 02:30:33.017885190,168630.55029808648,1153.6138921305828,0.375,Весна,2,4,0.0012515644555694,0.0012515644555694,0.0037546933667082,54.06758448060075,0,0,,,,,,,road
,2025-04-29 03:49:33.057267336,Красноярская,,,2025,2024,117 days 03:28:26.699126274,168688.44498543788,57.89468735139235,0.3764705882352941,Весна,2,4,0.0012515644555694,0.0012515644555694,0.0037546933667082,54.06758448060075,0,0,,,,,,,road
,2025-04-29 12:40:05.431077768,Красноярская,,,2025,2024,117 days 12:18:59.072936706,169218.9845489451,530.53956350722,0.3779411764705882,Весна,2,4,0.0012515644555694,0.0012515644555694,0.0037546933667082,54.06758448060075,0,0,,,,,,,road
,2025-04-29 17:52:41.010446790,Красноярская,,,2025,2024,117 days 17:31:34.652305728,169531.5775384288,312.5929894837027,0.37941176470588234,Весна,2,4,0.0012515644555694,0.0012515644555694,0.0037546933667082,54.06758448060075,0,0,,,,,,,road
,2025-04-30 19:08:09.550162524,Красноярская,,,2025,2024,118 days 18:47:03.192021462,171047.05320035768,1515.475661928882,0.38088235294117645,Весна,2,4,0.0012515644555694,0.0012515644555694,0.0037546933667082,54.06758448060075,0,0,,,,,,,road
,2025-05-01 11:31:09.157633440,Красноярская,,,2025,2024,119 days 11:10:02.799492378,172030.0466582063,982.9934578486136,0.38235294117647056,Весна,2,5,0.0012515644555694,0.0012515644555694,0.0037546933667082,54.06758448060075,0,0,,,,,,,road
,2025-05-02 14:36:44.667955122,Красноярская,,,2025,2024,120 days 14:15:38.309814060,173655.638496901,1625.5918386947014,0.38382352941176473,Весна,2,5,0.0012515644555694,0.0012515644555694,0.0037546933667082,54.06758448060075,0,0,,,,,,,road
,2025-05-02 15:14:43.707999018,Красноярская,,,2025,2024,120 days 14:53:37.349857956,173693.6224976326,37.98400073160883,0.38529411764705884,Весна,2,5,0.0012515644555694,0.0012515644555694,0.0037546933667082,54.06758448060075,0,0,,,,,,,road
,2025-05-03 08:14:10.883415720,Красноярская,,,2025,2024,121 days 07:53:04.525274658,174713.0754212443,1019.4529236117087,0.38676470588235295,Весна,2,5,0.0012515644555694,0.0012515644555694,0.0037546933667082,54.06758448060075,0,0,,,,,,,road
,2025-05-03 18:34:38.544032490,Красноярская,,,2025,2024,121 days 18:13:32.185891428,175333.5364315238,620.4610102794832,0.38823529411764707,Весна,2,5,0.0012515644555694,0.0012515644555694,0.0037546933667082,54.06758448060075,0,0,,,,,,,road
,2025-05-04 17:47:16.500465612,Красноярская,,,2025,2024,122 days 17:26:10.142324550,176726.1690387425,1392.632607218693,0.3897058823529412,Весна,2,5,0.0012515644555694,0.0012515644555694,0.0037546933667082,54.06758448060075,0,0,,,,,,,road
,2025-05-05 03:12:37.497363504,Красноярская,,,2025,2024,123 days 02:51:31.139222442,177291.51898704068,565.3499482981861,0.3911764705882353,Весна,2,5,0.0012515644555694,0.0012515644555694,0.0037546933667082,54.06758448060075,0,0,,,,,,,road
,2025-05-05 13:33:26.082038970,Красноярская,,,2025,2024,123 days 13:12:19.723897908,177912.3287316318,620.8097445911262,0.3926470588235294,Весна,2,5,0.0012515644555694,0.0012515644555694,0.0037546933667082,54.06758448060075,0,0,,,,,,,road
,2025-05-05 14:15:54.353260860,Красноярская,,,2025,2024,123 days 13:54:47.995119798,177954.7999186633,42.471187031507725,0.3941176470588235,Весна,2,5,0.0012515644555694,0.0012515644555694,0.0037546933667082,54.06758448060075,0,0,,,,,,,road
,2025-05-06 04:58:09.530891814,Красноярская,,,2025,2024,124 days 04:37:03.172750752,178837.05287917922,882.252960515907,0.39558823529411763,Весна,2,5,0.0012515644555694,0.0012515644555694,0.0037546933667082,54.06758448060075,0,0,,,,,,,road
,2025-05-06 09:13:03.408229788,Красноярская,,,2025,2024,124 days 08:51:57.050088726,179091.9508348121,254.897955632885,0.39705882352941174,Весна,2,5,0.0012515644555694,0.0012515644555694,0.0037546933667082,54.06758448060075,0,0,,,,,,,road
,2025-05-06 09:28:56.955528996,Красноярская,,,2025,2024,124 days 09:07:50.597387934,179107.8432897989,15.892454986809753,0.3985294117647059,Весна,2,5,0.0012515644555694,0.0012515644555694,0.0037546933667082,54.06758448060075,0,0,,,,,,,road
,2025-05-06 10:23:52.686919926,Красноярская,,,2025,2024,124 days 10:02:46.328778864,179162.7721463144,54.92885651550023,0.4,Весна,2,5,0.0012515644555694,0.0012515644555694,0.0037546933667082,54.06758448060075,0,0,,,,,,,road
,2025-05-08 04:23:18.024427224,Красноярская,,,2025,2024,126 days 04:02:11.666286162,181682.19443810268,2519.4222917882726,0.40147058823529413,Весна,2,5,0.0012515644555694,0.0012515644555694,0.0037546933667082,54.06758448060075,0,0,,,,,,,road
,2025-05-08 10:02:41.311946502,Красноярская,,,2025,2024,126 days 09:41:34.953805440,182021.582563424,339.38812532130396,0.40294117647058825,Весна,2,5,0.0012515644555694,0.0012515644555694,0.0037546933667082,54.06758448060075,0,0,,,,,,,road
,2025-06-01 13:14:25.987405788,Красноярская,,,2025,2024,150 days 12:53:19.629264726,216773.32715441208,34751.74459098809,0.40441176470588236,Лето,3,6,0.0016724187736609,0.0016724187736609,0.0050172563209827,72.24849102215195,0,0,,,,,,,road
,2025-06-01 21:49:02.548911210,Красноярская,,,2025,2024,150 days 21:27:56.190770148,217287.9365128358,514.6093584237096,0.40588235294117647,Лето,3,6,0.0016724187736609,0.0016724187736609,0.0050172563209827,72.24849102215195,0,0,,,,,,,road
,2025-06-01 23:35:17.914912428,Красноярская,,,2025,2024,150 days 23:14:11.556771366,217394.1926128561,106.25610002031317,0.4073529411764706,Лето,3,6,0.0016724187736609,0.0016724187736609,0.0050172563209827,72.24849102215195,0,0,,,,,,,road
,2025-06-02 01:12:01.188970284,Красноярская,,,2025,2024,151 days 00:50:54.830829222,217490.9138471537,96.72123429758358,0.4088235294117647,Лето,3,6,0.0016724187736609,0.0016724187736609,0.0050172563209827,72.24849102215195,0,0,,,,,,,road
,2025-06-02 08:09:06.644331186,Красноярская,,,2025,2024,151 days 07:48:00.286190124,217908.00476983542,417.0909226817312,0.4102941176470588,Лето,3,6,0.0016724187736609,0.0016724187736609,0.0050172563209827,72.24849102215195,0,0,,,,,,,road
,2025-06-02 21:09:09.353024514,Красноярская,,,2025,2024,151 days 20:48:02.994883452,218688.0499147242,780.0451448887761,0.4117647058823529,Лето,3,6,0.0016724187736609,0.0016724187736609,0.0050172563209827,72.24849102215195,0,0,,,,,,,road
,2025-06-03 11:00:29.847988188,Красноярская,,,2025,2024,152 days 10:39:23.489847126,219519.3914974521,831.3415827279096,0.41323529411764703,Лето,3,6,0.0016724187736609,0.0016724187736609,0.0050172563209827,72.24849102215195,0,0,,,,,,,road
,2025-06-03 13:33:36.762189198,Красноярская,,,2025,2024,152 days 13:12:30.404048136,219672.5067341356,153.11523668348673,0.4147058823529412,Лето,3,6,0.0016724187736609,0.0016724187736609,0.0050172563209827,72.24849102215195,0,0,,,,,,,road
,2025-06-03 14:36:40.662248052,Красноярская,,,2025,2024,152 days 14:15:34.304106990,219735.5717351165,63.06500098091783,0.4161764705882353,Лето,3,6,0.0016724187736609,0.0016724187736609,0.0050172563209827,72.24849102215195,0,0,,,,,,,road
,2025-06-03 19:26:49.828986540,Красноярская,,,2025,2024,152 days 19:05:43.470845478,220025.7245140913,290.15277897479245,0.4176470588235294,Лето,3,6,0.0016724187736609,0.0016724187736609,0.0050172563209827,72.24849102215195,0,0,,,,,,,road
,2025-06-04 20:23:33.022084571,Красноярская,,,2025,2024,153 days 20:02:26.663943509,221522.44439905847,1496.7198849671695,0.41911764705882354,Лето,3,6,0.0016724187736609,0.0016724187736609,0.0050172563209827,72.24849102215195,0,0,,,,,,,road
,2025-06-05 04:14:52.972552344,Красноярская,,,2025,2024,154 days 03:53:46.614411282,221993.77690685468,471.3325077962072,0.42058823529411765,Лето,3,6,0.0016724187736609,0.0016724187736609,0.0050172563209827,72.24849102215195,0,0,,,,,,,road
,2025-06-05 08:05:34.333827918,Красноярская,,,2025,2024,154 days 07:44:27.975686856,222224.46626144758,230.68935459290515,0.42205882352941176,Лето,3,6,0.0016724187736609,0.0016724187736609,0.0050172563209827,72.24849102215195,0,0,,,,,,,road
,2025-06-05 11:59:22.866362100,Красноярская,,,2025,2024,154 days 11:38:16.508221038,222458.2751370173,233.80887556972448,0.4235294117647059,Лето,3,6,0.0016724187736609,0.0016724187736609,0.0050172563209827,72.24849102215195,0,0,,,,,,,road
,2025-06-05 13:24:05.224468650,Красноярская,,,2025,2024,154 days 13:02:58.866327588,222542.9811054598,84.7059684424894,0.425,Лето,3,6,0.0016724187736609,0.0016724187736609,0.0050172563209827,72.24849102215195,0,0,,,,,,,road
,2025-06-05 19:47:21.116790792,Красноярская,,,2025,2024,154 days 19:26:14.758649730,222926.24597749548,383.26487203568104,0.4264705882352941,Лето,3,6,0.0016724187736609,0.0016724187736609,0.0050172563209827,72.24849102215195,0,0,,,,,,,road
,2025-06-06 11:24:24.756335430,Красноярская,,,2025,2024,155 days 11:03:18.398194368,223863.30663657282,937.0606590773386,0.4279411764705882,Лето,3,6,0.0016724187736609,0.0016724187736609,0.0050172563209827,72.24849102215195,0,0,,,,,,,road
,2025-06-07 21:53:03.167896680,Красноярская,,,2025,2024,156 days 21:31:56.809755618,225931.9468292603,2068.6401926874823,0.4294117647058823,Лето,3,6,0.0016724187736609,0.0016724187736609,0.0050172563209827,72.24849102215195,0,0,,,,,,,road
,2025-06-08 04:49:25.270119126,Красноярская,,,2025,2024,157 days 04:28:18.911978064,226348.3151996344,416.3683703741117,0.4308823529411765,Лето,3,6,0.0016724187736609,0.0016724187736609,0.0050172563209827,72.24849102215195,0,0,,,,,,,road
,2025-06-08 06:38:49.882112154,Красноярская,,,2025,2024,157 days 06:17:43.523971092,226457.7253995182,109.4101998838014,0.4323529411764706,Лето,3,6,0.0016724187736609,0.0016724187736609,0.0050172563209827,72.24849102215195,0,0,,,,,,,road
,2025-06-08 18:05:40.746326430,Красноярская,,,2025,2024,157 days 17:44:34.388185368,227144.5731364228,686.8477369046013,0.4338235294117647,Лето,3,6,0.0016724187736609,0.0016724187736609,0.0050172563209827,72.24849102215195,0,0,,,,,,,road
,2025-06-09 08:11:03.766942770,Красноярская,,,2025,2024,158 days 07:49:57.408801708,227989.95681336182,845.3836769390036,0.43529411764705883,Лето,3,6,0.0016724187736609,0.0016724187736609,0.0050172563209827,72.24849102215195,0,0,,,,,,,road
,2025-06-09 08:55:32.956758755,Красноярская,,,2025,2024,158 days 08:34:26.598617693,228034.44331029485,44.486496933037415,0.43676470588235294,Лето,3,6,0.0016724187736609,0.0016724187736609,0.0050172563209827,72.24849102215195,0,0,,,,,,,road
,2025-06-10 03:50:27.669975672,Красноярская,,,2025,2024,159 days 03:29:21.311834610,229169.35519724348,1134.9118869486265,0.43823529411764706,Лето,3,6,0.0016724187736609,0.0016724187736609,0.0050172563209827,72.24849102215195,0,0,,,,,,,road
,2025-06-10 21:27:35.999699988,Красноярская,,,2025,2024,159 days 21:06:29.641558926,230226.4940259821,1057.1388287386217,0.43970588235294117,Лето,3,6,0.0016724187736609,0.0016724187736609,0.0050172563209827,72.24849102215195,0,0,,,,,,,road
,2025-06-11 03:50:05.427951960,Красноярская,,,2025,2024,160 days 03:28:59.069810898,230608.98449684828,382.49047086617793,0.4411764705882353,Лето,3,6,0.0016724187736609,0.0016724187736609,0.0050172563209827,72.24849102215195,0,0,,,,,,,road
,2025-06-11 12:01:33.542864934,Красноярская,,,2025,2024,160 days 11:40:27.184723872,231100.45307873123,491.4685818829457,0.4426470588235294,Лето,3,6,0.0016724187736609,0.0016724187736609,0.0050172563209827,72.24849102215195,0,0,,,,,,,road
,2025-06-12 00:28:47.860181844,Красноярская,,,2025,2024,161 days 00:07:41.502040782,231847.6917006797,747.2386219484615,0.4441176470588235,Лето,3,6,0.0016724187736609,0.0016724187736609,0.0050172563209827,72.24849102215195,0,0,,,,,,,road
,2025-06-12 11:44:03.674002998,Красноярская,,,2025,2024,161 days 11:22:57.315861936,232522.95526436562,675.2635636859341,0.4455882352941177,Лето,3,6,0.0016724187736609,0.0016724187736609,0.0050172563209827,72.24849102215195,0,0,,,,,,,road
,2025-06-12 11:54:01.881481086,Красноярская,,,2025,2024,161 days 11:32:55.523340024,232532.9253890004,9.970124634768581,0.4470588235294118,Лето,3,6,0.0016724187736609,0.0016724187736609,0.0050172563209827,72.24849102215195,0,0,,,,,,,road
,2025-06-12 13:12:07.475805024,Красноярская,,,2025,2024,161 days 12:51:01.117663962,232611.0186277327,78.09323873231187,0.4485294117647059,Лето,3,6,0.0016724187736609,0.0016724187736609,0.0050172563209827,72.24849102215195,0,0,,,,,,,road
,2025-06-12 14:58:13.422548610,Красноярская,,,2025,2024,161 days 14:37:07.064407548,232717.1177401258,106.09911239310168,0.45,Лето,3,6,0.0016724187736609,0.0016724187736609,0.0050172563209827,72.24849102215195,0,0,,,,,,,road
,2025-06-13 05:00:52.276605366,Красноярская,,,2025,2024,162 days 04:39:45.918464304,233559.76530773842,842.6475676126138,0.4514705882352941,Лето,3,6,0.0016724187736609,0.0016724187736609,0.0050172563209827,72.24849102215195,0,0,,,,,,,road
,2025-06-13 10:47:39.304186206,Красноярская,,,2025,2024,162 days 10:26:32.946045144,233906.5491007524,346.78379301397945,0.45294117647058824,Лето,3,6,0.0016724187736609,0.0016724187736609,0.0050172563209827,72.24849102215195,0,0,,,,,,,road
,2025-06-13 18:39:09.938915832,Красноярская,,,2025,2024,162 days 18:18:03.580774770,234378.05967957948,471.51057882708847,0.45441176470588235,Лето,3,6,0.0016724187736609,0.0016724187736609,0.0050172563209827,72.24849102215195,0,0,,,,,,,road
,2025-06-14 09:24:57.965066514,Красноярская,,,2025,2024,163 days 09:03:51.606925452,235263.8601154242,885.8004358447215,0.45588235294117646,Лето,3,6,0.0016724187736609,0.0016724187736609,0.0050172563209827,72.24849102215195,0,0,,,,,,,road
,2025-06-14 13:34:18.506490288,Красноярская,,,2025,2024,163 days 13:13:12.148349226,235513.2024724871,249.34235706288018,0.4573529411764706,Лето,3,6,0.0016724187736609,0.0016724187736609,0.0050172563209827,72.24849102215195,0,0,,,,,,,road
,2025-06-15 03:20:34.549854300,Красноярская,,,2025,2024,164 days 02:59:28.191713238,236339.4698618873,826.2673894002219,0.4588235294117647,Лето,3,6,0.0016724187736609,0.0016724187736609,0.0050172563209827,72.24849102215195,0,0,,,,,,,road
,2025-06-15 09:09:43.828975212,Красноярская,,,2025,2024,164 days 08:48:37.470834150,236688.62451390253,349.15465201521874,0.4602941176470588,Лето,3,6,0.0016724187736609,0.0016724187736609,0.0050172563209827,72.24849102215195,0,0,,,,,,,road
,2025-06-15 13:52:51.130317948,Красноярская,,,2025,2024,164 days 13:31:44.772176886,236971.7462029481,283.1216890455689,0.46176470588235297,Лето,3,6,0.0016724187736609,0.0016724187736609,0.0050172563209827,72.24849102215195,0,0,,,,,,,road
,2025-06-15 17:55:01.741041312,Красноярская,,,2025,2024,164 days 17:33:55.382900250,237213.92304833748,242.1768453893892,0.4632352941176471,Лето,3,6,0.0016724187736609,0.0016724187736609,0.0050172563209827,72.24849102215195,0,0,,,,,,,road
,2025-06-17 03:18:36.790467966,Красноярская,,,2025,2024,166 days 02:57:30.432326904,239217.5072054484,2003.5841571109195,0.4647058823529412,Лето,3,6,0.0016724187736609,0.0016724187736609,0.0050172563209827,72.24849102215195,0,0,,,,,,,road
,2025-06-17 18:02:32.300248583,Красноярская,,,2025,2024,166 days 17:41:25.942107521,240101.43236845866,883.9251630102517,0.4661764705882353,Лето,3,6,0.0016724187736609,0.0016724187736609,0.0050172563209827,72.24849102215195,0,0,,,,,,,road
,2025-06-17 18:14:44.270034894,Красноярская,,,2025,2024,166 days 17:53:37.911893832,240113.63186489718,12.199496438523056,0.4676470588235294,Лето,3,6,0.0016724187736609,0.0016724187736609,0.0050172563209827,72.24849102215195,0,0,,,,,,,road
,2025-06-19 01:41:58.993591002,Красноярская,,,2025,2024,168 days 01:20:52.635449940,242000.877257499,1887.2453926018206,0.46911764705882353,Лето,3,6,0.0016724187736609,0.0016724187736609,0.0050172563209827,72.24849102215195,0,0,,,,,,,road
,2025-06-19 16:35:04.042559688,Красноярская,,,2025,2024,168 days 16:13:57.684418626,242893.9614069771,893.0841494780907,0.47058823529411764,Лето,3,6,0.0016724187736609,0.0016724187736609,0.0050172563209827,72.24849102215195,0,0,,,,,,,road
,2025-06-19 18:11:39.785070324,Красноярская,,,2025,2024,168 days 17:50:33.426929262,242990.5571154877,96.59570851060562,0.47205882352941175,Лето,3,6,0.0016724187736609,0.0016724187736609,0.0050172563209827,72.24849102215195,0,0,,,,,,,road
,2025-06-19 18:59:08.684358756,Красноярская,,,2025,2024,168 days 18:38:02.326217694,243038.0387702949,47.48165480719763,0.47352941176470587,Лето,3,6,0.0016724187736609,0.0016724187736609,0.0050172563209827,72.24849102215195,0,0,,,,,,,road
,2025-06-19 22:39:27.257984328,Красноярская,,,2025,2024,168 days 22:18:20.899843266,243258.3483307211,220.30956042621983,0.475,Лето,3,6,0.0016724187736609,0.0016724187736609,0.0050172563209827,72.24849102215195,0,0,,,,,,,road
,2025-06-20 08:24:37.448986728,Красноярская,,,2025,2024,169 days 08:03:31.090845666,243843.5181807611,585.1698500399943,0.4764705882352941,Лето,3,6,0.0016724187736609,0.0016724187736609,0.0050172563209827,72.24849102215195,0,0,,,,,,,road
,2025-06-20 17:57:46.111403022,Красноярская,,,2025,2024,169 days 17:36:39.753261960,244416.662554366,573.1443736048823,0.47794117647058826,Лето,3,6,0.0016724187736609,0.0016724187736609,0.0050172563209827,72.24849102215195,0,0,,,,,,,road
,2025-06-20 21:10:45.396578742,Красноярская,,,2025,2024,169 days 20:49:39.038437680,244609.65064062798,192.98808626199025,0.47941176470588237,Лето,3,6,0.0016724187736609,0.0016724187736609,0.0050172563209827,72.24849102215195,0,0,,,,,,,road
,2025-06-21 03:03:32.490338988,Красноярская,,,2025,2024,170 days 02:42:26.132197926,244962.4355366321,352.78489600413013,0.4808823529411765,Лето,3,6,0.0016724187736609,0.0016724187736609,0.0050172563209827,72.24849102215195,0,0,,,,,,,road
,2025-06-21 05:25:55.247916936,Красноярская,,,2025,2024,170 days 05:04:48.889775874,245104.8148295979,142.3792929657793,0.4823529411764706,Лето,3,6,0.0016724187736609,0.0016724187736609,0.0050172563209827,72.24849102215195,0,0,,,,,,,road
,2025-06-21 05:56:57.315830370,Красноярская,,,2025,2024,170 days 05:35:50.957689308,245135.8492948218,31.034465223900042,0.4838235294117647,Лето,3,6,0.0016724187736609,0.0016724187736609,0.0050172563209827,72.24849102215195,0,0,,,,,,,road
,2025-06-21 13:12:03.605521038,Красноярская,,,2025,2024,170 days 12:50:57.247379976,245570.9541229996,435.10482817780576,0.4852941176470588,Лето,3,6,0.0016724187736609,0.0016724187736609,0.0050172563209827,72.24849102215195,0,0,,,,,,,road
,2025-06-21 17:26:52.763221014,Красноярская,,,2025,2024,170 days 17:05:46.405079952,245825.77341799918,254.81929499958642,0.48676470588235293,Лето,3,6,0.0016724187736609,0.0016724187736609,0.0050172563209827,72.24849102215195,0,0,,,,,,,road
,2025-06-22 01:14:57.164344476,Красноярская,,,2025,2024,171 days 00:53:50.806203414,246293.8467700569,468.0733520577196,0.48823529411764705,Лето,3,6,0.0016724187736609,0.0016724187736609,0.0050172563209827,72.24849102215195,0,0,,,,,,,road
,2025-06-23 06:25:50.176753956,Красноярская,,,2025,2024,172 days 06:04:43.818612894,248044.7303102149,1750.8835401579854,0.48970588235294116,Лето,3,6,0.0016724187736609,0.0016724187736609,0.0050172563209827,72.24849102215195,0,0,,,,,,,road
,2025-06-23 07:58:21.999964728,Красноярская,,,2025,2024,172 days 07:37:15.641823666,248137.2606970611,92.53038684622152,0.49117647058823527,Лето,3,6,0.0016724187736609,0.0016724187736609,0.0050172563209827,72.24849102215195,0,0,,,,,,,road
,2025-06-23 07:59:32.458833804,Красноярская,,,2025,2024,172 days 07:38:26.100692742,248138.4350115457,1.1743144845822826,0.49264705882352944,Лето,3,6,0.0016724187736609,0.0016724187736609,0.0050172563209827,72.24849102215195,0,0,,,,,,,road
,2025-06-23 08:47:22.341945738,Красноярская,,,2025,2024,172 days 08:26:15.983804676,248186.2663967446,47.83138519892236,0.49411764705882355,Лето,3,6,0.0016724187736609,0.0016724187736609,0.0050172563209827,72.24849102215195,0,0,,,,,,,road
,2025-06-23 14:58:49.132724568,Красноярская,,,2025,2024,172 days 14:37:42.774583506,248557.7129097251,371.4465129804739,0.49558823529411766,Лето,3,6,0.0016724187736609,0.0016724187736609,0.0050172563209827,72.24849102215195,0,0,,,,,,,road
,2025-06-24 03:12:41.790190554,Красноярская,,,2025,2024,173 days 02:51:35.432049492,249291.5905341582,733.8776244331093,0.4970588235294118,Лето,3,6,0.0016724187736609,0.0016724187736609,0.0050172563209827,72.24849102215195,0,0,,,,,,,road
,2025-06-24 11:52:29.684249886,Красноярская,,,2025,2024,173 days 11:31:23.326108824,249811.38876848042,519.7982343222247,0.4985294117647059,Лето,3,6,0.0016724187736609,0.0016724187736609,0.0050172563209827,72.24849102215195,0,0,,,,,,,road
,2025-06-24 16:15:19.023367002,Красноярская,,,2025,2024,173 days 15:54:12.665225940,250074.21108709899,262.82231861856417,0.5,Лето,3,6,0.0025986688527874805,0.0016724187736609,0.0050172563209827,72.24849102215195,0,1,,,,,,,road
,2025-06-24 18:52:09.672863838,Красноярская,,,2025,2024,173 days 18:31:03.314722776,250231.0552453796,156.84415828061174,0.5014705882352941,Лето,3,6,0.0027855593029748062,0.0016724187736609,0.0050172563209827,72.24849102215195,0,1,,,,,,,road
,2025-06-24 21:00:36.272481846,Красноярская,,,2025,2024,173 days 20:39:29.914340784,250359.4985723464,128.44332696680794,0.5029411764705882,Лето,3,6,0.00288863780073472,0.0016724187736609,0.0050172563209827,72.24849102215195,0,1,,,,,,,road
,2025-06-24 23:27:47.571332016,Красноярская,,,2025,2024,173 days 23:06:41.213190954,250506.6868865159,147.1883141694998,0.5044117647058823,Лето,3,6,0.003207208618578707,0.0016724187736609,0.0050172563209827,72.24849102215195,0,1,,,,,,,road
,2025-06-25 03:48:03.740468352,Красноярская,,,2025,2024,174 days 03:26:57.382327290,250766.9563721215,260.2694856055896,0.5058823529411764,Лето,3,6,0.0036339624650501513,0.0016724187736609,0.0050172563209827,72.24849102215195,0,1,,,,,,,road
,2025-06-25 04:38:21.905034618,Красноярская,,,2025,2024,174 days 04:17:15.546893556,250817.2591148926,50.30274277110584,0.5073529411764706,Лето,3,6,0.0036504402273218,0.0016724187736609,0.0050172563209827,72.24849102215195,0,1,,,,,,,road
,2025-06-25 11:01:21.827047152,Красноярская,,,2025,2024,174 days 10:40:15.468906090,251200.2578151015,382.99870020890376,0.5088235294117647,Лето,3,6,0.003852795517760607,0.0016724187736609,0.0050172563209827,72.24849102215195,0,1,,,,,,,road
,2025-06-25 14:43:12.248325012,Красноярская,,,2025,2024,174 days 14:22:05.890183950,251422.0981697325,221.84035463098553,0.5102941176470588,Лето,3,6,0.003859812377775256,0.0016724187736609,0.0050172563209827,72.24849102215195,0,1,,,,,,,road
,2025-06-25 16:01:41.578099296,Красноярская,,,2025,2024,174 days 15:40:35.219958234,251500.58699930392,78.4888295714336,0.5117647058823529,Лето,3,6,0.0039949094245695085,0.0016724187736609,0.0050172563209827,72.24849102215195,0,1,,,,,,,road
,2025-06-25 18:53:39.592533984,Красноярская,,,2025,2024,174 days 18:32:33.234392922,251672.5539065487,171.96690724478685,0.513235294117647,Лето,3,6,0.004044125582448556,0.0016724187736609,0.0050172563209827,72.24849102215195,0,1,,,,,,,road
,2025-06-26 08:16:00.498994356,Красноярская,,,2025,2024,175 days 07:54:54.140853294,252474.9023475549,802.3484410061792,0.5147058823529411,Лето,3,6,0.004101551896751936,0.0016724187736609,0.0050172563209827,72.24849102215195,0,1,,,,,,,road
,2025-06-26 08:20:56.808901212,Красноярская,,,2025,2024,175 days 07:59:50.450760150,252479.8408460025,4.938498447620077,0.5161764705882353,Лето,3,6,0.0041924470996734745,0.0016724187736609,0.0050172563209827,72.24849102215195,0,1,,,,,,,road
,2025-06-26 09:10:35.112250188,Красноярская,,,2025,2024,175 days 08:49:28.754109126,252529.4792351521,49.63838914959342,0.5176470588235295,Лето,3,6,0.004483365278510581,0.0016724187736609,0.0050172563209827,72.24849102215195,0,1,,,,,,,road
,2025-06-26 11:09:09.314982642,Красноярская,,,2025,2024,175 days 10:48:02.956841580,252648.049280693,118.57004554089508,0.5191176470588236,Лето,3,6,0.0050172563209827,0.0016724187736609,0.0050172563209827,72.24849102215195,1,0,,,,,,,road
,2025-06-26 14:31:55.245221826,Красноярская,,,2025,2024,175 days 14:10:48.887080764,252850.81478467942,202.76550398641848,0.5205882352941177,Лето,3,6,0.0050172563209827,0.0016724187736609,0.0050172563209827,72.24849102215195,1,0,,,,,,,road
,2025-06-26 15:19:27.962649696,Красноярская,,,2025,2024,175 days 14:58:21.604508634,252898.36007514392,47.54529046450625,0.5220588235294118,Лето,3,6,0.0050172563209827,0.0016724187736609,0.0050172563209827,72.24849102215195,1,0,,,,,,,road
,2025-06-27 00:13:31.615167965,Красноярская,,,2025,2024,175 days 23:52:25.257026903,253432.4209504484,534.0608753044799,0.5235294117647059,Лето,3,6,0.0050172563209827,0.0016724187736609,0.0050172563209827,72.24849102215195,1,0,,,,,,,road
,2025-06-27 03:38:35.009350062,Красноярская,,,2025,2024,176 days 03:17:28.651209,253637.47752015002,205.05656970161363,0.525,Лето,3,6,0.0050172563209827,0.0016724187736609,0.0050172563209827,72.24849102215195,1,0,,,,,,,road
,2025-06-27 10:36:57.440841222,Красноярская,,,2025,2024,176 days 10:15:51.082700160,254055.851378336,418.37385818597977,0.5264705882352941,Лето,3,6,0.0050172563209827,0.0016724187736609,0.0050172563209827,72.24849102215195,1,0,,,,,,,road
,2025-06-27 11:56:34.474873152,Красноярская,,,2025,2024,176 days 11:35:28.116732090,254135.4686122015,79.61723386551603,0.5279411764705882,Лето,3,6,0.0050172563209827,0.0016724187736609,0.0050172563209827,72.24849102215195,1,0,,,,,,,road
,2025-06-27 17:48:31.462992977,Красноярская,,,2025,2024,176 days 17:27:25.104851915,254487.41841419862,351.949801997107,0.5294117647058824,Лето,3,6,0.0050172563209827,0.0016724187736609,0.0050172563209827,72.24849102215195,1,0,,,,,,,road
,2025-06-27 19:23:13.863771930,Красноярская,,,2025,2024,176 days 19:02:07.505630868,254582.1250938478,94.70667964918539,0.5308823529411765,Лето,3,6,0.0050172563209827,0.0016724187736609,0.0050172563209827,72.24849102215195,1,0,,,,,,,road
,2025-06-27 20:21:18.132836454,Красноярская,,,2025,2024,176 days 20:00:11.774695392,254640.19624492322,58.07115107541904,0.5323529411764706,Лето,3,6,0.0050172563209827,0.0016724187736609,0.0050172563209827,72.24849102215195,1,0,,,,,,,road
,2025-06-28 04:24:56.098339110,Красноярская,,,2025,2024,177 days 04:03:49.740198048,255123.8290033008,483.63275837758556,0.5338235294117647,Лето,3,6,0.0050172563209827,0.0016724187736609,0.0050172563209827,72.24849102215195,1,0,,,,,,,road
,2025-06-28 04:44:13.123634892,Красноярская,,,2025,2024,177 days 04:23:06.765493830,255143.1127582305,19.283754929696443,0.5352941176470588,Лето,3,6,0.0050172563209827,0.0016724187736609,0.0050172563209827,72.24849102215195,1,0,,,,,,,road
,2025-06-28 14:14:48.029514672,Красноярская,,,2025,2024,177 days 13:53:41.671373610,255713.6945228935,570.5817646629876,0.5367647058823529,Лето,3,6,0.0050172563209827,0.0016724187736609,0.0050172563209827,72.24849102215195,1,0,,,,,,,road
,2025-06-28 16:17:03.994688082,Красноярская,,,2025,2024,177 days 15:55:57.636547020,255835.960609117,122.26608622350614,0.538235294117647,Лето,3,6,0.0050172563209827,0.0016724187736609,0.0050172563209827,72.24849102215195,1,0,,,,,,,road
,2025-06-29 08:35:38.039969250,Красноярская,,,2025,2024,178 days 08:14:31.681828188,256814.5280304698,978.5674213528109,0.5397058823529411,Лето,3,6,0.0050172563209827,0.0016724187736609,0.0050172563209827,72.24849102215195,1,0,,,,,,,road
,2025-06-29 11:10:13.802741112,Красноярская,,,2025,2024,178 days 10:49:07.444600050,256969.1240766675,154.5960461976938,0.5411764705882353,Лето,3,6,0.0050172563209827,0.0016724187736609,0.0050172563209827,72.24849102215195,1,0,,,,,,,road
,2025-06-29 15:52:35.789008998,Красноярская,,,2025,2024,178 days 15:31:29.430867936,257251.4905144656,282.366437798104,0.5426470588235294,Лето,3,6,0.0050172563209827,0.0016724187736609,0.0050172563209827,72.24849102215195,1,0,,,,,,,road
,2025-06-29 15:54:00.649745586,Красноярская,,,2025,2024,178 days 15:32:54.291604524,257252.90486007542,1.4143456098099705,0.5441176470588235,Лето,3,6,0.0050172563209827,0.0016724187736609,0.0050172563209827,72.24849102215195,1,0,,,,,,,road
,2025-06-29 18:10:50.351205648,Красноярская,,,2025,2024,178 days 17:49:43.993064586,257389.7332177431,136.8283576676913,0.5455882352941176,Лето,3,6,0.0050172563209827,0.0016724187736609,0.0050172563209827,72.24849102215195,1,0,,,,,,,road
,2025-06-29 22:37:23.079614832,Красноярская,,,2025,2024,178 days 22:16:16.721473770,257656.2786912295,266.5454734863888,0.5470588235294118,Лето,3,6,0.0050172563209827,0.0016724187736609,0.0050172563209827,72.24849102215195,1,0,,,,,,,road
,2025-06-30 03:41:44.786837844,Красноярская,,,2025,2024,179 days 03:20:38.428696782,257960.6404782797,304.36178705020575,0.5485294117647059,Лето,3,6,0.0050172563209827,0.0016724187736609,0.0050172563209827,72.24849102215195,1,0,,,,,,,road
,2025-06-30 04:16:02.082153647,Красноярская,,,2025,2024,179 days 03:54:55.724012585,257994.92873354306,34.28825526335277,0.55,Лето,3,6,0.0050172563209827,0.0016724187736609,0.0050172563209827,72.24849102215195,1,0,,,,,,,road
,2025-06-30 06:04:15.127228128,Красноярская,,,2025,2024,179 days 05:43:08.769087066,258103.1461514511,108.21741790804663,0.5514705882352942,Лето,3,6,0.0050172563209827,0.0016724187736609,0.0050172563209827,72.24849102215195,1,0,,,,,,,road
,2025-06-30 07:52:30.251422368,Красноярская,,,2025,2024,179 days 07:31:23.893281306,258211.39822135508,108.25206990397419,0.5529411764705883,Лето,3,6,0.0050172563209827,0.0016724187736609,0.0050172563209827,72.24849102215195,1,0,,,,,,,road
,2025-06-30 08:14:18.704361198,Красноярская,,,2025,2024,179 days 07:53:12.346220136,258233.2057703356,21.80754898051964,0.5544117647058824,Лето,3,6,0.0050172563209827,0.0016724187736609,0.0050172563209827,72.24849102215195,1,0,,,,,,,road
,2025-06-30 10:10:57.809525898,Красноярская,,,2025,2024,179 days 09:49:51.451384836,258349.8575230806,116.65175274500507,0.5558823529411765,Лето,3,6,0.0050172563209827,0.0016724187736609,0.0050172563209827,72.24849102215195,1,0,,,,,,,road
,2025-06-30 15:38:56.455607838,Красноярская,,,2025,2024,179 days 15:17:50.097466776,258677.8349577796,327.97743469898705,0.5573529411764706,Лето,3,6,0.0050172563209827,0.0016724187736609,0.0050172563209827,72.24849102215195,1,0,,,,,,,road
,2025-06-30 16:50:04.922088810,Красноярская,,,2025,2024,179 days 16:28:58.563947748,258748.9760657958,71.14110801622155,0.5588235294117647,Лето,3,6,0.0050172563209827,0.0016724187736609,0.0050172563209827,72.24849102215195,1,0,,,,,,,road
,2025-06-30 18:43:01.285321344,Красноярская,,,2025,2024,179 days 18:21:54.927180282,258861.9154530047,112.93938720889855,0.5602941176470588,Лето,3,6,0.0050172563209827,0.0016724187736609,0.0050172563209827,72.24849102215195,1,0,,,,,,,road
,2025-07-01 05:29:25.050336078,Красноярская,,,2025,2024,180 days 05:08:18.692195016,259508.3115365836,646.3960835789039,0.5617647058823529,Лето,3,7,0.0050172563209827,0.0016724187736609,0.0050172563209827,72.24849102215195,1,0,,,,,,,road
,2025-07-01 05:35:50.380412316,Красноярская,,,2025,2024,180 days 05:14:44.022271254,259514.73370452088,6.422167937271297,0.5632352941176471,Лето,3,7,0.0050172563209827,0.0016724187736609,0.0050172563209827,72.24849102215195,1,0,,,,,,,road
,2025-07-01 08:34:17.228094054,Красноярская,,,2025,2024,180 days 08:13:10.869952992,259693.1811658832,178.44746136231697,0.5647058823529412,Лето,3,7,0.0050172563209827,0.0016724187736609,0.0050172563209827,72.24849102215195,1,0,,,,,,,road
,2025-07-01 13:05:25.611491406,Красноярская,,,2025,2024,180 days 12:44:19.253350344,259964.3208891724,271.139723289205,0.5661764705882353,Лето,3,7,0.0050172563209827,0.0016724187736609,0.0050172563209827,72.24849102215195,1,0,,,,,,,road
,2025-07-01 17:50:36.157757832,Красноярская,,,2025,2024,180 days 17:29:29.799616770,260249.49666027952,285.17577110711136,0.5676470588235294,Лето,3,7,0.0050172563209827,0.0016724187736609,0.0050172563209827,72.24849102215195,1,0,,,,,,,road
,2025-07-01 22:01:26.967545544,Красноярская,,,2025,2024,180 days 21:40:20.609404482,260500.3434900747,250.8468297951913,0.5691176470588235,Лето,3,7,0.0050172563209827,0.0016724187736609,0.0050172563209827,72.24849102215195,1,0,,,,,,,road
,2025-07-02 02:19:48.780317568,Красноярская,,,2025,2024,181 days 01:58:42.422176506,260758.7070362751,258.36354620038765,0.5705882352941176,Лето,3,7,0.0050172563209827,0.0016724187736609,0.0050172563209827,72.24849102215195,1,0,,,,,,,road
,2025-07-02 02:31:56.177070666,Красноярская,,,2025,2024,181 days 02:10:49.818929604,260770.8303154934,12.123279218300013,0.5720588235294117,Лето,3,7,0.0050172563209827,0.0016724187736609,0.0050172563209827,72.24849102215195,1,0,,,,,,,road
,2025-07-02 05:04:11.004710520,Красноярская,,,2025,2024,181 days 04:43:04.646569458,260923.07744282432,152.2471273309202,0.5735294117647058,Лето,3,7,0.0050172563209827,0.0016724187736609,0.0050172563209827,72.24849102215195,1,0,,,,,,,road
,2025-07-02 10:08:40.536633180,Красноярская,,,2025,2024,181 days 09:47:34.178492118,261227.5696415353,304.4921987109701,0.575,Лето,3,7,0.0050172563209827,0.0016724187736609,0.0050172563209827,72.24849102215195,1,0,,,,,,,road
,2025-07-02 10:28:21.912675198,Красноярская,,,2025,2024,181 days 10:07:15.554534136,261247.2592422356,19.6896007003088,0.5764705882352941,Лето,3,7,0.0050172563209827,0.0016724187736609,0.0050172563209827,72.24849102215195,1,0,,,,,,,road
,2025-07-02 10:30:46.889656242,Красноярская,,,2025,2024,181 days 10:09:40.531515180,261249.675525253,2.4162830174027476,0.5779411764705882,Лето,3,7,0.0050172563209827,0.0016724187736609,0.0050172563209827,72.24849102215195,1,0,,,,,,,road
,2025-07-02 16:06:37.749034584,Красноярская,,,2025,2024,181 days 15:45:31.390893522,261585.5231815587,335.84765630570473,0.5794117647058824,Лето,3,7,0.0050172563209827,0.0016724187736609,0.0050172563209827,72.24849102215195,1,0,,,,,,,road
,2025-07-02 20:14:56.140756782,Красноярская,,,2025,2024,181 days 19:53:49.782615720,261833.82971026198,248.3065287032805,0.5808823529411765,Лето,3,7,0.0050172563209827,0.0016724187736609,0.0050172563209827,72.24849102215195,1,0,,,,,,,road
,2025-07-02 22:00:50.762580678,Красноярская,,,2025,2024,181 days 21:39:44.404439616,261939.7400739936,105.91036373161478,0.5823529411764706,Лето,3,7,0.0050172563209827,0.0016724187736609,0.0050172563209827,72.24849102215195,1,0,,,,,,,road
,2025-07-03 07:22:54.850051794,Красноярская,,,2025,2024,182 days 07:01:48.491910732,262501.8081985122,562.0681245185842,0.5838235294117647,Лето,3,7,0.0050172563209827,0.0016724187736609,0.0050172563209827,72.24849102215195,1,0,,,,,,,road
,2025-07-03 12:12:54.719254782,Красноярская,,,2025,2024,182 days 11:51:48.361113720,262791.806018562,289.99782004981535,0.5852941176470589,Лето,3,7,0.0050172563209827,0.0016724187736609,0.0050172563209827,72.24849102215195,1,0,,,,,,,road
,2025-07-03 23:38:05.035286550,Красноярская,,,2025,2024,182 days 23:16:58.677145488,263476.9779524248,685.1719338627881,0.586764705882353,Лето,3,7,0.0050172563209827,0.0016724187736609,0.0050172563209827,72.24849102215195,1,0,,,,,,,road
,2025-07-04 08:26:09.988915224,Красноярская,,,2025,2024,183 days 08:05:03.630774162,264005.06051290274,528.0825604779529,0.5882352941176471,Лето,3,7,0.0050172563209827,0.0016724187736609,0.0050172563209827,72.24849102215195,1,0,,,,,,,road
,2025-07-04 10:36:59.903963346,Красноярская,,,2025,2024,183 days 10:15:53.545822284,264135.8924303714,130.83191746863304,0.5897058823529412,Лето,3,7,0.0050172563209827,0.0016724187736609,0.0050172563209827,72.24849102215195,1,0,,,,,,,road
,2025-07-04 15:17:05.622162942,Красноярская,,,2025,2024,183 days 14:55:59.264021880,264415.98773369804,280.09530332667055,0.5911764705882353,Лето,3,7,0.0050172563209827,0.0016724187736609,0.0050172563209827,72.24849102215195,1,0,,,,,,,road
,2025-07-05 02:18:32.402848884,Красноярская,,,2025,2024,184 days 01:57:26.044707822,265077.4340784637,661.4463447656599,0.5926470588235294,Лето,3,7,0.0016724187736609,0.0016724187736609,0.0050172563209827,72.24849102215195,0,0,,,,,,,road
,2025-07-05 18:56:07.028184270,Красноярская,,,2025,2024,184 days 18:35:00.670043208,266075.0111673868,997.5770889230771,0.5941176470588235,Лето,3,7,0.0016724187736609,0.0016724187736609,0.0050172563209827,72.24849102215195,0,0,,,,,,,road
,2025-07-06 10:22:44.357290356,Красноярская,,,2025,2024,185 days 10:01:37.999149294,267001.6333191549,926.6221517681261,0.5955882352941176,Лето,3,7,0.0016724187736609,0.0016724187736609,0.0050172563209827,72.24849102215195,0,0,,,,,,,road
,2025-07-06 12:02:11.588595930,Красноярская,,,2025,2024,185 days 11:41:05.230454868,267101.0871742478,99.45385509287007,0.5970588235294118,Лето,3,7,0.0016724187736609,0.0016724187736609,0.0050172563209827,72.24849102215195,0,0,,,,,,,road
,2025-07-06 14:41:22.829503542,Красноярская,,,2025,2024,185 days 14:20:16.471362480,267260.27452270803,159.18734846025473,0.5985294117647059,Лето,3,7,0.0016724187736609,0.0016724187736609,0.0050172563209827,72.24849102215195,0,0,,,,,,,road
,2025-07-06 17:46:04.286734788,Красноярская,,,2025,2024,185 days 17:24:57.928593726,267444.9654765621,184.690953854064,0.6,Лето,3,7,0.0016724187736609,0.0016724187736609,0.0050172563209827,72.24849102215195,0,0,,,,,,,road
,2025-07-07 10:46:26.692772778,Красноярская,,,2025,2024,186 days 10:25:20.334631716,268465.33891052863,1020.3734339665389,0.6014705882352941,Лето,3,7,0.0016724187736609,0.0016724187736609,0.0050172563209827,72.24849102215195,0,0,,,,,,,road
,2025-07-08 03:21:47.711596734,Красноярская,,,2025,2024,187 days 03:00:41.353455672,269460.6892242612,995.3503137325752,0.6029411764705882,Лето,3,7,0.0016724187736609,0.0016724187736609,0.0050172563209827,72.24849102215195,0,0,,,,,,,road
,2025-07-08 10:10:42.037606590,Красноярская,,,2025,2024,187 days 09:49:35.679465528,269869.59465775883,408.9054334976245,0.6044117647058823,Лето,3,7,0.0016724187736609,0.0016724187736609,0.0050172563209827,72.24849102215195,0,0,,,,,,,road
,2025-07-08 18:50:35.807383122,Красноярская,,,2025,2024,187 days 18:29:29.449242060,270389.490820701,519.8961629421683,0.6058823529411764,Лето,3,7,0.0016724187736609,0.0016724187736609,0.0050172563209827,72.24849102215195,0,0,,,,,,,road
,2025-07-09 12:19:23.125485936,Красноярская,,,2025,2024,188 days 11:58:16.767344874,271438.27945574786,1048.7886350468616,0.6073529411764705,Лето,3,7,0.0016724187736609,0.0016724187736609,0.0050172563209827,72.24849102215195,0,0,,,,,,,road
,2025-07-09 16:03:30.580551156,Красноярская,,,2025,2024,188 days 15:42:24.222410094,271662.4037068349,224.12425108702155,0.6088235294117647,Лето,3,7,0.0016724187736609,0.0016724187736609,0.0050172563209827,72.24849102215195,0,0,,,,,,,road
,2025-07-09 16:34:17.540145318,Красноярская,,,2025,2024,188 days 16:13:11.182004256,271693.1863667376,30.782659902703017,0.6102941176470589,Лето,3,7,0.0016724187736609,0.0016724187736609,0.0050172563209827,72.24849102215195,0,0,,,,,,,road
,2025-07-09 23:08:17.508880980,Красноярская,,,2025,2024,188 days 22:47:11.150739918,272087.1858456653,393.99947892769706,0.611764705882353,Лето,3,7,0.0016724187736609,0.0016724187736609,0.0050172563209827,72.24849102215195,0,0,,,,,,,road
,2025-07-10 23:33:18.615708264,Красноярская,,,2025,2024,189 days 23:12:12.257567202,273552.2042927867,1465.0184471214307,0.6132352941176471,Лето,3,7,0.0016724187736609,0.0016724187736609,0.0050172563209827,72.24849102215195,0,0,,,,,,,road
,2025-07-11 15:07:48.784617324,Красноярская,,,2025,2024,190 days 14:46:42.426476262,274486.7071079377,934.502815151005,0.6147058823529412,Лето,3,7,0.0016724187736609,0.0016724187736609,0.0050172563209827,72.24849102215195,0,0,,,,,,,road
,2025-07-11 19:40:52.735943334,Красноярская,,,2025,2024,190 days 19:19:46.377802272,274759.7729633712,273.0658554334659,0.6161764705882353,Лето,3,7,0.0016724187736609,0.0016724187736609,0.0050172563209827,72.24849102215195,0,0,,,,,,,road
,2025-07-11 20:20:55.157384616,Красноярская,,,2025,2024,190 days 19:59:48.799243554,274799.8133207259,40.04035735473735,0.6176470588235294,Лето,3,7,0.0016724187736609,0.0016724187736609,0.0050172563209827,72.24849102215195,0,0,,,,,,,road
,2025-07-12 06:26:42.419338314,Красноярская,,,2025,2024,191 days 06:05:36.061197252,275405.6010199542,605.787699228269,0.6191176470588236,Лето,3,7,0.0016724187736609,0.0016724187736609,0.0050172563209827,72.24849102215195,0,0,,,,,,,road
,2025-07-13 00:22:13.929028266,Красноярская,,,2025,2024,192 days 00:01:07.570887204,276481.1261814534,1075.5251614992158,0.6205882352941177,Лето,3,7,0.0016724187736609,0.0016724187736609,0.0050172563209827,72.24849102215195,0,0,,,,,,,road
,2025-07-13 11:16:03.501544146,Красноярская,,,2025,2024,192 days 10:54:57.143403084,277134.9523900514,653.8262085979804,0.6220588235294118,Лето,3,7,0.0016724187736609,0.0016724187736609,0.0050172563209827,72.24849102215195,0,0,,,,,,,road
,2025-07-13 16:47:01.509852666,Красноярская,,,2025,2024,192 days 16:25:55.151711604,277465.9191951934,330.96680514200125,0.6235294117647059,Лето,3,7,0.0016724187736609,0.0016724187736609,0.0050172563209827,72.24849102215195,0,0,,,,,,,road
,2025-07-13 18:05:44.665717332,Красноярская,,,2025,2024,192 days 17:44:38.307576270,277544.6384596045,78.71926441113465,0.625,Лето,3,7,0.0016724187736609,0.0016724187736609,0.0050172563209827,72.24849102215195,0,0,,,,,,,road
,2025-07-14 18:10:42.527865690,Красноярская,,,2025,2024,193 days 17:49:36.169724628,278989.6028287438,1444.9643691392848,0.6264705882352941,Лето,3,7,0.0016724187736609,0.0016724187736609,0.0050172563209827,72.24849102215195,0,0,,,,,,,road
,2025-07-14 21:23:47.173968366,Красноярская,,,2025,2024,193 days 21:02:40.815827304,279182.6802637884,193.07743504457176,0.6279411764705882,Лето,3,7,0.0016724187736609,0.0016724187736609,0.0050172563209827,72.24849102215195,0,0,,,,,,,road
,2025-07-14 23:55:38.745434088,Красноярская,,,2025,2024,193 days 23:34:32.387293026,279334.5397882171,151.85952442872804,0.6294117647058823,Лето,3,7,0.0016724187736609,0.0016724187736609,0.0050172563209827,72.24849102215195,0,0,,,,,,,road
,2025-07-15 16:47:46.096934802,Красноярская,,,2025,2024,194 days 16:26:39.738793740,280346.662313229,1012.1225250118878,0.6308823529411764,Лето,3,7,0.0016724187736609,0.0016724187736609,0.0050172563209827,72.24849102215195,0,0,,,,,,,road
,2025-07-17 08:24:32.468196678,Красноярская,,,2025,2024,196 days 08:03:26.110055616,282723.4351675936,2376.7728543645935,0.6323529411764706,Лето,3,7,0.0016724187736609,0.0016724187736609,0.0050172563209827,72.24849102215195,0,0,,,,,,,road
,2025-07-17 19:09:52.953953196,Красноярская,,,2025,2024,196 days 18:48:46.595812134,283368.77659686893,645.3414292753441,0.6338235294117647,Лето,3,7,0.0016724187736609,0.0016724187736609,0.0050172563209827,72.24849102215195,0,0,,,,,,,road
,2025-07-18 04:56:03.236665962,Красноярская,,,2025,2024,197 days 04:34:56.878524900,283954.947975415,586.1713785460452,0.6352941176470588,Лето,3,7,0.0016724187736609,0.0016724187736609,0.0050172563209827,72.24849102215195,0,0,,,,,,,road
,2025-07-18 08:46:09.319684092,Красноярская,,,2025,2024,197 days 08:25:02.961543030,284185.0493590505,230.10138363554142,0.6367647058823529,Лето,3,7,0.0016724187736609,0.0016724187736609,0.0050172563209827,72.24849102215195,0,0,,,,,,,road
,2025-07-18 08:58:29.254625622,Красноярская,,,2025,2024,197 days 08:37:22.896484560,284197.38160807604,12.332249025523197,0.638235294117647,Лето,3,7,0.0016724187736609,0.0016724187736609,0.0050172563209827,72.24849102215195,0,0,,,,,,,road
,2025-07-18 11:05:48.839484630,Красноярская,,,2025,2024,197 days 10:44:42.481343568,284324.70802239276,127.326414316718,0.6397058823529411,Лето,3,7,0.0016724187736609,0.0016724187736609,0.0050172563209827,72.24849102215195,0,0,,,,,,,road
,2025-07-18 19:50:51.903363828,Красноярская,,,2025,2024,197 days 19:29:45.545222766,284849.7590870461,525.0510646533221,0.6411764705882353,Лето,3,7,0.0016724187736609,0.0016724187736609,0.0050172563209827,72.24849102215195,0,0,,,,,,,road
,2025-07-18 21:28:58.069363140,Красноярская,,,2025,2024,197 days 21:07:51.711222078,284947.8618537013,98.10276665521087,0.6426470588235295,Лето,3,7,0.0016724187736609,0.0016724187736609,0.0050172563209827,72.24849102215195,0,0,,,,,,,road
,2025-07-19 18:56:10.542417384,Красноярская,,,2025,2024,198 days 18:35:04.184276322,286235.06973793876,1287.2078842374613,0.6441176470588236,Лето,3,7,0.0016724187736609,0.0016724187736609,0.0050172563209827,72.24849102215195,0,0,,,,,,,road
,2025-07-19 21:00:48.327706254,Красноярская,,,2025,2024,198 days 20:39:41.969565192,286359.6994927532,124.62975481443573,0.6455882352941177,Лето,3,7,0.0016724187736609,0.0016724187736609,0.0050172563209827,72.24849102215195,0,0,,,,,,,road
,2025-07-20 04:22:17.976218118,Красноярская,,,2025,2024,199 days 04:01:11.618077056,286801.19363461755,441.4941418643575,0.6470588235294118,Лето,3,7,0.0016724187736609,0.0016724187736609,0.0050172563209827,72.24849102215195,0,0,,,,,,,road
,2025-07-20 11:31:17.953349406,Красноярская,,,2025,2024,199 days 11:10:11.595208344,287230.1932534724,428.99961885483935,0.6485294117647059,Лето,3,7,0.0016724187736609,0.0016724187736609,0.0050172563209827,72.24849102215195,0,0,,,,,,,road
,2025-07-20 20:45:06.608543424,Красноярская,,,2025,2024,199 days 20:24:00.250402362,287784.0041733727,553.8109199003084,0.65,Лето,3,7,0.0016724187736609,0.0016724187736609,0.0050172563209827,72.24849102215195,0,0,,,,,,,road
,2025-07-21 00:42:17.080275666,Красноярская,,,2025,2024,200 days 00:21:10.722134604,288021.17870224343,237.1745288707316,0.6514705882352941,Лето,3,7,0.0016724187736609,0.0016724187736609,0.0050172563209827,72.24849102215195,0,0,,,,,,,road
,2025-07-21 21:18:41.252473014,Красноярская,,,2025,2024,200 days 20:57:34.894331952,289257.5815721992,1236.402869955753,0.6529411764705882,Лето,3,7,0.0016724187736609,0.0016724187736609,0.0050172563209827,72.24849102215195,0,0,,,,,,,road
,2025-07-22 03:09:59.566301688,Красноярская,,,2025,2024,201 days 02:48:53.208160626,289608.8868026771,351.3052304779412,0.6544117647058824,Лето,3,7,0.0016724187736609,0.0016724187736609,0.0050172563209827,72.24849102215195,0,0,,,,,,,road
,2025-07-22 15:10:11.884298754,Красноярская,,,2025,2024,201 days 14:49:05.526157692,290329.0921026282,720.2052999510779,0.6558823529411765,Лето,3,7,0.0016724187736609,0.0016724187736609,0.0050172563209827,72.24849102215195,0,0,,,,,,,road
,2025-07-23 01:14:19.619726634,Красноярская,,,2025,2024,202 days 00:53:13.261585572,290933.2210264262,604.12892379798,0.6573529411764706,Лето,3,7,0.0016724187736609,0.0016724187736609,0.0050172563209827,72.24849102215195,0,0,,,,,,,road
,2025-07-23 02:28:50.038040766,Красноярская,,,2025,2024,202 days 02:07:43.679899704,291007.7279983284,74.50697190221399,0.6588235294117647,Лето,3,7,0.0016724187736609,0.0016724187736609,0.0050172563209827,72.24849102215195,0,0,,,,,,,road
,2025-07-23 12:11:33.311834082,Красноярская,,,2025,2024,202 days 11:50:26.953693020,291590.449228217,582.7212298886152,0.6602941176470588,Лето,3,7,0.0016724187736609,0.0016724187736609,0.0050172563209827,72.24849102215195,0,0,,,,,,,road
,2025-07-23 20:09:56.783806470,Красноярская,,,2025,2024,202 days 19:48:50.425665408,292068.84042775683,478.391199539823,0.6617647058823529,Лето,3,7,0.0016724187736609,0.0016724187736609,0.0050172563209827,72.24849102215195,0,0,,,,,,,road
,2025-07-24 18:58:27.399744192,Красноярская,,,2025,2024,203 days 18:37:21.041603130,293437.35069338547,1368.5102656286326,0.663235294117647,Лето,3,7,0.0016724187736609,0.0016724187736609,0.0050172563209827,72.24849102215195,0,0,,,,,,,road
,2025-07-25 16:10:37.408285848,Красноярская,,,2025,2024,204 days 15:49:31.050144786,294709.5175024131,1272.166809027607,0.6647058823529411,Лето,3,7,0.0016724187736609,0.0016724187736609,0.0050172563209827,72.24849102215195,0,0,,,,,,,road
,2025-07-25 17:48:28.288572546,Красноярская,,,2025,2024,204 days 17:27:21.930431484,294807.3655071914,97.84800477832323,0.6661764705882353,Лето,3,7,0.0016724187736609,0.0016724187736609,0.0050172563209827,72.24849102215195,0,0,,,,,,,road
,2025-07-25 18:39:25.476276138,Красноярская,,,2025,2024,204 days 18:18:19.118135076,294858.3186355846,50.95312839321559,0.6676470588235294,Лето,3,7,0.0016724187736609,0.0016724187736609,0.0050172563209827,72.24849102215195,0,0,,,,,,,road
,2025-07-25 22:08:05.518615362,Красноярская,,,2025,2024,204 days 21:46:59.160474300,295066.986007905,208.66737232037121,0.6691176470588235,Лето,3,7,0.0016724187736609,0.0016724187736609,0.0050172563209827,72.24849102215195,0,0,,,,,,,road
,2025-07-27 17:07:16.011299922,Красноярская,,,2025,2024,206 days 16:46:09.653158860,297646.160885981,2579.17487807601,0.6705882352941176,Лето,3,7,0.0016724187736609,0.0016724187736609,0.0050172563209827,72.24849102215195,0,0,,,,,,,road
,2025-07-27 17:20:18.466966536,Красноярская,,,2025,2024,206 days 16:59:12.108825474,297659.20181375794,13.040927776950411,0.6720588235294118,Лето,3,7,0.0016724187736609,0.0016724187736609,0.0050172563209827,72.24849102215195,0,0,,,,,,,road
,2025-07-28 04:28:28.866717384,Красноярская,,,2025,2024,207 days 04:07:22.508576322,298327.3751429387,668.1733291807468,0.6735294117647059,Лето,3,7,0.0016724187736609,0.0016724187736609,0.0050172563209827,72.24849102215195,0,0,,,,,,,road
,2025-07-28 13:49:13.723818600,Красноярская,,,2025,2024,207 days 13:28:07.365677538,298888.1227612923,560.7476183536346,0.675,Лето,3,7,0.0016724187736609,0.0016724187736609,0.0050172563209827,72.24849102215195,0,0,,,,,,,road
,2025-07-29 00:11:08.298800387,Красноярская,,,2025,2024,207 days 23:50:01.940659325,299510.03234432207,621.9095830297447,0.6764705882352942,Лето,3,7,0.0016724187736609,0.0016724187736609,0.0050172563209827,72.24849102215195,0,0,,,,,,,road
,2025-07-29 02:38:23.389524108,Красноярская,,,2025,2024,208 days 02:17:17.031383046,299657.2838563841,147.25151206203736,0.6779411764705883,Лето,3,7,0.0016724187736609,0.0016724187736609,0.0050172563209827,72.24849102215195,0,0,,,,,,,road
,2025-07-29 05:12:07.537538292,Красноярская,,,2025,2024,208 days 04:51:01.179397230,299811.0196566205,153.73580023640534,0.6794117647058824,Лето,3,7,0.0016724187736609,0.0016724187736609,0.0050172563209827,72.24849102215195,0,0,,,,,,,road
,2025-07-29 10:48:54.653910504,Красноярская,,,2025,2024,208 days 10:27:48.295769442,300147.8049294907,336.7852728702128,0.6808823529411765,Лето,3,7,0.0016724187736609,0.0016724187736609,0.0050172563209827,72.24849102215195,0,0,,,,,,,road
,2025-07-29 11:49:09.847885074,Красноярская,,,2025,2024,208 days 11:28:03.489744012,300208.0581624002,60.253232909482904,0.6823529411764706,Лето,3,7,0.0016724187736609,0.0016724187736609,0.0050172563209827,72.24849102215195,0,0,,,,,,,road
,2025-07-29 12:35:31.811745336,Красноярская,,,2025,2024,208 days 12:14:25.453604274,300254.4242267379,46.366064337664284,0.6838235294117647,Лето,3,7,0.0016724187736609,0.0016724187736609,0.0050172563209827,72.24849102215195,0,0,,,,,,,road
,2025-07-29 13:30:50.699537742,Красноярская,,,2025,2024,208 days 13:09:44.341396680,300309.73902327794,55.31479654007126,0.6852941176470588,Лето,3,7,0.0016724187736609,0.0016724187736609,0.0050172563209827,72.24849102215195,0,0,,,,,,,road
,2025-07-29 21:59:38.549423268,Красноярская,,,2025,2024,208 days 21:38:32.191282206,300818.5365213702,508.79749809222994,0.6867647058823529,Лето,3,7,0.0016724187736609,0.0016724187736609,0.0050172563209827,72.24849102215195,0,0,,,,,,,road
,2025-07-30 03:02:50.253239268,Красноярская,,,2025,2024,209 days 02:41:43.895098206,301121.73158497014,303.1950635999674,0.6882352941176471,Лето,3,7,0.0016724187736609,0.0016724187736609,0.0050172563209827,72.24849102215195,0,0,,,,,,,road
,2025-07-30 06:30:40.720228500,Красноярская,,,2025,2024,209 days 06:09:34.362087438,301329.5727014573,207.84111648716498,0.6897058823529412,Лето,3,7,0.0016724187736609,0.0016724187736609,0.0050172563209827,72.24849102215195,0,0,,,,,,,road
,2025-07-30 10:17:36.927031200,Красноярская,,,2025,2024,209 days 09:56:30.568890138,301556.5094815023,226.9367800449836,0.6911764705882353,Лето,3,7,0.0016724187736609,0.0016724187736609,0.0050172563209827,72.24849102215195,0,0,,,,,,,road
,2025-07-30 12:36:30.583044606,Красноярская,,,2025,2024,209 days 12:15:24.224903544,301695.40374839236,138.89426689007087,0.6926470588235294,Лето,3,7,0.0016724187736609,0.0016724187736609,0.0050172563209827,72.24849102215195,0,0,,,,,,,road
,2025-07-30 17:53:31.683260910,Красноярская,,,2025,2024,209 days 17:32:25.325119848,302012.4220853308,317.0183369384613,0.6941176470588235,Лето,3,7,0.0016724187736609,0.0016724187736609,0.0050172563209827,72.24849102215195,0,0,,,,,,,road
,2025-07-30 20:09:14.624471982,Красноярская,,,2025,2024,209 days 19:48:08.266330920,302148.137772182,135.7156868511811,0.6955882352941176,Лето,3,7,0.0016724187736609,0.0016724187736609,0.0050172563209827,72.24849102215195,0,0,,,,,,,road
,2025-07-31 08:05:15.660907380,Красноярская,,,2025,2024,210 days 07:44:09.302766318,302864.1550461053,716.017273923324,0.6970588235294117,Лето,3,7,0.0016724187736609,0.0016724187736609,0.0050172563209827,72.24849102215195,0,0,,,,,,,road
,2025-07-31 09:24:22.515681354,Красноярская,,,2025,2024,210 days 09:03:16.157540292,302943.26929233817,79.11424623284256,0.6985294117647058,Лето,3,7,0.0016724187736609,0.0016724187736609,0.0050172563209827,72.24849102215195,0,0,,,,,,,road
,2025-08-01 14:54:58.272545940,Красноярская,,,2025,2024,211 days 14:33:51.914404878,304713.86524008133,1770.5959477431607,0.7,Лето,3,8,0.0016724187736609,0.0016724187736609,0.0050172563209827,72.24849102215195,0,0,,,,,,,road
,2025-08-01 15:51:14.642167650,Красноярская,,,2025,2024,211 days 15:30:08.284026588,304770.1380671098,56.27282702847151,0.7014705882352941,Лето,3,8,0.0016724187736609,0.0016724187736609,0.0050172563209827,72.24849102215195,0,0,,,,,,,road
,2025-08-02 20:29:00.439032120,Красноярская,,,2025,2024,212 days 20:07:54.080891058,306487.90134818427,1717.763281074469,0.7029411764705882,Лето,3,8,0.0016724187736609,0.0016724187736609,0.0050172563209827,72.24849102215195,0,0,,,,,,,road
,2025-08-03 14:20:13.670822532,Красноярская,,,2025,2024,213 days 13:59:07.312681470,307559.12187802454,1071.2205298402696,0.7044117647058824,Лето,3,8,0.0016724187736609,0.0016724187736609,0.0050172563209827,72.24849102215195,0,0,,,,,,,road
,2025-08-04 01:42:52.149329820,Красноярская,,,2025,2024,214 days 01:21:45.791188758,308241.76318647934,682.6413084547967,0.7058823529411765,Лето,3,8,0.0016724187736609,0.0016724187736609,0.0050172563209827,72.24849102215195,0,0,,,,,,,road
,2025-08-05 01:58:09.475434240,Красноярская,,,2025,2024,215 days 01:37:03.117293178,309697.05195488624,1455.2887684068992,0.7073529411764706,Лето,3,8,0.0016724187736609,0.0016724187736609,0.0050172563209827,72.24849102215195,0,0,,,,,,,road
,2025-08-05 03:27:47.850448626,Красноярская,,,2025,2024,215 days 03:06:41.492307564,309786.6915384594,89.63958357315278,0.7088235294117647,Лето,3,8,0.0016724187736609,0.0016724187736609,0.0050172563209827,72.24849102215195,0,0,,,,,,,road
,2025-08-05 05:23:46.639692774,Красноярская,,,2025,2024,215 days 05:02:40.281551712,309902.6713591952,115.97982073581079,0.7102941176470589,Лето,3,8,0.0016724187736609,0.0016724187736609,0.0050172563209827,72.24849102215195,0,0,,,,,,,road
,2025-08-05 08:17:30.691125582,Красноярская,,,2025,2024,215 days 07:56:24.332984520,310076.405549742,173.73419054679107,0.711764705882353,Лето,3,8,0.0016724187736609,0.0016724187736609,0.0050172563209827,72.24849102215195,0,0,,,,,,,road
,2025-08-05 11:05:24.289863618,Красноярская,,,2025,2024,215 days 10:44:17.931722556,310244.2988620426,167.89331230061362,0.7132352941176471,Лето,3,8,0.0016724187736609,0.0016724187736609,0.0050172563209827,72.24849102215195,0,0,,,,,,,road
,2025-08-05 14:48:00.770490888,Красноярская,,,2025,2024,215 days 14:26:54.412349826,310466.90687249706,222.6080104544526,0.7147058823529412,Лето,3,8,0.0016724187736609,0.0016724187736609,0.0050172563209827,72.24849102215195,0,0,,,,,,,road
,2025-08-05 23:20:32.099990195,Красноярская,,,2025,2024,215 days 22:59:25.741849133,310979.42903081886,512.5221583218081,0.7161764705882353,Лето,3,8,0.0016724187736609,0.0016724187736609,0.0050172563209827,72.24849102215195,0,0,,,,,,,road
,2025-08-05 23:37:37.336290660,Красноярская,,,2025,2024,215 days 23:16:30.978149598,310996.51630249334,17.08727167447796,0.7176470588235294,Лето,3,8,0.0016724187736609,0.0016724187736609,0.0050172563209827,72.24849102215195,0,0,,,,,,,road
,2025-08-06 04:25:39.180481302,Красноярская,,,2025,2024,216 days 04:04:32.822340240,311284.547039004,288.0307365106419,0.7191176470588235,Лето,3,8,0.0016724187736609,0.0016724187736609,0.0050172563209827,72.24849102215195,0,0,,,,,,,road
,2025-08-06 07:14:47.613121020,Красноярская,,,2025,2024,216 days 06:53:41.254979958,311453.68758299935,169.1405439953669,0.7205882352941176,Лето,3,8,0.0016724187736609,0.0016724187736609,0.0050172563209827,72.24849102215195,0,0,,,,,,,road
,2025-08-06 16:32:40.243156740,Красноярская,,,2025,2024,216 days 16:11:33.885015678,312011.5647502614,557.8771672620205,0.7220588235294118,Лето,3,8,0.0016724187736609,0.0016724187736609,0.0050172563209827,72.24849102215195,0,0,,,,,,,road
,2025-09-01 02:51:09.418572948,Красноярская,,,2025,2024,242 days 02:30:03.060431886,348630.0510071981,36618.48625693674,0.7235294117647059,Осень,4,9,0.001455211814164,0.001455211814164,0.004365635442492,62.86515037188746,0,0,,,,,,,road
,2025-09-01 15:53:25.933287054,Красноярская,,,2025,2024,242 days 15:32:19.575145992,349412.32625243324,782.2752452351269,0.725,Осень,4,9,0.001455211814164,0.001455211814164,0.004365635442492,62.86515037188746,0,0,,,,,,,road
,2025-09-01 20:14:38.386006086,Красноярская,,,2025,2024,242 days 19:53:32.027865024,349673.53379775037,261.20754531712737,0.7264705882352941,Осень,4,9,0.001455211814164,0.001455211814164,0.004365635442492,62.86515037188746,0,0,,,,,,,road
,2025-09-02 01:03:01.717864068,Красноярская,,,2025,2024,243 days 00:41:55.359723006,349961.9226620502,288.3888642998063,0.7279411764705882,Осень,4,9,0.001455211814164,0.001455211814164,0.004365635442492,62.86515037188746,0,0,,,,,,,road
,2025-09-02 02:40:14.047217328,Красноярская,,,2025,2024,243 days 02:19:07.689076266,350059.1281512711,97.20548922091257,0.7294117647058823,Осень,4,9,0.001455211814164,0.001455211814164,0.004365635442492,62.86515037188746,0,0,,,,,,,road
,2025-09-02 12:28:59.798508264,Красноярская,,,2025,2024,243 days 12:07:53.440367202,350647.8906727867,588.7625215156004,0.7308823529411764,Осень,4,9,0.001455211814164,0.001455211814164,0.004365635442492,62.86515037188746,0,0,,,,,,,road
,2025-09-02 17:16:46.096141422,Красноярская,,,2025,2024,243 days 16:55:39.738000360,350935.66230000596,287.77162721927743,0.7323529411764705,Осень,4,9,0.001455211814164,0.001455211814164,0.004365635442492,62.86515037188746,0,0,,,,,,,road
,2025-09-03 06:11:54.378396522,Красноярская,,,2025,2024,244 days 05:50:48.020255460,351710.80033759103,775.1380375850713,0.7338235294117647,Осень,4,9,0.001455211814164,0.001455211814164,0.004365635442492,62.86515037188746,0,0,,,,,,,road
,2025-09-03 21:41:27.817995312,Красноярская,,,2025,2024,244 days 21:20:21.459854250,352640.3576642375,929.5573266464635,0.7352941176470589,Осень,4,9,0.001455211814164,0.001455211814164,0.004365635442492,62.86515037188746,0,0,,,,,,,road
,2025-09-04 07:45:19.119759012,Красноярская,,,2025,2024,245 days 07:24:12.761617950,353244.2126936325,603.8550293950248,0.736764705882353,Осень,4,9,0.001455211814164,0.001455211814164,0.004365635442492,62.86515037188746,0,0,,,,,,,road
,2025-09-04 11:27:19.239897612,Красноярская,,,2025,2024,245 days 11:06:12.881756550,353466.21469594253,222.0020023100078,0.7382352941176471,Осень,4,9,0.001455211814164,0.001455211814164,0.004365635442492,62.86515037188746,0,0,,,,,,,road
,2025-09-04 19:35:34.467593232,Красноярская,,,2025,2024,245 days 19:14:28.109452170,353954.4684908695,488.2537949269754,0.7397058823529412,Осень,4,9,0.001455211814164,0.001455211814164,0.004365635442492,62.86515037188746,0,0,,,,,,,road
,2025-09-04 22:55:02.201582958,Красноярская,,,2025,2024,245 days 22:33:55.843441896,354153.9307240316,199.4622331620776,0.7411764705882353,Осень,4,9,0.001455211814164,0.001455211814164,0.004365635442492,62.86515037188746,0,0,,,,,,,road
,2025-09-06 01:37:39.176533980,Красноярская,,,2025,2024,247 days 01:16:32.818392918,355756.54697321536,1602.616249183775,0.7426470588235294,Осень,4,9,0.001455211814164,0.001455211814164,0.004365635442492,62.86515037188746,0,0,,,,,,,road
,2025-09-06 18:16:52.676679186,Красноярская,,,2025,2024,247 days 17:55:46.318538124,356755.77197563543,999.2250024200766,0.7441176470588236,Осень,4,9,0.001455211814164,0.001455211814164,0.004365635442492,62.86515037188746,0,0,,,,,,,road
,2025-09-07 02:03:39.153170382,Красноярская,,,2025,2024,248 days 01:42:32.795029320,357222.546583822,466.77460818656255,0.7455882352941177,Осень,4,9,0.001455211814164,0.001455211814164,0.004365635442492,62.86515037188746,0,0,,,,,,,road
,2025-09-08 16:36:24.704675328,Красноярская,,,2025,2024,249 days 16:15:18.346534266,359535.30577557103,2312.7591917490354,0.7470588235294118,Осень,4,9,0.001455211814164,0.001455211814164,0.004365635442492,62.86515037188746,0,0,,,,,,,road
,2025-09-09 01:40:11.849621742,Красноярская,,,2025,2024,250 days 01:19:05.491480680,360079.091524678,543.785749106959,0.7485294117647059,Осень,4,9,0.001455211814164,0.001455211814164,0.004365635442492,62.86515037188746,0,0,,,,,,,road
,2025-09-09 06:13:53.957782422,Красноярская,,,2025,2024,250 days 05:52:47.599641360,360352.793327356,273.7018026779988,0.75,Осень,4,9,0.001455211814164,0.001455211814164,0.004365635442492,62.86515037188746,0,0,,,,,,,road
,2025-09-09 07:22:50.956484514,Красноярская,,,2025,2024,250 days 07:01:44.598343452,360421.7433057242,68.9499783681822,0.7514705882352941,Осень,4,9,0.001455211814164,0.001455211814164,0.004365635442492,62.86515037188746,0,0,,,,,,,road
,2025-09-09 16:22:05.208458502,Красноярская,,,2025,2024,250 days 16:00:58.850317440,360960.980838624,539.2375328998314,0.7529411764705882,Осень,4,9,0.001455211814164,0.001455211814164,0.004365635442492,62.86515037188746,0,0,,,,,,,road
,2025-09-10 14:55:13.104435054,Красноярская,,,2025,2024,251 days 14:34:06.746293992,362314.1124382332,1353.1315996092162,0.7544117647058823,Осень,4,9,0.001455211814164,0.001455211814164,0.004365635442492,62.86515037188746,0,0,,,,,,,road
,2025-09-11 14:00:05.897045040,Красноярская,,,2025,2024,252 days 13:38:59.538903978,363698.9923150663,1384.8798768330598,0.7558823529411764,Осень,4,9,0.001455211814164,0.001455211814164,0.004365635442492,62.86515037188746,0,0,,,,,,,road
,2025-09-12 00:37:39.053247150,Красноярская,,,2025,2024,253 days 00:16:32.695106088,364336.5449184348,637.552603368531,0.7573529411764706,Осень,4,9,0.001455211814164,0.001455211814164,0.004365635442492,62.86515037188746,0,0,,,,,,,road
,2025-09-12 06:21:12.503079468,Красноярская,,,2025,2024,253 days 06:00:06.144938406,364680.10241564014,343.5574972053291,0.7588235294117647,Осень,4,9,0.001455211814164,0.001455211814164,0.004365635442492,62.86515037188746,0,0,,,,,,,road
,2025-09-12 18:23:12.756559290,Красноярская,,,2025,2024,253 days 18:02:06.398418228,365402.1066403038,722.0042246636585,0.7602941176470588,Осень,4,9,0.001455211814164,0.001455211814164,0.004365635442492,62.86515037188746,0,0,,,,,,,road
,2025-09-13 10:50:03.704010120,Красноярская,,,2025,2024,254 days 10:28:57.345869058,366388.9557644843,986.8491241805023,0.7617647058823529,Осень,4,9,0.001455211814164,0.001455211814164,0.004365635442492,62.86515037188746,0,0,,,,,,,road
,2025-09-13 16:54:32.290053288,Красноярская,,,2025,2024,254 days 16:33:25.931912226,366753.4321985371,364.4764340528054,0.763235294117647,Осень,4,9,0.001455211814164,0.001455211814164,0.004365635442492,62.86515037188746,0,0,,,,,,,road
,2025-09-14 00:18:58.460371482,Красноярская,,,2025,2024,254 days 23:57:52.102230420,367197.86837050697,444.4361719698645,0.7647058823529411,Осень,4,9,0.001455211814164,0.001455211814164,0.004365635442492,62.86515037188746,0,0,,,,,,,road
,2025-09-14 13:23:18.087967218,Красноярская,,,2025,2024,255 days 13:02:11.729826156,367982.1954971026,784.3271265956573,0.7661764705882353,Осень,4,9,0.001455211814164,0.001455211814164,0.004365635442492,62.86515037188746,0,0,,,,,,,road
,2025-09-15 13:21:24.518996778,Красноярская,,,2025,2024,256 days 13:00:18.160855716,369420.30268092855,1438.1071838259231,0.7676470588235295,Осень,4,9,0.001455211814164,0.001455211814164,0.004365635442492,62.86515037188746,0,0,,,,,,,road
,2025-09-16 07:17:10.614727836,Красноярская,,,2025,2024,257 days 06:56:04.256586774,370496.0709431129,1075.7682621843414,0.7691176470588236,Осень,4,9,0.001455211814164,0.001455211814164,0.004365635442492,62.86515037188746,0,0,,,,,,,road
,2025-09-16 07:32:44.328787056,Красноярская,,,2025,2024,257 days 07:11:37.970645994,370511.63284409983,15.5619009869406,0.7705882352941177,Осень,4,9,0.001455211814164,0.001455211814164,0.004365635442492,62.86515037188746,0,0,,,,,,,road
,2025-09-16 09:04:00.411117948,Красноярская,,,2025,2024,257 days 08:42:54.052976886,370602.90088294813,91.2680388482986,0.7720588235294118,Осень,4,9,0.001455211814164,0.001455211814164,0.004365635442492,62.86515037188746,0,0,,,,,,,road
,2025-09-17 07:00:31.586145648,Красноярская,,,2025,2024,258 days 06:39:25.228004586,371919.42046674306,1316.5195837949286,0.7735294117647059,Осень,4,9,0.001455211814164,0.001455211814164,0.004365635442492,62.86515037188746,0,0,,,,,,,road
,2025-09-18 03:33:49.092545100,Красноярская,,,2025,2024,259 days 03:12:42.734404038,373152.7122400673,1233.2917733242502,0.775,Осень,4,9,0.001455211814164,0.001455211814164,0.004365635442492,62.86515037188746,0,0,,,,,,,road
,2025-09-18 09:12:08.905994232,Красноярская,,,2025,2024,259 days 08:51:02.547853170,373491.04246421944,338.33022415213054,0.7764705882352941,Осень,4,9,0.001455211814164,0.001455211814164,0.004365635442492,62.86515037188746,0,0,,,,,,,road
,2025-09-18 19:15:19.032381396,Красноярская,,,2025,2024,259 days 18:54:12.674240334,374094.21123733895,603.1687731195125,0.7779411764705882,Осень,4,9,0.001455211814164,0.001455211814164,0.004365635442492,62.86515037188746,0,0,,,,,,,road
,2025-09-19 22:19:00.426666060,Красноярская,,,2025,2024,260 days 21:57:54.068524998,375717.90114208334,1623.6899047443876,0.7794117647058824,Осень,4,9,0.001455211814164,0.001455211814164,0.004365635442492,62.86515037188746,0,0,,,,,,,road
,2025-09-21 02:05:43.023628692,Красноярская,,,2025,2024,262 days 01:44:36.665487630,377384.6110914605,1666.7099493771675,0.7808823529411765,Осень,4,9,0.001455211814164,0.001455211814164,0.004365635442492,62.86515037188746,0,0,,,,,,,road
,2025-09-21 19:35:55.948459602,Красноярская,,,2025,2024,262 days 19:14:49.590318540,378434.82650530897,1050.215413848462,0.7823529411764706,Осень,4,9,0.001455211814164,0.001455211814164,0.004365635442492,62.86515037188746,0,0,,,,,,,road
,2025-09-21 22:17:33.593930868,Красноярская,,,2025,2024,262 days 21:56:27.235789806,378596.45392983017,161.6274245211971,0.7838235294117647,Осень,4,9,0.001455211814164,0.001455211814164,0.004365635442492,62.86515037188746,0,0,,,,,,,road
,2025-09-22 13:18:02.071056330,Красноярская,,,2025,2024,263 days 12:56:55.712915268,379496.9285485878,900.4746187576093,0.7852941176470588,Осень,4,9,0.001455211814164,0.001455211814164,0.004365635442492,62.86515037188746,0,0,,,,,,,road
,2025-09-22 14:31:16.554679902,Красноярская,,,2025,2024,263 days 14:10:10.196538840,379570.169942314,73.24139372620266,0.7867647058823529,Осень,4,9,0.001455211814164,0.001455211814164,0.004365635442492,62.86515037188746,0,0,,,,,,,road
,2025-09-23 16:13:08.274017832,Красноярская,,,2025,2024,264 days 15:52:01.915876770,381112.03193127946,1541.8619889654801,0.788235294117647,Осень,4,9,0.001455211814164,0.001455211814164,0.004365635442492,62.86515037188746,0,0,,,,,,,road
,2025-09-23 18:04:07.841571312,Красноярская,,,2025,2024,264 days 17:43:01.483430250,381223.02472383744,110.9927925579832,0.7897058823529411,Осень,4,9,0.001455211814164,0.001455211814164,0.004365635442492,62.86515037188746,0,0,,,,,,,road
,2025-09-24 06:30:14.165685456,Красноярская,,,2025,2024,265 days 06:09:07.807544394,381969.13012573984,746.1054019024014,0.7911764705882353,Осень,4,9,0.001455211814164,0.001455211814164,0.004365635442492,62.86515037188746,0,0,,,,,,,road
,2025-09-24 17:17:43.459188438,Красноярская,,,2025,2024,265 days 16:56:37.101047376,382616.6183507896,647.4882250497467,0.7926470588235294,Осень,4,9,0.001455211814164,0.001455211814164,0.004365635442492,62.86515037188746,0,0,,,,,,,road
,2025-09-25 10:28:35.635778586,Красноярская,,,2025,2024,266 days 10:07:29.277637524,383647.4879606254,1030.8696098357905,0.7941176470588235,Осень,4,9,0.001455211814164,0.001455211814164,0.004365635442492,62.86515037188746,0,0,,,,,,,road
,2025-09-25 19:39:43.787428428,Красноярская,,,2025,2024,266 days 19:18:37.429287366,384198.6238214561,551.13586083072,0.7955882352941176,Осень,4,9,0.001455211814164,0.001455211814164,0.004365635442492,62.86515037188746,0,0,,,,,,,road
,2025-09-25 20:21:55.972201692,Красноярская,,,2025,2024,266 days 20:00:49.614060630,384240.8269010105,42.20307955442695,0.7970588235294118,Осень,4,9,0.001455211814164,0.001455211814164,0.004365635442492,62.86515037188746,0,0,,,,,,,road
,2025-09-26 10:22:48.532756524,Красноярская,,,2025,2024,267 days 10:01:42.174615462,385081.70291025774,840.8760092472075,0.7985294117647059,Осень,4,9,0.001455211814164,0.001455211814164,0.004365635442492,62.86515037188746,0,0,,,,,,,road
,2025-09-26 15:54:48.799303218,Красноярская,,,2025,2024,267 days 15:33:42.441162156,385413.7073527026,332.0044424448861,0.8,Осень,4,9,0.001455211814164,0.001455211814164,0.004365635442492,62.86515037188746,0,0,,,,,,,road
,2025-09-26 19:28:22.259504310,Красноярская,,,2025,2024,267 days 19:07:15.901363248,385627.2650227208,213.55767001817003,0.8014705882352942,Осень,4,9,0.0018078568101721148,0.001455211814164,0.004365635442492,62.86515037188746,0,1,,,,,,,road
,2025-09-28 12:50:42.560247912,Красноярская,,,2025,2024,269 days 12:29:36.202106850,388109.60336844745,2482.338345726661,0.8029411764705883,Осень,4,9,0.0019289546231088981,0.001455211814164,0.004365635442492,62.86515037188746,0,1,,,,,,,road
,2025-09-28 20:24:30.536493551,Красноярская,,,2025,2024,269 days 20:03:24.178352489,388563.40297254146,453.7996040940052,0.8044117647058824,Осень,4,9,0.0019668894062865932,0.001455211814164,0.004365635442492,62.86515037188746,0,1,,,,,,,road
,2025-09-29 04:41:13.246229340,Красноярская,,,2025,2024,270 days 04:20:06.888088278,389060.1148014713,496.7118289298378,0.8058823529411765,Осень,4,9,0.0024971360172347246,0.001455211814164,0.004365635442492,62.86515037188746,0,1,,,,,,,road
,2025-09-29 09:15:11.443368120,Красноярская,,,2025,2024,270 days 08:54:05.085227058,389334.0847537843,273.9699523129966,0.8073529411764706,Осень,4,9,0.0027274386858926946,0.001455211814164,0.004365635442492,62.86515037188746,0,1,,,,,,,road
,2025-09-29 17:00:45.300047052,Красноярская,,,2025,2024,270 days 16:39:38.941905990,389799.6490317665,465.56427798222285,0.8088235294117647,Осень,4,9,0.0031565073094843928,0.001455211814164,0.004365635442492,62.86515037188746,0,1,,,,,,,road
,2025-09-29 23:52:54.605350482,Красноярская,,,2025,2024,270 days 23:31:48.247209420,390211.804120157,412.1550883904565,0.8102941176470588,Осень,4,9,0.003383725940608628,0.001455211814164,0.004365635442492,62.86515037188746,0,1,,,,,,,road
,2025-09-30 04:50:11.658811278,Красноярская,,,2025,2024,271 days 04:29:05.300670216,390509.0883445036,297.28422434662934,0.8117647058823529,Осень,4,9,0.0036007659611495355,0.001455211814164,0.004365635442492,62.86515037188746,0,1,,,,,,,road
,2025-10-01 08:38:32.937997470,Красноярская,,,2025,2024,272 days 08:17:26.579856408,392177.44299760676,1668.3546531031607,0.8132352941176471,Осень,4,10,0.003652548331874295,0.001455211814164,0.004365635442492,62.86515037188746,0,1,,,,,,,road
,2025-10-01 11:25:18.014951592,Красноярская,,,2025,2024,272 days 11:04:11.656810530,392344.1942801755,166.75128256872995,0.8147058823529412,Осень,4,10,0.003692948316329962,0.001455211814164,0.004365635442492,62.86515037188746,0,1,,,,,,,road
,2025-10-01 16:47:31.704673128,Красноярская,,,2025,2024,272 days 16:26:25.346532066,392666.4224422011,322.22816202562535,0.8161764705882353,Осень,4,10,0.0038011263943177566,0.001455211814164,0.004365635442492,62.86515037188746,0,1,,,,,,,road
,2025-10-01 23:45:26.589341538,Красноярская,,,2025,2024,272 days 23:24:20.231200476,393084.3371866746,417.9147444734699,0.8176470588235294,Осень,4,10,0.0038246771915904122,0.001455211814164,0.004365635442492,62.86515037188746,0,1,,,,,,,road
,2025-10-02 01:33:28.952004066,Красноярская,,,2025,2024,273 days 01:12:22.593863004,393192.3765643834,108.03937770880293,0.8191176470588235,Осень,4,10,0.004365635442492,0.001455211814164,0.004365635442492,62.86515037188746,1,0,,,,,,,road
,2025-10-02 03:53:25.919915064,Красноярская,,,2025,2024,273 days 03:32:19.561774002,393332.3260295667,139.94946518330835,0.8205882352941176,Осень,4,10,0.004365635442492,0.001455211814164,0.004365635442492,62.86515037188746,1,0,,,,,,,road
,2025-10-02 17:10:22.716617268,Красноярская,,,2025,2024,273 days 16:49:16.358476206,394129.27264127013,796.9466117034317,0.8220588235294117,Осень,4,10,0.004365635442492,0.001455211814164,0.004365635442492,62.86515037188746,1,0,,,,,,,road
,2025-10-02 17:17:53.838221892,Красноярская,,,2025,2024,273 days 16:56:47.480080830,394136.7913346805,7.518693410384003,0.8235294117647058,Осень,4,10,0.004365635442492,0.001455211814164,0.004365635442492,62.86515037188746,1,0,,,,,,,road
,2025-10-02 18:51:26.944515204,Красноярская,,,2025,2024,273 days 18:30:20.586374142,394230.3431062357,93.55177155521233,0.825,Осень,4,10,0.004365635442492,0.001455211814164,0.004365635442492,62.86515037188746,1,0,,,,,,,road
,2025-10-02 21:23:59.514835440,Красноярская,,,2025,2024,273 days 21:02:53.156694378,394382.8859449063,152.5428386705462,0.8264705882352941,Осень,4,10,0.004365635442492,0.001455211814164,0.004365635442492,62.86515037188746,1,0,,,,,,,road
,2025-10-02 21:24:19.664028930,Красноярская,,,2025,2024,273 days 21:03:13.305887868,394383.22176479775,0.335819891479332,0.8279411764705882,Осень,4,10,0.004365635442492,0.001455211814164,0.004365635442492,62.86515037188746,1,0,,,,,,,road
,2025-10-03 06:09:46.263223692,Красноярская,,,2025,2024,274 days 05:48:39.905082630,394908.6650847105,525.443319912767,0.8294117647058824,Осень,4,10,0.004365635442492,0.001455211814164,0.004365635442492,62.86515037188746,1,0,,,,,,,road
,2025-10-03 07:27:00.841766466,Красноярская,,,2025,2024,274 days 07:05:54.483625404,394985.9080604234,77.24297571287025,0.8308823529411765,Осень,4,10,0.004365635442492,0.001455211814164,0.004365635442492,62.86515037188746,1,0,,,,,,,road
,2025-10-03 08:35:16.579742532,Красноярская,,,2025,2024,274 days 08:14:10.221601470,395054.1703600245,68.26229960110504,0.8323529411764706,Осень,4,10,0.004365635442492,0.001455211814164,0.004365635442492,62.86515037188746,1,0,,,,,,,road
,2025-10-03 15:08:29.190135162,Красноярская,,,2025,2024,274 days 14:47:22.831994100,395447.38053323503,393.2101732105366,0.8338235294117647,Осень,4,10,0.004365635442492,0.001455211814164,0.004365635442492,62.86515037188746,1,0,,,,,,,road
,2025-10-03 16:23:05.609416092,Красноярская,,,2025,2024,274 days 16:01:59.251275030,395521.98752125056,74.60698801552644,0.8352941176470589,Осень,4,10,0.004365635442492,0.001455211814164,0.004365635442492,62.86515037188746,1,0,,,,,,,road
,2025-10-03 20:28:36.683110284,Красноярская,,,2025,2024,274 days 20:07:30.324969222,395767.50541615376,245.51789490319788,0.836764705882353,Осень,4,10,0.004365635442492,0.001455211814164,0.004365635442492,62.86515037188746,1,0,,,,,,,road
,2025-10-04 03:03:19.617430104,Красноярская,,,2025,2024,275 days 02:42:13.259289042,396162.2209881507,394.7155719969305,0.8382352941176471,Осень,4,10,0.004365635442492,0.001455211814164,0.004365635442492,62.86515037188746,1,0,,,,,,,road
,2025-10-04 09:03:31.761489551,Красноярская,,,2025,2024,275 days 08:42:25.403348489,396522.42338914145,360.2024009907618,0.8397058823529412,Осень,4,10,0.004365635442492,0.001455211814164,0.004365635442492,62.86515037188746,1,0,,,,,,,road
,2025-10-04 14:52:23.893180446,Красноярская,,,2025,2024,275 days 14:31:17.535039384,396871.2922506564,348.86886151495855,0.8411764705882353,Осень,4,10,0.004365635442492,0.001455211814164,0.004365635442492,62.86515037188746,1,0,,,,,,,road
,2025-10-04 15:13:39.509860380,Красноярская,,,2025,2024,275 days 14:52:33.151719318,396892.55252865533,21.26027799892472,0.8426470588235294,Осень,4,10,0.004365635442492,0.001455211814164,0.004365635442492,62.86515037188746,1,0,,,,,,,road
,2025-10-04 15:32:43.196055984,Красноярская,,,2025,2024,275 days 15:11:36.837914922,396911.6139652487,19.06143659335794,0.8441176470588235,Осень,4,10,0.004365635442492,0.001455211814164,0.004365635442492,62.86515037188746,1,0,,,,,,,road
,2025-10-04 16:56:38.799705012,Красноярская,,,2025,2024,275 days 16:35:32.441563950,396995.54069273255,83.92672748386394,0.8455882352941176,Осень,4,10,0.004365635442492,0.001455211814164,0.004365635442492,62.86515037188746,1,0,,,,,,,road
,2025-10-04 17:05:01.955607503,Красноярская,,,2025,2024,275 days 16:43:55.597466441,397003.92662444065,8.385931708093267,0.8470588235294118,Осень,4,10,0.004365635442492,0.001455211814164,0.004365635442492,62.86515037188746,1,0,,,,,,,road
,2025-10-04 19:44:00.182502066,Красноярская,,,2025,2024,275 days 19:22:53.824361004,397162.8970726834,158.97044824273326,0.8485294117647059,Осень,4,10,0.004365635442492,0.001455211814164,0.004365635442492,62.86515037188746,1,0,,,,,,,road
,2025-10-04 21:39:01.812352602,Красноярская,,,2025,2024,275 days 21:17:55.454211540,397277.924236859,115.02716417564079,0.85,Осень,4,10,0.004365635442492,0.001455211814164,0.004365635442492,62.86515037188746,1,0,,,,,,,road
,2025-10-05 00:45:32.540685732,Красноярская,,,2025,2024,276 days 00:24:26.182544670,397464.4363757445,186.5121388855041,0.8514705882352941,Осень,4,10,0.004365635442492,0.001455211814164,0.004365635442492,62.86515037188746,1,0,,,,,,,road
,2025-10-05 02:06:50.810327376,Красноярская,,,2025,2024,276 days 01:45:44.452186314,397545.74086977186,81.30449402733939,0.8529411764705882,Осень,4,10,0.004365635442492,0.001455211814164,0.004365635442492,62.86515037188746,1,0,,,,,,,road
,2025-10-05 04:39:11.109054192,Красноярская,,,2025,2024,276 days 04:18:04.750913130,397698.07918188546,152.3383121135994,0.8544117647058823,Осень,4,10,0.004365635442492,0.001455211814164,0.004365635442492,62.86515037188746,1,0,,,,,,,road
,2025-10-05 06:12:32.829673241,Красноярская,,,2025,2024,276 days 05:51:26.471532179,397791.441192203,93.36201031756354,0.8558823529411764,Осень,4,10,0.004365635442492,0.001455211814164,0.004365635442492,62.86515037188746,1,0,,,,,,,road
,2025-10-05 07:02:17.570898168,Красноярская,,,2025,2024,276 days 06:41:11.212757106,397841.18687928503,49.745687082002405,0.8573529411764705,Осень,4,10,0.004365635442492,0.001455211814164,0.004365635442492,62.86515037188746,1,0,,,,,,,road
,2025-10-05 11:02:21.168600936,Красноярская,,,2025,2024,276 days 10:41:14.810459874,398081.24684099783,240.05996171280276,0.8588235294117647,Осень,4,10,0.004365635442492,0.001455211814164,0.004365635442492,62.86515037188746,1,0,,,,,,,road
,2025-10-05 15:18:42.146388186,Красноярская,,,2025,2024,276 days 14:57:35.788247124,398337.5964707854,256.34962978755357,0.8602941176470589,Осень,4,10,0.004365635442492,0.001455211814164,0.004365635442492,62.86515037188746,1,0,,,,,,,road
,2025-10-05 22:03:33.422096406,Красноярская,,,2025,2024,276 days 21:42:27.063955344,398742.4510659224,404.85459513700334,0.861764705882353,Осень,4,10,0.004365635442492,0.001455211814164,0.004365635442492,62.86515037188746,1,0,,,,,,,road
,2025-10-06 05:59:25.386224988,Красноярская,,,2025,2024,277 days 05:38:19.028083926,399218.31713473215,475.8660688097589,0.8632352941176471,Осень,4,10,0.004365635442492,0.001455211814164,0.004365635442492,62.86515037188746,1,0,,,,,,,road
,2025-10-06 10:38:38.377361430,Красноярская,,,2025,2024,277 days 10:17:32.019220368,399497.5336536728,279.2165189406369,0.8647058823529412,Осень,4,10,0.004365635442492,0.001455211814164,0.004365635442492,62.86515037188746,1,0,,,,,,,road
,2025-10-06 15:05:04.293307620,Красноярская,,,2025,2024,277 days 14:43:57.935166558,399763.9655861093,266.43193243653513,0.8661764705882353,Осень,4,10,0.004365635442492,0.001455211814164,0.004365635442492,62.86515037188746,1,0,,,,,,,road
,2025-10-06 15:18:26.171298390,Красноярская,,,2025,2024,277 days 14:57:19.813157328,399777.33021928876,13.364633179444354,0.8676470588235294,Осень,4,10,0.004365635442492,0.001455211814164,0.004365635442492,62.86515037188746,1,0,,,,,,,road
,2025-10-06 15:45:04.368929502,Красноярская,,,2025,2024,277 days 15:23:58.010788440,399803.96684647404,26.636627185274847,0.8691176470588236,Осень,4,10,0.004365635442492,0.001455211814164,0.004365635442492,62.86515037188746,1,0,,,,,,,road
,2025-10-06 22:08:35.602464522,Красноярская,,,2025,2024,277 days 21:47:29.244323460,400187.487405391,383.52055891696364,0.8705882352941177,Осень,4,10,0.004365635442492,0.001455211814164,0.004365635442492,62.86515037188746,1,0,,,,,,,road
,2025-10-06 23:09:20.500518330,Красноярская,,,2025,2024,277 days 22:48:14.142377268,400248.2357062878,60.748300896782894,0.8720588235294118,Осень,4,10,0.004365635442492,0.001455211814164,0.004365635442492,62.86515037188746,1,0,,,,,,,road
,2025-10-07 00:49:59.228409744,Красноярская,,,2025,2024,278 days 00:28:52.870268682,400348.88117114466,100.64546485687606,0.8735294117647059,Осень,4,10,0.004365635442492,0.001455211814164,0.004365635442492,62.86515037188746,1,0,,,,,,,road
,2025-10-07 01:25:57.012604248,Красноярская,,,2025,2024,278 days 01:04:50.654463186,400384.84424105304,35.96306990837911,0.875,Осень,4,10,0.004365635442492,0.001455211814164,0.004365635442492,62.86515037188746,1,0,,,,,,,road
,2025-10-07 02:15:40.795420056,Красноярская,,,2025,2024,278 days 01:54:34.437278994,400434.5739546499,49.72971359686926,0.8764705882352941,Осень,4,10,0.004365635442492,0.001455211814164,0.004365635442492,62.86515037188746,1,0,,,,,,,road
,2025-10-07 07:57:47.167775670,Красноярская,,,2025,2024,278 days 07:36:40.809634608,400776.68016057677,342.1062059268588,0.8779411764705882,Осень,4,10,0.004365635442492,0.001455211814164,0.004365635442492,62.86515037188746,1,0,,,,,,,road
,2025-10-07 09:07:20.048342700,Красноярская,,,2025,2024,278 days 08:46:13.690201638,400846.2281700273,69.5480094505474,0.8794117647058823,Осень,4,10,0.004365635442492,0.001455211814164,0.004365635442492,62.86515037188746,1,0,,,,,,,road
,2025-10-07 11:23:52.449279606,Красноярская,,,2025,2024,278 days 11:02:46.091138544,400982.76818564243,136.5400156151154,0.8808823529411764,Осень,4,10,0.004365635442492,0.001455211814164,0.004365635442492,62.86515037188746,1,0,,,,,,,road
,2025-10-07 12:01:33.112433802,Красноярская,,,2025,2024,278 days 11:40:26.754292740,401020.445904879,37.67771923658438,0.8823529411764706,Осень,4,10,0.004365635442492,0.001455211814164,0.004365635442492,62.86515037188746,1,0,,,,,,,road
,2025-10-07 16:21:04.537347360,Красноярская,,,2025,2024,278 days 15:59:58.179206298,401279.96965343825,259.523748559237,0.8838235294117647,Осень,4,10,0.004365635442492,0.001455211814164,0.004365635442492,62.86515037188746,1,0,,,,,,,road
,2025-10-07 21:19:31.832514180,Красноярская,,,2025,2024,278 days 20:58:25.474373118,401578.4245728853,298.45491944707464,0.8852941176470588,Осень,4,10,0.004365635442492,0.001455211814164,0.004365635442492,62.86515037188746,1,0,,,,,,,road
,2025-10-08 02:28:01.915259706,Красноярская,,,2025,2024,279 days 02:06:55.557118644,401886.9259519774,308.5013790920493,0.8867647058823529,Осень,4,10,0.001455211814164,0.001455211814164,0.004365635442492,62.86515037188746,0,0,,,,,,,road
,2025-10-08 20:03:30.409690608,Красноярская,,,2025,2024,279 days 19:42:24.051549546,402942.40085915907,1055.4749071816914,0.888235294117647,Осень,4,10,0.001455211814164,0.001455211814164,0.004365635442492,62.86515037188746,0,0,,,,,,,road
,2025-10-08 23:12:00.681810006,Красноярская,,,2025,2024,279 days 22:50:54.323668944,403130.9053944824,188.50453532335814,0.8897058823529411,Осень,4,10,0.001455211814164,0.001455211814164,0.004365635442492,62.86515037188746,0,0,,,,,,,road
,2025-10-09 12:41:03.858709002,Красноярская,,,2025,2024,280 days 12:19:57.500567940,403939.958342799,809.0529483165592,0.8911764705882353,Осень,4,10,0.001455211814164,0.001455211814164,0.004365635442492,62.86515037188746,0,0,,,,,,,road
,2025-10-10 03:40:43.717967424,Красноярская,,,2025,2024,281 days 03:19:37.359826362,404839.62266377266,899.6643209736794,0.8926470588235295,Осень,4,10,0.001455211814164,0.001455211814164,0.004365635442492,62.86515037188746,0,0,,,,,,,road
,2025-10-11 19:20:17.835469494,Красноярская,,,2025,2024,282 days 18:59:11.477328432,407219.1912888072,2379.5686250345316,0.8941176470588236,Осень,4,10,0.001455211814164,0.001455211814164,0.004365635442492,62.86515037188746,0,0,,,,,,,road
,2025-10-11 22:21:58.700864160,Красноярская,,,2025,2024,282 days 22:00:52.342723098,407400.8723787183,181.68108991108602,0.8955882352941177,Осень,4,10,0.001455211814164,0.001455211814164,0.004365635442492,62.86515037188746,0,0,,,,,,,road
,2025-10-11 23:29:35.696467590,Красноярская,,,2025,2024,282 days 23:08:29.338326528,407468.4889721088,67.61659339052858,0.8970588235294118,Осень,4,10,0.001455211814164,0.001455211814164,0.004365635442492,62.86515037188746,0,0,,,,,,,road
,2025-10-12 02:59:20.068630554,Красноярская,,,2025,2024,283 days 02:38:13.710489492,407678.22850815824,209.73953604942653,0.8985294117647059,Осень,4,10,0.001455211814164,0.001455211814164,0.004365635442492,62.86515037188746,0,0,,,,,,,road
,2025-10-12 04:29:25.103164188,Красноярская,,,2025,2024,283 days 04:08:18.745023126,407768.3124170521,90.08390889386646,0.9,Осень,4,10,0.001455211814164,0.001455211814164,0.004365635442492,62.86515037188746,0,0,,,,,,,road
,2025-10-12 06:37:12.495958950,Красноярская,,,2025,2024,283 days 06:16:06.137817888,407896.10229696485,127.78987991274334,0.9014705882352941,Осень,4,10,0.001455211814164,0.001455211814164,0.004365635442492,62.86515037188746,0,0,,,,,,,road
,2025-10-12 11:16:38.614498842,Красноярская,,,2025,2024,283 days 10:55:32.256357780,408175.537605963,279.4353089981596,0.9029411764705882,Осень,4,10,0.001455211814164,0.001455211814164,0.004365635442492,62.86515037188746,0,0,,,,,,,road
,2025-10-12 17:23:53.332486338,Красноярская,,,2025,2024,283 days 17:02:46.974345276,408542.7829057546,367.24529979156796,0.9044117647058824,Осень,4,10,0.001455211814164,0.001455211814164,0.004365635442492,62.86515037188746,0,0,,,,,,,road
,2025-10-13 20:12:16.337800608,Красноярская,,,2025,2024,284 days 19:51:09.979659546,410151.16632765904,1608.3834219044656,0.9058823529411765,Осень,4,10,0.001455211814164,0.001455211814164,0.004365635442492,62.86515037188746,0,0,,,,,,,road
,2025-10-13 22:41:51.452998110,Красноярская,,,2025,2024,284 days 22:20:45.094857048,410300.7515809508,149.58525329176337,0.9073529411764706,Осень,4,10,0.001455211814164,0.001455211814164,0.004365635442492,62.86515037188746,0,0,,,,,,,road
,2025-10-15 15:33:01.985365284,Красноярская,,,2025,2024,286 days 15:11:55.627224222,412751.92712040374,2451.175539452932,0.9088235294117647,Осень,4,10,0.001455211814164,0.001455211814164,0.004365635442492,62.86515037188746,0,0,,,,,,,road
,2025-10-16 10:34:49.039134918,Красноярская,,,2025,2024,287 days 10:13:42.680993856,413893.7113498976,1141.7842294938746,0.9102941176470588,Осень,4,10,0.001455211814164,0.001455211814164,0.004365635442492,62.86515037188746,0,0,,,,,,,road
,2025-10-17 11:00:18.544295286,Красноярская,,,2025,2024,288 days 10:39:12.186154224,415359.2031025704,1465.4917526727659,0.9117647058823529,Осень,4,10,0.001455211814164,0.001455211814164,0.004365635442492,62.86515037188746,0,0,,,,,,,road
,2025-10-18 17:22:16.585298544,Красноярская,,,2025,2024,289 days 17:01:10.227157482,417181.1704526247,1821.9673500542995,0.913235294117647,Осень,4,10,0.001455211814164,0.001455211814164,0.004365635442492,62.86515037188746,0,0,,,,,,,road
,2025-10-19 09:23:53.090197884,Красноярская,,,2025,2024,290 days 09:02:46.732056822,418142.7788676137,961.608414989023,0.9147058823529411,Осень,4,10,0.001455211814164,0.001455211814164,0.004365635442492,62.86515037188746,0,0,,,,,,,road
,2025-10-20 03:12:21.458024676,Красноярская,,,2025,2024,291 days 02:51:15.099883614,419211.25166472694,1068.472797113238,0.9161764705882353,Осень,4,10,0.001455211814164,0.001455211814164,0.004365635442492,62.86515037188746,0,0,,,,,,,road
,2025-10-20 09:48:07.698678702,Красноярская,,,2025,2024,291 days 09:27:01.340537640,419607.02234229405,395.7706775671104,0.9176470588235294,Осень,4,10,0.001455211814164,0.001455211814164,0.004365635442492,62.86515037188746,0,0,,,,,,,road
,2025-10-20 17:58:57.809635800,Красноярская,,,2025,2024,291 days 17:37:51.451494738,420097.8575249122,490.83518261817517,0.9191176470588235,Осень,4,10,0.001455211814164,0.001455211814164,0.004365635442492,62.86515037188746,0,0,,,,,,,road
,2025-10-22 00:51:12.633243654,Красноярская,,,2025,2024,293 days 00:30:06.275102592,421950.1045850432,1852.2470601309906,0.9205882352941176,Осень,4,10,0.001455211814164,0.001455211814164,0.004365635442492,62.86515037188746,0,0,,,,,,,road
,2025-10-22 06:17:46.758290352,Красноярская,,,2025,2024,293 days 05:56:40.400149290,422276.6733358215,326.56875077827135,0.9220588235294118,Осень,4,10,0.001455211814164,0.001455211814164,0.004365635442492,62.86515037188746,0,0,,,,,,,road
,2025-10-22 06:47:13.604386440,Красноярская,,,2025,2024,293 days 06:26:07.246245378,422306.1207707563,29.447434934787452,0.9235294117647059,Осень,4,10,0.001455211814164,0.001455211814164,0.004365635442492,62.86515037188746,0,0,,,,,,,road
,2025-10-22 23:15:51.126919218,Красноярская,,,2025,2024,293 days 22:54:44.768778156,423294.7461463026,988.6253755463404,0.925,Осень,4,10,0.001455211814164,0.001455211814164,0.004365635442492,62.86515037188746,0,0,,,,,,,road
,2025-10-23 09:00:52.829863932,Красноярская,,,2025,2024,294 days 08:39:46.471722870,423879.77452871454,585.0283824119251,0.9264705882352942,Осень,4,10,0.001455211814164,0.001455211814164,0.004365635442492,62.86515037188746,0,0,,,,,,,road
,2025-10-24 04:19:58.549119378,Красноярская,,,2025,2024,295 days 03:58:52.190978316,425038.8698496386,1159.0953209240688,0.9279411764705883,Осень,4,10,0.001455211814164,0.001455211814164,0.004365635442492,62.86515037188746,0,0,,,,,,,road
,2025-10-24 05:13:57.569677044,Красноярская,,,2025,2024,295 days 04:52:51.211535982,425092.8535255997,53.98367596109165,0.9294117647058824,Осень,4,10,0.001455211814164,0.001455211814164,0.004365635442492,62.86515037188746,0,0,,,,,,,road
,2025-10-24 16:21:06.025903446,Красноярская,,,2025,2024,295 days 15:59:59.667762384,425759.9944627064,667.1409371066839,0.9308823529411765,Осень,4,10,0.001455211814164,0.001455211814164,0.004365635442492,62.86515037188746,0,0,,,,,,,road
,2025-10-24 19:36:41.551508538,Красноярская,,,2025,2024,295 days 19:15:35.193367476,425955.5865561246,195.5920934182359,0.9323529411764706,Осень,4,10,0.001455211814164,0.001455211814164,0.004365635442492,62.86515037188746,0,0,,,,,,,road
,2025-10-25 22:21:49.888231710,Красноярская,,,2025,2024,296 days 22:00:43.530090648,427560.72550151084,1605.1389453862212,0.9338235294117647,Осень,4,10,0.001455211814164,0.001455211814164,0.004365635442492,62.86515037188746,0,0,,,,,,,road
,2025-10-25 23:41:50.534939250,Красноярская,,,2025,2024,296 days 23:20:44.176798188,427640.7362799698,80.01077845896361,0.9352941176470588,Осень,4,10,0.001455211814164,0.001455211814164,0.004365635442492,62.86515037188746,0,0,,,,,,,road
,2025-10-26 20:54:28.524086646,Красноярская,,,2025,2024,297 days 20:33:22.165945584,428913.3694324264,1272.6331524566049,0.9367647058823529,Осень,4,10,0.001455211814164,0.001455211814164,0.004365635442492,62.86515037188746,0,0,,,,,,,road
,2025-10-26 21:58:11.604898998,Красноярская,,,2025,2024,297 days 21:37:05.246757936,428977.0874459656,63.718013539211825,0.9382352941176471,Осень,4,10,0.001455211814164,0.001455211814164,0.004365635442492,62.86515037188746,0,0,,,,,,,road
,2025-10-26 22:15:39.603458970,Красноярская,,,2025,2024,297 days 21:54:33.245317908,428994.55408863176,17.466642666142434,0.9397058823529412,Осень,4,10,0.001455211814164,0.001455211814164,0.004365635442492,62.86515037188746,0,0,,,,,,,road
,2025-10-27 01:19:47.773844664,Красноярская,,,2025,2024,298 days 00:58:41.415703602,429178.6902617266,184.13617309485562,0.9411764705882353,Осень,4,10,0.001455211814164,0.001455211814164,0.004365635442492,62.86515037188746,0,0,,,,,,,road
,2025-10-27 05:58:07.693788480,Красноярская,,,2025,2024,298 days 05:37:01.335647418,429457.0222607903,278.33199906366644,0.9426470588235294,Осень,4,10,0.001455211814164,0.001455211814164,0.004365635442492,62.86515037188746,0,0,,,,,,,road
,2025-10-27 17:14:56.805153030,Красноярская,,,2025,2024,298 days 16:53:50.447011968,430133.84078353277,676.8185227424838,0.9441176470588235,Осень,4,10,0.001455211814164,0.001455211814164,0.004365635442492,62.86515037188746,0,0,,,,,,,road
,2025-10-27 18:52:00.548299896,Красноярская,,,2025,2024,298 days 18:30:54.190158834,430230.90316931385,97.06238578108605,0.9455882352941176,Осень,4,10,0.001455211814164,0.001455211814164,0.004365635442492,62.86515037188746,0,0,,,,,,,road
,2025-10-28 01:27:10.987346064,Красноярская,,,2025,2024,299 days 01:06:04.629205002,430626.07715341664,395.1739841027884,0.9470588235294117,Осень,4,10,0.001455211814164,0.001455211814164,0.004365635442492,62.86515037188746,0,0,,,,,,,road
,2025-10-28 04:04:11.772863862,Красноярская,,,2025,2024,299 days 03:43:05.414722800,430783.09024538,157.0130919633666,0.9485294117647058,Осень,4,10,0.001455211814164,0.001455211814164,0.004365635442492,62.86515037188746,0,0,,,,,,,road
,2025-10-29 02:12:36.276971358,Красноярская,,,2025,2024,300 days 01:51:29.918830296,432111.4986471716,1328.4084017915884,0.95,Осень,4,10,0.001455211814164,0.001455211814164,0.004365635442492,62.86515037188746,0,0,,,,,,,road
,2025-10-29 02:44:13.273757412,Красноярская,,,2025,2024,300 days 02:23:06.915616350,432143.1152602725,31.616613100923132,0.9514705882352941,Осень,4,10,0.001455211814164,0.001455211814164,0.004365635442492,62.86515037188746,0,0,,,,,,,road
,2025-10-29 07:46:33.307623893,Красноярская,,,2025,2024,300 days 07:25:26.949482831,432445.4491580472,302.33389777468983,0.9529411764705882,Осень,4,10,0.001455211814164,0.001455211814164,0.004365635442492,62.86515037188746,0,0,,,,,,,road
,2025-10-29 19:12:20.839809570,Красноярская,,,2025,2024,300 days 18:51:14.481668508,433131.24136114185,685.7922030946356,0.9544117647058824,Осень,4,10,0.001455211814164,0.001455211814164,0.004365635442492,62.86515037188746,0,0,,,,,,,road
,2025-10-30 23:11:02.721999798,Красноярская,,,2025,2024,301 days 22:49:56.363858736,434809.9393976456,1678.6980365037452,0.9558823529411765,Осень,4,10,0.001455211814164,0.001455211814164,0.004365635442492,62.86515037188746,0,0,,,,,,,road
,2025-10-31 22:22:31.744416396,Красноярская,,,2025,2024,302 days 22:01:25.386275334,436201.42310458893,1391.4837069433415,0.9573529411764706,Осень,4,10,0.001455211814164,0.001455211814164,0.004365635442492,62.86515037188746,0,0,,,,,,,road
,2025-11-02 00:12:33.676406058,Красноярская,,,2025,2024,303 days 23:51:27.318264996,437751.4553044166,1550.0321998276631,0.9588235294117647,Осень,4,11,0.001455211814164,0.001455211814164,0.004365635442492,62.86515037188746,0,0,,,,,,,road
,2025-11-02 00:57:10.212074286,Красноярская,,,2025,2024,304 days 00:36:03.853933224,437796.06423222035,44.60892780375434,0.9602941176470589,Осень,4,11,0.001455211814164,0.001455211814164,0.004365635442492,62.86515037188746,0,0,,,,,,,road
,2025-11-02 22:00:28.190471358,Красноярская,,,2025,2024,304 days 21:39:21.832330296,439059.3638721716,1263.299639951263,0.961764705882353,Осень,4,11,0.001455211814164,0.001455211814164,0.004365635442492,62.86515037188746,0,0,,,,,,,road
,2025-11-03 15:20:40.978489134,Красноярская,,,2025,2024,305 days 14:59:34.620348072,440099.5770058012,1040.213133629586,0.9632352941176471,Осень,4,11,0.001455211814164,0.001455211814164,0.004365635442492,62.86515037188746,0,0,,,,,,,road
,2025-11-04 17:59:54.107409558,Красноярская,,,2025,2024,306 days 17:38:47.749268496,441698.79582114157,1599.2188153403695,0.9647058823529412,Осень,4,11,0.001455211814164,0.001455211814164,0.004365635442492,62.86515037188746,0,0,,,,,,,road
,2025-11-04 22:16:27.773254668,Красноярская,,,2025,2024,306 days 21:55:21.415113606,441955.35691856017,256.56109741859837,0.9661764705882353,Осень,4,11,0.001455211814164,0.001455211814164,0.004365635442492,62.86515037188746,0,0,,,,,,,road
,2025-11-06 02:04:46.717618356,Красноярская,,,2025,2024,308 days 01:43:40.359477294,443623.6726579549,1668.3157393947477,0.9676470588235294,Осень,4,11,0.001455211814164,0.001455211814164,0.004365635442492,62.86515037188746,0,0,,,,,,,road
,2025-11-06 07:58:50.517746064,Красноярская,,,2025,2024,308 days 07:37:44.159605002,443977.7359934167,354.06333546177484,0.9691176470588235,Осень,4,11,0.001455211814164,0.001455211814164,0.004365635442492,62.86515037188746,0,0,,,,,,,road
,2025-11-06 19:29:44.043798462,Красноярская,,,2025,2024,308 days 19:08:37.685657400,444668.62809429003,690.892100873345,0.9705882352941176,Осень,4,11,0.001455211814164,0.001455211814164,0.004365635442492,62.86515037188746,0,0,,,,,,,road
,2025-11-07 01:49:01.902544362,Красноярская,,,2025,2024,309 days 01:27:55.544403300,445047.925740055,379.29764576494927,0.9720588235294118,Осень,4,11,0.001455211814164,0.001455211814164,0.004365635442492,62.86515037188746,0,0,,,,,,,road
,2025-11-07 08:12:28.938592902,Красноярская,,,2025,2024,309 days 07:51:22.580451840,445431.376340864,383.4506008090102,0.9735294117647059,Осень,4,11,0.001455211814164,0.001455211814164,0.004365635442492,62.86515037188746,0,0,,,,,,,road
,2025-11-07 17:16:05.311699902,Красноярская,,,2025,2024,309 days 16:54:58.953558840,445974.982559314,543.6062184500042,0.975,Осень,4,11,0.001455211814164,0.001455211814164,0.004365635442492,62.86515037188746,0,0,,,,,,,road
,2025-11-07 22:18:24.640289778,Красноярская,,,2025,2024,309 days 21:57:18.282148716,446277.3047024786,302.32214316457976,0.9764705882352941,Осень,4,11,0.001455211814164,0.001455211814164,0.004365635442492,62.86515037188746,0,0,,,,,,,road
,2025-11-08 16:19:52.791325530,Красноярская,,,2025,2024,310 days 15:58:46.433184468,447358.7738864078,1081.4691839292063,0.9779411764705882,Осень,4,11,0.001455211814164,0.001455211814164,0.004365635442492,62.86515037188746,0,0,,,,,,,road
,2025-11-09 03:49:54.408365412,Красноярская,,,2025,2024,311 days 03:28:48.050224350,448048.80083707254,690.0269506647601,0.9794117647058823,Осень,4,11,0.001455211814164,0.001455211814164,0.004365635442492,62.86515037188746,0,0,,,,,,,road
,2025-11-09 17:14:11.112206514,Красноярская,,,2025,2024,311 days 16:53:04.754065452,448853.07923442416,804.2783973516198,0.9808823529411764,Осень,4,11,0.001455211814164,0.001455211814164,0.004365635442492,62.86515037188746,0,0,,,,,,,road
,2025-11-09 20:14:42.919444800,Красноярская,,,2025,2024,311 days 19:53:36.561303738,449033.60935506225,180.53012063808274,0.9823529411764705,Осень,4,11,0.001455211814164,0.001455211814164,0.004365635442492,62.86515037188746,0,0,,,,,,,road
,2025-11-11 12:14:42.580025424,Красноярская,,,2025,2024,313 days 11:53:36.221884362,451433.60369807266,2399.9943430104177,0.9838235294117647,Осень,4,11,0.001455211814164,0.001455211814164,0.004365635442492,62.86515037188746,0,0,,,,,,,road
,2025-11-12 00:36:24.461593482,Красноярская,,,2025,2024,314 days 00:15:18.103452420,452175.301724207,741.6980261343415,0.9852941176470589,Осень,4,11,0.001455211814164,0.001455211814164,0.004365635442492,62.86515037188746,0,0,,,,,,,road
,2025-11-12 03:07:20.648821812,Красноярская,,,2025,2024,314 days 02:46:14.290680750,452326.23817801254,150.9364538055379,0.986764705882353,Осень,4,11,0.001455211814164,0.001455211814164,0.004365635442492,62.86515037188746,0,0,,,,,,,road
,2025-11-12 19:01:20.038169190,Красноярская,,,2025,2024,314 days 18:40:13.680028128,453280.2280004688,953.9898224562639,0.9882352941176471,Осень,4,11,0.001455211814164,0.001455211814164,0.004365635442492,62.86515037188746,0,0,,,,,,,road
,2025-11-12 21:12:27.529683438,Красноярская,,,2025,2024,314 days 20:51:21.171542376,453411.3528590396,131.124858570809,0.9897058823529412,Осень,4,11,0.001455211814164,0.001455211814164,0.004365635442492,62.86515037188746,0,0,,,,,,,road
,2025-11-12 21:57:27.460606092,Красноярская,,,2025,2024,314 days 21:36:21.102465030,453456.3517077506,44.99884871096583,0.9911764705882353,Осень,4,11,0.001455211814164,0.001455211814164,0.004365635442492,62.86515037188746,0,0,,,,,,,road
,2025-11-13 06:32:43.807168920,Красноярская,,,2025,2024,315 days 06:11:37.449027858,453971.62415046425,515.2724427136709,0.9926470588235294,Осень,4,11,0.001455211814164,0.001455211814164,0.004365635442492,62.86515037188746,0,0,,,,,,,road
,2025-11-13 15:46:51.318809322,Красноярская,,,2025,2024,315 days 15:25:44.960668260,454525.74934447097,554.1251940067159,0.9941176470588236,Осень,4,11,0.001455211814164,0.001455211814164,0.004365635442492,62.86515037188746,0,0,,,,,,,road
,2025-11-13 18:10:46.959716136,Красноярская,,,2025,2024,315 days 17:49:40.601575074,454669.6766929179,143.92734844691586,0.9955882352941177,Осень,4,11,0.001455211814164,0.001455211814164,0.004365635442492,62.86515037188746,0,0,,,,,,,road
,2025-11-13 23:05:05.918422464,Красноярская,,,2025,2024,315 days 22:43:59.560281402,454963.99267135665,294.31597843876807,0.9970588235294118,Осень,4,11,0.001455211814164,0.001455211814164,0.004365635442492,62.86515037188746,0,0,,,,,,,road
,2025-11-15 08:27:54.322864068,Красноярская,,,2025,2024,317 days 08:06:47.964723006,456966.79941205017,2002.8067406935152,0.9985294117647059,Осень,4,11,0.001455211814164,0.001455211814164,0.004365635442492,62.86515037188746,0,0,,,,,,,road
,2025-11-15 12:18:26.422910334,Красноярская,,,2025,2024,317 days 11:57:20.064769272,457197.3344128212,230.53500077105127,1.0,Осень,4,11,0.001455211814164,0.001455211814164,0.004365635442492,62.86515037188746,0,0,,,,,,,road
