CATEGORY,START_TIME,ROAD,DEPARTMENT,RESPONSIBILITY,YEAR,SOURCE_YEAR,DELTA_TIME,DELTA_MINUTES,TIME_DIFF,INDEX,SEASON,SEASON_INDEX,MONTH,LAMBDA_DYNAMIC,LAMBDA0,LAMBDA1,LAMBDA_MONTH,SPIKE_FLAG,TRANSITION_FLAG,FREIGHT_COUNT,FREIGHT_TIMEOUT,PASSENGER_COUNT,PASSENGER_TIMEOUT,COMMUTER_COUNT,COMMUTER_TIMEOUT,ENTITY_TYPE
,2025-01-01 02:30:21.247043010,Свердловская,,,2025,2024,0 days 00:00:00,0.0,0.0,0.0,Зима,1,1,0.0018275280156156,0.0018275280156156,0.0054825840468468,78.94921027459581,0,0,,,,,,,road
,2025-01-01 05:58:13.717106166,Свердловская,,,2025,2024,0 days 03:27:52.470063156,207.8745010526,207.8745010526,0.0013054830287206266,Зима,1,1,0.0018275280156156,0.0018275280156156,0.0054825840468468,78.94921027459581,0,0,,,,,,,road
,2025-01-01 19:12:36.326100936,Свердловская,,,2025,2024,0 days 16:42:15.079057926,1002.2513176321,794.3768165795,0.0026109660574412533,Зима,1,1,0.0018275280156156,0.0018275280156156,0.0054825840468468,78.94921027459581,0,0,,,,,,,road
,2025-01-01 22:46:16.697551614,Свердловская,,,2025,2024,0 days 20:15:55.450508604,1215.9241751434,213.67285751129987,0.0039164490861618795,Зима,1,1,0.0018275280156156,0.0018275280156156,0.0054825840468468,78.94921027459581,0,0,,,,,,,road
,2025-01-02 01:15:47.245510416,Свердловская,,,2025,2024,0 days 22:45:25.998467406,1365.4333077901,149.50913264669998,0.005221932114882507,Зима,1,1,0.0018275280156156,0.0018275280156156,0.0054825840468468,78.94921027459581,0,0,,,,,,,road
,2025-01-02 10:47:59.215932378,Свердловская,,,2025,2024,1 days 08:17:37.968889368,1937.6328148228,572.1995070327,0.006527415143603133,Зима,1,1,0.0018275280156156,0.0018275280156156,0.0054825840468468,78.94921027459581,0,0,,,,,,,road
,2025-01-02 11:13:59.242216746,Свердловская,,,2025,2024,1 days 08:43:37.995173736,1963.6332528956,26.00043807280008,0.007832898172323759,Зима,1,1,0.0018275280156156,0.0018275280156156,0.0054825840468468,78.94921027459581,0,0,,,,,,,road
,2025-01-02 12:56:20.289915924,Свердловская,,,2025,2024,1 days 10:25:59.042872914,2065.9840478819,102.35079498630012,0.009138381201044387,Зима,1,1,0.0018275280156156,0.0018275280156156,0.0054825840468468,78.94921027459581,0,0,,,,,,,road
,2025-01-02 17:43:13.696316160,Свердловская,,,2025,2024,1 days 15:12:52.449273150,2352.8741545525,286.89010667059983,0.010443864229765013,Зима,1,1,0.0018275280156156,0.0018275280156156,0.0054825840468468,78.94921027459581,0,0,,,,,,,road
,2025-01-02 21:43:40.908336414,Свердловская,,,2025,2024,1 days 19:13:19.661293404,2593.3276882234,240.45353367090001,0.01174934725848564,Зима,1,1,0.0018275280156156,0.0018275280156156,0.0054825840468468,78.94921027459581,0,0,,,,,,,road
,2025-01-03 01:37:01.200952662,Свердловская,,,2025,2024,1 days 23:06:39.953909652,2826.6658984941996,233.33821027079966,0.013054830287206266,Зима,1,1,0.0018275280156156,0.0018275280156156,0.0054825840468468,78.94921027459581,0,0,,,,,,,road
,2025-01-03 02:39:53.889012990,Свердловская,,,2025,2024,2 days 00:09:32.641969980,2889.544032833,62.878134338800464,0.014360313315926894,Зима,1,1,0.0018275280156156,0.0018275280156156,0.0054825840468468,78.94921027459581,0,0,,,,,,,road
,2025-01-03 06:44:49.165626534,Свердловская,,,2025,2024,2 days 04:14:27.918583524,3134.4653097254,244.92127689239987,0.015665796344647518,Зима,1,1,0.0018275280156156,0.0018275280156156,0.0054825840468468,78.94921027459581,0,0,,,,,,,road
,2025-01-03 21:20:01.142012130,Свердловская,,,2025,2024,2 days 18:49:39.894969120,4009.6649161520004,875.1996064266004,0.016971279373368148,Зима,1,1,0.0018275280156156,0.0018275280156156,0.0054825840468468,78.94921027459581,0,0,,,,,,,road
,2025-01-04 02:12:18.591055998,Свердловская,,,2025,2024,2 days 23:41:57.344012988,4301.9557335498,292.29081739779986,0.018276762402088774,Зима,1,1,0.0018275280156156,0.0018275280156156,0.0054825840468468,78.94921027459581,0,0,,,,,,,road
,2025-01-04 10:15:05.683424088,Свердловская,,,2025,2024,3 days 07:44:44.436381078,4784.7406063513,482.78487280149966,0.0195822454308094,Зима,1,1,0.0018275280156156,0.0018275280156156,0.0054825840468468,78.94921027459581,0,0,,,,,,,road
,2025-01-04 11:52:50.119711146,Свердловская,,,2025,2024,3 days 09:22:28.872668136,4882.4812111356005,97.74060478430056,0.020887728459530026,Зима,1,1,0.0018275280156156,0.0018275280156156,0.0054825840468468,78.94921027459581,0,0,,,,,,,road
,2025-01-04 12:32:22.517130216,Свердловская,,,2025,2024,3 days 10:02:01.270087206,4922.0211681201,39.53995698449944,0.022193211488250653,Зима,1,1,0.0018275280156156,0.0018275280156156,0.0054825840468468,78.94921027459581,0,0,,,,,,,road
,2025-01-05 07:52:21.361074402,Свердловская,,,2025,2024,4 days 05:22:00.114031392,6082.0019005232,1159.9807324030999,0.02349869451697128,Зима,1,1,0.0018275280156156,0.0018275280156156,0.0054825840468468,78.94921027459581,0,0,,,,,,,road
,2025-01-05 11:32:36.862521522,Свердловская,,,2025,2024,4 days 09:02:15.615478512,6302.2602579752,220.25835745200038,0.024804177545691905,Зима,1,1,0.0018275280156156,0.0018275280156156,0.0054825840468468,78.94921027459581,0,0,,,,,,,road
,2025-01-05 15:28:37.035185766,Свердловская,,,2025,2024,4 days 12:58:15.788142756,6538.263135712599,236.0028777373991,0.02610966057441253,Зима,1,1,0.0018275280156156,0.0018275280156156,0.0054825840468468,78.94921027459581,0,0,,,,,,,road
,2025-01-06 10:38:21.331124478,Свердловская,,,2025,2024,5 days 08:08:00.084081468,7688.0014013578,1149.738265645201,0.02741514360313316,Зима,1,1,0.0018275280156156,0.0018275280156156,0.0054825840468468,78.94921027459581,0,0,,,,,,,road
,2025-01-06 21:51:30.930220464,Свердловская,,,2025,2024,5 days 19:21:09.683177454,8361.1613862909,673.1599849330996,0.028720626631853787,Зима,1,1,0.0018275280156156,0.0018275280156156,0.0054825840468468,78.94921027459581,0,0,,,,,,,road
,2025-01-07 10:43:57.611837700,Свердловская,,,2025,2024,6 days 08:13:36.364794690,9133.6060799115,772.4446936206004,0.030026109660574413,Зима,1,1,0.0018275280156156,0.0018275280156156,0.0054825840468468,78.94921027459581,0,0,,,,,,,road
,2025-01-07 21:10:52.844314830,Свердловская,,,2025,2024,6 days 18:40:31.597271820,9760.526621197,626.920541285499,0.031331592689295036,Зима,1,1,0.0018275280156156,0.0018275280156156,0.0054825840468468,78.94921027459581,0,0,,,,,,,road
,2025-01-07 22:12:03.939087930,Свердловская,,,2025,2024,6 days 19:41:42.692044920,9821.711534082,61.18491288500081,0.03263707571801567,Зима,1,1,0.0018275280156156,0.0018275280156156,0.0054825840468468,78.94921027459581,0,0,,,,,,,road
,2025-01-09 03:06:38.496847944,Свердловская,,,2025,2024,8 days 00:36:17.249804934,11556.2874967489,1734.5759626669005,0.033942558746736295,Зима,1,1,0.0018275280156156,0.0018275280156156,0.0054825840468468,78.94921027459581,0,0,,,,,,,road
,2025-01-10 00:59:00.749836674,Свердловская,,,2025,2024,8 days 22:28:39.502793664,12868.6583798944,1312.3708831454987,0.03524804177545692,Зима,1,1,0.0018275280156156,0.0018275280156156,0.0054825840468468,78.94921027459581,0,0,,,,,,,road
,2025-01-10 03:26:27.968149728,Свердловская,,,2025,2024,9 days 00:56:06.721106718,13016.1120184453,147.4536385509,0.03655352480417755,Зима,1,1,0.0018275280156156,0.0018275280156156,0.0054825840468468,78.94921027459581,0,0,,,,,,,road
,2025-01-10 18:18:10.107736488,Свердловская,,,2025,2024,9 days 15:47:48.860693478,13907.8143448913,891.7023264460004,0.037859007832898174,Зима,1,1,0.0018275280156156,0.0018275280156156,0.0054825840468468,78.94921027459581,0,0,,,,,,,road
,2025-01-10 22:23:30.719578973,Свердловская,,,2025,2024,9 days 19:53:09.472535963,14153.157875599385,245.34353070808538,0.0391644908616188,Зима,1,1,0.0021464200258529548,0.0018275280156156,0.0054825840468468,78.94921027459581,0,1,,,,,,,road
,2025-01-11 06:08:17.654688006,Свердловская,,,2025,2024,10 days 03:37:56.407644996,14617.9401274166,464.7822518172143,0.04046997389033943,Зима,1,1,0.002477022066150675,0.0018275280156156,0.0054825840468468,78.94921027459581,0,1,,,,,,,road
,2025-01-11 06:54:04.643953374,Свердловская,,,2025,2024,10 days 04:23:43.396910364,14663.7232818394,45.78315442280109,0.04177545691906005,Зима,1,1,0.003954423253672342,0.0018275280156156,0.0054825840468468,78.94921027459581,0,1,,,,,,,road
,2025-01-11 10:08:25.062138312,Свердловская,,,2025,2024,10 days 07:38:03.815095302,14858.0635849217,194.34030308229922,0.04308093994778068,Зима,1,1,0.003979569716460171,0.0018275280156156,0.0054825840468468,78.94921027459581,0,1,,,,,,,road
,2025-01-11 10:39:47.912607996,Свердловская,,,2025,2024,10 days 08:09:26.665564986,14889.444426083099,31.380841161399076,0.044386422976501305,Зима,1,1,0.004314106801735433,0.0018275280156156,0.0054825840468468,78.94921027459581,0,1,,,,,,,road
,2025-01-11 13:31:10.391869416,Свердловская,,,2025,2024,10 days 11:00:49.144826406,15060.8190804401,171.37465435700142,0.04569190600522193,Зима,1,1,0.004482757760880871,0.0018275280156156,0.0054825840468468,78.94921027459581,0,1,,,,,,,road
,2025-01-11 14:31:46.711844904,Свердловская,,,2025,2024,10 days 12:01:25.464801894,15121.4244133649,60.60533292480068,0.04699738903394256,Зима,1,1,0.004606475013847968,0.0018275280156156,0.0054825840468468,78.94921027459581,0,1,,,,,,,road
,2025-01-11 16:38:14.510479884,Свердловская,,,2025,2024,10 days 14:07:53.263436874,15247.8877239479,126.46331058299984,0.048302872062663184,Зима,1,1,0.004762896698769554,0.0018275280156156,0.0054825840468468,78.94921027459581,0,1,,,,,,,road
,2025-01-11 20:21:30.920959302,Свердловская,,,2025,2024,10 days 17:51:09.673916292,15471.1612319382,223.27350799029955,0.04960835509138381,Зима,1,1,0.004938015516033807,0.0018275280156156,0.0054825840468468,78.94921027459581,0,1,,,,,,,road
,2025-01-12 02:43:50.951914452,Свердловская,,,2025,2024,11 days 00:13:29.704871442,15853.4950811907,382.33384925249993,0.050913838120104436,Зима,1,1,0.0054825840468468,0.0018275280156156,0.0054825840468468,78.94921027459581,1,0,,,,,,,road
,2025-01-12 03:16:48.155262114,Свердловская,,,2025,2024,11 days 00:46:26.908219104,15886.4484703184,32.953389127700575,0.05221932114882506,Зима,1,1,0.0054825840468468,0.0018275280156156,0.0054825840468468,78.94921027459581,1,0,,,,,,,road
,2025-01-12 10:04:54.178906452,Свердловская,,,2025,2024,11 days 07:34:32.931863442,16294.5488643907,408.1003940722985,0.05352480417754569,Зима,1,1,0.0054825840468468,0.0018275280156156,0.0054825840468468,78.94921027459581,1,0,,,,,,,road
,2025-01-12 11:35:04.307095008,Свердловская,,,2025,2024,11 days 09:04:43.060051998,16384.7176675333,90.16880314260015,0.05483028720626632,Зима,1,1,0.0054825840468468,0.0018275280156156,0.0054825840468468,78.94921027459581,1,0,,,,,,,road
,2025-01-12 17:13:42.420502866,Свердловская,,,2025,2024,11 days 14:43:21.173459856,16723.352890997598,338.6352234642982,0.05613577023498695,Зима,1,1,0.0054825840468468,0.0018275280156156,0.0054825840468468,78.94921027459581,1,0,,,,,,,road
,2025-01-12 19:24:46.193659020,Свердловская,,,2025,2024,11 days 16:54:24.946616010,16854.4157769335,131.06288593590216,0.057441253263707574,Зима,1,1,0.0054825840468468,0.0018275280156156,0.0054825840468468,78.94921027459581,1,0,,,,,,,road
,2025-01-13 01:26:16.850215608,Свердловская,,,2025,2024,11 days 22:55:55.603172598,17215.926719543302,361.51094260980244,0.0587467362924282,Зима,1,1,0.0054825840468468,0.0018275280156156,0.0054825840468468,78.94921027459581,1,0,,,,,,,road
,2025-01-13 04:44:34.346951388,Свердловская,,,2025,2024,12 days 02:14:13.099908378,17414.2183318063,198.29161226299766,0.06005221932114883,Зима,1,1,0.0054825840468468,0.0018275280156156,0.0054825840468468,78.94921027459581,1,0,,,,,,,road
,2025-01-13 06:54:12.429554202,Свердловская,,,2025,2024,12 days 04:23:51.182511192,17543.8530418532,129.63471004689927,0.06135770234986945,Зима,1,1,0.0054825840468468,0.0018275280156156,0.0054825840468468,78.94921027459581,1,0,,,,,,,road
,2025-01-13 08:02:33.593982576,Свердловская,,,2025,2024,12 days 05:32:12.346939566,17612.205782326102,68.35274047290295,0.06266318537859007,Зима,1,1,0.0054825840468468,0.0018275280156156,0.0054825840468468,78.94921027459581,1,0,,,,,,,road
,2025-01-13 18:35:37.577584776,Свердловская,,,2025,2024,12 days 16:05:16.330541766,18245.2721756961,633.066393369998,0.0639686684073107,Зима,1,1,0.0054825840468468,0.0018275280156156,0.0054825840468468,78.94921027459581,1,0,,,,,,,road
,2025-01-13 23:30:00.084420042,Свердловская,,,2025,2024,12 days 20:59:38.837377032,18539.6472896172,294.37511392110173,0.06527415143603134,Зима,1,1,0.0054825840468468,0.0018275280156156,0.0054825840468468,78.94921027459581,1,0,,,,,,,road
,2025-01-14 00:57:32.561506440,Свердловская,,,2025,2024,12 days 22:27:11.314463430,18627.1885743905,87.54128477329868,0.06657963446475196,Зима,1,1,0.0054825840468468,0.0018275280156156,0.0054825840468468,78.94921027459581,1,0,,,,,,,road
,2025-01-14 01:30:48.589684830,Свердловская,,,2025,2024,12 days 23:00:27.342641820,18660.455710697,33.26713630649829,0.06788511749347259,Зима,1,1,0.0054825840468468,0.0018275280156156,0.0054825840468468,78.94921027459581,1,0,,,,,,,road
,2025-01-14 06:06:35.731097916,Свердловская,,,2025,2024,13 days 03:36:14.484054906,18936.2414009151,275.7856902181011,0.06919060052219321,Зима,1,1,0.0054825840468468,0.0018275280156156,0.0054825840468468,78.94921027459581,1,0,,,,,,,road
,2025-01-14 20:05:32.737038366,Свердловская,,,2025,2024,13 days 17:35:11.489995356,19775.1914999226,838.9500990074994,0.07049608355091384,Зима,1,1,0.0054825840468468,0.0018275280156156,0.0054825840468468,78.94921027459581,1,0,,,,,,,road
,2025-01-14 21:05:12.232415226,Свердловская,,,2025,2024,13 days 18:34:50.985372216,19834.8497562036,59.65825628099992,0.07180156657963446,Зима,1,1,0.0054825840468468,0.0018275280156156,0.0054825840468468,78.94921027459581,1,0,,,,,,,road
,2025-01-15 04:36:41.389953654,Свердловская,,,2025,2024,14 days 02:06:20.142910644,20286.3357151774,451.48595897380073,0.0731070496083551,Зима,1,1,0.0054825840468468,0.0018275280156156,0.0054825840468468,78.94921027459581,1,0,,,,,,,road
,2025-01-15 05:01:07.360869336,Свердловская,,,2025,2024,14 days 02:30:46.113826326,20310.7685637721,24.432848594700772,0.07441253263707572,Зима,1,1,0.0054825840468468,0.0018275280156156,0.0054825840468468,78.94921027459581,1,0,,,,,,,road
,2025-01-15 14:15:45.761683458,Свердловская,,,2025,2024,14 days 11:45:24.514640448,20865.408577340797,554.6400135686963,0.07571801566579635,Зима,1,1,0.0054825840468468,0.0018275280156156,0.0054825840468468,78.94921027459581,1,0,,,,,,,road
,2025-01-15 18:25:14.852986410,Свердловская,,,2025,2024,14 days 15:54:53.605943400,21114.89343239,249.48485504920245,0.07702349869451697,Зима,1,1,0.0054825840468468,0.0018275280156156,0.0054825840468468,78.94921027459581,1,0,,,,,,,road
,2025-01-15 19:42:52.073070030,Свердловская,,,2025,2024,14 days 17:12:30.826027020,21192.513767117,77.62033472700205,0.0783289817232376,Зима,1,1,0.0054825840468468,0.0018275280156156,0.0054825840468468,78.94921027459581,1,0,,,,,,,road
,2025-01-15 20:49:08.086772591,Свердловская,,,2025,2024,14 days 18:18:46.839729581,21258.780662159683,66.26689504268143,0.07963446475195822,Зима,1,1,0.0054825840468468,0.0018275280156156,0.0054825840468468,78.94921027459581,1,0,,,,,,,road
,2025-01-15 23:57:13.710975138,Свердловская,,,2025,2024,14 days 21:26:52.463932128,21446.8743988688,188.09373670911737,0.08093994778067885,Зима,1,1,0.0054825840468468,0.0018275280156156,0.0054825840468468,78.94921027459581,1,0,,,,,,,road
,2025-01-16 02:41:25.148629380,Свердловская,,,2025,2024,15 days 00:11:03.901586370,21611.0650264395,164.1906275707006,0.08224543080939947,Зима,1,1,0.0054825840468468,0.0018275280156156,0.0054825840468468,78.94921027459581,1,0,,,,,,,road
,2025-01-16 10:19:41.580366492,Свердловская,,,2025,2024,15 days 07:49:20.333323482,22069.3388887247,458.27386228519754,0.0835509138381201,Зима,1,1,0.0054825840468468,0.0018275280156156,0.0054825840468468,78.94921027459581,1,0,,,,,,,road
,2025-01-16 14:44:48.025865094,Свердловская,,,2025,2024,15 days 12:14:26.778822084,22334.4463137014,265.1074249767007,0.08485639686684072,Зима,1,1,0.0054825840468468,0.0018275280156156,0.0054825840468468,78.94921027459581,1,0,,,,,,,road
,2025-01-16 17:06:34.842711186,Свердловская,,,2025,2024,15 days 14:36:13.595668176,22476.2265944696,141.78028076820192,0.08616187989556136,Зима,1,1,0.0054825840468468,0.0018275280156156,0.0054825840468468,78.94921027459581,1,0,,,,,,,road
,2025-01-17 01:05:23.018373906,Свердловская,,,2025,2024,15 days 22:35:01.771330896,22955.0295221816,478.8029277120004,0.08746736292428199,Зима,1,1,0.0054825840468468,0.0018275280156156,0.0054825840468468,78.94921027459581,1,0,,,,,,,road
,2025-01-17 03:49:13.570522020,Свердловская,,,2025,2024,16 days 01:18:52.323479010,23118.8720579835,163.8425358018976,0.08877284595300261,Зима,1,1,0.0054825840468468,0.0018275280156156,0.0054825840468468,78.94921027459581,1,0,,,,,,,road
,2025-01-17 09:34:52.197534168,Свердловская,,,2025,2024,16 days 07:04:30.950491158,23464.5158415193,345.64378353580105,0.09007832898172324,Зима,1,1,0.0054825840468468,0.0018275280156156,0.0054825840468468,78.94921027459581,1,0,,,,,,,road
,2025-01-17 15:10:12.167761182,Свердловская,,,2025,2024,16 days 12:39:50.920718172,23799.8486786362,335.3328371169009,0.09138381201044386,Зима,1,1,0.0054825840468468,0.0018275280156156,0.0054825840468468,78.94921027459581,1,0,,,,,,,road
,2025-01-17 22:49:03.507003270,Свердловская,,,2025,2024,16 days 20:18:42.259960260,24258.704332671,458.85565403479995,0.0926892950391645,Зима,1,1,0.0054825840468468,0.0018275280156156,0.0054825840468468,78.94921027459581,1,0,,,,,,,road
,2025-01-17 23:01:49.520435334,Свердловская,,,2025,2024,16 days 20:31:28.273392324,24271.4712232054,12.766890534399863,0.09399477806788512,Зима,1,1,0.0054825840468468,0.0018275280156156,0.0054825840468468,78.94921027459581,1,0,,,,,,,road
,2025-01-18 01:41:43.207805904,Свердловская,,,2025,2024,16 days 23:11:21.960762894,24431.3660127149,159.8947895095007,0.09530026109660575,Зима,1,1,0.0054825840468468,0.0018275280156156,0.0054825840468468,78.94921027459581,1,0,,,,,,,road
,2025-01-18 03:36:58.013050932,Свердловская,,,2025,2024,17 days 01:06:36.766007922,24546.6127667987,115.24675408379699,0.09660574412532637,Зима,1,1,0.0054825840468468,0.0018275280156156,0.0054825840468468,78.94921027459581,1,0,,,,,,,road
,2025-01-18 05:39:58.568756838,Свердловская,,,2025,2024,17 days 03:09:37.321713828,24669.6220285638,123.00926176510256,0.097911227154047,Зима,1,1,0.0054825840468468,0.0018275280156156,0.0054825840468468,78.94921027459581,1,0,,,,,,,road
,2025-01-18 07:32:20.140968156,Свердловская,,,2025,2024,17 days 05:01:58.893925146,24781.9815654191,112.35953685529967,0.09921671018276762,Зима,1,1,0.0054825840468468,0.0018275280156156,0.0054825840468468,78.94921027459581,1,0,,,,,,,road
,2025-01-18 13:03:43.527647046,Свердловская,,,2025,2024,17 days 10:33:22.280604036,25113.371343400602,331.38977798150154,0.10052219321148825,Зима,1,1,0.0054825840468468,0.0018275280156156,0.0054825840468468,78.94921027459581,1,0,,,,,,,road
,2025-01-18 14:13:38.927841690,Свердловская,,,2025,2024,17 days 11:43:17.680798680,25183.294679978,69.923336577398,0.10182767624020887,Зима,1,1,0.0054825840468468,0.0018275280156156,0.0054825840468468,78.94921027459581,1,0,,,,,,,road
,2025-01-18 16:06:58.208087172,Свердловская,,,2025,2024,17 days 13:36:36.961044162,25296.6160174027,113.32133742469887,0.1031331592689295,Зима,1,1,0.0054825840468468,0.0018275280156156,0.0054825840468468,78.94921027459581,1,0,,,,,,,road
,2025-01-18 16:47:49.575094308,Свердловская,,,2025,2024,17 days 14:17:28.328051298,25337.472134188298,40.856116785598715,0.10443864229765012,Зима,1,1,0.0054825840468468,0.0018275280156156,0.0054825840468468,78.94921027459581,1,0,,,,,,,road
,2025-01-18 17:40:42.971229000,Свердловская,,,2025,2024,17 days 15:10:21.724185990,25390.3620697665,52.8899355782014,0.10574412532637076,Зима,1,1,0.0054825840468468,0.0018275280156156,0.0054825840468468,78.94921027459581,1,0,,,,,,,road
,2025-01-18 20:57:42.718508364,Свердловская,,,2025,2024,17 days 18:27:21.471465354,25587.357857755902,196.99578798940274,0.10704960835509138,Зима,1,1,0.0054825840468468,0.0018275280156156,0.0054825840468468,78.94921027459581,1,0,,,,,,,road
,2025-01-18 21:20:23.655575640,Свердловская,,,2025,2024,17 days 18:50:02.408532630,25610.0401422105,22.68228445459681,0.10835509138381201,Зима,1,1,0.0054825840468468,0.0018275280156156,0.0054825840468468,78.94921027459581,1,0,,,,,,,road
,2025-01-18 21:58:20.343172542,Свердловская,,,2025,2024,17 days 19:27:59.096129532,25647.9849354922,37.944793281702005,0.10966057441253264,Зима,1,1,0.0054825840468468,0.0018275280156156,0.0054825840468468,78.94921027459581,1,0,,,,,,,road
,2025-01-19 00:15:17.448564006,Свердловская,,,2025,2024,17 days 21:44:56.201520996,25784.9366920166,136.95175652439866,0.11096605744125326,Зима,1,1,0.0054825840468468,0.0018275280156156,0.0054825840468468,78.94921027459581,1,0,,,,,,,road
,2025-01-19 00:23:27.290309562,Свердловская,,,2025,2024,17 days 21:53:06.043266552,25793.1007211092,8.164029092600686,0.1122715404699739,Зима,1,1,0.0054825840468468,0.0018275280156156,0.0054825840468468,78.94921027459581,1,0,,,,,,,road
,2025-01-19 00:48:12.751600578,Свердловская,,,2025,2024,17 days 22:17:51.504557568,25817.858409292803,24.757688183603022,0.11357702349869452,Зима,1,1,0.0054825840468468,0.0018275280156156,0.0054825840468468,78.94921027459581,1,0,,,,,,,road
,2025-01-19 06:51:14.676223242,Свердловская,,,2025,2024,18 days 04:20:53.429180232,26180.8904863372,363.03207704439774,0.11488250652741515,Зима,1,1,0.0054825840468468,0.0018275280156156,0.0054825840468468,78.94921027459581,1,0,,,,,,,road
,2025-01-19 12:32:38.697695244,Свердловская,,,2025,2024,18 days 10:02:17.450652234,26522.2908442039,341.4003578666998,0.11618798955613577,Зима,1,1,0.0054825840468468,0.0018275280156156,0.0054825840468468,78.94921027459581,1,0,,,,,,,road
,2025-01-19 13:50:35.697174150,Свердловская,,,2025,2024,18 days 11:20:14.450131140,26600.240835519,77.94999131509758,0.1174934725848564,Зима,1,1,0.0054825840468468,0.0018275280156156,0.0054825840468468,78.94921027459581,1,0,,,,,,,road
,2025-01-19 15:08:36.308288340,Свердловская,,,2025,2024,18 days 12:38:15.061245330,26678.2510207555,78.01018523650055,0.11879895561357702,Зима,1,1,0.0054825840468468,0.0018275280156156,0.0054825840468468,78.94921027459581,1,0,,,,,,,road
,2025-01-19 23:31:27.760376880,Свердловская,,,2025,2024,18 days 21:01:06.513333870,27181.1085555645,502.85753480900166,0.12010443864229765,Зима,1,1,0.0054825840468468,0.0018275280156156,0.0054825840468468,78.94921027459581,1,0,,,,,,,road
,2025-01-19 23:36:14.277320496,Свердловская,,,2025,2024,18 days 21:05:53.030277486,27185.8838379581,4.7752823935989,0.12140992167101827,Зима,1,1,0.0054825840468468,0.0018275280156156,0.0054825840468468,78.94921027459581,1,0,,,,,,,road
,2025-01-20 02:14:35.684801148,Свердловская,,,2025,2024,18 days 23:44:14.437758138,27344.240629302298,158.35679134419843,0.1227154046997389,Зима,1,1,0.0054825840468468,0.0018275280156156,0.0054825840468468,78.94921027459581,1,0,,,,,,,road
,2025-01-20 05:00:32.176389564,Свердловская,,,2025,2024,19 days 02:30:10.929346554,27510.1821557759,165.9415264736017,0.12402088772845953,Зима,1,1,0.0054825840468468,0.0018275280156156,0.0054825840468468,78.94921027459581,1,0,,,,,,,road
,2025-01-20 09:43:21.945727410,Свердловская,,,2025,2024,19 days 07:13:00.698684400,27793.01164474,282.82948896410016,0.12532637075718014,Зима,1,1,0.0054825840468468,0.0018275280156156,0.0054825840468468,78.94921027459581,1,0,,,,,,,road
,2025-01-20 18:56:16.486593282,Свердловская,,,2025,2024,19 days 16:25:55.239550272,28345.9206591712,552.9090144311995,0.12663185378590078,Зима,1,1,0.0054825840468468,0.0018275280156156,0.0054825840468468,78.94921027459581,1,0,,,,,,,road
,2025-01-20 20:16:29.423664216,Свердловская,,,2025,2024,19 days 17:46:08.176621206,28426.1362770201,80.21561784890218,0.1279373368146214,Зима,1,1,0.0054825840468468,0.0018275280156156,0.0054825840468468,78.94921027459581,1,0,,,,,,,road
,2025-01-20 22:01:32.551796664,Свердловская,,,2025,2024,19 days 19:31:11.304753654,28531.1884125609,105.05213554079819,0.12924281984334204,Зима,1,1,0.0054825840468468,0.0018275280156156,0.0054825840468468,78.94921027459581,1,0,,,,,,,road
,2025-01-21 01:24:28.618769328,Свердловская,,,2025,2024,19 days 22:54:07.371726318,28734.1228621053,202.934449544402,0.13054830287206268,Зима,1,1,0.0054825840468468,0.0018275280156156,0.0054825840468468,78.94921027459581,1,0,,,,,,,road
,2025-01-22 08:35:35.442477942,Свердловская,,,2025,2024,21 days 06:05:14.195434932,30605.236590582197,1871.1137284768956,0.13185378590078328,Зима,1,1,0.0018275280156156,0.0018275280156156,0.0054825840468468,78.94921027459581,0,0,,,,,,,road
,2025-01-23 04:47:20.348070888,Свердловская,,,2025,2024,22 days 02:16:59.101027878,31816.9850171313,1211.748426549104,0.13315926892950392,Зима,1,1,0.0018275280156156,0.0018275280156156,0.0054825840468468,78.94921027459581,0,0,,,,,,,road
,2025-01-23 14:49:07.219032726,Свердловская,,,2025,2024,22 days 12:18:45.971989716,32418.7661998286,601.7811826972975,0.13446475195822455,Зима,1,1,0.0018275280156156,0.0018275280156156,0.0054825840468468,78.94921027459581,0,0,,,,,,,road
,2025-01-24 08:32:17.632077522,Свердловская,,,2025,2024,23 days 06:01:56.385034512,33481.9397505752,1063.1735507466,0.13577023498694518,Зима,1,1,0.0018275280156156,0.0018275280156156,0.0054825840468468,78.94921027459581,0,0,,,,,,,road
,2025-01-24 09:21:01.406475966,Свердловская,,,2025,2024,23 days 06:50:40.159432956,33530.6693238826,48.72957330739882,0.1370757180156658,Зима,1,1,0.0018275280156156,0.0018275280156156,0.0054825840468468,78.94921027459581,0,0,,,,,,,road
,2025-01-24 13:40:04.124426388,Свердловская,,,2025,2024,23 days 11:09:42.877383378,33789.7146230563,259.0452991737038,0.13838120104438642,Зима,1,1,0.0018275280156156,0.0018275280156156,0.0054825840468468,78.94921027459581,0,0,,,,,,,road
,2025-01-24 13:47:16.805878319,Свердловская,,,2025,2024,23 days 11:16:55.558835309,33796.92598058849,7.211357532185502,0.13968668407310705,Зима,1,1,0.0018275280156156,0.0018275280156156,0.0054825840468468,78.94921027459581,0,0,,,,,,,road
,2025-01-24 15:34:11.144012736,Свердловская,,,2025,2024,23 days 13:03:49.896969726,33903.831616162104,106.90563557361747,0.1409921671018277,Зима,1,1,0.0018275280156156,0.0018275280156156,0.0054825840468468,78.94921027459581,0,0,,,,,,,road
,2025-01-25 00:38:57.409567812,Свердловская,,,2025,2024,23 days 22:08:36.162524802,34448.6027087467,544.7710925845968,0.1422976501305483,Зима,1,1,0.0018275280156156,0.0018275280156156,0.0054825840468468,78.94921027459581,0,0,,,,,,,road
,2025-01-25 20:25:06.292809882,Свердловская,,,2025,2024,24 days 17:54:45.045766872,35634.7507627812,1186.1480540345,0.14360313315926893,Зима,1,1,0.0018275280156156,0.0018275280156156,0.0054825840468468,78.94921027459581,0,0,,,,,,,road
,2025-01-26 05:33:16.458905940,Свердловская,,,2025,2024,25 days 03:02:55.211862930,36182.9201977155,548.1694349343015,0.14490861618798956,Зима,1,1,0.0018275280156156,0.0018275280156156,0.0054825840468468,78.94921027459581,0,0,,,,,,,road
,2025-01-26 15:30:17.148721589,Свердловская,,,2025,2024,25 days 12:59:55.901678579,36779.93169464298,597.01149692748,0.1462140992167102,Зима,1,1,0.0018275280156156,0.0018275280156156,0.0054825840468468,78.94921027459581,0,0,,,,,,,road
,2025-01-26 16:30:15.970198866,Свердловская,,,2025,2024,25 days 13:59:54.723155856,36839.9120525976,59.98035795462056,0.1475195822454308,Зима,1,1,0.0018275280156156,0.0018275280156156,0.0054825840468468,78.94921027459581,0,0,,,,,,,road
,2025-01-27 02:28:27.350669220,Свердловская,,,2025,2024,25 days 23:58:06.103626210,37438.101727103494,598.1896745058912,0.14882506527415143,Зима,1,1,0.0018275280156156,0.0018275280156156,0.0054825840468468,78.94921027459581,0,0,,,,,,,road
,2025-01-27 07:59:55.577167452,Свердловская,,,2025,2024,26 days 05:29:34.330124442,37769.5721687407,331.4704416372042,0.15013054830287206,Зима,1,1,0.0018275280156156,0.0018275280156156,0.0054825840468468,78.94921027459581,0,0,,,,,,,road
,2025-01-27 17:36:37.910567436,Свердловская,,,2025,2024,26 days 15:06:16.663524426,38346.277725407104,576.7055566664058,0.1514360313315927,Зима,1,1,0.0018275280156156,0.0018275280156156,0.0054825840468468,78.94921027459581,0,0,,,,,,,road
,2025-01-27 21:12:39.092122536,Свердловская,,,2025,2024,26 days 18:42:17.845079526,38562.2974179921,216.01969258499594,0.15274151436031333,Зима,1,1,0.0018275280156156,0.0018275280156156,0.0054825840468468,78.94921027459581,0,0,,,,,,,road
,2025-01-28 05:09:16.567727981,Свердловская,,,2025,2024,27 days 02:38:55.320684971,39038.92201141618,476.62459342407965,0.15404699738903394,Зима,1,1,0.0018275280156156,0.0018275280156156,0.0054825840468468,78.94921027459581,0,0,,,,,,,road
,2025-01-28 10:11:11.789857788,Свердловская,,,2025,2024,27 days 07:40:50.542814778,39340.8423802463,301.9203688301204,0.15535248041775457,Зима,1,1,0.0018275280156156,0.0018275280156156,0.0054825840468468,78.94921027459581,0,0,,,,,,,road
,2025-01-28 17:38:44.053619982,Свердловская,,,2025,2024,27 days 15:08:22.806576972,39788.3801096162,447.53772936989844,0.1566579634464752,Зима,1,1,0.0018275280156156,0.0018275280156156,0.0054825840468468,78.94921027459581,0,0,,,,,,,road
,2025-01-28 19:05:47.525356398,Свердловская,,,2025,2024,27 days 16:35:26.278313388,39875.437971889805,87.05786227360659,0.15796344647519583,Зима,1,1,0.0018275280156156,0.0018275280156156,0.0054825840468468,78.94921027459581,0,0,,,,,,,road
,2025-01-28 23:41:30.893490474,Свердловская,,,2025,2024,27 days 21:11:09.646447464,40151.1607741244,275.7228022345953,0.15926892950391644,Зима,1,1,0.0018275280156156,0.0018275280156156,0.0054825840468468,78.94921027459581,0,0,,,,,,,road
,2025-01-29 03:58:03.822376962,Свердловская,,,2025,2024,28 days 01:27:42.575333952,40407.7095888992,256.5488147747965,0.16057441253263707,Зима,1,1,0.0018275280156156,0.0018275280156156,0.0054825840468468,78.94921027459581,0,0,,,,,,,road
,2025-01-29 16:07:37.762209762,Свердловская,,,2025,2024,28 days 13:37:16.515166752,41137.2752527792,729.5656638800065,0.1618798955613577,Зима,1,1,0.0018275280156156,0.0018275280156156,0.0054825840468468,78.94921027459581,0,0,,,,,,,road
,2025-01-30 03:18:14.717599278,Свердловская,,,2025,2024,29 days 00:47:53.470556268,41807.8911759378,670.6159231585989,0.16318537859007834,Зима,1,1,0.0018275280156156,0.0018275280156156,0.0054825840468468,78.94921027459581,0,0,,,,,,,road
,2025-01-31 01:08:56.819109624,Свердловская,,,2025,2024,29 days 22:38:35.572066614,43118.5928677769,1310.7016918390946,0.16449086161879894,Зима,1,1,0.0018275280156156,0.0018275280156156,0.0054825840468468,78.94921027459581,0,0,,,,,,,road
,2025-01-31 10:16:02.255754162,Свердловская,,,2025,2024,30 days 07:45:41.008711152,43665.6834785192,547.0906107422998,0.16579634464751958,Зима,1,1,0.0018275280156156,0.0018275280156156,0.0054825840468468,78.94921027459581,0,0,,,,,,,road
,2025-01-31 13:42:41.809628580,Свердловская,,,2025,2024,30 days 11:12:20.562585570,43872.3427097595,206.65923124030087,0.1671018276762402,Зима,1,1,0.0018275280156156,0.0018275280156156,0.0054825840468468,78.94921027459581,0,0,,,,,,,road
,2025-02-01 03:39:17.279021154,Свердловская,,,2025,2024,31 days 01:08:56.031978144,44708.933866302395,836.5911565428978,0.16840731070496084,Зима,1,2,0.0018275280156156,0.0018275280156156,0.0054825840468468,78.94921027459581,0,0,,,,,,,road
,2025-02-01 09:55:17.603728566,Свердловская,,,2025,2024,31 days 07:24:56.356685556,45084.9392780926,376.00541179020365,0.16971279373368145,Зима,1,2,0.0018275280156156,0.0018275280156156,0.0054825840468468,78.94921027459581,0,0,,,,,,,road
,2025-02-01 11:52:57.729580536,Свердловская,,,2025,2024,31 days 09:22:36.482537526,45202.6080422921,117.66876419950131,0.17101827676240208,Зима,1,2,0.0018275280156156,0.0018275280156156,0.0054825840468468,78.94921027459581,0,0,,,,,,,road
,2025-02-02 00:25:53.293275612,Свердловская,,,2025,2024,31 days 21:55:32.046232602,45955.5341038767,752.9260615845997,0.17232375979112272,Зима,1,2,0.0018275280156156,0.0018275280156156,0.0054825840468468,78.94921027459581,0,0,,,,,,,road
,2025-02-02 01:43:41.105455740,Свердловская,,,2025,2024,31 days 23:13:19.858412730,46033.330973545504,77.79686966880399,0.17362924281984335,Зима,1,2,0.0018275280156156,0.0018275280156156,0.0054825840468468,78.94921027459581,0,0,,,,,,,road
,2025-02-02 03:31:02.640710310,Свердловская,,,2025,2024,32 days 01:00:41.393667300,46140.689894455005,107.35892090950074,0.17493472584856398,Зима,1,2,0.0018275280156156,0.0018275280156156,0.0054825840468468,78.94921027459581,0,0,,,,,,,road
,2025-02-02 16:29:06.886338480,Свердловская,,,2025,2024,32 days 13:58:45.639295470,46918.7606549245,778.070760469498,0.1762402088772846,Зима,1,2,0.0018275280156156,0.0018275280156156,0.0054825840468468,78.94921027459581,0,0,,,,,,,road
,2025-02-03 05:53:38.822860038,Свердловская,,,2025,2024,33 days 03:23:17.575817028,47723.2929302838,804.5322753592991,0.17754569190600522,Зима,1,2,0.0018275280156156,0.0018275280156156,0.0054825840468468,78.94921027459581,0,0,,,,,,,road
,2025-02-03 20:09:39.185059722,Свердловская,,,2025,2024,33 days 17:39:17.938016712,48579.2989669452,856.006036661398,0.17885117493472585,Зима,1,2,0.0018275280156156,0.0018275280156156,0.0054825840468468,78.94921027459581,0,0,,,,,,,road
,2025-02-03 23:19:37.683381858,Свердловская,,,2025,2024,33 days 20:49:16.436338848,48769.2739389808,189.9749720355976,0.1801566579634465,Зима,1,2,0.0018275280156156,0.0018275280156156,0.0054825840468468,78.94921027459581,0,0,,,,,,,road
,2025-02-04 17:41:49.937771610,Свердловская,,,2025,2024,34 days 15:11:28.690728600,49871.47817881,1102.2042398292033,0.1814621409921671,Зима,1,2,0.0018275280156156,0.0018275280156156,0.0054825840468468,78.94921027459581,0,0,,,,,,,road
,2025-02-05 05:23:37.322626710,Свердловская,,,2025,2024,35 days 02:53:16.075583700,50573.267926395005,701.7897475850041,0.18276762402088773,Зима,1,2,0.0018275280156156,0.0018275280156156,0.0054825840468468,78.94921027459581,0,0,,,,,,,road
,2025-02-05 21:46:08.140339452,Свердловская,,,2025,2024,35 days 19:15:46.893296442,51555.7815549407,982.5136285456974,0.18407310704960836,Зима,1,2,0.0018275280156156,0.0018275280156156,0.0054825840468468,78.94921027459581,0,0,,,,,,,road
,2025-02-06 09:00:51.586729890,Свердловская,,,2025,2024,36 days 06:30:30.339686880,52230.505661448,674.7241065072958,0.185378590078329,Зима,1,2,0.0018275280156156,0.0018275280156156,0.0054825840468468,78.94921027459581,0,0,,,,,,,road
,2025-02-06 16:55:01.171384464,Свердловская,,,2025,2024,36 days 14:24:39.924341454,52704.6654056909,474.1597442429047,0.1866840731070496,Зима,1,2,0.0018275280156156,0.0018275280156156,0.0054825840468468,78.94921027459581,0,0,,,,,,,road
,2025-02-06 17:58:24.801679932,Свердловская,,,2025,2024,36 days 15:28:03.554636922,52768.0592439487,63.39383825779805,0.18798955613577023,Зима,1,2,0.0018275280156156,0.0018275280156156,0.0054825840468468,78.94921027459581,0,0,,,,,,,road
,2025-02-07 05:17:31.905463745,Свердловская,,,2025,2024,37 days 02:47:10.658420735,53447.17764034558,679.1183963968797,0.18929503916449086,Зима,1,2,0.0018275280156156,0.0018275280156156,0.0054825840468468,78.94921027459581,0,0,,,,,,,road
,2025-02-07 15:59:12.123780816,Свердловская,,,2025,2024,37 days 13:28:50.876737806,54088.8479456301,641.6703052845187,0.1906005221932115,Зима,1,2,0.0018275280156156,0.0018275280156156,0.0054825840468468,78.94921027459581,0,0,,,,,,,road
,2025-02-07 19:24:13.348690722,Свердловская,,,2025,2024,37 days 16:53:52.101647712,54293.8683607952,205.0204151650978,0.1919060052219321,Зима,1,2,0.0018275280156156,0.0018275280156156,0.0054825840468468,78.94921027459581,0,0,,,,,,,road
,2025-02-08 07:32:35.782942392,Свердловская,,,2025,2024,38 days 05:02:14.535899382,55022.2422649897,728.3739041945009,0.19321148825065274,Зима,1,2,0.0018275280156156,0.0018275280156156,0.0054825840468468,78.94921027459581,0,0,,,,,,,road
,2025-02-08 14:50:04.956207132,Свердловская,,,2025,2024,38 days 12:19:43.709164122,55459.7284860687,437.48622107900155,0.19451697127937337,Зима,1,2,0.0018275280156156,0.0018275280156156,0.0054825840468468,78.94921027459581,0,0,,,,,,,road
,2025-02-08 22:18:34.486356396,Свердловская,,,2025,2024,38 days 19:48:13.239313386,55908.2206552231,448.4921691544005,0.195822454308094,Зима,1,2,0.0018275280156156,0.0018275280156156,0.0054825840468468,78.94921027459581,0,0,,,,,,,road
,2025-02-09 02:29:19.089827910,Свердловская,,,2025,2024,38 days 23:58:57.842784900,56158.96404641501,250.743391191907,0.19712793733681463,Зима,1,2,0.0018275280156156,0.0018275280156156,0.0054825840468468,78.94921027459581,0,0,,,,,,,road
,2025-02-09 03:37:16.291347767,Свердловская,,,2025,2024,39 days 01:06:55.044304757,56226.91740507928,67.95335866427195,0.19843342036553524,Зима,1,2,0.0018275280156156,0.0018275280156156,0.0054825840468468,78.94921027459581,0,0,,,,,,,road
,2025-02-09 05:51:04.552993386,Свердловская,,,2025,2024,39 days 03:20:43.305950376,56360.721765839604,133.80436076032493,0.19973890339425587,Зима,1,2,0.0018275280156156,0.0018275280156156,0.0054825840468468,78.94921027459581,0,0,,,,,,,road
,2025-02-09 19:12:29.475837858,Свердловская,,,2025,2024,39 days 16:42:08.228794848,57162.137146580804,801.4153807412004,0.2010443864229765,Зима,1,2,0.0018275280156156,0.0018275280156156,0.0054825840468468,78.94921027459581,0,0,,,,,,,road
,2025-02-09 22:05:46.714769964,Свердловская,,,2025,2024,39 days 19:35:25.467726954,57335.424462115894,173.28731553508987,0.20234986945169714,Зима,1,2,0.0018275280156156,0.0018275280156156,0.0054825840468468,78.94921027459581,0,0,,,,,,,road
,2025-02-09 22:07:00.768779382,Свердловская,,,2025,2024,39 days 19:36:39.521736372,57336.658695606195,1.2342334903005394,0.20365535248041775,Зима,1,2,0.0018275280156156,0.0018275280156156,0.0054825840468468,78.94921027459581,0,0,,,,,,,road
,2025-02-12 03:08:53.310012672,Свердловская,,,2025,2024,42 days 00:38:32.062969662,60518.5343828277,3181.8756872215017,0.20496083550913838,Зима,1,2,0.0018275280156156,0.0018275280156156,0.0054825840468468,78.94921027459581,0,0,,,,,,,road
,2025-03-01 04:38:15.668520378,Свердловская,,,2025,2024,59 days 02:07:54.421477368,85087.90702462281,24569.37264179511,0.206266318537859,Весна,2,3,0.0015346205822396,0.0015346205822396,0.0046038617467188,66.29560915275202,0,0,,,,,,,road
,2025-03-01 12:43:50.649010356,Свердловская,,,2025,2024,59 days 10:13:29.401967346,85573.4900327891,485.58300816628616,0.20757180156657964,Весна,2,3,0.0015346205822396,0.0015346205822396,0.0046038617467188,66.29560915275202,0,0,,,,,,,road
,2025-03-01 14:27:10.196977932,Свердловская,,,2025,2024,59 days 11:56:48.949934922,85676.8158322487,103.32579945960606,0.20887728459530025,Весна,2,3,0.0015346205822396,0.0015346205822396,0.0046038617467188,66.29560915275202,0,0,,,,,,,road
,2025-03-01 14:42:45.836998440,Свердловская,,,2025,2024,59 days 12:12:24.589955430,85692.40983259049,15.594000341792707,0.21018276762402088,Весна,2,3,0.0015346205822396,0.0015346205822396,0.0046038617467188,66.29560915275202,0,0,,,,,,,road
,2025-03-03 09:58:06.675382788,Свердловская,,,2025,2024,61 days 07:27:45.428339778,88287.75713899631,2595.34730640582,0.21148825065274152,Весна,2,3,0.0015346205822396,0.0015346205822396,0.0046038617467188,66.29560915275202,0,0,,,,,,,road
,2025-03-03 13:50:16.783817250,Свердловская,,,2025,2024,61 days 11:19:55.536774240,88519.925612904,232.16847390768817,0.21279373368146215,Весна,2,3,0.0015346205822396,0.0015346205822396,0.0046038617467188,66.29560915275202,0,0,,,,,,,road
,2025-03-03 17:23:20.932657458,Свердловская,,,2025,2024,61 days 14:52:59.685614448,88732.9947602408,213.06914733680605,0.21409921671018275,Весна,2,3,0.0015346205822396,0.0015346205822396,0.0046038617467188,66.29560915275202,0,0,,,,,,,road
,2025-03-05 08:42:54.905793528,Свердловская,,,2025,2024,63 days 06:12:33.658750518,91092.56097917531,2359.566218934502,0.2154046997389034,Весна,2,3,0.0015346205822396,0.0015346205822396,0.0046038617467188,66.29560915275202,0,0,,,,,,,road
,2025-03-05 22:51:51.748675860,Свердловская,,,2025,2024,63 days 20:21:30.501632850,91941.5083605475,848.9473813721852,0.21671018276762402,Весна,2,3,0.0015346205822396,0.0015346205822396,0.0046038617467188,66.29560915275202,0,0,,,,,,,road
,2025-03-06 08:25:25.264131642,Свердловская,,,2025,2024,64 days 05:55:04.017088632,92515.0669514772,573.5585909297079,0.21801566579634465,Весна,2,3,0.0015346205822396,0.0015346205822396,0.0046038617467188,66.29560915275202,0,0,,,,,,,road
,2025-03-06 21:28:29.646122670,Свердловская,,,2025,2024,64 days 18:58:08.399079660,93298.139984661,783.0730331837985,0.2193211488250653,Весна,2,3,0.0015346205822396,0.0015346205822396,0.0046038617467188,66.29560915275202,0,0,,,,,,,road
,2025-03-07 10:54:57.678347214,Свердловская,,,2025,2024,65 days 08:24:36.431304204,94104.6071884034,806.4672037424025,0.2206266318537859,Весна,2,3,0.0015346205822396,0.0015346205822396,0.0046038617467188,66.29560915275202,0,0,,,,,,,road
,2025-03-08 02:34:01.769237910,Свердловская,,,2025,2024,66 days 00:03:40.522194900,95043.675369915,939.0681815115968,0.22193211488250653,Весна,2,3,0.0015346205822396,0.0015346205822396,0.0046038617467188,66.29560915275202,0,0,,,,,,,road
,2025-03-08 03:19:21.122277864,Свердловская,,,2025,2024,66 days 00:48:59.875234854,95088.9979205809,45.32255066590733,0.22323759791122716,Весна,2,3,0.0015346205822396,0.0015346205822396,0.0046038617467188,66.29560915275202,0,0,,,,,,,road
,2025-03-08 09:06:18.384228348,Свердловская,,,2025,2024,66 days 06:35:57.137185338,95435.9522864223,346.9543658413895,0.2245430809399478,Весна,2,3,0.0015346205822396,0.0015346205822396,0.0046038617467188,66.29560915275202,0,0,,,,,,,road
,2025-03-08 12:54:12.474565488,Свердловская,,,2025,2024,66 days 10:23:51.227522478,95663.85379204131,227.901505619011,0.2258485639686684,Весна,2,3,0.0015346205822396,0.0015346205822396,0.0046038617467188,66.29560915275202,0,0,,,,,,,road
,2025-03-08 13:41:53.770544964,Свердловская,,,2025,2024,66 days 11:11:32.523501954,95711.5420583659,47.688266324592405,0.22715404699738903,Весна,2,3,0.0015346205822396,0.0015346205822396,0.0046038617467188,66.29560915275202,0,0,,,,,,,road
,2025-03-08 19:28:35.559283770,Свердловская,,,2025,2024,66 days 16:58:14.312240760,96058.238537346,346.6964789800986,0.22845953002610966,Весна,2,3,0.0015346205822396,0.0015346205822396,0.0046038617467188,66.29560915275202,0,0,,,,,,,road
,2025-03-09 05:52:34.048946640,Свердловская,,,2025,2024,67 days 03:22:12.801903630,96682.2133650605,623.9748277144972,0.2297650130548303,Весна,2,3,0.0015346205822396,0.0015346205822396,0.0046038617467188,66.29560915275202,0,0,,,,,,,road
,2025-03-09 08:00:41.441634486,Свердловская,,,2025,2024,67 days 05:30:20.194591476,96810.3365765246,128.1232114641025,0.2310704960835509,Весна,2,3,0.0015346205822396,0.0015346205822396,0.0046038617467188,66.29560915275202,0,0,,,,,,,road
,2025-03-09 11:57:48.355522512,Свердловская,,,2025,2024,67 days 09:27:27.108479502,97047.45180799169,237.11523146709078,0.23237597911227154,Весна,2,3,0.0015346205822396,0.0015346205822396,0.0046038617467188,66.29560915275202,0,0,,,,,,,road
,2025-03-09 23:02:02.530633002,Свердловская,,,2025,2024,67 days 20:31:41.283589992,97711.68805983319,664.236251841503,0.23368146214099217,Весна,2,3,0.0015346205822396,0.0015346205822396,0.0046038617467188,66.29560915275202,0,0,,,,,,,road
,2025-03-10 08:26:16.914351402,Свердловская,,,2025,2024,68 days 05:55:55.667308392,98275.9277884732,564.2397286400083,0.2349869451697128,Весна,2,3,0.0015346205822396,0.0015346205822396,0.0046038617467188,66.29560915275202,0,0,,,,,,,road
,2025-03-11 06:29:41.099325702,Свердловская,,,2025,2024,69 days 03:59:19.852282692,99599.3308713782,1323.4030829050025,0.2362924281984334,Весна,2,3,0.0015346205822396,0.0015346205822396,0.0046038617467188,66.29560915275202,0,0,,,,,,,road
,2025-03-11 23:30:28.554528030,Свердловская,,,2025,2024,69 days 21:00:07.307485020,100620.121791417,1020.7909200387949,0.23759791122715404,Весна,2,3,0.0015346205822396,0.0015346205822396,0.0046038617467188,66.29560915275202,0,0,,,,,,,road
,2025-03-13 12:06:28.290815148,Свердловская,,,2025,2024,71 days 09:36:07.043772138,102816.1173962023,2195.9956047853047,0.23890339425587467,Весна,2,3,0.0015346205822396,0.0015346205822396,0.0046038617467188,66.29560915275202,0,0,,,,,,,road
,2025-03-13 21:58:59.691089916,Свердловская,,,2025,2024,71 days 19:28:38.444046906,103408.6407341151,592.523337912804,0.2402088772845953,Весна,2,3,0.0015346205822396,0.0015346205822396,0.0046038617467188,66.29560915275202,0,0,,,,,,,road
,2025-03-14 11:00:12.920021136,Свердловская,,,2025,2024,72 days 08:29:51.672978126,104189.8612163021,781.2204821869964,0.24151436031331594,Весна,2,3,0.0015346205822396,0.0015346205822396,0.0046038617467188,66.29560915275202,0,0,,,,,,,road
,2025-03-15 08:23:44.875975974,Свердловская,,,2025,2024,73 days 05:53:23.628932964,105473.3938155494,1283.5325992472935,0.24281984334203655,Весна,2,3,0.0015346205822396,0.0015346205822396,0.0046038617467188,66.29560915275202,0,0,,,,,,,road
,2025-03-16 04:17:52.588755114,Свердловская,,,2025,2024,74 days 01:47:31.341712104,106667.5223618684,1194.1285463189997,0.24412532637075718,Весна,2,3,0.0015346205822396,0.0015346205822396,0.0046038617467188,66.29560915275202,0,0,,,,,,,road
,2025-03-16 18:04:24.410350944,Свердловская,,,2025,2024,74 days 15:34:03.163307934,107494.0527217989,826.5303599305043,0.2454308093994778,Весна,2,3,0.0015346205822396,0.0015346205822396,0.0046038617467188,66.29560915275202,0,0,,,,,,,road
,2025-03-17 01:36:24.849318090,Свердловская,,,2025,2024,74 days 23:06:03.602275080,107946.060037918,452.0073161190958,0.24673629242819844,Весна,2,3,0.0015346205822396,0.0015346205822396,0.0046038617467188,66.29560915275202,0,0,,,,,,,road
,2025-03-17 05:04:21.421977510,Свердловская,,,2025,2024,75 days 02:34:00.174934500,108154.002915575,207.94287765699846,0.24804177545691905,Весна,2,3,0.0015346205822396,0.0015346205822396,0.0046038617467188,66.29560915275202,0,0,,,,,,,road
,2025-03-18 03:51:01.881966690,Свердловская,,,2025,2024,76 days 01:20:40.634923680,109520.677248728,1366.6743331530015,0.24934725848563968,Весна,2,3,0.0015346205822396,0.0015346205822396,0.0046038617467188,66.29560915275202,0,0,,,,,,,road
,2025-03-18 20:07:50.750448102,Свердловская,,,2025,2024,76 days 17:37:29.503405092,110497.4917234182,976.8144746902108,0.2506527415143603,Весна,2,3,0.0015346205822396,0.0015346205822396,0.0046038617467188,66.29560915275202,0,0,,,,,,,road
,2025-03-19 15:53:32.168427342,Свердловская,,,2025,2024,77 days 13:23:10.921384332,111683.1820230722,1185.6902996539866,0.2519582245430809,Весна,2,3,0.0015346205822396,0.0015346205822396,0.0046038617467188,66.29560915275202,0,0,,,,,,,road
,2025-03-19 17:32:24.883969026,Свердловская,,,2025,2024,77 days 15:02:03.636926016,111782.0606154336,98.87859236140503,0.25326370757180156,Весна,2,3,0.0015346205822396,0.0015346205822396,0.0046038617467188,66.29560915275202,0,0,,,,,,,road
,2025-03-19 21:38:46.256454438,Свердловская,,,2025,2024,77 days 19:08:25.009411428,112028.4168235238,246.35620809020475,0.2545691906005222,Весна,2,3,0.0015346205822396,0.0015346205822396,0.0046038617467188,66.29560915275202,0,0,,,,,,,road
,2025-03-20 03:39:14.481586440,Свердловская,,,2025,2024,78 days 01:08:53.234543430,112388.8872423905,360.4704188666947,0.2558746736292428,Весна,2,3,0.0015346205822396,0.0015346205822396,0.0046038617467188,66.29560915275202,0,0,,,,,,,road
,2025-03-20 23:26:43.388203374,Свердловская,,,2025,2024,78 days 20:56:22.141160364,113576.3690193394,1187.4817769489018,0.25718015665796345,Весна,2,3,0.0015346205822396,0.0015346205822396,0.0046038617467188,66.29560915275202,0,0,,,,,,,road
,2025-03-21 23:42:22.287369126,Свердловская,,,2025,2024,79 days 21:12:01.040326116,115032.0173387686,1455.648319429194,0.2584856396866841,Весна,2,3,0.0015346205822396,0.0015346205822396,0.0046038617467188,66.29560915275202,0,0,,,,,,,road
,2025-03-22 03:20:52.604072784,Свердловская,,,2025,2024,80 days 00:50:31.357029774,115250.5226171629,218.50527839431015,0.2597911227154047,Весна,2,3,0.0015346205822396,0.0015346205822396,0.0046038617467188,66.29560915275202,0,0,,,,,,,road
,2025-03-22 15:56:35.277673638,Свердловская,,,2025,2024,80 days 13:26:14.030630628,116006.23384384379,755.7112266808836,0.26109660574412535,Весна,2,3,0.0015346205822396,0.0015346205822396,0.0046038617467188,66.29560915275202,0,0,,,,,,,road
,2025-03-22 16:49:22.519071234,Свердловская,,,2025,2024,80 days 14:19:01.272028224,116059.0212004704,52.7873566266062,0.26240208877284593,Весна,2,3,0.0015346205822396,0.0015346205822396,0.0046038617467188,66.29560915275202,0,0,,,,,,,road
,2025-03-22 22:32:43.431443832,Свердловская,,,2025,2024,80 days 20:02:22.184400822,116402.3697400137,343.348539543309,0.26370757180156656,Весна,2,3,0.0015346205822396,0.0015346205822396,0.0046038617467188,66.29560915275202,0,0,,,,,,,road
,2025-03-23 05:47:15.072942666,Свердловская,,,2025,2024,81 days 03:16:53.825899656,116836.8970983276,434.52735831389145,0.2650130548302872,Весна,2,3,0.0015346205822396,0.0015346205822396,0.0046038617467188,66.29560915275202,0,0,,,,,,,road
,2025-03-23 21:32:40.477639068,Свердловская,,,2025,2024,81 days 19:02:19.230596058,117782.3205099343,945.4234116067091,0.26631853785900783,Весна,2,3,0.0015346205822396,0.0015346205822396,0.0046038617467188,66.29560915275202,0,0,,,,,,,road
,2025-03-24 21:42:47.013755892,Свердловская,,,2025,2024,82 days 19:12:25.766712882,119232.4294452147,1450.1089352803974,0.26762402088772846,Весна,2,3,0.0015346205822396,0.0015346205822396,0.0046038617467188,66.29560915275202,0,0,,,,,,,road
,2025-03-25 02:10:52.067802090,Свердловская,,,2025,2024,82 days 23:40:30.820759080,119500.513679318,268.0842341032985,0.2689295039164491,Весна,2,3,0.0015346205822396,0.0015346205822396,0.0046038617467188,66.29560915275202,0,0,,,,,,,road
,2025-03-25 10:19:44.005184982,Свердловская,,,2025,2024,83 days 07:49:22.758141972,119989.3793023662,488.8656230482011,0.27023498694516973,Весна,2,3,0.0015346205822396,0.0015346205822396,0.0046038617467188,66.29560915275202,0,0,,,,,,,road
,2025-03-25 21:39:05.524716846,Свердловская,,,2025,2024,83 days 19:08:44.277673836,120668.7379612306,679.3586588643957,0.27154046997389036,Весна,2,3,0.0015346205822396,0.0015346205822396,0.0046038617467188,66.29560915275202,0,0,,,,,,,road
,2025-03-26 01:58:46.709869842,Свердловская,,,2025,2024,83 days 23:28:25.462826832,120928.4243804472,259.6864192166104,0.27284595300261094,Весна,2,3,0.0015346205822396,0.0015346205822396,0.0046038617467188,66.29560915275202,0,0,,,,,,,road
,2025-03-27 23:59:13.792498062,Свердловская,,,2025,2024,85 days 21:28:52.545455052,123688.87575758419,2760.451377136982,0.2741514360313316,Весна,2,3,0.0015346205822396,0.0015346205822396,0.0046038617467188,66.29560915275202,0,0,,,,,,,road
,2025-03-28 22:38:17.955449034,Свердловская,,,2025,2024,86 days 20:07:56.708406024,125047.94514010039,1359.0693825162016,0.2754569190600522,Весна,2,3,0.0015346205822396,0.0015346205822396,0.0046038617467188,66.29560915275202,0,0,,,,,,,road
,2025-03-29 02:27:22.693037838,Свердловская,,,2025,2024,86 days 23:57:01.445994828,125277.0240999138,229.07895981341426,0.27676240208877284,Весна,2,3,0.0015346205822396,0.0015346205822396,0.0046038617467188,66.29560915275202,0,0,,,,,,,road
,2025-03-29 10:09:29.440225302,Свердловская,,,2025,2024,87 days 07:39:08.193182292,125739.1365530382,462.1124531243986,0.2780678851174935,Весна,2,3,0.0015346205822396,0.0015346205822396,0.0046038617467188,66.29560915275202,0,0,,,,,,,road
,2025-03-29 13:00:30.884742557,Свердловская,,,2025,2024,87 days 10:30:09.637699547,125910.16062832579,171.0240752875834,0.2793733681462141,Весна,2,3,0.0015346205822396,0.0015346205822396,0.0046038617467188,66.29560915275202,0,0,,,,,,,road
,2025-03-29 20:51:22.196038812,Свердловская,,,2025,2024,87 days 18:21:00.948995802,126381.0158165967,470.85518827091437,0.28067885117493474,Весна,2,3,0.0015346205822396,0.0015346205822396,0.0046038617467188,66.29560915275202,0,0,,,,,,,road
,2025-03-30 09:20:40.636245774,Свердловская,,,2025,2024,88 days 06:50:19.389202764,127130.3231533794,749.3073367827019,0.2819843342036554,Весна,2,3,0.0015346205822396,0.0015346205822396,0.0046038617467188,66.29560915275202,0,0,,,,,,,road
,2025-03-30 10:18:55.997012664,Свердловская,,,2025,2024,88 days 07:48:34.749969654,127188.5791661609,58.256012781494064,0.283289817232376,Весна,2,3,0.0015346205822396,0.0015346205822396,0.0046038617467188,66.29560915275202,0,0,,,,,,,road
,2025-03-31 08:28:59.024585196,Свердловская,,,2025,2024,89 days 05:58:37.777542186,128518.6296257031,1330.0504595422099,0.2845953002610966,Весна,2,3,0.0015346205822396,0.0015346205822396,0.0046038617467188,66.29560915275202,0,0,,,,,,,road
,2025-03-31 18:15:57.229756050,Свердловская,,,2025,2024,89 days 15:45:35.982713040,129105.599711884,586.970086180896,0.2859007832898172,Весна,2,3,0.0015346205822396,0.0015346205822396,0.0046038617467188,66.29560915275202,0,0,,,,,,,road
,2025-04-02 19:51:25.848771888,Свердловская,,,2025,2024,91 days 17:21:04.601728878,132081.0766954813,2975.476983597284,0.28720626631853785,Весна,2,4,0.0015346205822396,0.0015346205822396,0.0046038617467188,66.29560915275202,0,0,,,,,,,road
,2025-04-02 20:08:19.441310172,Свердловская,,,2025,2024,91 days 17:37:58.194267162,132097.9699044527,16.8932089714217,0.2885117493472585,Весна,2,4,0.0015346205822396,0.0015346205822396,0.0046038617467188,66.29560915275202,0,0,,,,,,,road
,2025-04-03 14:12:50.793524220,Свердловская,,,2025,2024,92 days 11:42:29.546481210,133182.4924413535,1084.5225369007967,0.2898172323759791,Весна,2,4,0.0016420218878616683,0.0015346205822396,0.0046038617467188,66.29560915275202,0,1,,,,,,,road
,2025-04-04 01:12:17.941288494,Свердловская,,,2025,2024,92 days 22:41:56.694245484,133841.9449040914,659.4524627378851,0.29112271540469975,Весна,2,4,0.0023808229571519743,0.0015346205822396,0.0046038617467188,66.29560915275202,0,1,,,,,,,road
,2025-04-04 02:08:18.474352098,Свердловская,,,2025,2024,92 days 23:37:57.227309088,133897.9537884848,56.00888439340633,0.2924281984334204,Весна,2,4,0.0025450641487655846,0.0015346205822396,0.0046038617467188,66.29560915275202,0,1,,,,,,,road
,2025-04-04 04:45:24.626180280,Свердловская,,,2025,2024,93 days 02:15:03.379137270,134055.0563189545,157.10253046971047,0.293733681462141,Весна,2,4,0.0025997540866056117,0.0015346205822396,0.0046038617467188,66.29560915275202,0,1,,,,,,,road
,2025-04-04 17:33:17.250260718,Свердловская,,,2025,2024,93 days 15:02:56.003217708,134822.9333869618,767.8770680073067,0.2950391644908616,Весна,2,4,0.0028143210177971967,0.0015346205822396,0.0046038617467188,66.29560915275202,0,1,,,,,,,road
,2025-04-04 21:39:25.353722664,Свердловская,,,2025,2024,93 days 19:09:04.106679654,135069.0684446609,246.1350576990808,0.2963446475195822,Весна,2,4,0.0029689152659176984,0.0015346205822396,0.0046038617467188,66.29560915275202,0,1,,,,,,,road
,2025-04-04 23:56:20.482309992,Свердловская,,,2025,2024,93 days 21:25:59.235266982,135205.9872544497,136.91880978879635,0.29765013054830286,Весна,2,4,0.003746481006538717,0.0015346205822396,0.0046038617467188,66.29560915275202,0,1,,,,,,,road
,2025-04-05 08:28:45.771647802,Свердловская,,,2025,2024,94 days 05:58:24.524604792,135718.4087434132,512.4214889635041,0.2989556135770235,Весна,2,4,0.0046038617467188,0.0015346205822396,0.0046038617467188,66.29560915275202,1,0,,,,,,,road
,2025-04-05 08:50:02.865839604,Свердловская,,,2025,2024,94 days 06:19:41.618796594,135739.6936466099,21.284903196705272,0.3002610966057441,Весна,2,4,0.0046038617467188,0.0015346205822396,0.0046038617467188,66.29560915275202,1,0,,,,,,,road
,2025-04-05 11:09:13.956000078,Свердловская,,,2025,2024,94 days 08:38:52.708957068,135878.8784826178,139.1848360078875,0.30156657963446476,Весна,2,4,0.0046038617467188,0.0015346205822396,0.0046038617467188,66.29560915275202,1,0,,,,,,,road
,2025-04-05 14:58:44.504679522,Свердловская,,,2025,2024,94 days 12:28:23.257636512,136108.3876272752,229.5091446574079,0.3028720626631854,Весна,2,4,0.0046038617467188,0.0015346205822396,0.0046038617467188,66.29560915275202,1,0,,,,,,,road
,2025-04-05 18:22:27.403639554,Свердловская,,,2025,2024,94 days 15:52:06.156596544,136312.1026099424,203.71498266721028,0.304177545691906,Весна,2,4,0.0046038617467188,0.0015346205822396,0.0046038617467188,66.29560915275202,1,0,,,,,,,road
,2025-04-05 19:29:07.100395488,Свердловская,,,2025,2024,94 days 16:58:45.853352478,136378.7642225413,66.66161259889486,0.30548302872062666,Весна,2,4,0.0046038617467188,0.0015346205822396,0.0046038617467188,66.29560915275202,1,0,,,,,,,road
,2025-04-05 22:29:05.057605614,Свердловская,,,2025,2024,94 days 19:58:43.810562604,136558.7301760434,179.96595350210555,0.30678851174934724,Весна,2,4,0.0046038617467188,0.0015346205822396,0.0046038617467188,66.29560915275202,1,0,,,,,,,road
,2025-04-06 02:56:53.227083516,Свердловская,,,2025,2024,95 days 00:26:31.980040506,136826.53300067512,267.8028246317117,0.30809399477806787,Весна,2,4,0.0046038617467188,0.0015346205822396,0.0046038617467188,66.29560915275202,1,0,,,,,,,road
,2025-04-06 06:07:51.442620558,Свердловская,,,2025,2024,95 days 03:37:30.195577548,137017.5032596258,190.97025895069237,0.3093994778067885,Весна,2,4,0.0046038617467188,0.0015346205822396,0.0046038617467188,66.29560915275202,1,0,,,,,,,road
,2025-04-06 10:18:24.173056056,Свердловская,,,2025,2024,95 days 07:48:02.926013046,137268.0487668841,250.54550725829904,0.31070496083550914,Весна,2,4,0.0046038617467188,0.0015346205822396,0.0046038617467188,66.29560915275202,1,0,,,,,,,road
,2025-04-06 11:22:39.459316194,Свердловская,,,2025,2024,95 days 08:52:18.212273184,137332.30353788642,64.25477100230637,0.31201044386422977,Весна,2,4,0.0046038617467188,0.0015346205822396,0.0046038617467188,66.29560915275202,1,0,,,,,,,road
,2025-04-06 17:51:12.809947374,Свердловская,,,2025,2024,95 days 15:20:51.562904364,137720.8593817394,388.55584385298425,0.3133159268929504,Весна,2,4,0.0046038617467188,0.0015346205822396,0.0046038617467188,66.29560915275202,1,0,,,,,,,road
,2025-04-06 20:00:56.788459284,Свердловская,,,2025,2024,95 days 17:30:35.541416274,137850.5923569379,129.73297519850894,0.31462140992167104,Весна,2,4,0.0046038617467188,0.0015346205822396,0.0046038617467188,66.29560915275202,1,0,,,,,,,road
,2025-04-07 11:48:00.927486156,Свердловская,,,2025,2024,96 days 09:17:39.680443146,138797.66134071912,947.0689837812097,0.31592689295039167,Весна,2,4,0.0046038617467188,0.0015346205822396,0.0046038617467188,66.29560915275202,1,0,,,,,,,road
,2025-04-07 11:53:07.983280836,Свердловская,,,2025,2024,96 days 09:22:46.736237826,138802.7789372971,5.11759657796938,0.31723237597911225,Весна,2,4,0.0046038617467188,0.0015346205822396,0.0046038617467188,66.29560915275202,1,0,,,,,,,road
,2025-04-07 13:37:04.633553838,Свердловская,,,2025,2024,96 days 11:06:43.386510828,138906.7231085138,103.94417121671722,0.3185378590078329,Весна,2,4,0.0046038617467188,0.0015346205822396,0.0046038617467188,66.29560915275202,1,0,,,,,,,road
,2025-04-07 14:20:18.505172454,Свердловская,,,2025,2024,96 days 11:49:57.258129444,138949.9543021574,43.231193643587176,0.3198433420365535,Весна,2,4,0.0046038617467188,0.0015346205822396,0.0046038617467188,66.29560915275202,1,0,,,,,,,road
,2025-04-07 17:16:28.566185754,Свердловская,,,2025,2024,96 days 14:46:07.319142744,139126.1219857124,176.167683555017,0.32114882506527415,Весна,2,4,0.0046038617467188,0.0015346205822396,0.0046038617467188,66.29560915275202,1,0,,,,,,,road
,2025-04-07 18:17:00.252036426,Свердловская,,,2025,2024,96 days 15:46:39.004993416,139186.65008322362,60.528097511210945,0.3224543080939948,Весна,2,4,0.0046038617467188,0.0015346205822396,0.0046038617467188,66.29560915275202,1,0,,,,,,,road
,2025-04-07 23:07:30.230532492,Свердловская,,,2025,2024,96 days 20:37:08.983489482,139477.1497248247,290.49964160108357,0.3237597911227154,Весна,2,4,0.0046038617467188,0.0015346205822396,0.0046038617467188,66.29560915275202,1,0,,,,,,,road
,2025-04-08 06:51:26.877127836,Свердловская,,,2025,2024,97 days 04:21:05.630084826,139941.0938347471,463.94410992239136,0.32506527415143605,Весна,2,4,0.0046038617467188,0.0015346205822396,0.0046038617467188,66.29560915275202,1,0,,,,,,,road
,2025-04-08 07:42:53.534484210,Свердловская,,,2025,2024,97 days 05:12:32.287441200,139992.53812402,51.44428927291301,0.3263707571801567,Весна,2,4,0.0046038617467188,0.0015346205822396,0.0046038617467188,66.29560915275202,1,0,,,,,,,road
,2025-04-08 08:20:56.318947998,Свердловская,,,2025,2024,97 days 05:50:35.071904988,140030.58453174977,38.04640772976563,0.3276762402088773,Весна,2,4,0.0046038617467188,0.0015346205822396,0.0046038617467188,66.29560915275202,1,0,,,,,,,road
,2025-04-08 15:53:14.012030094,Свердловская,,,2025,2024,97 days 13:22:52.764987084,140482.87941645138,452.2948847016087,0.3289817232375979,Весна,2,4,0.0046038617467188,0.0015346205822396,0.0046038617467188,66.29560915275202,1,0,,,,,,,road
,2025-04-08 17:30:36.191557428,Свердловская,,,2025,2024,97 days 15:00:14.944514418,140580.2490752403,97.36965878892806,0.3302872062663185,Весна,2,4,0.0046038617467188,0.0015346205822396,0.0046038617467188,66.29560915275202,1,0,,,,,,,road
,2025-04-08 19:34:27.251671668,Свердловская,,,2025,2024,97 days 17:04:06.004628658,140704.1000771443,123.8510019039968,0.33159268929503916,Весна,2,4,0.0046038617467188,0.0015346205822396,0.0046038617467188,66.29560915275202,1,0,,,,,,,road
,2025-04-08 20:28:41.542499568,Свердловская,,,2025,2024,97 days 17:58:20.295456558,140758.3382576093,54.238180465006735,0.3328981723237598,Весна,2,4,0.0046038617467188,0.0015346205822396,0.0046038617467188,66.29560915275202,1,0,,,,,,,road
,2025-04-08 22:29:00.694792872,Свердловская,,,2025,2024,97 days 19:58:39.447749862,140878.6574624977,120.31920488839387,0.3342036553524804,Весна,2,4,0.0046038617467188,0.0015346205822396,0.0046038617467188,66.29560915275202,1,0,,,,,,,road
,2025-04-08 23:26:08.963652786,Свердловская,,,2025,2024,97 days 20:55:47.716609776,140935.7952768296,57.13781433188706,0.33550913838120106,Весна,2,4,0.0046038617467188,0.0015346205822396,0.0046038617467188,66.29560915275202,1,0,,,,,,,road
,2025-04-09 03:24:17.799325632,Свердловская,,,2025,2024,98 days 00:53:56.552282622,141173.9425380437,238.1472612140933,0.3368146214099217,Весна,2,4,0.0046038617467188,0.0015346205822396,0.0046038617467188,66.29560915275202,1,0,,,,,,,road
,2025-04-09 05:54:22.012284036,Свердловская,,,2025,2024,98 days 03:24:00.765241026,141324.0127540171,150.070215973421,0.3381201044386423,Весна,2,4,0.0046038617467188,0.0015346205822396,0.0046038617467188,66.29560915275202,1,0,,,,,,,road
,2025-04-09 11:31:21.396611172,Свердловская,,,2025,2024,98 days 09:01:00.149568162,141661.0024928027,336.98973878560355,0.3394255874673629,Весна,2,4,0.0046038617467188,0.0015346205822396,0.0046038617467188,66.29560915275202,1,0,,,,,,,road
,2025-04-09 12:52:48.927953184,Свердловская,,,2025,2024,98 days 10:22:27.680910174,141742.4613485029,81.45885570018436,0.34073107049608353,Весна,2,4,0.0046038617467188,0.0015346205822396,0.0046038617467188,66.29560915275202,1,0,,,,,,,road
,2025-04-09 15:25:49.051027788,Свердловская,,,2025,2024,98 days 12:55:27.803984778,141895.4633997463,153.002051243413,0.34203655352480417,Весна,2,4,0.0046038617467188,0.0015346205822396,0.0046038617467188,66.29560915275202,1,0,,,,,,,road
,2025-04-09 16:31:04.822072476,Свердловская,,,2025,2024,98 days 14:00:43.575029466,141960.7262504911,65.26285074479529,0.3433420365535248,Весна,2,4,0.0046038617467188,0.0015346205822396,0.0046038617467188,66.29560915275202,1,0,,,,,,,road
,2025-04-10 02:23:02.489899494,Свердловская,,,2025,2024,98 days 23:52:41.242856484,142552.6873809414,591.9611304503051,0.34464751958224543,Весна,2,4,0.0046038617467188,0.0015346205822396,0.0046038617467188,66.29560915275202,1,0,,,,,,,road
,2025-04-10 05:03:20.632362546,Свердловская,,,2025,2024,99 days 02:32:59.385319536,142712.9897553256,160.30237438419135,0.34595300261096606,Весна,2,4,0.0046038617467188,0.0015346205822396,0.0046038617467188,66.29560915275202,1,0,,,,,,,road
,2025-04-10 05:44:43.460866866,Свердловская,,,2025,2024,99 days 03:14:22.213823856,142754.37023039762,41.38047507201554,0.3472584856396867,Весна,2,4,0.0046038617467188,0.0015346205822396,0.0046038617467188,66.29560915275202,1,0,,,,,,,road
,2025-04-10 06:53:54.408894168,Свердловская,,,2025,2024,99 days 04:23:33.161851158,142823.5526975193,69.18246712168911,0.34856396866840733,Весна,2,4,0.0046038617467188,0.0015346205822396,0.0046038617467188,66.29560915275202,1,0,,,,,,,road
,2025-04-10 07:12:42.256442796,Свердловская,,,2025,2024,99 days 04:42:21.009399786,142842.3501566631,18.797459143796004,0.34986945169712796,Весна,2,4,0.0046038617467188,0.0015346205822396,0.0046038617467188,66.29560915275202,1,0,,,,,,,road
,2025-04-10 07:18:49.906763970,Свердловская,,,2025,2024,99 days 04:48:28.659720960,142848.477662016,6.127505352895241,0.35117493472584854,Весна,2,4,0.0046038617467188,0.0015346205822396,0.0046038617467188,66.29560915275202,1,0,,,,,,,road
,2025-04-10 10:00:57.171673902,Свердловская,,,2025,2024,99 days 07:30:35.924630892,143010.59874384818,162.12108183218515,0.3524804177545692,Весна,2,4,0.0046038617467188,0.0015346205822396,0.0046038617467188,66.29560915275202,1,0,,,,,,,road
,2025-04-10 11:30:15.704124882,Свердловская,,,2025,2024,99 days 08:59:54.457081872,143099.9076180312,89.30887418301427,0.3537859007832898,Весна,2,4,0.0046038617467188,0.0015346205822396,0.0046038617467188,66.29560915275202,1,0,,,,,,,road
,2025-04-10 23:30:57.182665782,Свердловская,,,2025,2024,99 days 21:00:35.935622772,143820.5989270462,720.6913090150047,0.35509138381201044,Весна,2,4,0.0046038617467188,0.0015346205822396,0.0046038617467188,66.29560915275202,1,0,,,,,,,road
,2025-04-11 00:11:46.452020058,Свердловская,,,2025,2024,99 days 21:41:25.204977048,143861.42008295082,40.821155904617626,0.3563968668407311,Весна,2,4,0.0046038617467188,0.0015346205822396,0.0046038617467188,66.29560915275202,1,0,,,,,,,road
,2025-04-11 05:54:50.760643326,Свердловская,,,2025,2024,100 days 03:24:29.513600316,144204.4918933386,343.07181038777344,0.3577023498694517,Весна,2,4,0.0046038617467188,0.0015346205822396,0.0046038617467188,66.29560915275202,1,0,,,,,,,road
,2025-04-11 07:17:19.939814334,Свердловская,,,2025,2024,100 days 04:46:58.692771324,144286.9782128554,82.48631951681455,0.35900783289817234,Весна,2,4,0.0046038617467188,0.0015346205822396,0.0046038617467188,66.29560915275202,1,0,,,,,,,road
,2025-04-11 08:12:17.260173114,Свердловская,,,2025,2024,100 days 05:41:56.013130104,144341.9335521684,54.95533931298996,0.360313315926893,Весна,2,4,0.0046038617467188,0.0015346205822396,0.0046038617467188,66.29560915275202,1,0,,,,,,,road
,2025-04-12 22:09:24.825178092,Свердловская,,,2025,2024,101 days 19:39:03.578135082,146619.0596355847,2277.1260834163113,0.36161879895561355,Весна,2,4,0.0015346205822396,0.0015346205822396,0.0046038617467188,66.29560915275202,0,0,,,,,,,road
,2025-04-13 15:46:36.971093430,Свердловская,,,2025,2024,102 days 13:16:15.724050420,147676.262067507,1057.2024319222837,0.3629242819843342,Весна,2,4,0.0015346205822396,0.0015346205822396,0.0046038617467188,66.29560915275202,0,0,,,,,,,road
,2025-04-14 02:35:35.524873524,Свердловская,,,2025,2024,103 days 00:05:14.277830514,148325.23796384188,648.9758963348868,0.3642297650130548,Весна,2,4,0.0015346205822396,0.0015346205822396,0.0046038617467188,66.29560915275202,0,0,,,,,,,road
,2025-04-14 15:33:54.573350544,Свердловская,,,2025,2024,103 days 13:03:33.326307534,149103.5554384589,778.3174746170116,0.36553524804177545,Весна,2,4,0.0015346205822396,0.0015346205822396,0.0046038617467188,66.29560915275202,0,0,,,,,,,road
,2025-04-16 19:11:38.415930978,Свердловская,,,2025,2024,105 days 16:41:17.168887968,152201.2861481328,3097.730709673895,0.3668407310704961,Весна,2,4,0.0015346205822396,0.0015346205822396,0.0046038617467188,66.29560915275202,0,0,,,,,,,road
,2025-04-17 04:57:44.834438604,Свердловская,,,2025,2024,106 days 02:27:23.587395594,152787.39312325988,586.1069751270988,0.3681462140992167,Весна,2,4,0.0015346205822396,0.0015346205822396,0.0046038617467188,66.29560915275202,0,0,,,,,,,road
,2025-04-17 06:07:46.825269642,Свердловская,,,2025,2024,106 days 03:37:25.578226632,152857.4263037772,70.03318051731912,0.36945169712793735,Весна,2,4,0.0015346205822396,0.0015346205822396,0.0046038617467188,66.29560915275202,0,0,,,,,,,road
,2025-04-17 06:51:28.929288852,Свердловская,,,2025,2024,106 days 04:21:07.682245842,152901.1280374307,43.70173365349183,0.370757180156658,Весна,2,4,0.0015346205822396,0.0015346205822396,0.0046038617467188,66.29560915275202,0,0,,,,,,,road
,2025-04-17 18:47:15.022281755,Свердловская,,,2025,2024,106 days 16:16:53.775238745,153616.8962539791,715.7682165484002,0.3720626631853786,Весна,2,4,0.0015346205822396,0.0015346205822396,0.0046038617467188,66.29560915275202,0,0,,,,,,,road
,2025-04-18 06:25:39.020756436,Свердловская,,,2025,2024,107 days 03:55:17.773713426,154315.2962285571,698.399974578002,0.3733681462140992,Весна,2,4,0.0015346205822396,0.0015346205822396,0.0046038617467188,66.29560915275202,0,0,,,,,,,road
,2025-04-18 21:24:15.256470708,Свердловская,,,2025,2024,107 days 18:53:54.009427698,155213.90015712832,898.6039285712177,0.37467362924281983,Весна,2,4,0.0015346205822396,0.0015346205822396,0.0046038617467188,66.29560915275202,0,0,,,,,,,road
,2025-04-18 22:39:17.836912722,Свердловская,,,2025,2024,107 days 20:08:56.589869712,155288.9431644952,75.0430073668831,0.37597911227154046,Весна,2,4,0.0015346205822396,0.0015346205822396,0.0046038617467188,66.29560915275202,0,0,,,,,,,road
,2025-04-20 06:08:08.006519916,Свердловская,,,2025,2024,109 days 03:37:46.759476906,157177.77932461508,1888.8361601198849,0.3772845953002611,Весна,2,4,0.0015346205822396,0.0015346205822396,0.0046038617467188,66.29560915275202,0,0,,,,,,,road
,2025-04-20 14:50:08.527476450,Свердловская,,,2025,2024,109 days 12:19:47.280433440,157699.788007224,522.0086826089246,0.3785900783289817,Весна,2,4,0.0015346205822396,0.0015346205822396,0.0046038617467188,66.29560915275202,0,0,,,,,,,road
,2025-04-21 02:13:24.445388124,Свердловская,,,2025,2024,109 days 23:43:03.198345114,158383.0533057519,683.2652985278983,0.37989556135770236,Весна,2,4,0.0015346205822396,0.0015346205822396,0.0046038617467188,66.29560915275202,0,0,,,,,,,road
,2025-04-21 02:36:31.402626671,Свердловская,,,2025,2024,110 days 00:06:10.155583661,158406.16925972764,23.115953975735465,0.381201044386423,Весна,2,4,0.0015346205822396,0.0015346205822396,0.0046038617467188,66.29560915275202,0,0,,,,,,,road
,2025-04-22 13:50:05.784862800,Свердловская,,,2025,2024,111 days 11:19:44.537819790,160519.7422969965,2113.573037268856,0.3825065274151436,Весна,2,4,0.0015346205822396,0.0015346205822396,0.0046038617467188,66.29560915275202,0,0,,,,,,,road
,2025-04-22 22:48:55.151930364,Свердловская,,,2025,2024,111 days 20:18:33.904887354,161058.5650814559,538.822784459393,0.3838120104438642,Весна,2,4,0.0015346205822396,0.0015346205822396,0.0046038617467188,66.29560915275202,0,0,,,,,,,road
,2025-04-23 07:48:53.519099490,Свердловская,,,2025,2024,112 days 05:18:32.272056480,161598.537867608,539.9727861521242,0.38511749347258484,Весна,2,4,0.0015346205822396,0.0015346205822396,0.0046038617467188,66.29560915275202,0,0,,,,,,,road
,2025-04-24 15:01:59.376633378,Свердловская,,,2025,2024,113 days 12:31:38.129590368,163471.6354931728,1873.0976255647838,0.38642297650130547,Весна,2,4,0.0015346205822396,0.0015346205822396,0.0046038617467188,66.29560915275202,0,0,,,,,,,road
,2025-04-25 19:48:48.818182086,Свердловская,,,2025,2024,114 days 17:18:27.571139076,165198.4595189846,1726.8240258118021,0.3877284595300261,Весна,2,4,0.0015346205822396,0.0015346205822396,0.0046038617467188,66.29560915275202,0,0,,,,,,,road
,2025-04-25 22:30:58.033813272,Свердловская,,,2025,2024,114 days 20:00:36.786770262,165360.6131128377,162.15359385308693,0.38903394255874674,Весна,2,4,0.0015346205822396,0.0015346205822396,0.0046038617467188,66.29560915275202,0,0,,,,,,,road
,2025-04-27 03:34:07.351855536,Свердловская,,,2025,2024,116 days 01:03:46.104812526,167103.7684135421,1743.155300704413,0.39033942558746737,Весна,2,4,0.0015346205822396,0.0015346205822396,0.0046038617467188,66.29560915275202,0,0,,,,,,,road
,2025-04-27 18:03:29.912438844,Свердловская,,,2025,2024,116 days 15:33:08.665395834,167973.1444232639,869.3760097218037,0.391644908616188,Весна,2,4,0.0015346205822396,0.0015346205822396,0.0046038617467188,66.29560915275202,0,0,,,,,,,road
,2025-04-27 18:15:55.958570766,Свердловская,,,2025,2024,116 days 15:45:34.711527756,167985.5785254626,12.434102198691107,0.39295039164490864,Весна,2,4,0.0015346205822396,0.0015346205822396,0.0046038617467188,66.29560915275202,0,0,,,,,,,road
,2025-04-27 21:14:37.715606892,Свердловская,,,2025,2024,116 days 18:44:16.468563882,168164.27447606472,178.69595060212305,0.39425587467362927,Весна,2,4,0.0015346205822396,0.0015346205822396,0.0046038617467188,66.29560915275202,0,0,,,,,,,road
,2025-04-28 03:01:44.881963032,Свердловская,,,2025,2024,117 days 00:31:23.634920022,168511.3939153337,347.1194392689795,0.39556135770234985,Весна,2,4,0.0015346205822396,0.0015346205822396,0.0046038617467188,66.29560915275202,0,0,,,,,,,road
,2025-04-28 12:31:25.710439098,Свердловская,,,2025,2024,117 days 10:01:04.463396088,169081.0743899348,569.6804746011039,0.3968668407310705,Весна,2,4,0.0015346205822396,0.0015346205822396,0.0046038617467188,66.29560915275202,0,0,,,,,,,road
,2025-04-29 01:38:51.854755314,Свердловская,,,2025,2024,117 days 23:08:30.607712304,169868.51012853842,787.4357386036136,0.3981723237597911,Весна,2,4,0.0015346205822396,0.0015346205822396,0.0046038617467188,66.29560915275202,0,0,,,,,,,road
,2025-04-29 04:12:38.448997038,Свердловская,,,2025,2024,118 days 01:42:17.201954028,170022.28669923378,153.77657069536508,0.39947780678851175,Весна,2,4,0.0015346205822396,0.0015346205822396,0.0046038617467188,66.29560915275202,0,0,,,,,,,road
,2025-04-29 23:53:29.946073524,Свердловская,,,2025,2024,118 days 21:23:08.699030514,171203.14498384192,1180.8582846081408,0.4007832898172324,Весна,2,4,0.0015346205822396,0.0015346205822396,0.0046038617467188,66.29560915275202,0,0,,,,,,,road
,2025-04-30 20:11:21.656116362,Свердловская,,,2025,2024,119 days 17:41:00.409073352,172421.00681788923,1217.861834047304,0.402088772845953,Весна,2,4,0.0015346205822396,0.0015346205822396,0.0046038617467188,66.29560915275202,0,0,,,,,,,road
,2025-05-01 07:08:06.367697832,Свердловская,,,2025,2024,120 days 04:37:45.120654822,173077.75201091368,656.745193024457,0.40339425587467365,Весна,2,5,0.0015346205822396,0.0015346205822396,0.0046038617467188,66.29560915275202,0,0,,,,,,,road
,2025-05-02 10:42:54.631014102,Свердловская,,,2025,2024,121 days 08:12:33.383971092,174732.5563995182,1654.8043886045052,0.4046997389033943,Весна,2,5,0.0015346205822396,0.0015346205822396,0.0046038617467188,66.29560915275202,0,0,,,,,,,road
,2025-05-03 04:55:23.837591958,Свердловская,,,2025,2024,122 days 02:25:02.590548948,175825.04317581578,1092.4867762975919,0.40600522193211486,Весна,2,5,0.0015346205822396,0.0015346205822396,0.0046038617467188,66.29560915275202,0,0,,,,,,,road
,2025-05-03 07:38:39.554380110,Свердловская,,,2025,2024,122 days 05:08:18.307337100,175988.305122285,163.26194646922522,0.4073107049608355,Весна,2,5,0.0015346205822396,0.0015346205822396,0.0046038617467188,66.29560915275202,0,0,,,,,,,road
,2025-05-04 01:03:06.928323768,Свердловская,,,2025,2024,122 days 22:32:45.681280758,177032.7613546793,1044.4562323942955,0.4086161879895561,Весна,2,5,0.0015346205822396,0.0015346205822396,0.0046038617467188,66.29560915275202,0,0,,,,,,,road
,2025-05-05 10:18:20.551232874,Свердловская,,,2025,2024,124 days 07:47:59.304189864,179027.9884031644,1995.2270484851033,0.40992167101827676,Весна,2,5,0.0015346205822396,0.0015346205822396,0.0046038617467188,66.29560915275202,0,0,,,,,,,road
,2025-05-05 11:54:48.700677996,Свердловская,,,2025,2024,124 days 09:24:27.453634986,179124.4575605831,96.4691574187018,0.4112271540469974,Весна,2,5,0.0015346205822396,0.0015346205822396,0.0046038617467188,66.29560915275202,0,0,,,,,,,road
,2025-05-07 05:42:53.411367648,Свердловская,,,2025,2024,126 days 03:12:32.164324638,181632.5360720773,2508.0785114941827,0.412532637075718,Весна,2,5,0.0015346205822396,0.0015346205822396,0.0046038617467188,66.29560915275202,0,0,,,,,,,road
,2025-05-07 05:59:22.988350116,Свердловская,,,2025,2024,126 days 03:29:01.741307106,181649.0290217851,16.49294970781193,0.41383812010443866,Весна,2,5,0.0015346205822396,0.0015346205822396,0.0046038617467188,66.29560915275202,0,0,,,,,,,road
,2025-05-07 14:00:36.359425356,Свердловская,,,2025,2024,126 days 11:30:15.112382346,182130.25187303912,481.22285125401686,0.4151436031331593,Весна,2,5,0.0015346205822396,0.0015346205822396,0.0046038617467188,66.29560915275202,0,0,,,,,,,road
,2025-05-08 06:09:24.638387196,Свердловская,,,2025,2024,127 days 03:39:03.391344186,183099.0565224031,968.8046493639704,0.4164490861618799,Весна,2,5,0.0015346205822396,0.0015346205822396,0.0046038617467188,66.29560915275202,0,0,,,,,,,road
,2025-05-08 23:07:43.889163720,Свердловская,,,2025,2024,127 days 20:37:22.642120710,184117.37736867848,1018.3208462753973,0.4177545691906005,Весна,2,5,0.0015346205822396,0.0015346205822396,0.0046038617467188,66.29560915275202,0,0,,,,,,,road
,2025-05-09 13:32:18.234246846,Свердловская,,,2025,2024,128 days 11:01:56.987203836,184981.9497867306,864.5724180521211,0.41906005221932113,Весна,2,5,0.0015346205822396,0.0015346205822396,0.0046038617467188,66.29560915275202,0,0,,,,,,,road
,2025-05-09 21:43:23.894479722,Свердловская,,,2025,2024,128 days 19:13:02.647436712,185473.0441239452,491.09433721459936,0.42036553524804177,Весна,2,5,0.0015346205822396,0.0015346205822396,0.0046038617467188,66.29560915275202,0,0,,,,,,,road
,2025-05-10 09:09:17.303152656,Свердловская,,,2025,2024,129 days 06:38:56.056109646,186158.9342684941,685.8901445489028,0.4216710182767624,Весна,2,5,0.0015346205822396,0.0015346205822396,0.0046038617467188,66.29560915275202,0,0,,,,,,,road
,2025-05-10 22:13:40.927711548,Свердловская,,,2025,2024,129 days 19:43:19.680668538,186943.3280111423,784.3937426481862,0.42297650130548303,Весна,2,5,0.0015346205822396,0.0015346205822396,0.0046038617467188,66.29560915275202,0,0,,,,,,,road
,2025-05-11 05:38:16.635556703,Свердловская,,,2025,2024,130 days 03:07:55.388513693,187387.92314189486,444.59513075256837,0.42428198433420367,Весна,2,5,0.0015346205822396,0.0015346205822396,0.0046038617467188,66.29560915275202,0,0,,,,,,,road
,2025-05-11 15:28:21.905791236,Свердловская,,,2025,2024,130 days 12:58:00.658748226,187978.0109791371,590.0878372422303,0.4255874673629243,Весна,2,5,0.0015346205822396,0.0015346205822396,0.0046038617467188,66.29560915275202,0,0,,,,,,,road
,2025-05-12 11:48:59.376327120,Свердловская,,,2025,2024,131 days 09:18:38.129284110,189198.6354880685,1220.624508931418,0.42689295039164493,Весна,2,5,0.0015346205822396,0.0015346205822396,0.0046038617467188,66.29560915275202,0,0,,,,,,,road
,2025-05-12 15:53:30.556003422,Свердловская,,,2025,2024,131 days 13:23:09.308960412,189443.1551493402,244.5196612716827,0.4281984334203655,Весна,2,5,0.0015346205822396,0.0015346205822396,0.0046038617467188,66.29560915275202,0,0,,,,,,,road
,2025-05-12 23:56:09.040264872,Свердловская,,,2025,2024,131 days 21:25:47.793221862,189925.7965536977,482.64140435750596,0.42950391644908614,Весна,2,5,0.0015346205822396,0.0015346205822396,0.0046038617467188,66.29560915275202,0,0,,,,,,,road
,2025-05-13 00:01:41.990774196,Свердловская,,,2025,2024,131 days 21:31:20.743731186,189931.3457288531,5.5491751554072835,0.4308093994778068,Весна,2,5,0.0015346205822396,0.0015346205822396,0.0046038617467188,66.29560915275202,0,0,,,,,,,road
,2025-05-13 12:39:30.453399731,Свердловская,,,2025,2024,132 days 10:09:09.206356721,190689.15343927866,757.8077104255499,0.4321148825065274,Весна,2,5,0.0015346205822396,0.0015346205822396,0.0046038617467188,66.29560915275202,0,0,,,,,,,road
,2025-05-13 15:01:09.959666880,Свердловская,,,2025,2024,132 days 12:30:48.712623870,190830.8118770645,141.65843778583803,0.43342036553524804,Весна,2,5,0.0015346205822396,0.0015346205822396,0.0046038617467188,66.29560915275202,0,0,,,,,,,road
,2025-05-13 22:08:32.277476622,Свердловская,,,2025,2024,132 days 19:38:11.030433612,191258.1838405602,427.37196349570877,0.4347258485639687,Весна,2,5,0.0015346205822396,0.0015346205822396,0.0046038617467188,66.29560915275202,0,0,,,,,,,road
,2025-05-14 00:42:18.615404358,Свердловская,,,2025,2024,132 days 22:11:57.368361348,191411.9561393558,153.77229879560764,0.4360313315926893,Весна,2,5,0.0015346205822396,0.0015346205822396,0.0046038617467188,66.29560915275202,0,0,,,,,,,road
,2025-05-14 00:57:49.727190888,Свердловская,,,2025,2024,132 days 22:27:28.480147878,191427.4746691313,15.518529775494244,0.43733681462140994,Весна,2,5,0.0015346205822396,0.0015346205822396,0.0046038617467188,66.29560915275202,0,0,,,,,,,road
,2025-05-14 08:07:59.589335130,Свердловская,,,2025,2024,133 days 05:37:38.342292120,191857.639038202,430.16436907069874,0.4386422976501306,Весна,2,5,0.0015346205822396,0.0015346205822396,0.0046038617467188,66.29560915275202,0,0,,,,,,,road
,2025-05-14 14:08:24.318208464,Свердловская,,,2025,2024,133 days 11:38:03.071165454,192218.0511860909,360.41214788888465,0.43994778067885115,Весна,2,5,0.0015346205822396,0.0015346205822396,0.0046038617467188,66.29560915275202,0,0,,,,,,,road
,2025-05-14 20:09:10.527125178,Свердловская,,,2025,2024,133 days 17:38:49.280082168,192578.8213347028,360.77014861191856,0.4412532637075718,Весна,2,5,0.0015346205822396,0.0015346205822396,0.0046038617467188,66.29560915275202,0,0,,,,,,,road
,2025-05-14 22:41:47.668126674,Свердловская,,,2025,2024,133 days 20:11:26.421083664,192731.4403513944,152.6190166916058,0.4425587467362924,Весна,2,5,0.0015346205822396,0.0015346205822396,0.0046038617467188,66.29560915275202,0,0,,,,,,,road
,2025-05-16 06:38:26.686899300,Свердловская,,,2025,2024,135 days 04:08:05.439856290,194648.09066427153,1916.6503128771146,0.44386422976501305,Весна,2,5,0.0015346205822396,0.0015346205822396,0.0046038617467188,66.29560915275202,0,0,,,,,,,road
,2025-05-16 06:40:44.049176034,Свердловская,,,2025,2024,135 days 04:10:22.802133024,194650.3800355504,2.2893712788645644,0.4451697127937337,Весна,2,5,0.0015346205822396,0.0015346205822396,0.0046038617467188,66.29560915275202,0,0,,,,,,,road
,2025-05-17 06:48:16.426113594,Свердловская,,,2025,2024,136 days 04:17:55.179070584,196097.9196511764,1447.5396156260103,0.4464751958224543,Весна,2,5,0.0015346205822396,0.0015346205822396,0.0046038617467188,66.29560915275202,0,0,,,,,,,road
,2025-05-17 21:18:20.667968040,Свердловская,,,2025,2024,136 days 18:47:59.420925030,196967.99034875052,870.0706975741195,0.44778067885117495,Весна,2,5,0.0015346205822396,0.0015346205822396,0.0046038617467188,66.29560915275202,0,0,,,,,,,road
,2025-05-17 23:21:23.435836038,Свердловская,,,2025,2024,136 days 20:51:02.188793028,197091.0364798838,123.0461311332765,0.4490861618798956,Весна,2,5,0.0015346205822396,0.0015346205822396,0.0046038617467188,66.29560915275202,0,0,,,,,,,road
,2025-05-18 06:17:47.696279976,Свердловская,,,2025,2024,137 days 03:47:26.449236966,197507.44082061612,416.4043407323188,0.45039164490861616,Весна,2,5,0.0015346205822396,0.0015346205822396,0.0046038617467188,66.29560915275202,0,0,,,,,,,road
,2025-05-20 07:07:43.191660330,Свердловская,,,2025,2024,139 days 04:37:21.944617320,200437.365743622,2929.924923005892,0.4516971279373368,Весна,2,5,0.0015346205822396,0.0015346205822396,0.0046038617467188,66.29560915275202,0,0,,,,,,,road
,2025-05-20 18:20:11.038035036,Свердловская,,,2025,2024,139 days 15:49:49.790992026,201109.8298498671,672.4641062450828,0.45300261096605743,Весна,2,5,0.0015346205822396,0.0015346205822396,0.0046038617467188,66.29560915275202,0,0,,,,,,,road
,2025-05-20 19:48:58.140214326,Свердловская,,,2025,2024,139 days 17:18:36.893171316,201198.6148861886,88.78503632149659,0.45430809399477806,Весна,2,5,0.0015346205822396,0.0015346205822396,0.0046038617467188,66.29560915275202,0,0,,,,,,,road
,2025-05-21 02:27:39.209427144,Свердловская,,,2025,2024,139 days 23:57:17.962384134,201597.2993730689,398.6844868803164,0.4556135770234987,Весна,2,5,0.0015346205822396,0.0015346205822396,0.0046038617467188,66.29560915275202,0,0,,,,,,,road
,2025-05-21 09:19:09.102042162,Свердловская,,,2025,2024,140 days 06:48:47.854999152,202008.7975833192,411.4982102502836,0.45691906005221933,Весна,2,5,0.0015346205822396,0.0015346205822396,0.0046038617467188,66.29560915275202,0,0,,,,,,,road
,2025-05-22 02:55:19.258142844,Свердловская,,,2025,2024,141 days 00:24:58.011099834,203064.9668516639,1056.1692683447036,0.45822454308093996,Весна,2,5,0.0015346205822396,0.0015346205822396,0.0046038617467188,66.29560915275202,0,0,,,,,,,road
,2025-05-23 05:50:37.548003066,Свердловская,,,2025,2024,142 days 03:20:16.300960056,204680.2716826676,1615.304831003712,0.4595300261096606,Весна,2,5,0.0015346205822396,0.0015346205822396,0.0046038617467188,66.29560915275202,0,0,,,,,,,road
,2025-05-23 06:46:32.945800841,Свердловская,,,2025,2024,142 days 04:16:11.698757831,204736.1949792972,55.923296629596734,0.4608355091383812,Весна,2,5,0.0015346205822396,0.0015346205822396,0.0046038617467188,66.29560915275202,0,0,,,,,,,road
,2025-05-23 10:52:10.087134186,Свердловская,,,2025,2024,142 days 08:21:48.840091176,204981.8140015196,245.61902222241042,0.4621409921671018,Весна,2,5,0.0015346205822396,0.0015346205822396,0.0046038617467188,66.29560915275202,0,0,,,,,,,road
,2025-05-23 14:43:08.086418291,Свердловская,,,2025,2024,142 days 12:12:46.839375281,205212.78065625468,230.96665473506437,0.46344647519582244,Весна,2,5,0.0015346205822396,0.0015346205822396,0.0046038617467188,66.29560915275202,0,0,,,,,,,road
,2025-05-26 02:48:57.267683040,Свердловская,,,2025,2024,145 days 00:18:36.020640030,208818.6003440005,3605.819687745825,0.46475195822454307,Весна,2,5,0.0015346205822396,0.0015346205822396,0.0046038617467188,66.29560915275202,0,0,,,,,,,road
,2025-06-01 08:59:59.253379164,Свердловская,,,2025,2024,151 days 06:29:38.006336154,217829.6334389359,9011.03309493541,0.4660574412532637,Лето,3,6,0.0016136485882468,0.0016136485882468,0.0048409457647404005,69.70961901226525,0,0,,,,,,,road
,2025-06-01 11:38:50.694398832,Свердловская,,,2025,2024,151 days 09:08:29.447355822,217988.49078926368,158.85735032777302,0.46736292428198434,Лето,3,6,0.0016136485882468,0.0016136485882468,0.0048409457647404005,69.70961901226525,0,0,,,,,,,road
,2025-06-01 12:05:02.305699308,Свердловская,,,2025,2024,151 days 09:34:41.058656298,218014.6843109383,26.193521674606018,0.46866840731070497,Лето,3,6,0.0016136485882468,0.0016136485882468,0.0048409457647404005,69.70961901226525,0,0,,,,,,,road
,2025-06-01 14:03:16.701539826,Свердловская,,,2025,2024,151 days 11:32:55.454496816,218132.9242416136,118.23993067530682,0.4699738903394256,Лето,3,6,0.0016136485882468,0.0016136485882468,0.0048409457647404005,69.70961901226525,0,0,,,,,,,road
,2025-06-01 14:32:35.454701274,Свердловская,,,2025,2024,151 days 12:02:14.207658264,218162.23679430442,29.312552690826124,0.47127937336814624,Лето,3,6,0.0016136485882468,0.0016136485882468,0.0048409457647404005,69.70961901226525,0,0,,,,,,,road
,2025-06-01 21:04:24.200855730,Свердловская,,,2025,2024,151 days 18:34:02.953812720,218554.049230212,391.8124359075737,0.4725848563968668,Лето,3,6,0.0016136485882468,0.0016136485882468,0.0048409457647404005,69.70961901226525,0,0,,,,,,,road
,2025-06-02 06:11:52.619882148,Свердловская,,,2025,2024,152 days 03:41:31.372839138,219101.5228806523,547.4736504403118,0.47389033942558745,Лето,3,6,0.0016136485882468,0.0016136485882468,0.0048409457647404005,69.70961901226525,0,0,,,,,,,road
,2025-06-02 06:40:12.019614762,Свердловская,,,2025,2024,152 days 04:09:50.772571752,219129.8462095292,28.323328876896994,0.4751958224543081,Лето,3,6,0.0016136485882468,0.0016136485882468,0.0048409457647404005,69.70961901226525,0,0,,,,,,,road
,2025-06-02 07:38:58.465250838,Свердловская,,,2025,2024,152 days 05:08:37.218207828,219188.6203034638,58.77409393459675,0.4765013054830287,Лето,3,6,0.0016136485882468,0.0016136485882468,0.0048409457647404005,69.70961901226525,0,0,,,,,,,road
,2025-06-02 14:30:50.476504332,Свердловская,,,2025,2024,152 days 12:00:29.229461322,219600.48715768868,411.8668542248779,0.47780678851174935,Лето,3,6,0.0016136485882468,0.0016136485882468,0.0048409457647404005,69.70961901226525,0,0,,,,,,,road
,2025-06-03 07:05:41.761283904,Свердловская,,,2025,2024,153 days 04:35:20.514240894,220595.3419040149,994.8547463262221,0.47911227154047,Лето,3,6,0.0016136485882468,0.0016136485882468,0.0048409457647404005,69.70961901226525,0,0,,,,,,,road
,2025-06-03 17:18:31.332058638,Свердловская,,,2025,2024,153 days 14:48:10.085015628,221208.1680835938,612.8261795789003,0.4804177545691906,Лето,3,6,0.0016136485882468,0.0016136485882468,0.0048409457647404005,69.70961901226525,0,0,,,,,,,road
,2025-06-03 18:27:04.042998191,Свердловская,,,2025,2024,153 days 15:56:42.795955181,221276.71326591965,68.54518232584815,0.48172323759791125,Лето,3,6,0.0016136485882468,0.0016136485882468,0.0048409457647404005,69.70961901226525,0,0,,,,,,,road
,2025-06-04 17:01:15.112581192,Свердловская,,,2025,2024,154 days 14:30:53.865538182,222630.8977589697,1354.1844930500374,0.4830287206266319,Лето,3,6,0.0016136485882468,0.0016136485882468,0.0048409457647404005,69.70961901226525,0,0,,,,,,,road
,2025-06-05 18:47:02.218896678,Свердловская,,,2025,2024,155 days 16:16:40.971853668,224176.6828642278,1545.78510525811,0.48433420365535246,Лето,3,6,0.0016136485882468,0.0016136485882468,0.0048409457647404005,69.70961901226525,0,0,,,,,,,road
,2025-06-05 22:50:34.271394684,Свердловская,,,2025,2024,155 days 20:20:13.024351674,224420.21707252788,243.5342083000869,0.4856396866840731,Лето,3,6,0.0016136485882468,0.0016136485882468,0.0048409457647404005,69.70961901226525,0,0,,,,,,,road
,2025-06-06 08:43:44.141486490,Свердловская,,,2025,2024,156 days 06:13:22.894443480,225013.381574058,593.1645015301183,0.4869451697127937,Лето,3,6,0.0016136485882468,0.0016136485882468,0.0048409457647404005,69.70961901226525,0,0,,,,,,,road
,2025-06-06 15:43:51.043666656,Свердловская,,,2025,2024,156 days 13:13:29.796623646,225433.4966103941,420.1150363360939,0.48825065274151436,Лето,3,6,0.0016136485882468,0.0016136485882468,0.0048409457647404005,69.70961901226525,0,0,,,,,,,road
,2025-06-07 21:08:37.375193826,Свердловская,,,2025,2024,157 days 18:38:16.128150816,227198.26880251357,1764.7721921194752,0.489556135770235,Лето,3,6,0.0016136485882468,0.0016136485882468,0.0048409457647404005,69.70961901226525,0,0,,,,,,,road
,2025-06-08 04:29:06.889077444,Свердловская,,,2025,2024,158 days 01:58:45.642034434,227638.76070057388,440.49189806031063,0.4908616187989556,Лето,3,6,0.0016136485882468,0.0016136485882468,0.0048409457647404005,69.70961901226525,0,0,,,,,,,road
,2025-06-09 13:43:21.994511934,Свердловская,,,2025,2024,159 days 11:13:00.747468924,229633.0124578154,1994.2517572415236,0.49216710182767626,Лето,3,6,0.0016136485882468,0.0016136485882468,0.0048409457647404005,69.70961901226525,0,0,,,,,,,road
,2025-06-09 16:01:08.555593397,Свердловская,,,2025,2024,159 days 13:30:47.308550387,229770.7884758398,137.77601802439312,0.4934725848563969,Лето,3,6,0.0016136485882468,0.0016136485882468,0.0048409457647404005,69.70961901226525,0,0,,,,,,,road
,2025-06-09 20:23:51.833662284,Свердловская,,,2025,2024,159 days 17:53:30.586619274,230033.50977698792,262.7213011481217,0.49477806788511747,Лето,3,6,0.0016136485882468,0.0016136485882468,0.0048409457647404005,69.70961901226525,0,0,,,,,,,road
,2025-06-10 12:05:59.428688400,Свердловская,,,2025,2024,160 days 09:35:38.181645390,230975.6363607565,942.1265837685787,0.4960835509138381,Лето,3,6,0.0016136485882468,0.0016136485882468,0.0048409457647404005,69.70961901226525,0,0,,,,,,,road
,2025-06-11 03:54:34.286892600,Свердловская,,,2025,2024,161 days 01:24:13.039849590,231924.2173308265,948.5809700700047,0.49738903394255873,Лето,3,6,0.0016136485882468,0.0016136485882468,0.0048409457647404005,69.70961901226525,0,0,,,,,,,road
,2025-06-11 17:31:00.877903260,Свердловская,,,2025,2024,161 days 15:00:39.630860250,232740.6605143375,816.4431835110008,0.49869451697127937,Лето,3,6,0.0016136485882468,0.0016136485882468,0.0048409457647404005,69.70961901226525,0,0,,,,,,,road
,2025-06-12 13:47:43.443474912,Свердловская,,,2025,2024,162 days 11:17:22.196431902,233957.3699405317,1216.7094261941966,0.5,Лето,3,6,0.0016136485882468,0.0016136485882468,0.0048409457647404005,69.70961901226525,0,0,,,,,,,road
,2025-06-13 02:19:07.470246744,Свердловская,,,2025,2024,162 days 23:48:46.223203734,234708.7703867289,751.4004461971927,0.5013054830287206,Лето,3,6,0.0016136485882468,0.0016136485882468,0.0048409457647404005,69.70961901226525,0,0,,,,,,,road
,2025-06-13 12:45:33.176061078,Свердловская,,,2025,2024,163 days 10:15:11.929018068,235335.19881696778,626.4284302388842,0.5026109660574413,Лето,3,6,0.0016136485882468,0.0016136485882468,0.0048409457647404005,69.70961901226525,0,0,,,,,,,road
,2025-06-13 19:06:10.765591710,Свердловская,,,2025,2024,163 days 16:35:49.518548700,235715.82530914497,380.62649217719445,0.5039164490861618,Лето,3,6,0.0016136485882468,0.0016136485882468,0.0048409457647404005,69.70961901226525,0,0,,,,,,,road
,2025-06-14 01:36:13.574403366,Свердловская,,,2025,2024,163 days 23:05:52.327360356,236105.8721226726,390.0468135276169,0.5052219321148825,Лето,3,6,0.0016136485882468,0.0016136485882468,0.0048409457647404005,69.70961901226525,0,0,,,,,,,road
,2025-06-14 06:59:11.320256868,Свердловская,,,2025,2024,164 days 04:28:50.073213858,236428.83455356432,322.9624308917264,0.5065274151436031,Лето,3,6,0.0016136485882468,0.0016136485882468,0.0048409457647404005,69.70961901226525,0,0,,,,,,,road
,2025-06-14 16:59:09.550218780,Свердловская,,,2025,2024,164 days 14:28:48.303175770,237028.8050529295,599.9704993651831,0.5078328981723238,Лето,3,6,0.0016136485882468,0.0016136485882468,0.0048409457647404005,69.70961901226525,0,0,,,,,,,road
,2025-06-14 22:22:38.769097956,Свердловская,,,2025,2024,164 days 19:52:17.522054946,237352.2920342491,323.4869813196128,0.5091383812010444,Лето,3,6,0.0016136485882468,0.0016136485882468,0.0048409457647404005,69.70961901226525,0,0,,,,,,,road
,2025-06-15 00:01:32.231983836,Свердловская,,,2025,2024,164 days 21:31:10.984940826,237451.18308234712,98.8910480980121,0.5104438642297651,Лето,3,6,0.0016136485882468,0.0016136485882468,0.0048409457647404005,69.70961901226525,0,0,,,,,,,road
,2025-06-15 01:11:20.582237070,Свердловская,,,2025,2024,164 days 22:40:59.335194060,237520.98891990102,69.80583755389671,0.5117493472584856,Лето,3,6,0.0016136485882468,0.0016136485882468,0.0048409457647404005,69.70961901226525,0,0,,,,,,,road
,2025-06-16 03:52:13.297566870,Свердловская,,,2025,2024,166 days 01:21:52.050523860,239121.867508731,1600.8785888299753,0.5130548302872062,Лето,3,6,0.0016136485882468,0.0016136485882468,0.0048409457647404005,69.70961901226525,0,0,,,,,,,road
,2025-06-16 04:07:44.729238228,Свердловская,,,2025,2024,166 days 01:37:23.482195218,239137.39136992028,15.523861189285526,0.5143603133159269,Лето,3,6,0.0016136485882468,0.0016136485882468,0.0048409457647404005,69.70961901226525,0,0,,,,,,,road
,2025-06-16 05:16:48.894631368,Свердловская,,,2025,2024,166 days 02:46:27.647588358,239206.4607931393,69.06942321901442,0.5156657963446475,Лето,3,6,0.0016136485882468,0.0016136485882468,0.0048409457647404005,69.70961901226525,0,0,,,,,,,road
,2025-06-16 11:22:02.091004385,Свердловская,,,2025,2024,166 days 08:51:40.843961375,239571.68073268962,365.21993955032667,0.5169712793733682,Лето,3,6,0.0016136485882468,0.0016136485882468,0.0048409457647404005,69.70961901226525,0,0,,,,,,,road
,2025-06-16 14:31:05.354306442,Свердловская,,,2025,2024,166 days 12:00:44.107263432,239760.73512105722,189.05438836760004,0.5182767624020888,Лето,3,6,0.0016136485882468,0.0016136485882468,0.0048409457647404005,69.70961901226525,0,0,,,,,,,road
,2025-06-16 19:53:43.532511990,Свердловская,,,2025,2024,166 days 17:23:22.285468980,240083.37142448302,322.63630342579563,0.5195822454308094,Лето,3,6,0.0016136485882468,0.0016136485882468,0.0048409457647404005,69.70961901226525,0,0,,,,,,,road
,2025-06-16 21:11:09.037187766,Свердловская,,,2025,2024,166 days 18:40:47.790144756,240160.79650241262,77.42507792959805,0.52088772845953,Лето,3,6,0.0016136485882468,0.0016136485882468,0.0048409457647404005,69.70961901226525,0,0,,,,,,,road
,2025-06-16 22:38:05.974812372,Свердловская,,,2025,2024,166 days 20:07:44.727769362,240247.7454628227,86.94896041008178,0.5221932114882507,Лето,3,6,0.0016136485882468,0.0016136485882468,0.0048409457647404005,69.70961901226525,0,0,,,,,,,road
,2025-06-17 15:17:31.926144635,Свердловская,,,2025,2024,167 days 12:47:10.679101625,241247.17798502705,999.4325222043553,0.5234986945169713,Лето,3,6,0.0016136485882468,0.0016136485882468,0.0048409457647404005,69.70961901226525,0,0,,,,,,,road
,2025-06-18 05:59:38.307192756,Свердловская,,,2025,2024,168 days 03:29:17.060149746,242129.2843358291,882.1063508020598,0.5248041775456919,Лето,3,6,0.0016136485882468,0.0016136485882468,0.0048409457647404005,69.70961901226525,0,0,,,,,,,road
,2025-06-18 07:07:52.028323248,Свердловская,,,2025,2024,168 days 04:37:30.781280238,242197.5130213373,68.22868550819112,0.5261096605744126,Лето,3,6,0.0016136485882468,0.0016136485882468,0.0048409457647404005,69.70961901226525,0,0,,,,,,,road
,2025-06-18 18:30:47.092045590,Свердловская,,,2025,2024,168 days 16:00:25.845002580,242880.43075004301,682.91772870571,0.5274151436031331,Лето,3,6,0.0016136485882468,0.0016136485882468,0.0048409457647404005,69.70961901226525,0,0,,,,,,,road
,2025-06-19 04:13:13.149064896,Свердловская,,,2025,2024,169 days 01:42:51.902021886,243462.86503369812,582.4342836551077,0.5287206266318538,Лето,3,6,0.0016136485882468,0.0016136485882468,0.0048409457647404005,69.70961901226525,0,0,,,,,,,road
,2025-06-19 17:07:34.480747782,Свердловская,,,2025,2024,169 days 14:37:13.233704772,244237.2205617462,774.355528048065,0.5300261096605744,Лето,3,6,0.0016136485882468,0.0016136485882468,0.0048409457647404005,69.70961901226525,0,0,,,,,,,road
,2025-06-19 23:46:14.479167630,Свердловская,,,2025,2024,169 days 21:15:53.232124620,244635.887202077,398.6666403308045,0.5313315926892951,Лето,3,6,0.0016136485882468,0.0016136485882468,0.0048409457647404005,69.70961901226525,0,0,,,,,,,road
,2025-06-20 03:01:15.640231560,Свердловская,,,2025,2024,170 days 00:30:54.393188550,244830.9065531425,195.0193510655081,0.5326370757180157,Лето,3,6,0.0016136485882468,0.0016136485882468,0.0048409457647404005,69.70961901226525,0,0,,,,,,,road
,2025-06-20 14:16:33.373625280,Свердловская,,,2025,2024,170 days 11:46:12.126582270,245506.20210970452,675.2955565620214,0.5339425587467362,Лето,3,6,0.0016136485882468,0.0016136485882468,0.0048409457647404005,69.70961901226525,0,0,,,,,,,road
,2025-06-20 19:04:13.355736864,Свердловская,,,2025,2024,170 days 16:33:52.108693854,245793.86847823093,287.6663685264066,0.5352480417754569,Лето,3,6,0.0016136485882468,0.0016136485882468,0.0048409457647404005,69.70961901226525,0,0,,,,,,,road
,2025-06-20 21:37:21.966941004,Свердловская,,,2025,2024,170 days 19:07:00.719897994,245947.01199829992,153.14352006898844,0.5365535248041775,Лето,3,6,0.0016136485882468,0.0016136485882468,0.0048409457647404005,69.70961901226525,0,0,,,,,,,road
,2025-06-21 03:02:54.536893722,Свердловская,,,2025,2024,171 days 00:32:33.289850712,246272.55483084518,325.5428325452667,0.5378590078328982,Лето,3,6,0.0016136485882468,0.0016136485882468,0.0048409457647404005,69.70961901226525,0,0,,,,,,,road
,2025-06-21 17:55:48.816094944,Свердловская,,,2025,2024,171 days 15:25:27.569051934,247165.45948419892,892.904653353733,0.5391644908616188,Лето,3,6,0.0016136485882468,0.0016136485882468,0.0048409457647404005,69.70961901226525,0,0,,,,,,,road
,2025-06-22 00:36:04.045214550,Свердловская,,,2025,2024,171 days 22:05:42.798171540,247565.71330285902,400.2538186601014,0.5404699738903395,Лето,3,6,0.0016136485882468,0.0016136485882468,0.0048409457647404005,69.70961901226525,0,0,,,,,,,road
,2025-06-22 04:16:59.014950306,Свердловская,,,2025,2024,172 days 01:46:37.767907296,247786.6294651216,220.91616226258338,0.54177545691906,Лето,3,6,0.0016136485882468,0.0016136485882468,0.0048409457647404005,69.70961901226525,0,0,,,,,,,road
,2025-06-22 22:41:56.332603884,Свердловская,,,2025,2024,172 days 20:11:35.085560874,248891.5847593479,1104.9552942262962,0.5430809399477807,Лето,3,6,0.0016136485882468,0.0016136485882468,0.0048409457647404005,69.70961901226525,0,0,,,,,,,road
,2025-06-23 20:44:26.552754822,Свердловская,,,2025,2024,173 days 18:14:05.305711812,250214.0884285302,1322.5036691823043,0.5443864229765013,Лето,3,6,0.0016136485882468,0.0016136485882468,0.0048409457647404005,69.70961901226525,0,0,,,,,,,road
,2025-06-24 02:36:20.359371264,Свердловская,,,2025,2024,174 days 00:05:59.112328254,250565.9852054709,351.8967769407027,0.5456919060052219,Лето,3,6,0.0016136485882468,0.0016136485882468,0.0048409457647404005,69.70961901226525,0,0,,,,,,,road
,2025-06-24 07:27:17.862462234,Свердловская,,,2025,2024,174 days 04:56:56.615419224,250856.94359032038,290.95838484948035,0.5469973890339426,Лето,3,6,0.0016136485882468,0.0016136485882468,0.0048409457647404005,69.70961901226525,0,0,,,,,,,road
,2025-06-24 17:15:07.734004296,Свердловская,,,2025,2024,174 days 14:44:46.486961286,251444.7747826881,587.8311923677102,0.5483028720626631,Лето,3,6,0.0016136485882468,0.0016136485882468,0.0048409457647404005,69.70961901226525,0,0,,,,,,,road
,2025-06-24 17:52:08.398821216,Свердловская,,,2025,2024,174 days 15:21:47.151778206,251481.7858629701,37.0110802820127,0.5496083550913838,Лето,3,6,0.0016136485882468,0.0016136485882468,0.0048409457647404005,69.70961901226525,0,0,,,,,,,road
,2025-06-25 06:00:35.326772610,Свердловская,,,2025,2024,175 days 03:30:14.079729600,252210.23466216,728.4487991898786,0.5509138381201044,Лето,3,6,0.0016136485882468,0.0016136485882468,0.0048409457647404005,69.70961901226525,0,0,,,,,,,road
,2025-06-25 21:45:23.519817204,Свердловская,,,2025,2024,175 days 19:15:02.272774194,253155.0378795699,944.8032174099062,0.5522193211488251,Лето,3,6,0.0016136485882468,0.0016136485882468,0.0048409457647404005,69.70961901226525,0,0,,,,,,,road
,2025-06-26 02:59:19.265182956,Свердловская,,,2025,2024,176 days 00:28:58.018139946,253468.9669689991,313.9290894292062,0.5535248041775457,Лето,3,6,0.0016136485882468,0.0016136485882468,0.0048409457647404005,69.70961901226525,0,0,,,,,,,road
,2025-06-26 04:58:14.884402614,Свердловская,,,2025,2024,176 days 02:27:53.637359604,253587.8939559934,118.92698699430912,0.5548302872062664,Лето,3,6,0.0016136485882468,0.0016136485882468,0.0048409457647404005,69.70961901226525,0,0,,,,,,,road
,2025-06-26 05:16:22.176113094,Свердловская,,,2025,2024,176 days 02:46:00.929070084,253606.0154845014,18.121528507996118,0.556135770234987,Лето,3,6,0.0016136485882468,0.0016136485882468,0.0048409457647404005,69.70961901226525,0,0,,,,,,,road
,2025-06-26 15:44:46.640283204,Свердловская,,,2025,2024,176 days 13:14:25.393240194,254234.4232206699,628.4077361685049,0.5574412532637075,Лето,3,6,0.0016136485882468,0.0016136485882468,0.0048409457647404005,69.70961901226525,0,0,,,,,,,road
,2025-06-26 18:58:57.236400744,Свердловская,,,2025,2024,176 days 16:28:35.989357734,254428.5998226289,194.17660195898497,0.5587467362924282,Лето,3,6,0.0016136485882468,0.0016136485882468,0.0048409457647404005,69.70961901226525,0,0,,,,,,,road
,2025-06-27 01:25:17.567588934,Свердловская,,,2025,2024,176 days 22:54:56.320545924,254814.9386757654,386.3388531365199,0.5600522193211488,Лето,3,6,0.0016136485882468,0.0016136485882468,0.0048409457647404005,69.70961901226525,0,0,,,,,,,road
,2025-06-27 06:27:55.407440538,Свердловская,,,2025,2024,177 days 03:57:34.160397528,255117.5693399588,302.63066419339157,0.5613577023498695,Лето,3,6,0.0016136485882468,0.0016136485882468,0.0048409457647404005,69.70961901226525,0,0,,,,,,,road
,2025-06-27 08:27:03.144408324,Свердловская,,,2025,2024,177 days 05:56:41.897365314,255236.6982894219,119.12894946310553,0.5626631853785901,Лето,3,6,0.0016136485882468,0.0016136485882468,0.0048409457647404005,69.70961901226525,0,0,,,,,,,road
,2025-06-27 15:47:03.917464596,Свердловская,,,2025,2024,177 days 13:16:42.670421586,255676.7111736931,440.0128842711856,0.5639686684073107,Лето,3,6,0.0016136485882468,0.0016136485882468,0.0048409457647404005,69.70961901226525,0,0,,,,,,,road
,2025-06-27 22:08:27.475560378,Свердловская,,,2025,2024,177 days 19:38:06.228517368,256058.1038086228,381.39263492971077,0.5652741514360313,Лето,3,6,0.0016136485882468,0.0016136485882468,0.0048409457647404005,69.70961901226525,0,0,,,,,,,road
,2025-06-28 08:14:53.049240852,Свердловская,,,2025,2024,178 days 05:44:31.802197842,256664.5300366307,606.4262280078838,0.566579634464752,Лето,3,6,0.0016136485882468,0.0016136485882468,0.0048409457647404005,69.70961901226525,0,0,,,,,,,road
,2025-06-28 11:14:43.449244092,Свердловская,,,2025,2024,178 days 08:44:22.202201082,256844.3700366847,179.84000005401322,0.5678851174934726,Лето,3,6,0.0016136485882468,0.0016136485882468,0.0048409457647404005,69.70961901226525,0,0,,,,,,,road
,2025-06-28 13:44:27.260133318,Свердловская,,,2025,2024,178 days 11:14:06.013090308,256994.1002181718,149.73018148710253,0.5691906005221932,Лето,3,6,0.0016136485882468,0.0016136485882468,0.0048409457647404005,69.70961901226525,0,0,,,,,,,road
,2025-06-29 07:07:58.122267306,Свердловская,,,2025,2024,179 days 04:37:36.875224296,258037.6145870716,1043.5143688998069,0.5704960835509139,Лето,3,6,0.0016136485882468,0.0016136485882468,0.0048409457647404005,69.70961901226525,0,0,,,,,,,road
,2025-06-29 19:38:37.933046664,Свердловская,,,2025,2024,179 days 17:08:16.686003654,258788.27810006088,750.6635129892675,0.5718015665796344,Лето,3,6,0.0016136485882468,0.0016136485882468,0.0048409457647404005,69.70961901226525,0,0,,,,,,,road
,2025-06-30 09:03:14.835922836,Свердловская,,,2025,2024,180 days 06:32:53.588879826,259592.8931479971,804.6150479362113,0.5731070496083551,Лето,3,6,0.0018385382598807138,0.0016136485882468,0.0048409457647404005,69.70961901226525,0,1,,,,,,,road
,2025-06-30 10:00:25.758474474,Свердловская,,,2025,2024,180 days 07:30:04.511431464,259650.07519052443,57.18204252733267,0.5744125326370757,Лето,3,6,0.0023010510557058173,0.0016136485882468,0.0048409457647404005,69.70961901226525,0,1,,,,,,,road
,2025-06-30 11:48:30.618662567,Свердловская,,,2025,2024,180 days 09:18:09.371619557,259758.15619365926,108.08100313483737,0.5757180156657964,Лето,3,6,0.0023468864972405372,0.0016136485882468,0.0048409457647404005,69.70961901226525,0,1,,,,,,,road
,2025-06-30 17:40:58.966259316,Свердловская,,,2025,2024,180 days 15:10:37.719216306,260110.6286536051,352.4724599458277,0.577023498694517,Лето,3,6,0.002431161626745824,0.0016136485882468,0.0048409457647404005,69.70961901226525,0,1,,,,,,,road
,2025-07-01 05:17:24.421403154,Свердловская,,,2025,2024,181 days 02:47:03.174360144,260807.0529060024,696.4242523973226,0.5783289817232375,Лето,3,7,0.002794732742727654,0.0016136485882468,0.0048409457647404005,69.70961901226525,0,1,,,,,,,road
,2025-07-01 17:06:32.847479430,Свердловская,,,2025,2024,181 days 14:36:11.600436420,261516.193340607,709.1404346045747,0.5796344647519582,Лето,3,7,0.003139979075823039,0.0016136485882468,0.0048409457647404005,69.70961901226525,0,1,,,,,,,road
,2025-07-02 02:33:05.026723824,Свердловская,,,2025,2024,182 days 00:02:43.779680814,262082.7296613469,566.5363207399205,0.5809399477806788,Лето,3,7,0.0031476455063912338,0.0016136485882468,0.0048409457647404005,69.70961901226525,0,1,,,,,,,road
,2025-07-02 02:46:17.374280292,Свердловская,,,2025,2024,182 days 00:15:56.127237282,262095.9354539547,13.205792607797775,0.5822454308093995,Лето,3,7,0.003359722657772877,0.0016136485882468,0.0048409457647404005,69.70961901226525,0,1,,,,,,,road
,2025-07-02 10:30:33.634854216,Свердловская,,,2025,2024,182 days 08:00:12.387811206,262560.2064635201,464.27100956541835,0.5835509138381201,Лето,3,7,0.003704075247704432,0.0016136485882468,0.0048409457647404005,69.70961901226525,0,1,,,,,,,road
,2025-07-02 20:47:26.056274958,Свердловская,,,2025,2024,182 days 18:17:04.809231948,263177.0801538658,616.8736903456738,0.5848563968668408,Лето,3,7,0.003718002491419318,0.0016136485882468,0.0048409457647404005,69.70961901226525,0,1,,,,,,,road
,2025-07-02 21:02:44.546970300,Свердловская,,,2025,2024,182 days 18:32:23.299927290,263192.3883321215,15.308178255683742,0.5861618798955613,Лето,3,7,0.0038164538310662376,0.0016136485882468,0.0048409457647404005,69.70961901226525,0,1,,,,,,,road
,2025-07-02 23:21:21.075844626,Свердловская,,,2025,2024,182 days 20:50:59.828801616,263330.9971466936,138.60881457210053,0.587467362924282,Лето,3,7,0.0038838467526006353,0.0016136485882468,0.0048409457647404005,69.70961901226525,0,1,,,,,,,road
,2025-07-03 02:23:55.202808228,Свердловская,,,2025,2024,182 days 23:53:33.955765218,263513.5659294203,182.5687827267102,0.5887728459530026,Лето,3,7,0.004213135088239549,0.0016136485882468,0.0048409457647404005,69.70961901226525,0,1,,,,,,,road
,2025-07-03 03:26:28.857956454,Свердловская,,,2025,2024,183 days 00:56:07.610913444,263576.1268485574,62.56091913708951,0.5900783289817232,Лето,3,7,0.004234961300710161,0.0016136485882468,0.0048409457647404005,69.70961901226525,0,1,,,,,,,road
,2025-07-03 06:16:36.824524902,Свердловская,,,2025,2024,183 days 03:46:15.577481892,263746.2596246982,170.13277614081744,0.5913838120104439,Лето,3,7,0.004273650485538088,0.0016136485882468,0.0048409457647404005,69.70961901226525,0,1,,,,,,,road
,2025-07-03 13:45:06.885323562,Свердловская,,,2025,2024,183 days 11:14:45.638280552,264194.7606380092,448.5010133109754,0.5926892950391645,Лето,3,7,0.0048409457647404005,0.0016136485882468,0.0048409457647404005,69.70961901226525,1,0,,,,,,,road
,2025-07-03 20:41:45.809819814,Свердловская,,,2025,2024,183 days 18:11:24.562776804,264611.4093796134,416.6487416042364,0.5939947780678851,Лето,3,7,0.0048409457647404005,0.0016136485882468,0.0048409457647404005,69.70961901226525,1,0,,,,,,,road
,2025-07-04 06:22:22.420826322,Свердловская,,,2025,2024,184 days 03:52:01.173783312,265192.0195630552,580.6101834417786,0.5953002610966057,Лето,3,7,0.0048409457647404005,0.0016136485882468,0.0048409457647404005,69.70961901226525,1,0,,,,,,,road
,2025-07-04 08:39:05.710297776,Свердловская,,,2025,2024,184 days 06:08:44.463254766,265328.7410542461,136.7214911908959,0.5966057441253264,Лето,3,7,0.0048409457647404005,0.0016136485882468,0.0048409457647404005,69.70961901226525,1,0,,,,,,,road
,2025-07-04 10:28:17.249860266,Свердловская,,,2025,2024,184 days 07:57:56.002817256,265437.9333802876,109.19232604152057,0.597911227154047,Лето,3,7,0.0048409457647404005,0.0016136485882468,0.0048409457647404005,69.70961901226525,1,0,,,,,,,road
,2025-07-04 14:14:41.114690940,Свердловская,,,2025,2024,184 days 11:44:19.867647930,265664.33112746547,226.3977471778635,0.5992167101827677,Лето,3,7,0.0048409457647404005,0.0016136485882468,0.0048409457647404005,69.70961901226525,1,0,,,,,,,road
,2025-07-04 16:06:03.579606696,Свердловская,,,2025,2024,184 days 13:35:42.332563686,265775.7055427281,111.37441526260227,0.6005221932114883,Лето,3,7,0.0048409457647404005,0.0016136485882468,0.0048409457647404005,69.70961901226525,1,0,,,,,,,road
,2025-07-04 16:14:54.670080930,Свердловская,,,2025,2024,184 days 13:44:33.423037920,265784.557050632,8.851507903949823,0.6018276762402088,Лето,3,7,0.0048409457647404005,0.0016136485882468,0.0048409457647404005,69.70961901226525,1,0,,,,,,,road
,2025-07-04 20:37:48.676843752,Свердловская,,,2025,2024,184 days 18:07:27.429800742,266047.4571633457,262.9001127136871,0.6031331592689295,Лето,3,7,0.0048409457647404005,0.0016136485882468,0.0048409457647404005,69.70961901226525,1,0,,,,,,,road
,2025-07-04 21:45:57.195113700,Свердловская,,,2025,2024,184 days 19:15:35.948070690,266115.5991345115,68.14197116577998,0.6044386422976501,Лето,3,7,0.0048409457647404005,0.0016136485882468,0.0048409457647404005,69.70961901226525,1,0,,,,,,,road
,2025-07-04 21:56:21.010345644,Свердловская,,,2025,2024,184 days 19:25:59.763302634,266125.9960550439,10.396920532395598,0.6057441253263708,Лето,3,7,0.0048409457647404005,0.0016136485882468,0.0048409457647404005,69.70961901226525,1,0,,,,,,,road
,2025-07-04 22:00:39.265580802,Свердловская,,,2025,2024,184 days 19:30:18.018537792,266130.30030896317,4.304253919282928,0.6070496083550914,Лето,3,7,0.0048409457647404005,0.0016136485882468,0.0048409457647404005,69.70961901226525,1,0,,,,,,,road
,2025-07-05 07:14:02.260645398,Свердловская,,,2025,2024,185 days 04:43:41.013602388,266683.6835600398,553.3832510766224,0.608355091383812,Лето,3,7,0.0048409457647404005,0.0016136485882468,0.0048409457647404005,69.70961901226525,1,0,,,,,,,road
,2025-07-05 08:14:02.225645472,Свердловская,,,2025,2024,185 days 05:43:40.978602462,266743.6829767077,59.99941666790983,0.6096605744125326,Лето,3,7,0.0048409457647404005,0.0016136485882468,0.0048409457647404005,69.70961901226525,1,0,,,,,,,road
,2025-07-05 10:16:44.728627398,Свердловская,,,2025,2024,185 days 07:46:23.481584388,266866.3913597398,122.70838303212076,0.6109660574412533,Лето,3,7,0.0048409457647404005,0.0016136485882468,0.0048409457647404005,69.70961901226525,1,0,,,,,,,road
,2025-07-05 20:37:58.374553698,Свердловская,,,2025,2024,185 days 18:07:37.127510688,267487.6187918448,621.2274321049917,0.6122715404699739,Лето,3,7,0.0048409457647404005,0.0016136485882468,0.0048409457647404005,69.70961901226525,1,0,,,,,,,road
,2025-07-05 22:48:09.297843084,Свердловская,,,2025,2024,185 days 20:17:48.050800074,267617.8008466679,130.18205482308986,0.6135770234986945,Лето,3,7,0.0048409457647404005,0.0016136485882468,0.0048409457647404005,69.70961901226525,1,0,,,,,,,road
,2025-07-05 23:05:04.031112732,Свердловская,,,2025,2024,185 days 20:34:42.784069722,267634.71306782874,16.912221160833724,0.6148825065274152,Лето,3,7,0.0048409457647404005,0.0016136485882468,0.0048409457647404005,69.70961901226525,1,0,,,,,,,road
,2025-07-06 01:50:54.392187894,Свердловская,,,2025,2024,185 days 23:20:33.145144884,267800.5524190814,165.8393512526527,0.6161879895561357,Лето,3,7,0.0048409457647404005,0.0016136485882468,0.0048409457647404005,69.70961901226525,1,0,,,,,,,road
,2025-07-06 02:09:58.794198054,Свердловская,,,2025,2024,185 days 23:39:37.547155044,267819.6257859174,19.073366836004425,0.6174934725848564,Лето,3,7,0.0048409457647404005,0.0016136485882468,0.0048409457647404005,69.70961901226525,1,0,,,,,,,road
,2025-07-06 02:30:37.198196298,Свердловская,,,2025,2024,186 days 00:00:15.951153288,267840.2658525548,20.640066637424752,0.618798955613577,Лето,3,7,0.0048409457647404005,0.0016136485882468,0.0048409457647404005,69.70961901226525,1,0,,,,,,,road
,2025-07-06 09:04:33.273130788,Свердловская,,,2025,2024,186 days 06:34:12.026087778,268234.2004347963,393.9345822414616,0.6201044386422977,Лето,3,7,0.0048409457647404005,0.0016136485882468,0.0048409457647404005,69.70961901226525,1,0,,,,,,,road
,2025-07-06 10:15:08.097435042,Свердловская,,,2025,2024,186 days 07:44:46.850392032,268304.7808398672,70.5804050709121,0.6214099216710183,Лето,3,7,0.0048409457647404005,0.0016136485882468,0.0048409457647404005,69.70961901226525,1,0,,,,,,,road
,2025-07-06 14:09:39.156990012,Свердловская,,,2025,2024,186 days 11:39:17.909947002,268539.29849911673,234.51765924954088,0.6227154046997389,Лето,3,7,0.0048409457647404005,0.0016136485882468,0.0048409457647404005,69.70961901226525,1,0,,,,,,,road
,2025-07-06 16:36:33.431238318,Свердловская,,,2025,2024,186 days 14:06:12.184195308,268686.2030699218,146.9045708050835,0.6240208877284595,Лето,3,7,0.0048409457647404005,0.0016136485882468,0.0048409457647404005,69.70961901226525,1,0,,,,,,,road
,2025-07-06 17:28:29.955572016,Свердловская,,,2025,2024,186 days 14:58:08.708529006,268738.1451421501,51.94207222829573,0.6253263707571801,Лето,3,7,0.0048409457647404005,0.0016136485882468,0.0048409457647404005,69.70961901226525,1,0,,,,,,,road
,2025-07-06 19:59:10.813852500,Свердловская,,,2025,2024,186 days 17:28:49.566809490,268888.8261134915,150.68097134138225,0.6266318537859008,Лето,3,7,0.0048409457647404005,0.0016136485882468,0.0048409457647404005,69.70961901226525,1,0,,,,,,,road
,2025-07-06 20:13:56.868710670,Свердловская,,,2025,2024,186 days 17:43:35.621667660,268903.593694461,14.767580969491974,0.6279373368146214,Лето,3,7,0.0048409457647404005,0.0016136485882468,0.0048409457647404005,69.70961901226525,1,0,,,,,,,road
,2025-07-06 21:42:03.067905390,Свердловская,,,2025,2024,186 days 19:11:41.820862380,268991.697014373,88.10331991204293,0.6292428198433421,Лето,3,7,0.0048409457647404005,0.0016136485882468,0.0048409457647404005,69.70961901226525,1,0,,,,,,,road
,2025-07-07 00:14:53.534246562,Свердловская,,,2025,2024,186 days 21:44:32.287203552,269144.5381200592,152.84110568615142,0.6305483028720626,Лето,3,7,0.0048409457647404005,0.0016136485882468,0.0048409457647404005,69.70961901226525,1,0,,,,,,,road
,2025-07-07 01:08:27.141744234,Свердловская,,,2025,2024,186 days 22:38:05.894701224,269198.0982450204,53.56012496119365,0.6318537859007833,Лето,3,7,0.0048409457647404005,0.0016136485882468,0.0048409457647404005,69.70961901226525,1,0,,,,,,,road
,2025-07-07 04:51:25.062394818,Свердловская,,,2025,2024,187 days 02:21:03.815351808,269421.0635891968,222.96534417645307,0.6331592689295039,Лето,3,7,0.0048409457647404005,0.0016136485882468,0.0048409457647404005,69.70961901226525,1,0,,,,,,,road
,2025-07-07 05:02:24.467446914,Свердловская,,,2025,2024,187 days 02:32:03.220403904,269432.0536733984,10.99008420156315,0.6344647519582245,Лето,3,7,0.0048409457647404005,0.0016136485882468,0.0048409457647404005,69.70961901226525,1,0,,,,,,,road
,2025-07-07 07:19:24.588245364,Свердловская,,,2025,2024,187 days 04:49:03.341202354,269569.0556867059,137.00201330753043,0.6357702349869452,Лето,3,7,0.0048409457647404005,0.0016136485882468,0.0048409457647404005,69.70961901226525,1,0,,,,,,,road
,2025-07-07 11:38:42.514617594,Свердловская,,,2025,2024,187 days 09:08:21.267574584,269828.3544595764,259.29877287050476,0.6370757180156658,Лето,3,7,0.0048409457647404005,0.0016136485882468,0.0048409457647404005,69.70961901226525,1,0,,,,,,,road
,2025-07-07 13:34:48.396697686,Свердловская,,,2025,2024,187 days 11:04:27.149654676,269944.4524942446,116.09803466818994,0.6383812010443864,Лето,3,7,0.0048409457647404005,0.0016136485882468,0.0048409457647404005,69.70961901226525,1,0,,,,,,,road
,2025-07-07 20:43:40.620441846,Свердловская,,,2025,2024,187 days 18:13:19.373398836,270373.3228899806,428.87039573601214,0.639686684073107,Лето,3,7,0.0048409457647404005,0.0016136485882468,0.0048409457647404005,69.70961901226525,1,0,,,,,,,road
,2025-07-08 00:10:17.326235526,Свердловская,,,2025,2024,187 days 21:39:56.079192516,270579.9346532086,206.61176322796382,0.6409921671018277,Лето,3,7,0.0048409457647404005,0.0016136485882468,0.0048409457647404005,69.70961901226525,1,0,,,,,,,road
,2025-07-08 11:07:34.551813738,Свердловская,,,2025,2024,188 days 08:37:13.304770728,271237.2217461788,657.2870929702185,0.6422976501305483,Лето,3,7,0.0048409457647404005,0.0016136485882468,0.0048409457647404005,69.70961901226525,1,0,,,,,,,road
,2025-07-08 12:16:37.278532602,Свердловская,,,2025,2024,188 days 09:46:16.031489592,271306.2671914932,69.04544531437568,0.643603133159269,Лето,3,7,0.0048409457647404005,0.0016136485882468,0.0048409457647404005,69.70961901226525,1,0,,,,,,,road
,2025-07-08 21:53:39.857358816,Свердловская,,,2025,2024,188 days 19:23:18.610315806,271883.31017193006,577.042980436876,0.6449086161879896,Лето,3,7,0.0048409457647404005,0.0016136485882468,0.0048409457647404005,69.70961901226525,1,0,,,,,,,road
,2025-07-09 01:06:29.840446170,Свердловская,,,2025,2024,188 days 22:36:08.593403160,272076.143223386,192.83305145596387,0.6462140992167101,Лето,3,7,0.0048409457647404005,0.0016136485882468,0.0048409457647404005,69.70961901226525,1,0,,,,,,,road
,2025-07-09 05:48:55.209537516,Свердловская,,,2025,2024,189 days 03:18:33.962494506,272358.5660415751,282.4228181890794,0.6475195822454308,Лето,3,7,0.0048409457647404005,0.0016136485882468,0.0048409457647404005,69.70961901226525,1,0,,,,,,,road
,2025-07-09 13:49:04.867620960,Свердловская,,,2025,2024,189 days 11:18:43.620577950,272838.7270096325,480.1609680574038,0.6488250652741514,Лето,3,7,0.0048409457647404005,0.0016136485882468,0.0048409457647404005,69.70961901226525,1,0,,,,,,,road
,2025-07-09 16:34:34.807324230,Свердловская,,,2025,2024,189 days 14:04:13.560281220,273004.226004687,165.49899505451322,0.6501305483028721,Лето,3,7,0.0048409457647404005,0.0016136485882468,0.0048409457647404005,69.70961901226525,1,0,,,,,,,road
,2025-07-09 23:23:57.931585176,Свердловская,,,2025,2024,189 days 20:53:36.684542166,273413.6114090361,409.3854043490719,0.6514360313315927,Лето,3,7,0.0048409457647404005,0.0016136485882468,0.0048409457647404005,69.70961901226525,1,0,,,,,,,road
,2025-07-10 02:05:08.247853835,Свердловская,,,2025,2024,189 days 23:34:47.000810825,273574.78334684705,161.17193781095557,0.6527415143603134,Лето,3,7,0.0048409457647404005,0.0016136485882468,0.0048409457647404005,69.70961901226525,1,0,,,,,,,road
,2025-07-10 05:14:00.207739884,Свердловская,,,2025,2024,190 days 02:43:38.960696874,273763.6493449479,188.86599810083862,0.6540469973890339,Лето,3,7,0.0048409457647404005,0.0016136485882468,0.0048409457647404005,69.70961901226525,1,0,,,,,,,road
,2025-07-10 07:15:39.997720476,Свердловская,,,2025,2024,190 days 04:45:18.750677466,273885.3125112911,121.66316634323448,0.6553524804177546,Лето,3,7,0.0048409457647404005,0.0016136485882468,0.0048409457647404005,69.70961901226525,1,0,,,,,,,road
,2025-07-10 07:48:10.867748514,Свердловская,,,2025,2024,190 days 05:17:49.620705504,273917.8270117584,32.51450046728132,0.6566579634464752,Лето,3,7,0.0048409457647404005,0.0016136485882468,0.0048409457647404005,69.70961901226525,1,0,,,,,,,road
,2025-07-10 10:34:44.656062870,Свердловская,,,2025,2024,190 days 08:04:23.409019860,274084.390150331,166.56313857261557,0.6579634464751958,Лето,3,7,0.0048409457647404005,0.0016136485882468,0.0048409457647404005,69.70961901226525,1,0,,,,,,,road
,2025-07-10 23:38:03.014482374,Свердловская,,,2025,2024,190 days 21:07:41.767439364,274867.6961239894,783.3059736583964,0.6592689295039165,Лето,3,7,0.0048409457647404005,0.0016136485882468,0.0048409457647404005,69.70961901226525,1,0,,,,,,,road
,2025-07-11 04:57:41.127058074,Свердловская,,,2025,2024,191 days 02:27:19.880015064,275187.3313335844,319.63520959496964,0.660574412532637,Лето,3,7,0.0048409457647404005,0.0016136485882468,0.0048409457647404005,69.70961901226525,1,0,,,,,,,road
,2025-07-11 09:41:59.835370818,Свердловская,,,2025,2024,191 days 07:11:38.588327808,275471.6431387968,284.3118052124046,0.6618798955613577,Лето,3,7,0.0048409457647404005,0.0016136485882468,0.0048409457647404005,69.70961901226525,1,0,,,,,,,road
,2025-07-11 13:14:56.903100114,Свердловская,,,2025,2024,191 days 10:44:35.656057104,275684.59426761843,212.9511288216454,0.6631853785900783,Лето,3,7,0.0048409457647404005,0.0016136485882468,0.0048409457647404005,69.70961901226525,1,0,,,,,,,road
,2025-07-11 17:39:55.184496954,Свердловская,,,2025,2024,191 days 15:09:33.937453944,275949.5656242324,264.97135661396896,0.664490861618799,Лето,3,7,0.0016136485882468,0.0016136485882468,0.0048409457647404005,69.70961901226525,0,0,,,,,,,road
,2025-07-11 19:35:06.208342188,Свердловская,,,2025,2024,191 days 17:04:44.961299178,276064.7493549863,115.18373075389536,0.6657963446475196,Лето,3,7,0.0016136485882468,0.0016136485882468,0.0048409457647404005,69.70961901226525,0,0,,,,,,,road
,2025-07-11 22:12:42.313231482,Свердловская,,,2025,2024,191 days 19:42:21.066188472,276222.3511031412,157.6017481549061,0.6671018276762402,Лето,3,7,0.0016136485882468,0.0016136485882468,0.0048409457647404005,69.70961901226525,0,0,,,,,,,road
,2025-07-11 22:16:38.132552754,Свердловская,,,2025,2024,191 days 19:46:16.885509744,276226.2814251624,3.9303220211877488,0.6684073107049608,Лето,3,7,0.0016136485882468,0.0016136485882468,0.0048409457647404005,69.70961901226525,0,0,,,,,,,road
,2025-07-12 09:50:15.571700112,Свердловская,,,2025,2024,192 days 07:19:54.324657102,276919.9054109517,693.6239857893088,0.6697127937336814,Лето,3,7,0.0016136485882468,0.0016136485882468,0.0048409457647404005,69.70961901226525,0,0,,,,,,,road
,2025-07-13 03:05:35.500018080,Свердловская,,,2025,2024,193 days 00:35:14.252975070,277955.23754958453,1035.3321386328316,0.6710182767624021,Лето,3,7,0.0016136485882468,0.0016136485882468,0.0048409457647404005,69.70961901226525,0,0,,,,,,,road
,2025-07-13 06:19:41.922601368,Свердловская,,,2025,2024,193 days 03:49:20.675558358,278149.3445926393,194.10704305476975,0.6723237597911227,Лето,3,7,0.0016136485882468,0.0016136485882468,0.0048409457647404005,69.70961901226525,0,0,,,,,,,road
,2025-07-13 07:19:24.344073528,Свердловская,,,2025,2024,193 days 04:49:03.097030518,278209.0516171753,59.707024535979144,0.6736292428198434,Лето,3,7,0.0016136485882468,0.0016136485882468,0.0048409457647404005,69.70961901226525,0,0,,,,,,,road
,2025-07-13 11:32:54.427898586,Свердловская,,,2025,2024,193 days 09:02:33.180855576,278462.5530142596,253.50139708432835,0.674934725848564,Лето,3,7,0.0016136485882468,0.0016136485882468,0.0048409457647404005,69.70961901226525,0,0,,,,,,,road
,2025-07-13 15:06:56.761044312,Свердловская,,,2025,2024,193 days 12:36:35.514001302,278676.5919000217,214.0388857621001,0.6762402088772846,Лето,3,7,0.0016136485882468,0.0016136485882468,0.0048409457647404005,69.70961901226525,0,0,,,,,,,road
,2025-07-13 21:18:25.318508646,Свердловская,,,2025,2024,193 days 18:48:04.071465636,279048.0678577606,371.4759577388759,0.6775456919060052,Лето,3,7,0.0016136485882468,0.0016136485882468,0.0048409457647404005,69.70961901226525,0,0,,,,,,,road
,2025-07-14 00:28:27.943573242,Свердловская,,,2025,2024,193 days 21:58:06.696530232,279238.1116088372,190.04375107662054,0.6788511749347258,Лето,3,7,0.0016136485882468,0.0016136485882468,0.0048409457647404005,69.70961901226525,0,0,,,,,,,road
,2025-07-14 04:45:42.922554570,Свердловская,,,2025,2024,194 days 02:15:21.675511560,279495.361258526,257.2496496887761,0.6801566579634465,Лето,3,7,0.0016136485882468,0.0016136485882468,0.0048409457647404005,69.70961901226525,0,0,,,,,,,road
,2025-07-15 05:21:20.378717448,Свердловская,,,2025,2024,195 days 02:50:59.131674438,280970.9855279073,1475.6242693813401,0.6814621409921671,Лето,3,7,0.0016136485882468,0.0016136485882468,0.0048409457647404005,69.70961901226525,0,0,,,,,,,road
,2025-07-15 09:34:00.582083964,Свердловская,,,2025,2024,195 days 07:03:39.335040954,281223.6555840159,252.67005610855995,0.6827676240208878,Лето,3,7,0.0016136485882468,0.0016136485882468,0.0048409457647404005,69.70961901226525,0,0,,,,,,,road
,2025-07-16 01:28:04.632218760,Свердловская,,,2025,2024,195 days 22:57:43.385175750,282177.7230862625,954.0675022465875,0.6840731070496083,Лето,3,7,0.0016136485882468,0.0016136485882468,0.0048409457647404005,69.70961901226525,0,0,,,,,,,road
,2025-07-16 11:37:17.383632540,Свердловская,,,2025,2024,196 days 09:06:56.136589530,282786.93560982554,609.2125235630665,0.685378590078329,Лето,3,7,0.0016136485882468,0.0016136485882468,0.0048409457647404005,69.70961901226525,0,0,,,,,,,road
,2025-07-16 15:52:28.970139768,Свердловская,,,2025,2024,196 days 13:22:07.723096758,283042.1287182793,255.19310845376458,0.6866840731070496,Лето,3,7,0.0016136485882468,0.0016136485882468,0.0048409457647404005,69.70961901226525,0,0,,,,,,,road
,2025-07-17 09:27:35.910484338,Свердловская,,,2025,2024,197 days 06:57:14.663441328,284097.2443906888,1055.1156724094762,0.6879895561357703,Лето,3,7,0.0016136485882468,0.0016136485882468,0.0048409457647404005,69.70961901226525,0,0,,,,,,,road
,2025-07-17 18:47:51.261271326,Свердловская,,,2025,2024,197 days 16:17:30.014228316,284657.5002371386,560.2558464498143,0.6892950391644909,Лето,3,7,0.0016136485882468,0.0016136485882468,0.0048409457647404005,69.70961901226525,0,0,,,,,,,road
,2025-07-17 18:53:13.118843934,Свердловская,,,2025,2024,197 days 16:22:51.871800924,284662.86453001545,5.364292876853142,0.6906005221932114,Лето,3,7,0.0016136485882468,0.0016136485882468,0.0048409457647404005,69.70961901226525,0,0,,,,,,,road
,2025-07-17 19:37:20.687925828,Свердловская,,,2025,2024,197 days 17:06:59.440882818,284706.99068138027,44.126151364820544,0.6919060052219321,Лето,3,7,0.0016136485882468,0.0016136485882468,0.0048409457647404005,69.70961901226525,0,0,,,,,,,road
,2025-07-18 10:03:01.689557580,Свердловская,,,2025,2024,198 days 07:32:40.442514570,285572.67404190946,865.6833605291904,0.6932114882506527,Лето,3,7,0.0016136485882468,0.0016136485882468,0.0048409457647404005,69.70961901226525,0,0,,,,,,,road
,2025-07-18 16:09:36.951949470,Свердловская,,,2025,2024,198 days 13:39:15.704906460,285939.261748441,366.5877065315144,0.6945169712793734,Лето,3,7,0.0016136485882468,0.0016136485882468,0.0048409457647404005,69.70961901226525,0,0,,,,,,,road
,2025-07-18 21:31:53.789217732,Свердловская,,,2025,2024,198 days 19:01:32.542174722,286261.54236957873,322.28062113776105,0.695822454308094,Лето,3,7,0.0016136485882468,0.0016136485882468,0.0048409457647404005,69.70961901226525,0,0,,,,,,,road
,2025-07-18 23:09:34.609710642,Свердловская,,,2025,2024,198 days 20:39:13.362667632,286359.2227111272,97.680341548461,0.6971279373368147,Лето,3,7,0.0016136485882468,0.0016136485882468,0.0048409457647404005,69.70961901226525,0,0,,,,,,,road
,2025-07-19 00:55:39.055691256,Свердловская,,,2025,2024,198 days 22:25:17.808648246,286465.2968108041,106.07409967691638,0.6984334203655352,Лето,3,7,0.0016136485882468,0.0016136485882468,0.0048409457647404005,69.70961901226525,0,0,,,,,,,road
,2025-07-19 17:26:06.970131342,Свердловская,,,2025,2024,199 days 14:55:45.723088332,287455.7620514722,990.465240668098,0.6997389033942559,Лето,3,7,0.0016136485882468,0.0016136485882468,0.0048409457647404005,69.70961901226525,0,0,,,,,,,road
,2025-07-20 11:40:38.961132444,Свердловская,,,2025,2024,200 days 09:10:17.714089434,288550.2952348239,1094.533183351683,0.7010443864229765,Лето,3,7,0.0016136485882468,0.0016136485882468,0.0048409457647404005,69.70961901226525,0,0,,,,,,,road
,2025-07-20 20:09:25.545380532,Свердловская,,,2025,2024,200 days 17:39:04.298337522,289059.0716389587,508.77640413481276,0.7023498694516971,Лето,3,7,0.0016136485882468,0.0016136485882468,0.0048409457647404005,69.70961901226525,0,0,,,,,,,road
,2025-07-20 23:46:09.818516214,Свердловская,,,2025,2024,200 days 21:15:48.571473204,289275.8095245534,216.73788559471723,0.7036553524804178,Лето,3,7,0.0016136485882468,0.0016136485882468,0.0048409457647404005,69.70961901226525,0,0,,,,,,,road
,2025-07-22 03:38:31.635072738,Свердловская,,,2025,2024,202 days 01:08:10.388029728,290948.1731338288,1672.3636092753732,0.7049608355091384,Лето,3,7,0.0016136485882468,0.0016136485882468,0.0048409457647404005,69.70961901226525,0,0,,,,,,,road
,2025-07-22 13:44:38.888405436,Свердловская,,,2025,2024,202 days 11:14:17.641362426,291554.2940227071,606.1208888783003,0.706266318537859,Лето,3,7,0.0016136485882468,0.0016136485882468,0.0048409457647404005,69.70961901226525,0,0,,,,,,,road
,2025-07-23 06:11:43.229021970,Свердловская,,,2025,2024,203 days 03:41:21.981978960,292541.366366316,987.0723436088883,0.7075718015665796,Лето,3,7,0.0016136485882468,0.0016136485882468,0.0048409457647404005,69.70961901226525,0,0,,,,,,,road
,2025-07-23 06:13:45.498055686,Свердловская,,,2025,2024,203 days 03:43:24.251012676,292543.40418354457,2.0378172285854816,0.7088772845953003,Лето,3,7,0.0016136485882468,0.0016136485882468,0.0048409457647404005,69.70961901226525,0,0,,,,,,,road
,2025-07-23 12:24:36.374727894,Свердловская,,,2025,2024,203 days 09:54:15.127684884,292914.2521280814,370.84794453682844,0.7101827676240209,Лето,3,7,0.0016136485882468,0.0016136485882468,0.0048409457647404005,69.70961901226525,0,0,,,,,,,road
,2025-07-24 09:33:29.987252058,Свердловская,,,2025,2024,204 days 07:03:08.740209048,294183.14567015076,1268.8935420693597,0.7114882506527415,Лето,3,7,0.0016136485882468,0.0016136485882468,0.0048409457647404005,69.70961901226525,0,0,,,,,,,road
,2025-07-24 13:49:20.622318954,Свердловская,,,2025,2024,204 days 11:18:59.375275944,294438.9895879324,255.84391778166173,0.7127937336814621,Лето,3,7,0.0016136485882468,0.0016136485882468,0.0048409457647404005,69.70961901226525,0,0,,,,,,,road
,2025-07-25 03:12:53.379511668,Свердловская,,,2025,2024,205 days 00:42:32.132468658,295242.5355411443,803.5459532118984,0.7140992167101827,Лето,3,7,0.0016136485882468,0.0016136485882468,0.0048409457647404005,69.70961901226525,0,0,,,,,,,road
,2025-07-25 14:17:13.143195198,Свердловская,,,2025,2024,205 days 11:46:51.896152188,295906.86493586976,664.3293947254424,0.7154046997389034,Лето,3,7,0.0016136485882468,0.0016136485882468,0.0048409457647404005,69.70961901226525,0,0,,,,,,,road
,2025-07-25 15:59:33.222951611,Свердловская,,,2025,2024,205 days 13:29:11.975908601,296009.19959847664,102.33466260688147,0.716710182767624,Лето,3,7,0.0016136485882468,0.0016136485882468,0.0048409457647404005,69.70961901226525,0,0,,,,,,,road
,2025-07-26 07:23:41.263294662,Свердловская,,,2025,2024,206 days 04:53:20.016251652,296933.3336041942,924.1340057175839,0.7180156657963447,Лето,3,7,0.0016136485882468,0.0016136485882468,0.0048409457647404005,69.70961901226525,0,0,,,,,,,road
,2025-07-26 08:37:40.034358906,Свердловская,,,2025,2024,206 days 06:07:18.787315896,297007.3131219316,73.97951773740351,0.7193211488250653,Лето,3,7,0.0016136485882468,0.0016136485882468,0.0048409457647404005,69.70961901226525,0,0,,,,,,,road
,2025-07-26 22:04:18.581004114,Свердловская,,,2025,2024,206 days 19:33:57.333961104,297813.9555660184,806.642444086785,0.720626631853786,Лето,3,7,0.0016136485882468,0.0016136485882468,0.0048409457647404005,69.70961901226525,0,0,,,,,,,road
,2025-07-28 22:41:18.796970694,Свердловская,,,2025,2024,208 days 20:10:57.549927684,300730.9591654614,2917.0035994430073,0.7219321148825065,Лето,3,7,0.0016136485882468,0.0016136485882468,0.0048409457647404005,69.70961901226525,0,0,,,,,,,road
,2025-07-30 07:25:35.076773970,Свердловская,,,2025,2024,210 days 04:55:13.829730960,302695.23049551604,1964.2713300546166,0.7232375979112271,Лето,3,7,0.0016136485882468,0.0016136485882468,0.0048409457647404005,69.70961901226525,0,0,,,,,,,road
,2025-07-31 00:03:43.482609138,Свердловская,,,2025,2024,210 days 21:33:22.235566128,303693.3705927688,998.1400972527917,0.7245430809399478,Лето,3,7,0.0016136485882468,0.0016136485882468,0.0048409457647404005,69.70961901226525,0,0,,,,,,,road
,2025-07-31 07:57:36.461874204,Свердловская,,,2025,2024,211 days 05:27:15.214831194,304167.2535805199,473.8829877510434,0.7258485639686684,Лето,3,7,0.0016136485882468,0.0016136485882468,0.0048409457647404005,69.70961901226525,0,0,,,,,,,road
,2025-07-31 19:33:47.284236060,Свердловская,,,2025,2024,211 days 17:03:26.037193050,304863.43395321746,696.1803726975922,0.7271540469973891,Лето,3,7,0.0016136485882468,0.0016136485882468,0.0048409457647404005,69.70961901226525,0,0,,,,,,,road
,2025-08-01 09:00:52.392236796,Свердловская,,,2025,2024,212 days 06:30:31.145193786,305670.5190865631,807.085133345623,0.7284595300261096,Лето,3,8,0.0016136485882468,0.0016136485882468,0.0048409457647404005,69.70961901226525,0,0,,,,,,,road
,2025-08-01 09:06:06.104258400,Свердловская,,,2025,2024,212 days 06:35:44.857215390,305675.74762025656,5.228533693472855,0.7297650130548303,Лето,3,8,0.0016136485882468,0.0016136485882468,0.0048409457647404005,69.70961901226525,0,0,,,,,,,road
,2025-08-01 10:13:01.592379426,Свердловская,,,2025,2024,212 days 07:42:40.345336416,305742.6724222736,66.92480201704893,0.7310704960835509,Лето,3,8,0.0016136485882468,0.0016136485882468,0.0048409457647404005,69.70961901226525,0,0,,,,,,,road
,2025-08-01 19:36:19.488556302,Свердловская,,,2025,2024,212 days 17:05:58.241513292,306305.97069188824,563.2982696146355,0.7323759791122716,Лето,3,8,0.0016136485882468,0.0016136485882468,0.0048409457647404005,69.70961901226525,0,0,,,,,,,road
,2025-08-01 19:40:23.258498472,Свердловская,,,2025,2024,212 days 17:10:02.011455462,306310.0335242578,4.062832369527314,0.7336814621409922,Лето,3,8,0.0016136485882468,0.0016136485882468,0.0048409457647404005,69.70961901226525,0,0,,,,,,,road
,2025-08-02 20:25:08.063790270,Свердловская,,,2025,2024,213 days 17:54:46.816747260,307794.780279121,1484.7467548632412,0.7349869451697127,Лето,3,8,0.0016136485882468,0.0016136485882468,0.0048409457647404005,69.70961901226525,0,0,,,,,,,road
,2025-08-03 03:22:00.328423572,Свердловская,,,2025,2024,214 days 00:51:39.081380562,308211.65135634266,416.87107722164365,0.7362924281984334,Лето,3,8,0.0016136485882468,0.0016136485882468,0.0048409457647404005,69.70961901226525,0,0,,,,,,,road
,2025-08-03 06:26:44.235030048,Свердловская,,,2025,2024,214 days 03:56:22.987987038,308396.38313311734,184.7317767746863,0.737597911227154,Лето,3,8,0.0016136485882468,0.0016136485882468,0.0048409457647404005,69.70961901226525,0,0,,,,,,,road
,2025-09-01 01:59:59.656798122,Свердловская,,,2025,2024,242 days 23:29:38.409755112,349889.6401625852,41493.257029467844,0.7389033942558747,Осень,4,9,0.0015478445686827,0.0015478445686827,0.0046435337060481,66.86688536709329,0,0,,,,,,,road
,2025-09-01 03:04:49.354906698,Свердловская,,,2025,2024,243 days 00:34:28.107863688,349954.4684643948,64.82830180961173,0.7402088772845953,Осень,4,9,0.0015478445686827,0.0015478445686827,0.0046435337060481,66.86688536709329,0,0,,,,,,,road
,2025-09-01 05:11:56.111438244,Свердловская,,,2025,2024,243 days 02:41:34.864395234,350081.5810732538,127.11260885902448,0.741514360313316,Осень,4,9,0.0015478445686827,0.0015478445686827,0.0046435337060481,66.86688536709329,0,0,,,,,,,road
,2025-09-01 11:00:15.354080736,Свердловская,,,2025,2024,243 days 08:29:54.107037726,350429.9017839621,348.3207107082708,0.7428198433420365,Осень,4,9,0.0015478445686827,0.0015478445686827,0.0046435337060481,66.86688536709329,0,0,,,,,,,road
,2025-09-02 01:25:43.244239344,Свердловская,,,2025,2024,243 days 22:55:21.997196334,351295.3666199389,865.4648359768325,0.7441253263707572,Осень,4,9,0.0015478445686827,0.0015478445686827,0.0046435337060481,66.86688536709329,0,0,,,,,,,road
,2025-09-02 04:51:07.460158188,Свердловская,,,2025,2024,244 days 02:20:46.213115178,351500.77021858626,205.40359864733182,0.7454308093994778,Осень,4,9,0.0015478445686827,0.0015478445686827,0.0046435337060481,66.86688536709329,0,0,,,,,,,road
,2025-09-02 11:01:02.360521872,Свердловская,,,2025,2024,244 days 08:30:41.113478862,351870.68522464775,369.915006061492,0.7467362924281984,Осень,4,9,0.0015478445686827,0.0015478445686827,0.0046435337060481,66.86688536709329,0,0,,,,,,,road
,2025-09-03 15:27:42.671431530,Свердловская,,,2025,2024,245 days 12:57:21.424388520,353577.357073142,1706.6718484942685,0.7480417754569191,Осень,4,9,0.0015478445686827,0.0015478445686827,0.0046435337060481,66.86688536709329,0,0,,,,,,,road
,2025-09-03 19:14:17.980060890,Свердловская,,,2025,2024,245 days 16:43:56.733017880,353803.945550298,226.5884771560086,0.7493472584856397,Осень,4,9,0.0015478445686827,0.0015478445686827,0.0046435337060481,66.86688536709329,0,0,,,,,,,road
,2025-09-04 12:17:15.428735262,Свердловская,,,2025,2024,246 days 09:46:54.181692252,354826.9030282042,1022.957477906195,0.7506527415143603,Осень,4,9,0.0015478445686827,0.0015478445686827,0.0046435337060481,66.86688536709329,0,0,,,,,,,road
,2025-09-04 14:08:13.376209410,Свердловская,,,2025,2024,246 days 11:37:52.129166400,354937.86881943996,110.9657912357361,0.7519582245430809,Осень,4,9,0.0015478445686827,0.0015478445686827,0.0046435337060481,66.86688536709329,0,0,,,,,,,road
,2025-09-04 16:15:06.791018442,Свердловская,,,2025,2024,246 days 13:44:45.543975432,355064.7590662572,126.89024681726005,0.7532637075718016,Осень,4,9,0.0015478445686827,0.0015478445686827,0.0046435337060481,66.86688536709329,0,0,,,,,,,road
,2025-09-04 22:48:37.188394074,Свердловская,,,2025,2024,246 days 20:18:15.941351064,355458.26568918437,393.50662292714696,0.7545691906005222,Осень,4,9,0.0015478445686827,0.0015478445686827,0.0046435337060481,66.86688536709329,0,0,,,,,,,road
,2025-09-05 01:40:55.691747568,Свердловская,,,2025,2024,246 days 23:10:34.444704558,355630.5740784093,172.30838922492694,0.7558746736292428,Осень,4,9,0.0015478445686827,0.0015478445686827,0.0046435337060481,66.86688536709329,0,0,,,,,,,road
,2025-09-06 02:48:24.066609162,Свердловская,,,2025,2024,248 days 00:18:02.819566152,357138.04699276923,1507.4729143599398,0.7571801566579635,Осень,4,9,0.0015478445686827,0.0015478445686827,0.0046435337060481,66.86688536709329,0,0,,,,,,,road
,2025-09-06 03:22:03.086911644,Свердловская,,,2025,2024,248 days 00:51:41.839868634,357171.69733114383,33.65033837460214,0.758485639686684,Осень,4,9,0.0015478445686827,0.0015478445686827,0.0046435337060481,66.86688536709329,0,0,,,,,,,road
,2025-09-06 13:09:38.382193176,Свердловская,,,2025,2024,248 days 10:39:17.135150166,357759.28558583616,587.588254692324,0.7597911227154047,Осень,4,9,0.0015478445686827,0.0015478445686827,0.0046435337060481,66.86688536709329,0,0,,,,,,,road
,2025-09-06 23:08:29.141813508,Свердловская,,,2025,2024,248 days 20:38:07.894770498,358358.13157950825,598.8459936720901,0.7610966057441253,Осень,4,9,0.0015478445686827,0.0015478445686827,0.0046435337060481,66.86688536709329,0,0,,,,,,,road
,2025-09-06 23:52:36.950340696,Свердловская,,,2025,2024,248 days 21:22:15.703297686,358402.26172162814,44.13014211988775,0.762402088772846,Осень,4,9,0.0015478445686827,0.0015478445686827,0.0046435337060481,66.86688536709329,0,0,,,,,,,road
,2025-09-07 14:04:41.300565810,Свердловская,,,2025,2024,249 days 11:34:20.053522800,359254.33422538,852.0725037518423,0.7637075718015666,Осень,4,9,0.0015478445686827,0.0015478445686827,0.0046435337060481,66.86688536709329,0,0,,,,,,,road
,2025-09-07 20:53:30.908032901,Свердловская,,,2025,2024,249 days 18:23:09.660989891,359663.16101649817,408.82679111819016,0.7650130548302873,Осень,4,9,0.0015478445686827,0.0015478445686827,0.0046435337060481,66.86688536709329,0,0,,,,,,,road
,2025-09-08 10:43:03.451870644,Свердловская,,,2025,2024,250 days 08:12:42.204827634,360492.7034137939,829.5423972957069,0.7663185378590078,Осень,4,9,0.0015478445686827,0.0015478445686827,0.0046435337060481,66.86688536709329,0,0,,,,,,,road
,2025-09-09 05:36:15.944397690,Свердловская,,,2025,2024,251 days 03:05:54.697354680,361625.91162257805,1133.20820878417,0.7676240208877284,Осень,4,9,0.0015478445686827,0.0015478445686827,0.0046435337060481,66.86688536709329,0,0,,,,,,,road
,2025-09-09 09:48:11.235325896,Свердловская,,,2025,2024,251 days 07:17:49.988282886,361877.8331380481,251.9215154700796,0.7689295039164491,Осень,4,9,0.0015478445686827,0.0015478445686827,0.0046435337060481,66.86688536709329,0,0,,,,,,,road
,2025-09-09 16:56:15.620080722,Свердловская,,,2025,2024,251 days 14:25:54.373037712,362305.90621729515,428.07307924702764,0.7702349869451697,Осень,4,9,0.0015478445686827,0.0015478445686827,0.0046435337060481,66.86688536709329,0,0,,,,,,,road
,2025-09-09 20:11:27.404655300,Свердловская,,,2025,2024,251 days 17:41:06.157612290,362501.10262687143,195.19640957628144,0.7715404699738904,Осень,4,9,0.0015478445686827,0.0015478445686827,0.0046435337060481,66.86688536709329,0,0,,,,,,,road
,2025-09-09 22:36:50.651564178,Свердловская,,,2025,2024,251 days 20:06:29.404521168,362646.4900753528,145.3874484813423,0.7728459530026109,Осень,4,9,0.0015478445686827,0.0015478445686827,0.0046435337060481,66.86688536709329,0,0,,,,,,,road
,2025-09-09 22:37:13.713375168,Свердловская,,,2025,2024,251 days 20:06:52.466332158,362646.87443886936,0.3843635165831074,0.7741514360313316,Осень,4,9,0.0015478445686827,0.0015478445686827,0.0046435337060481,66.86688536709329,0,0,,,,,,,road
,2025-09-11 10:18:18.263220294,Свердловская,,,2025,2024,253 days 07:47:57.016177284,364787.95026962145,2141.075830752088,0.7754569190600522,Осень,4,9,0.0015478445686827,0.0015478445686827,0.0046435337060481,66.86688536709329,0,0,,,,,,,road
,2025-09-11 16:33:58.427676150,Свердловская,,,2025,2024,253 days 14:03:37.180633140,365163.61967721896,375.66940759751014,0.7767624020887729,Осень,4,9,0.0015478445686827,0.0015478445686827,0.0046435337060481,66.86688536709329,0,0,,,,,,,road
,2025-09-11 16:42:28.398807720,Свердловская,,,2025,2024,253 days 14:12:07.151764710,365172.11919607857,8.499518859607633,0.7780678851174935,Осень,4,9,0.0015478445686827,0.0015478445686827,0.0046435337060481,66.86688536709329,0,0,,,,,,,road
,2025-09-11 16:48:16.447952976,Свердловская,,,2025,2024,253 days 14:17:55.200909966,365177.92001516616,5.8008190875989385,0.779373368146214,Осень,4,9,0.0015478445686827,0.0015478445686827,0.0046435337060481,66.86688536709329,0,0,,,,,,,road
,2025-09-11 20:28:02.759200680,Свердловская,,,2025,2024,253 days 17:57:41.512157670,365397.6918692945,219.77185412833933,0.7806788511749347,Осень,4,9,0.0015478445686827,0.0015478445686827,0.0046435337060481,66.86688536709329,0,0,,,,,,,road
,2025-09-11 20:37:06.833992860,Свердловская,,,2025,2024,253 days 18:06:45.586949850,365406.7597824975,9.067913202976342,0.7819843342036553,Осень,4,9,0.0015478445686827,0.0015478445686827,0.0046435337060481,66.86688536709329,0,0,,,,,,,road
,2025-09-12 01:40:15.765687941,Свердловская,,,2025,2024,253 days 23:09:54.518644931,365709.9086440822,303.14886158471927,0.783289817232376,Осень,4,9,0.0015478445686827,0.0015478445686827,0.0046435337060481,66.86688536709329,0,0,,,,,,,road
,2025-09-12 02:22:15.645270552,Свердловская,,,2025,2024,253 days 23:51:54.398227542,365751.9066371257,41.99799304350745,0.7845953002610966,Осень,4,9,0.0015478445686827,0.0015478445686827,0.0046435337060481,66.86688536709329,0,0,,,,,,,road
,2025-09-12 02:48:07.843979766,Свердловская,,,2025,2024,254 days 00:17:46.596936756,365777.77661561256,25.869978486851323,0.7859007832898173,Осень,4,9,0.0015478445686827,0.0015478445686827,0.0046435337060481,66.86688536709329,0,0,,,,,,,road
,2025-09-12 14:43:10.981864770,Свердловская,,,2025,2024,254 days 12:12:49.734821760,366492.828913696,715.0522980834357,0.7872062663185379,Осень,4,9,0.0015478445686827,0.0015478445686827,0.0046435337060481,66.86688536709329,0,0,,,,,,,road
,2025-09-13 16:16:34.431949410,Свердловская,,,2025,2024,255 days 13:46:13.184906400,368026.21974844,1533.3908347440301,0.7885117493472585,Осень,4,9,0.0015478445686827,0.0015478445686827,0.0046435337060481,66.86688536709329,0,0,,,,,,,road
,2025-09-13 21:56:47.085914334,Свердловская,,,2025,2024,255 days 19:26:25.838871324,368366.4306478554,340.21089941536775,0.7898172323759791,Осень,4,9,0.0015478445686827,0.0015478445686827,0.0046435337060481,66.86688536709329,0,0,,,,,,,road
,2025-09-14 17:27:49.864329060,Свердловская,,,2025,2024,256 days 14:57:28.617286050,369537.4769547675,1171.0463069120888,0.7911227154046997,Осень,4,9,0.0015478445686827,0.0015478445686827,0.0046435337060481,66.86688536709329,0,0,,,,,,,road
,2025-09-14 17:47:01.229450544,Свердловская,,,2025,2024,256 days 15:16:39.982407534,369556.6663734589,19.18941869144328,0.7924281984334204,Осень,4,9,0.0015478445686827,0.0015478445686827,0.0046435337060481,66.86688536709329,0,0,,,,,,,road
,2025-09-15 09:58:29.358257214,Свердловская,,,2025,2024,257 days 07:28:08.111214204,370528.1351869034,971.4688134444878,0.793733681462141,Осень,4,9,0.0015478445686827,0.0015478445686827,0.0046435337060481,66.86688536709329,0,0,,,,,,,road
,2025-09-15 10:40:23.508533124,Свердловская,,,2025,2024,257 days 08:10:02.261490114,370570.03769150184,41.90250459843082,0.7950391644908616,Осень,4,9,0.0015478445686827,0.0015478445686827,0.0046435337060481,66.86688536709329,0,0,,,,,,,road
,2025-09-16 06:18:04.677812064,Свердловская,,,2025,2024,258 days 03:47:43.430769054,371747.7238461509,1177.686154649069,0.7963446475195822,Осень,4,9,0.0015478445686827,0.0015478445686827,0.0046435337060481,66.86688536709329,0,0,,,,,,,road
,2025-09-17 05:20:45.724859088,Свердловская,,,2025,2024,259 days 02:50:24.477816078,373130.4079636013,1382.6841174503788,0.7976501305483029,Осень,4,9,0.0015478445686827,0.0015478445686827,0.0046435337060481,66.86688536709329,0,0,,,,,,,road
,2025-09-17 21:56:45.874066458,Свердловская,,,2025,2024,259 days 19:26:24.627023448,374126.4104503908,996.0024867894826,0.7989556135770235,Осень,4,9,0.0015478445686827,0.0015478445686827,0.0046435337060481,66.86688536709329,0,0,,,,,,,road
,2025-09-18 16:27:19.245078588,Свердловская,,,2025,2024,260 days 13:56:57.998035578,375236.96663392626,1110.5561835354893,0.8002610966057441,Осень,4,9,0.0015478445686827,0.0015478445686827,0.0046435337060481,66.86688536709329,0,0,,,,,,,road
,2025-09-19 01:19:54.402125862,Свердловская,,,2025,2024,260 days 22:49:33.155082852,375769.5525847142,532.5859507879359,0.8015665796344648,Осень,4,9,0.0015478445686827,0.0015478445686827,0.0046435337060481,66.86688536709329,0,0,,,,,,,road
,2025-09-19 04:38:43.051457046,Свердловская,,,2025,2024,261 days 02:08:21.804414036,375968.3634069006,198.8108221864095,0.8028720626631853,Осень,4,9,0.0015478445686827,0.0015478445686827,0.0046435337060481,66.86688536709329,0,0,,,,,,,road
,2025-09-19 15:44:35.387516010,Свердловская,,,2025,2024,261 days 13:14:14.140473,376634.23567455,665.8722676493926,0.804177545691906,Осень,4,9,0.0015478445686827,0.0015478445686827,0.0046435337060481,66.86688536709329,0,0,,,,,,,road
,2025-09-19 21:58:39.514967202,Свердловская,,,2025,2024,261 days 19:28:18.267924192,377008.3044654032,374.06879085319815,0.8054830287206266,Осень,4,9,0.0015478445686827,0.0015478445686827,0.0046435337060481,66.86688536709329,0,0,,,,,,,road
,2025-09-19 22:02:06.933127860,Свердловская,,,2025,2024,261 days 19:31:45.686084850,377011.7614347475,3.4569693442899734,0.8067885117493473,Осень,4,9,0.0015478445686827,0.0015478445686827,0.0046435337060481,66.86688536709329,0,0,,,,,,,road
,2025-09-20 05:00:39.555916272,Свердловская,,,2025,2024,262 days 02:30:18.308873262,377430.30514788773,418.5437131402432,0.8080939947780679,Осень,4,9,0.0015478445686827,0.0015478445686827,0.0046435337060481,66.86688536709329,0,0,,,,,,,road
,2025-09-20 16:21:06.212114514,Свердловская,,,2025,2024,262 days 13:50:44.965071504,378110.7494178584,680.4442699706415,0.8093994778067886,Осень,4,9,0.0015478445686827,0.0015478445686827,0.0046435337060481,66.86688536709329,0,0,,,,,,,road
,2025-09-20 16:30:08.163396575,Свердловская,,,2025,2024,262 days 13:59:46.916353565,378119.7819392261,9.032521367713343,0.8107049608355091,Осень,4,9,0.0015478445686827,0.0015478445686827,0.0046435337060481,66.86688536709329,0,0,,,,,,,road
,2025-09-21 02:57:34.202309250,Свердловская,,,2025,2024,263 days 00:27:12.955266240,378747.215921104,627.4339818779263,0.8120104438642297,Осень,4,9,0.0015478445686827,0.0015478445686827,0.0046435337060481,66.86688536709329,0,0,,,,,,,road
,2025-09-21 14:20:30.504039996,Свердловская,,,2025,2024,263 days 11:50:09.256996986,379430.1542832831,682.9383621790912,0.8133159268929504,Осень,4,9,0.0015478445686827,0.0015478445686827,0.0046435337060481,66.86688536709329,0,0,,,,,,,road
,2025-09-21 16:11:41.834282604,Свердловская,,,2025,2024,263 days 13:41:20.587239594,379541.3431206599,111.18883737677243,0.814621409921671,Осень,4,9,0.0015478445686827,0.0015478445686827,0.0046435337060481,66.86688536709329,0,0,,,,,,,road
,2025-09-21 22:16:04.697372274,Свердловская,,,2025,2024,263 days 19:45:43.450329264,379905.7241721544,364.3810514945071,0.8159268929503917,Осень,4,9,0.0015478445686827,0.0015478445686827,0.0046435337060481,66.86688536709329,0,0,,,,,,,road
,2025-09-23 10:09:43.803671208,Свердловская,,,2025,2024,265 days 07:39:22.556628198,382059.37594380334,2153.6517716489616,0.8172323759791122,Осень,4,9,0.0015478445686827,0.0015478445686827,0.0046435337060481,66.86688536709329,0,0,,,,,,,road
,2025-09-24 09:22:30.244550586,Свердловская,,,2025,2024,266 days 06:52:08.997507576,383452.1499584596,1392.7740146562573,0.8185378590078329,Осень,4,9,0.0015478445686827,0.0015478445686827,0.0046435337060481,66.86688536709329,0,0,,,,,,,road
,2025-09-24 15:04:17.185557000,Свердловская,,,2025,2024,266 days 12:33:55.938513990,383793.9323085665,341.7823501069215,0.8198433420365535,Осень,4,9,0.0015478445686827,0.0015478445686827,0.0046435337060481,66.86688536709329,0,0,,,,,,,road
,2025-09-24 18:53:24.853312770,Свердловская,,,2025,2024,266 days 16:23:03.606269760,384023.06010449596,229.12779592943843,0.8211488250652742,Осень,4,9,0.00187906679579393,0.0015478445686827,0.0046435337060481,66.86688536709329,0,1,,,,,,,road
,2025-09-24 19:49:49.496588880,Свердловская,,,2025,2024,266 days 17:19:28.249545870,384079.4708257645,56.410721268563066,0.8224543080939948,Осень,4,9,0.002348512674190059,0.0015478445686827,0.0046435337060481,66.86688536709329,0,1,,,,,,,road
,2025-09-24 20:02:36.604411446,Свердловская,,,2025,2024,266 days 17:32:15.357368436,384092.2559561406,12.78513037605444,0.8237597911227154,Осень,4,9,0.002801937744634259,0.0015478445686827,0.0046435337060481,66.86688536709329,0,1,,,,,,,road
,2025-09-24 21:49:49.589643222,Свердловская,,,2025,2024,266 days 19:19:28.342600212,384199.47237667016,107.21642052958487,0.825065274151436,Осень,4,9,0.003292936768326843,0.0015478445686827,0.0046435337060481,66.86688536709329,0,1,,,,,,,road
,2025-09-25 11:54:58.840934718,Свердловская,,,2025,2024,267 days 09:24:37.593891708,385044.6265648618,845.1541881916346,0.8263707571801566,Осень,4,9,0.003334473630385982,0.0015478445686827,0.0046435337060481,66.86688536709329,0,1,,,,,,,road
,2025-09-26 01:39:18.498615066,Свердловская,,,2025,2024,267 days 23:08:57.251572056,385868.9541928676,824.3276280058199,0.8276762402088773,Осень,4,9,0.003863511611386484,0.0015478445686827,0.0046435337060481,66.86688536709329,0,1,,,,,,,road
,2025-09-26 08:44:49.914104988,Свердловская,,,2025,2024,268 days 06:14:28.667061978,386294.4777843663,425.5235914986697,0.8289817232375979,Осень,4,9,0.003934163985446557,0.0015478445686827,0.0046435337060481,66.86688536709329,0,1,,,,,,,road
,2025-09-26 10:29:03.457526382,Свердловская,,,2025,2024,268 days 07:58:42.210483372,386398.7035080562,104.22572368988767,0.8302872062663186,Осень,4,9,0.004145355392741124,0.0015478445686827,0.0046435337060481,66.86688536709329,0,1,,,,,,,road
,2025-09-26 11:06:15.907142478,Свердловская,,,2025,2024,268 days 08:35:54.660099468,386435.91100165783,37.207493601657916,0.8315926892950392,Осень,4,9,0.004167133360704133,0.0015478445686827,0.0046435337060481,66.86688536709329,0,1,,,,,,,road
,2025-09-26 14:43:21.278473920,Свердловская,,,2025,2024,268 days 12:13:00.031430910,386653.0005238485,217.08952219068306,0.8328981723237598,Осень,4,9,0.004169645290847512,0.0015478445686827,0.0046435337060481,66.86688536709329,0,1,,,,,,,road
,2025-09-26 18:27:17.846711358,Свердловская,,,2025,2024,268 days 15:56:56.599668348,386876.9433278058,223.94280395726673,0.8342036553524804,Осень,4,9,0.0046435337060481,0.0015478445686827,0.0046435337060481,66.86688536709329,1,0,,,,,,,road
,2025-09-26 20:26:18.665699598,Свердловская,,,2025,2024,268 days 17:55:57.418656588,386995.9569776098,119.01364980399376,0.835509138381201,Осень,4,9,0.0046435337060481,0.0015478445686827,0.0046435337060481,66.86688536709329,1,0,,,,,,,road
,2025-09-27 00:39:40.571746008,Свердловская,,,2025,2024,268 days 22:09:19.324702998,387249.32207838335,253.36510077357525,0.8368146214099217,Осень,4,9,0.0046435337060481,0.0015478445686827,0.0046435337060481,66.86688536709329,1,0,,,,,,,road
,2025-09-27 05:35:22.782287004,Свердловская,,,2025,2024,269 days 03:05:01.535243994,387545.02558739984,295.70350901648635,0.8381201044386423,Осень,4,9,0.0046435337060481,0.0015478445686827,0.0046435337060481,66.86688536709329,1,0,,,,,,,road
,2025-09-27 11:04:28.203250860,Свердловская,,,2025,2024,269 days 08:34:06.956207850,387874.11593679746,329.09034939762205,0.839425587467363,Осень,4,9,0.0046435337060481,0.0015478445686827,0.0046435337060481,66.86688536709329,1,0,,,,,,,road
,2025-09-27 13:34:44.018049084,Свердловская,,,2025,2024,269 days 11:04:22.771006074,388024.3795167679,150.26357997045852,0.8407310704960835,Осень,4,9,0.0046435337060481,0.0015478445686827,0.0046435337060481,66.86688536709329,1,0,,,,,,,road
,2025-09-27 19:12:30.803095290,Свердловская,,,2025,2024,269 days 16:42:09.556052280,388362.159267538,337.7797507700743,0.8420365535248042,Осень,4,9,0.0046435337060481,0.0015478445686827,0.0046435337060481,66.86688536709329,1,0,,,,,,,road
,2025-09-27 19:18:04.254790097,Свердловская,,,2025,2024,269 days 16:47:43.007747087,388367.71679578477,5.557528246776201,0.8433420365535248,Осень,4,9,0.0046435337060481,0.0015478445686827,0.0046435337060481,66.86688536709329,1,0,,,,,,,road
,2025-09-27 23:23:43.444388340,Свердловская,,,2025,2024,269 days 20:53:22.197345330,388613.3699557555,245.65315997070866,0.8446475195822454,Осень,4,9,0.0046435337060481,0.0015478445686827,0.0046435337060481,66.86688536709329,1,0,,,,,,,road
,2025-09-28 00:21:35.478934734,Свердловская,,,2025,2024,269 days 21:51:14.231891724,388671.2371981954,57.86724243994104,0.8459530026109661,Осень,4,9,0.0046435337060481,0.0015478445686827,0.0046435337060481,66.86688536709329,1,0,,,,,,,road
,2025-09-28 01:29:31.130116673,Свердловская,,,2025,2024,269 days 22:59:09.883073663,388739.1647178944,67.92751969897654,0.8472584856396866,Осень,4,9,0.0046435337060481,0.0015478445686827,0.0046435337060481,66.86688536709329,1,0,,,,,,,road
,2025-09-28 01:50:08.233018277,Свердловская,,,2025,2024,269 days 23:19:46.985975267,388759.78309958783,20.618381693435367,0.8485639686684073,Осень,4,9,0.0046435337060481,0.0015478445686827,0.0046435337060481,66.86688536709329,1,0,,,,,,,road
,2025-09-28 02:36:09.218422230,Свердловская,,,2025,2024,270 days 00:05:47.971379220,388805.799522987,46.0164233991527,0.8498694516971279,Осень,4,9,0.0046435337060481,0.0015478445686827,0.0046435337060481,66.86688536709329,1,0,,,,,,,road
,2025-09-28 19:56:10.101433062,Свердловская,,,2025,2024,270 days 17:25:48.854390052,389845.8142398342,1040.0147168472176,0.8511749347258486,Осень,4,9,0.0046435337060481,0.0015478445686827,0.0046435337060481,66.86688536709329,1,0,,,,,,,road
,2025-09-28 21:51:46.334630286,Свердловская,,,2025,2024,270 days 19:21:25.087587276,389961.4181264546,115.6038866203744,0.8524804177545692,Осень,4,9,0.0046435337060481,0.0015478445686827,0.0046435337060481,66.86688536709329,1,0,,,,,,,road
,2025-09-29 07:17:41.114826090,Свердловская,,,2025,2024,271 days 04:47:19.867783080,390527.331129718,565.913003263413,0.8537859007832899,Осень,4,9,0.0046435337060481,0.0015478445686827,0.0046435337060481,66.86688536709329,1,0,,,,,,,road
,2025-09-29 07:55:58.647553764,Свердловская,,,2025,2024,271 days 05:25:37.400510754,390565.6233418459,38.29221212788252,0.8550913838120104,Осень,4,9,0.0046435337060481,0.0015478445686827,0.0046435337060481,66.86688536709329,1,0,,,,,,,road
,2025-09-29 08:45:07.651901129,Свердловская,,,2025,2024,271 days 06:14:46.404858119,390614.773414302,49.15007245610468,0.856396866840731,Осень,4,9,0.0046435337060481,0.0015478445686827,0.0046435337060481,66.86688536709329,1,0,,,,,,,road
,2025-09-29 11:40:51.646125252,Свердловская,,,2025,2024,271 days 09:10:30.399082242,390790.50665137067,175.7332370686927,0.8577023498694517,Осень,4,9,0.0046435337060481,0.0015478445686827,0.0046435337060481,66.86688536709329,1,0,,,,,,,road
,2025-09-29 13:13:28.586600970,Свердловская,,,2025,2024,271 days 10:43:07.339557960,390883.122325966,92.61567459534854,0.8590078328981723,Осень,4,9,0.0046435337060481,0.0015478445686827,0.0046435337060481,66.86688536709329,1,0,,,,,,,road
,2025-09-29 16:55:50.835806364,Свердловская,,,2025,2024,271 days 14:25:29.588763354,391105.4931460559,222.37082008988364,0.860313315926893,Осень,4,9,0.0046435337060481,0.0015478445686827,0.0046435337060481,66.86688536709329,1,0,,,,,,,road
,2025-09-29 18:53:55.035415044,Свердловская,,,2025,2024,271 days 16:23:33.788372034,391223.56313953386,118.069993477955,0.8616187989556136,Осень,4,9,0.0046435337060481,0.0015478445686827,0.0046435337060481,66.86688536709329,1,0,,,,,,,road
,2025-09-30 00:53:22.746897000,Свердловская,,,2025,2024,271 days 22:23:01.499853990,391583.02499756654,359.4618580326787,0.8629242819843342,Осень,4,9,0.0046435337060481,0.0015478445686827,0.0046435337060481,66.86688536709329,1,0,,,,,,,road
,2025-09-30 02:55:01.385141328,Свердловская,,,2025,2024,272 days 00:24:40.138098318,391704.66896830534,121.64397073880536,0.8642297650130548,Осень,4,9,0.0046435337060481,0.0015478445686827,0.0046435337060481,66.86688536709329,1,0,,,,,,,road
,2025-09-30 05:57:57.270968496,Свердловская,,,2025,2024,272 days 03:27:36.023925486,391887.60039875814,182.9314304527943,0.8655352480417755,Осень,4,9,0.0046435337060481,0.0015478445686827,0.0046435337060481,66.86688536709329,1,0,,,,,,,road
,2025-09-30 07:21:20.899507188,Свердловская,,,2025,2024,272 days 04:50:59.652464178,391970.9942077363,83.39380897814408,0.8668407310704961,Осень,4,9,0.0046435337060481,0.0015478445686827,0.0046435337060481,66.86688536709329,1,0,,,,,,,road
,2025-09-30 11:43:32.896504259,Свердловская,,,2025,2024,272 days 09:13:11.649461249,392233.1941576874,262.19994995114394,0.8681462140992167,Осень,4,9,0.0046435337060481,0.0015478445686827,0.0046435337060481,66.86688536709329,1,0,,,,,,,road
,2025-09-30 15:32:33.820771266,Свердловская,,,2025,2024,272 days 13:02:12.573728256,392462.2095621376,229.01540445018327,0.8694516971279374,Осень,4,9,0.0046435337060481,0.0015478445686827,0.0046435337060481,66.86688536709329,1,0,,,,,,,road
,2025-09-30 17:21:29.874910260,Свердловская,,,2025,2024,272 days 14:51:08.627867250,392571.1437977875,108.93423564988188,0.8707571801566579,Осень,4,9,0.0046435337060481,0.0015478445686827,0.0046435337060481,66.86688536709329,1,0,,,,,,,road
,2025-09-30 18:31:03.526903308,Свердловская,,,2025,2024,272 days 16:00:42.279860298,392640.70466433826,69.56086655077524,0.8720626631853786,Осень,4,9,0.0046435337060481,0.0015478445686827,0.0046435337060481,66.86688536709329,1,0,,,,,,,road
,2025-09-30 21:56:06.937290072,Свердловская,,,2025,2024,272 days 19:25:45.690247062,392845.7615041177,205.0568397794268,0.8733681462140992,Осень,4,9,0.0046435337060481,0.0015478445686827,0.0046435337060481,66.86688536709329,1,0,,,,,,,road
,2025-10-01 08:13:36.756465582,Свердловская,,,2025,2024,273 days 05:43:15.509422572,393463.2584903762,617.496986258484,0.8746736292428199,Осень,4,10,0.0046435337060481,0.0015478445686827,0.0046435337060481,66.86688536709329,1,0,,,,,,,road
,2025-10-01 08:44:15.502458918,Свердловская,,,2025,2024,273 days 06:13:54.255415908,393493.9042569318,30.645766555622686,0.8759791122715405,Осень,4,10,0.0046435337060481,0.0015478445686827,0.0046435337060481,66.86688536709329,1,0,,,,,,,road
,2025-10-01 14:29:54.415946058,Свердловская,,,2025,2024,273 days 11:59:33.168903048,393839.5528150508,345.6485581190209,0.8772845953002611,Осень,4,10,0.0046435337060481,0.0015478445686827,0.0046435337060481,66.86688536709329,1,0,,,,,,,road
,2025-10-01 17:18:32.407138265,Свердловская,,,2025,2024,273 days 14:48:11.160095255,394008.1860015876,168.6331865367829,0.8785900783289817,Осень,4,10,0.0046435337060481,0.0015478445686827,0.0046435337060481,66.86688536709329,1,0,,,,,,,road
,2025-10-02 01:20:15.288877578,Свердловская,,,2025,2024,273 days 22:49:54.041834568,394489.90069724276,481.7146956551587,0.8798955613577023,Осень,4,10,0.0015478445686827,0.0015478445686827,0.0046435337060481,66.86688536709329,0,0,,,,,,,road
,2025-10-03 12:27:37.890402924,Свердловская,,,2025,2024,275 days 09:57:16.643359914,396597.27738933184,2107.3766920890776,0.881201044386423,Осень,4,10,0.0015478445686827,0.0015478445686827,0.0046435337060481,66.86688536709329,0,0,,,,,,,road
,2025-10-03 22:29:10.144095570,Свердловская,,,2025,2024,275 days 19:58:48.897052560,397198.814950876,601.537561544159,0.8825065274151436,Осень,4,10,0.0015478445686827,0.0015478445686827,0.0046435337060481,66.86688536709329,0,0,,,,,,,road
,2025-10-04 17:35:55.794432720,Свердловская,,,2025,2024,276 days 15:05:34.547389710,398345.57578982855,1146.7608389525558,0.8838120104438643,Осень,4,10,0.0015478445686827,0.0015478445686827,0.0046435337060481,66.86688536709329,0,0,,,,,,,road
,2025-10-05 01:22:43.611719160,Свердловская,,,2025,2024,276 days 22:52:22.364676150,398812.3727446025,466.7969547739485,0.8851174934725848,Осень,4,10,0.0015478445686827,0.0015478445686827,0.0046435337060481,66.86688536709329,0,0,,,,,,,road
,2025-10-05 04:28:27.621410502,Свердловская,,,2025,2024,277 days 01:58:06.374367492,398998.1062394582,185.73349485569634,0.8864229765013055,Осень,4,10,0.0015478445686827,0.0015478445686827,0.0046435337060481,66.86688536709329,0,0,,,,,,,road
,2025-10-05 17:14:32.455873139,Свердловская,,,2025,2024,277 days 14:44:11.208830129,399764.18681383546,766.0805743772653,0.8877284595300261,Осень,4,10,0.0015478445686827,0.0015478445686827,0.0046435337060481,66.86688536709329,0,0,,,,,,,road
,2025-10-06 20:52:29.496885162,Свердловская,,,2025,2024,278 days 18:22:08.249842152,401422.1374973692,1657.950683533738,0.8890339425587467,Осень,4,10,0.0015478445686827,0.0015478445686827,0.0046435337060481,66.86688536709329,0,0,,,,,,,road
,2025-10-07 16:41:26.088594162,Свердловская,,,2025,2024,279 days 14:11:04.841551152,402611.0806925192,1188.943195150001,0.8903394255874674,Осень,4,10,0.0015478445686827,0.0015478445686827,0.0046435337060481,66.86688536709329,0,0,,,,,,,road
,2025-10-07 19:04:16.722342221,Свердловская,,,2025,2024,279 days 16:33:55.475299211,402753.9245883202,142.84389580099378,0.891644908616188,Осень,4,10,0.0015478445686827,0.0015478445686827,0.0046435337060481,66.86688536709329,0,0,,,,,,,road
,2025-10-07 23:10:29.449384164,Свердловская,,,2025,2024,279 days 20:40:08.202341154,403000.1367056858,246.21211736561963,0.8929503916449086,Осень,4,10,0.0015478445686827,0.0015478445686827,0.0046435337060481,66.86688536709329,0,0,,,,,,,road
,2025-10-08 07:00:29.629896348,Свердловская,,,2025,2024,280 days 04:30:08.382853338,403470.1397142223,470.0030085364706,0.8942558746736292,Осень,4,10,0.0015478445686827,0.0015478445686827,0.0046435337060481,66.86688536709329,0,0,,,,,,,road
,2025-10-08 16:08:09.736765620,Свердловская,,,2025,2024,280 days 13:37:48.489722610,404017.8081620435,547.6684478212264,0.8955613577023499,Осень,4,10,0.0015478445686827,0.0015478445686827,0.0046435337060481,66.86688536709329,0,0,,,,,,,road
,2025-10-08 18:27:20.999167632,Свердловская,,,2025,2024,280 days 15:56:59.752124622,404156.9958687437,139.18770670017693,0.8968668407310705,Осень,4,10,0.0015478445686827,0.0015478445686827,0.0046435337060481,66.86688536709329,0,0,,,,,,,road
,2025-10-08 21:16:13.054887372,Свердловская,,,2025,2024,280 days 18:45:51.807844362,404325.86346407264,168.8675953289494,0.8981723237597912,Осень,4,10,0.0015478445686827,0.0015478445686827,0.0046435337060481,66.86688536709329,0,0,,,,,,,road
,2025-10-09 12:35:04.855384602,Свердловская,,,2025,2024,281 days 10:04:43.608341592,405244.72680569324,918.8633416205994,0.8994778067885117,Осень,4,10,0.0015478445686827,0.0015478445686827,0.0046435337060481,66.86688536709329,0,0,,,,,,,road
,2025-10-10 02:41:44.902968528,Свердловская,,,2025,2024,282 days 00:11:23.655925518,406091.39426542533,846.6674597320962,0.9007832898172323,Осень,4,10,0.0015478445686827,0.0015478445686827,0.0046435337060481,66.86688536709329,0,0,,,,,,,road
,2025-10-10 22:22:31.114974395,Свердловская,,,2025,2024,282 days 19:52:09.867931385,407272.1644655231,1180.7702000977588,0.902088772845953,Осень,4,10,0.0015478445686827,0.0015478445686827,0.0046435337060481,66.86688536709329,0,0,,,,,,,road
,2025-10-12 03:28:10.916765802,Свердловская,,,2025,2024,284 days 00:57:49.669722792,409017.82782871317,1745.6633631900768,0.9033942558746736,Осень,4,10,0.0015478445686827,0.0015478445686827,0.0046435337060481,66.86688536709329,0,0,,,,,,,road
,2025-10-12 07:26:17.108344200,Свердловская,,,2025,2024,284 days 04:55:55.861301190,409255.9310216865,238.1031929733581,0.9046997389033943,Осень,4,10,0.0015478445686827,0.0015478445686827,0.0046435337060481,66.86688536709329,0,0,,,,,,,road
,2025-10-13 04:34:38.697840786,Свердловская,,,2025,2024,285 days 02:04:17.450797776,410524.29084662965,1268.3598249431234,0.9060052219321149,Осень,4,10,0.0015478445686827,0.0015478445686827,0.0046435337060481,66.86688536709329,0,0,,,,,,,road
,2025-10-13 16:23:08.764240440,Свердловская,,,2025,2024,285 days 13:52:47.517197430,411232.7919532906,708.5011066609295,0.9073107049608355,Осень,4,10,0.0015478445686827,0.0015478445686827,0.0046435337060481,66.86688536709329,0,0,,,,,,,road
,2025-10-15 02:27:41.331440394,Свердловская,,,2025,2024,286 days 23:57:20.084397384,413277.33473995636,2044.5427866657847,0.9086161879895561,Осень,4,10,0.0015478445686827,0.0015478445686827,0.0046435337060481,66.86688536709329,0,0,,,,,,,road
,2025-10-15 05:52:50.943338196,Свердловская,,,2025,2024,287 days 03:22:29.696295186,413482.4949382531,205.16019829671131,0.9099216710182768,Осень,4,10,0.0015478445686827,0.0015478445686827,0.0046435337060481,66.86688536709329,0,0,,,,,,,road
,2025-10-15 09:15:52.819528968,Свердловская,,,2025,2024,287 days 06:45:31.572485958,413685.5262080993,203.03126984625123,0.9112271540469974,Осень,4,10,0.0015478445686827,0.0015478445686827,0.0046435337060481,66.86688536709329,0,0,,,,,,,road
,2025-10-15 22:23:01.891043166,Свердловская,,,2025,2024,287 days 19:52:40.644000156,414472.6774000026,787.1511919032782,0.912532637075718,Осень,4,10,0.0015478445686827,0.0015478445686827,0.0046435337060481,66.86688536709329,0,0,,,,,,,road
,2025-10-17 02:46:34.118746769,Свердловская,,,2025,2024,289 days 00:16:12.871703759,416176.21452839597,1703.5371283933637,0.9138381201044387,Осень,4,10,0.0015478445686827,0.0015478445686827,0.0046435337060481,66.86688536709329,0,0,,,,,,,road
,2025-10-17 21:30:59.589576696,Свердловская,,,2025,2024,289 days 19:00:38.342533686,417300.63904222817,1124.4245138322003,0.9151436031331592,Осень,4,10,0.0015478445686827,0.0015478445686827,0.0046435337060481,66.86688536709329,0,0,,,,,,,road
,2025-10-18 11:29:51.325239660,Свердловская,,,2025,2024,290 days 08:59:30.078196650,418139.5013032775,838.862261049333,0.9164490861618799,Осень,4,10,0.0015478445686827,0.0015478445686827,0.0046435337060481,66.86688536709329,0,0,,,,,,,road
,2025-10-18 16:46:21.405313968,Свердловская,,,2025,2024,290 days 14:16:00.158270958,418456.0026378493,316.50133457180345,0.9177545691906005,Осень,4,10,0.0015478445686827,0.0015478445686827,0.0046435337060481,66.86688536709329,0,0,,,,,,,road
,2025-10-19 06:23:38.247367524,Свердловская,,,2025,2024,291 days 03:53:17.000324514,419273.2833387419,817.2807008926175,0.9190600522193212,Осень,4,10,0.0015478445686827,0.0015478445686827,0.0046435337060481,66.86688536709329,0,0,,,,,,,road
,2025-10-19 23:46:58.752064602,Свердловская,,,2025,2024,291 days 21:16:37.505021592,420316.6250836932,1043.3417449512635,0.9203655352480418,Осень,4,10,0.0015478445686827,0.0015478445686827,0.0046435337060481,66.86688536709329,0,0,,,,,,,road
,2025-10-20 14:51:09.323668068,Свердловская,,,2025,2024,292 days 12:20:48.076625058,421220.8012770843,904.1761933910893,0.9216710182767625,Осень,4,10,0.0015478445686827,0.0015478445686827,0.0046435337060481,66.86688536709329,0,0,,,,,,,road
,2025-10-21 03:00:53.462707044,Свердловская,,,2025,2024,293 days 00:30:32.215664034,421950.53692773386,729.7356506495853,0.922976501305483,Осень,4,10,0.0015478445686827,0.0015478445686827,0.0046435337060481,66.86688536709329,0,0,,,,,,,road
,2025-10-21 03:32:04.895170374,Свердловская,,,2025,2024,293 days 01:01:43.648127364,421981.72746878944,31.19054105557734,0.9242819843342036,Осень,4,10,0.0015478445686827,0.0015478445686827,0.0046435337060481,66.86688536709329,0,0,,,,,,,road
,2025-10-21 15:08:30.935026889,Свердловская,,,2025,2024,293 days 12:38:09.687983879,422678.16146639804,696.4339976086048,0.9255874673629243,Осень,4,10,0.0015478445686827,0.0015478445686827,0.0046435337060481,66.86688536709329,0,0,,,,,,,road
,2025-10-21 22:08:52.549822512,Свердловская,,,2025,2024,293 days 19:38:31.302779502,423098.5217129917,420.3602465936565,0.9268929503916449,Осень,4,10,0.0015478445686827,0.0015478445686827,0.0046435337060481,66.86688536709329,0,0,,,,,,,road
,2025-10-23 09:14:19.106840070,Свердловская,,,2025,2024,295 days 06:43:57.859797060,425203.96432995104,2105.4426169593353,0.9281984334203656,Осень,4,10,0.0015478445686827,0.0015478445686827,0.0046435337060481,66.86688536709329,0,0,,,,,,,road
,2025-10-23 19:18:00.920060454,Свердловская,,,2025,2024,295 days 16:47:39.673017444,425807.6612169574,603.6968870063429,0.9295039164490861,Осень,4,10,0.0015478445686827,0.0015478445686827,0.0046435337060481,66.86688536709329,0,0,,,,,,,road
,2025-10-24 05:23:25.239500154,Свердловская,,,2025,2024,296 days 02:53:03.992457144,426413.0665409524,605.4053239950445,0.9308093994778068,Осень,4,10,0.0015478445686827,0.0015478445686827,0.0046435337060481,66.86688536709329,0,0,,,,,,,road
,2025-10-26 12:34:37.756246350,Свердловская,,,2025,2024,298 days 10:04:16.509203340,429724.275153389,3311.2086124366033,0.9321148825065274,Осень,4,10,0.0015478445686827,0.0015478445686827,0.0046435337060481,66.86688536709329,0,0,,,,,,,road
,2025-10-26 13:38:06.708394326,Свердловская,,,2025,2024,298 days 11:07:45.461351316,429787.7576891886,63.48253579955781,0.933420365535248,Осень,4,10,0.0015478445686827,0.0015478445686827,0.0046435337060481,66.86688536709329,0,0,,,,,,,road
,2025-10-26 17:07:02.883400398,Свердловская,,,2025,2024,298 days 14:36:41.636357388,429996.69393928983,208.93625010125106,0.9347258485639687,Осень,4,10,0.0015478445686827,0.0015478445686827,0.0046435337060481,66.86688536709329,0,0,,,,,,,road
,2025-10-27 04:36:36.982471098,Свердловская,,,2025,2024,299 days 02:06:15.735428088,430686.2622571348,689.5683178449399,0.9360313315926893,Осень,4,10,0.0015478445686827,0.0015478445686827,0.0046435337060481,66.86688536709329,0,0,,,,,,,road
,2025-10-27 08:41:16.029987629,Свердловская,,,2025,2024,299 days 06:10:54.782944619,430930.913049077,244.65079194220016,0.9373368146214099,Осень,4,10,0.0015478445686827,0.0015478445686827,0.0046435337060481,66.86688536709329,0,0,,,,,,,road
,2025-10-27 13:15:45.805304970,Свердловская,,,2025,2024,299 days 10:45:24.558261960,431205.40930436604,274.4962552890647,0.9386422976501305,Осень,4,10,0.0015478445686827,0.0015478445686827,0.0046435337060481,66.86688536709329,0,0,,,,,,,road
,2025-10-28 13:17:31.142991665,Свердловская,,,2025,2024,300 days 10:47:09.895948655,432647.1649324776,1441.7556281115394,0.9399477806788512,Осень,4,10,0.0015478445686827,0.0015478445686827,0.0046435337060481,66.86688536709329,0,0,,,,,,,road
,2025-10-28 22:36:58.987434036,Свердловская,,,2025,2024,300 days 20:06:37.740391026,433206.62900651706,559.4640740394825,0.9412532637075718,Осень,4,10,0.0015478445686827,0.0015478445686827,0.0046435337060481,66.86688536709329,0,0,,,,,,,road
,2025-10-28 23:47:06.757841994,Свердловская,,,2025,2024,300 days 21:16:45.510798984,433276.7585133164,70.1295067993342,0.9425587467362925,Осень,4,10,0.0015478445686827,0.0015478445686827,0.0046435337060481,66.86688536709329,0,0,,,,,,,road
,2025-10-29 03:47:39.004925370,Свердловская,,,2025,2024,301 days 01:17:17.757882360,433517.295964706,240.53745138959493,0.943864229765013,Осень,4,10,0.0015478445686827,0.0015478445686827,0.0046435337060481,66.86688536709329,0,0,,,,,,,road
,2025-10-29 04:38:45.451865838,Свердловская,,,2025,2024,301 days 02:08:24.204822828,433568.4034137138,51.10744900780264,0.9451697127937336,Осень,4,10,0.0015478445686827,0.0015478445686827,0.0046435337060481,66.86688536709329,0,0,,,,,,,road
,2025-10-29 13:23:30.140395068,Свердловская,,,2025,2024,301 days 10:53:08.893352058,434093.1482225343,524.7448088204837,0.9464751958224543,Осень,4,10,0.0015478445686827,0.0015478445686827,0.0046435337060481,66.86688536709329,0,0,,,,,,,road
,2025-10-29 15:26:25.878530742,Свердловская,,,2025,2024,301 days 12:56:04.631487732,434216.07719146216,122.92896892788121,0.9477806788511749,Осень,4,10,0.0015478445686827,0.0015478445686827,0.0046435337060481,66.86688536709329,0,0,,,,,,,road
,2025-10-30 12:23:28.808871588,Свердловская,,,2025,2024,302 days 09:53:07.561828578,435473.12603047624,1257.0488390140818,0.9490861618798956,Осень,4,10,0.0015478445686827,0.0015478445686827,0.0046435337060481,66.86688536709329,0,0,,,,,,,road
,2025-10-30 21:39:49.127763630,Свердловская,,,2025,2024,302 days 19:09:27.880720620,436029.464678677,556.3386482007336,0.9503916449086162,Осень,4,10,0.0015478445686827,0.0015478445686827,0.0046435337060481,66.86688536709329,0,0,,,,,,,road
,2025-10-30 22:19:21.901415532,Свердловская,,,2025,2024,302 days 19:49:00.654372522,436069.01090620866,39.546227531682234,0.9516971279373369,Осень,4,10,0.0015478445686827,0.0015478445686827,0.0046435337060481,66.86688536709329,0,0,,,,,,,road
,2025-10-31 02:10:36.421466340,Свердловская,,,2025,2024,302 days 23:40:15.174423330,436300.2529070555,231.24200084683252,0.9530026109660574,Осень,4,10,0.0015478445686827,0.0015478445686827,0.0046435337060481,66.86688536709329,0,0,,,,,,,road
,2025-10-31 12:29:31.640637018,Свердловская,,,2025,2024,303 days 09:59:10.393594008,436919.1732265668,618.9203195113223,0.9543080939947781,Осень,4,10,0.0015478445686827,0.0015478445686827,0.0046435337060481,66.86688536709329,0,0,,,,,,,road
,2025-10-31 16:53:35.009338248,Свердловская,,,2025,2024,303 days 14:23:13.762295238,437183.22937158734,264.05614502052777,0.9556135770234987,Осень,4,10,0.0015478445686827,0.0015478445686827,0.0046435337060481,66.86688536709329,0,0,,,,,,,road
,2025-11-01 00:38:39.128607108,Свердловская,,,2025,2024,303 days 22:08:17.881564098,437648.29802606825,465.0686544809141,0.9569190600522193,Осень,4,11,0.0015478445686827,0.0015478445686827,0.0046435337060481,66.86688536709329,0,0,,,,,,,road
,2025-11-02 02:29:46.030579296,Свердловская,,,2025,2024,304 days 23:59:24.783536286,439199.41305893817,1551.115032869915,0.95822454308094,Осень,4,11,0.0015478445686827,0.0015478445686827,0.0046435337060481,66.86688536709329,0,0,,,,,,,road
,2025-11-02 07:08:06.864716568,Свердловская,,,2025,2024,305 days 04:37:45.617673558,439477.76029455935,278.347235621186,0.9595300261096605,Осень,4,11,0.0015478445686827,0.0015478445686827,0.0046435337060481,66.86688536709329,0,0,,,,,,,road
,2025-11-02 11:32:32.088548382,Свердловская,,,2025,2024,305 days 09:02:10.841505372,439742.1806917562,264.42039719683817,0.9608355091383812,Осень,4,11,0.0015478445686827,0.0015478445686827,0.0046435337060481,66.86688536709329,0,0,,,,,,,road
,2025-11-03 05:59:31.488510756,Свердловская,,,2025,2024,306 days 03:29:10.241467746,440849.17069112905,1106.9899993728613,0.9621409921671018,Осень,4,11,0.0015478445686827,0.0015478445686827,0.0046435337060481,66.86688536709329,0,0,,,,,,,road
,2025-11-03 10:07:30.327733002,Свердловская,,,2025,2024,306 days 07:37:09.080689992,441097.1513448332,247.98065370414406,0.9634464751958225,Осень,4,11,0.0015478445686827,0.0015478445686827,0.0046435337060481,66.86688536709329,0,0,,,,,,,road
,2025-11-03 10:59:56.569088130,Свердловская,,,2025,2024,306 days 08:29:35.322045120,441149.588700752,52.43735591880977,0.9647519582245431,Осень,4,11,0.0015478445686827,0.0015478445686827,0.0046435337060481,66.86688536709329,0,0,,,,,,,road
,2025-11-03 13:08:53.934602070,Свердловская,,,2025,2024,306 days 10:38:32.687559060,441278.544792651,128.95609189901734,0.9660574412532638,Осень,4,11,0.0015478445686827,0.0015478445686827,0.0046435337060481,66.86688536709329,0,0,,,,,,,road
,2025-11-04 21:09:00.100858542,Свердловская,,,2025,2024,307 days 18:38:38.853815532,443198.64756359224,1920.1027709412156,0.9673629242819843,Осень,4,11,0.0015478445686827,0.0015478445686827,0.0046435337060481,66.86688536709329,0,0,,,,,,,road
,2025-11-06 02:18:10.261722444,Свердловская,,,2025,2024,308 days 23:47:49.014679434,444947.81691132387,1749.1693477316294,0.9686684073107049,Осень,4,11,0.0015478445686827,0.0015478445686827,0.0046435337060481,66.86688536709329,0,0,,,,,,,road
,2025-11-06 05:02:41.400749910,Свердловская,,,2025,2024,309 days 02:32:20.153706900,445112.335895115,164.51898379111663,0.9699738903394256,Осень,4,11,0.0015478445686827,0.0015478445686827,0.0046435337060481,66.86688536709329,0,0,,,,,,,road
,2025-11-06 13:43:37.255118946,Свердловская,,,2025,2024,309 days 11:13:16.008075936,445633.26680126565,520.9309061506647,0.9712793733681462,Осень,4,11,0.0015478445686827,0.0015478445686827,0.0046435337060481,66.86688536709329,0,0,,,,,,,road
,2025-11-06 15:19:05.241677004,Свердловская,,,2025,2024,309 days 12:48:43.994633994,445728.7332438998,95.46644263417693,0.9725848563968669,Осень,4,11,0.0015478445686827,0.0015478445686827,0.0046435337060481,66.86688536709329,0,0,,,,,,,road
,2025-11-07 03:24:34.367225670,Свердловская,,,2025,2024,310 days 00:54:13.120182660,446454.218669711,725.4854258111445,0.9738903394255874,Осень,4,11,0.0015478445686827,0.0015478445686827,0.0046435337060481,66.86688536709329,0,0,,,,,,,road
,2025-11-07 05:36:58.670553978,Свердловская,,,2025,2024,310 days 03:06:37.423510968,446586.6237251828,132.40505547181237,0.9751958224543081,Осень,4,11,0.0015478445686827,0.0015478445686827,0.0046435337060481,66.86688536709329,0,0,,,,,,,road
,2025-11-07 06:09:58.431789702,Свердловская,,,2025,2024,310 days 03:39:37.184746692,446619.6197457782,32.99602059542667,0.9765013054830287,Осень,4,11,0.0015478445686827,0.0015478445686827,0.0046435337060481,66.86688536709329,0,0,,,,,,,road
,2025-11-08 00:55:39.314421264,Свердловская,,,2025,2024,310 days 22:25:18.067378254,447745.30112297094,1125.6813771927264,0.9778067885117493,Осень,4,11,0.0015478445686827,0.0015478445686827,0.0046435337060481,66.86688536709329,0,0,,,,,,,road
,2025-11-08 05:09:58.052862576,Свердловская,,,2025,2024,311 days 02:39:36.805819566,447999.6134303261,254.31230735516874,0.97911227154047,Осень,4,11,0.0015478445686827,0.0015478445686827,0.0046435337060481,66.86688536709329,0,0,,,,,,,road
,2025-11-08 06:24:11.018276706,Свердловская,,,2025,2024,311 days 03:53:49.771233696,448073.8295205616,74.21609023550991,0.9804177545691906,Осень,4,11,0.0015478445686827,0.0015478445686827,0.0046435337060481,66.86688536709329,0,0,,,,,,,road
,2025-11-09 01:43:58.976331930,Свердловская,,,2025,2024,311 days 23:13:37.729288920,449233.628821482,1159.7993009203929,0.9817232375979112,Осень,4,11,0.0015478445686827,0.0015478445686827,0.0046435337060481,66.86688536709329,0,0,,,,,,,road
,2025-11-09 17:12:28.293826962,Свердловская,,,2025,2024,312 days 14:42:07.046783952,450162.1174463992,928.4886249171686,0.9830287206266318,Осень,4,11,0.0015478445686827,0.0015478445686827,0.0046435337060481,66.86688536709329,0,0,,,,,,,road
,2025-11-10 05:36:14.827394634,Свердловская,,,2025,2024,313 days 03:05:53.580351624,450905.8930058604,743.7755594612099,0.9843342036553525,Осень,4,11,0.0015478445686827,0.0015478445686827,0.0046435337060481,66.86688536709329,0,0,,,,,,,road
,2025-11-11 07:40:57.018001038,Свердловская,,,2025,2024,314 days 05:10:35.770958028,452470.59618263383,1564.7031767734443,0.9856396866840731,Осень,4,11,0.0015478445686827,0.0015478445686827,0.0046435337060481,66.86688536709329,0,0,,,,,,,road
,2025-11-11 14:54:59.486618502,Свердловская,,,2025,2024,314 days 12:24:38.239575492,452904.6373262582,434.04114362434484,0.9869451697127938,Осень,4,11,0.0015478445686827,0.0015478445686827,0.0046435337060481,66.86688536709329,0,0,,,,,,,road
,2025-11-11 16:23:31.285390362,Свердловская,,,2025,2024,314 days 13:53:10.038347352,452993.1673057892,88.52997953101294,0.9882506527415144,Осень,4,11,0.0015478445686827,0.0015478445686827,0.0046435337060481,66.86688536709329,0,0,,,,,,,road
,2025-11-11 17:04:25.360537692,Свердловская,,,2025,2024,314 days 14:34:04.113494682,453034.0685582447,40.90125245548552,0.9895561357702349,Осень,4,11,0.0015478445686827,0.0015478445686827,0.0046435337060481,66.86688536709329,0,0,,,,,,,road
,2025-11-11 21:12:06.251300214,Свердловская,,,2025,2024,314 days 18:41:45.004257204,453281.7500709534,247.6815127087175,0.9908616187989556,Осень,4,11,0.0015478445686827,0.0015478445686827,0.0046435337060481,66.86688536709329,0,0,,,,,,,road
,2025-11-11 22:10:47.307378624,Свердловская,,,2025,2024,314 days 19:40:26.060335614,453340.434338927,58.68426797358552,0.9921671018276762,Осень,4,11,0.0015478445686827,0.0015478445686827,0.0046435337060481,66.86688536709329,0,0,,,,,,,road
,2025-11-12 06:26:11.766544278,Свердловская,,,2025,2024,315 days 03:55:50.519501268,453835.84199168783,495.40765276085585,0.9934725848563969,Осень,4,11,0.0015478445686827,0.0015478445686827,0.0046435337060481,66.86688536709329,0,0,,,,,,,road
,2025-11-12 06:35:37.914698586,Свердловская,,,2025,2024,315 days 04:05:16.667655576,453845.2777942596,9.435802571766544,0.9947780678851175,Осень,4,11,0.0015478445686827,0.0015478445686827,0.0046435337060481,66.86688536709329,0,0,,,,,,,road
,2025-11-12 12:54:35.134073760,Свердловская,,,2025,2024,315 days 10:24:13.887030750,454224.2314505125,378.95365625288105,0.9960835509138382,Осень,4,11,0.0015478445686827,0.0015478445686827,0.0046435337060481,66.86688536709329,0,0,,,,,,,road
,2025-11-12 15:01:35.085381534,Свердловская,,,2025,2024,315 days 12:31:13.838338524,454351.2306389754,126.99918846291257,0.9973890339425587,Осень,4,11,0.0015478445686827,0.0015478445686827,0.0046435337060481,66.86688536709329,0,0,,,,,,,road
,2025-11-12 19:58:18.814675884,Свердловская,,,2025,2024,315 days 17:27:57.567632874,454647.9594605479,296.7288215724984,0.9986945169712794,Осень,4,11,0.0015478445686827,0.0015478445686827,0.0046435337060481,66.86688536709329,0,0,,,,,,,road
,2025-11-13 08:04:30.435638598,Свердловская,,,2025,2024,316 days 05:34:09.188595588,455374.1531432598,726.1936827119207,1.0,Осень,4,11,0.0015478445686827,0.0015478445686827,0.0046435337060481,66.86688536709329,0,0,,,,,,,road
