CATEGORY,№,START_TIME,ROAD,RESPONSIBILITY,FREIGHT,PASSENGER,COMMUTER,REASON,DEPARTMENT,YEAR,FREIGHT_COUNT,FREIGHT_TIMEOUT,PASSENGER_COUNT,PASSENGER_TIMEOUT,COMMUTER_COUNT,COMMUTER_TIMEOUT
1,13160446,2024-01-01 20:16:00,Горьковская,"ГОРЬК, ШЧ-5 (Э)","6шт ч(к учету 3,37ч)",,,"Автопереключатель, излом контактной рессорной пружины",CSH,2024,6.0,"3,37ч",,,,
2,13160823,2024-01-02 04:57:00,Горьковская,"ГОРЬК, ШЧ-6 (Р)",,"1шт ч(к учету 0,1ч)","1шт ч(к учету 0,15)ч","Транзистор, обрыв",CSH,2024,,,1.0,"0,1ч",1.0,"0,15ч"
2,13160877,2024-01-02 11:59:00,Горьковская,"ГОРЬК, ШЧ-6 (Р)","1шт ч(к учету 0,33ч)",,,Перегорание предохранителей оборудования пункта питания линий СЦБ,CSH,2024,1.0,"0,33ч",,,,
2,13161142,2024-01-02 19:02:00,Горьковская,"ГОРЬК, ШЧ-5 (Э)","1шт ч(к учету 0,68ч)",,,"Стрелочный ОК, программное обеспечение, сбой",CSH,2024,1.0,"0,68ч",,,,
3,13162204,2024-01-03 15:47:00,Горьковская,"ГОРЬК, ИЧ-4 КАНАШ Ш",,,,"Коммутаторы, потеря контакта в штепсельном разъеме",CSH,2024,,,,,,
2,13163590,2024-01-04 12:23:00,Горьковская,"ГОРЬК, ШЧ-5 (Э)",,"1шт ч(к учету 0,3ч)",,"Нарушение контакта в разъемах блоков, неисправность контактных губок",CSH,2024,,,1.0,"0,3ч",,
2,13202735,2024-01-05 09:12:00,Горьковская,"ГОРЬК, ШЧ-3",,"1шт ч(к учету 0,12ч)",,Зависание ПО,CSH,2024,,,1.0,"0,12ч",,
2,13165824,2024-01-06 07:08:00,Горьковская,"ГОРЬК, ШЧ-5 (Э)",,"1шт ч(к учету 0,18ч)","1шт ч(к учету 0,02)ч","Диод, пробой",CSH,2024,,,1.0,"0,18ч",1.0,"0,02ч"
2,13166163,2024-01-06 12:14:00,Горьковская,"ГОРЬК, ШЧ-7","2шт ч(к учету 0,95ч)",,,"Код 98.0 Другие, кроме перечисленных выше, дефекты и повреждения рельсов, оставленных в пути, опасность эксплуатации которых может быть оценена по ближайшему типоразмеру дефекта, в том числе общая равномерная коррозия рельсов, а также, наличие сварного стыка на расстоянии от 750 мм до 3000 мм (выполненного электро контактной или алюминотермитной сваркой)",CSH,2024,2.0,"0,95ч",,,,
2,13166317,2024-01-06 15:17:00,Горьковская,"ГОРЬК, ШЧ-10",,"3шт (к учету 2) ч(к учету 0,52ч)",,"Светодиоды, неисправность",CSH,2024,,,2.0,"0,52ч",,
2,13167634,2024-01-08 02:34:00,Горьковская,"ГОРЬК, ШЧ-8","1шт ч(к учету 0,17ч)","2шт (к учету 1) ч(к учету 0,25ч)",,Обрыв жил кабеля линий СЦБ напряжением до 1000 В,CSH,2024,1.0,"0,17ч",1.0,"0,25ч",,
2,13167888,2024-01-08 07:52:00,Горьковская,"ГОРЬК, ИЧ-3 МУРАШИ Ш",,,"1шт ч(к учету 0,22)ч","Жилы, обрыв",CSH,2024,,,,,1.0,"0,22ч"
3,13168465,2024-01-08 20:36:00,Горьковская,"ГОРЬК, ШЧ-3",,,,Излом провода под гайкой,CSH,2024,,,,,,
3,13170624,2024-01-10 06:45:00,Горьковская,"ГОРЬК, ШЧ-6 (Р)",,,,"Обмотка, обрыв",CSH,2024,,,,,,
2,13175598,2024-01-11 18:47:00,Горьковская,"ГОРЬК, ШЧ-14","3шт ч(к учету 2,03ч)",,,"Монтаж, короткое замыкание монтажа",CSH,2024,3.0,"2,03ч",,,,
2,13175610,2024-01-11 21:23:00,Горьковская,"ГОРЬК, ИЧ-5 ИЖЕВСК Ш","2шт ч(к учету 1,33ч)","1шт ч(к учету 0,88ч)","1шт ч(к учету 0,17)ч","Срабатывание (перегорание), коммутационные перенапряжения",CSH,2024,2.0,"1,33ч",1.0,"0,88ч",1.0,"0,17ч"
3,13177830,2024-01-12 13:52:00,Горьковская,"ГОРЬК, ШЧ-8",,,,100% (свежий) излом датчика УКСПС,CSH,2024,,,,,,
3,13180625,2024-01-12 16:47:00,Горьковская,"ГОРЬК, ШЧ-6 (Р)",,,,"Диод, пробой",CSH,2024,,,,,,
2,13178556,2024-01-13 12:30:00,Горьковская,"ГОРЬК, ШЧ-6 (Р)","2шт ч(к учету 0,95ч)","1шт ч(к учету 0,12ч)",,"Контактная система, потеря контакта",CSH,2024,2.0,"0,95ч",1.0,"0,12ч",,
3,13178645,2024-01-13 13:10:00,Горьковская,"ГОРЬК, ШЧ-7",,,,Потеря контакта,CSH,2024,,,,,,
3,13180315,2024-01-13 22:26:00,Горьковская,"ГОРЬК, ШЧ-14",,,,"Срабатывание, коммутационные перенапряжения",CSH,2024,,,,,,
2,13181022,2024-01-15 13:54:00,Горьковская,"ГОРЬК, ШЧ-6 (Р)",,"1шт ч(к учету 0,15ч)",,"Электродвигатель, постоянного тока (МСП, ДСП), обрыв обмотки якоря",CSH,2024,,,1.0,"0,15ч",,
2,13181728,2024-01-16 00:40:00,Горьковская,"ГОРЬК, ШЧ-6 (Р)",,"1шт ч(к учету 0,15ч)",,"Обмотка, обрыв обмотки",CSH,2024,,,1.0,"0,15ч",,
2,13181847,2024-01-16 04:57:00,Горьковская,"ГОРЬК, ШЧ-6 (Р)","2шт ч(к учету 0,53ч)",,,"Лампы, перегорание основной нити",CSH,2024,2.0,"0,53ч",,,,
2,13199065,2024-01-16 18:36:00,Горьковская,"ГОРЬК, ШЧ-3",,,"1шт ч(к учету 0,82)ч","Жилы, сообщение",CSH,2024,,,,,1.0,"0,82ч"
1,13182929,2024-01-16 19:08:00,Горьковская,"ГОРЬК, ИЧ-3 МУРАШИ Ш",1шт ч(к учету 1ч),"1шт ч(к учету 0,38ч)",,"Срабатывание, коммутационные перенапряжения",CSH,2024,1.0,1ч,1.0,"0,38ч",,
3,13186653,2024-01-16 20:46:00,Горьковская,"ГОРЬК, ШЧ-5 (Э)",,,,"Срабатывание, воздействие тягового тока",CSH,2024,,,,,,
3,13184003,2024-01-17 09:25:00,Горьковская,"ГОРЬК, ШЧ-6 (Р)",,,,"Диод, пробой",CSH,2024,,,,,,
2,13184305,2024-01-17 20:02:00,Горьковская,"ГОРЬК, ШЧ-5 (Э)","5шт ч(к учету 2,88ч)",,"2шт (к учету 1) ч(к учету 0,58)ч",Излом провода под гайкой,CSH,2024,5.0,"2,88ч",,,1.0,"0,58ч"
3,13192499,2024-01-21 02:04:00,Горьковская,"ГОРЬК, ШЧ-10",,,,"Срабатывание (перегорание), воздействие тягового тока",CSH,2024,,,,,,
2,13188184,2024-01-21 07:05:00,Горьковская,"ГОРЬК, ШЧ-6 (Р)",,,"2шт ч(к учету 0,27)ч","Трансформатор, пробой изоляции",CSH,2024,,,,,2.0,"0,27ч"
3,13189437,2024-01-22 07:26:00,Горьковская,"ГОРЬК, ШЧ-6 (Р)",,,,"Трансформатор, обрыв обмотки",CSH,2024,,,,,,
3,13194850,2024-01-26 03:10:00,Горьковская,"ГОРЬК, ИЧ-2 НИЖНИЙ НОВГОРОД Ш",,,,"Лампы, перегорание основной нити",CSH,2024,,,,,,
3,13199083,2024-01-26 17:30:00,Горьковская,"ГОРЬК, ШЧ-10",,,,"Срабатывание (перегорание), атмосферные перенапряжения",CSH,2024,,,,,,
2,13195991,2024-01-26 23:57:00,Горьковская,"ГОРЬК, ШЧ-6 (Р)","2шт ч(к учету 0,53ч)",,,"Лампы, перегорание основной нити",CSH,2024,2.0,"0,53ч",,,,
3,13198966,2024-01-27 13:53:00,Горьковская,"ГОРЬК, ШЧ-3",,,,"Линзы, бой",CSH,2024,,,,,,
3,13199165,2024-01-28 12:30:00,Горьковская,"ГОРЬК, ШЧ-14",,,,"Срабатывание, несоответствие номинала",CSH,2024,,,,,,
3,13199170,2024-01-28 21:00:00,Горьковская,"ГОРЬК, ШЧ-14",,,,"Срабатывание, несоответствие номинала",CSH,2024,,,,,,
3,13202989,2024-01-29 12:10:00,Горьковская,"ГОРЬК, ШЧ-10",,,,"Срабатывание (перегорание), атмосферные перенапряжения",CSH,2024,,,,,,
1,13197971,2024-01-29 13:00:00,Горьковская,"ГОРЬК, ШЧ-10","2шт ч(к учету 1,88ч)",,,Короткое замыкание монтажа,CSH,2024,2.0,"1,88ч",,,,
3,13199079,2024-01-29 15:44:00,Горьковская,"ГОРЬК, ШЧ-3",,,,"Светодиоды, неисправность",CSH,2024,,,,,,
3,13202035,2024-01-29 21:52:00,Горьковская,"ГОРЬК, ШЧ-3",,,,"Нарушение контакта в штепсельных розетках, неисправность контактных губок",CSH,2024,,,,,,
3,13200167,2024-01-29 22:00:00,Горьковская,"ГОРЬК, ШЧ-14",,,,"Срабатывание (перегорание), несоответствие номинала",CSH,2024,,,,,,
3,13201471,2024-01-30 01:45:00,Горьковская,"ГОРЬК, ШЧ-5 (Э)",,,,"Срабатывание, воздействие тягового тока",CSH,2024,,,,,,
3,13202982,2024-01-30 02:04:00,Горьковская,"ГОРЬК, ШЧ-10",,,,"Срабатывание (перегорание), атмосферные перенапряжения",CSH,2024,,,,,,
3,13202991,2024-01-30 02:54:00,Горьковская,"ГОРЬК, ШЧ-10",,,,"Срабатывание (перегорание), атмосферные перенапряжения",CSH,2024,,,,,,
3,13199191,2024-01-30 08:00:00,Горьковская,"ГОРЬК, ШЧ-14",,,,"Срабатывание, несоответствие номинала",CSH,2024,,,,,,
3,13202979,2024-01-30 08:40:00,Горьковская,"ГОРЬК, ШЧ-10",,,,"Срабатывание (перегорание), атмосферные перенапряжения",CSH,2024,,,,,,
3,13201486,2024-01-30 10:13:00,Горьковская,"ГОРЬК, ШЧ-5 (Э)",,,,"Кнопки, потеря контакта в штепсельном разъеме",CSH,2024,,,,,,
3,13203365,2024-01-30 10:55:00,Горьковская,"ГОРЬК, ШЧ-1",,,,"Лампы, перегорание основной нити",CSH,2024,,,,,,
2,13199375,2024-01-30 13:19:00,Горьковская,"ГОРЬК, ШЧ-6 (Р)","4шт (к учету 3) ч(к учету 1,52ч)","4шт (к учету 2) ч(к учету 0,55ч)",,"Срабатывание, несоответствие номинала",CSH,2024,3.0,"1,52ч",2.0,"0,55ч",,
2,13199579,2024-01-30 18:30:00,Горьковская,"ГОРЬК, ШЧ-8","1шт ч(к учету 0,85ч)",,,"Лампы, перегорание основной нити",CSH,2024,1.0,"0,85ч",,,,
3,13199726,2024-01-31 00:12:00,Горьковская,"ГОРЬК, ШЧ-3",,,,"Нарушение контакта в штепсельных розетках, неисправность контактных губок",CSH,2024,,,,,,
3,13199985,2024-01-31 05:55:00,Горьковская,"ГОРЬК, ИЧ-4 КАНАШ Ш",,,,"Автопереключатель, разрегулировка контактов",CSH,2024,,,,,,
3,13203375,2024-01-31 16:07:00,Горьковская,"ГОРЬК, ШЧ-1",,,,Нарушение контакта штепсель/рельс,CSH,2024,,,,,,
3,13201655,2024-01-31 19:07:00,Горьковская,"ГОРЬК, ШЧ-14",,,,"Срабатывание (перегорание), несоответствие номинала",CSH,2024,,,,,,
3,13202640,2024-01-31 23:00:00,Горьковская,"ГОРЬК, ШЧ-14",,,,Неисправность,CSH,2024,,,,,,
2,13204783,2024-02-04 00:12:00,Горьковская,"ГОРЬК, ШЧ-6 (Р)","4шт ч(к учету 1,75ч)",,,"Транзистор, пробой",CSH,2024,4.0,"1,75ч",,,,
3,13205063,2024-02-04 07:08:00,Горьковская,"ГОРЬК, ШЧ-10",,,,"Срабатывание, коммутационные перенапряжения",CSH,2024,,,,,,
2,13205652,2024-02-04 19:07:00,Горьковская,"ГОРЬК, ШЧ-3","1шт ч(к учету 0,47ч)",,,"Срабатывание, воздействие тягового тока",CSH,2024,1.0,"0,47ч",,,,
3,13205806,2024-02-05 00:39:00,Горьковская,"ГОРЬК, ШЧ-5 (Э)",,,,"Системный блок, сбой программного обеспечения",CSH,2024,,,,,,
2,13209726,2024-02-07 05:37:00,Горьковская,"ГОРЬК, ИЧ-4 КАНАШ Ш",,,"1шт ч(к учету 0,18)ч","Нарушение контакта в разъемах блоков, замятие контакта",CSH,2024,,,,,1.0,"0,18ч"
3,13215191,2024-02-08 19:05:00,Горьковская,"ГОРЬК, ШЧ-14","1шт ч(к учету 0,17ч)",,,"Лампы, перегорание основной нити",CSH,2024,1.0,"0,17ч",,,,
2,13214285,2024-02-09 01:07:00,Горьковская,"ГОРЬК, ИЧ-5 ИЖЕВСК Ш","1шт ч(к учету 0,52ч)",,"2шт (к учету 1) ч(к учету 0,25)ч","Контактная система, подгар контактов",CSH,2024,1.0,"0,52ч",,,1.0,"0,25ч"
2,13217178,2024-02-11 10:35:00,Горьковская,"ГОРЬК, ШЧ-8","2шт (к учету 1) ч(к учету 1,13ч)","1шт ч(к учету 0,4ч)",,"Контактная система, увеличенное сопротивление контакта",CSH,2024,1.0,"1,13ч",1.0,"0,4ч",,
3,13217882,2024-02-12 02:27:00,Горьковская,"ГОРЬК, ИЧ-5 ИЖЕВСК Ш",,,,Механические повреждения,CSH,2024,,,,,,
2,13218607,2024-02-12 12:30:00,Горьковская,"ГОРЬК, ШЧ-7","1шт ч(к учету 0,22ч)",,"1шт ч(к учету 0,15)ч","Нарушение контакта в штепсельных розетках, неисправность контактных губок",CSH,2024,1.0,"0,22ч",,,1.0,"0,15ч"
2,13220235,2024-02-13 12:20:00,Горьковская,"ГОРЬК, ШЧ-3","2шт ч(к учету 0,48ч)",,"1шт ч(к учету 0,15)ч","Нарушение контакта в штепсельных розетках, сообщение",CSH,2024,2.0,"0,48ч",,,1.0,"0,15ч"
2,13220885,2024-02-13 16:34:00,Горьковская,"ГОРЬК, ШЧ-6 (Р)","2шт ч(к учету 1,25ч)",,,"Обмотка, короткое замыкание",CSH,2024,2.0,"1,25ч",,,,
2,13221018,2024-02-13 21:10:00,Горьковская,"ГОРЬК, ШЧ-6 (Р)","3шт ч(к учету 1,22ч)",,,"Нарушение контакта штепсельного разъема, нарушение контакта",CSH,2024,3.0,"1,22ч",,,,
2,13245003,2024-02-14 10:10:00,Горьковская,"ГОРЬК, ШЧ-6 (Р)","1шт ч(к учету 0,25ч)",,,"Нарушение контакта в штепсельных розетках, замятие контакта",CSH,2024,1.0,"0,25ч",,,,
2,13223583,2024-02-15 07:07:00,Горьковская,"ГОРЬК, ШЧ-5 (Э)","3шт ч(к учету 1,13ч)",,,"Обрыв троса, при путевых работах",CSH,2024,3.0,"1,13ч",,,,
3,13225220,2024-02-16 08:45:00,Горьковская,"ГОРЬК, ШЧ-6 (Р)",,,,"Контактная система, увеличенное сопротивление",CSH,2024,,,,,,
2,13225546,2024-02-16 12:54:00,Горьковская,"ГОРЬК, ШЧ-14","4шт ч(к учету 2,05ч)",,,"Срабатывание, несоответствие номинала",CSH,2024,4.0,"2,05ч",,,,
3,13225743,2024-02-16 16:15:00,Горьковская,"ГОРЬК, ШЧ-5 (Э)",,,,"Лампочки индикации, нарушение контакта",CSH,2024,,,,,,
2,13226173,2024-02-17 06:29:00,Горьковская,"ГОРЬК, ШЧ-12","5шт ч(к учету 1,78ч)","4шт (к учету 3) ч(к учету 1,02ч)","1шт ч(к учету 0,15)ч",Ослабление затяжки болтов,CSH,2024,5.0,"1,78ч",3.0,"1,02ч",1.0,"0,15ч"
2,13226443,2024-02-17 11:12:00,Горьковская,"ГОРЬК, ШЧ-7",,"1шт ч(к учету 0,15ч)",,"Обмотка, короткое замыкание обмотки",CSH,2024,,,1.0,"0,15ч",,
2,13227105,2024-02-18 06:10:00,Горьковская,"ГОРЬК, ШЧ-10","3шт ч(к учету 1,68ч)",,"1шт ч(к учету 0,35)ч","Кнопки, механическое заедание кнопки",CSH,2024,3.0,"1,68ч",,,1.0,"0,35ч"
3,13228419,2024-02-19 11:41:00,Горьковская,"ГОРЬК, ШЧ-3",,,,"Срабатывание, несоответствие номинала",CSH,2024,,,,,,
2,13228634,2024-02-19 12:50:00,Горьковская,"ГОРЬК, ШЧ-3","3шт (к учету 2) ч(к учету 1,65ч)",,"1шт ч(к учету 0,12)ч",Обрыв,CSH,2024,2.0,"1,65ч",,,1.0,"0,12ч"
2,13228881,2024-02-19 17:25:00,Горьковская,"ГОРЬК, ШЧ-10",,,"2шт ч(к учету 0,23)ч","Релейный ОК, МПК, неисправность",CSH,2024,,,,,2.0,"0,23ч"
2,13228907,2024-02-19 19:10:00,Горьковская,"ГОРЬК, ШЧ-7","2шт ч(к учету 0,6ч)",,,"Код 98.0 Другие, кроме перечисленных выше, дефекты и повреждения рельсов, оставленных в пути, опасность эксплуатации которых может быть оценена по ближайшему типоразмеру дефекта, в том числе общая равномерная коррозия рельсов, а также, наличие сварного стыка на расстоянии от 750 мм до 3000 мм (выполненного электро контактной или алюминотермитной сваркой)",CSH,2024,2.0,"0,6ч",,,,
2,13230629,2024-02-21 05:30:00,Горьковская,"ГОРЬК, ШЧ-6 (Р)",,,"1шт ч(к учету 0,38)ч","Нарушение контакта в штепсельных розетках, замятие контакта",CSH,2024,,,,,1.0,"0,38ч"
3,13231732,2024-02-21 14:58:00,Горьковская,"ГОРЬК, ШЧ-6 (Р)",,,,"Контактная система, увеличенное сопротивление",CSH,2024,,,,,,
2,13232072,2024-02-21 20:28:00,Горьковская,"ГОРЬК, ШЧ-14","6шт ч(к учету 2,9ч)","3шт (к учету 2) ч(к учету 0,75ч)",,"Срабатывание (перегорание), несоответствие номинала",CSH,2024,6.0,"2,9ч",2.0,"0,75ч",,
2,13234013,2024-02-23 21:15:00,Горьковская,"ГОРЬК, ШЧ-8","10шт (к учету 7) ч(к учету 6,13ч)","1шт ч(к учету 0,15ч)",,Удар посторонним предметом с проходящего поезда,CSH,2024,7.0,"6,13ч",1.0,"0,15ч",,
3,13234180,2024-02-24 03:07:00,Горьковская,"ГОРЬК, ШЧ-3",,,,"IPU 950 R3, сбой программного обеспечения",CSH,2024,,,,,,
2,13234271,2024-02-24 04:34:00,Горьковская,"ГОРЬК, ШЧ-10","4шт (к учету 2) ч(к учету 1,73ч)",,"3шт (к учету 2) ч(к учету 0,48)ч",Нарушение контакта наконечник/вывод ДТ,CSH,2024,2.0,"1,73ч",,,2.0,"0,48ч"
1,13235034,2024-02-25 03:50:00,Горьковская,"ГОРЬК, ИЧ-3 МУРАШИ Ш","4шт (к учету 2) ч(к учету 3,6ч)",,,Потеря контакта в соединениях датчика,CSH,2024,2.0,"3,6ч",,,,
2,13235127,2024-02-25 08:10:00,Горьковская,"ГОРЬК, ШЧ-8",,"1шт ч(к учету 0,15ч)",,"Кнопки, подгар, сваривание контактов",CSH,2024,,,1.0,"0,15ч",,
2,13235330,2024-02-25 12:56:00,Горьковская,"ГОРЬК, ШЧ-5 (Э)","1шт ч(к учету 0,27ч)",,,"Срабатывание, воздействие тягового тока",CSH,2024,1.0,"0,27ч",,,,
2,13235365,2024-02-25 13:55:00,Горьковская,"ГОРЬК, ШЧ-8","3шт ч(к учету 1,47ч)",,,Закорачивание РЦ деталями ВСП,CSH,2024,3.0,"1,47ч",,,,
2,13235832,2024-02-26 05:03:00,Горьковская,"ГОРЬК, ИЧ-2 НИЖНИЙ НОВГОРОД Ш",,,"1шт ч(к учету 0,23)ч",Нарушение контакта,CSH,2024,,,,,1.0,"0,23ч"
2,13235891,2024-02-26 06:05:00,Горьковская,"ГОРЬК, ШЧ-7",,"1шт ч(к учету 0,1ч)",,"Код 98.0 Другие, кроме перечисленных выше, дефекты и повреждения рельсов, оставленных в пути, опасность эксплуатации которых может быть оценена по ближайшему типоразмеру дефекта, в том числе общая равномерная коррозия рельсов, а также, наличие сварного стыка на расстоянии от 750 мм до 3000 мм (выполненного электро контактной или алюминотермитной сваркой)",CSH,2024,,,1.0,"0,1ч",,
3,13238896,2024-02-26 09:40:00,Горьковская,"ГОРЬК, ШЧ-7",,,,"Лампы, перегорание основной нити",CSH,2024,,,,,,
3,13242373,2024-02-26 21:43:00,Горьковская,"ГОРЬК, ШЧ-7",,,,"Код 98.0 Другие, кроме перечисленных выше, дефекты и повреждения рельсов, оставленных в пути, опасность эксплуатации которых может быть оценена по ближайшему типоразмеру дефекта, в том числе общая равномерная коррозия рельсов, а также, наличие сварного стыка на расстоянии от 750 мм до 3000 мм (выполненного электро контактной или алюминотермитной сваркой)",CSH,2024,,,,,,
3,13242175,2024-02-27 07:25:00,Горьковская,"ГОРЬК, ШЧ-3",,,,Повреждение изоляции,CSH,2024,,,,,,
3,13237610,2024-02-27 10:28:00,Горьковская,"ГОРЬК, ШЧ-14",,,,"Срабатывание (перегорание), несоответствие номинала",CSH,2024,,,,,,
3,13242584,2024-02-28 05:44:00,Горьковская,"ГОРЬК, ШЧ-7",,,,Неисправность петель связи,CSH,2024,,,,,,
2,13239348,2024-02-28 13:44:00,Горьковская,"ГОРЬК, ШЧ-12","2шт ч(к учету 0,7ч)",,,"Жилы, внутренний обрыв",CSH,2024,2.0,"0,7ч",,,,
3,13242178,2024-02-28 17:50:00,Горьковская,"ГОРЬК, ШЧ-3",,,,Неисправность монтажа,CSH,2024,,,,,,
3,13242984,2024-02-28 22:41:00,Горьковская,"ГОРЬК, ШЧ-8",,,,Удар посторонним предметом с проходящего поезда,CSH,2024,,,,,,
3,13242198,2024-02-29 02:48:00,Горьковская,"ГОРЬК, ШЧ-12",,,,Неисправность ПО объектного контроллера,CSH,2024,,,,,,
3,13242301,2024-02-29 05:21:00,Горьковская,"ГОРЬК, ШЧ-10",,,,"Срабатывание, воздействие тягового тока",CSH,2024,,,,,,
3,13242311,2024-02-29 13:34:00,Горьковская,"ГОРЬК, ШЧ-10",,,,"Срабатывание, коммутационные перенапряжения",CSH,2024,,,,,,
3,13242946,2024-02-29 14:41:00,Горьковская,"ГОРЬК, ШЧ-8",,,,"Срабатывание (перегорание), воздействие тягового тока",CSH,2024,,,,,,
3,13245398,2024-02-29 16:10:00,Горьковская,"ГОРЬК, ШЧ-6 (Р)",,,,"Лампы, перегорание основной нити",CSH,2024,,,,,,
3,13245404,2024-02-29 16:20:00,Горьковская,"ГОРЬК, ШЧ-6 (Р)",,,,"Лампы, перегорание основной нити",CSH,2024,,,,,,
3,13245406,2024-02-29 16:49:00,Горьковская,"ГОРЬК, ШЧ-6 (Р)",,,,"Лампы, перегорание основной нити",CSH,2024,,,,,,
3,13245447,2024-02-29 17:00:00,Горьковская,"ГОРЬК, ШЧ-6 (Р)",,,,"Лампы, перегорание основной нити",CSH,2024,,,,,,
3,13245429,2024-02-29 17:23:00,Горьковская,"ГОРЬК, ШЧ-6 (Р)",,,,"Лампы, перегорание основной нити",CSH,2024,,,,,,
3,13245443,2024-02-29 18:48:00,Горьковская,"ГОРЬК, ШЧ-6 (Р)",,,,"Лампы, перегорание основной нити",CSH,2024,,,,,,
3,13245452,2024-02-29 19:25:00,Горьковская,"ГОРЬК, ШЧ-6 (Р)",,,,"Лампы, перегорание основной нити",CSH,2024,,,,,,
3,13245454,2024-02-29 19:31:00,Горьковская,"ГОРЬК, ШЧ-6 (Р)",,,,"Срабатывание, воздействие тягового тока",CSH,2024,,,,,,
3,13242222,2024-02-29 20:35:00,Горьковская,"ГОРЬК, ШЧ-12",,,,Неисправность ПО объектного контроллера,CSH,2024,,,,,,
3,13242313,2024-02-29 23:28:00,Горьковская,"ГОРЬК, ШЧ-10",,,,"Срабатывание (перегорание), воздействие тягового тока",CSH,2024,,,,,,
2,13242130,2024-03-01 13:24:00,Горьковская,"ГОРЬК, ШЧ-5 (Э)","6шт ч(к учету 1,65ч)",,"1шт ч(к учету 0,13)ч","Срабатывание, воздействие тягового тока",CSH,2024,6.0,"1,65ч",,,1.0,"0,13ч"
2,13243085,2024-03-02 22:05:00,Горьковская,"ГОРЬК, ИЧ-4 КАНАШ Ш",,"1шт ч(к учету 0,35ч)",,Нарушение контакта трос/контактный болт,CSH,2024,,,1.0,"0,35ч",,
1,13243456,2024-03-03 08:01:00,Горьковская,"ГОРЬК, ШЧ-12","3шт ч(к учету 4,55ч)",,,Обрыв монтажного провода,CSH,2024,3.0,"4,55ч",,,,
1,13244448,2024-03-04 08:45:00,Горьковская,"ГОРЬК, ШЧ-6 (Р)","3шт (к учету 2) ч(к учету 2,23ч)",,"1шт ч(к учету 0,37)ч","Контактная система, потеря контакта",CSH,2024,2.0,"2,23ч",,,1.0,"0,37ч"
2,13246573,2024-03-05 09:05:00,Горьковская,"ГОРЬК, ШЧ-5 (Э)","2шт ч(к учету 1,08ч)",,,"Обмотка, обрыв",CSH,2024,2.0,"1,08ч",,,,
2,13246531,2024-03-05 09:18:00,Горьковская,"ГОРЬК, ШЧ-6 (Р)","1шт ч(к учету 0,48ч)",,,"Конденсатор, снижение емкости",CSH,2024,1.0,"0,48ч",,,,
2,13247873,2024-03-05 17:02:00,Горьковская,"ГОРЬК, ШЧ-3",,,"5шт ч(к учету 0,85)ч","Контактная система, потеря контакта",CSH,2024,,,,,5.0,"0,85ч"
2,13250528,2024-03-06 18:35:00,Горьковская,"ГОРЬК, ШЧ-6 (Р)",,,"1шт ч(к учету 0,37)ч","Электродвигатель, прочие типы, неисправность",CSH,2024,,,,,1.0,"0,37ч"
3,13250664,2024-03-06 22:55:00,Горьковская,"ГОРЬК, ШЧ-5 (Э)",,,,Неисправность концентратора,CSH,2024,,,,,,
3,13251047,2024-03-07 07:10:00,Горьковская,"ГОРЬК, ШЧ-7",,,,"Срабатывание (перегорание), воздействие тягового тока",CSH,2024,,,,,,
3,13252614,2024-03-07 22:45:00,Горьковская,"ГОРЬК, ШЧ-1",,,,"Нарушение контакта в штепсельных розетках, неисправность контактных губок",CSH,2024,,,,,,
2,13253872,2024-03-09 17:16:00,Горьковская,"ГОРЬК, ИЧ-3 МУРАШИ Ш",,,"2шт ч(к учету 0,35)ч",Неисправность планки,CSH,2024,,,,,2.0,"0,35ч"
2,13253946,2024-03-09 20:18:00,Горьковская,"ГОРЬК, ШЧ-8","3шт ч(к учету 1,68ч)","1шт ч(к учету 0,12ч)",,"Резистор, обрыв",CSH,2024,3.0,"1,68ч",1.0,"0,12ч",,
2,13254131,2024-03-10 03:40:00,Горьковская,"ГОРЬК, ШЧ-3","2шт ч(к учету 0,88ч)",,,"Контактная система, потеря контакта",CSH,2024,2.0,"0,88ч",,,,
3,13254414,2024-03-10 10:42:00,Горьковская,"ГОРЬК, ШЧ-5 (Э)",,,,"Стрелочный ОК, программное обеспечение, сбой",CSH,2024,,,,,,
3,13254670,2024-03-10 16:32:00,Горьковская,"ГОРЬК, ШЧ-5 (Э)",,,,"Кнопки, потеря контакта в штепсельном разъеме",CSH,2024,,,,,,
2,13254936,2024-03-11 05:05:00,Горьковская,"ГОРЬК, ШЧ-7","1шт ч(к учету 0,47ч)",,,"Выпрямительные элементы, пробой",CSH,2024,1.0,"0,47ч",,,,
2,13255181,2024-03-11 07:53:00,Горьковская,"ГОРЬК, ИЧ-3 МУРАШИ Ш",,,"1шт ч(к учету 0,17)ч","Электродвигатель, переменного тока (МСТ, МСА), обрыв внутреннего монтажа",CSH,2024,,,,,1.0,"0,17ч"
2,13260072,2024-03-13 15:59:00,Горьковская,"ГОРЬК, ШЧ-5 (Э)","1шт ч(к учету 0,28ч)",,,"Релейный ОК, программное обеспечение, сбой",CSH,2024,1.0,"0,28ч",,,,
2,13263426,2024-03-15 18:42:00,Горьковская,"ГОРЬК, ШЧ-10","1шт ч(к учету 0,22ч)",,"1шт ч(к учету 0,18)ч","Срабатывание (перегорание), воздействие тягового тока",CSH,2024,1.0,"0,22ч",,,1.0,"0,18ч"
3,13264155,2024-03-16 18:30:00,Горьковская,"ГОРЬК, ИЧ-2 НИЖНИЙ НОВГОРОД Ш",,,,Снижение емкости ниже номинальной,CSH,2024,,,,,,
2,13265440,2024-03-18 11:05:00,Горьковская,"ГОРЬК, ШЧ-7","2шт ч(к учету 0,6ч)",,,Зависание ПО,CSH,2024,2.0,"0,6ч",,,,
3,13266644,2024-03-19 08:26:00,Горьковская,"ГОРЬК, ШЧ-1",,,,"Не срабатывание (не перегорание), воздействие тягового тока",CSH,2024,,,,,,
3,13266931,2024-03-19 11:16:00,Горьковская,"ГОРЬК, ШЧ-3",,,,"Внутренний монтаж, обрыв",CSH,2024,,,,,,
3,13266977,2024-03-19 12:09:00,Горьковская,"ГОРЬК, ИЧ-4 КАНАШ Ш",,,,"Лампы, перегорание основной нити",CSH,2024,,,,,,
3,13267075,2024-03-19 12:20:00,Горьковская,"ГОРЬК, ИЧ-3 МУРАШИ Ш",,,,Нарушение контакта трос/штепсель,CSH,2024,,,,,,
2,13269205,2024-03-21 02:06:00,Горьковская,"ГОРЬК, ИЧ-5 ИЖЕВСК Ш","1шт ч(к учету 0,32ч)","1шт ч(к учету 0,2ч)",,Излом штепселя,CSH,2024,1.0,"0,32ч",1.0,"0,2ч",,
3,13271306,2024-03-21 04:30:00,Горьковская,"ГОРЬК, ШЧ-10",,,,"Не срабатывание (не перегорание), несоответствие номинала",CSH,2024,,,,,,
2,13269528,2024-03-21 08:20:00,Горьковская,"ГОРЬК, ИЧ-2 НИЖНИЙ НОВГОРОД Ш",,,"1шт ч(к учету 0,13)ч","Обмотка, обрыв",CSH,2024,,,,,1.0,"0,13ч"
2,13269984,2024-03-21 12:17:00,Горьковская,"ГОРЬК, ИЧ-3 МУРАШИ Ш","1шт ч(к учету 0,77ч)",,,"Лампы, перегорание основной нити",CSH,2024,1.0,"0,77ч",,,,
3,13270111,2024-03-21 13:50:00,Горьковская,"ГОРЬК, ШЧ-6 (Р)",,,,"Контактная система, увеличенное сопротивление",CSH,2024,,,,,,
3,13270839,2024-03-22 08:11:00,Горьковская,"ГОРЬК, ШЧ-3",,,,Понижение сопротивления,CSH,2024,,,,,,
2,13271201,2024-03-22 12:41:00,Горьковская,"ГОРЬК, ИЧ-2 НИЖНИЙ НОВГОРОД Ш",,,"2шт ч(к учету 0,43)ч",Нарушение контакта,CSH,2024,,,,,2.0,"0,43ч"
2,13271639,2024-03-22 22:53:00,Горьковская,"ГОРЬК, ШЧ-10","1шт ч(к учету 0,28ч)",,,"Не срабатывание (не перегорание), воздействие тягового тока",CSH,2024,1.0,"0,28ч",,,,
3,13271808,2024-03-22 22:54:00,Горьковская,"ГОРЬК, ШЧ-5 (Э)",,,,"Срабатывание, воздействие тягового тока",CSH,2024,,,,,,
3,13272212,2024-03-23 14:32:00,Горьковская,"ГОРЬК, ИЧ-2 НИЖНИЙ НОВГОРОД Ш",,,,"Нарушение контакта в штепсельных розетках, неисправность контактных губок",CSH,2024,,,,,,
2,13279228,2024-03-25 13:29:00,Горьковская,"ГОРЬК, ШЧ-10",,"1шт ч(к учету 0,23ч)",,"Не срабатывание (не перегорание), воздействие тягового тока",CSH,2024,,,1.0,"0,23ч",,
2,13276069,2024-03-27 00:15:00,Горьковская,"ГОРЬК, ШЧ-3","6шт ч(к учету 3,33ч)",,,"Жилы, обрыв",CSH,2024,6.0,"3,33ч",,,,
3,13278163,2024-03-27 01:15:00,Горьковская,"ГОРЬК, ШЧ-14",,,,"Срабатывание (перегорание), несоответствие номинала",CSH,2024,,,,,,
3,13278211,2024-03-27 15:30:00,Горьковская,"ГОРЬК, ШЧ-14",,,,"Срабатывание (перегорание), несоответствие номинала",CSH,2024,,,,,,
2,13277640,2024-03-27 22:45:00,Горьковская,"ГОРЬК, ШЧ-10",,"1шт ч(к учету 0,13ч)",,"Жилы, окисление",CSH,2024,,,1.0,"0,13ч",,
3,13278200,2024-03-27 23:20:00,Горьковская,"ГОРЬК, ШЧ-14",,,,"Релейный ОК, программное обеспечение, сбой",CSH,2024,,,,,,
3,13278192,2024-03-27 23:45:00,Горьковская,"ГОРЬК, ШЧ-14",,,,"Срабатывание, несоответствие номинала",CSH,2024,,,,,,
3,13282084,2024-03-29 01:00:00,Горьковская,"ГОРЬК, ШЧ-14",,,,"Релейный ОК, МПК, неисправность",CSH,2024,,,,,,
3,13282966,2024-03-29 01:04:00,Горьковская,"ГОРЬК, ШЧ-5 (Э)",,,,"Срабатывание, несоответствие номинала",CSH,2024,,,,,,
2,13280051,2024-03-29 08:36:00,Горьковская,"ГОРЬК, ШЧ-6 (Р)",,"1шт ч(к учету 0,35ч)",,"Контактная система, увеличенное сопротивление контакта",CSH,2024,,,1.0,"0,35ч",,
3,13282997,2024-03-29 11:06:00,Горьковская,"ГОРЬК, ИЧ-5 ИЖЕВСК Ш",,,,"Лампы, перегорание основной нити",CSH,2024,,,,,,
3,13282959,2024-03-29 16:04:00,Горьковская,"ГОРЬК, ШЧ-5 (Э)",,,,Нарушение контакта наконечник/вывод ДТ,CSH,2024,,,,,,
3,13282971,2024-03-29 17:27:00,Горьковская,"ГОРЬК, ИЧ-5 ИЖЕВСК Ш",,,,"Курбельный контакт, потеря контакта",CSH,2024,,,,,,
3,13282998,2024-03-29 19:37:00,Горьковская,"ГОРЬК, ИЧ-5 ИЖЕВСК Ш",,,,Необеспечение электропитания подзаряда,CSH,2024,,,,,,
3,13284144,2024-03-29 20:31:00,Горьковская,"ГОРЬК, ИЧ-2 НИЖНИЙ НОВГОРОД Ш",,,,Неисправность устройств электроснабжения,CSH,2024,,,,,,
3,13285184,2024-03-30 07:23:00,Горьковская,"ГОРЬК, ШЧ-6 (Р)",,,,"Лампы, перегорание основной нити",CSH,2024,,,,,,
2,13284259,2024-03-30 08:40:00,Горьковская,"ГОРЬК, ШЧ-7",,,"1шт ч(к учету 0,1)ч",Сбой АЛС с задержкой поезда,CSH,2024,,,,,1.0,"0,1ч"
2,13280688,2024-03-30 09:20:00,Горьковская,"ГОРЬК, ШЧ-5 (Э)","7шт ч(к учету 1,63ч)","1шт ч(к учету 0,32ч)","3шт (к учету 2) ч(к учету 0,7)ч","Электродвигатель, прочие типы, неисправность",CSH,2024,7.0,"1,63ч",1.0,"0,32ч",2.0,"0,7ч"
2,13280593,2024-03-30 09:28:00,Горьковская,"ГОРЬК, ШЧ-3",,"1шт ч(к учету 0,27ч)","2шт ч(к учету 0,27)ч",Обрыв монтажного провода,CSH,2024,,,1.0,"0,27ч",2.0,"0,27ч"
3,13284130,2024-03-30 10:22:00,Горьковская,"ГОРЬК, ИЧ-2 НИЖНИЙ НОВГОРОД Ш",,,,Неисправность устройств электроснабжения,CSH,2024,,,,,,
3,13280876,2024-03-30 16:46:00,Горьковская,"ГОРЬК, ШЧ-3",,,,"Лампы, перегорание основной нити",CSH,2024,,,,,,
3,13285218,2024-03-30 17:12:00,Горьковская,"ГОРЬК, ШЧ-6 (Р)",,,,"Лампы, перегорание основной нити",CSH,2024,,,,,,
3,13285504,2024-03-30 18:02:00,Горьковская,"ГОРЬК, ШЧ-6 (Р)",,,,"Контактная система, увеличенное сопротивление",CSH,2024,,,,,,
3,13280926,2024-03-30 18:07:00,Горьковская,"ГОРЬК, ШЧ-3",,,,Короткое замыкание пластин,CSH,2024,,,,,,
3,13283967,2024-03-30 19:58:00,Горьковская,"ГОРЬК, ШЧ-8",,,,"Кнопки, излом контакта",CSH,2024,,,,,,
3,13284568,2024-03-30 20:28:00,Горьковская,"ГОРЬК, ШЧ-6 (Р)",,,,"Диод, пробой",CSH,2024,,,,,,
3,13285502,2024-03-30 22:59:00,Горьковская,"ГОРЬК, ШЧ-6 (Р)",,,,"Конденсатор, снижение емкости",CSH,2024,,,,,,
3,13285151,2024-03-30 23:20:00,Горьковская,"ГОРЬК, ШЧ-6 (Р)",,,,"Лампы, перегорание основной нити",CSH,2024,,,,,,
2,13281106,2024-03-31 00:11:00,Горьковская,"ГОРЬК, ШЧ-12","1шт ч(к учету 0,25ч)",,,"Срабатывание (перегорание), воздействие тягового тока",CSH,2024,1.0,"0,25ч",,,,
3,13283901,2024-03-31 00:11:00,Горьковская,"ГОРЬК, ШЧ-1",,,,"Системный блок, сбой программного обеспечения",CSH,2024,,,,,,
3,13284152,2024-03-31 00:55:00,Горьковская,"ГОРЬК, ИЧ-2 НИЖНИЙ НОВГОРОД Ш",,,,"Лампы, перегорание основной нити",CSH,2024,,,,,,
3,13282501,2024-03-31 01:15:00,Горьковская,"ГОРЬК, ШЧ-1",,,,"Срабатывание (перегорание), воздействие тягового тока",CSH,2024,,,,,,
3,13284324,2024-03-31 02:00:00,Горьковская,"ГОРЬК, ШЧ-1",,,,"Системный блок, сбой программного обеспечения",CSH,2024,,,,,,
3,13282879,2024-03-31 03:16:00,Горьковская,"ГОРЬК, ШЧ-1",,,,"Системный блок, сбой программного обеспечения",CSH,2024,,,,,,
3,13284297,2024-03-31 03:52:00,Горьковская,"ГОРЬК, ШЧ-7",,,,Неисправность петель связи,CSH,2024,,,,,,
2,13281302,2024-03-31 07:20:00,Горьковская,"ГОРЬК, ШЧ-14","2шт ч(к учету 0,73ч)",,,"Жилы, внутренний обрыв",CSH,2024,2.0,"0,73ч",,,,
3,13286699,2024-03-31 08:22:00,Горьковская,"ГОРЬК, ШЧ-1",,,,"Срабатывание (перегорание), воздействие тягового тока",CSH,2024,,,,,,
3,13286344,2024-03-31 10:01:00,Горьковская,"ГОРЬК, ШЧ-1",,,,"Срабатывание (перегорание), воздействие тягового тока",CSH,2024,,,,,,
3,13287503,2024-03-31 10:36:00,Горьковская,"ГОРЬК, ШЧ-1",,,,"Предохранитель, перегорание нити",CSH,2024,,,,,,
2,13281639,2024-03-31 17:46:00,Горьковская,"ГОРЬК, ШЧ-12",,"2шт ч(к учету 0,28ч)",,"Лампы, перегорание основной нити",CSH,2024,,,2.0,"0,28ч",,
3,13283989,2024-03-31 20:57:00,Горьковская,"ГОРЬК, ШЧ-8",,,,"Срабатывание (перегорание), несоответствие номинала",CSH,2024,,,,,,
3,13282800,2024-03-31 21:46:00,Горьковская,"ГОРЬК, ШЧ-1",,,,"Срабатывание, воздействие тягового тока",CSH,2024,,,,,,
3,13281969,2024-04-01 05:25:00,Горьковская,"ГОРЬК, ШЧ-3",,,,Неисправность устройств электроснабжения,CSH,2024,,,,,,
3,13288267,2024-04-03 17:00:00,Горьковская,"ГОРЬК, ШЧ-1",,,,"DEM, сбой программного обеспечения",CSH,2024,,,,,,
3,13294151,2024-04-04 15:45:00,Горьковская,"ГОРЬК, ШЧ-8",,,,"Нарушение контакта в штепсельных розетках, замятие контакта",CSH,2024,,,,,,
1,13293243,2024-04-05 17:21:00,Горьковская,"ГОРЬК, ИЧ-3 МУРАШИ Ш","3шт (к учету 2) ч(к учету 3,17ч)",,,Обрыв перемычки,CSH,2024,2.0,"3,17ч",,,,
1,13293548,2024-04-05 20:25:00,Горьковская,"ГОРЬК, ИЧ-3 МУРАШИ Ш","1шт ч(к учету 2,12ч)",,,"Нарушение контакта в штепсельных розетках, замятие контакта",CSH,2024,1.0,"2,12ч",,,,
3,13295909,2024-04-08 02:04:00,Горьковская,"ГОРЬК, ШЧ-6 (Р)",,,,"Диод, пробой",CSH,2024,,,,,,
3,13296540,2024-04-08 10:16:00,Горьковская,"ГОРЬК, ШЧ-3",,,,Обрыв,CSH,2024,,,,,,
3,13299963,2024-04-09 10:40:00,Горьковская,"ГОРЬК, ИЧ-4 КАНАШ Ш",,,,Нарушение регулировки,CSH,2024,,,,,,
2,13303214,2024-04-10 23:40:00,Горьковская,"ГОРЬК, ШЧ-3",,,"1шт ч(к учету 0,17)ч","Не срабатывание (не перегорание), несоответствие номинала",CSH,2024,,,,,1.0,"0,17ч"
2,13303604,2024-04-11 07:08:00,Горьковская,"ГОРЬК, ИЧ-3 МУРАШИ Ш",,,"1шт ч(к учету 0,12)ч","Контактная система, увеличенное сопротивление",CSH,2024,,,,,1.0,"0,12ч"
2,13303990,2024-04-11 09:39:00,Горьковская,"ГОРЬК, ШЧ-8","3шт ч(к учету 1,27ч)",,,"Срабатывание, коммутационные перенапряжения",CSH,2024,3.0,"1,27ч",,,,
3,13305290,2024-04-11 16:17:00,Горьковская,"ГОРЬК, ШЧ-6 (Р)",,,,"Кнопки, нарушение регулировки контакта при работе внутри пульта",CSH,2024,,,,,,
2,13305683,2024-04-12 01:01:00,Горьковская,"ГОРЬК, ШЧ-14","3шт ч(к учету 1,13ч)",,,Излом наконечника,CSH,2024,3.0,"1,13ч",,,,
2,13305699,2024-04-12 01:10:00,Горьковская,"ГОРЬК, ШЧ-12","4шт ч(к учету 1,47ч)",,,"Не срабатывание (не перегорание), коммутационные перенапряжения",CSH,2024,4.0,"1,47ч",,,,
2,13305970,2024-04-12 05:16:00,Горьковская,"ГОРЬК, ШЧ-5 (Э)","1шт ч(к учету 0,35ч)","4шт (к учету 2) ч(к учету 1,05ч)","2шт ч(к учету 0,38)ч","Жилы, внутренний обрыв",CSH,2024,1.0,"0,35ч",2.0,"1,05ч",2.0,"0,38ч"
2,13307488,2024-04-12 19:57:00,Горьковская,"ГОРЬК, ШЧ-6 (Р)","1шт ч(к учету 0,68ч)","2шт ч(к учету 0,32ч)",,"Контактная система, увеличенное сопротивление",CSH,2024,1.0,"0,68ч",2.0,"0,32ч",,
2,13307598,2024-04-12 23:31:00,Горьковская,"ГОРЬК, ШЧ-3","5шт (к учету 4) ч(к учету 3,15ч)",,"1шт ч(к учету 0,62)ч",Сообщение,CSH,2024,4.0,"3,15ч",,,1.0,"0,62ч"
2,13307668,2024-04-13 01:23:00,Горьковская,"ГОРЬК, ИЧ-3 МУРАШИ Ш","1шт ч(к учету 0,25ч)",,,"Срабатывание (перегорание), несоответствие номинала",CSH,2024,1.0,"0,25ч",,,,
2,13310119,2024-04-15 09:55:00,Горьковская,"ГОРЬК, ШЧ-5 (Э)",,"3шт ч(к учету 0,8ч)",,Обрыв монтажного провода,CSH,2024,,,3.0,"0,8ч",,
2,13311099,2024-04-15 21:44:00,Горьковская,"ГОРЬК, ШЧ-10",,"2шт (к учету 1) ч(к учету 0,27ч)",,Касание закруток,CSH,2024,,,1.0,"0,27ч",,
3,13311652,2024-04-16 06:15:00,Горьковская,"ГОРЬК, ШЧ-3",,,,Повреждение пайки выводов клемм,CSH,2024,,,,,,
3,13311754,2024-04-16 07:57:00,Горьковская,"ГОРЬК, ШЧ-3",,,,"Нарушение контакта в штепсельных розетках, замятие контакта",CSH,2024,,,,,,
3,13313389,2024-04-17 05:54:00,Горьковская,"ГОРЬК, ШЧ-6 (Р)",,,,"Контактная система, увеличенное сопротивление",CSH,2024,,,,,,
3,13315501,2024-04-18 08:19:00,Горьковская,"ГОРЬК, ШЧ-14",,,,"Срабатывание, несоответствие номинала",CSH,2024,,,,,,
2,13320370,2024-04-21 12:43:00,Горьковская,"ГОРЬК, ШЧ-14","3шт ч(к учету 1,62ч)",,,"Срабатывание, несоответствие номинала",CSH,2024,3.0,"1,62ч",,,,
2,13320540,2024-04-21 14:36:00,Горьковская,"ГОРЬК, ШЧ-6 (Р)",,,"2шт ч(к учету 0,52)ч","Контактная система, увеличенное сопротивление контакта",CSH,2024,,,,,2.0,"0,52ч"
3,13320933,2024-04-21 22:11:00,Горьковская,"ГОРЬК, ШЧ-7",,,,Излом наконечника,CSH,2024,,,,,,
3,13326363,2024-04-22 09:20:00,Горьковская,"ГОРЬК, ШЧ-14",,,,"Релейный ОК, программное обеспечение, сбой",CSH,2024,,,,,,
3,13322111,2024-04-22 12:57:00,Горьковская,"ГОРЬК, ИЧ-3 МУРАШИ Ш",,,,"Кнопки, нарушение состояния паек",CSH,2024,,,,,,
3,13322575,2024-04-22 18:58:00,Горьковская,"ГОРЬК, ИЧ-3 МУРАШИ Ш",,,,"Лампы, перегорание основной нити",CSH,2024,,,,,,
1,13322560,2024-04-22 19:15:00,Горьковская,"ГОРЬК, ИЧ-3 МУРАШИ Ш","4шт ч(к учету 2,65ч)",,,"Обрыв, коррозия металла",CSH,2024,4.0,"2,65ч",,,,
3,13324126,2024-04-23 12:50:00,Горьковская,"ГОРЬК, ШЧ-5 (Э)",,,,Неисправность ПО объектного контроллера,CSH,2024,,,,,,
2,13351361,2024-04-23 13:35:00,Горьковская,"ГОРЬК, ШЧ-6 (Р)",,,"1шт ч(к учету 0,15)ч","Нарушение контакта в разъемах блоков, сообщение",CSH,2024,,,,,1.0,"0,15ч"
2,13324660,2024-04-23 17:45:00,Горьковская,"ГОРЬК, ШЧ-6 (Р)","3шт ч(к учету 1,67ч)",,,"Конденсатор, снижение емкости",CSH,2024,3.0,"1,67ч",,,,
3,13325462,2024-04-23 20:56:00,Горьковская,"ГОРЬК, ШЧ-10",,,,"Лампы, перегорание основной нити",CSH,2024,,,,,,
2,13324749,2024-04-23 21:49:00,Горьковская,"ГОРЬК, ШЧ-6 (Р)",,"1шт ч(к учету 0,1ч)",,"Контактная система, подгар контактов",CSH,2024,,,1.0,"0,1ч",,
2,13324789,2024-04-23 23:10:00,Горьковская,"ГОРЬК, ШЧ-7",,"1шт ч(к учету 0,12ч)",,"Код 98.0 Другие, кроме перечисленных выше, дефекты и повреждения рельсов, оставленных в пути, опасность эксплуатации которых может быть оценена по ближайшему типоразмеру дефекта, в том числе общая равномерная коррозия рельсов, а также, наличие сварного стыка на расстоянии от 750 мм до 3000 мм (выполненного электро контактной или алюминотермитной сваркой)",CSH,2024,,,1.0,"0,12ч",,
2,13325172,2024-04-24 03:37:00,Горьковская,"ГОРЬК, ШЧ-7","5шт ч(к учету 2,18ч)","2шт ч(к учету 0,3ч)","1шт ч(к учету 0,18)ч","Конденсатор, короткое замыкание",CSH,2024,5.0,"2,18ч",2.0,"0,3ч",1.0,"0,18ч"
2,13326447,2024-04-24 04:02:00,Горьковская,"ГОРЬК, ШЧ-1",,"2шт (к учету 1) ч(к учету 0,23ч)","1шт ч(к учету 0,22)ч","Релейный ОК, CCM/CCM-E, неисправность",CSH,2024,,,1.0,"0,23ч",1.0,"0,22ч"
3,13330439,2024-04-25 01:03:00,Горьковская,"ГОРЬК, ШЧ-5 (Э)",,,,"Системный блок, сбой программного обеспечения",CSH,2024,,,,,,
3,13330491,2024-04-25 03:09:00,Горьковская,"ГОРЬК, ШЧ-5 (Э)",,,,"Срабатывание, воздействие тягового тока",CSH,2024,,,,,,
3,13327545,2024-04-25 05:20:00,Горьковская,"ГОРЬК, ШЧ-14",,,,"Контактная система, потеря контакта",CSH,2024,,,,,,
3,13330892,2024-04-25 06:01:00,Горьковская,"ГОРЬК, ШЧ-6 (Р)",,,,"Контактная система, увеличенное сопротивление",CSH,2024,,,,,,
3,13331497,2024-04-25 07:15:00,Горьковская,"ГОРЬК, ШЧ-6 (Р)",,,,"Диод, пробой",CSH,2024,,,,,,
3,13331521,2024-04-25 07:31:00,Горьковская,"ГОРЬК, ШЧ-6 (Р)",,,,"Контактная система, увеличенное сопротивление",CSH,2024,,,,,,
3,13330437,2024-04-25 09:30:00,Горьковская,"ГОРЬК, ШЧ-6 (Р)",,,,"Диод, обрыв",CSH,2024,,,,,,
3,13329934,2024-04-25 15:15:00,Горьковская,"ГОРЬК, ШЧ-6 (Р)",,,,"Лампы, перегорание основной нити",CSH,2024,,,,,,
3,13330868,2024-04-25 15:53:00,Горьковская,"ГОРЬК, ШЧ-6 (Р)",,,,"Контактная система, увеличенное сопротивление контакта",CSH,2024,,,,,,
3,13330394,2024-04-25 20:11:00,Горьковская,"ГОРЬК, ШЧ-5 (Э)",,,,Неисправность ПО объектного контроллера,CSH,2024,,,,,,
3,13330509,2024-04-26 00:14:00,Горьковская,"ГОРЬК, ШЧ-5 (Э)",,,,"Системный блок, сбой программного обеспечения",CSH,2024,,,,,,
3,13330472,2024-04-26 04:21:00,Горьковская,"ГОРЬК, ШЧ-5 (Э)",,,,Неисправность ПО объектного контроллера,CSH,2024,,,,,,
3,13332135,2024-04-26 15:36:00,Горьковская,"ГОРЬК, ШЧ-1",,,,Нарушение контакта штепсель/рельс,CSH,2024,,,,,,
3,13331731,2024-04-27 04:46:00,Горьковская,"ГОРЬК, ШЧ-1",,,,"Срабатывание, коммутационные перенапряжения",CSH,2024,,,,,,
2,13331695,2024-04-27 09:46:00,Горьковская,"ГОРЬК, ИЧ-2 НИЖНИЙ НОВГОРОД Ш",,,"1шт ч(к учету 0,73)ч","Нарушение контакта в штепсельных розетках, неисправность контактных губок",CSH,2024,,,,,1.0,"0,73ч"
3,13332013,2024-04-27 10:09:00,Горьковская,"ГОРЬК, ШЧ-1",,,,"Срабатывание (перегорание), воздействие тягового тока",CSH,2024,,,,,,
3,13331927,2024-04-27 11:25:00,Горьковская,"ГОРЬК, ШЧ-8",,,,"Лампы, перегорание основной нити",CSH,2024,,,,,,
3,13332042,2024-04-27 13:42:00,Горьковская,"ГОРЬК, ШЧ-1",,,,"Срабатывание (перегорание), воздействие тягового тока",CSH,2024,,,,,,
2,13332550,2024-04-27 21:14:00,Горьковская,"ГОРЬК, ШЧ-6 (Р)",,"1шт ч(к учету 0,15ч)","1шт ч(к учету 0,3)ч","Обмотка, обрыв",CSH,2024,,,1.0,"0,15ч",1.0,"0,3ч"
3,13333549,2024-04-28 21:47:00,Горьковская,"ГОРЬК, ШЧ-3",,,,Плохой контакт,CSH,2024,,,,,,
3,13337964,2024-04-29 13:28:00,Горьковская,"ГОРЬК, ШЧ-1",,,,"Срабатывание (перегорание), воздействие тягового тока",CSH,2024,,,,,,
2,13334213,2024-04-29 13:45:00,Горьковская,"ГОРЬК, ШЧ-10","2шт ч(к учету 0,55ч)","1шт ч(к учету 0,27ч)",,"Срабатывание (перегорание), воздействие тягового тока",CSH,2024,2.0,"0,55ч",1.0,"0,27ч",,
2,13334566,2024-04-29 20:00:00,Горьковская,"ГОРЬК, ШЧ-14",,"2шт ч(к учету 0,45ч)",,Сбой АЛС с задержкой поезда,CSH,2024,,,2.0,"0,45ч",,
3,13339548,2024-04-30 00:41:00,Горьковская,"ГОРЬК, ШЧ-3",,,,Нарушение регулировки,CSH,2024,,,,,,
3,13339459,2024-04-30 02:27:00,Горьковская,"ГОРЬК, ШЧ-1",,,,"Срабатывание (перегорание), воздействие тягового тока",CSH,2024,,,,,,
2,13334707,2024-04-30 02:36:00,Горьковская,"ГОРЬК, ШЧ-6 (Р)","3шт ч(к учету 1,43ч)",,,"Трансформаторы, обрыв обмотки",CSH,2024,3.0,"1,43ч",,,,
3,13339479,2024-04-30 03:31:00,Горьковская,"ГОРЬК, ШЧ-1",,,,"Срабатывание (перегорание), воздействие тягового тока",CSH,2024,,,,,,
3,13339246,2024-04-30 04:33:00,Горьковская,"ГОРЬК, ШЧ-1",,,,"Срабатывание (перегорание), коммутационные перенапряжения",CSH,2024,,,,,,
3,13338028,2024-04-30 04:39:00,Горьковская,"ГОРЬК, ШЧ-1",,,,"Срабатывание (перегорание), воздействие тягового тока",CSH,2024,,,,,,
3,13338116,2024-04-30 05:03:00,Горьковская,"ГОРЬК, ШЧ-6 (Р)",,,,"Лампы, перегорание основной нити",CSH,2024,,,,,,
3,13339423,2024-04-30 05:12:00,Горьковская,"ГОРЬК, ШЧ-1",,,,"Контактная система, увеличенное сопротивление",CSH,2024,,,,,,
3,13339556,2024-04-30 06:08:00,Горьковская,"ГОРЬК, ШЧ-3",,,,"Фрикционное сцепление, разрегулировка",CSH,2024,,,,,,
3,13338090,2024-04-30 17:21:00,Горьковская,"ГОРЬК, ШЧ-6 (Р)",,,,"Лампы, перегорание основной нити",CSH,2024,,,,,,
3,13340307,2024-04-30 17:48:00,Горьковская,"ГОРЬК, ШЧ-5 (Э)",,,,"Внутренний монтаж, короткое замыкание",CSH,2024,,,,,,
3,13337848,2024-04-30 17:50:00,Горьковская,"ГОРЬК, ШЧ-1",,,,"Стрелочный ОК, программное обеспечение, сбой",CSH,2024,,,,,,
3,13337975,2024-04-30 19:54:00,Горьковская,"ГОРЬК, ШЧ-1",,,,"Стрелочный ОК, программное обеспечение, сбой",CSH,2024,,,,,,
3,13339514,2024-04-30 22:01:00,Горьковская,"ГОРЬК, ШЧ-3",,,,"Лампы, перегорание основной нити",CSH,2024,,,,,,
3,13337900,2024-04-30 23:05:00,Горьковская,"ГОРЬК, ШЧ-1",,,,"Срабатывание (перегорание), воздействие тягового тока",CSH,2024,,,,,,
2,13335951,2024-05-01 13:17:00,Горьковская,"ГОРЬК, ШЧ-10","5шт (к учету 4) ч(к учету 1,4ч)",,"1шт ч(к учету 0,17)ч","Срабатывание, воздействие тягового тока",CSH,2024,4.0,"1,4ч",,,1.0,"0,17ч"
3,13336225,2024-05-01 20:42:00,Горьковская,"ГОРЬК, ИЧ-4 КАНАШ Ш",,,,Неисправность заземления контактных опор,CSH,2024,,,,,,
2,13336254,2024-05-01 21:56:00,Горьковская,"ГОРЬК, ШЧ-6 (Р)","1шт ч(к учету 0,58ч)",,,"Электродвигатель, постоянного тока (МСП, ДСП), обрыв обмотки якоря",CSH,2024,1.0,"0,58ч",,,,
3,13336779,2024-05-02 07:30:00,Горьковская,"ГОРЬК, ШЧ-10",,,,"Срабатывание, воздействие тягового тока",CSH,2024,,,,,,
2,13337563,2024-05-02 12:45:00,Горьковская,"ГОРЬК, ШЧ-3",,"1шт ч(к учету 0,1ч)","1шт ч(к учету 0,22)ч",Нарушение изоляции монтажных проводов,CSH,2024,,,1.0,"0,1ч",1.0,"0,22ч"
3,13339071,2024-05-03 08:35:00,Горьковская,"ГОРЬК, ШЧ-5 (Э)",,,,"Срабатывание, воздействие тягового тока",CSH,2024,,,,,,
2,13339874,2024-05-03 12:45:00,Горьковская,"ГОРЬК, ШЧ-10","3шт ч(к учету 0,98ч)",,,"Срабатывание, воздействие тягового тока",CSH,2024,3.0,"0,98ч",,,,
3,13341057,2024-05-04 05:13:00,Горьковская,"ГОРЬК, ШЧ-14",,,,"Срабатывание (перегорание), несоответствие номинала",CSH,2024,,,,,,
2,13342007,2024-05-04 23:02:00,Горьковская,"ГОРЬК, ШЧ-14","1шт ч(к учету 0,67ч)",,,Неисправность,CSH,2024,1.0,"0,67ч",,,,
2,13342181,2024-05-05 01:26:00,Горьковская,"ГОРЬК, ИЧ-4 КАНАШ Ш","1шт ч(к учету 0,28ч)",,,"Контактная система, увеличенное сопротивление контакта",CSH,2024,1.0,"0,28ч",,,,
3,13350582,2024-05-05 17:31:00,Горьковская,"ГОРЬК, ШЧ-10",,,,"Срабатывание (перегорание), воздействие тягового тока",CSH,2024,,,,,,
3,13343144,2024-05-05 21:25:00,Горьковская,"ГОРЬК, ШЧ-3",,,,"Сигнальная обмотка, короткое замыкание",CSH,2024,,,,,,
2,13343437,2024-05-06 04:05:00,Горьковская,"ГОРЬК, ШЧ-3",,"3шт (к учету 2) ч(к учету 0,47ч)",,"Внутренний монтаж, обрыв",CSH,2024,,,2.0,"0,47ч",,
3,13343481,2024-05-06 05:56:00,Горьковская,"ГОРЬК, ШЧ-7",,,,"Код 98.0 Другие, кроме перечисленных выше, дефекты и повреждения рельсов, оставленных в пути, опасность эксплуатации которых может быть оценена по ближайшему типоразмеру дефекта, в том числе общая равномерная коррозия рельсов, а также, наличие сварного стыка на расстоянии от 750 мм до 3000 мм (выполненного электро контактной или алюминотермитной сваркой)",CSH,2024,,,,,,
2,13347500,2024-05-07 13:18:00,Горьковская,"ГОРЬК, ШЧ-10","1шт ч(к учету 0,47ч)",,,"Срабатывание, воздействие тягового тока",CSH,2024,1.0,"0,47ч",,,,
2,13350646,2024-05-08 16:22:00,Горьковская,"ГОРЬК, ШЧ-6 (Р)",,,"2шт ч(к учету 0,27)ч",Излом провода под гайкой,CSH,2024,,,,,2.0,"0,27ч"
2,13354612,2024-05-12 22:14:00,Горьковская,"ГОРЬК, ШЧ-10","1шт ч(к учету 0,33ч)","1шт ч(к учету 0,23ч)",,"Срабатывание, воздействие тягового тока",CSH,2024,1.0,"0,33ч",1.0,"0,23ч",,
2,13356471,2024-05-13 15:56:00,Горьковская,"ГОРЬК, ИЧ-3 МУРАШИ Ш",,,"1шт ч(к учету 0,15)ч","Нарушение контакта в штепсельных розетках, неисправность контактных губок",CSH,2024,,,,,1.0,"0,15ч"
2,13358918,2024-05-14 22:20:00,Горьковская,"ГОРЬК, ИЧ-3 МУРАШИ Ш","2шт ч(к учету 1,18ч)",,,"Нарушение контакта в разъемах блоков, неисправность контактных губок",CSH,2024,2.0,"1,18ч",,,,
2,13359128,2024-05-15 04:27:00,Горьковская,"ГОРЬК, ШЧ-7",,"9шт (к учету 7) ч(к учету 2,85ч)","2шт ч(к учету 0,75)ч","Предохранитель, перегорание нити",CSH,2024,,,7.0,"2,85ч",2.0,"0,75ч"
2,13360134,2024-05-15 10:55:00,Горьковская,"ГОРЬК, ШЧ-6 (Р)","1шт ч(к учету 0,33ч)",,"1шт ч(к учету 0,18)ч","Конденсатор, снижение емкости",CSH,2024,1.0,"0,33ч",,,1.0,"0,18ч"
2,13360977,2024-05-15 21:30:00,Горьковская,"ГОРЬК, ИЧ-5 ИЖЕВСК Ш","2шт ч(к учету 1,25ч)","1шт ч(к учету 0,15ч)",,"Обрыв троса, коррозия металла",CSH,2024,2.0,"1,25ч",1.0,"0,15ч",,
3,13362279,2024-05-16 10:24:00,Горьковская,"ГОРЬК, ИЧ-3 МУРАШИ Ш",,,,"Лампы, перегорание основной нити",CSH,2024,,,,,,
3,13362062,2024-05-16 12:00:00,Горьковская,"ГОРЬК, ШЧ-6 (Р)",,,,"Контактная система, потеря контакта",CSH,2024,,,,,,
3,13364005,2024-05-16 18:22:00,Горьковская,"ГОРЬК, ШЧ-8",,,,"Код 98.0 Другие, кроме перечисленных выше, дефекты и повреждения рельсов, оставленных в пути, опасность эксплуатации которых может быть оценена по ближайшему типоразмеру дефекта, в том числе общая равномерная коррозия рельсов, а также, наличие сварного стыка на расстоянии от 750 мм до 3000 мм (выполненного электро контактной или алюминотермитной сваркой)",CSH,2024,,,,,,
2,13363147,2024-05-17 06:53:00,Горьковская,"ГОРЬК, ИЧ-5 ИЖЕВСК Ш","1шт ч(к учету 0,7ч)",,,Необеспечение электропитания подзаряда,CSH,2024,1.0,"0,7ч",,,,
2,13363877,2024-05-17 14:00:00,Горьковская,"ГОРЬК, ШЧ-12","1шт ч(к учету 0,53ч)",,,"Нарушение контакта в разъемах блоков, неисправность контактных губок",CSH,2024,1.0,"0,53ч",,,,
2,13364661,2024-05-18 09:15:00,Горьковская,"ГОРЬК, ШЧ-6 (Р)","1шт ч(к учету 0,52ч)",,,"Контактная система, увеличенное сопротивление",CSH,2024,1.0,"0,52ч",,,,
3,13365058,2024-05-18 16:25:00,Горьковская,"ГОРЬК, ШЧ-7",,,,"Код 98.0 Другие, кроме перечисленных выше, дефекты и повреждения рельсов, оставленных в пути, опасность эксплуатации которых может быть оценена по ближайшему типоразмеру дефекта, в том числе общая равномерная коррозия рельсов, а также, наличие сварного стыка на расстоянии от 750 мм до 3000 мм (выполненного электро контактной или алюминотермитной сваркой)",CSH,2024,,,,,,
3,13365365,2024-05-19 00:11:00,Горьковская,"ГОРЬК, ШЧ-3",,,,"Сигнальная обмотка, короткое замыкание",CSH,2024,,,,,,
1,13366090,2024-05-19 07:16:00,Горьковская,"ГОРЬК, ШЧ-6 (Р)","5шт (к учету 4) ч(к учету 3,72ч)",,"1шт ч(к учету 0,1)ч","Обмотка, короткое замыкание",CSH,2024,4.0,"3,72ч",,,1.0,"0,1ч"
2,13365870,2024-05-19 14:28:00,Горьковская,"ГОРЬК, ШЧ-10",,"1шт ч(к учету 0,22ч)","1шт ч(к учету 0,28)ч",Нарушение регулировки внешнего замыкателя,CSH,2024,,,1.0,"0,22ч",1.0,"0,28ч"
3,13366079,2024-05-19 16:52:00,Горьковская,"ГОРЬК, ШЧ-3",,,,Нарушение контакта трос/наконечник,CSH,2024,,,,,,
2,13367439,2024-05-20 13:40:00,Горьковская,"ГОРЬК, ШЧ-3","1шт ч(к учету 0,33ч)","5шт (к учету 3) ч(к учету 1,85ч)","8шт (к учету 7) ч(к учету 1,68)ч","ИБП, неисправность",CSH,2024,1.0,"0,33ч",3.0,"1,85ч",7.0,"1,68ч"
3,13369389,2024-05-21 16:56:00,Горьковская,"ГОРЬК, ШЧ-7",,,,"Код 98.0 Другие, кроме перечисленных выше, дефекты и повреждения рельсов, оставленных в пути, опасность эксплуатации которых может быть оценена по ближайшему типоразмеру дефекта, в том числе общая равномерная коррозия рельсов, а также, наличие сварного стыка на расстоянии от 750 мм до 3000 мм (выполненного электро контактной или алюминотермитной сваркой)",CSH,2024,,,,,,
3,13369920,2024-05-22 02:57:00,Горьковская,"ГОРЬК, ШЧ-6 (Р)",,,,"Контактная система, потеря контакта",CSH,2024,,,,,,
3,13371300,2024-05-22 20:24:00,Горьковская,"ГОРЬК, ШЧ-6 (Р)",,,,"Сигнальная обмотка, короткое замыкание",CSH,2024,,,,,,
3,13372533,2024-05-23 13:44:00,Горьковская,"ГОРЬК, ШЧ-7",,,,"Лампы, перегорание основной нити",CSH,2024,,,,,,
2,13374664,2024-05-25 04:42:00,Горьковская,"ГОРЬК, ШЧ-14","4шт (к учету 2) ч(к учету 1,02ч)","1шт ч(к учету 0,1ч)",,"Срабатывание, несоответствие номинала",CSH,2024,2.0,"1,02ч",1.0,"0,1ч",,
2,13375449,2024-05-26 05:15:00,Горьковская,"ГОРЬК, ШЧ-1","2шт ч(к учету 0,67ч)",,,"Нарушение контакта в штепсельных розетках, неисправность контактных губок",CSH,2024,2.0,"0,67ч",,,,
3,13376759,2024-05-27 10:57:00,Горьковская,"ГОРЬК, ШЧ-8",,,,"Жилы, обрыв",CSH,2024,,,,,,
3,13376861,2024-05-27 12:03:00,Горьковская,"ГОРЬК, ШЧ-1",,,,Неисправность устройств электроснабжения,CSH,2024,,,,,,
2,13377041,2024-05-27 13:26:00,Горьковская,"ГОРЬК, ИЧ-5 ИЖЕВСК Ш","1шт ч(к учету 0,37ч)",,,"Жилы, внутренний обрыв",CSH,2024,1.0,"0,37ч",,,,
2,13377789,2024-05-28 01:56:00,Горьковская,"ГОРЬК, ШЧ-6 (Р)","3шт ч(к учету 1,12ч)",,,"Внутренний монтаж, обрыв",CSH,2024,3.0,"1,12ч",,,,
2,13378094,2024-05-28 09:50:00,Горьковская,"ГОРЬК, ШЧ-5 (Э)",,"3шт ч(к учету 0,7ч)",,Нарушение контакта клемма/вывод ДТ,CSH,2024,,,3.0,"0,7ч",,
3,13378147,2024-05-28 10:35:00,Горьковская,"ГОРЬК, ШЧ-8",,,,"Нарушение контакта в штепсельных розетках, замятие контакта",CSH,2024,,,,,,
1,13378885,2024-05-28 19:11:00,Горьковская,"ГОРЬК, ИЧ-3 МУРАШИ Ш","2шт ч(к учету 1,25ч)","1шт ч(к учету 0,3ч)","2шт ч(к учету 0,62)ч",Нарушение регулировки,CSH,2024,2.0,"1,25ч",1.0,"0,3ч",2.0,"0,62ч"
3,13382689,2024-05-28 21:50:00,Горьковская,"ГОРЬК, ШЧ-14",,,,"Релейный ОК, программное обеспечение, сбой",CSH,2024,,,,,,
3,13380559,2024-05-29 21:00:00,Горьковская,"ГОРЬК, ШЧ-6 (Р)",,,,"Транзистор, обрыв",CSH,2024,,,,,,
2,13381551,2024-05-30 10:31:00,Горьковская,"ГОРЬК, ШЧ-6 (Р)","1шт ч(к учету 0,25ч)",,,"Срабатывание, воздействие тягового тока",CSH,2024,1.0,"0,25ч",,,,
3,13382171,2024-05-30 20:15:00,Горьковская,"ГОРЬК, ШЧ-5 (Э)",,,,Обрыв монтажного провода,CSH,2024,,,,,,
2,13382422,2024-05-31 03:17:00,Горьковская,"ГОРЬК, ШЧ-6 (Р)",,"2шт ч(к учету 0,25ч)",,"Контактная система, увеличенное сопротивление",CSH,2024,,,2.0,"0,25ч",,
3,13387054,2024-05-31 09:11:00,Горьковская,"ГОРЬК, ШЧ-6 (Р)",,,,"Лампы, перегорание основной нити",CSH,2024,,,,,,
2,13382771,2024-05-31 09:16:00,Горьковская,"ГОРЬК, ШЧ-8","5шт (к учету 4) ч(к учету 3,35ч)",,,Излом стойки,CSH,2024,4.0,"3,35ч",,,,
2,13386592,2024-05-31 13:49:00,Горьковская,"ГОРЬК, ШЧ-6 (Р)","1шт ч(к учету 0,27ч)",,,"Диод, пробой",CSH,2024,1.0,"0,27ч",,,,
3,13389095,2024-05-31 18:00:00,Горьковская,"ГОРЬК, ИЧ-4 КАНАШ Ш",,,,Неисправность переездной автоматики,CSH,2024,,,,,,
2,13383852,2024-06-01 07:01:00,Горьковская,"ГОРЬК, ИЧ-5 ИЖЕВСК Ш",,,"5шт ч(к учету 1,03)ч","Автопереключатель, разрегулировка контактов",CSH,2024,,,,,5.0,"1,03ч"
3,13384248,2024-06-01 14:36:00,Горьковская,"ГОРЬК, ИЧ-3 МУРАШИ Ш",,,,"Внутренний монтаж, обрыв",CSH,2024,,,,,,
2,13384386,2024-06-01 18:28:00,Горьковская,"ГОРЬК, ШЧ-10",,,"1шт ч(к учету 0,1)ч","Внутренний монтаж, обрыв",CSH,2024,,,,,1.0,"0,1ч"
2,13385128,2024-06-02 14:52:00,Горьковская,"ГОРЬК, ШЧ-5 (Э)","1шт ч(к учету 0,45ч)",,,"Лампы, перегорание основной нити",CSH,2024,1.0,"0,45ч",,,,
3,13385157,2024-06-02 15:50:00,Горьковская,"ГОРЬК, ИЧ-2 НИЖНИЙ НОВГОРОД Ш",,,,"Жилы, внутренний обрыв",CSH,2024,,,,,,
3,13387498,2024-06-04 02:10:00,Горьковская,"ГОРЬК, ШЧ-3",,,,"Лампы, перегорание основной нити",CSH,2024,,,,,,
2,13387409,2024-06-04 02:54:00,Горьковская,"ГОРЬК, ИЧ-3 МУРАШИ Ш","1шт ч(к учету 0,35ч)",,,Отсутствие,CSH,2024,1.0,"0,35ч",,,,
2,13387648,2024-06-04 06:24:00,Горьковская,"ГОРЬК, ШЧ-14","2шт ч(к учету 0,62ч)",,,"Лампы, перегорание основной нити",CSH,2024,2.0,"0,62ч",,,,
2,13388125,2024-06-04 10:53:00,Горьковская,"ГОРЬК, ИЧ-3 МУРАШИ Ш",,,"1шт ч(к учету 0,13)ч","Путевой датчик (ДПЭП), неисправность",CSH,2024,,,,,1.0,"0,13ч"
2,13389196,2024-06-04 17:46:00,Горьковская,"ГОРЬК, ШЧ-6 (Р)","2шт ч(к учету 0,78ч)",,,"Контактная система, увеличенное сопротивление",CSH,2024,2.0,"0,78ч",,,,
3,13391568,2024-06-05 15:30:00,Горьковская,"ГОРЬК, ШЧ-6 (Р)",,,,"Транзисторы, обрыв",CSH,2024,,,,,,
1,13391704,2024-06-05 15:43:00,Горьковская,"ГОРЬК, ИЧ-5 ИЖЕВСК Ш","5шт ч(к учету 6,77ч)",,"1шт ч(к учету 0,57)ч","Внутренний монтаж, короткое замыкание",CSH,2024,5.0,"6,77ч",,,1.0,"0,57ч"
2,13391899,2024-06-05 22:15:00,Горьковская,"ГОРЬК, ШЧ-3",,,"1шт ч(к учету 0,18)ч","Контактная система, увеличенное сопротивление",CSH,2024,,,,,1.0,"0,18ч"
2,13393161,2024-06-06 10:19:00,Горьковская,"ГОРЬК, ШЧ-14",,,"2шт ч(к учету 0,6)ч","Релейный ОК, программное обеспечение, сбой",CSH,2024,,,,,2.0,"0,6ч"
3,13393957,2024-06-06 15:37:00,Горьковская,"ГОРЬК, ШЧ-3",,,,"Код 98.0 Другие, кроме перечисленных выше, дефекты и повреждения рельсов, оставленных в пути, опасность эксплуатации которых может быть оценена по ближайшему типоразмеру дефекта, в том числе общая равномерная коррозия рельсов, а также, наличие сварного стыка на расстоянии от 750 мм до 3000 мм (выполненного электро контактной или алюминотермитной сваркой)",CSH,2024,,,,,,
2,13396289,2024-06-07 21:06:00,Горьковская,"ГОРЬК, ИЧ-2 НИЖНИЙ НОВГОРОД Ш",,,"1шт ч(к учету 0,15)ч",Просадка напряжения на питающей линии,CSH,2024,,,,,1.0,"0,15ч"
2,13397577,2024-06-09 08:32:00,Горьковская,"ГОРЬК, ШЧ-7","2шт ч(к учету 0,95ч)",,,Излом штепселя,CSH,2024,2.0,"0,95ч",,,,
2,13397687,2024-06-09 08:52:00,Горьковская,"ГОРЬК, ШЧ-6 (Р)","1шт ч(к учету 0,82ч)",,"1шт ч(к учету 0,23)ч","Конденсатор, короткое замыкание  конденсатора",CSH,2024,1.0,"0,82ч",,,1.0,"0,23ч"
2,13398304,2024-06-10 04:46:00,Горьковская,"ГОРЬК, ИЧ-4 КАНАШ Ш","1шт ч(к учету 0,3ч)",,,"Нарушение контакта в разъемах блоков, замятие контакта",CSH,2024,1.0,"0,3ч",,,,
2,13398321,2024-06-10 04:53:00,Горьковская,"ГОРЬК, ШЧ-8",,"1шт ч(к учету 0,1ч)",,"Лампы, перегорание основной нити",CSH,2024,,,1.0,"0,1ч",,
2,13400706,2024-06-11 10:02:00,Горьковская,"ГОРЬК, ШЧ-10",,,"1шт ч(к учету 0,13)ч",Неисправность ПО АРМ,CSH,2024,,,,,1.0,"0,13ч"
3,13404035,2024-06-12 15:03:00,Горьковская,"ГОРЬК, ШЧ-10",,,,"Срабатывание, воздействие тягового тока",CSH,2024,,,,,,
2,13403304,2024-06-13 07:26:00,Горьковская,"ГОРЬК, ШЧ-6 (Р)","5шт ч(к учету 3,02ч)",,,"Конденсатор, короткое замыкание  конденсатора",CSH,2024,5.0,"3,02ч",,,,
2,13404441,2024-06-13 15:21:00,Горьковская,"ГОРЬК, ШЧ-6 (Р)","6шт (к учету 5) ч(к учету 2,77ч)",,,"Контактная система, увеличенное сопротивление контакта",CSH,2024,5.0,"2,77ч",,,,
2,13405584,2024-06-14 11:29:00,Горьковская,"ГОРЬК, ШЧ-5 (Э)",,,"1шт ч(к учету 0,12)ч",Сообщение выводных клемм,CSH,2024,,,,,1.0,"0,12ч"
2,13405718,2024-06-14 12:33:00,Горьковская,"ГОРЬК, ШЧ-10","2шт ч(к учету 1,77ч)",,"1шт ч(к учету 0,27)ч","Срабатывание, воздействие тягового тока",CSH,2024,2.0,"1,77ч",,,1.0,"0,27ч"
2,13406065,2024-06-14 14:38:00,Горьковская,"ГОРЬК, ИЧ-5 ИЖЕВСК Ш",,,"1шт ч(к учету 0,1)ч","Кнопки, потеря контакта в штепсельном разъеме",CSH,2024,,,,,1.0,"0,1ч"
2,13407080,2024-06-15 13:38:00,Горьковская,"ГОРЬК, ШЧ-10","5шт ч(к учету 1,47ч)",,"1шт ч(к учету 0,1)ч","Срабатывание, воздействие тягового тока",CSH,2024,5.0,"1,47ч",,,1.0,"0,1ч"
3,13407564,2024-06-16 03:15:00,Горьковская,"ГОРЬК, ШЧ-6 (Р)",,,,"Трансформатор, обрыв обмотки",CSH,2024,,,,,,
2,13408188,2024-06-16 22:16:00,Горьковская,"ГОРЬК, ШЧ-3",,"1шт ч(к учету 0,13ч)",,Обрыв монтажного провода,CSH,2024,,,1.0,"0,13ч",,
3,13409665,2024-06-18 03:40:00,Горьковская,"ГОРЬК, ШЧ-12",,,,"Основная обмотка, короткое замыкание",CSH,2024,,,,,,
2,13410706,2024-06-18 17:01:00,Горьковская,"ГОРЬК, ШЧ-6 (Р)",,,"1шт ч(к учету 0,2)ч","Электродвигатель, прочие типы, неисправность",CSH,2024,,,,,1.0,"0,2ч"
2,13441495,2024-06-18 18:28:00,Горьковская,"ГОРЬК, ШЧ-3",,"4шт (к учету 3) ч(к учету 0,77ч)","1шт ч(к учету 0,1)ч","Диод, пробой",CSH,2024,,,3.0,"0,77ч",1.0,"0,1ч"
3,13411843,2024-06-19 10:42:00,Горьковская,"ГОРЬК, ШЧ-3",,,,"Жилы, обрыв",CSH,2024,,,,,,
3,13413051,2024-06-20 10:53:00,Горьковская,"ГОРЬК, ШЧ-3",,,,"Нарушение контакта в штепсельных розетках, сообщение",CSH,2024,,,,,,
2,13413393,2024-06-20 14:22:00,Горьковская,"ГОРЬК, ШЧ-6 (Р)",,,"1шт ч(к учету 0,18)ч","Контактная система, потеря контакта",CSH,2024,,,,,1.0,"0,18ч"
2,13413937,2024-06-21 05:56:00,Горьковская,"ГОРЬК, ШЧ-6 (Р)",,,"2шт ч(к учету 0,5)ч","Диод, короткое замыкание",CSH,2024,,,,,2.0,"0,5ч"
2,13414115,2024-06-21 08:06:00,Горьковская,"ГОРЬК, ИЧ-5 ИЖЕВСК Ш",,,"2шт ч(к учету 0,3)ч","Резистор, обрыв",CSH,2024,,,,,2.0,"0,3ч"
2,13414309,2024-06-21 10:39:00,Горьковская,"ГОРЬК, ШЧ-6 (Р)","3шт ч(к учету 0,77ч)",,,Обрыв,CSH,2024,3.0,"0,77ч",,,,
3,13416076,2024-06-23 01:58:00,Горьковская,"ГОРЬК, ШЧ-6 (Р)",,,,"Обмотка, обрыв",CSH,2024,,,,,,
2,13416288,2024-06-23 09:09:00,Горьковская,"ГОРЬК, ШЧ-6 (Р)","1шт ч(к учету 0,35ч)",,,Обрыв,CSH,2024,1.0,"0,35ч",,,,
2,13418122,2024-06-24 16:57:00,Горьковская,"ГОРЬК, ШЧ-6 (Р)","2шт ч(к учету 0,92ч)","1шт ч(к учету 0,13ч)","2шт ч(к учету 0,27)ч","Конденсатор, снижение емкости",CSH,2024,2.0,"0,92ч",1.0,"0,13ч",2.0,"0,27ч"
1,13419589,2024-06-25 15:10:00,Горьковская,"ГОРЬК, ШЧ-3","1шт ч(к учету 1,43ч)",,"13шт (к учету 11) ч(к учету 6,45)ч","Жилы, сообщение",CSH,2024,1.0,"1,43ч",,,11.0,"6,45ч"
3,13423733,2024-06-26 02:57:00,Горьковская,"ГОРЬК, ШЧ-7",,,,"Код 98.0 Другие, кроме перечисленных выше, дефекты и повреждения рельсов, оставленных в пути, опасность эксплуатации которых может быть оценена по ближайшему типоразмеру дефекта, в том числе общая равномерная коррозия рельсов, а также, наличие сварного стыка на расстоянии от 750 мм до 3000 мм (выполненного электро контактной или алюминотермитной сваркой)",CSH,2024,,,,,,
2,13421067,2024-06-26 10:17:00,Горьковская,"ГОРЬК, ИЧ-3 МУРАШИ Ш","1шт ч(к учету 0,32ч)",,,"Лампы, перегорание основной нити",CSH,2024,1.0,"0,32ч",,,,
3,13421202,2024-06-26 15:31:00,Горьковская,"ГОРЬК, ШЧ-5 (Э)",,,,"Срабатывание, несоответствие номинала",CSH,2024,,,,,,
2,13421799,2024-06-27 04:30:00,Горьковская,"ГОРЬК, ШЧ-12","1шт ч(к учету 0,17ч)","1шт ч(к учету 0,15ч)","1шт ч(к учету 0,17)ч","Лампы, перегорание основной нити",CSH,2024,1.0,"0,17ч",1.0,"0,15ч",1.0,"0,17ч"
2,13421818,2024-06-27 04:33:00,Горьковская,"ГОРЬК, ШЧ-3",,"7шт (к учету 6) ч(к учету 1,03ч)","1шт ч(к учету 0,18)ч","Нарушение контакта в штепсельных розетках, сообщение",CSH,2024,,,6.0,"1,03ч",1.0,"0,18ч"
2,13424240,2024-06-28 19:04:00,Горьковская,"ГОРЬК, ШЧ-14",,"1шт ч(к учету 0,22ч)",,"Срабатывание, несоответствие номинала",CSH,2024,,,1.0,"0,22ч",,
3,13428303,2024-06-28 21:44:00,Горьковская,"ГОРЬК, ШЧ-8",,,,Неисправность устройства сопряжения с объектами,CSH,2024,,,,,,
3,13427085,2024-06-29 09:44:00,Горьковская,"ГОРЬК, ШЧ-6 (Р)",,,,"Лампы, перегорание основной нити",CSH,2024,,,,,,
3,13426946,2024-06-29 10:49:00,Горьковская,"ГОРЬК, ШЧ-6 (Р)",,,,"Лампы, перегорание основной нити",CSH,2024,,,,,,
3,13427183,2024-06-29 16:12:00,Горьковская,"ГОРЬК, ШЧ-6 (Р)",,,,"Лампы, перегорание основной нити",CSH,2024,,,,,,
3,13431061,2024-06-30 02:05:00,Горьковская,"ГОРЬК, ШЧ-1",,,,"Предохранители, перегорание",CSH,2024,,,,,,
3,13426929,2024-06-30 02:58:00,Горьковская,"ГОРЬК, ШЧ-5 (Э)",,,,"Срабатывание (перегорание), несоответствие номинала",CSH,2024,,,,,,
3,13426856,2024-06-30 04:30:00,Горьковская,"ГОРЬК, ШЧ-14",,,,"Релейный ОК, программное обеспечение, сбой",CSH,2024,,,,,,
3,13431140,2024-06-30 05:23:00,Горьковская,"ГОРЬК, ШЧ-1",,,,"Релейный ОК, программное обеспечение, сбой",CSH,2024,,,,,,
3,13431269,2024-06-30 11:39:00,Горьковская,"ГОРЬК, ШЧ-1",,,,"Срабатывание (перегорание), воздействие тягового тока",CSH,2024,,,,,,
3,13428384,2024-06-30 15:14:00,Горьковская,"ГОРЬК, ШЧ-8",,,,Неисправность устройства сопряжения с объектами,CSH,2024,,,,,,
3,13431389,2024-06-30 18:05:00,Горьковская,"ГОРЬК, ШЧ-1",,,,"Лампы, перегорание основной нити",CSH,2024,,,,,,
3,13426861,2024-06-30 20:20:00,Горьковская,"ГОРЬК, ШЧ-14",,,,"Срабатывание (перегорание), несоответствие номинала",CSH,2024,,,,,,
3,13426850,2024-06-30 20:50:00,Горьковская,"ГОРЬК, ШЧ-14",,,,"Релейный ОК, программное обеспечение, сбой",CSH,2024,,,,,,
3,13426545,2024-07-01 09:11:00,Горьковская,"ГОРЬК, ШЧ-3",,,,"Контактная система, потеря контакта",CSH,2024,,,,,,
2,13427301,2024-07-01 17:24:00,Горьковская,"ГОРЬК, ШЧ-8","2шт ч(к учету 0,9ч)",,,Нарушение контакта трос/штепсель,CSH,2024,2.0,"0,9ч",,,,
2,13429301,2024-07-02 13:54:00,Горьковская,"ГОРЬК, ИЧ-3 МУРАШИ Ш","2шт ч(к учету 0,5ч)",,,"Резистор, обрыв",CSH,2024,2.0,"0,5ч",,,,
3,13429359,2024-07-02 20:34:00,Горьковская,"ГОРЬК, ШЧ-10",,,,"Срабатывание, воздействие тягового тока",CSH,2024,,,,,,
3,13431527,2024-07-03 13:33:00,Горьковская,"ГОРЬК, ШЧ-12",,,,"Срабатывание, воздействие тягового тока",CSH,2024,,,,,,
2,13431867,2024-07-03 20:01:00,Горьковская,"ГОРЬК, ШЧ-8","4шт ч(к учету 1,25ч)","2шт ч(к учету 0,27ч)",,"Контактная система, увеличенное сопротивление",CSH,2024,4.0,"1,25ч",2.0,"0,27ч",,
2,13432488,2024-07-04 05:32:00,Горьковская,"ГОРЬК, ШЧ-3",,,"3шт (к учету 2) ч(к учету 0,53)ч",Излом провода под гайкой,CSH,2024,,,,,2.0,"0,53ч"
2,13434672,2024-07-05 06:07:00,Горьковская,"ГОРЬК, ШЧ-3",,,"1шт ч(к учету 0,23)ч","Срабатывание (перегорание), воздействие тягового тока",CSH,2024,,,,,1.0,"0,23ч"
2,13434913,2024-07-05 07:33:00,Горьковская,"ГОРЬК, ИЧ-5 ИЖЕВСК Ш",,"1шт ч(к учету 0,42ч)",,"Трансформатор, понижение сопротивления изоляции",CSH,2024,,,1.0,"0,42ч",,
2,13435994,2024-07-05 17:59:00,Горьковская,"ГОРЬК, ИЧ-4 КАНАШ Ш",,"1шт ч(к учету 0,1ч)",,"Конденсатор, снижение емкости конденсатора",CSH,2024,,,1.0,"0,1ч",,
3,13436288,2024-07-05 23:06:00,Горьковская,"ГОРЬК, ШЧ-3",,,,"Срабатывание, воздействие тягового тока",CSH,2024,,,,,,
3,13436407,2024-07-06 03:20:00,Горьковская,"ГОРЬК, ШЧ-6 (Р)",,,,"Контактная система, увеличенное сопротивление контакта",CSH,2024,,,,,,
3,13436815,2024-07-06 08:05:00,Горьковская,"ГОРЬК, ШЧ-6 (Р)",,,,"Транзисторы, обрыв",CSH,2024,,,,,,
3,13436814,2024-07-06 09:16:00,Горьковская,"ГОРЬК, ШЧ-1",,,,"Нарушение контакта в штепсельных розетках, сообщение",CSH,2024,,,,,,
2,13437695,2024-07-07 06:59:00,Горьковская,"ГОРЬК, ШЧ-12","1шт ч(к учету 0,37ч)","2шт ч(к учету 0,2ч)",,"Срабатывание (перегорание), воздействие тягового тока",CSH,2024,1.0,"0,37ч",2.0,"0,2ч",,
3,13438348,2024-07-07 20:22:00,Горьковская,"ГОРЬК, ШЧ-3",,,,"Нарушение контакта в штепсельных розетках, сообщение",CSH,2024,,,,,,
2,13440244,2024-07-08 16:44:00,Горьковская,"ГОРЬК, ИЧ-2 НИЖНИЙ НОВГОРОД Ш",,,"1шт ч(к учету 0,1)ч","Контактная система, потеря контакта",CSH,2024,,,,,1.0,"0,1ч"
2,13441398,2024-07-09 11:13:00,Горьковская,"ГОРЬК, ШЧ-6 (Р)",,"1шт ч(к учету 0,15ч)",,"Нарушение контакта в разъемах блоков, замятие контакта",CSH,2024,,,1.0,"0,15ч",,
2,13444707,2024-07-10 13:53:00,Горьковская,"ГОРЬК, ШЧ-6 (Р)",,,"1шт ч(к учету 0,18)ч","Кнопки, механическое заедание кнопки",CSH,2024,,,,,1.0,"0,18ч"
2,13444708,2024-07-10 16:45:00,Горьковская,"ГОРЬК, ШЧ-12",,"1шт ч(к учету 0,1ч)","1шт ч(к учету 0,32)ч","Нарушение контакта в штепсельных розетках, замятие контакта",CSH,2024,,,1.0,"0,1ч",1.0,"0,32ч"
2,13444822,2024-07-10 20:21:00,Горьковская,"ГОРЬК, ШЧ-6 (Р)",,"2шт (к учету 1) ч(к учету 0,35ч)","3шт (к учету 2) ч(к учету 0,53)ч","Конденсатор, снижение емкости",CSH,2024,,,1.0,"0,35ч",2.0,"0,53ч"
3,13445050,2024-07-10 22:46:00,Горьковская,"ГОРЬК, ШЧ-5 (Э)",,,,"Обрыв троса, при путевых работах",CSH,2024,,,,,,
3,13448963,2024-07-13 04:15:00,Горьковская,"ГОРЬК, ИЧ-3 МУРАШИ Ш",,,,"Жилы, обрыв",CSH,2024,,,,,,
3,13449205,2024-07-13 12:06:00,Горьковская,"ГОРЬК, ШЧ-8",,,,Излом наконечника,CSH,2024,,,,,,
2,13450724,2024-07-15 04:54:00,Горьковская,"ГОРЬК, ШЧ-5 (Э)",,"1шт ч(к учету 0,52ч)","1шт ч(к учету 0,27)ч","Жилы, обрыв",CSH,2024,,,1.0,"0,52ч",1.0,"0,27ч"
2,13451147,2024-07-15 12:10:00,Горьковская,"ГОРЬК, ШЧ-6 (Р)","1шт ч(к учету 0,28ч)",,,"Не срабатывание (не перегорание), воздействие тягового тока",CSH,2024,1.0,"0,28ч",,,,
2,13451503,2024-07-15 14:38:00,Горьковская,"ГОРЬК, ШЧ-10","4шт ч(к учету 2,52ч)",,,"Трансформаторы, обрыв обмотки",CSH,2024,4.0,"2,52ч",,,,
2,13452105,2024-07-16 06:23:00,Горьковская,"ГОРЬК, ШЧ-6 (Р)","4шт (к учету 3) ч(к учету 1,23ч)","2шт ч(к учету 0,33ч)",,"Внутренний монтаж, обрыв",CSH,2024,3.0,"1,23ч",2.0,"0,33ч",,
2,13453567,2024-07-17 04:13:00,Горьковская,"ГОРЬК, ШЧ-3",,"6шт (к учету 4) ч(к учету 0,93ч)",,"Срабатывание, коммутационные перенапряжения",CSH,2024,,,4.0,"0,93ч",,
2,13457107,2024-07-19 16:58:00,Горьковская,"ГОРЬК, ШЧ-6 (Р)",,,"1шт ч(к учету 0,23)ч","Срабатывание, воздействие тягового тока",CSH,2024,,,,,1.0,"0,23ч"
3,13458244,2024-07-20 20:15:00,Горьковская,"ГОРЬК, ШЧ-5 (Э)",,,,"Релейный ОК, программное обеспечение, сбой",CSH,2024,,,,,,
2,13459424,2024-07-22 05:04:00,Горьковская,"ГОРЬК, ШЧ-6 (Р)",,,"3шт ч(к учету 0,48)ч","Тиристор, обрыв",CSH,2024,,,,,3.0,"0,48ч"
3,13459569,2024-07-22 07:50:00,Горьковская,"ГОРЬК, ШЧ-10",,,,"Срабатывание, воздействие тягового тока",CSH,2024,,,,,,
2,13460617,2024-07-23 05:40:00,Горьковская,"ГОРЬК, ШЧ-10",,"1шт ч(к учету 0,13ч)","3шт ч(к учету 0,87)ч","Обмотка, обрыв",CSH,2024,,,1.0,"0,13ч",3.0,"0,87ч"
2,13462048,2024-07-24 06:57:00,Горьковская,"ГОРЬК, ШЧ-7","1шт ч(к учету 0,35ч)","1шт ч(к учету 0,38ч)",,"Конденсатор, короткое замыкание",CSH,2024,1.0,"0,35ч",1.0,"0,38ч",,
2,13463301,2024-07-24 21:15:00,Горьковская,"ГОРЬК, ШЧ-3","1шт ч(к учету 0,97ч)",,,"Жилы, обрыв",CSH,2024,1.0,"0,97ч",,,,
2,13464228,2024-07-25 12:35:00,Горьковская,"ГОРЬК, ШЧ-1",,"8шт (к учету 6) ч(к учету 2,1ч)","10шт ч(к учету 1,55)ч","Жилы, сообщение",CSH,2024,,,6.0,"2,1ч",10.0,"1,55ч"
3,13465313,2024-07-26 10:42:00,Горьковская,"ГОРЬК, ШЧ-1",,,,Обрыв монтажного провода,CSH,2024,,,,,,
3,13469501,2024-07-28 15:04:00,Горьковская,"ГОРЬК, ШЧ-12",,,,Неисправность ПО объектного контроллера,CSH,2024,,,,,,
3,13468320,2024-07-28 17:21:00,Горьковская,"ГОРЬК, ШЧ-5 (Э)",,,,"Кнопки, потеря контакта в штепсельном разъеме",CSH,2024,,,,,,
3,13469500,2024-07-28 17:52:00,Горьковская,"ГОРЬК, ШЧ-8",,,,"Код 98.0 Другие, кроме перечисленных выше, дефекты и повреждения рельсов, оставленных в пути, опасность эксплуатации которых может быть оценена по ближайшему типоразмеру дефекта, в том числе общая равномерная коррозия рельсов, а также, наличие сварного стыка на расстоянии от 750 мм до 3000 мм (выполненного электро контактной или алюминотермитной сваркой)",CSH,2024,,,,,,
3,13468318,2024-07-29 07:54:00,Горьковская,"ГОРЬК, ШЧ-5 (Э)",,,,"Короткое замыкание, закорачивание по поверхности катания",CSH,2024,,,,,,
3,13469162,2024-07-30 00:00:00,Горьковская,"ГОРЬК, ИЧ-4 КАНАШ Ш",,,,"Нарушение контакта в разъемах блоков, замятие контакта",CSH,2024,,,,,,
2,13469731,2024-07-30 09:44:00,Горьковская,"ГОРЬК, ШЧ-5 (Э)","13шт (к учету 8) ч(к учету 7,03ч)","7шт (к учету 5) ч(к учету 3,38ч)","4шт ч(к учету 1,13)ч","Контактная система, потеря контакта",CSH,2024,8.0,"7,03ч",5.0,"3,38ч",4.0,"1,13ч"
2,13469939,2024-07-30 13:36:00,Горьковская,"ГОРЬК, ШЧ-3",,"1шт ч(к учету 0,17ч)","7шт ч(к учету 2,07)ч","Пробой, перекрытие предохранителя линии энергоснабжения нетяговых потребителей",CSH,2024,,,1.0,"0,17ч",7.0,"2,07ч"
3,13470155,2024-07-30 16:45:00,Горьковская,"ГОРЬК, ШЧ-14",,,,"Срабатывание (перегорание), воздействие тягового тока",CSH,2024,,,,,,
3,13470882,2024-07-31 10:10:00,Горьковская,"ГОРЬК, ШЧ-10",,,,"Срабатывание, воздействие тягового тока",CSH,2024,,,,,,
2,13471596,2024-07-31 20:30:00,Горьковская,"ГОРЬК, ШЧ-14","3шт ч(к учету 2,38ч)","1шт ч(к учету 0,15ч)",,"Срабатывание, коммутационные перенапряжения",CSH,2024,3.0,"2,38ч",1.0,"0,15ч",,
2,13472215,2024-08-01 10:23:00,Горьковская,"ГОРЬК, ШЧ-12",,"1шт ч(к учету 0,17ч)",,Ослабление затяжки болтов,CSH,2024,,,1.0,"0,17ч",,
3,13472740,2024-08-01 14:43:00,Горьковская,"ГОРЬК, ШЧ-1",,,,Ложная занятость рельсовой цепи,CSH,2024,,,,,,
3,13472774,2024-08-01 15:07:00,Горьковская,"ГОРЬК, ШЧ-1",,,,Ложная занятость рельсовой цепи,CSH,2024,,,,,,
3,13474631,2024-08-03 04:11:00,Горьковская,"ГОРЬК, ШЧ-10",,,,"Срабатывание, воздействие тягового тока",CSH,2024,,,,,,
2,13474632,2024-08-03 05:03:00,Горьковская,"ГОРЬК, ШЧ-6 (Р)",,,"1шт ч(к учету 0,5)ч","Лампы, перегорание основной нити",CSH,2024,,,,,1.0,"0,5ч"
3,13475231,2024-08-03 20:46:00,Горьковская,"ГОРЬК, ШЧ-3",,,,"Лампы, перегорание основной нити",CSH,2024,,,,,,
2,13475282,2024-08-03 22:40:00,Горьковская,"ГОРЬК, ШЧ-1",,"1шт ч(к учету 0,17ч)",,"Контактная система, увеличенное сопротивление контакта",CSH,2024,,,1.0,"0,17ч",,
2,13475443,2024-08-04 02:12:00,Горьковская,"ГОРЬК, ШЧ-3",,"1шт ч(к учету 0,22ч)",,Отключение полуобмоток дроссель-трансформатора контактной сети,CSH,2024,,,1.0,"0,22ч",,
3,13477621,2024-08-05 15:21:00,Горьковская,"ГОРЬК, ШЧ-5 (Э)",,,,"Лампочки индикации, нарушение контакта",CSH,2024,,,,,,
2,13479689,2024-08-06 14:47:00,Горьковская,"ГОРЬК, ШЧ-6 (Р)",,"1шт ч(к учету 0,23ч)",,"Обмотка, короткое замыкание",CSH,2024,,,1.0,"0,23ч",,
3,13482631,2024-08-07 22:29:00,Горьковская,"ГОРЬК, ШЧ-8",,,,"Лампы, перегорание основной нити",CSH,2024,,,,,,
3,13484675,2024-08-08 16:02:00,Горьковская,"ГОРЬК, ШЧ-6 (Р)",,,,"Срабатывание, воздействие тягового тока",CSH,2024,,,,,,
2,13485522,2024-08-08 20:02:00,Горьковская,"ГОРЬК, ИЧ-2 НИЖНИЙ НОВГОРОД Ш",,,"1шт ч(к учету 0,12)ч","Жилы, внутренний обрыв",CSH,2024,,,,,1.0,"0,12ч"
2,13486800,2024-08-10 01:00:00,Горьковская,"ГОРЬК, ИЧ-3 МУРАШИ Ш",,,"1шт ч(к учету 0,43)ч",Нарушение контакта,CSH,2024,,,,,1.0,"0,43ч"
2,13488328,2024-08-11 18:28:00,Горьковская,"ГОРЬК, ШЧ-3",,,"2шт ч(к учету 0,25)ч","Обмотка, обрыв",CSH,2024,,,,,2.0,"0,25ч"
2,13489068,2024-08-12 09:54:00,Горьковская,"ГОРЬК, ШЧ-5 (Э)","8шт ч(к учету 3,57ч)","4шт (к учету 3) ч(к учету 1,9ч)","1шт ч(к учету 0,17)ч",Неисправность монтажа,CSH,2024,8.0,"3,57ч",3.0,"1,9ч",1.0,"0,17ч"
2,13490126,2024-08-12 21:46:00,Горьковская,"ГОРЬК, ИЧ-3 МУРАШИ Ш","1шт ч(к учету 0,95ч)",,,Нарушение контакта штепсель/рельс,CSH,2024,1.0,"0,95ч",,,,
2,13492090,2024-08-14 05:00:00,Горьковская,"ГОРЬК, ИЧ-2 НИЖНИЙ НОВГОРОД Ш",,,"1шт ч(к учету 0,17)ч",Нарушение контакта штепсель/рельс,CSH,2024,,,,,1.0,"0,17ч"
3,13495705,2024-08-16 09:42:00,Горьковская,"ГОРЬК, ШЧ-6 (Р)",,,,"Конденсатор, снижение емкости",CSH,2024,,,,,,
2,13497247,2024-08-18 01:48:00,Горьковская,"ГОРЬК, ШЧ-3",,"1шт ч(к учету 0,27ч)",,"Нарушение контакта в разъемах блоков, сообщение",CSH,2024,,,1.0,"0,27ч",,
2,13497599,2024-08-18 11:01:00,Горьковская,"ГОРЬК, ШЧ-6 (Р)",,"1шт ч(к учету 0,28ч)",,"Лампы, перегорание основной нити",CSH,2024,,,1.0,"0,28ч",,
3,13498142,2024-08-19 01:04:00,Горьковская,"ГОРЬК, ШЧ-5 (Э)",,,,"Стрелочный ОК, программное обеспечение, сбой",CSH,2024,,,,,,
2,13498427,2024-08-19 09:03:00,Горьковская,"ГОРЬК, ШЧ-5 (Э)","1шт ч(к учету 0,32ч)",,,Неисправность напольной камеры,CSH,2024,1.0,"0,32ч",,,,
3,13499795,2024-08-20 08:08:00,Горьковская,"ГОРЬК, ШЧ-10",,,,"Срабатывание, воздействие тягового тока",CSH,2024,,,,,,
3,13499843,2024-08-20 09:40:00,Горьковская,"ГОРЬК, ШЧ-6 (Р)",,,,"Контактная система, увеличенное сопротивление контакта",CSH,2024,,,,,,
3,13499842,2024-08-20 09:44:00,Горьковская,"ГОРЬК, ШЧ-10",,,,"Срабатывание, воздействие тягового тока",CSH,2024,,,,,,
3,13499867,2024-08-20 10:10:00,Горьковская,"ГОРЬК, ШЧ-6 (Р)",,,,"Срабатывание (перегорание), воздействие тягового тока",CSH,2024,,,,,,
2,13523713,2024-08-21 09:47:00,Горьковская,"ГОРЬК, ШЧ-6 (Р)",,,"1шт ч(к учету 0,1)ч","Лампы, перегорание основной нити",CSH,2024,,,,,1.0,"0,1ч"
1,13501587,2024-08-21 10:45:00,Горьковская,"ГОРЬК, ИЧ-3 МУРАШИ Ш","4шт (к учету 3) ч(к учету 3,2ч)",,,Разрегулировка проводов линий СЦБ,CSH,2024,3.0,"3,2ч",,,,
2,13502161,2024-08-22 02:25:00,Горьковская,"ГОРЬК, ШЧ-10","1шт ч(к учету 0,63ч)","2шт ч(к учету 0,88ч)",,"Мышь, неисправность",CSH,2024,1.0,"0,63ч",2.0,"0,88ч",,
2,13503209,2024-08-22 15:30:00,Горьковская,"ГОРЬК, ИЧ-5 ИЖЕВСК Ш","1шт ч(к учету 0,35ч)",,"1шт ч(к учету 0,13)ч","Срабатывание, несоответствие номинала",CSH,2024,1.0,"0,35ч",,,1.0,"0,13ч"
2,13503913,2024-08-23 10:36:00,Горьковская,"ГОРЬК, ШЧ-5 (Э)","2шт ч(к учету 0,53ч)",,"5шт ч(к учету 1,5)ч","Срабатывание, несоответствие номинала",CSH,2024,2.0,"0,53ч",,,5.0,"1,5ч"
2,13504442,2024-08-23 20:05:00,Горьковская,"ГОРЬК, ШЧ-7","1шт ч(к учету 0,55ч)",,,"Жилы, внутренний обрыв",CSH,2024,1.0,"0,55ч",,,,
2,13504586,2024-08-24 01:20:00,Горьковская,"ГОРЬК, ШЧ-7","3шт (к учету 2) ч(к учету 1,1ч)","2шт ч(к учету 0,23ч)",,"Срабатывание, короткое замыкание в цепи",CSH,2024,2.0,"1,1ч",2.0,"0,23ч",,
2,13504930,2024-08-24 12:05:00,Горьковская,"ГОРЬК, ШЧ-6 (Р)","3шт ч(к учету 1,37ч)",,,"Лампы, перегорание основной нити",CSH,2024,3.0,"1,37ч",,,,
3,13505381,2024-08-24 20:32:00,Горьковская,"ГОРЬК, ШЧ-3",,,,"Лампы, перегорание основной нити",CSH,2024,,,,,,
1,13505726,2024-08-25 08:57:00,Горьковская,"ГОРЬК, ШЧ-3","1шт ч(к учету 0,18ч)",,"4шт ч(к учету 3,28)ч","Электродвигатель, постоянного тока (МСП, ДСП), обрыв внутреннего монтажа",CSH,2024,1.0,"0,18ч",,,4.0,"3,28ч"
3,13505845,2024-08-25 12:56:00,Горьковская,"ГОРЬК, ИЧ-3 МУРАШИ Ш",,,,"Срабатывание (перегорание), несоответствие номинала",CSH,2024,,,,,,
3,13506154,2024-08-25 20:42:00,Горьковская,"ГОРЬК, ШЧ-10",,,,"Срабатывание (перегорание), воздействие тягового тока",CSH,2024,,,,,,
3,13506343,2024-08-26 00:07:00,Горьковская,"ГОРЬК, ШЧ-3",,,,Потеря контакта в соединениях датчика,CSH,2024,,,,,,
2,13507220,2024-08-26 15:10:00,Горьковская,"ГОРЬК, ИЧ-3 МУРАШИ Ш",,,"3шт ч(к учету 0,6)ч","Фрикционное сцепление, нарушение регулировки усилия перевода",CSH,2024,,,,,3.0,"0,6ч"
2,13507609,2024-08-27 05:37:00,Горьковская,"ГОРЬК, ШЧ-8","1шт ч(к учету 0,27ч)",,"1шт ч(к учету 0,23)ч",Обрыв жил контрольного кабеля линий СЦБ,CSH,2024,1.0,"0,27ч",,,1.0,"0,23ч"
2,13507969,2024-08-27 10:00:00,Горьковская,"ГОРЬК, ШЧ-8","3шт ч(к учету 0,93ч)",,,"Пробой, перекрытие предохранителя линии СЦБ",CSH,2024,3.0,"0,93ч",,,,
3,13509088,2024-08-28 09:18:00,Горьковская,"ГОРЬК, ШЧ-8",,,,"Пробой, перекрытие предохранителя линии СЦБ",CSH,2024,,,,,,
3,13511184,2024-08-29 23:27:00,Горьковская,"ГОРЬК, ШЧ-1",,,,Нарушение контакта штепсель/рельс,CSH,2024,,,,,,
3,13511719,2024-08-30 11:22:00,Горьковская,"ГОРЬК, ШЧ-10",,,,"Срабатывание (перегорание), воздействие тягового тока",CSH,2024,,,,,,
3,13516501,2024-08-31 02:40:00,Горьковская,"ГОРЬК, ШЧ-14",,,,"Лампы, перегорание основной нити",CSH,2024,,,,,,
2,13512871,2024-08-31 16:14:00,Горьковская,"ГОРЬК, ШЧ-5 (Э)",,,"1шт ч(к учету 0,1)ч","Кнопки, потеря контакта в штепсельном разъеме",CSH,2024,,,,,1.0,"0,1ч"
2,13513012,2024-09-01 00:29:00,Горьковская,"ГОРЬК, ШЧ-6 (Р)",,"1шт ч(к учету 0,12ч)",,"Контактная система, увеличенное сопротивление контакта",CSH,2024,,,1.0,"0,12ч",,
2,13517117,2024-09-03 18:14:00,Горьковская,"ГОРЬК, ИЧ-4 КАНАШ Ш",,,"1шт ч(к учету 0,1)ч",Короткое замыкание пластин,CSH,2024,,,,,1.0,"0,1ч"
2,13575449,2024-09-04 22:59:00,Горьковская,"ГОРЬК, ШЧ-8","1шт ч(к учету 0,25ч)",,,Сбой АЛС с задержкой поезда,CSH,2024,1.0,"0,25ч",,,,
3,13523350,2024-09-06 11:22:00,Горьковская,"ГОРЬК, ШЧ-3",,,,Нарушение изоляции монтажных проводов,CSH,2024,,,,,,
3,13527018,2024-09-07 00:18:00,Горьковская,"ГОРЬК, ШЧ-10",,,,"Срабатывание, воздействие тягового тока",CSH,2024,,,,,,
2,13524359,2024-09-07 02:23:00,Горьковская,"ГОРЬК, ШЧ-8","3шт ч(к учету 1,52ч)","1шт ч(к учету 0,28ч)",,"Срабатывание, воздействие тягового тока",CSH,2024,3.0,"1,52ч",1.0,"0,28ч",,
3,13525034,2024-09-07 19:30:00,Горьковская,"ГОРЬК, ШЧ-10",,,,Неисправность устройства сопряжения с объектами,CSH,2024,,,,,,
2,13525275,2024-09-07 23:55:00,Горьковская,"ГОРЬК, ШЧ-6 (Р)","1шт ч(к учету 0,87ч)",,,"Контактная система, потеря контакта",CSH,2024,1.0,"0,87ч",,,,
2,13529371,2024-09-10 11:28:00,Горьковская,"ГОРЬК, ШЧ-5 (Э)","1шт ч(к учету 0,22ч)","3шт ч(к учету 0,88ч)","1шт ч(к учету 0,23)ч","Выводные клеммы, повреждение пайки выводов",CSH,2024,1.0,"0,22ч",3.0,"0,88ч",1.0,"0,23ч"
2,13532917,2024-09-11 17:06:00,Горьковская,"ГОРЬК, ШЧ-3",,,"5шт ч(к учету 1,3)ч",Нарушение изоляции монтажных проводов,CSH,2024,,,,,5.0,"1,3ч"
2,13533401,2024-09-12 05:31:00,Горьковская,"ГОРЬК, ШЧ-8",,"2шт (к учету 1) ч(к учету 1,83ч)","4шт ч(к учету 0,55)ч",Обрыв жил кабеля линий СЦБ напряжением до 1000 В,CSH,2024,,,1.0,"1,83ч",4.0,"0,55ч"
3,13534985,2024-09-12 14:29:00,Горьковская,"ГОРЬК, ШЧ-3",,,,Ложная занятость рельсовой цепи,CSH,2024,,,,,,
2,13534818,2024-09-12 15:33:00,Горьковская,"ГОРЬК, ИЧ-5 ИЖЕВСК Ш",,,"1шт ч(к учету 0,1)ч","Резистор, обрыв",CSH,2024,,,,,1.0,"0,1ч"
2,13569387,2024-09-12 16:53:00,Горьковская,"ГОРЬК, ШЧ-1",,"1шт ч(к учету 0,1ч)",,"Лампы, перегорание основной нити",CSH,2024,,,1.0,"0,1ч",,
2,13535293,2024-09-13 01:16:00,Горьковская,"ГОРЬК, ШЧ-5 (Э)","3шт ч(к учету 2,2ч)","4шт ч(к учету 0,6ч)","3шт ч(к учету 0,95)ч","Срабатывание, коммутационные перенапряжения",CSH,2024,3.0,"2,2ч",4.0,"0,6ч",3.0,"0,95ч"
2,13535423,2024-09-13 04:20:00,Горьковская,"ГОРЬК, ШЧ-6 (Р)","1шт ч(к учету 0,35ч)",,,"Контактная система, потеря контакта",CSH,2024,1.0,"0,35ч",,,,
2,13537158,2024-09-13 22:20:00,Горьковская,"ГОРЬК, ШЧ-10","2шт (к учету 1) ч(к учету 1,33ч)",,,"Срабатывание, коммутационные перенапряжения",CSH,2024,1.0,"1,33ч",,,,
3,13537825,2024-09-14 18:35:00,Горьковская,"ГОРЬК, ШЧ-14",,,,"Контактная система, подгар контактов",CSH,2024,,,,,,
3,13540208,2024-09-17 01:57:00,Горьковская,"ГОРЬК, ШЧ-10",,,,"Срабатывание (перегорание), коммутационные перенапряжения",CSH,2024,,,,,,
3,13541023,2024-09-17 11:25:00,Горьковская,"ГОРЬК, ШЧ-8",,,,Обрыв жил кабеля линий СЦБ напряжением до 1000 В,CSH,2024,,,,,,
2,13541276,2024-09-17 13:20:00,Горьковская,"ГОРЬК, ИЧ-3 МУРАШИ Ш","1шт ч(к учету 0,33ч)",,"1шт ч(к учету 0,4)ч","Нарушение контакта в штепсельных розетках, неисправность контактных губок",CSH,2024,1.0,"0,33ч",,,1.0,"0,4ч"
2,13543533,2024-09-18 20:10:00,Горьковская,"ГОРЬК, ШЧ-10","1шт ч(к учету 0,4ч)","1шт ч(к учету 0,48ч)",,"Срабатывание (перегорание), коммутационные перенапряжения",CSH,2024,1.0,"0,4ч",1.0,"0,48ч",,
3,13545149,2024-09-19 19:19:00,Горьковская,"ГОРЬК, ИЧ-5 ИЖЕВСК Ш",,,,Закорачивание РЦ касание тросов рельса,CSH,2024,,,,,,
2,13545215,2024-09-19 20:20:00,Горьковская,"ГОРЬК, ШЧ-10",,"1шт ч(к учету 0,38ч)",,"Срабатывание, коммутационные перенапряжения",CSH,2024,,,1.0,"0,38ч",,
3,13546377,2024-09-20 18:20:00,Горьковская,"ГОРЬК, ШЧ-7",,,,"Нарушение контакта в разъемах блоков, замятие контакта",CSH,2024,,,,,,
2,13547020,2024-09-21 11:08:00,Горьковская,"ГОРЬК, ШЧ-6 (Р)",,"1шт ч(к учету 0,13ч)","3шт (к учету 2) ч(к учету 0,82)ч","Обмотка, обрыв",CSH,2024,,,1.0,"0,13ч",2.0,"0,82ч"
2,13547931,2024-09-22 08:49:00,Горьковская,"ГОРЬК, ШЧ-5 (Э)",,"1шт ч(к учету 0,12ч)","1шт ч(к учету 0,2)ч","Кнопки, механическое заедание кнопки",CSH,2024,,,1.0,"0,12ч",1.0,"0,2ч"
2,13548162,2024-09-22 18:21:00,Горьковская,"ГОРЬК, ИЧ-2 НИЖНИЙ НОВГОРОД Ш",,,"5шт (к учету 4) ч(к учету 0,98)ч",Нарушение контакта,CSH,2024,,,,,4.0,"0,98ч"
2,13548220,2024-09-22 20:07:00,Горьковская,"ГОРЬК, ШЧ-6 (Р)","2шт ч(к учету 0,37ч)",,"1шт ч(к учету 0,12)ч","Лампы, перегорание основной нити",CSH,2024,2.0,"0,37ч",,,1.0,"0,12ч"
2,13549399,2024-09-23 11:10:00,Горьковская,"ГОРЬК, ИЧ-3 МУРАШИ Ш","1шт ч(к учету 0,52ч)","1шт ч(к учету 0,1ч)","2шт ч(к учету 0,33)ч","Светодиоды, перегорание",CSH,2024,1.0,"0,52ч",1.0,"0,1ч",2.0,"0,33ч"
3,13550732,2024-09-24 10:00:00,Горьковская,"ГОРЬК, ШЧ-12",,,,"Не срабатывание (не перегорание), воздействие тягового тока",CSH,2024,,,,,,
2,13551055,2024-09-24 22:00:00,Горьковская,"ГОРЬК, ШЧ-7","2шт ч(к учету 1,53ч)",,,Нарушение контакта штепсель/рельс,CSH,2024,2.0,"1,53ч",,,,
2,13575251,2024-09-25 16:42:00,Горьковская,"ГОРЬК, ШЧ-14",,"1шт ч(к учету 0,12ч)",,"Нарушение контакта в штепсельных розетках, замятие контакта",CSH,2024,,,1.0,"0,12ч",,
3,13553846,2024-09-26 15:10:00,Горьковская,"ГОРЬК, ИЧ-5 ИЖЕВСК Ш",,,,"Автопереключатель, разрегулировка контактов",CSH,2024,,,,,,
3,13555263,2024-09-27 14:44:00,Горьковская,"ГОРЬК, ШЧ-3",,,,Излом повода под гайкой,CSH,2024,,,,,,
3,13555943,2024-09-28 09:42:00,Горьковская,"ГОРЬК, ИЧ-4 КАНАШ Ш",,,,"Коммутаторы, механическое заедание кнопки",CSH,2024,,,,,,
3,13563231,2024-09-30 06:44:00,Горьковская,"ГОРЬК, ШЧ-6 (Р)",,,,"Лампы, перегорание основной нити",CSH,2024,,,,,,
3,13563315,2024-09-30 16:35:00,Горьковская,"ГОРЬК, ШЧ-6 (Р)",,,,"Лампы, перегорание основной нити",CSH,2024,,,,,,
3,13562073,2024-09-30 20:49:00,Горьковская,"ГОРЬК, ШЧ-6 (Р)",,,,"Лампы, перегорание основной нити",CSH,2024,,,,,,
3,13561503,2024-09-30 21:28:00,Горьковская,"ГОРЬК, ШЧ-8",,,,Неисправность устройства сопряжения с объектами,CSH,2024,,,,,,
3,13561608,2024-09-30 21:29:00,Горьковская,"ГОРЬК, ШЧ-8",,,,Неисправность устройства сопряжения с объектами,CSH,2024,,,,,,
3,13565117,2024-09-30 22:32:00,Горьковская,"ГОРЬК, ШЧ-8",,,,Неисправность монтажа,CSH,2024,,,,,,
2,13558595,2024-10-01 00:29:00,Горьковская,"ГОРЬК, ШЧ-10",6шт (к учету 4) ч(к учету 3ч),"1шт ч(к учету 0,4ч)",,Излом повода под гайкой,CSH,2024,4.0,3ч,1.0,"0,4ч",,
3,13560231,2024-10-01 18:30:00,Горьковская,"ГОРЬК, ИЧ-5 ИЖЕВСК Ш",,,,"Не срабатывание (не перегорание), несоответствие номинала",CSH,2024,,,,,,
2,13560491,2024-10-02 01:49:00,Горьковская,"ГОРЬК, ШЧ-14","5шт ч(к учету 3,03ч)",,,"Нарушение контакта в штепсельных розетках, замятие контакта",CSH,2024,5.0,"3,03ч",,,,
2,13564644,2024-10-03 20:35:00,Горьковская,"ГОРЬК, ИЧ-5 ИЖЕВСК Ш",,"1шт ч(к учету 0,13ч)",,"Оптические волокна, обрыв",CSH,2024,,,1.0,"0,13ч",,
2,13565510,2024-10-04 10:20:00,Горьковская,"ГОРЬК, ШЧ-8",,"1шт ч(к учету 0,28ч)",,"Нарушение контакта в штепсельных розетках, сообщение",CSH,2024,,,1.0,"0,28ч",,
3,13565507,2024-10-04 10:29:00,Горьковская,"ГОРЬК, ШЧ-3",,,,"Нарушение контакта в разъемах блоков, замятие контакта",CSH,2024,,,,,,
2,13566210,2024-10-04 14:07:00,Горьковская,"ГОРЬК, ШЧ-10","1шт ч(к учету 0,25ч)",,,"Срабатывание, воздействие тягового тока",CSH,2024,1.0,"0,25ч",,,,
2,13571483,2024-10-05 02:10:00,Горьковская,"ГОРЬК, ИЧ-4 КАНАШ Ш",,"3шт (к учету 2) ч(к учету 0,32ч)",,Необеспечение электропитания подзаряда,CSH,2024,,,2.0,"0,32ч",,
2,13566944,2024-10-05 08:29:00,Горьковская,"ГОРЬК, ШЧ-6 (Р)","2шт ч(к учету 0,5ч)",,,"Конденсатор, обрыв",CSH,2024,2.0,"0,5ч",,,,
3,13573228,2024-10-06 07:57:00,Горьковская,"ГОРЬК, ШЧ-1",,,,Сбой АЛС с задержкой поезда,CSH,2024,,,,,,
3,13568524,2024-10-07 02:31:00,Горьковская,"ГОРЬК, ШЧ-10",,,,"Срабатывание, воздействие тягового тока",CSH,2024,,,,,,
2,13570062,2024-10-07 17:00:00,Горьковская,"ГОРЬК, ШЧ-3","3шт (к учету 2) ч(к учету 1,58ч)",,,Нарушение контакта наконечник/вывод ДТ,CSH,2024,2.0,"1,58ч",,,,
3,13571518,2024-10-07 22:06:00,Горьковская,"ГОРЬК, ШЧ-10",,,,Неисправность устройства сопряжения с объектами,CSH,2024,,,,,,
3,13571362,2024-10-08 12:05:00,Горьковская,"ГОРЬК, ШЧ-7",,,,"Предохранитель, перегорание нити",CSH,2024,,,,,,
2,13573473,2024-10-09 11:04:00,Горьковская,"ГОРЬК, ИЧ-5 ИЖЕВСК Ш","1шт ч(к учету 0,3ч)",,,"Кнопки, подгар, сваривание контактов",CSH,2024,1.0,"0,3ч",,,,
2,13574009,2024-10-09 14:12:00,Горьковская,"ГОРЬК, ШЧ-10","3шт ч(к учету 2,43ч)","1шт ч(к учету 0,22ч)",,"Срабатывание, воздействие тягового тока",CSH,2024,3.0,"2,43ч",1.0,"0,22ч",,
2,13575012,2024-10-10 02:50:00,Горьковская,"ГОРЬК, ШЧ-6 (Р)",,,"1шт ч(к учету 0,22)ч","Диод, обрыв",CSH,2024,,,,,1.0,"0,22ч"
3,13576824,2024-10-10 07:06:00,Горьковская,"ГОРЬК, ШЧ-10",,,,"Конденсатор, снижение емкости",CSH,2024,,,,,,
2,13576662,2024-10-10 16:00:00,Горьковская,"ГОРЬК, ШЧ-6 (Р)",,"1шт ч(к учету 0,13ч)",,"Лампы, перегорание основной нити",CSH,2024,,,1.0,"0,13ч",,
3,13578255,2024-10-10 17:52:00,Горьковская,"ГОРЬК, ШЧ-12",,,,"Срабатывание, воздействие тягового тока",CSH,2024,,,,,,
3,13576825,2024-10-10 18:10:00,Горьковская,"ГОРЬК, ШЧ-6 (Р)",,,,"Конденсатор, снижение емкости",CSH,2024,,,,,,
2,13577077,2024-10-11 01:40:00,Горьковская,"ГОРЬК, ШЧ-6 (Р)","6шт (к учету 5) ч(к учету 1,87ч)",,,"Контактная система, потеря контакта",CSH,2024,5.0,"1,87ч",,,,
2,13577634,2024-10-11 09:40:00,Горьковская,"ГОРЬК, ШЧ-14","6шт ч(к учету 4,1ч)",,,"Срабатывание, коммутационные перенапряжения",CSH,2024,6.0,"4,1ч",,,,
3,13578918,2024-10-12 05:06:00,Горьковская,"ГОРЬК, ШЧ-8",,,,"Лампы, перегорание основной нити",CSH,2024,,,,,,
2,13581072,2024-10-14 09:21:00,Горьковская,"ГОРЬК, ШЧ-8",,"1шт ч(к учету 0,1ч)","1шт ч(к учету 0,13)ч",Обрыв жил кабеля линий СЦБ напряжением до 1000 В,CSH,2024,,,1.0,"0,1ч",1.0,"0,13ч"
2,13585225,2024-10-16 17:16:00,Горьковская,"ГОРЬК, ИЧ-2 НИЖНИЙ НОВГОРОД Ш",,,"1шт ч(к учету 0,25)ч",Нарушение контакта,CSH,2024,,,,,1.0,"0,25ч"
3,13586169,2024-10-17 11:32:00,Горьковская,"ГОРЬК, ШЧ-14",,,,Зависание ПО,CSH,2024,,,,,,
3,13587188,2024-10-17 11:37:00,Горьковская,"ГОРЬК, ШЧ-6 (Р)",,,,"Обмотка, обрыв",CSH,2024,,,,,,
2,13588151,2024-10-18 22:48:00,Горьковская,"ГОРЬК, ШЧ-1","1шт ч(к учету 0,52ч)","1шт ч(к учету 0,72ч)",,"Кросс, неисправность интерфейсного кабеля",CSH,2024,1.0,"0,52ч",1.0,"0,72ч",,
3,13591077,2024-10-22 02:33:00,Горьковская,"ГОРЬК, ШЧ-10",,,,"Срабатывание, воздействие тягового тока",CSH,2024,,,,,,
2,13591703,2024-10-22 12:13:00,Горьковская,"ГОРЬК, ШЧ-3",,,"1шт ч(к учету 0,1)ч",Нарушение контакта трос/наконечник,CSH,2024,,,,,1.0,"0,1ч"
3,13593159,2024-10-23 12:53:00,Горьковская,"ГОРЬК, ШЧ-5 (Э)",,,,"Срабатывание, несоответствие номинала",CSH,2024,,,,,,
3,13594190,2024-10-24 10:00:00,Горьковская,"ГОРЬК, ИЧ-3 МУРАШИ Ш",,,,"Кнопки, повреждение крепления",CSH,2024,,,,,,
2,13594466,2024-10-24 12:54:00,Горьковская,"ГОРЬК, ШЧ-6 (Р)","3шт (к учету 2) ч(к учету 1,05ч)",,,"Лампы, перегорание основной нити",CSH,2024,2.0,"1,05ч",,,,
2,13594486,2024-10-24 14:07:00,Горьковская,"ГОРЬК, ШЧ-12",,,"1шт ч(к учету 0,13)ч","Не срабатывание (не перегорание), воздействие тягового тока",CSH,2024,,,,,1.0,"0,13ч"
3,13594722,2024-10-24 19:30:00,Горьковская,"ГОРЬК, ШЧ-10",,,,"Срабатывание, воздействие тягового тока",CSH,2024,,,,,,
3,13594721,2024-10-24 19:55:00,Горьковская,"ГОРЬК, ШЧ-3",,,,"Код 98.0 Другие, кроме перечисленных выше, дефекты и повреждения рельсов, оставленных в пути, опасность эксплуатации которых может быть оценена по ближайшему типоразмеру дефекта, в том числе общая равномерная коррозия рельсов, а также, наличие сварного стыка на расстоянии от 750 мм до 3000 мм (выполненного электро контактной или алюминотермитной сваркой)",CSH,2024,,,,,,
3,13595203,2024-10-25 10:19:00,Горьковская,"ГОРЬК, ШЧ-6 (Р)",,,,"Нарушение контакта в штепсельных розетках, замятие контакта",CSH,2024,,,,,,
3,13603695,2024-10-29 23:40:00,Горьковская,"ГОРЬК, ШЧ-8",,,,Обрыв жил кабеля линий СЦБ напряжением до 1000 В,CSH,2024,,,,,,
3,13603167,2024-10-30 09:39:00,Горьковская,"ГОРЬК, ШЧ-5 (Э)",,,,Закорачивание РЦ через арматуру ж/б шпал,CSH,2024,,,,,,
3,13600496,2024-10-30 21:00:00,Горьковская,"ГОРЬК, ИЧ-2 НИЖНИЙ НОВГОРОД Ш",,,,"Коммутаторы, нарушение регулировки контакта",CSH,2024,,,,,,
2,13600617,2024-10-30 22:30:00,Горьковская,"ГОРЬК, ШЧ-5 (Э)","2шт ч(к учету 0,62ч)",,,Нарушение контакта,CSH,2024,2.0,"0,62ч",,,,
3,13603307,2024-10-31 02:49:00,Горьковская,"ГОРЬК, ШЧ-1",,,,"Срабатывание (перегорание), воздействие тягового тока",CSH,2024,,,,,,
2,13601172,2024-10-31 12:09:00,Горьковская,"ГОРЬК, ШЧ-1",,"3шт ч(к учету 0,42ч)",,Неисправность блока контроля напряжения,CSH,2024,,,3.0,"0,42ч",,
3,13603488,2024-10-31 14:17:00,Горьковская,"ГОРЬК, ШЧ-1",,,,"Лампы, перегорание основной нити",CSH,2024,,,,,,
3,13602768,2024-11-01 22:16:00,Горьковская,"ГОРЬК, ШЧ-8",,,,"Кнопки, излом контакта",CSH,2024,,,,,,
3,13603205,2024-11-02 09:50:00,Горьковская,"ГОРЬК, ИЧ-3 МУРАШИ Ш",,,,"Контактная система, потеря контакта",CSH,2024,,,,,,
3,13603509,2024-11-02 12:20:00,Горьковская,"ГОРЬК, ШЧ-3",,,,"Жилы, обрыв",CSH,2024,,,,,,
3,13604028,2024-11-02 21:25:00,Горьковская,"ГОРЬК, ШЧ-1",,,,"Обрыв троса, коррозия металла",CSH,2024,,,,,,
3,13604585,2024-11-03 11:21:00,Горьковская,"ГОРЬК, ШЧ-6 (Р)",,,,"Контактная система, увеличенное сопротивление",CSH,2024,,,,,,
2,13604950,2024-11-03 22:32:00,Горьковская,"ГОРЬК, ШЧ-6 (Р)",,"1шт ч(к учету 0,1ч)",,"Контактная система, потеря контакта",CSH,2024,,,1.0,"0,1ч",,
2,13605541,2024-11-04 16:42:00,Горьковская,"ГОРЬК, ШЧ-6 (Р)","4шт ч(к учету 2,4ч)",,"2шт ч(к учету 1,53)ч","Срабатывание, короткое замыкание в цепи",CSH,2024,4.0,"2,4ч",,,2.0,"1,53ч"
2,13605559,2024-11-04 17:00:00,Горьковская,"ГОРЬК, ИЧ-2 НИЖНИЙ НОВГОРОД Ш",,,"1шт ч(к учету 0,27)ч",Излом наконечника,CSH,2024,,,,,1.0,"0,27ч"
2,13606060,2024-11-05 07:47:00,Горьковская,"ГОРЬК, ШЧ-6 (Р)","4шт ч(к учету 2,17ч)",,"1шт ч(к учету 0,12)ч","Обмотка, обрыв",CSH,2024,4.0,"2,17ч",,,1.0,"0,12ч"
2,13608003,2024-11-06 08:50:00,Горьковская,"ГОРЬК, ШЧ-3","1шт ч(к учету 0,25ч)",,"3шт (к учету 2) ч(к учету 0,4)ч","Контактная система, потеря контакта",CSH,2024,1.0,"0,25ч",,,2.0,"0,4ч"
2,13612391,2024-11-08 08:40:00,Горьковская,"ГОРЬК, ШЧ-5 (Э)","5шт ч(к учету 1,7ч)",,,Ослабление затяжки болтов,CSH,2024,5.0,"1,7ч",,,,
3,13613575,2024-11-09 05:13:00,Горьковская,"ГОРЬК, ШЧ-10",,,,"Срабатывание, воздействие тягового тока",CSH,2024,,,,,,
3,13614150,2024-11-09 20:53:00,Горьковская,"ГОРЬК, ШЧ-3",,,,Ослабление затяжки болтов,CSH,2024,,,,,,
3,13615314,2024-11-11 05:56:00,Горьковская,"ГОРЬК, ШЧ-7",,,,"Код 98.0 Другие, кроме перечисленных выше, дефекты и повреждения рельсов, оставленных в пути, опасность эксплуатации которых может быть оценена по ближайшему типоразмеру дефекта, в том числе общая равномерная коррозия рельсов, а также, наличие сварного стыка на расстоянии от 750 мм до 3000 мм (выполненного электро контактной или алюминотермитной сваркой)",CSH,2024,,,,,,
3,13615817,2024-11-11 10:28:00,Горьковская,"ГОРЬК, ШЧ-7",,,,Сообщение,CSH,2024,,,,,,
2,13616045,2024-11-11 12:53:00,Горьковская,"ГОРЬК, ШЧ-10",,"1шт ч(к учету 0,12ч)",,Нарушение изоляции,CSH,2024,,,1.0,"0,12ч",,
2,13617278,2024-11-12 09:46:00,Горьковская,"ГОРЬК, ШЧ-8",,,"1шт ч(к учету 0,28)ч","Не срабатывание (не перегорание), воздействие тягового тока",CSH,2024,,,,,1.0,"0,28ч"
2,13617554,2024-11-12 11:55:00,Горьковская,"ГОРЬК, ШЧ-1",,"1шт ч(к учету 0,25ч)",,Неисправность,CSH,2024,,,1.0,"0,25ч",,
3,13618175,2024-11-12 17:15:00,Горьковская,"ГОРЬК, ИЧ-3 МУРАШИ Ш",,,,"Ламподержатель, нарушение контакта",CSH,2024,,,,,,
3,13618660,2024-11-13 07:02:00,Горьковская,"ГОРЬК, ИЧ-3 МУРАШИ Ш",,,,"Контакты штепсельного разъема, излом",CSH,2024,,,,,,
2,13618977,2024-11-13 10:05:00,Горьковская,"ГОРЬК, ШЧ-5 (Э)","6шт ч(к учету 3,45ч)",,"1шт ч(к учету 0,35)ч","Контакторы,  нарушение нажатия, недостаточное нажатие контактов",CSH,2024,6.0,"3,45ч",,,1.0,"0,35ч"
2,13621025,2024-11-14 12:02:00,Горьковская,"ГОРЬК, ШЧ-10",,"1шт ч(к учету 0,25ч)",,"Срабатывание (перегорание), воздействие тягового тока",CSH,2024,,,1.0,"0,25ч",,
3,13622399,2024-11-14 13:52:00,Горьковская,"ГОРЬК, ШЧ-5 (Э)",,,,Закорачивание РЦ через арматуру ж/б шпал,CSH,2024,,,,,,
3,13621817,2024-11-15 02:28:00,Горьковская,"ГОРЬК, ШЧ-10",,,,"Срабатывание, воздействие тягового тока",CSH,2024,,,,,,
2,13623003,2024-11-16 01:50:00,Горьковская,"ГОРЬК, ШЧ-14",,"2шт ч(к учету 0,48ч)",,"Срабатывание, несоответствие номинала",CSH,2024,,,2.0,"0,48ч",,
3,13623459,2024-11-16 18:09:00,Горьковская,"ГОРЬК, ШЧ-5 (Э)",,,,"Стрелочный ОК, программное обеспечение, сбой",CSH,2024,,,,,,
3,13623739,2024-11-17 06:53:00,Горьковская,"ГОРЬК, ИЧ-4 КАНАШ Ш",,,,"Лампы, перегорание основной нити",CSH,2024,,,,,,
2,13624046,2024-11-17 17:55:00,Горьковская,"ГОРЬК, ШЧ-6 (Р)",,,"2шт ч(к учету 0,37)ч","Контактная система, увеличенное сопротивление",CSH,2024,,,,,2.0,"0,37ч"
2,13624437,2024-11-18 07:56:00,Горьковская,"ГОРЬК, ШЧ-7",,,"1шт ч(к учету 0,12)ч","Электродвигатель, постоянного тока (МСП, ДСП), неисправность коллектора",CSH,2024,,,,,1.0,"0,12ч"
2,13624558,2024-11-18 09:14:00,Горьковская,"ГОРЬК, ШЧ-7",,,"1шт ч(к учету 0,15)ч","Внутренний монтаж, обрыв",CSH,2024,,,,,1.0,"0,15ч"
2,13626219,2024-11-19 17:11:00,Горьковская,"ГОРЬК, ШЧ-6 (Р)",,"2шт ч(к учету 0,47ч)","3шт ч(к учету 0,67)ч","Автопереключатель, разрегулировка контактов",CSH,2024,,,2.0,"0,47ч",3.0,"0,67ч"
3,13626221,2024-11-19 17:45:00,Горьковская,"ГОРЬК, ШЧ-1",,,,Нарушение контакта трос/контактный болт,CSH,2024,,,,,,
3,13629536,2024-11-20 06:37:00,Горьковская,"ГОРЬК, ШЧ-1",,,,Сбой АЛС с задержкой поезда,CSH,2024,,,,,,
1,13627081,2024-11-20 11:35:00,Горьковская,"ГОРЬК, ИЧ-2 НИЖНИЙ НОВГОРОД Ш","1шт ч(к учету 1,1ч)",,,Нарушение контакта штепсель/рельс,CSH,2024,1.0,"1,1ч",,,,
3,13629040,2024-11-21 12:55:00,Горьковская,"ГОРЬК, ИЧ-5 ИЖЕВСК Ш",,,,"Срабатывание, воздействие тягового тока",CSH,2024,,,,,,
3,13629361,2024-11-21 21:30:00,Горьковская,"ГОРЬК, ШЧ-5 (Э)",,,,Закорачивание РЦ через арматуру ж/б шпал,CSH,2024,,,,,,
2,13629373,2024-11-22 11:50:00,Горьковская,"ГОРЬК, ШЧ-3",,"1шт ч(к учету 0,12ч)",,"Контактная система, увеличенное сопротивление контакта",CSH,2024,,,1.0,"0,12ч",,
2,13630366,2024-11-23 19:32:00,Горьковская,"ГОРЬК, ШЧ-6 (Р)","9шт (к учету 6) ч(к учету 4,68ч)","1шт ч(к учету 0,22ч)",,"Контактная система, подгар контактов",CSH,2024,6.0,"4,68ч",1.0,"0,22ч",,
2,13630712,2024-11-24 10:44:00,Горьковская,"ГОРЬК, ШЧ-6 (Р)",,"1шт ч(к учету 0,1ч)",,Неисправность,CSH,2024,,,1.0,"0,1ч",,
2,13631358,2024-11-25 06:20:00,Горьковская,"ГОРЬК, ШЧ-3",,,"3шт ч(к учету 0,4)ч",Неисправность монтажа,CSH,2024,,,,,3.0,"0,4ч"
3,13631676,2024-11-25 10:25:00,Горьковская,"ГОРЬК, ШЧ-3",,,,"Клеммная колодка резьб, снижение изоляции",CSH,2024,,,,,,
3,13633785,2024-11-26 22:31:00,Горьковская,"ГОРЬК, ШЧ-8",,,,"Трансформаторы, обрыв обмотки",CSH,2024,,,,,,
2,13634145,2024-11-27 13:45:00,Горьковская,"ГОРЬК, ШЧ-3",,"1шт ч(к учету 0,17ч)",,Неисправность монтажа,CSH,2024,,,1.0,"0,17ч",,
2,13634440,2024-11-27 17:48:00,Горьковская,"ГОРЬК, ШЧ-14","4шт (к учету 3) ч(к учету 0,98ч)",,"1шт ч(к учету 0,1)ч","Резистор, обрыв",CSH,2024,3.0,"0,98ч",,,1.0,"0,1ч"
3,13634587,2024-11-28 02:41:00,Горьковская,"ГОРЬК, ШЧ-6 (Р)",,,,"Контактная система, увеличенное сопротивление",CSH,2024,,,,,,
2,13634813,2024-11-28 07:35:00,Горьковская,"ГОРЬК, ШЧ-6 (Р)",,,"1шт ч(к учету 0,3)ч","Контактная система, увеличенное сопротивление",CSH,2024,,,,,1.0,"0,3ч"
2,13635179,2024-11-28 12:31:00,Горьковская,"ГОРЬК, ШЧ-10",,,"1шт ч(к учету 0,18)ч","Светодиоды, неисправность",CSH,2024,,,,,1.0,"0,18ч"
3,13635943,2024-11-29 04:50:00,Горьковская,"ГОРЬК, ШЧ-6 (Р)",,,,"Контактная система, увеличенное сопротивление контакта",CSH,2024,,,,,,
2,13636267,2024-11-29 11:06:00,Горьковская,"ГОРЬК, ШЧ-3","1шт ч(к учету 0,3ч)",,,Излом повода под гайкой,CSH,2024,1.0,"0,3ч",,,,
3,13640263,2024-11-30 09:46:00,Горьковская,"ГОРЬК, ШЧ-5 (Э)",,,,Закорачивание РЦ через арматуру ж/б шпал,CSH,2024,,,,,,
3,13640627,2024-11-30 23:55:00,Горьковская,"ГОРЬК, ШЧ-5 (Э)",,,,Неисправность концентратора,CSH,2024,,,,,,
2,13637476,2024-12-01 05:48:00,Горьковская,"ГОРЬК, ШЧ-6 (Р)",,,"1шт ч(к учету 0,13)ч","Контактная система, увеличенное сопротивление",CSH,2024,,,,,1.0,"0,13ч"
2,13637617,2024-12-01 10:42:00,Горьковская,"ГОРЬК, ШЧ-6 (Р)","3шт ч(к учету 0,9ч)","2шт ч(к учету 0,43ч)",,"Лампы, перегорание основной нити",CSH,2024,3.0,"0,9ч",2.0,"0,43ч",,
2,13637905,2024-12-01 21:32:00,Горьковская,"ГОРЬК, ШЧ-14","1шт ч(к учету 0,25ч)",,,"Срабатывание, несоответствие номинала",CSH,2024,1.0,"0,25ч",,,,
2,13639156,2024-12-02 19:08:00,Горьковская,"ГОРЬК, ШЧ-8","1шт ч(к учету 0,28ч)",,,Нарушение контакта штепсель/рельс,CSH,2024,1.0,"0,28ч",,,,
2,13639165,2024-12-02 19:35:00,Горьковская,"ГОРЬК, ШЧ-5 (Э)","3шт ч(к учету 0,98ч)",,,Закорачивание РЦ через арматуру ж/б шпал,CSH,2024,3.0,"0,98ч",,,,
3,13641018,2024-12-03 21:33:00,Горьковская,"ГОРЬК, ШЧ-12",,,,"Жилы, обрыв",CSH,2024,,,,,,
3,13644129,2024-12-05 12:08:00,Горьковская,"ГОРЬК, ШЧ-5 (Э)",,,,"Системный блок, сбой программного обеспечения",CSH,2024,,,,,,
3,13644414,2024-12-05 13:45:00,Горьковская,"ГОРЬК, ИЧ-5 ИЖЕВСК Ш",,,,"Не срабатывание (не перегорание), несоответствие номинала",CSH,2024,,,,,,
2,13644785,2024-12-05 17:23:00,Горьковская,"ГОРЬК, ШЧ-10","2шт ч(к учету 0,5ч)",,,"Срабатывание, воздействие тягового тока",CSH,2024,2.0,"0,5ч",,,,
3,13648193,2024-12-06 07:13:00,Горьковская,"ГОРЬК, ШЧ-7",,,,"Лампы, перегорание основной нити",CSH,2024,,,,,,
3,13646468,2024-12-07 02:27:00,Горьковская,"ГОРЬК, ШЧ-3",,,,"Контактная система, подгар контактов",CSH,2024,,,,,,
3,13648199,2024-12-07 17:56:00,Горьковская,"ГОРЬК, ШЧ-7",,,,"Код 98.0 Другие, кроме перечисленных выше, дефекты и повреждения рельсов, оставленных в пути, опасность эксплуатации которых может быть оценена по ближайшему типоразмеру дефекта, в том числе общая равномерная коррозия рельсов, а также, наличие сварного стыка на расстоянии от 750 мм до 3000 мм (выполненного электро контактной или алюминотермитной сваркой)",CSH,2024,,,,,,
3,13648207,2024-12-08 07:31:00,Горьковская,"ГОРЬК, ШЧ-7",,,,"Код 98.0 Другие, кроме перечисленных выше, дефекты и повреждения рельсов, оставленных в пути, опасность эксплуатации которых может быть оценена по ближайшему типоразмеру дефекта, в том числе общая равномерная коррозия рельсов, а также, наличие сварного стыка на расстоянии от 750 мм до 3000 мм (выполненного электро контактной или алюминотермитной сваркой)",CSH,2024,,,,,,
2,13647594,2024-12-08 18:42:00,Горьковская,"ГОРЬК, ШЧ-6 (Р)",,,"6шт (к учету 5) ч(к учету 0,93)ч","Резистор, обрыв",CSH,2024,,,,,5.0,"0,93ч"
2,13648905,2024-12-09 16:13:00,Горьковская,"ГОРЬК, ШЧ-7",,"1шт ч(к учету 0,13ч)",,"Код 98.0 Другие, кроме перечисленных выше, дефекты и повреждения рельсов, оставленных в пути, опасность эксплуатации которых может быть оценена по ближайшему типоразмеру дефекта, в том числе общая равномерная коррозия рельсов, а также, наличие сварного стыка на расстоянии от 750 мм до 3000 мм (выполненного электро контактной или алюминотермитной сваркой)",CSH,2024,,,1.0,"0,13ч",,
2,13649093,2024-12-09 19:48:00,Горьковская,"ГОРЬК, ШЧ-12","2шт ч(к учету 0,8ч)",,,"Лампы, перегорание основной нити",CSH,2024,2.0,"0,8ч",,,,
3,13650664,2024-12-10 17:14:00,Горьковская,"ГОРЬК, ШЧ-10",,,,"Срабатывание, воздействие тягового тока",CSH,2024,,,,,,
3,13655285,2024-12-11 04:02:00,Горьковская,"ГОРЬК, ШЧ-1",,,,Сбой АЛС с задержкой поезда,CSH,2024,,,,,,
3,13651668,2024-12-11 10:37:00,Горьковская,"ГОРЬК, ШЧ-10",,,,"Срабатывание (перегорание), воздействие тягового тока",CSH,2024,,,,,,
3,13652789,2024-12-12 02:25:00,Горьковская,"ГОРЬК, ШЧ-5 (Э)",,,,Закорачивание РЦ через арматуру ж/б шпал,CSH,2024,,,,,,
2,13653679,2024-12-12 11:58:00,Горьковская,"ГОРЬК, ШЧ-3","1шт ч(к учету 0,38ч)",,,"Обмотка, короткое замыкание",CSH,2024,1.0,"0,38ч",,,,
2,13653680,2024-12-12 12:03:00,Горьковская,"ГОРЬК, ШЧ-7","1шт ч(к учету 0,6ч)",,,"Жилы, обрыв",CSH,2024,1.0,"0,6ч",,,,
3,13654866,2024-12-13 07:55:00,Горьковская,"ГОРЬК, ШЧ-6 (Р)",,,,"Кнопки, излом контакта",CSH,2024,,,,,,
2,13681682,2024-12-13 15:43:00,Горьковская,"ГОРЬК, ШЧ-6 (Р)",,,"1шт ч(к учету 0,1)ч","Срабатывание, воздействие тягового тока",CSH,2024,,,,,1.0,"0,1ч"
2,13655550,2024-12-13 15:51:00,Горьковская,"ГОРЬК, ШЧ-5 (Э)",,,"1шт ч(к учету 0,12)ч",Нарушение контакта,CSH,2024,,,,,1.0,"0,12ч"
2,13684060,2024-12-14 07:29:00,Горьковская,"ГОРЬК, ШЧ-10",,,"5шт (к учету 4) ч(к учету 1,25)ч","Срабатывание (перегорание), воздействие тягового тока",CSH,2024,,,,,4.0,"1,25ч"
3,13656548,2024-12-15 00:15:00,Горьковская,"ГОРЬК, ШЧ-7",,,,"Код 98.0 Другие, кроме перечисленных выше, дефекты и повреждения рельсов, оставленных в пути, опасность эксплуатации которых может быть оценена по ближайшему типоразмеру дефекта, в том числе общая равномерная коррозия рельсов, а также, наличие сварного стыка на расстоянии от 750 мм до 3000 мм (выполненного электро контактной или алюминотермитной сваркой)",CSH,2024,,,,,,
3,13656675,2024-12-15 06:33:00,Горьковская,"ГОРЬК, ШЧ-3",,,,"Срабатывание, воздействие тягового тока",CSH,2024,,,,,,
2,13659635,2024-12-18 06:10:00,Горьковская,"ГОРЬК, ШЧ-7","2шт ч(к учету 1,77ч)","1шт ч(к учету 0,85ч)",,Неисправность,CSH,2024,2.0,"1,77ч",1.0,"0,85ч",,
2,13660523,2024-12-18 17:23:00,Горьковская,"ГОРЬК, ШЧ-1",,"1шт ч(к учету 0,1ч)",,"Нарушение контакта в штепсельных розетках, сообщение",CSH,2024,,,1.0,"0,1ч",,
2,13661084,2024-12-19 06:37:00,Горьковская,"ГОРЬК, ШЧ-6 (Р)","1шт ч(к учету 0,6ч)",,"4шт ч(к учету 0,85)ч","Сигнальная обмотка, обрыв",CSH,2024,1.0,"0,6ч",,,4.0,"0,85ч"
2,13663758,2024-12-21 22:09:00,Горьковская,"ГОРЬК, ШЧ-10","6шт ч(к учету 2,23ч)",,,Ослабление затяжки болтов,CSH,2024,6.0,"2,23ч",,,,
2,13663934,2024-12-22 07:24:00,Горьковская,"ГОРЬК, ШЧ-7","6шт ч(к учету 2,53ч)",,"1шт ч(к учету 0,18)ч","Обрыв троса, коррозия металла",CSH,2024,6.0,"2,53ч",,,1.0,"0,18ч"
2,13665480,2024-12-23 16:44:00,Горьковская,"ГОРЬК, ШЧ-3","1шт ч(к учету 0,43ч)",,,Нарушение регулировки,CSH,2024,1.0,"0,43ч",,,,
2,13665621,2024-12-23 21:56:00,Горьковская,"ГОРЬК, ШЧ-5 (Э)","4шт ч(к учету 0,87ч)","1шт ч(к учету 0,25ч)",,Неперевод стрелочного перевода по причине напрессовки снега или обледенения остряка и рамного рельса,CSH,2024,4.0,"0,87ч",1.0,"0,25ч",,
3,13666673,2024-12-24 12:24:00,Горьковская,"ГОРЬК, ШЧ-10",,,,"Срабатывание, коммутационные перенапряжения",CSH,2024,,,,,,
2,13666910,2024-12-24 13:42:00,Горьковская,"ГОРЬК, ШЧ-14","2шт ч(к учету 1,25ч)","2шт ч(к учету 0,32ч)",,"Срабатывание, несоответствие номинала",CSH,2024,2.0,"1,25ч",2.0,"0,32ч",,
2,13669315,2024-12-26 04:49:00,Горьковская,"ГОРЬК, ШЧ-14","5шт ч(к учету 2,17ч)",,,"Конденсатор, обрыв конденсатора",CSH,2024,5.0,"2,17ч",,,,
3,13672038,2024-12-26 07:21:00,Горьковская,"ГОРЬК, ШЧ-5 (Э)",,,,"Стрелочный ОК, программное обеспечение, сбой",CSH,2024,,,,,,
3,13672035,2024-12-26 09:45:00,Горьковская,"ГОРЬК, ШЧ-5 (Э)",,,,Закорачивание РЦ через арматуру ж/б шпал,CSH,2024,,,,,,
3,13670057,2024-12-26 11:44:00,Горьковская,"ГОРЬК, ШЧ-10",,,,"Срабатывание (перегорание), воздействие тягового тока",CSH,2024,,,,,,
3,13670115,2024-12-26 13:01:00,Горьковская,"ГОРЬК, ШЧ-8",,,,Обрыв жил кабеля линий СЦБ напряжением до 1000 В,CSH,2024,,,,,,
3,13671051,2024-12-26 17:00:00,Горьковская,"ГОРЬК, ШЧ-1",,,,Сбой АЛС с задержкой поезда,CSH,2024,,,,,,
3,13670771,2024-12-26 17:10:00,Горьковская,"ГОРЬК, ШЧ-1",,,,Сбой АЛС с задержкой поезда,CSH,2024,,,,,,
3,13672030,2024-12-27 12:49:00,Горьковская,"ГОРЬК, ШЧ-5 (Э)",,,,"Кнопки, потеря контакта в штепсельном разъеме",CSH,2024,,,,,,
3,13673108,2024-12-28 12:43:00,Горьковская,"ГОРЬК, ШЧ-6 (Р)",,,,"Контактная система, увеличенное сопротивление",CSH,2024,,,,,,
2,13672405,2024-12-28 12:48:00,Горьковская,"ГОРЬК, ИЧ-4 КАНАШ Ш",,"1шт ч(к учету 0,17ч)",,"Нарушение контакта в штепсельных розетках, замятие контакта",CSH,2024,,,1.0,"0,17ч",,
3,13673098,2024-12-28 15:08:00,Горьковская,"ГОРЬК, ШЧ-6 (Р)",,,,"Контактная система, увеличенное сопротивление",CSH,2024,,,,,,
2,13681687,2024-12-28 20:03:00,Горьковская,"ГОРЬК, ШЧ-3",,,"1шт ч(к учету 0,1)ч",Сбой АЛС с задержкой поезда,CSH,2024,,,,,1.0,"0,1ч"
3,13672563,2024-12-28 21:00:00,Горьковская,"ГОРЬК, ШЧ-3",,,,"Нарушение контакта в разъемах блоков, неисправность контактных губок",CSH,2024,,,,,,
2,13672661,2024-12-29 01:33:00,Горьковская,"ГОРЬК, ШЧ-8",,"1шт ч(к учету 0,13ч)",,"Жилы, обрыв",CSH,2024,,,1.0,"0,13ч",,
1,13672724,2024-12-29 03:21:00,Горьковская,"ГОРЬК, ШЧ-12","5шт ч(к учету 4,07ч)","2шт ч(к учету 0,25ч)","1шт ч(к учету 0,22)ч","Нарушение контакта в штепсельных розетках, неисправность контактных губок",CSH,2024,5.0,"4,07ч",2.0,"0,25ч",1.0,"0,22ч"
3,13672786,2024-12-29 06:10:00,Горьковская,"ГОРЬК, ШЧ-3",,,,Излом наконечника,CSH,2024,,,,,,
2,13672818,2024-12-29 07:20:00,Горьковская,"ГОРЬК, ШЧ-6 (Р)",,"1шт ч(к учету 0,1ч)",,Неисправность,CSH,2024,,,1.0,"0,1ч",,
3,13673813,2024-12-29 18:19:00,Горьковская,"ГОРЬК, ШЧ-12",,,,"Срабатывание (перегорание), воздействие тягового тока",CSH,2024,,,,,,
3,13675913,2024-12-30 17:38:00,Горьковская,"ГОРЬК, ШЧ-8",,,,"Обмотка, обрыв обмотки",CSH,2024,,,,,,
2,13673909,2024-12-30 20:44:00,Горьковская,"ГОРЬК, ШЧ-6 (Р)","7шт (к учету 5) ч(к учету 2,27ч)",,,Неисправность РЦН,CSH,2024,5.0,"2,27ч",,,,
2,13673915,2024-12-30 21:06:00,Горьковская,"ГОРЬК, ИЧ-4 КАНАШ Ш",,"1шт ч(к учету 0,1ч)",,"Обмотка, обрыв",CSH,2024,,,1.0,"0,1ч",,
2,13674006,2024-12-31 01:28:00,Горьковская,"ГОРЬК, ИЧ-5 ИЖЕВСК Ш",,"1шт ч(к учету 0,22ч)",,Нарушение контакта штепсель/рельс,CSH,2024,,,1.0,"0,22ч",,
3,13674076,2024-12-31 01:44:00,Горьковская,"ГОРЬК, ШЧ-3",,,,Аппаратная неисправность на рабочей станции,CSH,2024,,,,,,
3,13675914,2024-12-31 11:15:00,Горьковская,"ГОРЬК, ШЧ-8",,,,Закорачивание РЦ через дроссельные тросовые перемычки,CSH,2024,,,,,,
2,13217329,2024-02-11 06:23:00,Горьковская,"СВЕРД, ТЧЭ-17","1шт ч(к учету 0,53ч)",,,Прочая неисправность изолятора токоприемника,CT,2024,1.0,"0,53ч",,,,
1,13467523,2024-07-28 05:03:00,Горьковская,"ГОРЬК, ТЧЭ-15",,"23шт (к учету 11) ч(к учету 11,18ч)","17шт (к учету 9) ч(к учету 5,65)ч",Прочая неисправность стакана вспомогательного тормоза,CT,2024,,,11.0,"11,18ч",9.0,"5,65ч"
3,13662297,2024-12-20 01:25:00,Горьковская,"ОКТ, ТЧЭ-1",,,,Прочая неисправность корпуса быстродействующего выключателя,CT,2024,,,,,,
2,13682122,2024-12-20 06:29:00,Горьковская,"ГОРЬК, Т",,"2шт (к учету 1) ч(к учету 0,3ч)",,Неисправность электрооборудования локомотива,CT,2024,,,1.0,"0,3ч",,
1,13258263,2024-02-06 14:43:00,Горьковская,"СВЕРД, ВЧДЭ-4","1шт ч(к учету 1,12ч)","4шт (к учету 2) ч(к учету 0,48ч)","12шт (к учету 10) ч(к учету 10,1)ч",Неисправность тормозного оборудования грузового вагона,CV,2024,1.0,"1,12ч",2.0,"0,48ч",10.0,"10,1ч"
1,13397933,2024-06-05 07:50:00,Горьковская,"ОКТ, ВЧД-14 ТВЕРЬ","7шт ч(к учету 5,15ч)",,,Обводнение смазки,CV,2024,7.0,"5,15ч",,,,
1,13421297,2024-06-20 09:13:00,Горьковская,"СЕВ, ВЧДЭ-5 БУЙ","8шт ч(к учету 5,2ч)",,,Разность баз тележки грузового вагона (более норматива),CV,2024,8.0,"5,2ч",,,,
2,13435666,2024-07-02 18:59:00,Горьковская,"З-СИБ, ВЧД-4 ТАТАРСКАЯ","1шт ч(к учету 0,97ч)",,,Обводнение смазки,CV,2024,1.0,"0,97ч",,,,
