CATEGORY,№,START_TIME,ROAD,RESPONSIBILITY,FREIGHT,PASSENGER,COMMUTER,REASON,DEPARTMENT,YEAR,FREIGHT_COUNT,FREIGHT_TIMEOUT,PASSENGER_COUNT,PASSENGER_TIMEOUT,COMMUTER_COUNT,COMMUTER_TIMEOUT
3,13168642,2024-01-01 21:28:00,Дальневосточная,"Д-ВОСТ, ШЧ-6 (Э)","1шт ч(к учету 0,08ч)",,,"Стрелочный ОК, программное обеспечение, сбой",CSH,2024,0.0,"0,08ч",,,,
3,13160907,2024-01-02 09:32:00,Дальневосточная,"Д-ВОСТ, ШЧ-14 (Э)",,,,Неисправность устройства сопряжения с объектами,CSH,2024,,,,,,
3,13160964,2024-01-02 14:20:00,Дальневосточная,"Д-ВОСТ, ШЧ-3 (Э)",,,,"Срабатывание (перегорание), коммутационные перенапряжения",CSH,2024,,,,,,
2,13160992,2024-01-02 15:30:00,Дальневосточная,"Д-ВОСТ, ШЧ-14 (Э)","4шт ч(к учету 1,48ч)",,,Излом провода под гайкой,CSH,2024,1.0,"1,48ч",,,,
2,13161100,2024-01-02 17:05:00,Дальневосточная,"Д-ВОСТ, ШЧ-2 (Э)","1шт ч(к учету 0,17ч)","2шт (к учету 1) ч(к учету 0,28ч)",,Излом провода под гайкой,CSH,2024,0.0,"0,17ч",1.0,"0,28ч",,
1,13161891,2024-01-03 10:21:00,Дальневосточная,"Д-ВОСТ, ШЧ-6 (Э)","14шт ч(к учету 9,15ч)","2шт (к учету 1) ч(к учету 0,85ч)",,Удар посторонним предметом с проходящего поезда,CSH,2024,9.0,"9,15ч",1.0,"0,85ч",,
1,13162299,2024-01-03 15:37:00,Дальневосточная,"Д-ВОСТ, ШЧ-2 (Э)","11шт (к учету 10) ч(к учету 9,72ч)",,,Неисправность блоков питания,CSH,2024,10.0,"9,72ч",,,,
3,13162324,2024-01-03 15:55:00,Дальневосточная,"Д-ВОСТ, ШЧ-6 (Э)",,,,"Жилы, внутренний обрыв",CSH,2024,,,,,,
3,13162647,2024-01-03 23:51:00,Дальневосточная,"Д-ВОСТ, ИЧ Ш САХАЛИН",,,,"Обмотка, короткое замыкание",CSH,2024,,,,,,
3,13163281,2024-01-04 08:33:00,Дальневосточная,"Д-ВОСТ, ШЧ-12 (Э)",,,,"Контактная система, потеря контакта",CSH,2024,,,,,,
1,13163824,2024-01-04 16:40:00,Дальневосточная,"Д-ВОСТ, ШЧ-14 (Э)","3шт (к учету 2) ч(к учету 5,6ч)",,,"Диод, пробой",CSH,2024,2.0,"5,6ч",,,,
3,13164007,2024-01-04 19:05:00,Дальневосточная,"Д-ВОСТ, ШЧ-12 (Э)",,,,"Конденсатор, снижение емкости",CSH,2024,,,,,,
2,13164833,2024-01-05 07:53:00,Дальневосточная,"Д-ВОСТ, ШЧ-2 (Э)","11шт (к учету 9) ч(к учету 3,45ч)","1шт ч(к учету 0,23ч)",,Ослабление затяжки болтов,CSH,2024,9.0,"3,45ч",0.0,"0,23ч",,
3,13165083,2024-01-05 13:48:00,Дальневосточная,"Д-ВОСТ, ШЧ-14 (Э)",,,,Зависание ПО,CSH,2024,,,,,,
3,13166670,2024-01-06 18:00:00,Дальневосточная,"Д-ВОСТ, ШЧ-2 (Э)",,,,"Жилы, внутренний обрыв",CSH,2024,,,,,,
2,13166651,2024-01-06 22:47:00,Дальневосточная,"Д-ВОСТ, ШЧ-7 (Р)","6шт ч(к учету 2,6ч)",,,"Транзистор, пробой",CSH,2024,2.0,"2,6ч",,,,
2,13167137,2024-01-07 11:40:00,Дальневосточная,"Д-ВОСТ, ШЧ-14 (Э)",,"2шт (к учету 1) ч(к учету 0,28ч)",,Отсутствие,CSH,2024,,,1.0,"0,28ч",,
2,13170369,2024-01-08 13:38:00,Дальневосточная,"Д-ВОСТ, ШЧ-8 (Э)","1шт ч(к учету 0,87ч)",,,"Жилы, обрыв",CSH,2024,0.0,"0,87ч",,,,
2,13170426,2024-01-10 02:16:00,Дальневосточная,"Д-ВОСТ, ШЧ-14 (Э)","1шт ч(к учету 0,52ч)",,,"Автопереключатель, разрегулировка контактов",CSH,2024,0.0,"0,52ч",,,,
3,13176119,2024-01-12 07:24:00,Дальневосточная,"Д-ВОСТ, ШЧ-2 (Э)","1шт ч(к учету 0,02ч)",,,"Монтаж, обрыв",CSH,2024,0.0,"0,02ч",,,,
3,13179362,2024-01-14 12:40:00,Дальневосточная,"Д-ВОСТ, ШЧ-14 (Э)",,,,Неисправность МЦИ 422,CSH,2024,,,,,,
3,13184874,2024-01-15 14:25:00,Дальневосточная,"Д-ВОСТ, ШЧ-13 (Э)",,,,"Конденсатор, снижение емкости",CSH,2024,,,,,,
2,13183849,2024-01-17 10:50:00,Дальневосточная,"Д-ВОСТ, ШЧ-14 (Э)","2шт ч(к учету 0,78ч)",,,"Конденсатор, снижение емкости конденсатора",CSH,2024,0.0,"0,78ч",,,,
3,13184299,2024-01-17 21:19:00,Дальневосточная,"Д-ВОСТ, ШЧ-2 (Э)",,,,Срабатывания по причине малой скорости,CSH,2024,,,,,,
2,13185067,2024-01-18 07:06:00,Дальневосточная,"Д-ВОСТ, ШЧ-2 (Э)","2шт ч(к учету 0,37ч)","1шт ч(к учету 0,17ч)",,"Жилы, внутренний обрыв",CSH,2024,0.0,"0,37ч",0.0,"0,17ч",,
3,13184915,2024-01-18 07:13:00,Дальневосточная,"Д-ВОСТ, ШЧ-14 (Э)",,,,"Срабатывание, воздействие тягового тока",CSH,2024,,,,,,
3,13184791,2024-01-18 08:35:00,Дальневосточная,"Д-ВОСТ, ШЧ-12 (Э)",,,,Нарушение контакта,CSH,2024,,,,,,
2,13186889,2024-01-19 18:00:00,Дальневосточная,"Д-ВОСТ, ШЧ-13 (Э)","1шт ч(к учету 0,85ч)",,,"Конденсатор, снижение емкости",CSH,2024,0.0,"0,85ч",,,,
2,13187484,2024-01-20 09:50:00,Дальневосточная,"Д-ВОСТ, ШЧ-8 (Э)","2шт ч(к учету 0,85ч)",,,"Шибер, попадание посторонних предметов",CSH,2024,0.0,"0,85ч",,,,
2,13188043,2024-01-21 02:22:00,Дальневосточная,"Д-ВОСТ, ШЧ-4 (Р)","3шт ч(к учету 1,67ч)",,,"Обмотка, обрыв",CSH,2024,1.0,"1,67ч",,,,
1,13188553,2024-01-21 14:12:00,Дальневосточная,"Д-ВОСТ, ШЧ-3 (Э)","7шт ч(к учету 4,18ч)",,,"Контактная система, сваривание контактов",CSH,2024,4.0,"4,18ч",,,,
3,13193856,2024-01-22 06:01:00,Дальневосточная,"Д-ВОСТ, ШЧ-14 (Э)",,,,"Выключатели, наличие переходного сопротивления",CSH,2024,,,,,,
3,13190340,2024-01-22 11:27:00,Дальневосточная,"Д-ВОСТ, ШЧ-2 (Э)",,,,"Нарушение контакта в штепсельных розетках, неисправность контактных губок",CSH,2024,,,,,,
3,13193766,2024-01-25 04:17:00,Дальневосточная,"Д-ВОСТ, ШЧ-3 (Э)",,,,"Нарушение контакта в штепсельных розетках, неисправность контактных губок",CSH,2024,,,,,,
3,13193764,2024-01-25 04:31:00,Дальневосточная,"Д-ВОСТ, ШЧ-3 (Э)",,,,"Контактная система, подгар контактов",CSH,2024,,,,,,
3,13194813,2024-01-25 07:05:00,Дальневосточная,"Д-ВОСТ, ШЧ-4 (Р)",,,,"Контактная система, увеличенное сопротивление контакта",CSH,2024,,,,,,
3,13194604,2024-01-25 14:55:00,Дальневосточная,"Д-ВОСТ, ШЧ-3 (Э)",,,,"Курбельный контакт, потеря контакта",CSH,2024,,,,,,
2,13195657,2024-01-26 13:53:00,Дальневосточная,"Д-ВОСТ, ШЧ-7 (Р)","2шт ч(к учету 0,42ч)",,,"Контактная система, увеличенное сопротивление",CSH,2024,0.0,"0,42ч",,,,
1,13195943,2024-01-26 18:30:00,Дальневосточная,"Д-ВОСТ, ШЧ-14 (Э)","3шт ч(к учету 3,15ч)",,,"Обрыв троса, коррозия металла",CSH,2024,3.0,"3,15ч",,,,
3,13195928,2024-01-26 20:34:00,Дальневосточная,"Д-ВОСТ, ШЧ-4 (Р)",,,,"Контактная система, увеличенное сопротивление контакта",CSH,2024,,,,,,
2,13196722,2024-01-28 03:25:00,Дальневосточная,"Д-ВОСТ, ШЧ-13 (Э)","1шт ч(к учету 0,23ч)","1шт ч(к учету 0,12ч)",,"Нарушение контакта в штепсельных розетках, излом розеток",CSH,2024,0.0,"0,23ч",0.0,"0,12ч",,
3,13197113,2024-01-28 15:58:00,Дальневосточная,"Д-ВОСТ, ШЧ-3 (Э)",,,,"Жилы, внутренний обрыв",CSH,2024,,,,,,
2,13197481,2024-01-29 03:20:00,Дальневосточная,"Д-ВОСТ, ШЧ-10 (Э)","1шт ч(к учету 0,37ч)",,,"Контактная система, подгар контактов",CSH,2024,0.0,"0,37ч",,,,
3,13201028,2024-01-29 11:20:00,Дальневосточная,"Д-ВОСТ, ШЧ-9 (Э)",,,,"Обрыв, при путевых работах",CSH,2024,,,,,,
3,13201032,2024-01-29 15:43:00,Дальневосточная,"Д-ВОСТ, ШЧ-3 (Э)",,,,"Ламподержатель, нарушение контакта",CSH,2024,,,,,,
3,13202401,2024-01-30 08:48:00,Дальневосточная,"Д-ВОСТ, ШЧ-14 (Э)",,,,"Срабатывание, воздействие тягового тока",CSH,2024,,,,,,
3,13202092,2024-01-30 11:16:00,Дальневосточная,"Д-ВОСТ, ШЧ-7 (Р)",,,,"Лампы, перегорание основной нити",CSH,2024,,,,,,
3,13202160,2024-01-30 12:03:00,Дальневосточная,"Д-ВОСТ, ШЧ-7 (Р)",,,,"Лампы, перегорание основной нити",CSH,2024,,,,,,
2,13201035,2024-01-31 02:06:00,Дальневосточная,"Д-ВОСТ, ШЧ-2 (Э)","6шт ч(к учету 3,02ч)",,,Нарушение контакта штепсель/рельс,CSH,2024,3.0,"3,02ч",,,,
3,13199804,2024-01-31 03:13:00,Дальневосточная,"Д-ВОСТ, ШЧ-14 (Э)",,,,"Срабатывание, воздействие тягового тока",CSH,2024,,,,,,
2,13199954,2024-01-31 05:00:00,Дальневосточная,"Д-ВОСТ, ШЧ-4 (Р)","16шт ч(к учету 9,5ч)","1шт ч(к учету 0,83ч)",,"Диод, пробой",CSH,2024,9.0,"9,5ч",0.0,"0,83ч",,
2,13200943,2024-01-31 11:23:00,Дальневосточная,"Д-ВОСТ, ШЧ-3 (Э)",,"1шт ч(к учету 0,22ч)",,"Кнопки, нарушение регулировки контакта при работе внутри пульта",CSH,2024,,,0.0,"0,22ч",,
3,13202467,2024-01-31 23:41:00,Дальневосточная,"Д-ВОСТ, ШЧ-8 (Э)",,,,"Жилы, обрыв",CSH,2024,,,,,,
2,13202487,2024-02-02 04:14:00,Дальневосточная,"Д-ВОСТ, ШЧ-7 (Р)","3шт ч(к учету 0,78ч)",,,"Контактная система, увеличенное сопротивление",CSH,2024,0.0,"0,78ч",,,,
2,13203140,2024-02-02 11:55:00,Дальневосточная,"Д-ВОСТ, ШЧ-14 (Э)","1шт ч(к учету 0,45ч)",,,"Контактная система, подгар контактов",CSH,2024,0.0,"0,45ч",,,,
3,13203680,2024-02-02 18:55:00,Дальневосточная,"Д-ВОСТ, ШЧ-3 (Э)",,,,"Жилы, внутренний обрыв",CSH,2024,,,,,,
3,13204702,2024-02-03 23:10:00,Дальневосточная,"Д-ВОСТ, ШЧ-14 (Э)",,,,Излом провода под гайкой,CSH,2024,,,,,,
1,13206179,2024-02-05 08:30:00,Дальневосточная,"Д-ВОСТ, ШЧ-14 (Э)","3шт ч(к учету 2,82ч)",,,"Автопереключатель, индевение контактов",CSH,2024,2.0,"2,82ч",,,,
2,13206205,2024-02-05 08:58:00,Дальневосточная,"Д-ВОСТ, ШЧ-14 (Э)","2шт (к учету 1) ч(к учету 0,97ч)","2шт ч(к учету 0,18ч)",,"Жилы, обрыв",CSH,2024,1.0,"0,97ч",0.0,"0,18ч",,
3,13209267,2024-02-06 18:33:00,Дальневосточная,"Д-ВОСТ, ШЧ-8 (Э)",,,,"Внутренний монтаж, обрыв",CSH,2024,,,,,,
2,13209347,2024-02-06 21:55:00,Дальневосточная,"Д-ВОСТ, ШЧ-3 (Э)","11шт ч(к учету 4,02ч)",,,Ослабление затяжки болтов,CSH,2024,4.0,"4,02ч",,,,
2,13209409,2024-02-07 00:00:00,Дальневосточная,"Д-ВОСТ, ШЧ-4 (Р)","2шт ч(к учету 1,28ч)",,,"Диод, пробой",CSH,2024,1.0,"1,28ч",,,,
3,13211973,2024-02-07 12:59:00,Дальневосточная,"Д-ВОСТ, ШЧ-13 (Э)",,,,Неисправность устройств электроснабжения,CSH,2024,,,,,,
3,13211693,2024-02-07 18:20:00,Дальневосточная,"Д-ВОСТ, ШЧ-13 (Э)",,,,"Срабатывание (перегорание), коммутационные перенапряжения",CSH,2024,,,,,,
3,13211958,2024-02-08 03:12:00,Дальневосточная,"Д-ВОСТ, ШЧ-14 (Э)",,,,"Нарушение контакта в разъемах блоков, неисправность контактных губок",CSH,2024,,,,,,
3,13212168,2024-02-08 03:30:00,Дальневосточная,"Д-ВОСТ, ШЧ-10 (Э)",,,,"Автопереключатель, разрегулировка контактов",CSH,2024,,,,,,
1,13214039,2024-02-08 20:48:00,Дальневосточная,"Д-ВОСТ, ШЧ-10 (Э)","11шт ч(к учету 11,97ч)","1шт ч(к учету 0,95ч)",,"Нарушение контакта в штепсельных розетках, сообщение",CSH,2024,11.0,"11,97ч",0.0,"0,95ч",,
3,13215754,2024-02-09 23:14:00,Дальневосточная,"Д-ВОСТ, ШЧ-12 (Э)",,,,Нарушение изоляции монтажных проводов,CSH,2024,,,,,,
3,13216548,2024-02-10 15:41:00,Дальневосточная,"Д-ВОСТ, ШЧ-2 (Э)",,,,Сбой АЛС с задержкой поезда,CSH,2024,,,,,,
3,13217235,2024-02-11 11:35:00,Дальневосточная,"Д-ВОСТ, ШЧ-14 (Э)",,,,Нарушение контакта штепсель/рельс,CSH,2024,,,,,,
3,13217739,2024-02-12 03:00:00,Дальневосточная,"Д-ВОСТ, ШЧ-2 (Э)",,,,"Срабатывание, воздействие тягового тока",CSH,2024,,,,,,
3,13218031,2024-02-12 07:34:00,Дальневосточная,"Д-ВОСТ, ШЧ-9 (Э)",,,,"Релейный ОК, CCM/CCM-E, неисправность",CSH,2024,,,,,,
2,13218285,2024-02-12 09:51:00,Дальневосточная,"Д-ВОСТ, ШЧ-6 (Э)","4шт ч(к учету 2,82ч)",,,Нарушение контакта наконечник/вывод ДТ,CSH,2024,2.0,"2,82ч",,,,
2,13219129,2024-02-12 17:30:00,Дальневосточная,"Д-ВОСТ, ШЧ-10 (Э)",2шт ч(к учету 1ч),,,"Контактная система, увеличенное сопротивление",CSH,2024,1.0,,,,,
2,13219297,2024-02-13 03:11:00,Дальневосточная,"Д-ВОСТ, ШЧ-14 (Э)","2шт ч(к учету 1,22ч)",,,"Нарушение контакта в разъемах блоков, неисправность контактных губок",CSH,2024,1.0,"1,22ч",,,,
2,13223178,2024-02-14 11:09:00,Дальневосточная,"Д-ВОСТ, ШЧ-14 (Э)",,"1шт ч(к учету 0,4ч)",,"Автопереключатель, индевение контактов",CSH,2024,,,0.0,"0,4ч",,
3,13222881,2024-02-14 17:45:00,Дальневосточная,"Д-ВОСТ, ШЧ-12 (Э)",,,,"Нарушение контакта в разъемах блоков, неисправность контактных губок",CSH,2024,,,,,,
2,13223754,2024-02-15 09:21:00,Дальневосточная,"Д-ВОСТ, ШЧ-14 (Э)","4шт ч(к учету 2,12ч)",,,"Контактная система, сваривание контактов",CSH,2024,2.0,"2,12ч",,,,
3,13223782,2024-02-15 09:28:00,Дальневосточная,"Д-ВОСТ, ШЧ-2 (Э)",,,,Влияние посторонних источников питания,CSH,2024,,,,,,
3,13224734,2024-02-16 01:18:00,Дальневосточная,"Д-ВОСТ, ШЧ-4 (Р)",,,,"Контактная система, увеличенное сопротивление контакта",CSH,2024,,,,,,
3,13224854,2024-02-16 03:50:00,Дальневосточная,"Д-ВОСТ, ШЧ-7 (Р)",,,,"Контактная система, потеря контакта",CSH,2024,,,,,,
3,13225961,2024-02-17 00:58:00,Дальневосточная,"Д-ВОСТ, ШЧ-13 (Э)",,,,"Ламподержатель, нарушение контакта",CSH,2024,,,,,,
2,13226491,2024-02-17 12:34:00,Дальневосточная,"Д-ВОСТ, ШЧ-14 (Э)",,"1шт ч(к учету 0,1ч)",,"Контактная система, увеличенное сопротивление",CSH,2024,,,0.0,"0,1ч",,
3,13227167,2024-02-17 22:30:00,Дальневосточная,"Д-ВОСТ, ШЧ-8 (Э)",,,,"Резистор, обрыв",CSH,2024,,,,,,
3,13226900,2024-02-18 00:07:00,Дальневосточная,"Д-ВОСТ, ШЧ-12 (Э)",,,,"Срабатывание, несоответствие номинала",CSH,2024,,,,,,
3,13231603,2024-02-19 18:54:00,Дальневосточная,"Д-ВОСТ, ШЧ-4 (Р)","1шт ч(к учету 0,02ч)",,,"Кнопки, излом контакта",CSH,2024,0.0,"0,02ч",,,,
3,13228919,2024-02-19 20:05:00,Дальневосточная,"Д-ВОСТ, ШЧ-8 (Э)",,,,"Фрикционное сцепление, разрегулировка",CSH,2024,,,,,,
3,13229107,2024-02-20 01:38:00,Дальневосточная,"Д-ВОСТ, ШЧ-12 (Э)",,,,Нарушение контакта трос/штепсель,CSH,2024,,,,,,
3,13231975,2024-02-21 18:01:00,Дальневосточная,"Д-ВОСТ, ШЧ-14 (Э)",,,,"Лампы, перегорание основной нити",CSH,2024,,,,,,
3,13235751,2024-02-22 03:01:00,Дальневосточная,"Д-ВОСТ, ШЧ-3 (Э)",,,,"Нарушение контакта в разъемах блоков, замятие контакта",CSH,2024,,,,,,
3,13232588,2024-02-22 06:46:00,Дальневосточная,"Д-ВОСТ, ШЧ-14 (Э)",,,,Неисправность МЦИ 422,CSH,2024,,,,,,
3,13235883,2024-02-22 23:44:00,Дальневосточная,"Д-ВОСТ, ШЧ-14 (Э)",,,,Потеря контакта,CSH,2024,,,,,,
2,13233507,2024-02-23 04:20:00,Дальневосточная,"Д-ВОСТ, ШЧ-14 (Э)","1шт ч(к учету 0,53ч)","1шт ч(к учету 0,27ч)",,"Нарушение контакта в разъемах блоков, неисправность контактных губок",CSH,2024,0.0,"0,53ч",0.0,"0,27ч",,
3,13233819,2024-02-23 13:00:00,Дальневосточная,"Д-ВОСТ, ШЧ-13 (Э)",,,,"Автопереключатель, разрегулировка контактов",CSH,2024,,,,,,
3,13237077,2024-02-24 03:10:00,Дальневосточная,"Д-ВОСТ, ИЧ Ш САХАЛИН","1шт ч(к учету 0,03ч)",,,"Ламподержатель, нарушение контакта",CSH,2024,0.0,"0,03ч",,,,
2,13234509,2024-02-24 04:03:00,Дальневосточная,"Д-ВОСТ, ШЧ-6 (Э)","2шт ч(к учету 1,08ч)",,,"Фрикционное сцепление, разрегулировка",CSH,2024,1.0,"1,08ч",,,,
2,13234450,2024-02-24 10:30:00,Дальневосточная,"Д-ВОСТ, ШЧ-12 (Э)","2шт ч(к учету 0,83ч)",,,"Срабатывание, коммутационные перенапряжения",CSH,2024,0.0,"0,83ч",,,,
3,13234904,2024-02-24 12:00:00,Дальневосточная,"Д-ВОСТ, ШЧ-14 (Э)",,,,"Срабатывание (перегорание), коммутационные перенапряжения",CSH,2024,,,,,,
3,13235235,2024-02-25 05:50:00,Дальневосточная,"Д-ВОСТ, ШЧ-14 (Э)",,,,"Срабатывание (перегорание), коммутационные перенапряжения",CSH,2024,,,,,,
2,13235300,2024-02-25 11:33:00,Дальневосточная,"Д-ВОСТ, ШЧ-2 (Э)","5шт ч(к учету 1,55ч)","4шт (к учету 3) ч(к учету 0,63ч)","1шт ч(к учету 0,18)ч","Жилы, внутренний обрыв",CSH,2024,1.0,"1,55ч",3.0,"0,63ч",0.0,
3,13235641,2024-02-25 19:57:00,Дальневосточная,"Д-ВОСТ, ШЧ-12 (Э)",,,,"Автопереключатель, индевение контактов",CSH,2024,,,,,,
2,13235862,2024-02-26 04:36:00,Дальневосточная,"Д-ВОСТ, ШЧ-2 (Э)","7шт ч(к учету 1,6ч)","1шт ч(к учету 0,58ч)",,"Редуктор, неисправность",CSH,2024,1.0,"1,6ч",0.0,"0,58ч",,
3,13240059,2024-02-26 09:41:00,Дальневосточная,"Д-ВОСТ, ШЧ-10 (Э)",,,,Обрыв монтажного провода,CSH,2024,,,,,,
3,13237145,2024-02-27 04:58:00,Дальневосточная,"Д-ВОСТ, ШЧ-3 (Э)",,,,"Автопереключатель, индевение контактов",CSH,2024,,,,,,
3,13237495,2024-02-27 09:51:00,Дальневосточная,"Д-ВОСТ, ШЧ-7 (Р)",,,,"Срабатывание, коммутационные перенапряжения",CSH,2024,,,,,,
2,13239877,2024-02-28 12:26:00,Дальневосточная,"Д-ВОСТ, ШЧ-3 (Э)",,"1шт ч(к учету 0,22ч)",,Нарушение контакта штепсель/рельс,CSH,2024,,,0.0,"0,22ч",,
3,13239715,2024-02-28 18:55:00,Дальневосточная,"Д-ВОСТ, ШЧ-14 (Э)",,,,"Срабатывание (перегорание), коммутационные перенапряжения",CSH,2024,,,,,,
2,13240246,2024-02-29 07:14:00,Дальневосточная,"Д-ВОСТ, ШЧ-14 (Э)","2шт ч(к учету 1,2ч)",,,"Автопереключатель, индевение контактов",CSH,2024,1.0,"1,2ч",,,,
2,13240346,2024-02-29 09:09:00,Дальневосточная,"Д-ВОСТ, ШЧ-4 (Р)","2шт ч(к учету 0,4ч)","1шт ч(к учету 0,22ч)",,"Контактная система, увеличенное сопротивление контакта",CSH,2024,0.0,"0,4ч",0.0,"0,22ч",,
3,13240801,2024-02-29 16:48:00,Дальневосточная,"Д-ВОСТ, ШЧ-2 (Э)",,,,Неисправность приёмной капсулы,CSH,2024,,,,,,
3,13242177,2024-03-01 15:07:00,Дальневосточная,"Д-ВОСТ, ШЧ-3 (Э)",,,,"Нарушение контакта в штепсельных розетках, замятие контакта",CSH,2024,,,,,,
3,13243627,2024-03-03 12:16:00,Дальневосточная,"Д-ВОСТ, ШЧ-14 (Э)",,,,Излом провода под гайкой,CSH,2024,,,,,,
3,13243990,2024-03-04 01:57:00,Дальневосточная,"Д-ВОСТ, ШЧ-3 (Э)","1шт ч(к учету 0,02ч)",,,"Жилы, обрыв",CSH,2024,0.0,"0,02ч",,,,
2,13245641,2024-03-04 17:25:00,Дальневосточная,"Д-ВОСТ, ШЧ-13 (Э)",5шт ч(к учету 2ч),,,"Контактная система, увеличенное сопротивление контакта",CSH,2024,2.0,,,,,
3,13254138,2024-03-07 06:26:00,Дальневосточная,"Д-ВОСТ, ШЧ-12 (Э)",,,,"Жилы, обрыв",CSH,2024,,,,,,
3,13252386,2024-03-07 15:55:00,Дальневосточная,"Д-ВОСТ, ШЧ-9 (Э)",,,,Излом повода под гайкой,CSH,2024,,,,,,
3,13255062,2024-03-08 05:04:00,Дальневосточная,"Д-ВОСТ, ШЧ-4 (Р)","1шт ч(к учету 0,02ч)",,,"Срабатывание, коммутационные перенапряжения",CSH,2024,0.0,"0,02ч",,,,
3,13257043,2024-03-08 12:30:00,Дальневосточная,"Д-ВОСТ, ШЧ-12 (Э)",,,,"Контакты штепсельного разъема, излом",CSH,2024,,,,,,
2,13253297,2024-03-08 23:01:00,Дальневосточная,"Д-ВОСТ, ШЧ-2 (Э)","1шт ч(к учету 0,4ч)","1шт ч(к учету 0,13ч)",,"Нарушение контакта в штепсельных розетках, неисправность контактных губок",CSH,2024,0.0,"0,4ч",0.0,"0,13ч",,
3,13253699,2024-03-09 09:50:00,Дальневосточная,"Д-ВОСТ, ШЧ-12 (Э)",,,,"Фрикционное сцепление, разрегулировка",CSH,2024,,,,,,
3,13256963,2024-03-10 01:58:00,Дальневосточная,"Д-ВОСТ, ШЧ-13 (Э)",,,,Зависание ПО,CSH,2024,,,,,,
3,13262215,2024-03-11 05:02:00,Дальневосточная,"Д-ВОСТ, ШЧ-14 (Э)",,,,"Нарушение контакта в штепсельных розетках, неисправность контактных губок",CSH,2024,,,,,,
2,13258395,2024-03-12 19:21:00,Дальневосточная,"Д-ВОСТ, ШЧ-3 (Э)","2шт ч(к учету 0,33ч)","2шт ч(к учету 0,63ч)",,"Нарушение контакта в разъемах блоков, замятие контакта",CSH,2024,0.0,"0,33ч",0.0,"0,63ч",,
1,13258586,2024-03-13 02:43:00,Дальневосточная,"Д-ВОСТ, ШЧ-14 (Э)","3шт ч(к учету 3,43ч)",,,Ослабление затяжки болтов,CSH,2024,3.0,"3,43ч",,,,
3,13260376,2024-03-13 23:21:00,Дальневосточная,"Д-ВОСТ, ШЧ-2 (Э)","1шт ч(к учету 0,05ч)",,,Нарушение контакта,CSH,2024,0.0,"0,05ч",,,,
2,13262201,2024-03-15 03:45:00,Дальневосточная,"Д-ВОСТ, ШЧ-2 (Э)","8шт (к учету 6) ч(к учету 2,32ч)",,,"Кнопки, механическое заедание кнопки",CSH,2024,6.0,"2,32ч",,,,
2,13265144,2024-03-15 11:00:00,Дальневосточная,"Д-ВОСТ, ШЧ-14 (Э)","1шт ч(к учету 0,53ч)",,,"Обмотка, обрыв",CSH,2024,0.0,"0,53ч",,,,
2,13263388,2024-03-15 16:15:00,Дальневосточная,"Д-ВОСТ, ШЧ-9 (Э)","1шт ч(к учету 0,93ч)",,,"Контактная система, сваривание",CSH,2024,0.0,"0,93ч",,,,
3,13263641,2024-03-16 02:47:00,Дальневосточная,"Д-ВОСТ, ШЧ-3 (Э)","2шт ч(к учету 0,03ч)",,,Неисправность монтажа,CSH,2024,0.0,"0,03ч",,,,
3,13263909,2024-03-16 09:15:00,Дальневосточная,"Д-ВОСТ, ШЧ-14 (Э)",,,,Нарушение контакта трос/контактный болт,CSH,2024,,,,,,
2,13266347,2024-03-19 02:50:00,Дальневосточная,"Д-ВОСТ, ШЧ-12 (Э)","1шт ч(к учету 0,18ч)","2шт ч(к учету 0,23ч)",,Нарушение изоляции,CSH,2024,0.0,"0,18ч",0.0,"0,23ч",,
3,13267898,2024-03-19 03:25:00,Дальневосточная,"Д-ВОСТ, ШЧ-14 (Э)","1шт ч(к учету 0,17ч)",,,"Фрикционное сцепление, замерзание деталей",CSH,2024,0.0,"0,17ч",,,,
3,13267217,2024-03-19 12:25:00,Дальневосточная,"Д-ВОСТ, ШЧ-14 (Э)",,,,Зависание ПО,CSH,2024,,,,,,
2,13268026,2024-03-20 06:31:00,Дальневосточная,"Д-ВОСТ, ШЧ-4 (Р)","5шт ч(к учету 1,2ч)",,,"Обмотка, обрыв",CSH,2024,1.0,"1,2ч",,,,
3,13267967,2024-03-20 06:45:00,Дальневосточная,"Д-ВОСТ, ШЧ-14 (Э)",,,,"Обмотка, обрыв обмотки",CSH,2024,,,,,,
3,13269066,2024-03-20 22:35:00,Дальневосточная,"Д-ВОСТ, ШЧ-13 (Э)",,,,"Повреждение изоляции, торцевой",CSH,2024,,,,,,
2,13269494,2024-03-21 07:35:00,Дальневосточная,"Д-ВОСТ, ШЧ-14 (Э)",,"1шт ч(к учету 0,2ч)",,Нарушение контакта трос/штепсель,CSH,2024,,,0.0,"0,2ч",,
2,13271497,2024-03-22 17:01:00,Дальневосточная,"Д-ВОСТ, ШЧ-2 (Э)","3шт ч(к учету 0,9ч)",,,"Срабатывание (перегорание), воздействие тягового тока",CSH,2024,0.0,"0,9ч",,,,
2,13271745,2024-03-23 02:35:00,Дальневосточная,"Д-ВОСТ, ШЧ-3 (Э)","18шт ч(к учету 3,65ч)","1шт ч(к учету 0,15ч)",,Асимметрия тягового тока,CSH,2024,3.0,"3,65ч",0.0,"0,15ч",,
2,13272478,2024-03-23 22:40:00,Дальневосточная,"Д-ВОСТ, ШЧ-14 (Э)","2шт ч(к учету 1,03ч)","1шт ч(к учету 0,22ч)",,Попадание постороннего предмета в подвижные узлы внешнего замыкателя,CSH,2024,1.0,"1,03ч",0.0,"0,22ч",,
2,13272477,2024-03-23 23:32:00,Дальневосточная,"Д-ВОСТ, ШЧ-14 (Э)",,"1шт ч(к учету 0,25ч)",,Сбой АЛС с задержкой поезда,CSH,2024,,,0.0,"0,25ч",,
2,13272475,2024-03-23 23:54:00,Дальневосточная,"Д-ВОСТ, ШЧ-14 (Э)","1шт ч(к учету 0,53ч)",,,"Автопереключатель, индевение контактов",CSH,2024,0.0,"0,53ч",,,,
2,13272483,2024-03-24 00:13:00,Дальневосточная,"Д-ВОСТ, ШЧ-6 (Э)","6шт ч(к учету 1,62ч)",,,"Изоляция, понижение сопротивления",CSH,2024,1.0,"1,62ч",,,,
3,13273414,2024-03-24 12:53:00,Дальневосточная,"Д-ВОСТ, ШЧ-14 (Э)","1шт ч(к учету 0,17ч)",,,"Жилы, внутренний обрыв",CSH,2024,0.0,"0,17ч",,,,
2,13273279,2024-03-25 02:48:00,Дальневосточная,"Д-ВОСТ, ШЧ-8 (Э)","8шт (к учету 5) ч(к учету 2,68ч)",,,Асимметрия тягового тока,CSH,2024,5.0,"2,68ч",,,,
3,13273825,2024-03-25 10:52:00,Дальневосточная,"Д-ВОСТ, ШЧ-14 (Э)",,,,Отсутствие,CSH,2024,,,,,,
1,13274348,2024-03-25 16:42:00,Дальневосточная,"Д-ВОСТ, ШЧ-10 (Э)","4шт ч(к учету 5,28ч)",,,"Нарушение контакта в штепсельных розетках, сообщение",CSH,2024,5.0,"5,28ч",,,,
2,13275372,2024-03-26 11:17:00,Дальневосточная,"Д-ВОСТ, ШЧ-14 (Э)",,"1шт ч(к учету 0,18ч)","1шт ч(к учету 0,13)ч","Автопереключатель, индевение контактов",CSH,2024,,,0.0,"0,18ч",0.0,
3,13279220,2024-03-26 19:22:00,Дальневосточная,"Д-ВОСТ, ШЧ-4 (Р)","1шт ч(к учету 0,02ч)",,,"Контактная система, увеличенное сопротивление",CSH,2024,0.0,"0,02ч",,,,
2,13276268,2024-03-27 04:29:00,Дальневосточная,"Д-ВОСТ, ШЧ-9 (Э)","1шт ч(к учету 0,55ч)",,,Нарушение изоляции проводов,CSH,2024,0.0,"0,55ч",,,,
2,13276437,2024-03-27 07:00:00,Дальневосточная,"Д-ВОСТ, ШЧ-8 (Э)","2шт ч(к учету 0,5ч)",,,Обрыв,CSH,2024,0.0,"0,5ч",,,,
3,13279171,2024-03-28 06:45:00,Дальневосточная,"Д-ВОСТ, ШЧ-12 (Э)",,,,Неисправность,CSH,2024,,,,,,
3,13281973,2024-03-28 07:43:00,Дальневосточная,"Д-ВОСТ, ШЧ-8 (Э)",,,,"Жилы, сообщение",CSH,2024,,,,,,
2,13278160,2024-03-28 09:43:00,Дальневосточная,"Д-ВОСТ, ШЧ-14 (Э)","1шт ч(к учету 0,42ч)",,,"Нарушение контакта в разъемах блоков, неисправность контактных губок",CSH,2024,0.0,"0,42ч",,,,
3,13282034,2024-03-29 01:25:00,Дальневосточная,"Д-ВОСТ, ШЧ-12 (Э)",,,,"Жилы, обрыв",CSH,2024,,,,,,
2,13279535,2024-03-29 02:51:00,Дальневосточная,"Д-ВОСТ, ШЧ-7 (Р)","3шт ч(к учету 1,33ч)",,,"Контактная система, увеличенное сопротивление",CSH,2024,1.0,"1,33ч",,,,
2,13280294,2024-03-30 02:50:00,Дальневосточная,"Д-ВОСТ, ШЧ-13 (Э)",7шт (к учету 6) ч(к учету 2ч),"3шт (к учету 1) ч(к учету 0,35ч)",,"Короткое замыкание, металлической стружкой, проволокой в стыке",CSH,2024,6.0,,1.0,"0,35ч",,
3,13283615,2024-03-30 06:23:00,Дальневосточная,"Д-ВОСТ, ШЧ-7 (Р)",,,,"Лампы, перегорание основной нити",CSH,2024,,,,,,
2,13280461,2024-03-30 06:35:00,Дальневосточная,"Д-ВОСТ, ШЧ-14 (Э)","1шт ч(к учету 0,27ч)",,,"Жилы, внутренний обрыв",CSH,2024,0.0,"0,27ч",,,,
2,13280573,2024-03-30 09:10:00,Дальневосточная,"Д-ВОСТ, ШЧ-12 (Э)","2шт ч(к учету 0,95ч)","1шт ч(к учету 0,1ч)",,Обрыв монтажного провода,CSH,2024,0.0,"0,95ч",0.0,"0,1ч",,
2,13280696,2024-03-30 12:16:00,Дальневосточная,"Д-ВОСТ, ШЧ-14 (Э)","2шт ч(к учету 0,93ч)",,,"Контактная система, увеличенное сопротивление контакта",CSH,2024,0.0,"0,93ч",,,,
2,13280697,2024-03-30 13:15:00,Дальневосточная,"Д-ВОСТ, ШЧ-13 (Э)","1шт ч(к учету 0,52ч)",,,"Фрикционное сцепление, нарушение регулировки усилия перевода",CSH,2024,0.0,"0,52ч",,,,
3,13280887,2024-03-30 17:27:00,Дальневосточная,"Д-ВОСТ, ШЧ-9 (Э)",,,,Отсутствие,CSH,2024,,,,,,
3,13281536,2024-03-31 13:40:00,Дальневосточная,"Д-ВОСТ, ШЧ-9 (Э)",,,,Нарушение контакта штепсель/рельс,CSH,2024,,,,,,
3,13286331,2024-03-31 14:59:00,Дальневосточная,"Д-ВОСТ, ШЧ-7 (Р)",,,,"Лампы, перегорание основной нити",CSH,2024,,,,,,
1,13282841,2024-04-01 13:57:00,Дальневосточная,"Д-ВОСТ, ШЧ-14 (Э)","4шт (к учету 3) ч(к учету 2,6ч)",,,"Нарушение контакта в разъемах блоков, неисправность контактных губок",CSH,2024,3.0,"2,6ч",,,,
2,13283191,2024-04-01 14:28:00,Дальневосточная,"Д-ВОСТ, ШЧ-14 (Э)","1шт ч(к учету 0,9ч)",,,Ослабление крепления основания датчика,CSH,2024,0.0,"0,9ч",,,,
3,13283319,2024-04-01 17:18:00,Дальневосточная,"Д-ВОСТ, ШЧ-2 (Э)",,,,"Срабатывание, коммутационные перенапряжения",CSH,2024,,,,,,
3,13286249,2024-04-03 07:52:00,Дальневосточная,"Д-ВОСТ, ШЧ-8 (Э)",,,,"Обрыв, коррозия металла",CSH,2024,,,,,,
2,13288056,2024-04-03 15:08:00,Дальневосточная,"Д-ВОСТ, ШЧ-2 (Э)","10шт (к учету 9) ч(к учету 2,25ч)","1шт ч(к учету 0,02ч)",,"Кнопки, люфт штока",CSH,2024,9.0,"2,25ч",0.0,"0,02ч",,
3,13288823,2024-04-03 21:38:00,Дальневосточная,"Д-ВОСТ, ШЧ-14 (Э)",,,,Отсутствие,CSH,2024,,,,,,
3,13291686,2024-04-05 03:36:00,Дальневосточная,"Д-ВОСТ, ШЧ-13 (Э)",,,,"Автопереключатель, разрегулировка контактов",CSH,2024,,,,,,
3,13303472,2024-04-05 06:07:00,Дальневосточная,"Д-ВОСТ, ШЧ-14 (Э)","1шт ч(к учету 0,22ч)",,,"Обмотка, обрыв",CSH,2024,0.0,"0,22ч",,,,
3,13297481,2024-04-05 06:15:00,Дальневосточная,"Д-ВОСТ, ШЧ-10 (Э)",,,,Излом провода под гайкой,CSH,2024,,,,,,
1,13292390,2024-04-05 10:57:00,Дальневосточная,"Д-ВОСТ, ШЧ-14 (Э)",,"1шт ч(к учету 1,28ч)",,"Жилы, обрыв",CSH,2024,,,1.0,"1,28ч",,
3,13294987,2024-04-07 09:15:00,Дальневосточная,"Д-ВОСТ, ШЧ-14 (Э)",,,,Зависание ПО,CSH,2024,,,,,,
3,13321555,2024-04-07 23:23:00,Дальневосточная,"Д-ВОСТ, ШЧ-2 (Э)",,"1шт ч(к учету 0,02ч)",,"Курбельный контакт, потеря контакта",CSH,2024,,,0.0,"0,02ч",,
3,13295758,2024-04-07 23:30:00,Дальневосточная,"Д-ВОСТ, ШЧ-6 (Э)",,,,Неисправность,CSH,2024,,,,,,
3,13298135,2024-04-08 01:00:00,Дальневосточная,"Д-ВОСТ, ШЧ-2 (Э)",,,,"Лампы, перегорание основной нити",CSH,2024,,,,,,
3,13295982,2024-04-08 03:11:00,Дальневосточная,"Д-ВОСТ, ШЧ-7 (Р)",,,,"Обмотка, обрыв",CSH,2024,,,,,,
2,13295927,2024-04-08 03:29:00,Дальневосточная,"Д-ВОСТ, ШЧ-4 (Р)","1шт ч(к учету 0,35ч)",,,"Конденсатор, снижение емкости",CSH,2024,0.0,"0,35ч",,,,
2,13296107,2024-04-08 06:25:00,Дальневосточная,"Д-ВОСТ, ШЧ-2 (Э)","4шт ч(к учету 0,98ч)","1шт ч(к учету 0,22ч)",,"Автопереключатель, разрегулировка контактов",CSH,2024,0.0,"0,98ч",0.0,"0,22ч",,
3,13297768,2024-04-08 19:58:00,Дальневосточная,"Д-ВОСТ, ШЧ-14 (Э)",,,,"Блок выпрямителей, неисправность диодов",CSH,2024,,,,,,
3,13298595,2024-04-09 08:15:00,Дальневосточная,"Д-ВОСТ, ШЧ-2 (Э)",,,,"Нарушение контакта в штепсельных розетках, сообщение",CSH,2024,,,,,,
1,13300159,2024-04-09 15:58:00,Дальневосточная,"Д-ВОСТ, ШЧ-14 (Э)","2шт (к учету 1) ч(к учету 1,87ч)",,,Потеря контакта в соединениях датчика,CSH,2024,1.0,"1,87ч",,,,
2,13304146,2024-04-09 22:50:00,Дальневосточная,"Д-ВОСТ, ШЧ-12 (Э)",,"1шт ч(к учету 0,28ч)",,Неисправность путевой перемычки,CSH,2024,,,0.0,"0,28ч",,
3,13300614,2024-04-10 02:20:00,Дальневосточная,"Д-ВОСТ, ШЧ-12 (Э)",,,,Нарушение контакта,CSH,2024,,,,,,
2,13300781,2024-04-10 03:56:00,Дальневосточная,"Д-ВОСТ, ШЧ-6 (Э)","1шт ч(к учету 0,62ч)",,,"Жилы, внутренний обрыв",CSH,2024,0.0,"0,62ч",,,,
2,13303680,2024-04-11 07:05:00,Дальневосточная,"Д-ВОСТ, ШЧ-14 (Э)",,"1шт ч(к учету 0,23ч)",,"Жилы, сообщение",CSH,2024,,,0.0,"0,23ч",,
2,13305479,2024-04-11 19:50:00,Дальневосточная,"Д-ВОСТ, ШЧ-13 (Э)","1шт ч(к учету 0,28ч)",,,"Неисправность кабеля, неисправность монтажа в ШК",CSH,2024,0.0,"0,28ч",,,,
3,13305713,2024-04-12 02:26:00,Дальневосточная,"Д-ВОСТ, ШЧ-14 (Э)",,,,Зависание ПО,CSH,2024,,,,,,
3,13306075,2024-04-12 08:06:00,Дальневосточная,"Д-ВОСТ, ШЧ-2 (Э)",,,,"Монтаж, обрыв",CSH,2024,,,,,,
1,13306225,2024-04-12 08:50:00,Дальневосточная,"Д-ВОСТ, ШЧ-10 (Э)","1шт ч(к учету 1,48ч)",,,"Курбельный контакт, потеря контакта",CSH,2024,1.0,"1,48ч",,,,
2,13306402,2024-04-12 09:46:00,Дальневосточная,"Д-ВОСТ, ШЧ-3 (Э)","7шт ч(к учету 2,48ч)",,,"Нарушение контакта в штепсельных розетках, замятие контакта",CSH,2024,2.0,"2,48ч",,,,
3,13307494,2024-04-12 20:45:00,Дальневосточная,"Д-ВОСТ, ШЧ-14 (Э)",,,,"Контактная система, увеличенное сопротивление контакта",CSH,2024,,,,,,
3,13309815,2024-04-13 21:28:00,Дальневосточная,"Д-ВОСТ, ШЧ-2 (Э)",,,,"Нарушение контакта в штепсельных розетках, неисправность контактных губок",CSH,2024,,,,,,
3,13308865,2024-04-14 08:45:00,Дальневосточная,"Д-ВОСТ, ШЧ-3 (Э)","1шт ч(к учету 0,2ч)",,,Отключение внешнего электроснабжения,CSH,2024,0.0,"0,2ч",,,,
2,13309190,2024-04-14 13:31:00,Дальневосточная,"Д-ВОСТ, ШЧ-14 (Э)",,"3шт (к учету 2) ч(к учету 0,63ч)",,Повреждение изоляции торцевой,CSH,2024,,,2.0,"0,63ч",,
3,13309246,2024-04-14 16:29:00,Дальневосточная,"Д-ВОСТ, ШЧ-14 (Э)",,,,"Обрыв, угон рельса",CSH,2024,,,,,,
3,13315189,2024-04-15 04:30:00,Дальневосточная,"Д-ВОСТ, ШЧ-3 (Э)","1шт ч(к учету 0,08ч)",,,Наличие переходного сопротивления выключателей,CSH,2024,0.0,"0,08ч",,,,
2,13310797,2024-04-15 15:35:00,Дальневосточная,"Д-ВОСТ, ШЧ-10 (Э)","1шт ч(к учету 0,65ч)","1шт ч(к учету 0,1ч)",,Излом провода под гайкой,CSH,2024,0.0,"0,65ч",0.0,"0,1ч",,
3,13313102,2024-04-16 00:00:00,Дальневосточная,"Д-ВОСТ, ШЧ-12 (Э)",,,,Сбой АЛС с задержкой поезда,CSH,2024,,,,,,
3,13312782,2024-04-16 19:14:00,Дальневосточная,"Д-ВОСТ, ШЧ-8 (Э)",,,,"Автопереключатель, разрегулировка контактов",CSH,2024,,,,,,
3,13312850,2024-04-16 20:01:00,Дальневосточная,"Д-ВОСТ, ШЧ-14 (Э)",,,,Отсутствие,CSH,2024,,,,,,
3,13317988,2024-04-19 13:55:00,Дальневосточная,"Д-ВОСТ, ШЧ-12 (Э)",,,,Отсутствие,CSH,2024,,,,,,
3,13319645,2024-04-20 23:43:00,Дальневосточная,"Д-ВОСТ, ШЧ-10 (Э)",,,,"Контактная система, потеря контакта",CSH,2024,,,,,,
3,13327408,2024-04-22 06:05:00,Дальневосточная,"Д-ВОСТ, ШЧ-12 (Э)",,,,"Системный блок, сбой программного обеспечения",CSH,2024,,,,,,
1,13322931,2024-04-23 03:55:00,Дальневосточная,"Д-ВОСТ, ШЧ-14 (Э)","4шт ч(к учету 4,22ч)",,"2шт ч(к учету 0,55)ч",Сообщение,CSH,2024,4.0,"4,22ч",,,0.0,
3,13324037,2024-04-23 10:27:00,Дальневосточная,"Д-ВОСТ, ШЧ-14 (Э)",,,,Нарушение изоляции монтажных проводов,CSH,2024,,,,,,
3,13325127,2024-04-24 01:42:00,Дальневосточная,"Д-ВОСТ, ШЧ-14 (Э)",,,,"Обмотка, обрыв",CSH,2024,,,,,,
2,13325659,2024-04-24 08:41:00,Дальневосточная,"Д-ВОСТ, ШЧ-8 (Э)","1шт ч(к учету 0,35ч)",,,"Обрыв, при путевых работах",CSH,2024,0.0,"0,35ч",,,,
2,13327033,2024-04-24 19:27:00,Дальневосточная,"Д-ВОСТ, ШЧ-12 (Э)",,"1шт ч(к учету 0,28ч)",,Неисправность устройств электроснабжения,CSH,2024,,,0.0,"0,28ч",,
3,13327305,2024-04-25 02:16:00,Дальневосточная,"Д-ВОСТ, ШЧ-10 (Э)",,,,Ослабление затяжки болтов,CSH,2024,,,,,,
3,13329503,2024-04-26 06:40:00,Дальневосточная,"Д-ВОСТ, ШЧ-14 (Э)",,,,"КЦ, МЦП, неисправность",CSH,2024,,,,,,
3,13329649,2024-04-26 07:42:00,Дальневосточная,"Д-ВОСТ, ШЧ-3 (Э)","2шт ч(к учету 0,03ч)",,,"Срабатывание, воздействие тягового тока",CSH,2024,0.0,"0,03ч",,,,
2,13329810,2024-04-26 09:17:00,Дальневосточная,"Д-ВОСТ, ШЧ-8 (Э)","11шт (к учету 10) ч(к учету 4,57ч)",,,"Контрольные линейки, ослабление крепления",CSH,2024,10.0,"4,57ч",,,,
2,13330890,2024-04-26 21:33:00,Дальневосточная,"Д-ВОСТ, ШЧ-12 (Э)","2шт ч(к учету 0,85ч)",,,Потеря контакта в соединениях датчика,CSH,2024,0.0,"0,85ч",,,,
3,13331181,2024-04-27 03:10:00,Дальневосточная,"Д-ВОСТ, ШЧ-14 (Э)",,,,Нарушение контакта штепсель/рельс,CSH,2024,,,,,,
2,13331327,2024-04-27 06:55:00,Дальневосточная,"Д-ВОСТ, ШЧ-7 (Р)","3шт ч(к учету 1,38ч)",,,"Конденсатор, снижение емкости",CSH,2024,1.0,"1,38ч",,,,
3,13333049,2024-04-28 10:52:00,Дальневосточная,"Д-ВОСТ, ШЧ-9 (Э)",,,,"Контактная система, увеличенное сопротивление",CSH,2024,,,,,,
3,13333769,2024-04-29 03:32:00,Дальневосточная,"Д-ВОСТ, ШЧ-14 (Э)",,,,Нарушение контакта штепсель/рельс,CSH,2024,,,,,,
3,13334346,2024-04-29 16:27:00,Дальневосточная,"Д-ВОСТ, ШЧ-8 (Э)",,,,Нарушение контакта трос/штепсель,CSH,2024,,,,,,
2,13334409,2024-04-29 19:07:00,Дальневосточная,"Д-ВОСТ, ШЧ-14 (Э)","1шт ч(к учету 0,35ч)",,,"Контактная система, потеря контакта",CSH,2024,0.0,"0,35ч",,,,
2,13334913,2024-04-30 08:35:00,Дальневосточная,"Д-ВОСТ, ШЧ-8 (Э)","6шт (к учету 5) ч(к учету 1,97ч)",,,"Нарушение контакта в разъемах блоков, неисправность контактных губок",CSH,2024,5.0,"1,97ч",,,,
3,13335467,2024-04-30 23:00:00,Дальневосточная,"Д-ВОСТ, ШЧ-7 (Р)",,,,"Лампы, перегорание основной нити",CSH,2024,,,,,,
2,13335580,2024-05-01 03:03:00,Дальневосточная,"Д-ВОСТ, ШЧ-4 (Р)","4шт ч(к учету 0,95ч)",,,"Конденсатор, снижение емкости",CSH,2024,0.0,"0,95ч",,,,
2,13336168,2024-05-01 18:01:00,Дальневосточная,"Д-ВОСТ, ШЧ-10 (Э)","4шт (к учету 3) ч(к учету 1,17ч)","1шт ч(к учету 0,1ч)",,Нарушение контакта штепсель/рельс,CSH,2024,3.0,"1,17ч",0.0,"0,1ч",,
3,13336607,2024-05-02 04:25:00,Дальневосточная,"Д-ВОСТ, ШЧ-12 (Э)",,,,Нарушение контакта штепсель/рельс,CSH,2024,,,,,,
1,13336916,2024-05-02 07:25:00,Дальневосточная,"Д-ВОСТ, ШЧ-13 (Э)","7шт ч(к учету 15,57ч)",,,"Транзистор, обрыв",CSH,2024,15.0,"15,57ч",,,,
2,13338525,2024-05-03 01:30:00,Дальневосточная,"Д-ВОСТ, ШЧ-2 (Э)","5шт ч(к учету 1,63ч)",,"1шт ч(к учету 0,15)ч","Нарушение контакта в штепсельных розетках, неисправность контактных губок",CSH,2024,1.0,"1,63ч",,,0.0,
2,13340273,2024-05-03 08:08:00,Дальневосточная,"Д-ВОСТ, ШЧ-10 (Э)","5шт ч(к учету 1,68ч)",,,Механическое повреждение,CSH,2024,1.0,"1,68ч",,,,
2,13339700,2024-05-03 11:27:00,Дальневосточная,"Д-ВОСТ, ШЧ-3 (Э)","1шт ч(к учету 0,2ч)","1шт ч(к учету 0,12ч)","1шт ч(к учету 0,13)ч",Излом провода под гайкой,CSH,2024,0.0,"0,2ч",0.0,"0,12ч",0.0,
1,13340127,2024-05-03 11:47:00,Дальневосточная,"Д-ВОСТ, ШЧ-13 (Э)","10шт ч(к учету 28,52ч)",,,"Транзистор, обрыв",CSH,2024,28.0,"28,52ч",,,,
3,13341409,2024-05-04 11:03:00,Дальневосточная,"Д-ВОСТ, ШЧ-12 (Э)",,,,"Обрыв, некачественная приварка к рельсу",CSH,2024,,,,,,
3,13341736,2024-05-04 16:45:00,Дальневосточная,"Д-ВОСТ, ШЧ-13 (Э)",,,,Нарушение изоляции,CSH,2024,,,,,,
2,13342423,2024-05-05 09:10:00,Дальневосточная,"Д-ВОСТ, ШЧ-13 (Э)","3шт ч(к учету 1,83ч)",,,Необеспечение электропитания подзаряда,CSH,2024,1.0,"1,83ч",,,,
2,13342630,2024-05-05 13:03:00,Дальневосточная,"Д-ВОСТ, ШЧ-7 (Р)","5шт ч(к учету 1,35ч)",,,"Резистор, обрыв",CSH,2024,1.0,"1,35ч",,,,
1,13344204,2024-05-06 09:58:00,Дальневосточная,"Д-ВОСТ, ШЧ-9 (Э)","4шт ч(к учету 2,58ч)",,,"Внутренний монтаж, обрыв",CSH,2024,2.0,"2,58ч",,,,
2,13345582,2024-05-06 22:24:00,Дальневосточная,"Д-ВОСТ, ШЧ-6 (Э)","2шт ч(к учету 0,68ч)",,,"Термическое разрушение изолирующего стыка, нарушение канализации обратного тягового тока",CSH,2024,0.0,"0,68ч",,,,
2,13346546,2024-05-07 10:12:00,Дальневосточная,"Д-ВОСТ, ШЧ-14 (Э)","1шт ч(к учету 0,27ч)","1шт ч(к учету 0,15ч)",,"Нарушение контакта в разъемах блоков, неисправность контактных губок",CSH,2024,0.0,"0,27ч",0.0,"0,15ч",,
2,13346728,2024-05-07 10:38:00,Дальневосточная,"Д-ВОСТ, ШЧ-12 (Э)","2шт ч(к учету 0,53ч)",,,Излом провода под гайкой,CSH,2024,0.0,"0,53ч",,,,
2,13348280,2024-05-07 18:02:00,Дальневосточная,"Д-ВОСТ, ШЧ-6 (Э)","14шт (к учету 13) ч(к учету 5,13ч)","1шт ч(к учету 0,13ч)",,Обрыв монтажного провода,CSH,2024,13.0,"5,13ч",0.0,"0,13ч",,
3,13348467,2024-05-08 01:16:00,Дальневосточная,"Д-ВОСТ, ШЧ-8 (Э)",,,,"Обрыв, коррозия металла",CSH,2024,,,,,,
3,13349743,2024-05-08 10:50:00,Дальневосточная,"Д-ВОСТ, ШЧ-12 (Э)",,,,"Внутренний монтаж, обрыв",CSH,2024,,,,,,
3,13351692,2024-05-10 00:10:00,Дальневосточная,"Д-ВОСТ, ШЧ-10 (Э)",,,,"Жилы, окисление",CSH,2024,,,,,,
3,13352757,2024-05-11 01:46:00,Дальневосточная,"Д-ВОСТ, ШЧ-14 (Э)",,,,Отсутствие,CSH,2024,,,,,,
2,13352826,2024-05-11 04:11:00,Дальневосточная,"Д-ВОСТ, ШЧ-3 (Э)","5шт ч(к учету 2,1ч)",,,Закорачивание РЦ касание тросов рельса,CSH,2024,2.0,"2,1ч",,,,
3,13353096,2024-05-11 10:49:00,Дальневосточная,"Д-ВОСТ, ШЧ-3 (Э)",,,,Нарушение контакта штепсель/рельс,CSH,2024,,,,,,
3,13353820,2024-05-12 05:27:00,Дальневосточная,"Д-ВОСТ, ШЧ-14 (Э)",,,,Отсутствие,CSH,2024,,,,,,
3,13379192,2024-05-12 10:56:00,Дальневосточная,"Д-ВОСТ, ШЧ-2 (Э)","1шт ч(к учету 0,02ч)",,,Сбой АЛС с задержкой поезда,CSH,2024,0.0,"0,02ч",,,,
2,13355451,2024-05-13 09:00:00,Дальневосточная,"Д-ВОСТ, ШЧ-8 (Э)","1шт ч(к учету 0,37ч)",,,Излом повода под гайкой,CSH,2024,0.0,"0,37ч",,,,
3,13357276,2024-05-14 07:01:00,Дальневосточная,"Д-ВОСТ, ШЧ-6 (Э)",,,,"Жилы, сообщение",CSH,2024,,,,,,
2,13357532,2024-05-14 09:29:00,Дальневосточная,"Д-ВОСТ, ШЧ-8 (Э)","1шт ч(к учету 0,17ч)",,"1шт ч(к учету 0,17)ч","Срабатывание, воздействие тягового тока",CSH,2024,0.0,"0,17ч",,,0.0,
2,13358914,2024-05-15 00:57:00,Дальневосточная,"Д-ВОСТ, ШЧ-7 (Р)","1шт ч(к учету 0,97ч)",,,"Обрыв, коррозия металла",CSH,2024,0.0,"0,97ч",,,,
3,13363222,2024-05-17 07:32:00,Дальневосточная,"Д-ВОСТ, ШЧ-14 (Э)",,,,"Диод, пробой",CSH,2024,,,,,,
2,13363475,2024-05-17 10:22:00,Дальневосточная,"Д-ВОСТ, ШЧ-2 (Э)","3шт ч(к учету 0,28ч)","1шт ч(к учету 0,33ч)",,"Обмотка, обрыв обмотки",CSH,2024,0.0,"0,28ч",0.0,"0,33ч",,
3,13364390,2024-05-18 00:05:00,Дальневосточная,"Д-ВОСТ, ШЧ-6 (Э)",,,,"Срабатывание (перегорание), нарушение контакта штепсельного разъема, ослабление крепления",CSH,2024,,,,,,
1,13392740,2024-05-18 13:29:00,Дальневосточная,"Д-ВОСТ, ШЧ-9 (Э)","2шт ч(к учету 1,68ч)",,,"Нарушение контакта в штепсельных розетках, неисправность контактных губок",CSH,2024,1.0,"1,68ч",,,,
3,13365007,2024-05-18 15:16:00,Дальневосточная,"Д-ВОСТ, ШЧ-10 (Э)",,,,Неисправность устройств электроснабжения,CSH,2024,,,,,,
3,13366760,2024-05-18 15:47:00,Дальневосточная,"Д-ВОСТ, ШЧ-7 (Р)",,,,"Лампы, перегорание основной нити",CSH,2024,,,,,,
3,13365236,2024-05-18 22:34:00,Дальневосточная,"Д-ВОСТ, ШЧ-2 (Э)",,,,"Автопереключатель, разрегулировка контактов",CSH,2024,,,,,,
3,13365304,2024-05-19 02:27:00,Дальневосточная,"Д-ВОСТ, ШЧ-14 (Э)",,,,Отсутствие,CSH,2024,,,,,,
2,13367537,2024-05-20 15:38:00,Дальневосточная,"Д-ВОСТ, ШЧ-2 (Э)","3шт ч(к учету 0,33ч)","1шт ч(к учету 0,13ч)",,Нарушение контакта трос/штепсель,CSH,2024,0.0,"0,33ч",0.0,"0,13ч",,
3,13376518,2024-05-20 23:10:00,Дальневосточная,"Д-ВОСТ, ШЧ-6 (Э)","1шт ч(к учету 0,18ч)",,,Неисправность,CSH,2024,0.0,"0,18ч",,,,
3,13373310,2024-05-21 08:01:00,Дальневосточная,"Д-ВОСТ, ШЧ-2 (Э)",,,,Закорачивание РЦ деталями ВСП,CSH,2024,,,,,,
3,13369636,2024-05-21 23:14:00,Дальневосточная,"Д-ВОСТ, ШЧ-10 (Э)",,,,Нарушение контакта штепсель/рельс,CSH,2024,,,,,,
3,13369727,2024-05-22 00:46:00,Дальневосточная,"Д-ВОСТ, ШЧ-2 (Э)",,,,"Электродвигатель, прочие типы, неисправность",CSH,2024,,,,,,
3,13376510,2024-05-22 06:53:00,Дальневосточная,"Д-ВОСТ, ШЧ-3 (Э)","2шт ч(к учету 0,03ч)",,,"Контактная система, потеря контакта",CSH,2024,0.0,"0,03ч",,,,
3,13371841,2024-05-23 06:48:00,Дальневосточная,"Д-ВОСТ, ШЧ-14 (Э)",,,,"Обрыв троса, коррозия металла",CSH,2024,,,,,,
2,13372638,2024-05-23 13:40:00,Дальневосточная,"Д-ВОСТ, ШЧ-14 (Э)","4шт ч(к учету 1,62ч)",,,"Обрыв троса, при путевых работах",CSH,2024,1.0,"1,62ч",,,,
3,13373958,2024-05-24 11:19:00,Дальневосточная,"Д-ВОСТ, ШЧ-3 (Э)",,,,Неисправность ПО объектного контроллера,CSH,2024,,,,,,
1,13374442,2024-05-24 21:49:00,Дальневосточная,"Д-ВОСТ, ШЧ-13 (Э)","4шт (к учету 3) ч(к учету 8,27ч)","3шт (к учету 2) ч(к учету 3,63ч)",,"Предохранитель, перегорание нити",CSH,2024,3.0,"8,27ч",2.0,"3,63ч",,
3,13374837,2024-05-25 10:05:00,Дальневосточная,"Д-ВОСТ, ШЧ-6 (Э)",,,"1шт ч(к учету 0,02)ч","Автопереключатель, разрегулировка контактов",CSH,2024,,,,,0.0,
2,13374924,2024-05-25 11:37:00,Дальневосточная,"Д-ВОСТ, ШЧ-3 (Э)","4шт ч(к учету 1,35ч)",,,"Срабатывание, коммутационные перенапряжения",CSH,2024,1.0,"1,35ч",,,,
3,13375063,2024-05-25 14:41:00,Дальневосточная,"Д-ВОСТ, ШЧ-10 (Э)",,,,"Обмотка, обрыв",CSH,2024,,,,,,
3,13389450,2024-05-25 16:25:00,Дальневосточная,"Д-ВОСТ, ШЧ-2 (Э)","1шт ч(к учету 0,02ч)",,,"Контактная система, подгар контактов",CSH,2024,0.0,"0,02ч",,,,
1,13375544,2024-05-26 07:23:00,Дальневосточная,"Д-ВОСТ, ШЧ-8 (Э)","39шт (к учету 38) ч(к учету 23,73ч)","4шт ч(к учету 1,23ч)","8шт ч(к учету 2,62)ч","Оболочка, повреждение",CSH,2024,38.0,"23,73ч",1.0,"1,23ч",2.0,
1,13380803,2024-05-26 11:59:00,Дальневосточная,"Д-ВОСТ, ШЧ-8 (Э)","3шт ч(к учету 2,78ч)",,,Отключение внешнего электроснабжения,CSH,2024,2.0,"2,78ч",,,,
3,13376689,2024-05-27 10:31:00,Дальневосточная,"Д-ВОСТ, ШЧ-14 (Э)",,,,Нарушение изоляции монтажных проводов,CSH,2024,,,,,,
2,13377677,2024-05-28 03:20:00,Дальневосточная,"Д-ВОСТ, ШЧ-8 (Э)","5шт ч(к учету 2,52ч)",,,"Сигнальная обмотка, короткое замыкание",CSH,2024,2.0,"2,52ч",,,,
3,13379077,2024-05-28 04:13:00,Дальневосточная,"Д-ВОСТ, ШЧ-2 (Э)",,,,Отключение внешнего электроснабжения,CSH,2024,,,,,,
3,13400378,2024-05-28 18:29:00,Дальневосточная,"Д-ВОСТ, ШЧ-8 (Э)",,,,100% (свежий) излом датчика УКСПС,CSH,2024,,,,,,
2,13379153,2024-05-29 03:57:00,Дальневосточная,"Д-ВОСТ, ШЧ-8 (Э)","1шт ч(к учету 0,33ч)",,,Обрыв монтажного провода,CSH,2024,0.0,"0,33ч",,,,
2,13380036,2024-05-29 13:35:00,Дальневосточная,"Д-ВОСТ, ШЧ-10 (Э)","1шт ч(к учету 0,42ч)",,,"Контактная система, увеличенное сопротивление",CSH,2024,0.0,"0,42ч",,,,
3,13380819,2024-05-29 15:30:00,Дальневосточная,"Д-ВОСТ, ШЧ-7 (Р)",,,,Неисправность,CSH,2024,,,,,,
3,13379413,2024-05-29 15:40:00,Дальневосточная,"Д-ВОСТ, ШЧ-3 (Э)",,,,Нарушение контакта штепсель/рельс,CSH,2024,,,,,,
3,13380343,2024-05-29 16:00:00,Дальневосточная,"Д-ВОСТ, ШЧ-14 (Э)",,,,"Срабатывание, коммутационные перенапряжения",CSH,2024,,,,,,
3,13380525,2024-05-29 19:34:00,Дальневосточная,"Д-ВОСТ, ШЧ-9 (Э)",,,,"Лампы, перегорание основной нити",CSH,2024,,,,,,
3,13382367,2024-05-30 05:30:00,Дальневосточная,"Д-ВОСТ, ИЧ Ш САХАЛИН",,,,"Жилы, окисление",CSH,2024,,,,,,
3,13381357,2024-05-30 10:34:00,Дальневосточная,"Д-ВОСТ, ШЧ-8 (Э)",,,,"Автопереключатель, разрегулировка контактов",CSH,2024,,,,,,
2,13382441,2024-05-31 05:00:00,Дальневосточная,"Д-ВОСТ, ШЧ-14 (Э)","1шт ч(к учету 0,4ч)",,,Неисправность,CSH,2024,0.0,"0,4ч",,,,
3,13383320,2024-05-31 15:20:00,Дальневосточная,"Д-ВОСТ, ШЧ-12 (Э)",,,,Обрыв монтажного провода,CSH,2024,,,,,,
3,13384328,2024-06-01 17:26:00,Дальневосточная,"Д-ВОСТ, ШЧ-14 (Э)",,,,Нарушение контакта штепсель/рельс,CSH,2024,,,,,,
2,13384695,2024-06-02 05:50:00,Дальневосточная,"Д-ВОСТ, ШЧ-4 (Р)","4шт ч(к учету 2,22ч)",,,"Срабатывание, воздействие тягового тока",CSH,2024,2.0,"2,22ч",,,,
3,13384730,2024-06-02 06:14:00,Дальневосточная,"Д-ВОСТ, ШЧ-14 (Э)",,,,"Неисправность генератора (УК, ФКСМ, УМ)",CSH,2024,,,,,,
3,13384989,2024-06-02 12:30:00,Дальневосточная,"Д-ВОСТ, ШЧ-14 (Э)",,,,"Жилы, обрыв",CSH,2024,,,,,,
2,13385119,2024-06-02 15:07:00,Дальневосточная,"Д-ВОСТ, ШЧ-14 (Э)","2шт ч(к учету 0,68ч)",,,"Обмотка, короткое замыкание обмотки",CSH,2024,0.0,"0,68ч",,,,
3,13385507,2024-06-03 01:37:00,Дальневосточная,"Д-ВОСТ, ШЧ-12 (Э)",,,,"Срабатывание, атмосферные перенапряжения",CSH,2024,,,,,,
3,13385701,2024-06-03 06:28:00,Дальневосточная,"Д-ВОСТ, ШЧ-13 (Э)",,,,"Фрикционное сцепление, разрегулировка",CSH,2024,,,,,,
1,13385860,2024-06-03 07:16:00,Дальневосточная,"Д-ВОСТ, ШЧ-7 (Р)","9шт (к учету 8) ч(к учету 4,63ч)","1шт ч(к учету 0,13ч)",,"Конденсатор, обрыв",CSH,2024,8.0,"4,63ч",0.0,"0,13ч",,
3,13389490,2024-06-05 01:50:00,Дальневосточная,"Д-ВОСТ, ШЧ-14 (Э)",,,,"Системный блок, сбой программного обеспечения",CSH,2024,,,,,,
3,13396470,2024-06-05 06:51:00,Дальневосточная,"Д-ВОСТ, ШЧ-14 (Э)",,,,"ИБП, неисправность",CSH,2024,,,,,,
2,13391492,2024-06-05 15:34:00,Дальневосточная,"Д-ВОСТ, ШЧ-7 (Р)",,"1шт ч(к учету 0,17ч)",,"Обмотка, обрыв обмотки",CSH,2024,,,0.0,"0,17ч",,
3,13394621,2024-06-06 05:38:00,Дальневосточная,"Д-ВОСТ, ШЧ-8 (Э)",,,,"Коробка наземная, неисправность дужки",CSH,2024,,,,,,
1,13393681,2024-06-06 14:15:00,Дальневосточная,"Д-ВОСТ, ШЧ-14 (Э)","9шт (к учету 6) ч(к учету 6,27ч)","3шт (к учету 2) ч(к учету 0,62ч)",,"Срабатывание, воздействие тягового тока",CSH,2024,6.0,"6,27ч",2.0,"0,62ч",,
3,13394831,2024-06-07 07:56:00,Дальневосточная,"Д-ВОСТ, ШЧ-14 (Э)",,,,"Неисправность генератора (УК, ФКСМ, УМ)",CSH,2024,,,,,,
2,13395355,2024-06-07 12:08:00,Дальневосточная,"Д-ВОСТ, ШЧ-8 (Э)","9шт ч(к учету 3,08ч)",,,"Монтаж, обрыв",CSH,2024,3.0,"3,08ч",,,,
3,13395526,2024-06-07 12:34:00,Дальневосточная,"Д-ВОСТ, ШЧ-2 (Э)","1шт ч(к учету 0,02ч)",,,Сбой АЛС с задержкой поезда,CSH,2024,0.0,"0,02ч",,,,
3,13395482,2024-06-07 12:35:00,Дальневосточная,"Д-ВОСТ, ШЧ-14 (Э)",,,,Отсутствие,CSH,2024,,,,,,
3,13396480,2024-06-08 01:30:00,Дальневосточная,"Д-ВОСТ, ШЧ-4 (Р)","1шт ч(к учету 0,02ч)",,,"Срабатывание (перегорание), воздействие тягового тока",CSH,2024,0.0,"0,02ч",,,,
3,13396558,2024-06-08 03:50:00,Дальневосточная,"Д-ВОСТ, ШЧ-14 (Э)",,,,Неисправность приёмника,CSH,2024,,,,,,
3,13397140,2024-06-08 18:26:00,Дальневосточная,"Д-ВОСТ, ШЧ-2 (Э)",,,,Нарушение контакта наконечник/вывод ДТ,CSH,2024,,,,,,
3,13397551,2024-06-09 07:43:00,Дальневосточная,"Д-ВОСТ, ШЧ-14 (Э)",,,,"Неисправность генератора (УК, ФКСМ, УМ)",CSH,2024,,,,,,
3,13397770,2024-06-09 10:45:00,Дальневосточная,"Д-ВОСТ, ШЧ-14 (Э)",,,,"Релейный ОК, МПК, неисправность",CSH,2024,,,,,,
3,13398146,2024-06-10 00:46:00,Дальневосточная,"Д-ВОСТ, ШЧ-10 (Э)",,,,Сбой АЛС с задержкой поезда,CSH,2024,,,,,,
3,13398564,2024-06-10 07:50:00,Дальневосточная,"Д-ВОСТ, ШЧ-3 (Э)",,,,"Срабатывание, нарушение контакта штепсельного разъема, ослабление крепления",CSH,2024,,,,,,
3,13399081,2024-06-10 12:09:00,Дальневосточная,"Д-ВОСТ, ШЧ-14 (Э)",,,,"Предохранитель FEU, неисправность",CSH,2024,,,,,,
3,13399422,2024-06-10 14:50:00,Дальневосточная,"Д-ВОСТ, ШЧ-14 (Э)",,,,"Срабатывание, коммутационные перенапряжения",CSH,2024,,,,,,
3,13399592,2024-06-10 15:40:00,Дальневосточная,"Д-ВОСТ, ШЧ-14 (Э)",,,,"Неисправность генератора (УК, ФКСМ, УМ)",CSH,2024,,,,,,
3,13401393,2024-06-11 13:05:00,Дальневосточная,"Д-ВОСТ, ШЧ-14 (Э)",,,,"Срабатывание, воздействие тягового тока",CSH,2024,,,,,,
3,13401593,2024-06-11 15:00:00,Дальневосточная,"Д-ВОСТ, ШЧ-14 (Э)",,,,"Системный блок, неисправность",CSH,2024,,,,,,
3,13402469,2024-06-12 10:25:00,Дальневосточная,"Д-ВОСТ, ШЧ-8 (Э)",,,,Неисправность устройств электроснабжения,CSH,2024,,,,,,
3,13402893,2024-06-12 21:39:00,Дальневосточная,"Д-ВОСТ, ШЧ-14 (Э)",,,,"Срабатывание, коммутационные перенапряжения",CSH,2024,,,,,,
2,13405004,2024-06-14 02:49:00,Дальневосточная,"Д-ВОСТ, ШЧ-4 (Р)","1шт ч(к учету 0,3ч)",,,"Контактная система, увеличенное сопротивление",CSH,2024,0.0,"0,3ч",,,,
3,13405135,2024-06-14 07:13:00,Дальневосточная,"Д-ВОСТ, ШЧ-14 (Э)",,,,"Неисправность генератора (УК, ФКСМ, УМ)",CSH,2024,,,,,,
3,13405563,2024-06-14 10:49:00,Дальневосточная,"Д-ВОСТ, ШЧ-14 (Э)",,,,"Предохранитель FEU, неисправность",CSH,2024,,,,,,
3,13406256,2024-06-14 18:40:00,Дальневосточная,"Д-ВОСТ, ШЧ-14 (Э)",,,,"Предохранитель FEU, неисправность",CSH,2024,,,,,,
3,13406910,2024-06-15 10:01:00,Дальневосточная,"Д-ВОСТ, ШЧ-12 (Э)",,,,"Диод, пробой",CSH,2024,,,,,,
3,13406894,2024-06-15 10:50:00,Дальневосточная,"Д-ВОСТ, ШЧ-14 (Э)",,,,"Срабатывание, коммутационные перенапряжения",CSH,2024,,,,,,
2,13406911,2024-06-15 11:23:00,Дальневосточная,"Д-ВОСТ, ШЧ-12 (Э)","1шт ч(к учету 0,5ч)",,,"Нарушение контакта в разъемах блоков, прожег изоляции",CSH,2024,0.0,"0,5ч",,,,
1,13406931,2024-06-15 12:30:00,Дальневосточная,"Д-ВОСТ, ШЧ-2 (Э)","10шт (к учету 9) ч(к учету 5,65ч)",,,"Срабатывание, воздействие тягового тока",CSH,2024,9.0,"5,65ч",,,,
3,13410906,2024-06-15 14:13:00,Дальневосточная,"Д-ВОСТ, ШЧ-12 (Э)",,,,Сбой АЛС с задержкой поезда,CSH,2024,,,,,,
3,13407271,2024-06-15 19:27:00,Дальневосточная,"Д-ВОСТ, ШЧ-14 (Э)",,,,"Срабатывание, коммутационные перенапряжения",CSH,2024,,,,,,
3,13407332,2024-06-15 19:40:00,Дальневосточная,"Д-ВОСТ, ШЧ-9 (Э)",,,,"Электродвигатель, ЭМСУ, неисправность обмотки возбуждения двигателя",CSH,2024,,,,,,
3,13407611,2024-06-16 05:50:00,Дальневосточная,"Д-ВОСТ, ШЧ-9 (Э)",,,,"Релейный ОК, программное обеспечение, сбой",CSH,2024,,,,,,
3,13407693,2024-06-16 09:55:00,Дальневосточная,"Д-ВОСТ, ШЧ-14 (Э)",,,,"Срабатывание (перегорание), коммутационные перенапряжения",CSH,2024,,,,,,
3,13408905,2024-06-17 11:37:00,Дальневосточная,"Д-ВОСТ, ШЧ-2 (Э)",,,,"Срабатывание, атмосферные перенапряжения",CSH,2024,,,,,,
3,13411095,2024-06-18 08:01:00,Дальневосточная,"Д-ВОСТ, ШЧ-14 (Э)",,,,Неисправность приёмника,CSH,2024,,,,,,
3,13410559,2024-06-18 14:00:00,Дальневосточная,"Д-ВОСТ, ШЧ-14 (Э)",,,,Неисправность,CSH,2024,,,,,,
3,13410557,2024-06-18 14:41:00,Дальневосточная,"Д-ВОСТ, ШЧ-6 (Э)",,,,Обрыв,CSH,2024,,,,,,
3,13411239,2024-06-19 03:25:00,Дальневосточная,"Д-ВОСТ, ШЧ-7 (Р)",,,,"Внутренний монтаж, обрыв",CSH,2024,,,,,,
3,13416967,2024-06-19 11:05:00,Дальневосточная,"Д-ВОСТ, ШЧ-7 (Р)","1шт ч(к учету 0,12ч)",,,"Диод, обрыв",CSH,2024,0.0,"0,12ч",,,,
3,13416968,2024-06-20 01:09:00,Дальневосточная,"Д-ВОСТ, ШЧ-3 (Э)","1шт ч(к учету 0,02ч)",,,"Автопереключатель, разрегулировка контактов",CSH,2024,0.0,"0,02ч",,,,
1,13412725,2024-06-20 07:45:00,Дальневосточная,"Д-ВОСТ, ШЧ-8 (Э)","2шт ч(к учету 1,37ч)","1шт ч(к учету 0,1ч)","1шт ч(к учету 0,18)ч","Жилы, внутренний обрыв",CSH,2024,1.0,"1,37ч",0.0,"0,1ч",0.0,
3,13413465,2024-06-20 15:40:00,Дальневосточная,"Д-ВОСТ, ШЧ-2 (Э)",,,,"Обрыв, коррозия металла",CSH,2024,,,,,,
3,13413594,2024-06-20 20:22:00,Дальневосточная,"Д-ВОСТ, ШЧ-14 (Э)",,,,"Срабатывание (перегорание), воздействие тягового тока",CSH,2024,,,,,,
2,13415843,2024-06-22 19:42:00,Дальневосточная,"Д-ВОСТ, ШЧ-8 (Э)","3шт (к учету 2) ч(к учету 0,9ч)",,,Сбой АЛС с задержкой поезда,CSH,2024,2.0,"0,9ч",,,,
3,13416245,2024-06-23 07:30:00,Дальневосточная,"Д-ВОСТ, ШЧ-14 (Э)",,,,"Срабатывание, коммутационные перенапряжения",CSH,2024,,,,,,
3,13417201,2024-06-23 09:20:00,Дальневосточная,"Д-ВОСТ, ШЧ-7 (Р)",,,,"Дроссели (реакторы), обрыв",CSH,2024,,,,,,
3,13416764,2024-06-23 19:25:00,Дальневосточная,"Д-ВОСТ, ШЧ-14 (Э)",,,,Зависание ПО,CSH,2024,,,,,,
2,13417285,2024-06-24 08:20:00,Дальневосточная,"Д-ВОСТ, ШЧ-10 (Э)",2шт ч(к учету 1ч),,,"Лампы, перегорание основной нити",CSH,2024,1.0,,,,,
2,13418795,2024-06-25 07:50:00,Дальневосточная,"Д-ВОСТ, ШЧ-14 (Э)",,"2шт ч(к учету 1,02ч)",,"Оболочка, повреждение",CSH,2024,,,1.0,"1,02ч",,
2,13418962,2024-06-25 09:53:00,Дальневосточная,"Д-ВОСТ, ШЧ-9 (Э)","3шт ч(к учету 2,07ч)",,,"Закорачивание РЦ через заземление опор КС мостов, путепроводов",CSH,2024,2.0,"2,07ч",,,,
3,13419203,2024-06-25 11:03:00,Дальневосточная,"Д-ВОСТ, ШЧ-14 (Э)",,,,Неисправность приёмника,CSH,2024,,,,,,
2,13419115,2024-06-25 11:15:00,Дальневосточная,"Д-ВОСТ, ШЧ-14 (Э)","1шт ч(к учету 0,3ч)","1шт ч(к учету 0,15ч)",,"Диод, пробой",CSH,2024,0.0,"0,3ч",0.0,"0,15ч",,
3,13419475,2024-06-25 15:30:00,Дальневосточная,"Д-ВОСТ, ШЧ-14 (Э)",,,,"Срабатывание, воздействие тягового тока",CSH,2024,,,,,,
3,13419477,2024-06-25 15:35:00,Дальневосточная,"Д-ВОСТ, ШЧ-14 (Э)",,,,"Стрелочный ОК, CCM/CCM-E, неисправность",CSH,2024,,,,,,
3,13421709,2024-06-26 00:00:00,Дальневосточная,"Д-ВОСТ, ШЧ-10 (Э)",,,,"Внутренний монтаж, обрыв",CSH,2024,,,,,,
3,13419989,2024-06-26 03:05:00,Дальневосточная,"Д-ВОСТ, ШЧ-14 (Э)",,,,"Срабатывание, коммутационные перенапряжения",CSH,2024,,,,,,
2,13418474,2024-06-26 05:19:00,Дальневосточная,"Д-ВОСТ, ШЧ-3 (Э)","2шт ч(к учету 0,93ч)",,"2шт (к учету 1) ч(к учету 0,52)ч",Нарушение контакта штепсель/рельс,CSH,2024,0.0,"0,93ч",,,1.0,
2,13420689,2024-06-26 11:13:00,Дальневосточная,"Д-ВОСТ, ШЧ-2 (Э)","8шт ч(к учету 3,22ч)","2шт ч(к учету 0,38ч)",,"Диод, короткое замыкание диода",CSH,2024,3.0,"3,22ч",0.0,"0,38ч",,
3,13421731,2024-06-27 03:22:00,Дальневосточная,"Д-ВОСТ, ШЧ-2 (Э)",,,,"Кнопки, повреждение крепления",CSH,2024,,,,,,
1,13421708,2024-06-27 03:43:00,Дальневосточная,"Д-ВОСТ, ШЧ-2 (Э)","2шт ч(к учету 2,27ч)",,,Обрыв,CSH,2024,2.0,"2,27ч",,,,
2,13422480,2024-06-27 13:43:00,Дальневосточная,"Д-ВОСТ, ШЧ-4 (Р)","4шт ч(к учету 0,48ч)",,,"Контактная система, увеличенное сопротивление",CSH,2024,0.0,"0,48ч",,,,
3,13422695,2024-06-27 17:47:00,Дальневосточная,"Д-ВОСТ, ШЧ-3 (Э)",,,,Неисправность напольной камеры,CSH,2024,,,,,,
3,13423271,2024-06-28 04:40:00,Дальневосточная,"Д-ВОСТ, ШЧ-10 (Э)",,,,Нарушение изоляции монтажных проводов,CSH,2024,,,,,,
3,13426331,2024-06-28 06:10:00,Дальневосточная,"Д-ВОСТ, ШЧ-12 (Э)",,,,"Системный блок, сбой программного обеспечения",CSH,2024,,,,,,
3,13424036,2024-06-28 15:28:00,Дальневосточная,"Д-ВОСТ, ШЧ-9 (Э)",,,,"КЦ, МФ-03, неисправность",CSH,2024,,,,,,
3,13424226,2024-06-28 18:35:00,Дальневосточная,"Д-ВОСТ, ШЧ-14 (Э)",,,,"Срабатывание (перегорание), воздействие тягового тока",CSH,2024,,,,,,
3,13429640,2024-06-29 05:40:00,Дальневосточная,"Д-ВОСТ, ШЧ-3 (Э)",,,,Сбой АЛС с задержкой поезда,CSH,2024,,,,,,
2,13424803,2024-06-29 09:46:00,Дальневосточная,"Д-ВОСТ, ШЧ-2 (Э)","20шт ч(к учету 11,07ч)","2шт ч(к учету 1,72ч)","2шт (к учету 1) ч(к учету 0,92)ч","Жилы, внутренний обрыв",CSH,2024,11.0,"11,07ч",1.0,"1,72ч",1.0,
3,13424745,2024-06-29 10:34:00,Дальневосточная,"Д-ВОСТ, ШЧ-14 (Э)",,,,"Стрелочный ОК, МУОС, неисправность",CSH,2024,,,,,,
1,13425038,2024-06-29 17:16:00,Дальневосточная,"Д-ВОСТ, ШЧ-2 (Э)","4шт ч(к учету 2,87ч)",,,"Обмотка, обрыв",CSH,2024,2.0,"2,87ч",,,,
2,13425349,2024-06-30 01:20:00,Дальневосточная,"Д-ВОСТ, ШЧ-2 (Э)","1шт ч(к учету 0,2ч)",,"1шт ч(к учету 0,12)ч","Контактная система, сваривание",CSH,2024,0.0,"0,2ч",,,0.0,
3,13429583,2024-06-30 05:21:00,Дальневосточная,"Д-ВОСТ, ШЧ-3 (Э)",,,,"Жилы, обрыв",CSH,2024,,,,,,
1,13425593,2024-06-30 08:08:00,Дальневосточная,"Д-ВОСТ, ШЧ-2 (Э)","7шт ч(к учету 6,13ч)","1шт ч(к учету 1,02ч)",,"Обмотка, обрыв обмотки",CSH,2024,6.0,"6,13ч",1.0,"1,02ч",,
2,13425968,2024-06-30 17:30:00,Дальневосточная,"Д-ВОСТ, ШЧ-3 (Э)","11шт ч(к учету 2,87ч)","3шт (к учету 1) ч(к учету 1,6ч)",,"Контактная система, потеря контакта",CSH,2024,2.0,"2,87ч",1.0,"1,6ч",,
3,13426063,2024-06-30 23:28:00,Дальневосточная,"Д-ВОСТ, ШЧ-9 (Э)",,,,Отключение внешнего электроснабжения,CSH,2024,,,,,,
3,13426621,2024-07-01 10:32:00,Дальневосточная,"Д-ВОСТ, ШЧ-3 (Э)",,,,Закорачивание РЦ через дроссельные тросовые перемычки,CSH,2024,,,,,,
2,13427447,2024-07-01 19:04:00,Дальневосточная,"Д-ВОСТ, ШЧ-3 (Э)",16шт ч(к учету 9ч),,,"Резистор, обрыв",CSH,2024,9.0,,,,,
2,13428015,2024-07-02 06:54:00,Дальневосточная,"Д-ВОСТ, ШЧ-14 (Э)",,"2шт (к учету 1) ч(к учету 0,38ч)",,Ослабление затяжки болтов,CSH,2024,,,1.0,"0,38ч",,
2,13429033,2024-07-02 15:28:00,Дальневосточная,"Д-ВОСТ, ШЧ-6 (Э)",,"1шт ч(к учету 0,1ч)","1шт ч(к учету 0,13)ч",Сбой АЛС с задержкой поезда,CSH,2024,,,0.0,"0,1ч",0.0,
2,13430061,2024-07-03 08:13:00,Дальневосточная,"Д-ВОСТ, ШЧ-14 (Э)",,"2шт (к учету 1) ч(к учету 0,32ч)",,"Диод, пробой",CSH,2024,,,1.0,"0,32ч",,
3,13431272,2024-07-03 14:19:00,Дальневосточная,"Д-ВОСТ, ШЧ-14 (Э)",,,,Обрыв монтажного провода,CSH,2024,,,,,,
3,13431908,2024-07-03 21:24:00,Дальневосточная,"Д-ВОСТ, ШЧ-14 (Э)",,,,"Диод, пробой",CSH,2024,,,,,,
3,13432380,2024-07-04 04:52:00,Дальневосточная,"Д-ВОСТ, ШЧ-13 (Э)",,,,"Контакт, неисправность",CSH,2024,,,,,,
1,13432443,2024-07-04 04:57:00,Дальневосточная,"Д-ВОСТ, ШЧ-2 (Э)","2шт ч(к учету 1,1ч)",,,"Транзистор, пробой",CSH,2024,1.0,"1,1ч",,,,
2,13432565,2024-07-04 05:00:00,Дальневосточная,"Д-ВОСТ, ШЧ-10 (Э)","4шт ч(к учету 1,85ч)",,,"Диод, пробой",CSH,2024,1.0,"1,85ч",,,,
2,13432483,2024-07-04 05:40:00,Дальневосточная,"Д-ВОСТ, ШЧ-14 (Э)","1шт ч(к учету 0,3ч)",,,"Срабатывание (перегорание), коммутационные перенапряжения",CSH,2024,0.0,"0,3ч",,,,
2,13433515,2024-07-04 11:48:00,Дальневосточная,"Д-ВОСТ, ШЧ-14 (Э)",,"1шт ч(к учету 0,12ч)","2шт (к учету 1) ч(к учету 0,23)ч","Обмотка, короткое замыкание",CSH,2024,,,0.0,"0,12ч",1.0,
2,13434004,2024-07-04 14:20:00,Дальневосточная,"Д-ВОСТ, ШЧ-14 (Э)",,"2шт (к учету 1) ч(к учету 0,45ч)",,"Срабатывание, коммутационные перенапряжения",CSH,2024,,,1.0,"0,45ч",,
3,13434153,2024-07-04 18:10:00,Дальневосточная,"Д-ВОСТ, ШЧ-3 (Э)",,,,Нарушение контакта трос/штепсель,CSH,2024,,,,,,
3,13434649,2024-07-05 04:35:00,Дальневосточная,"Д-ВОСТ, ШЧ-7 (Р)",,,,"Контакторы, обрыв катушки",CSH,2024,,,,,,
2,13436354,2024-07-06 01:17:00,Дальневосточная,"Д-ВОСТ, ШЧ-12 (Э)","2шт ч(к учету 0,77ч)",,,"Нарушение контакта в разъемах блоков, неисправность контактных губок",CSH,2024,0.0,"0,77ч",,,,
2,13436845,2024-07-06 10:46:00,Дальневосточная,"Д-ВОСТ, ШЧ-8 (Э)","1шт ч(к учету 0,37ч)",,"3шт ч(к учету 0,43)ч","Обрыв троса, коррозия металла",CSH,2024,0.0,"0,37ч",,,0.0,
2,13437353,2024-07-06 18:10:00,Дальневосточная,"Д-ВОСТ, ШЧ-12 (Э)","2шт ч(к учету 1,52ч)",,,"Жилы, внутренний обрыв",CSH,2024,1.0,"1,52ч",,,,
3,13437376,2024-07-06 22:24:00,Дальневосточная,"Д-ВОСТ, ШЧ-12 (Э)",,,,Нарушение контакта штепсель/рельс,CSH,2024,,,,,,
3,13437791,2024-07-07 09:10:00,Дальневосточная,"Д-ВОСТ, ШЧ-12 (Э)",,,,Нарушение контакта штепсель/рельс,CSH,2024,,,,,,
3,13439055,2024-07-08 08:35:00,Дальневосточная,"Д-ВОСТ, ШЧ-12 (Э)",,,,Отсутствие,CSH,2024,,,,,,
3,13441134,2024-07-09 09:38:00,Дальневосточная,"Д-ВОСТ, ШЧ-14 (Э)",,,,"ЦПУ-ЭЛ-А, сбой",CSH,2024,,,,,,
1,13442332,2024-07-09 18:40:00,Дальневосточная,"Д-ВОСТ, ШЧ-10 (Э)","2шт ч(к учету 2,63ч)",,,"Срабатывание (перегорание), коммутационные перенапряжения",CSH,2024,2.0,"2,63ч",,,,
2,13454736,2024-07-11 03:54:00,Дальневосточная,"Д-ВОСТ, ШЧ-6 (Э)","12шт ч(к учету 7,18ч)",,,"Диод, пробой",CSH,2024,7.0,"7,18ч",,,,
3,13445222,2024-07-11 04:40:00,Дальневосточная,"Д-ВОСТ, ШЧ-14 (Э)",,,,"Обрыв троса, при путевых работах",CSH,2024,,,,,,
3,13445471,2024-07-11 07:00:00,Дальневосточная,"Д-ВОСТ, ШЧ-14 (Э)",,,,"Обмотка, обрыв",CSH,2024,,,,,,
3,13446031,2024-07-11 12:26:00,Дальневосточная,"Д-ВОСТ, ШЧ-3 (Э)",,,,Нарушение изоляции монтажных проводов,CSH,2024,,,,,,
2,13446980,2024-07-11 21:02:00,Дальневосточная,"Д-ВОСТ, ШЧ-12 (Э)","2шт ч(к учету 0,85ч)",,,Нарушение контакта наконечник/вывод ДТ,CSH,2024,0.0,"0,85ч",,,,
2,13447278,2024-07-12 04:27:00,Дальневосточная,"Д-ВОСТ, ШЧ-8 (Э)",,,"1шт ч(к учету 0,12)ч",Отключение внешнего электроснабжения,CSH,2024,,,,,0.0,
3,13448111,2024-07-12 07:20:00,Дальневосточная,"Д-ВОСТ, ШЧ-14 (Э)",,,,"Жилы, внутренний обрыв",CSH,2024,,,,,,
3,13448073,2024-07-12 11:38:00,Дальневосточная,"Д-ВОСТ, ШЧ-7 (Р)",,,,"Обмотка, короткое замыкание",CSH,2024,,,,,,
1,13448619,2024-07-12 19:27:00,Дальневосточная,"Д-ВОСТ, ШЧ-2 (Э)","27шт (к учету 25) ч(к учету 25,05ч)",,,"Жилы, внутренний обрыв",CSH,2024,25.0,"25,05ч",,,,
3,13448717,2024-07-12 20:46:00,Дальневосточная,"Д-ВОСТ, ШЧ-14 (Э)","1шт ч(к учету 0,15ч)",,,"Обмотка, обрыв",CSH,2024,0.0,"0,15ч",,,,
3,13448778,2024-07-12 21:11:00,Дальневосточная,"Д-ВОСТ, ШЧ-3 (Э)",,,,"Срабатывание, воздействие тягового тока",CSH,2024,,,,,,
2,13448831,2024-07-13 02:09:00,Дальневосточная,"Д-ВОСТ, ШЧ-14 (Э)","1шт ч(к учету 0,25ч)",,"1шт ч(к учету 0,1)ч","Контактная система, увеличенное сопротивление",CSH,2024,0.0,"0,25ч",,,0.0,
3,13448867,2024-07-13 03:33:00,Дальневосточная,"Д-ВОСТ, ШЧ-6 (Э)",,,,"Загрязнение, ржавчина на поверхности катания",CSH,2024,,,,,,
3,13448880,2024-07-13 04:18:00,Дальневосточная,"Д-ВОСТ, ШЧ-14 (Э)",,,,"Диод, Короткое замыкание",CSH,2024,,,,,,
2,13448960,2024-07-13 05:00:00,Дальневосточная,"Д-ВОСТ, ШЧ-14 (Э)","3шт ч(к учету 2,75ч)","1шт ч(к учету 0,27ч)",,"Срабатывание, воздействие тягового тока",CSH,2024,2.0,"2,75ч",0.0,"0,27ч",,
3,13448924,2024-07-13 05:30:00,Дальневосточная,"Д-ВОСТ, ШЧ-14 (Э)",,,,"Срабатывание, воздействие тягового тока",CSH,2024,,,,,,
2,13449065,2024-07-13 08:31:00,Дальневосточная,"Д-ВОСТ, ШЧ-3 (Э)","1шт ч(к учету 0,32ч)","1шт ч(к учету 0,2ч)","1шт ч(к учету 0,67)ч",Неисправность концентратора,CSH,2024,0.0,"0,32ч",0.0,"0,2ч",0.0,
3,13449338,2024-07-13 14:25:00,Дальневосточная,"Д-ВОСТ, ШЧ-8 (Э)",,,,"Кнопки, механическое заедание кнопки",CSH,2024,,,,,,
3,13450536,2024-07-13 15:50:00,Дальневосточная,"Д-ВОСТ, ШЧ-3 (Э)","1шт ч(к учету 0,02ч)",,,Потеря контакта в соединениях датчика,CSH,2024,0.0,"0,02ч",,,,
3,13449474,2024-07-13 18:01:00,Дальневосточная,"Д-ВОСТ, ШЧ-10 (Э)",,,,Сообщение,CSH,2024,,,,,,
3,13449615,2024-07-13 21:45:00,Дальневосточная,"Д-ВОСТ, ШЧ-10 (Э)",,,,"Срабатывание (перегорание), воздействие тягового тока",CSH,2024,,,,,,
2,13450119,2024-07-14 12:24:00,Дальневосточная,"Д-ВОСТ, ШЧ-6 (Э)","1шт ч(к учету 0,83ч)",,,"Диод, пробой",CSH,2024,0.0,"0,83ч",,,,
3,13450120,2024-07-14 13:55:00,Дальневосточная,"Д-ВОСТ, ШЧ-14 (Э)",,,,Обрыв монтажного провода,CSH,2024,,,,,,
3,13450414,2024-07-14 22:54:00,Дальневосточная,"Д-ВОСТ, ШЧ-14 (Э)",,,,"Электродвигатель, ЭМСУ, неисправность обмотки возбуждения двигателя",CSH,2024,,,,,,
3,13450506,2024-07-15 01:10:00,Дальневосточная,"Д-ВОСТ, ШЧ-14 (Э)",,,,"Срабатывание (перегорание), воздействие тягового тока",CSH,2024,,,,,,
2,13450687,2024-07-15 04:15:00,Дальневосточная,"Д-ВОСТ, ШЧ-2 (Э)","4шт (к учету 3) ч(к учету 1,18ч)",,,Обрыв монтажного провода,CSH,2024,3.0,"1,18ч",,,,
3,13450817,2024-07-15 05:30:00,Дальневосточная,"Д-ВОСТ, ШЧ-14 (Э)","2шт ч(к учету 0,15ч)",,,Обрыв монтажного провода,CSH,2024,0.0,"0,15ч",,,,
3,13451084,2024-07-15 11:30:00,Дальневосточная,"Д-ВОСТ, ШЧ-14 (Э)",,,,Неисправность приёмной капсулы,CSH,2024,,,,,,
3,13453043,2024-07-16 18:57:00,Дальневосточная,"Д-ВОСТ, ШЧ-3 (Э)",,,,"Нарушение контакта в штепсельных розетках, замятие контакта",CSH,2024,,,,,,
2,13456442,2024-07-16 23:20:00,Дальневосточная,"ЗАБ, ШЧ-6",,"1шт ч(к учету 0,1ч)",,"Срабатывание, воздействие тягового тока",CSH,2024,,,0.0,"0,1ч",,
2,13453309,2024-07-17 04:09:00,Дальневосточная,"Д-ВОСТ, ШЧ-8 (Э)",,"1шт ч(к учету 0,1ч)","4шт ч(к учету 0,67)ч","Жилы, внутренний обрыв",CSH,2024,,,0.0,"0,1ч",0.0,
2,13453430,2024-07-17 05:31:00,Дальневосточная,"Д-ВОСТ, ШЧ-7 (Р)","3шт ч(к учету 1,12ч)",,,"Контактная система, увеличенное сопротивление",CSH,2024,1.0,"1,12ч",,,,
3,13453697,2024-07-17 09:11:00,Дальневосточная,"Д-ВОСТ, ШЧ-2 (Э)",,,,Сбой АЛС с задержкой поезда,CSH,2024,,,,,,
3,13457328,2024-07-18 01:24:00,Дальневосточная,"Д-ВОСТ, ШЧ-12 (Э)",,,,"Нарушение контакта в разъемах блоков, неисправность контактных губок",CSH,2024,,,,,,
2,13455029,2024-07-18 07:14:00,Дальневосточная,"Д-ВОСТ, ШЧ-4 (Р)","3шт ч(к учету 0,92ч)",,,"Обмотка, обрыв",CSH,2024,0.0,"0,92ч",,,,
2,13456244,2024-07-18 15:56:00,Дальневосточная,"Д-ВОСТ, ШЧ-9 (Э)",,"1шт ч(к учету 0,13ч)",,Неисправность устройств электроснабжения,CSH,2024,,,0.0,"0,13ч",,
2,13456390,2024-07-19 05:43:00,Дальневосточная,"Д-ВОСТ, ШЧ-3 (Э)","2шт ч(к учету 1,05ч)",,,"Конденсаторы, снижение емкости конденсатора",CSH,2024,1.0,"1,05ч",,,,
3,13456803,2024-07-19 11:53:00,Дальневосточная,"Д-ВОСТ, ШЧ-14 (Э)",,,,"Обрыв троса, коррозия металла",CSH,2024,,,,,,
2,13457087,2024-07-19 16:20:00,Дальневосточная,"Д-ВОСТ, ШЧ-6 (Э)",,,"1шт ч(к учету 0,12)ч","Нарушение контакта в штепсельных розетках, замятие контакта",CSH,2024,,,,,0.0,
3,13457209,2024-07-19 18:20:00,Дальневосточная,"Д-ВОСТ, ШЧ-4 (Р)",,,,"Электродвигатель, постоянного тока (МСП, ДСП), неисправность ротора",CSH,2024,,,,,,
3,13457584,2024-07-20 09:13:00,Дальневосточная,"Д-ВОСТ, ИЧ Ш САХАЛИН",,,,"Контактная система, увеличенное сопротивление контакта",CSH,2024,,,,,,
3,13457713,2024-07-20 11:58:00,Дальневосточная,"Д-ВОСТ, ШЧ-6 (Э)",,,,Затухание сигнала в КЛС,CSH,2024,,,,,,
2,13458280,2024-07-21 03:37:00,Дальневосточная,"Д-ВОСТ, ШЧ-2 (Э)","5шт ч(к учету 2,5ч)",,,Нарушение контакта штепсель/рельс,CSH,2024,2.0,"2,5ч",,,,
1,13459454,2024-07-22 05:40:00,Дальневосточная,"Д-ВОСТ, ШЧ-2 (Э)","11шт (к учету 10) ч(к учету 5,72ч)",,,"Механические повреждения подразделениями ОАО ""РЖД""",CSH,2024,10.0,"5,72ч",,,,
1,13459790,2024-07-22 10:23:00,Дальневосточная,"Д-ВОСТ, ШЧ-14 (Э)","8шт (к учету 7) ч(к учету 4,15ч)","1шт ч(к учету 0,13ч)","2шт ч(к учету 0,42)ч","Нарушение контакта в разъемах блоков, неисправность контактных губок",CSH,2024,7.0,"4,15ч",0.0,"0,13ч",0.0,
3,13460064,2024-07-22 14:40:00,Дальневосточная,"Д-ВОСТ, ШЧ-14 (Э)",,,,"Обрыв, некачественная приварка к рельсу",CSH,2024,,,,,,
2,13460556,2024-07-23 03:10:00,Дальневосточная,"Д-ВОСТ, ШЧ-2 (Э)","5шт (к учету 4) ч(к учету 3,03ч)",,,Отключение внешнего электроснабжения,CSH,2024,4.0,"3,03ч",,,,
3,13460629,2024-07-23 05:30:00,Дальневосточная,"Д-ВОСТ, ШЧ-10 (Э)",,,,"Диод, короткое замыкание",CSH,2024,,,,,,
3,13460713,2024-07-23 05:30:00,Дальневосточная,"Д-ВОСТ, ШЧ-14 (Э)",,,,"Нарушение контакта в штепсельных розетках, замятие контакта",CSH,2024,,,,,,
2,13460733,2024-07-23 07:58:00,Дальневосточная,"Д-ВОСТ, ШЧ-8 (Э)",,,"4шт ч(к учету 0,45)ч","Жилы, внутренний обрыв",CSH,2024,,,,,0.0,
2,13461905,2024-07-24 03:02:00,Дальневосточная,"Д-ВОСТ, ШЧ-12 (Э)","1шт ч(к учету 0,6ч)",,,"Контактная система, потеря контакта",CSH,2024,0.0,"0,6ч",,,,
3,13461913,2024-07-24 03:27:00,Дальневосточная,"Д-ВОСТ, ШЧ-3 (Э)",,,,Нарушение регулировки,CSH,2024,,,,,,
2,13462133,2024-07-24 08:00:00,Дальневосточная,"Д-ВОСТ, ШЧ-6 (Э)","6шт ч(к учету 2,23ч)",,,"Срабатывание, воздействие тягового тока",CSH,2024,2.0,"2,23ч",,,,
3,13463799,2024-07-25 05:27:00,Дальневосточная,"Д-ВОСТ, ШЧ-7 (Р)",,,,"Выключатели, некачественная пайка",CSH,2024,,,,,,
2,13466213,2024-07-27 06:01:00,Дальневосточная,"Д-ВОСТ, ШЧ-14 (Э)","2шт ч(к учету 0,9ч)",,,Нарушение контакта штепсель/рельс,CSH,2024,0.0,"0,9ч",,,,
2,13467104,2024-07-28 05:37:00,Дальневосточная,"Д-ВОСТ, ШЧ-13 (Э)","1шт ч(к учету 0,5ч)",,,"Срабатывание (перегорание), коммутационные перенапряжения",CSH,2024,0.0,"0,5ч",,,,
3,13467189,2024-07-28 06:45:00,Дальневосточная,"Д-ВОСТ, ШЧ-3 (Э)",,,,"Не срабатывание (не перегорание), нарушение контакта штепсельного разъема, нарушение контакта",CSH,2024,,,,,,
3,13467163,2024-07-28 07:47:00,Дальневосточная,"Д-ВОСТ, ШЧ-10 (Э)",,,,Нарушение контакта,CSH,2024,,,,,,
2,13467331,2024-07-28 12:45:00,Дальневосточная,"Д-ВОСТ, ШЧ-14 (Э)","1шт ч(к учету 0,42ч)",,,"Срабатывание, коммутационные перенапряжения",CSH,2024,0.0,"0,42ч",,,,
2,13467603,2024-07-28 16:10:00,Дальневосточная,"Д-ВОСТ, ШЧ-12 (Э)","1шт ч(к учету 0,32ч)","1шт ч(к учету 0,1ч)",,"Обмотка, короткое замыкание обмотки",CSH,2024,0.0,"0,32ч",0.0,"0,1ч",,
1,13467640,2024-07-28 18:52:00,Дальневосточная,"Д-ВОСТ, ШЧ-8 (Э)","4шт ч(к учету 13,47ч)",,"2шт (к учету 1) ч(к учету 0,63)ч",Плата,CSH,2024,13.0,"13,47ч",,,1.0,
3,13467822,2024-07-28 20:14:00,Дальневосточная,"Д-ВОСТ, ШЧ-8 (Э)",,,,Закорачивание РЦ через дроссельные тросовые перемычки,CSH,2024,,,,,,
2,13467709,2024-07-28 21:50:00,Дальневосточная,"Д-ВОСТ, ШЧ-14 (Э)","2шт ч(к учету 1,08ч)",,,"Срабатывание, воздействие тягового тока",CSH,2024,1.0,"1,08ч",,,,
2,13468230,2024-07-29 09:10:00,Дальневосточная,"Д-ВОСТ, ШЧ-3 (Э)","4шт ч(к учету 2,03ч)",,,Нарушение изоляции монтажных проводов,CSH,2024,2.0,"2,03ч",,,,
3,13469048,2024-07-29 21:30:00,Дальневосточная,"Д-ВОСТ, ШЧ-14 (Э)",,,,"Срабатывание, воздействие тягового тока",CSH,2024,,,,,,
2,13469067,2024-07-29 22:00:00,Дальневосточная,"Д-ВОСТ, ШЧ-14 (Э)",,"1шт ч(к учету 0,1ч)",,"Срабатывание (перегорание), атмосферные перенапряжения",CSH,2024,,,0.0,"0,1ч",,
3,13469049,2024-07-29 22:00:00,Дальневосточная,"Д-ВОСТ, ШЧ-14 (Э)",,,,"Срабатывание, воздействие тягового тока",CSH,2024,,,,,,
2,13469157,2024-07-30 00:17:00,Дальневосточная,"Д-ВОСТ, ШЧ-7 (Р)","1шт ч(к учету 0,2ч)","3шт (к учету 1) ч(к учету 0,4ч)",,Нарушение контакта трос/штепсель,CSH,2024,0.0,"0,2ч",1.0,"0,4ч",,
3,13469188,2024-07-30 00:17:00,Дальневосточная,"Д-ВОСТ, ШЧ-12 (Э)","1шт ч(к учету 0,03ч)",,,"Срабатывание (перегорание), атмосферные перенапряжения",CSH,2024,0.0,"0,03ч",,,,
1,13469286,2024-07-30 03:32:00,Дальневосточная,"Д-ВОСТ, ШЧ-12 (Э)","5шт ч(к учету 6,7ч)",,,Пережог плавкой вставки предохранителя линии СЦБ,CSH,2024,6.0,"6,7ч",,,,
2,13472012,2024-07-30 04:15:00,Дальневосточная,"Д-ВОСТ, ШЧ-2 (Э)","2шт ч(к учету 0,52ч)",,,"Нарушение контакта в разъемах блоков, замятие контакта",CSH,2024,0.0,"0,52ч",,,,
2,13469429,2024-07-30 05:37:00,Дальневосточная,"Д-ВОСТ, ШЧ-3 (Э)","5шт ч(к учету 2,15ч)",,"1шт ч(к учету 0,13)ч","Жилы, обрыв",CSH,2024,2.0,"2,15ч",,,0.0,
3,13472023,2024-07-30 05:50:00,Дальневосточная,"Д-ВОСТ, ШЧ-8 (Э)",,,,Отсутствие,CSH,2024,,,,,,
3,13469723,2024-07-30 10:35:00,Дальневосточная,"Д-ВОСТ, ШЧ-12 (Э)",,,,Просадка напряжения на питающей линии,CSH,2024,,,,,,
2,13470492,2024-07-30 10:50:00,Дальневосточная,"Д-ВОСТ, ШЧ-13 (Э)","1шт ч(к учету 0,28ч)",,,"Нарушение контакта в штепсельных розетках, сообщение",CSH,2024,0.0,"0,28ч",,,,
2,13470124,2024-07-30 17:00:00,Дальневосточная,"Д-ВОСТ, ШЧ-2 (Э)","11шт (к учету 10) ч(к учету 3,83ч)",,,Нарушение регулировки,CSH,2024,10.0,"3,83ч",,,,
3,13470147,2024-07-30 17:40:00,Дальневосточная,"Д-ВОСТ, ШЧ-4 (Р)",,,,"Диод, обрыв",CSH,2024,,,,,,
2,13470429,2024-07-31 01:21:00,Дальневосточная,"Д-ВОСТ, ШЧ-14 (Э)","1шт ч(к учету 0,33ч)",,,Обрыв монтажного провода,CSH,2024,0.0,"0,33ч",,,,
3,13471249,2024-07-31 14:08:00,Дальневосточная,"Д-ВОСТ, ШЧ-14 (Э)",,,,"Срабатывание, коммутационные перенапряжения",CSH,2024,,,,,,
3,13471305,2024-07-31 14:58:00,Дальневосточная,"Д-ВОСТ, ШЧ-2 (Э)",,,,Нарушение контакта трос/штепсель,CSH,2024,,,,,,
3,13471605,2024-07-31 17:45:00,Дальневосточная,"Д-ВОСТ, ШЧ-12 (Э)",,,,"Системный блок, сбой программного обеспечения",CSH,2024,,,,,,
2,13471542,2024-07-31 19:36:00,Дальневосточная,"Д-ВОСТ, ШЧ-3 (Э)","13шт ч(к учету 3,55ч)","1шт ч(к учету 0,37ч)",,"Контактная система, подгар контактов",CSH,2024,3.0,"3,55ч",0.0,"0,37ч",,
3,13472493,2024-08-01 13:25:00,Дальневосточная,"Д-ВОСТ, ИЧ Ш САХАЛИН",,,,"Жилы, обрыв",CSH,2024,,,,,,
3,13473619,2024-08-02 08:45:00,Дальневосточная,"Д-ВОСТ, ШЧ-14 (Э)",,,,"Релейный ОК, МПК, неисправность",CSH,2024,,,,,,
3,13474593,2024-08-03 01:00:00,Дальневосточная,"Д-ВОСТ, ШЧ-2 (Э)",,,,"Срабатывание, воздействие тягового тока",CSH,2024,,,,,,
3,13474510,2024-08-03 01:08:00,Дальневосточная,"Д-ВОСТ, ШЧ-7 (Р)",,,,Наличие переходного сопротивления выключателей,CSH,2024,,,,,,
3,13474773,2024-08-03 09:50:00,Дальневосточная,"Д-ВОСТ, ШЧ-14 (Э)",,,,"Срабатывание, воздействие тягового тока",CSH,2024,,,,,,
3,13475152,2024-08-03 17:54:00,Дальневосточная,"Д-ВОСТ, ШЧ-3 (Э)",,,,"Нарушение контакта в штепсельных розетках, неисправность контактных губок",CSH,2024,,,,,,
3,13475800,2024-08-04 09:08:00,Дальневосточная,"Д-ВОСТ, ШЧ-10 (Э)",,,,"Нарушение контакта в разъемах блоков, неисправность контактных губок",CSH,2024,,,,,,
3,13478212,2024-08-04 23:50:00,Дальневосточная,"Д-ВОСТ, ШЧ-8 (Э)",,,,"Срабатывание (перегорание), коммутационные перенапряжения",CSH,2024,,,,,,
2,13477935,2024-08-05 09:58:00,Дальневосточная,"Д-ВОСТ, ШЧ-8 (Э)","1шт ч(к учету 0,47ч)","1шт ч(к учету 0,25ч)",,Потеря контакта,CSH,2024,0.0,"0,47ч",0.0,"0,25ч",,
3,13477949,2024-08-05 13:12:00,Дальневосточная,"Д-ВОСТ, ШЧ-3 (Э)","1шт ч(к учету 0,02ч)",,,"Монтаж, нарушение состояния паек",CSH,2024,0.0,"0,02ч",,,,
2,13477964,2024-08-05 18:43:00,Дальневосточная,"Д-ВОСТ, ШЧ-12 (Э)",,"2шт (к учету 1) ч(к учету 0,45ч)",,Отсутствие,CSH,2024,,,1.0,"0,45ч",,
3,13478094,2024-08-06 00:07:00,Дальневосточная,"Д-ВОСТ, ШЧ-10 (Э)",,,,"Нарушение контакта в разъемах блоков, неисправность контактных губок",CSH,2024,,,,,,
3,13478133,2024-08-06 01:43:00,Дальневосточная,"Д-ВОСТ, ШЧ-3 (Э)","1шт ч(к учету 0,02ч)",,,Асимметрия тягового тока,CSH,2024,0.0,"0,02ч",,,,
3,13478553,2024-08-06 04:24:00,Дальневосточная,"Д-ВОСТ, ШЧ-8 (Э)",,,,"Обрыв, коррозия металла",CSH,2024,,,,,,
2,13478588,2024-08-06 08:54:00,Дальневосточная,"Д-ВОСТ, ШЧ-7 (Р)","4шт ч(к учету 1,22ч)",,,"Кнопки, нарушение регулировки контакта при работе внутри пульта",CSH,2024,1.0,"1,22ч",,,,
2,13478790,2024-08-06 09:59:00,Дальневосточная,"Д-ВОСТ, ШЧ-13 (Э)","1шт ч(к учету 0,55ч)",,,"Срабатывание, атмосферные перенапряжения",CSH,2024,0.0,"0,55ч",,,,
2,13480129,2024-08-06 21:20:00,Дальневосточная,"Д-ВОСТ, ШЧ-2 (Э)","13шт (к учету 12) ч(к учету 7,18ч)","1шт ч(к учету 0,15ч)",,"Срабатывание, воздействие тягового тока",CSH,2024,12.0,"7,18ч",0.0,"0,15ч",,
2,13481361,2024-08-07 03:30:00,Дальневосточная,"Д-ВОСТ, ШЧ-8 (Э)",3шт ч(к учету 1ч),,,"Не срабатывание (не перегорание), атмосферные перенапряжения",CSH,2024,1.0,,,,,
2,13482974,2024-08-08 06:05:00,Дальневосточная,"Д-ВОСТ, ШЧ-3 (Э)","5шт ч(к учету 1,68ч)",,,"Обрыв троса, коррозия металла",CSH,2024,1.0,"1,68ч",,,,
3,13483739,2024-08-08 08:14:00,Дальневосточная,"Д-ВОСТ, ШЧ-9 (Э)",,,,"Внутренний монтаж, обрыв",CSH,2024,,,,,,
3,13483544,2024-08-08 10:20:00,Дальневосточная,"Д-ВОСТ, ШЧ-13 (Э)",,,,Короткое замыкание обмотки,CSH,2024,,,,,,
3,13484227,2024-08-08 12:59:00,Дальневосточная,"Д-ВОСТ, ШЧ-2 (Э)",,,,"Контрольные линейки, ослабление крепления",CSH,2024,,,,,,
1,13484989,2024-08-08 18:46:00,Дальневосточная,"Д-ВОСТ, ШЧ-6 (Э)","4шт ч(к учету 3,3ч)",,,"Срабатывание (перегорание), атмосферные перенапряжения",CSH,2024,3.0,"3,3ч",,,,
2,13484939,2024-08-08 19:00:00,Дальневосточная,"Д-ВОСТ, ШЧ-14 (Э)","1шт ч(к учету 0,7ч)",,,"Срабатывание, коммутационные перенапряжения",CSH,2024,0.0,"0,7ч",,,,
3,13494088,2024-08-08 20:04:00,Дальневосточная,"Д-ВОСТ, ИЧ Ш САХАЛИН",,"1шт ч(к учету 0,03ч)",,Неисправность устройств электроснабжения,CSH,2024,,,0.0,"0,03ч",,
3,13488665,2024-08-09 22:11:00,Дальневосточная,"Д-ВОСТ, ШЧ-7 (Р)",,,,"Внутренний монтаж, обрыв",CSH,2024,,,,,,
2,13487129,2024-08-10 09:38:00,Дальневосточная,"Д-ВОСТ, ШЧ-3 (Э)","2шт ч(к учету 1,08ч)","1шт ч(к учету 0,18ч)",,"Монтаж, потеря контакта болтовых крепления",CSH,2024,1.0,"1,08ч",0.0,"0,18ч",,
3,13487313,2024-08-10 16:10:00,Дальневосточная,"Д-ВОСТ, ШЧ-2 (Э)",,,,Перенапряжения коммутационные,CSH,2024,,,,,,
3,13487501,2024-08-10 20:34:00,Дальневосточная,"Д-ВОСТ, ШЧ-12 (Э)",,,,"Автопереключатель, разрегулировка контактов",CSH,2024,,,,,,
3,13487528,2024-08-10 21:35:00,Дальневосточная,"Д-ВОСТ, ШЧ-10 (Э)",,,,Излом провода под гайкой,CSH,2024,,,,,,
3,13487817,2024-08-11 06:31:00,Дальневосточная,"Д-ВОСТ, ШЧ-8 (Э)",,,,"Внутренний монтаж, обрыв монтажного провода",CSH,2024,,,,,,
3,13487977,2024-08-11 10:53:00,Дальневосточная,"Д-ВОСТ, ШЧ-14 (Э)",,,,"Срабатывание, воздействие тягового тока",CSH,2024,,,,,,
3,13492118,2024-08-11 11:40:00,Дальневосточная,"Д-ВОСТ, ШЧ-14 (Э)",,"1шт ч(к учету 0,08ч)",,Влияние посторонних источников питания,CSH,2024,,,0.0,"0,08ч",,
2,13488859,2024-08-12 08:10:00,Дальневосточная,"Д-ВОСТ, ШЧ-2 (Э)","1шт ч(к учету 0,92ч)",,,"Срабатывание, несоответствие номинала",CSH,2024,0.0,"0,92ч",,,,
3,13488885,2024-08-12 08:37:00,Дальневосточная,"Д-ВОСТ, ШЧ-4 (Р)",,,,Обрыв монтажного провода,CSH,2024,,,,,,
3,13489894,2024-08-12 18:12:00,Дальневосточная,"Д-ВОСТ, ШЧ-6 (Э)",,,,"Обрыв, коррозия металла",CSH,2024,,,,,,
2,13490664,2024-08-13 09:10:00,Дальневосточная,"Д-ВОСТ, ШЧ-13 (Э)","3шт ч(к учету 1,55ч)",,,"Контактная система, увеличенное сопротивление",CSH,2024,1.0,"1,55ч",,,,
2,13491740,2024-08-13 18:46:00,Дальневосточная,"Д-ВОСТ, ШЧ-13 (Э)","1шт ч(к учету 0,6ч)",,,Снижение емкости ниже номинальной,CSH,2024,0.0,"0,6ч",,,,
2,13492235,2024-08-14 07:16:00,Дальневосточная,"Д-ВОСТ, ШЧ-2 (Э)","1шт ч(к учету 0,28ч)",,,Нарушение контакта штепсель/рельс,CSH,2024,0.0,"0,28ч",,,,
3,13493418,2024-08-14 16:00:00,Дальневосточная,"Д-ВОСТ, ШЧ-3 (Э)",,,,"Нарушение контакта в штепсельных розетках, замятие контакта",CSH,2024,,,,,,
2,13493748,2024-08-15 00:10:00,Дальневосточная,"Д-ВОСТ, ШЧ-14 (Э)","3шт ч(к учету 0,88ч)",,,"Срабатывание, несоответствие номинала",CSH,2024,0.0,"0,88ч",,,,
3,13495512,2024-08-15 00:22:00,Дальневосточная,"Д-ВОСТ, ИЧ Ш САХАЛИН","1шт ч(к учету 0,05ч)",,,"Лампы, перегорание основной нити",CSH,2024,0.0,"0,05ч",,,,
2,13493990,2024-08-15 04:45:00,Дальневосточная,"Д-ВОСТ, ШЧ-10 (Э)","5шт ч(к учету 2,03ч)",,,Повреждение,CSH,2024,2.0,"2,03ч",,,,
3,13494441,2024-08-15 09:30:00,Дальневосточная,"Д-ВОСТ, ШЧ-8 (Э)",,,,"Срабатывание (перегорание), несоответствие номинала",CSH,2024,,,,,,
2,13495283,2024-08-15 16:13:00,Дальневосточная,"Д-ВОСТ, ШЧ-13 (Э)","2шт (к учету 1) ч(к учету 1,37ч)",,,"Автопереключатель, разрегулировка контактов",CSH,2024,1.0,"1,37ч",,,,
2,13495585,2024-08-16 08:02:00,Дальневосточная,"Д-ВОСТ, ШЧ-14 (Э)","2шт ч(к учету 0,45ч)",,,"Нарушение контакта в разъемах блоков, замятие контакта",CSH,2024,0.0,"0,45ч",,,,
2,13498455,2024-08-16 21:10:00,Дальневосточная,"Д-ВОСТ, ШЧ-2 (Э)","4шт ч(к учету 1,68ч)",,,"Срабатывание, воздействие тягового тока",CSH,2024,1.0,"1,68ч",,,,
2,13496542,2024-08-17 06:20:00,Дальневосточная,"Д-ВОСТ, ШЧ-14 (Э)",,,"1шт ч(к учету 0,17)ч","Срабатывание, воздействие тягового тока",CSH,2024,,,,,0.0,
3,13496748,2024-08-17 11:47:00,Дальневосточная,"Д-ВОСТ, ШЧ-14 (Э)",,,,"Лампы, перегорание основной нити",CSH,2024,,,,,,
1,13497102,2024-08-17 21:00:00,Дальневосточная,"Д-ВОСТ, ШЧ-4 (Р)","12шт (к учету 11) ч(к учету 8,25ч)",,,Механическое повреждение,CSH,2024,11.0,"8,25ч",,,,
3,13497110,2024-08-17 22:15:00,Дальневосточная,"Д-ВОСТ, ШЧ-14 (Э)",,,,Обрыв монтажного провода,CSH,2024,,,,,,
2,13500705,2024-08-18 08:33:00,Дальневосточная,"Д-ВОСТ, ШЧ-14 (Э)",,,"1шт ч(к учету 0,18)ч",Неисправность выключателей,CSH,2024,,,,,0.0,
3,13497545,2024-08-18 09:15:00,Дальневосточная,"Д-ВОСТ, ШЧ-14 (Э)",,,,"Кнопки, окисление контактов",CSH,2024,,,,,,
3,13498359,2024-08-19 07:54:00,Дальневосточная,"Д-ВОСТ, ШЧ-14 (Э)",,,,"Нарушение контакта в разъемах блоков, неисправность контактных губок",CSH,2024,,,,,,
2,13498451,2024-08-19 09:07:00,Дальневосточная,"Д-ВОСТ, ШЧ-4 (Р)","2шт ч(к учету 0,73ч)",,,"Жилы, обрыв",CSH,2024,0.0,"0,73ч",,,,
3,13498530,2024-08-19 10:12:00,Дальневосточная,"Д-ВОСТ, ИЧ Ш САХАЛИН",,,,"Кнопки, излом контакта",CSH,2024,,,,,,
3,13500043,2024-08-20 11:57:00,Дальневосточная,"Д-ВОСТ, ШЧ-10 (Э)",,,,"Обрыв, при путевых работах",CSH,2024,,,,,,
2,13500131,2024-08-20 12:59:00,Дальневосточная,"Д-ВОСТ, ШЧ-8 (Э)",,"1шт ч(к учету 0,32ч)",,Отключение внешнего электроснабжения,CSH,2024,,,0.0,"0,32ч",,
2,13500544,2024-08-20 16:43:00,Дальневосточная,"Д-ВОСТ, ШЧ-9 (Э)","1шт ч(к учету 0,43ч)",,,Нарушение контакта штепсель/рельс,CSH,2024,0.0,"0,43ч",,,,
2,13500878,2024-08-21 05:40:00,Дальневосточная,"Д-ВОСТ, ШЧ-14 (Э)","1шт ч(к учету 0,33ч)",,,Сбой АЛС с задержкой поезда,CSH,2024,0.0,"0,33ч",,,,
2,13501944,2024-08-21 18:39:00,Дальневосточная,"Д-ВОСТ, ШЧ-14 (Э)","1шт ч(к учету 0,47ч)","1шт ч(к учету 0,13ч)","1шт ч(к учету 0,13)ч","Жилы, внутренний обрыв",CSH,2024,0.0,"0,47ч",0.0,"0,13ч",0.0,
3,13504981,2024-08-22 15:02:00,Дальневосточная,"Д-ВОСТ, ШЧ-3 (Э)",,,,"Нарушение контакта в штепсельных розетках, неисправность контактных губок",CSH,2024,,,,,,
3,13504402,2024-08-23 13:00:00,Дальневосточная,"Д-ВОСТ, ШЧ-14 (Э)",,,,"Предохранитель FEU, неисправность",CSH,2024,,,,,,
3,13504729,2024-08-24 06:24:00,Дальневосточная,"Д-ВОСТ, ШЧ-14 (Э)",,,,"Обрыв, коррозия металла",CSH,2024,,,,,,
2,13505576,2024-08-25 05:27:00,Дальневосточная,"Д-ВОСТ, ШЧ-8 (Э)","5шт ч(к учету 3,28ч)","2шт ч(к учету 0,98ч)",,"Монтаж, нарушение изоляции",CSH,2024,3.0,"3,28ч",0.0,"0,98ч",,
2,13506201,2024-08-25 22:09:00,Дальневосточная,"Д-ВОСТ, ШЧ-4 (Р)","15шт ч(к учету 7,12ч)","3шт ч(к учету 0,62ч)","2шт ч(к учету 1,13)ч",Неисправность,CSH,2024,7.0,"7,12ч",0.0,"0,62ч",1.0,
1,13506456,2024-08-26 04:14:00,Дальневосточная,"Д-ВОСТ, ШЧ-14 (Э)","1шт ч(к учету 1,27ч)",,,"Срабатывание, несоответствие номинала",CSH,2024,1.0,"1,27ч",,,,
2,13506820,2024-08-26 07:04:00,Дальневосточная,"Д-ВОСТ, ШЧ-12 (Э)","1шт ч(к учету 0,33ч)",,,"Срабатывание (перегорание), атмосферные перенапряжения",CSH,2024,0.0,"0,33ч",,,,
1,13507060,2024-08-26 13:42:00,Дальневосточная,"Д-ВОСТ, ШЧ-3 (Э)","4шт ч(к учету 2,03ч)","2шт ч(к учету 0,4ч)",,"Срабатывание, несоответствие номинала",CSH,2024,2.0,"2,03ч",0.0,"0,4ч",,
2,13507532,2024-08-27 02:14:00,Дальневосточная,"Д-ВОСТ, ШЧ-3 (Э)","9шт ч(к учету 1,77ч)",,,Излом провода под гайкой,CSH,2024,1.0,"1,77ч",,,,
3,13507796,2024-08-27 08:38:00,Дальневосточная,"Д-ВОСТ, ШЧ-14 (Э)",,,,Неисправность болометра,CSH,2024,,,,,,
2,13508517,2024-08-27 14:18:00,Дальневосточная,"Д-ВОСТ, ШЧ-6 (Э)","3шт ч(к учету 0,98ч)",,,Неисправность,CSH,2024,0.0,"0,98ч",,,,
3,13511599,2024-08-28 00:40:00,Дальневосточная,"Д-ВОСТ, ШЧ-14 (Э)",,,,Отсутствие,CSH,2024,,,,,,
3,13510329,2024-08-28 13:51:00,Дальневосточная,"Д-ВОСТ, ШЧ-7 (Р)",,,,"Резистор, обрыв",CSH,2024,,,,,,
2,13509956,2024-08-28 17:34:00,Дальневосточная,"Д-ВОСТ, ШЧ-10 (Э)","1шт ч(к учету 0,27ч)",,,"Срабатывание, коммутационные перенапряжения",CSH,2024,0.0,"0,27ч",,,,
1,13510562,2024-08-29 11:25:00,Дальневосточная,"Д-ВОСТ, ШЧ-14 (Э)","3шт ч(к учету 1,53ч)","2шт ч(к учету 0,32ч)",,"Срабатывание, несоответствие номинала",CSH,2024,1.0,"1,53ч",0.0,"0,32ч",,
2,13511394,2024-08-30 04:38:00,Дальневосточная,"Д-ВОСТ, ШЧ-9 (Э)","3шт ч(к учету 0,75ч)",,,Излом провода под гайкой,CSH,2024,0.0,"0,75ч",,,,
3,13513668,2024-08-31 00:14:00,Дальневосточная,"Д-ВОСТ, ИЧ Ш САХАЛИН",,,,"Контактная система, подгар контактов",CSH,2024,,,,,,
1,13512424,2024-08-31 03:17:00,Дальневосточная,"Д-ВОСТ, ШЧ-3 (Э)","9шт ч(к учету 4,55ч)",,,"Срабатывание, коммутационные перенапряжения",CSH,2024,4.0,"4,55ч",,,,
3,13514126,2024-08-31 11:14:00,Дальневосточная,"Д-ВОСТ, ШЧ-12 (Э)",,,,Зависание ПО,CSH,2024,,,,,,
2,13512950,2024-08-31 22:00:00,Дальневосточная,"Д-ВОСТ, ШЧ-14 (Э)","1шт ч(к учету 0,37ч)",,,Деформация,CSH,2024,0.0,"0,37ч",,,,
2,13513386,2024-09-01 13:06:00,Дальневосточная,"Д-ВОСТ, ШЧ-7 (Р)","1шт ч(к учету 0,53ч)",,,"Лампы, перегорание основной нити",CSH,2024,0.0,"0,53ч",,,,
3,13513856,2024-09-01 13:30:00,Дальневосточная,"Д-ВОСТ, ШЧ-7 (Р)",,,,"Резистор, обрыв",CSH,2024,,,,,,
3,13513901,2024-09-02 07:20:00,Дальневосточная,"Д-ВОСТ, ШЧ-14 (Э)",,,,"Диод, пробой",CSH,2024,,,,,,
3,13514154,2024-09-02 10:30:00,Дальневосточная,"Д-ВОСТ, ШЧ-8 (Э)",,,,"Срабатывание, воздействие тягового тока",CSH,2024,,,,,,
3,13515158,2024-09-03 03:20:00,Дальневосточная,"Д-ВОСТ, ШЧ-3 (Э)",,,,Неисправность петель связи,CSH,2024,,,,,,
3,13515164,2024-09-03 04:08:00,Дальневосточная,"Д-ВОСТ, ШЧ-14 (Э)",,,,"Лампы, перегорание основной нити",CSH,2024,,,,,,
1,13516126,2024-09-03 11:28:00,Дальневосточная,"Д-ВОСТ, ШЧ-14 (Э)","3шт ч(к учету 2,32ч)",,,"Срабатывание, воздействие тягового тока",CSH,2024,2.0,"2,32ч",,,,
3,13516721,2024-09-03 14:45:00,Дальневосточная,"Д-ВОСТ, ШЧ-14 (Э)",,,,Касание закруток,CSH,2024,,,,,,
3,13519156,2024-09-04 15:00:00,Дальневосточная,"Д-ВОСТ, ШЧ-12 (Э)",,,,Просадка напряжения на питающей линии,CSH,2024,,,,,,
3,13520826,2024-09-04 15:28:00,Дальневосточная,"Д-ВОСТ, ШЧ-12 (Э)",,,,Излом штепселя,CSH,2024,,,,,,
3,13519461,2024-09-04 16:30:00,Дальневосточная,"Д-ВОСТ, ШЧ-12 (Э)",,,,Излом штепселя,CSH,2024,,,,,,
2,13519742,2024-09-04 22:42:00,Дальневосточная,"Д-ВОСТ, ШЧ-14 (Э)","1шт ч(к учету 0,52ч)",,,"Стрелочный ОК, МОТ1, неисправность",CSH,2024,0.0,"0,52ч",,,,
2,13519829,2024-09-05 00:50:00,Дальневосточная,"Д-ВОСТ, ШЧ-14 (Э)","2шт ч(к учету 0,63ч)",,,"Светодиоды, неисправность",CSH,2024,0.0,"0,63ч",,,,
2,13523230,2024-09-06 06:15:00,Дальневосточная,"Д-ВОСТ, ШЧ-14 (Э)","2шт ч(к учету 1,1ч)",,,Обрыв обмотки блока фазного,CSH,2024,1.0,"1,1ч",,,,
2,13522698,2024-09-06 07:54:00,Дальневосточная,"Д-ВОСТ, ШЧ-2 (Э)",,"3шт (к учету 2) ч(к учету 0,62ч)",,"Срабатывание, коммутационные перенапряжения",CSH,2024,,,2.0,"0,62ч",,
2,13522942,2024-09-06 09:43:00,Дальневосточная,"Д-ВОСТ, ШЧ-4 (Р)",,"1шт ч(к учету 0,4ч)","1шт ч(к учету 0,22)ч","Контактная система, увеличенное сопротивление",CSH,2024,,,0.0,"0,4ч",0.0,
2,13523849,2024-09-06 14:44:00,Дальневосточная,"Д-ВОСТ, ШЧ-3 (Э)","11шт (к учету 8) ч(к учету 4,22ч)",,,"Срабатывание, несоответствие номинала",CSH,2024,8.0,"4,22ч",,,,
3,13525477,2024-09-07 01:45:00,Дальневосточная,"Д-ВОСТ, ШЧ-12 (Э)",,,,"Срабатывание, несоответствие номинала",CSH,2024,,,,,,
3,13526606,2024-09-07 03:45:00,Дальневосточная,"Д-ВОСТ, ШЧ-3 (Э)",,,,Закорачивание РЦ касание тросов рельса,CSH,2024,,,,,,
1,13524752,2024-09-07 08:14:00,Дальневосточная,"Д-ВОСТ, ШЧ-14 (Э)","1шт ч(к учету 1,07ч)",,,Деформация,CSH,2024,1.0,"1,07ч",,,,
3,13529902,2024-09-08 07:15:00,Дальневосточная,"Д-ВОСТ, ШЧ-12 (Э)",,,,"Конденсатор, снижение емкости конденсатора",CSH,2024,,,,,,
3,13525804,2024-09-08 15:00:00,Дальневосточная,"Д-ВОСТ, ШЧ-14 (Э)",,,,Нарушение контакта наконечник/вывод ДТ,CSH,2024,,,,,,
2,13525893,2024-09-08 21:50:00,Дальневосточная,"Д-ВОСТ, ШЧ-12 (Э)","4шт ч(к учету 1,08ч)",,,"Срабатывание (перегорание), атмосферные перенапряжения",CSH,2024,1.0,"1,08ч",,,,
2,13526412,2024-09-09 07:44:00,Дальневосточная,"Д-ВОСТ, ШЧ-2 (Э)","1шт ч(к учету 0,35ч)","1шт ч(к учету 0,15ч)",,"Нарушение контакта в штепсельных розетках, неисправность контактных губок",CSH,2024,0.0,"0,35ч",0.0,"0,15ч",,
2,13528770,2024-09-10 08:04:00,Дальневосточная,"Д-ВОСТ, ШЧ-6 (Э)","1шт ч(к учету 0,35ч)",,,"Контактная система, увеличенное сопротивление контакта",CSH,2024,0.0,"0,35ч",,,,
1,13530536,2024-09-10 15:35:00,Дальневосточная,"Д-ВОСТ, ШЧ-8 (Э)","9шт ч(к учету 8,45ч)",,,Обрыв монтажного провода,CSH,2024,8.0,"8,45ч",,,,
2,13531471,2024-09-11 10:04:00,Дальневосточная,"Д-ВОСТ, ШЧ-14 (Э)","1шт ч(к учету 0,52ч)","1шт ч(к учету 0,18ч)",,"Нарушение контакта в разъемах блоков, неисправность контактных губок",CSH,2024,0.0,"0,52ч",0.0,"0,18ч",,
3,13531532,2024-09-11 10:25:00,Дальневосточная,"Д-ВОСТ, ШЧ-13 (Э)",,,,Нарушение количества охлаждающей жидкости,CSH,2024,,,,,,
2,13534912,2024-09-12 16:44:00,Дальневосточная,"Д-ВОСТ, ШЧ-2 (Э)",,"1шт ч(к учету 0,1ч)",,"Диод, обрыв",CSH,2024,,,0.0,"0,1ч",,
3,13535185,2024-09-12 21:27:00,Дальневосточная,"Д-ВОСТ, ШЧ-9 (Э)",,,,"Внутренний монтаж, неисправность микросхемы",CSH,2024,,,,,,
3,13537200,2024-09-13 23:30:00,Дальневосточная,"Д-ВОСТ, ШЧ-2 (Э)",,,,"Срабатывание, атмосферные перенапряжения",CSH,2024,,,,,,
2,13537204,2024-09-14 03:42:00,Дальневосточная,"Д-ВОСТ, ШЧ-2 (Э)","4шт ч(к учету 1,02ч)",,,"Короткое замыкание, металлической стружкой, проволокой в стыке",CSH,2024,1.0,"1,02ч",,,,
2,13538210,2024-09-15 08:19:00,Дальневосточная,"Д-ВОСТ, ШЧ-8 (Э)","4шт ч(к учету 2,48ч)",,,Отсутствие,CSH,2024,2.0,"2,48ч",,,,
2,13538443,2024-09-15 14:49:00,Дальневосточная,"Д-ВОСТ, ШЧ-2 (Э)","8шт ч(к учету 2,5ч)",,,Потеря контакта в соединениях датчика,CSH,2024,2.0,"2,5ч",,,,
2,13538573,2024-09-15 17:35:00,Дальневосточная,"Д-ВОСТ, ШЧ-2 (Э)","11шт (к учету 8) ч(к учету 3,75ч)",,,"Срабатывание, воздействие тягового тока",CSH,2024,8.0,"3,75ч",,,,
2,13545671,2024-09-16 21:43:00,Дальневосточная,"Д-ВОСТ, ШЧ-3 (Э)","7шт ч(к учету 2,98ч)",,,Потеря контакта на посту,CSH,2024,2.0,"2,98ч",,,,
2,13540321,2024-09-17 04:28:00,Дальневосточная,"Д-ВОСТ, ШЧ-2 (Э)","6шт (к учету 5) ч(к учету 1,77ч)","1шт ч(к учету 0,15ч)",,"Срабатывание, коммутационные перенапряжения",CSH,2024,5.0,"1,77ч",0.0,"0,15ч",,
2,13542062,2024-09-18 03:23:00,Дальневосточная,"Д-ВОСТ, ШЧ-2 (Э)","3шт ч(к учету 0,55ч)",,,"Срабатывание, воздействие тягового тока",CSH,2024,0.0,"0,55ч",,,,
3,13542897,2024-09-18 11:58:00,Дальневосточная,"Д-ВОСТ, ШЧ-7 (Р)","2шт ч(к учету 0,13ч)",,,"Срабатывание (перегорание), воздействие тягового тока",CSH,2024,0.0,"0,13ч",,,,
3,13543020,2024-09-18 12:06:00,Дальневосточная,"Д-ВОСТ, ШЧ-14 (Э)",,,,"Срабатывание (перегорание), несоответствие номинала",CSH,2024,,,,,,
2,13545634,2024-09-20 07:00:00,Дальневосточная,"Д-ВОСТ, ШЧ-3 (Э)","1шт ч(к учету 0,65ч)",,,"Жилы, внутренний обрыв",CSH,2024,0.0,"0,65ч",,,,
3,13546418,2024-09-20 20:05:00,Дальневосточная,"Д-ВОСТ, ШЧ-2 (Э)",,,,"Обрыв троса, при путевых работах",CSH,2024,,,,,,
3,13549970,2024-09-20 23:54:00,Дальневосточная,"Д-ВОСТ, ШЧ-13 (Э)",,,,"Фрикционное сцепление, нарушение регулировки усилия перевода",CSH,2024,,,,,,
3,13546815,2024-09-21 06:30:00,Дальневосточная,"Д-ВОСТ, ШЧ-14 (Э)",,,,Отсутствие,CSH,2024,,,,,,
2,13547193,2024-09-21 16:16:00,Дальневосточная,"Д-ВОСТ, ШЧ-9 (Э)","1шт ч(к учету 0,3ч)",,,"Ламподержатель, нарушение контакта",CSH,2024,0.0,"0,3ч",,,,
3,13547882,2024-09-22 11:03:00,Дальневосточная,"Д-ВОСТ, ШЧ-14 (Э)",,,,"Срабатывание, нарушение контакта штепсельного разъема, нарушение контакта",CSH,2024,,,,,,
3,13552863,2024-09-22 20:37:00,Дальневосточная,"Д-ВОСТ, ШЧ-2 (Э)",,,,Нарушение контакта штепсель/рельс,CSH,2024,,,,,,
3,13557653,2024-09-24 06:18:00,Дальневосточная,"Д-ВОСТ, ШЧ-8 (Э)","1шт ч(к учету 0,18ч)",,,"Контактная система, подгар контактов",CSH,2024,0.0,"0,18ч",,,,
3,13550314,2024-09-24 07:36:00,Дальневосточная,"Д-ВОСТ, ШЧ-6 (Э)",,,,Нарушение регулировочного режима,CSH,2024,,,,,,
3,13551050,2024-09-24 19:40:00,Дальневосточная,"Д-ВОСТ, ШЧ-8 (Э)",,,,"Обрыв, некачественная приварка к рельсу",CSH,2024,,,,,,
3,13551885,2024-09-25 10:46:00,Дальневосточная,"Д-ВОСТ, ШЧ-13 (Э)",,,,"Неисправность питания: ВИП 150/24, ВИП 2000/220, автоматический выключатель (крейт), прима",CSH,2024,,,,,,
3,13552457,2024-09-25 13:53:00,Дальневосточная,"Д-ВОСТ, ШЧ-10 (Э)",,,,"Нарушение контакта в клеммных колодках (резьб), плохой контакт",CSH,2024,,,,,,
3,13552861,2024-09-26 03:09:00,Дальневосточная,"Д-ВОСТ, ШЧ-14 (Э)",,,,Зависание ПО,CSH,2024,,,,,,
3,13553357,2024-09-26 09:23:00,Дальневосточная,"Д-ВОСТ, ШЧ-14 (Э)",,,,Ослабление затяжки болтов,CSH,2024,,,,,,
2,13553613,2024-09-26 12:50:00,Дальневосточная,"Д-ВОСТ, ШЧ-10 (Э)","1шт ч(к учету 0,72ч)",,,Обрыв перемычки,CSH,2024,0.0,"0,72ч",,,,
3,13557447,2024-09-27 03:00:00,Дальневосточная,"Д-ВОСТ, ШЧ-8 (Э)","2шт ч(к учету 0,32ч)",,,"Контакторы, несоответствие напряжения сети напряжению на втягивающей катушке",CSH,2024,0.0,"0,32ч",,,,
1,13555756,2024-09-28 02:15:00,Дальневосточная,"Д-ВОСТ, ШЧ-13 (Э)","2шт ч(к учету 5,3ч)",,,Зависание ПО,CSH,2024,5.0,"5,3ч",,,,
3,13555852,2024-09-28 06:23:00,Дальневосточная,"Д-ВОСТ, ШЧ-3 (Э)",,,,"Нарушение контакта в штепсельных розетках, неисправность контактных губок",CSH,2024,,,,,,
3,13556072,2024-09-28 13:00:00,Дальневосточная,"Д-ВОСТ, ШЧ-10 (Э)",,,,Обрыв монтажного провода,CSH,2024,,,,,,
1,13556560,2024-09-29 04:43:00,Дальневосточная,"Д-ВОСТ, ШЧ-13 (Э)","25шт (к учету 18) ч(к учету 14,25ч)",,,Неисправность модуля управления МУ,CSH,2024,18.0,"14,25ч",,,,
3,13560934,2024-09-29 14:24:00,Дальневосточная,"Д-ВОСТ, ШЧ-8 (Э)",,,,Неисправность,CSH,2024,,,,,,
2,13557137,2024-09-29 20:20:00,Дальневосточная,"Д-ВОСТ, ШЧ-14 (Э)","2шт ч(к учету 0,97ч)",,,"Срабатывание, несоответствие номинала",CSH,2024,0.0,"0,97ч",,,,
2,13558983,2024-10-01 08:47:00,Дальневосточная,"Д-ВОСТ, ШЧ-2 (Э)","2шт ч(к учету 0,53ч)",,,"Срабатывание, воздействие тягового тока",CSH,2024,0.0,"0,53ч",,,,
3,13559067,2024-10-01 08:50:00,Дальневосточная,"Д-ВОСТ, ШЧ-10 (Э)",,,,Ослабление затяжки болтов,CSH,2024,,,,,,
2,13559370,2024-10-01 11:40:00,Дальневосточная,"Д-ВОСТ, ШЧ-2 (Э)","3шт ч(к учету 0,63ч)",,,"Контактная система, увеличенное сопротивление контакта",CSH,2024,0.0,"0,63ч",,,,
2,13560518,2024-10-02 02:18:00,Дальневосточная,"Д-ВОСТ, ШЧ-6 (Э)","11шт ч(к учету 4,35ч)",,,"Автопереключатель, разрегулировка контактов",CSH,2024,4.0,"4,35ч",,,,
2,13565200,2024-10-04 07:35:00,Дальневосточная,"Д-ВОСТ, ШЧ-2 (Э)","1шт ч(к учету 0,6ч)",,,"Срабатывание, воздействие тягового тока",CSH,2024,0.0,"0,6ч",,,,
3,13569250,2024-10-06 00:30:00,Дальневосточная,"Д-ВОСТ, ШЧ-10 (Э)",,,,"Светодиоды, неисправность",CSH,2024,,,,,,
3,13569266,2024-10-06 05:10:00,Дальневосточная,"Д-ВОСТ, ШЧ-10 (Э)",,,,"Контактная система, потеря контакта",CSH,2024,,,,,,
3,13568373,2024-10-06 23:20:00,Дальневосточная,"Д-ВОСТ, ШЧ-10 (Э)",,,,"Ключ-жезл в т.ч. с электрозащелкой, переходное сопротивление в контактах",CSH,2024,,,,,,
2,13572748,2024-10-07 10:57:00,Дальневосточная,"Д-ВОСТ, ШЧ-7 (Р)","4шт ч(к учету 2,58ч)",,,"Конденсатор, обрыв конденсатора",CSH,2024,2.0,"2,58ч",,,,
2,13570344,2024-10-08 01:52:00,Дальневосточная,"Д-ВОСТ, ШЧ-3 (Э)","2шт ч(к учету 0,52ч)",,,"Нарушение контакта в разъемах блоков, неисправность контактных губок",CSH,2024,0.0,"0,52ч",,,,
2,13570359,2024-10-08 02:41:00,Дальневосточная,"Д-ВОСТ, ШЧ-13 (Э)","2шт ч(к учету 0,68ч)",,,"Изоляция, понижение сопротивления",CSH,2024,0.0,"0,68ч",,,,
2,13570549,2024-10-08 06:19:00,Дальневосточная,"Д-ВОСТ, ШЧ-14 (Э)",,"1шт ч(к учету 0,18ч)",,Неисправность,CSH,2024,,,0.0,"0,18ч",,
2,13571387,2024-10-08 08:02:00,Дальневосточная,"Д-ВОСТ, ШЧ-9 (Э)","1шт ч(к учету 0,33ч)",,,"Жилы, внутренний обрыв",CSH,2024,0.0,"0,33ч",,,,
3,13574880,2024-10-09 19:18:00,Дальневосточная,"Д-ВОСТ, ШЧ-14 (Э)",,,,"Диод, пробой",CSH,2024,,,,,,
3,13575046,2024-10-10 05:45:00,Дальневосточная,"Д-ВОСТ, ШЧ-3 (Э)",,,,"Нарушение контакта в разъемах блоков, неисправность контактных губок",CSH,2024,,,,,,
2,13576978,2024-10-11 00:13:00,Дальневосточная,"Д-ВОСТ, ШЧ-2 (Э)","2шт ч(к учету 0,5ч)",,,Нарушение контакта штепсель/рельс,CSH,2024,0.0,"0,5ч",,,,
3,13578622,2024-10-11 20:25:00,Дальневосточная,"Д-ВОСТ, ШЧ-9 (Э)",,,,"Стрелочный ОК, программное обеспечение, сбой",CSH,2024,,,,,,
2,13579799,2024-10-13 02:33:00,Дальневосточная,"Д-ВОСТ, ШЧ-6 (Э)","4шт ч(к учету 1,52ч)",,,"Автопереключатель, разрегулировка контактов",CSH,2024,1.0,"1,52ч",,,,
3,13579558,2024-10-13 11:57:00,Дальневосточная,"Д-ВОСТ, ШЧ-13 (Э)",,,,Снижение емкости ниже номинальной,CSH,2024,,,,,,
3,13580334,2024-10-13 16:05:00,Дальневосточная,"Д-ВОСТ, ШЧ-14 (Э)",,,,"Диод, пробой",CSH,2024,,,,,,
3,13581585,2024-10-14 14:02:00,Дальневосточная,"Д-ВОСТ, ШЧ-14 (Э)",,,,Неисправность напольной камеры,CSH,2024,,,,,,
1,13581714,2024-10-14 14:30:00,Дальневосточная,"Д-ВОСТ, ШЧ-10 (Э)","4шт ч(к учету 2,73ч)",,,Нарушение контакта штепсель/рельс,CSH,2024,2.0,"2,73ч",,,,
3,13581976,2024-10-14 17:46:00,Дальневосточная,"Д-ВОСТ, ШЧ-12 (Э)",,,,"Срабатывание, атмосферные перенапряжения",CSH,2024,,,,,,
1,13582687,2024-10-15 08:20:00,Дальневосточная,"Д-ВОСТ, ШЧ-14 (Э)","1шт ч(к учету 2,33ч)",,,"Обмотка, обрыв",CSH,2024,2.0,"2,33ч",,,,
3,13584260,2024-10-16 04:40:00,Дальневосточная,"Д-ВОСТ, ШЧ-14 (Э)",,,,"Конденсатор, снижение емкости конденсатора",CSH,2024,,,,,,
2,13584692,2024-10-16 11:03:00,Дальневосточная,"Д-ВОСТ, ШЧ-4 (Р)","2шт (к учету 1) ч(к учету 0,63ч)",,,"Контактная система, увеличенное сопротивление контакта",CSH,2024,1.0,"0,63ч",,,,
3,13584932,2024-10-16 13:40:00,Дальневосточная,"Д-ВОСТ, ШЧ-3 (Э)",,,,Нарушение контакта наконечник/вывод ДТ,CSH,2024,,,,,,
3,13585212,2024-10-16 18:11:00,Дальневосточная,"Д-ВОСТ, ИЧ Ш САХАЛИН",,,,Короткое замыкание пластин,CSH,2024,,,,,,
2,13585479,2024-10-17 02:34:00,Дальневосточная,"Д-ВОСТ, ШЧ-14 (Э)","2шт ч(к учету 1,12ч)",,,Неисправность устройства сопряжения с объектами,CSH,2024,1.0,"1,12ч",,,,
3,13586046,2024-10-17 08:38:00,Дальневосточная,"Д-ВОСТ, ШЧ-3 (Э)",,,,"Жилы, обрыв",CSH,2024,,,,,,
2,13586210,2024-10-17 12:07:00,Дальневосточная,"Д-ВОСТ, ШЧ-8 (Э)","1шт ч(к учету 0,32ч)","1шт ч(к учету 0,1ч)","1шт ч(к учету 0,28)ч",Плата,CSH,2024,0.0,"0,32ч",0.0,"0,1ч",0.0,
2,13587032,2024-10-18 06:08:00,Дальневосточная,"Д-ВОСТ, ШЧ-14 (Э)","9шт (к учету 7) ч(к учету 4,88ч)",,,Механические повреждения посторонними лицами,CSH,2024,7.0,"4,88ч",,,,
3,13587715,2024-10-18 14:07:00,Дальневосточная,"Д-ВОСТ, ШЧ-2 (Э)",,,,Сбой АЛС с задержкой поезда,CSH,2024,,,,,,
3,13588287,2024-10-19 03:01:00,Дальневосточная,"Д-ВОСТ, ШЧ-3 (Э)",,,,Нарушение контакта штепсель/рельс,CSH,2024,,,,,,
3,13588355,2024-10-19 05:56:00,Дальневосточная,"Д-ВОСТ, ШЧ-4 (Р)",,,,"Внутренний монтаж, короткое замыкание",CSH,2024,,,,,,
3,13588648,2024-10-19 10:38:00,Дальневосточная,"Д-ВОСТ, ШЧ-14 (Э)",,,,Обрыв,CSH,2024,,,,,,
3,13588647,2024-10-19 11:31:00,Дальневосточная,"Д-ВОСТ, ШЧ-14 (Э)",,,,"Жилы, обрыв",CSH,2024,,,,,,
2,13588804,2024-10-19 15:59:00,Дальневосточная,"Д-ВОСТ, ШЧ-12 (Э)","1шт ч(к учету 0,6ч)","1шт ч(к учету 0,13ч)",,"Срабатывание, воздействие тягового тока",CSH,2024,0.0,"0,6ч",0.0,"0,13ч",,
3,13589884,2024-10-21 02:03:00,Дальневосточная,"Д-ВОСТ, ШЧ-2 (Э)",,,,"Лампы, перегорание основной нити",CSH,2024,,,,,,
3,13598540,2024-10-21 04:00:00,Дальневосточная,"Д-ВОСТ, ШЧ-3 (Э)","1шт ч(к учету 0,05ч)",,,Сбой АЛС с задержкой поезда,CSH,2024,0.0,"0,05ч",,,,
2,13590045,2024-10-21 07:05:00,Дальневосточная,"Д-ВОСТ, ШЧ-2 (Э)","7шт ч(к учету 2,43ч)",,,"Нарушение контакта в штепсельных розетках, неисправность контактных губок",CSH,2024,2.0,"2,43ч",,,,
3,13590929,2024-10-21 22:07:00,Дальневосточная,"Д-ВОСТ, ШЧ-2 (Э)",,,,"Лампы, перегорание основной нити",CSH,2024,,,,,,
3,13592166,2024-10-22 18:20:00,Дальневосточная,"Д-ВОСТ, ШЧ-14 (Э)",,,,"Контактная система, потеря контакта",CSH,2024,,,,,,
3,13593246,2024-10-23 13:35:00,Дальневосточная,"Д-ВОСТ, ШЧ-3 (Э)",,,,Нарушение изоляции,CSH,2024,,,,,,
3,13594945,2024-10-25 06:00:00,Дальневосточная,"Д-ВОСТ, ШЧ-14 (Э)",,,,Нарушение контакта штепсель/рельс,CSH,2024,,,,,,
3,13595197,2024-10-25 09:56:00,Дальневосточная,"Д-ВОСТ, ШЧ-2 (Э)",,,,Сбой АЛС с задержкой поезда,CSH,2024,,,,,,
2,13595405,2024-10-25 13:17:00,Дальневосточная,"Д-ВОСТ, ШЧ-14 (Э)","2шт ч(к учету 1,27ч)","2шт (к учету 1) ч(к учету 0,33ч)",,Закорачивание РЦ касание тросов рельса,CSH,2024,1.0,"1,27ч",1.0,"0,33ч",,
2,13596283,2024-10-26 12:10:00,Дальневосточная,"Д-ВОСТ, ШЧ-8 (Э)","8шт ч(к учету 2,13ч)",,"2шт ч(к учету 0,45)ч",Сообщение,CSH,2024,2.0,"2,13ч",,,0.0,
3,13596437,2024-10-26 23:51:00,Дальневосточная,"Д-ВОСТ, ШЧ-12 (Э)",,,,"Срабатывание, коммутационные перенапряжения",CSH,2024,,,,,,
2,13596594,2024-10-27 04:05:00,Дальневосточная,"Д-ВОСТ, ШЧ-3 (Э)","19шт (к учету 18) ч(к учету 7,12ч)","2шт (к учету 1) ч(к учету 0,3ч)",,"Жилы, внутренний обрыв",CSH,2024,18.0,"7,12ч",1.0,"0,3ч",,
3,13596627,2024-10-27 08:31:00,Дальневосточная,"Д-ВОСТ, ШЧ-14 (Э)",,,,"Модем связи, неисправность",CSH,2024,,,,,,
1,13596301,2024-10-27 16:26:00,Дальневосточная,"Д-ВОСТ, ШЧ-13 (Э)","3шт ч(к учету 2,83ч)",,,Неисправность приёмника,CSH,2024,2.0,"2,83ч",,,,
3,13597131,2024-10-27 19:00:00,Дальневосточная,"Д-ВОСТ, ШЧ-2 (Э)",,,,"Изоляция, понижение сопротивления",CSH,2024,,,,,,
3,13597032,2024-10-27 19:10:00,Дальневосточная,"Д-ВОСТ, ШЧ-9 (Э)",,,,Нарушение контакта штепсель/рельс,CSH,2024,,,,,,
1,13597098,2024-10-27 22:05:00,Дальневосточная,"Д-ВОСТ, ШЧ-14 (Э)","4шт ч(к учету 7,77ч)","1шт ч(к учету 0,1ч)",,"Срабатывание, коммутационные перенапряжения",CSH,2024,7.0,"7,77ч",0.0,"0,1ч",,
3,13597300,2024-10-28 04:54:00,Дальневосточная,"Д-ВОСТ, ШЧ-2 (Э)",,,,"Срабатывание, несоответствие номинала",CSH,2024,,,,,,
2,13599348,2024-10-28 23:48:00,Дальневосточная,"Д-ВОСТ, ИЧ Ш САХАЛИН",,,"1шт ч(к учету 0,22)ч","Кнопки, повреждение крепления",CSH,2024,,,,,0.0,
3,13599361,2024-10-30 04:24:00,Дальневосточная,"Д-ВОСТ, ШЧ-2 (Э)",,,,"Нарушение контакта в штепсельных розетках, замятие контакта",CSH,2024,,,,,,
2,13599415,2024-10-30 05:17:00,Дальневосточная,"Д-ВОСТ, ШЧ-14 (Э)","2шт ч(к учету 1,43ч)",,,"Срабатывание, воздействие тягового тока",CSH,2024,1.0,"1,43ч",,,,
3,13600338,2024-10-30 17:05:00,Дальневосточная,"Д-ВОСТ, ШЧ-8 (Э)",,,,Обрыв,CSH,2024,,,,,,
3,13601425,2024-10-31 17:39:00,Дальневосточная,"Д-ВОСТ, ШЧ-13 (Э)",,,,Неисправность элементов защиты,CSH,2024,,,,,,
3,13601906,2024-11-01 08:30:00,Дальневосточная,"Д-ВОСТ, ШЧ-14 (Э)",,,,Обрыв монтажного провода,CSH,2024,,,,,,
3,13603021,2024-11-02 06:30:00,Дальневосточная,"Д-ВОСТ, ШЧ-3 (Э)","1шт ч(к учету 0,02ч)",,,"Нарушение контакта в штепсельных розетках, замятие контакта",CSH,2024,0.0,"0,02ч",,,,
3,13603282,2024-11-02 10:37:00,Дальневосточная,"Д-ВОСТ, ШЧ-14 (Э)",,,,"Релейный ОК, программное обеспечение, сбой",CSH,2024,,,,,,
3,13603711,2024-11-02 15:05:00,Дальневосточная,"Д-ВОСТ, ШЧ-14 (Э)",,,,"Диод, пробой",CSH,2024,,,,,,
2,13604524,2024-11-03 07:30:00,Дальневосточная,"Д-ВОСТ, ШЧ-9 (Э)","1шт ч(к учету 0,55ч)",,,"Внутренний монтаж, короткое замыкание",CSH,2024,0.0,"0,55ч",,,,
3,13604613,2024-11-03 13:50:00,Дальневосточная,"Д-ВОСТ, ШЧ-14 (Э)",,,,"Нарушение контакта в штепсельных розетках, замятие контакта",CSH,2024,,,,,,
2,13605142,2024-11-04 05:50:00,Дальневосточная,"Д-ВОСТ, ШЧ-10 (Э)","12шт (к учету 9) ч(к учету 4,83ч)",,,"Нарушение контакта в разъемах блоков, излом розеток",CSH,2024,9.0,"4,83ч",,,,
3,13605676,2024-11-04 20:25:00,Дальневосточная,"Д-ВОСТ, ШЧ-14 (Э)",,,,Нарушение контакта штепсель/рельс,CSH,2024,,,,,,
2,13605804,2024-11-05 02:20:00,Дальневосточная,"Д-ВОСТ, ШЧ-14 (Э)",,"1шт ч(к учету 0,17ч)",,Некачественная пайка,CSH,2024,,,0.0,"0,17ч",,
2,13607689,2024-11-06 05:08:00,Дальневосточная,"Д-ВОСТ, ШЧ-14 (Э)","1шт ч(к учету 0,25ч)",,,"Контактная система, подгар контактов",CSH,2024,0.0,"0,25ч",,,,
2,13607874,2024-11-06 07:32:00,Дальневосточная,"Д-ВОСТ, ШЧ-4 (Р)","9шт (к учету 7) ч(к учету 4,18ч)",,,"Конденсатор, короткое замыкание",CSH,2024,7.0,"4,18ч",,,,
3,13607978,2024-11-06 14:50:00,Дальневосточная,"Д-ВОСТ, ШЧ-2 (Э)","1шт ч(к учету 0,02ч)",,,Сбой АЛС с задержкой поезда,CSH,2024,0.0,"0,02ч",,,,
3,13609574,2024-11-06 20:08:00,Дальневосточная,"Д-ВОСТ, ШЧ-8 (Э)",,,,"Редуктор, неисправность",CSH,2024,,,,,,
3,13609692,2024-11-07 02:52:00,Дальневосточная,"Д-ВОСТ, ШЧ-12 (Э)",,,,Неисправность,CSH,2024,,,,,,
1,13609770,2024-11-07 03:50:00,Дальневосточная,"Д-ВОСТ, ШЧ-6 (Э)","24шт (к учету 23) ч(к учету 18,45ч)",,,Нарушение контакта штепсель/рельс,CSH,2024,23.0,"18,45ч",,,,
2,13611947,2024-11-08 02:32:00,Дальневосточная,"Д-ВОСТ, ШЧ-7 (Р)","3шт ч(к учету 1,13ч)",,,"Контактная система, увеличенное сопротивление",CSH,2024,1.0,"1,13ч",,,,
3,13615294,2024-11-08 12:53:00,Дальневосточная,"Д-ВОСТ, ИЧ Ш САХАЛИН",,,,"Контактная система, увеличенное сопротивление контакта",CSH,2024,,,,,,
1,13613182,2024-11-08 15:35:00,Дальневосточная,"Д-ВОСТ, ШЧ-14 (Э)","1шт ч(к учету 1,02ч)",,,"Релейный ОК, МУОР, неисправность",CSH,2024,1.0,"1,02ч",,,,
3,13613685,2024-11-09 06:18:00,Дальневосточная,"Д-ВОСТ, ШЧ-13 (Э)",,,,"Ключ-жезл в т.ч. с электрозащелкой, нарушение состояния паек",CSH,2024,,,,,,
2,13614306,2024-11-10 03:12:00,Дальневосточная,"Д-ВОСТ, ШЧ-2 (Э)","3шт ч(к учету 0,52ч)",,"1шт ч(к учету 0,17)ч","Лампы, перегорание основной нити",CSH,2024,0.0,"0,52ч",,,0.0,
2,13614820,2024-11-10 15:28:00,Дальневосточная,"Д-ВОСТ, ШЧ-4 (Р)","3шт ч(к учету 0,83ч)","1шт ч(к учету 0,27ч)",,"Контактная система, потеря контакта",CSH,2024,0.0,"0,83ч",0.0,"0,27ч",,
2,13617231,2024-11-10 19:30:00,Дальневосточная,"Д-ВОСТ, ШЧ-7 (Р)","1шт ч(к учету 0,25ч)",,,"Обмотка, короткое замыкание",CSH,2024,0.0,"0,25ч",,,,
3,13615247,2024-11-11 01:05:00,Дальневосточная,"Д-ВОСТ, ШЧ-3 (Э)",,,,"Нарушение контакта в штепсельных розетках, неисправность контактных губок",CSH,2024,,,,,,
2,13615385,2024-11-11 05:00:00,Дальневосточная,"Д-ВОСТ, ШЧ-10 (Э)","1шт ч(к учету 0,42ч)",,,"Срабатывание, коммутационные перенапряжения",CSH,2024,0.0,"0,42ч",,,,
3,13615590,2024-11-11 08:32:00,Дальневосточная,"Д-ВОСТ, ШЧ-7 (Р)",,,,"Конденсатор, снижение емкости конденсатора",CSH,2024,,,,,,
3,13617679,2024-11-12 12:00:00,Дальневосточная,"Д-ВОСТ, ШЧ-10 (Э)",,,,"Жилы, сообщение",CSH,2024,,,,,,
2,13617680,2024-11-12 12:05:00,Дальневосточная,"Д-ВОСТ, ШЧ-14 (Э)","1шт ч(к учету 0,67ч)","1шт ч(к учету 0,42ч)",,Обрыв монтажного провода,CSH,2024,0.0,"0,67ч",0.0,"0,42ч",,
3,13617987,2024-11-12 14:54:00,Дальневосточная,"Д-ВОСТ, ШЧ-3 (Э)",,,,"Нарушение контакта в штепсельных розетках, замятие контакта",CSH,2024,,,,,,
1,13618207,2024-11-12 16:26:00,Дальневосточная,"Д-ВОСТ, ШЧ-13 (Э)","1шт ч(к учету 1,52ч)",,,Отсутствие смазки на башмаках,CSH,2024,1.0,"1,52ч",,,,
3,13618216,2024-11-12 19:00:00,Дальневосточная,"Д-ВОСТ, ШЧ-3 (Э)",,,,Нарушение контакта наконечник/вывод ДТ,CSH,2024,,,,,,
3,13620631,2024-11-12 19:45:00,Дальневосточная,"Д-ВОСТ, ШЧ-14 (Э)",,,,"Срабатывание (перегорание), воздействие тягового тока",CSH,2024,,,,,,
1,13618482,2024-11-13 03:10:00,Дальневосточная,"Д-ВОСТ, ШЧ-12 (Э)","1шт ч(к учету 1,15ч)",,,Неисправность монтажа,CSH,2024,1.0,"1,15ч",,,,
3,13621899,2024-11-13 10:37:00,Дальневосточная,"Д-ВОСТ, ШЧ-14 (Э)",,,,Плата,CSH,2024,,,,,,
2,13620458,2024-11-14 07:21:00,Дальневосточная,"Д-ВОСТ, ШЧ-3 (Э)","4шт ч(к учету 0,87ч)",,,"Контакторы, изношенность контактов",CSH,2024,0.0,"0,87ч",,,,
2,13620743,2024-11-14 09:49:00,Дальневосточная,"Д-ВОСТ, ШЧ-3 (Э)","2шт ч(к учету 0,47ч)",,,"Нарушение контакта в штепсельных розетках, неисправность контактных губок",CSH,2024,0.0,"0,47ч",,,,
2,13621804,2024-11-15 01:57:00,Дальневосточная,"Д-ВОСТ, ШЧ-3 (Э)","3шт ч(к учету 0,87ч)",,,"Внутренний монтаж, обрыв",CSH,2024,0.0,"0,87ч",,,,
2,13622561,2024-11-15 13:22:00,Дальневосточная,"Д-ВОСТ, ШЧ-6 (Э)",,,"1шт ч(к учету 0,13)ч","Срабатывание, воздействие тягового тока",CSH,2024,,,,,0.0,
3,13623093,2024-11-16 06:37:00,Дальневосточная,"Д-ВОСТ, ШЧ-12 (Э)",,,,"Блок автоматики, неисправность приборов",CSH,2024,,,,,,
3,13626074,2024-11-16 06:47:00,Дальневосточная,"Д-ВОСТ, ШЧ-4 (Р)",,,,"Контактная система, увеличенное сопротивление",CSH,2024,,,,,,
3,13624077,2024-11-16 12:00:00,Дальневосточная,"Д-ВОСТ, ШЧ-14 (Э)",,,,"Нарушение контакта в штепсельных розетках, сообщение",CSH,2024,,,,,,
3,13625499,2024-11-17 09:56:00,Дальневосточная,"Д-ВОСТ, ИЧ Ш САХАЛИН",,,,"Лампы, перегорание основной нити",CSH,2024,,,,,,
3,13625312,2024-11-17 16:25:00,Дальневосточная,"Д-ВОСТ, ШЧ-3 (Э)",,,,"Жилы, внутренний обрыв",CSH,2024,,,,,,
3,13626400,2024-11-18 13:33:00,Дальневосточная,"Д-ВОСТ, ШЧ-6 (Э)",,,,Влияние посторонних источников питания,CSH,2024,,,,,,
1,13625197,2024-11-18 17:34:00,Дальневосточная,"Д-ВОСТ, ШЧ-14 (Э)","1шт ч(к учету 1,27ч)",,,Нарушение регулировки внешнего замыкателя,CSH,2024,1.0,"1,27ч",,,,
2,13625332,2024-11-19 01:08:00,Дальневосточная,"Д-ВОСТ, ШЧ-2 (Э)","14шт ч(к учету 4,4ч)","1шт ч(к учету 0,5ч)","1шт ч(к учету 0,1)ч","Срабатывание, коммутационные перенапряжения",CSH,2024,4.0,"4,4ч",0.0,"0,5ч",0.0,
3,13627642,2024-11-19 18:00:00,Дальневосточная,"Д-ВОСТ, ШЧ-9 (Э)",,,,"Релейный ОК, CCM/CCM-E, неисправность",CSH,2024,,,,,,
2,13626354,2024-11-19 21:40:00,Дальневосточная,"Д-ВОСТ, ШЧ-8 (Э)","8шт (к учету 7) ч(к учету 2,83ч)",,,"Контактная система, увеличенное сопротивление",CSH,2024,7.0,"2,83ч",,,,
2,13626360,2024-11-19 23:20:00,Дальневосточная,"Д-ВОСТ, ШЧ-2 (Э)","1шт ч(к учету 0,27ч)","2шт (к учету 1) ч(к учету 0,35ч)",,Сбой АЛС с задержкой поезда,CSH,2024,0.0,"0,27ч",1.0,"0,35ч",,
3,13626883,2024-11-20 10:59:00,Дальневосточная,"Д-ВОСТ, ШЧ-12 (Э)",,,,"Нарушение контакта в разъемах блоков, неисправность контактных губок",CSH,2024,,,,,,
3,13627580,2024-11-21 01:36:00,Дальневосточная,"Д-ВОСТ, ШЧ-7 (Р)",,,,"Лампы, перегорание основной нити",CSH,2024,,,,,,
3,13628002,2024-11-21 09:00:00,Дальневосточная,"Д-ВОСТ, ШЧ-2 (Э)",,,,"Неисправность системы речевого оповещения (ПРОС, РИ)",CSH,2024,,,,,,
3,13629084,2024-11-22 05:50:00,Дальневосточная,"Д-ВОСТ, ШЧ-14 (Э)",,,,Ослабление затяжки болтов,CSH,2024,,,,,,
2,13629735,2024-11-22 20:20:00,Дальневосточная,"Д-ВОСТ, ШЧ-14 (Э)",,"2шт (к учету 1) ч(к учету 0,43ч)",,"Срабатывание, воздействие тягового тока",CSH,2024,,,1.0,"0,43ч",,
3,13630833,2024-11-24 13:13:00,Дальневосточная,"Д-ВОСТ, ШЧ-3 (Э)",,,,"Нарушение контакта в штепсельных розетках, замятие контакта",CSH,2024,,,,,,
3,13632100,2024-11-25 17:02:00,Дальневосточная,"Д-ВОСТ, ШЧ-10 (Э)",,,,Сбой АЛС с задержкой поезда,CSH,2024,,,,,,
3,13632238,2024-11-26 00:33:00,Дальневосточная,"Д-ВОСТ, ШЧ-4 (Р)",,,,"Обмотка, короткое замыкание",CSH,2024,,,,,,
3,13634513,2024-11-27 23:23:00,Дальневосточная,"Д-ВОСТ, ШЧ-14 (Э)",,,,"Обрыв, коррозия металла",CSH,2024,,,,,,
3,13635398,2024-11-28 11:42:00,Дальневосточная,"Д-ВОСТ, ШЧ-14 (Э)",,,,Нарушение регулировки,CSH,2024,,,,,,
3,13637657,2024-12-01 12:10:00,Дальневосточная,"Д-ВОСТ, ШЧ-14 (Э)",,,,Нарушение регулировки внешнего замыкателя,CSH,2024,,,,,,
3,13637810,2024-12-01 13:55:00,Дальневосточная,"Д-ВОСТ, ШЧ-9 (Э)",,,,Нарушение контакта штепсель/рельс,CSH,2024,,,,,,
3,13637926,2024-12-01 21:53:00,Дальневосточная,"Д-ВОСТ, ШЧ-9 (Э)",,,,"Контактная система, сваривание контактов",CSH,2024,,,,,,
2,13638199,2024-12-02 05:30:00,Дальневосточная,"Д-ВОСТ, ШЧ-10 (Э)","1шт ч(к учету 0,67ч)",,,"Срабатывание, воздействие тягового тока",CSH,2024,0.0,"0,67ч",,,,
2,13638574,2024-12-02 11:56:00,Дальневосточная,"Д-ВОСТ, ШЧ-14 (Э)","1шт ч(к учету 0,73ч)","3шт (к учету 2) ч(к учету 0,48ч)",,"Срабатывание, воздействие тягового тока",CSH,2024,0.0,"0,73ч",2.0,"0,48ч",,
2,13639259,2024-12-02 23:59:00,Дальневосточная,"Д-ВОСТ, ШЧ-14 (Э)","2шт ч(к учету 0,45ч)",,,"Срабатывание, воздействие тягового тока",CSH,2024,0.0,"0,45ч",,,,
2,13639350,2024-12-03 03:07:00,Дальневосточная,"Д-ВОСТ, ШЧ-7 (Р)","2шт ч(к учету 0,62ч)",,,"Конденсатор, снижение емкости",CSH,2024,0.0,"0,62ч",,,,
2,13639778,2024-12-03 09:51:00,Дальневосточная,"Д-ВОСТ, ШЧ-8 (Э)","3шт ч(к учету 1,72ч)","2шт ч(к учету 0,28ч)","1шт ч(к учету 0,15)ч","Автопереключатель, разрегулировка контактов",CSH,2024,1.0,"1,72ч",0.0,"0,28ч",0.0,
2,13640806,2024-12-03 16:14:00,Дальневосточная,"Д-ВОСТ, ШЧ-9 (Э)","1шт ч(к учету 0,63ч)",,,"Обрыв, при путевых работах",CSH,2024,0.0,"0,63ч",,,,
1,13641024,2024-12-03 22:40:00,Дальневосточная,"Д-ВОСТ, ШЧ-14 (Э)","2шт ч(к учету 2,92ч)",,,"Нарушение контакта в штепсельных розетках, сообщение",CSH,2024,2.0,"2,92ч",,,,
3,13641265,2024-12-04 06:19:00,Дальневосточная,"Д-ВОСТ, ШЧ-6 (Э)",,,,"Срабатывание (перегорание), нарушение контакта штепсельного разъема, нарушение контакта",CSH,2024,,,,,,
3,13642700,2024-12-04 13:53:00,Дальневосточная,"Д-ВОСТ, ШЧ-13 (Э)",,,,Нарушение контакта штепсель/рельс,CSH,2024,,,,,,
3,13643282,2024-12-05 04:38:00,Дальневосточная,"Д-ВОСТ, ШЧ-12 (Э)",,,,Нарушение контакта штепсель/рельс,CSH,2024,,,,,,
2,13644494,2024-12-05 14:35:00,Дальневосточная,"Д-ВОСТ, ШЧ-3 (Э)","16шт ч(к учету 2,23ч)",,,"Обмотка, короткое замыкание",CSH,2024,2.0,"2,23ч",,,,
3,13654834,2024-12-05 23:57:00,Дальневосточная,"Д-ВОСТ, ШЧ-2 (Э)","1шт ч(к учету 0,02ч)",,,Сбой АЛС с задержкой поезда,CSH,2024,0.0,"0,02ч",,,,
3,13645119,2024-12-06 05:08:00,Дальневосточная,"Д-ВОСТ, ШЧ-13 (Э)",,,,"Диод, обрыв",CSH,2024,,,,,,
3,13647714,2024-12-06 13:38:00,Дальневосточная,"Д-ВОСТ, ШЧ-2 (Э)",,,,"Светодиоды, неисправность",CSH,2024,,,,,,
3,13646249,2024-12-06 16:52:00,Дальневосточная,"Д-ВОСТ, ШЧ-10 (Э)",,,,"Жилы, сообщение",CSH,2024,,,,,,
3,13646580,2024-12-07 05:57:00,Дальневосточная,"Д-ВОСТ, ШЧ-14 (Э)",,,,"Нарушение контакта в разъемах блоков, сообщение",CSH,2024,,,,,,
3,13646827,2024-12-07 13:49:00,Дальневосточная,"Д-ВОСТ, ШЧ-7 (Р)",,,,Наличие переходного сопротивления выключателей,CSH,2024,,,,,,
1,13647337,2024-12-08 10:46:00,Дальневосточная,"Д-ВОСТ, ШЧ-6 (Э)","26шт (к учету 24) ч(к учету 15,18ч)",,,"Жилы, внутренний обрыв",CSH,2024,24.0,"15,18ч",,,,
3,13647635,2024-12-08 21:00:00,Дальневосточная,"Д-ВОСТ, ШЧ-14 (Э)",,,,Нарушение регулировки внешнего замыкателя,CSH,2024,,,,,,
3,13647671,2024-12-08 23:27:00,Дальневосточная,"Д-ВОСТ, ШЧ-10 (Э)",,,,"Светодиоды, неисправность",CSH,2024,,,,,,
1,13648209,2024-12-09 08:15:00,Дальневосточная,"Д-ВОСТ, ШЧ-3 (Э)","5шт ч(к учету 8,58ч)",,,"Автопереключатель, индевение контактов",CSH,2024,8.0,"8,58ч",,,,
3,13648031,2024-12-09 08:40:00,Дальневосточная,"Д-ВОСТ, ШЧ-8 (Э)",,,,"Светодиоды, неисправность ячеек индикации",CSH,2024,,,,,,
2,13652760,2024-12-10 03:10:00,Дальневосточная,"Д-ВОСТ, ШЧ-14 (Э)","1шт ч(к учету 0,7ч)",,,"ЦПУ-ЭЛ-С, сбой",CSH,2024,0.0,"0,7ч",,,,
1,13650131,2024-12-10 11:50:00,Дальневосточная,"Д-ВОСТ, ШЧ-9 (Э)","3шт ч(к учету 3,5ч)",,,"Выпрямительные элементы, пробой",CSH,2024,3.0,"3,5ч",,,,
3,13650428,2024-12-10 14:46:00,Дальневосточная,"Д-ВОСТ, ШЧ-14 (Э)",,,,"Светодиоды, неисправность",CSH,2024,,,,,,
3,13650759,2024-12-10 20:30:00,Дальневосточная,"Д-ВОСТ, ШЧ-2 (Э)",,,,Нарушение контакта штепсель/рельс,CSH,2024,,,,,,
2,13650832,2024-12-11 00:20:00,Дальневосточная,"Д-ВОСТ, ШЧ-14 (Э)","2шт ч(к учету 1,2ч)",,,"Обмотка, обрыв обмотки",CSH,2024,1.0,"1,2ч",,,,
2,13651374,2024-12-11 07:23:00,Дальневосточная,"Д-ВОСТ, ШЧ-2 (Э)","13шт ч(к учету 7,67ч)","2шт ч(к учету 0,42ч)",,"Нарушение контакта в штепсельных розетках, сообщение",CSH,2024,7.0,"7,67ч",0.0,"0,42ч",,
2,13651746,2024-12-11 11:17:00,Дальневосточная,"Д-ВОСТ, ШЧ-14 (Э)",,"2шт (к учету 1) ч(к учету 0,37ч)","1шт ч(к учету 0,2)ч","Сервер, сбой ПО",CSH,2024,,,1.0,"0,37ч",0.0,
2,13652845,2024-12-12 05:14:00,Дальневосточная,"Д-ВОСТ, ШЧ-4 (Р)","6шт ч(к учету 1,15ч)","1шт ч(к учету 0,1ч)",,"Контактная система, увеличенное сопротивление",CSH,2024,1.0,"1,15ч",0.0,"0,1ч",,
3,13653103,2024-12-12 08:20:00,Дальневосточная,"Д-ВОСТ, ШЧ-3 (Э)",,,,"Автопереключатель, излом контактных колодок",CSH,2024,,,,,,
2,13655973,2024-12-14 05:45:00,Дальневосточная,"Д-ВОСТ, ШЧ-8 (Э)","2шт ч(к учету 0,53ч)",,,Асимметрия тягового тока,CSH,2024,0.0,"0,53ч",,,,
3,13656003,2024-12-14 08:00:00,Дальневосточная,"Д-ВОСТ, ШЧ-10 (Э)",,,,"Курбельный контакт, разрегулировка",CSH,2024,,,,,,
3,13656246,2024-12-14 14:25:00,Дальневосточная,"Д-ВОСТ, ШЧ-8 (Э)",,,,"Светодиоды, неисправность ячеек индикации",CSH,2024,,,,,,
3,13656749,2024-12-15 08:03:00,Дальневосточная,"Д-ВОСТ, ШЧ-10 (Э)",,,,"Срабатывание, коммутационные перенапряжения",CSH,2024,,,,,,
2,13656896,2024-12-15 13:05:00,Дальневосточная,"Д-ВОСТ, ШЧ-14 (Э)",,"1шт ч(к учету 0,2ч)",,"Диод, обрыв",CSH,2024,,,0.0,"0,2ч",,
3,13658308,2024-12-16 04:54:00,Дальневосточная,"Д-ВОСТ, ШЧ-14 (Э)","1шт ч(к учету 0,23ч)",,,"Нарушение контакта в разъемах блоков, неисправность контактных губок",CSH,2024,0.0,"0,23ч",,,,
2,13657995,2024-12-16 23:58:00,Дальневосточная,"Д-ВОСТ, ШЧ-2 (Э)","5шт ч(к учету 1,47ч)","1шт ч(к учету 0,58ч)","1шт ч(к учету 0,13)ч","Диод, обрыв",CSH,2024,1.0,"1,47ч",0.0,"0,58ч",0.0,
3,13659263,2024-12-17 21:29:00,Дальневосточная,"Д-ВОСТ, ШЧ-3 (Э)",,,,"Автопереключатель, разрегулировка контактов",CSH,2024,,,,,,
3,13659913,2024-12-18 07:38:00,Дальневосточная,"Д-ВОСТ, ШЧ-14 (Э)",,,,"Нарушение контакта в штепсельных розетках, сообщение",CSH,2024,,,,,,
3,13660056,2024-12-18 10:51:00,Дальневосточная,"Д-ВОСТ, ШЧ-10 (Э)",,,,"Обрыв, при путевых работах",CSH,2024,,,,,,
3,13660748,2024-12-19 00:35:00,Дальневосточная,"Д-ВОСТ, ШЧ-14 (Э)",,,,"Обмотка, обрыв",CSH,2024,,,,,,
2,13661050,2024-12-19 06:50:00,Дальневосточная,"Д-ВОСТ, ШЧ-10 (Э)","1шт ч(к учету 0,35ч)",,,"Контактная система, увеличенное сопротивление",CSH,2024,0.0,"0,35ч",,,,
3,13663252,2024-12-21 05:40:00,Дальневосточная,"Д-ВОСТ, ШЧ-3 (Э)",,,,"Монтаж, нарушение состояния паек",CSH,2024,,,,,,
3,13664023,2024-12-22 10:03:00,Дальневосточная,"Д-ВОСТ, ШЧ-2 (Э)",,,,Нарушение изоляции монтажных проводов,CSH,2024,,,,,,
3,13666162,2024-12-24 03:14:00,Дальневосточная,"Д-ВОСТ, ШЧ-3 (Э)",,,,"Шибер, заклинивание",CSH,2024,,,,,,
3,13667759,2024-12-24 16:12:00,Дальневосточная,"Д-ВОСТ, ШЧ-7 (Р)",,,,"Лампы, перегорание основной нити",CSH,2024,,,,,,
2,13668923,2024-12-25 15:48:00,Дальневосточная,"Д-ВОСТ, ШЧ-14 (Э)","2шт ч(к учету 0,85ч)","1шт ч(к учету 0,15ч)",,"ЦПУ-ЭЛ-А, сбой",CSH,2024,0.0,"0,85ч",0.0,"0,15ч",,
3,13669355,2024-12-26 05:40:00,Дальневосточная,"Д-ВОСТ, ШЧ-12 (Э)",,,,Зависание ПО,CSH,2024,,,,,,
3,13670094,2024-12-26 14:57:00,Дальневосточная,"Д-ВОСТ, ШЧ-14 (Э)",,,,"Контактная система, увеличенное сопротивление",CSH,2024,,,,,,
2,13670681,2024-12-27 08:06:00,Дальневосточная,"Д-ВОСТ, ШЧ-12 (Э)",,"3шт (к учету 1) ч(к учету 0,32ч)",,Зависание ПО,CSH,2024,,,1.0,"0,32ч",,
1,13671031,2024-12-27 12:30:00,Дальневосточная,"Д-ВОСТ, ШЧ-3 (Э)","6шт (к учету 5) ч(к учету 2,85ч)",,,Излом провода под гайкой,CSH,2024,5.0,"2,85ч",,,,
3,13673839,2024-12-28 02:20:00,Дальневосточная,"Д-ВОСТ, ШЧ-7 (Р)",,,,"Лампы, перегорание основной нити",CSH,2024,,,,,,
2,13672289,2024-12-28 08:48:00,Дальневосточная,"Д-ВОСТ, ШЧ-14 (Э)","1шт ч(к учету 0,62ч)","1шт ч(к учету 0,12ч)",,"Фрикционное сцепление, нарушение регулировки усилия перевода",CSH,2024,0.0,"0,62ч",0.0,"0,12ч",,
3,13673176,2024-12-29 19:35:00,Дальневосточная,"Д-ВОСТ, ШЧ-6 (Э)",,,,"Контактная система, увеличенное сопротивление контакта",CSH,2024,,,,,,
3,13673660,2024-12-30 13:07:00,Дальневосточная,"Д-ВОСТ, ШЧ-2 (Э)",,,,Неисправность блока управления напольными камерами (БУНК),CSH,2024,,,,,,
3,13674404,2024-12-31 17:30:00,Дальневосточная,"Д-ВОСТ, ШЧ-14 (Э)",,,,"Лампы, перегорание основной нити",CSH,2024,,,,,,
1,13179359,2024-01-14 10:53:00,Дальневосточная,"Д-ВОСТ, ТЧЭ-9","8шт (к учету 6) ч(к учету 11,03ч)",,,Прочая неисправность корпуса автосцепки локомотива,CT,2024,6.0,"11,03ч",,,,
1,13241196,2024-03-01 01:01:00,Дальневосточная,"Д-ВОСТ, ТЧЭ-13","1шт ч(к учету 1,67ч)",,,Просвет (мм) между шейкой остряка и рабочей гранью упорных накладок,CT,2024,1.0,"1,67ч",,,,
1,13425678,2024-06-30 06:56:00,Дальневосточная,"Д-ВОСТ, Т","36шт (к учету 28) ч(к учету 23,98ч)","1шт ч(к учету 0,22ч)",,Неисправность электрооборудования локомотива,CT,2024,28.0,"23,98ч",0.0,"0,22ч",,
1,13452652,2024-07-16 11:42:00,Дальневосточная,"Д-ВОСТ, ТЧЭ-13","10шт (к учету 7) ч(к учету 11,23ч)","1шт ч(к учету 2,13ч)",,"Прочая неисправность провода, кабеля низковольтных цепей и цепей управления",CT,2024,7.0,"11,23ч",2.0,"2,13ч",,
1,13495025,2024-08-15 12:31:00,Дальневосточная,"Д-ВОСТ, ТЧЭ-11","12шт (к учету 7) ч(к учету 19,2ч)","1шт ч(к учету 0,17ч)",,Код ДПУ 111 Изгиб межостряковых тяг из-за набегания тыльной части колес на отведенный остряк,CT,2024,7.0,"19,2ч",0.0,"0,17ч",,
1,13566256,2024-10-04 12:12:00,Дальневосточная,"Д-ВОСТ, ТЧЭ-8",23шт (к учету 17) ч(к учету 23ч),,"3шт (к учету 2) ч(к учету 0,75)ч",Излом (срез) шкворня тележки грузового вагона,CT,2024,17.0,,,,2.0,
2,13595331,2024-10-25 10:11:00,Дальневосточная,"Д-ВОСТ, ТЧЭ-6",2шт ч(к учету 1ч),,,Запесочивание головок рельса,CT,2024,1.0,,,,,
1,13642928,2024-12-04 19:05:00,Дальневосточная,"Д-ВОСТ, ТЧЭ-13","3шт ч(к учету 2,82ч)",,,Работа машин тяжелого типа в нарушении температурного режима рельсовой плети,CT,2024,2.0,"2,82ч",,,,
3,13180066,2024-01-11 13:13:00,Дальневосточная,"Д-ВОСТ, ВЧДЭ-1 ХАБАРОВСК",,,,Выщербина на ободе колеса грузового вагона,CV,2024,,,,,,
3,13188358,2024-01-21 08:40:00,Дальневосточная,"Д-ВОСТ, ВЧДЭ-1 ХАБАРОВСК",,,,Неисправность тормозного цилиндра грузового вагона,CV,2024,,,,,,
3,13194068,2024-01-25 11:13:00,Дальневосточная,"Д-ВОСТ, ВЧДЭ-11 ТЫНДА",,,,Просадка уплотнения усл. № 305.134 клапана мягкости,CV,2024,,,,,,
3,13199410,2024-01-30 13:00:00,Дальневосточная,"Д-ВОСТ, ВЧДЭ-1 ХАБАРОВСК",,,,Завар тормозного башмака грузового вагона,CV,2024,,,,,,
1,13216040,2024-01-31 09:05:00,Дальневосточная,"ЗАБ, ВЧДЭ-3 КАРЫМСКАЯ","38шт ч(к учету 51,07ч)",,"4шт (к учету 2) ч(к учету 1,27)ч",Обрыв хвостовика автосцепки грузового вагона,CV,2024,51.0,"51,07ч",,,2.0,
2,13211974,2024-02-01 05:10:00,Дальневосточная,"ЗАБ, ВЧДЭ-7 БЕЛОГОРСК","1шт ч(к учету 0,5ч)",,,Выпадение валика подвески тормозного подвешивания грузового вагона,CV,2024,0.0,"0,5ч",,,,
1,13203771,2024-02-02 21:21:00,Дальневосточная,"Д-ВОСТ, ВЧДЭ-1 ХАБАРОВСК","6шт (к учету 4) ч(к учету 6,02ч)",,,Несоответствие момента затяжки накидной гайки установленному нормативу,CV,2024,4.0,"6,02ч",,,,
1,13221294,2024-02-05 04:30:00,Дальневосточная,"Д-ВОСТ, ВЧДЭ-1 ХАБАРОВСК","1шт ч(к учету 2,15ч)",,,Излом рычагов и тормозных тяг грузового вагона,CV,2024,2.0,"2,15ч",,,,
2,13206060,2024-02-05 07:05:00,Дальневосточная,"Д-ВОСТ, ВЧДЭ-4 УССУРИЙСК","6шт ч(к учету 1,87ч)",,,Перекос тележки грузового вагона,CV,2024,1.0,"1,87ч",,,,
2,13207312,2024-02-05 23:14:00,Дальневосточная,"Д-ВОСТ, ВЧДЭ-1 ХАБАРОВСК","3шт ч(к учету 0,75ч)",,,Разрегулирование рычажной передачи грузового вагона,CV,2024,0.0,"0,75ч",,,,
2,13207708,2024-02-06 07:37:00,Дальневосточная,"Д-ВОСТ, ВЧДЭ-1 ХАБАРОВСК","5шт ч(к учету 1,12ч)",,,"Расслоение, разрыв манжеты усл. № 305-156 в узле трех клапанов",CV,2024,1.0,"1,12ч",,,,
3,13216195,2024-02-10 02:37:00,Дальневосточная,"Д-ВОСТ, ВЧДЭ-1 ХАБАРОВСК",,,,Ползун на поверхности катания колеса пассажирского вагона,CV,2024,,,,,,
2,13217416,2024-02-11 17:10:00,Дальневосточная,"Д-ВОСТ, ВЧДЭ-4 УССУРИЙСК","1шт ч(к учету 0,72ч)",,,Обрыв маятниковой подвески грузового вагона,CV,2024,0.0,"0,72ч",,,,
2,13223820,2024-02-14 01:50:00,Дальневосточная,"ЗАБ, ВЧДЭ-6 МОГОЧА","1шт ч(к учету 0,63ч)",,,Завар тормозного башмака грузового вагона,CV,2024,0.0,"0,63ч",,,,
3,13221853,2024-02-14 06:31:00,Дальневосточная,"Д-ВОСТ, ВЧДЭ-4 УССУРИЙСК",,,,Нарушение крепление валика подвески тормозного башмака,CV,2024,,,,,,
2,13225841,2024-02-16 17:17:00,Дальневосточная,"Д-ВОСТ, ВЧДЭ-10 КОМСОМОЛЬСК","1шт ч(к учету 0,47ч)",,,Несоответствие момента затяжки накидной гайки установленному нормативу,CV,2024,0.0,"0,47ч",,,,
1,13229280,2024-02-20 03:10:00,Дальневосточная,"Д-ВОСТ, ВЧДЭ-1 ХАБАРОВСК","3шт ч(к учету 8,08ч)",,,Несоответствие момента затяжки накидной гайки установленному нормативу,CV,2024,8.0,"8,08ч",,,,
1,13229907,2024-02-20 10:30:00,Дальневосточная,"Д-ВОСТ, ВЧДЭ-10 КОМСОМОЛЬСК","3шт (к учету 1) ч(к учету 6,57ч)",,,Несоответствие момента затяжки накидной гайки установленному нормативу,CV,2024,1.0,"6,57ч",,,,
1,13232199,2024-02-22 00:41:00,Дальневосточная,"Д-ВОСТ, ВЧДЭ-10 КОМСОМОЛЬСК","1шт ч(к учету 1,4ч)",,,Неисправность соединительного рукава грузового вагона,CV,2024,1.0,"1,4ч",,,,
3,13234073,2024-02-23 23:03:00,Дальневосточная,"Д-ВОСТ, ВЧДЭ-1 ХАБАРОВСК",,,,Неисправность автосцепного оборудования грузового вагона,CV,2024,,,,,,
2,13243487,2024-03-03 08:34:00,Дальневосточная,"Д-ВОСТ, ВЧДЭ-1 ХАБАРОВСК","3шт ч(к учету 0,6ч)",,,Выпадение валика подвески тормозного подвешивания грузового вагона,CV,2024,0.0,"0,6ч",,,,
3,13272641,2024-03-15 02:25:00,Дальневосточная,"З-СИБ, ВЧД-4 ТАТАРСКАЯ",,,,Трещина ударной розетки грузового вагона,CV,2024,,,,,,
3,13266997,2024-03-18 06:55:00,Дальневосточная,"Д-ВОСТ, ВЧДЭ-1 ХАБАРОВСК",,,,Неплотность тормозной магистрали грузового вагона,CV,2024,,,,,,
2,13270215,2024-03-21 15:25:00,Дальневосточная,"Д-ВОСТ, ВЧДЭ-1 ХАБАРОВСК","1шт ч(к учету 0,82ч)",,,Неплотность тормозной магистрали грузового вагона,CV,2024,0.0,"0,82ч",,,,
2,13276222,2024-03-23 19:15:00,Дальневосточная,"Д-ВОСТ, ВЧДЭ-1 ХАБАРОВСК","1шт ч(к учету 0,4ч)",,,Коррозия привалочного фланца корпуса главной части,CV,2024,0.0,"0,4ч",,,,
2,13275943,2024-03-26 20:53:00,Дальневосточная,"Д-ВОСТ, ВЧДЭ-1 ХАБАРОВСК","1шт ч(к учету 0,63ч)",,,"Излом (отсутствие), трещина упорного кольца",CV,2024,0.0,"0,63ч",,,,
2,13303771,2024-04-08 01:50:00,Дальневосточная,"ЗАБ, ВЧДЭ-7 БЕЛОГОРСК","8шт ч(к учету 2,98ч)",,,Выпадение валика подвески тормозного подвешивания грузового вагона,CV,2024,2.0,"2,98ч",,,,
2,13308864,2024-04-14 08:30:00,Дальневосточная,"Д-ВОСТ, ВЧДЭ-1 ХАБАРОВСК","1шт ч(к учету 0,43ч)",,,Неплотность тормозной магистрали грузового вагона,CV,2024,0.0,"0,43ч",,,,
3,13316756,2024-04-18 23:53:00,Дальневосточная,"Д-ВОСТ, ВЧДЭ-1 ХАБАРОВСК",,,,"Расслоение, разрыв манжеты усл. № 305-156 в узле трех клапанов",CV,2024,,,,,,
2,13316878,2024-04-19 01:12:00,Дальневосточная,"Д-ВОСТ, ВЧДЭ-1 ХАБАРОВСК","1шт ч(к учету 0,3ч)",,,Утечка воздуха в открытом/закрытом положении концевого крана,CV,2024,0.0,"0,3ч",,,,
2,13320731,2024-04-21 17:00:00,Дальневосточная,"Д-ВОСТ, ВЧДЭ-1 ХАБАРОВСК","5шт ч(к учету 1,57ч)",,,Неправильное включение режимов отпуска воздухораспределителя,CV,2024,1.0,"1,57ч",,,,
2,13337098,2024-04-22 11:34:00,Дальневосточная,"КРАС, ВЧДЭ-7 КРАСНОЯРСК-ВОСТ","17шт (к учету 14) ч(к учету 4,52ч)",,,Разница роликов по длине или диаметру более допустимой,CV,2024,14.0,"4,52ч",,,,
3,13330945,2024-04-27 00:04:00,Дальневосточная,"Д-ВОСТ, ВЧДЭ-4 УССУРИЙСК",,,,Разрегулирование рычажной передачи грузового вагона,CV,2024,,,,,,
3,13348657,2024-04-30 12:24:00,Дальневосточная,"ЗАБ, ВРД ЧИТА",,,,Неправильное включение грузовых режимов торможения воздухораспределителя,CV,2024,,,,,,
2,13343542,2024-05-06 06:14:00,Дальневосточная,"Д-ВОСТ, ВЧДЭ-1 ХАБАРОВСК","1шт ч(к учету 0,6ч)",,,Трещина тормозной колодки грузового вагона,CV,2024,0.0,"0,6ч",,,,
2,13361634,2024-05-10 00:13:00,Дальневосточная,"Д-ВОСТ, ВЧДЭ-1 ХАБАРОВСК","4шт ч(к учету 1,28ч)",,,Несоответствие силовых параметров отпускной пружины,CV,2024,1.0,"1,28ч",,,,
2,13366200,2024-05-19 20:47:00,Дальневосточная,"Д-ВОСТ, ВЧДЭ-1 ХАБАРОВСК","1шт ч(к учету 0,45ч)",,,Несоответствие силовых параметров пружины плунжера,CV,2024,0.0,"0,45ч",,,,
1,13366596,2024-05-20 02:59:00,Дальневосточная,"Д-ВОСТ, ВЧДЭ-1 ХАБАРОВСК","1шт ч(к учету 1,23ч)",,,Износ опорной поверхности маятниковой подвески грузового вагона,CV,2024,1.0,"1,23ч",,,,
3,13387364,2024-05-25 07:00:00,Дальневосточная,"Д-ВОСТ, ВЧДЭ-1 ХАБАРОВСК","2шт ч(к учету 0,03ч)",,,Остроконечный накат гребня колеса грузового вагона,CV,2024,0.0,"0,03ч",,,,
2,13376403,2024-05-27 05:50:00,Дальневосточная,"Д-ВОСТ, ВЧДЭ-1 ХАБАРОВСК","2шт ч(к учету 1,4ч)",,,Неправильное включение режимов отпуска воздухораспределителя,CV,2024,1.0,"1,4ч",,,,
3,13385562,2024-05-28 00:17:00,Дальневосточная,"Д-ВОСТ, ВЧДЭ-1 ХАБАРОВСК",,,,Провисание автосцепки грузового вагона,CV,2024,,,,,,
2,13381493,2024-05-30 10:32:00,Дальневосточная,"Д-ВОСТ, ВЧДЭ-1 ХАБАРОВСК","5шт ч(к учету 0,83ч)",,,Несоответствие момента затяжки накидной гайки установленному нормативу,CV,2024,0.0,"0,83ч",,,,
2,13382885,2024-05-31 10:25:00,Дальневосточная,"Д-ВОСТ, ВЧДЭ-1 ХАБАРОВСК","4шт (к учету 2) ч(к учету 2,67ч)",,,Несоответствие силовых параметров пружины плунжера,CV,2024,2.0,"2,67ч",,,,
2,13398828,2024-06-10 10:08:00,Дальневосточная,"Д-ВОСТ, ВЧДЭ-1 ХАБАРОВСК","1шт ч(к учету 0,33ч)",,,Другие повреждения корпуса главной части,CV,2024,0.0,"0,33ч",,,,
2,13406258,2024-06-14 18:25:00,Дальневосточная,"Д-ВОСТ, ВЧДЭ-1 ХАБАРОВСК","3шт ч(к учету 1,52ч)",,,Неплотность тормозной магистрали грузового вагона,CV,2024,1.0,"1,52ч",,,,
2,13408167,2024-06-16 21:11:00,Дальневосточная,"Д-ВОСТ, ВЧДЭ-1 ХАБАРОВСК","1шт ч(к учету 0,4ч)",,,Несоответствие момента затяжки накидной гайки установленному нормативу,CV,2024,0.0,"0,4ч",,,,
1,13420287,2024-06-26 07:37:00,Дальневосточная,"Д-ВОСТ, ВЧДЭ-1 ХАБАРОВСК","6шт ч(к учету 2,62ч)",,,Неправильное включение режимов отпуска воздухораспределителя,CV,2024,2.0,"2,62ч",,,,
2,13423334,2024-06-27 02:35:00,Дальневосточная,"Д-ВОСТ, ВЧДЭ-1 ХАБАРОВСК","3шт ч(к учету 0,53ч)",,,Несоответствие момента затяжки накидной гайки установленному нормативу,CV,2024,0.0,"0,53ч",,,,
2,13429586,2024-06-30 01:58:00,Дальневосточная,"Д-ВОСТ, ВЧДЭ-1 ХАБАРОВСК","8шт ч(к учету 2,65ч)",,,Неправильное включение режимов отпуска воздухораспределителя,CV,2024,2.0,"2,65ч",,,,
3,13443126,2024-06-30 21:10:00,Дальневосточная,"Д-ВОСТ, ВЧДЭ-1 ХАБАРОВСК","1шт ч(к учету 0,1ч)",,,Несоответствие норм высоты автосцепки грузового вагона,CV,2024,0.0,"0,1ч",,,,
3,13427911,2024-07-02 07:26:00,Дальневосточная,"Д-ВОСТ, ВЧДЭ-11 ТЫНДА",,,,Неправильное включение режимов отпуска воздухораспределителя,CV,2024,,,,,,
2,13430115,2024-07-03 08:40:00,Дальневосточная,"Д-ВОСТ, ВЧДЭ-1 ХАБАРОВСК","1шт ч(к учету 0,5ч)",,,Несоответствие момента затяжки накидной гайки установленному нормативу,CV,2024,0.0,"0,5ч",,,,
2,13430383,2024-07-03 09:38:00,Дальневосточная,"Д-ВОСТ, ВЧДЭ-1 ХАБАРОВСК","5шт (к учету 1) ч(к учету 1,33ч)",,,Несоответствие момента затяжки накидной гайки установленному нормативу,CV,2024,1.0,"1,33ч",,,,
2,13430714,2024-07-03 11:00:00,Дальневосточная,"Д-ВОСТ, ВЧДЭ-1 ХАБАРОВСК","1шт ч(к учету 0,75ч)",,,Неправильное включение грузовых режимов торможения воздухораспределителя,CV,2024,0.0,"0,75ч",,,,
2,13431275,2024-07-03 14:00:00,Дальневосточная,"Д-ВОСТ, ВЧДЭ-1 ХАБАРОВСК","3шт ч(к учету 0,92ч)",,,Несоответствие момента затяжки накидной гайки установленному нормативу,CV,2024,0.0,"0,92ч",,,,
2,13437078,2024-07-06 14:39:00,Дальневосточная,"Д-ВОСТ, ВЧДЭ-1 ХАБАРОВСК","1шт ч(к учету 0,37ч)",,,Неправильное включение грузовых режимов торможения воздухораспределителя,CV,2024,0.0,"0,37ч",,,,
1,13443165,2024-07-08 17:02:00,Дальневосточная,"Д-ВОСТ, ВЧДЭ-4 УССУРИЙСК","1шт ч(к учету 4,3ч)",,,Неплотность тормозной магистрали грузового вагона,CV,2024,4.0,"4,3ч",,,,
2,13441879,2024-07-09 13:37:00,Дальневосточная,"Д-ВОСТ, ВЧДЭ-1 ХАБАРОВСК","3шт (к учету 2) ч(к учету 0,7ч)",,,Неправильное включение грузовых режимов торможения воздухораспределителя,CV,2024,2.0,"0,7ч",,,,
2,13448737,2024-07-12 23:09:00,Дальневосточная,"Д-ВОСТ, ВЧДЭ-1 ХАБАРОВСК","1шт ч(к учету 0,25ч)",,,Несоответствие момента затяжки накидной гайки установленному нормативу,CV,2024,0.0,"0,25ч",,,,
3,13460463,2024-07-15 09:58:00,Дальневосточная,"ОКТ, ВЧД-14 ТВЕРЬ",,,,Трещина запасного резервуара,CV,2024,,,,,,
3,13462103,2024-07-18 13:31:00,Дальневосточная,"З-СИБ, ВЧД-4 ТАТАРСКАЯ",,,,Просадка уплотнения усл. № 270.753 клапана дополнительной разрядки,CV,2024,,,,,,
3,13459090,2024-07-21 20:19:00,Дальневосточная,"Д-ВОСТ, ВЧДЭ-1 ХАБАРОВСК",,,,"Расслоение, разрыв манжеты усл. № 305-156 в узле трех клапанов",CV,2024,,,,,,
2,13462210,2024-07-23 05:08:00,Дальневосточная,"Д-ВОСТ, ВЧДЭ-1 ХАБАРОВСК","1шт ч(к учету 0,32ч)",,,Неправильное включение режимов отпуска воздухораспределителя,CV,2024,0.0,"0,32ч",,,,
1,13470741,2024-07-28 07:54:00,Дальневосточная,"Д-ВОСТ, ВЧДЭ-4 УССУРИЙСК","1шт ч(к учету 4,42ч)",,"2шт ч(к учету 0,37)ч",Ослабление крепления труб воздухопровода и тормозных приборов грузового вагона,CV,2024,4.0,"4,42ч",,,0.0,
3,13471646,2024-07-31 19:20:00,Дальневосточная,"Д-ВОСТ, ВЧДЭ-11 ТЫНДА",,,,Утечка сжатого воздуха по привалочному фланцу магистральной части воздухораспределителя,CV,2024,,,,,,
2,13475449,2024-08-04 02:28:00,Дальневосточная,"Д-ВОСТ, ВЧДЭ-1 ХАБАРОВСК","19шт (к учету 12) ч(к учету 7,62ч)",,,Несоответствие момента затяжки накидной гайки установленному нормативу,CV,2024,12.0,"7,62ч",,,,
2,13494112,2024-08-15 07:05:00,Дальневосточная,"Д-ВОСТ, ВЧДЭ-1 ХАБАРОВСК","3шт ч(к учету 0,72ч)",,,Неправильное включение режимов отпуска воздухораспределителя,CV,2024,0.0,"0,72ч",,,,
2,13503606,2024-08-23 04:29:00,Дальневосточная,"Д-ВОСТ, ВЧДЭ-1 ХАБАРОВСК","2шт ч(к учету 0,43ч)",,,Неправильное включение режимов отпуска воздухораспределителя,CV,2024,0.0,"0,43ч",,,,
2,13506104,2024-08-25 19:55:00,Дальневосточная,"Д-ВОСТ, ВЧДЭ-1 ХАБАРОВСК","1шт ч(к учету 0,37ч)",,,Неправильное включение режимов отпуска воздухораспределителя,CV,2024,0.0,"0,37ч",,,,
2,13512633,2024-08-31 10:02:00,Дальневосточная,"Д-ВОСТ, ВЧДЭ-1 ХАБАРОВСК","1шт ч(к учету 0,6ч)",,,Неправильное включение грузовых режимов торможения воздухораспределителя,CV,2024,0.0,"0,6ч",,,,
3,13535596,2024-09-06 09:55:00,Дальневосточная,"Д-ВОСТ, ВЧДЭ-1 ХАБАРОВСК","1шт ч(к учету 0,18ч)",,,Неисправность тормозного цилиндра грузового вагона,CV,2024,0.0,"0,18ч",,,,
3,13528829,2024-09-10 09:15:00,Дальневосточная,"Д-ВОСТ, ВЧДЭ-1 ХАБАРОВСК",,,,Несоответствие момента затяжки накидной гайки установленному нормативу,CV,2024,,,,,,
2,13538150,2024-09-15 07:08:00,Дальневосточная,"Д-ВОСТ, ВЧДЭ-1 ХАБАРОВСК","1шт ч(к учету 0,62ч)",,,Неправильное включение режимов отпуска воздухораспределителя,CV,2024,0.0,"0,62ч",,,,
3,13544081,2024-09-19 03:53:00,Дальневосточная,"Д-ВОСТ, ВЧДЭ-1 ХАБАРОВСК",,,,Неплотность тормозной магистрали грузового вагона,CV,2024,,,,,,
2,13562790,2024-10-03 05:24:00,Дальневосточная,"Д-ВОСТ, ВЧДЭ-1 ХАБАРОВСК","14шт ч(к учету 8,32ч)",,,"Отверстие диаметром 0,9 мм в гайке усл. № 483.028 больше или меньше нормы/засорено",CV,2024,8.0,"8,32ч",,,,
2,13568542,2024-10-07 02:24:00,Дальневосточная,"Д-ВОСТ, ВЧДЭ-1 ХАБАРОВСК","5шт (к учету 4) ч(к учету 2,63ч)",,,Несоответствие момента затяжки накидной гайки установленному нормативу,CV,2024,4.0,"2,63ч",,,,
2,13577227,2024-10-11 05:25:00,Дальневосточная,"Д-ВОСТ, ВЧДЭ-1 ХАБАРОВСК","1шт ч(к учету 0,75ч)",,,Отсутствие чеки тормозной колодки грузового вагона,CV,2024,0.0,"0,75ч",,,,
3,13579752,2024-10-13 02:03:00,Дальневосточная,"Д-ВОСТ, ВЧДЭ-4 УССУРИЙСК",,,,Перекос тележки грузового вагона,CV,2024,,,,,,
3,13580800,2024-10-14 04:57:00,Дальневосточная,"Д-ВОСТ, ВЧДЭ-1 ХАБАРОВСК",,,,Неправильное включение грузовых режимов торможения воздухораспределителя,CV,2024,,,,,,
2,13599256,2024-10-29 21:37:00,Дальневосточная,"Д-ВОСТ, ВЧДЭ-1 ХАБАРОВСК","2шт ч(к учету 0,8ч)",,,Несоответствие момента затяжки накидной гайки установленному нормативу,CV,2024,0.0,"0,8ч",,,,
2,13601991,2024-10-30 19:20:00,Дальневосточная,"Д-ВОСТ, ВЧДЭ-1 ХАБАРОВСК","2шт ч(к учету 0,62ч)",,,Неправильное включение режимов отпуска воздухораспределителя,CV,2024,0.0,"0,62ч",,,,
3,13613792,2024-11-09 10:20:00,Дальневосточная,"Д-ВОСТ, ВЧДЭ-11 ТЫНДА",,,,Несоответствие норм высоты автосцепки грузового вагона,CV,2024,,,,,,
1,13620208,2024-11-14 03:30:00,Дальневосточная,"Д-ВОСТ, ВЧДЭ-1 ХАБАРОВСК","10шт ч(к учету 5,45ч)","1шт ч(к учету 0,42ч)",,Ослабление (разрушение) торцевого крепления,CV,2024,5.0,"5,45ч",0.0,"0,42ч",,
2,13633362,2024-11-26 23:35:00,Дальневосточная,"Д-ВОСТ, ВЧДЭ-4 УССУРИЙСК","3шт ч(к учету 1,37ч)",,,Ослабление крепления труб воздухопровода и тормозных приборов грузового вагона,CV,2024,1.0,"1,37ч",,,,
1,13634372,2024-11-27 17:15:00,Дальневосточная,"Д-ВОСТ, ВЧДЭ-1 ХАБАРОВСК","11шт ч(к учету 9,35ч)",,,Неправильное включение режимов отпуска воздухораспределителя,CV,2024,9.0,"9,35ч",,,,
2,13639851,2024-12-03 09:53:00,Дальневосточная,"Д-ВОСТ, ВЧДЭ-1 ХАБАРОВСК","3шт ч(к учету 1,82ч)",,,Технологический нагрев буксового узла,CV,2024,1.0,"1,82ч",,,,
2,13655844,2024-12-09 04:15:00,Дальневосточная,"ЗАБ, ВЧДЭ-3 КАРЫМСКАЯ","1шт ч(к учету 0,45ч)",,,Тонкий гребень колеса грузового вагона,CV,2024,0.0,"0,45ч",,,,
1,13659845,2024-12-14 18:43:00,Дальневосточная,"ЗАБ, ВЧДЭ-6 МОГОЧА","14шт (к учету 8) ч(к учету 5,45ч)",,,Выщербина на ободе колеса грузового вагона,CV,2024,8.0,"5,45ч",,,,
2,13661271,2024-12-18 03:20:00,Дальневосточная,"Д-ВОСТ, ВЧДЭ-1 ХАБАРОВСК","1шт ч(к учету 0,63ч)",,,Несоответствие момента затяжки накидной гайки установленному нормативу,CV,2024,0.0,"0,63ч",,,,
1,13664222,2024-12-22 16:31:00,Дальневосточная,"Д-ВОСТ, ВЧДЭ-1 ХАБАРОВСК","1шт ч(к учету 1,3ч)",,,Заклинивание штока (замерзание) тормозного цилиндра,CV,2024,1.0,"1,3ч",,,,
3,13669072,2024-12-25 20:07:00,Дальневосточная,"Д-ВОСТ, ВЧДЭ-1 ХАБАРОВСК",,,,Выпадение валика подвески тормозного подвешивания грузового вагона,CV,2024,,,,,,
2,13671827,2024-12-27 07:17:00,Дальневосточная,"Д-ВОСТ, ВЧДЭ-1 ХАБАРОВСК","2шт ч(к учету 0,97ч)",,,Утечка воздуха в открытом/закрытом положении концевого крана,CV,2024,0.0,"0,97ч",,,,
2,13673462,2024-12-30 07:10:00,Дальневосточная,"Д-ВОСТ, ВЧДЭ-1 ХАБАРОВСК","3шт ч(к учету 1,38ч)",,,Неплотность тормозной магистрали грузового вагона,CV,2024,1.0,"1,38ч",,,,
2,13673511,2024-12-30 08:01:00,Дальневосточная,"Д-ВОСТ, ВЧДЭ-1 ХАБАРОВСК","1шт ч(к учету 0,82ч)",,,Неправильное включение режимов отпуска воздухораспределителя,CV,2024,0.0,"0,82ч",,,,
1,13673607,2024-12-30 10:41:00,Дальневосточная,"Д-ВОСТ, ВЧДЭ-1 ХАБАРОВСК","3шт ч(к учету 4,1ч)",,,Неплотность тормозной магистрали грузового вагона,CV,2024,4.0,"4,1ч",,,,
