CATEGORY,№,START_TIME,ROAD,RESPONSIBILITY,FREIGHT,PASSENGER,COMMUTER,REASON,DEPARTMENT,YEAR,FREIGHT_COUNT,FREIGHT_TIMEOUT,PASSENGER_COUNT,PASSENGER_TIMEOUT,COMMUTER_COUNT,COMMUTER_TIMEOUT
1,12648164,2023-01-01 19:38:00,Дальневосточная,"Д-ВОСТ, ШЧ-4 ДВОСТ","25шт (к учету 23) 10,37ч",,,Короткое замыкание секций СП-6,CSH,2023,23.0,"10,37ч",,,,
1,12648625,2023-01-02 12:44:00,Дальневосточная,"Д-ВОСТ, ШЧ-14 ДВОСТ","6шт (к учету 5) 5,8ч",,,Обрыв внешнего монтажа аппаратуры защиты рельсовых цепей,CSH,2023,5.0,"5,8ч",,,,
2,12648778,2023-01-02 15:30:00,Дальневосточная,"Д-ВОСТ, ШЧ-6 ДВОСТ","1шт 0,3ч","2шт (к учету 1) 0,25ч",,Повышенное переходное сопротивление между элементами ,CSH,2023,1.0,"0,3ч",1.0,"0,25ч",,
3,12649501,2023-01-03 15:16:00,Дальневосточная,"Д-ВОСТ, ШЧ-4 ДВОСТ","1шт 0,12ч",,,Нарушение электрических характеристик реле аппаратуры рельсовых цепей,CSH,2023,1.0,"0,12ч",,,,
3,12649729,2023-01-04 00:21:00,Дальневосточная,"Д-ВОСТ, ШЧ-14 ДВОСТ",,,,Другие неисправности элементов защитного блока аппаратуры АБ,CSH,2023,,,,,,
3,12651273,2023-01-05 11:10:00,Дальневосточная,"Д-ВОСТ, ШЧ-14 ДВОСТ",,,,Другие неисправности элементов защитного блока аппаратуры схемы управления стрелкой,CSH,2023,,,,,,
3,12651505,2023-01-05 14:47:00,Дальневосточная,"Д-ВОСТ, ШЧ-2 ДВОСТ",,,,Неисправность напольной камеры,CSH,2023,,,,,,
3,12652030,2023-01-06 05:09:00,Дальневосточная,"Д-ВОСТ, ШЧ-13 ДВОСТ",,,,Обрыв жил линейного кабеля ,CSH,2023,,,,,,
2,12652822,2023-01-06 13:54:00,Дальневосточная,"Д-ВОСТ, ШЧ-2 ДВОСТ","15шт (к учету 13) 7,95ч",,,Ослабление затяжки болтов перемычки,CSH,2023,13.0,"7,95ч",,,,
3,12653406,2023-01-07 06:30:00,Дальневосточная,"Д-ВОСТ, ШЧ-3 ДВОСТ","1шт 0,02ч",,,Индевение контактов автопереключателя СП-6М,CSH,2023,1.0,"0,02ч",,,,
2,12653566,2023-01-07 09:07:00,Дальневосточная,"Д-ВОСТ, ШЧ-3 ДВОСТ","7шт 2,22ч",,,Индевение контактов автопереключателя СП-6М,CSH,2023,7.0,"2,22ч",,,,
3,12654706,2023-01-08 00:45:00,Дальневосточная,"Д-ВОСТ, ШЧ-14 ДВОСТ",,,,"Обрыв внешнего монтажа аппаратуры защиты  светофоров, указателей и полос",CSH,2023,,,,,,
3,12655028,2023-01-08 06:34:00,Дальневосточная,"Д-ВОСТ, ШЧ-3 ДВОСТ",,,,Индевение контактов автопереключателя СП-6М,CSH,2023,,,,,,
2,12654017,2023-01-08 07:00:00,Дальневосточная,"Д-ВОСТ, ШЧ-3 ДВОСТ","11шт 3,98ч",,,Обрыв жил сигнально-блокировочного металлического кабеля рельсовых цепей,CSH,2023,11.0,"3,98ч",,,,
3,12668019,2023-01-08 23:36:00,Дальневосточная,"Д-ВОСТ, ШЧ-12 ДВОСТ",,,,"Сбой в работе платы концентратора информации, объектного контроллера",CSH,2023,,,,,,
3,12666859,2023-01-09 12:48:00,Дальневосточная,"Д-ВОСТ, ШЧ-7 ДВОСТ",,,,Перегорание лампы линзового светофора,CSH,2023,,,,,,
3,12658383,2023-01-09 15:20:00,Дальневосточная,"Д-ВОСТ, ШЧ-2 ДВОСТ",,,,Неисправность составных частей АРМ ЛПК,CSH,2023,,,,,,
3,12666542,2023-01-09 17:01:00,Дальневосточная,"Д-ВОСТ, ШЧ-6 ДВОСТ",,,,Нарушение контакта во внутреннем монтаже пульта-табло постовых устройств ЭЦ,CSH,2023,,,,,,
2,12662228,2023-01-10 15:59:00,Дальневосточная,"Д-ВОСТ, ШЧ-2 ДВОСТ","10шт 1,85ч","1шт 0,15ч",,"Нарушение элетрического контакта в болтовых и паечных соединениях, штепсельных разъемах внешнего монтажа аппаратуры постовых устройств ЭЦ",CSH,2023,10.0,"1,85ч",1.0,"0,15ч",,
3,12668875,2023-01-10 19:39:00,Дальневосточная,"Д-ВОСТ, ИЧ Ш САХАЛИН",,,,"Сообщение жил сигнально-блокировочного металлического кабеля светофоров, указателей и полос",CSH,2023,,,,,,
3,12663106,2023-01-11 07:22:00,Дальневосточная,"Д-ВОСТ, ШЧ-4 ДВОСТ",,,,Нарушение электрических характеристик реле аппаратуры АБ,CSH,2023,,,,,,
1,12664094,2023-01-11 12:01:00,Дальневосточная,"Д-ВОСТ, ШЧ-3 ДВОСТ","7шт 3,72ч",,,Нарушение регулировки усилия перевода СП-6К,CSH,2023,7.0,"3,72ч",,,,
3,12665488,2023-01-11 17:15:00,Дальневосточная,"Д-ВОСТ, ШЧ-14 ДВОСТ",,,,Обрыв внешнего монтажа аппаратуры защиты рельсовых цепей,CSH,2023,,,,,,
3,12666443,2023-01-12 08:30:00,Дальневосточная,"Д-ВОСТ, ШЧ-3 ДВОСТ",,,,"Неправильные действия ДСП, приведшие к неисправности светофоров, указателей и полос со схемой управления",CSH,2023,,,,,,
2,12669298,2023-01-13 08:19:00,Дальневосточная,"Д-ВОСТ, ШЧ-14 ДВОСТ","2шт (к учету 1) 0,47ч",,,Другие неисправности элементов защитного блока аппаратуры АБ,CSH,2023,1.0,"0,47ч",,,,
2,12670974,2023-01-14 00:18:00,Дальневосточная,"Д-ВОСТ, ШЧ-14 ДВОСТ","3шт 1,2ч",,"1шт 0,13ч",Другие неисправности элементов защитного блока аппаратуры АБ,CSH,2023,3.0,"1,2ч",,,1.0,"0,13ч"
3,12671436,2023-01-14 15:25:00,Дальневосточная,"Д-ВОСТ, ШЧ-12 ДВОСТ",,,,Неисправность элементов панелей питания постовых устройств ЭЦ,CSH,2023,,,,,,
3,12671859,2023-01-15 07:27:00,Дальневосточная,"Д-ВОСТ, ШЧ-9 ДВОСТ",,,,Неисправность элементов фильтров аппаратуры рельсовых цепей,CSH,2023,,,,,,
2,12672453,2023-01-16 01:50:00,Дальневосточная,"Д-ВОСТ, ШЧ-14 ДВОСТ","4шт 1,63ч",,,Другие неисправности элементов защитного блока аппаратуры АБ,CSH,2023,4.0,"1,63ч",,,,
3,12672464,2023-01-16 02:32:00,Дальневосточная,"Д-ВОСТ, ШЧ-12 ДВОСТ",,,,Неисправность элементов дешифраторной ячейки аппаратуры АБ,CSH,2023,,,,,,
2,12672512,2023-01-16 03:30:00,Дальневосточная,"Д-ВОСТ, ШЧ-12 ДВОСТ","1шт 0,33ч",,,Неисправность элементов панелей питания постовых устройств ЭЦ,CSH,2023,1.0,"0,33ч",,,,
2,12673616,2023-01-16 23:20:00,Дальневосточная,"Д-ВОСТ, ШЧ-14 ДВОСТ",,"1шт 0,18ч",,Другие неисправности элементов защитного блока аппаратуры АБ,CSH,2023,,,1.0,"0,18ч",,
2,12673670,2023-01-16 23:55:00,Дальневосточная,"Д-ВОСТ, ШЧ-14 ДВОСТ","1шт 0,72ч",,,Сверхнормативное понижение изоляции внешнего монтажа аппаратуры защиты схемы управления стрелкой,CSH,2023,1.0,"0,72ч",,,,
3,12673937,2023-01-17 07:53:00,Дальневосточная,"Д-ВОСТ, ШЧ-10 ДВОСТ",,,,Разрегулировка контактов автопереключателя СП-6К,CSH,2023,,,,,,
2,12676571,2023-01-19 02:50:00,Дальневосточная,"Д-ВОСТ, ШЧ-2 ДВОСТ","4шт 1,62ч",,,Излом деталей СП-6К,CSH,2023,4.0,"1,62ч",,,,
3,12676645,2023-01-19 05:31:00,Дальневосточная,"Д-ВОСТ, ШЧ-14 ДВОСТ",,,,"Обрыв внешнего монтажа аппаратуры защиты  светофоров, указателей и полос",CSH,2023,,,,,,
2,12677547,2023-01-19 16:05:00,Дальневосточная,"Д-ВОСТ, ШЧ-7 ДВОСТ","2шт 0,92ч",,,Другие неисправности внешнего монтажа аппаратуры рельсовых цепей,CSH,2023,2.0,"0,92ч",,,,
3,12677920,2023-01-20 03:20:00,Дальневосточная,"Д-ВОСТ, ШЧ-14 ДВОСТ",,,,Другие неисправности элементов защитного блока аппаратуры АБ,CSH,2023,,,,,,
3,12679246,2023-01-20 08:04:00,Дальневосточная,"Д-ВОСТ, ШЧ-6 ДВОСТ",,,,Нарушение контакта в монтаже в ящиках для размещения устройств АБ,CSH,2023,,,,,,
3,12679078,2023-01-20 21:55:00,Дальневосточная,"Д-ВОСТ, ШЧ-14 ДВОСТ",,,,Другие неисправности элементов защитного блока аппаратуры схемы управления стрелкой,CSH,2023,,,,,,
3,12685105,2023-01-21 03:49:00,Дальневосточная,"Д-ВОСТ, ШЧ-9 ДВОСТ","1шт 0,05ч",,,Нарушение контакта в разъеме защитного блока аппаратуры рельсовых цепей,CSH,2023,1.0,"0,05ч",,,,
3,12679258,2023-01-21 04:26:00,Дальневосточная,"Д-ВОСТ, ШЧ-13 ДВОСТ",,,,Неисправность элементов трансмиттеров аппаратуры рельсовых цепей,CSH,2023,,,,,,
3,12679480,2023-01-21 11:16:00,Дальневосточная,"Д-ВОСТ, ШЧ-14 ДВОСТ",,,,Другие неисправности элементов защитного блока аппаратуры схемы управления стрелкой,CSH,2023,,,,,,
3,12681182,2023-01-22 08:00:00,Дальневосточная,"Д-ВОСТ, ШЧ-10 ДВОСТ",,,,"Понижение сопротивления изоляции монтажа сигнально-блокировочного металлического кабеля светофоров, указателей и полос",CSH,2023,,,,,,
2,12680622,2023-01-22 16:10:00,Дальневосточная,"Д-ВОСТ, ШЧ-14 ДВОСТ","3шт 0,7ч","1шт 0,22ч",,Обрыв внешнего монтажа аппаратуры защиты рельсовых цепей,CSH,2023,3.0,"0,7ч",1.0,"0,22ч",,
1,12680708,2023-01-22 19:50:00,Дальневосточная,"Д-ВОСТ, ШЧ-8 ДВОСТ","2шт 1,68ч",,,Нарушение регулировки усилия перевода СП-6М,CSH,2023,2.0,"1,68ч",,,,
3,12681980,2023-01-23 17:35:00,Дальневосточная,"Д-ВОСТ, ШЧ-14 ДВОСТ",,,,Другие неисправности элементов защитного блока аппаратуры схемы управления стрелкой,CSH,2023,,,,,,
3,12682067,2023-01-23 23:25:00,Дальневосточная,"Д-ВОСТ, ШЧ-2 ДВОСТ",,,,Неперевод стрелочного перевода по причине напресовке снега или обледенения остряка и рамного рельса,CSH,2023,,,,,,
3,12682459,2023-01-24 07:00:00,Дальневосточная,"Д-ВОСТ, ШЧ-14 ДВОСТ",,,,Обрыв внешнего монтажа аппаратуры защиты рельсовых цепей,CSH,2023,,,,,,
2,12682480,2023-01-24 07:26:00,Дальневосточная,"Д-ВОСТ, ШЧ-2 ДВОСТ","8шт 2,83ч",,,Другие неисправности АВМ рельсовых цепей,CSH,2023,8.0,"2,83ч",,,,
3,12683397,2023-01-24 21:17:00,Дальневосточная,"Д-ВОСТ, ШЧ-8 ДВОСТ",,,,Нарушение контакта в монтаже в путевых ящиках для размещения аппаратуры рельсовых цепей,CSH,2023,,,,,,
2,12683396,2023-01-24 21:21:00,Дальневосточная,"Д-ВОСТ, ИЧ Ш САХАЛИН",,,"1шт 0,22ч",Подгар контактов реле аппаратуры,CSH,2023,,,,,1.0,"0,22ч"
2,12683562,2023-01-25 02:33:00,Дальневосточная,"Д-ВОСТ, ШЧ-4 ДВОСТ",,,"3шт (к учету 1) 0,57ч",Неисправность элементов генератора аппаратуры рельсовых цепей,CSH,2023,,,,,1.0,"0,57ч"
2,12683696,2023-01-25 05:30:00,Дальневосточная,"Д-ВОСТ, ШЧ-7 ДВОСТ","3шт 1,28ч",,,Короткое замыкание фазирующих устройств аппаратуры рельсовых цепей,CSH,2023,3.0,"1,28ч",,,,
2,12689088,2023-01-25 13:23:00,Дальневосточная,"Д-ВОСТ, ШЧ-2 ДВОСТ","12шт 5,33ч",,,Обрыв жил сигнально-блокировочного металлического кабеля рельсовых цепей,CSH,2023,12.0,"5,33ч",,,,
2,12684665,2023-01-25 13:50:00,Дальневосточная,"Д-ВОСТ, ШЧ-10 ДВОСТ","2шт 0,63ч",,,Другие неисправности предохранителей аппаратуры защиты схемы управления стрелкой,CSH,2023,2.0,"0,63ч",,,,
2,12686517,2023-01-27 03:35:00,Дальневосточная,"Д-ВОСТ, ШЧ-10 ДВОСТ","1шт 0,25ч",,,Индевение контактов автопереключателя СП-6К,CSH,2023,1.0,"0,25ч",,,,
2,12687449,2023-01-27 19:53:00,Дальневосточная,"Д-ВОСТ, ШЧ-4 ДВОСТ","11шт (к учету 10) 3,93ч",,,Другие неисправности элементов релейных блоков аппаратуры постовых устройств ЭЦ,CSH,2023,10.0,"3,93ч",,,,
3,12687501,2023-01-27 23:52:00,Дальневосточная,"Д-ВОСТ, ШЧ-7 ДВОСТ",,,,Нарушение контакта во внутреннем монтаже СП-6М,CSH,2023,,,,,,
3,12688456,2023-01-29 09:43:00,Дальневосточная,"Д-ВОСТ, ШЧ-14 ДВОСТ",,,,Другие неисправности элементов защитного блока аппаратуры АБ,CSH,2023,,,,,,
2,12688552,2023-01-29 12:27:00,Дальневосточная,"Д-ВОСТ, ШЧ-14 ДВОСТ",,"1шт 0,12ч",,Другие неисправности элементов защитного блока аппаратуры АБ,CSH,2023,,,1.0,"0,12ч",,
2,12688947,2023-01-30 03:10:00,Дальневосточная,"Д-ВОСТ, ШЧ-8 ДВОСТ","3шт 0,93ч",,,Нарушение монтажа шкафов для размещения устройств АБ,CSH,2023,3.0,"0,93ч",,,,
3,12689212,2023-01-30 08:50:00,Дальневосточная,"Д-ВОСТ, ИЧ Ш САХАЛИН",,,,Закорачивание РЦ,CSH,2023,,,,,,
3,12690143,2023-01-31 07:52:00,Дальневосточная,"Д-ВОСТ, ШЧ-14 ДВОСТ",,,,"Обрыв внешнего монтажа аппаратуры защиты  светофоров, указателей и полос",CSH,2023,,,,,,
2,12690318,2023-01-31 09:46:00,Дальневосточная,"Д-ВОСТ, ШЧ-14 ДВОСТ","1шт 0,37ч",,,Другие неисправности элементов защитного блока аппаратуры схемы управления стрелкой,CSH,2023,1.0,"0,37ч",,,,
2,12690904,2023-01-31 21:19:00,Дальневосточная,"Д-ВОСТ, ШЧ-8 ДВОСТ","2шт 1,57ч",,,Нарушение монтажа шкафов для размещения устройств АБ,CSH,2023,2.0,"1,57ч",,,,
3,12697475,2023-02-01 10:27:00,Дальневосточная,"Д-ВОСТ, ШЧ-14 ДВОСТ","1шт 0,12ч",,,Нарушение регулировки усилия перевода СП-6,CSH,2023,1.0,"0,12ч",,,,
1,12692454,2023-02-01 16:10:00,Дальневосточная,"Д-ВОСТ, ШЧ-10 ДВОСТ","10шт (к учету 8) 5,77ч",,,Неисправность элементов трансмиттеров аппаратуры АБ,CSH,2023,8.0,"5,77ч",,,,
2,12692483,2023-02-01 18:36:00,Дальневосточная,"Д-ВОСТ, ШЧ-14 ДВОСТ","1шт 0,42ч",,,Короткое замыкание (электрический пробой) элементов реле аппаратуры АБ,CSH,2023,1.0,"0,42ч",,,,
3,12692711,2023-02-02 02:32:00,Дальневосточная,"Д-ВОСТ, ШЧ-14 ДВОСТ",,,,Закорачивание РЦ,CSH,2023,,,,,,
2,12692712,2023-02-02 03:35:00,Дальневосточная,"Д-ВОСТ, ШЧ-14 ДВОСТ","2шт 0,75ч",,,Обрыв жил сигнально-блокировочного металлического кабеля рельсовых цепей,CSH,2023,2.0,"0,75ч",,,,
3,12703732,2023-02-02 14:58:00,Дальневосточная,"Д-ВОСТ, ШЧ-3 ДВОСТ","1шт 0,22ч",,,Механические повреждения предохранителей аппаратуры защиты рельсовых цепей,CSH,2023,1.0,"0,22ч",,,,
2,12695120,2023-02-03 11:52:00,Дальневосточная,"Д-ВОСТ, ШЧ-14 ДВОСТ","1шт 0,73ч",,,Обрыв элементов трансмиттеров аппаратуры АБ,CSH,2023,1.0,"0,73ч",,,,
3,12695038,2023-02-03 12:16:00,Дальневосточная,"Д-ВОСТ, ШЧ-14 ДВОСТ",,,,Воздействие спецтехники,CSH,2023,,,,,,
2,12695761,2023-02-03 21:34:00,Дальневосточная,"Д-ВОСТ, ШЧ-14 ДВОСТ","1шт 0,25ч",,,Заклинивание деталей СП-6М,CSH,2023,1.0,"0,25ч",,,,
2,12696038,2023-02-04 07:28:00,Дальневосточная,"Д-ВОСТ, ШЧ-2 ДВОСТ","8шт 4,03ч",,,Механические повреждения предохранителей аппаратуры защиты постовых устройств ЭЦ,CSH,2023,8.0,"4,03ч",,,,
3,12697385,2023-02-04 17:06:00,Дальневосточная,"Д-ВОСТ, ШЧ-3 ДВОСТ",,,,Неисправность планки,CSH,2023,,,,,,
3,12696506,2023-02-04 17:45:00,Дальневосточная,"Д-ВОСТ, ШЧ-10 ДВОСТ",,,,Нарушение контакта монтажа в ящиках для размещения схемы управления стрелкой,CSH,2023,,,,,,
2,12696472,2023-02-04 22:10:00,Дальневосточная,"Д-ВОСТ, ШЧ-14 ДВОСТ","5шт (к учету 4) 2,55ч","1шт 0,17ч",,Нарушение электрических характеристик реле аппаратуры АБ,CSH,2023,4.0,"2,55ч",1.0,"0,17ч",,
3,12696724,2023-02-05 08:49:00,Дальневосточная,"Д-ВОСТ, ШЧ-2 ДВОСТ",,,,Неисправность модулей переферийного контроллера,CSH,2023,,,,,,
2,12698984,2023-02-06 21:50:00,Дальневосточная,"Д-ВОСТ, ШЧ-14 ДВОСТ",,"1шт 0,13ч",,Нарушение монтажа шкафов для размещения устройств АБ,CSH,2023,,,1.0,"0,13ч",,
2,12700622,2023-02-07 13:15:00,Дальневосточная,"Д-ВОСТ, ШЧ-14 ДВОСТ",8шт (к учету 6) 5ч,,,Заклинивание подвижных частей трансмиттеров аппаратуры АБ,CSH,2023,6.0,5ч,,,,
2,12701007,2023-02-07 19:15:00,Дальневосточная,"Д-ВОСТ, ШЧ-13 ДВОСТ","2шт 0,47ч",,,Пробой элементов релейных блоков аппаратуры постовых устройств ЭЦ,CSH,2023,2.0,"0,47ч",,,,
3,12701162,2023-02-08 02:15:00,Дальневосточная,"Д-ВОСТ, ШЧ-14 ДВОСТ",,,,Обрыв жил сигнально-блокировочного металлического кабеля рельсовых цепей,CSH,2023,,,,,,
2,12705763,2023-02-10 01:22:00,Дальневосточная,"Д-ВОСТ, ШЧ-14 ДВОСТ","1шт 0,67ч",,,Сбой в работе устройств сопряжения с объектами УСО,CSH,2023,1.0,"0,67ч",,,,
3,12714452,2023-02-10 02:19:00,Дальневосточная,"Д-ВОСТ, ШЧ-2 ДВОСТ","1шт 0,18ч",,,Сверхнормативное переходное сопротивление контактов АВМ рельсовых цепей,CSH,2023,1.0,"0,18ч",,,,
3,12707929,2023-02-11 12:36:00,Дальневосточная,"Д-ВОСТ, ШЧ-13 ДВОСТ",,,,Обрыв жил сигнально-блокировочного металлического кабеля схемы управления стрелкой,CSH,2023,,,,,,
2,12708319,2023-02-12 07:25:00,Дальневосточная,"Д-ВОСТ, ШЧ-2 ДВОСТ","1шт 0,33ч",,,Коррозия троса соединителей,CSH,2023,1.0,"0,33ч",,,,
3,12708881,2023-02-13 03:45:00,Дальневосточная,"Д-ВОСТ, ШЧ-10 ДВОСТ",,,,Разрегулировка контактов реле аппаратуры рельсовых цепей,CSH,2023,,,,,,
3,12708933,2023-02-13 04:43:00,Дальневосточная,"Д-ВОСТ, ШЧ-14 ДВОСТ",,,,"Повышенное переходное сопротивление между элементами (штепсель-рельс, провод (трос)-штепсель, провод (трос)-наконечник)",CSH,2023,,,,,,
3,12709091,2023-02-13 07:35:00,Дальневосточная,"Д-ВОСТ, ШЧ-14 ДВОСТ",,,,Отсутствие стыкового соединителя,CSH,2023,,,,,,
3,12709115,2023-02-13 07:54:00,Дальневосточная,"Д-ВОСТ, ШЧ-8 ДВОСТ",,,,Нарушение контакта во внутреннем монтаже СП-6М,CSH,2023,,,,,,
2,12710864,2023-02-14 10:00:00,Дальневосточная,"Д-ВОСТ, ШЧ-7 ДВОСТ","1шт 0,98ч",,,Неисправность деталей блока элементов аппаратуры постовых устройств ЭЦ,CSH,2023,1.0,"0,98ч",,,,
1,12710953,2023-02-14 11:10:00,Дальневосточная,"Д-ВОСТ, ШЧ-14 ДВОСТ","2шт 1,45ч",,,Наличие заусенцев и раковин на деталях СП-6К,CSH,2023,2.0,"1,45ч",,,,
3,12713406,2023-02-16 05:24:00,Дальневосточная,"Д-ВОСТ, ШЧ-8 ДВОСТ",,,,Нарушение монтажа стативов для размещения постовых устройств ЭЦ,CSH,2023,,,,,,
2,12713520,2023-02-16 06:34:00,Дальневосточная,"Д-ВОСТ, ШЧ-10 ДВОСТ","2шт 0,55ч",,,Износ элементов трансмиттеров аппаратуры рельсовых цепей,CSH,2023,2.0,"0,55ч",,,,
2,12713554,2023-02-16 07:33:00,Дальневосточная,"Д-ВОСТ, ШЧ-2 ДВОСТ","4шт 1,2ч","1шт 0,12ч",,Разрегулировка контактов автопереключателя СП-6К,CSH,2023,4.0,"1,2ч",1.0,"0,12ч",,
2,12714454,2023-02-17 02:16:00,Дальневосточная,"Д-ВОСТ, ШЧ-8 ДВОСТ","1шт 0,17ч",,"1шт 0,17ч",Причина не установлена,CSH,2023,1.0,"0,17ч",,,1.0,"0,17ч"
3,12715084,2023-02-17 12:34:00,Дальневосточная,"Д-ВОСТ, ШЧ-7 ДВОСТ",,,,Неисправность элементов реле аппаратуры рельсовых цепей,CSH,2023,,,,,,
3,12715662,2023-02-18 07:00:00,Дальневосточная,"Д-ВОСТ, ШЧ-14 ДВОСТ",,,,Нарушение контакта в монтаже в путевых ящиках для размещения аппаратуры рельсовых цепей,CSH,2023,,,,,,
3,12716958,2023-02-20 02:25:00,Дальневосточная,"Д-ВОСТ, ШЧ-14 ДВОСТ",,,,"Неисправность платы концентратора информации, объектного контроллера",CSH,2023,,,,,,
3,12717114,2023-02-20 07:53:00,Дальневосточная,"Д-ВОСТ, ШЧ-14 ДВОСТ",,,,Нарушение монтажа стативов для размещения постовых устройств ЭЦ,CSH,2023,,,,,,
3,12717763,2023-02-20 16:17:00,Дальневосточная,"Д-ВОСТ, ШЧ-3 ДВОСТ",,,,Нарушение монтажа стативов для размещения постовых устройств ЭЦ,CSH,2023,,,,,,
3,12718108,2023-02-21 04:58:00,Дальневосточная,"Д-ВОСТ, ШЧ-3 ДВОСТ",,,,Перегорание лампы линзового светофора,CSH,2023,,,,,,
1,12719082,2023-02-21 18:20:00,Дальневосточная,"Д-ВОСТ, ШЧ-9 ДВОСТ","5шт 4,6ч",,,Потеря контакта в бегунке регулируемого сопротивления аппаратуры рельсовых цепей,CSH,2023,5.0,"4,6ч",,,,
2,12719115,2023-02-21 19:41:00,Дальневосточная,"Д-ВОСТ, ШЧ-14 ДВОСТ","1шт 0,6ч",,,Короткое замыкание секций СП-6М,CSH,2023,1.0,"0,6ч",,,,
3,12719211,2023-02-22 00:25:00,Дальневосточная,"Д-ВОСТ, ШЧ-4 ДВОСТ",,,,Короткое замыкание (электрический пробой) элементов трансформаторов аппаратуры рельсовых цепей,CSH,2023,,,,,,
3,12720427,2023-02-23 04:50:00,Дальневосточная,"Д-ВОСТ, ШЧ-8 ДВОСТ",,,,Разрегулировка контактов автопереключателя СП-6,CSH,2023,,,,,,
1,12720937,2023-02-23 16:05:00,Дальневосточная,"Д-ВОСТ, ШЧ-3 ДВОСТ","3шт 1,85ч",,,Пробой разрядников аппаратуры защиты сигнальной линии,CSH,2023,3.0,"1,85ч",,,,
3,12721409,2023-02-24 12:42:00,Дальневосточная,"Д-ВОСТ, ШЧ-2 ДВОСТ",,,,Перегорание плавкой вставки (проволоки) предохранителей аппаратуры защиты АБ,CSH,2023,,,,,,
3,12721712,2023-02-25 00:37:00,Дальневосточная,"Д-ВОСТ, ШЧ-2 ДВОСТ",,,,Неисправность элементов трансформаторов аппаратуры рельсовых цепей,CSH,2023,,,,,,
3,12724162,2023-02-25 19:24:00,Дальневосточная,"Д-ВОСТ, ШЧ-4 ДВОСТ",,,,Подгар контактов реле аппаратуры АБ,CSH,2023,,,,,,
2,12722430,2023-02-26 02:53:00,Дальневосточная,"Д-ВОСТ, ШЧ-4 ДВОСТ","1шт 0,43ч",,,Обрыв плавкой вставки (проволоки) предохранителей аппаратуры защиты постовых устройств ЭЦ,CSH,2023,1.0,"0,43ч",,,,
3,12725893,2023-02-26 03:45:00,Дальневосточная,"Д-ВОСТ, ШЧ-6 ДВОСТ",,,,"Сбой в работе платы концентратора информации, объектного контроллера",CSH,2023,,,,,,
3,12723048,2023-02-27 03:50:00,Дальневосточная,"Д-ВОСТ, ШЧ-14 ДВОСТ",,,,Повышенное переходное сопротивление между элементами ,CSH,2023,,,,,,
2,12724236,2023-02-28 07:23:00,Дальневосточная,"Д-ВОСТ, ШЧ-2 ДВОСТ","2шт 0,8ч",,,Обрыв жил сигнально-блокировочного металлического кабеля рельсовых цепей,CSH,2023,2.0,"0,8ч",,,,
1,12724579,2023-02-28 11:15:00,Дальневосточная,"Д-ВОСТ, ШЧ-4 ДВОСТ","8шт 7,15ч",,,Обрыв электрической цепи элементов дешифраторной ячейки аппаратуры АБ,CSH,2023,8.0,"7,15ч",,,,
3,12725262,2023-03-01 06:53:00,Дальневосточная,"Д-ВОСТ, ШЧ-10 ДВОСТ",,,,Нарушение монтажа шкафов для размещения устройств АБ,CSH,2023,,,,,,
3,12726674,2023-03-02 01:48:00,Дальневосточная,"Д-ВОСТ, ШЧ-3 ДВОСТ",,,,Повреждение стыкового соединителя,CSH,2023,,,,,,
3,12727495,2023-03-02 02:33:00,Дальневосточная,"Д-ВОСТ, ШЧ-14 ДВОСТ",,,,Причина не установлена,CSH,2023,,,,,,
3,12726823,2023-03-02 04:54:00,Дальневосточная,"Д-ВОСТ, ШЧ-9 ДВОСТ",,,,Ослабление крепления предохранителей аппаратуры защиты рельсовых цепей,CSH,2023,,,,,,
2,12727306,2023-03-02 10:54:00,Дальневосточная,"Д-ВОСТ, ШЧ-2 ДВОСТ",,"1шт 0,1ч",,Нарушение монтажа шкафов для размещения устройств АБ,CSH,2023,,,1.0,"0,1ч",,
3,12730084,2023-03-03 23:40:00,Дальневосточная,"Д-ВОСТ, ШЧ-2 ДВОСТ",,,,Разрегулировка контактов автопереключателя СП-6К,CSH,2023,,,,,,
3,12730461,2023-03-04 12:00:00,Дальневосточная,"Д-ВОСТ, ШЧ-14 ДВОСТ",,,,Обрыв провода (троса) перемычки,CSH,2023,,,,,,
2,12730251,2023-03-05 13:55:00,Дальневосточная,"Д-ВОСТ, ШЧ-3 ДВОСТ","6шт 1,85ч",,,Разрегулировка контактов автопереключателя СП-6М,CSH,2023,6.0,"1,85ч",,,,
2,12731356,2023-03-05 21:00:00,Дальневосточная,"Д-ВОСТ, ШЧ-12 ДВОСТ","8шт (к учету 7) 5,7ч",,,Короткое замыкание (электрический пробой) элементов трансформаторов аппаратуры рельсовых цепей,CSH,2023,7.0,"5,7ч",,,,
3,12731682,2023-03-06 06:37:00,Дальневосточная,"Д-ВОСТ, ШЧ-14 ДВОСТ",,,,Механическое повреждение путевого ящика оборудования для размещения аппаратуры рельсовых цепей,CSH,2023,,,,,,
3,12731879,2023-03-06 09:00:00,Дальневосточная,"Д-ВОСТ, ШЧ-4 ДВОСТ",,,,Неисправность элементов блока питания постовых устройств ЭЦ,CSH,2023,,,,,,
2,12738075,2023-03-06 12:37:00,Дальневосточная,"Д-ВОСТ, ШЧ-2 ДВОСТ","8шт 1,8ч","1шт 0,15ч","3шт (к учету 2) 0,47ч",Деформация гарнитуры стрелки,CSH,2023,8.0,"1,8ч",1.0,"0,15ч",2.0,"0,47ч"
2,12737991,2023-03-06 22:08:00,Дальневосточная,"Д-ВОСТ, ШЧ-3 ДВОСТ","11шт (к учету 9) 2,95ч",,"3шт (к учету 1) 0,6ч",Закорачивание РЦ,CSH,2023,9.0,"2,95ч",,,1.0,"0,6ч"
3,12733521,2023-03-07 03:20:00,Дальневосточная,"Д-ВОСТ, ШЧ-7 ДВОСТ",,,,Неисправность элементов трансмиттеров аппаратуры рельсовых цепей,CSH,2023,,,,,,
2,12733395,2023-03-07 03:27:00,Дальневосточная,"Д-ВОСТ, ШЧ-4 ДВОСТ","4шт 0,87ч",,,Обрыв обмотки реле аппаратуры постовых устройств ЭЦ,CSH,2023,4.0,"0,87ч",,,,
3,12733489,2023-03-07 05:02:00,Дальневосточная,"Д-ВОСТ, ШЧ-9 ДВОСТ",,,,Закорачивание РЦ,CSH,2023,,,,,,
2,12734137,2023-03-07 07:48:00,Дальневосточная,"Д-ВОСТ, ШЧ-2 ДВОСТ","2шт 0,52ч",,,Нарушение монтажа стативов для размещения постовых устройств ЭЦ,CSH,2023,2.0,"0,52ч",,,,
3,12734051,2023-03-07 10:46:00,Дальневосточная,"Д-ВОСТ, ШЧ-2 ДВОСТ",,,,Неисправность элементов аккумуляторов электропитания ПС,CSH,2023,,,,,,
3,12734186,2023-03-07 11:23:00,Дальневосточная,"Д-ВОСТ, ИЧ Ш САХАЛИН",,,,Обрыв жил сигнально-блокировочного металлического кабеля схемы управления стрелкой,CSH,2023,,,,,,
3,12735940,2023-03-09 05:56:00,Дальневосточная,"Д-ВОСТ, ШЧ-2 ДВОСТ",,,,Нарушение контакта в штепсельном разъеме реле аппаратуры постовых устройств ЭЦ,CSH,2023,,,,,,
3,12737806,2023-03-09 19:44:00,Дальневосточная,"Д-ВОСТ, ИЧ Ш САХАЛИН",,,,Нарушение электрических характеристик реле аппаратуры постовых устройств ЭЦ,CSH,2023,,,,,,
3,12740573,2023-03-11 19:53:00,Дальневосточная,"Д-ВОСТ, ШЧ-13 ДВОСТ",,,,Электрический пробой выравнивателей (ограничителей) аппаратуры защиты рельсовых цепей,CSH,2023,,,,,,
2,12740750,2023-03-12 03:32:00,Дальневосточная,"Д-ВОСТ, ШЧ-14 ДВОСТ","2шт 0,78ч",,,Неисправность элементов трансмиттеров аппаратуры АБ,CSH,2023,2.0,"0,78ч",,,,
3,12740757,2023-03-12 04:17:00,Дальневосточная,"Д-ВОСТ, ШЧ-4 ДВОСТ",,,,Износ элементов реле аппаратуры АБ,CSH,2023,,,,,,
3,12741145,2023-03-12 13:14:00,Дальневосточная,"Д-ВОСТ, ШЧ-13 ДВОСТ",,,,Повышенное переходное сопротивление между элементами ,CSH,2023,,,,,,
2,12741227,2023-03-12 15:51:00,Дальневосточная,"Д-ВОСТ, ШЧ-8 ДВОСТ","4шт 1,58ч",,,Неисправность деталей блока элементов аппаратуры АБ,CSH,2023,4.0,"1,58ч",,,,
2,12741517,2023-03-13 01:10:00,Дальневосточная,"Д-ВОСТ, ШЧ-6 ДВОСТ","5шт 0,97ч","1шт 0,17ч","1шт 0,38ч",Нарушение регулировки усилия перевода СП-6М,CSH,2023,5.0,"0,97ч",1.0,"0,17ч",1.0,"0,38ч"
3,12741807,2023-03-13 07:37:00,Дальневосточная,"Д-ВОСТ, ШЧ-2 ДВОСТ",,,,Обрыв провода (троса) перемычки,CSH,2023,,,,,,
3,12741873,2023-03-13 08:25:00,Дальневосточная,"Д-ВОСТ, ШЧ-12 ДВОСТ",,,,Нарушение монтажа шкафов для размещения устройств АБ,CSH,2023,,,,,,
2,12741905,2023-03-13 08:46:00,Дальневосточная,"Д-ВОСТ, ШЧ-2 ДВОСТ","15шт 6,33ч",,,Нарушение монтажа шкафов для размещения устройств АБ,CSH,2023,15.0,"6,33ч",,,,
3,12742079,2023-03-13 10:11:00,Дальневосточная,"Д-ВОСТ, ИЧ Ш САХАЛИН",,,,Другие неисправности внешнего монтажа аппаратуры устройств ПАБ,CSH,2023,,,,,,
3,12743287,2023-03-14 04:30:00,Дальневосточная,"Д-ВОСТ, ШЧ-14 ДВОСТ",,,,Нарушение монтажа шкафов для размещения устройств АБ,CSH,2023,,,,,,
3,12746716,2023-03-15 20:06:00,Дальневосточная,"Д-ВОСТ, ШЧ-3 ДВОСТ",,,,Потеря контакта в ламподержателе линзового светофора,CSH,2023,,,,,,
2,12748350,2023-03-17 05:06:00,Дальневосточная,"Д-ВОСТ, ШЧ-14 ДВОСТ","1шт 0,43ч",,,Ослабление затяжки болтов перемычки,CSH,2023,1.0,"0,43ч",,,,
3,12748547,2023-03-17 09:17:00,Дальневосточная,"Д-ВОСТ, ШЧ-8 ДВОСТ",,,,"Неисправность элементов крепления приборов в шкафах для размещения аппаратуры светофоров, указателей и полос",CSH,2023,,,,,,
2,12748959,2023-03-17 12:11:00,Дальневосточная,"Д-ВОСТ, ШЧ-14 ДВОСТ","5шт (к учету 3) 2,32ч",,,Неисправность элементов трансмиттеров аппаратуры АБ,CSH,2023,3.0,"2,32ч",,,,
2,12749151,2023-03-17 16:34:00,Дальневосточная,"Д-ВОСТ, ШЧ-2 ДВОСТ","4шт 1,02ч",,,Нарушение электрических характеристик реле аппаратуры АБ,CSH,2023,4.0,"1,02ч",,,,
3,12749265,2023-03-17 20:14:00,Дальневосточная,"Д-ВОСТ, ШЧ-13 ДВОСТ",,,,Нарушение монтажа стативов для размещения постовых устройств ЭЦ,CSH,2023,,,,,,
3,12749513,2023-03-18 07:00:00,Дальневосточная,"Д-ВОСТ, ШЧ-14 ДВОСТ",,,,Короткое замыкание деталей блока элементов аппаратуры АБ,CSH,2023,,,,,,
3,12749777,2023-03-18 15:13:00,Дальневосточная,"Д-ВОСТ, ШЧ-6 ДВОСТ",,,,Неисправность элементов крепления приборов в шкафах для размещения устройств АБ,CSH,2023,,,,,,
1,12749798,2023-03-18 16:07:00,Дальневосточная,"Д-ВОСТ, ШЧ-12 ДВОСТ","6шт (к учету 4) 2,82ч",3шт (к учету 2) 1ч,,Сообщение жил сигнально-блокировочного металлического кабеля постовых устройств ЭЦ,CSH,2023,4.0,"2,82ч",2.0,1ч,,
2,12750659,2023-03-19 20:40:00,Дальневосточная,"Д-ВОСТ, ШЧ-14 ДВОСТ","2шт 0,6ч",,,Ослабление затяжки болтов перемычки,CSH,2023,2.0,"0,6ч",,,,
3,12750724,2023-03-20 00:54:00,Дальневосточная,"Д-ВОСТ, ШЧ-4 ДВОСТ",,,,Снижение емкости конденсаторов в блоках элементов аппаратуры постовых устройств ЭЦ,CSH,2023,,,,,,
3,12753715,2023-03-20 02:49:00,Дальневосточная,"Д-ВОСТ, ШЧ-7 ДВОСТ",,,,Неисправность элементов выпрямительных устройств аппаратуры электропитания АБ,CSH,2023,,,,,,
2,12751956,2023-03-20 22:58:00,Дальневосточная,"Д-ВОСТ, ШЧ-7 ДВОСТ","1шт 0,35ч",,,Другие неисправности предохранителей аппаратуры защиты постовых устройств ЭЦ,CSH,2023,1.0,"0,35ч",,,,
2,12752167,2023-03-21 05:35:00,Дальневосточная,"Д-ВОСТ, ШЧ-14 ДВОСТ","2шт 0,88ч",,,Короткое замыкание (пробой) элементов преобразователей частоты аппаратуры АБ,CSH,2023,2.0,"0,88ч",,,,
3,12752489,2023-03-21 10:17:00,Дальневосточная,"Д-ВОСТ, ШЧ-2 ДВОСТ",,,,Неисправность напольной камеры,CSH,2023,,,,,,
3,12752856,2023-03-21 10:56:00,Дальневосточная,"Д-ВОСТ, ШЧ-6 ДВОСТ",,,,Другие неисправности разрядников рельсовых цепей,CSH,2023,,,,,,
2,12753274,2023-03-21 18:01:00,Дальневосточная,"Д-ВОСТ, ШЧ-12 ДВОСТ","7шт (к учету 6) 3,82ч",,,Электрический пробой элементов защитного блока аппаратуры АБ,CSH,2023,6.0,"3,82ч",,,,
3,12753597,2023-03-22 04:28:00,Дальневосточная,"Д-ВОСТ, ШЧ-14 ДВОСТ",,,,Неперевод стрелочного перевода по причине несвоевременной очистке и смазки,CSH,2023,,,,,,
3,12754009,2023-03-22 04:30:00,Дальневосточная,"Д-ВОСТ, ШЧ-14 ДВОСТ",,,,Неисправность элементов трансформаторов аппаратуры рельсовых цепей,CSH,2023,,,,,,
2,12753719,2023-03-22 06:48:00,Дальневосточная,"Д-ВОСТ, ШЧ-13 ДВОСТ","1шт 0,52ч","2шт (к учету 1) 0,3ч",,"Нарушение монтажа стативов для размещения аппаратуры светофоров, указателей и полос",CSH,2023,1.0,"0,52ч",1.0,"0,3ч",,
2,12754246,2023-03-22 10:58:00,Дальневосточная,"Д-ВОСТ, ШЧ-14 ДВОСТ","4шт 1,47ч",,,Повреждение оптического кабеля кабельной сети АБ,CSH,2023,4.0,"1,47ч",,,,
3,12754396,2023-03-22 13:03:00,Дальневосточная,"Д-ВОСТ, ШЧ-10 ДВОСТ",,,,Нарушение монтажа шкафов для размещения устройств АБ,CSH,2023,,,,,,
3,12759662,2023-03-23 08:11:00,Дальневосточная,"Д-ВОСТ, ШЧ-14 ДВОСТ","1шт 0,07ч",,,Повышенное переходное сопротивление между элементами ,CSH,2023,1.0,"0,07ч",,,,
3,12755485,2023-03-23 08:20:00,Дальневосточная,"Д-ВОСТ, ШЧ-7 ДВОСТ",,,,Закорачивание РЦ,CSH,2023,,,,,,
2,12755965,2023-03-23 14:19:00,Дальневосточная,"Д-ВОСТ, ШЧ-2 ДВОСТ","5шт 2,4ч",,,Повышенное переходное сопротивление между элементами ,CSH,2023,5.0,"2,4ч",,,,
3,12756512,2023-03-24 03:19:00,Дальневосточная,"Д-ВОСТ, ШЧ-14 ДВОСТ",,,,Нарушение герметичности колбы лампы линзового светофора,CSH,2023,,,,,,
3,12757390,2023-03-24 13:08:00,Дальневосточная,"Д-ВОСТ, ШЧ-3 ДВОСТ",,,,Обрыв металлического сигнально-блокировочного кабеля постовых устройств ЭЦ,CSH,2023,,,,,,
3,12768326,2023-03-24 16:31:00,Дальневосточная,"Д-ВОСТ, ШЧ-2 ДВОСТ","1шт 0,02ч",,,Другие неисправности АВМ рельсовых цепей,CSH,2023,1.0,"0,02ч",,,,
1,12758518,2023-03-26 02:29:00,Дальневосточная,"Д-ВОСТ, ШЧ-8 ДВОСТ","2шт (к учету 1) 1,53ч",,,Неисправность УКСПС из-за потери контакта в соединениях датчика,CSH,2023,1.0,"1,53ч",,,,
3,12760176,2023-03-27 15:02:00,Дальневосточная,"Д-ВОСТ, ШЧ-6 ДВОСТ",,,,Нарушение контакта во внутреннем монтаже СП-6М,CSH,2023,,,,,,
3,12760520,2023-03-27 23:30:00,Дальневосточная,"Д-ВОСТ, ИЧ Ш САХАЛИН",,,,Неисправность напольного электронного модуля (НЭМ),CSH,2023,,,,,,
3,12760970,2023-03-28 08:15:00,Дальневосточная,"Д-ВОСТ, ШЧ-12 ДВОСТ",,,,"Повышенное переходное сопротивление между элементами (штепсель-рельс, провод (трос)-штепсель, провод (трос)-наконечник)",CSH,2023,,,,,,
3,12761836,2023-03-28 13:13:00,Дальневосточная,"Д-ВОСТ, ШЧ-14 ДВОСТ",,,,Неисправность устройства сопряжения с объектами УСО,CSH,2023,,,,,,
2,12762091,2023-03-28 20:45:00,Дальневосточная,"Д-ВОСТ, ШЧ-10 ДВОСТ","1шт 0,47ч",,,Обрыв стыкового соединителя,CSH,2023,1.0,"0,47ч",,,,
3,12762131,2023-03-28 23:30:00,Дальневосточная,"Д-ВОСТ, ШЧ-12 ДВОСТ",,,,Обрыв плавкой вставки (проволоки) предохранителей аппаратуры защиты постовых устройств ЭЦ,CSH,2023,,,,,,
3,12770896,2023-03-29 11:57:00,Дальневосточная,"Д-ВОСТ, ШЧ-14 ДВОСТ","1шт 0,07ч",,,Нарушение герметичности колбы лампы линзового светофора,CSH,2023,1.0,"0,07ч",,,,
3,12763926,2023-03-29 23:55:00,Дальневосточная,"Д-ВОСТ, ШЧ-14 ДВОСТ",,,,Причина не установлена,CSH,2023,,,,,,
3,12765060,2023-03-30 15:50:00,Дальневосточная,"Д-ВОСТ, ШЧ-2 ДВОСТ",,,,Сообщение жил сигнально-блокировочного металлического кабеля рельсовых цепей,CSH,2023,,,,,,
3,12768161,2023-03-31 07:06:00,Дальневосточная,"Д-ВОСТ, ШЧ-3 ДВОСТ",,,,Неисправности муфт арматуры кабельной линии рельсовых цепей,CSH,2023,,,,,,
3,12765704,2023-03-31 07:54:00,Дальневосточная,"Д-ВОСТ, ШЧ-6 ДВОСТ",,,,Разрегулировка временных параметров трансмиттеров аппаратуры рельсовых цепей,CSH,2023,,,,,,
3,12766645,2023-04-01 03:33:00,Дальневосточная,"Д-ВОСТ, ШЧ-10 ДВОСТ",,,,Короткое замыкание монтажа ящика для размещения устройств АБ,CSH,2023,,,,,,
3,12767383,2023-04-02 03:45:00,Дальневосточная,"Д-ВОСТ, ШЧ-14 ДВОСТ",,,,Повреждение контактной системы реле дешифраторной ячейки аппаратуры АБ,CSH,2023,,,,,,
3,12767611,2023-04-02 08:15:00,Дальневосточная,"Д-ВОСТ, ШЧ-2 ДВОСТ",,,,Понижение сопротивления изоляции монтажа сигнально-блокировочного металлического кабеля рельсовых цепей,CSH,2023,,,,,,
3,12768035,2023-04-02 19:42:00,Дальневосточная,"Д-ВОСТ, ШЧ-14 ДВОСТ",,,,Обрыв провода (троса) перемычки,CSH,2023,,,,,,
3,12768154,2023-04-03 00:50:00,Дальневосточная,"Д-ВОСТ, ШЧ-14 ДВОСТ",,,,Закорачивание РЦ,CSH,2023,,,,,,
2,12772840,2023-04-04 23:47:00,Дальневосточная,"Д-ВОСТ, ШЧ-10 ДВОСТ","3шт 1,55ч",,,Нарушение электрических характеристик реле аппаратуры рельсовых цепей,CSH,2023,3.0,"1,55ч",,,,
3,12772976,2023-04-05 03:55:00,Дальневосточная,"Д-ВОСТ, ШЧ-6 ДВОСТ",,,,Недостаток в схеме кодирования,CSH,2023,,,,,,
2,12773268,2023-04-05 07:40:00,Дальневосточная,"Д-ВОСТ, ШЧ-14 ДВОСТ","1шт 0,45ч",,,Неисправность светодиодного модуля светофора,CSH,2023,1.0,"0,45ч",,,,
2,12775458,2023-04-05 16:06:00,Дальневосточная,"Д-ВОСТ, ШЧ-8 ДВОСТ","9шт 5,42ч",,,Нарушение контакта в монтаже в путевых ящиках для размещения аппаратуры рельсовых цепей,CSH,2023,9.0,"5,42ч",,,,
3,12776011,2023-04-06 06:07:00,Дальневосточная,"Д-ВОСТ, ШЧ-9 ДВОСТ",,,,Обрыв плавкой вставки (проволоки) предохранителей аппаратуры защиты постовых устройств ЭЦ,CSH,2023,,,,,,
3,12778531,2023-04-07 05:11:00,Дальневосточная,"Д-ВОСТ, ШЧ-8 ДВОСТ",,,,Обрыв жил сигнально-блокировочного металлического кабеля схемы управления стрелкой,CSH,2023,,,,,,
3,12780988,2023-04-08 11:47:00,Дальневосточная,"Д-ВОСТ, ШЧ-12 ДВОСТ",,,,"Нарушение монтажа стативов для размещения аппаратуры светофоров, указателей и полос",CSH,2023,,,,,,
3,12781075,2023-04-08 13:48:00,Дальневосточная,"Д-ВОСТ, ШЧ-2 ДВОСТ","3шт 0,23ч",,,Неисправность монтажа в путевом ящике УКСПС,CSH,2023,3.0,"0,23ч",,,,
2,12781097,2023-04-08 14:35:00,Дальневосточная,"Д-ВОСТ, ШЧ-14 ДВОСТ","1шт 0,33ч","1шт 0,17ч",,Повреждение стыкового соединителя,CSH,2023,1.0,"0,33ч",1.0,"0,17ч",,
2,12784340,2023-04-10 19:46:00,Дальневосточная,"Д-ВОСТ, ШЧ-14 ДВОСТ","3шт 1,73ч",,,Короткое замыкание внешнего монтажа аппаратуры защиты устройств АБ,CSH,2023,3.0,"1,73ч",,,,
2,12784355,2023-04-10 20:39:00,Дальневосточная,"Д-ВОСТ, ШЧ-3 ДВОСТ","5шт 2,02ч",,,Закорачивание РЦ,CSH,2023,5.0,"2,02ч",,,,
1,12784457,2023-04-11 00:50:00,Дальневосточная,"Д-ВОСТ, ШЧ-8 ДВОСТ","3шт 3,8ч",,,Нарушение контакта монтажа в шкафах для размещения аппаратуры постовых устройств ЭЦ,CSH,2023,3.0,"3,8ч",,,,
3,12785438,2023-04-11 06:47:00,Дальневосточная,"Д-ВОСТ, ШЧ-8 ДВОСТ",,,,Причина не установлена,CSH,2023,,,,,,
3,12785168,2023-04-11 10:39:00,Дальневосточная,"Д-ВОСТ, ШЧ-6 ДВОСТ",,,,Электрический пробой разрядников аппаратуры защиты рельсовых цепей,CSH,2023,,,,,,
3,12785313,2023-04-11 11:10:00,Дальневосточная,"Д-ВОСТ, ИЧ Ш САХАЛИН",,,,"Короткое замыкание (электрический пробой) элементов трансформаторов аппаратуры светофоров, указателей и полос",CSH,2023,,,,,,
3,12785766,2023-04-11 11:45:00,Дальневосточная,"Д-ВОСТ, ШЧ-2 ДВОСТ",,,,Разрегулировка контактов автопереключателя СП-6М,CSH,2023,,,,,,
2,12794787,2023-04-11 14:28:00,Дальневосточная,"Д-ВОСТ, ШЧ-7 ДВОСТ","10шт 5,43ч","1шт 0,18ч",,Другие неисправности блока выдержки времени постовых устройств ЭЦ,CSH,2023,10.0,"5,43ч",1.0,"0,18ч",,
3,12788323,2023-04-12 13:11:00,Дальневосточная,"Д-ВОСТ, ШЧ-12 ДВОСТ",,,,Нарушение контакта в монтаже в путевых ящиках для размещения аппаратуры рельсовых цепей,CSH,2023,,,,,,
2,12789360,2023-04-13 05:10:00,Дальневосточная,"Д-ВОСТ, ШЧ-4 ДВОСТ","6шт 2,87ч",,,Неисправность элементов преобразователей частоты аппаратуры постовых устройств ЭЦ,CSH,2023,6.0,"2,87ч",,,,
3,12790902,2023-04-13 18:01:00,Дальневосточная,"Д-ВОСТ, ШЧ-14 ДВОСТ",,,,Сбой в работе центрального процессорного модуля,CSH,2023,,,,,,
3,12791532,2023-04-14 04:16:00,Дальневосточная,"Д-ВОСТ, ШЧ-12 ДВОСТ",,,,Неисправность контакторов (магнитных пускателей) панелей питания постовых устройств ЭЦ,CSH,2023,,,,,,
3,12792539,2023-04-14 16:24:00,Дальневосточная,"Д-ВОСТ, ШЧ-6 ДВОСТ",,,,"Повреждение шнуров, патчкордов ВОЛС",CSH,2023,,,,,,
3,12792944,2023-04-15 02:50:00,Дальневосточная,"Д-ВОСТ, ШЧ-10 ДВОСТ",,,,"Нарушение элетрического контакта в болтовых и паечных соединениях, штепсельных разъемах внешнего монтажа аппаратуры светофоров, указателей и полос",CSH,2023,,,,,,
2,12793581,2023-04-15 17:10:00,Дальневосточная,"Д-ВОСТ, ШЧ-9 ДВОСТ","1шт 0,95ч",,,Нарушение монтажа стативов для размещения устройств АБ,CSH,2023,1.0,"0,95ч",,,,
2,12793962,2023-04-16 05:33:00,Дальневосточная,"Д-ВОСТ, ШЧ-4 ДВОСТ",,"1шт 0,12ч",,Разрегулировка контактов элементов пульта-табло постовых устройств ЭЦ,CSH,2023,,,1.0,"0,12ч",,
1,12793964,2023-04-16 05:46:00,Дальневосточная,"Д-ВОСТ, ШЧ-14 ДВОСТ","5шт 4,42ч",,,Короткое замыкание (электрический пробой) элементов трансформаторов аппаратуры рельсовых цепей,CSH,2023,5.0,"4,42ч",,,,
2,12794131,2023-04-16 10:02:00,Дальневосточная,"Д-ВОСТ, ШЧ-6 ДВОСТ","9шт 3,13ч",,,Нарушение электрического контакта в штепсельных разъемах релейных блоков аппаратуры постовых устройств ЭЦ,CSH,2023,9.0,"3,13ч",,,,
1,12794326,2023-04-16 16:42:00,Дальневосточная,"Д-ВОСТ, ШЧ-8 ДВОСТ","7шт (к учету 6) 4,85ч",,,Закорачивание РЦ,CSH,2023,6.0,"4,85ч",,,,
1,12794449,2023-04-16 18:47:00,Дальневосточная,"Д-ВОСТ, ШЧ-14 ДВОСТ","2шт 2,7ч",,,Закорачивание РЦ,CSH,2023,2.0,"2,7ч",,,,
3,12794525,2023-04-17 00:06:00,Дальневосточная,"Д-ВОСТ, ШЧ-3 ДВОСТ",,,,Нарушение регулировки гарнитуры стрелки,CSH,2023,,,,,,
3,12796001,2023-04-18 00:02:00,Дальневосточная,"Д-ВОСТ, ШЧ-12 ДВОСТ",,,,"Внутренний обрыв электрической цепи выравнивателей аппаратуры защиты светофоров, указателей и полос",CSH,2023,,,,,,
2,12796708,2023-04-18 08:50:00,Дальневосточная,"Д-ВОСТ, ШЧ-10 ДВОСТ","2шт 1,65ч",,,Обрыв жил сигнально-блокировочного металлического кабеля рельсовых цепей,CSH,2023,2.0,"1,65ч",,,,
3,12796658,2023-04-18 09:30:00,Дальневосточная,"Д-ВОСТ, ШЧ-14 ДВОСТ",,,,Неисправность постоянного запоминающего устройства ПЗУ,CSH,2023,,,,,,
3,12797785,2023-04-18 18:39:00,Дальневосточная,"Д-ВОСТ, ШЧ-2 ДВОСТ",,,,Ослабление затяжки болтов перемычки,CSH,2023,,,,,,
3,12798439,2023-04-19 08:43:00,Дальневосточная,"Д-ВОСТ, ШЧ-12 ДВОСТ",,,,Искажение кодовых комбинаций трансмиттеров аппаратуры рельсовых цепей,CSH,2023,,,,,,
2,12801109,2023-04-20 17:38:00,Дальневосточная,"Д-ВОСТ, ШЧ-8 ДВОСТ","1шт 0,35ч",,,Пробой элементов блока питания постовых устройств ЭЦ,CSH,2023,1.0,"0,35ч",,,,
3,12802263,2023-04-21 10:05:00,Дальневосточная,"Д-ВОСТ, ШЧ-9 ДВОСТ",,,,"Повышенное переходное сопротивление между элементами (штепсель-рельс, провод (трос)-штепсель, провод (трос)-наконечник)",CSH,2023,,,,,,
2,12802708,2023-04-21 17:54:00,Дальневосточная,"Д-ВОСТ, ШЧ-14 ДВОСТ","1шт 0,4ч",,,"Повышенное переходное сопротивление между элементами (штепсель-рельс, провод (трос)-штепсель, провод (трос)-наконечник)",CSH,2023,1.0,"0,4ч",,,,
1,12802961,2023-04-22 04:34:00,Дальневосточная,"Д-ВОСТ, ШЧ-14 ДВОСТ","4шт 5,12ч",,,Перегорание плавкой вставки (проволоки) предохранителей аппаратуры защиты постовых устройств ЭЦ,CSH,2023,4.0,"5,12ч",,,,
2,12803462,2023-04-22 16:20:00,Дальневосточная,"Д-ВОСТ, ШЧ-4 ДВОСТ","20шт (к учету 18) 6,72ч","2шт (к учету 1) 0,73ч",,Механическое заедание элементов пульта табло аппаратов управления и контроля стрелки,CSH,2023,18.0,"6,72ч",1.0,"0,73ч",,
2,12804136,2023-04-23 14:14:00,Дальневосточная,"Д-ВОСТ, ШЧ-14 ДВОСТ","2шт 0,92ч",,,Короткое замыкание внешнего монтажа аппаратуры защиты устройств АБ,CSH,2023,2.0,"0,92ч",,,,
2,12812551,2023-04-23 18:48:00,Дальневосточная,"Д-ВОСТ, ШЧ-2 ДВОСТ","4шт 0,07ч","2шт (к учету 1) 0,32ч",,Сообщение жил сигнально-блокировочного металлического кабеля рельсовых цепей,CSH,2023,4.0,"0,07ч",1.0,"0,32ч",,
3,12806250,2023-04-24 19:55:00,Дальневосточная,"Д-ВОСТ, ШЧ-2 ДВОСТ",,,,Сверхнормативное переходное сопротивление контактов АВМ рельсовых цепей,CSH,2023,,,,,,
3,12810793,2023-04-25 00:29:00,Дальневосточная,"Д-ВОСТ, ШЧ-8 ДВОСТ",,,,Разрегулировка контактов автопереключателя СП-6,CSH,2023,,,,,,
3,12808568,2023-04-26 02:30:00,Дальневосточная,"Д-ВОСТ, ШЧ-2 ДВОСТ",,,,Нарушение монтажа стативов для размещения постовых устройств ЭЦ,CSH,2023,,,,,,
2,12812005,2023-04-27 22:06:00,Дальневосточная,"Д-ВОСТ, ШЧ-3 ДВОСТ","11шт (к учету 10) 3,55ч",,,Обрыв провода (троса) перемычки,CSH,2023,10.0,"3,55ч",,,,
3,12812768,2023-04-28 08:18:00,Дальневосточная,"Д-ВОСТ, ШЧ-6 ДВОСТ",,,,Нарушение монтажа стативов для размещения постовых устройств ЭЦ,CSH,2023,,,,,,
2,12813942,2023-04-29 11:25:00,Дальневосточная,"Д-ВОСТ, ШЧ-13 ДВОСТ","3шт 0,88ч",,,Короткое замыкание (электрический пробой) элементов трансформаторов аппаратуры рельсовых цепей,CSH,2023,3.0,"0,88ч",,,,
2,12813963,2023-04-29 13:45:00,Дальневосточная,"Д-ВОСТ, ШЧ-2 ДВОСТ","10шт (к учету 7) 3,2ч","1шт 0,12ч",,Обрыв жил сигнально-блокировочного металлического кабеля рельсовых цепей,CSH,2023,7.0,"3,2ч",1.0,"0,12ч",,
3,12814318,2023-04-30 02:40:00,Дальневосточная,"Д-ВОСТ, ШЧ-14 ДВОСТ",,,,"Повышенное переходное сопротивление между элементами (штепсель-рельс, провод (трос)-штепсель, провод (трос)-наконечник)",CSH,2023,,,,,,
3,12821265,2023-04-30 15:22:00,Дальневосточная,"Д-ВОСТ, ШЧ-7 ДВОСТ",,,,Нарушение электрических характеристик реле аппаратуры АБ,CSH,2023,,,,,,
3,12815298,2023-05-01 11:27:00,Дальневосточная,"Д-ВОСТ, ШЧ-2 ДВОСТ",,,,Неисправность элементов электронной педали,CSH,2023,,,,,,
3,12816402,2023-05-02 09:20:00,Дальневосточная,"Д-ВОСТ, ШЧ-12 ДВОСТ",,,,Короткое замыкание внешнего монтажа аппаратуры защиты  рельсовых цепей,CSH,2023,,,,,,
2,12816752,2023-05-02 11:30:00,Дальневосточная,"Д-ВОСТ, ШЧ-12 ДВОСТ","3шт 1,55ч",,,Неисправность элементов реле аппаратуры АБ,CSH,2023,3.0,"1,55ч",,,,
2,12818022,2023-05-03 03:31:00,Дальневосточная,"Д-ВОСТ, ШЧ-8 ДВОСТ",,,"1шт 0,1ч",Причина не установлена,CSH,2023,,,,,1.0,"0,1ч"
3,12820928,2023-05-04 00:10:00,Дальневосточная,"Д-ВОСТ, ШЧ-10 ДВОСТ",,,,Нарушение контакта в монтаже в путевых ящиках для размещения аппаратуры рельсовых цепей,CSH,2023,,,,,,
3,12821030,2023-05-04 02:48:00,Дальневосточная,"Д-ВОСТ, ШЧ-8 ДВОСТ",,,,Нарушение контакта в монтаже в путевых ящиках для размещения аппаратуры рельсовых цепей,CSH,2023,,,,,,
1,12821746,2023-05-04 10:12:00,Дальневосточная,"Д-ВОСТ, ШЧ-3 ДВОСТ","6шт 7,88ч",,,Механические повреждения сигнально-блокировочного металлического кабеля рельсовых цепей,CSH,2023,6.0,"7,88ч",,,,
3,12823360,2023-05-04 19:40:00,Дальневосточная,"Д-ВОСТ, ШЧ-6 ДВОСТ",,,,"Повышенное переходное сопротивление между элементами (штепсель-рельс, провод (трос)-штепсель, провод (трос)-наконечник)",CSH,2023,,,,,,
2,12824658,2023-05-05 12:29:00,Дальневосточная,"Д-ВОСТ, ШЧ-8 ДВОСТ","4шт (к учету 3) 1,08ч",,,Причина не установлена,CSH,2023,3.0,"1,08ч",,,,
2,12825934,2023-05-06 04:43:00,Дальневосточная,"Д-ВОСТ, ШЧ-13 ДВОСТ","1шт 0,5ч",,,Неисправность элементов стабилизированных источников питания аппаратуры электропитания АБ,CSH,2023,1.0,"0,5ч",,,,
3,12826978,2023-05-07 00:20:00,Дальневосточная,"Д-ВОСТ, ШЧ-14 ДВОСТ","1шт 0,05ч",,,"Неисправность платы концентратора информации, объектного контроллера",CSH,2023,1.0,"0,05ч",,,,
2,12827011,2023-05-07 01:30:00,Дальневосточная,"Д-ВОСТ, ШЧ-7 ДВОСТ","6шт 1,23ч",,,Неисправность элементов реле аппаратуры АБ,CSH,2023,6.0,"1,23ч",,,,
2,12835443,2023-05-07 21:45:00,Дальневосточная,"Д-ВОСТ, ШЧ-8 ДВОСТ","3шт 0,87ч",,,Нарушение контакта во внутреннем монтаже СП-6М,CSH,2023,3.0,"0,87ч",,,,
3,12829026,2023-05-09 00:40:00,Дальневосточная,"Д-ВОСТ, ШЧ-13 ДВОСТ",,,,Повреждение стыкового соединителя,CSH,2023,,,,,,
3,12829717,2023-05-10 01:05:00,Дальневосточная,"Д-ВОСТ, ШЧ-2 ДВОСТ",,,,Нарушение контакта во внутреннем монтаже СП-6К,CSH,2023,,,,,,
2,12832429,2023-05-10 08:17:00,Дальневосточная,"Д-ВОСТ, ШЧ-2 ДВОСТ","18шт 9,98ч","1шт 0,87ч",,Механические повреждения кабеля напольного оборудования,CSH,2023,18.0,"9,98ч",1.0,"0,87ч",,
3,12831245,2023-05-10 13:41:00,Дальневосточная,"Д-ВОСТ, ШЧ-14 ДВОСТ",,,,Нарушение контакта в монтаже в путевых ящиках для размещения аппаратуры рельсовых цепей,CSH,2023,,,,,,
2,12832835,2023-05-11 07:43:00,Дальневосточная,"Д-ВОСТ, ШЧ-4 ДВОСТ","5шт (к учету 4) 3,2ч",,,Нарушение электрических характеристик реле аппаратуры АБ,CSH,2023,4.0,"3,2ч",,,,
1,12837057,2023-05-12 16:30:00,Дальневосточная,"Д-ВОСТ, ШЧ-2 ДВОСТ","9шт 5,77ч","1шт 0,12ч",,Нарушение контакта во внутреннем монтаже пульта-табло постовых устройств ЭЦ,CSH,2023,9.0,"5,77ч",1.0,"0,12ч",,
3,12839691,2023-05-13 00:05:00,Дальневосточная,"Д-ВОСТ, ШЧ-6 ДВОСТ",,,,Другие неисправности тиристорных устройств защиты рельсовых цепей,CSH,2023,,,,,,
3,12837348,2023-05-13 01:20:00,Дальневосточная,"Д-ВОСТ, ШЧ-3 ДВОСТ",,,,Повышенное переходное сопротивление между элементами ,CSH,2023,,,,,,
2,12837637,2023-05-13 08:39:00,Дальневосточная,"Д-ВОСТ, ШЧ-2 ДВОСТ","7шт (к учету 5) 1,97ч",,,Короткое замыкание (электрический пробой) элементов реле аппаратуры рельсовых цепей,CSH,2023,5.0,"1,97ч",,,,
2,12837682,2023-05-13 11:48:00,Дальневосточная,"Д-ВОСТ, ШЧ-2 ДВОСТ","2шт 0,83ч","2шт 0,45ч",,Неисправность бесконтактной аппаратуры СЦБ,CSH,2023,2.0,"0,83ч",2.0,"0,45ч",,
3,12838121,2023-05-14 00:52:00,Дальневосточная,"Д-ВОСТ, ШЧ-2 ДВОСТ",,,,Неисправность приёмной капсулы напольной камеры,CSH,2023,,,,,,
3,12838212,2023-05-14 02:32:00,Дальневосточная,"Д-ВОСТ, ШЧ-2 ДВОСТ",,,,Разрегулировка временных параметров трансмиттеров аппаратуры АБ,CSH,2023,,,,,,
2,12838807,2023-05-14 19:37:00,Дальневосточная,"Д-ВОСТ, ШЧ-12 ДВОСТ",,"1шт 0,13ч",,Обрыв плавкой вставки (проволоки) предохранителей аппаратуры защиты рельсовых цепей,CSH,2023,,,1.0,"0,13ч",,
3,12839235,2023-05-15 07:10:00,Дальневосточная,"Д-ВОСТ, ШЧ-14 ДВОСТ",,,,Нарушение монтажа стативов для размещения схемы управления стрелкой,CSH,2023,,,,,,
2,12839415,2023-05-15 08:50:00,Дальневосточная,"Д-ВОСТ, ШЧ-3 ДВОСТ","6шт 1,18ч","1шт 0,15ч",,Нарушение контакта в монтаже в путевых ящиках для размещения аппаратуры рельсовых цепей,CSH,2023,6.0,"1,18ч",1.0,"0,15ч",,
1,12839803,2023-05-15 11:38:00,Дальневосточная,"Д-ВОСТ, ШЧ-2 ДВОСТ","56шт 36,43ч",,"5шт (к учету 2) 1,87ч",Другие неисправности предохранителей аппаратуры защиты рельсовых цепей,CSH,2023,56.0,"36,43ч",,,2.0,"1,87ч"
2,12841030,2023-05-16 05:10:00,Дальневосточная,"Д-ВОСТ, ШЧ-13 ДВОСТ","1шт 0,4ч",,,Нарушение контакта монтажа в элементах панелей питания постовых устройств ЭЦ,CSH,2023,1.0,"0,4ч",,,,
3,12842524,2023-05-17 00:20:00,Дальневосточная,"Д-ВОСТ, ШЧ-8 ДВОСТ","1шт 0,12ч",,,Нарушение монтажа стативов для размещения постовых устройств ЭЦ,CSH,2023,1.0,"0,12ч",,,,
3,12842733,2023-05-17 05:00:00,Дальневосточная,"Д-ВОСТ, ШЧ-14 ДВОСТ",,,,Нарушение контакта в монтаже в путевых ящиках для размещения аппаратуры рельсовых цепей,CSH,2023,,,,,,
2,12844719,2023-05-17 05:29:00,Дальневосточная,"Д-ВОСТ, ШЧ-6 ДВОСТ","12шт (к учету 11) 5,02ч",,,Нарушение монтажа стативов для размещения постовых устройств ЭЦ,CSH,2023,11.0,"5,02ч",,,,
2,12844336,2023-05-18 02:44:00,Дальневосточная,"Д-ВОСТ, ШЧ-7 ДВОСТ","7шт 2,15ч","1шт 0,52ч",,Короткое замыкание изолирующего стыка,CSH,2023,7.0,"2,15ч",1.0,"0,52ч",,
2,12844722,2023-05-18 08:25:00,Дальневосточная,"Д-ВОСТ, ШЧ-8 ДВОСТ","1шт 0,62ч",,,Обрыв обмотки реле аппаратуры АБ,CSH,2023,1.0,"0,62ч",,,,
2,12845126,2023-05-18 12:22:00,Дальневосточная,"Д-ВОСТ, ШЧ-10 ДВОСТ","1шт 0,55ч",,,"Повышенное переходное сопротивление между элементами (штепсель-рельс, провод (трос)-штепсель, провод (трос)-наконечник)",CSH,2023,1.0,"0,55ч",,,,
2,12845281,2023-05-18 13:00:00,Дальневосточная,"Д-ВОСТ, ШЧ-14 ДВОСТ","3шт 1,58ч",,,Неисправность элементов трансмиттеров аппаратуры АБ,CSH,2023,3.0,"1,58ч",,,,
3,12847705,2023-05-19 12:56:00,Дальневосточная,"Д-ВОСТ, ШЧ-12 ДВОСТ",,,,Обрыв плавкой вставки (проволоки) предохранителей аппаратуры защиты АБ,CSH,2023,,,,,,
3,12849402,2023-05-22 02:45:00,Дальневосточная,"Д-ВОСТ, ШЧ-3 ДВОСТ",,,,"Перегорание плавкой вставки (проволоки) предохранителей аппаратуры защиты светофоров, указателей и полос",CSH,2023,,,,,,
3,12849957,2023-05-22 09:22:00,Дальневосточная,"Д-ВОСТ, ШЧ-10 ДВОСТ",,,,Нарушение временных характеристик реле аппаратуры АБ,CSH,2023,,,,,,
1,12850206,2023-05-22 11:49:00,Дальневосточная,"Д-ВОСТ, ШЧ-8 ДВОСТ","15шт 18,13ч",,"2шт 0,3ч",Обрыв деталей блока элементов аппаратуры АБ,CSH,2023,15.0,"18,13ч",,,2.0,"0,3ч"
1,12850838,2023-05-22 17:25:00,Дальневосточная,"Д-ВОСТ, ШЧ-3 ДВОСТ","13шт (к учету 11) 10,3ч","1шт 0,17ч",,Нарушение монтажа стативов для размещения постовых устройств ЭЦ,CSH,2023,11.0,"10,3ч",1.0,"0,17ч",,
3,12851485,2023-05-23 06:45:00,Дальневосточная,"Д-ВОСТ, ШЧ-2 ДВОСТ",,,,Разрегулировка временных параметров трансмиттеров аппаратуры рельсовых цепей,CSH,2023,,,,,,
2,12852151,2023-05-23 10:05:00,Дальневосточная,"Д-ВОСТ, ШЧ-9 ДВОСТ","1шт 0,53ч",,,Износ элементов фазирующих устройств рельсовых цепей,CSH,2023,1.0,"0,53ч",,,,
1,12852747,2023-05-23 13:04:00,Дальневосточная,"Д-ВОСТ, ШЧ-10 ДВОСТ","4шт (к учету 3) 3,37ч",,,Нарушение контакта во внутреннем монтаже СП-6М,CSH,2023,3.0,"3,37ч",,,,
3,12854946,2023-05-23 13:35:00,Дальневосточная,"Д-ВОСТ, ШЧ-3 ДВОСТ",,,,"Обрыв плавкой вставки (проволоки) предохранителей аппаратуры защиты светофоров, указателей и полос",CSH,2023,,,,,,
2,12852484,2023-05-23 13:50:00,Дальневосточная,"Д-ВОСТ, ШЧ-14 ДВОСТ","6шт (к учету 4) 3,7ч",,,Перегорание плавкой вставки (проволоки) предохранителей аппаратуры защиты постовых устройств ЭЦ,CSH,2023,4.0,"3,7ч",,,,
1,12853033,2023-05-23 23:21:00,Дальневосточная,"Д-ВОСТ, ШЧ-2 ДВОСТ","36шт (к учету 26) 17,1ч","1шт 0,37ч","2шт 1,58ч",Обрыв фазирующих устройств рельсовых цепей,CSH,2023,26.0,"17,1ч",1.0,"0,37ч",2.0,"1,58ч"
3,12853838,2023-05-24 10:00:00,Дальневосточная,"Д-ВОСТ, ШЧ-14 ДВОСТ",,,,Пробой регулируемого сопротивления аппаратуры рельсовых цепей,CSH,2023,,,,,,
3,12855515,2023-05-24 12:09:00,Дальневосточная,"Д-ВОСТ, ШЧ-7 ДВОСТ",,,,"Неисправность деталей блока элементов аппаратуры светофоров, указателей и полос",CSH,2023,,,,,,
2,12855060,2023-05-25 04:23:00,Дальневосточная,"Д-ВОСТ, ШЧ-9 ДВОСТ","5шт 4,03ч",,,Потеря контакта в бегунке регулируемого сопротивления аппаратуры рельсовых цепей,CSH,2023,5.0,"4,03ч",,,,
2,12855367,2023-05-25 08:49:00,Дальневосточная,"Д-ВОСТ, ШЧ-13 ДВОСТ","1шт 0,42ч",,,"Нарушение электрических характеристик реле аппаратуры светофоров, указателей и полос",CSH,2023,1.0,"0,42ч",,,,
3,12855818,2023-05-25 12:56:00,Дальневосточная,"Д-ВОСТ, ШЧ-2 ДВОСТ",,,,Неисправность приёмной капсулы напольной камеры,CSH,2023,,,,,,
1,12856539,2023-05-26 04:32:00,Дальневосточная,"Д-ВОСТ, ШЧ-2 ДВОСТ","8шт (к учету 7) 5,28ч",,,Неисправность элементов трансформаторов аппаратуры рельсовых цепей,CSH,2023,7.0,"5,28ч",,,,
3,12857211,2023-05-26 12:40:00,Дальневосточная,"Д-ВОСТ, ШЧ-10 ДВОСТ",,,,Нарушение временных характеристик реле аппаратуры АБ,CSH,2023,,,,,,
3,12859214,2023-05-28 10:12:00,Дальневосточная,"Д-ВОСТ, ШЧ-3 ДВОСТ",,,,Нарушение монтажа стативов для размещения постовых устройств ЭЦ,CSH,2023,,,,,,
2,12858918,2023-05-28 15:17:00,Дальневосточная,"Д-ВОСТ, ШЧ-8 ДВОСТ","1шт 0,53ч",,,Обрыв жил сигнально-блокировочного металлического кабеля рельсовых цепей,CSH,2023,1.0,"0,53ч",,,,
3,12859952,2023-05-29 13:16:00,Дальневосточная,"Д-ВОСТ, ШЧ-10 ДВОСТ",,,,Нарушение контакта в монтаже в путевых ящиках для размещения аппаратуры рельсовых цепей,CSH,2023,,,,,,
3,12862160,2023-05-30 16:40:00,Дальневосточная,"Д-ВОСТ, ШЧ-9 ДВОСТ",,,,Сбой в работе устройств сопряжения с объектами УСО,CSH,2023,,,,,,
3,12861744,2023-05-30 17:04:00,Дальневосточная,"Д-ВОСТ, ШЧ-6 ДВОСТ",,,,Нарушение контакта во внутреннем монтаже пульта-табло постовых устройств ЭЦ,CSH,2023,,,,,,
3,12861883,2023-05-30 18:26:00,Дальневосточная,"Д-ВОСТ, ШЧ-9 ДВОСТ",,,,Сбой в работе устройств сопряжения с объектами УСО,CSH,2023,,,,,,
2,12861817,2023-05-30 19:48:00,Дальневосточная,"Д-ВОСТ, ШЧ-10 ДВОСТ",,"4шт (к учету 2) 0,38ч",,Нарушение регулировки усилия перевода СП-6К,CSH,2023,,,2.0,"0,38ч",,
2,12861916,2023-05-30 22:51:00,Дальневосточная,"Д-ВОСТ, ШЧ-14 ДВОСТ","3шт 1,83ч",,,Заклинивание подвижных частей трансмиттеров аппаратуры АБ,CSH,2023,3.0,"1,83ч",,,,
3,12864860,2023-05-31 00:28:00,Дальневосточная,"Д-ВОСТ, ИЧ Ш САХАЛИН",,,,Сообщение жил линейногокабеля ,CSH,2023,,,,,,
3,12862252,2023-05-31 08:00:00,Дальневосточная,"Д-ВОСТ, ШЧ-14 ДВОСТ",,,,Неисправность элементов трансмиттеров аппаратуры АБ,CSH,2023,,,,,,
3,12862465,2023-05-31 10:13:00,Дальневосточная,"Д-ВОСТ, ШЧ-14 ДВОСТ",,,,"Неисправность платы концентратора информации, объектного контроллера",CSH,2023,,,,,,
3,12865080,2023-05-31 19:21:00,Дальневосточная,"Д-ВОСТ, ШЧ-7 ДВОСТ",,,,Перегорание лампы линзового светофора,CSH,2023,,,,,,
3,12862052,2023-06-01 05:18:00,Дальневосточная,"Д-ВОСТ, ШЧ-3 ДВОСТ",,,,Обрыв внешнего монтажа аппаратуры защиты рельсовых цепей,CSH,2023,,,,,,
3,12863530,2023-06-01 06:45:00,Дальневосточная,"Д-ВОСТ, ШЧ-12 ДВОСТ",,,,Электрический пробой выравнивателей (ограничителей) аппаратуры защиты рельсовых цепей,CSH,2023,,,,,,
3,12864057,2023-06-01 10:58:00,Дальневосточная,"Д-ВОСТ, ШЧ-3 ДВОСТ","1шт 0,05ч",,,Нарушение монтажа стативов для размещения схемы управления стрелкой,CSH,2023,1.0,"0,05ч",,,,
2,12864771,2023-06-01 20:25:00,Дальневосточная,"Д-ВОСТ, ШЧ-14 ДВОСТ","3шт 0,73ч",,,Неисправность элементов крепления приборов в шкафах для размещения устройств АБ,CSH,2023,3.0,"0,73ч",,,,
2,12866492,2023-06-02 19:18:00,Дальневосточная,"Д-ВОСТ, ШЧ-4 ДВОСТ","3шт (к учету 2) 1,07ч",,,Нарушение электрических характеристик реле аппаратуры рельсовых цепей,CSH,2023,2.0,"1,07ч",,,,
3,12866908,2023-06-03 11:20:00,Дальневосточная,"Д-ВОСТ, ШЧ-14 ДВОСТ",,,,Нарушение контакта в монтаже в путевых ящиках для размещения аппаратуры рельсовых цепей,CSH,2023,,,,,,
1,12866937,2023-06-03 12:29:00,Дальневосточная,"Д-ВОСТ, ШЧ-8 ДВОСТ","11шт (к учету 8) 7,28ч",,"5шт (к учету 3) 1,22ч",Короткое замыкание (пробой) элементов релейных блоков аппаратуры постовых устройств ЭЦ,CSH,2023,8.0,"7,28ч",,,3.0,"1,22ч"
3,12867065,2023-06-03 14:52:00,Дальневосточная,"Д-ВОСТ, ШЧ-14 ДВОСТ",,,,Короткое замыкание внешнего монтажа аппаратуры защиты устройств АБ,CSH,2023,,,,,,
3,12867551,2023-06-04 02:40:00,Дальневосточная,"Д-ВОСТ, ШЧ-10 ДВОСТ",,,,Перегорание лампы линзового светофора,CSH,2023,,,,,,
3,12867611,2023-06-04 08:31:00,Дальневосточная,"Д-ВОСТ, ШЧ-14 ДВОСТ",,,,"Повышенное переходное сопротивление между элементами (штепсель-рельс, провод (трос)-штепсель, провод (трос)-наконечник)",CSH,2023,,,,,,
3,12868166,2023-06-04 18:28:00,Дальневосточная,"Д-ВОСТ, ШЧ-9 ДВОСТ",,,,Нарушение контакта в монтаже в путевых ящиках для размещения аппаратуры рельсовых цепей,CSH,2023,,,,,,
2,12872616,2023-06-05 16:51:00,Дальневосточная,"Д-ВОСТ, ШЧ-2 ДВОСТ",,"1шт 0,43ч",,Недостаток в схеме кодирования,CSH,2023,,,1.0,"0,43ч",,
3,12870165,2023-06-06 01:41:00,Дальневосточная,"Д-ВОСТ, ШЧ-2 ДВОСТ",,,,Повышенное переходное сопротивление между элементами ,CSH,2023,,,,,,
3,12879095,2023-06-06 06:32:00,Дальневосточная,"Д-ВОСТ, ШЧ-4 ДВОСТ",,,,Нарушение монтажа стативов для размещения устройств АБ,CSH,2023,,,,,,
3,12870490,2023-06-06 07:00:00,Дальневосточная,"Д-ВОСТ, ШЧ-12 ДВОСТ",,,,Электрический пробой выравнивателей (ограничителей) аппаратуры защиты рельсовых цепей,CSH,2023,,,,,,
3,12872305,2023-06-06 15:35:00,Дальневосточная,"Д-ВОСТ, ШЧ-13 ДВОСТ",,,,Повышенное переходное сопротивление между элементами ,CSH,2023,,,,,,
3,12872941,2023-06-07 06:34:00,Дальневосточная,"Д-ВОСТ, ШЧ-14 ДВОСТ",,,,Сбой в работе центрального процессорного модуля,CSH,2023,,,,,,
3,12873116,2023-06-07 07:47:00,Дальневосточная,"Д-ВОСТ, ШЧ-8 ДВОСТ",,,,Неисправность элементов блока питания рельсовых цепей,CSH,2023,,,,,,
3,12873509,2023-06-07 09:45:00,Дальневосточная,"Д-ВОСТ, ШЧ-14 ДВОСТ",,,,Обрыв провода (троса) перемычки,CSH,2023,,,,,,
3,12874925,2023-06-07 14:15:00,Дальневосточная,"Д-ВОСТ, ШЧ-9 ДВОСТ",,,,Нарушение контакта в монтаже в путевых ящиках для размещения аппаратуры рельсовых цепей,CSH,2023,,,,,,
3,12868530,2023-06-07 18:10:00,Дальневосточная,"Д-ВОСТ, ШЧ-3 ДВОСТ",,,,Разрегулировка контактов автопереключателя СП-6М,CSH,2023,,,,,,
3,12878460,2023-06-09 01:25:00,Дальневосточная,"Д-ВОСТ, ШЧ-10 ДВОСТ",,,,Недостаток в схеме кодирования,CSH,2023,,,,,,
2,12880741,2023-06-09 13:25:00,Дальневосточная,"Д-ВОСТ, ШЧ-2 ДВОСТ","1шт 0,02ч","1шт 0,13ч",,Пробой элементов блока питания рельсовых цепей,CSH,2023,1.0,"0,02ч",1.0,"0,13ч",,
3,12880195,2023-06-09 15:20:00,Дальневосточная,"Д-ВОСТ, ШЧ-14 ДВОСТ",,,,Нарушение монтажа стативов для размещения постовых устройств ЭЦ,CSH,2023,,,,,,
2,12880575,2023-06-09 17:42:00,Дальневосточная,"Д-ВОСТ, ШЧ-10 ДВОСТ","1шт 0,6ч",,,Окисление жил сигнально-блокировочного металлического кабеля рельсовых цепей,CSH,2023,1.0,"0,6ч",,,,
3,12882668,2023-06-11 09:40:00,Дальневосточная,"Д-ВОСТ, ШЧ-10 ДВОСТ",,,,Другие неисправности разрядников постовых устройств ЭЦ,CSH,2023,,,,,,
2,12882583,2023-06-11 10:54:00,Дальневосточная,"Д-ВОСТ, ШЧ-10 ДВОСТ","2шт 0,7ч",,,Другие неисправности разрядников рельсовых цепей,CSH,2023,2.0,"0,7ч",,,,
3,12882729,2023-06-11 14:20:00,Дальневосточная,"Д-ВОСТ, ШЧ-7 ДВОСТ",,,,"Нарушение электрических характеристик реле аппаратуры светофоров, указателей и полос",CSH,2023,,,,,,
1,12882914,2023-06-11 14:50:00,Дальневосточная,"Д-ВОСТ, ШЧ-13 ДВОСТ","10шт (к учету 8) 12,75ч",,,"Перегорание плавкой вставки (проволоки) предохранителей аппаратуры защиты светофоров, указателей и полос",CSH,2023,8.0,"12,75ч",,,,
1,12882846,2023-06-11 16:34:00,Дальневосточная,"Д-ВОСТ, ШЧ-8 ДВОСТ","2шт 2,9ч",,,Обрыв обмотки реле аппаратуры постовых устройств ЭЦ,CSH,2023,2.0,"2,9ч",,,,
2,12883098,2023-06-11 21:47:00,Дальневосточная,"Д-ВОСТ, ШЧ-14 ДВОСТ","2шт 0,87ч",,,Залипание якоря реле аппаратуры АБ,CSH,2023,2.0,"0,87ч",,,,
1,12886125,2023-06-12 16:33:00,Дальневосточная,"Д-ВОСТ, ШЧ-2 ДВОСТ","4шт 3,38ч",,,Неисправность релейной аппаратуры СЦБ,CSH,2023,4.0,"3,38ч",,,,
2,12885853,2023-06-14 01:30:00,Дальневосточная,"Д-ВОСТ, ШЧ-4 ДВОСТ","6шт 2,87ч",,,Неисправность элементов реле аппаратуры рельсовых цепей,CSH,2023,6.0,"2,87ч",,,,
3,12885926,2023-06-14 02:34:00,Дальневосточная,"Д-ВОСТ, ШЧ-14 ДВОСТ",,,,Короткое замыкание внешнего монтажа аппаратуры защиты устройств АБ,CSH,2023,,,,,,
3,12886017,2023-06-14 04:56:00,Дальневосточная,"Д-ВОСТ, ШЧ-14 ДВОСТ",,,,"Неисправность платы концентратора информации, объектного контроллера",CSH,2023,,,,,,
3,12887722,2023-06-14 16:35:00,Дальневосточная,"Д-ВОСТ, ШЧ-9 ДВОСТ",,,,Закорачивание РЦ,CSH,2023,,,,,,
3,12888026,2023-06-15 02:05:00,Дальневосточная,"Д-ВОСТ, ШЧ-14 ДВОСТ",,,,"Подгар, сваривание контактов трансмиттеров аппаратуры рельсовых цепей",CSH,2023,,,,,,
3,12888353,2023-06-15 07:02:00,Дальневосточная,"Д-ВОСТ, ШЧ-14 ДВОСТ",,,,Электрический пробой элементов защитного блока аппаратуры АБ,CSH,2023,,,,,,
3,12888504,2023-06-15 08:43:00,Дальневосточная,"Д-ВОСТ, ШЧ-14 ДВОСТ",,,,Нарушение монтажа шкафов для размещения устройств АБ,CSH,2023,,,,,,
2,12888655,2023-06-15 08:59:00,Дальневосточная,"Д-ВОСТ, ШЧ-14 ДВОСТ","1шт 0,53ч",,,Нарушение монтажа шкафов для размещения устройств АБ,CSH,2023,1.0,"0,53ч",,,,
3,12888577,2023-06-15 09:07:00,Дальневосточная,"Д-ВОСТ, ШЧ-14 ДВОСТ",,,,"Неисправность элементов крепления приборов на стативах для размещения аппаратуры светофоров, указателей и полос",CSH,2023,,,,,,
3,12888652,2023-06-15 10:02:00,Дальневосточная,"Д-ВОСТ, ШЧ-14 ДВОСТ",,,,Нарушение монтажа шкафов для размещения устройств АБ,CSH,2023,,,,,,
3,12892905,2023-06-16 00:02:00,Дальневосточная,"Д-ВОСТ, ШЧ-9 ДВОСТ",,,,Неисправность элементов генератора ТРЦ аппаратуры рельсовых цепей,CSH,2023,,,,,,
2,12894228,2023-06-16 06:10:00,Дальневосточная,"Д-ВОСТ, ШЧ-8 ДВОСТ","1шт 0,37ч",,,Нарушение монтажа шкафов для размещения устройств АБ,CSH,2023,1.0,"0,37ч",,,,
3,12890032,2023-06-16 07:56:00,Дальневосточная,"Д-ВОСТ, ШЧ-3 ДВОСТ",,,,Нарушение регулировочного режима,CSH,2023,,,,,,
3,12890220,2023-06-16 10:09:00,Дальневосточная,"Д-ВОСТ, ШЧ-7 ДВОСТ",,,,Неисправность деталей блока аппаратуры устройств ПАБ,CSH,2023,,,,,,
3,12890363,2023-06-16 10:45:00,Дальневосточная,"Д-ВОСТ, ШЧ-4 ДВОСТ",,,,Электрический пробой элементов защитного блока аппаратуры схемы управления стрелкой,CSH,2023,,,,,,
2,12891338,2023-06-17 06:13:00,Дальневосточная,"Д-ВОСТ, ШЧ-7 ДВОСТ","14шт (к учету 13) 6,57ч","1шт 0,52ч",,Неисправность элементов трансформаторов аппаратуры рельсовых цепей,CSH,2023,13.0,"6,57ч",1.0,"0,52ч",,
3,12891899,2023-06-17 21:00:00,Дальневосточная,"Д-ВОСТ, ШЧ-2 ДВОСТ",,,,Неисправность рабочих сережек стрелочного перевода,CSH,2023,,,,,,
3,12893935,2023-06-19 17:58:00,Дальневосточная,"Д-ВОСТ, ШЧ-14 ДВОСТ",,,,Неисправность элементов реле аппаратуры АБ,CSH,2023,,,,,,
3,12894083,2023-06-19 23:01:00,Дальневосточная,"Д-ВОСТ, ШЧ-14 ДВОСТ",,,,Нарушение контакта монтажа в шкафах для размещения аппаратуры постовых устройств ЭЦ,CSH,2023,,,,,,
2,12894285,2023-06-20 01:05:00,Дальневосточная,"Д-ВОСТ, ШЧ-3 ДВОСТ","2шт 0,37ч",,"2шт (к учету 1) 0,2ч",Обрыв элементов тиристорных устройств защиты рельсовых цепей,CSH,2023,2.0,"0,37ч",,,1.0,"0,2ч"
3,12894319,2023-06-20 01:38:00,Дальневосточная,"Д-ВОСТ, ШЧ-10 ДВОСТ",,,,Другие неисправности разрядников рельсовых цепей,CSH,2023,,,,,,
3,12894998,2023-06-20 13:00:00,Дальневосточная,"Д-ВОСТ, ШЧ-14 ДВОСТ",,,,Обрыв плавкой вставки (проволоки) предохранителей аппаратуры защиты АБ,CSH,2023,,,,,,
2,12895385,2023-06-20 18:30:00,Дальневосточная,"Д-ВОСТ, ШЧ-14 ДВОСТ","2шт 0,88ч",,,Нарушение монтажа шкафов для размещения устройств АБ,CSH,2023,2.0,"0,88ч",,,,
3,12895896,2023-06-21 07:49:00,Дальневосточная,"Д-ВОСТ, ШЧ-2 ДВОСТ",,,,Деформация гарнитуры стрелки,CSH,2023,,,,,,
2,12896974,2023-06-21 17:24:00,Дальневосточная,"Д-ВОСТ, ШЧ-6 ДВОСТ","20шт (к учету 16) 6,3ч",,,Закорачивание РЦ,CSH,2023,16.0,"6,3ч",,,,
3,12897079,2023-06-21 17:55:00,Дальневосточная,"Д-ВОСТ, ШЧ-2 ДВОСТ",,,,Неисправность элементов фильтров аппаратуры рельсовых цепей,CSH,2023,,,,,,
2,12897131,2023-06-21 20:42:00,Дальневосточная,"Д-ВОСТ, ШЧ-14 ДВОСТ","1шт 0,57ч",,,Разрегулировка контактов автопереключателя СП-6К,CSH,2023,1.0,"0,57ч",,,,
2,12897422,2023-06-22 05:44:00,Дальневосточная,"Д-ВОСТ, ШЧ-14 ДВОСТ","2шт 1,13ч",,,Обрыв плавкой вставки (проволоки) предохранителей аппаратуры защиты АБ,CSH,2023,2.0,"1,13ч",,,,
2,12901557,2023-06-22 12:25:00,Дальневосточная,"Д-ВОСТ, ШЧ-2 ДВОСТ","2шт 0,07ч",,"1шт 0,12ч",Неисправность предохранителя в цепи электропитания устройств УКСПС,CSH,2023,2.0,"0,07ч",,,1.0,"0,12ч"
3,12898100,2023-06-22 13:54:00,Дальневосточная,"Д-ВОСТ, ШЧ-8 ДВОСТ",,,,Обрыв соединителей,CSH,2023,,,,,,
2,12898315,2023-06-22 16:42:00,Дальневосточная,"Д-ВОСТ, ШЧ-4 ДВОСТ","8шт (к учету 7) 2,58ч",,,"Короткое замыкание (электрический пробой) элементов трансформаторов аппаратуры светофоров, указателей и полос",CSH,2023,7.0,"2,58ч",,,,
3,12898356,2023-06-22 17:03:00,Дальневосточная,"Д-ВОСТ, ШЧ-8 ДВОСТ",,,,Причина не установлена,CSH,2023,,,,,,
1,12899303,2023-06-23 11:25:00,Дальневосточная,"Д-ВОСТ, ШЧ-2 ДВОСТ","16шт (к учету 11) 7,92ч","1шт 0,27ч",,Нарушение монтажа стативов для размещения постовых устройств ЭЦ,CSH,2023,11.0,"7,92ч",1.0,"0,27ч",,
2,12899330,2023-06-23 12:23:00,Дальневосточная,"Д-ВОСТ, ШЧ-10 ДВОСТ","6шт 3,48ч",,,Нарушение контакта в монтаже в путевых ящиках для размещения аппаратуры рельсовых цепей,CSH,2023,6.0,"3,48ч",,,,
3,12900400,2023-06-24 08:30:00,Дальневосточная,"Д-ВОСТ, ШЧ-2 ДВОСТ",,,,Обрыв жил сигнально-блокировочного металлического кабеля схемы управления стрелкой,CSH,2023,,,,,,
3,12900513,2023-06-24 15:40:00,Дальневосточная,"Д-ВОСТ, ШЧ-14 ДВОСТ",,,,Обрыв плавкой вставки (проволоки) предохранителей аппаратуры защиты АБ,CSH,2023,,,,,,
2,12901187,2023-06-25 11:43:00,Дальневосточная,"Д-ВОСТ, ШЧ-2 ДВОСТ","7шт 3,63ч","1шт 0,37ч","2шт (к учету 1) 0,35ч",Обрыв жил сигнально-блокировочного металлического кабеля рельсовых цепей,CSH,2023,7.0,"3,63ч",1.0,"0,37ч",1.0,"0,35ч"
2,12902862,2023-06-27 02:59:00,Дальневосточная,"Д-ВОСТ, ШЧ-8 ДВОСТ","9шт 4,62ч",,,Нарушение монтажа стативов для размещения постовых устройств ЭЦ,CSH,2023,9.0,"4,62ч",,,,
2,12903666,2023-06-27 08:44:00,Дальневосточная,"Д-ВОСТ, ШЧ-9 ДВОСТ","1шт 0,8ч",,,Закорачивание РЦ,CSH,2023,1.0,"0,8ч",,,,
3,12904162,2023-06-28 01:15:00,Дальневосточная,"Д-ВОСТ, ШЧ-13 ДВОСТ",,,,"Обрыв жил сигнально-блокировочного металлического кабеля светофоров, указателей и полос",CSH,2023,,,,,,
3,12904305,2023-06-28 05:07:00,Дальневосточная,"Д-ВОСТ, ШЧ-12 ДВОСТ",,,,Отсутствие стыкового соединителя,CSH,2023,,,,,,
3,12904502,2023-06-28 08:03:00,Дальневосточная,"Д-ВОСТ, ШЧ-14 ДВОСТ",,,,Нарушение монтажа шкафов для размещения устройств АБ,CSH,2023,,,,,,
3,12904764,2023-06-28 10:20:00,Дальневосточная,"Д-ВОСТ, ШЧ-14 ДВОСТ",,,,Перегорание плавкой вставки (проволоки) предохранителей аппаратуры защиты рельсовых цепей,CSH,2023,,,,,,
2,12905511,2023-06-28 23:36:00,Дальневосточная,"Д-ВОСТ, ШЧ-14 ДВОСТ","1шт 0,65ч",,,Неисправность приёмной капсулы напольной камеры,CSH,2023,1.0,"0,65ч",,,,
3,12905854,2023-06-29 07:31:00,Дальневосточная,"Д-ВОСТ, ШЧ-7 ДВОСТ",,,,Износ элементов преобразователей электропитания рельсовых цепей,CSH,2023,,,,,,
3,12906621,2023-06-29 10:00:00,Дальневосточная,"Д-ВОСТ, ИЧ Ш САХАЛИН",,,,Перегорание лампы линзового светофора устройств ПАБ,CSH,2023,,,,,,
3,12909708,2023-06-29 13:59:00,Дальневосточная,"Д-ВОСТ, ШЧ-14 ДВОСТ","3шт (к учету 2) 0,65ч",,,Короткое замыкание внешнего монтажа аппаратуры защиты устройств АБ,CSH,2023,2.0,"0,65ч",,,,
2,12906636,2023-06-29 17:07:00,Дальневосточная,"Д-ВОСТ, ШЧ-14 ДВОСТ","2шт (к учету 1) 0,8ч",,,Обрыв жил сигнально-блокировочного металлического кабеля рельсовых цепей,CSH,2023,1.0,"0,8ч",,,,
2,12907005,2023-06-30 05:44:00,Дальневосточная,"Д-ВОСТ, ШЧ-6 ДВОСТ","1шт 0,7ч",,,Отсутствие внешнего энергоснабжения панелей питания аппаратуры электропитания постовых устройств ЭЦ,CSH,2023,1.0,"0,7ч",,,,
3,12908083,2023-07-01 10:27:00,Дальневосточная,"Д-ВОСТ, ШЧ-7 ДВОСТ",,,,Короткое замыкание фазирующих устройств аппаратуры рельсовых цепей,CSH,2023,,,,,,
2,12908202,2023-07-01 13:05:00,Дальневосточная,"Д-ВОСТ, ШЧ-4 ДВОСТ","13шт (к учету 10) 3,7ч",,,Обрыв элементов трансмиттеров аппаратуры АБ,CSH,2023,10.0,"3,7ч",,,,
3,12909401,2023-07-01 19:58:00,Дальневосточная,"Д-ВОСТ, ШЧ-3 ДВОСТ",,,,Недостаток в схеме кодирования,CSH,2023,,,,,,
2,12909433,2023-07-03 03:35:00,Дальневосточная,"Д-ВОСТ, ШЧ-3 ДВОСТ","1шт 0,5ч",,,Разрегулировка контактов автопереключателя СП-6М,CSH,2023,1.0,"0,5ч",,,,
3,12909697,2023-07-03 08:48:00,Дальневосточная,"Д-ВОСТ, ШЧ-6 ДВОСТ",,,,Нарушение регулировки усилия перевода СП-6М,CSH,2023,,,,,,
3,12910113,2023-07-03 12:28:00,Дальневосточная,"Д-ВОСТ, ШЧ-6 ДВОСТ",,,,Обрыв жил сигнально-блокировочного металлического кабеля схемы управления стрелкой,CSH,2023,,,,,,
2,12911075,2023-07-04 04:07:00,Дальневосточная,"Д-ВОСТ, ШЧ-10 ДВОСТ","3шт (к учету 2) 1,82ч",,,Сверхнормативное снижение емкости конденсаторов в релейных блоках аппаратуры постовых устройств ЭЦ,CSH,2023,2.0,"1,82ч",,,,
1,12912507,2023-07-04 17:11:00,Дальневосточная,"Д-ВОСТ, ШЧ-7 ДВОСТ","3шт 2,93ч",,,Излом элементов трансмиттеров аппаратуры рельсовых цепей,CSH,2023,3.0,"2,93ч",,,,
3,12913226,2023-07-05 09:15:00,Дальневосточная,"Д-ВОСТ, ШЧ-3 ДВОСТ",,,,Другие неисправности АВМ рельсовых цепей,CSH,2023,,,,,,
3,12913701,2023-07-05 12:00:00,Дальневосточная,"Д-ВОСТ, ШЧ-14 ДВОСТ",,,,Сбой в работе устройств сопряжения с объектами УСО,CSH,2023,,,,,,
3,12914736,2023-07-05 17:20:00,Дальневосточная,"Д-ВОСТ, ШЧ-8 ДВОСТ",,,,Понижение сопротивления изоляции сигнально-блокировочного металлического кабеля схемы управления стрелкой,CSH,2023,,,,,,
1,12916044,2023-07-06 11:50:00,Дальневосточная,"Д-ВОСТ, ШЧ-14 ДВОСТ","4шт (к учету 3) 4,13ч","1шт 0,28ч",,Перегорание плавкой вставки (проволоки) предохранителей аппаратуры защиты постовых устройств ЭЦ,CSH,2023,3.0,"4,13ч",1.0,"0,28ч",,
1,12916042,2023-07-06 12:05:00,Дальневосточная,"Д-ВОСТ, ШЧ-14 ДВОСТ","2шт 2,1ч",,,Перегорание плавкой вставки (проволоки) предохранителей аппаратуры защиты постовых устройств ЭЦ,CSH,2023,2.0,"2,1ч",,,,
3,12916167,2023-07-06 12:29:00,Дальневосточная,"Д-ВОСТ, ШЧ-14 ДВОСТ",,,,"Сбой в работе платы концентратора информации, объектного контроллера",CSH,2023,,,,,,
3,12916220,2023-07-06 13:00:00,Дальневосточная,"Д-ВОСТ, ШЧ-14 ДВОСТ",,,,Обрыв плавкой вставки (проволоки) предохранителей аппаратуры защиты рельсовых цепей,CSH,2023,,,,,,
1,12918755,2023-07-07 14:11:00,Дальневосточная,"Д-ВОСТ, ШЧ-14 ДВОСТ","4шт (к учету 3) 3,33ч",,,Перегорание плавкой вставки (проволоки) предохранителей аппаратуры защиты АБ,CSH,2023,3.0,"3,33ч",,,,
3,12931615,2023-07-07 17:33:00,Дальневосточная,"Д-ВОСТ, ШЧ-2 ДВОСТ","3шт 0,05ч",,,Закорачивание РЦ,CSH,2023,3.0,"0,05ч",,,,
3,12919397,2023-07-08 03:27:00,Дальневосточная,"Д-ВОСТ, ШЧ-8 ДВОСТ",,,,Причина не установлена,CSH,2023,,,,,,
2,12919486,2023-07-08 06:48:00,Дальневосточная,"Д-ВОСТ, ШЧ-3 ДВОСТ","5шт 1,27ч",,"1шт 0,12ч",Сверхнормативное понижение сопротивления изоляции трансформаторов аппаратуры рельсовых цепей,CSH,2023,5.0,"1,27ч",,,1.0,"0,12ч"
3,12919661,2023-07-08 10:45:00,Дальневосточная,"Д-ВОСТ, ШЧ-14 ДВОСТ",,,,"Внутренний обрыв электрической цепи выравнивателей аппаратуры защиты светофоров, указателей и полос",CSH,2023,,,,,,
3,12920041,2023-07-08 16:37:00,Дальневосточная,"Д-ВОСТ, ШЧ-14 ДВОСТ",,,,Другие неисправности тиристорных устройств защиты рельсовых цепей,CSH,2023,,,,,,
2,12921347,2023-07-10 04:09:00,Дальневосточная,"Д-ВОСТ, ШЧ-14 ДВОСТ",,"1шт 0,17ч",,Перегорание плавкой вставки (проволоки) предохранителей аппаратуры защиты схемы управления стрелкой,CSH,2023,,,1.0,"0,17ч",,
3,12921426,2023-07-10 05:20:00,Дальневосточная,"Д-ВОСТ, ШЧ-3 ДВОСТ",,,,Другие неисправности АВМ рельсовых цепей,CSH,2023,,,,,,
2,12921754,2023-07-10 09:24:00,Дальневосточная,"Д-ВОСТ, ШЧ-10 ДВОСТ","1шт 0,78ч",,,Другие неисправности элементов защитного блока аппаратуры АБ,CSH,2023,1.0,"0,78ч",,,,
2,12923153,2023-07-11 05:47:00,Дальневосточная,"Д-ВОСТ, ШЧ-14 ДВОСТ","2шт 0,53ч",,,Обрыв внешнего монтажа аппаратуры защиты устройств АБ,CSH,2023,2.0,"0,53ч",,,,
1,12923920,2023-07-11 09:30:00,Дальневосточная,"Д-ВОСТ, ШЧ-8 ДВОСТ","17шт (к учету 9) 8,35ч",,,"Короткое замыкание (пробой) элементов трансформаторов, дроссель-трансформаторов постовых устройств ЭЦ",CSH,2023,9.0,"8,35ч",,,,
3,12927153,2023-07-11 18:58:00,Дальневосточная,"Д-ВОСТ, ШЧ-10 ДВОСТ",,,,"Нарушение контакта в монтаже в ящиках для размещения аппаратуры светофоров, указателей и полос",CSH,2023,,,,,,
3,12925012,2023-07-12 05:43:00,Дальневосточная,"Д-ВОСТ, ШЧ-6 ДВОСТ",,,,Обрыв жил сигнально-блокировочного металлического кабеля рельсовых цепей,CSH,2023,,,,,,
2,12925938,2023-07-12 12:10:00,Дальневосточная,"Д-ВОСТ, ШЧ-14 ДВОСТ","3шт 1,37ч",,,Перегорание плавкой вставки (проволоки) предохранителей аппаратуры защиты постовых устройств ЭЦ,CSH,2023,3.0,"1,37ч",,,,
2,12927046,2023-07-13 03:20:00,Дальневосточная,"Д-ВОСТ, ШЧ-13 ДВОСТ","1шт 0,35ч",,,"Неисправность деталей блока элементов аппаратуры светофоров, указателей и полос",CSH,2023,1.0,"0,35ч",,,,
2,12927645,2023-07-13 10:27:00,Дальневосточная,"Д-ВОСТ, ШЧ-14 ДВОСТ","2шт (к учету 1) 0,77ч",,"1шт 0,15ч",Пробой элементов дешифраторной ячейки аппаратуры АБ,CSH,2023,1.0,"0,77ч",,,1.0,"0,15ч"
3,12928448,2023-07-13 14:00:00,Дальневосточная,"Д-ВОСТ, ШЧ-14 ДВОСТ",,,,"Внутренний обрыв электрической цепи выравнивателей аппаратуры защиты светофоров, указателей и полос",CSH,2023,,,,,,
2,12928409,2023-07-13 16:40:00,Дальневосточная,"Д-ВОСТ, ШЧ-9 ДВОСТ","1шт 0,78ч",,,Обрыв электрической цепи элементов трансформаторов аппаратуры рельсовых цепей,CSH,2023,1.0,"0,78ч",,,,
1,12928719,2023-07-14 01:45:00,Дальневосточная,"Д-ВОСТ, ШЧ-12 ДВОСТ","2шт 2,03ч",,,Обрыв жил сигнально-блокировочного металлического кабеля рельсовых цепей,CSH,2023,2.0,"2,03ч",,,,
2,12928897,2023-07-14 06:26:00,Дальневосточная,"Д-ВОСТ, ШЧ-10 ДВОСТ","3шт 1,38ч",,,Излом штепселя соединителей,CSH,2023,3.0,"1,38ч",,,,
1,12929300,2023-07-14 08:11:00,Дальневосточная,"Д-ВОСТ, ШЧ-14 ДВОСТ","2шт 2,85ч",,,Перегорание плавкой вставки (проволоки) предохранителей аппаратуры защиты схемы управления стрелкой,CSH,2023,2.0,"2,85ч",,,,
3,12929982,2023-07-14 18:20:00,Дальневосточная,"Д-ВОСТ, ШЧ-14 ДВОСТ",,,,Другие неисправности разрядников рельсовых цепей,CSH,2023,,,,,,
1,12930053,2023-07-14 19:58:00,Дальневосточная,"Д-ВОСТ, ШЧ-14 ДВОСТ","1шт 1,47ч",,,Нарушение изоляции стативов для размещения схемы управления стрелкой,CSH,2023,1.0,"1,47ч",,,,
3,12930130,2023-07-15 00:01:00,Дальневосточная,"Д-ВОСТ, ШЧ-8 ДВОСТ",,,,Нарушение монтажа шкафов для размещения устройств ПАБ,CSH,2023,,,,,,
3,12930261,2023-07-15 05:55:00,Дальневосточная,"Д-ВОСТ, ШЧ-14 ДВОСТ",,,,Неисправность устройства сопряжения с объектами УСО,CSH,2023,,,,,,
3,12931072,2023-07-16 06:40:00,Дальневосточная,"Д-ВОСТ, ШЧ-14 ДВОСТ",,,,Неисправность схемы управления и контроля стрелкой,CSH,2023,,,,,,
3,12931130,2023-07-16 09:56:00,Дальневосточная,"Д-ВОСТ, ШЧ-14 ДВОСТ",,,,Другие неисправности тиристорных устройств защиты рельсовых цепей,CSH,2023,,,,,,
2,12931443,2023-07-16 16:43:00,Дальневосточная,"Д-ВОСТ, ШЧ-8 ДВОСТ","4шт 0,92ч",,,Нарушение контакта монтажа в ящиках для размещения схемы управления стрелкой,CSH,2023,4.0,"0,92ч",,,,
3,12935710,2023-07-17 08:50:00,Дальневосточная,"Д-ВОСТ, ШЧ-2 ДВОСТ",,,,Закорачивание РЦ,CSH,2023,,,,,,
3,12935936,2023-07-17 19:37:00,Дальневосточная,"Д-ВОСТ, ШЧ-7 ДВОСТ",,,,Заклинивание деталей СП-6М,CSH,2023,,,,,,
2,12932684,2023-07-17 21:20:00,Дальневосточная,"Д-ВОСТ, ШЧ-14 ДВОСТ","1шт 0,48ч",,,Обрыв провода (троса) перемычки,CSH,2023,1.0,"0,48ч",,,,
3,12932703,2023-07-17 21:50:00,Дальневосточная,"Д-ВОСТ, ШЧ-6 ДВОСТ",,,,Обрыв жил сигнально-блокировочного металлического кабеля рельсовых цепей,CSH,2023,,,,,,
3,12932793,2023-07-18 01:49:00,Дальневосточная,"Д-ВОСТ, ШЧ-13 ДВОСТ",,,,Неисправность рамного рельса стрелочного перевода,CSH,2023,,,,,,
2,12933385,2023-07-18 09:35:00,Дальневосточная,"Д-ВОСТ, ШЧ-14 ДВОСТ",,"1шт 0,15ч",,"Обрыв плавкой вставки (проволоки) предохранителей аппаратуры защиты светофоров, указателей и полос",CSH,2023,,,1.0,"0,15ч",,
3,12933479,2023-07-18 12:53:00,Дальневосточная,"Д-ВОСТ, ШЧ-9 ДВОСТ",,,,Неисправность контактной системы реле аппаратуры АБ,CSH,2023,,,,,,
3,12933514,2023-07-18 13:10:00,Дальневосточная,"Д-ВОСТ, ШЧ-14 ДВОСТ",,,,Другие неисправности элементов защитного блока аппаратуры АБ,CSH,2023,,,,,,
3,12935784,2023-07-18 23:45:00,Дальневосточная,"Д-ВОСТ, ШЧ-14 ДВОСТ",,,,Короткое замыкание внешнего монтажа аппаратуры защиты устройств АБ,CSH,2023,,,,,,
3,12934195,2023-07-19 02:20:00,Дальневосточная,"Д-ВОСТ, ШЧ-14 ДВОСТ",,,,Другие неисправности тиристорных устройств защиты рельсовых цепей,CSH,2023,,,,,,
2,12935466,2023-07-19 19:37:00,Дальневосточная,"Д-ВОСТ, ШЧ-12 ДВОСТ","1шт 0,53ч","1шт 0,12ч",,"Сверхнормативное понижение изоляции внешнего монтажа аппаратуры защиты  светофоров, указателей и полос",CSH,2023,1.0,"0,53ч",1.0,"0,12ч",,
3,12935483,2023-07-19 20:10:00,Дальневосточная,"Д-ВОСТ, ШЧ-12 ДВОСТ",,,,Коррозия троса соединителей,CSH,2023,,,,,,
3,12935484,2023-07-19 20:42:00,Дальневосточная,"Д-ВОСТ, ШЧ-4 ДВОСТ","1шт 0,02ч",,,Неисправность деталей блока элементов аппаратуры постовых устройств ЭЦ,CSH,2023,1.0,"0,02ч",,,,
2,12935550,2023-07-19 23:01:00,Дальневосточная,"Д-ВОСТ, ШЧ-3 ДВОСТ","8шт 3,63ч",,,Нарушение регулировочного режима,CSH,2023,8.0,"3,63ч",,,,
2,12935589,2023-07-20 00:19:00,Дальневосточная,"Д-ВОСТ, ШЧ-12 ДВОСТ","3шт 0,88ч",,,Короткое замыкание внешнего монтажа аппаратуры защиты устройств АБ,CSH,2023,3.0,"0,88ч",,,,
1,12936990,2023-07-20 03:34:00,Дальневосточная,"Д-ВОСТ, ШЧ-2 ДВОСТ","32шт (к учету 23) 15,47ч","1шт 0,2ч",,Неисправность УКСПС из-за потери контакта в соединениях датчика,CSH,2023,23.0,"15,47ч",1.0,"0,2ч",,
2,12936106,2023-07-20 09:50:00,Дальневосточная,"Д-ВОСТ, ШЧ-12 ДВОСТ","2шт 1,42ч",,,Короткое замыкание (электрический пробой) элементов реле аппаратуры постовых устройств ЭЦ,CSH,2023,2.0,"1,42ч",,,,
3,12936857,2023-07-21 03:50:00,Дальневосточная,"Д-ВОСТ, ШЧ-14 ДВОСТ",,,,Перегорание плавкой вставки (проволоки) предохранителей аппаратуры защиты постовых устройств ЭЦ,CSH,2023,,,,,,
3,12937226,2023-07-21 05:00:00,Дальневосточная,"Д-ВОСТ, ШЧ-4 ДВОСТ",,,,"Пробой элементов релейных блоков ЭЦ, ГАЦ, АБ, ПАБ аппаратуры схемы управления стрелкой",CSH,2023,,,,,,
3,12937505,2023-07-21 13:57:00,Дальневосточная,"Д-ВОСТ, ШЧ-14 ДВОСТ",,,,Электрический пробой выравнивателей (ограничителей) аппаратуры защиты постовых устройств ЭЦ,CSH,2023,,,,,,
2,12937666,2023-07-21 15:30:00,Дальневосточная,"Д-ВОСТ, ШЧ-7 ДВОСТ","5шт 2,83ч",,,Нарушение контакта во внутреннем монтаже СП-6М,CSH,2023,5.0,"2,83ч",,,,
3,12938879,2023-07-23 04:33:00,Дальневосточная,"Д-ВОСТ, ШЧ-3 ДВОСТ",,,,Закорачивание РЦ,CSH,2023,,,,,,
2,12938936,2023-07-23 06:20:00,Дальневосточная,"Д-ВОСТ, ШЧ-2 ДВОСТ","4шт (к учету 3) 0,77ч","2шт (к учету 1) 0,82ч",,Износ элементов реле аппаратуры рельсовых цепей,CSH,2023,3.0,"0,77ч",1.0,"0,82ч",,
3,12939845,2023-07-24 06:36:00,Дальневосточная,"Д-ВОСТ, ШЧ-10 ДВОСТ",,,,Нарушение контакта в монтаже в путевых ящиках для размещения аппаратуры рельсовых цепей,CSH,2023,,,,,,
1,12939948,2023-07-24 07:31:00,Дальневосточная,"Д-ВОСТ, ШЧ-3 ДВОСТ","1шт 1,05ч",,,Нарушение монтажа стативов для размещения постовых устройств ЭЦ,CSH,2023,1.0,"1,05ч",,,,
3,12940547,2023-07-24 17:02:00,Дальневосточная,"Д-ВОСТ, ИЧ Ш САХАЛИН",,,,Неисправность элементов реле аппаратуры устройств ПАБ,CSH,2023,,,,,,
2,12942042,2023-07-25 03:18:00,Дальневосточная,"Д-ВОСТ, ШЧ-3 ДВОСТ","3шт 0,65ч",,,Нарушение монтажа стативов для размещения устройств АБ,CSH,2023,3.0,"0,65ч",,,,
2,12941186,2023-07-25 09:32:00,Дальневосточная,"Д-ВОСТ, ШЧ-14 ДВОСТ","1шт 0,38ч","1шт 0,17ч",,Нарушение монтажа шкафов для размещения устройств АБ,CSH,2023,1.0,"0,38ч",1.0,"0,17ч",,
3,12942141,2023-07-26 04:39:00,Дальневосточная,"Д-ВОСТ, ШЧ-14 ДВОСТ",,,,Электрический пробой элементов тиристорных устройств защиты постовых устройств ЭЦ,CSH,2023,,,,,,
2,12942465,2023-07-26 06:40:00,Дальневосточная,"Д-ВОСТ, ШЧ-13 ДВОСТ","3шт (к учету 2) 0,63ч",,,Механические повреждения сигнально-блокировочного металлического кабеля,CSH,2023,2.0,"0,63ч",,,,
2,12943859,2023-07-27 06:24:00,Дальневосточная,"Д-ВОСТ, ШЧ-3 ДВОСТ","20шт (к учету 16) 8,5ч",,,Обрыв жил сигнально-блокировочного металлического кабеля кабельной сети АБ,CSH,2023,16.0,"8,5ч",,,,
3,12943892,2023-07-27 07:45:00,Дальневосточная,"Д-ВОСТ, ШЧ-8 ДВОСТ",,,,Неисправность контактной системы реле аппаратуры АБ,CSH,2023,,,,,,
1,12943954,2023-07-27 07:48:00,Дальневосточная,"Д-ВОСТ, ШЧ-8 ДВОСТ","6шт (к учету 5) 3,23ч",,,Асимметрия тягового тока,CSH,2023,5.0,"3,23ч",,,,
3,12944831,2023-07-27 17:22:00,Дальневосточная,"Д-ВОСТ, ШЧ-13 ДВОСТ",,,,Нарушение изоляции (электрический пробой) АВМ аппаратуры защиты АБ,CSH,2023,,,,,,
2,12945149,2023-07-28 04:31:00,Дальневосточная,"Д-ВОСТ, ШЧ-2 ДВОСТ","3шт 0,8ч",,,Износ элементов преобразователей электропитания рельсовых цепей,CSH,2023,3.0,"0,8ч",,,,
2,12945361,2023-07-28 06:25:00,Дальневосточная,"Д-ВОСТ, ШЧ-2 ДВОСТ","8шт 1,52ч","1шт 0,2ч",,Нарушение монтажа стативов для размещения постовых устройств ЭЦ,CSH,2023,8.0,"1,52ч",1.0,"0,2ч",,
3,12945783,2023-07-28 08:25:00,Дальневосточная,"Д-ВОСТ, ШЧ-13 ДВОСТ",,,,Обрыв жил сигнально-блокировочного металлического кабеля рельсовых цепей,CSH,2023,,,,,,
3,12946118,2023-07-28 16:40:00,Дальневосточная,"Д-ВОСТ, ШЧ-10 ДВОСТ",,,,Неисправность элементов блока питания аппаратуры АБ,CSH,2023,,,,,,
3,12946331,2023-07-28 23:15:00,Дальневосточная,"Д-ВОСТ, ШЧ-12 ДВОСТ",,,,Короткое замыкание внешнего монтажа аппаратуры защиты  рельсовых цепей,CSH,2023,,,,,,
2,12946355,2023-07-29 00:38:00,Дальневосточная,"Д-ВОСТ, ШЧ-8 ДВОСТ","12шт 4,57ч","1шт 0,25ч","1шт 0,13ч",Нарушение монтажа стативов для размещения постовых устройств ЭЦ,CSH,2023,12.0,"4,57ч",1.0,"0,25ч",1.0,"0,13ч"
3,12946437,2023-07-29 02:21:00,Дальневосточная,"Д-ВОСТ, ШЧ-12 ДВОСТ",,,,Обрыв жил сигнально-блокировочного металлического кабеля рельсовых цепей,CSH,2023,,,,,,
2,12946509,2023-07-29 07:10:00,Дальневосточная,"Д-ВОСТ, ШЧ-12 ДВОСТ",,"4шт (к учету 1) 0,63ч",,Обрыв плавкой вставки (проволоки) предохранителей аппаратуры защиты АБ,CSH,2023,,,1.0,"0,63ч",,
3,12946559,2023-07-29 08:00:00,Дальневосточная,"Д-ВОСТ, ШЧ-13 ДВОСТ",,,,Перегорание плавкой вставки (проволоки) предохранителей аппаратуры защиты постовых устройств ЭЦ,CSH,2023,,,,,,
2,12946744,2023-07-29 13:05:00,Дальневосточная,"Д-ВОСТ, ШЧ-14 ДВОСТ",,"1шт 0,52ч",,Перегорание плавкой вставки (проволоки) предохранителей аппаратуры защиты схемы управления стрелкой,CSH,2023,,,1.0,"0,52ч",,
2,12946745,2023-07-29 13:47:00,Дальневосточная,"Д-ВОСТ, ШЧ-2 ДВОСТ","11шт (к учету 9) 5,53ч",,,"Перегорание плавкой вставки (проволоки) предохранителей аппаратуры защиты светофоров, указателей и полос",CSH,2023,9.0,"5,53ч",,,,
1,12946879,2023-07-29 15:53:00,Дальневосточная,"Д-ВОСТ, ШЧ-14 ДВОСТ","4шт (к учету 3) 2,33ч",,,Обрыв элементов трансмиттеров аппаратуры АБ,CSH,2023,3.0,"2,33ч",,,,
2,12947026,2023-07-29 22:30:00,Дальневосточная,"Д-ВОСТ, ШЧ-13 ДВОСТ","1шт 0,35ч",,,Пробой деталей блока элементов аппаратуры АБ,CSH,2023,1.0,"0,35ч",,,,
3,12947316,2023-07-30 02:26:00,Дальневосточная,"Д-ВОСТ, ШЧ-3 ДВОСТ",,,,Нарушение контакта в монтаже в путевых ящиках для размещения аппаратуры рельсовых цепей,CSH,2023,,,,,,
3,12947176,2023-07-30 03:21:00,Дальневосточная,"Д-ВОСТ, ШЧ-13 ДВОСТ",,,,Электрический пробой выравнивателей (ограничителей) аппаратуры защиты рельсовых цепей,CSH,2023,,,,,,
2,12947212,2023-07-30 07:22:00,Дальневосточная,"Д-ВОСТ, ШЧ-8 ДВОСТ","5шт 1,67ч",,,Закорачивание РЦ,CSH,2023,5.0,"1,67ч",,,,
2,12947302,2023-07-30 10:00:00,Дальневосточная,"Д-ВОСТ, ШЧ-2 ДВОСТ","15шт 5,68ч","4шт 0,92ч",,Другие неисправности элементов защитного блока аппаратуры рельсовых цепей,CSH,2023,15.0,"5,68ч",4.0,"0,92ч",,
2,12947303,2023-07-30 10:15:00,Дальневосточная,"Д-ВОСТ, ШЧ-14 ДВОСТ",,,"1шт 0,1ч",Повышенное переходное сопротивление между элементами ,CSH,2023,,,,,1.0,"0,1ч"
2,12947357,2023-07-30 11:20:00,Дальневосточная,"Д-ВОСТ, ШЧ-14 ДВОСТ",,"1шт 0,12ч",,Перегорание плавкой вставки (проволоки) предохранителей аппаратуры защиты рельсовых цепей,CSH,2023,,,1.0,"0,12ч",,
3,12947729,2023-07-30 21:23:00,Дальневосточная,"Д-ВОСТ, ИЧ Ш САХАЛИН",,,,Снижение емкости аккумуляторов электропитания ПС,CSH,2023,,,,,,
2,12947769,2023-07-31 01:51:00,Дальневосточная,"Д-ВОСТ, ШЧ-2 ДВОСТ","4шт 0,18ч",,"2шт (к учету 1) 0,6ч",Обрыв жил сигнально-блокировочного металлического кабеля кабельной сети АБ,CSH,2023,4.0,"0,18ч",,,1.0,"0,6ч"
2,12948636,2023-07-31 15:50:00,Дальневосточная,"Д-ВОСТ, ШЧ-12 ДВОСТ","1шт 0,28ч",,"1шт 0,18ч",Короткое замыкание внешнего монтажа аппаратуры защиты устройств АБ,CSH,2023,1.0,"0,28ч",,,1.0,"0,18ч"
2,12948760,2023-07-31 17:34:00,Дальневосточная,"Д-ВОСТ, ШЧ-13 ДВОСТ","5шт (к учету 4) 1,97ч",,,"Перегорание плавкой вставки (проволоки) предохранителей аппаратуры защиты светофоров, указателей и полос",CSH,2023,4.0,"1,97ч",,,,
2,12948744,2023-07-31 17:55:00,Дальневосточная,"Д-ВОСТ, ШЧ-9 ДВОСТ","1шт 0,28ч",,,Неисправность элементов устройств бесперебойного питания постовых устройств ЭЦ,CSH,2023,1.0,"0,28ч",,,,
2,12948790,2023-07-31 19:43:00,Дальневосточная,"Д-ВОСТ, ШЧ-13 ДВОСТ","3шт 1,82ч",,,Перегорание плавкой вставки (проволоки) предохранителей аппаратуры защиты рельсовых цепей,CSH,2023,3.0,"1,82ч",,,,
1,12948801,2023-07-31 20:58:00,Дальневосточная,"Д-ВОСТ, ШЧ-2 ДВОСТ","26шт (к учету 20) 9,45ч",,,Короткое замыкание (пробой) элементов защитного блока аппаратуры АБ,CSH,2023,20.0,"9,45ч",,,,
2,12949315,2023-08-01 09:12:00,Дальневосточная,"Д-ВОСТ, ШЧ-10 ДВОСТ","2шт 0,62ч",,,Другие неисправности тиристорных устройств защиты рельсовых цепей,CSH,2023,2.0,"0,62ч",,,,
2,12950333,2023-08-01 23:42:00,Дальневосточная,"Д-ВОСТ, ШЧ-4 ДВОСТ","15шт (к учету 11) 6,58ч",,"1шт 0,12ч",Пробой элементов дешифраторной ячейки аппаратуры АБ,CSH,2023,11.0,"6,58ч",,,1.0,"0,12ч"
3,12950688,2023-08-02 06:48:00,Дальневосточная,"Д-ВОСТ, ШЧ-4 ДВОСТ",,,,Обрыв в электрических цепях элементов релейных блоков аппаратуры постовых устройств ЭЦ,CSH,2023,,,,,,
1,12951285,2023-08-02 11:28:00,Дальневосточная,"Д-ВОСТ, ШЧ-2 ДВОСТ","9шт 5,8ч","2шт 0,95ч","2шт (к учету 1) 1,27ч","Пробой элементов релейных блоков ЭЦ, ГАЦ, АБ, ПАБ аппаратуры светофоров, указателей и полос",CSH,2023,9.0,"5,8ч",2.0,"0,95ч",1.0,"1,27ч"
2,12952654,2023-08-03 05:14:00,Дальневосточная,"Д-ВОСТ, ШЧ-8 ДВОСТ","1шт 0,58ч",,,Неисправность элементов крепления приборов на стативах для размещения постовых устройств ЭЦ,CSH,2023,1.0,"0,58ч",,,,
2,12953010,2023-08-03 08:26:00,Дальневосточная,"Д-ВОСТ, ШЧ-14 ДВОСТ","1шт 0,38ч",,,Неисправность РЦН,CSH,2023,1.0,"0,38ч",,,,
3,12954030,2023-08-03 14:22:00,Дальневосточная,"Д-ВОСТ, ШЧ-8 ДВОСТ",,,,Потеря контакта в ламподержателе линзового светофора устройств ПАБ,CSH,2023,,,,,,
2,12954428,2023-08-03 21:53:00,Дальневосточная,"Д-ВОСТ, ШЧ-10 ДВОСТ","1шт 0,3ч",,,Излом штепселя (контактного болта) перемычек,CSH,2023,1.0,"0,3ч",,,,
3,12954427,2023-08-03 22:10:00,Дальневосточная,"Д-ВОСТ, ШЧ-14 ДВОСТ",,,,Схлестывание проводов линий СЦБ,CSH,2023,,,,,,
2,12962124,2023-08-04 23:58:00,Дальневосточная,"Д-ВОСТ, ШЧ-14 ДВОСТ","1шт 0,2ч","1шт 0,17ч",,Перекрытие изолирующего стыка рельсовой цепи,CSH,2023,1.0,"0,2ч",1.0,"0,17ч",,
3,12957849,2023-08-06 19:04:00,Дальневосточная,"Д-ВОСТ, ШЧ-8 ДВОСТ",,,,Обрыв жил сигнально-блокировочного металлического кабеля кабельной сети АБ,CSH,2023,,,,,,
3,12958050,2023-08-07 00:34:00,Дальневосточная,"Д-ВОСТ, ШЧ-2 ДВОСТ","1шт 0,02ч",,,Перегорание лампы линзового светофора,CSH,2023,1.0,"0,02ч",,,,
1,12958353,2023-08-07 06:30:00,Дальневосточная,"Д-ВОСТ, ШЧ-14 ДВОСТ","5шт 4,87ч",,,Деформация гарнитуры стрелки,CSH,2023,5.0,"4,87ч",,,,
2,12960203,2023-08-08 06:25:00,Дальневосточная,"Д-ВОСТ, ШЧ-2 ДВОСТ","15шт (к учету 14) 6,42ч","1шт 0,32ч",,Асимметрия тягового тока,CSH,2023,14.0,"6,42ч",1.0,"0,32ч",,
3,12961994,2023-08-08 20:53:00,Дальневосточная,"Д-ВОСТ, ШЧ-10 ДВОСТ",,,,Повышенное переходное сопротивление между элементами ,CSH,2023,,,,,,
3,12963170,2023-08-09 08:53:00,Дальневосточная,"Д-ВОСТ, ШЧ-8 ДВОСТ",,,,Износ электрожезлового аппарата управления и контроля устройств ЭЖС,CSH,2023,,,,,,
2,12963506,2023-08-09 13:10:00,Дальневосточная,"Д-ВОСТ, ШЧ-14 ДВОСТ","1шт 0,6ч","1шт 0,25ч",,Обрыв элементов трансмиттеров аппаратуры АБ,CSH,2023,1.0,"0,6ч",1.0,"0,25ч",,
2,12963905,2023-08-09 14:27:00,Дальневосточная,"Д-ВОСТ, ШЧ-13 ДВОСТ",2шт 1ч,,,Неисправность стоек для размещения постовых устройств ЭЦ,CSH,2023,2.0,1ч,,,,
3,12964288,2023-08-09 20:05:00,Дальневосточная,"Д-ВОСТ, ШЧ-14 ДВОСТ",,,,Другие неисправности элементов защитного блока аппаратуры АБ,CSH,2023,,,,,,
3,12964485,2023-08-10 02:30:00,Дальневосточная,"Д-ВОСТ, ШЧ-2 ДВОСТ",,,,Механическое заедание элементов пульта-табло постовых устройств ЭЦ,CSH,2023,,,,,,
3,12966218,2023-08-10 17:43:00,Дальневосточная,"Д-ВОСТ, ШЧ-3 ДВОСТ",,,,Нарушение изоляции на стрелке,CSH,2023,,,,,,
3,12966502,2023-08-11 01:38:00,Дальневосточная,"Д-ВОСТ, ШЧ-6 ДВОСТ",,,,Нарушение герметичности муфты кабельной сети,CSH,2023,,,,,,
3,12966573,2023-08-11 03:36:00,Дальневосточная,"Д-ВОСТ, ШЧ-9 ДВОСТ",,,,Неисправность монтажа концевой муфты,CSH,2023,,,,,,
3,12966702,2023-08-11 06:26:00,Дальневосточная,"Д-ВОСТ, ШЧ-14 ДВОСТ",,,,Повышенное переходное сопротивление между элементами ,CSH,2023,,,,,,
2,12967363,2023-08-11 09:48:00,Дальневосточная,"Д-ВОСТ, ШЧ-6 ДВОСТ","1шт 0,55ч",,,Перегорание плавкой вставки (проволоки) предохранителей аппаратуры защиты рельсовых цепей,CSH,2023,1.0,"0,55ч",,,,
2,12968375,2023-08-12 12:30:00,Дальневосточная,"Д-ВОСТ, ШЧ-8 ДВОСТ","6шт 2,07ч",,,Причина не установлена,CSH,2023,6.0,"2,07ч",,,,
2,12968537,2023-08-12 17:29:00,Дальневосточная,"Д-ВОСТ, ШЧ-10 ДВОСТ","5шт (к учету 4) 1,65ч",,,Неисправность путевой перемычки,CSH,2023,4.0,"1,65ч",,,,
3,12968706,2023-08-12 22:13:00,Дальневосточная,"Д-ВОСТ, ШЧ-8 ДВОСТ",,,,Короткое замыкание монтажа путевого ящика для размещения аппаратуры рельсовых цепей,CSH,2023,,,,,,
1,12969292,2023-08-13 15:46:00,Дальневосточная,"Д-ВОСТ, ШЧ-3 ДВОСТ","21шт (к учету 15) 13,75ч",,,Другие неисправности элементов защитного блока аппаратуры АБ,CSH,2023,15.0,"13,75ч",,,,
3,12970159,2023-08-14 10:22:00,Дальневосточная,"Д-ВОСТ, ШЧ-12 ДВОСТ",,,,Электрический пробой элементов защитного блока аппаратуры АБ,CSH,2023,,,,,,
3,12970949,2023-08-14 14:00:00,Дальневосточная,"Д-ВОСТ, ШЧ-14 ДВОСТ",,,,Перекрытие изолирующего стыка рельсовой цепи,CSH,2023,,,,,,
3,12971083,2023-08-15 04:00:00,Дальневосточная,"Д-ВОСТ, ШЧ-14 ДВОСТ",,,,Другие неисправности АВМ аппаратуры защиты АБ,CSH,2023,,,,,,
3,12971160,2023-08-15 05:40:00,Дальневосточная,"Д-ВОСТ, ШЧ-14 ДВОСТ",,,,Электрический пробой выравнивателей (ограничителей) аппаратуры защиты постовых устройств ЭЦ,CSH,2023,,,,,,
3,12971289,2023-08-15 07:43:00,Дальневосточная,"Д-ВОСТ, ШЧ-2 ДВОСТ",,,,Закорачивание РЦ,CSH,2023,,,,,,
2,12972261,2023-08-15 16:15:00,Дальневосточная,"Д-ВОСТ, ШЧ-13 ДВОСТ","1шт 0,63ч",,,Неисправность предохранителя в цепи электропитания устройств УКСПС,CSH,2023,1.0,"0,63ч",,,,
3,12972474,2023-08-15 20:30:00,Дальневосточная,"Д-ВОСТ, ШЧ-14 ДВОСТ",,,,Другие неисправности элементов защитного блока аппаратуры АБ,CSH,2023,,,,,,
3,12972520,2023-08-15 22:50:00,Дальневосточная,"Д-ВОСТ, ШЧ-14 ДВОСТ",,,,Схлестывание проводов линий СЦБ,CSH,2023,,,,,,
3,12972545,2023-08-15 23:44:00,Дальневосточная,"Д-ВОСТ, ШЧ-14 ДВОСТ",,,,Перегорание плавкой вставки (проволоки) предохранителей аппаратуры защиты постовых устройств ЭЦ,CSH,2023,,,,,,
2,12972946,2023-08-16 07:40:00,Дальневосточная,"Д-ВОСТ, ШЧ-14 ДВОСТ","2шт 0,87ч",,,Нарушение монтажа шкафов для размещения устройств АБ,CSH,2023,2.0,"0,87ч",,,,
1,12972982,2023-08-16 07:59:00,Дальневосточная,"Д-ВОСТ, ШЧ-14 ДВОСТ","3шт 4,35ч",,,Другие неисправности элементов защитного блока аппаратуры постовых устройств ЭЦ,CSH,2023,3.0,"4,35ч",,,,
3,12973984,2023-08-16 16:00:00,Дальневосточная,"Д-ВОСТ, ШЧ-14 ДВОСТ",,,,Сбой в работе устройств сопряжения с объектами УСО,CSH,2023,,,,,,
2,12974118,2023-08-16 20:30:00,Дальневосточная,"Д-ВОСТ, ШЧ-12 ДВОСТ",,"1шт 0,35ч",,"Обрыв внешнего монтажа аппаратуры защиты  светофоров, указателей и полос",CSH,2023,,,1.0,"0,35ч",,
3,12974144,2023-08-16 21:54:00,Дальневосточная,"Д-ВОСТ, ШЧ-8 ДВОСТ",,,,Короткое замыкание монтажа муфты кабельной сети,CSH,2023,,,,,,
2,12974134,2023-08-16 21:55:00,Дальневосточная,"Д-ВОСТ, ШЧ-2 ДВОСТ","6шт (к учету 5) 2,37ч",,"1шт 0,1ч","Понижение сопротивления изоляции монтажа сигнально-блокировочного металлического кабеля светофоров, указателей и полос",CSH,2023,5.0,"2,37ч",,,1.0,"0,1ч"
2,12975596,2023-08-17 20:23:00,Дальневосточная,"Д-ВОСТ, ШЧ-8 ДВОСТ","5шт 1,98ч",,,Разрегулировка контактов автопереключателя СП-6М,CSH,2023,5.0,"1,98ч",,,,
2,12975956,2023-08-18 06:37:00,Дальневосточная,"Д-ВОСТ, ШЧ-4 ДВОСТ","4шт 0,92ч","1шт 0,25ч",,Механические повреждения сигнально-блокировочного металлического кабеля рельсовых цепей,CSH,2023,4.0,"0,92ч",1.0,"0,25ч",,
1,12975939,2023-08-18 06:40:00,Дальневосточная,"Д-ВОСТ, ШЧ-3 ДВОСТ","4шт 3,95ч",,,Нарушение монтажа стативов для размещения постовых устройств ЭЦ,CSH,2023,4.0,"3,95ч",,,,
3,12976533,2023-08-18 11:50:00,Дальневосточная,"Д-ВОСТ, ШЧ-14 ДВОСТ",,,,"Неисправность платы концентратора информации, объектного контроллера",CSH,2023,,,,,,
3,12976898,2023-08-18 21:13:00,Дальневосточная,"Д-ВОСТ, ШЧ-8 ДВОСТ",,,,Нарушение электрических характеристик реле аппаратуры АБ,CSH,2023,,,,,,
3,12981604,2023-08-19 12:55:00,Дальневосточная,"Д-ВОСТ, ШЧ-10 ДВОСТ",,,,Нарушение регулировочного режима,CSH,2023,,,,,,
2,12977765,2023-08-19 20:00:00,Дальневосточная,"Д-ВОСТ, ШЧ-12 ДВОСТ","1шт 0,47ч","1шт 0,13ч",,Короткое замыкание (пробой) элементов защитного блока аппаратуры рельсовых цепей,CSH,2023,1.0,"0,47ч",1.0,"0,13ч",,
2,12978569,2023-08-20 19:10:00,Дальневосточная,"Д-ВОСТ, ШЧ-8 ДВОСТ","2шт 1,02ч",,,"Неправильные действия машиниста, приведшие к неисправности стрелки",CSH,2023,2.0,"1,02ч",,,,
2,12978644,2023-08-20 21:49:00,Дальневосточная,"Д-ВОСТ, ШЧ-3 ДВОСТ","1шт 0,28ч","2шт (к учету 1) 0,2ч",,Сверхнормативное понижение сопротивления изоляции трансформаторов аппаратуры рельсовых цепей,CSH,2023,1.0,"0,28ч",1.0,"0,2ч",,
3,12978679,2023-08-21 00:02:00,Дальневосточная,"Д-ВОСТ, ШЧ-14 ДВОСТ",,,,Сбой в работе устройств сопряжения с объектами УСО,CSH,2023,,,,,,
2,12978815,2023-08-21 04:11:00,Дальневосточная,"Д-ВОСТ, ШЧ-8 ДВОСТ",3шт 1ч,,,"Нарушение электрического контакта в штепсельных разъемах релейных блоков ЭЦ, ГАЦ, АБ, ПАБ аппаратуры светофоров, указателей и полос",CSH,2023,3.0,1ч,,,,
3,12979628,2023-08-21 14:02:00,Дальневосточная,"Д-ВОСТ, ШЧ-8 ДВОСТ",,,,Причина не установлена,CSH,2023,,,,,,
3,12979724,2023-08-21 16:52:00,Дальневосточная,"Д-ВОСТ, ШЧ-14 ДВОСТ",,,,Обрыв плавкой вставки (проволоки) предохранителей аппаратуры защиты рельсовых цепей,CSH,2023,,,,,,
3,12980001,2023-08-22 01:49:00,Дальневосточная,"Д-ВОСТ, ШЧ-8 ДВОСТ",,,,Сбой программной части линейного пункта ДК,CSH,2023,,,,,,
3,12981122,2023-08-22 20:19:00,Дальневосточная,"Д-ВОСТ, ШЧ-6 ДВОСТ",,,,Причина не установлена,CSH,2023,,,,,,
2,12981229,2023-08-23 01:00:00,Дальневосточная,"Д-ВОСТ, ШЧ-14 ДВОСТ","1шт 0,55ч",,"1шт 0,1ч",Снижение емкости конденсаторов защитного блока аппаратуры АБ,CSH,2023,1.0,"0,55ч",,,1.0,"0,1ч"
2,12981212,2023-08-23 01:12:00,Дальневосточная,"Д-ВОСТ, ШЧ-7 ДВОСТ","7шт 3,12ч",,,Перегорание лампы линзового светофора,CSH,2023,7.0,"3,12ч",,,,
3,12981371,2023-08-23 05:40:00,Дальневосточная,"Д-ВОСТ, ШЧ-14 ДВОСТ",,,,Сбой в работе центрального процессорного модуля,CSH,2023,,,,,,
2,12982591,2023-08-23 18:02:00,Дальневосточная,"Д-ВОСТ, ШЧ-8 ДВОСТ","7шт 2,05ч",,,"Повышенное переходное сопротивление между элементами (штепсель-рельс, провод (трос)-штепсель, провод (трос)-наконечник)",CSH,2023,7.0,"2,05ч",,,,
2,12982782,2023-08-24 01:20:00,Дальневосточная,"Д-ВОСТ, ШЧ-9 ДВОСТ","3шт (к учету 2) 1,28ч",,,Перегорание плавкой вставки (проволоки) предохранителей аппаратуры защиты постовых устройств ЭЦ,CSH,2023,2.0,"1,28ч",,,,
3,12984769,2023-08-25 13:45:00,Дальневосточная,"Д-ВОСТ, ШЧ-7 ДВОСТ",,,,Износ элементов фазирующих устройств рельсовых цепей,CSH,2023,,,,,,
3,12984948,2023-08-25 16:41:00,Дальневосточная,"Д-ВОСТ, ШЧ-8 ДВОСТ",,,,Причина не установлена,CSH,2023,,,,,,
2,12985019,2023-08-25 19:20:00,Дальневосточная,"Д-ВОСТ, ШЧ-4 ДВОСТ","3шт 1,2ч",,,Износ элементов панелей питания постовых устройств ЭЦ,CSH,2023,3.0,"1,2ч",,,,
3,12985201,2023-08-26 03:15:00,Дальневосточная,"Д-ВОСТ, ШЧ-9 ДВОСТ",,,,Причина не установлена,CSH,2023,,,,,,
3,12985490,2023-08-26 13:31:00,Дальневосточная,"Д-ВОСТ, ШЧ-2 ДВОСТ",,,,Неисправность приёмной капсулы напольной камеры,CSH,2023,,,,,,
3,12986068,2023-08-27 07:20:00,Дальневосточная,"Д-ВОСТ, ШЧ-8 ДВОСТ",,,,Неисправность элементов крепления приборов на стативах для размещения постовых устройств ЭЦ,CSH,2023,,,,,,
2,12986441,2023-08-27 17:55:00,Дальневосточная,"Д-ВОСТ, ШЧ-10 ДВОСТ",,"1шт 0,13ч",,Неисправность кабельных стоек для размещения устройств рельсовой цепи,CSH,2023,,,1.0,"0,13ч",,
3,12986440,2023-08-27 18:13:00,Дальневосточная,"Д-ВОСТ, ШЧ-12 ДВОСТ",,,,Другие неисправности АВМ рельсовых цепей,CSH,2023,,,,,,
3,12986578,2023-08-28 00:12:00,Дальневосточная,"Д-ВОСТ, ШЧ-14 ДВОСТ",,,,Сверхнормативное переходное сопротивление контактов АВМ рельсовых цепей,CSH,2023,,,,,,
3,12986981,2023-08-28 09:40:00,Дальневосточная,"Д-ВОСТ, ШЧ-9 ДВОСТ",,,,Коррозия троса соединителей,CSH,2023,,,,,,
3,12990495,2023-08-28 10:10:00,Дальневосточная,"Д-ВОСТ, ШЧ-3 ДВОСТ",,,,Неисправность оборудования для размещения аппаратуры рельсовых цепей,CSH,2023,,,,,,
2,12987290,2023-08-28 14:00:00,Дальневосточная,"Д-ВОСТ, ШЧ-14 ДВОСТ","6шт (к учету 4) 2,88ч","1шт 0,18ч",,Отсутствие стыкового соединителя,CSH,2023,4.0,"2,88ч",1.0,"0,18ч",,
2,12987826,2023-08-29 02:54:00,Дальневосточная,"Д-ВОСТ, ШЧ-3 ДВОСТ","1шт 0,22ч","1шт 0,15ч",,Другие неисправности АВМ рельсовых цепей,CSH,2023,1.0,"0,22ч",1.0,"0,15ч",,
3,12987891,2023-08-29 06:25:00,Дальневосточная,"Д-ВОСТ, ШЧ-7 ДВОСТ",,,,Перегорание плавкой вставки (проволоки) предохранителей аппаратуры защиты постовых устройств ЭЦ,CSH,2023,,,,,,
3,12988942,2023-08-29 22:20:00,Дальневосточная,"Д-ВОСТ, ШЧ-3 ДВОСТ",,,,Перегорание лампы линзового светофора,CSH,2023,,,,,,
1,12988898,2023-08-29 22:32:00,Дальневосточная,"Д-ВОСТ, ШЧ-2 ДВОСТ","7шт 6,75ч",,,Нарушение монтажа стативов для размещения постовых устройств ЭЦ,CSH,2023,7.0,"6,75ч",,,,
2,12989170,2023-08-30 06:40:00,Дальневосточная,"Д-ВОСТ, ШЧ-14 ДВОСТ",,"1шт 0,12ч",,Обрыв жил сигнально-блокировочного металлического кабеля постовых устройств ЭЦ,CSH,2023,,,1.0,"0,12ч",,
3,12989701,2023-08-30 11:37:00,Дальневосточная,"Д-ВОСТ, ШЧ-14 ДВОСТ",,,,Сверхнормативное переходное сопротивление контактов АВМ рельсовых цепей,CSH,2023,,,,,,
2,12989699,2023-08-30 11:56:00,Дальневосточная,"Д-ВОСТ, ШЧ-2 ДВОСТ",,"1шт 0,13ч",,Сверхнормативное понижение сопротивления изоляции трансформаторов аппаратуры рельсовых цепей,CSH,2023,,,1.0,"0,13ч",,
3,12990191,2023-08-30 18:53:00,Дальневосточная,"Д-ВОСТ, ШЧ-13 ДВОСТ",,,,Перегорание плавкой вставки (проволоки) предохранителей аппаратуры защиты постовых устройств ЭЦ,CSH,2023,,,,,,
3,12990487,2023-08-31 06:15:00,Дальневосточная,"Д-ВОСТ, ШЧ-8 ДВОСТ",,,,Обрыв провода (троса) перемычки,CSH,2023,,,,,,
3,12991329,2023-08-31 20:24:00,Дальневосточная,"Д-ВОСТ, ИЧ Ш САХАЛИН",,,,Подгар контактов реле аппаратуры,CSH,2023,,,,,,
3,12991405,2023-09-01 00:25:00,Дальневосточная,"Д-ВОСТ, ШЧ-2 ДВОСТ",,,,Другие неисправности разрядников рельсовых цепей,CSH,2023,,,,,,
2,12991525,2023-09-01 04:25:00,Дальневосточная,"Д-ВОСТ, ШЧ-3 ДВОСТ","2шт 1,58ч",,,Неисправность стоек для размещения постовых устройств ЭЦ,CSH,2023,2.0,"1,58ч",,,,
3,12993227,2023-09-02 18:39:00,Дальневосточная,"Д-ВОСТ, ШЧ-3 ДВОСТ",,,,Неисправность элементов реле аппаратуры рельсовых цепей,CSH,2023,,,,,,
2,12993387,2023-09-03 00:45:00,Дальневосточная,"Д-ВОСТ, ШЧ-2 ДВОСТ","6шт 0,93ч",,,Другие неисправности АВМ рельсовых цепей,CSH,2023,6.0,"0,93ч",,,,
1,12993912,2023-09-03 14:20:00,Дальневосточная,"Д-ВОСТ, ШЧ-10 ДВОСТ","6шт 4,12ч",,,Обрыв провода (троса) перемычки,CSH,2023,6.0,"4,12ч",,,,
3,12996525,2023-09-03 17:12:00,Дальневосточная,"Д-ВОСТ, ШЧ-9 ДВОСТ",,,,Ослабление крепления предохранителей аппаратуры защиты АБ,CSH,2023,,,,,,
2,12994229,2023-09-04 02:50:00,Дальневосточная,"Д-ВОСТ, ШЧ-9 ДВОСТ","1шт 0,25ч",,,"Обрыв плавкой вставки (проволоки) предохранителей аппаратуры защиты светофоров, указателей и полос",CSH,2023,1.0,"0,25ч",,,,
2,12994255,2023-09-04 03:33:00,Дальневосточная,"Д-ВОСТ, ШЧ-8 ДВОСТ","2шт 0,48ч",,,"Неправильные действия ДСП, приведшие к неисправности светофоров, указателей и полос со схемой управления",CSH,2023,2.0,"0,48ч",,,,
3,12995047,2023-09-04 11:57:00,Дальневосточная,"Д-ВОСТ, ШЧ-2 ДВОСТ",,,,Другие неисправности разрядников рельсовых цепей,CSH,2023,,,,,,
2,12995406,2023-09-04 13:32:00,Дальневосточная,"Д-ВОСТ, ШЧ-6 ДВОСТ","7шт 3,32ч","2шт (к учету 1) 0,55ч",,Нарушение контакта монтажа в ящиках для размещения схемы управления стрелкой,CSH,2023,7.0,"3,32ч",1.0,"0,55ч",,
2,12996833,2023-09-05 10:00:00,Дальневосточная,"Д-ВОСТ, ШЧ-10 ДВОСТ","4шт 1,9ч",,,Причина не установлена,CSH,2023,4.0,"1,9ч",,,,
1,12998572,2023-09-05 23:03:00,Дальневосточная,"Д-ВОСТ, ШЧ-6 ДВОСТ","11шт (к учету 9) 6,22ч","1шт 0,2ч",,100% (свежий) излом датчика УКСПС,CSH,2023,9.0,"6,22ч",1.0,"0,2ч",,
3,12998692,2023-09-06 04:16:00,Дальневосточная,"Д-ВОСТ, ШЧ-14 ДВОСТ",,,,Сверхнормативное переходное сопротивление контактов АВМ рельсовых цепей,CSH,2023,,,,,,
2,13000121,2023-09-06 13:40:00,Дальневосточная,"Д-ВОСТ, ШЧ-2 ДВОСТ","11шт (к учету 8) 4,05ч",,,Закорачивание РЦ,CSH,2023,8.0,"4,05ч",,,,
3,13001229,2023-09-06 22:26:00,Дальневосточная,"Д-ВОСТ, ШЧ-14 ДВОСТ",,,,Неисправность источника электропитания,CSH,2023,,,,,,
2,13003505,2023-09-07 15:47:00,Дальневосточная,"Д-ВОСТ, ШЧ-7 ДВОСТ",,,"1шт 0,13ч","Обрыв деталей блока элементов аппаратуры светофоров, указателей и полос",CSH,2023,,,,,1.0,"0,13ч"
2,13003829,2023-09-07 22:09:00,Дальневосточная,"Д-ВОСТ, ШЧ-14 ДВОСТ","4шт 1,75ч",,,Обрыв плавкой вставки (проволоки) предохранителей аппаратуры защиты АБ,CSH,2023,4.0,"1,75ч",,,,
2,13003828,2023-09-07 22:14:00,Дальневосточная,"Д-ВОСТ, ШЧ-14 ДВОСТ","1шт 0,27ч",,,Неисправность элементов дешифраторной ячейки аппаратуры АБ,CSH,2023,1.0,"0,27ч",,,,
2,13006854,2023-09-08 09:03:00,Дальневосточная,"Д-ВОСТ, ШЧ-3 ДВОСТ","3шт 0,97ч","3шт (к учету 1) 0,4ч","1шт 0,1ч",Электрический пробой выравнивателей (ограничителей) аппаратуры защиты рельсовых цепей,CSH,2023,3.0,"0,97ч",1.0,"0,4ч",1.0,"0,1ч"
1,13004779,2023-09-08 10:24:00,Дальневосточная,"Д-ВОСТ, ШЧ-14 ДВОСТ","2шт 1,77ч",,,Нарушение контакта монтажа в ящиках для размещения схемы управления стрелкой,CSH,2023,2.0,"1,77ч",,,,
2,13006024,2023-09-08 20:30:00,Дальневосточная,"Д-ВОСТ, ШЧ-14 ДВОСТ","1шт 0,32ч",,,Электрический пробой элементов защитного блока аппаратуры АБ,CSH,2023,1.0,"0,32ч",,,,
3,13007705,2023-09-09 07:29:00,Дальневосточная,"Д-ВОСТ, ШЧ-7 ДВОСТ",,,,Другие неисправности элементов релейных блоков аппаратуры постовых устройств ЭЦ,CSH,2023,,,,,,
3,13006766,2023-09-09 20:37:00,Дальневосточная,"Д-ВОСТ, ШЧ-14 ДВОСТ",,,,Перекрытие изолирующего стыка рельсовой цепи,CSH,2023,,,,,,
3,13007612,2023-09-11 00:37:00,Дальневосточная,"Д-ВОСТ, ШЧ-3 ДВОСТ",,,,Разрегулировка временных параметров трансмиттеров аппаратуры рельсовых цепей,CSH,2023,,,,,,
3,13007688,2023-09-11 03:11:00,Дальневосточная,"Д-ВОСТ, ШЧ-3 ДВОСТ",,,,"Неисправность элементов крепления приборов в шкафах для размещения аппаратуры светофоров, указателей и полос",CSH,2023,,,,,,
2,13007976,2023-09-11 06:46:00,Дальневосточная,"Д-ВОСТ, ШЧ-2 ДВОСТ","1шт 0,3ч",,,Нарушение монтажа шкафов для размещения устройств АБ,CSH,2023,1.0,"0,3ч",,,,
1,13008362,2023-09-11 10:17:00,Дальневосточная,"Д-ВОСТ, ШЧ-10 ДВОСТ","1шт 1,08ч",,,Перекос деталей СП-6К,CSH,2023,1.0,"1,08ч",,,,
2,13009143,2023-09-11 15:44:00,Дальневосточная,"Д-ВОСТ, ШЧ-2 ДВОСТ","10шт 2,98ч",,,Электрический пробой элементов защитного блока аппаратуры рельсовых цепей,CSH,2023,10.0,"2,98ч",,,,
2,13009219,2023-09-11 18:28:00,Дальневосточная,"Д-ВОСТ, ШЧ-2 ДВОСТ","2шт 0,43ч",,,Нарушение регулировочного режима,CSH,2023,2.0,"0,43ч",,,,
3,13009477,2023-09-12 02:07:00,Дальневосточная,"Д-ВОСТ, ШЧ-9 ДВОСТ",,,,Сбой в работе устройств сопряжения с объектами УСО,CSH,2023,,,,,,
3,13011101,2023-09-12 13:15:00,Дальневосточная,"Д-ВОСТ, ШЧ-12 ДВОСТ",,,,Другие неисправности предохранителей аппаратуры защиты рельсовых цепей,CSH,2023,,,,,,
3,13011384,2023-09-12 23:43:00,Дальневосточная,"Д-ВОСТ, ШЧ-6 ДВОСТ","1шт 0,13ч",,,Причина не установлена,CSH,2023,1.0,"0,13ч",,,,
3,13013578,2023-09-14 02:50:00,Дальневосточная,"Д-ВОСТ, ШЧ-7 ДВОСТ",,,,Закорачивание РЦ,CSH,2023,,,,,,
3,13013636,2023-09-14 04:30:00,Дальневосточная,"Д-ВОСТ, ШЧ-14 ДВОСТ",,,,Перегорание плавкой вставки (проволоки) предохранителей аппаратуры защиты постовых устройств ЭЦ,CSH,2023,,,,,,
2,13015046,2023-09-14 13:47:00,Дальневосточная,"Д-ВОСТ, ШЧ-14 ДВОСТ",,"1шт 0,1ч",,Обрыв жил сигнально-блокировочного металлического кабеля кабельной сети АБ,CSH,2023,,,1.0,"0,1ч",,
3,13015496,2023-09-15 04:51:00,Дальневосточная,"Д-ВОСТ, ШЧ-14 ДВОСТ",,,,Перекрытие изолирующего стыка рельсовой цепи,CSH,2023,,,,,,
3,13015694,2023-09-15 07:54:00,Дальневосточная,"Д-ВОСТ, ШЧ-2 ДВОСТ",,,,"Нарушение монтажа стативов для размещения аппаратуры светофоров, указателей и полос",CSH,2023,,,,,,
3,13015759,2023-09-15 08:35:00,Дальневосточная,"Д-ВОСТ, ШЧ-14 ДВОСТ",,,,Нарушение контакта в штепсельном разъеме реле аппаратуры АБ,CSH,2023,,,,,,
2,13016993,2023-09-16 05:32:00,Дальневосточная,"Д-ВОСТ, ШЧ-2 ДВОСТ","2шт 1,07ч",,,"Повышенное переходное сопротивление между элементами (штепсель-рельс, провод (трос)-штепсель, провод (трос)-наконечник)",CSH,2023,2.0,"1,07ч",,,,
3,13017961,2023-09-17 12:34:00,Дальневосточная,"Д-ВОСТ, ИЧ Ш САХАЛИН",,,,Неисправность кабельных стоек для размещения устройств рельсовой цепи,CSH,2023,,,,,,
2,13017355,2023-09-18 12:11:00,Дальневосточная,"Д-ВОСТ, ШЧ-3 ДВОСТ","16шт 4,83ч","1шт 0,1ч","1шт 0,1ч",Неисправность элементов реле аппаратуры рельсовых цепей,CSH,2023,16.0,"4,83ч",1.0,"0,1ч",1.0,"0,1ч"
3,13020180,2023-09-19 07:13:00,Дальневосточная,"Д-ВОСТ, ШЧ-14 ДВОСТ",,,,Электрический пробой выравнивателей (ограничителей) аппаратуры защиты постовых устройств ЭЦ,CSH,2023,,,,,,
1,13021430,2023-09-20 02:00:00,Дальневосточная,"Д-ВОСТ, ШЧ-14 ДВОСТ","3шт (к учету 2) 2,58ч",,,Нарушение контакта во внутреннем монтаже щитка управления и контроля стрелкой,CSH,2023,2.0,"2,58ч",,,,
3,13021714,2023-09-20 06:49:00,Дальневосточная,"Д-ВОСТ, ШЧ-13 ДВОСТ",,,,Неисправность предохранителя в цепи электропитания устройств УКСПС,CSH,2023,,,,,,
3,13022051,2023-09-20 09:20:00,Дальневосточная,"Д-ВОСТ, ШЧ-10 ДВОСТ",,,,Неисправность элементов крепления приборов на стативах для размещения постовых устройств ЭЦ,CSH,2023,,,,,,
3,13022156,2023-09-20 10:25:00,Дальневосточная,"Д-ВОСТ, ШЧ-10 ДВОСТ",,,,Неисправность элементов крепления приборов на стативах для размещения устройств АБ,CSH,2023,,,,,,
1,13022254,2023-09-20 11:46:00,Дальневосточная,"Д-ВОСТ, ШЧ-9 ДВОСТ",2шт 2ч,,,Разрегулировка контактов автопереключателя СП-6К,CSH,2023,2.0,2ч,,,,
3,13024219,2023-09-21 15:19:00,Дальневосточная,"Д-ВОСТ, ШЧ-14 ДВОСТ",,,,Обрыв элементов в защитном блоке аппаратуры АБ,CSH,2023,,,,,,
1,13024457,2023-09-21 18:45:00,Дальневосточная,"Д-ВОСТ, ШЧ-2 ДВОСТ","32шт 21,42ч","6шт (к учету 3) 3,65ч","1шт 0,1ч",Сверхнормативное понижение сопротивления изоляции монтажа элементов защитного блока аппаратуры АБ,CSH,2023,32.0,"21,42ч",3.0,"3,65ч",1.0,"0,1ч"
2,13024826,2023-09-22 06:00:00,Дальневосточная,"Д-ВОСТ, ШЧ-14 ДВОСТ","2шт 0,83ч","2шт 1,08ч",,Электрический пробой выравнивателей (ограничителей) аппаратуры защиты постовых устройств ЭЦ,CSH,2023,2.0,"0,83ч",2.0,"1,08ч",,
3,13026514,2023-09-23 07:20:00,Дальневосточная,"Д-ВОСТ, ШЧ-12 ДВОСТ",,,,Нарушение монтажа шкафов для размещения устройств АБ,CSH,2023,,,,,,
3,13026269,2023-09-23 15:00:00,Дальневосточная,"Д-ВОСТ, ШЧ-14 ДВОСТ",,,,Перекрытие изолирующего стыка рельсовой цепи,CSH,2023,,,,,,
1,13026756,2023-09-24 09:46:00,Дальневосточная,"Д-ВОСТ, ШЧ-3 ДВОСТ","8шт 6,9ч","3шт 0,62ч","1шт 0,18ч",Другие неисправности АВМ рельсовых цепей,CSH,2023,8.0,"6,9ч",3.0,"0,62ч",1.0,"0,18ч"
3,13027054,2023-09-24 18:35:00,Дальневосточная,"Д-ВОСТ, ШЧ-2 ДВОСТ",,,,Электрический пробой разрядников аппаратуры защиты устройств ПАБ,CSH,2023,,,,,,
2,13027310,2023-09-25 04:48:00,Дальневосточная,"Д-ВОСТ, ШЧ-4 ДВОСТ","6шт (к учету 5) 1,93ч",,,Неисправность элементов блока питания постовых устройств ЭЦ,CSH,2023,5.0,"1,93ч",,,,
3,13030583,2023-09-25 05:15:00,Дальневосточная,"Д-ВОСТ, ШЧ-10 ДВОСТ",,,,Потеря контакта в ламподержателе линзового светофора,CSH,2023,,,,,,
3,13030164,2023-09-27 02:30:00,Дальневосточная,"Д-ВОСТ, ШЧ-7 ДВОСТ",,,,Неисправность контакторов (магнитных пускателей) панелей питания постовых устройств ЭЦ,CSH,2023,,,,,,
2,13030226,2023-09-27 02:52:00,Дальневосточная,"Д-ВОСТ, ШЧ-2 ДВОСТ","5шт 1,1ч",,,Другие неисправности предохранителей аппаратуры защиты рельсовых цепей,CSH,2023,5.0,"1,1ч",,,,
3,13032825,2023-09-28 16:49:00,Дальневосточная,"Д-ВОСТ, ШЧ-14 ДВОСТ",,,,Перегорание плавкой вставки (проволоки) предохранителей аппаратуры защиты постовых устройств ЭЦ,CSH,2023,,,,,,
3,13033076,2023-09-29 01:32:00,Дальневосточная,"Д-ВОСТ, ШЧ-4 ДВОСТ",,,,Неисправность деталей блока элементов аппаратуры постовых устройств ЭЦ,CSH,2023,,,,,,
3,13036538,2023-09-29 02:10:00,Дальневосточная,"Д-ВОСТ, ШЧ-14 ДВОСТ",,,,Обрыв элементов в защитном блоке аппаратуры рельсовых цепей,CSH,2023,,,,,,
1,13033757,2023-09-29 12:25:00,Дальневосточная,"Д-ВОСТ, ШЧ-14 ДВОСТ","1шт 1,25ч",,,Обрыв стыкового соединителя,CSH,2023,1.0,"1,25ч",,,,
2,13034131,2023-09-29 16:54:00,Дальневосточная,"Д-ВОСТ, ШЧ-14 ДВОСТ","1шт 0,8ч",,,Обрыв элементов в защитном блоке аппаратуры АБ,CSH,2023,1.0,"0,8ч",,,,
3,13034256,2023-09-29 19:30:00,Дальневосточная,"Д-ВОСТ, ШЧ-14 ДВОСТ",,,,Обрыв провода (троса) перемычки,CSH,2023,,,,,,
2,13034261,2023-09-29 20:42:00,Дальневосточная,"Д-ВОСТ, ШЧ-8 ДВОСТ","1шт 0,47ч",,,"Понижение сопротивления изоляции монтажа сигнально-блокировочного металлического кабеля светофоров, указателей и полос",CSH,2023,1.0,"0,47ч",,,,
3,13037987,2023-09-30 05:27:00,Дальневосточная,"Д-ВОСТ, ШЧ-2 ДВОСТ",,,,Другие неисправности разрядников рельсовых цепей,CSH,2023,,,,,,
3,13034546,2023-09-30 09:34:00,Дальневосточная,"Д-ВОСТ, ШЧ-3 ДВОСТ",,,,Разрегулировка временных параметров трансмиттеров аппаратуры рельсовых цепей,CSH,2023,,,,,,
3,13034728,2023-09-30 14:47:00,Дальневосточная,"Д-ВОСТ, ШЧ-2 ДВОСТ",,,,"Нарушение монтажа стативов для размещения аппаратуры светофоров, указателей и полос",CSH,2023,,,,,,
3,13035578,2023-10-01 07:39:00,Дальневосточная,"Д-ВОСТ, ШЧ-2 ДВОСТ",,,,Другие неисправности разрядников постовых устройств ЭЦ,CSH,2023,,,,,,
3,13035429,2023-10-01 10:01:00,Дальневосточная,"Д-ВОСТ, ШЧ-14 ДВОСТ",,,,Перекрытие изолирующего стыка рельсовой цепи,CSH,2023,,,,,,
3,13036713,2023-10-02 11:15:00,Дальневосточная,"Д-ВОСТ, ШЧ-12 ДВОСТ",,,,Электрический пробой элементов защитного блока аппаратуры рельсовых цепей,CSH,2023,,,,,,
2,13037604,2023-10-02 21:35:00,Дальневосточная,"Д-ВОСТ, ШЧ-14 ДВОСТ","1шт 0,25ч",,,Неисправность блока или модуля линейного пункта ДЦ,CSH,2023,1.0,"0,25ч",,,,
3,13037645,2023-10-02 23:48:00,Дальневосточная,"Д-ВОСТ, ШЧ-6 ДВОСТ",,,,Обрыв жил сигнально-блокировочного металлического кабеля рельсовых цепей,CSH,2023,,,,,,
3,13040010,2023-10-04 06:25:00,Дальневосточная,"Д-ВОСТ, ШЧ-2 ДВОСТ","2шт 0,03ч",,,Другие неисправности предохранителей аппаратуры защиты рельсовых цепей,CSH,2023,2.0,"0,03ч",,,,
2,13040064,2023-10-04 07:11:00,Дальневосточная,"Д-ВОСТ, ШЧ-2 ДВОСТ","5шт (к учету 4) 1,43ч","2шт 0,27ч",,Обрыв жил сигнально-блокировочного металлического кабеля схемы управления стрелкой,CSH,2023,4.0,"1,43ч",2.0,"0,27ч",,
3,13044255,2023-10-06 04:22:00,Дальневосточная,"Д-ВОСТ, ШЧ-14 ДВОСТ",,,,Перекрытие изолирующего стыка рельсовой цепи,CSH,2023,,,,,,
2,13045754,2023-10-06 20:42:00,Дальневосточная,"Д-ВОСТ, ШЧ-6 ДВОСТ","8шт 5,88ч",,"2шт (к учету 1) 0,45ч",Нарушение монтажа стативов для размещения постовых устройств ЭЦ,CSH,2023,8.0,"5,88ч",,,1.0,"0,45ч"
3,13045824,2023-10-07 01:24:00,Дальневосточная,"Д-ВОСТ, ШЧ-6 ДВОСТ",,,,Неисправность элементов крепления приборов на стативах для размещения постовых устройств ЭЦ,CSH,2023,,,,,,
1,13046100,2023-10-07 10:20:00,Дальневосточная,"Д-ВОСТ, ШЧ-13 ДВОСТ","2шт 2,32ч",,,Ослабление затяжки болтов перемычки,CSH,2023,2.0,"2,32ч",,,,
3,13049477,2023-10-08 12:50:00,Дальневосточная,"Д-ВОСТ, ШЧ-10 ДВОСТ",,,,"Электрический пробой выравнивателей (ограничителей) аппаратуры защиты светофоров, указателей и полос",CSH,2023,,,,,,
3,13047333,2023-10-08 21:42:00,Дальневосточная,"Д-ВОСТ, ШЧ-12 ДВОСТ",,,,Нарушение регулировки усилия перевода СП-6,CSH,2023,,,,,,
2,13047532,2023-10-09 02:15:00,Дальневосточная,"Д-ВОСТ, ШЧ-13 ДВОСТ","1шт 0,35ч",,,Размагничивание реле аппаратуры схемы управления стрелкой,CSH,2023,1.0,"0,35ч",,,,
3,13056152,2023-10-09 10:38:00,Дальневосточная,"Д-ВОСТ, ШЧ-2 ДВОСТ",,,,Нарушение регулировки гарнитуры стрелки,CSH,2023,,,,,,
3,13050303,2023-10-10 10:35:00,Дальневосточная,"Д-ВОСТ, ШЧ-6 ДВОСТ",,,,Нарушение контакта в штепсельном разъеме реле аппаратуры светофоров указателей и полос,CSH,2023,,,,,,
3,13050968,2023-10-10 17:57:00,Дальневосточная,"Д-ВОСТ, ШЧ-14 ДВОСТ",,,,Другие неисправности АВМ рельсовых цепей,CSH,2023,,,,,,
3,13051008,2023-10-10 18:42:00,Дальневосточная,"Д-ВОСТ, ИЧ Ш САХАЛИН",,,,Перегорание лампы линзового светофора,CSH,2023,,,,,,
2,13051429,2023-10-11 04:35:00,Дальневосточная,"Д-ВОСТ, ШЧ-3 ДВОСТ","1шт 0,2ч","1шт 0,23ч","1шт 0,27ч",Перегорание плавкой вставки (проволоки) предохранителей аппаратуры защиты рельсовых цепей,CSH,2023,1.0,"0,2ч",1.0,"0,23ч",1.0,"0,27ч"
2,13051430,2023-10-11 04:59:00,Дальневосточная,"Д-ВОСТ, ШЧ-7 ДВОСТ","2шт 0,68ч",,"2шт (к учету 1) 0,98ч",Неисправность контакторов (магнитных пускателей) панелей питания постовых устройств ЭЦ,CSH,2023,2.0,"0,68ч",,,1.0,"0,98ч"
3,13051864,2023-10-11 08:56:00,Дальневосточная,"Д-ВОСТ, ШЧ-12 ДВОСТ",,,,"Обрыв плавкой вставки (проволоки) предохранителей аппаратуры защиты светофоров, указателей и полос",CSH,2023,,,,,,
2,13051862,2023-10-11 09:00:00,Дальневосточная,"Д-ВОСТ, ШЧ-14 ДВОСТ","1шт 0,53ч",,,Перегорание плавкой вставки (проволоки) предохранителей аппаратуры защиты постовых устройств ЭЦ,CSH,2023,1.0,"0,53ч",,,,
1,13055795,2023-10-13 01:51:00,Дальневосточная,"Д-ВОСТ, ШЧ-2 ДВОСТ","12шт 14,98ч",,,Нарушение изоляции стативов для размещения постовых устройств ЭЦ,CSH,2023,12.0,"14,98ч",,,,
2,13057309,2023-10-13 16:34:00,Дальневосточная,"Д-ВОСТ, ШЧ-9 ДВОСТ",,"1шт 0,17ч",,Сваривание контактов реле аппаратуры АБ,CSH,2023,,,1.0,"0,17ч",,
2,13057763,2023-10-14 06:00:00,Дальневосточная,"Д-ВОСТ, ШЧ-13 ДВОСТ","1шт 0,17ч","1шт 0,15ч",,Другие неисправности тиристорных устройств защиты рельсовых цепей,CSH,2023,1.0,"0,17ч",1.0,"0,15ч",,
3,13057787,2023-10-14 08:00:00,Дальневосточная,"Д-ВОСТ, ШЧ-2 ДВОСТ",,,,"Неисправность элементов крепления приборов на стативах для размещения аппаратуры светофоров, указателей и полос",CSH,2023,,,,,,
3,13058059,2023-10-14 14:38:00,Дальневосточная,"Д-ВОСТ, ИЧ Ш САХАЛИН",,,,Нарушение контакта в элементах унифицированного стрелочного централизатора Наталевича,CSH,2023,,,,,,
3,13060503,2023-10-14 19:43:00,Дальневосточная,"Д-ВОСТ, ШЧ-14 ДВОСТ",,,,Просадка напряжения на питающей линии,CSH,2023,,,,,,
2,13059140,2023-10-16 04:47:00,Дальневосточная,"Д-ВОСТ, ШЧ-2 ДВОСТ","8шт 2,27ч",,,Сверхнормативное переходное сопротивление контактов АВМ рельсовых цепей,CSH,2023,8.0,"2,27ч",,,,
3,13059142,2023-10-16 05:36:00,Дальневосточная,"Д-ВОСТ, ШЧ-12 ДВОСТ",,,,"Обрыв плавкой вставки (проволоки) предохранителей аппаратуры защиты светофоров, указателей и полос",CSH,2023,,,,,,
3,13059347,2023-10-16 08:15:00,Дальневосточная,"Д-ВОСТ, ШЧ-12 ДВОСТ",,,,Обрыв плавкой вставки (проволоки) предохранителей аппаратуры защиты АБ,CSH,2023,,,,,,
2,13059747,2023-10-16 12:18:00,Дальневосточная,"Д-ВОСТ, ШЧ-2 ДВОСТ","2шт 0,6ч",,,Нарушение контакта в штепсельном разъеме реле аппаратуры рельсовых цепей,CSH,2023,2.0,"0,6ч",,,,
3,13064639,2023-10-17 08:12:00,Дальневосточная,"Д-ВОСТ, ШЧ-9 ДВОСТ",,,,Нарушение контакта в монтаже в путевых ящиках для размещения аппаратуры рельсовых цепей,CSH,2023,,,,,,
3,13060915,2023-10-17 10:37:00,Дальневосточная,"Д-ВОСТ, ШЧ-12 ДВОСТ",,,,Сверхнормативное переходное сопротивление контактов АВМ рельсовых цепей,CSH,2023,,,,,,
3,13064149,2023-10-19 14:40:00,Дальневосточная,"Д-ВОСТ, ШЧ-7 ДВОСТ","1шт 0,02ч",,,Перегорание лампы линзового светофора,CSH,2023,1.0,"0,02ч",,,,
3,13064300,2023-10-19 21:30:00,Дальневосточная,"Д-ВОСТ, ШЧ-8 ДВОСТ",,,,Неправильные действия ДСП,CSH,2023,,,,,,
3,13066569,2023-10-20 03:10:00,Дальневосточная,"Д-ВОСТ, ШЧ-10 ДВОСТ",,,,Перегорание лампы линзового светофора,CSH,2023,,,,,,
1,13064710,2023-10-20 07:25:00,Дальневосточная,"Д-ВОСТ, ШЧ-8 ДВОСТ","19шт 13,78ч",,"3шт 0,48ч",Обрыв жил сигнально-блокировочного металлического кабеля рельсовых цепей,CSH,2023,19.0,"13,78ч",,,3.0,"0,48ч"
3,13066362,2023-10-22 02:52:00,Дальневосточная,"Д-ВОСТ, ШЧ-14 ДВОСТ",,,,Сбой в работе устройств сопряжения с объектами УСО,CSH,2023,,,,,,
2,13066708,2023-10-22 10:29:00,Дальневосточная,"Д-ВОСТ, ШЧ-2 ДВОСТ","16шт (к учету 15) 3,98ч","2шт 0,47ч",,Неисправность элементов фильтров аппаратуры рельсовых цепей,CSH,2023,15.0,"3,98ч",2.0,"0,47ч",,
3,13066710,2023-10-22 12:10:00,Дальневосточная,"Д-ВОСТ, ШЧ-14 ДВОСТ",,,,Неисправность модемов петель связи,CSH,2023,,,,,,
3,13067112,2023-10-23 02:14:00,Дальневосточная,"Д-ВОСТ, ШЧ-9 ДВОСТ",,,,"Сбой в работе платы концентратора информации, объектного контроллера",CSH,2023,,,,,,
2,13067873,2023-10-23 15:10:00,Дальневосточная,"Д-ВОСТ, ШЧ-3 ДВОСТ",,"4шт (к учету 1) 0,68ч",,Перегорание лампы линзового светофора,CSH,2023,,,1.0,"0,68ч",,
3,13068283,2023-10-24 03:37:00,Дальневосточная,"Д-ВОСТ, ШЧ-14 ДВОСТ",,,,Обрыв плавкой вставки (проволоки) предохранителей аппаратуры защиты АБ,CSH,2023,,,,,,
3,13068774,2023-10-24 11:50:00,Дальневосточная,"Д-ВОСТ, ШЧ-3 ДВОСТ",,,,Деформация гарнитуры стрелки,CSH,2023,,,,,,
2,13069199,2023-10-24 16:40:00,Дальневосточная,"Д-ВОСТ, ШЧ-10 ДВОСТ","1шт 0,57ч","1шт 0,1ч",,Сваривание контактов реле аппаратуры рельсовых цепей,CSH,2023,1.0,"0,57ч",1.0,"0,1ч",,
2,13069206,2023-10-24 16:55:00,Дальневосточная,"Д-ВОСТ, ШЧ-2 ДВОСТ","5шт 1,58ч",,,Нарушение монтажа шкафов для размещения устройств АБ,CSH,2023,5.0,"1,58ч",,,,
3,13069564,2023-10-25 06:02:00,Дальневосточная,"Д-ВОСТ, ШЧ-2 ДВОСТ","1шт 0,02ч",,,Нарушение изоляции шкафов для размещения устройств АБ,CSH,2023,1.0,"0,02ч",,,,
2,13069771,2023-10-25 09:11:00,Дальневосточная,"Д-ВОСТ, ШЧ-3 ДВОСТ","3шт 0,62ч",,,Другие неисправности АВМ рельсовых цепей,CSH,2023,3.0,"0,62ч",,,,
2,13070097,2023-10-25 11:41:00,Дальневосточная,"Д-ВОСТ, ШЧ-6 ДВОСТ","1шт 0,83ч",,,Повышенное переходное сопротивление между элементами ,CSH,2023,1.0,"0,83ч",,,,
3,13070633,2023-10-25 19:12:00,Дальневосточная,"Д-ВОСТ, ШЧ-3 ДВОСТ",,,,Нарушение монтажа стативов для размещения постовых устройств ЭЦ,CSH,2023,,,,,,
3,13070704,2023-10-26 03:11:00,Дальневосточная,"Д-ВОСТ, ШЧ-12 ДВОСТ",,,,Перегорание плавкой вставки (проволоки) предохранителей аппаратуры защиты рельсовых цепей,CSH,2023,,,,,,
3,13071039,2023-10-26 05:34:00,Дальневосточная,"Д-ВОСТ, ШЧ-9 ДВОСТ",,,,"Ослабление крепления предохранителей аппаратуры защиты светофоров, указателей и полос",CSH,2023,,,,,,
3,13071892,2023-10-26 08:18:00,Дальневосточная,"Д-ВОСТ, ШЧ-4 ДВОСТ",,,,Нарушение электрических характеристик реле аппаратуры постовых устройств ЭЦ,CSH,2023,,,,,,
2,13071595,2023-10-26 15:05:00,Дальневосточная,"Д-ВОСТ, ШЧ-4 ДВОСТ","2шт 0,5ч","1шт 0,02ч",,Заклинивание деталей СП-6,CSH,2023,2.0,"0,5ч",1.0,"0,02ч",,
2,13072288,2023-10-27 09:24:00,Дальневосточная,"Д-ВОСТ, ШЧ-14 ДВОСТ","4шт (к учету 3) 0,58ч",,,Нарушение контакта в монтаже в ящиках для размещения устройств АБ,CSH,2023,3.0,"0,58ч",,,,
3,13072382,2023-10-27 11:34:00,Дальневосточная,"Д-ВОСТ, ШЧ-2 ДВОСТ",,,,Другие неисправности разрядников рельсовых цепей,CSH,2023,,,,,,
2,13072394,2023-10-27 12:39:00,Дальневосточная,"Д-ВОСТ, ШЧ-14 ДВОСТ","1шт 0,57ч",,,Неисправность устройств вентиляции,CSH,2023,1.0,"0,57ч",,,,
2,13072805,2023-10-27 21:49:00,Дальневосточная,"Д-ВОСТ, ШЧ-9 ДВОСТ","1шт 0,32ч",,,Обрыв элементов трансмиттеров аппаратуры рельсовых цепей,CSH,2023,1.0,"0,32ч",,,,
2,13072817,2023-10-27 22:54:00,Дальневосточная,"Д-ВОСТ, ШЧ-14 ДВОСТ",,"1шт 0,13ч",,Неисправность элементов трансмиттеров аппаратуры рельсовых цепей,CSH,2023,,,1.0,"0,13ч",,
3,13074197,2023-10-29 20:05:00,Дальневосточная,"Д-ВОСТ, ШЧ-12 ДВОСТ",,,,"Механические повреждения предохранителей аппаратуры защиты светофоров, указателей и полос",CSH,2023,,,,,,
2,13083912,2023-10-30 14:49:00,Дальневосточная,"Д-ВОСТ, ШЧ-2 ДВОСТ","1шт 0,27ч",,,Нарушение регулировочного режима,CSH,2023,1.0,"0,27ч",,,,
3,13075339,2023-10-30 17:46:00,Дальневосточная,"Д-ВОСТ, ШЧ-14 ДВОСТ",,,,Другие неисправности тиристорных устройств защиты рельсовых цепей,CSH,2023,,,,,,
3,13075359,2023-10-30 20:01:00,Дальневосточная,"Д-ВОСТ, ШЧ-2 ДВОСТ",,,,Электрический пробой разрядников аппаратуры защиты рельсовых цепей,CSH,2023,,,,,,
3,13078980,2023-10-31 11:07:00,Дальневосточная,"Д-ВОСТ, ШЧ-3 ДВОСТ",,,,Асимметрия тягового тока,CSH,2023,,,,,,
2,13076351,2023-10-31 15:31:00,Дальневосточная,"Д-ВОСТ, ШЧ-12 ДВОСТ","2шт 1,32ч",,,Нарушение временных характеристик реле аппаратуры АБ,CSH,2023,2.0,"1,32ч",,,,
1,12657020,2023-01-09 09:02:00,Дальневосточная,"Д-ВОСТ, ТЧЭ-13","2шт 3,73ч",,,Неперевод стрелочного перевода по причине попадания постороннего предмета,CT,2023,2.0,"3,73ч",,,,
1,12863097,2023-05-31 17:22:00,Дальневосточная,"Д-ВОСТ, ТЧЭ-15","1шт 4,13ч",,,"неисправность локомотива, дизель-поезда, электропоезда",CT,2023,1.0,"4,13ч",,,,
1,13007481,2023-09-10 14:50:00,Дальневосточная,"Д-ВОСТ, ТЧЭ-13",,,,"Отставание (неприлегание) остряка от рамного рельса на 4 мм и более, измеряемое против первой тяги",CT,2023,,,,,,
1,13070861,2023-10-26 00:19:00,Дальневосточная,"Д-ВОСТ, ТЧЭ-8","23шт (к учету 21) 78,2ч",,"13шт (к учету 9) 2,33ч",Механическое заклинивание клещевого механизма,CT,2023,21.0,"78,2ч",,,9.0,"2,33ч"
1,12650849,2023-01-01 13:33:00,Дальневосточная,"ЗАБ, ВЧДЭ-7 БЕЛОГОРСК","28шт (к учету 15) 11,58ч",,,Выпадение валика подвески тормозного подвешивания грузового вагона,CV,2023,15.0,"11,58ч",,,,
2,12654751,2023-01-01 16:42:00,Дальневосточная,"ЗАБ, ВЧДЭ-7 БЕЛОГОРСК","7шт 3,05ч",,,Обрыв маятниковой подвески грузового вагона,CV,2023,7.0,"3,05ч",,,,
1,12654752,2023-01-01 17:22:00,Дальневосточная,"ЗАБ, ВЧДЭ-6 МОГОЧА","3шт 0,95ч",,,Неравномерный прокат по кругу катания колеса грузового вагона выше нормы,CV,2023,3.0,"0,95ч",,,,
3,12665805,2023-01-02 02:25:00,Дальневосточная,"ЗАБ, ВЧДЭ-7 БЕЛОГОРСК",,,,Неравномерный прокат по кругу катания колеса грузового вагона выше нормы,CV,2023,,,,,,
1,12649439,2023-01-03 12:26:00,Дальневосточная,"Д-ВОСТ, ВЧДЭ-1 ХАБАРОВСК","7шт (к учету 6) 7,1ч",,,Неисправность тройника воздухопровода тормозной магистрали,CV,2023,6.0,"7,1ч",,,,
1,12652265,2023-01-06 08:46:00,Дальневосточная,"Д-ВОСТ, ВЧДЭ-10 КОМСОМОЛЬСК","1шт 1,18ч",,,Неисправность воздухораспределителя грузового вагона,CV,2023,1.0,"1,18ч",,,,
3,12669014,2023-01-08 02:31:00,Дальневосточная,"ЗАБ, ВЧДЭ-13 БОРЗЯ",,,,Ослабление (разрушение) торцевого крепления,CV,2023,,,,,,
3,12672725,2023-01-11 16:10:00,Дальневосточная,"Д-ВОСТ, ВЧДЭ-1 ХАБАРОВСК","1шт 0,23ч",,,Неисправность соединительного рукава грузового вагона,CV,2023,1.0,"0,23ч",,,,
2,12669562,2023-01-13 10:34:00,Дальневосточная,"Д-ВОСТ, ВЧДЭ-1 ХАБАРОВСК","1шт 0,43ч",,,Неисправность соединительного рукава грузового вагона,CV,2023,1.0,"0,43ч",,,,
2,12675441,2023-01-17 12:05:00,Дальневосточная,"ЗАБ, ВЧДЭ-7 БЕЛОГОРСК","1шт 0,47ч",,,Завар тормозного башмака грузового вагона,CV,2023,1.0,"0,47ч",,,,
3,12682122,2023-01-20 00:50:00,Дальневосточная,"Д-ВОСТ, ВЧДЭ-1 ХАБАРОВСК",,,,Неисправность концевого крана грузового вагона,CV,2023,,,,,,
1,12682954,2023-01-24 03:24:00,Дальневосточная,"Д-ВОСТ, ВЧДЭ-1 ХАБАРОВСК","10шт 8,23ч",,,Неисправность тройника воздухопровода тормозной магистрали,CV,2023,10.0,"8,23ч",,,,
2,12683493,2023-01-25 01:05:00,Дальневосточная,"Д-ВОСТ, ВЧДЭ-11 ТЫНДА","1шт 0,25ч",,,Неисправность воздухораспределителя грузового вагона,CV,2023,1.0,"0,25ч",,,,
3,12688978,2023-01-25 09:58:00,Дальневосточная,"Д-ВОСТ, ВЧДЭ-11 ТЫНДА",,,,Повреждение предохранителя от саморасцепа,CV,2023,,,,,,
2,12686277,2023-01-26 20:44:00,Дальневосточная,"Д-ВОСТ, ВЧДЭ-1 ХАБАРОВСК","6шт 2,55ч",,,Неисправность концевого крана грузового вагона,CV,2023,6.0,"2,55ч",,,,
2,12690101,2023-01-30 15:27:00,Дальневосточная,"Д-ВОСТ, ВЧДЭ-1 ХАБАРОВСК","5шт 1,25ч",,,Неисправность воздухораспределителя грузового вагона,CV,2023,5.0,"1,25ч",,,,
3,12689706,2023-01-30 16:26:00,Дальневосточная,"Д-ВОСТ, ВЧДЭ-1 ХАБАРОВСК","2шт 0,37ч",,,Технологический нагрев буксового узла,CV,2023,2.0,"0,37ч",,,,
2,12699316,2023-02-01 05:20:00,Дальневосточная,"Д-ВОСТ, ВЧДЭ-1 ХАБАРОВСК","1шт 0,42ч",,,Излом центрирующей балочки грузового вагона,CV,2023,1.0,"0,42ч",,,,
2,12695158,2023-02-03 12:05:00,Дальневосточная,"Д-ВОСТ, ВЧДЭ-1 ХАБАРОВСК","1шт 0,67ч",,,Трещина пружины рессорного подвешивания грузового вагона,CV,2023,1.0,"0,67ч",,,,
3,12709049,2023-02-07 10:16:00,Дальневосточная,"Д-ВОСТ, ВЧДЭ-1 ХАБАРОВСК","1шт 0,18ч",,,Повреждение предохранителя от саморасцепа автосцепки грузового вагона,CV,2023,1.0,"0,18ч",,,,
1,12705756,2023-02-10 01:11:00,Дальневосточная,"Д-ВОСТ, ВЧДЭ-1 ХАБАРОВСК","4шт 4,57ч",,,Неисправность воздухораспределителя грузового вагона,CV,2023,4.0,"4,57ч",,,,
2,12705883,2023-02-10 04:06:00,Дальневосточная,"Д-ВОСТ, ВЧДЭ-1 ХАБАРОВСК","3шт 1,87ч",,,Неисправность воздухораспределителя грузового вагона,CV,2023,3.0,"1,87ч",,,,
2,12706305,2023-02-10 10:24:00,Дальневосточная,"Д-ВОСТ, ВЧДЭ-10 КОМСОМОЛЬСК","1шт 0,37ч",,,Неисправность воздухораспределителя грузового вагона,CV,2023,1.0,"0,37ч",,,,
1,12708485,2023-02-12 10:19:00,Дальневосточная,"Д-ВОСТ, ВЧДЭ-1 ХАБАРОВСК","3шт (к учету 2) 3,18ч",,,Неисправность тройника воздухопровода тормозной магистрали,CV,2023,2.0,"3,18ч",,,,
3,12714517,2023-02-12 21:18:00,Дальневосточная,"Д-ВОСТ, ВЧДЭ-4 УССУРИЙСК",,,,Выщербина на ободе колеса грузового вагона,CV,2023,,,,,,
2,12716911,2023-02-13 14:05:00,Дальневосточная,"Д-ВОСТ, ВЧДЭ-4 УССУРИЙСК","1шт 0,3ч",,,Неисправность тройника воздухопровода тормозной магистрали,CV,2023,1.0,"0,3ч",,,,
2,12719331,2023-02-15 20:44:00,Дальневосточная,"ЗАБ, ВЧДЭ-3 КАРЫМСКАЯ","10шт 2,75ч",,,Выпадение валика подвески тормозного подвешивания грузового вагона,CV,2023,10.0,"2,75ч",,,,
3,12723997,2023-02-16 11:13:00,Дальневосточная,"Д-ВОСТ, ВЧДЭ-10 КОМСОМОЛЬСК",,,,Излом опорной прокладки в буксовом проёме,CV,2023,,,,,,
1,12714480,2023-02-17 02:55:00,Дальневосточная,"Д-ВОСТ, ВЧДЭ-1 ХАБАРОВСК","5шт 4,35ч","1шт 0,15ч",,Неисправность концевого крана грузового вагона,CV,2023,5.0,"4,35ч",1.0,"0,15ч",,
1,12724022,2023-02-18 15:55:00,Дальневосточная,"Д-ВОСТ, ВЧДЭ-1 ХАБАРОВСК","1шт 1,12ч",,,Неплотность тормозной магистрали грузового вагона,CV,2023,1.0,"1,12ч",,,,
3,12716607,2023-02-19 15:28:00,Дальневосточная,"Д-ВОСТ, ВЧДЭ-1 ХАБАРОВСК",,,,Неисправность воздухораспределителя грузового вагона,CV,2023,,,,,,
1,12720867,2023-02-23 15:50:00,Дальневосточная,"Д-ВОСТ, ВЧДЭ-1 ХАБАРОВСК","4шт 3,1ч",,,Неплотность тормозной магистрали грузового вагона,CV,2023,4.0,"3,1ч",,,,
3,12721827,2023-02-25 05:44:00,Дальневосточная,"Д-ВОСТ, ВЧДЭ-1 ХАБАРОВСК",,,,Неплотность тормозной магистрали грузового вагона,CV,2023,,,,,,
2,12722541,2023-02-26 07:51:00,Дальневосточная,"Д-ВОСТ, ВЧДЭ-1 ХАБАРОВСК","1шт 0,27ч",,,Неплотность тормозной магистрали грузового вагона,CV,2023,1.0,"0,27ч",,,,
1,12723424,2023-02-27 08:17:00,Дальневосточная,"Д-ВОСТ, ВЧДЭ-1 ХАБАРОВСК","1шт 2,38ч",,,Неисправность воздухораспределителя грузового вагона,CV,2023,1.0,"2,38ч",,,,
2,12723937,2023-02-27 22:39:00,Дальневосточная,"Д-ВОСТ, ВЧДЭ-1 ХАБАРОВСК","5шт 1,3ч",,,Неплотность тормозной магистрали грузового вагона,CV,2023,5.0,"1,3ч",,,,
2,12723991,2023-02-28 00:27:00,Дальневосточная,"Д-ВОСТ, ВЧДЭ-1 ХАБАРОВСК","1шт 0,63ч",,,Неплотность тормозной магистрали грузового вагона,CV,2023,1.0,"0,63ч",,,,
2,12726815,2023-03-02 04:10:00,Дальневосточная,"Д-ВОСТ, ВЧДЭ-11 ТЫНДА","2шт 1,02ч",,,Неплотность тормозной магистрали грузового вагона,CV,2023,2.0,"1,02ч",,,,
2,12728390,2023-03-02 21:08:00,Дальневосточная,"Д-ВОСТ, ВЧДЭ-1 ХАБАРОВСК","10шт 2,75ч",,,Неисправность воздухораспределителя грузового вагона,CV,2023,10.0,"2,75ч",,,,
1,12732302,2023-03-04 08:10:00,Дальневосточная,"ЗАБ, ВЧДЭ-7 БЕЛОГОРСК","1шт 1,28ч",,,Тонкий обод колеса грузового вагона,CV,2023,1.0,"1,28ч",,,,
2,12731573,2023-03-04 19:35:00,Дальневосточная,"ЗАБ, ВЧДЭ-7 БЕЛОГОРСК","1шт 0,92ч",,,Завар тормозного башмака грузового вагона,CV,2023,1.0,"0,92ч",,,,
2,12738036,2023-03-10 03:33:00,Дальневосточная,"Д-ВОСТ, ВЧДЭ-1 ХАБАРОВСК","4шт 1,7ч",,,Неисправность воздухораспределителя грузового вагона,CV,2023,4.0,"1,7ч",,,,
3,12738087,2023-03-10 04:50:00,Дальневосточная,"Д-ВОСТ, ВЧДЭ-1 ХАБАРОВСК",,,,Износ тормозной колодки грузового вагона,CV,2023,,,,,,
3,12738364,2023-03-10 08:14:00,Дальневосточная,"Д-ВОСТ, ВЧДЭ-1 ХАБАРОВСК",,,,Неплотность тормозной магистрали грузового вагона,CV,2023,,,,,,
3,12739463,2023-03-10 13:31:00,Дальневосточная,"Д-ВОСТ, ВЧДЭ-1 ХАБАРОВСК",,,,Неисправность тройника воздухопровода тормозной магистрали,CV,2023,,,,,,
1,12740855,2023-03-10 22:02:00,Дальневосточная,"ЗАБ, ВЧДЭ-3 КАРЫМСКАЯ","10шт 8,7ч","1шт 0,23ч",,Выпадение валика подвески тормозного подвешивания грузового вагона,CV,2023,10.0,"8,7ч",1.0,"0,23ч",,
1,12739927,2023-03-11 02:52:00,Дальневосточная,"Д-ВОСТ, ВЧДЭ-1 ХАБАРОВСК","6шт 2,72ч",,,Неисправность воздухораспределителя грузового вагона,CV,2023,6.0,"2,72ч",,,,
2,12744984,2023-03-12 12:00:00,Дальневосточная,"ЗАБ, ВЧДЭ-7 БЕЛОГОРСК","1шт 0,67ч",,,Кольцевая выработка поверхности катания колеса грузового вагона,CV,2023,1.0,"0,67ч",,,,
2,12741718,2023-03-13 06:17:00,Дальневосточная,"Д-ВОСТ, ВЧДЭ-1 ХАБАРОВСК","2шт 0,62ч",,,Неплотность тормозной магистрали грузового вагона,CV,2023,2.0,"0,62ч",,,,
2,12743129,2023-03-13 22:31:00,Дальневосточная,"Д-ВОСТ, ВЧДЭ-1 ХАБАРОВСК","10шт (к учету 7) 4,12ч",,,Неисправность воздухораспределителя грузового вагона,CV,2023,7.0,"4,12ч",,,,
1,12755379,2023-03-15 17:47:00,Дальневосточная,"ЗАБ, ВЧДЭ-7 БЕЛОГОРСК","1шт 1,27ч",,,Разрегулирование рычажной передачи грузового вагона,CV,2023,1.0,"1,27ч",,,,
1,12750019,2023-03-18 22:00:00,Дальневосточная,"Д-ВОСТ, ВЧДЭ-1 ХАБАРОВСК","1шт 1,05ч",,,Неисправность воздухораспределителя грузового вагона,CV,2023,1.0,"1,05ч",,,,
2,12752160,2023-03-19 17:53:00,Дальневосточная,"Д-ВОСТ, ВЧДЭ-4 УССУРИЙСК","1шт 0,5ч",,,Неисправность соединительного рукава грузового вагона,CV,2023,1.0,"0,5ч",,,,
2,12751985,2023-03-21 00:17:00,Дальневосточная,"Д-ВОСТ, ВЧДЭ-1 ХАБАРОВСК","1шт 0,5ч",,,Неплотность тормозной магистрали грузового вагона,CV,2023,1.0,"0,5ч",,,,
3,12760949,2023-03-22 04:17:00,Дальневосточная,"Д-ВОСТ, ВЧДЭ-1 ХАБАРОВСК",,,,Обрыв маятниковой подвески грузового вагона,CV,2023,,,,,,
2,12755282,2023-03-22 19:47:00,Дальневосточная,"ЗАБ, ВЧДЭ-3 КАРЫМСКАЯ","1шт 0,7ч",,,Неисправность опорной прокладки в буксовом проёме,CV,2023,1.0,"0,7ч",,,,
1,12756045,2023-03-23 13:19:00,Дальневосточная,"Д-ВОСТ, ВЧДЭ-1 ХАБАРОВСК","1шт 1,48ч",,,Другие причины,CV,2023,1.0,"1,48ч",,,,
2,12758556,2023-03-26 04:19:00,Дальневосточная,"Д-ВОСТ, ВЧДЭ-1 ХАБАРОВСК","8шт 4,28ч","1шт 0,13ч",,Повреждение двери грузового вагона,CV,2023,8.0,"4,28ч",1.0,"0,13ч",,
2,12759866,2023-03-27 10:01:00,Дальневосточная,"Д-ВОСТ, ВЧДЭ-1 ХАБАРОВСК","2шт 1,45ч",,,Повреждение двери грузового вагона,CV,2023,2.0,"1,45ч",,,,
2,12767448,2023-04-02 05:04:00,Дальневосточная,"Д-ВОСТ, ВЧДЭ-10 КОМСОМОЛЬСК","1шт 0,48ч",,,Ослабление заклёпок фрикционного гасителя колебаний грузового вагона,CV,2023,1.0,"0,48ч",,,,
2,12775457,2023-04-05 16:57:00,Дальневосточная,"Д-ВОСТ, ВЧДЭ-4 УССУРИЙСК","6шт (к учету 5) 2,57ч","2шт (к учету 1) 0,52ч",,Неисправность воздухораспределителя грузового вагона,CV,2023,5.0,"2,57ч",1.0,"0,52ч",,
2,12782561,2023-04-10 05:53:00,Дальневосточная,"Д-ВОСТ, ВЧДЭ-1 ХАБАРОВСК","3шт (к учету 2) 1,53ч",,,Неисправность запора люка грузового вагона,CV,2023,2.0,"1,53ч",,,,
2,12786602,2023-04-11 17:30:00,Дальневосточная,"Д-ВОСТ, ВЧДЭ-1 ХАБАРОВСК","1шт 0,42ч",,,Трещины листов обшивки кузова грузового вагона,CV,2023,1.0,"0,42ч",,,,
3,12789135,2023-04-12 23:20:00,Дальневосточная,"Д-ВОСТ, ВЧДЭ-4 УССУРИЙСК",,,,Разрегулирование рычажной передачи грузового вагона,CV,2023,,,,,,
1,12790176,2023-04-13 12:07:00,Дальневосточная,"Д-ВОСТ, ВЧДЭ-1 ХАБАРОВСК","1шт 1,38ч",,,"Излом (отсутствие), трещина упорного кольца",CV,2023,1.0,"1,38ч",,,,
1,12790853,2023-04-13 16:38:00,Дальневосточная,"Д-ВОСТ, ВЧДЭ-4 УССУРИЙСК","7шт (к учету 6) 3,15ч",,,Разрегулирование рычажной передачи грузового вагона,CV,2023,6.0,"3,15ч",,,,
2,12794182,2023-04-16 11:18:00,Дальневосточная,"Д-ВОСТ, ВЧДЭ-1 ХАБАРОВСК","12шт 2,42ч",,"1шт 0,12ч",Наличие постороннего предмета в технологическом проеме боковой рамы,CV,2023,12.0,"2,42ч",,,1.0,"0,12ч"
2,12794680,2023-04-17 04:00:00,Дальневосточная,"Д-ВОСТ, ВЧДЭ-4 УССУРИЙСК","3шт 1,53ч",,,Разрегулирование рычажной передачи грузового вагона,CV,2023,3.0,"1,53ч",,,,
3,12803221,2023-04-22 10:54:00,Дальневосточная,"Д-ВОСТ, ВЧДЭ-1 ХАБАРОВСК",,,,Неплотность тормозной магистрали грузового вагона,CV,2023,,,,,,
3,12812191,2023-04-23 04:55:00,Дальневосточная,"Д-ВОСТ, ВЧДЭ-11 ТЫНДА",,,,Завар тормозного башмака грузового вагона,CV,2023,,,,,,
3,12810155,2023-04-26 18:10:00,Дальневосточная,"Д-ВОСТ, ВЧДЭ-4 УССУРИЙСК",,,,Неисправность тройника воздухопровода тормозной магистрали,CV,2023,,,,,,
1,12813327,2023-04-28 16:11:00,Дальневосточная,"Д-ВОСТ, ВЧДЭ-1 ХАБАРОВСК","3шт 2,45ч",,,Неплотность тормозной магистрали грузового вагона,CV,2023,3.0,"2,45ч",,,,
1,12813588,2023-04-29 01:00:00,Дальневосточная,"Д-ВОСТ, ВЧДЭ-1 ХАБАРОВСК","1шт 2,17ч",,,Неисправность воздухораспределителя грузового вагона,CV,2023,1.0,"2,17ч",,,,
2,12814623,2023-04-30 11:00:00,Дальневосточная,"Д-ВОСТ, ВЧДЭ-1 ХАБАРОВСК","2шт (к учету 1) 1,12ч",,,Неисправность воздухораспределителя грузового вагона,CV,2023,1.0,"1,12ч",,,,
3,12815044,2023-05-01 02:03:00,Дальневосточная,"Д-ВОСТ, ВЧДЭ-1 ХАБАРОВСК",,,,Неплотность тормозной магистрали грузового вагона,CV,2023,,,,,,
3,12815097,2023-05-01 05:03:00,Дальневосточная,"Д-ВОСТ, ВЧДЭ-1 ХАБАРОВСК",,,,Неисправность воздухораспределителя грузового вагона,CV,2023,,,,,,
3,12818234,2023-05-01 05:40:00,Дальневосточная,"Д-ВОСТ, ВЧДЭ-4 УССУРИЙСК","2шт 0,27ч",,,Отсутствие или смещение пружин рессорного подвешивания грузового вагона,CV,2023,2.0,"0,27ч",,,,
3,12818573,2023-05-02 01:34:00,Дальневосточная,"Д-ВОСТ, ВЧДЭ-1 ХАБАРОВСК",,,,Неплотность тормозной магистрали грузового вагона,CV,2023,,,,,,
1,12823814,2023-05-05 06:37:00,Дальневосточная,"Д-ВОСТ, ВЧДЭ-1 ХАБАРОВСК","5шт (к учету 1) 5,32ч",,,Другие причины,CV,2023,1.0,"5,32ч",,,,
3,12826975,2023-05-06 23:45:00,Дальневосточная,"Д-ВОСТ, ВЧДЭ-10 КОМСОМОЛЬСК",,,,Другие причины,CV,2023,,,,,,
2,12835793,2023-05-12 10:17:00,Дальневосточная,"Д-ВОСТ, ВЧДЭ-11 ТЫНДА","1шт 0,98ч",,,Неисправность воздухораспределителя грузового вагона,CV,2023,1.0,"0,98ч",,,,
2,12846444,2023-05-19 08:46:00,Дальневосточная,"Д-ВОСТ, ВЧДЭ-11 ТЫНДА","1шт 0,28ч",,,Неисправность воздухораспределителя грузового вагона,CV,2023,1.0,"0,28ч",,,,
2,12849738,2023-05-20 07:39:00,Дальневосточная,"Д-ВОСТ, ВЧДЭ-1 ХАБАРОВСК","1шт 0,32ч",,,Разрегулирование рычажной передачи грузового вагона,CV,2023,1.0,"0,32ч",,,,
1,12851784,2023-05-23 09:13:00,Дальневосточная,"Д-ВОСТ, ВЧДЭ-1 ХАБАРОВСК","11шт (к учету 10) 7,52ч","1шт 0,33ч",,Излом рычагов и тормозных тяг грузового вагона,CV,2023,10.0,"7,52ч",1.0,"0,33ч",,
2,12853498,2023-05-24 07:12:00,Дальневосточная,"Д-ВОСТ, ВЧДЭ-1 ХАБАРОВСК","2шт 1,03ч",,,Неисправность воздухораспределителя грузового вагона,CV,2023,2.0,"1,03ч",,,,
2,12857901,2023-05-27 06:30:00,Дальневосточная,"Д-ВОСТ, ВЧДЭ-11 ТЫНДА","1шт 0,42ч",,,Неплотность тормозной магистрали грузового вагона,CV,2023,1.0,"0,42ч",,,,
3,12861447,2023-05-30 13:45:00,Дальневосточная,"Д-ВОСТ, ВЧДЭ-11 ТЫНДА",,,,Технологический нагрев буксового узла,CV,2023,,,,,,
2,12868312,2023-06-05 01:35:00,Дальневосточная,"Д-ВОСТ, ВЧДЭ-1 ХАБАРОВСК","3шт 0,92ч",,,Отсутствие болта валика подъемника автосцепки грузового вагона,CV,2023,3.0,"0,92ч",,,,
3,12870795,2023-06-06 09:05:00,Дальневосточная,"Д-ВОСТ, ВЧДЭ-1 ХАБАРОВСК",,,,Неисправность тройника воздухопровода тормозной магистрали,CV,2023,,,,,,
2,12874922,2023-06-07 13:20:00,Дальневосточная,"Д-ВОСТ, ВЧДЭ-1 ХАБАРОВСК","3шт (к учету 1) 1,65ч",,,Разрегулирование рычажной передачи грузового вагона,CV,2023,1.0,"1,65ч",,,,
3,12878624,2023-06-09 04:07:00,Дальневосточная,"Д-ВОСТ, ВЧДЭ-1 ХАБАРОВСК",,,,Неисправность тройника воздухопровода тормозной магистрали,CV,2023,,,,,,
3,12878635,2023-06-09 05:15:00,Дальневосточная,"Д-ВОСТ, ВЧДЭ-1 ХАБАРОВСК",,,,Неисправность тройника воздухопровода тормозной магистрали,CV,2023,,,,,,
2,12883227,2023-06-12 03:21:00,Дальневосточная,"Д-ВОСТ, ВЧДЭ-1 ХАБАРОВСК","1шт 0,43ч",,,Неплотность тормозной магистрали грузового вагона,CV,2023,1.0,"0,43ч",,,,
1,12885839,2023-06-14 00:49:00,Дальневосточная,"Д-ВОСТ, ВЧДЭ-1 ХАБАРОВСК","2шт 1,6ч",,,Неплотность тормозной магистрали грузового вагона,CV,2023,2.0,"1,6ч",,,,
3,12923436,2023-07-04 04:51:00,Дальневосточная,"Д-ВОСТ, ВЧДЭ-1 ХАБАРОВСК",,,,Отсутствие чеки тормозной колодки грузового вагона,CV,2023,,,,,,
2,12911520,2023-07-04 10:00:00,Дальневосточная,"Д-ВОСТ, ВЧДЭ-1 ХАБАРОВСК","3шт (к учету 2) 0,7ч",,"1шт 0,33ч",Отсутствие чеки тормозной колодки пассажирского вагона,CV,2023,2.0,"0,7ч",,,1.0,"0,33ч"
2,12927527,2023-07-09 18:41:00,Дальневосточная,"ЗАБ, ВЧДЭ-3 КАРЫМСКАЯ","1шт 0,45ч",,,Тонкий гребень колеса грузового вагона,CV,2023,1.0,"0,45ч",,,,
2,12926888,2023-07-12 22:32:00,Дальневосточная,"Д-ВОСТ, ВЧДЭ-1 ХАБАРОВСК","2шт 0,58ч",,,Неплотность тормозной магистрали грузового вагона,CV,2023,2.0,"0,58ч",,,,
3,12931783,2023-07-17 07:43:00,Дальневосточная,"Д-ВОСТ, ВЧДЭ-11 ТЫНДА",,,,Неисправность воздухораспределителя грузового вагона,CV,2023,,,,,,
3,12933005,2023-07-17 13:43:00,Дальневосточная,"Д-ВОСТ, ВЧДЭ-4 УССУРИЙСК",,,,Отсутствие или смещение пружин рессорного подвешивания грузового вагона,CV,2023,,,,,,
2,12934054,2023-07-18 21:33:00,Дальневосточная,"Д-ВОСТ, ВЧДЭ-1 ХАБАРОВСК","3шт (к учету 2) 0,73ч",,,Неплотность тормозной магистрали грузового вагона,CV,2023,2.0,"0,73ч",,,,
3,12936083,2023-07-20 09:15:00,Дальневосточная,"Д-ВОСТ, ВЧДЭ-10 КОМСОМОЛЬСК",,,,Неисправность главной части воздухораспределителя,CV,2023,,,,,,
2,12941056,2023-07-25 08:25:00,Дальневосточная,"Д-ВОСТ, ВЧДЭ-4 УССУРИЙСК","1шт 0,55ч",,,Разрегулирование рычажной передачи грузового вагона,CV,2023,1.0,"0,55ч",,,,
3,12946314,2023-07-28 23:11:00,Дальневосточная,"Д-ВОСТ, ВЧДЭ-10 КОМСОМОЛЬСК",,,,Другие причины,CV,2023,,,,,,
3,12946649,2023-07-29 11:15:00,Дальневосточная,"Д-ВОСТ, ВЧДЭ-4 УССУРИЙСК",,,,Разрегулирование рычажной передачи грузового вагона,CV,2023,,,,,,
2,12956320,2023-08-05 03:44:00,Дальневосточная,"Д-ВОСТ, ВЧДЭ-1 ХАБАРОВСК","1шт 0,43ч",,,Неисправность воздухораспределителя грузового вагона,CV,2023,1.0,"0,43ч",,,,
2,12963381,2023-08-09 08:13:00,Дальневосточная,"Д-ВОСТ, ВЧДЭ-1 ХАБАРОВСК","1шт 0,65ч",,,Обрыв маятниковой подвески грузового вагона,CV,2023,1.0,"0,65ч",,,,
2,12973481,2023-08-16 12:00:00,Дальневосточная,"Д-ВОСТ, ВЧДЭ-1 ХАБАРОВСК","6шт 3,12ч",,,Неисправность воздухораспределителя грузового вагона,CV,2023,6.0,"3,12ч",,,,
2,12973938,2023-08-16 16:59:00,Дальневосточная,"Д-ВОСТ, ВЧДЭ-1 ХАБАРОВСК","8шт 6,12ч",,,Неплотность тормозной магистрали грузового вагона,CV,2023,8.0,"6,12ч",,,,
2,12978125,2023-08-20 10:45:00,Дальневосточная,"Д-ВОСТ, ВЧДЭ-1 ХАБАРОВСК","5шт (к учету 3) 1,63ч",,,Неисправность воздухораспределителя грузового вагона,CV,2023,3.0,"1,63ч",,,,
3,12978099,2023-08-20 11:03:00,Дальневосточная,"Д-ВОСТ, ВЧДЭ-11 ТЫНДА",,,,Другие причины,CV,2023,,,,,,
2,12979452,2023-08-21 12:41:00,Дальневосточная,"Д-ВОСТ, ВЧДЭ-1 ХАБАРОВСК","1шт 0,53ч",,,Неисправность воздухораспределителя грузового вагона,CV,2023,1.0,"0,53ч",,,,
2,12998933,2023-09-06 07:25:00,Дальневосточная,"Д-ВОСТ, ВЧДЭ-11 ТЫНДА","1шт 0,28ч",,,Другие причины,CV,2023,1.0,"0,28ч",,,,
1,13015497,2023-09-13 20:00:00,Дальневосточная,"ЗАБ, ВЧДЭ-3 КАРЫМСКАЯ","5шт 2,08ч","1шт 0,33ч",,Неисправность разобщительного крана грузового вагона,CV,2023,5.0,"2,08ч",1.0,"0,33ч",,
1,13013614,2023-09-14 03:54:00,Дальневосточная,"Д-ВОСТ, ВЧДЭ-1 ХАБАРОВСК","3шт 3,33ч",,,Неисправность воздухораспределителя грузового вагона,CV,2023,3.0,"3,33ч",,,,
3,13014074,2023-09-14 05:52:00,Дальневосточная,"Д-ВОСТ, ВЧДЭ-10 КОМСОМОЛЬСК",,,,Завар тормозного башмака грузового вагона,CV,2023,,,,,,
3,13021201,2023-09-19 18:33:00,Дальневосточная,"Д-ВОСТ, ВЧДЭ-11 ТЫНДА",,,,Неисправность воздухораспределителя грузового вагона,CV,2023,,,,,,
2,13023218,2023-09-20 17:24:00,Дальневосточная,"Д-ВОСТ, ВЧДЭ-1 ХАБАРОВСК","1шт 0,75ч",,,Неплотность тормозной магистрали грузового вагона,CV,2023,1.0,"0,75ч",,,,
3,13023143,2023-09-21 04:50:00,Дальневосточная,"Д-ВОСТ, ВЧДЭ-1 ХАБАРОВСК",,,,Неисправность воздухораспределителя грузового вагона,CV,2023,,,,,,
2,13052033,2023-10-11 08:59:00,Дальневосточная,"Д-ВОСТ, ВЧДЭ-1 ХАБАРОВСК","1шт 0,82ч",,,Неисправность воздухораспределителя грузового вагона,CV,2023,1.0,"0,82ч",,,,
2,13063088,2023-10-19 02:51:00,Дальневосточная,"Д-ВОСТ, ВЧДЭ-1 ХАБАРОВСК","1шт 0,82ч",,,Неисправность воздухораспределителя грузового вагона,CV,2023,1.0,"0,82ч",,,,
2,13067409,2023-10-23 08:44:00,Дальневосточная,"Д-ВОСТ, ВЧДЭ-1 ХАБАРОВСК","4шт 1,45ч",,,Неисправность воздухораспределителя грузового вагона,CV,2023,4.0,"1,45ч",,,,
3,13071054,2023-10-23 10:00:00,Дальневосточная,"Д-ВОСТ, ВЧДЭ-1 ХАБАРОВСК",,,,Выщербина на ободе колеса грузового вагона,CV,2023,,,,,,
1,13069121,2023-10-24 14:15:00,Дальневосточная,"Д-ВОСТ, ВЧДЭ-1 ХАБАРОВСК",17шт (к учету 16) 7ч,"12шт (к учету 5) 3,57ч","2шт (к учету 1) 1,57ч",Неисправность воздухораспределителя грузового вагона,CV,2023,16.0,7ч,5.0,"3,57ч",1.0,"1,57ч"
2,13080079,2023-10-26 10:03:00,Дальневосточная,"ЗАБ, ВЧДЭ-7 БЕЛОГОРСК","1шт 0,47ч",,,Неисправность соеденительной муфты грузового вагона,CV,2023,1.0,"0,47ч",,,,
2,13075357,2023-10-30 20:34:00,Дальневосточная,"Д-ВОСТ, ВЧДЭ-11 ТЫНДА","1шт 0,3ч",,,Неисправность воздухораспределителя грузового вагона,CV,2023,1.0,"0,3ч",,,,
