CATEGORY,№,START_TIME,ROAD,RESPONSIBILITY,FREIGHT,PASSENGER,COMMUTER,REASON,DEPARTMENT,YEAR,FREIGHT_COUNT,FREIGHT_TIMEOUT,PASSENGER_COUNT,PASSENGER_TIMEOUT,COMMUTER_COUNT,COMMUTER_TIMEOUT
2,12648433,2023-01-02 05:26:00,Забайкальская,"ЗАБ, ШЧ-15 (Р)","1шт 0,82ч",,,Эрозия элементов реле аппаратуры АБ,CSH,2023,1.0,"0,82ч",,,,
1,12649034,2023-01-03 05:29:00,Забайкальская,"ЗАБ, ШЧ-14 (Э)","21шт (к учету 18) 12,28ч",,,"Обрыв жил сигнально-блокировочного металлического кабеля светофоров, указателей и полос",CSH,2023,18.0,"12,28ч",,,,
2,12649508,2023-01-03 14:40:00,Забайкальская,"ЗАБ, ШЧ-10","12шт 5,62ч",,,Нарушение монтажа шкафов для размещения устройств АБ,CSH,2023,12.0,"5,62ч",,,,
1,12650263,2023-01-04 10:34:00,Забайкальская,"ЗАБ, ШЧ-7","19шт (к учету 18) 13,25ч",,,"Нарушение элетрического контакта в болтовых и паечных соединениях, штепсельных разъемах внешнего монтажа аппаратуры рельсовых цепей",CSH,2023,18.0,"13,25ч",,,,
1,12651667,2023-01-05 17:01:00,Забайкальская,"ЗАБ, ШЧ-15 (Р)","23шт (к учету 22) 16,9ч","1шт 0,12ч",,Подгар контактов реле аппаратуры АБ,CSH,2023,22.0,"16,9ч",1.0,"0,12ч",,
3,12653767,2023-01-07 10:25:00,Забайкальская,"ЗАБ, ШЧ-9",,,,"Ослабление крепления предохранителей аппаратуры защиты светофоров, указателей и полос",CSH,2023,,,,,,
1,12654703,2023-01-07 23:59:00,Забайкальская,"ЗАБ, ШЧ-13","10шт (к учету 9) 12,25ч",,,Сообщение жил сигнально-блокировочного металлического кабеля кабельной сети АБ,CSH,2023,9.0,"12,25ч",,,,
2,12654909,2023-01-08 04:15:00,Забайкальская,"ЗАБ, ШЧ-10",35шт (к учету 32) 14ч,"2шт 0,37ч",,Нарушение контакта в монтаже в путевых ящиках для размещения аппаратуры рельсовых цепей,CSH,2023,32.0,,2.0,"0,37ч",,
3,12655050,2023-01-08 06:50:00,Забайкальская,"ЗАБ, ШЧ-2",,,,Нарушение контакта монтажа в ящиках для размещения схемы управления стрелкой,CSH,2023,,,,,,
2,12655490,2023-01-08 11:14:00,Забайкальская,"ЗАБ, ШЧ-5","9шт 3,43ч","3шт (к учету 2) 0,85ч",,"Электрический пробой разрядников аппаратуры защиты светофоров, указателей и полос",CSH,2023,9.0,"3,43ч",2.0,"0,85ч",,
2,12658683,2023-01-09 16:48:00,Забайкальская,"ЗАБ, ШЧ-2","5шт 1,25ч",,,Износ элементов преобразователей электропитания рельсовых цепей,CSH,2023,5.0,"1,25ч",,,,
2,12659508,2023-01-10 00:08:00,Забайкальская,"ЗАБ, ШЧ-10","9шт (к учету 8) 3,1ч",,,Другие неисправности тиристорных устройств защиты рельсовых цепей,CSH,2023,8.0,"3,1ч",,,,
3,12659799,2023-01-10 04:55:00,Забайкальская,"ЗАБ, ШЧ-14 (Э)",,,,Обрыв соединителей,CSH,2023,,,,,,
1,12660127,2023-01-10 07:25:00,Забайкальская,"ЗАБ, ШЧ-7","31шт (к учету 26) 15,7ч","1шт 0,42ч","1шт 0,18ч",Неисправность источника бесперебойного питания ИБП АРМ ДСП,CSH,2023,26.0,"15,7ч",1.0,"0,42ч",1.0,"0,18ч"
3,12665567,2023-01-11 16:30:00,Забайкальская,"ЗАБ, ШЧ-7",,,,Другие неисправности элементов защитного блока аппаратуры АБ,CSH,2023,,,,,,
2,12671174,2023-01-14 09:13:00,Забайкальская,"ЗАБ, ШЧ-1","2шт 0,72ч",,,Разрегулировка контактов автопереключателя СП-6,CSH,2023,2.0,"0,72ч",,,,
3,12671639,2023-01-14 22:40:00,Забайкальская,"ЗАБ, ШЧ-1",,,,"Нарушение элетрического контакта в болтовых и паечных соединениях, штепсельных разъемах внешнего монтажа аппаратуры постовых устройств ЭЦ",CSH,2023,,,,,,
2,12709259,2023-01-15 01:50:00,Забайкальская,"ЗАБ, ШЧ-6","1шт 0,43ч",,,Заклинивание деталей СП-6М,CSH,2023,1.0,"0,43ч",,,,
3,12673602,2023-01-16 21:50:00,Забайкальская,"ЗАБ, ШЧ-5",,,,Неисправность элементов реле аппаратуры постовых устройств ЭЦ,CSH,2023,,,,,,
2,12675180,2023-01-18 06:15:00,Забайкальская,"ЗАБ, ШЧ-6",,"2шт 0,6ч",,Нарушение монтажа шкафов для размещения устройств АБ,CSH,2023,,,2.0,"0,6ч",,
2,12677692,2023-01-19 16:14:00,Забайкальская,"ЗАБ, ШЧ-9",3шт 1ч,"1шт 0,2ч",,Нарушение контакта в разъеме блока элементов аппаратуры АБ,CSH,2023,3.0,,1.0,"0,2ч",,
1,12677884,2023-01-19 21:10:00,Забайкальская,"ЗАБ, ШЧ-5","5шт 9,08ч","3шт (к учету 2) 0,67ч","1шт 0,17ч","неисправность приборов безопасности локомотива, МВПС",CSH,2023,5.0,"9,08ч",2.0,"0,67ч",1.0,"0,17ч"
3,12679159,2023-01-21 02:10:00,Забайкальская,"ЗАБ, ШЧ-10",,,,Другие неисправности предохранителей аппаратуры защиты рельсовых цепей,CSH,2023,,,,,,
2,12681370,2023-01-23 10:13:00,Забайкальская,"ЗАБ, ШЧ-14 (Э)","12шт 5,07ч",,,Неисправность элементов панелей питания постовых устройств ЭЦ,CSH,2023,12.0,"5,07ч",,,,
1,12683813,2023-01-25 07:20:00,Забайкальская,"ЗАБ, ШЧ-9","6шт 3,9ч",,,Неисправность элементов крепления приборов на стативах для размещения постовых устройств ЭЦ,CSH,2023,6.0,"3,9ч",,,,
2,12685022,2023-01-26 01:36:00,Забайкальская,"ЗАБ, ШЧ-13","2шт 0,95ч",,,Обрыв жил сигнально-блокировочного металлического кабеля рельсовых цепей,CSH,2023,2.0,"0,95ч",,,,
2,12685054,2023-01-26 02:21:00,Забайкальская,"ЗАБ, ШЧ-2","2шт 0,52ч",,"1шт 0,1ч","Подгар, сваривание контактов трансмиттеров аппаратуры АБ",CSH,2023,2.0,"0,52ч",,,1.0,"0,1ч"
2,12687127,2023-01-27 13:10:00,Забайкальская,"ЗАБ, ШЧ-15 (Р)","1шт 0,52ч",,,Нарушение монтажа стативов для размещения постовых устройств ЭЦ,CSH,2023,1.0,"0,52ч",,,,
3,12690315,2023-01-31 10:22:00,Забайкальская,"ЗАБ, ШЧ-10",,,,"Подгар, сваривание контактов релейных блоков аппаратуры постовых устройств ЭЦ",CSH,2023,,,,,,
2,12690965,2023-01-31 18:52:00,Забайкальская,"ЗАБ, ШЧ-9","9шт 2,7ч",,,Обрыв монтажа светодиодного светофора,CSH,2023,9.0,"2,7ч",,,,
1,12692482,2023-02-01 18:09:00,Забайкальская,"ЗАБ, ШЧ-9","39шт (к учету 34) 30,52ч","4шт (к учету 3) 1,08ч",,Перегорание плавкой вставки (проволоки) предохранителей аппаратуры защиты схемы управления стрелкой,CSH,2023,34.0,"30,52ч",3.0,"1,08ч",,
2,12692501,2023-02-01 18:58:00,Забайкальская,"ЗАБ, ШЧ-15 (Р)","10шт 3,63ч",,,Подгар контактов реле аппаратуры постовых устройств ЭЦ,CSH,2023,10.0,"3,63ч",,,,
3,12692610,2023-02-01 22:40:00,Забайкальская,"ЗАБ, ШЧ-13",,,,"Повышенное переходное сопротивление между элементами (штепсель-рельс, провод (трос)-штепсель, провод (трос)-наконечник)",CSH,2023,,,,,,
3,12701521,2023-02-03 09:54:00,Забайкальская,"ЗАБ, ШЧ-10","1шт 0,03ч",,,Залипание якоря реле аппаратуры схемы управления стрелкой,CSH,2023,1.0,"0,03ч",,,,
2,12695717,2023-02-03 18:57:00,Забайкальская,"ЗАБ, ШЧ-1",,"2шт 0,85ч",,"Нарушение элетрического контакта в болтовых и паечных соединениях, штепсельных разъемах внешнего монтажа аппаратуры постовых устройств ЭЦ",CSH,2023,,,2.0,"0,85ч",,
2,12696962,2023-02-05 05:56:00,Забайкальская,"ЗАБ, ШЧ-9","5шт 1,18ч",,,Причина не установлена,CSH,2023,5.0,"1,18ч",,,,
3,12697062,2023-02-05 11:13:00,Забайкальская,"ЗАБ, ШЧ-1",,,,Перегорание плавкой вставки (проволоки) предохранителей аппаратуры защиты рельсовых цепей,CSH,2023,,,,,,
2,12697186,2023-02-05 23:34:00,Забайкальская,"ЗАБ, ШЧ-2","1шт 0,35ч",,,Сверхнормативное понижение изоляции внешнего монтажа аппаратуры защиты рельсовых цепей,CSH,2023,1.0,"0,35ч",,,,
1,12699453,2023-02-07 08:19:00,Забайкальская,"ЗАБ, ШЧ-7","13шт 10,77ч","2шт (к учету 1) 1,73ч",,Другие неисправности элементов защитного блока аппаратуры АБ,CSH,2023,13.0,"10,77ч",1.0,"1,73ч",,
2,12701575,2023-02-08 07:48:00,Забайкальская,"ЗАБ, ШЧ-14 (Э)","7шт 1,48ч","1шт 0,22ч",,Нарушение контакта в штепсельном разъеме реле аппаратуры АБ,CSH,2023,7.0,"1,48ч",1.0,"0,22ч",,
3,12703698,2023-02-09 00:26:00,Забайкальская,"ЗАБ, ШЧ-10",,,,Недостаток в схеме кодирования,CSH,2023,,,,,,
2,12706074,2023-02-10 07:46:00,Забайкальская,"ЗАБ, ШЧ-6",,"1шт 0,45ч",,"Нарушение элетрического контакта в болтовых и паечных соединениях, штепсельных разъемах внешнего монтажа аппаратуры АБ",CSH,2023,,,1.0,"0,45ч",,
1,12708267,2023-02-12 05:21:00,Забайкальская,"ЗАБ, ШЧ-5","7шт 3,45ч",,,"Другие неисправности тиристорных устройств защиты светофоров, указателей и полос",CSH,2023,7.0,"3,45ч",,,,
2,12708470,2023-02-12 12:20:00,Забайкальская,"ЗАБ, ШЧ-15 (Р)","3шт 0,22ч","2шт (к учету 1) 0,43ч","1шт 0,1ч",Неисправность элементов реле аппаратуры постовых устройств ЭЦ,CSH,2023,3.0,"0,22ч",1.0,"0,43ч",1.0,"0,1ч"
2,12713267,2023-02-16 01:54:00,Забайкальская,"ЗАБ, ШЧ-14 (Э)",,,"1шт 0,35ч",Другие неисправности предохранителей аппаратуры защиты рельсовых цепей,CSH,2023,,,,,1.0,"0,35ч"
2,12714066,2023-02-16 14:28:00,Забайкальская,"ЗАБ, ШЧ-1","2шт 0,82ч",,,Понижение изоляции изолирующего стыка,CSH,2023,2.0,"0,82ч",,,,
2,12714269,2023-02-16 16:55:00,Забайкальская,"ЗАБ, ШЧ-14 (Э)","7шт 2,35ч","2шт 0,97ч","1шт 0,28ч",Обрыв элементов трансформаторов аппаратуры электропитания постовых устройств ЭЦ,CSH,2023,7.0,"2,35ч",2.0,"0,97ч",1.0,"0,28ч"
2,12714268,2023-02-16 17:40:00,Забайкальская,"ЗАБ, ШЧ-5","7шт (к учету 5) 4,02ч",,,Излом датчика УКСПС по старой трещине,CSH,2023,5.0,"4,02ч",,,,
2,12714652,2023-02-17 05:20:00,Забайкальская,"ЗАБ, ШЧ-10","1шт 0,88ч","1шт 0,6ч",,Ослабление крепления предохранителей аппаратуры защиты АБ,CSH,2023,1.0,"0,88ч",1.0,"0,6ч",,
2,12715679,2023-02-18 04:52:00,Забайкальская,"ЗАБ, ШЧ-7","2шт 0,52ч",,,Обрыв жил линейного кабеля,CSH,2023,2.0,"0,52ч",,,,
3,12715932,2023-02-18 06:46:00,Забайкальская,"ЗАБ, ШЧ-5",,,,Излом датчика УКСПС по старой трещине,CSH,2023,,,,,,
1,12715851,2023-02-18 10:40:00,Забайкальская,"ЗАБ, ШЧ-15 (Р)","26шт (к учету 16) 18,4ч",,,Короткое замыкание (электрический пробой) элементов дешифраторной ячейки аппаратуры АБ,CSH,2023,16.0,"18,4ч",,,,
2,12719561,2023-02-22 08:32:00,Забайкальская,"ЗАБ, ШЧ-7",,"1шт 0,35ч",,Сверхнормативное понижение изоляции внешнего монтажа аппаратуры защиты рельсовых цепей,CSH,2023,,,1.0,"0,35ч",,
3,12720426,2023-02-23 04:57:00,Забайкальская,"ЗАБ, ШЧ-14 (Э)",,,,Перегорание лампы линзового светофора,CSH,2023,,,,,,
1,12720927,2023-02-23 16:22:00,Забайкальская,"ЗАБ, ШЧ-1","8шт 5,75ч",,,Нарушение монтажа стативов для размещения постовых устройств ЭЦ,CSH,2023,8.0,"5,75ч",,,,
2,12721140,2023-02-24 04:24:00,Забайкальская,"ЗАБ, ШЧ-7","5шт 2,53ч",,,Повышенное переходное сопротивление между элементами,CSH,2023,5.0,"2,53ч",,,,
1,12721332,2023-02-24 09:14:00,Забайкальская,"ЗАБ, ШЧ-5","27шт (к учету 24) 13,87ч","1шт 0,23ч","1шт 0,23ч",Обрыв соединителей,CSH,2023,24.0,"13,87ч",1.0,"0,23ч",1.0,"0,23ч"
2,12723300,2023-02-27 08:44:00,Забайкальская,"ЗАБ, ШЧ-6","3шт 1,3ч",,,Закорачивание РЦ,CSH,2023,3.0,"1,3ч",,,,
2,12724891,2023-02-28 16:03:00,Забайкальская,"ЗАБ, ШЧ-7",,"2шт 0,5ч",,Нарушение монтажа шкафов для размещения устройств АБ,CSH,2023,,,2.0,"0,5ч",,
3,12725752,2023-03-01 11:15:00,Забайкальская,"ЗАБ, ШЧ-14 (Э)",,,,"Нарушение монтажа стативов для размещения аппаратуры светофоров, указателей и полос",CSH,2023,,,,,,
2,12729142,2023-03-03 10:40:00,Забайкальская,"ЗАБ, ШЧ-10","9шт 3,15ч","1шт 0,25ч",,Понижение сопротивления изоляции сигнально-блокировочного металлического кабеля кабельной сети АБ,CSH,2023,9.0,"3,15ч",1.0,"0,25ч",,
2,12730149,2023-03-04 03:08:00,Забайкальская,"ЗАБ, ШЧ-1",,,"1шт 0,23ч",Неисправность элементов пульта-табло постовых устройств ЭЦ,CSH,2023,,,,,1.0,"0,23ч"
3,12732731,2023-03-06 14:15:00,Забайкальская,"ЗАБ, ШЧ-2",,,,"Другие неисправности предохранителей аппаратуры защиты светофоров, указателей и полос",CSH,2023,,,,,,
2,12735046,2023-03-07 15:08:00,Забайкальская,"ЗАБ, ШЧ-9","3шт 0,83ч",,,Перегорание плавкой вставки (проволоки) предохранителей аппаратуры защиты рельсовых цепей,CSH,2023,3.0,"0,83ч",,,,
2,12735861,2023-03-07 20:17:00,Забайкальская,"ЗАБ, ШЧ-9",,"1шт 0,98ч",,Нарушение регулировки гарнитуры стрелки,CSH,2023,,,1.0,"0,98ч",,
1,12740336,2023-03-11 09:37:00,Забайкальская,"ЗАБ, ШЧ-1","12шт 14,52ч","2шт 0,5ч",,Перегорание плавкой вставки (проволоки) предохранителей аппаратуры защиты рельсовых цепей,CSH,2023,12.0,"14,52ч",2.0,"0,5ч",,
2,12741097,2023-03-12 12:57:00,Забайкальская,"ЗАБ, ШЧ-5","5шт 1,3ч","4шт (к учету 2) 0,87ч",,Причина не установлена,CSH,2023,5.0,"1,3ч",2.0,"0,87ч",,
2,12743714,2023-03-14 09:00:00,Забайкальская,"ЗАБ, ШЧ-9","1шт 0,53ч",,,Обрыв жил линейного кабеля,CSH,2023,1.0,"0,53ч",,,,
2,12746715,2023-03-15 20:16:00,Забайкальская,"ЗАБ, ШЧ-14 (Э)","4шт 1,35ч",,,Нарушение контакта в разъеме защитного блока аппаратуры постовых устройств ЭЦ,CSH,2023,4.0,"1,35ч",,,,
1,12747725,2023-03-16 13:54:00,Забайкальская,"ЗАБ, ШЧ-1","4шт 3,12ч","1шт 0,97ч","2шт (к учету 1) 0,23ч",Понижение сопротивления изоляции монтажа преобразователей электропитания рельсовых цепей,CSH,2023,4.0,"3,12ч",1.0,"0,97ч",1.0,"0,23ч"
3,12749150,2023-03-17 15:36:00,Забайкальская,"ЗАБ, ШЧ-7",,,,Другие неисправности АВМ рельсовых цепей,CSH,2023,,,,,,
2,12750261,2023-03-19 03:25:00,Забайкальская,"ЗАБ, ШЧ-9","3шт 0,72ч","1шт 0,17ч",,Ослабление крепления предохранителей аппаратуры защиты постовых устройств ЭЦ,CSH,2023,3.0,"0,72ч",1.0,"0,17ч",,
1,12750341,2023-03-19 11:29:00,Забайкальская,"ЗАБ, ШЧ-7","18шт (к учету 13) 14,42ч",,"2шт (к учету 1) 0,93ч",Другие неисправности предохранителей аппаратуры защиты АБ,CSH,2023,13.0,"14,42ч",,,1.0,"0,93ч"
3,12751032,2023-03-20 07:46:00,Забайкальская,"ЗАБ, ШЧ-10",,,,Нарушение монтажа шкафов для размещения устройств АБ,CSH,2023,,,,,,
2,12752348,2023-03-21 08:30:00,Забайкальская,"ЗАБ, ШЧ-6","1шт 0,22ч","1шт 0,28ч",,Понижение сопротивления изоляции сигнально-блокировочного металлического кабеля кабельной сети АБ,CSH,2023,1.0,"0,22ч",1.0,"0,28ч",,
1,12753133,2023-03-21 14:33:00,Забайкальская,"ЗАБ, ШЧ-6","13шт (к учету 12) 10,6ч","4шт (к учету 2) 2,13ч",,Неисправность элементов дешифраторной ячейки аппаратуры АБ,CSH,2023,12.0,"10,6ч",2.0,"2,13ч",,
2,12753465,2023-03-22 00:27:00,Забайкальская,"ЗАБ, ШЧ-15 (Р)","1шт 0,77ч","1шт 0,27ч",,Неисправность элементов реле аппаратуры АБ,CSH,2023,1.0,"0,77ч",1.0,"0,27ч",,
3,12754629,2023-03-22 15:10:00,Забайкальская,"ЗАБ, ШЧ-1",,,,Неисправность УКСПС из-за потери контакта в соединениях датчика,CSH,2023,,,,,,
2,12756375,2023-03-24 00:35:00,Забайкальская,"ЗАБ, ШЧ-6","2шт 0,92ч",,,Нарушение контакта в разъемах блока элементах аппаратуры рельсовых цепей,CSH,2023,2.0,"0,92ч",,,,
1,12758546,2023-03-26 03:01:00,Забайкальская,"ЗАБ, ШЧ-15 (Р)","13шт (к учету 12) 5,57ч",,,Короткое замыкание секций СП-6М,CSH,2023,12.0,"5,57ч",,,,
2,12758853,2023-03-26 09:30:00,Забайкальская,"ЗАБ, ШЧ-2","13шт (к учету 11) 5,7ч",,,Другие неисправности тиристорных устройств защиты рельсовых цепей,CSH,2023,11.0,"5,7ч",,,,
2,12767664,2023-04-02 11:48:00,Забайкальская,"ЗАБ, ШЧ-14 (Э)","6шт (к учету 5) 0,83ч","1шт 0,18ч",,"Нарушение элетрического контакта в болтовых и паечных соединениях, штепсельных разъемах внешнего монтажа аппаратуры рельсовых цепей",CSH,2023,5.0,"0,83ч",1.0,"0,18ч",,
2,12768215,2023-04-03 03:03:00,Забайкальская,"ЗАБ, ШЧ-10","3шт 1,03ч",,,Нарушение монтажа стативов для размещения постовых устройств ЭЦ,CSH,2023,3.0,"1,03ч",,,,
2,12770914,2023-04-04 09:20:00,Забайкальская,"ЗАБ, ШЧ-14 (Э)","4шт 2,12ч",,,"Повышенное переходное сопротивление между элементами (штепсель-рельс, провод (трос)-штепсель, провод (трос)-наконечник)",CSH,2023,4.0,"2,12ч",,,,
2,12774844,2023-04-05 03:24:00,Забайкальская,"ЗАБ, ШЧ-10",,"1шт 0,13ч",,Перегорание плавкой вставки (проволоки) предохранителей аппаратуры защиты постовых устройств ЭЦ,CSH,2023,,,1.0,"0,13ч",,
1,12775901,2023-04-06 03:20:00,Забайкальская,"ЗАБ, ШЧ-6","16шт (к учету 15) 12,73ч","7шт (к учету 3) 1,4ч","1шт 0,13ч",Обрыв жил сигнально-блокировочного металлического кабеля рельсовых цепей,CSH,2023,15.0,"12,73ч",3.0,"1,4ч",1.0,"0,13ч"
3,12787472,2023-04-12 09:45:00,Забайкальская,"ЗАБ, ШЧ-13",,,,"Обрыв жил сигнально-блокировочного металлического кабеля светофоров, указателей и полос",CSH,2023,,,,,,
2,12789133,2023-04-12 18:15:00,Забайкальская,"ЗАБ, ШЧ-15 (Р)","5шт 2,05ч",,,Неисправность светодиодного модуля светофора,CSH,2023,5.0,"2,05ч",,,,
2,12789915,2023-04-13 05:50:00,Забайкальская,"ЗАБ, ШЧ-9","24шт (к учету 23) 10,02ч","1шт 0,33ч",,"Нарушение элетрического контакта в болтовых и паечных соединениях, штепсельных разъемах внешнего монтажа аппаратуры рельсовых цепей",CSH,2023,23.0,"10,02ч",1.0,"0,33ч",,
2,12791134,2023-04-13 23:58:00,Забайкальская,"ЗАБ, ШЧ-1","6шт 1,93ч",,,Нарушение контакта в навесном монтаже аппаратуры АБ,CSH,2023,6.0,"1,93ч",,,,
2,12792752,2023-04-14 20:58:00,Забайкальская,"ЗАБ, ШЧ-10","1шт 0,25ч",,,Износ элементов реле аппаратуры постовых устройств ЭЦ,CSH,2023,1.0,"0,25ч",,,,
2,12793480,2023-04-15 15:02:00,Забайкальская,"ЗАБ, ШЧ-1","11шт 6,25ч",,,Нарушение монтажа стативов для размещения постовых устройств ЭЦ,CSH,2023,11.0,"6,25ч",,,,
1,12794238,2023-04-16 12:56:00,Забайкальская,"ЗАБ, ШЧ-7","6шт 6,3ч","1шт 0,17ч","1шт 0,27ч",Механические повреждения сигнально-блокировочного металлического кабеля рельсовых цепей,CSH,2023,6.0,"6,3ч",1.0,"0,17ч",1.0,"0,27ч"
3,12794522,2023-04-16 15:15:00,Забайкальская,"ЗАБ, ШЧ-9",,,,Другие неисправности предохранителей аппаратуры защиты постовых устройств ЭЦ,CSH,2023,,,,,,
1,12799462,2023-04-19 19:50:00,Забайкальская,"ЗАБ, ШЧ-15 (Р)","6шт (к учету 5) 4,08ч","2шт 0,97ч","1шт 0,3ч",Подгар контактов реле аппаратуры рельсовых цепей,CSH,2023,5.0,"4,08ч",2.0,"0,97ч",1.0,"0,3ч"
2,12799484,2023-04-19 21:35:00,Забайкальская,"ЗАБ, ШЧ-2","2шт 1,03ч","2шт 0,7ч",,Сообщение жил сигнально-блокировочного металлического кабеля схемы управления стрелкой,CSH,2023,2.0,"1,03ч",2.0,"0,7ч",,
2,12801449,2023-04-21 04:05:00,Забайкальская,"ЗАБ, ШЧ-14 (Э)","7шт 3,27ч","1шт 0,52ч",,Обрыв внешнего монтажа аппаратуры рельсовых цепей,CSH,2023,7.0,"3,27ч",1.0,"0,52ч",,
2,12802840,2023-04-21 22:59:00,Забайкальская,"ЗАБ, ШЧ-9","1шт 0,73ч","1шт 0,13ч",,Неисправность элементов фильтров аппаратуры рельсовых цепей,CSH,2023,1.0,"0,73ч",1.0,"0,13ч",,
2,12803644,2023-04-23 01:00:00,Забайкальская,"ЗАБ, ШЧ-1","2шт 0,63ч",,,Нарушение монтажа шкафов для размещения устройств АБ,CSH,2023,2.0,"0,63ч",,,,
2,12803847,2023-04-23 08:23:00,Забайкальская,"ЗАБ, ШЧ-15 (Р)","4шт 2,37ч","2шт 0,58ч",,Обрыв жил сигнально-блокировочного металлического кабеля кабельной сети АБ,CSH,2023,4.0,"2,37ч",2.0,"0,58ч",,
1,12804475,2023-04-23 21:25:00,Забайкальская,"ЗАБ, ШЧ-1","7шт 7,68ч","2шт 0,65ч",,Неисправность элементов пульта табло устройств АБ,CSH,2023,7.0,"7,68ч",2.0,"0,65ч",,
2,12805070,2023-04-24 08:09:00,Забайкальская,"ЗАБ, ШЧ-9","5шт 1,22ч",,,Неисправность предохранителя в цепи электропитания устройств УКСПС,CSH,2023,5.0,"1,22ч",,,,
2,12809455,2023-04-26 10:33:00,Забайкальская,"ЗАБ, ШЧ-5","2шт 1,88ч",,,Обрыв жил сигнально-блокировочного металлического кабеля рельсовых цепей,CSH,2023,2.0,"1,88ч",,,,
2,12811908,2023-04-27 19:20:00,Забайкальская,"ЗАБ, ШЧ-7",,"3шт (к учету 2) 1,8ч",,Другие неисправности АВМ рельсовых цепей,CSH,2023,,,2.0,"1,8ч",,
1,12814530,2023-04-30 04:17:00,Забайкальская,"ЗАБ, ШЧ-5","25шт (к учету 21) 24,08ч","1шт 1,85ч",,Нарушение контакта в монтаже в путевых ящиках для размещения аппаратуры рельсовых цепей,CSH,2023,21.0,"24,08ч",1.0,"1,85ч",,
3,12816395,2023-05-01 11:51:00,Забайкальская,"ЗАБ, ШЧ-9","4шт 0,32ч",,,Перегорание плавкой вставки (проволоки) предохранителей аппаратуры защиты рельсовых цепей,CSH,2023,4.0,"0,32ч",,,,
2,12816098,2023-05-02 06:16:00,Забайкальская,"ЗАБ, ШЧ-1","5шт 1,22ч",,,Другие неисправности предохранителей аппаратуры защиты АБ,CSH,2023,5.0,"1,22ч",,,,
3,12817908,2023-05-03 00:33:00,Забайкальская,"ЗАБ, ШЧ-13",,,,Излом деталей СП-6,CSH,2023,,,,,,
3,12818520,2023-05-03 08:20:00,Забайкальская,"ЗАБ, ШЧ-15 (Р)",,,,Другие неисправности предохранителей аппаратуры защиты постовых устройств ЭЦ,CSH,2023,,,,,,
3,12820959,2023-05-03 18:11:00,Забайкальская,"ЗАБ, ШЧ-1",,,,Нарушение монтажа шкафов для размещения устройств АБ,CSH,2023,,,,,,
1,12823255,2023-05-04 17:00:00,Забайкальская,"ЗАБ, ШЧ-14 (Э)","13шт 6,8ч",,,Понижение сопротивления изоляции сигнально-блокировочного металлического кабеля схемы управления стрелкой,CSH,2023,13.0,"6,8ч",,,,
2,12824130,2023-05-05 09:28:00,Забайкальская,"ЗАБ, ШЧ-15 (Р)","6шт 3,38ч",,,Пробой деталей блока элементов аппаратуры схемы управления стрелкой,CSH,2023,6.0,"3,38ч",,,,
1,12824793,2023-05-05 12:55:00,Забайкальская,"ЗАБ, ШЧ-5","28шт (к учету 17) 19,38ч","1шт 0,55ч",,Обрыв электрической цепи элементов трансформаторов аппаратуры рельсовых цепей,CSH,2023,17.0,"19,38ч",1.0,"0,55ч",,
2,12828225,2023-05-08 05:01:00,Забайкальская,"ЗАБ, ШЧ-2","17шт (к учету 16) 7,48ч","1шт 0,33ч",,Нарушение монтажа шкафов для размещения устройств АБ,CSH,2023,16.0,"7,48ч",1.0,"0,33ч",,
2,12830375,2023-05-10 07:59:00,Забайкальская,"ЗАБ, ШЧ-5","15шт (к учету 10) 6,35ч","1шт 0,9ч",,Короткое замыкание (электрический пробой) элементов трансформаторов аппаратуры рельсовых цепей,CSH,2023,10.0,"6,35ч",1.0,"0,9ч",,
2,12832092,2023-05-10 18:10:00,Забайкальская,"ЗАБ, ШЧ-1","14шт 5,33ч","1шт 0,4ч",,Пробой элементов преобразователей электропитания рельсовых цепей,CSH,2023,14.0,"5,33ч",1.0,"0,4ч",,
2,12833334,2023-05-11 06:20:00,Забайкальская,"ЗАБ, ШЧ-1","7шт 3,87ч",,"1шт 0,25ч",Нарушение монтажа шкафов для размещения устройств АБ,CSH,2023,7.0,"3,87ч",,,1.0,"0,25ч"
1,12837396,2023-05-13 00:35:00,Забайкальская,"ЗАБ, ШЧ-9","10шт (к учету 9) 9,88ч","1шт 0,15ч",,Перегорание плавкой вставки (проволоки) предохранителей аппаратуры защиты рельсовых цепей,CSH,2023,9.0,"9,88ч",1.0,"0,15ч",,
3,12838988,2023-05-15 03:00:00,Забайкальская,"ЗАБ, ШЧ-14 (Э)",,,,"Отставание (неприлегание) остряка от рамного рельса на 4 мм и более, измеряемое против первой тяги",CSH,2023,,,,,,
2,12840725,2023-05-15 19:49:00,Забайкальская,"ЗАБ, ШЧ-1","6шт 1,5ч","1шт 0,17ч",,Нарушение монтажа стативов для размещения постовых устройств ЭЦ,CSH,2023,6.0,"1,5ч",1.0,"0,17ч",,
2,12841684,2023-05-16 11:59:00,Забайкальская,"ЗАБ, ШЧ-6","3шт 0,82ч",,,Другие неисправности тиристорных устройств защиты рельсовых цепей,CSH,2023,3.0,"0,82ч",,,,
2,12842854,2023-05-17 07:07:00,Забайкальская,"ЗАБ, ШЧ-5","6шт 3,03ч","1шт 0,23ч",,Понижение сопротивления изоляции сигнально-блокировочного металлического кабеля схемы управления стрелкой,CSH,2023,6.0,"3,03ч",1.0,"0,23ч",,
1,12844338,2023-05-18 02:40:00,Забайкальская,"ЗАБ, ШЧ-14 (Э)","7шт 4,45ч","1шт 0,35ч",,Подгар контактов реле аппаратуры АБ,CSH,2023,7.0,"4,45ч",1.0,"0,35ч",,
3,12848147,2023-05-20 11:54:00,Забайкальская,"ЗАБ, ШЧ-10",,,,Другие неисправности тиристорных устройств защиты рельсовых цепей,CSH,2023,,,,,,
1,12848316,2023-05-20 17:50:00,Забайкальская,"ЗАБ, ШЧ-10","22шт 14,92ч",,,"Нарушение элетрического контакта в болтовых и паечных соединениях, штепсельных разъемах внешнего монтажа аппаратуры АБ",CSH,2023,22.0,"14,92ч",,,,
2,12849132,2023-05-21 15:43:00,Забайкальская,"ЗАБ, ШЧ-9","4шт 2,17ч",,,"Обрыв плавкой вставки (проволоки) предохранителей аппаратуры защиты светофоров, указателей и полос",CSH,2023,4.0,"2,17ч",,,,
1,12850285,2023-05-22 11:55:00,Забайкальская,"ЗАБ, ШЧ-7","1шт 1,7ч",,,Неисправность элементов крепления приборов на стативах для размещения постовых устройств ЭЦ,CSH,2023,1.0,"1,7ч",,,,
2,12855713,2023-05-25 10:52:00,Забайкальская,"ЗАБ, ШЧ-7","5шт 1,92ч",,,Сбой в работе центрального процессорного модуля,CSH,2023,5.0,"1,92ч",,,,
2,12856006,2023-05-25 15:00:00,Забайкальская,"ЗАБ, ШЧ-9","8шт 3,58ч","1шт 0,35ч",,Неисправность элементов пульта с выносным табло постовых устройств ЭЦ,CSH,2023,8.0,"3,58ч",1.0,"0,35ч",,
2,12856100,2023-05-25 15:20:00,Забайкальская,"ЗАБ, ШЧ-15 (Р)","1шт 0,27ч",,,Короткое замыкание (электрический пробой) элементов реле аппаратуры схемы управления стрелкой,CSH,2023,1.0,"0,27ч",,,,
2,12856382,2023-05-25 23:48:00,Забайкальская,"ЗАБ, ШЧ-14 (Э)","9шт 3,62ч",,,Нарушение контакта во внутреннем монтаже СП-6М,CSH,2023,9.0,"3,62ч",,,,
2,12859063,2023-05-28 17:12:00,Забайкальская,"ЗАБ, ШЧ-10","1шт 0,52ч",,,"Перегорание плавкой вставки (проволоки) предохранителей аппаратуры защиты светофоров, указателей и полос",CSH,2023,1.0,"0,52ч",,,,
2,12859285,2023-05-29 04:05:00,Забайкальская,"ЗАБ, ШЧ-2","16шт (к учету 13) 5,8ч",,,Нарушение контакта во внутреннем монтаже СП-6М,CSH,2023,13.0,"5,8ч",,,,
3,12859508,2023-05-29 08:18:00,Забайкальская,"ЗАБ, ШЧ-2",,,,Разрегулировка контактов автопереключателя СП-6М,CSH,2023,,,,,,
3,12860116,2023-05-29 14:35:00,Забайкальская,"ЗАБ, ШЧ-9","1шт 0,02ч",,,Разрегулировка контактов автопереключателя СП-6,CSH,2023,1.0,"0,02ч",,,,
1,12862891,2023-05-31 10:35:00,Забайкальская,"ЗАБ, ШЧ-5","7шт 4,22ч",,"1шт 0,57ч","Короткое замыкание деталей блока элементов аппаратуры светофоров, указателей и полос",CSH,2023,7.0,"4,22ч",,,1.0,"0,57ч"
2,12863282,2023-06-01 00:40:00,Забайкальская,"ЗАБ, ШЧ-14 (Э)",,"1шт 0,13ч",,Короткое замыкание монтажа путевого ящика для размещения аппаратуры рельсовых цепей,CSH,2023,,,1.0,"0,13ч",,
1,12863925,2023-06-01 06:45:00,Забайкальская,"ЗАБ, ШЧ-7","17шт (к учету 15) 8,47ч","5шт 1,32ч","1шт 0,15ч",Другие неисправности тиристорных устройств защиты рельсовых цепей,CSH,2023,15.0,"8,47ч",5.0,"1,32ч",1.0,"0,15ч"
2,12864878,2023-06-01 21:44:00,Забайкальская,"ЗАБ, ШЧ-1","12шт 5,47ч","1шт 0,28ч",,Потеря контакта в бегунке регулируемого сопротивления аппаратуры рельсовых цепей,CSH,2023,12.0,"5,47ч",1.0,"0,28ч",,
2,12866598,2023-06-03 03:00:00,Забайкальская,"ЗАБ, ШЧ-15 (Р)","5шт 1,88ч",,,Неисправность элементов пульта-табло постовых устройств ЭЦ,CSH,2023,5.0,"1,88ч",,,,
3,12867547,2023-06-04 05:23:00,Забайкальская,"ЗАБ, ШЧ-13",,,,Нарушение герметичности муфты кабельной сети,CSH,2023,,,,,,
2,12867619,2023-06-04 07:55:00,Забайкальская,"ЗАБ, ШЧ-1","9шт 2,98ч",,,Пробой деталей блока элементов аппаратуры АБ,CSH,2023,9.0,"2,98ч",,,,
2,12868526,2023-06-05 05:58:00,Забайкальская,"ЗАБ, ШЧ-6","2шт 1,2ч",,,Другие неисправности внешнего монтажа аппаратуры АБ,CSH,2023,2.0,"1,2ч",,,,
2,12870023,2023-06-05 19:18:00,Забайкальская,"ЗАБ, ШЧ-5","7шт 4,12ч",,,Неисправность резьбовых соединений,CSH,2023,7.0,"4,12ч",,,,
2,12875556,2023-06-07 20:15:00,Забайкальская,"ЗАБ, ШЧ-14 (Э)","1шт 0,3ч","2шт 0,58ч","1шт 0,7ч",Другие неисправности АВМ аппаратуры защиты АБ,CSH,2023,1.0,"0,3ч",2.0,"0,58ч",1.0,"0,7ч"
2,12875657,2023-06-08 00:50:00,Забайкальская,"ЗАБ, ШЧ-10",,"1шт 0,42ч",,Нарушение монтажа шкафов для размещения устройств АБ,CSH,2023,,,1.0,"0,42ч",,
3,12877380,2023-06-08 12:36:00,Забайкальская,"ЗАБ, ШЧ-1",,,,Нарушение контакта во внутреннем монтаже СП-6М,CSH,2023,,,,,,
2,12878977,2023-06-09 07:43:00,Забайкальская,"ЗАБ, ШЧ-6","1шт 0,12ч","1шт 0,77ч",,Неисправность элементов аккумуляторов электропитания постовых устройств ЭЦ,CSH,2023,1.0,"0,12ч",1.0,"0,77ч",,
2,12881538,2023-06-10 09:06:00,Забайкальская,"ЗАБ, ШЧ-7","6шт (к учету 5) 1,73ч","1шт 0,67ч","1шт 0,37ч",Неисправность источника электропитания,CSH,2023,5.0,"1,73ч",1.0,"0,67ч",1.0,"0,37ч"
2,12881895,2023-06-10 17:48:00,Забайкальская,"ЗАБ, ШЧ-9","4шт 2,58ч","1шт 0,6ч",,Нарушение контакта во внутреннем монтаже СП-6М,CSH,2023,4.0,"2,58ч",1.0,"0,6ч",,
2,12881885,2023-06-10 18:25:00,Забайкальская,"ЗАБ, ШЧ-2",,"1шт 0,25ч",,Нарушение монтажа стативов для размещения постовых устройств ЭЦ,CSH,2023,,,1.0,"0,25ч",,
1,12882201,2023-06-11 03:32:00,Забайкальская,"ЗАБ, ШЧ-2","11шт (к учету 9) 7,75ч","2шт (к учету 1) 0,63ч","1шт 0,25ч",Ослабление крепления предохранителей аппаратуры защиты АБ,CSH,2023,9.0,"7,75ч",1.0,"0,63ч",1.0,"0,25ч"
2,12882239,2023-06-11 05:47:00,Забайкальская,"ЗАБ, ШЧ-9",,"1шт 0,15ч",,Механическое заедание элементов пульта-табло постовых устройств ЭЦ,CSH,2023,,,1.0,"0,15ч",,
2,12883158,2023-06-12 00:47:00,Забайкальская,"ЗАБ, ШЧ-14 (Э)",,,"1шт 0,13ч","Неисправность элементов трансформаторов аппаратуры светофоров, указателей и полос",CSH,2023,,,,,1.0,"0,13ч"
2,12883379,2023-06-12 08:00:00,Забайкальская,"ЗАБ, ШЧ-9","7шт 1,95ч",,,Закорачивание РЦ,CSH,2023,7.0,"1,95ч",,,,
2,12883862,2023-06-12 16:05:00,Забайкальская,"ЗАБ, ШЧ-9",,"1шт 0,1ч",,Нарушение контакта во внутреннем монтаже СП-6М,CSH,2023,,,1.0,"0,1ч",,
2,12884354,2023-06-13 06:46:00,Забайкальская,"ЗАБ, ШЧ-9","3шт 1,5ч","1шт 0,22ч",,Обрыв жил сигнально-блокировочного металлического кабеля кабельной сети АБ,CSH,2023,3.0,"1,5ч",1.0,"0,22ч",,
3,12885733,2023-06-13 21:36:00,Забайкальская,"ЗАБ, ШЧ-6",,,,Обрыв жил сигнально-блокировочного металлического кабеля рельсовых цепей,CSH,2023,,,,,,
2,12888287,2023-06-15 04:55:00,Забайкальская,"ЗАБ, ШЧ-10","4шт 1,97ч",,,Неисправность элементов фильтров аппаратуры АБ,CSH,2023,4.0,"1,97ч",,,,
2,12888467,2023-06-15 05:01:00,Забайкальская,"ЗАБ, ШЧ-2","7шт 1,75ч","1шт 0,17ч",,Потеря контакта в ламподержателе линзового светофора,CSH,2023,7.0,"1,75ч",1.0,"0,17ч",,
2,12892488,2023-06-18 12:46:00,Забайкальская,"ЗАБ, ШЧ-15 (Р)","2шт 0,7ч",,"1шт 0,23ч",Неисправность элементов пульта-табло постовых устройств ЭЦ,CSH,2023,2.0,"0,7ч",,,1.0,"0,23ч"
2,12893890,2023-06-19 16:50:00,Забайкальская,"ЗАБ, ШЧ-14 (Э)",,,"1шт 0,33ч",Подгар контактов реле аппаратуры постовых устройств ЭЦ,CSH,2023,,,,,1.0,"0,33ч"
2,12894088,2023-06-19 20:20:00,Забайкальская,"ЗАБ, ШЧ-9","4шт 1,42ч",,,Пробой деталей блока элементов аппаратуры АБ,CSH,2023,4.0,"1,42ч",,,,
2,12894655,2023-06-20 08:24:00,Забайкальская,"ЗАБ, ШЧ-5","3шт 1,92ч",,,Пробой деталей блока элементов аппаратуры постовых устройств ЭЦ,CSH,2023,3.0,"1,92ч",,,,
2,12894744,2023-06-20 10:51:00,Забайкальская,"ЗАБ, ШЧ-15 (Р)","2шт 0,58ч","1шт 0,2ч",,Неисправность элементов приемников ТРЦ аппаратуры рельсовых цепей,CSH,2023,2.0,"0,58ч",1.0,"0,2ч",,
1,12894966,2023-06-20 13:10:00,Забайкальская,"ЗАБ, ШЧ-14 (Э)","34шт (к учету 30) 17,22ч","2шт 0,57ч","3шт 0,97ч","Окисление жил сигнально-блокировочного металлического кабеля светофоров, указателей и полос",CSH,2023,30.0,"17,22ч",2.0,"0,57ч",3.0,"0,97ч"
3,12897130,2023-06-21 23:26:00,Забайкальская,"ЗАБ, ШЧ-14 (Э)","1шт 0,15ч",,,Короткое замыкание (электрический пробой) элементов трансформаторов аппаратуры рельсовых цепей,CSH,2023,1.0,"0,15ч",,,,
2,12897219,2023-06-22 01:25:00,Забайкальская,"ЗАБ, ШЧ-5",,"1шт 0,22ч",,Обрыв жил сигнально-блокировочного металлического кабеля постовых устройств ЭЦ,CSH,2023,,,1.0,"0,22ч",,
2,12898333,2023-06-22 16:45:00,Забайкальская,"ЗАБ, ШЧ-7","3шт 0,7ч","1шт 0,13ч",,Короткое замыкание секций СП-6М,CSH,2023,3.0,"0,7ч",1.0,"0,13ч",,
1,12900710,2023-06-24 20:21:00,Забайкальская,"ЗАБ, ШЧ-14 (Э)",11шт 10ч,"1шт 0,18ч",,Электрический пробой элементов тиристорных устройств защиты рельсовых цепей,CSH,2023,11.0,,1.0,"0,18ч",,
2,12900728,2023-06-24 20:49:00,Забайкальская,"ЗАБ, ШЧ-13",,"1шт 0,45ч",,"Короткое замыкание элементов реле аппаратуры светофоров, указателей и полос",CSH,2023,,,1.0,"0,45ч",,
2,12901237,2023-06-25 13:28:00,Забайкальская,"ЗАБ, ШЧ-14 (Э)","12шт 5,55ч",,"3шт (к учету 1) 1,17ч",Другие неисправности АВМ рельсовых цепей,CSH,2023,12.0,"5,55ч",,,1.0,"1,17ч"
2,12904987,2023-06-26 11:55:00,Забайкальская,"ЗАБ, ШЧ-6","3шт 0,88ч",,,Механические повреждения сигнально-блокировочного металлического кабеля,CSH,2023,3.0,"0,88ч",,,,
1,12902356,2023-06-26 13:41:00,Забайкальская,"ЗАБ, ШЧ-1","12шт 17,2ч","1шт 1,13ч",,Перегорание плавкой вставки (проволоки) предохранителей аппаратуры защиты схемы управления стрелкой,CSH,2023,12.0,"17,2ч",1.0,"1,13ч",,
1,12903216,2023-06-27 09:55:00,Забайкальская,"ЗАБ, ШЧ-10","26шт (к учету 25) 14,73ч","1шт 0,12ч",,Короткое замыкание (пробой) элементов защитного блока аппаратуры АБ,CSH,2023,25.0,"14,73ч",1.0,"0,12ч",,
2,12903508,2023-06-27 11:30:00,Забайкальская,"ЗАБ, ШЧ-10","16шт 6,62ч","1шт 0,63ч",,"Другие неисправности предохранителей аппаратуры защиты светофоров, указателей и полос",CSH,2023,16.0,"6,62ч",1.0,"0,63ч",,
1,12903473,2023-06-27 12:06:00,Забайкальская,"ЗАБ, ШЧ-14 (Э)","27шт (к учету 24) 18,05ч",,"1шт 0,12ч",Обрыв электрической цепи элементов дешифраторной ячейки аппаратуры АБ,CSH,2023,24.0,"18,05ч",,,1.0,"0,12ч"
2,12904417,2023-06-28 06:49:00,Забайкальская,"ЗАБ, ШЧ-14 (Э)","2шт 0,75ч","1шт 0,13ч",,Разрегулировка контактов автопереключателя СП-6М,CSH,2023,2.0,"0,75ч",1.0,"0,13ч",,
2,12904791,2023-06-28 11:07:00,Забайкальская,"ЗАБ, ШЧ-9","1шт 0,2ч",,"2шт (к учету 1) 0,55ч",Пробой элементов дешифраторной ячейки аппаратуры постовых устройств ЭЦ,CSH,2023,1.0,"0,2ч",,,1.0,"0,55ч"
2,12904869,2023-06-28 11:50:00,Забайкальская,"ЗАБ, ШЧ-10",,"1шт 0,13ч",,"Перегорание плавкой вставки (проволоки) предохранителей аппаратуры защиты светофоров, указателей и полос",CSH,2023,,,1.0,"0,13ч",,
2,12905521,2023-06-28 23:13:00,Забайкальская,"ЗАБ, ШЧ-7","1шт 0,18ч","2шт 0,32ч","1шт 0,25ч",Перегорание плавкой вставки (проволоки) предохранителей аппаратуры защиты рельсовых цепей,CSH,2023,1.0,"0,18ч",2.0,"0,32ч",1.0,"0,25ч"
2,12907774,2023-06-30 22:25:00,Забайкальская,"ЗАБ, ШЧ-1","8шт (к учету 6) 4,67ч","1шт 0,77ч",,Нарушение герметичности колбы лампы линзового светофора,CSH,2023,6.0,"4,67ч",1.0,"0,77ч",,
3,12908065,2023-07-01 10:02:00,Забайкальская,"ЗАБ, ШЧ-14 (Э)","1шт 0,13ч",,,Неисправность аккумуляторной батареи устройств бесперебойного питания постовых устройств ЭЦ,CSH,2023,1.0,"0,13ч",,,,
2,12908504,2023-07-02 00:05:00,Забайкальская,"ЗАБ, ШЧ-7","17шт (к учету 14) 4,95ч","1шт 0,13ч","1шт 0,15ч",Электрический пробой элементов защитного блока аппаратуры АБ,CSH,2023,14.0,"4,95ч",1.0,"0,13ч",1.0,"0,15ч"
2,12909173,2023-07-02 17:50:00,Забайкальская,"ЗАБ, ШЧ-2","6шт 3,68ч","1шт 0,13ч",,Другие неисправности предохранителей аппаратуры защиты постовых устройств ЭЦ,CSH,2023,6.0,"3,68ч",1.0,"0,13ч",,
2,12909297,2023-07-02 21:20:00,Забайкальская,"ЗАБ, ШЧ-14 (Э)","6шт (к учету 5) 3,68ч","2шт 0,75ч","1шт 0,75ч",Обрыв жил сигнально-блокировочного металлического кабеля рельсовых цепей,CSH,2023,5.0,"3,68ч",2.0,"0,75ч",1.0,"0,75ч"
3,12909563,2023-07-03 07:27:00,Забайкальская,"ЗАБ, ШЧ-5",,,,Неисправность блоков и модулей перегонной стойки,CSH,2023,,,,,,
1,12909810,2023-07-03 10:10:00,Забайкальская,"ЗАБ, ШЧ-10","16шт 10,63ч","1шт 0,3ч",,Другие неисправности предохранителей аппаратуры защиты АБ,CSH,2023,16.0,"10,63ч",1.0,"0,3ч",,
2,12911800,2023-07-04 12:01:00,Забайкальская,"ЗАБ, ШЧ-14 (Э)","6шт 1,77ч",,"1шт 0,3ч",Перегорание лампы линзового светофора,CSH,2023,6.0,"1,77ч",,,1.0,"0,3ч"
1,12912523,2023-07-04 17:44:00,Забайкальская,"ЗАБ, ШЧ-1","27шт (к учету 25) 24,32ч","6шт (к учету 4) 2,05ч","8шт (к учету 6) 1,92ч",Обрыв электрической цепи элементов фильтров аппаратуры рельсовых цепей,CSH,2023,25.0,"24,32ч",4.0,"2,05ч",6.0,"1,92ч"
1,12912698,2023-07-05 00:24:00,Забайкальская,"ЗАБ, ШЧ-14 (Э)","14шт (к учету 13) 10,55ч",,,Нарушение электрических характеристик реле аппаратуры рельсовых цепей,CSH,2023,13.0,"10,55ч",,,,
3,12922967,2023-07-05 15:42:00,Забайкальская,"ЗАБ, ШЧ-10","1шт 0,08ч",,,Короткое замыкание (пробой) элементов защитного блока аппаратуры постовых устройств ЭЦ,CSH,2023,1.0,"0,08ч",,,,
2,12914869,2023-07-05 21:40:00,Забайкальская,"ЗАБ, ШЧ-14 (Э)","4шт 1,4ч","4шт (к учету 3) 0,88ч","4шт (к учету 3) 0,62ч",Механические повреждения сигнально-блокировочного металлического кабеля рельсовых цепей,CSH,2023,4.0,"1,4ч",3.0,"0,88ч",3.0,"0,62ч"
2,12915146,2023-07-06 04:26:00,Забайкальская,"ЗАБ, ШЧ-9","11шт (к учету 10) 3,75ч",,,Обрыв жил линейного кабеля,CSH,2023,10.0,"3,75ч",,,,
2,12917294,2023-07-06 20:26:00,Забайкальская,"ЗАБ, ШЧ-14 (Э)","5шт 2,8ч",,,Неисправность релейной аппаратуры СЦБ,CSH,2023,5.0,"2,8ч",,,,
1,12917653,2023-07-07 06:50:00,Забайкальская,"ЗАБ, ШЧ-14 (Э)","38шт (к учету 31) 32,42ч","4шт (к учету 2) 2,13ч","8шт (к учету 3) 1,55ч",Короткое замыкание (электрический пробой) элементов трансформаторов аппаратуры рельсовых цепей,CSH,2023,31.0,"32,42ч",2.0,"2,13ч",3.0,"1,55ч"
1,12917722,2023-07-07 07:45:00,Забайкальская,"ЗАБ, ШЧ-2","6шт 4,63ч","7шт (к учету 4) 2,93ч",,Обрыв жил сигнально-блокировочного металлического кабеля рельсовых цепей,CSH,2023,6.0,"4,63ч",4.0,"2,93ч",,
2,12918840,2023-07-07 15:28:00,Забайкальская,"ЗАБ, ШЧ-14 (Э)",,"1шт 0,27ч",,"Короткое замыкание внешнего монтажа аппаратуры защиты светофоров, указателей и полос",CSH,2023,,,1.0,"0,27ч",,
2,12919980,2023-07-08 15:25:00,Забайкальская,"ЗАБ, ШЧ-1","1шт 0,25ч",,,"Нарушение элетрического контакта в болтовых и паечных соединениях, штепсельных разъемах внешнего монтажа аппаратуры постовых устройств ЭЦ",CSH,2023,1.0,"0,25ч",,,,
3,12920137,2023-07-08 16:30:00,Забайкальская,"ЗАБ, ШЧ-14 (Э)",,,,Короткое замыкание (пробой) деталей блока элементов аппаратуры рельсовых цепей,CSH,2023,,,,,,
2,12920205,2023-07-08 19:03:00,Забайкальская,"ЗАБ, ШЧ-2","1шт 0,3ч","3шт (к учету 2) 0,42ч","1шт 0,1ч",Другие неисправности предохранителей аппаратуры защиты рельсовых цепей,CSH,2023,1.0,"0,3ч",2.0,"0,42ч",1.0,"0,1ч"
3,12920313,2023-07-08 21:19:00,Забайкальская,"ЗАБ, ШЧ-14 (Э)","1шт 0,07ч",,,Короткое замыкание (пробой) элементов защитного блока аппаратуры рельсовых цепей,CSH,2023,1.0,"0,07ч",,,,
2,12920334,2023-07-09 00:07:00,Забайкальская,"ЗАБ, ШЧ-15 (Р)","2шт 0,83ч",,"1шт 0,1ч",Короткое замыкание (пробой) элементов преобразователей частоты аппаратуры АБ,CSH,2023,2.0,"0,83ч",,,1.0,"0,1ч"
2,12920749,2023-07-09 11:11:00,Забайкальская,"ЗАБ, ШЧ-13","1шт 0,93ч","1шт 0,12ч",,Другие неисправности предохранителей аппаратуры защиты постовых устройств ЭЦ,CSH,2023,1.0,"0,93ч",1.0,"0,12ч",,
1,12921070,2023-07-09 20:00:00,Забайкальская,"ЗАБ, ШЧ-14 (Э)","11шт 16,2ч",,,Электрический пробой элементов тиристорных устройств защиты рельсовых цепей,CSH,2023,11.0,"16,2ч",,,,
2,12921622,2023-07-10 07:44:00,Забайкальская,"ЗАБ, ШЧ-1","6шт (к учету 5) 3,58ч","2шт 0,63ч","1шт 0,12ч",Нарушение монтажа шкафов для размещения устройств АБ,CSH,2023,5.0,"3,58ч",2.0,"0,63ч",1.0,"0,12ч"
1,12923155,2023-07-11 05:35:00,Забайкальская,"ЗАБ, ШЧ-14 (Э)","6шт 5,82ч","1шт 1,18ч",,Короткое замыкание (пробой) деталей блока элементов аппаратуры рельсовых цепей,CSH,2023,6.0,"5,82ч",1.0,"1,18ч",,
2,12923623,2023-07-11 10:40:00,Забайкальская,"ЗАБ, ШЧ-10","5шт 1,62ч",,,Нарушение монтажа стативов для размещения постовых устройств ЭЦ,CSH,2023,5.0,"1,62ч",,,,
2,12924756,2023-07-11 22:20:00,Забайкальская,"ЗАБ, ШЧ-7","11шт 3,6ч",,,Механическое заедание элементов пульта с выносным табло постовых устройств ЭЦ,CSH,2023,11.0,"3,6ч",,,,
1,12924968,2023-07-12 04:56:00,Забайкальская,"ЗАБ, ШЧ-9","13шт 4,93ч",,,Обрыв жил сигнально-блокировочного металлического кабеля рельсовых цепей,CSH,2023,13.0,"4,93ч",,,,
1,12925677,2023-07-12 10:54:00,Забайкальская,"ЗАБ, ШЧ-14 (Э)","5шт 2,08ч","1шт 0,25ч","4шт 1,57ч","Другие неисправности предохранителей аппаратуры защиты светофоров, указателей и полос",CSH,2023,5.0,"2,08ч",1.0,"0,25ч",4.0,"1,57ч"
2,12925749,2023-07-12 11:24:00,Забайкальская,"ЗАБ, ШЧ-15 (Р)","4шт 2,73ч","3шт 0,53ч","3шт (к учету 2) 1,07ч",Механические повреждения металлического сигнально-блокировочного кабеля,CSH,2023,4.0,"2,73ч",3.0,"0,53ч",2.0,"1,07ч"
1,12926374,2023-07-12 15:11:00,Забайкальская,"ЗАБ, ШЧ-2","9шт 5,5ч","1шт 0,23ч","1шт 0,23ч",Нарушение монтажа шкафов для размещения устройств АБ,CSH,2023,9.0,"5,5ч",1.0,"0,23ч",1.0,"0,23ч"
3,12927470,2023-07-13 09:02:00,Забайкальская,"ЗАБ, ШЧ-6",,,,Неисправность элементов реле аппаратуры АБ,CSH,2023,,,,,,
3,12927686,2023-07-13 11:20:00,Забайкальская,"ЗАБ, ШЧ-14 (Э)",,,,Нарушение контакта в монтаже в ящиках для размещения устройств АБ,CSH,2023,,,,,,
1,12928800,2023-07-14 04:20:00,Забайкальская,"ЗАБ, ШЧ-15 (Р)","14шт (к учету 12) 11,42ч","2шт 1,25ч",,Износ элементов релейных блоков аппаратуры постовых устройств ЭЦ,CSH,2023,12.0,"11,42ч",2.0,"1,25ч",,
2,12930188,2023-07-15 03:00:00,Забайкальская,"ЗАБ, ШЧ-1","1шт 0,07ч","2шт 0,2ч",,"Понижение сопротивления изоляции монтажа сигнально-блокировочного металлического кабеля светофоров, указателей и полос",CSH,2023,1.0,"0,07ч",2.0,"0,2ч",,
1,12930491,2023-07-15 12:18:00,Забайкальская,"ЗАБ, ШЧ-5","25шт (к учету 18) 21,85ч","1шт 0,13ч",,"Обрыв жил сигнально-блокировочного металлического кабеля светофоров, указателей и полос",CSH,2023,18.0,"21,85ч",1.0,"0,13ч",,
2,12932895,2023-07-18 05:35:00,Забайкальская,"ЗАБ, ШЧ-6",,"1шт 0,15ч",,Разрегулировка проводов линий СЦБ,CSH,2023,,,1.0,"0,15ч",,
2,12933853,2023-07-18 16:22:00,Забайкальская,"ЗАБ, ШЧ-14 (Э)",6шт 2ч,,,Неисправность пайки монтажных проводов,CSH,2023,6.0,,,,,
2,12935344,2023-07-19 17:10:00,Забайкальская,"ЗАБ, ШЧ-9","9шт 5,08ч",,,Искажение кодовых комбинаций трансмиттеров аппаратуры рельсовых цепей,CSH,2023,9.0,"5,08ч",,,,
3,12935408,2023-07-19 18:43:00,Забайкальская,"ЗАБ, ШЧ-9",,,,Неисправность устройства по причине атмосферного или коммутационного перенапряжения,CSH,2023,,,,,,
3,12935482,2023-07-19 20:00:00,Забайкальская,"ЗАБ, ШЧ-2",,,,Неисправность элементов аккумуляторов электропитания постовых устройств ЭЦ,CSH,2023,,,,,,
2,12935570,2023-07-19 23:38:00,Забайкальская,"ЗАБ, ШЧ-7","6шт (к учету 5) 3,97ч",,,Короткое замыкание (пробой) элементов защитного блока аппаратуры рельсовых цепей,CSH,2023,5.0,"3,97ч",,,,
2,12935648,2023-07-20 02:40:00,Забайкальская,"ЗАБ, ШЧ-9",,"1шт 0,15ч",,Обрыв внешнего монтажа аппаратуры защиты устройств АБ,CSH,2023,,,1.0,"0,15ч",,
1,12936021,2023-07-20 04:20:00,Забайкальская,"ЗАБ, ШЧ-9","14шт 30,15ч",,,Понижение сопротивления изоляции сигнально-блокировочного металлического кабеля кабельной сети АБ,CSH,2023,14.0,"30,15ч",,,,
2,12935970,2023-07-20 08:59:00,Забайкальская,"ЗАБ, ШЧ-9","7шт 3,42ч","1шт 0,28ч",,Смещение якоря реле аппаратуры рельсовых цепей,CSH,2023,7.0,"3,42ч",1.0,"0,28ч",,
2,12936301,2023-07-20 13:05:00,Забайкальская,"ЗАБ, ШЧ-9",,"6шт (к учету 4) 1,47ч",,Механические повреждения сигнально-блокировочного металлического кабеля,CSH,2023,,,4.0,"1,47ч",,
3,12936943,2023-07-21 06:05:00,Забайкальская,"ЗАБ, ШЧ-14 (Э)",,,,Короткое замыкание (электрический пробой) элементов реле аппаратуры постовых устройств ЭЦ,CSH,2023,,,,,,
1,12937002,2023-07-21 06:45:00,Забайкальская,"ЗАБ, ШЧ-6","19шт (к учету 12) 10,95ч","5шт (к учету 3) 2,1ч","1шт 0,18ч",Механические повреждения сигнально-блокировочного металлического кабеля рельсовых цепей,CSH,2023,12.0,"10,95ч",3.0,"2,1ч",1.0,"0,18ч"
1,12937885,2023-07-21 19:39:00,Забайкальская,"ЗАБ, ШЧ-1","39шт (к учету 38) 33,12ч","17шт (к учету 11) 5,3ч","5шт (к учету 3) 2,9ч",Сообщение жил сигнально-блокировочного металлического кабеля кабельной сети АБ,CSH,2023,38.0,"33,12ч",11.0,"5,3ч",3.0,"2,9ч"
1,12938287,2023-07-22 09:59:00,Забайкальская,"ЗАБ, ШЧ-10","14шт (к учету 13) 8,07ч",,,Короткое замыкание (пробой) элементов защитного блока аппаратуры постовых устройств ЭЦ,CSH,2023,13.0,"8,07ч",,,,
1,12939690,2023-07-23 14:11:00,Забайкальская,"ЗАБ, ШЧ-5","17шт (к учету 14) 14,95ч","2шт (к учету 1) 1,7ч",,Нарушение контакта в штепсельном разъеме реле аппаратуры светофоров указателей и полос,CSH,2023,14.0,"14,95ч",1.0,"1,7ч",,
2,12939401,2023-07-23 18:50:00,Забайкальская,"ЗАБ, ШЧ-14 (Э)","9шт (к учету 8) 3,55ч",,,Короткое замыкание (электрический пробой) элементов трансформаторов аппаратуры рельсовых цепей,CSH,2023,8.0,"3,55ч",,,,
2,12941184,2023-07-25 09:41:00,Забайкальская,"ЗАБ, ШЧ-5","2шт 0,65ч",,,Пробой элементов дешифраторной ячейки аппаратуры АБ,CSH,2023,2.0,"0,65ч",,,,
2,12942126,2023-07-26 04:33:00,Забайкальская,"ЗАБ, ШЧ-9","2шт 0,78ч",,,"Повышенное переходное сопротивление между элементами (штепсель-рельс, провод (трос)-штепсель, провод (трос)-наконечник)",CSH,2023,2.0,"0,78ч",,,,
1,12942825,2023-07-26 11:34:00,Забайкальская,"ЗАБ, ШЧ-2","9шт (к учету 7) 7,83ч",,,Короткое замыкание (электрический пробой) элементов реле аппаратуры АБ,CSH,2023,7.0,"7,83ч",,,,
3,12943776,2023-07-27 05:14:00,Забайкальская,"ЗАБ, ШЧ-14 (Э)",,,,Нарушение контакта в штепсельном разъеме реле аппаратуры светофоров указателей и полос,CSH,2023,,,,,,
1,12945028,2023-07-28 00:17:00,Забайкальская,"ЗАБ, ШЧ-5","8шт 4,45ч","2шт 0,25ч",,"Перегорание плавкой вставки (проволоки) предохранителей аппаратуры защиты светофоров, указателей и полос",CSH,2023,8.0,"4,45ч",2.0,"0,25ч",,
2,12946186,2023-07-28 18:12:00,Забайкальская,"ЗАБ, ШЧ-10",,"1шт 0,2ч",,"Обрыв плавкой вставки (проволоки) предохранителей аппаратуры защиты светофоров, указателей и полос",CSH,2023,,,1.0,"0,2ч",,
2,12946187,2023-07-28 18:43:00,Забайкальская,"ЗАБ, ШЧ-7",,"1шт 0,28ч",,Короткое замыкание (пробой) элементов защитного блока аппаратуры АБ,CSH,2023,,,1.0,"0,28ч",,
3,12946623,2023-07-29 09:20:00,Забайкальская,"ЗАБ, ШЧ-10",,,,Перегорание плавкой вставки (проволоки) предохранителей аппаратуры защиты постовых устройств ЭЦ,CSH,2023,,,,,,
2,12946603,2023-07-29 09:33:00,Забайкальская,"ЗАБ, ШЧ-1","3шт 0,82ч","7шт (к учету 5) 1,57ч","2шт (к учету 1) 0,65ч",Обрыв сигнально-блокировочного металлического кабеля,CSH,2023,3.0,"0,82ч",5.0,"1,57ч",1.0,"0,65ч"
1,12949284,2023-07-29 22:50:00,Забайкальская,"ЗАБ, ШЧ-9","53шт (к учету 51) 54,63ч","3шт 1,42ч",,Сообщение жил сигнально-блокировочного металлического кабеля рельсовых цепей,CSH,2023,51.0,"54,63ч",3.0,"1,42ч",,
2,12947161,2023-07-30 05:06:00,Забайкальская,"ЗАБ, ШЧ-5","5шт (к учету 4) 2,08ч",,,Короткое замыкание фазирующих устройств аппаратуры рельсовых цепей,CSH,2023,4.0,"2,08ч",,,,
3,12947402,2023-07-30 12:48:00,Забайкальская,"ЗАБ, ШЧ-5",,,,Неисправность релейной аппаратуры СЦБ,CSH,2023,,,,,,
1,12947503,2023-07-30 14:40:00,Забайкальская,"ЗАБ, ШЧ-9","9шт 6,32ч",,,Короткое замыкание (электрический пробой) элементов трансформаторов аппаратуры рельсовых цепей,CSH,2023,9.0,"6,32ч",,,,
2,12947568,2023-07-30 16:46:00,Забайкальская,"ЗАБ, ШЧ-5","2шт 0,53ч",,,Неисправность релейной аппаратуры СЦБ,CSH,2023,2.0,"0,53ч",,,,
3,12947575,2023-07-30 17:42:00,Забайкальская,"ЗАБ, ШЧ-5",,,,Неисправность блоков и модулей перегонной стойки,CSH,2023,,,,,,
2,12948353,2023-07-31 12:10:00,Забайкальская,"ЗАБ, ШЧ-2","6шт (к учету 4) 2,03ч",,"1шт 0,15ч","Нарушение монтажа стативов для размещения аппаратуры светофоров, указателей и полос",CSH,2023,4.0,"2,03ч",,,1.0,"0,15ч"
2,12949102,2023-08-01 05:57:00,Забайкальская,"ЗАБ, ШЧ-2","1шт 0,33ч",,,Неисправность пайки монтажных проводов,CSH,2023,1.0,"0,33ч",,,,
1,12949166,2023-08-01 07:28:00,Забайкальская,"ЗАБ, ШЧ-9","33шт (к учету 28) 15,72ч",,,Нарушение электрических характеристик реле аппаратуры АБ,CSH,2023,28.0,"15,72ч",,,,
3,12951061,2023-08-02 10:19:00,Забайкальская,"ЗАБ, ШЧ-5",,,,Сверхнормативное понижение сопротивления изоляции трансформаторов аппаратуры рельсовых цепей,CSH,2023,,,,,,
2,12952344,2023-08-02 18:45:00,Забайкальская,"ЗАБ, ШЧ-7","2шт 0,4ч","1шт 0,17ч",,Нарушение контакта в монтаже в ящиках для размещения устройств АБ,CSH,2023,2.0,"0,4ч",1.0,"0,17ч",,
2,12952536,2023-08-03 01:57:00,Забайкальская,"ЗАБ, ШЧ-5",,,"1шт 0,23ч","Перегорание плавкой вставки (проволоки) предохранителей аппаратуры защиты светофоров, указателей и полос",CSH,2023,,,,,1.0,"0,23ч"
3,12953103,2023-08-03 08:33:00,Забайкальская,"ЗАБ, ШЧ-9",,,,Нарушение монтажа стативов для размещения постовых устройств ЭЦ,CSH,2023,,,,,,
1,12953523,2023-08-03 11:50:00,Забайкальская,"ЗАБ, ШЧ-10","12шт 7,1ч","5шт 1,78ч",,Перегорание плавкой вставки (проволоки) предохранителей аппаратуры защиты рельсовых цепей,CSH,2023,12.0,"7,1ч",5.0,"1,78ч",,
2,12953736,2023-08-03 13:23:00,Забайкальская,"ЗАБ, ШЧ-6","4шт 1,2ч","1шт 0,22ч",,Другие неисправности предохранителей аппаратуры защиты рельсовых цепей,CSH,2023,4.0,"1,2ч",1.0,"0,22ч",,
1,12953980,2023-08-03 15:05:00,Забайкальская,"ЗАБ, ШЧ-5","10шт (к учету 8) 6,97ч","1шт 0,28ч",,Нарушение контакта в штепсельном разъеме реле аппаратуры постовых устройств ЭЦ,CSH,2023,8.0,"6,97ч",1.0,"0,28ч",,
2,12954069,2023-08-03 15:40:00,Забайкальская,"ЗАБ, ШЧ-1","3шт 0,68ч",,,Пробой регулируемого сопротивления аппаратуры рельсовых цепей,CSH,2023,3.0,"0,68ч",,,,
2,12954409,2023-08-03 20:15:00,Забайкальская,"ЗАБ, ШЧ-6",,"1шт 0,13ч",,Перегорание лампы линзового светофора,CSH,2023,,,1.0,"0,13ч",,
2,12954681,2023-08-04 04:25:00,Забайкальская,"ЗАБ, ШЧ-5","9шт 4,75ч",,,Подгар контактов реле аппаратуры,CSH,2023,9.0,"4,75ч",,,,
1,12954866,2023-08-04 07:40:00,Забайкальская,"ЗАБ, ШЧ-5","3шт 2,33ч",,,Механические повреждения сигнально-блокировочного металлического кабеля рельсовых цепей,CSH,2023,3.0,"2,33ч",,,,
1,12955221,2023-08-04 10:45:00,Забайкальская,"ЗАБ, ШЧ-5","8шт 4,58ч","3шт (к учету 2) 1,27ч","4шт (к учету 2) 0,58ч",Механические повреждения металлического сигнально-блокировочного кабеля,CSH,2023,8.0,"4,58ч",2.0,"1,27ч",2.0,"0,58ч"
3,12956546,2023-08-05 12:12:00,Забайкальская,"ЗАБ, ШЧ-15 (Р)",,,,Пробой элементов дешифраторной ячейки аппаратуры АБ,CSH,2023,,,,,,
2,12957108,2023-08-06 05:38:00,Забайкальская,"ЗАБ, ШЧ-5","7шт 2,1ч",,,Неисправность элементов блока питания постовых устройств ЭЦ,CSH,2023,7.0,"2,1ч",,,,
1,12957535,2023-08-06 13:00:00,Забайкальская,"ЗАБ, ШЧ-5","2шт 1,37ч","1шт 0,22ч","1шт 0,25ч",Неисправность элементов реле аппаратуры постовых устройств ЭЦ,CSH,2023,2.0,"1,37ч",1.0,"0,22ч",1.0,"0,25ч"
1,12957806,2023-08-06 18:01:00,Забайкальская,"ЗАБ, ШЧ-6","8шт (к учету 7) 4,5ч","14шт (к учету 8) 3,92ч","2шт 0,43ч",Другие неисправности предохранителей аппаратуры защиты постовых устройств ЭЦ,CSH,2023,7.0,"4,5ч",8.0,"3,92ч",2.0,"0,43ч"
2,12958260,2023-08-07 03:05:00,Забайкальская,"ЗАБ, ШЧ-10","12шт (к учету 11) 2,08ч",,,Обрыв жил сигнально-блокировочного металлического кабеля рельсовых цепей,CSH,2023,11.0,"2,08ч",,,,
2,12961517,2023-08-08 04:00:00,Забайкальская,"ЗАБ, ШЧ-9","2шт 0,28ч",,,Ослабление крепления предохранителей аппаратуры защиты рельсовых цепей,CSH,2023,2.0,"0,28ч",,,,
2,12960682,2023-08-08 11:03:00,Забайкальская,"ЗАБ, ШЧ-2","7шт 2,02ч",,"2шт (к учету 1) 0,27ч",Разрегулировка контактов реле аппаратуры рельсовых цепей,CSH,2023,7.0,"2,02ч",,,1.0,"0,27ч"
2,12964446,2023-08-10 01:51:00,Забайкальская,"ЗАБ, ШЧ-6","6шт 1,57ч","1шт 0,15ч","1шт 0,22ч","неисправность приборов безопасности локомотива, МВПС",CSH,2023,6.0,"1,57ч",1.0,"0,15ч",1.0,"0,22ч"
1,12964647,2023-08-10 05:20:00,Забайкальская,"ЗАБ, ШЧ-9","18шт 9,17ч","1шт 0,27ч",,Другие неисправности элементов защитного блока аппаратуры рельсовых цепей,CSH,2023,18.0,"9,17ч",1.0,"0,27ч",,
2,12965488,2023-08-10 12:16:00,Забайкальская,"ЗАБ, ШЧ-9","4шт 1,73ч","1шт 0,23ч","1шт 0,18ч",Закорачивание РЦ,CSH,2023,4.0,"1,73ч",1.0,"0,23ч",1.0,"0,18ч"
3,12967069,2023-08-11 09:08:00,Забайкальская,"ЗАБ, ШЧ-9",,,,Нарушение монтажа стативов для размещения постовых устройств ЭЦ,CSH,2023,,,,,,
2,12969228,2023-08-13 14:12:00,Забайкальская,"ЗАБ, ШЧ-9","11шт 2,75ч","3шт (к учету 2) 0,65ч",,Обрыв внешнего монтажа аппаратуры постовых устройств ЭЦ,CSH,2023,11.0,"2,75ч",2.0,"0,65ч",,
3,12969313,2023-08-13 15:42:00,Забайкальская,"ЗАБ, ШЧ-1",,,,"Обрыв жил сигнально-блокировочного металлического кабеля светофоров, указателей и полос",CSH,2023,,,,,,
1,12969444,2023-08-13 20:20:00,Забайкальская,"ЗАБ, ШЧ-5","9шт 9,07ч","1шт 0,25ч","1шт 0,23ч",Причина не установлена,CSH,2023,9.0,"9,07ч",1.0,"0,25ч",1.0,"0,23ч"
2,12969454,2023-08-13 20:53:00,Забайкальская,"ЗАБ, ШЧ-9",,"1шт 0,2ч",,Короткое замыкание навесного монтажа аппаратуры постовых устройств ЭЦ,CSH,2023,,,1.0,"0,2ч",,
1,12969539,2023-08-14 00:50:00,Забайкальская,"ЗАБ, ШЧ-9","4шт 3,83ч",,,Закорачивание РЦ,CSH,2023,4.0,"3,83ч",,,,
3,12969608,2023-08-14 03:00:00,Забайкальская,"ЗАБ, ШЧ-6",,,,Неправильная регулировка выходного напряжения генератора аппаратуры АБ,CSH,2023,,,,,,
3,12971246,2023-08-15 07:15:00,Забайкальская,"ЗАБ, ШЧ-9",,,,Обрыв внешнего монтажа аппаратуры электропитания постовых устройств ЭЦ,CSH,2023,,,,,,
2,12971558,2023-08-15 10:00:00,Забайкальская,"ЗАБ, ШЧ-1","5шт 1,22ч",,,Неисправность элементов выпрямительного устройства,CSH,2023,5.0,"1,22ч",,,,
2,12971830,2023-08-15 10:15:00,Забайкальская,"ЗАБ, ШЧ-5","5шт 1,87ч","1шт 0,17ч",,Неисправность элементов трансформаторов аппаратуры рельсовых цепей,CSH,2023,5.0,"1,87ч",1.0,"0,17ч",,
1,12971981,2023-08-15 12:51:00,Забайкальская,"ЗАБ, ШЧ-6","4шт 5,57ч","1шт 0,13ч",,Отсутствие внешнего энергоснабжения стрелки со схемой управления,CSH,2023,4.0,"5,57ч",1.0,"0,13ч",,
1,12972458,2023-08-15 17:48:00,Забайкальская,"ЗАБ, ШЧ-1","8шт 6,35ч","1шт 0,35ч","1шт 0,35ч",Обрыв элементов выпрямительных устройств электропитания постовых устройств ЭЦ,CSH,2023,8.0,"6,35ч",1.0,"0,35ч",1.0,"0,35ч"
3,12972535,2023-08-15 22:59:00,Забайкальская,"ЗАБ, ШЧ-6",,,,Другие неисправности предохранителей аппаратуры защиты постовых устройств ЭЦ,CSH,2023,,,,,,
2,12973190,2023-08-16 08:40:00,Забайкальская,"ЗАБ, ШЧ-5","5шт 1,52ч",,,Нарушение контакта в разъеме блока элементов аппаратуры схемы управления стрелкой,CSH,2023,5.0,"1,52ч",,,,
2,12973456,2023-08-16 12:05:00,Забайкальская,"ЗАБ, ШЧ-9","7шт (к учету 6) 1,15ч",,,Попадание посторонних предметов в СП-6М,CSH,2023,6.0,"1,15ч",,,,
3,12974101,2023-08-16 18:25:00,Забайкальская,"ЗАБ, ШЧ-9",,,,Неисправность элементов реле аппаратуры схемы управления стрелкой,CSH,2023,,,,,,
2,12974780,2023-08-17 05:46:00,Забайкальская,"ЗАБ, ШЧ-2","5шт 1,25ч","1шт 0,2ч",,"Повышенное переходное сопротивление между элементами (штепсель-рельс, провод (трос)-штепсель, провод (трос)-наконечник)",CSH,2023,5.0,"1,25ч",1.0,"0,2ч",,
2,12974603,2023-08-17 05:47:00,Забайкальская,"ЗАБ, ШЧ-9","3шт 1,38ч",,,"Обрыв жил сигнально-блокировочного металлического кабеля светофоров, указателей и полос",CSH,2023,3.0,"1,38ч",,,,
2,12975110,2023-08-17 13:00:00,Забайкальская,"ЗАБ, ШЧ-9","1шт 0,18ч",7шт (к учету 5) 2ч,,Обрыв провода (троса) перемычки,CSH,2023,1.0,"0,18ч",5.0,,,
3,12975518,2023-08-17 16:07:00,Забайкальская,"ЗАБ, ШЧ-9",,,,Электрический пробой элементов защитного блока аппаратуры рельсовых цепей,CSH,2023,,,,,,
2,12975768,2023-08-18 01:08:00,Забайкальская,"ЗАБ, ШЧ-9","10шт 3,7ч","1шт 0,28ч","1шт 0,47ч",Неисправность релейной аппаратуры СЦБ,CSH,2023,10.0,"3,7ч",1.0,"0,28ч",1.0,"0,47ч"
2,12975726,2023-08-18 01:16:00,Забайкальская,"ЗАБ, ШЧ-13","3шт 1,97ч",,"1шт 0,58ч",Нарушение контакта в штепсельном разъеме реле аппаратуры постовых устройств ЭЦ,CSH,2023,3.0,"1,97ч",,,1.0,"0,58ч"
3,12975935,2023-08-18 06:08:00,Забайкальская,"ЗАБ, ШЧ-9",,,,Неисправность болометра,CSH,2023,,,,,,
3,12976803,2023-08-18 18:20:00,Забайкальская,"ЗАБ, ШЧ-5","1шт 0,05ч",,,"Неисправность элементов реле аппаратуры светофоров, указателей и полос",CSH,2023,1.0,"0,05ч",,,,
2,12976989,2023-08-19 00:50:00,Забайкальская,"ЗАБ, ШЧ-5","4шт 2,73ч","2шт (к учету 1) 0,28ч","1шт 0,13ч","Неисправность деталей блока элементов аппаратуры светофоров, указателей и полос",CSH,2023,4.0,"2,73ч",1.0,"0,28ч",1.0,"0,13ч"
3,12977303,2023-08-19 11:23:00,Забайкальская,"ЗАБ, ШЧ-9",,,,Затухание сигнала в ВОЛС,CSH,2023,,,,,,
2,12977520,2023-08-19 15:29:00,Забайкальская,"ЗАБ, ШЧ-9","2шт 0,73ч",,,Другие неисправности внешнего монтажа аппаратуры рельсовых цепей,CSH,2023,2.0,"0,73ч",,,,
3,12978147,2023-08-20 10:40:00,Забайкальская,"ЗАБ, ШЧ-6","2шт 0,15ч",,,Другие неисправности предохранителей аппаратуры защиты АБ,CSH,2023,2.0,"0,15ч",,,,
1,12978268,2023-08-20 11:09:00,Забайкальская,"ЗАБ, ШЧ-5","3шт 2,68ч","2шт (к учету 1) 0,52ч",,Ослабление затяжки болтов перемычки,CSH,2023,3.0,"2,68ч",1.0,"0,52ч",,
2,12978354,2023-08-20 14:24:00,Забайкальская,"ЗАБ, ШЧ-9","1шт 0,48ч","1шт 0,35ч",,Неисправность элементов реле аппаратуры рельсовых цепей,CSH,2023,1.0,"0,48ч",1.0,"0,35ч",,
3,12979047,2023-08-21 08:14:00,Забайкальская,"ЗАБ, ШЧ-1",,,,Ослабление затяжки болтов перемычки,CSH,2023,,,,,,
2,12979229,2023-08-21 10:36:00,Забайкальская,"ЗАБ, ШЧ-2",,"3шт (к учету 2) 0,52ч",,Неисправность блоков и модулей перегонной стойки,CSH,2023,,,2.0,"0,52ч",,
3,12979426,2023-08-21 13:03:00,Забайкальская,"ЗАБ, ШЧ-5",,,,"Неисправность системы речевого оповещения (ПРОС, РИ)",CSH,2023,,,,,,
3,12980527,2023-08-22 10:16:00,Забайкальская,"ЗАБ, ШЧ-9",,,,"Нарушение элетрического контакта в болтовых и паечных соединениях, штепсельных разъемах внешнего монтажа аппаратуры рельсовых цепей",CSH,2023,,,,,,
2,12981156,2023-08-22 19:00:00,Забайкальская,"ЗАБ, ШЧ-2","5шт 1,5ч",,,Обрыв монтажа линзового светофора,CSH,2023,5.0,"1,5ч",,,,
2,12981606,2023-08-23 07:58:00,Забайкальская,"ЗАБ, ШЧ-7","3шт 0,9ч",,,Нарушение контакта в монтаже в ящиках для размещения устройств АБ,CSH,2023,3.0,"0,9ч",,,,
2,12981814,2023-08-23 10:16:00,Забайкальская,"ЗАБ, ШЧ-2","3шт 1,52ч",,,Электрический пробой элементов тиристорных устройств защиты рельсовых цепей,CSH,2023,3.0,"1,52ч",,,,
3,12982224,2023-08-23 14:00:00,Забайкальская,"ЗАБ, ШЧ-6",,,,Перегорание ламп пульта табло устройств АБ,CSH,2023,,,,,,
3,12982478,2023-08-23 16:10:00,Забайкальская,"ЗАБ, ШЧ-6",,,,"Обрыв электрической цепи элементов трансформаторов аппаратуры светофоров, указателей и полос",CSH,2023,,,,,,
3,12983764,2023-08-24 17:18:00,Забайкальская,"ЗАБ, ШЧ-10",,,,Обрыв провода (троса) перемычки,CSH,2023,,,,,,
2,12984872,2023-08-25 15:35:00,Забайкальская,"ЗАБ, ШЧ-9","2шт 0,48ч",,,"Другие неисправности элементов релейных блоков аппаратуры светофоров, указателей и полос",CSH,2023,2.0,"0,48ч",,,,
3,12986653,2023-08-28 02:05:00,Забайкальская,"ЗАБ, ШЧ-7","1шт 0,08ч",,,Сверхнормативное снижение емкости конденсаторов дешифраторной ячейки аппаратуры АБ,CSH,2023,1.0,"0,08ч",,,,
1,12987307,2023-08-28 11:45:00,Забайкальская,"ЗАБ, ШЧ-9","27шт (к учету 24) 15,22ч",,,Повреждение контрольного кабеля линий СЦБ при работах,CSH,2023,24.0,"15,22ч",,,,
2,12988868,2023-08-29 22:34:00,Забайкальская,"ЗАБ, ШЧ-15 (Р)","1шт 0,93ч",,,Неисправность элементов преобразователей частоты аппаратуры АБ,CSH,2023,1.0,"0,93ч",,,,
1,12989131,2023-08-30 05:21:00,Забайкальская,"ЗАБ, ШЧ-5","16шт (к учету 15) 9,82ч","1шт 0,58ч",,"Другие неисправности предохранителей аппаратуры защиты светофоров, указателей и полос",CSH,2023,15.0,"9,82ч",1.0,"0,58ч",,
3,12989167,2023-08-30 05:50:00,Забайкальская,"ЗАБ, ШЧ-16 (Р)",,,,Другие неисправности элементов релейных блоков аппаратуры постовых устройств ЭЦ,CSH,2023,,,,,,
2,12989729,2023-08-30 10:03:00,Забайкальская,"ЗАБ, ШЧ-9","3шт 0,83ч",,,Короткое замыкание (пробой) элементов защитного блока аппаратуры АБ,CSH,2023,3.0,"0,83ч",,,,
1,12990216,2023-08-30 22:28:00,Забайкальская,"ЗАБ, ШЧ-2","5шт (к учету 4) 2,1ч","7шт (к учету 6) 2,38ч","8шт (к учету 4) 1,7ч",Асимметрия тягового тока,CSH,2023,4.0,"2,1ч",6.0,"2,38ч",4.0,"1,7ч"
2,12990387,2023-08-31 04:50:00,Забайкальская,"ЗАБ, ШЧ-5","4шт 1,75ч",,,Неисправность элементов реле аппаратуры АБ,CSH,2023,4.0,"1,75ч",,,,
2,12990558,2023-08-31 07:04:00,Забайкальская,"ЗАБ, ШЧ-1","5шт 2,6ч","2шт 0,77ч",,Нарушение электрических характеристик реле аппаратуры АБ,CSH,2023,5.0,"2,6ч",2.0,"0,77ч",,
2,12990559,2023-08-31 08:07:00,Забайкальская,"ЗАБ, ШЧ-2","6шт 2,33ч",,,Электрический пробой выравнивателей (ограничителей) аппаратуры защиты рельсовых цепей,CSH,2023,6.0,"2,33ч",,,,
3,12991555,2023-09-01 05:04:00,Забайкальская,"ЗАБ, ШЧ-13",,,,Неисправность элементов трансформаторов аппаратуры рельсовых цепей,CSH,2023,,,,,,
3,12992693,2023-09-01 23:24:00,Забайкальская,"ЗАБ, ШЧ-9",,,,Нарушение контакта в монтаже в путевых ящиках для размещения аппаратуры рельсовых цепей,CSH,2023,,,,,,
2,12993334,2023-09-02 22:48:00,Забайкальская,"ЗАБ, ШЧ-10","4шт (к учету 3) 1,32ч","1шт 0,22ч",,"Другие неисправности предохранителей аппаратуры защиты светофоров, указателей и полос",CSH,2023,3.0,"1,32ч",1.0,"0,22ч",,
3,12994469,2023-09-04 07:15:00,Забайкальская,"ЗАБ, ШЧ-5",,,,Причина не установлена,CSH,2023,,,,,,
2,12998275,2023-09-05 16:32:00,Забайкальская,"ЗАБ, ШЧ-1",,"1шт 0,3ч",,Нарушение контакта во внутреннем монтаже СП-6М,CSH,2023,,,1.0,"0,3ч",,
1,12998786,2023-09-06 05:23:00,Забайкальская,"ЗАБ, ШЧ-15 (Р)","1шт 0,48ч","6шт (к учету 4) 3,08ч","2шт 0,55ч","Короткое замыкание (электрический пробой) элементов трансформаторов аппаратуры светофоров, указателей и полос",CSH,2023,1.0,"0,48ч",4.0,"3,08ч",2.0,"0,55ч"
3,13003390,2023-09-07 15:16:00,Забайкальская,"ЗАБ, ШЧ-2",,,,Обрыв элементов тиристорных устройств защиты рельсовых цепей,CSH,2023,,,,,,
2,13004192,2023-09-08 05:44:00,Забайкальская,"ЗАБ, ШЧ-2","3шт 2,53ч",,,Некачественная пайка монтажа линзового светофора,CSH,2023,3.0,"2,53ч",,,,
2,13006167,2023-09-09 03:53:00,Забайкальская,"ЗАБ, ШЧ-9","6шт 2,45ч",,,Неисправность элементов выпрямительного устройства,CSH,2023,6.0,"2,45ч",,,,
1,13006537,2023-09-09 09:35:00,Забайкальская,"ЗАБ, ШЧ-5","67шт (к учету 31) 43,73ч","3шт (к учету 1) 1,67ч",,Понижение сопротивления изоляции сигнально-блокировочного металлического кабеля кабельной сети АБ,CSH,2023,31.0,"43,73ч",1.0,"1,67ч",,
2,13008474,2023-09-11 11:59:00,Забайкальская,"ЗАБ, ШЧ-5",,"1шт 0,22ч","1шт 0,2ч",Нарушение контакта в штепсельном разъеме реле аппаратуры АБ,CSH,2023,,,1.0,"0,22ч",1.0,"0,2ч"
2,13009664,2023-09-12 06:11:00,Забайкальская,"ЗАБ, ШЧ-2","13шт (к учету 12) 4,5ч",,,Неисправность устройства сопряжения с объектами УСО,CSH,2023,12.0,"4,5ч",,,,
1,13011311,2023-09-12 17:19:00,Забайкальская,"ЗАБ, ШЧ-16 (Р)","24шт (к учету 18) 18,7ч","2шт (к учету 1) 0,62ч",,Излом элементов трансмиттеров аппаратуры АБ,CSH,2023,18.0,"18,7ч",1.0,"0,62ч",,
2,13011379,2023-09-12 23:19:00,Забайкальская,"ЗАБ, ШЧ-7","4шт 1,28ч","1шт 0,18ч",,Электрический пробой разрядников аппаратуры защиты рельсовых цепей,CSH,2023,4.0,"1,28ч",1.0,"0,18ч",,
2,13013586,2023-09-14 02:01:00,Забайкальская,"ЗАБ, ШЧ-5","1шт 0,35ч",,,"Неисправность элементов реле аппаратуры светофоров, указателей и полос",CSH,2023,1.0,"0,35ч",,,,
3,13015154,2023-09-14 16:45:00,Забайкальская,"ЗАБ, ШЧ-10",,,,Короткое замыкание (электрический пробой) элементов трансформаторов аппаратуры рельсовых цепей,CSH,2023,,,,,,
1,13015279,2023-09-14 20:04:00,Забайкальская,"ЗАБ, ШЧ-10","14шт 10,03ч","3шт (к учету 2) 0,62ч",,Нарушение монтажа стативов для размещения постовых устройств ЭЦ,CSH,2023,14.0,"10,03ч",2.0,"0,62ч",,
2,13015849,2023-09-15 04:19:00,Забайкальская,"ЗАБ, ШЧ-1","23шт 8,83ч","5шт (к учету 3) 1,68ч","2шт (к учету 1) 0,55ч",Подгар контактов реле аппаратуры АБ,CSH,2023,23.0,"8,83ч",3.0,"1,68ч",1.0,"0,55ч"
2,13015624,2023-09-15 06:07:00,Забайкальская,"ЗАБ, ШЧ-9","4шт 1,63ч",,,Нарушение монтажа стативов для размещения постовых устройств ЭЦ,CSH,2023,4.0,"1,63ч",,,,
3,13016991,2023-09-16 05:30:00,Забайкальская,"ЗАБ, ШЧ-1",,,,Нарушение монтажа шкафов для размещения устройств АБ,CSH,2023,,,,,,
2,13017611,2023-09-17 02:37:00,Забайкальская,"ЗАБ, ШЧ-2",,"1шт 0,17ч",,Нарушение контакта в разъеме элементов блока питания рельсовых цепей,CSH,2023,,,1.0,"0,17ч",,
2,13017813,2023-09-17 08:32:00,Забайкальская,"ЗАБ, ШЧ-2","10шт (к учету 9) 4,05ч",,,Закорачивание рельсовой цепи через арматуру шпалы,CSH,2023,9.0,"4,05ч",,,,
3,13018138,2023-09-17 18:13:00,Забайкальская,"ЗАБ, ШЧ-9",,,,Понижение сопротивления изоляции сигнально-блокировочного металлического кабеля кабельной сети АБ,CSH,2023,,,,,,
2,13021388,2023-09-19 23:17:00,Забайкальская,"ЗАБ, ШЧ-9","4шт 1,75ч","1шт 0,12ч","1шт 0,18ч",Неисправность элементов фильтров аппаратуры рельсовых цепей,CSH,2023,4.0,"1,75ч",1.0,"0,12ч",1.0,"0,18ч"
2,13021453,2023-09-20 03:30:00,Забайкальская,"ЗАБ, ШЧ-9",,"1шт 0,2ч",,Перегорание лампы линзового светофора,CSH,2023,,,1.0,"0,2ч",,
2,13021835,2023-09-20 08:04:00,Забайкальская,"ЗАБ, ШЧ-1","1шт 0,47ч","1шт 0,15ч",,Нарушение монтажа стативов для размещения постовых устройств ЭЦ,CSH,2023,1.0,"0,47ч",1.0,"0,15ч",,
2,13021860,2023-09-20 08:25:00,Забайкальская,"ЗАБ, ШЧ-6",,"1шт 0,48ч","1шт 0,17ч",Ослабление крепления предохранителей аппаратуры защиты АБ,CSH,2023,,,1.0,"0,48ч",1.0,"0,17ч"
1,13024439,2023-09-21 17:54:00,Забайкальская,"ЗАБ, ШЧ-6","3шт 2,35ч",,,Перегорание ламп пульта-табло постовых устройств ЭЦ,CSH,2023,3.0,"2,35ч",,,,
2,13026085,2023-09-23 10:36:00,Забайкальская,"ЗАБ, ШЧ-16 (Р)","8шт 1,8ч","2шт 0,7ч","2шт 0,3ч",Подгар контактов реле аппаратуры рельсовых цепей,CSH,2023,8.0,"1,8ч",2.0,"0,7ч",2.0,"0,3ч"
1,13026805,2023-09-24 07:29:00,Забайкальская,"ЗАБ, ШЧ-1","8шт 4,02ч",,,Понижение сопротивления изоляции сигнально-блокировочного металлического кабеля кабельной сети АБ,CSH,2023,8.0,"4,02ч",,,,
2,13027002,2023-09-24 16:15:00,Забайкальская,"ЗАБ, ШЧ-5","9шт 3,48ч",,,Неисправность релейной аппаратуры СЦБ,CSH,2023,9.0,"3,48ч",,,,
2,13051792,2023-09-26 07:49:00,Забайкальская,"ЗАБ, ШЧ-16 (Р)","1шт 0,17ч","1шт 0,1ч",,Повреждение приемо-передатчиков аппаратуры АБ,CSH,2023,1.0,"0,17ч",1.0,"0,1ч",,
2,13031133,2023-09-27 11:43:00,Забайкальская,"ЗАБ, ШЧ-10",,"1шт 0,25ч",,Электрический пробой выравнивателей (ограничителей) аппаратуры защиты рельсовых цепей,CSH,2023,,,1.0,"0,25ч",,
1,13032977,2023-09-28 20:39:00,Забайкальская,"ЗАБ, ШЧ-5","15шт (к учету 14) 11,55ч",,,"Обрыв жил сигнально-блокировочного металлического кабеля светофоров, указателей и полос",CSH,2023,14.0,"11,55ч",,,,
2,13033082,2023-09-29 02:17:00,Забайкальская,"ЗАБ, ШЧ-9","1шт 0,58ч",,,Закорачивание РЦ,CSH,2023,1.0,"0,58ч",,,,
2,13033113,2023-09-29 02:25:00,Забайкальская,"ЗАБ, ШЧ-13","1шт 0,4ч",,,Обрыв электрической цепи элементов трансформаторов аппаратуры рельсовых цепей,CSH,2023,1.0,"0,4ч",,,,
1,13034265,2023-09-29 21:53:00,Забайкальская,"ЗАБ, ШЧ-9","18шт (к учету 17) 17,72ч","2шт 1,55ч",,Неисправность элементов трансформаторов аппаратуры рельсовых цепей,CSH,2023,17.0,"17,72ч",2.0,"1,55ч",,
3,13034674,2023-09-30 12:29:00,Забайкальская,"ЗАБ, ШЧ-6",,,,Сообщение жил сигнально-блокировочного металлического кабеля рельсовых цепей,CSH,2023,,,,,,
1,13036155,2023-10-02 04:30:00,Забайкальская,"ЗАБ, ШЧ-9","19шт (к учету 14) 9,87ч","1шт 0,13ч",,Обрыв плавкой вставки (проволоки) предохранителей аппаратуры защиты рельсовых цепей,CSH,2023,14.0,"9,87ч",1.0,"0,13ч",,
3,13037047,2023-10-02 13:29:00,Забайкальская,"ЗАБ, ШЧ-2",,,,"Нарушение элетрического контакта в болтовых и паечных соединениях, штепсельных разъемах внешнего монтажа аппаратуры АБ",CSH,2023,,,,,,
2,13038223,2023-10-03 08:54:00,Забайкальская,"ЗАБ, ШЧ-5",,"1шт 0,23ч",,Нарушение электрических характеристик реле аппаратуры АБ,CSH,2023,,,1.0,"0,23ч",,
1,13042891,2023-10-05 07:50:00,Забайкальская,"ЗАБ, ШЧ-5","37шт (к учету 32) 42,15ч","1шт 0,12ч","2шт (к учету 1) 0,22ч",Пробой деталей блока элементов аппаратуры АБ,CSH,2023,32.0,"42,15ч",1.0,"0,12ч",1.0,"0,22ч"
2,13046908,2023-10-08 09:11:00,Забайкальская,"ЗАБ, ШЧ-5","20шт 6,65ч","3шт (к учету 2) 0,87ч",,Причина не установлена,CSH,2023,20.0,"6,65ч",2.0,"0,87ч",,
1,13047573,2023-10-09 03:30:00,Забайкальская,"ЗАБ, ШЧ-9","17шт (к учету 16) 10,07ч","1шт 0,58ч",,Ослабление затяжки болтов перемычки,CSH,2023,16.0,"10,07ч",1.0,"0,58ч",,
2,13049387,2023-10-10 05:02:00,Забайкальская,"ЗАБ, ШЧ-2","14шт (к учету 11) 4,15ч",,,Ослабление затяжки болтов перемычки,CSH,2023,11.0,"4,15ч",,,,
2,13052951,2023-10-11 12:57:00,Забайкальская,"ЗАБ, ШЧ-9","2шт 0,92ч",,,Разрегулировка временных параметров трансмиттеров аппаратуры АБ,CSH,2023,2.0,"0,92ч",,,,
3,13056726,2023-10-13 10:31:00,Забайкальская,"ЗАБ, ШЧ-6","2шт 0,1ч",,,Неисправность монтажа в релейном шкафу,CSH,2023,2.0,"0,1ч",,,,
2,13056882,2023-10-13 12:32:00,Забайкальская,"ЗАБ, ШЧ-16 (Р)","12шт (к учету 11) 2,93ч","2шт 0,4ч",,Износ элементов релейных блоков аппаратуры постовых устройств ЭЦ,CSH,2023,11.0,"2,93ч",2.0,"0,4ч",,
3,13057962,2023-10-14 10:57:00,Забайкальская,"ЗАБ, ШЧ-9",,,,Нарушение регулировочного режима,CSH,2023,,,,,,
1,13059079,2023-10-14 11:23:00,Забайкальская,"ЗАБ, ШЧ-15 (Р)","9шт 4,32ч",,"1шт 0,13ч",Неисправность контактной системы реле аппаратуры постовых устройств ЭЦ,CSH,2023,9.0,"4,32ч",,,1.0,"0,13ч"
2,13058031,2023-10-14 11:57:00,Забайкальская,"ЗАБ, ШЧ-5","2шт 0,47ч",,,Причина не установлена,CSH,2023,2.0,"0,47ч",,,,
2,13058864,2023-10-15 19:01:00,Забайкальская,"ЗАБ, ШЧ-9",,"1шт 0,12ч",,Нарушение регулировочного режима,CSH,2023,,,1.0,"0,12ч",,
2,13059779,2023-10-16 12:53:00,Забайкальская,"ЗАБ, ШЧ-1","1шт 0,25ч",,"1шт 0,2ч",Нарушение монтажа шкафов для размещения устройств АБ,CSH,2023,1.0,"0,25ч",,,1.0,"0,2ч"
3,13061566,2023-10-17 22:58:00,Забайкальская,"ЗАБ, ШЧ-9",,,,Причина не установлена,CSH,2023,,,,,,
1,13061572,2023-10-17 23:24:00,Забайкальская,"ЗАБ, ШЧ-1","13шт (к учету 11) 13,12ч",,"1шт 0,12ч",Понижение сопротивления изоляции монтажа СП-6М,CSH,2023,11.0,"13,12ч",,,1.0,"0,12ч"
1,13062611,2023-10-18 14:37:00,Забайкальская,"ЗАБ, ШЧ-9","32шт (к учету 31) 38,77ч","3шт (к учету 2) 1,83ч",,Короткое замыкание (электрический пробой) внешнего монтажа аппаратуры схемы управления стрелкой,CSH,2023,31.0,"38,77ч",2.0,"1,83ч",,
1,13062518,2023-10-18 15:51:00,Забайкальская,"ЗАБ, ШЧ-9","37шт (к учету 30) 37,6ч",,,Обрыв жил сигнально-блокировочного металлического кабеля рельсовых цепей,CSH,2023,30.0,"37,6ч",,,,
3,13063071,2023-10-19 02:48:00,Забайкальская,"ЗАБ, ШЧ-15 (Р)",,,,Неисправность элементов дешифратора аппаратуры АБ,CSH,2023,,,,,,
1,13064076,2023-10-19 14:52:00,Забайкальская,"ЗАБ, ШЧ-6","17шт (к учету 15) 16,53ч","5шт (к учету 3) 1,07ч",,Закорачивание РЦ,CSH,2023,15.0,"16,53ч",3.0,"1,07ч",,
1,13065092,2023-10-20 08:24:00,Забайкальская,"ЗАБ, ШЧ-7","7шт 4,45ч","1шт 0,12ч",,Механические повреждения металлического сигнально-блокировочного кабеля,CSH,2023,7.0,"4,45ч",1.0,"0,12ч",,
3,13065396,2023-10-20 16:13:00,Забайкальская,"ЗАБ, ШЧ-6","4шт 0,27ч",,,Короткое замыкание деталей блока элементов аппаратуры АБ,CSH,2023,4.0,"0,27ч",,,,
1,13066621,2023-10-22 10:32:00,Забайкальская,"ЗАБ, ШЧ-7","7шт 6,03ч","1шт 1,05ч","1шт 0,92ч",Неисправность элементов трансформаторов аппаратуры рельсовых цепей,CSH,2023,7.0,"6,03ч",1.0,"1,05ч",1.0,"0,92ч"
1,13066793,2023-10-22 13:40:00,Забайкальская,"ЗАБ, ШЧ-5","16шт (к учету 15) 15,92ч",,,Неисправность элементов дешифратора аппаратуры АБ,CSH,2023,15.0,"15,92ч",,,,
1,13067207,2023-10-23 04:48:00,Забайкальская,"ЗАБ, ШЧ-10","39шт 22,25ч","5шт 0,48ч",,Нарушение монтажа стативов для размещения схемы управления стрелкой,CSH,2023,39.0,"22,25ч",5.0,"0,48ч",,
2,13080259,2023-10-24 13:11:00,Забайкальская,"ЗАБ, ШЧ-15 (Р)","1шт 0,23ч","1шт 0,1ч",,Пробой элементов дешифратора аппаратуры АБ,CSH,2023,1.0,"0,23ч",1.0,"0,1ч",,
2,13070289,2023-10-25 15:07:00,Забайкальская,"ЗАБ, ШЧ-15 (Р)","1шт 0,65ч",,,"Неисправность элементов реле аппаратуры светофоров, указателей и полос",CSH,2023,1.0,"0,65ч",,,,
3,13070569,2023-10-25 21:00:00,Забайкальская,"ЗАБ, ШЧ-6","2шт 0,25ч",,,Механические повреждения сигнально-блокировочного металлического кабеля рельсовых цепей,CSH,2023,2.0,"0,25ч",,,,
1,13071702,2023-10-26 22:29:00,Забайкальская,"ЗАБ, ШЧ-6","21шт (к учету 14) 13,68ч","3шт 1,58ч",,Нарушение монтажа стативов для размещения устройств АБ,CSH,2023,14.0,"13,68ч",3.0,"1,58ч",,
2,13072074,2023-10-27 08:32:00,Забайкальская,"ЗАБ, ШЧ-16 (Р)",3шт 1ч,,,Короткое замыкание (пробой) элементов дешифратора аппаратуры АБ,CSH,2023,3.0,,,,,
2,13074481,2023-10-30 05:25:00,Забайкальская,"ЗАБ, ШЧ-10","11шт (к учету 9) 2,03ч",,,Другие неисправности АВМ рельсовых цепей,CSH,2023,9.0,"2,03ч",,,,
2,13075524,2023-10-31 03:44:00,Забайкальская,"ЗАБ, ШЧ-6","3шт 1,02ч",,,Искажение кодовых комбинаций трансмиттеров аппаратуры рельсовых цепей,CSH,2023,3.0,"1,02ч",,,,
2,13075769,2023-10-31 08:16:00,Забайкальская,"ЗАБ, ШЧ-5",,"2шт (к учету 1) 0,2ч",,Причина не установлена,CSH,2023,,,1.0,"0,2ч",,
1,12662607,2023-01-10 23:20:00,Забайкальская,"ЗАБ, ТЧЭ-3","10шт 4,6ч","3шт (к учету 2) 0,53ч",,"Ползун, выбоина на поверхности катания бандажа колесной пары локомотива, МВПС",CT,2023,10.0,"4,6ч",2.0,"0,53ч",,
1,12683678,2023-01-20 00:33:00,Забайкальская,"ЗАБ, ТЧЭ-11","27шт (к учету 26) 21,23ч","2шт 4,62ч","1шт 0,43ч",Неисправность корпуса автосцепки грузового вагона,CT,2023,26.0,"21,23ч",2.0,"4,62ч",1.0,"0,43ч"
2,12680144,2023-01-22 03:29:00,Забайкальская,"ЗАБ, ТЧЭ-5",,,"1шт 0,6ч",Прочая неисправность штуцера главного резервуара,CT,2023,,,,,1.0,"0,6ч"
2,12856668,2023-05-26 06:14:00,Забайкальская,"ЗАБ, ТЧЭ-9","9шт 3,6ч",,,Перекрытие изолирующего стыка рельсовой цепи,CT,2023,9.0,"3,6ч",,,,
2,12857010,2023-05-26 08:20:00,Забайкальская,"ЗАБ, ТЧЭ-9",,"9шт (к учету 7) 2,77ч","1шт 0,32ч",Отгорание питающего провода,CT,2023,,,7.0,"2,77ч",1.0,"0,32ч"
2,12886196,2023-06-14 06:13:00,Забайкальская,"ЗАБ, ТЧЭ-11","7шт 2,85ч",,,"Прочая неисправность плавкой вставки предохранителя, панели предохранителей",CT,2023,7.0,"2,85ч",,,,
1,12894097,2023-06-19 20:27:00,Забайкальская,"ЗАБ, ТЧЭ-1","1шт 1,17ч",,,"Ползун, выбоина на поверхности катания бандажа колесной пары локомотива, МВПС",CT,2023,1.0,"1,17ч",,,,
3,12897491,2023-06-22 05:10:00,Забайкальская,"ЗАБ, ТЧЭ-11",,,,"Прочая неисправность корпуса буксы локомотива, МВПС",CT,2023,,,,,,
2,12910395,2023-07-03 12:19:00,Забайкальская,"ЗАБ, ТЧЭ-11","2шт 0,67ч",,,Неисправность носимой части ТСКБМ-Н,CT,2023,2.0,"0,67ч",,,,
2,12910952,2023-07-03 22:10:00,Забайкальская,"ЗАБ, ТЧЭ-14","1шт 0,97ч",,,Прочая неисправность магистральной части воздухораспределителя,CT,2023,1.0,"0,97ч",,,,
3,12926954,2023-07-12 23:58:00,Забайкальская,"ЗАБ, ТЧЭ-5",,,,"Низкое сопротивление изоляции провода, кабеля низковольтных цепей и цепей управления",CT,2023,,,,,,
1,12936427,2023-07-20 10:42:00,Забайкальская,"ЗАБ, ТЧЭ-6",,"2шт 1,28ч",,"Прочая неисправность провода, кабеля низковольтных цепей и цепей управления",CT,2023,,,2.0,"1,28ч",,
2,12938134,2023-07-22 07:39:00,Забайкальская,"ЗАБ, ТЧЭ-11","8шт 3,77ч","1шт 0,18ч",,Прочая неисправность пружины тумблера,CT,2023,8.0,"3,77ч",1.0,"0,18ч",,
3,12940821,2023-07-25 01:10:00,Забайкальская,"ЗАБ, ТЧЭ-5",,,,Прочая неисправность обратного клапана топливной системы,CT,2023,,,,,,
1,12947387,2023-07-30 10:33:00,Забайкальская,"ЗАБ, ТЧЭ-9","6шт 4,52ч",,,Прочая неисправность корпуса форсунки топливной системы,CT,2023,6.0,"4,52ч",,,,
1,12981056,2023-08-22 13:42:00,Забайкальская,"ЗАБ, ТЧЭ-1","20шт 17,18ч","3шт (к учету 2) 1,07ч",,"неисправность локомотива, дизель-поезда, электропоезда",CT,2023,20.0,"17,18ч",2.0,"1,07ч",,
1,12981318,2023-08-22 20:50:00,Забайкальская,"ЗАБ, ТЧЭ-6","32шт 72,52ч",,"2шт (к учету 1) 0,27ч","Прочая неисправность бандажа колесной пары локомотива, МВПС",CT,2023,32.0,"72,52ч",,,1.0,"0,27ч"
2,13001915,2023-09-07 08:27:00,Забайкальская,"ЗАБ, ТЧЭ-1","10шт 8,38ч","11шт (к учету 5) 3,78ч","1шт 0,23ч",Прочая неисправность патрубков выпускного коллектора,CT,2023,10.0,"8,38ч",5.0,"3,78ч",1.0,"0,23ч"
1,13004285,2023-09-08 06:50:00,Забайкальская,"ЗАБ, ТЧЭ-11","31шт (к учету 19) 24,95ч",,,Износ полоза токоприемника,CT,2023,19.0,"24,95ч",,,,
2,13031636,2023-09-27 15:50:00,Забайкальская,"ЗАБ, ТЧЭ-6","4шт (к учету 3) 3,43ч","1шт 0,83ч",,Излом рамы токоприемника,CT,2023,3.0,"3,43ч",1.0,"0,83ч",,
2,13032072,2023-09-28 08:36:00,Забайкальская,"ЗАБ, ТЧЭ-3","2шт 0,73ч",,"2шт 0,22ч","Прочая неисправность рычага тормозной рычажной передачи локомотива, МВПС",CT,2023,2.0,"0,73ч",,,2.0,"0,22ч"
1,13042008,2023-10-04 19:15:00,Забайкальская,"ЗАБ, ТЧЭ-11","36шт (к учету 33) 39,48ч","12шт (к учету 11) 5,07ч","5шт (к учету 3) 1,5ч",Неисправность вставки токоприемника,CT,2023,33.0,"39,48ч",11.0,"5,07ч",3.0,"1,5ч"
2,12683986,2023-01-01 06:41:00,Забайкальская,"ЗАБ, ВЧДЭ-3 КАРЫМСКАЯ","1шт 0,25ч",,,Выщербина на ободе колеса грузового вагона,CV,2023,1.0,"0,25ч",,,,
2,12683984,2023-01-01 07:40:00,Забайкальская,"ЗАБ, ВЧДЭ-3 КАРЫМСКАЯ","1шт 0,25ч",,,Тонкий гребень колеса грузового вагона,CV,2023,1.0,"0,25ч",,,,
2,12649749,2023-01-01 19:55:00,Забайкальская,"КРАС, ВЧДЭ-8 АБАКАН","1шт 0,58ч",,,Выщербина на ободе колеса грузового вагона,CV,2023,1.0,"0,58ч",,,,
1,12649750,2023-01-01 21:40:00,Забайкальская,"КРАС, ВЧДЭ-7 КРАСНОЯРСК-ВОСТ","19шт 12,45ч",,,Выщербина на ободе колеса грузового вагона,CV,2023,19.0,"12,45ч",,,,
2,12650982,2023-01-02 19:42:00,Забайкальская,"В-СИБ, ВЧДЭ-10 УЛАН-УДЭ","1шт 0,88ч",,,Выпадение валика подвески тормозного подвешивания грузового вагона,CV,2023,1.0,"0,88ч",,,,
1,12652575,2023-01-06 10:34:00,Забайкальская,"ЗАБ, ВЧДЭ-3 КАРЫМСКАЯ","11шт (к учету 9) 8,75ч",,,Срыв корончатой гайки триангеля грузового вагона,CV,2023,9.0,"8,75ч",,,,
1,12666055,2023-01-09 03:22:00,Забайкальская,"КРАС, ВЧДЭ-7 КРАСНОЯРСК-ВОСТ","4шт (к учету 3) 3,95ч",,,Выщербина на ободе колеса грузового вагона,CV,2023,3.0,"3,95ч",,,,
2,12671286,2023-01-10 01:47:00,Забайкальская,"З-СИБ, ВЧД-4 ТАТАРСКАЯ","6шт 3,7ч",,,Неисправность концевого крана грузового вагона,CV,2023,6.0,"3,7ч",,,,
2,12694860,2023-01-11 07:00:00,Забайкальская,"ЗАБ, ВЧДЭ-7 БЕЛОГОРСК","1шт 0,42ч",,,Неправильная постановка маятниковой подвески грузового вагона,CV,2023,1.0,"0,42ч",,,,
1,12672794,2023-01-12 18:00:00,Забайкальская,"Д-ВОСТ, ВЧДЭ-1 ХАБАРОВСК",1шт 2ч,,,Завышение фрикционного клина гасителя колебаний относительно опорной поверхности надрессорной балки,CV,2023,1.0,,,,,
3,12670865,2023-01-13 21:36:00,Забайкальская,"ЗАБ, ВЧДЭ-7 БЕЛОГОРСК",,,,Неисправность воздухораспределителя грузового вагона,CV,2023,,,,,,
3,12673774,2023-01-17 04:30:00,Забайкальская,"ЗАБ, ВЧДЭ-7 БЕЛОГОРСК",,,,Разрегулирование рычажной передачи грузового вагона,CV,2023,,,,,,
1,12678523,2023-01-17 14:35:00,Забайкальская,"КРАС, ВЧДЭ-7 КРАСНОЯРСК-ВОСТ","1шт 2,17ч",,,Неравномерный прокат по кругу катания колеса грузового вагона выше нормы,CV,2023,1.0,"2,17ч",,,,
1,12678536,2023-01-17 19:17:00,Забайкальская,"КРАС, ВЧДЭ-7 КРАСНОЯРСК-ВОСТ","7шт (к учету 5) 5,2ч",,,Неравномерный прокат по кругу катания колеса грузового вагона выше нормы,CV,2023,5.0,"5,2ч",,,,
1,12676531,2023-01-18 05:12:00,Забайкальская,"ЗАБ, ВЧДЭ-6 МОГОЧА","1шт 3,03ч",,,Излом тягового хомута грузового вагона,CV,2023,1.0,"3,03ч",,,,
1,12681276,2023-01-19 23:49:00,Забайкальская,"КРАС, ВЧДЭ-7 КРАСНОЯРСК-ВОСТ","1шт 1,42ч",,,Неравномерный прокат по кругу катания колеса грузового вагона выше нормы,CV,2023,1.0,"1,42ч",,,,
1,12689967,2023-01-21 01:48:00,Забайкальская,"КРАС, ВЧДЭ-1 БОГОТОЛ","1шт 2,77ч",,,Грение буксы по внешним признакам,CV,2023,1.0,"2,77ч",,,,
2,12686465,2023-01-23 16:26:00,Забайкальская,"Д-ВОСТ, ВЧДЭ-1 ХАБАРОВСК","1шт 0,62ч",,,Выщербина на ободе колеса грузового вагона,CV,2023,1.0,"0,62ч",,,,
1,12686714,2023-01-24 04:47:00,Забайкальская,"КРАС, ВЧДЭ-7 КРАСНОЯРСК-ВОСТ","11шт 4,35ч",,,Выщербина на ободе колеса грузового вагона,CV,2023,11.0,"4,35ч",,,,
2,12684939,2023-01-25 20:45:00,Забайкальская,"ЗАБ, ВЧДЭ-7 БЕЛОГОРСК","1шт 0,92ч",,,Неправильная постановка маятниковой подвески грузового вагона,CV,2023,1.0,"0,92ч",,,,
1,12686345,2023-01-26 12:30:00,Забайкальская,"ЗАБ, ВЧДЭ-7 БЕЛОГОРСК","4шт 10,33ч",,,Износ опорной поверхности маятниковой подвески грузового вагона,CV,2023,4.0,"10,33ч",,,,
1,12686344,2023-01-26 13:25:00,Забайкальская,"ЗАБ, ВЧДЭ-7 БЕЛОГОРСК","2шт 2,1ч",,,Обрыв маятниковой подвески грузового вагона,CV,2023,2.0,"2,1ч",,,,
1,12687128,2023-01-27 12:19:00,Забайкальская,"ЗАБ, ВЧДЭ-7 БЕЛОГОРСК","3шт 1,68ч",,,Подтверждённые неисправности кассетных подшипников,CV,2023,3.0,"1,68ч",,,,
1,12696285,2023-02-04 08:00:00,Забайкальская,"ЗАБ, ВЧДЭ-7 БЕЛОГОРСК","6шт 2,97ч",,,Неисправность соеденительной муфты грузового вагона,CV,2023,6.0,"2,97ч",,,,
1,12701400,2023-02-08 02:50:00,Забайкальская,"ЗАБ, ВЧДЭ-3 КАРЫМСКАЯ","3шт 2,37ч",,,Другие причины,CV,2023,3.0,"2,37ч",,,,
1,12703964,2023-02-09 06:40:00,Забайкальская,"ЗАБ, ВЧДЭ-3 КАРЫМСКАЯ","19шт (к учету 12) 13,68ч",,,Другие причины,CV,2023,12.0,"13,68ч",,,,
1,12705374,2023-02-09 13:16:00,Забайкальская,"ЗАБ, ВЧДЭ-3 КАРЫМСКАЯ","1шт 2,57ч",,,Другие причины,CV,2023,1.0,"2,57ч",,,,
1,12705474,2023-02-09 14:34:00,Забайкальская,"ЗАБ, ВЧДЭ-3 КАРЫМСКАЯ","20шт (к учету 17) 19,58ч",,,Другие причины,CV,2023,17.0,"19,58ч",,,,
2,12707867,2023-02-11 13:10:00,Забайкальская,"ЗАБ, ВЧДЭ-7 БЕЛОГОРСК","3шт 0,88ч",,,Ослабление (разрушение) торцевого крепления,CV,2023,3.0,"0,88ч",,,,
1,12708766,2023-02-12 22:35:00,Забайкальская,"ЗАБ, ВЧДЭ-7 БЕЛОГОРСК","1шт 1,02ч",,,Выщербина на ободе колеса грузового вагона,CV,2023,1.0,"1,02ч",,,,
3,12710285,2023-02-13 23:43:00,Забайкальская,"ЗАБ, ВЧДЭ-6 МОГОЧА",,,,Неисправность торцевого крепления подшипника буксы грузового вагона,CV,2023,,,,,,
1,12711620,2023-02-14 15:45:00,Забайкальская,"ЗАБ, ВЧДЭ-3 КАРЫМСКАЯ","5шт 4,8ч",,,Другие причины,CV,2023,5.0,"4,8ч",,,,
2,12714862,2023-02-15 19:30:00,Забайкальская,"В-СИБ, ВЧДЭ-10 УЛАН-УДЭ","1шт 0,83ч",,,Неотрегулированность выхода штока тормозного цилиндра грузового вагона,CV,2023,1.0,"0,83ч",,,,
2,12715545,2023-02-17 22:50:00,Забайкальская,"ЗАБ, ВЧДЭ-3 КАРЫМСКАЯ","1шт 0,5ч",,,Выщербина на ободе колеса грузового вагона,CV,2023,1.0,"0,5ч",,,,
2,12719268,2023-02-18 19:20:00,Забайкальская,"КРАС, ВЧДЭ-7 КРАСНОЯРСК-ВОСТ","1шт 0,5ч","1шт 0,28ч",,Выщербина на ободе колеса грузового вагона,CV,2023,1.0,"0,5ч",1.0,"0,28ч",,
1,12741853,2023-02-19 14:11:00,Забайкальская,"ЗАБ, ВЧДЭ-3 КАРЫМСКАЯ","1шт 2,25ч",,,Несоответствие зазоров скользуна грузового вагона,CV,2023,1.0,"2,25ч",,,,
1,12718281,2023-02-21 07:08:00,Забайкальская,"ЗАБ, ВЧДЭ-3 КАРЫМСКАЯ","7шт (к учету 6) 3,3ч",,,Неравномерный прокат по кругу катания колеса грузового вагона выше нормы,CV,2023,6.0,"3,3ч",,,,
2,12719768,2023-02-22 10:00:00,Забайкальская,"ЗАБ, ВЧДЭ-7 БЕЛОГОРСК","1шт 0,57ч","1шт 0,17ч",,Завар тормозного башмака грузового вагона,CV,2023,1.0,"0,57ч",1.0,"0,17ч",,
1,12723445,2023-02-23 04:32:00,Забайкальская,"КРАС, ВЧДЭ-7 КРАСНОЯРСК-ВОСТ","2шт 2,63ч",,,Несоответствие зазоров скользуна грузового вагона,CV,2023,2.0,"2,63ч",,,,
1,12741851,2023-02-26 05:08:00,Забайкальская,"ЗАБ, ВЧДЭ-3 КАРЫМСКАЯ","1шт 2,5ч",,,Разрушение деталей подшипника грузового вагона,CV,2023,1.0,"2,5ч",,,,
1,12722824,2023-02-26 16:04:00,Забайкальская,"ЗАБ, ВЧДЭ-3 КАРЫМСКАЯ","1шт 1,93ч",,,Неравномерный прокат по кругу катания колеса грузового вагона выше нормы,CV,2023,1.0,"1,93ч",,,,
1,12723727,2023-02-27 12:57:00,Забайкальская,"ЗАБ, ВЧДЭ-3 КАРЫМСКАЯ","4шт 1,73ч","1шт 0,12ч",,Неравномерный прокат по кругу катания колеса грузового вагона выше нормы,CV,2023,4.0,"1,73ч",1.0,"0,12ч",,
1,12724901,2023-02-28 17:10:00,Забайкальская,"ЗАБ, ВЧДЭ-6 МОГОЧА","13шт (к учету 12) 8,48ч",,,Изгиб или излом триангеля грузового вагона,CV,2023,12.0,"8,48ч",,,,
1,12726814,2023-03-02 02:55:00,Забайкальская,"ЗАБ, ВЧДЭ-3 КАРЫМСКАЯ",1шт 2ч,,,Неравномерный прокат по кругу катания колеса грузового вагона выше нормы,CV,2023,1.0,,,,,
2,12733276,2023-03-07 00:17:00,Забайкальская,"ЗАБ, ВЧДЭ-3 КАРЫМСКАЯ","1шт 0,25ч",,,Неисправность соеденительной муфты грузового вагона,CV,2023,1.0,"0,25ч",,,,
3,12733543,2023-03-07 05:05:00,Забайкальская,"ЗАБ, ВЧДЭ-3 КАРЫМСКАЯ",,,,Неисправность воздухораспределителя грузового вагона,CV,2023,,,,,,
2,12737838,2023-03-09 17:25:00,Забайкальская,"ЗАБ, ВЧДЭ-3 КАРЫМСКАЯ","1шт 0,75ч",,,Неисправность воздухораспределителя грузового вагона,CV,2023,1.0,"0,75ч",,,,
2,12740565,2023-03-11 18:58:00,Забайкальская,"ЗАБ, ВЧДЭ-7 БЕЛОГОРСК","1шт 0,45ч",,,Неплотность тормозной магистрали грузового вагона,CV,2023,1.0,"0,45ч",,,,
2,12746976,2023-03-14 14:07:00,Забайкальская,"КРАС, ВЧДЭ-7 КРАСНОЯРСК-ВОСТ","1шт 0,7ч",,,Разрегулирование рычажной передачи грузового вагона,CV,2023,1.0,"0,7ч",,,,
2,12747657,2023-03-16 12:20:00,Забайкальская,"ЗАБ, ВЧДЭ-7 БЕЛОГОРСК","2шт 0,53ч",,,Неисправность концевого крана грузового вагона,CV,2023,2.0,"0,53ч",,,,
1,12748680,2023-03-16 21:41:00,Забайкальская,"КРАС, ВЧДЭ-7 КРАСНОЯРСК-ВОСТ","6шт (к учету 5) 4,28ч",,,Неравномерный прокат по кругу катания колеса грузового вагона выше нормы,CV,2023,5.0,"4,28ч",,,,
2,12750647,2023-03-19 19:40:00,Забайкальская,"ЗАБ, ВЧДЭ-7 БЕЛОГОРСК","1шт 0,95ч",,,Тонкий гребень колеса грузового вагона,CV,2023,1.0,"0,95ч",,,,
2,12757234,2023-03-20 13:20:00,Забайкальская,"КРАС, ВЧДЭ-7 КРАСНОЯРСК-ВОСТ","11шт (к учету 8) 3,83ч",,,Выщербина на ободе колеса грузового вагона,CV,2023,8.0,"3,83ч",,,,
2,12757183,2023-03-20 19:18:00,Забайкальская,"В-СИБ, ВЧДЭ-10 УЛАН-УДЭ","9шт 3,33ч",,,Неравномерный прокат по кругу катания колеса грузового вагона выше нормы,CV,2023,9.0,"3,33ч",,,,
2,12755238,2023-03-23 05:30:00,Забайкальская,"ЗАБ, ВЧДЭ-3 КАРЫМСКАЯ","3шт 1,03ч",,,Тонкий гребень колеса грузового вагона,CV,2023,3.0,"1,03ч",,,,
2,12756898,2023-03-23 19:13:00,Забайкальская,"В-СИБ, ВЧДЭ-10 УЛАН-УДЭ","1шт 0,98ч",,,Несоответствие зазоров скользуна грузового вагона,CV,2023,1.0,"0,98ч",,,,
2,12760909,2023-03-24 00:59:00,Забайкальская,"В-СИБ, ВЧДЭ-10 УЛАН-УДЭ","1шт 0,25ч",,,Неравномерный прокат по кругу катания колеса грузового вагона выше нормы,CV,2023,1.0,"0,25ч",,,,
2,12760641,2023-03-24 08:20:00,Забайкальская,"КРАС, ВЧДЭ-7 КРАСНОЯРСК-ВОСТ","4шт 1,18ч",,,Выщербина на ободе колеса грузового вагона,CV,2023,4.0,"1,18ч",,,,
2,12759414,2023-03-25 13:25:00,Забайкальская,"В-СИБ, ВЧДЭ-10 УЛАН-УДЭ","1шт 0,25ч",,,Неравномерный прокат по кругу катания колеса грузового вагона выше нормы,CV,2023,1.0,"0,25ч",,,,
2,12758166,2023-03-25 13:33:00,Забайкальская,"ЗАБ, ВЧДЭ-7 БЕЛОГОРСК","1шт 0,5ч",,,Выброс смазки из буксы грузового вагона,CV,2023,1.0,"0,5ч",,,,
2,12758420,2023-03-25 22:22:00,Забайкальская,"ЗАБ, ВЧДЭ-7 БЕЛОГОРСК","1шт 0,62ч",,,Обрыв (излом) трубы магистрали воздухопровода и подводящих труб,CV,2023,1.0,"0,62ч",,,,
2,12784483,2023-03-27 17:31:00,Забайкальская,"ЗАБ, ВЧДЭ-3 КАРЫМСКАЯ","1шт 0,25ч",,,Тонкий гребень колеса грузового вагона,CV,2023,1.0,"0,25ч",,,,
1,12765356,2023-03-30 22:40:00,Забайкальская,"ЗАБ, ВЧДЭ-7 БЕЛОГОРСК",2шт (к учету 1) 3ч,,,Технологический нагрев буксового узла,CV,2023,1.0,,,,,
2,12773190,2023-04-03 03:13:00,Забайкальская,"Д-ВОСТ, ВЧДЭ-1 ХАБАРОВСК","1шт 0,47ч",,,Неравномерный прокат по кругу катания колеса грузового вагона выше нормы,CV,2023,1.0,"0,47ч",,,,
2,12770357,2023-04-03 04:18:00,Забайкальская,"В-СИБ, ВЧДЭ-10 УЛАН-УДЭ","1шт 0,47ч",,,Разрегулирование рычажной передачи грузового вагона,CV,2023,1.0,"0,47ч",,,,
2,12770331,2023-04-04 03:05:00,Забайкальская,"ЗАБ, ВЧДЭ-7 БЕЛОГОРСК","1шт 0,67ч",,,Выщербина на ободе колеса грузового вагона,CV,2023,1.0,"0,67ч",,,,
2,12770581,2023-04-04 04:20:00,Забайкальская,"ЗАБ, ВЧДЭ-7 БЕЛОГОРСК","3шт 0,72ч",,,Излом колпака скользуна грузового вагона,CV,2023,3.0,"0,72ч",,,,
1,12776873,2023-04-04 06:48:00,Забайкальская,"Д-ВОСТ, ВЧДЭ-1 ХАБАРОВСК","5шт 4,25ч",,,Тонкий гребень колеса грузового вагона,CV,2023,5.0,"4,25ч",,,,
2,12781506,2023-04-06 11:58:00,Забайкальская,"КРАС, ВЧДЭ-7 КРАСНОЯРСК-ВОСТ","1шт 0,67ч",,,Тонкий гребень колеса грузового вагона,CV,2023,1.0,"0,67ч",,,,
1,12781324,2023-04-08 15:00:00,Забайкальская,"ЗАБ, ВЧДЭ-7 БЕЛОГОРСК",1шт 2ч,,,Завышение фрикционного клина гасителя колебаний относительно опорной поверхности надрессорной балки,CV,2023,1.0,,,,,
1,12789245,2023-04-12 18:26:00,Забайкальская,"ЗАБ, ВЧДЭ-7 БЕЛОГОРСК","1шт 1,97ч",,,Обрыв маятниковой подвески грузового вагона,CV,2023,1.0,"1,97ч",,,,
2,12795277,2023-04-14 13:26:00,Забайкальская,"В-СИБ, ВЧДЭ-10 УЛАН-УДЭ","1шт 0,25ч",,,Неравномерный прокат по кругу катания колеса грузового вагона выше нормы,CV,2023,1.0,"0,25ч",,,,
2,12796593,2023-04-15 17:00:00,Забайкальская,"Д-ВОСТ, ВЧДЭ-1 ХАБАРОВСК","1шт 0,67ч",,,Несоответствие зазоров скользуна грузового вагона,CV,2023,1.0,"0,67ч",,,,
3,12796595,2023-04-15 23:50:00,Забайкальская,"КРАС, ВЧДЭ-7 КРАСНОЯРСК-ВОСТ",,,,Тонкий гребень колеса грузового вагона,CV,2023,,,,,,
3,12793785,2023-04-16 00:38:00,Забайкальская,"ЗАБ, ВЧДЭ-3 КАРЫМСКАЯ",,,,Неисправность тройника воздухопровода тормозной магистрали,CV,2023,,,,,,
3,12794141,2023-04-16 09:30:00,Забайкальская,"ЗАБ, ВЧДЭ-7 БЕЛОГОРСК",,,,Трещина (излом) надрессорной балки,CV,2023,,,,,,
3,12810717,2023-04-17 12:15:00,Забайкальская,"ЗАБ, ВЧДЭ-3 КАРЫМСКАЯ","1шт 0,03ч",,,Неисправность магистральной части воздухораспределителя,CV,2023,1.0,"0,03ч",,,,
1,12801571,2023-04-18 03:03:00,Забайкальская,"КРАС, ВЧДЭ-7 КРАСНОЯРСК-ВОСТ","1шт 1,43ч",,,Выщербина на ободе колеса грузового вагона,CV,2023,1.0,"1,43ч",,,,
1,12801593,2023-04-18 07:50:00,Забайкальская,"КРАС, ВЧДЭ-8 АБАКАН","1шт 1,25ч",,,Выщербина на ободе колеса грузового вагона,CV,2023,1.0,"1,25ч",,,,
2,12797840,2023-04-19 01:04:00,Забайкальская,"ЗАБ, ВЧДЭ-7 БЕЛОГОРСК","1шт 0,83ч",,,Трещина (излом) надрессорной балки,CV,2023,1.0,"0,83ч",,,,
3,12810723,2023-04-20 01:05:00,Забайкальская,"ЗАБ, ВЧДЭ-3 КАРЫМСКАЯ","1шт 0,03ч",,,Неисправность магистральной части воздухораспределителя,CV,2023,1.0,"0,03ч",,,,
3,12801005,2023-04-20 16:13:00,Забайкальская,"ЗАБ, ВЧДЭ-3 КАРЫМСКАЯ",,,,Неисправность соеденительной муфты грузового вагона,CV,2023,,,,,,
3,12802230,2023-04-21 12:37:00,Забайкальская,"ЗАБ, ВЧДЭ-3 КАРЫМСКАЯ",,,,Неисправность воздухораспределителя грузового вагона,CV,2023,,,,,,
1,12802902,2023-04-22 01:20:00,Забайкальская,"ЗАБ, ВЧДЭ-7 БЕЛОГОРСК","5шт 6,8ч",,,Ослабление крепления труб воздухопровода и тормозных приборов грузового вагона,CV,2023,5.0,"6,8ч",,,,
2,12807422,2023-04-22 04:45:00,Забайкальская,"КРАС, ВЧДЭ-7 КРАСНОЯРСК-ВОСТ","1шт 0,67ч",,,Выщербина на ободе колеса грузового вагона,CV,2023,1.0,"0,67ч",,,,
3,12808493,2023-04-22 20:04:00,Забайкальская,"В-СИБ, ВЧДЭ-10 УЛАН-УДЭ","1шт 0,12ч",,,Неравномерный прокат по кругу катания колеса грузового вагона выше нормы,CV,2023,1.0,"0,12ч",,,,
3,12808465,2023-04-24 00:03:00,Забайкальская,"КРАС, ВЧДЭ-7 КРАСНОЯРСК-ВОСТ",,,,Излом рычагов и тормозных тяг грузового вагона,CV,2023,,,,,,
3,12811682,2023-04-27 16:07:00,Забайкальская,"ЗАБ, ВЧДЭ-3 КАРЫМСКАЯ",,,,Грение буксы по внешним признакам,CV,2023,,,,,,
1,12820958,2023-05-03 18:18:00,Забайкальская,"ЗАБ, ВЧДЭ-7 БЕЛОГОРСК","1шт 3,12ч",,,Наличие зазора между колпаком и ответной частью скользуна постоянного контакта,CV,2023,1.0,"3,12ч",,,,
2,12830050,2023-05-06 09:52:00,Забайкальская,"КРАС, ВЧДЭ-7 КРАСНОЯРСК-ВОСТ","1шт 0,67ч",,,Тонкий гребень колеса грузового вагона,CV,2023,1.0,"0,67ч",,,,
2,12835897,2023-05-10 02:40:00,Забайкальская,"Д-ВОСТ, ВЧДЭ-1 ХАБАРОВСК","1шт 0,25ч",,,Выщербина на ободе колеса грузового вагона,CV,2023,1.0,"0,25ч",,,,
1,12835716,2023-05-11 02:54:00,Забайкальская,"Д-ВОСТ, ВЧДЭ-10 КОМСОМОЛЬСК","1шт 1,05ч",,,Тонкий гребень колеса грузового вагона,CV,2023,1.0,"1,05ч",,,,
2,12835845,2023-05-11 11:37:00,Забайкальская,"КРАС, ВЧДЭ-7 КРАСНОЯРСК-ВОСТ","1шт 0,67ч",,,Тонкий гребень колеса грузового вагона,CV,2023,1.0,"0,67ч",,,,
2,12839180,2023-05-12 15:49:00,Забайкальская,"КРАС, ВЧДЭ-7 КРАСНОЯРСК-ВОСТ","1шт 0,67ч",,,Тонкий гребень колеса грузового вагона,CV,2023,1.0,"0,67ч",,,,
1,12841224,2023-05-13 01:43:00,Забайкальская,"КРАС, ВЧДЭ-7 КРАСНОЯРСК-ВОСТ","2шт (к учету 1) 4,03ч",,,Тонкий гребень колеса грузового вагона,CV,2023,1.0,"4,03ч",,,,
3,12841213,2023-05-15 19:12:00,Забайкальская,"КРАС, ВЧДЭ-8 АБАКАН",,,,Обрыв сварного шва стойки кузова грузового вагона,CV,2023,,,,,,
1,12840770,2023-05-15 20:50:00,Забайкальская,"ЗАБ, ВЧДЭ-3 КАРЫМСКАЯ","4шт 4,43ч",,,Тонкий гребень колеса грузового вагона,CV,2023,4.0,"4,43ч",,,,
2,12840776,2023-05-15 21:10:00,Забайкальская,"ЗАБ, ВЧДЭ-3 КАРЫМСКАЯ","4шт 1,1ч",,,Тонкий гребень колеса грузового вагона,CV,2023,4.0,"1,1ч",,,,
3,12842936,2023-05-16 11:12:00,Забайкальская,"З-СИБ, ВЧДЭ-25 НОВОКУЗНЕЦК",,,,Неисправность запора люка грузового вагона,CV,2023,,,,,,
2,12846352,2023-05-16 15:05:00,Забайкальская,"Д-ВОСТ, ВЧДЭ-10 КОМСОМОЛЬСК","1шт 0,58ч",,,Тонкий гребень колеса грузового вагона,CV,2023,1.0,"0,58ч",,,,
2,12846796,2023-05-17 03:58:00,Забайкальская,"КРАС, ВЧДЭ-8 АБАКАН","1шт 0,67ч",,,Кольцевая выработка поверхности катания колеса грузового вагона,CV,2023,1.0,"0,67ч",,,,
2,12843504,2023-05-17 11:32:00,Забайкальская,"ЗАБ, ВЧДЭ-7 БЕЛОГОРСК","1шт 0,67ч",,,Несоответствие зазоров скользуна грузового вагона,CV,2023,1.0,"0,67ч",,,,
2,12850079,2023-05-20 04:37:00,Забайкальская,"ЗАБ, ВЧДЭ-7 БЕЛОГОРСК","1шт 0,58ч",,,Обрыв маятниковой подвески грузового вагона,CV,2023,1.0,"0,58ч",,,,
1,12852305,2023-05-23 08:01:00,Забайкальская,"ЗАБ, ВЧДЭ-13 БОРЗЯ","1шт 1,73ч",,,Выщербина на ободе колеса грузового вагона,CV,2023,1.0,"1,73ч",,,,
3,12853041,2023-05-23 23:41:00,Забайкальская,"ЗАБ, ВЧДЭ-3 КАРЫМСКАЯ",,,,Грение буксы по внешним признакам,CV,2023,,,,,,
3,12857869,2023-05-24 01:42:00,Забайкальская,"В-СИБ, ВЧДЭ-10 УЛАН-УДЭ",,,,Излом рычагов и тормозных тяг грузового вагона,CV,2023,,,,,,
2,12856788,2023-05-25 06:20:00,Забайкальская,"Д-ВОСТ, ВЧДЭ-1 ХАБАРОВСК","11шт 5,4ч",,,Повреждение пола грузового вагона,CV,2023,11.0,"5,4ч",,,,
2,12857009,2023-05-26 07:55:00,Забайкальская,"ЗАБ, ВЧДЭ-7 БЕЛОГОРСК","3шт 0,85ч",,,Отгиб опорной площадки упора крышки люка,CV,2023,3.0,"0,85ч",,,,
2,12861314,2023-05-26 08:20:00,Забайкальская,"Д-ВОСТ, ВЧДЭ-1 ХАБАРОВСК","1шт 0,67ч",,,Тонкий гребень колеса грузового вагона,CV,2023,1.0,"0,67ч",,,,
1,12858877,2023-05-28 12:20:00,Забайкальская,"ЗАБ, ВЧДЭ-7 БЕЛОГОРСК","1шт 2,03ч",,,Тонкий гребень колеса грузового вагона,CV,2023,1.0,"2,03ч",,,,
3,12861298,2023-05-30 12:26:00,Забайкальская,"ЗАБ, ВЧДЭ-3 КАРЫМСКАЯ",,,,Неисправность воздухораспределителя грузового вагона,CV,2023,,,,,,
2,12864928,2023-05-30 15:30:00,Забайкальская,"Д-ВОСТ, ВЧДЭ-1 ХАБАРОВСК","2шт 1,07ч",,,Выщербина на ободе колеса грузового вагона,CV,2023,2.0,"1,07ч",,,,
2,12870299,2023-06-02 00:15:00,Забайкальская,"КРАС, ВЧДЭ-7 КРАСНОЯРСК-ВОСТ","1шт 0,67ч",,,Несоответствие зазоров скользуна грузового вагона,CV,2023,1.0,"0,67ч",,,,
2,12871142,2023-06-03 15:30:00,Забайкальская,"В-СИБ, ВЧДЭ-10 УЛАН-УДЭ","1шт 0,67ч",,,Излом рычага рычажной передачи грузового вагона,CV,2023,1.0,"0,67ч",,,,
2,12867420,2023-06-04 00:00:00,Забайкальская,"ЗАБ, ВЧДЭ-7 БЕЛОГОРСК","1шт 0,65ч",,,Тонкий гребень колеса грузового вагона,CV,2023,1.0,"0,65ч",,,,
3,12872716,2023-06-05 02:12:00,Забайкальская,"Д-ВОСТ, ВЧДЭ-1 ХАБАРОВСК",,,,Неправильное включение режима воздухораспределителя,CV,2023,,,,,,
2,12870878,2023-06-06 08:13:00,Забайкальская,"ЗАБ, ВЧДЭ-3 КАРЫМСКАЯ","1шт 0,67ч",,,Трещина боковины (рамы) тележки грузового вагона,CV,2023,1.0,"0,67ч",,,,
2,12878667,2023-06-06 08:13:00,Забайкальская,"Д-ВОСТ, ВЧДЭ-1 ХАБАРОВСК","2шт 0,68ч",,,Выщербина на ободе колеса грузового вагона,CV,2023,2.0,"0,68ч",,,,
2,12880906,2023-06-07 03:16:00,Забайкальская,"КРАС, ВЧДЭ-7 КРАСНОЯРСК-ВОСТ","1шт 0,65ч",,,Тонкий гребень колеса грузового вагона,CV,2023,1.0,"0,65ч",,,,
2,12880896,2023-06-07 04:30:00,Забайкальская,"КРАС, ВЧДЭ-7 КРАСНОЯРСК-ВОСТ","2шт 0,93ч",,,Тонкий гребень колеса грузового вагона,CV,2023,2.0,"0,93ч",,,,
3,12876224,2023-06-08 00:29:00,Забайкальская,"ЗАБ, ВЧДЭ-3 КАРЫМСКАЯ",,,,Тонкий гребень колеса грузового вагона,CV,2023,,,,,,
2,12882630,2023-06-08 10:33:00,Забайкальская,"В-СИБ, ВЧДЭ-10 УЛАН-УДЭ","2шт 0,92ч",,,Излом рычагов и тормозных тяг грузового вагона,CV,2023,2.0,"0,92ч",,,,
2,12884680,2023-06-09 11:40:00,Забайкальская,"КРАС, ВЧДЭ-7 КРАСНОЯРСК-ВОСТ","1шт 0,33ч",,,Тонкий гребень колеса грузового вагона,CV,2023,1.0,"0,33ч",,,,
3,12883309,2023-06-12 06:27:00,Забайкальская,"ЗАБ, ВЧДЭ-7 БЕЛОГОРСК",,,,Неисправность авторегулятора рычажной передачи грузового вагона,CV,2023,,,,,,
1,12888839,2023-06-12 17:05:00,Забайкальская,"Д-ВОСТ, ВЧДЭ-1 ХАБАРОВСК","1шт 1,33ч",,,Тонкий гребень колеса грузового вагона,CV,2023,1.0,"1,33ч",,,,
2,12890362,2023-06-13 07:40:00,Забайкальская,"В-СИБ, ВЧДЭ-10 УЛАН-УДЭ","1шт 0,77ч",,,Тонкий гребень колеса грузового вагона,CV,2023,1.0,"0,77ч",,,,
2,12890488,2023-06-14 01:19:00,Забайкальская,"Д-ВОСТ, ВЧДЭ-1 ХАБАРОВСК","1шт 0,6ч",,"2шт (к учету 1) 0,5ч",Кольцевая выработка поверхности катания колеса грузового вагона,CV,2023,1.0,"0,6ч",,,1.0,"0,5ч"
2,12887856,2023-06-14 19:36:00,Забайкальская,"ЗАБ, ВЧДЭ-7 БЕЛОГОРСК","1шт 0,67ч",,,Тонкий гребень колеса грузового вагона,CV,2023,1.0,"0,67ч",,,,
1,12890129,2023-06-16 06:34:00,Забайкальская,"ЗАБ, ВЧДЭ-7 БЕЛОГОРСК","1шт 2,35ч",,,Выщербина на ободе колеса грузового вагона,CV,2023,1.0,"2,35ч",,,,
3,12897820,2023-06-18 03:46:00,Забайкальская,"В-СИБ, ВЧДЭ-10 УЛАН-УДЭ",,,,Неравномерный прокат по кругу катания колеса грузового вагона выше нормы,CV,2023,,,,,,
2,12897239,2023-06-18 04:50:00,Забайкальская,"Д-ВОСТ, ВЧДЭ-1 ХАБАРОВСК","2шт 0,83ч",,,Несоответствие зазоров скользуна грузового вагона,CV,2023,2.0,"0,83ч",,,,
1,12894713,2023-06-20 07:53:00,Забайкальская,"ЗАБ, ВЧДЭ-7 БЕЛОГОРСК","1шт 2,25ч",,,Тонкий гребень колеса грузового вагона,CV,2023,1.0,"2,25ч",,,,
1,12900256,2023-06-21 04:53:00,Забайкальская,"Д-ВОСТ, ВЧДЭ-1 ХАБАРОВСК","1шт 1,57ч",,,Завышение фрикционного клина гасителя колебаний относительно опорной поверхности надрессорной балки,CV,2023,1.0,"1,57ч",,,,
2,12897434,2023-06-22 06:02:00,Забайкальская,"ЗАБ, ВЧДЭ-7 БЕЛОГОРСК","1шт 0,65ч",,,Провисание автосцепки грузового вагона,CV,2023,1.0,"0,65ч",,,,
2,12901130,2023-06-22 07:52:00,Забайкальская,"КРАС, ВЧДЭ-7 КРАСНОЯРСК-ВОСТ","1шт 0,67ч",,,Тонкий гребень колеса грузового вагона,CV,2023,1.0,"0,67ч",,,,
2,12900399,2023-06-24 09:29:00,Забайкальская,"ЗАБ, ВЧДЭ-3 КАРЫМСКАЯ","1шт 0,65ч",,,Тонкий гребень колеса грузового вагона,CV,2023,1.0,"0,65ч",,,,
2,12900401,2023-06-24 11:28:00,Забайкальская,"ЗАБ, ВЧДЭ-3 КАРЫМСКАЯ","1шт 0,42ч",,,Тонкий гребень колеса грузового вагона,CV,2023,1.0,"0,42ч",,,,
2,12901448,2023-06-25 20:16:00,Забайкальская,"ЗАБ, ВЧДЭ-3 КАРЫМСКАЯ","1шт 0,27ч",,,Неисправность воздухораспределителя грузового вагона,CV,2023,1.0,"0,27ч",,,,
2,12903621,2023-06-27 03:46:00,Забайкальская,"ЗАБ, ВЧДЭ-7 БЕЛОГОРСК","1шт 0,83ч",,,Неплотность тормозной магистрали грузового вагона,CV,2023,1.0,"0,83ч",,,,
2,12906155,2023-06-27 10:34:00,Забайкальская,"В-СИБ, ВЧДЭ-10 УЛАН-УДЭ","1шт 0,7ч",,,Тонкий гребень колеса грузового вагона,CV,2023,1.0,"0,7ч",,,,
1,12906940,2023-06-27 20:27:00,Забайкальская,"Д-ВОСТ, ВЧДЭ-1 ХАБАРОВСК","2шт (к учету 1) 3,9ч",,,Несоответствие зазоров скользуна грузового вагона,CV,2023,1.0,"3,9ч",,,,
3,12905378,2023-06-28 18:36:00,Забайкальская,"ЗАБ, ВЧДЭ-3 КАРЫМСКАЯ",,,,Неравномерный прокат по кругу катания колеса грузового вагона выше нормы,CV,2023,,,,,,
1,12913372,2023-07-01 07:15:00,Забайкальская,"Д-ВОСТ, ВЧДЭ-1 ХАБАРОВСК",1шт 1ч,,,Тонкий гребень колеса грузового вагона,CV,2023,1.0,,,,,
1,12914994,2023-07-01 21:36:00,Забайкальская,"Д-ВОСТ, ВЧДЭ-1 ХАБАРОВСК","4шт 4,3ч",,,Тонкий гребень колеса грузового вагона,CV,2023,4.0,"4,3ч",,,,
1,12909454,2023-07-03 04:41:00,Забайкальская,"ЗАБ, ВЧДЭ-3 КАРЫМСКАЯ","1шт 1,87ч",,,Тонкий гребень колеса грузового вагона,CV,2023,1.0,"1,87ч",,,,
1,12915856,2023-07-03 06:17:00,Забайкальская,"Д-ВОСТ, ВЧДЭ-1 ХАБАРОВСК","1шт 3,88ч",,,Тонкий гребень колеса грузового вагона,CV,2023,1.0,"3,88ч",,,,
3,12913534,2023-07-03 09:00:00,Забайкальская,"Д-ВОСТ, ВЧДЭ-1 ХАБАРОВСК",,,,Тонкий гребень колеса грузового вагона,CV,2023,,,,,,
2,12916025,2023-07-03 17:41:00,Забайкальская,"Д-ВОСТ, ВЧДЭ-1 ХАБАРОВСК","1шт 0,67ч",,,Излом рычага рычажной передачи грузового вагона,CV,2023,1.0,"0,67ч",,,,
2,12918601,2023-07-04 21:34:00,Забайкальская,"КРАС, ВЧДЭ-7 КРАСНОЯРСК-ВОСТ","1шт 0,67ч",,,Тонкий гребень колеса грузового вагона,CV,2023,1.0,"0,67ч",,,,
1,12912744,2023-07-05 00:05:00,Забайкальская,"ЗАБ, ВЧДЭ-7 БЕЛОГОРСК","5шт 2,7ч",,,Неравномерный прокат по кругу катания колеса грузового вагона выше нормы,CV,2023,5.0,"2,7ч",,,,
2,12920665,2023-07-05 05:02:00,Забайкальская,"Д-ВОСТ, ВЧДЭ-1 ХАБАРОВСК","1шт 0,65ч",,,Тонкий гребень колеса грузового вагона,CV,2023,1.0,"0,65ч",,,,
1,12920681,2023-07-05 07:10:00,Забайкальская,"Д-ВОСТ, ВЧДЭ-1 ХАБАРОВСК",1шт 1ч,,,Тонкий гребень колеса грузового вагона,CV,2023,1.0,,,,,
2,12913576,2023-07-05 10:20:00,Забайкальская,"ЗАБ, ВЧДЭ-7 БЕЛОГОРСК","1шт 0,25ч",,,Неисправность корпуса автосцепки грузового вагона,CV,2023,1.0,"0,25ч",,,,
1,12921872,2023-07-07 02:06:00,Забайкальская,"КРАС, ВЧДЭ-7 КРАСНОЯРСК-ВОСТ","1шт 1,02ч",,,Тонкий гребень колеса грузового вагона,CV,2023,1.0,"1,02ч",,,,
1,12925261,2023-07-08 07:56:00,Забайкальская,"Д-ВОСТ, ВЧДЭ-1 ХАБАРОВСК","1шт 2,48ч",,,Тонкий гребень колеса грузового вагона,CV,2023,1.0,"2,48ч",,,,
3,12923817,2023-07-08 19:40:00,Забайкальская,"Д-ВОСТ, ВЧДЭ-1 ХАБАРОВСК",,,,Тонкий гребень колеса грузового вагона,CV,2023,,,,,,
1,12923859,2023-07-08 20:20:00,Забайкальская,"Д-ВОСТ, ВЧДЭ-1 ХАБАРОВСК","8шт 7,6ч","1шт 0,42ч",,Тонкий гребень колеса грузового вагона,CV,2023,8.0,"7,6ч",1.0,"0,42ч",,
2,12936868,2023-07-11 12:15:00,Забайкальская,"КРАС, ВЧДЭ-1 БОГОТОЛ","1шт 0,38ч",,,Ослабление крепления смотровой крышки грузового вагона,CV,2023,1.0,"0,38ч",,,,
2,12929509,2023-07-11 17:52:00,Забайкальская,"КРАС, ВЧДЭ-7 КРАСНОЯРСК-ВОСТ","6шт 2,27ч",,,Тонкий гребень колеса грузового вагона,CV,2023,6.0,"2,27ч",,,,
2,12925039,2023-07-12 03:15:00,Забайкальская,"ЗАБ, ВЧДЭ-7 БЕЛОГОРСК","3шт 0,72ч",,,Тонкий гребень колеса грузового вагона,CV,2023,3.0,"0,72ч",,,,
2,12931963,2023-07-13 03:50:00,Забайкальская,"В-СИБ, ВЧДЭ-10 УЛАН-УДЭ","1шт 0,62ч",,,Тонкий гребень колеса грузового вагона,CV,2023,1.0,"0,62ч",,,,
1,12933441,2023-07-14 22:33:00,Забайкальская,"Д-ВОСТ, ВЧДЭ-1 ХАБАРОВСК","1шт 1,4ч",,,Тонкий гребень колеса грузового вагона,CV,2023,1.0,"1,4ч",,,,
2,12934642,2023-07-15 03:50:00,Забайкальская,"КРАС, ВЧДЭ-7 КРАСНОЯРСК-ВОСТ","2шт 0,9ч",,,Тонкий гребень колеса грузового вагона,CV,2023,2.0,"0,9ч",,,,
3,12930473,2023-07-15 12:30:00,Забайкальская,"ЗАБ, ВРД ЧИТА",,,,Обводнение смазки в буксе грузового вагона,CV,2023,,,,,,
2,12934673,2023-07-16 18:25:00,Забайкальская,"КРАС, ВЧДЭ-7 КРАСНОЯРСК-ВОСТ","1шт 0,97ч",,,Тонкий гребень колеса грузового вагона,CV,2023,1.0,"0,97ч",,,,
2,12939673,2023-07-20 03:57:00,Забайкальская,"ЗАБ, ВЧДЭ-13 БОРЗЯ","1шт 0,62ч",,,Грение буксы по показаниям средств автоматизированного контроля,CV,2023,1.0,"0,62ч",,,,
2,12941341,2023-07-20 23:05:00,Забайкальская,"КРАС, ВЧДЭ-7 КРАСНОЯРСК-ВОСТ","1шт 0,67ч",,,Несоответствие зазоров скользуна грузового вагона,CV,2023,1.0,"0,67ч",,,,
2,12941268,2023-07-21 05:11:00,Забайкальская,"Д-ВОСТ, ВЧДЭ-1 ХАБАРОВСК","1шт 0,65ч",,,Неравномерный прокат по кругу катания колеса грузового вагона выше нормы,CV,2023,1.0,"0,65ч",,,,
3,12948343,2023-07-29 12:20:00,Забайкальская,"Д-ВОСТ, ВЧДЭ-1 ХАБАРОВСК",,,,Тонкий гребень колеса грузового вагона,CV,2023,,,,,,
1,12964638,2023-07-31 07:42:00,Забайкальская,"Д-ВОСТ, ВЧДЭ-4 УССУРИЙСК","2шт (к учету 1) 3,72ч",,,Проворот внутреннего кольца,CV,2023,1.0,"3,72ч",,,,
2,12967137,2023-08-08 18:03:00,Забайкальская,"В-СИБ, ВЧДЭ-13 ТАЙШЕТ","1шт 0,7ч",,,Тонкий гребень колеса грузового вагона,CV,2023,1.0,"0,7ч",,,,
3,12967138,2023-08-08 21:48:00,Забайкальская,"КРАС, ВЧДЭ-7 КРАСНОЯРСК-ВОСТ",,,,Тонкий гребень колеса грузового вагона,CV,2023,,,,,,
3,12967140,2023-08-09 03:41:00,Забайкальская,"КРАС, ВЧДЭ-7 КРАСНОЯРСК-ВОСТ",,,,Тонкий гребень колеса грузового вагона,CV,2023,,,,,,
2,12962302,2023-08-09 04:19:00,Забайкальская,"ЗАБ, ВЧДЭ-3 КАРЫМСКАЯ","6шт 0,75ч",,,Неисправность поглощающего аппарата автосцепки грузового вагона,CV,2023,6.0,"0,75ч",,,,
2,12971377,2023-08-11 10:27:00,Забайкальская,"КРАС, ВЧДЭ-7 КРАСНОЯРСК-ВОСТ","1шт 0,67ч",,,Неравномерный прокат по кругу катания колеса грузового вагона выше нормы,CV,2023,1.0,"0,67ч",,,,
2,12972728,2023-08-15 12:45:00,Забайкальская,"В-СИБ, ВЧДЭ-13 ТАЙШЕТ","2шт (к учету 1) 0,48ч",,,Тонкий гребень колеса грузового вагона,CV,2023,1.0,"0,48ч",,,,
2,12972523,2023-08-15 22:47:00,Забайкальская,"ЗАБ, ВЧДЭ-7 БЕЛОГОРСК","1шт 0,35ч",,,Разрегулирование рычажной передачи грузового вагона,CV,2023,1.0,"0,35ч",,,,
3,12976629,2023-08-16 09:15:00,Забайкальская,"КРАС, ВЧДЭ-8 АБАКАН",,,,Тонкий обод колеса грузового вагона,CV,2023,,,,,,
2,12977971,2023-08-16 20:00:00,Забайкальская,"В-СИБ, ВЧДЭ-10 УЛАН-УДЭ","1шт 0,83ч",,,Тонкий гребень колеса грузового вагона,CV,2023,1.0,"0,83ч",,,,
2,12974111,2023-08-16 20:36:00,Забайкальская,"ЗАБ, ВЧДЭ-3 КАРЫМСКАЯ","4шт 0,9ч","1шт 0,17ч",,Тонкий гребень колеса грузового вагона,CV,2023,4.0,"0,9ч",1.0,"0,17ч",,
2,12975731,2023-08-18 00:50:00,Забайкальская,"ЗАБ, ВЧДЭ-3 КАРЫМСКАЯ","1шт 0,92ч",,,Тонкий гребень колеса грузового вагона,CV,2023,1.0,"0,92ч",,,,
3,12976863,2023-08-18 21:06:00,Забайкальская,"ЗАБ, ВРД ЧИТА",,,,Ослабление (разрушение) торцевого крепления,CV,2023,,,,,,
2,12976897,2023-08-18 21:24:00,Забайкальская,"ЗАБ, ВЧДЭ-7 БЕЛОГОРСК","1шт 0,67ч",,,Неисправность воздухораспределителя грузового вагона,CV,2023,1.0,"0,67ч",,,,
3,12980469,2023-08-20 10:35:00,Забайкальская,"КРАС, ВЧДЭ-1 БОГОТОЛ",,,,Тонкий гребень колеса грузового вагона,CV,2023,,,,,,
2,12984381,2023-08-21 04:37:00,Забайкальская,"КРАС, ВЧДЭ-7 КРАСНОЯРСК-ВОСТ","9шт (к учету 8) 2,4ч",,,Тонкий гребень колеса грузового вагона,CV,2023,8.0,"2,4ч",,,,
2,12981155,2023-08-22 22:23:00,Забайкальская,"ЗАБ, ВЧДЭ-7 БЕЛОГОРСК","1шт 0,62ч",,,Неисправность воздухораспределителя грузового вагона,CV,2023,1.0,"0,62ч",,,,
2,12982997,2023-08-24 06:03:00,Забайкальская,"ЗАБ, ВЧДЭ-13 БОРЗЯ","1шт 0,97ч",,,Неисправность тройника воздухопровода тормозной магистрали,CV,2023,1.0,"0,97ч",,,,
3,12998681,2023-08-28 01:05:00,Забайкальская,"Д-ВОСТ, ВЧДЭ-4 УССУРИЙСК",,,,Перевёрнута роликовая букса грузового вагона,CV,2023,,,,,,
3,12991524,2023-08-28 14:35:00,Забайкальская,"КРАС, ВЧДЭ-7 КРАСНОЯРСК-ВОСТ",,,,Тонкий гребень колеса грузового вагона,CV,2023,,,,,,
2,12992793,2023-08-31 02:55:00,Забайкальская,"В-СИБ, ВЧДЭ-10 УЛАН-УДЭ","1шт 0,9ч",,,Тонкий гребень колеса грузового вагона,CV,2023,1.0,"0,9ч",,,,
2,12990828,2023-08-31 11:36:00,Забайкальская,"ЗАБ, ВЧДЭ-7 БЕЛОГОРСК","1шт 0,67ч",,,Тонкий гребень колеса грузового вагона,CV,2023,1.0,"0,67ч",,,,
3,12991328,2023-08-31 20:35:00,Забайкальская,"ЗАБ, ВЧДЭ-7 БЕЛОГОРСК",,,,Дефекты на поверхности катания колёс,CV,2023,,,,,,
1,12993567,2023-09-03 06:15:00,Забайкальская,"ЗАБ, ВЧДЭ-7 БЕЛОГОРСК","5шт 2,55ч",,,Наличие зазора между колпаком и ответной частью скользуна постоянного контакта,CV,2023,5.0,"2,55ч",,,,
3,13004012,2023-09-04 03:36:00,Забайкальская,"Д-ВОСТ, ВЧДЭ-1 ХАБАРОВСК",,,,Тонкий гребень колеса грузового вагона,CV,2023,,,,,,
3,13001479,2023-09-05 16:21:00,Забайкальская,"Д-ВОСТ, ВЧДЭ-1 ХАБАРОВСК",,,,Тонкий гребень колеса грузового вагона,CV,2023,,,,,,
2,13002168,2023-09-05 21:25:00,Забайкальская,"КРАС, ВЧДЭ-7 КРАСНОЯРСК-ВОСТ","1шт 0,23ч","1шт 0,17ч",,Несоответствие зазоров скользуна грузового вагона,CV,2023,1.0,"0,23ч",1.0,"0,17ч",,
3,13001500,2023-09-05 23:41:00,Забайкальская,"Д-ВОСТ, ВЧДЭ-1 ХАБАРОВСК",,,,Тонкий гребень колеса грузового вагона,CV,2023,,,,,,
1,12999102,2023-09-06 07:17:00,Забайкальская,"ЗАБ, ВЧДЭ-7 БЕЛОГОРСК","4шт 5,07ч",,,Излом рычагов и тормозных тяг грузового вагона,CV,2023,4.0,"5,07ч",,,,
3,13001187,2023-09-06 20:30:00,Забайкальская,"ЗАБ, ВЧДЭ-3 КАРЫМСКАЯ",,,,Тонкий гребень колеса грузового вагона,CV,2023,,,,,,
1,13003582,2023-09-07 14:56:00,Забайкальская,"ЗАБ, ВЧДЭ-3 КАРЫМСКАЯ","7шт 6,07ч",,,Обрыв (излом) трубы магистрали воздухопровода и подводящих труб,CV,2023,7.0,"6,07ч",,,,
2,13015047,2023-09-08 10:25:00,Забайкальская,"В-СИБ, ВЧДЭ-13 ТАЙШЕТ","2шт 0,87ч",,,Тонкий гребень колеса грузового вагона,CV,2023,2.0,"0,87ч",,,,
3,13010290,2023-09-08 13:35:00,Забайкальская,"Д-ВОСТ, ВЧДЭ-1 ХАБАРОВСК",,,,Тонкий гребень колеса грузового вагона,CV,2023,,,,,,
3,13014493,2023-09-10 11:40:00,Забайкальская,"Д-ВОСТ, ВЧДЭ-1 ХАБАРОВСК",,,,Тонкий гребень колеса грузового вагона,CV,2023,,,,,,
2,13016322,2023-09-10 20:48:00,Забайкальская,"В-СИБ, ВЧДЭ-13 ТАЙШЕТ","1шт 0,4ч",,,Тонкий гребень колеса грузового вагона,CV,2023,1.0,"0,4ч",,,,
2,13015678,2023-09-11 21:08:00,Забайкальская,"КРАС, ВЧДЭ-7 КРАСНОЯРСК-ВОСТ","9шт 2,65ч",,,Тонкий гребень колеса грузового вагона,CV,2023,9.0,"2,65ч",,,,
2,13009412,2023-09-11 23:28:00,Забайкальская,"ЗАБ, ВЧДЭ-3 КАРЫМСКАЯ","7шт (к учету 5) 3,97ч",,"2шт (к учету 1) 0,33ч",Излом пружины рессорного подвешивания грузового вагона,CV,2023,5.0,"3,97ч",,,1.0,"0,33ч"
2,13015699,2023-09-12 00:48:00,Забайкальская,"КРАС, ВЧДЭ-7 КРАСНОЯРСК-ВОСТ","6шт 1,85ч",,,Тонкий гребень колеса грузового вагона,CV,2023,6.0,"1,85ч",,,,
2,13015708,2023-09-12 04:52:00,Забайкальская,"КРАС, ВЧДЭ-7 КРАСНОЯРСК-ВОСТ","1шт 0,5ч",,,Тонкий гребень колеса грузового вагона,CV,2023,1.0,"0,5ч",,,,
2,13015748,2023-09-12 09:44:00,Забайкальская,"КРАС, ВЧДЭ-7 КРАСНОЯРСК-ВОСТ","7шт (к учету 6) 2,43ч",,,Тонкий гребень колеса грузового вагона,CV,2023,6.0,"2,43ч",,,,
2,13011151,2023-09-12 15:16:00,Забайкальская,"ЗАБ, ВЧДЭ-3 КАРЫМСКАЯ","1шт 0,5ч",,,"Шелушение, раковины, коррозия на деталях подшипника",CV,2023,1.0,"0,5ч",,,,
3,13016129,2023-09-12 23:10:00,Забайкальская,"Д-ВОСТ, ВЧДЭ-1 ХАБАРОВСК",,,,Обрыв сварного шва стойки кузова грузового вагона,CV,2023,,,,,,
2,13018413,2023-09-14 10:50:00,Забайкальская,"КРАС, ВЧДЭ-7 КРАСНОЯРСК-ВОСТ","1шт 0,5ч",,,Тонкий гребень колеса грузового вагона,CV,2023,1.0,"0,5ч",,,,
3,13018764,2023-09-14 19:00:00,Забайкальская,"Д-ВОСТ, ВЧДЭ-1 ХАБАРОВСК",,,,Тонкий гребень колеса грузового вагона,CV,2023,,,,,,
3,13020112,2023-09-15 05:59:00,Забайкальская,"Д-ВОСТ, ВЧДЭ-1 ХАБАРОВСК",,,,Тонкий гребень колеса грузового вагона,CV,2023,,,,,,
2,13015975,2023-09-15 10:25:00,Забайкальская,"ЗАБ, ВЧДЭ-3 КАРЫМСКАЯ","1шт 0,5ч",,,Излом трубы воздухопровода тормозной магистрали грузового вагона,CV,2023,1.0,"0,5ч",,,,
3,13021690,2023-09-16 08:02:00,Забайкальская,"Д-ВОСТ, ВЧДЭ-1 ХАБАРОВСК",,,,Тонкий гребень колеса грузового вагона,CV,2023,,,,,,
2,13021745,2023-09-16 19:02:00,Забайкальская,"КРАС, ВЧДЭ-7 КРАСНОЯРСК-ВОСТ","1шт 0,5ч",,,Тонкий гребень колеса грузового вагона,CV,2023,1.0,"0,5ч",,,,
1,13018033,2023-09-17 13:43:00,Забайкальская,"ЗАБ, ВЧДЭ-3 КАРЫМСКАЯ","10шт (к учету 9) 7,28ч","1шт 0,25ч","1шт 0,35ч",Неисправность воздухораспределителя грузового вагона,CV,2023,9.0,"7,28ч",1.0,"0,25ч",1.0,"0,35ч"
2,13025061,2023-09-20 00:17:00,Забайкальская,"КРАС, ВЧДЭ-7 КРАСНОЯРСК-ВОСТ","1шт 0,5ч",,,Несоответствие зазоров скользуна грузового вагона,CV,2023,1.0,"0,5ч",,,,
3,13027503,2023-09-21 21:43:00,Забайкальская,"Д-ВОСТ, ВЧДЭ-1 ХАБАРОВСК",,,,Тонкий гребень колеса грузового вагона,CV,2023,,,,,,
2,13024967,2023-09-22 09:25:00,Забайкальская,"ЗАБ, ВЧДЭ-3 КАРЫМСКАЯ","4шт 1,45ч",,,Тонкий гребень колеса грузового вагона,CV,2023,4.0,"1,45ч",,,,
2,13029043,2023-09-22 18:30:00,Забайкальская,"КРАС, ВЧДЭ-7 КРАСНОЯРСК-ВОСТ","1шт 0,5ч",,,Тонкий гребень колеса грузового вагона,CV,2023,1.0,"0,5ч",,,,
2,13027275,2023-09-25 03:17:00,Забайкальская,"ЗАБ, ВЧДЭ-3 КАРЫМСКАЯ","2шт 0,48ч",,,Ослабление крепления труб воздухопровода и тормозных приборов грузового вагона,CV,2023,2.0,"0,48ч",,,,
3,13033552,2023-09-25 19:31:00,Забайкальская,"В-СИБ, ВЧДЭ-13 ТАЙШЕТ",,,,Излом рычагов и тормозных тяг грузового вагона,CV,2023,,,,,,
2,13033404,2023-09-26 04:15:00,Забайкальская,"КРАС, ВЧДЭ-7 КРАСНОЯРСК-ВОСТ","1шт 0,5ч",,,Тонкий гребень колеса грузового вагона,CV,2023,1.0,"0,5ч",,,,
3,13030151,2023-09-26 08:50:00,Забайкальская,"З-СИБ, ВЧДЭ-25 НОВОКУЗНЕЦК",,,,Обрыв (трещина) кронштейна шарнирного соединения крышки люка грузового вагона,CV,2023,,,,,,
3,13032158,2023-09-28 07:43:00,Забайкальская,"ЗАБ, ВЧДЭ-13 БОРЗЯ",,,,Завышение фрикционного клина гасителя колебаний относительно опорной поверхности надрессорной балки,CV,2023,,,,,,
2,13036198,2023-09-28 13:58:00,Забайкальская,"КРАС, ВЧДЭ-7 КРАСНОЯРСК-ВОСТ","1шт 0,5ч",,,Тонкий гребень колеса грузового вагона,CV,2023,1.0,"0,5ч",,,,
2,13038452,2023-09-29 23:20:00,Забайкальская,"КРАС, ВЧДЭ-7 КРАСНОЯРСК-ВОСТ","1шт 0,5ч",,,Тонкий гребень колеса грузового вагона,CV,2023,1.0,"0,5ч",,,,
2,13036298,2023-10-02 03:31:00,Забайкальская,"ЗАБ, ВЧДЭ-7 БЕЛОГОРСК","2шт 0,6ч",,,Тонкий гребень колеса грузового вагона,CV,2023,2.0,"0,6ч",,,,
2,13044555,2023-10-02 15:08:00,Забайкальская,"В-СИБ, ВЧДЭ-13 ТАЙШЕТ","1шт 0,52ч",,,Тонкий гребень колеса грузового вагона,CV,2023,1.0,"0,52ч",,,,
3,13037685,2023-10-02 17:35:00,Забайкальская,"ЗАБ, ВЧДЭ-7 БЕЛОГОРСК",,,,Тонкий гребень колеса грузового вагона,CV,2023,,,,,,
1,13037727,2023-10-02 21:20:00,Забайкальская,"ЗАБ, ВЧДЭ-3 КАРЫМСКАЯ","4шт 3,83ч",,,Неисправность воздухораспределителя грузового вагона,CV,2023,4.0,"3,83ч",,,,
2,13045964,2023-10-03 13:05:00,Забайкальская,"В-СИБ, ВЧДЭ-10 УЛАН-УДЭ","1шт 0,98ч",,,Тонкий гребень колеса грузового вагона,CV,2023,1.0,"0,98ч",,,,
2,13041997,2023-10-04 18:55:00,Забайкальская,"ЗАБ, ВЧДЭ-7 БЕЛОГОРСК","18шт (к учету 15) 6,3ч",,,Наличие зазора между колпаком и ответной частью скользуна постоянного контакта,CV,2023,15.0,"6,3ч",,,,
3,13049521,2023-10-05 06:23:00,Забайкальская,"В-СИБ, ВЧДЭ-10 УЛАН-УДЭ",,,,Тонкий гребень колеса грузового вагона,CV,2023,,,,,,
3,13049546,2023-10-05 10:35:00,Забайкальская,"В-СИБ, ВЧДЭ-10 УЛАН-УДЭ",,,,Тонкий гребень колеса грузового вагона,CV,2023,,,,,,
2,13052728,2023-10-07 19:21:00,Забайкальская,"В-СИБ, ВЧДЭ-13 ТАЙШЕТ","1шт 0,5ч",,,Выщербина на ободе колеса грузового вагона,CV,2023,1.0,"0,5ч",,,,
2,13063209,2023-10-09 09:52:00,Забайкальская,"ЗАБ, ВЧДЭ-7 БЕЛОГОРСК","4шт 0,82ч",,,Грение буксы по показаниям средств автоматизированного контроля,CV,2023,4.0,"0,82ч",,,,
1,13048932,2023-10-09 14:40:00,Забайкальская,"ЗАБ, ВЧДЭ-3 КАРЫМСКАЯ","2шт 1,77ч",,,"Неисправности колец подшипников (раковины, шелушения, коррозия, трещины, отколы и др.)",CV,2023,2.0,"1,77ч",,,,
2,13063503,2023-10-09 17:24:00,Забайкальская,"КРАС, ВЧДЭ-1 БОГОТОЛ","6шт 3,38ч",,,Неисправность магистральной части воздухораспределителя,CV,2023,6.0,"3,38ч",,,,
2,13049240,2023-10-10 01:05:00,Забайкальская,"ЗАБ, ВЧДЭ-3 КАРЫМСКАЯ","2шт 1,13ч",,,Тонкий гребень колеса грузового вагона,CV,2023,2.0,"1,13ч",,,,
3,13050057,2023-10-10 07:50:00,Забайкальская,"З-СИБ, ВЧДЭ-23 БЕЛОВО",,,,Отгиб опорной площадки упора крышки люка,CV,2023,,,,,,
1,13051368,2023-10-11 03:05:00,Забайкальская,"ЗАБ, ВЧДЭ-7 БЕЛОГОРСК","2шт 2,27ч",,,Выщербина на ободе колеса грузового вагона,CV,2023,2.0,"2,27ч",,,,
2,13063470,2023-10-16 09:47:00,Забайкальская,"КРАС, ВЧДЭ-8 АБАКАН","1шт 0,28ч",,,Отсутствие болта валика подъемника автосцепки грузового вагона,CV,2023,1.0,"0,28ч",,,,
2,13065687,2023-10-21 04:36:00,Забайкальская,"ЗАБ, ВЧДЭ-7 БЕЛОГОРСК","5шт 1,03ч",,,Трещина (излом) клина гасителя колебаний грузового вагона,CV,2023,5.0,"1,03ч",,,,
2,13069469,2023-10-21 11:49:00,Забайкальская,"КРАС, ВЧДЭ-7 КРАСНОЯРСК-ВОСТ","1шт 0,5ч",,,Тонкий гребень колеса грузового вагона,CV,2023,1.0,"0,5ч",,,,
2,13067533,2023-10-23 07:22:00,Забайкальская,"ЗАБ, ВЧДЭ-3 КАРЫМСКАЯ","2шт 0,75ч",,,Излом рычагов и тормозных тяг грузового вагона,CV,2023,2.0,"0,75ч",,,,
2,13067913,2023-10-23 13:48:00,Забайкальская,"ЗАБ, ВЧДЭ-3 КАРЫМСКАЯ","1шт 0,67ч",,,Излом рычагов и тормозных тяг грузового вагона,CV,2023,1.0,"0,67ч",,,,
1,13068038,2023-10-23 20:27:00,Забайкальская,"ЗАБ, ВЧДЭ-7 БЕЛОГОРСК","7шт 5,03ч",,,Неисправность соединительного рукава грузового вагона,CV,2023,7.0,"5,03ч",,,,
2,13077051,2023-10-25 04:44:00,Забайкальская,"ЗАБ, ВЧДЭ-3 КАРЫМСКАЯ","1шт 0,25ч",,,Тонкий гребень колеса грузового вагона,CV,2023,1.0,"0,25ч",,,,
2,13073667,2023-10-25 22:15:00,Забайкальская,"В-СИБ, ВЧДЭ-10 УЛАН-УДЭ",,"2шт 0,55ч",,Тонкий гребень колеса грузового вагона,CV,2023,,,2.0,"0,55ч",,
2,13080200,2023-10-26 17:37:00,Забайкальская,"ЗАБ, ВЧДЭ-3 КАРЫМСКАЯ","1шт 0,68ч",,,Тонкий гребень колеса грузового вагона,CV,2023,1.0,"0,68ч",,,,
2,13080203,2023-10-26 18:03:00,Забайкальская,"ЗАБ, ВЧДЭ-3 КАРЫМСКАЯ","1шт 0,28ч",,,Тонкий гребень колеса грузового вагона,CV,2023,1.0,"0,28ч",,,,
2,13080215,2023-10-26 19:03:00,Забайкальская,"ЗАБ, ВЧДЭ-3 КАРЫМСКАЯ","1шт 0,63ч",,,Тонкий гребень колеса грузового вагона,CV,2023,1.0,"0,63ч",,,,
2,13080222,2023-10-28 08:55:00,Забайкальская,"ЗАБ, ВЧДЭ-3 КАРЫМСКАЯ","1шт 0,33ч",,,Тонкий гребень колеса грузового вагона,CV,2023,1.0,"0,33ч",,,,
3,13078779,2023-10-28 23:55:00,Забайкальская,"З-СИБ, ВЧДЭ-25 НОВОКУЗНЕЦК",,,,Тонкий гребень колеса грузового вагона,CV,2023,,,,,,
3,13077014,2023-10-29 11:07:00,Забайкальская,"В-СИБ, ВЧДЭ-13 ТАЙШЕТ",,,,Выщербина на ободе колеса грузового вагона,CV,2023,,,,,,
2,13078483,2023-10-29 11:40:00,Забайкальская,"Д-ВОСТ, ВЧДЭ-1 ХАБАРОВСК","1шт 0,25ч",,,Тонкий гребень колеса грузового вагона,CV,2023,1.0,"0,25ч",,,,
2,13080223,2023-10-29 14:55:00,Забайкальская,"ЗАБ, ВЧДЭ-3 КАРЫМСКАЯ","1шт 0,33ч",,,Тонкий гребень колеса грузового вагона,CV,2023,1.0,"0,33ч",,,,
