CATEGORY,№,START_TIME,ROAD,RESPONSIBILITY,FREIGHT,PASSENGER,COMMUTER,REASON,DEPARTMENT,YEAR,FREIGHT_COUNT,FREIGHT_TIMEOUT,PASSENGER_COUNT,PASSENGER_TIMEOUT,COMMUTER_COUNT,COMMUTER_TIMEOUT
3,12647957,2023-01-01 11:55:00,Московская,"МОСК, ШЧ-34",,,,"Повышенное переходное сопротивление между элементами (штепсель-рельс, провод (трос)-штепсель, провод (трос)-наконечник)",CSH,2023,,,,,,
2,12648139,2023-01-01 17:36:00,Московская,"МОСК, ШЧ-32",,"1шт 0,1ч","1шт 0,13ч",Обрыв жил сигнально-блокировочного металлического кабеля рельсовых цепей,CSH,2023,,,1.0,"0,1ч",1.0,"0,13ч"
2,12648213,2023-01-01 23:15:00,Московская,"МОСК, ШЧ-14",,,"9шт 3,02ч",Неисправность элементов панелей питания постовых устройств ЭЦ,CSH,2023,,,,,9.0,"3,02ч"
2,12648317,2023-01-02 03:21:00,Московская,"МОСК, ШЧ-4",,,"1шт 0,12ч",Нарушение изоляции путевого ящика оборудования для размещения аппаратуры рельсовых цепей,CSH,2023,,,,,1.0,"0,12ч"
3,12648419,2023-01-02 06:59:00,Московская,"МОСК, ИЧ-2 ЛЬГОВСКАЯ Ш",,,,Нарушение монтажа стативов для размещения постовых устройств ЭЦ,CSH,2023,,,,,,
1,12648593,2023-01-02 10:56:00,Московская,"МОСК, ШЧ-5","2шт 1,95ч",,"1шт 0,12ч",Разрегулировка контактов автопереключателя СП-6М,CSH,2023,2.0,"1,95ч",,,1.0,"0,12ч"
3,12648594,2023-01-02 12:21:00,Московская,"МОСК, ШЧ-17",,,,"Неисправность элементов трансформаторов аппаратуры светофоров, указателей и полос",CSH,2023,,,,,,
3,12648872,2023-01-02 22:59:00,Московская,"МОСК, ИЧ МОСКВА Ш",,,,Неисправность элементов генератора аппаратуры рельсовых цепей,CSH,2023,,,,,,
2,12649583,2023-01-03 17:27:00,Московская,"МОСК, ШЧ-24",,,"1шт 0,1ч",Нарушение монтажа стативов для размещения постовых устройств ЭЦ,CSH,2023,,,,,1.0,"0,1ч"
2,12650226,2023-01-04 10:43:00,Московская,"МОСК, ШЧ-8","3шт 0,98ч","1шт 0,2ч",,Нарушение монтажа шкафов для размещения устройств АБ,CSH,2023,3.0,"0,98ч",1.0,"0,2ч",,
3,12651058,2023-01-05 07:30:00,Московская,"МОСК, ШЧ-33",,,,Обрыв провода (троса) перемычки,CSH,2023,,,,,,
1,12651870,2023-01-06 02:32:00,Московская,"МОСК, ИЧ-2 ЛЬГОВСКАЯ Ш","3шт 2,83ч","3шт 1,27ч","1шт 0,38ч",Обрыв жил сигнально-блокировочного металлического кабеля схемы управления стрелкой,CSH,2023,3.0,"2,83ч",3.0,"1,27ч",1.0,"0,38ч"
3,12652033,2023-01-06 06:20:00,Московская,"МОСК, ШЧ-35",,,,Короткое замыкание монтажа путевого ящика для размещения аппаратуры рельсовых цепей,CSH,2023,,,,,,
2,12652113,2023-01-06 07:43:00,Московская,"МОСК, ШЧ-32","1шт 0,47ч",,,Сваривание контактов реле аппаратуры АБ,CSH,2023,1.0,"0,47ч",,,,
2,12673470,2023-01-06 10:00:00,Московская,"МОСК, ШЧ-5",,,"1шт 0,33ч",Разрегулировка контактов автопереключателя СП-6М,CSH,2023,,,,,1.0,"0,33ч"
2,12652405,2023-01-06 10:08:00,Московская,"МОСК, ШЧ-33",,,"1шт 0,28ч",Замерзание деталей СП-6М,CSH,2023,,,,,1.0,"0,28ч"
2,12652423,2023-01-06 10:16:00,Московская,"МОСК, ШЧ-15",,,"1шт 0,18ч",Короткое замыкание внешнего монтажа аппаратуры АБ,CSH,2023,,,,,1.0,"0,18ч"
3,12652933,2023-01-06 17:38:00,Московская,"МОСК, ШЧ-35",,,,Окисление жил сигнально-блокировочного металлического кабеля кабельной сети АБ,CSH,2023,,,,,,
3,12652934,2023-01-06 17:56:00,Московская,"МОСК, ШЧ-34",,,,Обрыв жил сигнально-блокировочного металлического кабеля кабельной сети АБ,CSH,2023,,,,,,
2,12653178,2023-01-06 23:51:00,Московская,"МОСК, ШЧ-17",,"4шт 1,98ч",,Обрыв жил сигнально-блокировочного металлического кабеля рельсовых цепей,CSH,2023,,,4.0,"1,98ч",,
2,12653354,2023-01-07 05:39:00,Московская,"МОСК, ШЧ-21","1шт 0,42ч",,"1шт 0,48ч",Обрыв соединителей,CSH,2023,1.0,"0,42ч",,,1.0,"0,48ч"
2,12653371,2023-01-07 05:55:00,Московская,"МОСК, ИЧ-2 ЛЬГОВСКАЯ Ш","1шт 0,27ч","2шт (к учету 1) 0,27ч","1шт 0,13ч",Нарушение регулировочного режима,CSH,2023,1.0,"0,27ч",1.0,"0,27ч",1.0,"0,13ч"
3,12653785,2023-01-07 11:16:00,Московская,"МОСК, ШЧ-19",,,,Повышенное переходное сопротивление между элементами ,CSH,2023,,,,,,
3,12660196,2023-01-07 12:00:00,Московская,"МОСК, ШЧ-5",,,,Потеря контакта в ламподержателе линзового светофора,CSH,2023,,,,,,
2,12653990,2023-01-07 14:13:00,Московская,"МОСК, ШЧ-34",,,"1шт 0,27ч",Нарушение контакта в монтаже в путевых ящиках для размещения аппаратуры рельсовых цепей,CSH,2023,,,,,1.0,"0,27ч"
2,12654238,2023-01-07 18:13:00,Московская,"МОСК, ШЧ-24",,,"3шт 0,67ч",Нарушение контакта в монтаже в путевых ящиках для размещения аппаратуры рельсовых цепей,CSH,2023,,,,,3.0,"0,67ч"
2,12655868,2023-01-08 16:20:00,Московская,"МОСК, ШЧ-33",,"1шт 0,22ч","2шт 0,32ч",Индевение контактов автопереключателя СП-6М,CSH,2023,,,1.0,"0,22ч",2.0,"0,32ч"
2,12655957,2023-01-08 17:35:00,Московская,"МОСК, ШЧ-5","1шт 0,53ч",,,Заклинивание подвижных частей трансмиттеров аппаратуры рельсовых цепей,CSH,2023,1.0,"0,53ч",,,,
3,12656365,2023-01-09 01:13:00,Московская,"МОСК, ШЧ-24",,,,Нарушение контакта монтажа в шкафах для размещения аппаратуры постовых устройств ЭЦ,CSH,2023,,,,,,
2,12656650,2023-01-09 08:01:00,Московская,"МОСК, ШЧ-14",,,5шт 1ч,Обрыв жил сигнально-блокировочного металлического кабеля кабельной сети АБ,CSH,2023,,,,,5.0,1ч
2,12657502,2023-01-09 12:00:00,Московская,"МОСК, ШЧ-8",,,"2шт 0,4ч",Подгар контактов реле аппаратуры,CSH,2023,,,,,2.0,"0,4ч"
2,12662441,2023-01-10 19:10:00,Московская,"МОСК, ШЧ-26",,"1шт 0,53ч",,Обрыв электрической цепи элементов трансформаторов аппаратуры рельсовых цепей,CSH,2023,,,1.0,"0,53ч",,
2,12698168,2023-01-11 10:00:00,Московская,"МОСК, ШЧ-10",,,"1шт 0,12ч",Закорачивание РЦ,CSH,2023,,,,,1.0,"0,12ч"
2,12663942,2023-01-11 11:10:00,Московская,"МОСК, ШЧ-34",,,"1шт 0,2ч",Перегорание лампы линзового светофора,CSH,2023,,,,,1.0,"0,2ч"
3,12665745,2023-01-11 23:50:00,Московская,"МОСК, ШЧ-33",,,,Сверхнормативное понижение сопротивления изоляции трансформаторов аппаратуры рельсовых цепей,CSH,2023,,,,,,
2,12665792,2023-01-12 00:24:00,Московская,"МОСК, ШЧ-32",,"1шт 0,2ч",,Перегорание лампы линзового светофора,CSH,2023,,,1.0,"0,2ч",,
2,12665962,2023-01-12 03:08:00,Московская,"МОСК, ШЧ-6",,"4шт 0,7ч",,Недостаток в схеме кодирования,CSH,2023,,,4.0,"0,7ч",,
2,12666045,2023-01-12 04:44:00,Московская,"МОСК, ШЧ-33",,"1шт 0,37ч","4шт 0,75ч",Обрыв внешнего монтажа аппаратуры рельсовых цепей,CSH,2023,,,1.0,"0,37ч",4.0,"0,75ч"
3,12667886,2023-01-12 13:57:00,Московская,"МОСК, ШЧ-35",,,,Неисправность контактной системы реле аппаратуры АБ,CSH,2023,,,,,,
3,12670800,2023-01-13 18:04:00,Московская,"МОСК, ШЧ-21",,,,Искажение кодовых комбинаций трансмиттеров аппаратуры АБ,CSH,2023,,,,,,
2,12671338,2023-01-14 13:08:00,Московская,"МОСК, ШЧ-33",,,"1шт 0,12ч",Неисправность контактной системы реле аппаратуры АБ,CSH,2023,,,,,1.0,"0,12ч"
3,12671526,2023-01-14 17:55:00,Московская,"МОСК, ШЧ-26",,,,Нарушение электрических характеристик реле аппаратуры АБ,CSH,2023,,,,,,
2,12671853,2023-01-15 07:51:00,Московская,"МОСК, ШЧ-15",,,"1шт 0,1ч",Обрыв жил сигнально-блокировочного металлического кабеля рельсовых цепей,CSH,2023,,,,,1.0,"0,1ч"
1,12672265,2023-01-15 18:34:00,Московская,"МОСК, ШЧ-34","1шт 1,43ч",,"1шт 0,92ч",Подгар контактов реле аппаратуры АБ,CSH,2023,1.0,"1,43ч",,,1.0,"0,92ч"
2,12672309,2023-01-15 20:35:00,Московская,"МОСК, ШЧ-10",,,"2шт 0,28ч","Подгар, сваривание контактов релейных блоков аппаратуры постовых устройств ЭЦ",CSH,2023,,,,,2.0,"0,28ч"
2,12672617,2023-01-16 06:30:00,Московская,"МОСК, ШЧ-24",,,"16шт 2,97ч",Нарушение монтажа стативов для размещения постовых устройств ЭЦ,CSH,2023,,,,,16.0,"2,97ч"
2,12673686,2023-01-17 02:18:00,Московская,"МОСК, ШЧ-8","1шт 0,82ч",,,Неисправность щеточного узла,CSH,2023,1.0,"0,82ч",,,,
1,12674795,2023-01-17 17:50:00,Московская,"МОСК, ШЧ-5","13шт 7,27ч",,"1шт 0,1ч",Закорачивание РЦ,CSH,2023,13.0,"7,27ч",,,1.0,"0,1ч"
1,12675004,2023-01-18 02:31:00,Московская,"МОСК, ШЧ-8",6шт 7ч,,,Касание закруток,CSH,2023,6.0,7ч,,,,
2,12676266,2023-01-18 17:45:00,Московская,"МОСК, ШЧ-8","8шт 4,85ч",,,Короткое замыкание (пробой) элементов защитного блока аппаратуры схемы управления стрелкой,CSH,2023,8.0,"4,85ч",,,,
3,12676337,2023-01-18 19:16:00,Московская,"МОСК, ИЧ-2 ЛЬГОВСКАЯ Ш",,,,Неисправность бесконтактной аппаратуры линейного пункта ДЦ,CSH,2023,,,,,,
2,12676416,2023-01-18 21:25:00,Московская,"МОСК, ШЧ-35",,"1шт 0,17ч",,Заклинивание деталей СП-6М,CSH,2023,,,1.0,"0,17ч",,
3,12678551,2023-01-20 12:02:00,Московская,"МОСК, ШЧ-10",,,,Неисправность деталей блоков элементов аппаратуры схемы управления стрелкой,CSH,2023,,,,,,
2,12679058,2023-01-20 21:03:00,Московская,"МОСК, ШЧ-28","2шт 0,55ч",,,"Повышенное переходное сопротивление между элементами (штепсель-рельс, провод (трос)-штепсель, провод (трос)-наконечник)",CSH,2023,2.0,"0,55ч",,,,
2,12679670,2023-01-21 15:13:00,Московская,"МОСК, ШЧ-10",,,"1шт 0,1ч",Заклинивание деталей СП-6,CSH,2023,,,,,1.0,"0,1ч"
3,12680908,2023-01-23 01:45:00,Московская,"МОСК, ШЧ-24",,,,Потеря контакта в ламподержателе линзового светофора,CSH,2023,,,,,,
2,12683783,2023-01-25 07:10:00,Московская,"МОСК, ИЧ-2 ЛЬГОВСКАЯ Ш","1шт 0,42ч",,,Износ элементов дешифратора аппаратуры АБ,CSH,2023,1.0,"0,42ч",,,,
1,12684410,2023-01-25 12:51:00,Московская,"МОСК, ШЧ-6","4шт 2,65ч","7шт 2,22ч","10шт 1,6ч",Нарушение контакта в разъеме элементов устройств бесперебойного питания постовых устройств ЭЦ,CSH,2023,4.0,"2,65ч",7.0,"2,22ч",10.0,"1,6ч"
3,12685353,2023-01-26 07:39:00,Московская,"МОСК, ШЧ-28",,,,100% (свежий) излом датчика УКСПС,CSH,2023,,,,,,
2,12686502,2023-01-27 05:06:00,Московская,"МОСК, ШЧ-21","1шт 0,28ч",,,Сбой программной части линейного пункта ДК,CSH,2023,1.0,"0,28ч",,,,
3,12687480,2023-01-27 22:54:00,Московская,"МОСК, ШЧ-14",,,,Попадание посторонних предметов в СП-6М,CSH,2023,,,,,,
2,12687758,2023-01-28 09:26:00,Московская,"МОСК, ШЧ-5","1шт 0,68ч",,"1шт 0,18ч",Короткое замыкание (электрический пробой) элементов реле аппаратуры схемы управления стрелкой,CSH,2023,1.0,"0,68ч",,,1.0,"0,18ч"
2,12699502,2023-01-29 19:03:00,Московская,"МОСК, ШЧ-5",,,"1шт 0,12ч","Нарушение изоляции стативов для размещения аппаратуры светофоров, указателей и полос",CSH,2023,,,,,1.0,"0,12ч"
2,12688798,2023-01-29 21:08:00,Московская,"МОСК, ШЧ-35","3шт 1,4ч",,"1шт 0,65ч",Нарушение монтажа шкафов для размещения устройств АБ,CSH,2023,3.0,"1,4ч",,,1.0,"0,65ч"
2,12689804,2023-01-30 20:29:00,Московская,"МОСК, ШЧ-28","1шт 0,5ч",,,"Повышенное переходное сопротивление между элементами (штепсель-рельс, провод (трос)-штепсель, провод (трос)-наконечник)",CSH,2023,1.0,"0,5ч",,,,
2,12690131,2023-01-31 07:58:00,Московская,"МОСК, ИЧ МОСКВА Ш",,,"15шт 2,53ч",Ослабление крепления разрядников аппаратуры защиты рельсовых цепей,CSH,2023,,,,,15.0,"2,53ч"
2,12690492,2023-01-31 12:45:00,Московская,"МОСК, ШЧ-24",,,"1шт 0,3ч",Нарушение монтажа стативов для размещения постовых устройств ЭЦ,CSH,2023,,,,,1.0,"0,3ч"
2,12690874,2023-01-31 20:04:00,Московская,"МОСК, ШЧ-6",,,"1шт 0,15ч",Нарушение монтажа стативов для размещения постовых устройств ЭЦ,CSH,2023,,,,,1.0,"0,15ч"
3,12690955,2023-01-31 23:23:00,Московская,"МОСК, ШЧ-32",,,,Неисправность элементов крепления приборов в шкафах для размещения устройств АБ,CSH,2023,,,,,,
2,12690981,2023-02-01 00:44:00,Московская,"МОСК, ШЧ-28","1шт 0,88ч","3шт 0,77ч",,Нарушение монтажа стативов для размещения постовых устройств ЭЦ,CSH,2023,1.0,"0,88ч",3.0,"0,77ч",,
3,12692072,2023-02-01 13:50:00,Московская,"МОСК, ШЧ-24",,,,Нарушение монтажа стативов для размещения постовых устройств ЭЦ,CSH,2023,,,,,,
2,12692503,2023-02-01 18:49:00,Московская,"МОСК, ШТЦ ДИ",,,"1шт 0,1ч",Неисправность элементов приемников ТРЦ аппаратуры постовых устройств ЭЦ,CSH,2023,,,,,1.0,"0,1ч"
3,12692700,2023-02-02 03:05:00,Московская,"МОСК, ШЧ-17",,,,Неисправность элементов пульта с выносным табло аппаратов управления и контроля стрелки,CSH,2023,,,,,,
3,12693044,2023-02-02 07:35:00,Московская,"МОСК, ШЧ-35",,,,Короткое замыкание (электрический пробой) элементов трансформаторов аппаратуры рельсовых цепей,CSH,2023,,,,,,
3,12694276,2023-02-03 02:10:00,Московская,"МОСК, ШЧ-28",,,,Перегорание лампы линзового светофора,CSH,2023,,,,,,
2,12695765,2023-02-03 21:35:00,Московская,"МОСК, ШЧ-28","1шт 0,4ч",,"1шт 0,1ч",Нарушение контакта в монтаже в путевых ящиках для размещения аппаратуры рельсовых цепей,CSH,2023,1.0,"0,4ч",,,1.0,"0,1ч"
3,12696114,2023-02-04 09:28:00,Московская,"МОСК, ШЧ-26",,,,Излом элементов реле аппаратуры постовых устройств ЭЦ,CSH,2023,,,,,,
3,12696450,2023-02-04 21:26:00,Московская,"МОСК, ШЧ-32",,,,Срабатывания по причине малой скорости,CSH,2023,,,,,,
2,12698894,2023-02-06 18:06:00,Московская,"МОСК, ИЧ-2 ЛЬГОВСКАЯ Ш",,,"1шт 0,12ч",Неисправность бесконтактной аппаратуры линейного пункта ДЦ,CSH,2023,,,,,1.0,"0,12ч"
1,12698955,2023-02-06 20:57:00,Московская,"МОСК, ШЧ-15","1шт 0,3ч",,1шт 1ч,Неисправность элементов преобразователей частоты аппаратуры АБ,CSH,2023,1.0,"0,3ч",,,1.0,1ч
3,12703598,2023-02-08 19:30:00,Московская,"МОСК, ИЧ-3 ПЛЕХАНОВСКАЯ Ш",,,,Потеря контакта в ламподержателе линзового светофора,CSH,2023,,,,,,
3,12703854,2023-02-09 04:07:00,Московская,"МОСК, ШЧ-24",,,,"Нарушение контакта в монтаже в ящиках для размещения аппаратуры светофоров, указателей и полос",CSH,2023,,,,,,
3,12704695,2023-02-09 10:50:00,Московская,"МОСК, ИЧ-2 ЛЬГОВСКАЯ Ш",,,,Потеря контакта в ламподержателе линзового светофора,CSH,2023,,,,,,
2,12707119,2023-02-10 15:35:00,Московская,"МОСК, ИЧ-2 ЛЬГОВСКАЯ Ш",,,"1шт 0,15ч",Разрегулировка трансформатора напряжения линий СЦБ,CSH,2023,,,,,1.0,"0,15ч"
3,12707220,2023-02-10 16:45:00,Московская,"МОСК, ШЧ-24",,,,"Нарушение контакта в монтаже в ящиках для размещения аппаратуры светофоров, указателей и полос",CSH,2023,,,,,,
2,12707287,2023-02-10 17:40:00,Московская,"МОСК, ШЧ-33",,,"2шт 0,2ч","Нарушение монтажа стативов для размещения аппаратуры светофоров, указателей и полос",CSH,2023,,,,,2.0,"0,2ч"
3,12707759,2023-02-11 11:02:00,Московская,"МОСК, ШЧ-5",,,,Перегорание лампы линзового светофора устройств ПАБ,CSH,2023,,,,,,
2,12707861,2023-02-11 13:21:00,Московская,"МОСК, ШЧ-31",,"1шт 0,2ч",,Короткое замыкание (электрический пробой) элементов трансформаторов аппаратуры рельсовых цепей,CSH,2023,,,1.0,"0,2ч",,
2,12707871,2023-02-11 13:40:00,Московская,"МОСК, ШЧ-35",,,"1шт 0,1ч",Обрыв жил сигнально-блокировочного металлического кабеля кабельной сети АБ,CSH,2023,,,,,1.0,"0,1ч"
2,12708075,2023-02-11 21:55:00,Московская,"МОСК, ШЧ-28",,,"1шт 0,27ч",Обрыв обмотки реле аппаратуры схемы управления стрелкой,CSH,2023,,,,,1.0,"0,27ч"
3,12708295,2023-02-12 07:50:00,Московская,"МОСК, ШЧ-34",,,,Подгар контактов реле аппаратуры,CSH,2023,,,,,,
2,12708387,2023-02-12 08:51:00,Московская,"МОСК, ШЧ-5","3шт 0,83ч",,"1шт 0,42ч",Неисправность элементов в щите питания постовых устройств ЭЦ,CSH,2023,3.0,"0,83ч",,,1.0,"0,42ч"
3,12709927,2023-02-13 14:45:00,Московская,"МОСК, ШЧ-4",,,,Обрыв сигнально-блокировочного металлического кабеля,CSH,2023,,,,,,
2,12709923,2023-02-13 15:20:00,Московская,"МОСК, ШЧ-4",,,"1шт 0,17ч",Разрегулировка контактов автопереключателя СП-6К,CSH,2023,,,,,1.0,"0,17ч"
3,12710254,2023-02-14 00:18:00,Московская,"МОСК, ШЧ-8",,,,"Короткое замыкание внешнего монтажа аппаратуры защиты  светофоров, указателей и полос",CSH,2023,,,,,,
3,12710306,2023-02-14 01:44:00,Московская,"МОСК, ШЧ-5",,,,Внутренний обрыв жил сигнально-блокировочного металлического кабеля,CSH,2023,,,,,,
2,12712922,2023-02-15 15:27:00,Московская,"МОСК, ШЧ-28","3шт 1,13ч",,,"Обрыв плавкой вставки (проволоки) предохранителей аппаратуры защиты светофоров, указателей и полос",CSH,2023,3.0,"1,13ч",,,,
2,12713004,2023-02-15 16:35:00,Московская,"МОСК, ШЧ-35",,,"1шт 0,22ч",Нарушение контакта в монтаже в путевых ящиках для размещения аппаратуры рельсовых цепей,CSH,2023,,,,,1.0,"0,22ч"
2,12713185,2023-02-15 22:21:00,Московская,"МОСК, ШЧ-10",,,"4шт 0,75ч",Попадание посторонних предметов реле аппаратуры постовых устройств ЭЦ,CSH,2023,,,,,4.0,"0,75ч"
2,12713691,2023-02-16 09:29:00,Московская,"МОСК, ШЧ-17",,,"1шт 0,1ч","Обрыв элементов реле аппаратуры светофоров, указателей и полос",CSH,2023,,,,,1.0,"0,1ч"
2,12734377,2023-02-16 23:14:00,Московская,"МОСК, ШЧ-32",,"1шт 0,12ч",,Подгар контактов реле аппаратуры постовых устройств ЭЦ,CSH,2023,,,1.0,"0,12ч",,
3,12714504,2023-02-17 02:31:00,Московская,"МОСК, ШТЦ ДИ",,,,Неисправность элементов коммутатора аппаратуры постовых устройств ЭЦ,CSH,2023,,,,,,
3,12717694,2023-02-17 15:00:00,Московская,"МОСК, ШЧ-28",,,,Потеря контакта в ламподержателе линзового светофора,CSH,2023,,,,,,
2,12715522,2023-02-18 00:43:00,Московская,"МОСК, ШЧ-28","5шт 1,65ч","2шт 0,47ч",,Неисправность деталей блока элементов аппаратуры АБ,CSH,2023,5.0,"1,65ч",2.0,"0,47ч",,
2,12715860,2023-02-18 11:26:00,Московская,"МОСК, ШЧ-24","10шт 3,32ч",,,"Нарушение монтажа шкафов для размещения аппаратуры светофоров, указателей и полос",CSH,2023,10.0,"3,32ч",,,,
3,12715906,2023-02-18 13:33:00,Московская,"МОСК, ШЧ-4",,,,Обрыв жил сигнально-блокировочного металлического кабеля рельсовых цепей,CSH,2023,,,,,,
3,12715961,2023-02-18 15:14:00,Московская,"МОСК, ШЧ-10",,,,"Обрыв жил сигнально-блокировочного металлического кабеля светофоров, указателей и полос",CSH,2023,,,,,,
3,12715984,2023-02-18 15:48:00,Московская,"МОСК, ШЧ-35",,,,Электрический пробой элементов защитного блока аппаратуры АБ,CSH,2023,,,,,,
3,12716992,2023-02-20 04:52:00,Московская,"МОСК, ШЧ-19",,,,"Механическое разрушение, обрыв воронки, муфты линии СЦБ напряжением до 1000 В",CSH,2023,,,,,,
3,12718125,2023-02-21 04:35:00,Московская,"МОСК, ШЧ-14",,,,Неисправность элементов генератора ТРЦ аппаратуры рельсовых цепей,CSH,2023,,,,,,
2,12719068,2023-02-21 18:33:00,Московская,"МОСК, ШТЦ ДИ",,,"1шт 0,12ч",Эрозия элементов реле аппаратуры АБ,CSH,2023,,,,,1.0,"0,12ч"
2,12719124,2023-02-21 20:24:00,Московская,"МОСК, ИЧ-2 ЛЬГОВСКАЯ Ш",,"1шт 0,17ч",,Неисправность элементов блока питания ПС,CSH,2023,,,1.0,"0,17ч",,
3,12719452,2023-02-22 06:06:00,Московская,"МОСК, ШЧ-35",,,,Нарушение регулировки гарнитуры стрелки,CSH,2023,,,,,,
3,12719547,2023-02-22 07:55:00,Московская,"МОСК, ИЧ-2 ЛЬГОВСКАЯ Ш",,,,Обрыв внешнего монтажа аппаратуры электропитания рельсовых цепей,CSH,2023,,,,,,
2,12719689,2023-02-22 10:18:00,Московская,"МОСК, ШЧ-6",,,"1шт 0,17ч",Нарушения регулировочного режима,CSH,2023,,,,,1.0,"0,17ч"
3,12720012,2023-02-22 14:15:00,Московская,"МОСК, ШЧ-4",,,,Индевение контактов автопереключателя СП-6М,CSH,2023,,,,,,
2,12720340,2023-02-23 01:44:00,Московская,"МОСК, ШЧ-8","2шт 0,48ч","2шт 0,23ч",,Обрыв внешнего монтажа аппаратуры защиты рельсовых цепей,CSH,2023,2.0,"0,48ч",2.0,"0,23ч",,
2,12720391,2023-02-23 03:46:00,Московская,"МОСК, ШЧ-33","1шт 0,25ч",,,Нарушение контакта в монтаже в путевых ящиках для размещения аппаратуры рельсовых цепей,CSH,2023,1.0,"0,25ч",,,,
2,12720865,2023-02-23 15:45:00,Московская,"МОСК, ШТЦ ДИ","1шт 0,23ч","1шт 0,13ч",,Обрыв в электрических цепях элементов релейных блоков аппаратуры постовых устройств ЭЦ,CSH,2023,1.0,"0,23ч",1.0,"0,13ч",,
3,12721425,2023-02-24 12:50:00,Московская,"МОСК, ШЧ-33",,,,Короткое замыкание (электрический пробой) элементов дешифраторной ячейки аппаратуры постовых устройств ЭЦ,CSH,2023,,,,,,
2,12727134,2023-02-24 22:42:00,Московская,"МОСК, ШЧ-32","2шт 0,7ч",,,Неисправность элементов крепления приборов в шкафах для размещения устройств АБ,CSH,2023,2.0,"0,7ч",,,,
1,12721813,2023-02-25 04:28:00,Московская,"МОСК, ШЧ-24","11шт 10,13ч",,,Нарушение регулировки усилия перевода СП-6М,CSH,2023,11.0,"10,13ч",,,,
2,12721953,2023-02-25 10:07:00,Московская,"МОСК, ШЧ-34","1шт 0,43ч","1шт 0,12ч","1шт 0,18ч",Нарушение монтажа шкафов для размещения устройств АБ,CSH,2023,1.0,"0,43ч",1.0,"0,12ч",1.0,"0,18ч"
2,12722199,2023-02-25 16:53:00,Московская,"МОСК, ШЧ-31","2шт 0,47ч",,,Износ фильтров аппаратуры АБ,CSH,2023,2.0,"0,47ч",,,,
3,12722221,2023-02-25 17:10:00,Московская,"МОСК, ШЧ-10",,,,Нарушение регулировки усилия перевода СП-6М,CSH,2023,,,,,,
2,12723100,2023-02-27 05:22:00,Московская,"МОСК, ШЧ-28",,"1шт 0,37ч",,Снижение емкости конденсаторов защитного блока аппаратуры рельсовых цепей,CSH,2023,,,1.0,"0,37ч",,
2,12723525,2023-02-27 12:00:00,Московская,"МОСК, ШЧ-24",,,"2шт 0,57ч","Нарушение монтажа стативов для размещения аппаратуры светофоров, указателей и полос",CSH,2023,,,,,2.0,"0,57ч"
3,12724883,2023-02-27 15:24:00,Московская,"МОСК, ШЧ-28",,,,Неисправность элементов трансмиттеров аппаратуры рельсовых цепей,CSH,2023,,,,,,
3,12723929,2023-02-27 22:28:00,Московская,"МОСК, ШЧ-34",,,,Неисправность элементов выпрямительных устройств аппаратуры электропитания АБ,CSH,2023,,,,,,
2,12724986,2023-02-28 21:00:00,Московская,"МОСК, ИЧ-2 ЛЬГОВСКАЯ Ш","2шт 1,2ч",,,Сообщение жил сигнально-блокировочного металлического кабеля схемы управления стрелкой,CSH,2023,2.0,"1,2ч",,,,
3,12725081,2023-03-01 02:20:00,Московская,"МОСК, ШЧ-32",,,,Повышенное переходное сопротивление между элементами ,CSH,2023,,,,,,
2,12725327,2023-03-01 08:05:00,Московская,"МОСК, ШТЦ ДИ",,,"1шт 0,13ч",Другие неисправности элементов релейных блоков аппаратуры постовых устройств ЭЦ,CSH,2023,,,,,1.0,"0,13ч"
2,12725905,2023-03-01 12:19:00,Московская,"МОСК, ШЧ-10","2шт 0,82ч",,,Нарушение монтажа стативов для размещения устройств АБ,CSH,2023,2.0,"0,82ч",,,,
2,12728411,2023-03-02 22:02:00,Московская,"МОСК, ШЧ-33",,,"1шт 0,42ч",Нарушение регулировочного режима,CSH,2023,,,,,1.0,"0,42ч"
2,12729831,2023-03-03 15:52:00,Московская,"МОСК, ШЧ-15",,,"3шт 0,93ч",Короткое замыкание монтажа ящика для размещения схемы управления стрелкой,CSH,2023,,,,,3.0,"0,93ч"
2,12730109,2023-03-04 01:17:00,Московская,"МОСК, ШЧ-6","1шт 0,32ч","3шт 1,42ч",,Нарушение изоляции ящика для размещения схемы управления стрелкой,CSH,2023,1.0,"0,32ч",3.0,"1,42ч",,
2,12730368,2023-03-04 10:00:00,Московская,"МОСК, ШЧ-33",,,"1шт 0,2ч","Нарушение элетрического контакта в болтовых и паечных соединениях, штепсельных разъемах внешнего монтажа аппаратуры рельсовых цепей",CSH,2023,,,,,1.0,"0,2ч"
3,12730530,2023-03-04 11:15:00,Московская,"МОСК, ШЧ-35",,,,Перегорание плавкой вставки (проволоки) предохранителей аппаратуры защиты постовых устройств ЭЦ,CSH,2023,,,,,,
2,12732339,2023-03-06 12:05:00,Московская,"МОСК, ШЧ-8",,"1шт 0,17ч",,Перегорание лампы линзового светофора,CSH,2023,,,1.0,"0,17ч",,
2,12734558,2023-03-07 13:27:00,Московская,"МОСК, ШЧ-35",,,"1шт 0,22ч",Некачественная пайка монтажа линзового светофора,CSH,2023,,,,,1.0,"0,22ч"
2,12735111,2023-03-07 22:50:00,Московская,"МОСК, ШЧ-8","2шт 0,52ч","1шт 0,18ч",,Излом элементов реле аппаратуры постовых устройств ЭЦ,CSH,2023,2.0,"0,52ч",1.0,"0,18ч",,
2,12735369,2023-03-08 09:25:00,Московская,"МОСК, ШЧ-14",,,"1шт 0,1ч","Повышенное переходное сопротивление между элементами (штепсель-рельс, провод (трос)-штепсель, провод (трос)-наконечник)",CSH,2023,,,,,1.0,"0,1ч"
2,12735822,2023-03-09 03:28:00,Московская,"МОСК, ШЧ-10","2шт 1,33ч","5шт 2,25ч","69шт 15,28ч",Нарушение монтажа стативов для размещения постовых устройств ЭЦ,CSH,2023,2.0,"1,33ч",5.0,"2,25ч",69.0,"15,28ч"
2,12737106,2023-03-09 13:30:00,Московская,"МОСК, ШЧ-8",,,"2шт 0,27ч",Нарушение контакта во внутреннем монтаже щитка управления и контроля стрелкой,CSH,2023,,,,,2.0,"0,27ч"
3,12738228,2023-03-10 05:40:00,Московская,"МОСК, ШЧ-28",,,,Другие неисправности элементов защитного блока аппаратуры рельсовых цепей,CSH,2023,,,,,,
3,12739116,2023-03-10 10:30:00,Московская,"МОСК, ШЧ-35",,,,Неисправность рабочих сережек стрелочного перевода,CSH,2023,,,,,,
3,12739117,2023-03-10 13:00:00,Московская,"МОСК, ШЧ-34",,,,Обрыв внешнего монтажа аппаратуры электропитания рельсовых цепей,CSH,2023,,,,,,
2,12740229,2023-03-11 11:00:00,Московская,"МОСК, ШЧ-4","3шт 1,02ч",,,Перегорание лампы линзового светофора,CSH,2023,3.0,"1,02ч",,,,
2,12740350,2023-03-11 11:08:00,Московская,"МОСК, ШЧ-14",,,"5шт 1,85ч",Механические повреждения сигнально-блокировочного металлического кабеля рельсовых цепей,CSH,2023,,,,,5.0,"1,85ч"
3,12741058,2023-03-12 12:34:00,Московская,"МОСК, ШЧ-28",,,,"Обрыв внешнего монтажа аппаратуры защиты  светофоров, указателей и полос",CSH,2023,,,,,,
3,12741342,2023-03-12 18:49:00,Московская,"МОСК, ШЧ-35",,,,Неисправность элементов трансформаторов аппаратуры рельсовых цепей,CSH,2023,,,,,,
2,12741422,2023-03-12 21:40:00,Московская,"МОСК, ШЧ-33","3шт 1,8ч","1шт 0,1ч","4шт 0,58ч",Нарушение контакта во внутреннем монтаже СП-6М,CSH,2023,3.0,"1,8ч",1.0,"0,1ч",4.0,"0,58ч"
2,12741722,2023-03-13 06:18:00,Московская,"МОСК, ШЧ-24","4шт 1,23ч",,"1шт 0,1ч",Нарушение монтажа шкафов для размещения устройств АБ,CSH,2023,4.0,"1,23ч",,,1.0,"0,1ч"
2,12741757,2023-03-13 06:45:00,Московская,"МОСК, ШЧ-28",,"2шт 0,37ч","1шт 0,15ч",Нарушение контакта в монтаже в путевых ящиках для размещения аппаратуры рельсовых цепей,CSH,2023,,,2.0,"0,37ч",1.0,"0,15ч"
1,12743094,2023-03-13 21:28:00,Московская,"МОСК, ШЧ-6","4шт 5,67ч","5шт 0,85ч","6шт 1,82ч",Неправильные действия ДСП,CSH,2023,4.0,"5,67ч",5.0,"0,85ч",6.0,"1,82ч"
2,12743232,2023-03-14 03:00:00,Московская,"МОСК, ШЧ-28","1шт 0,97ч",,,Заклинивание деталей СП-6М,CSH,2023,1.0,"0,97ч",,,,
2,12744850,2023-03-14 19:40:00,Московская,"МОСК, ШЧ-24",,,"1шт 0,18ч",Короткое замыкание (электрический пробой) элементов блока питания постовых устройств ЭЦ,CSH,2023,,,,,1.0,"0,18ч"
3,12745016,2023-03-15 01:55:00,Московская,"МОСК, ШЧ-21",,,,Просадка напряжения на питающей линии,CSH,2023,,,,,,
2,12745500,2023-03-15 08:43:00,Московская,"МОСК, ШЧ-24","1шт 0,72ч",,,Неисправность элементов крепления приборов в шкафах для размещения устройств АБ,CSH,2023,1.0,"0,72ч",,,,
2,12746346,2023-03-15 14:01:00,Московская,"МОСК, ШЧ-24",,,"5шт 2,12ч",Нарушение герметичности ящика для размещения схемы управления стрелкой,CSH,2023,,,,,5.0,"2,12ч"
2,12746968,2023-03-16 04:15:00,Московская,"МОСК, ШЧ-15","5шт 3,57ч","1шт 0,15ч",,Нарушение контакта монтажа в ящиках для размещения схемы управления стрелкой,CSH,2023,5.0,"3,57ч",1.0,"0,15ч",,
2,12748288,2023-03-17 04:05:00,Московская,"МОСК, ШЧ-28","2шт 1,02ч","1шт 0,57ч",,Перегорание плавкой вставки (проволоки) предохранителей аппаратуры защиты схемы управления стрелкой,CSH,2023,2.0,"1,02ч",1.0,"0,57ч",,
3,12749223,2023-03-17 18:10:00,Московская,"МОСК, ШЧ-33",,,,Нарушение контакта в монтаже в путевых ящиках для размещения аппаратуры рельсовых цепей,CSH,2023,,,,,,
2,12749451,2023-03-18 05:13:00,Московская,"МОСК, ШЧ-31","1шт 0,83ч",,,Нарушение монтажа шкафов для размещения устройств АБ,CSH,2023,1.0,"0,83ч",,,,
2,12749877,2023-03-18 18:06:00,Московская,"МОСК, ШЧ-31","1шт 0,22ч",,"1шт 0,22ч",Нарушение монтажа шкафов для размещения устройств АБ,CSH,2023,1.0,"0,22ч",,,1.0,"0,22ч"
2,12750050,2023-03-19 00:38:00,Московская,"МОСК, ШЧ-6",,"5шт 1,33ч",,Нарушения регулировочного режима,CSH,2023,,,5.0,"1,33ч",,
3,12750347,2023-03-19 11:39:00,Московская,"МОСК, ИЧ МОСКВА Ш",,,,Нарушение герметичности ящика для размещения схемы управления стрелкой,CSH,2023,,,,,,
2,12750414,2023-03-19 12:58:00,Московская,"МОСК, ШЧ-10",,,"1шт 0,17ч",Неисправность элементов крепления приборов на стативах для размещения постовых устройств ЭЦ,CSH,2023,,,,,1.0,"0,17ч"
2,12750857,2023-03-20 03:42:00,Московская,"МОСК, ШЧ-33","2шт 0,65ч","1шт 0,13ч","1шт 0,15ч",Сообщение жил сигнально-блокировочного металлического кабеля рельсовых цепей,CSH,2023,2.0,"0,65ч",1.0,"0,13ч",1.0,"0,15ч"
3,12750870,2023-03-20 05:04:00,Московская,"МОСК, ШЧ-34",,,,Неисправность жгута проводов (монтажа) переездного светофора,CSH,2023,,,,,,
2,12751540,2023-03-20 13:55:00,Московская,"МОСК, ШЧ-8","6шт 3,33ч",,,Короткое замыкание (пробой) элементов защитного блока аппаратуры схемы управления стрелкой,CSH,2023,6.0,"3,33ч",,,,
3,12751899,2023-03-20 20:48:00,Московская,"МОСК, ШТЦ ДИ",,,,Сбой программной части АРМ центрального поста ДЦ,CSH,2023,,,,,,
3,12751980,2023-03-21 00:25:00,Московская,"МОСК, ШЧ-26",,,,Нарушение герметичности путевого ящика для размещения аппаратуры рельсовых цепей,CSH,2023,,,,,,
3,12752739,2023-03-21 12:07:00,Московская,"МОСК, ШЧ-24",,,,Нарушение контакта в монтаже в путевых ящиках для размещения аппаратуры рельсовых цепей,CSH,2023,,,,,,
2,12752976,2023-03-21 14:22:00,Московская,"МОСК, ШЧ-35","2шт 0,72ч",,,Ослабление затяжки болтов перемычки,CSH,2023,2.0,"0,72ч",,,,
2,12753456,2023-03-22 01:35:00,Московская,"МОСК, ШЧ-28",,"1шт 0,18ч",,Обрыв внешнего монтажа аппаратуры защиты рельсовых цепей,CSH,2023,,,1.0,"0,18ч",,
1,12755046,2023-03-23 01:58:00,Московская,"МОСК, ШЧ-8","19шт 24,68ч",,,Неисправность кабельростов оборудования для размещения,CSH,2023,19.0,"24,68ч",,,,
2,12756230,2023-03-23 17:35:00,Московская,"МОСК, ШЧ-33","1шт 0,38ч",,,Неисправность путевой перемычки,CSH,2023,1.0,"0,38ч",,,,
3,12756319,2023-03-23 21:50:00,Московская,"МОСК, ШЧ-34",,,,Нарушение контакта во внутреннем монтаже СП-12Н,CSH,2023,,,,,,
2,12756592,2023-03-24 06:03:00,Московская,"МОСК, ШЧ-24",,"6шт 2,23ч","22шт 3,97ч","Перегорание плавкой вставки (проволоки) предохранителей аппаратуры защиты светофоров, указателей и полос",CSH,2023,,,6.0,"2,23ч",22.0,"3,97ч"
3,12757005,2023-03-24 10:57:00,Московская,"МОСК, ШЧ-4",,,,"Нарушение монтажа стативов для размещения аппаратуры светофоров, указателей и полос",CSH,2023,,,,,,
3,12757301,2023-03-24 13:32:00,Московская,"МОСК, ШЧ-14",,,,Обрыв жил кабеля напольного оборудования,CSH,2023,,,,,,
2,12757399,2023-03-24 15:21:00,Московская,"МОСК, ШЧ-35",,,"1шт 0,17ч",Неисправность элементов крепления приборов в шкафах для размещения устройств АБ,CSH,2023,,,,,1.0,"0,17ч"
2,12757495,2023-03-24 17:04:00,Московская,"МОСК, ШЧ-4",,"2шт 0,37ч","5шт 0,67ч","Нарушение монтажа стативов для размещения аппаратуры светофоров, указателей и полос",CSH,2023,,,2.0,"0,37ч",5.0,"0,67ч"
2,12758209,2023-03-25 14:58:00,Московская,"МОСК, ИЧ-2 ЛЬГОВСКАЯ Ш",,,"1шт 0,12ч",Нарушения регулировочного режима,CSH,2023,,,,,1.0,"0,12ч"
2,12758321,2023-03-25 18:26:00,Московская,"Ю-ВОСТ, ШЧ-5 (Р)",,"2шт 0,37ч",,Неисправность контактной системы реле аппаратуры АБ,CSH,2023,,,2.0,"0,37ч",,
2,12758332,2023-03-25 19:31:00,Московская,"МОСК, ШЧ-10",,"1шт 0,3ч","4шт 0,63ч",Неисправность элементов трансмиттеров аппаратуры рельсовых цепей,CSH,2023,,,1.0,"0,3ч",4.0,"0,63ч"
1,12758490,2023-03-26 02:16:00,Московская,"МОСК, ИЧ МОСКВА Ш","2шт 1,45ч",,,Разрегулировка контактов автопереключателя СП-6К,CSH,2023,2.0,"1,45ч",,,,
2,12758549,2023-03-26 04:54:00,Московская,"МОСК, ШЧ-34",,"1шт 0,13ч",,Нарушение контакта в монтаже в путевых ящиках для размещения аппаратуры рельсовых цепей,CSH,2023,,,1.0,"0,13ч",,
2,12759400,2023-03-27 06:25:00,Московская,"МОСК, ШЧ-24",,,"1шт 0,12ч",Залипание якоря реле аппаратуры рельсовых цепей,CSH,2023,,,,,1.0,"0,12ч"
2,12760045,2023-03-27 13:44:00,Московская,"МОСК, ШТЦ ДИ","1шт 0,17ч",,"3шт 0,38ч",Механическое заедание элементов пульта с выносным табло постовых устройств ЭЦ,CSH,2023,1.0,"0,17ч",,,3.0,"0,38ч"
2,12760902,2023-03-28 06:55:00,Московская,"МОСК, ШЧ-32",,,"1шт 0,22ч",Обрыв внешнего монтажа аппаратуры электропитания рельсовых цепей,CSH,2023,,,,,1.0,"0,22ч"
3,12760928,2023-03-28 07:08:00,Московская,"МОСК, ШЧ-28",,,,Нарушение регулировки гарнитуры стрелки,CSH,2023,,,,,,
3,12761315,2023-03-28 09:40:00,Московская,"МОСК, ШЧ-15",,,,Нарушение контакта в монтаже в путевых ящиках для размещения аппаратуры рельсовых цепей,CSH,2023,,,,,,
1,12762428,2023-03-29 05:26:00,Московская,"МОСК, ШЧ-34","1шт 1,8ч",,"3шт 0,38ч",Неисправность элементов блока питания рельсовых цепей,CSH,2023,1.0,"1,8ч",,,3.0,"0,38ч"
3,12762588,2023-03-29 07:20:00,Московская,"МОСК, ШЧ-5",,,,Повышенное переходное сопротивление между элементами ,CSH,2023,,,,,,
3,12763307,2023-03-29 13:40:00,Московская,"МОСК, ШЧ-35",,,,Ослабление крепления предохранителей аппаратуры защиты рельсовых цепей,CSH,2023,,,,,,
2,12763919,2023-03-29 23:29:00,Московская,"МОСК, ШЧ-14",,,"5шт 0,92ч",Неисправность аппаратуры СЦБ систем ДК,CSH,2023,,,,,5.0,"0,92ч"
3,12764527,2023-03-30 10:46:00,Московская,"МОСК, ШЧ-19",,,,Нарушение монтажа шкафов для размещения устройств АБ,CSH,2023,,,,,,
2,12764771,2023-03-30 12:35:00,Московская,"МОСК, ШЧ-8","1шт 0,38ч","1шт 0,18ч","2шт 0,37ч",Перегорание плавкой вставки (проволоки) предохранителей аппаратуры защиты постовых устройств ЭЦ,CSH,2023,1.0,"0,38ч",1.0,"0,18ч",2.0,"0,37ч"
2,12766176,2023-03-30 18:13:00,Московская,"МОСК, ШЧ-19","1шт 0,27ч",,,Неисправность блока контроля напряжения,CSH,2023,1.0,"0,27ч",,,,
2,12765206,2023-03-30 18:44:00,Московская,"МОСК, ШЧ-24","1шт 0,38ч",,"1шт 0,3ч",Нарушение контакта в монтаже в путевых ящиках для размещения аппаратуры рельсовых цепей,CSH,2023,1.0,"0,38ч",,,1.0,"0,3ч"
2,12765232,2023-03-30 19:56:00,Московская,"МОСК, ИЧ-2 ЛЬГОВСКАЯ Ш","1шт 0,52ч",,,"Подгар, сваривание контактов трансмиттеров аппаратуры АБ",CSH,2023,1.0,"0,52ч",,,,
2,12766341,2023-03-31 14:45:00,Московская,"МОСК, ШЧ-32","1шт 0,58ч",,,Износ элементов панелей питания постовых устройств ЭЦ,CSH,2023,1.0,"0,58ч",,,,
2,12767029,2023-04-01 14:07:00,Московская,"МОСК, ШЧ-34",,"1шт 0,15ч","1шт 0,1ч",Нарушение контакта в штепсельном разъеме дешифраторной ячейки аппаратуры АБ,CSH,2023,,,1.0,"0,15ч",1.0,"0,1ч"
2,12767457,2023-04-02 05:25:00,Московская,"МОСК, ШЧ-34",,,"1шт 0,18ч",Обрыв жил сигнально-блокировочного металлического кабеля кабельной сети АБ,CSH,2023,,,,,1.0,"0,18ч"
3,12768584,2023-04-03 09:39:00,Московская,"МОСК, ИЧ МОСКВА Ш",,,,"Обрыв жил сигнально-блокировочного металлического кабеля светофоров, указателей и полос",CSH,2023,,,,,,
3,12768921,2023-04-03 12:03:00,Московская,"МОСК, ШЧ-8",,,,Обрыв жил контрольного кабеля линий СЦБ,CSH,2023,,,,,,
2,12769723,2023-04-03 15:53:00,Московская,"МОСК, ШТЦ ДИ",,"1шт 0,2ч",,"Подгар, сваривание контактов релейных блоков аппаратуры постовых устройств ЭЦ",CSH,2023,,,1.0,"0,2ч",,
3,12770023,2023-04-03 18:05:00,Московская,"МОСК, ШЧ-24",,,,Нарушение монтажа стативов для размещения постовых устройств ЭЦ,CSH,2023,,,,,,
3,12770702,2023-04-04 08:40:00,Московская,"МОСК, ШЧ-17",,,,Нарушение контакта монтажа в элементах панелей питания постовых устройств ЭЦ,CSH,2023,,,,,,
1,12772384,2023-04-04 16:12:00,Московская,"МОСК, ШЧ-19","2шт 1,78ч",,,Другие неисправности предохранителей аппаратуры защиты рельсовых цепей,CSH,2023,2.0,"1,78ч",,,,
2,12773161,2023-04-05 05:58:00,Московская,"МОСК, ШЧ-32","2шт 0,48ч",,,Подгар контактов реле аппаратуры АБ,CSH,2023,2.0,"0,48ч",,,,
3,12775362,2023-04-05 16:25:00,Московская,"МОСК, ШЧ-4",,,,Неисправность элементов трансформаторов аппаратуры рельсовых цепей,CSH,2023,,,,,,
2,12777171,2023-04-06 13:07:00,Московская,"МОСК, ШЧ-17","1шт 0,25ч",,,Нарушение монтажа стативов для размещения постовых устройств ЭЦ,CSH,2023,1.0,"0,25ч",,,,
2,12781277,2023-04-08 18:58:00,Московская,"МОСК, ШЧ-35","1шт 0,65ч",,,Короткое замыкание (электрический пробой) элементов трансформаторов аппаратуры рельсовых цепей,CSH,2023,1.0,"0,65ч",,,,
3,12781453,2023-04-09 00:50:00,Московская,"МОСК, ШЧ-17",,,,Короткое замыкание (пробой) элементов уравнивающего трансформатора УТ3 аппаратуры утройств АБ,CSH,2023,,,,,,
3,12781913,2023-04-09 13:00:00,Московская,"МОСК, ШЧ-34",,,,Неисправность жгута проводов (монтажа) переездного светофора,CSH,2023,,,,,,
3,12782542,2023-04-09 23:23:00,Московская,"МОСК, ШЧ-5",,,,Повышенное переходное сопротивление между элементами ,CSH,2023,,,,,,
3,12790305,2023-04-10 14:09:00,Московская,"МОСК, ШЧ-21",,,,Неисправность болометра,CSH,2023,,,,,,
2,12783798,2023-04-10 14:25:00,Московская,"МОСК, ШЧ-28","2шт 0,45ч",,,Нарушение регулировки гарнитуры стрелки,CSH,2023,2.0,"0,45ч",,,,
2,12784752,2023-04-11 06:42:00,Московская,"МОСК, ШЧ-24","1шт 0,58ч","1шт 0,33ч","1шт 0,15ч",Нарушение герметичности путевого ящика для размещения аппаратуры рельсовых цепей,CSH,2023,1.0,"0,58ч",1.0,"0,33ч",1.0,"0,15ч"
3,12787645,2023-04-12 09:40:00,Московская,"МОСК, ШЧ-14",,,,Нарушение монтажа стативов для размещения постовых устройств ЭЦ,CSH,2023,,,,,,
2,12787782,2023-04-12 11:20:00,Московская,"МОСК, ШЧ-14",,,"1шт 0,12ч","Износ элементов реле аппаратуры светофоров, указателей и полос",CSH,2023,,,,,1.0,"0,12ч"
3,12787951,2023-04-12 11:40:00,Московская,"МОСК, ШЧ-33",,,,Нарушение контакта во внутреннем монтаже СП-6М,CSH,2023,,,,,,
2,12788893,2023-04-12 17:30:00,Московская,"МОСК, ШЧ-6",,,"1шт 0,28ч",Перекос фаз питающего напряжения панелей питания постовых устройств ЭЦ,CSH,2023,,,,,1.0,"0,28ч"
2,12791012,2023-04-13 20:05:00,Московская,"МОСК, ШЧ-24","1шт 0,92ч",,,Нарушение контакта в монтаже в путевых ящиках для размещения аппаратуры рельсовых цепей,CSH,2023,1.0,"0,92ч",,,,
2,12791482,2023-04-14 07:52:00,Московская,"МОСК, ШЧ-24","3шт 2,55ч",,,Излом датчика УКСПС по старой трещине,CSH,2023,3.0,"2,55ч",,,,
3,12792862,2023-04-14 23:55:00,Московская,"МОСК, ШЧ-21",,,,Неисправность стоек для размещения постовых устройств ЭЦ,CSH,2023,,,,,,
3,12793647,2023-04-15 18:49:00,Московская,"МОСК, ШЧ-28",,,,Короткое замыкание внешнего монтажа аппаратуры защиты  рельсовых цепей,CSH,2023,,,,,,
2,12793897,2023-04-16 04:02:00,Московская,"МОСК, ШЧ-10","5шт 2,27ч",,"1шт 0,12ч",Перегорание плавкой вставки (проволоки) предохранителей аппаратуры защиты рельсовых цепей,CSH,2023,5.0,"2,27ч",,,1.0,"0,12ч"
2,12795544,2023-04-17 14:16:00,Московская,"МОСК, ШЧ-15",,,"4шт 0,52ч","Неисправность элементов крепления приборов на стативах для размещения аппаратуры светофоров, указателей и полос",CSH,2023,,,,,4.0,"0,52ч"
2,12795545,2023-04-17 14:20:00,Московская,"МОСК, ШЧ-10",,"1шт 0,25ч",,Искажение кодовых комбинаций трансмиттеров аппаратуры рельсовых цепей,CSH,2023,,,1.0,"0,25ч",,
3,12798677,2023-04-19 11:33:00,Московская,"МОСК, ШЧ-28",,,,Неисправность элементов реле аппаратуры постовых устройств ЭЦ,CSH,2023,,,,,,
2,12798991,2023-04-19 14:37:00,Московская,"МОСК, ШЧ-4",,,"4шт 0,72ч","Обрыв жил сигнально-блокировочного металлического кабеля светофоров, указателей и полос",CSH,2023,,,,,4.0,"0,72ч"
3,12800144,2023-04-20 08:53:00,Московская,"МОСК, ШЧ-31",,,,"Нарушение элетрического контакта в болтовых и паечных соединениях, штепсельных разъемах внешнего монтажа аппаратуры постовых устройств ЭЦ",CSH,2023,,,,,,
2,12800570,2023-04-20 12:25:00,Московская,"МОСК, ШЧ-28",,"2шт 0,37ч",,Короткое замыкание (электрический пробой) элементов трансформаторов аппаратуры рельсовых цепей,CSH,2023,,,2.0,"0,37ч",,
2,12802200,2023-04-21 12:04:00,Московская,"МОСК, ШЧ-32","4шт 1,03ч",,,Нарушение герметичности путевого ящика для размещения аппаратуры рельсовых цепей,CSH,2023,4.0,"1,03ч",,,,
3,12802590,2023-04-21 15:34:00,Московская,"МОСК, ШЧ-15",,,,"Неисправность элементов реле аппаратуры светофоров, указателей и полос",CSH,2023,,,,,,
2,12802736,2023-04-21 17:50:00,Московская,"МОСК, ШЧ-8",,"1шт 0,15ч",,Обрыв обмотки реле аппаратуры постовых устройств ЭЦ,CSH,2023,,,1.0,"0,15ч",,
3,12803025,2023-04-22 07:00:00,Московская,"МОСК, ШЧ-26",,,,Неисправность элементов крепления приборов в шкафах для размещения устройств АБ,CSH,2023,,,,,,
3,12803231,2023-04-22 11:02:00,Московская,"МОСК, ШТЦ ДИ",,,,Короткое замыкание (пробой) элементов генератора ТРЦ аппаратуры рельсовых цепей,CSH,2023,,,,,,
2,12803605,2023-04-22 23:45:00,Московская,"МОСК, ШЧ-5",,"1шт 0,15ч",,Повреждение контактной системы реле дешифраторной ячейки аппаратуры АБ,CSH,2023,,,1.0,"0,15ч",,
1,12803704,2023-04-23 01:35:00,Московская,"МОСК, ШЧ-15","3шт 3,02ч",,,100% (свежий) излом датчика УКСПС,CSH,2023,3.0,"3,02ч",,,,
3,12803664,2023-04-23 01:39:00,Московская,"МОСК, ШЧ-34",,,,Электрический пробой элементов выпрямительных устройств электропитания АБ,CSH,2023,,,,,,
2,12803758,2023-04-23 05:56:00,Московская,"МОСК, ШЧ-4","1шт 0,37ч",,"2шт 0,35ч","Неисправность элементов крепления приборов на стативах для размещения аппаратуры светофоров, указателей и полос",CSH,2023,1.0,"0,37ч",,,2.0,"0,35ч"
3,12803799,2023-04-23 07:51:00,Московская,"МОСК, ШЧ-17",,,,Перегорание элементов панелей питания постовых устройств ЭЦ,CSH,2023,,,,,,
2,12804225,2023-04-23 16:35:00,Московская,"МОСК, ШЧ-21","2шт 0,92ч",,"1шт 0,25ч",Отсутствие внешнего энергоснабжения стрелки со схемой управления,CSH,2023,2.0,"0,92ч",,,1.0,"0,25ч"
3,12804250,2023-04-23 17:27:00,Московская,"МОСК, ШЧ-5",,,,Закорачивание РЦ,CSH,2023,,,,,,
3,12807334,2023-04-23 21:34:00,Московская,"МОСК, ШЧ-19",,,,"Механическое разрушение, обрыв воронки, муфты линии СЦБ напряжением до 1000 В",CSH,2023,,,,,,
2,12804431,2023-04-24 00:30:00,Московская,"МОСК, ШЧ-31","1шт 0,3ч","1шт 0,15ч",,Неисправность элементов фильтров аппаратуры АБ,CSH,2023,1.0,"0,3ч",1.0,"0,15ч",,
2,12804478,2023-04-24 02:30:00,Московская,"МОСК, ШЧ-21",,"1шт 0,23ч",,Обрыв жил сигнально-блокировочного металлического кабеля кабельной сети АБ,CSH,2023,,,1.0,"0,23ч",,
2,12804881,2023-04-24 08:03:00,Московская,"МОСК, ИЧ-2 ЛЬГОВСКАЯ Ш","2шт 1,37ч",,,Нарушение монтажа шкафов для размещения устройств АБ,CSH,2023,2.0,"1,37ч",,,,
2,12805046,2023-04-24 09:15:00,Московская,"МОСК, ШЧ-8","2шт 0,55ч",,,Механическое заедание элементов пульта с выносным табло постовых устройств ЭЦ,CSH,2023,2.0,"0,55ч",,,,
3,12805182,2023-04-24 10:50:00,Московская,"МОСК, ШЧ-34",,,,Отсутствие внешнего энергоснабжения,CSH,2023,,,,,,
2,12806427,2023-04-25 02:36:00,Московская,"МОСК, ШЧ-26",,"1шт 0,22ч",,Неисправность контактной системы реле аппаратуры рельсовых цепей,CSH,2023,,,1.0,"0,22ч",,
3,12807128,2023-04-25 11:05:00,Московская,"МОСК, ШЧ-31",,,,Короткое замыкание (электрический пробой) элементов трансформаторов аппаратуры рельсовых цепей,CSH,2023,,,,,,
1,12808372,2023-04-26 01:02:00,Московская,"МОСК, ШЧ-4","26шт 21,08ч",,"3шт 0,72ч",Закорачивание РЦ,CSH,2023,26.0,"21,08ч",,,3.0,"0,72ч"
2,12808795,2023-04-26 07:49:00,Московская,"МОСК, ШЧ-26",,,"1шт 0,4ч",Сообщение жил сигнально-блокировочного металлического кабеля кабельной сети АБ,CSH,2023,,,,,1.0,"0,4ч"
2,12809390,2023-04-26 12:06:00,Московская,"МОСК, ШЧ-15",,,"1шт 0,13ч",Ослабление затяжки болтов перемычки,CSH,2023,,,,,1.0,"0,13ч"
2,12810124,2023-04-26 18:00:00,Московская,"МОСК, ШЧ-14",,,"3шт 0,3ч",Сваривание контактов реле аппаратуры АБ,CSH,2023,,,,,3.0,"0,3ч"
2,12810655,2023-04-27 06:43:00,Московская,"МОСК, ШЧ-10","1шт 0,32ч",,"2шт 0,2ч",Нарушение контакта в монтаже в ящиках для размещения устройств АБ,CSH,2023,1.0,"0,32ч",,,2.0,"0,2ч"
2,12810927,2023-04-27 09:23:00,Московская,"МОСК, ШЧ-5",,,"1шт 0,12ч",Нарушение регулировочного режима,CSH,2023,,,,,1.0,"0,12ч"
3,12811475,2023-04-27 13:37:00,Московская,"МОСК, ШЧ-33",,,,Нарушение регулировки гарнитуры стрелки,CSH,2023,,,,,,
3,12811929,2023-04-27 19:55:00,Московская,"МОСК, ШЧ-24",,,,Нарушение контакта в монтаже в путевых ящиках для размещения аппаратуры рельсовых цепей,CSH,2023,,,,,,
2,12811959,2023-04-27 21:08:00,Московская,"МОСК, ШЧ-6",,,"3шт 0,5ч",Перегорание плавкой вставки (проволоки) предохранителей аппаратуры защиты постовых устройств ЭЦ,CSH,2023,,,,,3.0,"0,5ч"
2,12812099,2023-04-28 01:27:00,Московская,"МОСК, ШЧ-26","1шт 0,52ч",,,Потеря контакта в ламподержателе линзового светофора,CSH,2023,1.0,"0,52ч",,,,
2,12812995,2023-04-28 13:45:00,Московская,"МОСК, ШЧ-35","1шт 0,43ч",,"1шт 0,13ч",Неисправность элементов дешифраторной ячейки аппаратуры АБ,CSH,2023,1.0,"0,43ч",,,1.0,"0,13ч"
2,12814774,2023-04-30 14:40:00,Московская,"МОСК, ШЧ-24","8шт 4,13ч",,"4шт 1,08ч","Неисправность элементов трансформаторов аппаратуры светофоров, указателей и полос",CSH,2023,8.0,"4,13ч",,,4.0,"1,08ч"
2,12814843,2023-04-30 16:53:00,Московская,"МОСК, ШЧ-5",,,"2шт 0,23ч",Обрыв жил сигнально-блокировочного металлического кабеля кабельной сети АБ,CSH,2023,,,,,2.0,"0,23ч"
3,12815375,2023-05-01 13:02:00,Московская,"МОСК, ИЧ МОСКВА Ш",,,,Износ элементов генератора аппаратуры рельсовых цепей,CSH,2023,,,,,,
2,12815641,2023-05-01 18:54:00,Московская,"МОСК, ШЧ-6","4шт 0,93ч",,"1шт 0,27ч",Закорачивание РЦ,CSH,2023,4.0,"0,93ч",,,1.0,"0,27ч"
3,12815707,2023-05-01 20:35:00,Московская,"МОСК, ШЧ-33",,,,Повышенное переходное сопротивление между элементами ,CSH,2023,,,,,,
2,12816303,2023-05-02 03:46:00,Московская,"МОСК, ШТЦ ДИ","1шт 0,52ч","4шт 0,95ч",,Неисправность элементов трансмиттеров аппаратуры АБ,CSH,2023,1.0,"0,52ч",4.0,"0,95ч",,
2,12817766,2023-05-02 20:00:00,Московская,"МОСК, ШЧ-34","1шт 0,6ч",,"2шт 0,55ч",Неисправность деталей блока АСЛ-ЕН аппаратуры АБ,CSH,2023,1.0,"0,6ч",,,2.0,"0,55ч"
3,12820727,2023-05-03 18:55:00,Московская,"МОСК, ШЧ-33",,,,Обрыв провода (троса) перемычки,CSH,2023,,,,,,
2,12823586,2023-05-05 02:05:00,Московская,"МОСК, ШЧ-28",,"2шт 0,42ч",,Обрыв жил сигнально-блокировочного металлического кабеля рельсовых цепей,CSH,2023,,,2.0,"0,42ч",,
2,12823714,2023-05-05 04:40:00,Московская,"МОСК, ШЧ-6","1шт 0,43ч","1шт 0,1ч","6шт 1,32ч",Неисправность элементов крепления приборов на стативах для размещения постовых устройств ЭЦ,CSH,2023,1.0,"0,43ч",1.0,"0,1ч",6.0,"1,32ч"
2,12825744,2023-05-05 23:08:00,Московская,"МОСК, ШЧ-14",,,"1шт 0,2ч","Нарушение элетрического контакта в болтовых и паечных соединениях, штепсельных разъемах внешнего монтажа аппаратуры светофоров, указателей и полос",CSH,2023,,,,,1.0,"0,2ч"
3,12825809,2023-05-06 00:07:00,Московская,"МОСК, ШЧ-5",,,,Обрыв жил сигнально-блокировочного металлического кабеля рельсовых цепей,CSH,2023,,,,,,
2,12826949,2023-05-06 23:10:00,Московская,"МОСК, ШЧ-24","1шт 0,23ч","1шт 0,15ч",,Пробой элементов преобразователей электропитания рельсовых цепей,CSH,2023,1.0,"0,23ч",1.0,"0,15ч",,
2,12827799,2023-05-07 17:40:00,Московская,"МОСК, ШЧ-8",,"1шт 0,1ч",,Нарушение изоляции стативов для размещения постовых устройств ЭЦ,CSH,2023,,,1.0,"0,1ч",,
3,12829573,2023-05-09 19:10:00,Московская,"МОСК, ШЧ-34",,,,Нарушение контакта в монтаже в ящиках для размещения устройств АБ,CSH,2023,,,,,,
3,12835094,2023-05-12 03:10:00,Московская,"МОСК, ШЧ-34",,,,Неисправность контактной системы реле аппаратуры АБ,CSH,2023,,,,,,
2,12836963,2023-05-12 15:55:00,Московская,"МОСК, ШЧ-34","1шт 0,27ч",,,Отсутствие внешнего энергоснабжения,CSH,2023,1.0,"0,27ч",,,,
3,12842192,2023-05-14 05:25:00,Московская,"МОСК, ШЧ-28",,,,Перегорание лампы линзового светофора,CSH,2023,,,,,,
1,12842416,2023-05-16 19:51:00,Московская,"МОСК, ШЧ-31","2шт 2,53ч","1шт 0,4ч","1шт 0,18ч",Залипание якоря реле аппаратуры АБ,CSH,2023,2.0,"2,53ч",1.0,"0,4ч",1.0,"0,18ч"
2,12842473,2023-05-16 22:18:00,Московская,"МОСК, ШЧ-10",,,"2шт 0,42ч",Излом деталей СП-6М,CSH,2023,,,,,2.0,"0,42ч"
2,12847311,2023-05-17 09:30:00,Московская,"МОСК, ШЧ-14",,,"2шт 0,67ч",Неисправность первой межостряковой тяги стрелочного перевода,CSH,2023,,,,,2.0,"0,67ч"
3,12843396,2023-05-17 12:03:00,Московская,"МОСК, ШЧ-34",,,,Неисправность блока или модуля линейного пункта ДК,CSH,2023,,,,,,
2,12844488,2023-05-18 06:04:00,Московская,"МОСК, ШЧ-10","2шт 0,72ч",,,Короткое замыкание монтажа линзового светофора,CSH,2023,2.0,"0,72ч",,,,
3,12845087,2023-05-18 12:00:00,Московская,"МОСК, ШЧ-33",,,,Нарушение монтажа стативов для размещения постовых устройств ЭЦ,CSH,2023,,,,,,
3,12845553,2023-05-18 16:07:00,Московская,"МОСК, ШЧ-24",,,,Нарушение герметичности колбы лампы линзового светофора,CSH,2023,,,,,,
3,12850522,2023-05-19 03:50:00,Московская,"МОСК, ШЧ-28",,,,Короткое замыкание внешнего монтажа аппаратуры защиты  рельсовых цепей,CSH,2023,,,,,,
3,12847119,2023-05-19 14:10:00,Московская,"МОСК, ШЧ-17",,,,"Нарушение изоляции шкафов для размещения аппаратуры светофоров, указателей и полос",CSH,2023,,,,,,
1,12847818,2023-05-20 07:30:00,Московская,"МОСК, ШЧ-24","10шт 7,87ч",,"3шт 1,37ч",Короткое замыкание монтажа ящика для размещения устройств АБ,CSH,2023,10.0,"7,87ч",,,3.0,"1,37ч"
3,12848661,2023-05-21 06:00:00,Московская,"МОСК, ШЧ-4",,,,Обрыв сигнально-блокировочного металлического кабеля,CSH,2023,,,,,,
2,12850775,2023-05-22 09:50:00,Московская,"МОСК, ШЧ-28","2шт 0,7ч",,,Нарушение монтажа шкафов для размещения устройств АБ,CSH,2023,2.0,"0,7ч",,,,
2,12850331,2023-05-22 12:47:00,Московская,"МОСК, ШЧ-24",,"1шт 0,2ч",,Нарушение регулировки гарнитуры стрелки,CSH,2023,,,1.0,"0,2ч",,
2,12850759,2023-05-22 16:30:00,Московская,"МОСК, ШЧ-31","1шт 0,93ч","2шт 0,37ч","1шт 0,15ч",Неисправность элементов крепления приборов в шкафах для размещения устройств АБ,CSH,2023,1.0,"0,93ч",2.0,"0,37ч",1.0,"0,15ч"
3,12850760,2023-05-22 16:40:00,Московская,"МОСК, ШЧ-26",,,,Нарушение контакта монтажа в ящиках для размещения схемы управления стрелкой,CSH,2023,,,,,,
1,12851706,2023-05-23 08:10:00,Московская,"МОСК, ШЧ-24","5шт 3,85ч",,,Понижение сопротивления изоляции сигнально-блокировочного металлического кабеля схемы управления стрелкой,CSH,2023,5.0,"3,85ч",,,,
3,12855450,2023-05-25 09:07:00,Московская,"МОСК, ШЧ-15",,,,Влияние посторонних источников питания,CSH,2023,,,,,,
2,12856088,2023-05-25 15:10:00,Московская,"МОСК, ШЧ-28","2шт 0,75ч",,,Нарушение контакта в монтаже в ящиках для размещения устройств АБ,CSH,2023,2.0,"0,75ч",,,,
3,12856203,2023-05-25 17:30:00,Московская,"МОСК, ШЧ-19",,,,"Механическое разрушение, обрыв воронки, муфты линии СЦБ напряжением до 1000 В",CSH,2023,,,,,,
2,12856345,2023-05-25 21:30:00,Московская,"МОСК, ШТЦ ДИ","2шт 0,83ч",,,Перегорание плавкой вставки (проволоки) предохранителей аппаратуры защиты постовых устройств ЭЦ,CSH,2023,2.0,"0,83ч",,,,
1,12856352,2023-05-25 22:11:00,Московская,"МОСК, ШЧ-28","8шт 7,33ч",,,Короткое замыкание изолирующего стыка,CSH,2023,8.0,"7,33ч",,,,
3,12861738,2023-05-26 18:36:00,Московская,"МОСК, ШЧ-28",,,,Обрыв внешнего монтажа аппаратуры защиты устройств АБ,CSH,2023,,,,,,
3,12857633,2023-05-26 19:30:00,Московская,"МОСК, ШЧ-4",,,,Нарушение контакта в монтаже в путевых ящиках для размещения аппаратуры рельсовых цепей,CSH,2023,,,,,,
3,12857797,2023-05-27 02:53:00,Московская,"МОСК, ШЧ-26",,,,"Неисправность элементов крепления приборов на стативах для размещения аппаратуры светофоров, указателей и полос",CSH,2023,,,,,,
2,12858052,2023-05-27 10:50:00,Московская,"МОСК, ШТЦ ДИ",,,"1шт 0,23ч",Межвитковое замыкание обмотки реле аппаратуры постовых устройств ЭЦ,CSH,2023,,,,,1.0,"0,23ч"
2,12858423,2023-05-27 18:08:00,Московская,"МОСК, ШЧ-15","1шт 0,28ч",,"11шт 2,77ч",Обрыв жил сигнально-блокировочного металлического кабеля схемы управления стрелкой,CSH,2023,1.0,"0,28ч",,,11.0,"2,77ч"
2,12858409,2023-05-27 21:49:00,Московская,"МОСК, ШЧ-17",,"1шт 0,28ч",,Повышенное переходное сопротивление между элементами ,CSH,2023,,,1.0,"0,28ч",,
2,12859377,2023-05-29 06:20:00,Московская,"МОСК, ШЧ-34",,"1шт 0,12ч",,Нарушение монтажа шкафов для размещения устройств АБ,CSH,2023,,,1.0,"0,12ч",,
2,12859795,2023-05-29 11:32:00,Московская,"МОСК, ШЧ-28",,,"1шт 0,13ч",Межвитковое замыкание обмотки реле аппаратуры схемы управления стрелкой,CSH,2023,,,,,1.0,"0,13ч"
2,12860105,2023-05-29 14:55:00,Московская,"МОСК, ШЧ-28","4шт 2,85ч","5шт 1,02ч","6шт 1,62ч","Сообщение жил сигнально-блокировочного металлического кабеля светофоров, указателей и полос",CSH,2023,4.0,"2,85ч",5.0,"1,02ч",6.0,"1,62ч"
3,12860245,2023-05-29 16:28:00,Московская,"МОСК, ШЧ-34",,,,Обрыв внешнего монтажа аппаратуры электропитания,CSH,2023,,,,,,
3,12860488,2023-05-29 23:45:00,Московская,"МОСК, ШЧ-35",,,,Ослабление крепления предохранителей аппаратуры защиты АБ,CSH,2023,,,,,,
3,12861685,2023-05-30 16:52:00,Московская,"МОСК, ИЧ-3 ПЛЕХАНОВСКАЯ Ш",,,,Нарушение контакта в навесном монтаже аппаратуры АБ,CSH,2023,,,,,,
2,12862913,2023-05-31 15:00:00,Московская,"МОСК, ШЧ-26",,"1шт 0,1ч","1шт 0,12ч","Нарушение монтажа стативов для размещения аппаратуры светофоров, указателей и полос",CSH,2023,,,1.0,"0,1ч",1.0,"0,12ч"
3,12871818,2023-05-31 16:28:00,Московская,"МОСК, ШЧ-6",,,"1шт 0,05ч",Закорачивание РЦ,CSH,2023,,,,,1.0,"0,05ч"
2,12864713,2023-06-01 18:58:00,Московская,"МОСК, ШТЦ ДИ",,"1шт 0,17ч",,Разрегулировка контактов реле аппаратуры постовых устройств ЭЦ,CSH,2023,,,1.0,"0,17ч",,
3,12865553,2023-06-02 10:57:00,Московская,"МОСК, ШЧ-5",,,,Излом кабельной жилы в концевой муфте,CSH,2023,,,,,,
1,12866495,2023-06-02 21:14:00,Московская,"МОСК, ШЧ-4",,,"3шт 2,03ч",Неисправность элементов усилителей аппаратуры рельсовых цепей,CSH,2023,,,,,3.0,"2,03ч"
2,12866481,2023-06-02 22:25:00,Московская,"МОСК, ШЧ-35","2шт 0,55ч",,,Залипание якоря реле аппаратуры АБ,CSH,2023,2.0,"0,55ч",,,,
3,12866528,2023-06-03 00:23:00,Московская,"МОСК, ШЧ-28",,,,Обрыв внешнего монтажа аппаратуры защиты рельсовых цепей,CSH,2023,,,,,,
3,12866704,2023-06-03 07:06:00,Московская,"МОСК, ИЧ-3 ПЛЕХАНОВСКАЯ Ш",,,,Нарушение контакта в штепсельном разъеме дешифраторной ячейки аппаратуры постовых устройств ЭЦ,CSH,2023,,,,,,
3,12867053,2023-06-03 14:05:00,Московская,"МОСК, ИЧ-2 ЛЬГОВСКАЯ Ш",,,,Сбой программной части линейного пункта ДЦ,CSH,2023,,,,,,
2,12895078,2023-06-03 16:57:00,Московская,"МОСК, ИЧ-2 ЛЬГОВСКАЯ Ш",,,"1шт 0,38ч",Неисправность программной части линейного пункта ДЦ,CSH,2023,,,,,1.0,"0,38ч"
2,12867482,2023-06-04 04:44:00,Московская,"МОСК, ШЧ-4","1шт 0,25ч",,,Ослабление затяжки болтов перемычки,CSH,2023,1.0,"0,25ч",,,,
3,12868066,2023-06-04 15:17:00,Московская,"МОСК, ШЧ-15",,,,Закорачивание РЦ,CSH,2023,,,,,,
1,12868270,2023-06-05 00:05:00,Московская,"МОСК, ШЧ-33","3шт 1,5ч",,,"Повышенное переходное сопротивление между элементами (штепсель-рельс, провод (трос)-штепсель, провод (трос)-наконечник)",CSH,2023,3.0,"1,5ч",,,,
2,12869249,2023-06-05 13:01:00,Московская,"МОСК, ШЧ-15",,,"6шт 1,3ч",Нарушение монтажа шкафов для размещения устройств АБ,CSH,2023,,,,,6.0,"1,3ч"
3,12870276,2023-06-06 03:09:00,Московская,"МОСК, ШЧ-33",,,,Неисправность кабельных стоек для размещения устройств рельсовой цепи,CSH,2023,,,,,,
3,12871116,2023-06-06 10:54:00,Московская,"МОСК, ШЧ-8",,,,Обрыв жил контрольного кабеля линий СЦБ,CSH,2023,,,,,,
2,12872162,2023-06-06 15:40:00,Московская,"МОСК, ШЧ-5","3шт 0,8ч",,,Нарушение монтажа шкафов для размещения устройств АБ,CSH,2023,3.0,"0,8ч",,,,
3,12872333,2023-06-06 17:18:00,Московская,"МОСК, ШЧ-8",,,,Нарушение регулировочного режима,CSH,2023,,,,,,
3,12876251,2023-06-08 08:08:00,Московская,"МОСК, ШЧ-34",,,,Обрыв монтажа линзового светофора,CSH,2023,,,,,,
2,12890596,2023-06-08 21:50:00,Московская,"МОСК, ШЧ-21",,,"1шт 0,15ч",Неисправность элементов пульта-табло постовых устройств ЭЦ,CSH,2023,,,,,1.0,"0,15ч"
3,12880124,2023-06-09 14:30:00,Московская,"МОСК, ШЧ-10",,,,Заедание элементов реле аппаратуры АБ,CSH,2023,,,,,,
1,12880695,2023-06-09 21:35:00,Московская,"МОСК, ШТЦ ДИ","3шт 1,58ч",,"4шт 0,42ч",Выкрашивание элементов реле аппаратуры постовых устройств ЭЦ,CSH,2023,3.0,"1,58ч",,,4.0,"0,42ч"
3,12882511,2023-06-11 11:10:00,Московская,"МОСК, ШЧ-33",,,,Нарушение изоляции монтажа муфты кабельной сети,CSH,2023,,,,,,
2,12882740,2023-06-11 13:25:00,Московская,"МОСК, ШЧ-8",,,"1шт 0,17ч",Обрыв жил кабеля линий СЦБ напряжением до 1000 В,CSH,2023,,,,,1.0,"0,17ч"
3,12882821,2023-06-11 16:13:00,Московская,"МОСК, ШЧ-33",,,,Нарушение монтажа шкафов для размещения устройств АБ,CSH,2023,,,,,,
3,12883439,2023-06-12 08:33:00,Московская,"МОСК, ШЧ-4",,,,Сбой в работе центрального процессорного модуля,CSH,2023,,,,,,
3,12883615,2023-06-12 11:15:00,Московская,"МОСК, ШЧ-21",,,,Неисправность элементов блока выдержки времени аппаратуры постовых устройств ЭЦ,CSH,2023,,,,,,
2,12884202,2023-06-13 05:30:00,Московская,"МОСК, ШЧ-19","1шт 0,57ч",,,Закорачивание РЦ,CSH,2023,1.0,"0,57ч",,,,
1,12885048,2023-06-13 12:48:00,Московская,"МОСК, ШЧ-33","1шт 0,87ч",,"1шт 1,05ч",Обрыв металлического сигнально-блокировочного кабеля,CSH,2023,1.0,"0,87ч",,,1.0,"1,05ч"
1,12886057,2023-06-14 04:59:00,Московская,"МОСК, ШЧ-28","4шт 3,98ч",,"1шт 0,17ч",Нарушение монтажа шкафов для размещения устройств АБ,CSH,2023,4.0,"3,98ч",,,1.0,"0,17ч"
2,12886150,2023-06-14 06:18:00,Московская,"МОСК, ШЧ-34",,,"1шт 0,15ч",Некачественная пайка монтажа линзового светофора,CSH,2023,,,,,1.0,"0,15ч"
2,12887163,2023-06-14 13:13:00,Московская,"МОСК, ШЧ-4",,,"1шт 0,12ч",Неисправность рамного рельса стрелочного перевода,CSH,2023,,,,,1.0,"0,12ч"
3,12888866,2023-06-15 11:07:00,Московская,"МОСК, ШЧ-24",,,,"Нарушение монтажа шкафов для размещения аппаратуры светофоров, указателей и полос",CSH,2023,,,,,,
3,12889043,2023-06-15 13:10:00,Московская,"МОСК, ШЧ-33",,,,Короткое замыкание навесного монтажа аппаратуры РЦ,CSH,2023,,,,,,
3,12889265,2023-06-15 14:30:00,Московская,"МОСК, ШЧ-33",,,,Замыкание (схлестывание) стальных проводов,CSH,2023,,,,,,
3,12889915,2023-06-16 05:24:00,Московская,"МОСК, ШЧ-15",,,,"Неисправность деталей блока элементов аппаратуры светофоров, указателей и полос",CSH,2023,,,,,,
3,12890492,2023-06-16 12:06:00,Московская,"МОСК, ИЧ МОСКВА Ш",,,,Неисправность разъема,CSH,2023,,,,,,
2,12890861,2023-06-16 15:45:00,Московская,"МОСК, ШЧ-14",,,"7шт 0,77ч",Короткое замыкание (пробой) элементов блока питания аппаратуры АБ,CSH,2023,,,,,7.0,"0,77ч"
2,12890885,2023-06-16 16:09:00,Московская,"МОСК, ШЧ-34",,,"1шт 0,25ч",Короткое замыкание внешнего монтажа аппаратуры электропитания рельсовых цепей,CSH,2023,,,,,1.0,"0,25ч"
2,12891364,2023-06-17 07:05:00,Московская,"МОСК, ШЧ-5","1шт 0,27ч",,"1шт 0,5ч",Потеря контакта в ламподержателе линзового светофора,CSH,2023,1.0,"0,27ч",,,1.0,"0,5ч"
2,12892193,2023-06-18 06:10:00,Московская,"МОСК, ШЧ-5","2шт 0,75ч",,,Обрыв деталей блока элементов аппаратуры АБ,CSH,2023,2.0,"0,75ч",,,,
2,12892475,2023-06-18 12:51:00,Московская,"МОСК, ШЧ-6",,,"3шт 0,67ч",Ослабление крепления СП-6М,CSH,2023,,,,,3.0,"0,67ч"
3,12893539,2023-06-19 12:25:00,Московская,"МОСК, ШЧ-28",,,,Нарушение монтажа стативов для размещения постовых устройств ЭЦ,CSH,2023,,,,,,
2,12893598,2023-06-19 13:52:00,Московская,"МОСК, ШЧ-28",,,"1шт 0,47ч",Неисправность бесконтактной аппаратуры СЦБ,CSH,2023,,,,,1.0,"0,47ч"
2,12893833,2023-06-19 16:18:00,Московская,"МОСК, ШЧ-5","4шт 1,47ч",,,"Неисправность платы концентратора информации, объектного контроллера",CSH,2023,4.0,"1,47ч",,,,
2,12917929,2023-06-19 18:05:00,Московская,"МОСК, ШЧ-15",,,"2шт 0,22ч",Неисправность монтажа,CSH,2023,,,,,2.0,"0,22ч"
3,12894008,2023-06-19 20:03:00,Московская,"МОСК, ШЧ-15",,,,Короткое замыкание изолирующего стыка,CSH,2023,,,,,,
3,12894123,2023-06-20 00:45:00,Московская,"МОСК, ИЧ-2 ЛЬГОВСКАЯ Ш",,,,Перегорание лампы линзового светофора,CSH,2023,,,,,,
2,12894209,2023-06-20 03:15:00,Московская,"МОСК, ШЧ-21",,"1шт 0,2ч",,Нарушение контакта в монтаже в ящиках для размещения устройств АБ,CSH,2023,,,1.0,"0,2ч",,
2,12894297,2023-06-20 05:06:00,Московская,"МОСК, ШЧ-31","1шт 0,75ч",,,Ослабление крепления основания датчика,CSH,2023,1.0,"0,75ч",,,,
2,12894551,2023-06-20 05:51:00,Московская,"МОСК, ШЧ-2",,"1шт 0,12ч",,Обрыв жил контрольного кабеля линий СЦБ,CSH,2023,,,1.0,"0,12ч",,
2,12895759,2023-06-21 05:50:00,Московская,"МОСК, ШЧ-8",,,"3шт 0,33ч",Сверхнормативное переходное сопротивление контактов АВМ аппаратуры защиты АБ,CSH,2023,,,,,3.0,"0,33ч"
2,12896448,2023-06-21 12:12:00,Московская,"МОСК, ШЧ-34","3шт 1,98ч","1шт 0,28ч","3шт 0,37ч",Короткое замыкание монтажа светодиодного светофора,CSH,2023,3.0,"1,98ч",1.0,"0,28ч",3.0,"0,37ч"
2,12901310,2023-06-22 00:28:00,Московская,"МОСК, ШЧ-2",,"3шт 1,3ч","3шт 1,17ч",Механические повреждения сигнально-блокировочного металлического кабеля рельсовых цепей,CSH,2023,,,3.0,"1,3ч",3.0,"1,17ч"
2,12898217,2023-06-22 14:55:00,Московская,"МОСК, ШЧ-24","1шт 0,18ч","1шт 0,23ч","2шт 0,72ч",Нарушение контакта в монтаже в путевых ящиках для размещения аппаратуры рельсовых цепей,CSH,2023,1.0,"0,18ч",1.0,"0,23ч",2.0,"0,72ч"
2,12898531,2023-06-22 22:12:00,Московская,"МОСК, ШЧ-24","1шт 0,3ч",,,Неисправность элементов крепления приборов на стативах для размещения схемы управления стрелкой,CSH,2023,1.0,"0,3ч",,,,
3,12898539,2023-06-22 22:33:00,Московская,"МОСК, ШЧ-8",,,,Отсутствие внешнего энергоснабжения стрелки со схемой управления,CSH,2023,,,,,,
2,12899016,2023-06-22 22:55:00,Московская,"МОСК, ШЧ-24",,,"1шт 0,25ч",Пробой элементов блока питания рельсовых цепей,CSH,2023,,,,,1.0,"0,25ч"
3,12899074,2023-06-23 08:31:00,Московская,"МОСК, ШЧ-10",,,,Обрыв жил сигнально-блокировочного металлического кабеля рельсовых цепей,CSH,2023,,,,,,
2,12899553,2023-06-23 15:13:00,Московская,"МОСК, ШЧ-10","1шт 0,67ч",,,Обрыв монтажа линзового светофора,CSH,2023,1.0,"0,67ч",,,,
1,12899785,2023-06-23 17:11:00,Московская,"МОСК, ШЧ-24","2шт 2,67ч",,,Короткое замыкание (электрический пробой) элементов блока питания рельсовых цепей,CSH,2023,2.0,"2,67ч",,,,
2,12899908,2023-06-23 23:19:00,Московская,"МОСК, ШЧ-31","1шт 0,85ч",,,Обрыв соединителей,CSH,2023,1.0,"0,85ч",,,,
2,12900117,2023-06-24 07:08:00,Московская,"МОСК, ШЧ-28","3шт 1,15ч",,"1шт 0,23ч",Нарушение контакта во внутреннем монтаже СП-12Н,CSH,2023,3.0,"1,15ч",,,1.0,"0,23ч"
2,12901293,2023-06-25 14:37:00,Московская,"МОСК, ШЧ-33",,,"1шт 0,1ч",Нарушение изоляции ящика для размещения схемы управления стрелкой,CSH,2023,,,,,1.0,"0,1ч"
2,12902273,2023-06-26 11:59:00,Московская,"МОСК, ШЧ-34",,,"1шт 0,23ч",Разрегулировка контактов автопереключателя СП-6М,CSH,2023,,,,,1.0,"0,23ч"
3,12902248,2023-06-26 12:20:00,Московская,"МОСК, ШЧ-4",,,,"Неисправность платы концентратора информации, объектного контроллера",CSH,2023,,,,,,
3,12903838,2023-06-26 18:33:00,Московская,"МОСК, ШЧ-26",,,,Перегорание лампы линзового светофора,CSH,2023,,,,,,
3,12903863,2023-06-26 23:26:00,Московская,"МОСК, ШЧ-26",,,,Потеря контакта в ламподержателе линзового светофора,CSH,2023,,,,,,
3,12902854,2023-06-27 03:40:00,Московская,"МОСК, ШЧ-10",,,,Нарушение электрического контакта в штепсельных разъемах релейных блоков аппаратуры постовых устройств ЭЦ,CSH,2023,,,,,,
1,12902987,2023-06-27 06:45:00,Московская,"МОСК, ШЧ-6","4шт 1,5ч","3шт 0,7ч","12шт 9,12ч",Закорачивание РЦ,CSH,2023,4.0,"1,5ч",3.0,"0,7ч",12.0,"9,12ч"
2,12903200,2023-06-27 09:17:00,Московская,"МОСК, ШЧ-10",,,"3шт 0,37ч",Короткое замыкание (пробой) элементов защитного блока аппаратуры АБ,CSH,2023,,,,,3.0,"0,37ч"
3,12903491,2023-06-27 11:50:00,Московская,"МОСК, ШТЦ ДИ",,,,Сверхнормативное понижение сопротивления изоляции монтажа элементов релейных блоков аппаратуры постовых устройств ЭЦ,CSH,2023,,,,,,
2,12917930,2023-06-27 14:42:00,Московская,"МОСК, ШЧ-15",,,"1шт 0,12ч",Неисправность контактной системы реле аппаратуры постовых устройств ЭЦ,CSH,2023,,,,,1.0,"0,12ч"
3,12903924,2023-06-27 17:18:00,Московская,"МОСК, ШЧ-28",,,,Другие неисправности тиристорных устройств защиты постовых устройств ЭЦ,CSH,2023,,,,,,
3,12905888,2023-06-28 03:12:00,Московская,"МОСК, ШЧ-35",,,,Нарушение контакта в монтаже в путевых ящиках для размещения аппаратуры рельсовых цепей,CSH,2023,,,,,,
2,12904913,2023-06-28 12:23:00,Московская,"МОСК, ШЧ-4",,,"1шт 0,12ч",Обрыв жил сигнально-блокировочного металлического кабеля схемы управления стрелкой,CSH,2023,,,,,1.0,"0,12ч"
3,12907328,2023-06-28 15:00:00,Московская,"МОСК, ШЧ-15",,,,Повышенное переходное сопротивление между элементами ,CSH,2023,,,,,,
2,12905392,2023-06-28 18:32:00,Московская,"МОСК, ШЧ-33",,,"1шт 0,25ч",Короткое замыкание (пробой) элементов генератора ТРЦ аппаратуры рельсовых цепей,CSH,2023,,,,,1.0,"0,25ч"
3,12906402,2023-06-29 14:04:00,Московская,"МОСК, ШЧ-24",,,,Неисправность элементов панелей питания постовых устройств ЭЦ,CSH,2023,,,,,,
2,12906568,2023-06-29 16:10:00,Московская,"МОСК, ШТЦ ДИ",,,"6шт 1,47ч",Неисправность контактной системы реле аппаратуры постовых устройств ЭЦ,CSH,2023,,,,,6.0,"1,47ч"
1,12915626,2023-06-29 16:19:00,Московская,"МОСК, ШЧ-6","9шт 8,25ч",,"5шт 0,78ч",Другие неисправности предохранителей аппаратуры защиты АБ,CSH,2023,9.0,"8,25ч",,,5.0,"0,78ч"
2,12906570,2023-06-29 16:27:00,Московская,"МОСК, ШЧ-10",,,"4шт 0,6ч",Электрический пробой разрядников аппаратуры защиты рельсовых цепей,CSH,2023,,,,,4.0,"0,6ч"
2,12906900,2023-06-30 03:40:00,Московская,"МОСК, ШЧ-31","1шт 0,58ч",,,Неисправность стоек для размещения постовых устройств ЭЦ,CSH,2023,1.0,"0,58ч",,,,
2,12907297,2023-06-30 11:40:00,Московская,"МОСК, ШЧ-32",,"1шт 0,23ч",,Сообщение жил сигнально-блокировочного металлического кабеля кабельной сети АБ,CSH,2023,,,1.0,"0,23ч",,
3,12907647,2023-06-30 17:28:00,Московская,"МОСК, ШЧ-10",,,,Нарушение монтажа стативов для размещения постовых устройств ЭЦ,CSH,2023,,,,,,
2,12908329,2023-07-01 17:00:00,Московская,"МОСК, ШЧ-15",,,"2шт 0,25ч",Короткое замыкание секций СП-6М,CSH,2023,,,,,2.0,"0,25ч"
2,12908370,2023-07-01 19:05:00,Московская,"МОСК, ШЧ-31",,,"1шт 0,13ч","Неисправность элементов крепления приборов в шкафах для размещения аппаратуры светофоров, указателей и полос",CSH,2023,,,,,1.0,"0,13ч"
3,12909248,2023-07-02 21:35:00,Московская,"МОСК, ИЧ-2 ЛЬГОВСКАЯ Ш",,,,Неисправность элементов реле аппаратуры АБ,CSH,2023,,,,,,
2,12909449,2023-07-03 04:46:00,Московская,"МОСК, ШЧ-32",,"1шт 0,22ч","2шт 0,23ч",Подгар контактов реле аппаратуры АБ,CSH,2023,,,1.0,"0,22ч",2.0,"0,23ч"
2,12910550,2023-07-03 15:46:00,Московская,"МОСК, ШЧ-4",,,"31шт 7,98ч",Обрыв монтажа светодиодного светофора,CSH,2023,,,,,31.0,"7,98ч"
1,12910750,2023-07-03 18:43:00,Московская,"МОСК, ШЧ-10",,,"18шт 10,63ч",Неисправность устройства сопряжения с объектами УСО,CSH,2023,,,,,18.0,"10,63ч"
2,12911836,2023-07-04 12:23:00,Московская,"МОСК, ШТЦ ДИ",,,"1шт 0,2ч",Пробой элементов блока питания рельсовых цепей,CSH,2023,,,,,1.0,"0,2ч"
2,12912396,2023-07-04 15:22:00,Московская,"МОСК, ШЧ-26","2шт 0,77ч",,,Внутренний обрыв жил сигнально-блокировочного металлического кабеля,CSH,2023,2.0,"0,77ч",,,,
2,12912563,2023-07-04 18:01:00,Московская,"МОСК, ШЧ-21",,"1шт 0,15ч",,Обрыв кабеля сигнально-блокировочного металлического,CSH,2023,,,1.0,"0,15ч",,
3,12912629,2023-07-04 20:56:00,Московская,"МОСК, ШЧ-17",,,,Обрыв фазирующих устройств рельсовых цепей,CSH,2023,,,,,,
3,12912858,2023-07-05 05:02:00,Московская,"МОСК, ШЧ-10",,,,Неисправность элементов выпрямительных устройств аппаратуры электропитания АБ,CSH,2023,,,,,,
3,12914624,2023-07-05 16:55:00,Московская,"МОСК, ШЧ-33",,,,Неисправность контакторов (магнитных пускателей) панелей питания постовых устройств ЭЦ,CSH,2023,,,,,,
2,12914786,2023-07-05 19:17:00,Московская,"МОСК, ШЧ-33",,,"1шт 0,22ч","Нарушение элетрического контакта в болтовых и паечных соединениях, штепсельных разъемах внешнего монтажа аппаратуры постовых устройств ЭЦ",CSH,2023,,,,,1.0,"0,22ч"
2,12915379,2023-07-06 08:08:00,Московская,"МОСК, ШЧ-26","1шт 0,27ч",,"2шт 0,57ч",Нарушение монтажа стативов для размещения постовых устройств ЭЦ,CSH,2023,1.0,"0,27ч",,,2.0,"0,57ч"
2,12915939,2023-07-06 11:22:00,Московская,"МОСК, ШЧ-28",,,"1шт 0,12ч",Влияние посторонних источников питания,CSH,2023,,,,,1.0,"0,12ч"
3,12922247,2023-07-06 16:00:00,Московская,"МОСК, ШЧ-5",,,,Подгар контактов реле аппаратуры рельсовых цепей,CSH,2023,,,,,,
2,12917129,2023-07-06 17:30:00,Московская,"МОСК, ШЧ-33",,,"1шт 0,1ч",Сообщение жил сигнально-блокировочного металлического кабеля кабельной сети АБ,CSH,2023,,,,,1.0,"0,1ч"
2,12917159,2023-07-06 18:09:00,Московская,"МОСК, ШЧ-24","1шт 0,38ч","2шт 0,3ч",,Нарушение регулировочного режима,CSH,2023,1.0,"0,38ч",2.0,"0,3ч",,
2,12917233,2023-07-06 19:27:00,Московская,"МОСК, ШЧ-4",,,"9шт 1,22ч",Неисправность элементов реле аппаратуры рельсовых цепей,CSH,2023,,,,,9.0,"1,22ч"
2,12917520,2023-07-07 04:29:00,Московская,"МОСК, ШЧ-6",,"1шт 0,4ч",,Разрегулировка контактов автопереключателя СП-6М,CSH,2023,,,1.0,"0,4ч",,
2,12917659,2023-07-07 06:48:00,Московская,"МОСК, ШЧ-34",,,"6шт 0,82ч",Нарушение контакта в разъеме блока питания аппаратуры АБ,CSH,2023,,,,,6.0,"0,82ч"
2,12929415,2023-07-07 14:06:00,Московская,"МОСК, ШЧ-24","2шт 0,65ч","1шт 0,12ч","4шт 0,77ч",Пробой элементов блока питания рельсовых цепей,CSH,2023,2.0,"0,65ч",1.0,"0,12ч",4.0,"0,77ч"
2,12923601,2023-07-07 21:10:00,Московская,"МОСК, ШЧ-6","9шт 4,1ч",,"3шт 0,93ч",Механические повреждения предохранителей аппаратуры защиты АБ,CSH,2023,9.0,"4,1ч",,,3.0,"0,93ч"
2,12919531,2023-07-08 08:04:00,Московская,"МОСК, ШЧ-33",,,"1шт 0,17ч",Неисправность элементов трансформаторов аппаратуры электропитания постовых устройств ЭЦ,CSH,2023,,,,,1.0,"0,17ч"
3,12919649,2023-07-08 10:47:00,Московская,"МОСК, ШЧ-28",,,,Нарушение контакта в монтаже в путевых ящиках для размещения аппаратуры рельсовых цепей,CSH,2023,,,,,,
1,12920306,2023-07-08 22:10:00,Московская,"МОСК, ШЧ-24","5шт 4,67ч",,,Обрыв жил кабеля линий СЦБ напряжением до 1000 В,CSH,2023,5.0,"4,67ч",,,,
3,12921859,2023-07-09 00:20:00,Московская,"МОСК, ИЧ-3 ПЛЕХАНОВСКАЯ Ш",,,,Потеря контакта в ламподержателе линзового светофора,CSH,2023,,,,,,
3,12920499,2023-07-09 06:56:00,Московская,"Ю-ВОСТ, ШЧ-7",,,,Нарушение временных характеристик реле аппаратуры АБ,CSH,2023,,,,,,
2,12921202,2023-07-09 23:20:00,Московская,"МОСК, ШЧ-35","2шт 0,78ч",,,Неисправность элементов реле аппаратуры постовых устройств ЭЦ,CSH,2023,2.0,"0,78ч",,,,
3,12921924,2023-07-10 10:22:00,Московская,"МОСК, ШЧ-26",,,,Сообщение жил сигнально-блокировочного металлического кабеля рельсовых цепей,CSH,2023,,,,,,
3,12922300,2023-07-10 13:43:00,Московская,"МОСК, ШЧ-28",,,,Износ элементов реле аппаратуры схемы управления стрелкой,CSH,2023,,,,,,
3,12922503,2023-07-10 16:00:00,Московская,"МОСК, ШЧ-33",,,,Нарушение регулировки гарнитуры стрелки,CSH,2023,,,,,,
3,12922682,2023-07-10 16:30:00,Московская,"МОСК, ШЧ-34",,,,Перегорание лампы линзового светофора,CSH,2023,,,,,,
2,12922679,2023-07-10 16:46:00,Московская,"МОСК, ШЧ-5","2шт 0,52ч",,,Неисправность элементов реле аппаратуры постовых устройств ЭЦ,CSH,2023,2.0,"0,52ч",,,,
2,12923740,2023-07-11 11:18:00,Московская,"МОСК, ИЧ-2 ЛЬГОВСКАЯ Ш",,,"1шт 0,4ч",Излом деталей СП-6М,CSH,2023,,,,,1.0,"0,4ч"
2,12924262,2023-07-11 14:13:00,Московская,"МОСК, ШЧ-24","2шт 1,22ч","2шт 0,47ч","5шт 1,47ч","Нарушение контакта в монтаже в ящиках для размещения аппаратуры светофоров, указателей и полос",CSH,2023,2.0,"1,22ч",2.0,"0,47ч",5.0,"1,47ч"
2,12924534,2023-07-11 16:36:00,Московская,"МОСК, ШЧ-28","1шт 0,28ч",,,Разрегулировка контактов автопереключателя СП-6,CSH,2023,1.0,"0,28ч",,,,
3,12925016,2023-07-12 05:35:00,Московская,"МОСК, ШЧ-35",,,,Заедание элементов реле аппаратуры АБ,CSH,2023,,,,,,
2,12925719,2023-07-12 10:45:00,Московская,"МОСК, ШЧ-35","1шт 0,37ч",,,Перегорание плавкой вставки (проволоки) предохранителей аппаратуры защиты постовых устройств ЭЦ,CSH,2023,1.0,"0,37ч",,,,
3,12926016,2023-07-12 11:35:00,Московская,"МОСК, ШЧ-19",,,,Неперевод стрелочного перевода по причине попадания постороннего предмета,CSH,2023,,,,,,
2,12926415,2023-07-12 15:18:00,Московская,"МОСК, ИЧ-2 ЛЬГОВСКАЯ Ш",,,"1шт 0,17ч",Потеря контакта в ламподержателе линзового светофора,CSH,2023,,,,,1.0,"0,17ч"
3,12926416,2023-07-12 15:35:00,Московская,"МОСК, ШЧ-33",,,,Нарушение монтажа стативов для размещения постовых устройств ЭЦ,CSH,2023,,,,,,
2,12926836,2023-07-12 21:13:00,Московская,"МОСК, ШЧ-5","2шт 1,18ч",,,Обрыв провода (троса) перемычки,CSH,2023,2.0,"1,18ч",,,,
3,12927156,2023-07-13 06:01:00,Московская,"МОСК, ШЧ-35",,,,Перегорание плавкой вставки (проволоки) предохранителей аппаратуры защиты рельсовых цепей,CSH,2023,,,,,,
2,12927755,2023-07-13 11:37:00,Московская,"МОСК, ШЧ-6",,,"1шт 0,12ч",Разрегулировка контактов автопереключателя СП-6М,CSH,2023,,,,,1.0,"0,12ч"
3,12928644,2023-07-13 23:25:00,Московская,"МОСК, ШЧ-24",,,,"Нарушение монтажа шкафов для размещения аппаратуры светофоров, указателей и полос",CSH,2023,,,,,,
1,12929942,2023-07-14 17:04:00,Московская,"МОСК, ШЧ-28","9шт 9,82ч","13шт 5,25ч","13шт 3,72ч",Перегорание плавкой вставки (проволоки) предохранителей аппаратуры защиты постовых устройств ЭЦ,CSH,2023,9.0,"9,82ч",13.0,"5,25ч",13.0,"3,72ч"
3,12930133,2023-07-15 00:15:00,Московская,"МОСК, ИЧ-3 ПЛЕХАНОВСКАЯ Ш",,,,Нарушение контакта в монтаже в путевых ящиках для размещения аппаратуры рельсовых цепей,CSH,2023,,,,,,
2,12930290,2023-07-15 07:20:00,Московская,"МОСК, ШТЦ ДИ","9шт 3,8ч",,"2шт 0,43ч","Нарушение монтажа стативов для размещения аппаратуры светофоров, указателей и полос",CSH,2023,9.0,"3,8ч",,,2.0,"0,43ч"
2,12930690,2023-07-15 17:34:00,Московская,"МОСК, ШЧ-5","2шт 1,38ч","1шт 0,37ч","2шт 0,38ч",Нарушение монтажа стативов для размещения устройств АБ,CSH,2023,2.0,"1,38ч",1.0,"0,37ч",2.0,"0,38ч"
3,12931447,2023-07-16 19:36:00,Московская,"МОСК, ШЧ-33",,,,Обрыв жил сигнально-блокировочного металлического кабеля схемы управления стрелкой,CSH,2023,,,,,,
2,12932290,2023-07-17 13:37:00,Московская,"МОСК, ШЧ-17","1шт 0,4ч",,,Воздействие солнечного излучения,CSH,2023,1.0,"0,4ч",,,,
2,12932346,2023-07-17 13:55:00,Московская,"МОСК, ШТЦ ДИ","1шт 0,33ч",,"2шт 0,25ч",Неисправность элементов дешифраторной ячейки аппаратуры АБ,CSH,2023,1.0,"0,33ч",,,2.0,"0,25ч"
2,12934724,2023-07-17 21:17:00,Московская,"МОСК, ШЧ-32","1шт 0,63ч",,,Пробой элементов дешифраторной ячейки аппаратуры АБ,CSH,2023,1.0,"0,63ч",,,,
3,12933007,2023-07-18 07:25:00,Московская,"МОСК, ШЧ-35",,,,Другие неисправности элементов защитного блока аппаратуры постовых устройств ЭЦ,CSH,2023,,,,,,
3,12933278,2023-07-18 11:05:00,Московская,"МОСК, ШЧ-4",,,,"Нарушение монтажа стативов для размещения аппаратуры светофоров, указателей и полос",CSH,2023,,,,,,
2,12933391,2023-07-18 11:55:00,Московская,"МОСК, ШЧ-8",,,"1шт 0,2ч",Короткое замыкание внешнего монтажа аппаратуры защиты устройств АБ,CSH,2023,,,,,1.0,"0,2ч"
2,12933906,2023-07-18 17:11:00,Московская,"МОСК, ШЧ-14","1шт 0,23ч","1шт 0,12ч",,Нарушение регулировочного режима,CSH,2023,1.0,"0,23ч",1.0,"0,12ч",,
2,12940098,2023-07-19 06:18:00,Московская,"МОСК, ШЧ-24",,,"3шт 0,92ч","Нарушение монтажа шкафов для размещения аппаратуры светофоров, указателей и полос",CSH,2023,,,,,3.0,"0,92ч"
2,12935727,2023-07-20 04:41:00,Московская,"МОСК, ШЧ-14",,"1шт 0,25ч","2шт 0,3ч",Искажение кодовых комбинаций трансмиттеров аппаратуры рельсовых цепей,CSH,2023,,,1.0,"0,25ч",2.0,"0,3ч"
2,12936611,2023-07-20 19:02:00,Московская,"МОСК, ШЧ-28","5шт 2,13ч",,"1шт 0,52ч","Нарушение монтажа стативов для размещения аппаратуры светофоров, указателей и полос",CSH,2023,5.0,"2,13ч",,,1.0,"0,52ч"
3,12936825,2023-07-21 02:55:00,Московская,"МОСК, ШЧ-33",,,,"Короткое замыкание элементов реле аппаратуры светофоров, указателей и полос",CSH,2023,,,,,,
2,12937922,2023-07-21 23:14:00,Московская,"МОСК, ШЧ-24","2шт 0,75ч",,,Понижение сопротивления изоляции сигнально-блокировочного металлического кабеля кабельной сети АБ ,CSH,2023,2.0,"0,75ч",,,,
2,12937993,2023-07-22 03:20:00,Московская,"МОСК, ШЧ-8","8шт 2,15ч",,,Крестовина,CSH,2023,8.0,"2,15ч",,,,
2,12938351,2023-07-22 12:26:00,Московская,"МОСК, ШЧ-8","2шт 0,42ч","3шт 0,55ч","5шт 0,92ч",Короткое замыкание внешнего монтажа аппаратуры защиты  рельсовых цепей,CSH,2023,2.0,"0,42ч",3.0,"0,55ч",5.0,"0,92ч"
1,12938536,2023-07-22 16:50:00,Московская,"МОСК, ШЧ-34","1шт 1,32ч",,"2шт 1,12ч",Излом деталей СП-6М,CSH,2023,1.0,"1,32ч",,,2.0,"1,12ч"
2,12939296,2023-07-23 14:30:00,Московская,"МОСК, ШЧ-5","4шт 0,97ч",,,Короткое замыкание монтажа линзового светофора,CSH,2023,4.0,"0,97ч",,,,
3,12939465,2023-07-23 20:00:00,Московская,"МОСК, ШЧ-33",,,,"Неисправность элементов крепления приборов на стативах для размещения аппаратуры светофоров, указателей и полос",CSH,2023,,,,,,
2,12940562,2023-07-24 17:25:00,Московская,"МОСК, ШЧ-10",,,"24шт 2,9ч",Неисправность элементов реле аппаратуры АБ,CSH,2023,,,,,24.0,"2,9ч"
2,12940667,2023-07-24 22:13:00,Московская,"МОСК, ШЧ-34",,,"1шт 0,13ч",Перегорание лампы линзового светофора,CSH,2023,,,,,1.0,"0,13ч"
3,12940746,2023-07-25 01:00:00,Московская,"МОСК, ШЧ-26",,,,Другие неисправности предохранителей аппаратуры защиты АБ,CSH,2023,,,,,,
3,12941125,2023-07-25 08:20:00,Московская,"МОСК, ШЧ-19",,,,"Механическое разрушение, обрыв воронки, муфты линии СЦБ напряжением до 1000 В",CSH,2023,,,,,,
3,12941787,2023-07-25 15:40:00,Московская,"МОСК, ШЧ-4",,,,Нарушение контакта во внутреннем монтаже СП-6М,CSH,2023,,,,,,
3,12943721,2023-07-26 23:39:00,Московская,"МОСК, ШЧ-8",,,,"Короткое замыкание внешнего монтажа аппаратуры защиты  светофоров, указателей и полос",CSH,2023,,,,,,
2,12944849,2023-07-27 17:59:00,Московская,"МОСК, ШЧ-28",,,"1шт 0,1ч",Нарушение монтажа стативов для размещения постовых устройств ЭЦ,CSH,2023,,,,,1.0,"0,1ч"
1,12945239,2023-07-28 06:25:00,Московская,"МОСК, ШЧ-24","12шт 8,03ч",,"2шт 0,83ч",Разрегулировка контактов элементов пульта-табло постовых устройств ЭЦ,CSH,2023,12.0,"8,03ч",,,2.0,"0,83ч"
2,12945667,2023-07-28 12:05:00,Московская,"МОСК, ШЧ-17",,,"1шт 0,35ч",Нарушение монтажа стативов для размещения постовых устройств ЭЦ,CSH,2023,,,,,1.0,"0,35ч"
3,12946369,2023-07-29 00:31:00,Московская,"МОСК, ШЧ-34",,,,Обрыв жил сигнально-блокировочного металлического кабеля рельсовых цепей,CSH,2023,,,,,,
2,12946391,2023-07-29 01:17:00,Московская,"МОСК, ШТЦ ДИ",,,"4шт 1,32ч",Подгар контактов реле аппаратуры АБ,CSH,2023,,,,,4.0,"1,32ч"
2,12946662,2023-07-29 11:38:00,Московская,"МОСК, ШЧ-34",,"1шт 0,1ч","1шт 0,15ч",Отказ блока управления АБТЦ-М (Ш),CSH,2023,,,1.0,"0,1ч",1.0,"0,15ч"
1,12947130,2023-07-30 03:58:00,Московская,"МОСК, ШЧ-4","10шт 11,52ч",,"1шт 0,1ч",Нарушение регулировки гарнитуры стрелки,CSH,2023,10.0,"11,52ч",,,1.0,"0,1ч"
1,12947720,2023-07-31 00:03:00,Московская,"МОСК, ШЧ-19","2шт 1,4ч","1шт 0,17ч",,"Пробой, перекрытие воронки, муфты линии СЦБ напряжением до 1000 В",CSH,2023,2.0,"1,4ч",1.0,"0,17ч",,
2,12948706,2023-07-31 17:17:00,Московская,"МОСК, ШЧ-15",,,"7шт 1,07ч",Повышенное переходное сопротивление между элементами ,CSH,2023,,,,,7.0,"1,07ч"
2,12948703,2023-07-31 17:33:00,Московская,"МОСК, ИЧ-2 ЛЬГОВСКАЯ Ш","1шт 0,47ч",,,Обрыв жил сигнально-блокировочного металлического кабеля рельсовых цепей,CSH,2023,1.0,"0,47ч",,,,
3,12948854,2023-07-31 20:21:00,Московская,"МОСК, ИЧ-3 ПЛЕХАНОВСКАЯ Ш",,,,Нарушение контакта монтажа в элементах панелей питания постовых устройств ЭЦ,CSH,2023,,,,,,
2,12948786,2023-07-31 20:23:00,Московская,"МОСК, ШЧ-6","2шт 0,35ч",,"1шт 0,12ч",Некачественная пайка монтажа линзового светофора,CSH,2023,2.0,"0,35ч",,,1.0,"0,12ч"
2,12950286,2023-08-01 21:07:00,Московская,"МОСК, ШЧ-34",,,"1шт 0,17ч",Разрегулировка контактов автопереключателя СП-6М,CSH,2023,,,,,1.0,"0,17ч"
3,12950322,2023-08-01 22:20:00,Московская,"МОСК, ШЧ-14",,,,"Обрыв жил сигнально-блокировочного металлического кабеля светофоров, указателей и полос",CSH,2023,,,,,,
3,12950667,2023-08-02 06:00:00,Московская,"МОСК, ШЧ-26",,,,Неисправность элементов крепления приборов в шкафах для размещения устройств АБ,CSH,2023,,,,,,
2,12974865,2023-08-02 09:57:00,Московская,"МОСК, ШЧ-10","1шт 0,27ч","2шт 0,58ч","26шт 5,7ч",Несанкционированное отключение (переключение) устройств бесперебойного питания постовых устройств ЭЦ,CSH,2023,1.0,"0,27ч",2.0,"0,58ч",26.0,"5,7ч"
2,12952329,2023-08-02 22:05:00,Московская,"МОСК, ИЧ-2 ЛЬГОВСКАЯ Ш","2шт 1,62ч",,,Нарушение контакта монтажа в ящиках для размещения схемы управления стрелкой,CSH,2023,2.0,"1,62ч",,,,
3,12953236,2023-08-03 09:55:00,Московская,"МОСК, ШЧ-5",,,,Сообщение жил сигнально-блокировочного металлического кабеля рельсовых цепей,CSH,2023,,,,,,
2,12953501,2023-08-03 11:45:00,Московская,"МОСК, ШЧ-24","3шт 0,9ч",,,Неисправность элементов реле аппаратуры рельсовых цепей,CSH,2023,3.0,"0,9ч",,,,
2,12953825,2023-08-03 13:55:00,Московская,"МОСК, ШТЦ ДИ",,,"3шт 0,57ч",Неисправность элементов реле аппаратуры постовых устройств ЭЦ,CSH,2023,,,,,3.0,"0,57ч"
2,12954192,2023-08-03 15:35:00,Московская,"МОСК, ШЧ-14",,,"3шт 0,43ч",Другие неисправности АВМ рельсовых цепей,CSH,2023,,,,,3.0,"0,43ч"
2,12954414,2023-08-03 21:44:00,Московская,"МОСК, ШТЦ ДИ",,,"1шт 0,32ч",Другие неисправности внешнего монтажа аппаратуры постовых устройств ЭЦ,CSH,2023,,,,,1.0,"0,32ч"
2,12954758,2023-08-04 05:56:00,Московская,"МОСК, ШЧ-5",,,"1шт 0,12ч",Короткое замыкание внешнего монтажа аппаратуры АБ,CSH,2023,,,,,1.0,"0,12ч"
2,12956214,2023-08-05 01:10:00,Московская,"МОСК, ШЧ-35","4шт 2,12ч",,,Заедание элементов реле аппаратуры АБ,CSH,2023,4.0,"2,12ч",,,,
2,12956419,2023-08-05 09:07:00,Московская,"МОСК, ШЧ-24",,,"1шт 0,23ч",Разрегулировка контактов автопереключателя СП-6К,CSH,2023,,,,,1.0,"0,23ч"
1,12956841,2023-08-05 18:35:00,Московская,"МОСК, ШЧ-32","2шт 1,4ч",,,Неисправность элементов коммутатора аппаратуры АБ,CSH,2023,2.0,"1,4ч",,,,
2,12957499,2023-08-06 12:42:00,Московская,"МОСК, ШЧ-6",,"1шт 0,12ч","2шт 0,35ч",Ослабление крепления разрядников аппаратуры защиты постовых устройств ЭЦ,CSH,2023,,,1.0,"0,12ч",2.0,"0,35ч"
3,12957883,2023-08-06 20:00:00,Московская,"МОСК, ИЧ-3 ПЛЕХАНОВСКАЯ Ш",,,,Нарушение контакта в навесном монтаже аппаратуры АБ,CSH,2023,,,,,,
2,12958172,2023-08-07 03:23:00,Московская,"МОСК, ИЧ-2 ЛЬГОВСКАЯ Ш","1шт 0,5ч",,,"Повышенное переходное сопротивление между элементами (штепсель-рельс, провод (трос)-штепсель, провод (трос)-наконечник)",CSH,2023,1.0,"0,5ч",,,,
3,12958266,2023-08-07 06:14:00,Московская,"МОСК, ШЧ-21",,,,Обрыв обмотки реле аппаратуры схемы управления стрелкой,CSH,2023,,,,,,
2,12958290,2023-08-07 06:22:00,Московская,"МОСК, ШЧ-34",,,"1шт 0,1ч",Короткое замыкание внешнего монтажа аппаратуры АБ,CSH,2023,,,,,1.0,"0,1ч"
2,12958365,2023-08-07 07:28:00,Московская,"МОСК, ШЧ-24","1шт 0,55ч",,,Неисправность элементов крепления приборов на стативах для размещения схемы управления стрелкой,CSH,2023,1.0,"0,55ч",,,,
2,12959572,2023-08-07 16:52:00,Московская,"МОСК, ШЧ-33",,,"1шт 0,3ч",Нарушение контакта в монтаже в путевых ящиках для размещения аппаратуры рельсовых цепей,CSH,2023,,,,,1.0,"0,3ч"
1,12960520,2023-08-08 09:16:00,Московская,"МОСК, ШЧ-8","2шт 2,37ч","1шт 0,85ч","1шт 0,35ч",Короткое замыкание (пробой) элементов защитного блока аппаратуры постовых устройств ЭЦ,CSH,2023,2.0,"2,37ч",1.0,"0,85ч",1.0,"0,35ч"
2,12960768,2023-08-08 11:15:00,Московская,"МОСК, ШЧ-33",,"1шт 0,12ч",,Обрыв жил сигнально-блокировочного металлического кабеля рельсовых цепей,CSH,2023,,,1.0,"0,12ч",,
3,12961032,2023-08-08 12:20:00,Московская,"МОСК, ШЧ-28",,,,Обрыв жил сигнально-блокировочного металлического кабеля рельсовых цепей,CSH,2023,,,,,,
2,12962110,2023-08-09 00:50:00,Московская,"МОСК, ИЧ-2 ЛЬГОВСКАЯ Ш","1шт 0,5ч",,,Обрыв внешнего монтажа аппаратуры электропитания рельсовых цепей,CSH,2023,1.0,"0,5ч",,,,
2,12963480,2023-08-09 12:48:00,Московская,"МОСК, ШЧ-24","1шт 0,88ч",,,Некачественная пайка монтажа линзового светофора,CSH,2023,1.0,"0,88ч",,,,
2,12966073,2023-08-10 13:26:00,Московская,"Ю-ВОСТ, ШЧ-7","3шт (к учету 1) 1,87ч",,,Обрыв жил сигнально-блокировочного металлического кабеля кабельной сети АБ,CSH,2023,1.0,"1,87ч",,,,
1,12966250,2023-08-10 18:20:00,Московская,"МОСК, ШЧ-8",,"1шт 0,13ч","4шт 2,13ч",Разрегулировка трансформатора напряжения линий СЦБ,CSH,2023,,,1.0,"0,13ч",4.0,"2,13ч"
2,12968369,2023-08-12 12:30:00,Московская,"МОСК, ШЧ-34",,,"1шт 0,1ч",Неисправность жгута проводов (монтажа) переездного светофора,CSH,2023,,,,,1.0,"0,1ч"
3,12968572,2023-08-12 18:49:00,Московская,"МОСК, ШЧ-33",,,,Нарушение контакта в монтаже в путевых ящиках для размещения аппаратуры рельсовых цепей,CSH,2023,,,,,,
1,12968799,2023-08-13 02:08:00,Московская,"МОСК, ШЧ-5","16шт 15,38ч",,,Неисправность путевой перемычки,CSH,2023,16.0,"15,38ч",,,,
2,12969050,2023-08-13 11:05:00,Московская,"МОСК, ШЧ-35",,,"1шт 0,25ч",Нарушение контакта во внутреннем монтаже СП-6М,CSH,2023,,,,,1.0,"0,25ч"
1,12970857,2023-08-14 19:03:00,Московская,"МОСК, ШЧ-15","2шт 2,3ч",,"1шт 0,1ч","Обрыв плавкой вставки (проволоки) предохранителей аппаратуры защиты светофоров, указателей и полос",CSH,2023,2.0,"2,3ч",,,1.0,"0,1ч"
2,12970892,2023-08-14 20:04:00,Московская,"МОСК, ШЧ-35",,"1шт 0,17ч","1шт 0,17ч",Другие неисправности предохранителей аппаратуры защиты постовых устройств ЭЦ,CSH,2023,,,1.0,"0,17ч",1.0,"0,17ч"
2,12972108,2023-08-15 14:36:00,Московская,"МОСК, ШЧ-15",,,"5шт 0,68ч","Обрыв жил сигнально-блокировочного металлического кабеля светофоров, указателей и полос",CSH,2023,,,,,5.0,"0,68ч"
2,12972344,2023-08-15 17:00:00,Московская,"МОСК, ШЧ-4",,"1шт 0,13ч","12шт 1,72ч","Сообщение жил сигнально-блокировочного металлического кабеля светофоров, указателей и полос",CSH,2023,,,1.0,"0,13ч",12.0,"1,72ч"
2,12972418,2023-08-15 18:18:00,Московская,"МОСК, ШЧ-32","3шт 1,18ч",,,Перегорание лампы линзового светофора,CSH,2023,3.0,"1,18ч",,,,
2,12973944,2023-08-16 17:25:00,Московская,"МОСК, ШЧ-32",,,"1шт 0,13ч",Закорачивание РЦ,CSH,2023,,,,,1.0,"0,13ч"
3,12974999,2023-08-17 11:41:00,Московская,"МОСК, ШЧ-28",,,,Обрыв жил сигнально-блокировочного металлического кабеля рельсовых цепей,CSH,2023,,,,,,
2,12975536,2023-08-17 17:22:00,Московская,"МОСК, ШЧ-6",,,"6шт 1,65ч",Неисправность источника бесперебойного питания,CSH,2023,,,,,6.0,"1,65ч"
2,12975592,2023-08-17 20:14:00,Московская,"МОСК, ШЧ-10",,,"8шт 2,85ч",Неисправность элементов генератора аппаратуры рельсовых цепей,CSH,2023,,,,,8.0,"2,85ч"
2,12975609,2023-08-17 21:25:00,Московская,"МОСК, ШЧ-33",,,"2шт 0,25ч","Повышенное переходное сопротивление между элементами (штепсель-рельс, провод (трос)-штепсель, провод (трос)-наконечник)",CSH,2023,,,,,2.0,"0,25ч"
2,12977319,2023-08-19 10:53:00,Московская,"МОСК, ИЧ-2 ЛЬГОВСКАЯ Ш",,,"1шт 0,2ч","Обрыв электрической цепи элементов трансформаторов аппаратуры светофоров, указателей и полос",CSH,2023,,,,,1.0,"0,2ч"
2,12977753,2023-08-20 00:46:00,Московская,"МОСК, ШЧ-24","1шт 0,4ч","3шт 0,83ч",,Короткое замыкание (пробой) элементов путевых приемников ТРЦ аппаратуры рельсовых цепей,CSH,2023,1.0,"0,4ч",3.0,"0,83ч",,
2,12977810,2023-08-20 03:51:00,Московская,"МОСК, ИЧ-3 ПЛЕХАНОВСКАЯ Ш","2шт 0,83ч","1шт 0,25ч","1шт 0,17ч","Повышенное переходное сопротивление между элементами (штепсель-рельс, провод (трос)-штепсель, провод (трос)-наконечник)",CSH,2023,2.0,"0,83ч",1.0,"0,25ч",1.0,"0,17ч"
2,12977912,2023-08-20 07:13:00,Московская,"МОСК, ШЧ-24",,"1шт 0,2ч","6шт 0,85ч",Пробой элементов блока питания аппаратуры АБ,CSH,2023,,,1.0,"0,2ч",6.0,"0,85ч"
2,12977970,2023-08-20 08:00:00,Московская,"МОСК, ШЧ-24","2шт 0,83ч",,,Короткое замыкание элементов коммутаторов аппаратуры рельсовых цепей,CSH,2023,2.0,"0,83ч",,,,
2,12982439,2023-08-20 11:18:00,Московская,"МОСК, ШЧ-31","1шт 0,47ч",,,Неисправность элементов крепления приборов в шкафах для размещения устройств АБ,CSH,2023,1.0,"0,47ч",,,,
2,12984862,2023-08-20 12:25:00,Московская,"МОСК, ШТЦ ДИ",,"1шт 0,22ч","1шт 0,27ч",Неисправность блока или модуля линейного пункта ДЦ,CSH,2023,,,1.0,"0,22ч",1.0,"0,27ч"
2,12978714,2023-08-21 00:25:00,Московская,"МОСК, ИЧ-2 ЛЬГОВСКАЯ Ш","3шт 1,25ч",,,Пробой элементов блока питания аппаратуры АБ,CSH,2023,3.0,"1,25ч",,,,
2,12979898,2023-08-21 21:45:00,Московская,"МОСК, ШТЦ ДИ",,"1шт 0,23ч","3шт 0,47ч",Неисправность деталей блока элементов аппаратуры АБ,CSH,2023,,,1.0,"0,23ч",3.0,"0,47ч"
3,12979905,2023-08-21 22:11:00,Московская,"МОСК, ШЧ-17",,,,Перегорание лампы линзового светофора,CSH,2023,,,,,,
2,12979925,2023-08-21 22:40:00,Московская,"МОСК, ШЧ-5","4шт 1,33ч",,,Неисправность элементов дешифратора аппаратуры АБ,CSH,2023,4.0,"1,33ч",,,,
3,12980011,2023-08-22 00:30:00,Московская,"МОСК, ШЧ-35",,,,Разрегулировка контактов автопереключателя СП-6М,CSH,2023,,,,,,
2,12980162,2023-08-22 05:44:00,Московская,"МОСК, ШЧ-21",,,"1шт 0,17ч",Сбой программной части линейного пункта ДЦ,CSH,2023,,,,,1.0,"0,17ч"
3,12982440,2023-08-23 15:46:00,Московская,"МОСК, ШЧ-15",,,,Нарушение монтажа стативов для размещения постовых устройств ЭЦ,CSH,2023,,,,,,
2,12983931,2023-08-24 22:02:00,Московская,"МОСК, ШЧ-4",,,"2шт 0,27ч","Нарушение монтажа стативов для размещения аппаратуры светофоров, указателей и полос",CSH,2023,,,,,2.0,"0,27ч"
2,12984032,2023-08-25 01:55:00,Московская,"МОСК, ИЧ-2 ЛЬГОВСКАЯ Ш","1шт 0,38ч",,,Нарушение регулировки усилия перевода СП-6М,CSH,2023,1.0,"0,38ч",,,,
2,12989368,2023-08-25 07:50:00,Московская,"МОСК, ШЧ-17","1шт 0,48ч",,,Обрыв жил контрольного кабеля линий СЦБ,CSH,2023,1.0,"0,48ч",,,,
2,12984343,2023-08-25 08:35:00,Московская,"МОСК, ШЧ-14",,,"1шт 0,45ч",Неисправность кабельных стоек для размещения устройств рельсовой цепи,CSH,2023,,,,,1.0,"0,45ч"
2,12985146,2023-08-26 01:15:00,Московская,"МОСК, ШЧ-24","1шт 0,38ч",,,Нарушение регулировочного режима,CSH,2023,1.0,"0,38ч",,,,
2,12985239,2023-08-26 05:17:00,Московская,"МОСК, ШЧ-17","1шт 0,23ч","4шт 1,03ч","9шт 2,18ч","Подгар, сваривание контактов реле панелей питания постовых устройств ЭЦ",CSH,2023,1.0,"0,23ч",4.0,"1,03ч",9.0,"2,18ч"
2,12985373,2023-08-26 09:39:00,Московская,"МОСК, ШЧ-8",,"5шт 1,2ч","12шт 3,55ч",Повреждение контрольного кабеля линий СЦБ при работах,CSH,2023,,,5.0,"1,2ч",12.0,"3,55ч"
3,12985812,2023-08-26 19:37:00,Московская,"МОСК, ШЧ-15",,,,Нарушение контакта в навесном монтаже аппаратуры АБ,CSH,2023,,,,,,
2,12985820,2023-08-26 20:16:00,Московская,"МОСК, ШЧ-35",,"2шт 0,6ч",,Другие неисправности предохранителей аппаратуры защиты постовых устройств ЭЦ,CSH,2023,,,2.0,"0,6ч",,
2,12985839,2023-08-26 21:45:00,Московская,"МОСК, ШЧ-35","2шт 1,08ч",,,Обрыв элементов щита вводного аппаратуры электропитания постовых устройств ЭЦ,CSH,2023,2.0,"1,08ч",,,,
3,12985971,2023-08-27 02:02:00,Московская,"МОСК, ШЧ-24",,,,Нарушение регулировки гарнитуры стрелки,CSH,2023,,,,,,
3,12986159,2023-08-27 10:11:00,Московская,"МОСК, ШЧ-14",,,,Другие неисправности внешнего монтажа аппаратуры схемы управления стрелкой,CSH,2023,,,,,,
3,12986487,2023-08-27 20:32:00,Московская,"МОСК, ШЧ-10",,,,Обрыв плавкой вставки (проволоки) предохранителей аппаратуры защиты постовых устройств ЭЦ,CSH,2023,,,,,,
2,12986736,2023-08-28 05:17:00,Московская,"МОСК, ШЧ-5","1шт 0,25ч",,,Залипание якоря реле аппаратуры АБ,CSH,2023,1.0,"0,25ч",,,,
2,12987194,2023-08-28 12:35:00,Московская,"МОСК, ШЧ-24",,,"1шт 0,12ч",Обрыв жил кабеля линий СЦБ напряжением до 1000 В,CSH,2023,,,,,1.0,"0,12ч"
2,12987488,2023-08-28 17:06:00,Московская,"МОСК, ШЧ-31","1шт 0,37ч",,,Обрыв жил сигнально-блокировочного металлического кабеля кабельной сети АБ,CSH,2023,1.0,"0,37ч",,,,
2,12987611,2023-08-28 22:30:00,Московская,"МОСК, ШЧ-34",,"1шт 0,17ч",,Короткое замыкание внешнего монтажа аппаратуры АБ,CSH,2023,,,1.0,"0,17ч",,
3,12988555,2023-08-29 15:20:00,Московская,"МОСК, ШЧ-28",,,,"Обрыв внешнего монтажа аппаратуры защиты  светофоров, указателей и полос",CSH,2023,,,,,,
3,12988992,2023-08-30 02:40:00,Московская,"МОСК, ШЧ-33",,,,Нарушение монтажа стативов для размещения постовых устройств ЭЦ,CSH,2023,,,,,,
2,12989416,2023-08-30 09:05:00,Московская,"МОСК, ШЧ-35",,"1шт 0,1ч",,Нарушение монтажа стативов для размещения постовых устройств ЭЦ,CSH,2023,,,1.0,"0,1ч",,
2,12990144,2023-08-30 18:37:00,Московская,"МОСК, ШЧ-5","2шт 0,68ч",,,"Нарушение монтажа стативов для размещения аппаратуры светофоров, указателей и полос",CSH,2023,2.0,"0,68ч",,,,
2,12991514,2023-09-01 03:40:00,Московская,"МОСК, ШТЦ ДИ",,,"1шт 0,8ч",Неисправность блока или модуля линейного пункта ДЦ,CSH,2023,,,,,1.0,"0,8ч"
3,12992642,2023-09-01 21:22:00,Московская,"МОСК, ШЧ-35",,,,Обрыв провода (троса) перемычки,CSH,2023,,,,,,
2,12992767,2023-09-02 03:25:00,Московская,"МОСК, ШЧ-8","6шт 2,3ч",,,Обрыв монтажа линзового светофора,CSH,2023,6.0,"2,3ч",,,,
1,12992895,2023-09-02 09:02:00,Московская,"МОСК, ШЧ-33","2шт 1,42ч",,"1шт 0,18ч",Перегорание лампы линзового светофора,CSH,2023,2.0,"1,42ч",,,1.0,"0,18ч"
2,12993257,2023-09-02 19:28:00,Московская,"МОСК, ШЧ-24",,,"1шт 0,17ч",Нарушение контакта во внутреннем монтаже СП-6М,CSH,2023,,,,,1.0,"0,17ч"
2,12993622,2023-09-03 07:50:00,Московская,"МОСК, ШЧ-33",,"1шт 0,12ч",,Нарушение монтажа шкафов для размещения устройств АБ,CSH,2023,,,1.0,"0,12ч",,
2,12995986,2023-09-04 17:15:00,Московская,"МОСК, ШЧ-31","1шт 0,5ч","1шт 0,12ч",,Перегорание лампы линзового светофора,CSH,2023,1.0,"0,5ч",1.0,"0,12ч",,
2,12997321,2023-09-05 12:47:00,Московская,"МОСК, ШЧ-31","1шт 0,3ч",,,Нарушение изоляции шкафов для размещения устройств АБ,CSH,2023,1.0,"0,3ч",,,,
2,12998524,2023-09-05 21:38:00,Московская,"МОСК, ШЧ-35",,,"1шт 0,17ч",Нарушение монтажа стативов для размещения постовых устройств ЭЦ,CSH,2023,,,,,1.0,"0,17ч"
2,12998528,2023-09-05 21:45:00,Московская,"МОСК, ШЧ-14",,,"1шт 0,12ч",Ослабление крепления СП-6,CSH,2023,,,,,1.0,"0,12ч"
2,12998728,2023-09-06 04:30:00,Московская,"МОСК, ШЧ-4",,,"1шт 0,1ч",Повышенное переходное сопротивление между элементами ,CSH,2023,,,,,1.0,"0,1ч"
2,12999530,2023-09-06 10:56:00,Московская,"МОСК, ШЧ-24","1шт 0,32ч",,"2шт 0,28ч","Неисправность элементов крепления приборов в шкафах для размещения аппаратуры светофоров, указателей и полос",CSH,2023,1.0,"0,32ч",,,2.0,"0,28ч"
2,13001438,2023-09-07 04:27:00,Московская,"МОСК, ШЧ-28","4шт 1,57ч","2шт 0,63ч",,Неисправность элементов крепления приборов в шкафах для размещения устройств АБ,CSH,2023,4.0,"1,57ч",2.0,"0,63ч",,
2,13003207,2023-09-07 14:05:00,Московская,"МОСК, ШЧ-24","1шт 0,23ч",,"1шт 0,1ч",Некачественная пайка монтажа светодиодного светофора,CSH,2023,1.0,"0,23ч",,,1.0,"0,1ч"
3,13003022,2023-09-07 14:05:00,Московская,"МОСК, ИЧ МОСКВА Ш",,,,Нарушение контакта во внутреннем монтаже СП-6К,CSH,2023,,,,,,
2,13004144,2023-09-08 05:11:00,Московская,"МОСК, ШЧ-14",,,"17шт 3,73ч",Обрыв элементов преобразователей электропитания рельсовых цепей,CSH,2023,,,,,17.0,"3,73ч"
2,13006568,2023-09-09 14:30:00,Московская,"МОСК, ШЧ-33","2шт 0,88ч","1шт 0,15ч","1шт 0,12ч",Неисправность элементов трансмиттеров аппаратуры рельсовых цепей,CSH,2023,2.0,"0,88ч",1.0,"0,15ч",1.0,"0,12ч"
3,13006628,2023-09-09 16:40:00,Московская,"МОСК, ШЧ-4",,,,Неисправность элементов крепления приборов на стативах для размещения постовых устройств ЭЦ,CSH,2023,,,,,,
3,13006998,2023-09-10 06:10:00,Московская,"МОСК, ШЧ-35",,,,Короткое замыкание монтажа ящика для размещения схемы управления стрелкой,CSH,2023,,,,,,
3,13007484,2023-09-10 18:56:00,Московская,"МОСК, ШЧ-28",,,,Обрыв внешнего монтажа аппаратуры защиты постовых устройств ЭЦ,CSH,2023,,,,,,
2,13009017,2023-09-11 15:17:00,Московская,"МОСК, ШЧ-8",,,"1шт 0,2ч","Неисправность оборудования для размещения аппаратуры светофоров, указателей и полос",CSH,2023,,,,,1.0,"0,2ч"
1,13009817,2023-09-12 05:50:00,Московская,"МОСК, ШЧ-24","2шт 1,62ч","7шт 2,95ч","70шт 37,02ч",Влияние посторонних источников питания,CSH,2023,2.0,"1,62ч",7.0,"2,95ч",70.0,"37,02ч"
2,13009818,2023-09-12 08:10:00,Московская,"МОСК, ШЧ-31",,,"2шт 0,37ч",Неисправность элементов крепления приборов на стативах для размещения устройств АБ,CSH,2023,,,,,2.0,"0,37ч"
3,13011988,2023-09-13 09:13:00,Московская,"МОСК, ШЧ-26",,,,Неисправность элементов пульта с выносным табло постовых устройств ЭЦ,CSH,2023,,,,,,
2,13018640,2023-09-13 10:52:00,Московская,"МОСК, ШЧ-5",,,"1шт 0,1ч",Нарушение монтажа стативов для размещения схемы управления стрелкой,CSH,2023,,,,,1.0,"0,1ч"
2,13013533,2023-09-14 01:00:00,Московская,"МОСК, ШЧ-6",,"4шт 0,5ч",,Электрический пробой выравнивателей (ограничителей) аппаратуры защиты постовых устройств ЭЦ,CSH,2023,,,4.0,"0,5ч",,
3,13014237,2023-09-14 10:03:00,Московская,"МОСК, ШЧ-34",,,,Нарушение контакта монтажа в ящиках для размещения схемы управления стрелкой,CSH,2023,,,,,,
3,13015270,2023-09-14 20:25:00,Московская,"МОСК, ШЧ-35",,,,Неисправность элементов крепления приборов на стативах для размещения постовых устройств ЭЦ,CSH,2023,,,,,,
2,13016059,2023-09-15 11:10:00,Московская,"МОСК, ШЧ-33",,,"1шт 0,25ч",Нарушение электрических характеристик реле аппаратуры постовых устройств ЭЦ,CSH,2023,,,,,1.0,"0,25ч"
3,13016914,2023-09-16 01:45:00,Московская,"МОСК, ШЧ-14",,,,Некачественная пайка монтажа линзового светофора,CSH,2023,,,,,,
3,13017289,2023-09-16 14:20:00,Московская,"МОСК, ШЧ-15",,,,Потеря контакта в ламподержателе линзового светофора,CSH,2023,,,,,,
3,13017674,2023-09-17 04:12:00,Московская,"МОСК, ШЧ-15",,,,Неисправность элементов реле аппаратуры рельсовых цепей,CSH,2023,,,,,,
2,13018116,2023-09-17 17:19:00,Московская,"МОСК, ШЧ-24","2шт 0,48ч",,,Закорачивание РЦ,CSH,2023,2.0,"0,48ч",,,,
3,13018279,2023-09-17 22:59:00,Московская,"МОСК, ШЧ-35",,,,Обрыв жил сигнально-блокировочного металлического кабеля схемы управления стрелкой,CSH,2023,,,,,,
2,13019552,2023-09-18 17:20:00,Московская,"МОСК, ШЧ-34",,,"1шт 0,15ч",Нарушение монтажа шкафов для размещения устройств АБ,CSH,2023,,,,,1.0,"0,15ч"
3,13024963,2023-09-18 18:21:00,Московская,"МОСК, ШЧ-28",,,,Неисправность резьбовых соединений,CSH,2023,,,,,,
3,13021139,2023-09-19 15:51:00,Московская,"МОСК, ШТЦ ДИ",,,,Обрыв обмотки реле аппаратуры АБ,CSH,2023,,,,,,
3,13021232,2023-09-19 19:55:00,Московская,"МОСК, ШЧ-33",,,,Неисправность элементов крепления приборов на стативах для размещения постовых устройств ЭЦ,CSH,2023,,,,,,
2,13022361,2023-09-20 12:54:00,Московская,"МОСК, ШЧ-19","1шт 0,98ч",,,"Механическое разрушение, обрыв воронки, муфты линии СЦБ напряжением до 1000 В",CSH,2023,1.0,"0,98ч",,,,
2,13023201,2023-09-21 06:19:00,Московская,"МОСК, ШЧ-6","4шт 1,47ч","4шт 0,82ч","7шт 1,33ч",Подгар контактов реле аппаратуры АБ,CSH,2023,4.0,"1,47ч",4.0,"0,82ч",7.0,"1,33ч"
3,13023280,2023-09-21 07:12:00,Московская,"МОСК, ШЧ-14",,,,Неисправность коммутационных паннелей кроссовых стативов (дужек),CSH,2023,,,,,,
2,13023438,2023-09-21 08:51:00,Московская,"МОСК, ШЧ-8",,,"1шт 0,27ч","Разрегулировка контактов реле аппаратуры светофоров, указателей и полос",CSH,2023,,,,,1.0,"0,27ч"
3,13023825,2023-09-21 11:43:00,Московская,"МОСК, ШЧ-10",,,,Нарушение регулировки усилия перевода СП-6М,CSH,2023,,,,,,
2,13023823,2023-09-21 11:46:00,Московская,"МОСК, ШЧ-4",,,"1шт 0,22ч","Нарушение монтажа стативов для размещения аппаратуры светофоров, указателей и полос",CSH,2023,,,,,1.0,"0,22ч"
3,13023861,2023-09-21 11:49:00,Московская,"МОСК, ШЧ-28",,,,Обрыв внешнего монтажа аппаратуры защиты рельсовых цепей,CSH,2023,,,,,,
3,13024516,2023-09-21 21:55:00,Московская,"МОСК, ШЧ-24",,,,Сбой программной части линейного пункта ДЦ,CSH,2023,,,,,,
2,13025897,2023-09-23 05:39:00,Московская,"МОСК, ШЧ-17",,"1шт 0,32ч","1шт 0,13ч",Обрыв электрической цепи элементов дешифраторной ячейки аппаратуры АБ,CSH,2023,,,1.0,"0,32ч",1.0,"0,13ч"
3,13026208,2023-09-23 14:23:00,Московская,"МОСК, ШЧ-34",,,,Короткое замыкание деталей блока элементов аппаратуры АБ,CSH,2023,,,,,,
1,13026369,2023-09-23 17:39:00,Московская,"МОСК, ШЧ-15","3шт 3,3ч","1шт 0,12ч","1шт 0,18ч",Обрыв электрической цепи элементов трансформаторов аппаратуры рельсовых цепей,CSH,2023,3.0,"3,3ч",1.0,"0,12ч",1.0,"0,18ч"
2,13026412,2023-09-23 19:41:00,Московская,"МОСК, ШЧ-10",,,"1шт 0,1ч",Обрыв внешнего монтажа аппаратуры электропитания рельсовых цепей,CSH,2023,,,,,1.0,"0,1ч"
3,13026858,2023-09-24 10:45:00,Московская,"Ю-ВОСТ, ШЧ-7",,,,Неисправность элементов реле аппаратуры АБ,CSH,2023,,,,,,
3,13026949,2023-09-24 14:33:00,Московская,"МОСК, ШЧ-19",,,,Закорачивание РЦ,CSH,2023,,,,,,
2,13027040,2023-09-24 17:53:00,Московская,"МОСК, ШЧ-17",,"1шт 0,15ч",,Обрыв внешнего монтажа аппаратуры АБ,CSH,2023,,,1.0,"0,15ч",,
3,13027264,2023-09-25 04:04:00,Московская,"МОСК, ИЧ-2 ЛЬГОВСКАЯ Ш",,,,Сваривание контактов реле аппаратуры АБ,CSH,2023,,,,,,
2,13028740,2023-09-26 04:45:00,Московская,"МОСК, ШЧ-4",,,"3шт 0,78ч",Нарушение изоляции путевого ящика оборудования для размещения аппаратуры рельсовых цепей,CSH,2023,,,,,3.0,"0,78ч"
2,13029941,2023-09-26 18:21:00,Московская,"МОСК, ШЧ-21",,,"1шт 0,2ч",Нарушение монтажа шкафов для размещения устройств АБ,CSH,2023,,,,,1.0,"0,2ч"
2,13031978,2023-09-28 06:55:00,Московская,"МОСК, ШЧ-14",,,"1шт 0,22ч",Нарушение регулировки гарнитуры стрелки,CSH,2023,,,,,1.0,"0,22ч"
2,13032640,2023-09-28 14:50:00,Московская,"МОСК, ШЧ-4",,"1шт 0,33ч",,Отключение питающей линии,CSH,2023,,,1.0,"0,33ч",,
2,13032760,2023-09-28 16:01:00,Московская,"МОСК, ИЧ-2 ЛЬГОВСКАЯ Ш","1шт 0,47ч",,"1шт 0,35ч",Сваривание контактов реле аппаратуры АБ,CSH,2023,1.0,"0,47ч",,,1.0,"0,35ч"
2,13032857,2023-09-28 18:01:00,Московская,"МОСК, ШЧ-5","4шт 1,68ч",,"1шт 0,18ч","Повышенное переходное сопротивление между элементами (штепсель-рельс, провод (трос)-штепсель, провод (трос)-наконечник)",CSH,2023,4.0,"1,68ч",,,1.0,"0,18ч"
2,13033069,2023-09-29 01:13:00,Московская,"МОСК, ШЧ-28",,3шт 1ч,,Неисправность элементов генератора ТРЦ аппаратуры рельсовых цепей,CSH,2023,,,3.0,1ч,,
3,13033251,2023-09-29 05:13:00,Московская,"МОСК, ШЧ-34",,,,Нарушение изоляции на стрелке,CSH,2023,,,,,,
2,13033363,2023-09-29 07:04:00,Московская,"МОСК, ШЧ-10",,,"17шт 3,37ч",Сбой в работе устройств сопряжения с объектами УСО,CSH,2023,,,,,17.0,"3,37ч"
2,13033513,2023-09-29 08:52:00,Московская,"МОСК, ШЧ-28","2шт 1,15ч",,"4шт 1,87ч",Обрыв внешнего монтажа аппаратуры защиты устройств АБ,CSH,2023,2.0,"1,15ч",,,4.0,"1,87ч"
2,13034290,2023-09-29 22:18:00,Московская,"МОСК, ШЧ-4",,,"1шт 0,1ч","Неправильные действия ДСП, приведшие к неисправности светофоров, указателей и полос со схемой управления",CSH,2023,,,,,1.0,"0,1ч"
2,13034323,2023-09-30 00:02:00,Московская,"МОСК, ШЧ-10",,"1шт 0,17ч",,"Нарушение монтажа шкафов для размещения аппаратуры светофоров, указателей и полос",CSH,2023,,,1.0,"0,17ч",,
2,13034512,2023-09-30 08:16:00,Московская,"МОСК, ШЧ-24","1шт 0,17ч","1шт 0,22ч","1шт 0,15ч",Короткое замыкание в контрольном кабеле линий СЦБ,CSH,2023,1.0,"0,17ч",1.0,"0,22ч",1.0,"0,15ч"
2,13034840,2023-09-30 17:28:00,Московская,"МОСК, ШЧ-28",,"6шт 1,22ч","4шт 1,38ч","Обрыв внешнего монтажа аппаратуры защиты  светофоров, указателей и полос",CSH,2023,,,6.0,"1,22ч",4.0,"1,38ч"
2,13034931,2023-09-30 21:25:00,Московская,"МОСК, ШЧ-34",,,"1шт 0,13ч",Закорачивание РЦ,CSH,2023,,,,,1.0,"0,13ч"
2,13035708,2023-10-01 16:48:00,Московская,"Ю-ВОСТ, ШЧ-7","3шт 0,75ч",,,Подгар контактов реле аппаратуры АБ,CSH,2023,3.0,"0,75ч",,,,
2,13035781,2023-10-01 18:55:00,Московская,"МОСК, ШЧ-10",,,"1шт 0,1ч",Обрыв внешнего монтажа аппаратуры электропитания рельсовых цепей,CSH,2023,,,,,1.0,"0,1ч"
1,13035892,2023-10-01 20:25:00,Московская,"МОСК, ШЧ-5",,,"5шт 2,07ч",Обрыв провода (троса) перемычки,CSH,2023,,,,,5.0,"2,07ч"
2,13035947,2023-10-01 23:30:00,Московская,"МОСК, ШЧ-33",,"2шт 0,48ч",,Сваривание контактов реле аппаратуры рельсовых цепей,CSH,2023,,,2.0,"0,48ч",,
2,13035966,2023-10-01 23:30:00,Московская,"МОСК, ШЧ-32","1шт 0,62ч",,,Подгар контактов реле аппаратуры постовых устройств ЭЦ,CSH,2023,1.0,"0,62ч",,,,
1,13038556,2023-10-03 11:00:00,Московская,"МОСК, ШЧ-2","8шт 7,15ч",,"1шт 0,28ч",Обрыв жил сигнально-блокировочного металлического кабеля схемы управления стрелкой,CSH,2023,8.0,"7,15ч",,,1.0,"0,28ч"
3,13040389,2023-10-04 09:57:00,Московская,"МОСК, ШЧ-31",,,,"Отставание (неприлегание) остряка от рамного рельса на 4 мм и более, измеряемое против первой тяги",CSH,2023,,,,,,
3,13041217,2023-10-04 13:35:00,Московская,"МОСК, ИЧ-3 ПЛЕХАНОВСКАЯ Ш",,,,Обрыв внешнего монтажа аппаратуры электропитания постовых устройств ЭЦ,CSH,2023,,,,,,
2,13041983,2023-10-04 18:28:00,Московская,"МОСК, ШЧ-10",,,"4шт 0,93ч",Излом деталей СП-6М,CSH,2023,,,,,4.0,"0,93ч"
2,13042438,2023-10-05 06:51:00,Московская,"МОСК, ШТЦ ДИ",,,"3шт 0,4ч","Подгар, сваривание контактов релейных блоков аппаратуры постовых устройств ЭЦ",CSH,2023,,,,,3.0,"0,4ч"
2,13043964,2023-10-05 18:02:00,Московская,"МОСК, ИЧ-2 ЛЬГОВСКАЯ Ш",,,"1шт 0,17ч",Залипание якоря реле аппаратуры АБ,CSH,2023,,,,,1.0,"0,17ч"
2,13044004,2023-10-05 18:59:00,Московская,"МОСК, ШЧ-8","3шт 0,9ч","5шт 1,3ч",,Электрический пробой разрядников аппаратуры защиты рельсовых цепей,CSH,2023,3.0,"0,9ч",5.0,"1,3ч",,
3,13044116,2023-10-06 00:50:00,Московская,"МОСК, ИЧ-3 ПЛЕХАНОВСКАЯ Ш",,,,Другие неисправности внешнего монтажа аппаратуры постовых устройств ЭЦ,CSH,2023,,,,,,
2,13044295,2023-10-06 05:30:00,Московская,"МОСК, ШЧ-24",,,"6шт 0,67ч",Нарушение монтажа шкафов для размещения устройств АБ,CSH,2023,,,,,6.0,"0,67ч"
2,13044478,2023-10-06 08:25:00,Московская,"МОСК, ШЧ-24",,,"9шт 1,42ч",Обрыв жил сигнально-блокировочного металлического кабеля рельсовых цепей,CSH,2023,,,,,9.0,"1,42ч"
2,13045893,2023-10-07 04:44:00,Московская,"МОСК, ШЧ-10","1шт 0,72ч","1шт 0,37ч","6шт 1,58ч",Короткое замыкание (электрический пробой) элементов трансформаторов аппаратуры рельсовых цепей,CSH,2023,1.0,"0,72ч",1.0,"0,37ч",6.0,"1,58ч"
2,13045914,2023-10-07 06:00:00,Московская,"МОСК, ШЧ-4","1шт 0,22ч",,"9шт 2,27ч",Механическое заедание элементов пульта с выносным табло постовых устройств ЭЦ,CSH,2023,1.0,"0,22ч",,,9.0,"2,27ч"
3,13045989,2023-10-07 07:58:00,Московская,"МОСК, ШЧ-34",,,,Нарушение монтажа стативов для размещения устройств АБ,CSH,2023,,,,,,
3,13046373,2023-10-07 16:53:00,Московская,"МОСК, ШЧ-33",,,,Нарушение монтажа стативов для размещения постовых устройств ЭЦ,CSH,2023,,,,,,
2,13046647,2023-10-08 00:37:00,Московская,"МОСК, ШЧ-10",,"2шт 0,42ч",,Неисправность светодиодного модуля светофора,CSH,2023,,,2.0,"0,42ч",,
1,13046969,2023-10-08 10:58:00,Московская,"МОСК, ШЧ-8","3шт 1,7ч","3шт 0,42ч","1шт 0,62ч",Обрыв жил контрольного кабеля линий СЦБ,CSH,2023,3.0,"1,7ч",3.0,"0,42ч",1.0,"0,62ч"
2,13047043,2023-10-08 12:58:00,Московская,"МОСК, ШЧ-24",,"1шт 0,17ч",,Нарушение монтажа стативов для размещения постовых устройств ЭЦ,CSH,2023,,,1.0,"0,17ч",,
3,13047389,2023-10-08 23:26:00,Московская,"МОСК, ШЧ-35",,,,Нарушение монтажа стативов для размещения схемы управления стрелкой,CSH,2023,,,,,,
2,13047743,2023-10-09 07:03:00,Московская,"МОСК, ШЧ-10",,,"4шт 0,62ч",Другие неисправности внешнего монтажа аппаратуры постовых устройств ЭЦ,CSH,2023,,,,,4.0,"0,62ч"
2,13049077,2023-10-09 18:08:00,Московская,"МОСК, ШЧ-6","1шт 0,53ч",,"4шт 1,08ч",Другие неисправности элементов защитного блока аппаратуры АБ,CSH,2023,1.0,"0,53ч",,,4.0,"1,08ч"
3,13051014,2023-10-10 19:43:00,Московская,"МОСК, ШЧ-35",,,,Ослабление затяжки болтов перемычки,CSH,2023,,,,,,
2,13051504,2023-10-11 05:45:00,Московская,"МОСК, ШЧ-31",,,"1шт 0,4ч",Неисправность релейной аппаратуры ДЦ линейного пункта ,CSH,2023,,,,,1.0,"0,4ч"
2,13052929,2023-10-11 14:47:00,Московская,"МОСК, ШЧ-35",,,"1шт 0,18ч",Неисправность элементов приемников ТРЦ аппаратуры рельсовых цепей,CSH,2023,,,,,1.0,"0,18ч"
2,13053391,2023-10-11 19:02:00,Московская,"МОСК, ШЧ-34","1шт 0,93ч",,"2шт 0,27ч","Нарушение монтажа стативов для размещения аппаратуры светофоров, указателей и полос",CSH,2023,1.0,"0,93ч",,,2.0,"0,27ч"
2,13054408,2023-10-12 10:24:00,Московская,"МОСК, ШЧ-24",,"1шт 0,12ч","1шт 0,18ч",Нарушение монтажа стативов для размещения устройств АБ,CSH,2023,,,1.0,"0,12ч",1.0,"0,18ч"
2,13055270,2023-10-12 15:37:00,Московская,"МОСК, ШЧ-28","2шт 0,8ч","1шт 0,12ч",,Нарушение монтажа стативов для размещения постовых устройств ЭЦ,CSH,2023,2.0,"0,8ч",1.0,"0,12ч",,
3,13055602,2023-10-12 22:22:00,Московская,"МОСК, ШЧ-15",,,,Обрыв жил сигнально-блокировочного металлического кабеля рельсовых цепей,CSH,2023,,,,,,
2,13056743,2023-10-13 12:18:00,Московская,"МОСК, ШЧ-31","1шт 0,77ч","1шт 0,23ч",,Подгар контактов реле аппаратуры,CSH,2023,1.0,"0,77ч",1.0,"0,23ч",,
3,13057248,2023-10-13 16:33:00,Московская,"МОСК, ШЧ-5",,,,Неисправность элементов дешифраторной ячейки аппаратуры АБ,CSH,2023,,,,,,
2,13057292,2023-10-13 16:50:00,Московская,"МОСК, ШЧ-17","1шт 0,5ч",,,Потеря контакта в ламподержателе линзового светофора,CSH,2023,1.0,"0,5ч",,,,
3,13057612,2023-10-14 01:55:00,Московская,"МОСК, ШЧ-21",,,,Внутренний обрыв жил сигнально-блокировочного металлического кабеля,CSH,2023,,,,,,
2,13058407,2023-10-15 06:15:00,Московская,"МОСК, ШЧ-35",,,"2шт 0,27ч",Нарушение контакта в монтаже в путевых ящиках для размещения аппаратуры рельсовых цепей,CSH,2023,,,,,2.0,"0,27ч"
2,13060701,2023-10-16 17:51:00,Московская,"МОСК, ШЧ-28",,,"2шт 0,42ч",Излом деталей СП-6М,CSH,2023,,,,,2.0,"0,42ч"
2,13060476,2023-10-17 06:02:00,Московская,"МОСК, ШЧ-34",,,"2шт 0,35ч",Неисправность переездной автоматики,CSH,2023,,,,,2.0,"0,35ч"
2,13062165,2023-10-18 11:17:00,Московская,"МОСК, ШЧ-5","5шт 1,9ч",,"1шт 0,47ч",Нарушение монтажа стативов для размещения устройств АБ,CSH,2023,5.0,"1,9ч",,,1.0,"0,47ч"
3,13063140,2023-10-19 04:12:00,Московская,"МОСК, ШЧ-8",,,,"Короткое замыкание внешнего монтажа аппаратуры защиты  светофоров, указателей и полос",CSH,2023,,,,,,
2,13063675,2023-10-19 09:49:00,Московская,"МОСК, ШТЦ ДИ",,,"2шт 0,27ч",Обрыв плавкой вставки (проволоки) предохранителей аппаратуры защиты рельсовых цепей,CSH,2023,,,,,2.0,"0,27ч"
2,13063824,2023-10-19 13:08:00,Московская,"МОСК, ШЧ-8","2шт 0,68ч",,,Обрыв монтажа линзового светофора,CSH,2023,2.0,"0,68ч",,,,
2,13064546,2023-10-20 05:55:00,Московская,"МОСК, ШЧ-24",,,"1шт 0,12ч",Загрязнение элементов реле аппаратуры рельсовых цепей,CSH,2023,,,,,1.0,"0,12ч"
2,13064912,2023-10-20 10:28:00,Московская,"МОСК, ШЧ-15",,,"5шт 0,65ч",Нарушение контакта в разъемах блока элементах аппаратуры рельсовых цепей,CSH,2023,,,,,5.0,"0,65ч"
2,13065695,2023-10-21 05:10:00,Московская,"МОСК, ШЧ-6",5шт 2ч,"1шт 0,25ч",,Закорачивание РЦ,CSH,2023,5.0,2ч,1.0,"0,25ч",,
2,13065911,2023-10-21 08:52:00,Московская,"МОСК, ШЧ-15",,,"2шт 0,35ч","Повышенное переходное сопротивление между элементами (штепсель-рельс, провод (трос)-штепсель, провод (трос)-наконечник)",CSH,2023,,,,,2.0,"0,35ч"
2,13066215,2023-10-21 19:19:00,Московская,"МОСК, ШЧ-34",,,"1шт 0,23ч",Обрыв монтажа линзового светофора,CSH,2023,,,,,1.0,"0,23ч"
2,13066416,2023-10-22 00:10:00,Московская,"МОСК, ШЧ-28","2шт 1,48ч",,,Обрыв жил сигнально-блокировочного металлического кабеля кабельной сети АБ,CSH,2023,2.0,"1,48ч",,,,
3,13068776,2023-10-24 12:00:00,Московская,"МОСК, ШЧ-2",,,,Обрыв линейного кабеля,CSH,2023,,,,,,
2,13068945,2023-10-24 13:30:00,Московская,"МОСК, ШЧ-28","1шт 0,57ч",,,Нарушение изоляции на стрелке,CSH,2023,1.0,"0,57ч",,,,
1,13069014,2023-10-24 14:45:00,Московская,"МОСК, ШЧ-6","1шт 1,6ч","4шт 2,18ч","4шт 1,12ч",Обрыв внешнего монтажа аппаратуры защиты постовых устройств ЭЦ,CSH,2023,1.0,"1,6ч",4.0,"2,18ч",4.0,"1,12ч"
2,13069366,2023-10-24 23:38:00,Московская,"МОСК, ШЧ-14",,,"1шт 0,12ч","Неисправность элементов трансформаторов аппаратуры светофоров, указателей и полос",CSH,2023,,,,,1.0,"0,12ч"
2,13070816,2023-10-26 04:04:00,Московская,"МОСК, ШЧ-24","1шт 0,85ч",,"2шт 0,38ч",Нарушение контакта в штепсельном разъеме реле аппаратуры светофоров указателей и полос,CSH,2023,1.0,"0,85ч",,,2.0,"0,38ч"
2,13071957,2023-10-27 06:05:00,Московская,"МОСК, ШЧ-34",,,"1шт 0,15ч",Нарушение временных характеристик реле аппаратуры АБ,CSH,2023,,,,,1.0,"0,15ч"
2,13072642,2023-10-27 16:47:00,Московская,"МОСК, ШЧ-34",,"1шт 0,17ч",,Асимметрия тягового тока,CSH,2023,,,1.0,"0,17ч",,
2,13072706,2023-10-27 17:50:00,Московская,"МОСК, ШЧ-28",,"5шт 0,97ч",,Влияние посторонних источников питания,CSH,2023,,,5.0,"0,97ч",,
2,13073579,2023-10-29 01:00:00,Московская,"МОСК, ШЧ-33","2шт 0,55ч",,,Нарушение монтажа шкафов для размещения устройств АБ,CSH,2023,2.0,"0,55ч",,,,
3,13073713,2023-10-29 06:15:00,Московская,"МОСК, ШЧ-34",,,,Короткое замыкание секций СП-6М,CSH,2023,,,,,,
2,13074151,2023-10-29 17:18:00,Московская,"МОСК, ИЧ-2 ЛЬГОВСКАЯ Ш",,"2шт 0,32ч",,"Обрыв жил сигнально-блокировочного металлического кабеля светофоров, указателей и полос",CSH,2023,,,2.0,"0,32ч",,
2,13092318,2023-10-30 09:02:00,Московская,"МОСК, ШЧ-5","1шт 0,25ч",,,Нарушение контакта в монтаже в ящиках для размещения устройств АБ,CSH,2023,1.0,"0,25ч",,,,
2,13075070,2023-10-30 14:10:00,Московская,"МОСК, ШЧ-34","2шт 0,73ч",,"1шт 0,2ч",Обрыв внешнего монтажа аппаратуры защиты схемы управления стрелкой,CSH,2023,2.0,"0,73ч",,,1.0,"0,2ч"
2,13075544,2023-10-31 04:48:00,Московская,"МОСК, ШЧ-8",,"2шт 0,38ч","5шт 0,97ч","Обрыв внешнего монтажа аппаратуры защиты  светофоров, указателей и полос",CSH,2023,,,2.0,"0,38ч",5.0,"0,97ч"
3,13076051,2023-10-31 12:50:00,Московская,"МОСК, ШЧ-15",,,,"Нарушение монтажа стативов для размещения аппаратуры светофоров, указателей и полос",CSH,2023,,,,,,
3,12649776,2023-01-04 02:18:00,Московская,"МОСК, ТЧЭ-2",,,,Прочая неисправность колеса вспомогательного вентилятора охлаждения дизеля,CT,2023,,,,,,
3,12652588,2023-01-06 12:50:00,Московская,"МОСК, ТЧЭ-36",,,,"Низкое сопротивление изоляции провода, кабеля низковольтных цепей и цепей управления",CT,2023,,,,,,
3,12656346,2023-01-08 23:23:00,Московская,"МОСК, ТЧЭ-18",,,,Прочая неисправность кулачкового вала блокировочного устройства,CT,2023,,,,,,
3,12663683,2023-01-11 09:55:00,Московская,"МОСК, ТЧЭ-36",,,,"Сгорание плавкой вставки предохранителя, панели предохранителей",CT,2023,,,,,,
3,12671375,2023-01-14 14:03:00,Московская,"МОСК, ТЧЭ-27",,,,Срабатывание при воздействии атмосферных явлений,CT,2023,,,,,,
3,12671630,2023-01-14 22:10:00,Московская,"МОСК, ТЧЭ-36",,,,"Пробой изоляции провода, кабеля низковольтных цепей и цепей управления на корпус",CT,2023,,,,,,
2,12673859,2023-01-17 05:48:00,Московская,"МОСК, ТЧЭ-18",,,"3шт 0,88ч",Прочая неисправность трубопровода системы циркуляции воды,CT,2023,,,,,3.0,"0,88ч"
2,12677837,2023-01-20 00:46:00,Московская,"МОСК, ТЧЭ-46","2шт 1,25ч",,,Прочая неисправность стабилизатора крана машиниста,CT,2023,2.0,"1,25ч",,,,
3,12685181,2023-01-26 04:54:00,Московская,"МОСК, ТЧЭ-5",,,,Неисправность электромонтажа системы автоматического управления торможением,CT,2023,,,,,,
2,12687644,2023-01-28 04:42:00,Московская,"МОСК, ТЧЭ-5","1шт 0,33ч",,"1шт 0,15ч",Излом рамы токоприемника,CT,2023,1.0,"0,33ч",,,1.0,"0,15ч"
3,12688159,2023-01-28 21:09:00,Московская,"МОСК, ТЧЭ-36",,,,"Низкое сопротивление изоляции провода, кабеля низковольтных цепей и цепей управления",CT,2023,,,,,,
3,12690253,2023-01-31 09:30:00,Московская,"МОСК, ТЧЭ-5",,,,Прочая неисправность трубопроводов системы подачи топлива,CT,2023,,,,,,
3,12696252,2023-02-04 14:20:00,Московская,"МОСК, ТЧЭ-6",,,,Прочая неисправность манжеты клапана песочницы,CT,2023,,,,,,
3,12696399,2023-02-04 18:10:00,Московская,"МОСК, ТЧЭ-5",,,,Прочая неисправность манжеты клапана песочницы,CT,2023,,,,,,
2,12703039,2023-02-08 14:49:00,Московская,"МОСК, ТЧЭ-5","8шт 4,25ч","1шт 0,12ч","5шт 0,87ч",Износ диафрагмы регулятора давления,CT,2023,8.0,"4,25ч",1.0,"0,12ч",5.0,"0,87ч"
3,12713115,2023-02-15 16:40:00,Московская,"МОСК, ТЧЭ-5",,,,"Прочая неисправность лобового стекла корпуса кузова локомотива, МВПС",CT,2023,,,,,,
3,12713144,2023-02-15 21:00:00,Московская,"МОСК, ТЧЭ-41",,,,"Пробой изоляции провода, кабеля низковольтных цепей и цепей управления на корпус",CT,2023,,,,,,
3,12713322,2023-02-16 02:10:00,Московская,"МОСК, ТЧЭ-36",,,,Прочая неисправность редукционного клапана поездного компрессора,CT,2023,,,,,,
3,12716368,2023-02-19 08:27:00,Московская,"МОСК, ТЧЭ-5",,,,Прочая неисправность манжеты клапана песочницы,CT,2023,,,,,,
3,12720623,2023-02-23 08:36:00,Московская,"МОСК, ТЧЭ-36",,,,Вмешательство в работу радиостанции РВ-1.1М (подключение дополнительных устройств) ,CT,2023,,,,,,
3,12720750,2023-02-23 12:17:00,Московская,"МОСК, ТЧЭ-46",,,,"Прочая неисправность бандажа колесной пары локомотива, МВПС",CT,2023,,,,,,
3,12722172,2023-02-25 15:36:00,Московская,"МОСК, ТЧЭ-41",,,,Прочая неисправность контактного устройства разъединителя высоковольтного однополюсного,CT,2023,,,,,,
3,12728341,2023-03-02 19:41:00,Московская,"МОСК, ТЧЭ-36",,,,Прочая неисправность сальника водяного насоса охлаждения дизеля,CT,2023,,,,,,
3,12730016,2023-03-03 19:50:00,Московская,"МОСК, ТЧЭ-36",,,,Прочая неисправность трубопровода системы циркуляции воды,CT,2023,,,,,,
2,12738237,2023-03-10 03:35:00,Московская,"ОКТ, ТЧЭ-1",,"1шт 0,3ч",,Прочая неисправность главного вала контроллера машиниста,CT,2023,,,1.0,"0,3ч",,
3,12745609,2023-03-15 10:01:00,Московская,"МОСК, ТЧЭ-36",,,,Прочая неисправность диафрагмы крана машиниста,CT,2023,,,,,,
1,12748643,2023-03-17 00:27:00,Московская,"ОКТ, ТЧЭ-1","4шт 7,3ч",,,Прочая неисправность корпуса крана машиниста,CT,2023,4.0,"7,3ч",,,,
3,12755856,2023-03-23 12:01:00,Московская,"МОСК, ТЧЭ-18",,,,"Прочая неисправность бандажа колесной пары локомотива, МВПС",CT,2023,,,,,,
3,12758513,2023-03-26 03:12:00,Московская,"МОСК, ТЧЭ-36",,,,Неисправность блока индикации БИЛ-У комплексного локомотивного устройства безопасности,CT,2023,,,,,,
3,12761712,2023-03-28 14:46:00,Московская,"МОСК, ТЧЭ-6",,,,"Прочая неисправность корпуса буксы локомотива, МВПС",CT,2023,,,,,,
2,12766599,2023-04-01 01:09:00,Московская,"МОСК, ТЧЭ-39",,"1шт 0,8ч",,Неисправность измерительного устройства,CT,2023,,,1.0,"0,8ч",,
3,12766600,2023-04-01 01:54:00,Московская,"МОСК, ТЧЭ-36",,,,Прочая неисправность вентиля системы подачи топлива,CT,2023,,,,,,
2,12780678,2023-04-08 05:45:00,Московская,"МОСК, ТЧЭ-5","3шт 1,2ч",,"1шт 0,12ч",Прочая неисправность стабилизатора крана машиниста,CT,2023,3.0,"1,2ч",,,1.0,"0,12ч"
3,12782347,2023-04-10 02:24:00,Московская,"МОСК, ТЧЭ-18",,,,Прочая неисправность сальника гидромеханического редуктора,CT,2023,,,,,,
3,12791011,2023-04-13 19:06:00,Московская,"МОСК, ТЧЭ-36",,,,Прочая неисправность корпуса крана машиниста,CT,2023,,,,,,
3,12802967,2023-04-22 04:42:00,Московская,"МОСК, ТЧЭ-2",,,,Прочая неисправность силовых контактов электромагнитного контактора вспомогательных цепей и цепей управления,CT,2023,,,,,,
3,12834576,2023-04-22 17:56:00,Московская,"МОСК, ТЧЭ-2","1шт 0,18ч",,,Неисправность источника электропитания КЛУБ-У,CT,2023,1.0,"0,18ч",,,,
3,12804299,2023-04-23 19:23:00,Московская,"МОСК, ТЧЭ-36",,,,Прочая неисправность диафрагмы крана машиниста,CT,2023,,,,,,
3,12806907,2023-04-25 08:32:00,Московская,"МОСК, ТЧЭ-5",,,,Прочая неисправность холодильника поездного компрессора,CT,2023,,,,,,
3,12814407,2023-04-29 23:59:00,Московская,"МОСК, ТЧЭ-5",,,,"Прочая неисправность бандажа колесной пары локомотива, МВПС",CT,2023,,,,,,
3,12815079,2023-05-01 03:59:00,Московская,"МОСК, ТЧЭ-36",,,,Неисправность измерителя скорости механического скоростемера,CT,2023,,,,,,
3,12834482,2023-05-11 14:26:00,Московская,"МОСК, ТЧЭ-2",,,,"Прочая неисправность провода, кабеля низковольтных цепей и цепей управления",CT,2023,,,,,,
3,12841462,2023-05-16 09:30:00,Московская,"МОСК, ТЧЭ-5",,,,Прочая неисправность силовых контактов электромагнитного контактора вспомогательных цепей и цепей управления,CT,2023,,,,,,
3,12842991,2023-05-17 07:44:00,Московская,"МОСК, ТЧЭ-36",,,,Трещина вала ротора турбокомпрессора,CT,2023,,,,,,
3,12847537,2023-05-19 22:31:00,Московская,"МОСК, ТЧЭ-36",,,,Прочая неисправность втулки антивибратора дизеля,CT,2023,,,,,,
3,12847910,2023-05-20 08:30:00,Московская,"МОСК, ТЧЭ-5",,,,"Прочая неисправность предохранителя автосцепки локомотива, МВПС",CT,2023,,,,,,
2,12851191,2023-05-23 03:05:00,Московская,"МОСК, ТЧЭ-5",,,"3шт 0,68ч","Переброс, круговой огонь в коллекторе тягового двигателя постоянного тока",CT,2023,,,,,3.0,"0,68ч"
3,12852978,2023-05-23 21:10:00,Московская,"МОСК, ТЧЭ-6",,,,Прочая неисправность уравнительного поршня крана машиниста,CT,2023,,,,,,
3,12858400,2023-05-27 20:05:00,Московская,"МОСК, ТЧЭ-36",,,,Прочая неисправность катушки блок-реле электропневматического тормоза,CT,2023,,,,,,
3,12864107,2023-06-01 12:20:00,Московская,"МОСК, ТЧЭ-46",,,,Износ контактов контактной системы автоматического выключателя,CT,2023,,,,,,
2,12867671,2023-06-04 08:50:00,Московская,"МОСК, ТЧЭ-5","1шт 0,25ч",,,"Сдвиг, проворот бандажа колесной пары локомотива, МВПС",CT,2023,1.0,"0,25ч",,,,
3,12881656,2023-06-10 12:32:00,Московская,"МОСК, ТЧЭ-36",,,,"Низкое сопротивление изоляции провода, кабеля низковольтных цепей и цепей управления",CT,2023,,,,,,
2,12884862,2023-06-13 03:44:00,Московская,"ОКТ, ТЧЭ-1","2шт 0,5ч",,,"Ползун, выбоина на поверхности катания бандажа колесной пары локомотива, МВПС",CT,2023,2.0,"0,5ч",,,,
2,12893100,2023-06-19 01:18:00,Московская,"ОКТ, ТЧЭ-1",,"2шт (к учету 1) 0,38ч",,Неисправность блока МПСУ,CT,2023,,,1.0,"0,38ч",,
3,12895706,2023-06-21 05:27:00,Московская,"МОСК, ТЧЭ-36",,,,"Низкое сопротивление изоляции провода, кабеля низковольтных цепей и цепей управления",CT,2023,,,,,,
3,12900411,2023-06-24 13:00:00,Московская,"МОСК, ТЧЭ-5",,,,"Отгар наконечника провода, кабеля низковольтных цепей и цепей управления",CT,2023,,,,,,
3,12906980,2023-06-30 05:53:00,Московская,"МОСК, ТЧЭ-36",,,,"Низкое сопротивление изоляции провода, кабеля низковольтных цепей и цепей управления",CT,2023,,,,,,
3,12921554,2023-07-10 06:17:00,Московская,"МОСК, ТЧЭ-36",,,,"Низкое сопротивление изоляции провода, кабеля низковольтных цепей и цепей управления",CT,2023,,,,,,
3,12924976,2023-07-12 04:44:00,Московская,"МОСК, ТЧЭ-36",,,,"Низкое сопротивление изоляции провода, кабеля низковольтных цепей и цепей управления",CT,2023,,,,,,
2,12931379,2023-07-16 16:58:00,Московская,"МОСК, ТЧЭ-36","1шт 0,25ч",,,"Низкое сопротивление изоляции провода, кабеля низковольтных цепей и цепей управления",CT,2023,1.0,"0,25ч",,,,
3,12937945,2023-07-22 01:00:00,Московская,"МОСК, ТЧЭ-5",,,,"Прочая неисправность бандажа колесной пары локомотива, МВПС",CT,2023,,,,,,
3,12938736,2023-07-22 21:30:00,Московская,"МОСК, ТЧЭ-36",,,,"Прочая неисправность провода, кабеля низковольтных цепей и цепей управления",CT,2023,,,,,,
2,12944711,2023-07-23 16:08:00,Московская,"МОСК, ТЧЭ-18",,"1шт 0,38ч",,Прочая неисправность пневматического привода токоприемника,CT,2023,,,1.0,"0,38ч",,
3,12939494,2023-07-23 21:01:00,Московская,"МОСК, ТЧЭ-36",,,,"Прочая неисправность провода, кабеля низковольтных цепей и цепей управления",CT,2023,,,,,,
3,12941220,2023-07-25 10:00:00,Московская,"МОСК, ТЧЭ-36",,,,"Прочая неисправность провода, кабеля низковольтных цепей и цепей управления",CT,2023,,,,,,
2,12944542,2023-07-27 07:40:00,Московская,"КБШ, ТЧЭ-5","2шт 1,65ч",,,Неисправность блока регистрации БР комплекса средств измерения параметров движения,CT,2023,2.0,"1,65ч",,,,
3,12946733,2023-07-29 13:14:00,Московская,"МОСК, ТЧЭ-36",,,,"Прочая неисправность провода, кабеля низковольтных цепей и цепей управления",CT,2023,,,,,,
3,12956322,2023-08-05 05:39:00,Московская,"МОСК, ТЧЭ-5",,,,Неисправность фиксатора ручки крана машиниста,CT,2023,,,,,,
2,12966776,2023-08-11 05:42:00,Московская,"МОСК, ТЧЭ-2",,,"1шт 0,13ч",Неисправность блока МПСУ,CT,2023,,,,,1.0,"0,13ч"
3,12967620,2023-08-11 14:40:00,Московская,"МОСК, ТЧЭ-36",,,,"Низкое сопротивление изоляции провода, кабеля низковольтных цепей и цепей управления",CT,2023,,,,,,
3,12968227,2023-08-12 06:47:00,Московская,"МОСК, ТЧЭ-36",,,,"Низкое сопротивление изоляции провода, кабеля низковольтных цепей и цепей управления",CT,2023,,,,,,
3,12972856,2023-08-16 06:53:00,Московская,"МОСК, ТЧЭ-36",,,,"Низкое сопротивление изоляции провода, кабеля низковольтных цепей и цепей управления",CT,2023,,,,,,
3,12974192,2023-08-17 00:30:00,Московская,"МОСК, ТЧЭ-46",,,,Прочая неисправность манжеты клапана песочницы,CT,2023,,,,,,
3,12974244,2023-08-17 01:39:00,Московская,"МОСК, ТЧЭ-36",,,,"Низкое сопротивление изоляции провода, кабеля низковольтных цепей и цепей управления",CT,2023,,,,,,
3,12975843,2023-08-18 04:42:00,Московская,"МОСК, ТЧЭ-36",,,,"Низкое сопротивление изоляции провода, кабеля низковольтных цепей и цепей управления",CT,2023,,,,,,
3,12982550,2023-08-23 12:22:00,Московская,"МОСК, ТЧЭ-2",,,,Износ контактов контактной системы автоматического выключателя,CT,2023,,,,,,
2,12982692,2023-08-23 22:11:00,Московская,"МОСК, ТЧЭ-5","1шт 0,18ч",,"1шт 0,2ч",Неисправность блока оптронный БО-САУТ-ЦМ комплексного локомотивного устройства безопасности,CT,2023,1.0,"0,18ч",,,1.0,"0,2ч"
2,12983047,2023-08-24 07:20:00,Московская,"МОСК, ТЧЭ-36","4шт 2,72ч","1шт 0,22ч",,Прочая неисправность манжеты клапана песочницы,CT,2023,4.0,"2,72ч",1.0,"0,22ч",,
3,12985247,2023-08-26 05:54:00,Московская,"МОСК, ТЧЭ-36",,,,"Низкое сопротивление изоляции провода, кабеля низковольтных цепей и цепей управления",CT,2023,,,,,,
3,12985840,2023-08-26 20:00:00,Московская,"МОСК, ТЧЭ-18",,,,Низкая емкость аккумуляторной батареи,CT,2023,,,,,,
3,12988975,2023-08-30 02:14:00,Московская,"МОСК, ТЧЭ-5",,,,Ослабление крепления дугасительной катушки быстродействующего выключателя,CT,2023,,,,,,
3,12990273,2023-08-31 00:13:00,Московская,"МОСК, ТЧЭ-36",,,,"Низкое сопротивление изоляции провода, кабеля низковольтных цепей и цепей управления",CT,2023,,,,,,
2,13054224,2023-09-01 08:11:00,Московская,"МОСК, ТЧЭ-18",,,"1шт 0,1ч",Неисправность блока электроники локомотивного БЭЛ комплексного локомотивного устройства безопасности унифицированного,CT,2023,,,,,1.0,"0,1ч"
3,12996156,2023-09-04 22:10:00,Московская,"МОСК, ТЧЭ-36",,,,"Низкое сопротивление изоляции провода, кабеля низковольтных цепей и цепей управления",CT,2023,,,,,,
2,13001321,2023-09-06 23:25:00,Московская,"МОСК, ТЧЭ-36","2шт 1,18ч",,,"Низкое сопротивление изоляции провода, кабеля низковольтных цепей и цепей управления",CT,2023,2.0,"1,18ч",,,,
3,13004408,2023-09-08 08:00:00,Московская,"МОСК, ТЧЭ-36",,,,Прочая неисправность пружины тумблера,CT,2023,,,,,,
3,13006810,2023-09-09 22:59:00,Московская,"МОСК, ТЧЭ-36",,,,"Низкое сопротивление изоляции провода, кабеля низковольтных цепей и цепей управления",CT,2023,,,,,,
3,13013449,2023-09-13 20:00:00,Московская,"МОСК, ТЧЭ-5",,,,"Сдвиг, проворот бандажа колесной пары локомотива, МВПС",CT,2023,,,,,,
3,13017969,2023-09-17 12:30:00,Московская,"МОСК, ТЧЭ-2",,,,Вмешательство в работу радиостанции РВ-1М (подключение дополнительных устройств),CT,2023,,,,,,
3,13030305,2023-09-27 02:09:00,Московская,"МОСК, ТЧЭ-5",,,,"Низкое сопротивление изоляции проводов, кабелей силовых цепей",CT,2023,,,,,,
2,13045375,2023-10-01 22:03:00,Московская,"ОКТ, ТЧЭ-1",,,"1шт 0,12ч",Неисправность блока электроники локомотивного БЭЛ-У комплексного локомотивного устройства безопасности унифицированного,CT,2023,,,,,1.0,"0,12ч"
2,13036232,2023-10-02 05:45:00,Московская,"МОСК, ТЧЭ-18",,"1шт 0,18ч",,Прочая неисправность штуцера главного резервуара,CT,2023,,,1.0,"0,18ч",,
3,13045908,2023-10-06 21:30:00,Московская,"МОСК, ТЧЭ-36",,,,"Низкое сопротивление изоляции провода, кабеля низковольтных цепей и цепей управления",CT,2023,,,,,,
3,13051016,2023-10-10 19:58:00,Московская,"МОСК, ТЧЭ-23",,,,Прочая неисправность трубопроводов системы подачи топлива,CT,2023,,,,,,
3,13058854,2023-10-15 19:10:00,Московская,"МОСК, ТЧЭ-27",,,,Прочая неисправность ручки разобщительного крана,CT,2023,,,,,,
2,13059758,2023-10-16 12:30:00,Московская,"МОСК, ТЧЭ-46","1шт 0,42ч",,,Прочая неисправность клапана электропневматического ЭПК-150 КЛУБ,CT,2023,1.0,"0,42ч",,,,
3,13064598,2023-10-20 06:35:00,Московская,"МОСК, ТЧЭ-36",,,,Повреждение оси колёсной пары грузового вагона,CT,2023,,,,,,
2,13084777,2023-10-22 07:51:00,Московская,"МОСК, ТЧЭ-2","1шт 0,53ч",,,Прочая неисправность обмотки возбуждения тягового двигателя постоянного тока,CT,2023,1.0,"0,53ч",,,,
2,13068135,2023-10-24 00:20:00,Московская,"МОСК, ТЧЭ-5","3шт 1,95ч",,,"Переброс, круговой огонь в коллекторе тягового двигателя постоянного тока",CT,2023,3.0,"1,95ч",,,,
3,12660274,2023-01-08 15:30:00,Московская,"Ю-ВОСТ, ВЧДЭ-5 КАЗИНКА",,,,Тонкий гребень колеса грузового вагона,CV,2023,,,,,,
2,12679485,2023-01-13 05:54:00,Московская,"КРАС, ВЧДЭ-7 КРАСНОЯРСК-ВОСТ","4шт 2,03ч",,2шт 1ч,"Излом, износ сепаратора",CV,2023,4.0,"2,03ч",,,2.0,1ч
2,12701131,2023-02-08 01:06:00,Московская,"МОСК, ВЧДЭ-13 БЕКАСОВО","1шт 0,27ч",,,Неисправность воздухораспределителя грузового вагона,CV,2023,1.0,"0,27ч",,,,
3,12722299,2023-02-25 21:58:00,Московская,"МОСК, ВЧДЭ-1 ОРЕХОВО-ЗУЕВО",,,,Другие причины,CV,2023,,,,,,
2,12735067,2023-03-03 23:00:00,Московская,"МОСК, ВЧДЭ-1 ОРЕХОВО-ЗУЕВО","1шт 0,72ч",,,"Шелушение, раковины, коррозия на  деталях подшипника",CV,2023,1.0,"0,72ч",,,,
3,12751170,2023-03-17 19:20:00,Московская,"Ю-ВОСТ, ВЧДЭ-3 СТОЙЛЕНСКАЯ",,,,Прокат колеса грузового вагона по кругу катания выше нормы,CV,2023,,,,,,
3,12779224,2023-04-02 23:00:00,Московская,"КРАС, ВЧДЭ-8 АБАКАН",,,,Тонкий гребень колеса грузового вагона,CV,2023,,,,,,
3,12776110,2023-04-04 17:38:00,Московская,"Ю-УР, ВЧДЭ-5 КАРТАЛЫ",,,,Тонкий гребень колеса грузового вагона,CV,2023,,,,,,
1,12787641,2023-04-06 07:52:00,Московская,"З-СИБ, ВЧД-4 ТАТАРСКАЯ","3шт (к учету 2) 5,22ч",,,"Шелушение, раковины, коррозия на  деталях подшипника",CV,2023,2.0,"5,22ч",,,,
3,12807889,2023-04-18 22:33:00,Московская,"ОКТ, ВЧД-14 ТВЕРЬ",,,,"Шелушение, раковины, коррозия на  деталях подшипника",CV,2023,,,,,,
3,12805268,2023-04-21 10:52:00,Московская,"Ю-ВОСТ, ВЧДЭ-5 КАЗИНКА",,,,Тонкий гребень колеса грузового вагона,CV,2023,,,,,,
3,12812605,2023-04-22 19:04:00,Московская,"ОКТ, ВЧД-14 ТВЕРЬ",,,,Ослабление (разрушение) торцевого крепления,CV,2023,,,,,,
3,12886880,2023-06-14 11:06:00,Московская,"МОСК, ВЧДЭ-13 БЕКАСОВО",,,,Завышение фрикционного клина гасителя колебаний относительно опорной поверхности надрессорной балки,CV,2023,,,,,,
3,12899546,2023-06-19 01:38:00,Московская,"ЗАБ, ВРД ЧИТА",,,,Обводнение смазки,CV,2023,,,,,,
3,12905479,2023-06-27 08:36:00,Московская,"МОСК, ВЧДЭ-37 БРЯНСК",,,,Излом опорной прокладки в буксовом проёме,CV,2023,,,,,,
3,12999453,2023-09-03 21:11:00,Московская,"Ю-ВОСТ, ВЧДЭ-3 СТОЙЛЕНСКАЯ",,,,Тонкий гребень колеса грузового вагона,CV,2023,,,,,,
3,13025380,2023-09-17 04:44:00,Московская,"ЗАБ, ВЧДЭ-13 БОРЗЯ",,,,Ослабление (разрушение) торцевого крепления,CV,2023,,,,,,
3,13021840,2023-09-18 00:05:00,Московская,"Ю-ВОСТ, ВЧДЭ-5 КАЗИНКА",,,,Тонкий гребень колеса грузового вагона,CV,2023,,,,,,
