CATEGORY,№,START_TIME,ROAD,RESPONSIBILITY,FREIGHT,PASSENGER,COMMUTER,REASON,DEPARTMENT,YEAR,FREIGHT_COUNT,FREIGHT_TIMEOUT,PASSENGER_COUNT,PASSENGER_TIMEOUT,COMMUTER_COUNT,COMMUTER_TIMEOUT
2,13160084,2024-01-01 03:50:00,Московская,"МОСК, ШЧ-34","1шт ч(к учету 0,32ч)",,,Нарушение контакта штепсель/рельс,CSH,2024,0.0,"0,32ч",,,,
2,13160498,2024-01-01 23:20:00,Московская,"МОСК, ИЧ-2 ЛЬГОВСКАЯ Ш","1шт ч(к учету 0,98ч)",,,Короткое замыкание в кабеле линий СЦБ напряжением до 1000 В,CSH,2024,0.0,"0,98ч",,,,
2,13161150,2024-01-02 19:53:00,Московская,"МОСК, ШЧ-8","5шт ч(к учету 2,13ч)",,,Обрыв жил контрольного кабеля линий СЦБ,CSH,2024,2.0,"2,13ч",,,,
2,13161210,2024-01-02 20:12:00,Московская,"МОСК, ИЧ-3 ПЛЕХАНОВСКАЯ Ш","2шт ч(к учету 0,67ч)",,,"Внутренний монтаж, обрыв монтажного провода",CSH,2024,0.0,"0,67ч",,,,
2,13161176,2024-01-02 20:51:00,Московская,"МОСК, ШЧ-32",,"1шт ч(к учету 0,15ч)",,Неисправность монтажа,CSH,2024,,,0.0,"0,15ч",,
2,13161403,2024-01-03 04:45:00,Московская,"МОСК, ШЧ-21",,"1шт ч(к учету 0,12ч)","1шт ч(к учету 0,1)ч","Разрегулировка воронки, муфты линии СЦБ напряжением до 1000 В",CSH,2024,,,0.0,"0,12ч",0.0,
2,13161515,2024-01-03 06:14:00,Московская,"МОСК, ШЧ-24",,"2шт ч(к учету 0,28ч)",,Излом провода под гайкой,CSH,2024,,,0.0,"0,28ч",,
1,13161925,2024-01-03 11:00:00,Московская,"МОСК, ШЧ-34","1шт ч(к учету 1,55ч)",,,Обрыв жил контрольного кабеля линий СЦБ,CSH,2024,1.0,"1,55ч",,,,
3,13164250,2024-01-03 22:50:00,Московская,"МОСК, ШЧ-34",,,,"Трансформатор, обрыв обмотки",CSH,2024,,,,,,
2,13165754,2024-01-04 08:40:00,Московская,"МОСК, ШЧ-10",,,"2шт ч(к учету 0,27)ч","Внутренний монтаж, обрыв",CSH,2024,,,,,0.0,
1,13165998,2024-01-04 19:14:00,Московская,"МОСК, ШЧ-4","1шт ч(к учету 0,58ч)","10шт (к учету 9) ч(к учету 2,83ч)","27шт ч(к учету 8,98)ч","Нарушение контакта в штепсельных розетках, неисправность контактных губок",CSH,2024,0.0,"0,58ч",9.0,"2,83ч",8.0,
2,13166146,2024-01-04 20:44:00,Московская,"МОСК, ШЧ-32",,"1шт ч(к учету 0,22ч)",,"Жилы, сообщение",CSH,2024,,,0.0,"0,22ч",,
2,13166178,2024-01-04 23:06:00,Московская,"МОСК, ШЧ-5","1шт ч(к учету 0,27ч)",,,"Контактная система, потеря контакта",CSH,2024,0.0,"0,27ч",,,,
3,13166200,2024-01-04 23:28:00,Московская,"МОСК, ШЧ-35",,,,"Контактная система, сваривание",CSH,2024,,,,,,
3,13166177,2024-01-04 23:30:00,Московская,"МОСК, ШЧ-10",,,,"Лампы, перегорание основной нити",CSH,2024,,,,,,
3,13166336,2024-01-05 09:46:00,Московская,"МОСК, ШЧ-28",,,,"Автопереключатель, разрегулировка контактов",CSH,2024,,,,,,
3,13166357,2024-01-05 15:43:00,Московская,"МОСК, ШЧ-15",,,,Отсутствие,CSH,2024,,,,,,
2,13166355,2024-01-05 15:50:00,Московская,"МОСК, ШЧ-28",,"1шт ч(к учету 0,18ч)",,"Контактная система, увеличенное сопротивление контакта",CSH,2024,,,0.0,"0,18ч",,
2,13166429,2024-01-06 03:52:00,Московская,"МОСК, ШТЦ МОСК ДИ","2шт ч(к учету 0,67ч)","3шт ч(к учету 0,35ч)","9шт ч(к учету 1,2)ч","Конденсатор, обрыв",CSH,2024,0.0,"0,67ч",0.0,"0,35ч",1.0,
2,13166425,2024-01-06 05:17:00,Московская,"МОСК, ШЧ-24",,"3шт ч(к учету 0,57ч)",,"Конденсатор, снижение емкости",CSH,2024,,,0.0,"0,57ч",,
1,13166460,2024-01-06 10:21:00,Московская,"МОСК, ШЧ-8","1шт ч(к учету 1,57ч)","1шт ч(к учету 0,13ч)",,Разъединение стрелочных остряков с тягами,CSH,2024,1.0,"1,57ч",0.0,"0,13ч",,
3,13166487,2024-01-06 14:15:00,Московская,"МОСК, ШЧ-34",,,,Зависание ПО,CSH,2024,,,,,,
2,13166607,2024-01-06 20:53:00,Московская,"МОСК, ШЧ-32","1шт ч(к учету 0,37ч)","1шт ч(к учету 0,33ч)",,Понижение сопротивления изоляции,CSH,2024,0.0,"0,37ч",0.0,"0,33ч",,
3,13166655,2024-01-06 21:02:00,Московская,"МОСК, ШЧ-26",,,,Нарушение контакта,CSH,2024,,,,,,
2,13166644,2024-01-06 22:37:00,Московская,"МОСК, ШЧ-32",,,"1шт ч(к учету 0,17)ч","Контактная система, подгар контактов",CSH,2024,,,,,0.0,
3,13167318,2024-01-07 16:35:00,Московская,"МОСК, ШЧ-34",,,,"Электродвигатель, прочие типы, неисправность",CSH,2024,,,,,,
2,13167410,2024-01-07 18:55:00,Московская,"МОСК, ШЧ-24","5шт ч(к учету 2,75ч)",,"1шт ч(к учету 0,1)ч",Неплотность замыкания контактов выключателей,CSH,2024,2.0,"2,75ч",,,0.0,
3,13167721,2024-01-08 03:25:00,Московская,"МОСК, ШЧ-5",,,,"Лампы, перегорание основной нити",CSH,2024,,,,,,
2,13167722,2024-01-08 03:52:00,Московская,"МОСК, ШЧ-24",,"1шт ч(к учету 0,1ч)",,Нарушение контакта,CSH,2024,,,0.0,"0,1ч",,
3,13167706,2024-01-08 04:00:00,Московская,"МОСК, ШЧ-34",,,,"Срабатывание (перегорание), воздействие тягового тока",CSH,2024,,,,,,
3,13173482,2024-01-08 08:30:00,Московская,"МОСК, ШЧ-14",,,,"Жилы, обрыв",CSH,2024,,,,,,
2,13167984,2024-01-08 09:25:00,Московская,"МОСК, ШЧ-34",,,"1шт ч(к учету 0,3)ч",Обрыв жил контрольного кабеля линий СЦБ,CSH,2024,,,,,0.0,
2,13168531,2024-01-08 23:55:00,Московская,"МОСК, ШЧ-24","4шт ч(к учету 2,37ч)",,,Нарушение контакта,CSH,2024,2.0,"2,37ч",,,,
3,13168552,2024-01-09 00:57:00,Московская,"МОСК, ШЧ-33",,,,"Жилы, обрыв",CSH,2024,,,,,,
3,13168620,2024-01-09 02:27:00,Московская,"МОСК, ШЧ-21",,,,"Разрегулировка воронки, муфты линии СЦБ напряжением до 1000 В",CSH,2024,,,,,,
2,13169177,2024-01-09 09:35:00,Московская,"МОСК, ИЧ-3 ПЛЕХАНОВСКАЯ Ш","1шт ч(к учету 0,62ч)",,,Снижение емкости ниже номинальной,CSH,2024,0.0,"0,62ч",,,,
2,13169406,2024-01-09 11:55:00,Московская,"МОСК, ШЧ-32","2шт ч(к учету 0,75ч)",,,"Срабатывание (перегорание), воздействие тягового тока",CSH,2024,0.0,"0,75ч",,,,
2,13170520,2024-01-10 03:44:00,Московская,"МОСК, ШЧ-4",,,"8шт ч(к учету 2,72)ч","Конденсатор, короткое замыкание",CSH,2024,,,,,2.0,
2,13170822,2024-01-10 08:31:00,Московская,"МОСК, ИЧ-2 ЛЬГОВСКАЯ Ш",,,"1шт ч(к учету 0,15)ч","Не срабатывание (не перегорание), нарушение контакта штепсельного разъема, нарушение контакта",CSH,2024,,,,,0.0,
3,13172853,2024-01-10 20:20:00,Московская,"МОСК, ШЧ-28",,,,"Срабатывание (перегорание), воздействие тягового тока",CSH,2024,,,,,,
3,13174902,2024-01-11 14:10:00,Московская,"МОСК, ШЧ-35",,,,"Контактная система, сваривание",CSH,2024,,,,,,
3,13175517,2024-01-11 18:46:00,Московская,"МОСК, ШЧ-28",,,,Обрыв монтажного провода,CSH,2024,,,,,,
1,13175982,2024-01-12 04:58:00,Московская,"МОСК, ШЧ-5","4шт ч(к учету 2,33ч)",,,"Жилы, внутренний обрыв",CSH,2024,2.0,"2,33ч",,,,
3,13180434,2024-01-12 17:22:00,Московская,"МОСК, ШЧ-26",,,,"Контактная система, подгар контактов",CSH,2024,,,,,,
2,13178502,2024-01-13 11:27:00,Московская,"МОСК, ШЧ-24","2шт ч(к учету 0,7ч)",,,"Контактная система, подгар контактов",CSH,2024,0.0,"0,7ч",,,,
2,13178501,2024-01-13 12:35:00,Московская,"МОСК, ШЧ-6",,"1шт ч(к учету 0,17ч)","1шт ч(к учету 0,15)ч","Нарушение контакта в штепсельных розетках, неисправность контактных губок",CSH,2024,,,0.0,"0,17ч",0.0,
2,13179203,2024-01-14 07:49:00,Московская,"МОСК, ШЧ-24",,"3шт ч(к учету 0,38ч)","2шт ч(к учету 0,28)ч","Нарушение контакта в разъемах блоков, излом розеток",CSH,2024,,,0.0,"0,38ч",0.0,
2,13179645,2024-01-14 17:59:00,Московская,"МОСК, ШЧ-5","1шт ч(к учету 0,35ч)",,"1шт ч(к учету 0,3)ч",Неисправность монтажа,CSH,2024,0.0,"0,35ч",,,0.0,
2,13180901,2024-01-15 12:52:00,Московская,"МОСК, ШЧ-4",,,"2шт ч(к учету 0,45)ч","Предохранитель, перегорание нити",CSH,2024,,,,,0.0,
2,13181307,2024-01-15 15:41:00,Московская,"МОСК, ШЧ-35","1шт ч(к учету 0,4ч)",,"2шт ч(к учету 0,73)ч","Нарушение контакта в штепсельных розетках, неисправность контактных губок",CSH,2024,0.0,"0,4ч",,,0.0,
2,13181635,2024-01-15 21:20:00,Московская,"МОСК, ШЧ-28","3шт ч(к учету 1,9ч)","3шт ч(к учету 0,45ч)","1шт ч(к учету 0,15)ч",Нарушение изоляции,CSH,2024,1.0,"1,9ч",0.0,"0,45ч",0.0,
2,13182853,2024-01-16 17:44:00,Московская,"МОСК, ШЧ-10",,,"1шт ч(к учету 0,13)ч",Просадка напряжения на питающей линии,CSH,2024,,,,,0.0,
2,13183054,2024-01-17 01:14:00,Московская,"МОСК, ШЧ-33",,,"2шт ч(к учету 0,53)ч",Обрыв жил кабеля линий СЦБ напряжением до 1000 В,CSH,2024,,,,,0.0,
2,13184181,2024-01-17 16:40:00,Московская,"МОСК, ШЧ-31","2шт ч(к учету 1,07ч)",,,"Резистор, потеря контакта",CSH,2024,1.0,"1,07ч",,,,
2,13184363,2024-01-17 23:05:00,Московская,"МОСК, ШЧ-34","1шт ч(к учету 0,32ч)",,"2шт ч(к учету 0,32)ч",Неисправность ПО объектного контроллера,CSH,2024,0.0,"0,32ч",,,0.0,
2,13184832,2024-01-18 08:05:00,Московская,"МОСК, ШЧ-5","1шт ч(к учету 0,27ч)",,"1шт ч(к учету 0,2)ч","Лампы, перегорание основной нити",CSH,2024,0.0,"0,27ч",,,0.0,
3,13187130,2024-01-20 03:44:00,Московская,"МОСК, ШЧ-28",,,,"Конденсатор, снижение емкости",CSH,2024,,,,,,
2,13189120,2024-01-22 04:50:00,Московская,"МОСК, ШЧ-10",,,"10шт ч(к учету 1,5)ч",Неперевод стрелочного перевода по причине попадания постороннего предмета,CSH,2024,,,,,1.0,
3,13189222,2024-01-22 06:48:00,Московская,"МОСК, ШЧ-34",,,,Нарушение контакта наконечник/вывод ДТ,CSH,2024,,,,,,
3,13189389,2024-01-22 09:13:00,Московская,"МОСК, ШЧ-34",,,,Неисправность ПО объектного контроллера,CSH,2024,,,,,,
2,13189542,2024-01-22 10:46:00,Московская,"МОСК, ШЧ-34","1шт ч(к учету 0,23ч)",,"1шт ч(к учету 0,27)ч",Сбой АЛС с задержкой поезда,CSH,2024,0.0,"0,23ч",,,0.0,
3,13189574,2024-01-22 11:12:00,Московская,"МОСК, ШЧ-34",,,,"Контактная система, подгар контактов",CSH,2024,,,,,,
2,13190343,2024-01-23 04:31:00,Московская,"МОСК, ШЧ-6",,,"2шт ч(к учету 0,5)ч",Обрыв жил контрольного кабеля линий СЦБ,CSH,2024,,,,,0.0,
2,13191641,2024-01-23 16:26:00,Московская,"МОСК, ШЧ-35","1шт ч(к учету 0,52ч)",,,"Монтаж, повреждение крепления под гайку",CSH,2024,0.0,"0,52ч",,,,
3,13196321,2024-01-27 12:07:00,Московская,"МОСК, ШЧ-33",,,,"Контактная система, подгар контактов",CSH,2024,,,,,,
3,13196472,2024-01-27 14:40:00,Московская,"МОСК, ШЧ-26",,,,Нарушение изоляции,CSH,2024,,,,,,
2,13196700,2024-01-28 02:00:00,Московская,"МОСК, ШЧ-34","2шт ч(к учету 0,63ч)",,,"Лампы, перегорание основной нити",CSH,2024,0.0,"0,63ч",,,,
1,13196807,2024-01-28 06:43:00,Московская,"МОСК, ШЧ-15","2шт ч(к учету 1,68ч)",,,Отсутствие смазки на башмаках,CSH,2024,1.0,"1,68ч",,,,
2,13203080,2024-01-28 13:20:00,Московская,"МОСК, ИЧ-2 ЛЬГОВСКАЯ Ш",,,"2шт ч(к учету 0,5)ч","Транзисторы, обрыв",CSH,2024,,,,,0.0,
2,13198195,2024-01-29 16:05:00,Московская,"МОСК, ШЧ-5","1шт ч(к учету 0,32ч)","1шт ч(к учету 0,1ч)",,Неисправность монтажа,CSH,2024,0.0,"0,32ч",0.0,"0,1ч",,
2,13198254,2024-01-29 18:45:00,Московская,"МОСК, ШТЦ МОСК ДИ",,"1шт ч(к учету 0,1ч)","7шт ч(к учету 2,22)ч","Контактная система, Потеря контакта",CSH,2024,,,0.0,"0,1ч",2.0,
2,13199486,2024-01-30 17:00:00,Московская,"МОСК, ШЧ-5","3шт ч(к учету 0,7ч)",,"1шт ч(к учету 0,32)ч","Ламподержатель, нарушение контакта",CSH,2024,0.0,"0,7ч",,,0.0,
3,13199749,2024-01-31 00:08:00,Московская,"МОСК, ШЧ-8",,,,Неисправность путевого оборудования УКСПС,CSH,2024,,,,,,
3,13200691,2024-01-31 11:15:00,Московская,"МОСК, ШЧ-17",,,,"Нарушение контакта в штепсельных розетках, неисправность контактных губок",CSH,2024,,,,,,
2,13200635,2024-01-31 14:55:00,Московская,"МОСК, ШЧ-34","1шт ч(к учету 0,3ч)",,,Сбой АЛС с задержкой поезда,CSH,2024,0.0,"0,3ч",,,,
2,13200684,2024-01-31 16:25:00,Московская,"МОСК, ШЧ-35","1шт ч(к учету 0,73ч)",,,"Жилы, обрыв",CSH,2024,0.0,"0,73ч",,,,
3,13201899,2024-02-01 14:20:00,Московская,"МОСК, ШЧ-8",,,,Неперевод стрелочного перевода по причине напрессовки снега или обледенения остряка и рамного рельса,CSH,2024,,,,,,
3,13202219,2024-02-01 20:08:00,Московская,"МОСК, ШЧ-24",,,,"Лампы, перегорание резервной нити",CSH,2024,,,,,,
1,13202265,2024-02-01 22:05:00,Московская,"МОСК, ШЧ-8","1шт ч(к учету 1,17ч)",,,Обрыв проводов линий СЦБ,CSH,2024,1.0,"1,17ч",,,,
2,13202557,2024-02-02 05:43:00,Московская,"МОСК, ШЧ-34",,,"2шт ч(к учету 0,33)ч",Неисправность ПО объектного контроллера,CSH,2024,,,,,0.0,
2,13202972,2024-02-02 08:41:00,Московская,"МОСК, ШЧ-5","2шт ч(к учету 1,05ч)",,,"Контактная система, потеря контакта",CSH,2024,1.0,"1,05ч",,,,
2,13203557,2024-02-02 15:29:00,Московская,"МОСК, ШЧ-33","2шт ч(к учету 0,43ч)",,,"Нарушение контакта в штепсельных розетках, неисправность контактных губок",CSH,2024,0.0,"0,43ч",,,,
2,13203643,2024-02-02 17:54:00,Московская,"МОСК, ШЧ-33",,,"1шт ч(к учету 0,17)ч","Лампы, перегорание основной нити",CSH,2024,,,,,0.0,
2,13203779,2024-02-02 22:27:00,Московская,"МОСК, ШЧ-28",,"1шт ч(к учету 0,23ч)",,Неисправность,CSH,2024,,,0.0,"0,23ч",,
3,13213887,2024-02-04 20:00:00,Московская,"МОСК, ШЧ-28",,,,"Срабатывание, воздействие тягового тока",CSH,2024,,,,,,
3,13206473,2024-02-05 11:09:00,Московская,"МОСК, ШЧ-19",,,,"Контактная система, потеря контакта",CSH,2024,,,,,,
2,13206499,2024-02-05 11:56:00,Московская,"МОСК, ИЧ-4 ФАЯНСОВСКАЯ Ш",,,"1шт ч(к учету 0,15)ч","Нарушение контакта в разъемах блоков, замятие контакта",CSH,2024,,,,,0.0,
2,13207125,2024-02-05 15:23:00,Московская,"МОСК, ШЧ-28",,"1шт ч(к учету 0,13ч)",,Излом провода под гайкой,CSH,2024,,,0.0,"0,13ч",,
2,13207424,2024-02-06 02:54:00,Московская,"МОСК, ШЧ-24","1шт ч(к учету 0,53ч)",,,Нарушение контакта,CSH,2024,0.0,"0,53ч",,,,
3,13207522,2024-02-06 04:35:00,Московская,"МОСК, ШЧ-35",,,,"Конденсатор, обрыв",CSH,2024,,,,,,
2,13208123,2024-02-06 10:29:00,Московская,"МОСК, ШЧ-35","2шт ч(к учету 0,68ч)",,"2шт ч(к учету 0,53)ч","Контактная система, сваривание",CSH,2024,0.0,"0,68ч",,,0.0,
2,13213289,2024-02-06 12:41:00,Московская,"МОСК, ШЧ-6",,,"1шт ч(к учету 0,12)ч",Нарушение изоляции монтажных проводов,CSH,2024,,,,,0.0,
3,13210057,2024-02-07 08:12:00,Московская,"МОСК, ШЧ-5",,,,"Контактная система, потеря контакта",CSH,2024,,,,,,
2,13212086,2024-02-08 03:55:00,Московская,"МОСК, ШЧ-24",,,"2шт ч(к учету 0,3)ч","Автопереключатель, разрегулировка контактов",CSH,2024,,,,,0.0,
2,13213894,2024-02-08 17:28:00,Московская,"МОСК, ШЧ-28",,,"1шт ч(к учету 0,1)ч","Не срабатывание (не перегорание), воздействие тягового тока",CSH,2024,,,,,0.0,
3,13213895,2024-02-08 18:14:00,Московская,"МОСК, ШЧ-34",,,,Сбой АЛС с задержкой поезда,CSH,2024,,,,,,
2,13214006,2024-02-08 21:25:00,Московская,"МОСК, ШЧ-32",,,"1шт ч(к учету 0,18)ч",Влияние посторонних источников питания,CSH,2024,,,,,0.0,
2,13215106,2024-02-09 12:40:00,Московская,"МОСК, ШЧ-10",,,"2шт ч(к учету 0,28)ч","Контактная система, потеря контакта",CSH,2024,,,,,0.0,
2,13215363,2024-02-09 14:06:00,Московская,"МОСК, ШЧ-24",,,"1шт ч(к учету 0,2)ч","Автопереключатель, индевение контактов",CSH,2024,,,,,0.0,
2,13215532,2024-02-09 16:32:00,Московская,"МОСК, ШТЦ МОСК ДИ",,,"7шт ч(к учету 1,2)ч","Трансформатор, обрыв обмотки",CSH,2024,,,,,1.0,
2,13216397,2024-02-10 13:34:00,Московская,"МОСК, ШЧ-24",,,"1шт ч(к учету 0,23)ч","Автопереключатель, разрегулировка контактов",CSH,2024,,,,,0.0,
2,13222112,2024-02-10 15:56:00,Московская,"МОСК, ШЧ-28",,,"1шт ч(к учету 0,1)ч","Срабатывание, коммутационные перенапряжения",CSH,2024,,,,,0.0,
2,13216768,2024-02-10 23:25:00,Московская,"МОСК, ШЧ-24",,,"2шт ч(к учету 0,35)ч",Нарушение изоляции монтажных проводов,CSH,2024,,,,,0.0,
2,13221922,2024-02-14 09:52:00,Московская,"МОСК, ШЧ-8",,"1шт ч(к учету 0,12ч)","1шт ч(к учету 0,22)ч","Монтаж, ослабление крепления",CSH,2024,,,0.0,"0,12ч",0.0,
2,13222717,2024-02-14 15:55:00,Московская,"МОСК, ШЧ-31","2шт ч(к учету 0,47ч)",,"1шт ч(к учету 0,15)ч","Нарушение контакта в разъемах блоков, излом розеток",CSH,2024,0.0,"0,47ч",,,0.0,
3,13223375,2024-02-15 05:35:00,Московская,"МОСК, ШЧ-17",,,,"Нарушение контакта в штепсельных розетках, замятие контакта",CSH,2024,,,,,,
2,13223396,2024-02-15 05:45:00,Московская,"МОСК, ИЧ-2 ЛЬГОВСКАЯ Ш",,"1шт ч(к учету 0,2ч)",,Короткое замыкание обмотки,CSH,2024,,,0.0,"0,2ч",,
2,13224583,2024-02-15 13:15:00,Московская,"МОСК, ШЧ-24","3шт ч(к учету 1,08ч)",,,"Сигнальная обмотка, короткое замыкание",CSH,2024,1.0,"1,08ч",,,,
3,13227425,2024-02-18 13:30:00,Московская,"МОСК, ШЧ-35",,,,"Нарушение контакта в разъемах блоков, неисправность контактных губок",CSH,2024,,,,,,
2,13228686,2024-02-19 14:54:00,Московская,"МОСК, ШТЦ МОСК ДИ","1шт ч(к учету 0,17ч)","2шт ч(к учету 0,38ч)",,"Контактная система, подгар контактов",CSH,2024,0.0,"0,17ч",0.0,"0,38ч",,
2,13228749,2024-02-19 15:56:00,Московская,"МОСК, ШЧ-34",,"1шт ч(к учету 0,12ч)",,Неисправность ПО объектного контроллера,CSH,2024,,,0.0,"0,12ч",,
2,13229012,2024-02-19 23:16:00,Московская,"МОСК, ШЧ-31","1шт ч(к учету 0,77ч)",,,"Жилы, обрыв",CSH,2024,0.0,"0,77ч",,,,
2,13231261,2024-02-21 11:10:00,Московская,"МОСК, ШЧ-8","2шт ч(к учету 0,68ч)","3шт ч(к учету 0,67ч)","3шт ч(к учету 1,33)ч","Пробой, перекрытие предохранителя линии СЦБ",CSH,2024,0.0,"0,68ч",0.0,"0,67ч",1.0,
3,13231351,2024-02-21 11:56:00,Московская,"МОСК, ШЧ-4",,,,"Нарушение контакта в штепсельных розетках, замятие контакта",CSH,2024,,,,,,
3,13233634,2024-02-23 08:27:00,Московская,"МОСК, ШЧ-34",,,,Обрыв жил контрольного кабеля линий СЦБ,CSH,2024,,,,,,
3,13238656,2024-02-28 03:55:00,Московская,"МОСК, ШЧ-28",,,,"Электродвигатель, постоянного тока (МСП, ДСП), неисправность щеточного узла",CSH,2024,,,,,,
3,13239197,2024-02-28 11:51:00,Московская,"МОСК, ШЧ-33",,,,"Контактная система, подгар контактов",CSH,2024,,,,,,
3,13243592,2024-02-28 22:00:00,Московская,"МОСК, ШЧ-28",,,,"Срабатывание, короткое замыкание в цепи",CSH,2024,,,,,,
3,13240837,2024-02-28 22:38:00,Московская,"МОСК, ШЧ-33",,,,Обрыв монтажного провода,CSH,2024,,,,,,
2,13240869,2024-02-29 08:15:00,Московская,"МОСК, ШЧ-28","1шт ч(к учету 0,65ч)",,,"Жилы, обрыв",CSH,2024,0.0,"0,65ч",,,,
3,13240881,2024-02-29 08:34:00,Московская,"МОСК, ШЧ-24",,,,Обрыв жил кабеля линий СЦБ напряжением до 1000 В,CSH,2024,,,,,,
2,13240891,2024-02-29 14:25:00,Московская,"МОСК, ШЧ-26",,,"1шт ч(к учету 0,1)ч","Жилы, обрыв",CSH,2024,,,,,0.0,
3,13242361,2024-03-01 18:30:00,Московская,"МОСК, ШТЦ МОСК ДИ",,,,"Электродвигатель, прочие типы, неисправность",CSH,2024,,,,,,
3,13242594,2024-03-02 02:25:00,Московская,"МОСК, ИЧ МОСКВА Ш",,,,Нарушение контакта наконечник/вывод ДТ,CSH,2024,,,,,,
3,13242783,2024-03-02 10:22:00,Московская,"МОСК, ШЧ-31",,,,"Не срабатывание (не перегорание), коммутационные перенапряжения",CSH,2024,,,,,,
2,13242924,2024-03-02 13:42:00,Московская,"МОСК, ШЧ-28","4шт ч(к учету 2,85ч)",,"1шт ч(к учету 0,1)ч",Влияние посторонних источников питания,CSH,2024,2.0,"2,85ч",,,0.0,
2,13243441,2024-03-03 07:58:00,Московская,"МОСК, ШЧ-28",,"1шт ч(к учету 0,1ч)",,Пониженное сопротивление изоляции монтажа,CSH,2024,,,0.0,"0,1ч",,
2,13243709,2024-03-03 14:05:00,Московская,"МОСК, ШЧ-14",,,"3шт ч(к учету 0,35)ч","Монтаж, обрыв",CSH,2024,,,,,0.0,
2,13244128,2024-03-04 05:00:00,Московская,"МОСК, ШЧ-4",,,"14шт ч(к учету 2,28)ч","Срабатывание, коммутационные перенапряжения",CSH,2024,,,,,2.0,
2,13244537,2024-03-04 10:15:00,Московская,"МОСК, ШЧ-4",,,"1шт ч(к учету 0,32)ч","Внутренний монтаж, обрыв монтажного провода",CSH,2024,,,,,0.0,
3,13244625,2024-03-04 10:32:00,Московская,"МОСК, ШТЦ МОСК ДИ",,,,"Конденсатор, снижение емкости",CSH,2024,,,,,,
3,13245769,2024-03-04 23:25:00,Московская,"МОСК, ШЧ-4",,,,"Лампы, перегорание основной нити",CSH,2024,,,,,,
2,13248189,2024-03-06 02:10:00,Московская,"МОСК, ШЧ-15",,,"1шт ч(к учету 0,12)ч",Обрыв монтажного провода,CSH,2024,,,,,0.0,
2,13249478,2024-03-06 10:03:00,Московская,"МОСК, ШЧ-33",,,"1шт ч(к учету 0,2)ч",Излом повода под гайкой,CSH,2024,,,,,0.0,
2,13252986,2024-03-08 12:03:00,Московская,"МОСК, ИЧ-2 ЛЬГОВСКАЯ Ш",,,"1шт ч(к учету 0,1)ч",Короткое замыкание в кабеле линий СЦБ напряжением до 1000 В,CSH,2024,,,,,0.0,
1,13253376,2024-03-09 03:05:00,Московская,"МОСК, ШЧ-32","3шт ч(к учету 2,03ч)","3шт ч(к учету 0,45ч)","2шт ч(к учету 0,4)ч",Закорачивание РЦ через дроссельные тросовые перемычки,CSH,2024,2.0,"2,03ч",0.0,"0,45ч",0.0,
2,13255331,2024-03-11 09:59:00,Московская,"МОСК, ШЧ-10","1шт ч(к учету 0,42ч)","1шт ч(к учету 0,5ч)",,"Нарушение контакта в штепсельных розетках, неисправность контактных губок",CSH,2024,0.0,"0,42ч",0.0,"0,5ч",,
2,13255475,2024-03-11 10:11:00,Московская,"МОСК, ШЧ-6",,"1шт ч(к учету 0,43ч)","1шт ч(к учету 0,12)ч","Контактная система, подгар контактов",CSH,2024,,,0.0,"0,43ч",0.0,
3,13256284,2024-03-11 16:10:00,Московская,"МОСК, ШЧ-33",,,,Излом повода под гайкой,CSH,2024,,,,,,
2,13256725,2024-03-12 04:36:00,Московская,"МОСК, ШЧ-10",,"1шт ч(к учету 0,1ч)","2шт ч(к учету 0,27)ч","Обмотка, обрыв обмотки",CSH,2024,,,0.0,"0,1ч",0.0,
2,13260279,2024-03-13 16:40:00,Московская,"МОСК, ИЧ-2 ЛЬГОВСКАЯ Ш",,,"1шт ч(к учету 0,1)ч","Фрикционное сцепление, разрегулировка",CSH,2024,,,,,0.0,
2,13260867,2024-03-14 08:50:00,Московская,"МОСК, ШЧ-10",,,"8шт ч(к учету 3,13)ч","Модем связи, неисправность",CSH,2024,,,,,3.0,
2,13261635,2024-03-14 14:40:00,Московская,"МОСК, ШЧ-34","1шт ч(к учету 0,72ч)",,,"Трансформаторы, обрыв обмотки",CSH,2024,0.0,"0,72ч",,,,
2,13263206,2024-03-15 05:29:00,Московская,"МОСК, ШЧ-4",,,"1шт ч(к учету 0,12)ч",Обрыв монтажного провода,CSH,2024,,,,,0.0,
3,13263283,2024-03-15 15:11:00,Московская,"МОСК, ШЧ-24",,,,Короткое замыкание в кабеле линий СЦБ напряжением до 1000 В,CSH,2024,,,,,,
2,13263918,2024-03-16 11:18:00,Московская,"МОСК, ШЧ-10",,,"2шт ч(к учету 0,25)ч","Контрольные линейки, ослабление крепления",CSH,2024,,,,,0.0,
3,13264080,2024-03-16 16:40:00,Московская,"МОСК, ШЧ-24",,,,"Жилы, обрыв",CSH,2024,,,,,,
2,13264743,2024-03-17 16:14:00,Московская,"МОСК, ШЧ-8","1шт ч(к учету 0,77ч)",,,Нарушение контакта трос/штепсель,CSH,2024,0.0,"0,77ч",,,,
2,13265201,2024-03-18 06:59:00,Московская,"МОСК, ШЧ-26","2шт ч(к учету 0,9ч)",,,Излом датчика УКСПС по старой трещине,CSH,2024,0.0,"0,9ч",,,,
3,13265862,2024-03-18 16:36:00,Московская,"МОСК, ШЧ-24",,,,"Кнопки, неплотность замыкания контактов",CSH,2024,,,,,,
2,13266734,2024-03-19 09:25:00,Московская,"МОСК, ШЧ-14",,,"10шт ч(к учету 2,33)ч",Нарушение контакта трос/наконечник,CSH,2024,,,,,2.0,
2,13267631,2024-03-19 22:46:00,Московская,"МОСК, ШЧ-34",,,"2шт ч(к учету 0,38)ч",Неисправность ПО АРМ,CSH,2024,,,,,0.0,
2,13267640,2024-03-19 22:51:00,Московская,"МОСК, ШЧ-28",,"2шт ч(к учету 0,45ч)",,Неисправность устройств электроснабжения,CSH,2024,,,0.0,"0,45ч",,
2,13268084,2024-03-20 08:32:00,Московская,"МОСК, ШЧ-14",,,"1шт ч(к учету 0,1)ч",Неисправность,CSH,2024,,,,,0.0,
2,13268922,2024-03-20 17:50:00,Московская,"МОСК, ШЧ-17",,"2шт (к учету 1) ч(к учету 0,25ч)",,"Трансформаторы, обрыв обмотки",CSH,2024,,,1.0,"0,25ч",,
2,13269345,2024-03-21 06:00:00,Московская,"МОСК, ШЧ-33",,,"1шт ч(к учету 0,83)ч","Предохранитель, перегорание нити",CSH,2024,,,,,0.0,
2,13269367,2024-03-21 06:25:00,Московская,"МОСК, ШЧ-8","1шт ч(к учету 0,25ч)",,,"Конденсатор, обрыв",CSH,2024,0.0,"0,25ч",,,,
3,13270307,2024-03-21 18:00:00,Московская,"МОСК, ШЧ-24",,,,Влияние посторонних источников питания,CSH,2024,,,,,,
2,13270481,2024-03-22 01:15:00,Московская,"МОСК, ШЧ-19","1шт ч(к учету 0,43ч)",,,"Пробой, перекрытие предохранителя линии СЦБ",CSH,2024,0.0,"0,43ч",,,,
2,13271475,2024-03-22 07:56:00,Московская,"МОСК, ШЧ-6",,,"1шт ч(к учету 0,22)ч","Контактная система, потеря контакта",CSH,2024,,,,,0.0,
1,13271644,2024-03-22 22:28:00,Московская,"МОСК, ШТЦ МОСК ДИ","2шт ч(к учету 2,1ч)",,"1шт ч(к учету 0,7)ч",Неисправность блоков питания,CSH,2024,2.0,"2,1ч",,,0.0,
2,13272439,2024-03-23 22:05:00,Московская,"МОСК, ШЧ-34",,,"1шт ч(к учету 0,3)ч",Излом наконечника,CSH,2024,,,,,0.0,
2,13272996,2024-03-24 16:56:00,Московская,"МОСК, ШЧ-21",,,"1шт ч(к учету 0,15)ч","Контактная система, подгар контактов",CSH,2024,,,,,0.0,
2,13273133,2024-03-24 22:52:00,Московская,"МОСК, ШЧ-19","1шт ч(к учету 0,42ч)",,,"Пробой, перекрытие разрядника и ОПН линий СЦБ",CSH,2024,0.0,"0,42ч",,,,
2,13273312,2024-03-25 00:57:00,Московская,"МОСК, ШЧ-28","3шт ч(к учету 1,17ч)",,,"Жилы, внутренний обрыв",CSH,2024,1.0,"1,17ч",,,,
3,13273368,2024-03-25 05:30:00,Московская,"МОСК, ШЧ-19",,,,Обрыв жил контрольного кабеля линий СЦБ,CSH,2024,,,,,,
2,13273728,2024-03-25 10:11:00,Московская,"МОСК, ШЧ-15",,,"7шт ч(к учету 2,47)ч","Резистор, обрыв",CSH,2024,,,,,2.0,
2,13274215,2024-03-25 14:05:00,Московская,"МОСК, ШЧ-31",,"1шт ч(к учету 0,22ч)",,Обрыв монтажного провода,CSH,2024,,,0.0,"0,22ч",,
2,13275444,2024-03-26 12:45:00,Московская,"МОСК, ШЧ-24","1шт ч(к учету 0,72ч)","1шт ч(к учету 0,15ч)","2шт ч(к учету 0,27)ч",Обрыв жил кабеля линий СЦБ напряжением до 1000 В,CSH,2024,0.0,"0,72ч",0.0,"0,15ч",0.0,
3,13275771,2024-03-26 15:50:00,Московская,"МОСК, ШЧ-34",,,,Неисправность ПО АРМ,CSH,2024,,,,,,
2,13277132,2024-03-27 12:47:00,Московская,"МОСК, ШЧ-5","7шт ч(к учету 2,73ч)",,"1шт ч(к учету 0,27)ч",Нарушение изоляции монтажных проводов,CSH,2024,2.0,"2,73ч",,,0.0,
3,13279307,2024-03-28 07:15:00,Московская,"МОСК, ШЧ-15",,,,"Монтаж, излом монтажного провода или жилы кабеля",CSH,2024,,,,,,
3,13282381,2024-03-29 07:47:00,Московская,"МОСК, ШЧ-33",,,,"Лампы, перегорание основной нити",CSH,2024,,,,,,
2,13280335,2024-03-30 04:50:00,Московская,"МОСК, ШЧ-33",,"1шт ч(к учету 0,13ч)",,Излом наконечника,CSH,2024,,,0.0,"0,13ч",,
2,13280711,2024-03-30 13:30:00,Московская,"Ю-ВОСТ, ШЧ-7","2шт ч(к учету 0,48ч)",,,"Нарушение контакта в разъемах блоков, замятие контакта",CSH,2024,0.0,"0,48ч",,,,
2,13280995,2024-03-30 20:00:00,Московская,"МОСК, ШЧ-33","2шт ч(к учету 0,53ч)",,"1шт ч(к учету 0,12)ч",Неисправность,CSH,2024,0.0,"0,53ч",,,0.0,
2,13281492,2024-03-31 12:10:00,Московская,"МОСК, ШЧ-6","2шт ч(к учету 0,72ч)",,"1шт ч(к учету 0,4)ч",Неисправность монтажа,CSH,2024,0.0,"0,72ч",,,0.0,
2,13281640,2024-03-31 17:50:00,Московская,"МОСК, ШЧ-34","1шт ч(к учету 0,22ч)",,"2шт ч(к учету 0,33)ч",Излом провода под гайкой,CSH,2024,0.0,"0,22ч",,,0.0,
2,13281683,2024-03-31 19:23:00,Московская,"МОСК, ШЧ-34","1шт ч(к учету 0,35ч)",,,"Электродвигатель, ЭМСУ, неисправность динисторов",CSH,2024,0.0,"0,35ч",,,,
2,13281714,2024-03-31 21:39:00,Московская,"МОСК, ШЧ-33",,"1шт ч(к учету 0,1ч)",,"Обмотка дросселя, короткое замыкание",CSH,2024,,,0.0,"0,1ч",,
3,13281991,2024-04-01 06:15:00,Московская,"МОСК, ШЧ-5",,,,"Электродвигатель, постоянного тока (МСП, ДСП), обрыв обмотки якоря",CSH,2024,,,,,,
2,13285650,2024-04-01 19:00:00,Московская,"МОСК, ШЧ-28",,"1шт ч(к учету 0,18ч)",,"Контактная система, увеличенное сопротивление",CSH,2024,,,0.0,"0,18ч",,
2,13283435,2024-04-01 23:00:00,Московская,"МОСК, ШТЦ МОСК ДИ",,,"4шт ч(к учету 2,68)ч","Электродвигатель, постоянного тока (МСП, ДСП), обрыв обмотки якоря",CSH,2024,,,,,2.0,
2,13285800,2024-04-03 00:36:00,Московская,"МОСК, ШЧ-2 (Р)",,,"4шт ч(к учету 0,63)ч",Ослабление затяжки болтов,CSH,2024,,,,,0.0,
2,13326818,2024-04-03 08:12:00,Московская,"МОСК, ШЧ-34",,"1шт ч(к учету 0,1ч)",,Обрыв жил контрольного кабеля линий СЦБ,CSH,2024,,,0.0,"0,1ч",,
3,13286587,2024-04-03 09:53:00,Московская,"МОСК, ШЧ-33",,,,Падение дерева на провода линий СЦБ,CSH,2024,,,,,,
3,13287080,2024-04-03 11:55:00,Московская,"МОСК, ШЧ-28",,,,"Фрикционное сцепление, разрегулировка",CSH,2024,,,,,,
3,13288156,2024-04-03 14:40:00,Московская,"МОСК, ШЧ-5",,,,Нарушение изоляции монтажных проводов,CSH,2024,,,,,,
2,13288420,2024-04-03 18:49:00,Московская,"МОСК, ШЧ-33","1шт ч(к учету 0,62ч)",,,Излом провода под гайкой,CSH,2024,0.0,"0,62ч",,,,
2,13288833,2024-04-04 02:15:00,Московская,"МОСК, ШЧ-33",,"1шт ч(к учету 0,13ч)",,"Нарушение контакта в штепсельных розетках, замятие контакта",CSH,2024,,,0.0,"0,13ч",,
1,13289184,2024-04-04 07:29:00,Московская,"МОСК, ШЧ-15","2шт ч(к учету 1,7ч)",,"4шт ч(к учету 0,7)ч","Монтаж, излом монтажного провода или жилы кабеля",CSH,2024,1.0,"1,7ч",,,0.0,
2,13291279,2024-04-04 19:24:00,Московская,"МОСК, ШЧ-28",,,"1шт ч(к учету 0,15)ч","Жилы, обрыв",CSH,2024,,,,,0.0,
3,13291778,2024-04-05 07:44:00,Московская,"МОСК, ШЧ-17",,,,"Лампы, перегорание основной нити",CSH,2024,,,,,,
2,13292286,2024-04-05 09:30:00,Московская,"МОСК, ШЧ-17",,"1шт ч(к учету 0,17ч)",,"Нарушение контакта в штепсельных розетках, неисправность контактных губок",CSH,2024,,,0.0,"0,17ч",,
3,13292460,2024-04-05 10:34:00,Московская,"МОСК, ШЧ-26",,,,"Контактная система, потеря контакта",CSH,2024,,,,,,
2,13293789,2024-04-06 07:29:00,Московская,"МОСК, ШЧ-24","1шт ч(к учету 0,37ч)",,,"Конденсатор, обрыв",CSH,2024,0.0,"0,37ч",,,,
3,13294538,2024-04-06 21:20:00,Московская,"МОСК, ШЧ-24",,,,Обрыв жил кабеля линий СЦБ напряжением до 1000 В,CSH,2024,,,,,,
3,13294561,2024-04-06 22:38:00,Московская,"МОСК, ШЧ-5",,,,"Обмотка, короткое замыкание обмотки",CSH,2024,,,,,,
2,13294866,2024-04-07 06:45:00,Московская,"МОСК, ШЧ-5","2шт ч(к учету 0,83ч)",,,Нарушение содержания переводной кривой по ординатам,CSH,2024,0.0,"0,83ч",,,,
2,13295220,2024-04-07 12:37:00,Московская,"МОСК, ШЧ-24","2шт ч(к учету 0,57ч)",,,Обрыв жил кабеля линий СЦБ напряжением до 1000 В,CSH,2024,0.0,"0,57ч",,,,
3,13295701,2024-04-07 21:27:00,Московская,"МОСК, ШЧ-19",,,,Неисправность путевой перемычки,CSH,2024,,,,,,
2,13297377,2024-04-08 15:07:00,Московская,"МОСК, ШЧ-14",,,"3шт ч(к учету 0,33)ч",Механические повреждения посторонними лицами,CSH,2024,,,,,0.0,
3,13297712,2024-04-08 18:56:00,Московская,"МОСК, ШЧ-34",,,,Пробой изоляции контрольного кабеля линий СЦБ,CSH,2024,,,,,,
1,13297919,2024-04-09 00:47:00,Московская,"МОСК, ШЧ-33","19шт ч(к учету 43,85ч)","8шт ч(к учету 2,08ч)","38шт ч(к учету 18,78)ч",Механическое повреждение,CSH,2024,43.0,"43,85ч",2.0,"2,08ч",18.0,
2,13298605,2024-04-09 09:09:00,Московская,"МОСК, ШЧ-6",,,"13шт ч(к учету 2,43)ч","Контактная система, потеря контакта",CSH,2024,,,,,2.0,
2,13301016,2024-04-10 07:30:00,Московская,"МОСК, ШЧ-33",,,"1шт ч(к учету 0,35)ч","Контактная система, увеличенное сопротивление контакта",CSH,2024,,,,,0.0,
2,13303478,2024-04-11 04:38:00,Московская,"МОСК, ШЧ-10",,,"1шт ч(к учету 0,18)ч",Обрыв монтажного провода,CSH,2024,,,,,0.0,
2,13304271,2024-04-11 10:01:00,Московская,"МОСК, ШЧ-5",,,"1шт ч(к учету 0,37)ч","Нарушение контакта в разъемах блоков, неисправность контактных губок",CSH,2024,,,,,0.0,
3,13305327,2024-04-11 12:10:00,Московская,"МОСК, ШЧ-28",,,,Неисправность монтажа,CSH,2024,,,,,,
3,13305328,2024-04-11 12:30:00,Московская,"МОСК, ШЧ-28",,,,Неисправность монтажа,CSH,2024,,,,,,
3,13306653,2024-04-12 12:15:00,Московская,"МОСК, ШЧ-34",,,,Неисправность ПО объектного контроллера,CSH,2024,,,,,,
2,13307717,2024-04-13 02:28:00,Московская,"МОСК, ШЧ-31","2шт ч(к учету 0,62ч)","1шт ч(к учету 0,22ч)",,Ослабление крепления основания датчика,CSH,2024,0.0,"0,62ч",0.0,"0,22ч",,
3,13308528,2024-04-13 22:50:00,Московская,"МОСК, ШЧ-34",,,,Неисправность аппаратной части объектного контроллера,CSH,2024,,,,,,
3,13310561,2024-04-14 23:25:00,Московская,"МОСК, ШЧ-26",,,,Сбой АЛС с задержкой поезда,CSH,2024,,,,,,
2,13312316,2024-04-16 13:06:00,Московская,"МОСК, ИЧ МОСКВА Ш",,,"3шт ч(к учету 0,3)ч",Ослабление крепления монтажных проводов на контактах,CSH,2024,,,,,0.0,
2,13315443,2024-04-18 07:04:00,Московская,"МОСК, ШЧ-8",,,"3шт ч(к учету 0,37)ч",Разрегулировка проводов линий СЦБ,CSH,2024,,,,,0.0,
2,13316262,2024-04-18 13:38:00,Московская,"МОСК, ШЧ-34","1шт ч(к учету 0,88ч)",,,Обрыв жил контрольного кабеля линий СЦБ,CSH,2024,0.0,"0,88ч",,,,
2,13316404,2024-04-18 15:05:00,Московская,"МОСК, ШЧ-8","5шт ч(к учету 1,53ч)",,,"Монтаж, ослабление крепления",CSH,2024,1.0,"1,53ч",,,,
3,13322449,2024-04-19 02:18:00,Московская,"МОСК, ШЧ-28",,,,Неисправность устройства сопряжения с объектами,CSH,2024,,,,,,
3,13317101,2024-04-19 05:55:00,Московская,"МОСК, ШЧ-10",,,,"Жилы, внутренний обрыв",CSH,2024,,,,,,
3,13318097,2024-04-19 14:47:00,Московская,"МОСК, ШЧ-21",,,,Просадка напряжения на питающей линии,CSH,2024,,,,,,
2,13320180,2024-04-21 00:32:00,Московская,"МОСК, ШЧ-5","7шт ч(к учету 2,23ч)",,,"Жилы, обрыв",CSH,2024,2.0,"2,23ч",,,,
3,13320621,2024-04-21 11:09:00,Московская,"МОСК, ШЧ-5",,,,"Контакторы, ослабление резьбовых соединений",CSH,2024,,,,,,
3,13320649,2024-04-21 13:45:00,Московская,"МОСК, ШЧ-35",,,,Зависание ПО,CSH,2024,,,,,,
2,13321702,2024-04-22 09:57:00,Московская,"МОСК, ШЧ-15","2шт ч(к учету 0,88ч)",,,Пробой изоляции,CSH,2024,0.0,"0,88ч",,,,
2,13321731,2024-04-22 10:14:00,Московская,"МОСК, ШЧ-33",,,"1шт ч(к учету 0,27)ч",Потеря контакта в соединениях датчика,CSH,2024,,,,,0.0,
2,13322212,2024-04-22 14:00:00,Московская,"МОСК, ШЧ-4",,,"2шт ч(к учету 0,22)ч","Срабатывание, несоответствие номинала",CSH,2024,,,,,0.0,
2,13322789,2024-04-22 23:14:00,Московская,"МОСК, ШЧ-6",,"4шт (к учету 3) ч(к учету 0,7ч)","2шт ч(к учету 0,35)ч","Кабельный ящик, некачественная пайка",CSH,2024,,,3.0,"0,7ч",0.0,
2,13326725,2024-04-24 15:50:00,Московская,"МОСК, ИЧ-2 ЛЬГОВСКАЯ Ш",,,"3шт ч(к учету 0,5)ч",Короткое замыкание в кабеле линий СЦБ напряжением до 1000 В,CSH,2024,,,,,0.0,
2,13327196,2024-04-24 23:42:00,Московская,"МОСК, ШЧ-24","1шт ч(к учету 0,67ч)",,,"Контактная система, подгар контактов",CSH,2024,0.0,"0,67ч",,,,
3,13327777,2024-04-25 08:01:00,Московская,"МОСК, ШЧ-32",,,,"Обмотка, обрыв",CSH,2024,,,,,,
2,13327941,2024-04-25 09:00:00,Московская,"МОСК, ШЧ-31",,,"1шт ч(к учету 0,17)ч","Лампы, перегорание основной нити",CSH,2024,,,,,0.0,
3,13328779,2024-04-25 12:28:00,Московская,"МОСК, ШЧ-24",,,,Обрыв монтажного провода,CSH,2024,,,,,,
3,13328795,2024-04-25 15:01:00,Московская,"МОСК, ШЧ-19",,,,Механическое разрушение трансформатора напряжения линий СЦБ,CSH,2024,,,,,,
2,13330517,2024-04-26 15:06:00,Московская,"МОСК, ШЧ-28",,,"1шт ч(к учету 0,13)ч","Контактная система, подгар контактов",CSH,2024,,,,,0.0,
2,13330674,2024-04-26 16:20:00,Московская,"МОСК, ШЧ-15",,,"3шт ч(к учету 0,45)ч",Повреждение,CSH,2024,,,,,0.0,
3,13330809,2024-04-26 19:31:00,Московская,"МОСК, ШЧ-21",,,,"Лампы, перегорание основной нити",CSH,2024,,,,,,
3,13330937,2024-04-26 23:38:00,Московская,"МОСК, ШЧ-34",,,,Неисправность ПО объектного контроллера,CSH,2024,,,,,,
3,13331187,2024-04-27 03:18:00,Московская,"МОСК, ШЧ-35",,,,Пробой элементов релейных блоков аппаратуры ГАЦ,CSH,2024,,,,,,
2,13331694,2024-04-27 10:25:00,Московская,"МОСК, ШЧ-26",,,"1шт ч(к учету 0,12)ч","Жилы, обрыв",CSH,2024,,,,,0.0,
2,13332849,2024-04-28 06:59:00,Московская,"МОСК, ШЧ-32",,,"4шт ч(к учету 0,63)ч",Плохой контакт,CSH,2024,,,,,0.0,
3,13333373,2024-04-28 16:25:00,Московская,"МОСК, ШЧ-34",,,,Неисправность ПО объектного контроллера,CSH,2024,,,,,,
2,13333415,2024-04-28 16:45:00,Московская,"МОСК, ШЧ-35","1шт ч(к учету 0,65ч)","1шт ч(к учету 0,18ч)","1шт ч(к учету 0,1)ч","Жилы, внутренний обрыв",CSH,2024,0.0,"0,65ч",0.0,"0,18ч",0.0,
3,13333491,2024-04-28 19:46:00,Московская,"МОСК, ШЧ-24",,,,Обрыв жил кабеля линий СЦБ напряжением до 1000 В,CSH,2024,,,,,,
2,13334387,2024-04-29 18:33:00,Московская,"МОСК, ШЧ-35",,,"1шт ч(к учету 0,22)ч","Дроссели (реакторы), обрыв",CSH,2024,,,,,0.0,
3,13334749,2024-04-30 04:19:00,Московская,"МОСК, ШЧ-28",,,,"Конденсатор, снижение емкости",CSH,2024,,,,,,
2,13334890,2024-04-30 07:42:00,Московская,"МОСК, ШЧ-15",,,"5шт ч(к учету 1,75)ч",Неисправность,CSH,2024,,,,,1.0,
2,13335045,2024-04-30 11:00:00,Московская,"МОСК, ШЧ-10","3шт ч(к учету 2,2ч)",,,"Релейный ОК, CCM/CCM-E, неисправность",CSH,2024,2.0,"2,2ч",,,,
3,13335235,2024-04-30 14:58:00,Московская,"МОСК, ШЧ-31",,,,"Обмотка, короткое замыкание",CSH,2024,,,,,,
2,13350338,2024-04-30 16:47:00,Московская,"МОСК, ШЧ-5","5шт ч(к учету 2,93ч)",,"1шт ч(к учету 0,17)ч",Касание закруток,CSH,2024,2.0,"2,93ч",,,0.0,
2,13335686,2024-05-01 07:10:00,Московская,"МОСК, ШЧ-6",,"4шт ч(к учету 1,17ч)","2шт ч(к учету 0,42)ч","Сигнальная обмотка, короткое замыкание",CSH,2024,,,1.0,"1,17ч",0.0,
2,13335922,2024-05-01 12:09:00,Московская,"МОСК, ШЧ-19","1шт ч(к учету 0,25ч)",,,"Пробой, перекрытие предохранителя линии СЦБ",CSH,2024,0.0,"0,25ч",,,,
2,13336129,2024-05-01 17:06:00,Московская,"МОСК, ШЧ-4",,,"3шт ч(к учету 1,35)ч",Нарушение изоляции монтажных проводов,CSH,2024,,,,,1.0,
3,13336775,2024-05-02 07:32:00,Московская,"МОСК, ШЧ-34",,,,Неисправность аппаратной части объектного контроллера,CSH,2024,,,,,,
3,13338343,2024-05-02 18:53:00,Московская,"МОСК, ШЧ-5",,,,"Кнопки, механическое заедание кнопки",CSH,2024,,,,,,
2,13341112,2024-05-04 06:12:00,Московская,"МОСК, ШЧ-21","2шт ч(к учету 0,95ч)",,,"Контактная система, подгар контактов",CSH,2024,0.0,"0,95ч",,,,
2,13341158,2024-05-04 06:29:00,Московская,"МОСК, ШТЦ МОСК ДИ",,"1шт ч(к учету 0,18ч)",,"Контактная система, увеличенное сопротивление контакта",CSH,2024,,,0.0,"0,18ч",,
2,13362258,2024-05-04 12:55:00,Московская,"МОСК, ШЧ-4","3шт ч(к учету 1,05ч)",,,"Автопереключатель, разрегулировка контактов",CSH,2024,1.0,"1,05ч",,,,
2,13342905,2024-05-05 15:26:00,Московская,"МОСК, ШТЦ МОСК ДИ","1шт ч(к учету 0,78ч)",,"1шт ч(к учету 0,17)ч","Выпрямительные элементы, пробой",CSH,2024,0.0,"0,78ч",,,0.0,
2,13343142,2024-05-05 22:20:00,Московская,"МОСК, ШЧ-34","1шт ч(к учету 0,27ч)",,"1шт ч(к учету 0,13)ч","Диод, пробой",CSH,2024,0.0,"0,27ч",,,0.0,
2,13348762,2024-05-08 05:39:00,Московская,"МОСК, ШЧ-32","1шт ч(к учету 0,37ч)",,,"Конденсатор, снижение емкости",CSH,2024,0.0,"0,37ч",,,,
1,13350981,2024-05-09 02:21:00,Московская,"МОСК, ШЧ-26","2шт ч(к учету 2,83ч)",,,Потеря контакта,CSH,2024,2.0,"2,83ч",,,,
1,13350989,2024-05-09 02:48:00,Московская,"МОСК, ШЧ-24","1шт ч(к учету 1,13ч)",,,Нарушение регулировки,CSH,2024,1.0,"1,13ч",,,,
2,13351126,2024-05-09 07:21:00,Московская,"МОСК, ШЧ-24",,,"1шт ч(к учету 0,25)ч","Фрикционное сцепление, нарушение регулировки усилия перевода",CSH,2024,,,,,0.0,
3,13351574,2024-05-09 19:35:00,Московская,"МОСК, ШЧ-26",,,,Нарушение контакта трос/штепсель,CSH,2024,,,,,,
3,13353495,2024-05-11 21:20:00,Московская,"МОСК, ШЧ-21",,,,Просадка напряжения на питающей линии,CSH,2024,,,,,,
2,13354463,2024-05-12 18:24:00,Московская,"МОСК, ШЧ-14",,"2шт ч(к учету 0,37ч)","1шт ч(к учету 0,13)ч",Нарушение изоляции монтажных проводов,CSH,2024,,,0.0,"0,37ч",0.0,
1,13354754,2024-05-13 01:30:00,Московская,"МОСК, ШЧ-15","4шт (к учету 3) ч(к учету 2,98ч)",,"1шт ч(к учету 0,12)ч",100% (свежий) излом датчика УКСПС,CSH,2024,3.0,"2,98ч",,,0.0,
2,13357086,2024-05-14 05:24:00,Московская,"МОСК, ШЧ-10","1шт ч(к учету 0,23ч)",,"1шт ч(к учету 0,13)ч","Контактная система, сваривание контактов",CSH,2024,0.0,"0,23ч",,,0.0,
1,13357827,2024-05-14 11:30:00,Московская,"МОСК, ШЧ-8","2шт ч(к учету 1,48ч)",,,Обрыв жил контрольного кабеля линий СЦБ,CSH,2024,1.0,"1,48ч",,,,
2,13363622,2024-05-17 11:45:00,Московская,"МОСК, ШЧ-10","1шт ч(к учету 0,23ч)",,"1шт ч(к учету 0,4)ч",Обрыв монтажного провода,CSH,2024,0.0,"0,23ч",,,0.0,
3,13364127,2024-05-17 18:00:00,Московская,"МОСК, ШЧ-34",,,,Неисправность устройств электроснабжения,CSH,2024,,,,,,
3,13366786,2024-05-17 18:34:00,Московская,"МОСК, ШЧ-17",,,,"Срабатывание, короткое замыкание в цепи",CSH,2024,,,,,,
3,13364308,2024-05-18 00:13:00,Московская,"МОСК, ШЧ-24",,,,Обрыв жил кабеля линий СЦБ напряжением до 1000 В,CSH,2024,,,,,,
1,13364628,2024-05-18 08:50:00,Московская,"МОСК, ШЧ-24","6шт ч(к учету 3,77ч)",,"6шт ч(к учету 2,53)ч","Сигнальная обмотка, короткое замыкание",CSH,2024,3.0,"3,77ч",,,2.0,
2,13364729,2024-05-18 10:20:00,Московская,"МОСК, ШЧ-24",,,"5шт ч(к учету 1,28)ч","Монтаж, обрыв",CSH,2024,,,,,1.0,
2,13365714,2024-05-18 18:03:00,Московская,"МОСК, ШЧ-31","1шт ч(к учету 0,55ч)",,,"Обмотка, короткое замыкание",CSH,2024,0.0,"0,55ч",,,,
2,13366179,2024-05-19 16:50:00,Московская,"МОСК, ШЧ-31",,"1шт ч(к учету 0,25ч)","1шт ч(к учету 0,25)ч","Контрольные линейки, излом",CSH,2024,,,0.0,"0,25ч",0.0,
3,13378340,2024-05-20 16:55:00,Московская,"МОСК, ШЧ-24",,,,Повреждение кабеля линий СЦБ напряжением до 1000 В при работах,CSH,2024,,,,,,
2,13370497,2024-05-22 10:46:00,Московская,"МОСК, ШЧ-6",,,"1шт ч(к учету 0,13)ч",Обрыв жил контрольного кабеля линий СЦБ,CSH,2024,,,,,0.0,
2,13370661,2024-05-22 12:15:00,Московская,"МОСК, ШЧ-35","1шт ч(к учету 0,42ч)",,"1шт ч(к учету 0,4)ч","Конденсатор, короткое замыкание",CSH,2024,0.0,"0,42ч",,,0.0,
3,13372356,2024-05-23 11:52:00,Московская,"МОСК, ШЧ-17",,,,"Монтаж, нарушение состояния паек",CSH,2024,,,,,,
3,13373983,2024-05-24 13:39:00,Московская,"МОСК, ШЧ-15",,,,"Прожекторный механизм, неисправность",CSH,2024,,,,,,
2,13374811,2024-05-25 08:30:00,Московская,"МОСК, ШЧ-5","2шт ч(к учету 0,48ч)",,,"Конденсатор, Короткое замыкание",CSH,2024,0.0,"0,48ч",,,,
2,13374788,2024-05-25 08:45:00,Московская,"МОСК, ШЧ-17",,"2шт ч(к учету 0,43ч)",,"Контактная система, увеличенное сопротивление контакта",CSH,2024,,,0.0,"0,43ч",,
2,13375968,2024-05-26 19:00:00,Московская,"МОСК, ШЧ-15",,,"3шт ч(к учету 0,87)ч",Нарушение контакта трос/штепсель,CSH,2024,,,,,0.0,
2,13376978,2024-05-27 12:10:00,Московская,"МОСК, ШЧ-28","1шт ч(к учету 0,6ч)",,,"Срабатывание (перегорание), воздействие тягового тока",CSH,2024,0.0,"0,6ч",,,,
1,13380902,2024-05-30 02:41:00,Московская,"МОСК, ШЧ-14",4шт ч(к учету 6ч),,,"Выключатели, наличие переходного сопротивления",CSH,2024,6.0,,,,,
3,13383349,2024-05-31 17:06:00,Московская,"МОСК, ШЧ-4",,,,Отключение питающей линии,CSH,2024,,,,,,
3,13383536,2024-05-31 21:36:00,Московская,"МОСК, ШЧ-8",,,,Неперевод стрелочного перевода по причине несвоевременной очистке и смазки,CSH,2024,,,,,,
2,13384216,2024-06-01 14:43:00,Московская,"МОСК, ШЧ-32","2шт ч(к учету 0,48ч)",,,"Нарушение контакта в разъемах блоков, неисправность контактных губок",CSH,2024,0.0,"0,48ч",,,,
1,13384650,2024-06-02 04:15:00,Московская,"МОСК, ШЧ-35","2шт ч(к учету 1,32ч)",,"1шт ч(к учету 0,13)ч","Жилы, внутренний обрыв",CSH,2024,1.0,"1,32ч",,,0.0,
3,13385084,2024-06-02 13:58:00,Московская,"МОСК, ШЧ-33",,,,Обрыв монтажного провода,CSH,2024,,,,,,
3,13386860,2024-06-03 15:35:00,Московская,"МОСК, ШЧ-15",,,,"Жилы, внутренний обрыв",CSH,2024,,,,,,
3,13387033,2024-06-03 17:06:00,Московская,"МОСК, ИЧ-3 ПЛЕХАНОВСКАЯ Ш",,,,"Нарушение контакта в штепсельных розетках, неисправность контактных губок",CSH,2024,,,,,,
2,13387977,2024-06-04 10:00:00,Московская,"МОСК, ШЧ-10",,"4шт ч(к учету 0,55ч)",,Закорачивание РЦ через дроссельные тросовые перемычки,CSH,2024,,,0.0,"0,55ч",,
1,13388117,2024-06-04 10:19:00,Московская,"МОСК, ШЧ-28","4шт ч(к учету 3,63ч)","1шт ч(к учету 1,12ч)","5шт ч(к учету 2,8)ч","БВВ, неисправность",CSH,2024,3.0,"3,63ч",1.0,"1,12ч",2.0,
3,13389037,2024-06-04 16:18:00,Московская,"МОСК, ШЧ-10",,,,"Диод, короткое замыкание диода",CSH,2024,,,,,,
2,13389590,2024-06-05 03:43:00,Московская,"МОСК, ШЧ-6","1шт ч(к учету 0,33ч)","3шт ч(к учету 0,53ч)",,"Электродвигатель, прочие типы, неисправность",CSH,2024,0.0,"0,33ч",0.0,"0,53ч",,
3,13390648,2024-06-05 09:18:00,Московская,"МОСК, ШЧ-8",,,,Обрыв жил контрольного кабеля линий СЦБ,CSH,2024,,,,,,
2,13390124,2024-06-05 09:20:00,Московская,"МОСК, ШТЦ МОСК ДИ",,,"4шт ч(к учету 0,53)ч","Внутренний монтаж, обрыв",CSH,2024,,,,,0.0,
2,13391691,2024-06-05 18:08:00,Московская,"МОСК, ШЧ-35","2шт ч(к учету 0,67ч)",,"2шт ч(к учету 0,45)ч","Обмотка, короткое замыкание",CSH,2024,0.0,"0,67ч",,,0.0,
2,13391791,2024-06-05 20:37:00,Московская,"МОСК, ШЧ-33",,"1шт ч(к учету 0,1ч)",,"Светодиоды, перегорание",CSH,2024,,,0.0,"0,1ч",,
2,13392082,2024-06-06 02:20:00,Московская,"МОСК, ШЧ-32",,"2шт ч(к учету 0,22ч)",,"Жилы, обрыв",CSH,2024,,,0.0,"0,22ч",,
2,13392362,2024-06-06 05:29:00,Московская,"МОСК, ШЧ-15",,,"5шт ч(к учету 0,78)ч","Контактная система, потеря контакта",CSH,2024,,,,,0.0,
2,13392393,2024-06-06 07:25:00,Московская,"МОСК, ШЧ-28","2шт ч(к учету 0,98ч)",,,Обрыв монтажного провода,CSH,2024,0.0,"0,98ч",,,,
3,13393907,2024-06-06 13:58:00,Московская,"МОСК, ШЧ-33",,,,"Диод, пробой",CSH,2024,,,,,,
3,13394021,2024-06-06 17:55:00,Московская,"МОСК, ШЧ-24",,,,Обрыв жил кабеля линий СЦБ напряжением до 1000 В,CSH,2024,,,,,,
3,13394578,2024-06-07 06:29:00,Московская,"МОСК, ШЧ-21",,,,Обрыв жил контрольного кабеля линий СЦБ,CSH,2024,,,,,,
2,13396270,2024-06-07 20:16:00,Московская,"МОСК, ШЧ-35","1шт ч(к учету 0,8ч)",,,Потеря контакта в соединениях датчика,CSH,2024,0.0,"0,8ч",,,,
2,13396899,2024-06-08 13:11:00,Московская,"МОСК, ШЧ-35",,,"1шт ч(к учету 0,12)ч",Диодов блока выпрямителей,CSH,2024,,,,,0.0,
2,13397142,2024-06-08 18:45:00,Московская,"МОСК, ШЧ-34","1шт ч(к учету 0,67ч)",,,Неисправность,CSH,2024,0.0,"0,67ч",,,,
2,13397513,2024-06-09 06:20:00,Московская,"МОСК, ШЧ-33",,"1шт ч(к учету 0,18ч)","1шт ч(к учету 0,13)ч","Лампы, перегорание основной нити",CSH,2024,,,0.0,"0,18ч",0.0,
2,13397639,2024-06-09 10:40:00,Московская,"МОСК, ШЧ-35",,,"1шт ч(к учету 0,12)ч","Срабатывание (перегорание), воздействие тягового тока",CSH,2024,,,,,0.0,
2,13397778,2024-06-09 13:13:00,Московская,"МОСК, ШЧ-26",,"3шт ч(к учету 0,93ч)","2шт ч(к учету 0,37)ч",Неисправность монтажа,CSH,2024,,,0.0,"0,93ч",0.0,
1,13400039,2024-06-10 22:47:00,Московская,"МОСК, ШЧ-28","5шт ч(к учету 6,9ч)","7шт ч(к учету 2,72ч)",,"Нарушение контакта в разъемах блоков, неисправность контактных губок",CSH,2024,6.0,"6,9ч",2.0,"2,72ч",,
1,13402342,2024-06-12 09:25:00,Московская,"МОСК, ШЧ-5","1шт ч(к учету 1,17ч)","1шт ч(к учету 0,18ч)","6шт ч(к учету 1,78)ч","Автопереключатель, излом пружин автопереключателя",CSH,2024,1.0,"1,17ч",0.0,"0,18ч",1.0,
2,13406113,2024-06-12 12:18:00,Московская,"МОСК, ШЧ-28","1шт ч(к учету 0,33ч)",,,Неисправность напольной камеры,CSH,2024,0.0,"0,33ч",,,,
2,13410409,2024-06-12 15:29:00,Московская,"МОСК, ШЧ-24",,,"5шт ч(к учету 1,03)ч","Пробой, перекрытие прочих типов трансформаторов линии энергоснабжения нетяговых потребителей",CSH,2024,,,,,1.0,
2,13402760,2024-06-12 17:45:00,Московская,"МОСК, ШЧ-34","1шт ч(к учету 0,35ч)",,,"Лампы, перегорание резервной нити",CSH,2024,0.0,"0,35ч",,,,
3,13404156,2024-06-13 13:30:00,Московская,"МОСК, ШЧ-33",,,,Ослабление затяжки болтов,CSH,2024,,,,,,
2,13404586,2024-06-13 17:37:00,Московская,"МОСК, ШЧ-31","1шт ч(к учету 0,3ч)","1шт ч(к учету 0,18ч)","1шт ч(к учету 0,1)ч",Нарушение изоляции монтажных проводов,CSH,2024,0.0,"0,3ч",0.0,"0,18ч",0.0,
2,13411573,2024-06-13 17:44:00,Московская,"МОСК, ШЧ-24",,,"1шт ч(к учету 0,12)ч",Влияние посторонних источников питания,CSH,2024,,,,,0.0,
3,13404665,2024-06-13 19:32:00,Московская,"МОСК, ШЧ-24",,,,"Лампы, перегорание основной нити",CSH,2024,,,,,,
1,13404666,2024-06-13 19:40:00,Московская,"МОСК, ШЧ-35","4шт ч(к учету 2,77ч)",,"1шт ч(к учету 0,17)ч",Излом штепселя,CSH,2024,2.0,"2,77ч",,,0.0,
2,13404956,2024-06-14 00:41:00,Московская,"МОСК, ШЧ-8","3шт ч(к учету 1,08ч)",,,"Срабатывание, атмосферные перенапряжения",CSH,2024,1.0,"1,08ч",,,,
2,13405582,2024-06-14 11:00:00,Московская,"МОСК, ШЧ-5","2шт ч(к учету 0,53ч)",,,"Изоляция, понижение сопротивления",CSH,2024,0.0,"0,53ч",,,,
2,13405880,2024-06-14 13:46:00,Московская,"МОСК, ШЧ-35","2шт ч(к учету 0,45ч)",,"2шт ч(к учету 0,23)ч",Механические повреждения,CSH,2024,0.0,"0,45ч",,,0.0,
3,13406241,2024-06-14 18:01:00,Московская,"МОСК, ШЧ-28",,,,"Жилы, внутренний обрыв",CSH,2024,,,,,,
3,13406706,2024-06-15 06:30:00,Московская,"МОСК, ШЧ-4",,,,Излом провода под гайкой,CSH,2024,,,,,,
2,13407451,2024-06-15 20:12:00,Московская,"МОСК, ШЧ-28","5шт ч(к учету 3,2ч)",,,Неисправность устройства сопряжения с объектами,CSH,2024,3.0,"3,2ч",,,,
2,13407499,2024-06-16 04:38:00,Московская,"МОСК, ШТЦ МОСК ДИ",,,"1шт ч(к учету 0,1)ч","Контактная система, увеличенное сопротивление контакта",CSH,2024,,,,,0.0,
2,13407664,2024-06-16 09:50:00,Московская,"МОСК, ШЧ-31","2шт ч(к учету 1,05ч)",,,"Обмотка, короткое замыкание",CSH,2024,1.0,"1,05ч",,,,
3,13407995,2024-06-16 15:38:00,Московская,"МОСК, ШЧ-35",,,,"Нарушение контакта в разъемах блоков, неисправность контактных губок",CSH,2024,,,,,,
2,13408029,2024-06-16 16:26:00,Московская,"МОСК, ШЧ-24",,"2шт ч(к учету 0,28ч)",,Неисправность устройств электроснабжения,CSH,2024,,,0.0,"0,28ч",,
2,13409335,2024-06-17 18:04:00,Московская,"МОСК, ШЧ-34","1шт ч(к учету 0,3ч)",,,Неисправность ПО АРМ,CSH,2024,0.0,"0,3ч",,,,
3,13409486,2024-06-17 23:25:00,Московская,"МОСК, ШЧ-34",,,,Излом провода под гайкой,CSH,2024,,,,,,
3,13410591,2024-06-18 15:27:00,Московская,"МОСК, ШЧ-35",,,,"Нарушение контакта в штепсельных розетках, неисправность контактных губок",CSH,2024,,,,,,
2,13410849,2024-06-18 20:00:00,Московская,"МОСК, ШЧ-24",,"3шт ч(к учету 0,65ч)","4шт ч(к учету 0,67)ч",Обрыв жил кабеля линий СЦБ напряжением до 1000 В,CSH,2024,,,0.0,"0,65ч",0.0,
2,13412139,2024-06-19 15:58:00,Московская,"МОСК, ШЧ-21",,,"1шт ч(к учету 0,13)ч",Пережог плавкой вставки предохранителя линии СЦБ,CSH,2024,,,,,0.0,
3,13412383,2024-06-20 00:00:00,Московская,"МОСК, ШЧ-33",,,,Неисправность путевой перемычки,CSH,2024,,,,,,
2,13412461,2024-06-20 01:55:00,Московская,"МОСК, ШЧ-10",,,"1шт ч(к учету 0,15)ч","Кнопки, механическое заедание кнопки",CSH,2024,,,,,0.0,
2,13413608,2024-06-20 21:23:00,Московская,"МОСК, ШТЦ МОСК ДИ",,,"1шт ч(к учету 0,1)ч","Внутренний монтаж, обрыв монтажного провода",CSH,2024,,,,,0.0,
2,13413842,2024-06-20 23:57:00,Московская,"МОСК, ШЧ-21","1шт ч(к учету 0,33ч)","5шт (к учету 4) ч(к учету 1,1ч)",,"Монтаж, нарушение изоляции",CSH,2024,0.0,"0,33ч",4.0,"1,1ч",,
2,13414372,2024-06-21 12:02:00,Московская,"МОСК, ШЧ-4",,,"1шт ч(к учету 0,12)ч",Механические повреждения,CSH,2024,,,,,0.0,
3,13415615,2024-06-22 13:57:00,Московская,"МОСК, ШЧ-10",,,,"Жилы, сообщение",CSH,2024,,,,,,
2,13415737,2024-06-22 16:02:00,Московская,"МОСК, ШЧ-14",,,"28шт ч(к учету 4,82)ч","Светодиоды, нарушение контакта",CSH,2024,,,,,4.0,
1,13415822,2024-06-22 18:37:00,Московская,"МОСК, ШЧ-14",,"2шт ч(к учету 0,7ч)","25шт ч(к учету 13,52)ч",Механическое повреждение,CSH,2024,,,0.0,"0,7ч",13.0,
1,13416165,2024-06-23 05:28:00,Московская,"МОСК, ШЧ-8","1шт ч(к учету 2,2ч)","3шт ч(к учету 0,42ч)","1шт ч(к учету 0,1)ч","Нарушение контакта в штепсельных розетках, неисправность контактных губок",CSH,2024,2.0,"2,2ч",0.0,"0,42ч",0.0,
2,13416722,2024-06-23 18:40:00,Московская,"МОСК, ШЧ-31",,,"2шт ч(к учету 0,2)ч",Обрыв монтажного провода,CSH,2024,,,,,0.0,
3,13418170,2024-06-24 17:59:00,Московская,"МОСК, ШЧ-28",,,,Неисправность монтажа,CSH,2024,,,,,,
2,13419328,2024-06-25 12:05:00,Московская,"МОСК, ШЧ-24",,"1шт ч(к учету 0,13ч)","4шт ч(к учету 0,52)ч",Ослабление затяжки болтов,CSH,2024,,,0.0,"0,13ч",0.0,
2,13419407,2024-06-25 14:40:00,Московская,"МОСК, ШЧ-34","1шт ч(к учету 0,33ч)",,"1шт ч(к учету 0,1)ч","Диод, короткое замыкание диода",CSH,2024,0.0,"0,33ч",,,0.0,
2,13419449,2024-06-25 15:16:00,Московская,"МОСК, ШЧ-24","1шт ч(к учету 0,25ч)",,,Отключение питающей линии,CSH,2024,0.0,"0,25ч",,,,
2,13419810,2024-06-25 20:48:00,Московская,"МОСК, ШЧ-24",,"4шт ч(к учету 2,62ч)","8шт ч(к учету 2,85)ч","Изоляторы, понижение сопротивления",CSH,2024,,,2.0,"2,62ч",2.0,
3,13420518,2024-06-26 06:40:00,Московская,"МОСК, ШЧ-8",,,,Разрегулировка проводов линий СЦБ,CSH,2024,,,,,,
3,13420974,2024-06-26 13:15:00,Московская,"МОСК, ШЧ-35",,,,Нарушение изоляции монтажных проводов,CSH,2024,,,,,,
2,13421327,2024-06-26 17:00:00,Московская,"МОСК, ШЧ-4","2шт ч(к учету 1,82ч)",,"8шт ч(к учету 1,92)ч",Излом провода под гайкой,CSH,2024,1.0,"1,82ч",,,1.0,
2,13421337,2024-06-26 17:35:00,Московская,"МОСК, ШЧ-6",,,"2шт ч(к учету 0,25)ч",Излом провода под гайкой,CSH,2024,,,,,0.0,
2,13422549,2024-06-27 13:30:00,Московская,"МОСК, ШЧ-4","1шт ч(к учету 0,3ч)",,"3шт ч(к учету 0,42)ч",Ослабление крепления,CSH,2024,0.0,"0,3ч",,,0.0,
1,13422484,2024-06-27 13:55:00,Московская,"МОСК, ШЧ-8","1шт ч(к учету 1,4ч)",,"4шт ч(к учету 1,17)ч",Обрыв жил контрольного кабеля линий СЦБ,CSH,2024,1.0,"1,4ч",,,1.0,
2,13422600,2024-06-27 15:58:00,Московская,"МОСК, ШЧ-21",,,"1шт ч(к учету 0,13)ч",Сбой АЛС с задержкой поезда,CSH,2024,,,,,0.0,
3,13422970,2024-06-28 00:45:00,Московская,"МОСК, ШЧ-10",,,,"Обрыв, некачественная приварка к рельсу",CSH,2024,,,,,,
2,13424373,2024-06-28 23:32:00,Московская,"МОСК, ШЧ-10",,"1шт ч(к учету 0,1ч)",,"Нарушение контакта в разъемах блоков, прожег изоляции",CSH,2024,,,0.0,"0,1ч",,
3,13424461,2024-06-29 03:20:00,Московская,"МОСК, ШЧ-35",,,,Неисправность монтажа,CSH,2024,,,,,,
3,13424575,2024-06-29 06:16:00,Московская,"МОСК, ШЧ-15",,,,"Контактная система, увеличенное сопротивление контакта",CSH,2024,,,,,,
3,13425445,2024-06-30 04:58:00,Московская,"МОСК, ШТЦ МОСК ДИ",,,,"Внутренний монтаж, обрыв",CSH,2024,,,,,,
3,13425911,2024-06-30 17:10:00,Московская,"МОСК, ШЧ-19",,,,Обрыв жил контрольного кабеля линий СЦБ,CSH,2024,,,,,,
3,13426382,2024-06-30 21:43:00,Московская,"МОСК, ШЧ-31",,,,"Внутренний монтаж, обрыв",CSH,2024,,,,,,
2,13427484,2024-07-01 19:37:00,Московская,"МОСК, ШЧ-28","1шт ч(к учету 0,65ч)",,,"Конденсатор, снижение емкости",CSH,2024,0.0,"0,65ч",,,,
3,13429350,2024-07-02 21:54:00,Московская,"МОСК, ШЧ-26",,,,"Диод, пробой",CSH,2024,,,,,,
2,13429588,2024-07-02 22:07:00,Московская,"МОСК, ШЧ-10",,,"6шт ч(к учету 1,35)ч","Конденсатор, короткое замыкание",CSH,2024,,,,,1.0,
2,13430996,2024-07-03 12:40:00,Московская,"МОСК, ШЧ-34",,"1шт ч(к учету 0,13ч)",,Обрыв жил контрольного кабеля линий СЦБ,CSH,2024,,,0.0,"0,13ч",,
2,13430930,2024-07-03 12:51:00,Московская,"МОСК, ШЧ-34",,,"1шт ч(к учету 0,57)ч",Неисправность ПО объектного контроллера,CSH,2024,,,,,0.0,
3,13431930,2024-07-03 21:45:00,Московская,"МОСК, ШЧ-33",,,,"Нарушение контакта в разъемах блоков, неисправность контактных губок",CSH,2024,,,,,,
3,13432229,2024-07-04 02:07:00,Московская,"МОСК, ШЧ-5",,,,Отсутствие зазора в корневом креплении остряка,CSH,2024,,,,,,
3,13433540,2024-07-04 12:48:00,Московская,"МОСК, ШЧ-4",,,,Отключение внешнего электроснабжения,CSH,2024,,,,,,
3,13433612,2024-07-04 13:23:00,Московская,"МОСК, ШЧ-34",,,,Закорачивание РЦ касание тросов рельса,CSH,2024,,,,,,
2,13434039,2024-07-04 16:27:00,Московская,"МОСК, ШЧ-35",,,"1шт ч(к учету 0,17)ч",Излом наконечника,CSH,2024,,,,,0.0,
2,13446086,2024-07-04 18:56:00,Московская,"МОСК, ШТЦ МОСК ДИ",,,"1шт ч(к учету 0,1)ч","Контактная система, увеличенное сопротивление",CSH,2024,,,,,0.0,
3,13434215,2024-07-04 20:54:00,Московская,"МОСК, ШЧ-33",,,,"Лампы, перегорание основной нити",CSH,2024,,,,,,
2,13434266,2024-07-04 22:09:00,Московская,"МОСК, ШЧ-33",,,"1шт ч(к учету 0,12)ч","Жилы, обрыв",CSH,2024,,,,,0.0,
3,13435808,2024-07-05 15:35:00,Московская,"МОСК, ИЧ-2 ЛЬГОВСКАЯ Ш",,,,"Внутренний монтаж, обрыв",CSH,2024,,,,,,
3,13435991,2024-07-05 17:05:00,Московская,"МОСК, ШЧ-10",,,,"Жилы, обрыв",CSH,2024,,,,,,
1,13436265,2024-07-05 22:03:00,Московская,"МОСК, ШЧ-4","5шт ч(к учету 6,18ч)","11шт (к учету 10) ч(к учету 3,58ч)","5шт ч(к учету 1,85)ч","Жилы, внутренний обрыв",CSH,2024,6.0,"6,18ч",10.0,"3,58ч",1.0,
3,13436207,2024-07-05 22:41:00,Московская,"МОСК, ШЧ-8",,,,"Пробой, перекрытие предохранителя линии СЦБ",CSH,2024,,,,,,
2,13436241,2024-07-05 23:35:00,Московская,"МОСК, ШЧ-6",,"5шт ч(к учету 1,72ч)","1шт ч(к учету 0,23)ч","Муфты подземные, некачественная пайка",CSH,2024,,,1.0,"1,72ч",0.0,
2,13437352,2024-07-06 08:16:00,Московская,"МОСК, ШЧ-33",,"1шт ч(к учету 0,33ч)","1шт ч(к учету 0,17)ч",Излом наконечника,CSH,2024,,,0.0,"0,33ч",0.0,
2,13436835,2024-07-06 10:10:00,Московская,"МОСК, ШЧ-35",,,"1шт ч(к учету 0,13)ч","Нарушение контакта в штепсельных розетках, неисправность контактных губок",CSH,2024,,,,,0.0,
3,13437159,2024-07-06 16:05:00,Московская,"МОСК, ШЧ-28",,,,Неисправность блоков питания,CSH,2024,,,,,,
2,13437238,2024-07-06 17:30:00,Московская,"МОСК, ШЧ-33",,,"3шт ч(к учету 0,97)ч","Трансформаторы, обрыв обмотки",CSH,2024,,,,,0.0,
2,13438615,2024-07-08 04:33:00,Московская,"МОСК, ШЧ-6",,"4шт ч(к учету 0,88ч)","1шт ч(к учету 0,15)ч","Обмотка, обрыв",CSH,2024,,,0.0,"0,88ч",0.0,
2,13439738,2024-07-08 13:21:00,Московская,"МОСК, ШЧ-24","2шт ч(к учету 0,9ч)",,,"Нарушение контакта в штепсельных розетках, сообщение",CSH,2024,0.0,"0,9ч",,,,
2,13440320,2024-07-08 19:18:00,Московская,"МОСК, ШЧ-32","3шт ч(к учету 1,95ч)",,"1шт ч(к учету 0,15)ч","Кнопки, механическое заедание кнопки",CSH,2024,1.0,"1,95ч",,,0.0,
2,13440430,2024-07-08 23:11:00,Московская,"МОСК, ШЧ-5",,,"3шт ч(к учету 0,6)ч","Нарушение контакта в разъемах блоков, замятие контакта",CSH,2024,,,,,0.0,
2,13441264,2024-07-09 10:22:00,Московская,"МОСК, ШЧ-24","1шт ч(к учету 0,28ч)",,,"Муфта, неисправность",CSH,2024,0.0,"0,28ч",,,,
2,13441341,2024-07-09 11:09:00,Московская,"МОСК, ШЧ-24",,,"3шт ч(к учету 0,52)ч",Нарушение контакта трос/контактный болт,CSH,2024,,,,,0.0,
3,13443407,2024-07-10 09:58:00,Московская,"МОСК, ШЧ-15",,,,Нарушение регулировки,CSH,2024,,,,,,
2,13468503,2024-07-10 11:39:00,Московская,"МОСК, ШЧ-8",,,"1шт ч(к учету 0,35)ч",Обрыв проводов линий СЦБ,CSH,2024,,,,,0.0,
2,13444839,2024-07-10 21:03:00,Московская,"МОСК, ШЧ-35",,,"1шт ч(к учету 0,1)ч","Контактная система, подгар контактов",CSH,2024,,,,,0.0,
3,13446445,2024-07-11 14:20:00,Московская,"МОСК, ШЧ-34",,,,"Контактная система, увеличенное сопротивление контакта",CSH,2024,,,,,,
3,13447044,2024-07-11 22:30:00,Московская,"МОСК, ИЧ-2 ЛЬГОВСКАЯ Ш",,,,"Электродвигатель, постоянного тока (МСП, ДСП), неисправность щеточного узла",CSH,2024,,,,,,
2,13447918,2024-07-12 11:33:00,Московская,"МОСК, ШТЦ МОСК ДИ",,,"7шт ч(к учету 1,15)ч","Конденсатор, обрыв",CSH,2024,,,,,1.0,
2,13449332,2024-07-13 14:47:00,Московская,"МОСК, ШЧ-6","3шт ч(к учету 1,45ч)","9шт ч(к учету 3,68ч)",19шт ч(к учету 6)ч,"Муфты подземные, некачественная пайка",CSH,2024,1.0,"1,45ч",3.0,"3,68ч",6.0,
3,13451007,2024-07-13 21:35:00,Московская,"МОСК, ШЧ-33",,,,"Обмотка, обрыв",CSH,2024,,,,,,
2,13449847,2024-07-14 05:12:00,Московская,"МОСК, ШЧ-28",,"1шт ч(к учету 0,17ч)",,"Жилы, обрыв",CSH,2024,,,0.0,"0,17ч",,
2,13450039,2024-07-14 11:11:00,Московская,"МОСК, ШЧ-34","1шт ч(к учету 0,28ч)",,"1шт ч(к учету 0,12)ч","Нарушение контакта в разъемах блоков, неисправность контактных губок",CSH,2024,0.0,"0,28ч",,,0.0,
3,13450178,2024-07-14 15:24:00,Московская,"МОСК, ИЧ-2 ЛЬГОВСКАЯ Ш",,,,Короткое замыкание в кабеле линий СЦБ напряжением до 1000 В,CSH,2024,,,,,,
2,13450428,2024-07-14 23:10:00,Московская,"МОСК, ШЧ-6","1шт ч(к учету 0,23ч)",,"2шт ч(к учету 0,37)ч","Обмотка, обрыв",CSH,2024,0.0,"0,23ч",,,0.0,
2,13452111,2024-07-16 05:27:00,Московская,"МОСК, ШЧ-34",,,"1шт ч(к учету 0,18)ч",Обрыв жил контрольного кабеля линий СЦБ,CSH,2024,,,,,0.0,
2,13453334,2024-07-17 02:56:00,Московская,"МОСК, ШЧ-28",,"1шт ч(к учету 0,25ч)",,"Диод, обрыв",CSH,2024,,,0.0,"0,25ч",,
2,13454398,2024-07-17 16:05:00,Московская,"МОСК, ШЧ-17",,,"2шт ч(к учету 0,52)ч","Обмотка, короткое замыкание",CSH,2024,,,,,0.0,
2,13454593,2024-07-17 23:34:00,Московская,"МОСК, ШЧ-33","3шт ч(к учету 0,9ч)","1шт ч(к учету 0,1ч)",,Излом наконечника,CSH,2024,0.0,"0,9ч",0.0,"0,1ч",,
3,13454977,2024-07-18 05:50:00,Московская,"МОСК, ШЧ-35",,,,"Конденсатор, потеря контакта",CSH,2024,,,,,,
2,13455376,2024-07-18 10:44:00,Московская,"МОСК, ШЧ-28",,"3шт ч(к учету 0,43ч)",,"Жилы, обрыв",CSH,2024,,,0.0,"0,43ч",,
2,13457147,2024-07-19 17:43:00,Московская,"МОСК, ШЧ-15","1шт ч(к учету 0,38ч)",,,"Обмотка, обрыв обмотки",CSH,2024,0.0,"0,38ч",,,,
3,13457738,2024-07-20 11:48:00,Московская,"МОСК, ШЧ-35",,,,"Обмотка, обрыв",CSH,2024,,,,,,
2,13458256,2024-07-21 01:40:00,Московская,"МОСК, ШЧ-24","2шт ч(к учету 0,7ч)",,,Неприлегание подвижных сердечников к упорным болтам,CSH,2024,0.0,"0,7ч",,,,
2,13458344,2024-07-21 05:18:00,Московская,"МОСК, ШЧ-4","1шт ч(к учету 0,42ч)","1шт ч(к учету 0,12ч)","13шт ч(к учету 2,38)ч",Нарушение контакта трос/штепсель,CSH,2024,0.0,"0,42ч",0.0,"0,12ч",2.0,
2,13458835,2024-07-21 10:44:00,Московская,"МОСК, ШЧ-10",,,"1шт ч(к учету 0,15)ч",Отключение внешнего электроснабжения,CSH,2024,,,,,0.0,
2,13459155,2024-07-21 21:40:00,Московская,"МОСК, ИЧ-2 ЛЬГОВСКАЯ Ш","2шт ч(к учету 1,13ч)",,,"Трансформатор, пробой изоляции",CSH,2024,1.0,"1,13ч",,,,
2,13461730,2024-07-23 01:40:00,Московская,"МОСК, ШЧ-34","1шт ч(к учету 0,58ч)","1шт ч(к учету 0,13ч)",,Неисправность,CSH,2024,0.0,"0,58ч",0.0,"0,13ч",,
3,13461820,2024-07-23 09:30:00,Московская,"МОСК, ШЧ-4",,,,"Жилы, внутренний обрыв",CSH,2024,,,,,,
2,13461827,2024-07-23 21:13:00,Московская,"МОСК, ШЧ-4",,"1шт ч(к учету 0,25ч)",,"Автопереключатель, излом контактной рессорной пружины",CSH,2024,,,0.0,"0,25ч",,
3,13461907,2024-07-24 03:20:00,Московская,"МОСК, ШЧ-35",,,,"Срабатывание, коммутационные перенапряжения",CSH,2024,,,,,,
2,13462006,2024-07-24 06:19:00,Московская,"МОСК, ШЧ-4",,,"2шт ч(к учету 0,45)ч","Срабатывание, коммутационные перенапряжения",CSH,2024,,,,,0.0,
3,13463427,2024-07-25 01:37:00,Московская,"МОСК, ШЧ-34",,,,"Срабатывание (перегорание), воздействие тягового тока",CSH,2024,,,,,,
1,13463723,2024-07-25 07:10:00,Московская,"МОСК, ШЧ-5","1шт ч(к учету 0,25ч)","2шт ч(к учету 0,32ч)","12шт ч(к учету 5,63)ч",Нарушение изоляции монтажных проводов,CSH,2024,0.0,"0,25ч",0.0,"0,32ч",5.0,
3,13465500,2024-07-26 05:17:00,Московская,"МОСК, ШЧ-14",,,,"Лампы, перегорание основной нити",CSH,2024,,,,,,
3,13465310,2024-07-26 10:08:00,Московская,"МОСК, ШЧ-34",,,,"Курбельный контакт, потеря контакта",CSH,2024,,,,,,
3,13466076,2024-07-27 02:00:00,Московская,"МОСК, ШЧ-35",,,,Зависание ПО,CSH,2024,,,,,,
2,13466330,2024-07-27 10:24:00,Московская,"МОСК, ШЧ-4",,,"2шт ч(к учету 0,23)ч","Нарушение контакта в разъемах блоков, неисправность контактных губок",CSH,2024,,,,,0.0,
3,13466426,2024-07-27 11:54:00,Московская,"МОСК, ШЧ-34",,,,Асимметрия тягового тока,CSH,2024,,,,,,
3,13466699,2024-07-27 19:28:00,Московская,"МОСК, ШЧ-17",,,,"Курбельный контакт, потеря контакта",CSH,2024,,,,,,
2,13466767,2024-07-27 22:11:00,Московская,"МОСК, ШЧ-17",,"1шт ч(к учету 0,13ч)",,"Нарушение контакта в разъемах блоков, сообщение",CSH,2024,,,0.0,"0,13ч",,
2,13467563,2024-07-28 16:57:00,Московская,"МОСК, ШЧ-24",,"1шт ч(к учету 0,42ч)","1шт ч(к учету 0,12)ч",Короткое замыкание в кабеле линий СЦБ напряжением до 1000 В,CSH,2024,,,0.0,"0,42ч",0.0,
1,13469225,2024-07-30 01:30:00,Московская,"МОСК, ШЧ-8","12шт ч(к учету 11,12ч)","8шт ч(к учету 2,77ч)","17шт ч(к учету 3,37)ч",Обрыв жил контрольного кабеля линий СЦБ,CSH,2024,11.0,"11,12ч",2.0,"2,77ч",3.0,
2,13470127,2024-07-30 16:30:00,Московская,"МОСК, ШЧ-21","1шт ч(к учету 0,42ч)",,,Сбой АЛС с задержкой поезда,CSH,2024,0.0,"0,42ч",,,,
2,13470249,2024-07-30 19:27:00,Московская,"МОСК, ШЧ-33","1шт ч(к учету 0,73ч)",,,Неисправность устройств электроснабжения,CSH,2024,0.0,"0,73ч",,,,
2,13471094,2024-07-31 12:26:00,Московская,"МОСК, ШЧ-8",,"1шт ч(к учету 0,12ч)","1шт ч(к учету 0,12)ч",Разрегулировка проводов линий СЦБ,CSH,2024,,,0.0,"0,12ч",0.0,
2,13471528,2024-07-31 18:18:00,Московская,"МОСК, ШЧ-5","1шт ч(к учету 0,4ч)",,"3шт ч(к учету 0,8)ч","Автопереключатель, излом рычагов",CSH,2024,0.0,"0,4ч",,,0.0,
3,13471661,2024-07-31 22:56:00,Московская,"МОСК, ШЧ-28",,,,Обрыв монтажного провода,CSH,2024,,,,,,
2,13471896,2024-08-01 07:06:00,Московская,"МОСК, ШЧ-24","1шт ч(к учету 0,82ч)","1шт ч(к учету 0,42ч)","3шт ч(к учету 0,37)ч",Сообщение,CSH,2024,0.0,"0,82ч",0.0,"0,42ч",0.0,
2,13475538,2024-08-04 05:46:00,Московская,"Ю-ВОСТ, ШЧ-7",,"3шт ч(к учету 0,33ч)",,Нарушение контакта,CSH,2024,,,0.0,"0,33ч",,
2,13475931,2024-08-04 14:59:00,Московская,"МОСК, ШЧ-24","2шт ч(к учету 0,48ч)",,,"Обмотка, обрыв",CSH,2024,0.0,"0,48ч",,,,
2,13478135,2024-08-06 00:41:00,Московская,"МОСК, ШЧ-32","1шт ч(к учету 0,7ч)",,,Ослабление затяжки болтов,CSH,2024,0.0,"0,7ч",,,,
1,13478179,2024-08-06 02:15:00,Московская,"МОСК, ШЧ-24","4шт ч(к учету 3,53ч)","3шт ч(к учету 0,72ч)","5шт ч(к учету 1,07)ч",Обрыв жил кабеля линий СЦБ напряжением до 1000 В,CSH,2024,3.0,"3,53ч",0.0,"0,72ч",1.0,
2,13485977,2024-08-06 12:01:00,Московская,"МОСК, ШТЦ МОСК ДИ",,,"2шт ч(к учету 0,37)ч","Кнопки, механическое заедание кнопки",CSH,2024,,,,,0.0,
3,13479222,2024-08-06 13:10:00,Московская,"МОСК, ШЧ-35",,,,"Лампы, перегорание основной нити",CSH,2024,,,,,,
2,13480029,2024-08-06 19:28:00,Московская,"МОСК, ШЧ-17","1шт ч(к учету 0,27ч)",,,"Монтаж, нарушение состояния паек",CSH,2024,0.0,"0,27ч",,,,
2,13482551,2024-08-07 18:48:00,Московская,"МОСК, ШЧ-24","2шт ч(к учету 0,72ч)",,,Влияние посторонних источников питания,CSH,2024,0.0,"0,72ч",,,,
2,13483791,2024-08-08 11:30:00,Московская,"МОСК, ШЧ-8",,"1шт ч(к учету 0,25ч)",,"Пробой, перекрытие предохранителя линии СЦБ",CSH,2024,,,0.0,"0,25ч",,
3,13484822,2024-08-08 17:17:00,Московская,"МОСК, ШЧ-28",,,,"Автопереключатель, разрегулировка контактов",CSH,2024,,,,,,
2,13534296,2024-08-09 05:04:00,Московская,"МОСК, ИЧ-2 ЛЬГОВСКАЯ Ш","1шт ч(к учету 0,3ч)",,,"Обрыв троса, коррозия металла",CSH,2024,0.0,"0,3ч",,,,
2,13485356,2024-08-09 06:04:00,Московская,"МОСК, ШЧ-14",,,"15шт ч(к учету 3,27)ч","Жилы, обрыв",CSH,2024,,,,,3.0,
2,13486167,2024-08-09 13:25:00,Московская,"МОСК, ШЧ-34",,,"1шт ч(к учету 0,18)ч",Неисправность ПО объектного контроллера,CSH,2024,,,,,0.0,
3,13486579,2024-08-09 17:36:00,Московская,"МОСК, ШЧ-15",,,,"Электродвигатель, постоянного тока (МСП, ДСП), обрыв обмотки якоря",CSH,2024,,,,,,
2,13486798,2024-08-10 01:35:00,Московская,"МОСК, ШЧ-10","3шт ч(к учету 1,1ч)",,,Нарушение контакта трос/штепсель,CSH,2024,1.0,"1,1ч",,,,
2,13487270,2024-08-10 14:28:00,Московская,"МОСК, ШЧ-33",,,"2шт ч(к учету 0,48)ч",Обрыв,CSH,2024,,,,,0.0,
2,13487614,2024-08-11 00:20:00,Московская,"МОСК, ШЧ-15","1шт ч(к учету 0,17ч)",,"2шт ч(к учету 0,28)ч","Жилы, обрыв",CSH,2024,0.0,"0,17ч",,,0.0,
3,13487979,2024-08-11 09:48:00,Московская,"МОСК, ШЧ-34",,,,Неисправность,CSH,2024,,,,,,
3,13488235,2024-08-11 16:07:00,Московская,"МОСК, ШЧ-28",,,,Влияние посторонних источников питания,CSH,2024,,,,,,
2,13495954,2024-08-12 09:58:00,Московская,"МОСК, ШЧ-4",,,"1шт ч(к учету 0,12)ч","Реле напряжений, нарушение контакта",CSH,2024,,,,,0.0,
3,13489189,2024-08-12 11:48:00,Московская,"МОСК, ШЧ-35",,,,Излом наконечника,CSH,2024,,,,,,
3,13489279,2024-08-12 12:30:00,Московская,"МОСК, ШЧ-4",,,,"Клеммная колодка резьб, плохой контакт",CSH,2024,,,,,,
2,13489587,2024-08-12 14:30:00,Московская,"МОСК, ШЧ-6","7шт ч(к учету 3,2ч)",,"3шт ч(к учету 0,73)ч","Жилы, обрыв",CSH,2024,3.0,"3,2ч",,,0.0,
2,13490029,2024-08-12 22:11:00,Московская,"МОСК, ШЧ-33","2шт ч(к учету 0,3ч)","4шт ч(к учету 0,55ч)",,Пробой изоляции,CSH,2024,0.0,"0,3ч",0.0,"0,55ч",,
1,13490319,2024-08-13 03:05:00,Московская,"МОСК, ШЧ-5","4шт ч(к учету 2,47ч)",,,"Конденсатор, короткое замыкание конденсатора",CSH,2024,2.0,"2,47ч",,,,
2,13492150,2024-08-14 06:30:00,Московская,"МОСК, ШЧ-35","1шт ч(к учету 0,65ч)",,,"Электродвигатель, постоянного тока (МСП, ДСП), обрыв внутреннего монтажа",CSH,2024,0.0,"0,65ч",,,,
3,13493575,2024-08-14 18:04:00,Московская,"МОСК, ШЧ-19",,,,Неисправность устройства сопряжения с объектами,CSH,2024,,,,,,
2,13494042,2024-08-15 05:49:00,Московская,"МОСК, ШЧ-14",,,"4шт ч(к учету 0,63)ч","Плата связи, плата связи COM5, неисправность",CSH,2024,,,,,0.0,
2,13494595,2024-08-15 12:02:00,Московская,"МОСК, ШЧ-24","6шт ч(к учету 2,1ч)",,,"Обмотка, обрыв",CSH,2024,2.0,"2,1ч",,,,
2,13495074,2024-08-15 18:50:00,Московская,"МОСК, ШЧ-5",,,"1шт ч(к учету 0,2)ч",Потеря контакта в манжете,CSH,2024,,,,,0.0,
3,13495221,2024-08-15 22:35:00,Московская,"МОСК, ШЧ-17",,,,Нарушение контакта наконечник/вывод ДТ,CSH,2024,,,,,,
2,13495227,2024-08-16 00:34:00,Московская,"МОСК, ШЧ-4","3шт ч(к учету 2,17ч)",,"1шт ч(к учету 0,1)ч","Нарушение контакта в клеммных колодках (резьб), плохой контакт",CSH,2024,2.0,"2,17ч",,,0.0,
2,13495326,2024-08-16 02:09:00,Московская,"МОСК, ШЧ-5","5шт ч(к учету 2,45ч)",,,"Контактная система, подгар контактов",CSH,2024,2.0,"2,45ч",,,,
1,13495675,2024-08-16 10:02:00,Московская,"МОСК, ШЧ-32",,,1шт ч(к учету 1)ч,Обрыв монтажного провода,CSH,2024,,,,,1.0,
3,13509428,2024-08-16 23:08:00,Московская,"МОСК, ШЧ-32",,,"1шт ч(к учету 0,03)ч","Лампы, перегорание основной нити",CSH,2024,,,,,0.0,
2,13496462,2024-08-17 02:07:00,Московская,"МОСК, ИЧ-2 ЛЬГОВСКАЯ Ш",,,"1шт ч(к учету 0,15)ч","Обрыв троса, коррозия металла",CSH,2024,,,,,0.0,
2,13496532,2024-08-17 06:18:00,Московская,"МОСК, ШЧ-5","1шт ч(к учету 0,27ч)",,,"Жилы, обрыв",CSH,2024,0.0,"0,27ч",,,,
2,13496765,2024-08-17 12:25:00,Московская,"МОСК, ШЧ-35",,,"1шт ч(к учету 0,13)ч",Нарушение контакта трос/штепсель,CSH,2024,,,,,0.0,
1,13496991,2024-08-17 17:43:00,Московская,"МОСК, ШЧ-33","2шт ч(к учету 2,03ч)","1шт ч(к учету 0,17ч)",,"Реле напряжений, нарушение контакта",CSH,2024,2.0,"2,03ч",0.0,"0,17ч",,
2,13497117,2024-08-17 20:30:00,Московская,"МОСК, ШЧ-15",,,"1шт ч(к учету 0,1)ч",Обрыв монтажного провода,CSH,2024,,,,,0.0,
2,13497144,2024-08-17 23:00:00,Московская,"МОСК, ШЧ-6","1шт ч(к учету 0,35ч)","2шт ч(к учету 0,32ч)",,"Конденсатор, короткое замыкание конденсатора",CSH,2024,0.0,"0,35ч",0.0,"0,32ч",,
1,13497306,2024-08-18 01:15:00,Московская,"МОСК, ШЧ-28","4шт ч(к учету 2,82ч)","1шт ч(к учету 0,4ч)",,"Лампы, перегорание основной нити",CSH,2024,2.0,"2,82ч",0.0,"0,4ч",,
1,13501827,2024-08-18 03:11:00,Московская,"МОСК, ШЧ-8","6шт ч(к учету 8,02ч)","1шт ч(к учету 1,43ч)","1шт ч(к учету 0,17)ч","Пробой, перекрытие предохранителя линии СЦБ",CSH,2024,8.0,"8,02ч",1.0,"1,43ч",0.0,
2,13497743,2024-08-18 14:20:00,Московская,"МОСК, ШЧ-32","2шт ч(к учету 0,72ч)",,"4шт ч(к учету 0,92)ч","Диод, пробой",CSH,2024,0.0,"0,72ч",,,0.0,
2,13498732,2024-08-19 12:35:00,Московская,"МОСК, ШЧ-31","2шт ч(к учету 1,88ч)",,,"Нарушение контакта в клеммных колодках (резьб), плохой контакт",CSH,2024,1.0,"1,88ч",,,,
2,13500308,2024-08-20 16:38:00,Московская,"МОСК, ШЧ-24",,"3шт ч(к учету 0,93ч)","29шт ч(к учету 7,93)ч",Обрыв жил кабеля линий СЦБ напряжением до 1000 В,CSH,2024,,,0.0,"0,93ч",7.0,
2,13501463,2024-08-21 10:21:00,Московская,"МОСК, ШЧ-5","1шт ч(к учету 0,48ч)",,"1шт ч(к учету 0,27)ч","Монтаж, короткое замыкание монтажа",CSH,2024,0.0,"0,48ч",,,0.0,
3,13501657,2024-08-21 13:37:00,Московская,"МОСК, ШЧ-4",,,,"Обрыв троса, внешнее воздействие",CSH,2024,,,,,,
2,13502094,2024-08-22 00:04:00,Московская,"МОСК, ШЧ-19",,"2шт ч(к учету 0,27ч)",,Сбой АЛС с задержкой поезда,CSH,2024,,,0.0,"0,27ч",,
2,13502896,2024-08-22 13:27:00,Московская,"МОСК, ИЧ-2 ЛЬГОВСКАЯ Ш","2шт ч(к учету 0,43ч)",,,"Обрыв троса, коррозия металла",CSH,2024,0.0,"0,43ч",,,,
2,13503054,2024-08-22 15:08:00,Московская,"МОСК, ШТЦ МОСК ДИ","1шт ч(к учету 0,42ч)",,"1шт ч(к учету 0,1)ч","Внутренний монтаж, короткое замыкание",CSH,2024,0.0,"0,42ч",,,0.0,
2,13503169,2024-08-22 16:50:00,Московская,"МОСК, ИЧ-2 ЛЬГОВСКАЯ Ш","1шт ч(к учету 0,25ч)",,,Обрыв жил кабеля линий СЦБ напряжением до 1000 В,CSH,2024,0.0,"0,25ч",,,,
2,13503596,2024-08-23 04:45:00,Московская,"МОСК, ШЧ-35","1шт ч(к учету 0,3ч)",,,Нарушение контакта штепсель/рельс,CSH,2024,0.0,"0,3ч",,,,
2,13503673,2024-08-23 06:08:00,Московская,"МОСК, ШЧ-24",,"1шт ч(к учету 0,37ч)","4шт ч(к учету 0,7)ч","Выпрямительные элементы, пробой",CSH,2024,,,0.0,"0,37ч",0.0,
3,13504717,2024-08-24 05:00:00,Московская,"МОСК, ШЧ-15",,,,Нарушение контакта,CSH,2024,,,,,,
2,13505152,2024-08-24 17:30:00,Московская,"МОСК, ШЧ-10","2шт ч(к учету 0,87ч)",,,Сбой АЛС с задержкой поезда,CSH,2024,0.0,"0,87ч",,,,
2,13505299,2024-08-24 20:48:00,Московская,"МОСК, ШЧ-24",,"1шт ч(к учету 0,12ч)",,Обрыв жил кабеля линий СЦБ напряжением до 1000 В,CSH,2024,,,0.0,"0,12ч",,
2,13508294,2024-08-26 06:56:00,Московская,"МОСК, ШЧ-24",,,"1шт ч(к учету 0,1)ч",Неприлегание подвижных сердечников к упорным болтам,CSH,2024,,,,,0.0,
2,13507536,2024-08-27 03:27:00,Московская,"МОСК, ШЧ-5","4шт ч(к учету 1,22ч)",,,Нарушение контакта,CSH,2024,1.0,"1,22ч",,,,
3,13507975,2024-08-27 09:45:00,Московская,"МОСК, ШЧ-28",,,,"Нарушение контакта в штепсельных розетках, неисправность контактных губок",CSH,2024,,,,,,
2,13508957,2024-08-28 07:43:00,Московская,"МОСК, ШЧ-24",,,"1шт ч(к учету 0,17)ч",Разъединение подвижных сердечников крестовин с тягами,CSH,2024,,,,,0.0,
2,13509863,2024-08-28 21:23:00,Московская,"МОСК, ШЧ-31","1шт ч(к учету 0,35ч)",,"1шт ч(к учету 0,28)ч","Монтаж, обрыв",CSH,2024,0.0,"0,35ч",,,0.0,
3,13511598,2024-08-29 10:10:00,Московская,"МОСК, ШЧ-26",,,,"Нарушение контакта в разъемах блоков, неисправность контактных губок",CSH,2024,,,,,,
2,13511069,2024-08-29 18:54:00,Московская,"МОСК, ШТЦ МОСК ДИ",,,"3шт ч(к учету 0,53)ч","Транзистор, пробой",CSH,2024,,,,,0.0,
2,13511397,2024-08-30 05:57:00,Московская,"МОСК, ШЧ-8","1шт ч(к учету 0,22ч)","1шт ч(к учету 0,47ч)",,Обрыв проводов линий СЦБ,CSH,2024,0.0,"0,22ч",0.0,"0,47ч",,
2,13511585,2024-08-30 09:25:00,Московская,"МОСК, ШЧ-5",,,"1шт ч(к учету 0,13)ч","Внутренний монтаж, обрыв монтажного провода",CSH,2024,,,,,0.0,
2,13511584,2024-08-30 09:45:00,Московская,"МОСК, ШЧ-17","1шт ч(к учету 0,5ч)","2шт ч(к учету 0,35ч)",,Обрыв жил контрольного кабеля линий СЦБ,CSH,2024,0.0,"0,5ч",0.0,"0,35ч",,
3,13511638,2024-08-30 10:00:00,Московская,"МОСК, ШЧ-34",,,,"Лампы, перегорание основной нити",CSH,2024,,,,,,
3,13511675,2024-08-30 10:30:00,Московская,"МОСК, ШЧ-34",,,,"Нарушение контакта в разъемах блоков, неисправность контактных губок",CSH,2024,,,,,,
3,13511907,2024-08-30 13:23:00,Московская,"МОСК, ШЧ-4",,,,"Нарушение контакта в съемных платах, сообщение",CSH,2024,,,,,,
2,13513389,2024-09-01 13:43:00,Московская,"МОСК, ШЧ-10",,,"2шт ч(к учету 0,23)ч",Излом наконечника,CSH,2024,,,,,0.0,
3,13514422,2024-09-02 12:58:00,Московская,"МОСК, ШЧ-15",,,,Срабатывания по причине малой скорости,CSH,2024,,,,,,
3,13516288,2024-09-03 12:25:00,Московская,"МОСК, ШЧ-24",,,,"Контакты штепсельного разъема, разрегулировка",CSH,2024,,,,,,
1,13517059,2024-09-03 14:32:00,Московская,"МОСК, ШЧ-5","14шт ч(к учету 14,85ч)",,"2шт ч(к учету 0,88)ч",Механическое повреждение,CSH,2024,14.0,"14,85ч",,,0.0,
3,13517481,2024-09-04 04:30:00,Московская,"МОСК, ШЧ-21",,,,Потеря контакта в манжете,CSH,2024,,,,,,
2,13519408,2024-09-04 15:50:00,Московская,"МОСК, ШЧ-34","1шт ч(к учету 0,68ч)",,"2шт ч(к учету 0,23)ч",Обрыв жил контрольного кабеля линий СЦБ,CSH,2024,0.0,"0,68ч",,,0.0,
3,13523482,2024-09-06 12:11:00,Московская,"МОСК, ШЧ-28",,,,"Нарушение контакта в штепсельных розетках, неисправность контактных губок",CSH,2024,,,,,,
2,13523833,2024-09-06 14:50:00,Московская,"МОСК, ШЧ-6",,,"13шт ч(к учету 2,5)ч","Коробка распределительная, неисправность дужки",CSH,2024,,,,,2.0,
2,13524063,2024-09-06 17:58:00,Московская,"МОСК, ШЧ-24",,,"1шт ч(к учету 0,22)ч","Электродвигатель, прочие типы, неисправность",CSH,2024,,,,,0.0,
2,13525160,2024-09-07 22:05:00,Московская,"МОСК, ШЧ-8",,"4шт ч(к учету 2,02ч)","2шт ч(к учету 0,97)ч","Пробой, перекрытие предохранителя линии СЦБ",CSH,2024,,,2.0,"2,02ч",0.0,
2,13525235,2024-09-08 02:40:00,Московская,"МОСК, ШЧ-10",,4шт ч(к учету 1ч),,Сбой АЛС с задержкой поезда,CSH,2024,,,1.0,,,
2,13525557,2024-09-08 10:21:00,Московская,"МОСК, ШЧ-8",,,"1шт ч(к учету 0,13)ч","Кнопки, подгар, сваривание контактов",CSH,2024,,,,,0.0,
2,13527705,2024-09-09 16:38:00,Московская,"МОСК, ШЧ-19","1шт ч(к учету 0,22ч)","1шт ч(к учету 0,15ч)","1шт ч(к учету 0,1)ч","Механическое разрушение, обрыв воронки, муфты линии СЦБ напряжением до 1000 В",CSH,2024,0.0,"0,22ч",0.0,"0,15ч",0.0,
3,13528437,2024-09-10 06:43:00,Московская,"МОСК, ШЧ-26",,,,Некачественная пайка,CSH,2024,,,,,,
2,13531731,2024-09-11 11:18:00,Московская,"МОСК, ШЧ-8","4шт ч(к учету 1,38ч)","2шт ч(к учету 0,32ч)","6шт ч(к учету 1,68)ч",Обрыв проводов линий СЦБ,CSH,2024,1.0,"1,38ч",0.0,"0,32ч",1.0,
2,13553808,2024-09-11 14:41:00,Московская,"МОСК, ШЧ-17",,,"1шт ч(к учету 0,12)ч","Кнопки, нарушение регулировки контакта при регулировке",CSH,2024,,,,,0.0,
2,13534380,2024-09-12 13:20:00,Московская,"МОСК, ШЧ-35",,,"1шт ч(к учету 0,13)ч","Нарушение контакта в штепсельных розетках, неисправность контактных губок",CSH,2024,,,,,0.0,
2,13535434,2024-09-12 21:38:00,Московская,"МОСК, ШЧ-28",,"1шт ч(к учету 0,23ч)",,Отключение внешнего электроснабжения,CSH,2024,,,0.0,"0,23ч",,
3,13535364,2024-09-13 03:08:00,Московская,"МОСК, ШЧ-5",,,,Нарушение контакта,CSH,2024,,,,,,
2,13535445,2024-09-13 04:38:00,Московская,"МОСК, ШЧ-24","14шт ч(к учету 4,92ч)",,,Обрыв жил кабеля линий СЦБ напряжением до 1000 В,CSH,2024,4.0,"4,92ч",,,,
2,13536271,2024-09-13 12:00:00,Московская,"МОСК, ШЧ-5","5шт ч(к учету 1,45ч)",,,Неисправность контактора,CSH,2024,1.0,"1,45ч",,,,
1,13536967,2024-09-13 17:55:00,Московская,"МОСК, ШЧ-34","2шт ч(к учету 6,32ч)",,"3шт ч(к учету 1,53)ч","Резистор, обрыв",CSH,2024,6.0,"6,32ч",,,1.0,
2,13537938,2024-09-14 23:32:00,Московская,"МОСК, ШЧ-33","1шт ч(к учету 0,37ч)",,,"Оболочка, повреждение",CSH,2024,0.0,"0,37ч",,,,
2,13538585,2024-09-15 19:53:00,Московская,"МОСК, ШЧ-35",,,"1шт ч(к учету 0,2)ч","Электродвигатель, постоянного тока (МСП, ДСП), неисправность ротора",CSH,2024,,,,,0.0,
2,13538800,2024-09-16 02:45:00,Московская,"МОСК, ШЧ-28","1шт ч(к учету 0,27ч)","4шт ч(к учету 0,98ч)",,"Автопереключатель, разрегулировка контактов",CSH,2024,0.0,"0,27ч",0.0,"0,98ч",,
3,13540011,2024-09-16 19:48:00,Московская,"МОСК, ШТЦ МОСК ДИ",,,,Затухание сигнала в КЛС,CSH,2024,,,,,,
2,13541434,2024-09-17 15:20:00,Московская,"МОСК, ШЧ-6",,,"1шт ч(к учету 0,17)ч",Нарушение контакта штепсель/рельс,CSH,2024,,,,,0.0,
2,13541917,2024-09-18 00:05:00,Московская,"МОСК, ИЧ-2 ЛЬГОВСКАЯ Ш",,,"2шт ч(к учету 0,23)ч",Дефект или излом рельса,CSH,2024,,,,,0.0,
2,13542975,2024-09-18 12:03:00,Московская,"МОСК, ШЧ-31",,"2шт ч(к учету 0,45ч)",,"Срабатывание, несоответствие номинала",CSH,2024,,,0.0,"0,45ч",,
3,13544818,2024-09-19 14:31:00,Московская,"МОСК, ШЧ-33",,,,Неисправность монтажа в путевом ящике УКСПС,CSH,2024,,,,,,
2,13545471,2024-09-20 03:35:00,Московская,"МОСК, ШЧ-10",,"1шт ч(к учету 0,12ч)",,"Контакт, неисправность",CSH,2024,,,0.0,"0,12ч",,
2,13546777,2024-09-21 04:49:00,Московская,"МОСК, ШЧ-28","1шт ч(к учету 0,45ч)","3шт ч(к учету 0,63ч)",,Нарушение контакта,CSH,2024,0.0,"0,45ч",0.0,"0,63ч",,
2,13547515,2024-09-22 01:22:00,Московская,"МОСК, ШЧ-24","9шт ч(к учету 5,28ч)","1шт ч(к учету 0,98ч)",,Неисправность блока питания аппаратуры связи,CSH,2024,5.0,"5,28ч",0.0,"0,98ч",,
3,13547532,2024-09-22 03:46:00,Московская,"МОСК, ШЧ-34",,,,Неисправность,CSH,2024,,,,,,
3,13547549,2024-09-22 04:26:00,Московская,"МОСК, ШЧ-15",,,,Излом наконечника,CSH,2024,,,,,,
2,13548603,2024-09-23 06:54:00,Московская,"МОСК, ШЧ-8","2шт ч(к учету 0,72ч)","3шт ч(к учету 0,52ч)","4шт ч(к учету 1,9)ч","Механическое разрушение, обрыв заземления",CSH,2024,0.0,"0,72ч",0.0,"0,52ч",1.0,
2,13548785,2024-09-23 09:50:00,Московская,"МОСК, ИЧ-2 ЛЬГОВСКАЯ Ш",,"1шт ч(к учету 0,13ч)",,Короткое замыкание в кабеле линий СЦБ напряжением до 1000 В,CSH,2024,,,0.0,"0,13ч",,
2,13549046,2024-09-23 10:51:00,Московская,"МОСК, ШЧ-4",,,"1шт ч(к учету 0,28)ч","Сигнальная обмотка, обрыв",CSH,2024,,,,,0.0,
3,13551924,2024-09-23 23:42:00,Московская,"МОСК, ШЧ-28",,,,Неисправность устройств электроснабжения,CSH,2024,,,,,,
2,13549666,2024-09-24 00:22:00,Московская,"МОСК, ШЧ-24","3шт ч(к учету 1,12ч)",,"1шт ч(к учету 0,12)ч",Обрыв проводов линий СЦБ,CSH,2024,1.0,"1,12ч",,,0.0,
2,13552417,2024-09-25 15:49:00,Московская,"МОСК, ШЧ-34",,"1шт ч(к учету 0,12ч)",,"Лампы, перегорание основной нити",CSH,2024,,,0.0,"0,12ч",,
3,13552578,2024-09-25 18:40:00,Московская,"МОСК, ИЧ-3 ПЛЕХАНОВСКАЯ Ш",,,,"Нарушение контакта в штепсельных розетках, неисправность контактных губок",CSH,2024,,,,,,
3,13553428,2024-09-26 10:55:00,Московская,"МОСК, ШТЦ МОСК ДИ",,,,"Контактная система, Потеря контакта",CSH,2024,,,,,,
2,13554020,2024-09-26 16:49:00,Московская,"МОСК, ШЧ-14",,,"2шт ч(к учету 0,27)ч",Нарушение изоляции монтажных проводов,CSH,2024,,,,,0.0,
2,13560917,2024-09-26 21:42:00,Московская,"МОСК, ШЧ-14",,,"1шт ч(к учету 0,1)ч",Неисправность монтажа,CSH,2024,,,,,0.0,
2,13554294,2024-09-27 00:51:00,Московская,"МОСК, ШТЦ МОСК ДИ",,,"1шт ч(к учету 0,22)ч","Резистор, обрыв",CSH,2024,,,,,0.0,
2,13555727,2024-09-28 02:20:00,Московская,"МОСК, ШЧ-5","2шт ч(к учету 0,63ч)",,,Потеря контакта в манжете,CSH,2024,0.0,"0,63ч",,,,
2,13555758,2024-09-28 03:10:00,Московская,"МОСК, ШЧ-8",,"5шт ч(к учету 0,88ч)","2шт (к учету 1) ч(к учету 0,28)ч",Пережог плавкой вставки предохранителя линии СЦБ,CSH,2024,,,0.0,"0,88ч",1.0,
2,13556199,2024-09-28 16:00:00,Московская,"МОСК, ШЧ-8","4шт ч(к учету 1,55ч)","2шт ч(к учету 0,37ч)","12шт ч(к учету 2,63)ч",Обрыв проводов линий СЦБ,CSH,2024,1.0,"1,55ч",0.0,"0,37ч",2.0,
3,13558968,2024-09-29 23:26:00,Московская,"МОСК, ШЧ-17",,,,"Выводные клеммы, повреждение пайки выводов",CSH,2024,,,,,,
2,13569733,2024-09-30 19:55:00,Московская,"МОСК, ШЧ-15",,,"1шт ч(к учету 0,17)ч","Контактная система, потеря контакта",CSH,2024,,,,,0.0,
3,13558765,2024-10-01 05:40:00,Московская,"МОСК, ШЧ-24",,,,"Контактная система, потеря контакта",CSH,2024,,,,,,
3,13559641,2024-10-01 11:30:00,Московская,"МОСК, ШЧ-4",,,,"Жилы, окисление",CSH,2024,,,,,,
2,13561239,2024-10-02 10:30:00,Московская,"МОСК, ШЧ-21","1шт ч(к учету 0,77ч)",,,"Кнопки, люфт штока",CSH,2024,0.0,"0,77ч",,,,
3,13561828,2024-10-02 14:20:00,Московская,"МОСК, ШЧ-33",,,,Пробой изоляции кабеля линий СЦБ напряжением до 1000 В,CSH,2024,,,,,,
2,13562839,2024-10-03 06:18:00,Московская,"МОСК, ШЧ-34",,,"2шт ч(к учету 0,4)ч","Обмотка, короткое замыкание обмотки",CSH,2024,,,,,0.0,
2,13562914,2024-10-03 07:21:00,Московская,"МОСК, ШЧ-34",,,"1шт ч(к учету 0,23)ч",Неисправность,CSH,2024,,,,,0.0,
3,13568827,2024-10-03 08:25:00,Московская,"МОСК, ШЧ-17",,,,"Лампы, перегорание резервной нити",CSH,2024,,,,,,
3,13564941,2024-10-04 04:55:00,Московская,"МОСК, ШЧ-33",,,,"Нарушение контакта в разъемах блоков, излом розеток",CSH,2024,,,,,,
2,13565512,2024-10-04 09:18:00,Московская,"МОСК, ШЧ-10",,"2шт ч(к учету 0,97ч)","7шт ч(к учету 2,18)ч","Срабатывание (перегорание), несоответствие номинала",CSH,2024,,,0.0,"0,97ч",2.0,
2,13566034,2024-10-04 13:05:00,Московская,"МОСК, ШЧ-8","1шт ч(к учету 0,45ч)",,,Неперевод стрелочного перевода по причине несвоевременной очистке и смазки,CSH,2024,0.0,"0,45ч",,,,
2,13572135,2024-10-05 06:01:00,Московская,"МОСК, ШЧ-28",,,"1шт ч(к учету 0,12)ч","Конденсатор, снижение емкости конденсатора",CSH,2024,,,,,0.0,
3,13570889,2024-10-05 08:41:00,Московская,"МОСК, ШЧ-28","1шт ч(к учету 0,15ч)",,,"Лампы, перегорание основной нити",CSH,2024,0.0,"0,15ч",,,,
2,13567478,2024-10-05 22:39:00,Московская,"МОСК, ШЧ-15",,,"4шт ч(к учету 1,15)ч",Некачественная пайка,CSH,2024,,,,,1.0,
3,13568357,2024-10-06 21:03:00,Московская,"МОСК, ШЧ-33",,,,"Нарушение контакта в разъемах блоков, излом розеток",CSH,2024,,,,,,
3,13569025,2024-10-07 07:55:00,Московская,"МОСК, ШЧ-26",,,,"Ламподержатель, нарушение контакта",CSH,2024,,,,,,
2,13574045,2024-10-07 11:31:00,Московская,"МОСК, ШЧ-10","3шт ч(к учету 2,27ч)",,"1шт ч(к учету 0,68)ч","Контрольные линейки, ослабление крепления",CSH,2024,2.0,"2,27ч",,,0.0,
2,13570036,2024-10-07 12:13:00,Московская,"МОСК, ШЧ-31",,,"1шт ч(к учету 0,15)ч","Нарушение контакта в штепсельных розетках, неисправность контактных губок",CSH,2024,,,,,0.0,
1,13574561,2024-10-08 03:59:00,Московская,"МОСК, ШЧ-6","2шт ч(к учету 1,05ч)","6шт ч(к учету 2,93ч)","4шт ч(к учету 1,55)ч","Ламподержатель, нарушение контакта",CSH,2024,1.0,"1,05ч",2.0,"2,93ч",1.0,
3,13579199,2024-10-09 08:08:00,Московская,"МОСК, ШЧ-5",,,,"Лампы, перегорание основной нити",CSH,2024,,,,,,
3,13579640,2024-10-09 13:30:00,Московская,"МОСК, ШЧ-4",,,,"Автопереключатель, разрегулировка контактов",CSH,2024,,,,,,
3,13582174,2024-10-12 09:24:00,Московская,"МОСК, ШТЦ МОСК ДИ",,,,"Контактная система, потеря контакта",CSH,2024,,,,,,
2,13583051,2024-10-14 05:54:00,Московская,"МОСК, ШЧ-24",,"1шт ч(к учету 0,13ч)","3шт ч(к учету 0,33)ч",Нарушение контакта,CSH,2024,,,0.0,"0,13ч",0.0,
1,13583055,2024-10-14 06:59:00,Московская,"МОСК, ШЧ-15","6шт ч(к учету 4,48ч)",,"7шт ч(к учету 2,45)ч",Пробой изоляции,CSH,2024,4.0,"4,48ч",,,2.0,
2,13583665,2024-10-14 21:19:00,Московская,"МОСК, ШЧ-14",,,"1шт ч(к учету 0,12)ч",Нарушение изоляции монтажных проводов,CSH,2024,,,,,0.0,
2,13591573,2024-10-15 06:09:00,Московская,"МОСК, ШЧ-4",,,"1шт ч(к учету 0,28)ч","Нарушение контакта в штепсельных розетках, неисправность контактных губок",CSH,2024,,,,,0.0,
3,13583750,2024-10-15 08:52:00,Московская,"МОСК, ШЧ-8",,,,Обрыв проводов линий СЦБ,CSH,2024,,,,,,
3,13583804,2024-10-15 18:23:00,Московская,"МОСК, ШЧ-35",,,,Износ узлов и деталей внешнего замыкателя,CSH,2024,,,,,,
2,13583964,2024-10-15 21:55:00,Московская,"МОСК, ШЧ-28",,"2шт ч(к учету 0,27ч)",,Нарушение контакта штепсель/рельс,CSH,2024,,,0.0,"0,27ч",,
2,13584802,2024-10-16 11:58:00,Московская,"МОСК, ШЧ-34",,,"1шт ч(к учету 0,3)ч",Потеря контакта в соединениях датчика,CSH,2024,,,,,0.0,
2,13584803,2024-10-16 12:06:00,Московская,"МОСК, ШЧ-33",,,"1шт ч(к учету 0,18)ч","Лампы, перегорание резервной нити",CSH,2024,,,,,0.0,
3,13585780,2024-10-17 07:52:00,Московская,"МОСК, ШЧ-34",,,,Обрыв жил контрольного кабеля линий СЦБ,CSH,2024,,,,,,
2,13588046,2024-10-18 11:38:00,Московская,"МОСК, ШЧ-4",,,"1шт ч(к учету 0,2)ч","Контрольные линейки, ослабление крепления",CSH,2024,,,,,0.0,
3,13587957,2024-10-18 17:35:00,Московская,"МОСК, ШЧ-21",,,,Сбой АЛС с задержкой поезда,CSH,2024,,,,,,
2,13588305,2024-10-19 03:38:00,Московская,"МОСК, ШЧ-17","1шт ч(к учету 0,3ч)",,,Нарушение регулировки,CSH,2024,0.0,"0,3ч",,,,
3,13588674,2024-10-19 13:09:00,Московская,"МОСК, ШЧ-10",,,,"Нарушение контакта в клеммных колодках (резьб), излом штыря",CSH,2024,,,,,,
2,13589321,2024-10-20 09:10:00,Московская,"МОСК, ШЧ-21",,"1шт ч(к учету 0,13ч)","2шт ч(к учету 0,23)ч","Контактная система, сваривание контактов",CSH,2024,,,0.0,"0,13ч",0.0,
2,13590784,2024-10-21 16:39:00,Московская,"МОСК, ШЧ-14",,,"1шт ч(к учету 0,12)ч","Срабатывание (перегорание), воздействие тягового тока",CSH,2024,,,,,0.0,
2,13590832,2024-10-21 18:10:00,Московская,"МОСК, ШЧ-33",,"1шт ч(к учету 0,12ч)","1шт ч(к учету 0,23)ч","Жилы, обрыв",CSH,2024,,,0.0,"0,12ч",0.0,
2,13595537,2024-10-25 15:43:00,Московская,"МОСК, ШЧ-5",,,"1шт ч(к учету 0,22)ч","Нарушение контакта в штепсельных розетках, сообщение",CSH,2024,,,,,0.0,
2,13596401,2024-10-26 20:59:00,Московская,"МОСК, ШТЦ МОСК ДИ",,"1шт ч(к учету 0,15ч)","4шт ч(к учету 0,58)ч","Срабатывание, несоответствие номинала",CSH,2024,,,0.0,"0,15ч",0.0,
2,13599460,2024-10-30 06:10:00,Московская,"МОСК, ШЧ-8","2шт ч(к учету 0,93ч)",,"1шт ч(к учету 0,53)ч",Неперевод стрелочного перевода по причине несвоевременной очистке и смазки,CSH,2024,0.0,"0,93ч",,,0.0,
2,13600340,2024-10-30 17:00:00,Московская,"МОСК, ШЧ-6",,,"1шт ч(к учету 0,12)ч",Нарушение изоляции монтажных проводов,CSH,2024,,,,,0.0,
3,13600615,2024-10-31 00:06:00,Московская,"МОСК, ШТЦ МОСК ДИ",,,,"Монтаж, короткое замыкание монтажа",CSH,2024,,,,,,
3,13600858,2024-10-31 06:22:00,Московская,"МОСК, ШЧ-19",,,,Неисправность устройства сопряжения с объектами,CSH,2024,,,,,,
2,13600898,2024-10-31 08:15:00,Московская,"МОСК, ШЧ-10",,"3шт ч(к учету 0,33ч)","62шт ч(к учету 15,85)ч",Сбой АЛС с задержкой поезда,CSH,2024,,,0.0,"0,33ч",15.0,
3,13601438,2024-10-31 15:48:00,Московская,"МОСК, ШЧ-15",,,,Нарушение контакта штепсель/рельс,CSH,2024,,,,,,
3,13605233,2024-10-31 19:50:00,Московская,"МОСК, ШЧ-35",,,,"Срабатывание, несоответствие номинала",CSH,2024,,,,,,
2,13618092,2024-10-31 21:06:00,Московская,"МОСК, ШЧ-24",,,"2шт ч(к учету 0,57)ч",Нарушение изоляции монтажных проводов,CSH,2024,,,,,0.0,
2,13602026,2024-11-01 09:34:00,Московская,"МОСК, ШЧ-33",,"1шт ч(к учету 0,15ч)",,Неисправность,CSH,2024,,,0.0,"0,15ч",,
1,13602753,2024-11-01 21:45:00,Московская,"МОСК, ШТЦ МОСК ДИ","2шт ч(к учету 3,17ч)",,"4шт ч(к учету 3,42)ч","Диоды, короткое замыкание",CSH,2024,3.0,"3,17ч",,,3.0,
3,13602767,2024-11-01 22:44:00,Московская,"МОСК, ШЧ-34",,,,Неисправность ПО объектного контроллера,CSH,2024,,,,,,
2,13604143,2024-11-03 01:28:00,Московская,"МОСК, ШЧ-28",,"1шт ч(к учету 0,25ч)",,"Электродвигатель, постоянного тока (МСП, ДСП), обрыв обмотки статора",CSH,2024,,,0.0,"0,25ч",,
2,13605516,2024-11-04 15:45:00,Московская,"МОСК, ШЧ-28",,"1шт ч(к учету 0,17ч)","2шт ч(к учету 0,23)ч","Резистор, потеря контакта",CSH,2024,,,0.0,"0,17ч",0.0,
3,13607247,2024-11-05 16:12:00,Московская,"МОСК, ШЧ-35",,,,"Не срабатывание (не перегорание), несоответствие номинала",CSH,2024,,,,,,
2,13608862,2024-11-06 09:14:00,Московская,"МОСК, ШЧ-6",,,"1шт ч(к учету 0,37)ч","Контрольные линейки, ослабление крепления",CSH,2024,,,,,0.0,
2,13609000,2024-11-06 13:18:00,Московская,"МОСК, ШЧ-15","1шт ч(к учету 0,25ч)",,"1шт ч(к учету 0,1)ч","Контактная система, потеря контакта",CSH,2024,0.0,"0,25ч",,,0.0,
3,13610525,2024-11-07 10:25:00,Московская,"МОСК, ШТЦ МОСК ДИ",,,,Зависание ПО,CSH,2024,,,,,,
2,13612150,2024-11-08 05:44:00,Московская,"МОСК, ШЧ-5","2шт ч(к учету 0,82ч)",,"2шт ч(к учету 0,68)ч","Резистор, обрыв",CSH,2024,0.0,"0,82ч",,,0.0,
3,13614042,2024-11-09 17:40:00,Московская,"МОСК, ШЧ-10",,,,"Контактная система, увеличенное сопротивление контакта",CSH,2024,,,,,,
2,13614176,2024-11-09 22:53:00,Московская,"МОСК, ШЧ-6","1шт ч(к учету 0,52ч)",,"1шт ч(к учету 0,37)ч","Диод, короткое замыкание",CSH,2024,0.0,"0,52ч",,,0.0,
3,13614734,2024-11-10 11:35:00,Московская,"МОСК, ШЧ-15",,,,Нарушение контакта штепсель/рельс,CSH,2024,,,,,,
3,13616408,2024-11-10 20:45:00,Московская,"МОСК, ШЧ-24",,,,Разрегулировка проводов линий СЦБ,CSH,2024,,,,,,
2,13615064,2024-11-10 23:50:00,Московская,"МОСК, ШЧ-24","1шт ч(к учету 0,3ч)",,,"Реле напряжений, нарушение контакта",CSH,2024,0.0,"0,3ч",,,,
3,13615291,2024-11-11 04:26:00,Московская,"МОСК, ШЧ-14",,,,"Автопереключатель, излом контактных колодок",CSH,2024,,,,,,
3,13616513,2024-11-11 15:40:00,Московская,"МОСК, ШЧ-35",,,,"Контактная система, сваривание контактов",CSH,2024,,,,,,
3,13618649,2024-11-12 11:30:00,Московская,"МОСК, ШЧ-28",,,,Нарушение изоляции монтажных проводов,CSH,2024,,,,,,
2,13618671,2024-11-12 15:02:00,Московская,"МОСК, ШЧ-14",,,"1шт ч(к учету 0,17)ч",Механические повреждения,CSH,2024,,,,,0.0,
3,13619176,2024-11-13 08:15:00,Московская,"МОСК, ШЧ-10",,,,"Стрелочный ОК, CCM/CCM-E, неисправность",CSH,2024,,,,,,
2,13621955,2024-11-15 04:37:00,Московская,"МОСК, ШЧ-28","2шт ч(к учету 1,42ч)","3шт ч(к учету 0,48ч)","3шт ч(к учету 0,52)ч",Излом провода под гайкой,CSH,2024,1.0,"1,42ч",0.0,"0,48ч",0.0,
2,13654003,2024-11-15 11:38:00,Московская,"МОСК, ШЧ-10",,,"2шт ч(к учету 0,35)ч","Обрыв троса, внешнее воздействие",CSH,2024,,,,,0.0,
2,13622811,2024-11-15 15:32:00,Московская,"МОСК, ШЧ-33",,,"1шт ч(к учету 0,12)ч",Сбой АЛС с задержкой поезда,CSH,2024,,,,,0.0,
2,13623015,2024-11-16 02:37:00,Московская,"МОСК, ШЧ-28",,"1шт ч(к учету 0,6ч)","2шт ч(к учету 0,35)ч",Отключение внешнего электроснабжения,CSH,2024,,,0.0,"0,6ч",0.0,
3,13623237,2024-11-16 11:24:00,Московская,"МОСК, ШЧ-24",,,,Разрегулировка проводов линий СЦБ,CSH,2024,,,,,,
2,13624218,2024-11-18 01:45:00,Московская,"МОСК, ШЧ-17",,"1шт ч(к учету 0,1ч)",,"Жилы, внутренний обрыв",CSH,2024,,,0.0,"0,1ч",,
1,13624346,2024-11-18 04:25:00,Московская,"МОСК, ШЧ-24","3шт ч(к учету 2,07ч)",,,"Реле напряжений, нарушение контакта",CSH,2024,2.0,"2,07ч",,,,
3,13624929,2024-11-18 13:23:00,Московская,"МОСК, ШЧ-28",,,,Асимметрия тягового тока,CSH,2024,,,,,,
3,13629598,2024-11-18 22:00:00,Московская,"МОСК, ШЧ-10",,,,Сбой АЛС с задержкой поезда,CSH,2024,,,,,,
1,13626220,2024-11-19 17:26:00,Московская,"МОСК, ШЧ-15","7шт ч(к учету 4,93ч)",,"9шт (к учету 6) ч(к учету 1,95)ч","Обмотка, короткое замыкание",CSH,2024,4.0,"4,93ч",,,6.0,
3,13627228,2024-11-19 20:43:00,Московская,"МОСК, ШЧ-31",,,,Асимметрия тягового тока,CSH,2024,,,,,,
3,13628260,2024-11-20 12:31:00,Московская,"МОСК, ШЧ-14",,,,Неисправность,CSH,2024,,,,,,
3,13628575,2024-11-21 05:18:00,Московская,"МОСК, ШЧ-33",,,,Занос песком,CSH,2024,,,,,,
3,13627748,2024-11-21 05:44:00,Московская,"МОСК, ШЧ-26",,,,"Диоды, короткое замыкание",CSH,2024,,,,,,
3,13628579,2024-11-21 13:48:00,Московская,"МОСК, ШЧ-33",,,,Занос песком,CSH,2024,,,,,,
3,13629484,2024-11-21 14:08:00,Московская,"МОСК, ИЧ МОСКВА Ш",,,,"Загрязнение, ржавчина на поверхности катания",CSH,2024,,,,,,
3,13628481,2024-11-21 15:00:00,Московская,"МОСК, ШЧ-5",,,,Занос песком,CSH,2024,,,,,,
3,13628483,2024-11-21 15:00:00,Московская,"МОСК, ШЧ-5",,,,Занос песком,CSH,2024,,,,,,
2,13628846,2024-11-22 01:39:00,Московская,"МОСК, ШЧ-34","1шт ч(к учету 0,85ч)",,,"Автопереключатель, разрегулировка контактов",CSH,2024,0.0,"0,85ч",,,,
3,13629336,2024-11-22 11:26:00,Московская,"МОСК, ШЧ-31",,,,Неисправность,CSH,2024,,,,,,
3,13629611,2024-11-22 16:40:00,Московская,"МОСК, ШЧ-10",,,,Зависание ПО,CSH,2024,,,,,,
3,13629623,2024-11-22 16:50:00,Московская,"МОСК, ШЧ-10",,,,Зависание ПО,CSH,2024,,,,,,
2,13646119,2024-11-25 08:59:00,Московская,"МОСК, ШЧ-24","3шт ч(к учету 1,13ч)",,"2шт ч(к учету 0,83)ч","Контактная система, подгар контактов",CSH,2024,1.0,"1,13ч",,,0.0,
2,13631674,2024-11-25 11:45:00,Московская,"МОСК, ШЧ-19","1шт ч(к учету 0,43ч)",,,Обрыв жил контрольного кабеля линий СЦБ,CSH,2024,0.0,"0,43ч",,,,
2,13632247,2024-11-26 00:35:00,Московская,"МОСК, ШЧ-15","1шт ч(к учету 0,78ч)",,"4шт (к учету 3) ч(к учету 2,52)ч",Ослабление крепления основания датчика,CSH,2024,0.0,"0,78ч",,,3.0,
2,13632373,2024-11-26 04:58:00,Московская,"МОСК, ШЧ-6",,"3шт ч(к учету 0,62ч)","1шт ч(к учету 0,2)ч","Светодиоды, неисправность",CSH,2024,,,0.0,"0,62ч",0.0,
3,13633401,2024-11-27 00:53:00,Московская,"МОСК, ШЧ-21",,,,"Автопереключатель, излом пружин автопереключателя",CSH,2024,,,,,,
3,13635157,2024-11-27 22:38:00,Московская,"МОСК, ШЧ-21",,,,Сбой АЛС с задержкой поезда,CSH,2024,,,,,,
2,13634624,2024-11-28 03:30:00,Московская,"МОСК, ИЧ-4 ФАЯНСОВСКАЯ Ш",,,"2шт ч(к учету 0,27)ч","Жилы, сообщение",CSH,2024,,,,,0.0,
3,13635265,2024-11-28 05:23:00,Московская,"МОСК, ИЧ МОСКВА Ш",,,,"Загрязнение, ржавчина на поверхности катания",CSH,2024,,,,,,
3,13635562,2024-11-28 20:05:00,Московская,"МОСК, ШЧ-35",,,,"Обрыв, коррозия металла",CSH,2024,,,,,,
2,13646090,2024-11-29 02:02:00,Московская,"МОСК, ШЧ-5",,,"1шт ч(к учету 0,47)ч",Нарушение контакта,CSH,2024,,,,,0.0,
3,13636057,2024-11-29 10:05:00,Московская,"МОСК, ШЧ-4",,,,"Нарушение контакта в штепсельных розетках, сообщение",CSH,2024,,,,,,
2,13636603,2024-11-29 15:44:00,Московская,"МОСК, ШЧ-14",,,"3шт ч(к учету 0,4)ч","Светодиоды, неисправность",CSH,2024,,,,,0.0,
3,13638366,2024-11-30 18:50:00,Московская,"МОСК, ШЧ-17",,,,"Нарушение контакта в разъемах блоков, неисправность контактных губок",CSH,2024,,,,,,
2,13670028,2024-12-02 01:13:00,Московская,"МОСК, ШЧ-17",,"1шт ч(к учету 0,17ч)",,"Обрыв, некачественная приварка к рельсу",CSH,2024,,,0.0,"0,17ч",,
1,13638066,2024-12-02 05:15:00,Московская,"МОСК, ШЧ-4","4шт ч(к учету 7,05ч)",,"22шт ч(к учету 2,88)ч",Нарушение регулировки,CSH,2024,7.0,"7,05ч",,,2.0,
2,13639410,2024-12-03 03:05:00,Московская,"МОСК, ШЧ-10","8шт ч(к учету 5,1ч)",,"2шт ч(к учету 1,3)ч",Неисправность устройств электроснабжения,CSH,2024,5.0,"5,1ч",,,1.0,
2,13639429,2024-12-03 05:21:00,Московская,"МОСК, ШЧ-28",,,"1шт ч(к учету 0,1)ч","Электродвигатель, ЭМСУ, неисправность контроллера управления двигателем",CSH,2024,,,,,0.0,
2,13640918,2024-12-03 17:45:00,Московская,"МОСК, ШЧ-4",,,"1шт ч(к учету 0,23)ч","Нарушение контакта в штепсельных розетках, сообщение",CSH,2024,,,,,0.0,
3,13642952,2024-12-04 18:15:00,Московская,"МОСК, ШЧ-28",,,,"Обмотка, обрыв обмотки",CSH,2024,,,,,,
2,13647001,2024-12-07 19:14:00,Московская,"МОСК, ШЧ-10",,"1шт ч(к учету 0,23ч)",,Сбой АЛС с задержкой поезда,CSH,2024,,,0.0,"0,23ч",,
2,13647019,2024-12-07 20:44:00,Московская,"МОСК, ШЧ-8","1шт ч(к учету 0,17ч)","2шт ч(к учету 0,32ч)","3шт ч(к учету 0,47)ч",Обрыв проводов линий СЦБ,CSH,2024,0.0,"0,17ч",0.0,"0,32ч",0.0,
2,13647119,2024-12-08 02:40:00,Московская,"МОСК, ШЧ-34","4шт ч(к учету 2,02ч)",,,"Жилы, сообщение",CSH,2024,2.0,"2,02ч",,,,
2,13647712,2024-12-09 02:27:00,Московская,"МОСК, ШЧ-14",,"1шт ч(к учету 0,18ч)",,"Конденсатор, короткое замыкание",CSH,2024,,,0.0,"0,18ч",,
3,13650693,2024-12-10 14:18:00,Московская,"МОСК, ШЧ-33",,,,"Шибер, заклинивание",CSH,2024,,,,,,
3,13650826,2024-12-10 23:20:00,Московская,"МОСК, ШЧ-10",,,,Нарушение изоляции,CSH,2024,,,,,,
2,13654254,2024-12-12 20:45:00,Московская,"МОСК, ШЧ-21",,,"1шт ч(к учету 0,7)ч",Неисправность ПО АРМ,CSH,2024,,,,,0.0,
3,13654293,2024-12-12 22:44:00,Московская,"МОСК, ШЧ-35",,,,Нарушение изоляции монтажных проводов,CSH,2024,,,,,,
2,13660122,2024-12-12 23:35:00,Московская,"МОСК, ШТЦ МОСК ДИ",,,"1шт ч(к учету 0,57)ч","Электродвигатель, прочие типы, неисправность",CSH,2024,,,,,0.0,
3,13654604,2024-12-13 07:00:00,Московская,"МОСК, ШЧ-26",,,,Разрегулировка проводов линий СЦБ,CSH,2024,,,,,,
2,13655862,2024-12-13 19:16:00,Московская,"МОСК, ШЧ-34",,,"1шт ч(к учету 0,15)ч",Прожег изоляции,CSH,2024,,,,,0.0,
3,13655931,2024-12-13 21:34:00,Московская,"МОСК, ШЧ-26",,,,Механическое разрушение трансформатора тока линий СЦБ,CSH,2024,,,,,,
3,13656341,2024-12-14 16:15:00,Московская,"МОСК, ШЧ-28",,,,"Срабатывание, коммутационные перенапряжения",CSH,2024,,,,,,
3,13656366,2024-12-14 17:37:00,Московская,"МОСК, ШЧ-15",,,,Асимметрия тягового тока,CSH,2024,,,,,,
2,13656819,2024-12-15 10:11:00,Московская,"МОСК, ШЧ-24",,"1шт ч(к учету 0,33ч)","3шт ч(к учету 0,58)ч",Нарушение контакта наконечник/вывод ДТ,CSH,2024,,,0.0,"0,33ч",0.0,
2,13657089,2024-12-15 19:50:00,Московская,"МОСК, ШЧ-5",,,"2шт ч(к учету 0,3)ч",Механические повреждения,CSH,2024,,,,,0.0,
3,13657221,2024-12-16 01:30:00,Московская,"МОСК, ШЧ-5",,,,"Электродвигатель, ЭМСУ, неисправность контроллера управления двигателем",CSH,2024,,,,,,
2,13657493,2024-12-16 09:41:00,Московская,"МОСК, ШЧ-26",,,"1шт ч(к учету 0,15)ч",Обрыв проводов линий СЦБ,CSH,2024,,,,,0.0,
3,13657949,2024-12-16 21:41:00,Московская,"МОСК, ШЧ-28","1шт ч(к учету 0,13ч)",,,Нарушение изоляции монтажных проводов,CSH,2024,0.0,"0,13ч",,,,
3,13657975,2024-12-16 22:55:00,Московская,"МОСК, ШЧ-19",,,,Обрыв жил контрольного кабеля линий СЦБ,CSH,2024,,,,,,
2,13658157,2024-12-17 02:00:00,Московская,"МОСК, ШЧ-10",,,"1шт ч(к учету 0,32)ч","Нарушение контакта в штепсельных розетках, замятие контакта",CSH,2024,,,,,0.0,
2,13658651,2024-12-17 09:04:00,Московская,"МОСК, ШЧ-4","2шт ч(к учету 0,83ч)","2шт ч(к учету 0,38ч)","7шт ч(к учету 1,55)ч","Нарушение контакта в штепсельных розетках, сообщение",CSH,2024,0.0,"0,83ч",0.0,"0,38ч",1.0,
2,13658779,2024-12-17 11:43:00,Московская,"МОСК, ШЧ-34",,,"1шт ч(к учету 0,23)ч",Излом наконечника,CSH,2024,,,,,0.0,
2,13659222,2024-12-17 19:16:00,Московская,"МОСК, ШЧ-17","3шт ч(к учету 0,88ч)",,"1шт ч(к учету 0,1)ч","Срабатывание, короткое замыкание в цепи",CSH,2024,0.0,"0,88ч",,,0.0,
2,13659230,2024-12-17 19:30:00,Московская,"МОСК, ШЧ-24",,,"4шт ч(к учету 1,08)ч","Автопереключатель, разрегулировка контактов",CSH,2024,,,,,1.0,
2,13664870,2024-12-17 19:40:00,Московская,"МОСК, ШЧ-31",,,"1шт ч(к учету 0,5)ч","Нарушение контакта в штепсельных розетках, сообщение",CSH,2024,,,,,0.0,
3,13660387,2024-12-18 13:08:00,Московская,"МОСК, ШЧ-8",,,,Обрыв проводов линий СЦБ,CSH,2024,,,,,,
2,13660222,2024-12-18 13:44:00,Московская,"МОСК, ШЧ-19","1шт ч(к учету 0,38ч)",,"2шт ч(к учету 0,92)ч",Сбой АЛС с задержкой поезда,CSH,2024,0.0,"0,38ч",,,0.0,
2,13661053,2024-12-19 06:55:00,Московская,"МОСК, ШЧ-10",,,"10шт ч(к учету 1,38)ч",Сбой АЛС с задержкой поезда,CSH,2024,,,,,1.0,
2,13661703,2024-12-19 14:11:00,Московская,"МОСК, ШТЦ МОСК ДИ","4шт ч(к учету 2,05ч)",,"1шт ч(к учету 0,17)ч","Контактная система, сваривание контактов",CSH,2024,2.0,"2,05ч",,,0.0,
2,13661981,2024-12-19 23:48:00,Московская,"МОСК, ШЧ-21",,"2шт ч(к учету 0,92ч)",,Неисправность блока контроля напряжения,CSH,2024,,,0.0,"0,92ч",,
1,13662497,2024-12-20 10:20:00,Московская,"МОСК, ШЧ-6","14шт ч(к учету 8,8ч)",,"4шт ч(к учету 0,52)ч","Муфты подземные, некачественная пайка",CSH,2024,8.0,"8,8ч",,,0.0,
2,13663057,2024-12-20 22:04:00,Московская,"МОСК, ШЧ-34","1шт ч(к учету 0,37ч)",,,Неисправность устройств электроснабжения,CSH,2024,0.0,"0,37ч",,,,
2,13663132,2024-12-21 01:24:00,Московская,"МОСК, ШЧ-34",,,"1шт ч(к учету 0,22)ч","Лампы, перегорание основной нити",CSH,2024,,,,,0.0,
2,13664183,2024-12-22 16:10:00,Московская,"МОСК, ШЧ-31","1шт ч(к учету 0,45ч)",,,"Жилы, обрыв",CSH,2024,0.0,"0,45ч",,,,
2,13664335,2024-12-22 23:19:00,Московская,"МОСК, ШЧ-15",,,"1шт ч(к учету 0,1)ч","Автопереключатель, излом контактной рессорной пружины",CSH,2024,,,,,0.0,
3,13665479,2024-12-23 16:56:00,Московская,"МОСК, ШЧ-8",,,,Обрыв жил контрольного кабеля линий СЦБ,CSH,2024,,,,,,
3,13666548,2024-12-24 11:50:00,Московская,"МОСК, ШЧ-19",,,,Короткое замыкание в кабеле линий СЦБ напряжением до 1000 В,CSH,2024,,,,,,
3,13667050,2024-12-24 15:05:00,Московская,"МОСК, ШЧ-35",,,,Нарушение изоляции монтажных проводов,CSH,2024,,,,,,
2,13667667,2024-12-25 05:15:00,Московская,"МОСК, ШЧ-15",,"4шт ч(к учету 0,97ч)","30шт ч(к учету 7,18)ч",Необеспечение электропитания подзаряда,CSH,2024,,,0.0,"0,97ч",7.0,
2,13669943,2024-12-26 12:10:00,Московская,"МОСК, ШЧ-15",,"1шт ч(к учету 0,27ч)","1шт ч(к учету 0,32)ч","Монтаж, короткое замыкание",CSH,2024,,,0.0,"0,27ч",0.0,
2,13670242,2024-12-26 17:34:00,Московская,"МОСК, ШЧ-4",,,"3шт ч(к учету 0,52)ч","Жилы, внутренний обрыв",CSH,2024,,,,,0.0,
2,13670420,2024-12-27 02:00:00,Московская,"МОСК, ШЧ-14",,"1шт ч(к учету 0,12ч)",,"Кнопки, механическое заедание кнопки",CSH,2024,,,0.0,"0,12ч",,
2,13671224,2024-12-27 11:20:00,Московская,"МОСК, ШЧ-28",,"2шт ч(к учету 0,17ч)",,"Нарушение контакта в съемных платах, неисправность контактных губок",CSH,2024,,,0.0,"0,17ч",,
1,13671641,2024-12-28 01:31:00,Московская,"МОСК, ШЧ-15","1шт ч(к учету 1,47ч)",,"6шт ч(к учету 1,13)ч","Жилы, обрыв",CSH,2024,1.0,"1,47ч",,,1.0,
3,13672542,2024-12-28 21:16:00,Московская,"МОСК, ИЧ-2 ЛЬГОВСКАЯ Ш",,,,"Нарушение контакта в штепсельных розетках, неисправность контактных губок",CSH,2024,,,,,,
2,13672620,2024-12-29 00:40:00,Московская,"МОСК, ШЧ-17","2шт ч(к учету 0,43ч)",,,"Трансформаторы, понижение сопротивления изоляции",CSH,2024,0.0,"0,43ч",,,,
2,13672784,2024-12-29 05:41:00,Московская,"МОСК, ШЧ-28",,,"1шт ч(к учету 0,53)ч","Трансформатор, обрыв обмотки",CSH,2024,,,,,0.0,
2,13673161,2024-12-29 18:45:00,Московская,"МОСК, ШЧ-34",,"1шт ч(к учету 0,28ч)",,Обрыв жил контрольного кабеля линий СЦБ,CSH,2024,,,0.0,"0,28ч",,
2,13673232,2024-12-29 21:40:00,Московская,"МОСК, ШТЦ МОСК ДИ",,,"9шт ч(к учету 2,2)ч","Конденсатор, снижение емкости",CSH,2024,,,,,2.0,
3,13673451,2024-12-30 06:55:00,Московская,"МОСК, ШЧ-28",,,,Неисправность устройств электроснабжения,CSH,2024,,,,,,
3,13674016,2024-12-31 01:40:00,Московская,"МОСК, ШЧ-33",,,,Закорачивание РЦ посторонними предметами,CSH,2024,,,,,,
3,13674228,2024-12-31 10:45:00,Московская,"МОСК, ИЧ МОСКВА Ш",,,,"Контактная система, увеличенное сопротивление",CSH,2024,,,,,,
3,13684042,2024-12-31 11:06:00,Московская,"МОСК, ШЧ-6","1шт ч(к учету 0,05ч)",,,Деформация,CSH,2024,0.0,"0,05ч",,,,
3,13166145,2024-01-04 21:33:00,Московская,"МОСК, ТЧЭ-5",,,,Прочая неисправность тифона,CT,2024,,,,,,
3,13167834,2024-01-08 05:10:00,Московская,"МОСК, ТЧЭ-36",,,,"Низкое сопротивление изоляции провода, кабеля низковольтных цепей и цепей управления",CT,2024,,,,,,
3,13168530,2024-01-09 00:00:00,Московская,"МОСК, ТЧЭ-36",,,,"Пробой изоляции провода, кабеля низковольтных цепей и цепей управления на корпус",CT,2024,,,,,,
3,13176853,2024-01-12 06:34:00,Московская,"ОКТ, ТЧЭ-1",,,,Нарушение регулировки подачи песка,CT,2024,,,,,,
3,13187667,2024-01-20 12:50:00,Московская,"МОСК, ТЧЭ-6",,,,Прочая неисправность пневматического привода клапана продувки,CT,2024,,,,,,
3,13191089,2024-01-23 08:31:00,Московская,"МОСК, ТЧЭ-36",,,,"Низкое сопротивление изоляции провода, кабеля низковольтных цепей и цепей управления",CT,2024,,,,,,
3,13199144,2024-01-30 11:45:00,Московская,"МОСК, ТЧЭ-36",,,,"Низкое сопротивление изоляции провода, кабеля низковольтных цепей и цепей управления",CT,2024,,,,,,
3,13212604,2024-02-07 05:25:00,Московская,"ОКТ, ТЧЭ-1",,,,"Излом крепления песочной трубы, ослабление крепления песочной трубы",CT,2024,,,,,,
3,13210058,2024-02-07 08:00:00,Московская,"МОСК, ТЧЭ-36",,,,Оплавление контактов контактной системы автоматического выключателя,CT,2024,,,,,,
3,13219842,2024-02-13 02:44:00,Московская,"МОСК, ТЧЭ-6",,,,Прочая неисправность рамы токоприемника,CT,2024,,,,,,
3,13221611,2024-02-14 07:04:00,Московская,"МОСК, ТЧЭ-46",,,,Прочая неисправность манжеты клапана песочницы,CT,2024,,,,,,
3,13224613,2024-02-15 20:01:00,Московская,"МОСК, ТЧЭ-36",,,,"Низкое сопротивление изоляции провода, кабеля низковольтных цепей и цепей управления",CT,2024,,,,,,
3,13224837,2024-02-16 02:52:00,Московская,"МОСК, ТЧЭ-5",,,,Износ полоза токоприемника,CT,2024,,,,,,
3,13225275,2024-02-16 09:00:00,Московская,"МОСК, ТЧЭ-36",,,,"Низкое сопротивление изоляции провода, кабеля низковольтных цепей и цепей управления",CT,2024,,,,,,
1,13231710,2024-02-20 21:16:00,Московская,"ОКТ, ТЧЭ-1",,"1шт ч(к учету 1,48ч)","1шт ч(к учету 0,1)ч",Износ контактов контактной системы автоматического выключателя,CT,2024,,,1.0,"1,48ч",0.0,
2,13231109,2024-02-21 09:00:00,Московская,"МОСК, ТЧЭ-36","3шт ч(к учету 1,07ч)",,,"Низкое сопротивление изоляции провода, кабеля низковольтных цепей и цепей управления",CT,2024,1.0,"1,07ч",,,,
2,13232169,2024-02-21 23:18:00,Московская,"МОСК, ТЧЭ-5","2шт ч(к учету 1,48ч)",,,Прочая неисправность диафрагмы реле давления,CT,2024,1.0,"1,48ч",,,,
3,13240230,2024-02-28 05:50:00,Московская,"ОКТ, ТЧЭ-1",,,,"Излом крепления песочной трубы, ослабление крепления песочной трубы",CT,2024,,,,,,
3,13250571,2024-03-06 20:00:00,Московская,"МОСК, ТЧЭ-46",,,,Прочая неисправность пружины тумблера,CT,2024,,,,,,
3,13250699,2024-03-06 23:24:00,Московская,"МОСК, ТЧЭ-36",,,,"Низкое сопротивление изоляции провода, кабеля низковольтных цепей и цепей управления",CT,2024,,,,,,
3,13256201,2024-03-11 09:36:00,Московская,"МОСК, ТЧЭ-36",,,,"Низкое сопротивление изоляции провода, кабеля низковольтных цепей и цепей управления",CT,2024,,,,,,
3,13264690,2024-03-17 14:37:00,Московская,"МОСК, ТЧЭ-5",,,,"Кассета СН-БЛОК, прочее",CT,2024,,,,,,
3,13272862,2024-03-24 12:36:00,Московская,"МОСК, ТЧЭ-2",,,,Прочая неисправность электромагнитного вентиля электроблокировочного клапана,CT,2024,,,,,,
3,13281045,2024-03-30 21:09:00,Московская,"МОСК, ТЧЭ-36",,,,"Низкое сопротивление изоляции провода, кабеля низковольтных цепей и цепей управления",CT,2024,,,,,,
3,13327407,2024-04-25 03:29:00,Московская,"МОСК, ТЧЭ-2",,,,Прочая неисправность кожаной прокладки обратного клапана,CT,2024,,,,,,
3,13334160,2024-04-29 10:41:00,Московская,"МОСК, ТЧЭ-36",,,,"Низкое сопротивление изоляции провода, кабеля низковольтных цепей и цепей управления",CT,2024,,,,,,
2,13335006,2024-04-30 10:36:00,Московская,"МОСК, ТЧЭ-5","3шт ч(к учету 0,7ч)",,"1шт ч(к учету 0,13)ч",Загрязнение поверхности коллектора тягового двигателя постоянного тока,CT,2024,0.0,"0,7ч",,,0.0,
3,13359445,2024-05-14 03:40:00,Московская,"ОКТ, ТЧЭ-1",,,,Прочая неисправность колесного центра колесной пары локомотива,CT,2024,,,,,,
3,13363144,2024-05-17 06:20:00,Московская,"МОСК, ТЧЭ-46",,,,Прочая неисправность трубопроводов системы подачи топлива,CT,2024,,,,,,
2,13366130,2024-05-19 09:01:00,Московская,"МОСК, ТЧЭ-5","1шт ч(к учету 0,27ч)",,"1шт ч(к учету 0,3)ч",Прочая неисправность пневматического привода токоприемника,CT,2024,0.0,"0,27ч",,,0.0,
3,13368681,2024-05-20 17:20:00,Московская,"ОКТ, ТЧЭ-1",,,,Неисправность реле,CT,2024,,,,,,
3,13370567,2024-05-22 11:40:00,Московская,"МОСК, ТЧЭ-46",,,,Прочая неисправность привода жалюзи секции холодильника,CT,2024,,,,,,
3,13374821,2024-05-25 08:40:00,Московская,"МОСК, ТЧЭ-46",,,,Прочая неисправность разгрузочного устройства поездного компрессора,CT,2024,,,,,,
3,13376977,2024-05-27 13:10:00,Московская,"МОСК, ТЧЭ-5",,,,"Сдвиг, проворот бандажа колесной пары локомотива",CT,2024,,,,,,
3,13377468,2024-05-27 17:31:00,Московская,"МОСК, ТЧЭ-36",,,,"Низкое сопротивление изоляции провода, кабеля низковольтных цепей и цепей управления",CT,2024,,,,,,
3,13379420,2024-05-29 08:49:00,Московская,"МОСК, ТЧЭ-36",,,,"Низкое сопротивление изоляции провода, кабеля низковольтных цепей и цепей управления",CT,2024,,,,,,
3,13380411,2024-05-29 17:10:00,Московская,"МОСК, ТЧЭ-36",,,,"Низкое сопротивление изоляции провода, кабеля низковольтных цепей и цепей управления",CT,2024,,,,,,
3,13386059,2024-05-31 03:35:00,Московская,"МОСК, ТЧЭ-5",,,,Разъединение стрелочных остряков с тягами,CT,2024,,,,,,
3,13396340,2024-06-07 22:38:00,Московская,"МОСК, ТЧЭ-5",,,,Прочая неисправность ножа переключателя режимов,CT,2024,,,,,,
3,13399856,2024-06-10 18:50:00,Московская,"МОСК, ТЧЭ-36",,,,"Прочая неисправность провода, кабеля низковольтных цепей и цепей управления",CT,2024,,,,,,
3,13401868,2024-06-11 16:00:00,Московская,"МОСК, ТЧЭ-36",,,,"Прочая неисправность провода, кабеля низковольтных цепей и цепей управления",CT,2024,,,,,,
2,13402082,2024-06-12 01:31:00,Московская,"МОСК, ТЧЭ-5",,,"1шт ч(к учету 0,12)ч",Прочая неисправность пружины концевого крана,CT,2024,,,,,0.0,
2,13404833,2024-06-14 00:40:00,Московская,"МОСК, ТЧЭ-27",,"2шт ч(к учету 1,22ч)","2шт ч(к учету 0,25)ч","Прочая неисправность проводов, кабелей силовых цепей",CT,2024,,,1.0,"1,22ч",0.0,
2,13407129,2024-06-15 15:53:00,Московская,"МОСК, ТЧЭ-6",,,"1шт ч(к учету 0,72)ч",Пережог контактного медного провода,CT,2024,,,,,0.0,
3,13411012,2024-06-19 00:11:00,Московская,"МОСК, ТЧЭ-2",,,,Прочая неисправность колеса вентилятора охлаждения тягового двигателя,CT,2024,,,,,,
3,13418201,2024-06-24 16:05:00,Московская,"МОСК, ТЧЭ-2",,,,Прочая неисправность сальника поездного компрессора,CT,2024,,,,,,
3,13431885,2024-07-03 20:25:00,Московская,"МОСК, ТЧЭ-36",,,,"Прочая неисправность провода, кабеля низковольтных цепей и цепей управления",CT,2024,,,,,,
1,13432779,2024-07-03 23:31:00,Московская,"ОКТ, ТЧЭ-1",,"3шт (к учету 2) ч(к учету 3,48ч)","1шт ч(к учету 0,15)ч",Нарушение герметичности пневматического привода токоприемника,CT,2024,,,2.0,"3,48ч",0.0,
3,13436185,2024-07-05 21:55:00,Московская,"МОСК, ТЧЭ-36",,,,"Низкое сопротивление изоляции провода, кабеля низковольтных цепей и цепей управления",CT,2024,,,,,,
3,13437493,2024-07-07 02:41:00,Московская,"МОСК, ТЧЭ-5",,,,"Кассета СН-БЛОК, прочее",CT,2024,,,,,,
3,13441334,2024-07-09 10:35:00,Московская,"МОСК, ТЧЭ-36",,,,"Пробой изоляции провода, кабеля низковольтных цепей и цепей управления на корпус",CT,2024,,,,,,
3,13441340,2024-07-09 10:35:00,Московская,"МОСК, ТЧЭ-36",,,,"Пробой изоляции провода, кабеля низковольтных цепей и цепей управления на корпус",CT,2024,,,,,,
3,13456233,2024-07-19 01:55:00,Московская,"МОСК, ТЧЭ-36",,,,"Низкое сопротивление изоляции провода, кабеля низковольтных цепей и цепей управления",CT,2024,,,,,,
3,13457637,2024-07-20 08:00:00,Московская,"МОСК, ТЧЭ-36",,,,"Низкое сопротивление изоляции провода, кабеля низковольтных цепей и цепей управления",CT,2024,,,,,,
1,13474646,2024-08-03 04:42:00,Московская,"МОСК, ТЧЭ-5","2шт ч(к учету 3,57ч)",,"1шт ч(к учету 0,43)ч","Код 14.1 Пробоксовки в виде местного износа и выкрашивания металла в местах термомеханических повреждений головки рельса из-за боксования, юза колес подвижного состава или нарушения режимов шлифования рельсошлифовальными поездами",CT,2024,3.0,"3,57ч",,,0.0,
3,13477875,2024-08-05 17:20:00,Московская,"МОСК, ТЧЭ-36",,,,"Низкое сопротивление изоляции провода, кабеля низковольтных цепей и цепей управления",CT,2024,,,,,,
3,13483567,2024-08-08 10:20:00,Московская,"МОСК, ТЧЭ-36",,,,"Низкое сопротивление изоляции провода, кабеля низковольтных цепей и цепей управления",CT,2024,,,,,,
3,13484823,2024-08-08 17:16:00,Московская,"МОСК, ТЧЭ-2",,,,Прочая неисправность манжеты клапана песочницы,CT,2024,,,,,,
3,13487027,2024-08-10 09:41:00,Московская,"МОСК, ТЧЭ-36",,,,"Низкое сопротивление изоляции провода, кабеля низковольтных цепей и цепей управления",CT,2024,,,,,,
1,13489310,2024-08-11 20:00:00,Московская,"Ю-ВОСТ, ТЧЭ-14","4шт (к учету 3) ч(к учету 11,23ч)","15шт (к учету 9) ч(к учету 6,13ч)","5шт (к учету 4) ч(к учету 3,05)ч",Межвитковое замыкание обмотки главного полюса тягового двигателя постоянного тока,CT,2024,3.0,"11,23ч",9.0,"6,13ч",4.0,
3,13488350,2024-08-11 22:25:00,Московская,"МОСК, ТЧЭ-36",,,,"Низкое сопротивление изоляции провода, кабеля низковольтных цепей и цепей управления",CT,2024,,,,,,
2,13497283,2024-08-18 03:09:00,Московская,"МОСК, ТЧЭ-36",,"1шт ч(к учету 0,22ч)",,"Низкое сопротивление изоляции провода, кабеля низковольтных цепей и цепей управления",CT,2024,,,0.0,"0,22ч",,
2,13499595,2024-08-20 03:20:00,Московская,"ОКТ, ТЧЭ-1",,"4шт ч(к учету 1,08ч)","4шт ч(к учету 0,5)ч",Прочая неисправность подшипникового щита тягового двигателя постоянного тока,CT,2024,,,1.0,"1,08ч",0.0,
3,13500557,2024-08-20 22:47:00,Московская,"МОСК, ТЧЭ-2",,,,Прочая неисправность шпильки крана машиниста,CT,2024,,,,,,
3,13510972,2024-08-26 02:55:00,Московская,"МОСК, ТЧЭ-36",,,,"Низкое сопротивление изоляции провода, кабеля низковольтных цепей и цепей управления",CT,2024,,,,,,
1,13510391,2024-08-29 04:07:00,Московская,"Ю-ВОСТ, ТЧЭ-12","1шт ч(к учету 1,42ч)","6шт (к учету 5) ч(к учету 2,25ч)",,Неисправность автосцепного оборудования локомотива,CT,2024,1.0,"1,42ч",5.0,"2,25ч",,
3,13513763,2024-09-01 20:55:00,Московская,"МОСК, ТЧЭ-36",,,,Неисправность УСТА,CT,2024,,,,,,
2,13578430,2024-09-06 09:25:00,Московская,"МОСК, ТЧЭ-18",,"1шт ч(к учету 0,12ч)",,Прочая неисправность редуктора крана машиниста,CT,2024,,,0.0,"0,12ч",,
3,13524343,2024-09-07 02:15:00,Московская,"МОСК, ТЧЭ-36",,,,Износ хвостовика нижнего поршня пневматического реле авторежима,CT,2024,,,,,,
3,13528847,2024-09-10 08:00:00,Московская,"МОСК, ТЧЭ-36",,,,"Прочая неисправность провода, кабеля низковольтных цепей и цепей управления",CT,2024,,,,,,
3,13537322,2024-09-14 07:28:00,Московская,"МОСК, ТЧЭ-36",,,,Неисправность модуля микроконтроллера,CT,2024,,,,,,
3,13537420,2024-09-14 10:00:00,Московская,"МОСК, ТЧЭ-2",,,,"Трещина, излом корпуса (кожуха) зубчатой передачи",CT,2024,,,,,,
3,13545464,2024-09-20 03:20:00,Московская,"МОСК, ТЧЭ-36",,,,Прочая неисправность пружины тумблера,CT,2024,,,,,,
3,13558117,2024-09-27 06:41:00,Московская,"МОСК, ТЧЭ-5",,,,Неперевод стрелочного перевода по причине попадания постороннего предмета,CT,2024,,,,,,
3,13555082,2024-09-27 13:30:00,Московская,"МОСК, ТЧЭ-46",,,,Износ зубьев конической шестерни,CT,2024,,,,,,
3,13556989,2024-09-29 14:28:00,Московская,"МОСК, ТЧЭ-5",,,,Прочая неисправность прокладки переключательного клапана,CT,2024,,,,,,
3,13563114,2024-10-03 06:15:00,Московская,"МОСК, ТЧЭ-36",,,,Прочая неисправность корпуса быстродействующего выключателя,CT,2024,,,,,,
3,13582200,2024-10-12 15:00:00,Московская,"МОСК, ТЧЭ-36",,,,"Прочая неисправность проводов, кабелей силовых цепей",CT,2024,,,,,,
2,13584276,2024-10-16 05:00:00,Московская,"МОСК, ТЧЭ-5","4шт ч(к учету 1,43ч)",,"2шт ч(к учету 0,28)ч",Прочая неисправность крышки пневматической блокировки,CT,2024,1.0,"1,43ч",,,0.0,
3,13584672,2024-10-16 10:00:00,Московская,"МОСК, ТЧЭ-46",,,,Прочая неисправность вентиля системы циркуляции воды,CT,2024,,,,,,
3,13602391,2024-11-01 13:35:00,Московская,"МОСК, ТЧЭ-18",,,,Запесочивание головок рельса,CT,2024,,,,,,
3,13653788,2024-11-04 18:43:00,Московская,"МОСК, ТЧЭ-6",,"1шт ч(к учету 0,08ч)",,Сбой ПО,CT,2024,,,0.0,"0,08ч",,
3,13609477,2024-11-06 18:00:00,Московская,"МОСК, ТЧЭ-2",,,,Неисправность счетчика электрической энергии переменного тока,CT,2024,,,,,,
3,13610809,2024-11-07 10:59:00,Московская,"МОСК, ТЧЭ-2",,,,Прочая неисправность воздухопровода тормозной магистрали,CT,2024,,,,,,
3,13622805,2024-11-15 17:30:00,Московская,"МОСК, ТЧЭ-46",,,,Прочая неисправность бандажа колесной пары локомотива,CT,2024,,,,,,
3,13625188,2024-11-18 18:16:00,Московская,"МОСК, ТЧЭ-2",,,,"Прочая неисправность проводов, кабелей силовых цепей",CT,2024,,,,,,
3,13631985,2024-11-22 01:30:00,Московская,"КБШ, ТЧЭ-5",,,,Прочая неисправность корпуса автосцепки локомотива,CT,2024,,,,,,
3,13633400,2024-11-26 20:00:00,Московская,"МОСК, ТЧЭ-36",,,,"Низкое сопротивление изоляции провода, кабеля низковольтных цепей и цепей управления",CT,2024,,,,,,
3,13635227,2024-11-28 13:45:00,Московская,"МОСК, ТЧЭ-5",,,,Прочая неисправность сетки камеры осушки,CT,2024,,,,,,
2,13652379,2024-11-28 16:13:00,Московская,"МОСК, ТЧЭ-5","2шт ч(к учету 0,47ч)",,"1шт ч(к учету 0,2)ч",Загрязнение поверхности коллектора тягового двигателя постоянного тока,CT,2024,0.0,"0,47ч",,,0.0,
3,13647446,2024-12-08 14:20:00,Московская,"МОСК, ТЧЭ-36",,,,"Низкое сопротивление изоляции провода, кабеля низковольтных цепей и цепей управления",CT,2024,,,,,,
3,13653353,2024-12-10 11:05:00,Московская,"МОСК, ТЧЭ-36",,,,"Низкое сопротивление изоляции провода, кабеля низковольтных цепей и цепей управления",CT,2024,,,,,,
3,13652515,2024-12-11 13:00:00,Московская,"КБШ, ТЧЭ-5",,,,Сбой ПО,CT,2024,,,,,,
2,13656381,2024-12-14 18:03:00,Московская,"МОСК, ТЧЭ-5","2шт ч(к учету 0,58ч)",,"2шт (к учету 1) ч(к учету 0,4)ч",Неисправность транзистора,CT,2024,0.0,"0,58ч",,,1.0,
3,13656873,2024-12-15 11:40:00,Московская,"МОСК, ТЧЭ-18",,,,Прочая неисправность аккумуляторной батареи,CT,2024,,,,,,
3,13657181,2024-12-16 00:19:00,Московская,"МОСК, ТЧЭ-42",,,,Неисправность преобразователя собственных нужд,CT,2024,,,,,,
3,13657272,2024-12-16 02:10:00,Московская,"МОСК, ТЧЭ-5",,,,Прочая неисправность манжеты клапана песочницы,CT,2024,,,,,,
3,13657887,2024-12-16 10:20:00,Московская,"МОСК, ТЧЭ-36",,,,"Низкое сопротивление изоляции провода, кабеля низковольтных цепей и цепей управления",CT,2024,,,,,,
3,13658076,2024-12-17 02:00:00,Московская,"МОСК, ТЧЭ-5",,,,"Сдвиг, проворот бандажа колесной пары локомотива",CT,2024,,,,,,
3,13658794,2024-12-17 11:00:00,Московская,"МОСК, ТЧЭ-36",,,,"Низкое сопротивление изоляции провода, кабеля низковольтных цепей и цепей управления",CT,2024,,,,,,
3,13659633,2024-12-18 06:30:00,Московская,"МОСК, ТЧЭ-5",,,,Прочая неисправность манжеты клапана песочницы,CT,2024,,,,,,
3,13660415,2024-12-18 15:55:00,Московская,"МОСК, ТЧЭ-42",,,,Износ резиновых уплотнений поршня гидромуфты гидромеханического редуктора,CT,2024,,,,,,
3,13664530,2024-12-23 05:41:00,Московская,"МОСК, ТЧЭ-2",,,,Неисправность системы обеспечения безопасности движения МПСУ-БД,CT,2024,,,,,,
3,13665568,2024-12-23 19:09:00,Московская,"МОСК, ТЧЭ-46",,,,Прочая неисправность манжеты клапана песочницы,CT,2024,,,,,,
3,13668782,2024-12-25 11:32:00,Московская,"МОСК, ТЧЭ-2",,,,Износ резинового уплотнения крана машиниста,CT,2024,,,,,,
3,13672491,2024-12-28 18:00:00,Московская,"МОСК, ТЧЭ-6",,,,Прочая неисправность блок-контактов реле перегрузки,CT,2024,,,,,,
2,13673906,2024-12-30 20:45:00,Московская,"МОСК, ТЧЭ-5","1шт ч(к учету 0,27ч)",,"2шт ч(к учету 0,32)ч",Неисправность электронных элементов электронного узла,CT,2024,0.0,"0,27ч",,,0.0,
3,13674131,2024-12-31 06:23:00,Московская,"МОСК, ТЧЭ-18",,,,Запесочивание головок рельса,CT,2024,,,,,,
3,13268839,2024-03-13 11:36:00,Московская,"ОКТ, ВЧД-14 ТВЕРЬ",,,,Грение буксы по внешним признакам,CV,2024,,,,,,
3,13293084,2024-04-02 06:24:00,Московская,"ОКТ, ВЧД-14 ТВЕРЬ",,,,Несоответствие силовых параметров возвратной пружины главного поршня,CV,2024,,,,,,
3,13370936,2024-05-15 11:23:00,Московская,"КРАС, ВЧДЭ-7 КРАСНОЯРСК-ВОСТ",,,,"Шелушение, раковины, коррозия на деталях подшипника",CV,2024,,,,,,
3,13373610,2024-05-18 19:00:00,Московская,"ОКТ, ВЧД-14 ТВЕРЬ",,,,Обводнение смазки,CV,2024,,,,,,
3,13385906,2024-05-30 07:49:00,Московская,"Ю-ВОСТ, ВЧДЭ-2 ЛИСКИ",,,,Тонкий гребень колеса грузового вагона,CV,2024,,,,,,
3,13471414,2024-07-21 18:04:00,Московская,"ОКТ, ВЧД-14 ТВЕРЬ",,,,"Шелушение, раковины, коррозия на деталях подшипника",CV,2024,,,,,,
3,13486441,2024-08-02 01:41:00,Московская,"ОКТ, ВЧД-14 ТВЕРЬ",,,,Обводнение смазки,CV,2024,,,,,,
3,13478488,2024-08-03 06:36:00,Московская,"СВЕРД, ВЧДЭ-19",,,,Тонкий гребень колеса грузового вагона,CV,2024,,,,,,
3,13486244,2024-08-06 12:00:00,Московская,"ОКТ, ВЧД-14 ТВЕРЬ",,,,Обводнение смазки,CV,2024,,,,,,
3,13526414,2024-09-04 22:41:00,Московская,"Ю-ВОСТ, ВЧДЭ-5 КАЗИНКА",,,,Тонкий гребень колеса грузового вагона,CV,2024,,,,,,
3,13528618,2024-09-07 21:07:00,Московская,"Ю-ВОСТ, ВЧДЭ-2 ЛИСКИ",,,,Тонкий гребень колеса грузового вагона,CV,2024,,,,,,
3,13553698,2024-09-17 02:42:00,Московская,"ОКТ, ВЧД-14 ТВЕРЬ",,,,"Неисправность лабиринтной части корпуса буксы (задиры, забоины и т.д.)",CV,2024,,,,,,
3,13560844,2024-09-30 12:41:00,Московская,"СВЕРД, ВЧДЭ-4",,,,Тонкий гребень колеса грузового вагона,CV,2024,,,,,,
3,13633693,2024-11-25 06:00:00,Московская,"Ю-ВОСТ, ВЧДЭ-2 ЛИСКИ",,,,Тонкий гребень колеса грузового вагона,CV,2024,,,,,,
