CATEGORY,№,START_TIME,ROAD,RESPONSIBILITY,FREIGHT,PASSENGER,COMMUTER,REASON,DEPARTMENT,YEAR,FREIGHT_COUNT,FREIGHT_TIMEOUT,PASSENGER_COUNT,PASSENGER_TIMEOUT,COMMUTER_COUNT,COMMUTER_TIMEOUT
3,13160110,2024-01-01 05:45:00,Октябрьская,"ОКТ, ШЧ-12",,,,Обрыв жил контрольного кабеля линий СЦБ,CSH,2024,,,,,,
2,13202322,2024-01-01 21:14:00,Октябрьская,"ОКТ, ШЧ-5 (Э)",,"1шт ч(к учету 0,1ч)",,"Срабатывание (перегорание), воздействие тягового тока",CSH,2024,,,1.0,"0,1ч",,
2,13160621,2024-01-02 05:24:00,Октябрьская,"ОКТ, ШЧ-12","2шт ч(к учету 0,87ч)",,,"Кнопки, механическое заедание кнопки",CSH,2024,2.0,"0,87ч",,,,
2,13160654,2024-01-02 06:55:00,Октябрьская,"ОКТ, ШЧ-12",,,"1шт ч(к учету 0,45)ч","Контактная система, увеличенное сопротивление",CSH,2024,,,,,1.0,"0,45ч"
2,13160700,2024-01-02 08:06:00,Октябрьская,"ОКТ, ШЧ-12",,,"2шт ч(к учету 0,38)ч","Контактная система, потеря контакта",CSH,2024,,,,,2.0,"0,38ч"
3,13160810,2024-01-02 10:29:00,Октябрьская,"ОКТ, ШЧ-10",,,,"Транзистор, пробой",CSH,2024,,,,,,
2,13161327,2024-01-03 02:09:00,Октябрьская,"ОКТ, ШЧ-20","7шт ч(к учету 3,3ч)",,,"Контактная система, потеря контакта",CSH,2024,7.0,"3,3ч",,,,
3,13161326,2024-01-03 02:22:00,Октябрьская,"ОКТ, ШЧ-8",,,,"Срабатывание (перегорание), воздействие тягового тока",CSH,2024,,,,,,
2,13161337,2024-01-03 02:37:00,Октябрьская,"ОКТ, ШЧ-12",,"1шт ч(к учету 0,48ч)",,"Цугальты, излом",CSH,2024,,,1.0,"0,48ч",,
2,13161385,2024-01-03 03:14:00,Октябрьская,"ОКТ, ШЧ-5 (Э)",,"2шт ч(к учету 0,85ч)",,Неперевод стрелочного перевода по причине напрессовки снега или обледенения остряка и рамного рельса,CSH,2024,,,2.0,"0,85ч",,
3,13161399,2024-01-03 04:50:00,Октябрьская,"ОКТ, ШЧ-15 (Э)",,,,Загрязнение головок рельса,CSH,2024,,,,,,
3,13161423,2024-01-03 05:40:00,Октябрьская,"ОКТ, ШЧ-4 (Э)",,,,Неперевод стрелочного перевода по причине несвоевременной очистке и смазки,CSH,2024,,,,,,
2,13161470,2024-01-03 06:07:00,Октябрьская,"ОКТ, ШЧ-14 (Р)","1шт ч(к учету 0,3ч)",,"7шт (к учету 6) ч(к учету 3,35)ч","Электродвигатель, постоянного тока (МСП, ДСП), обрыв обмотки якоря",CSH,2024,1.0,"0,3ч",,,6.0,"3,35ч"
2,13176765,2024-01-03 08:05:00,Октябрьская,"ОКТ, ШЧ-12",,,"1шт ч(к учету 0,12)ч","Срабатывание, атмосферные перенапряжения",CSH,2024,,,,,1.0,"0,12ч"
3,13161771,2024-01-03 09:38:00,Октябрьская,"ОКТ, ШЧ-5 (Э)",,,,Неперевод стрелочного перевода по причине напрессовки снега или обледенения остряка и рамного рельса,CSH,2024,,,,,,
3,13162796,2024-01-04 03:30:00,Октябрьская,"ОКТ, ШЧ-17",,,,"Светодиоды, неисправность",CSH,2024,,,,,,
3,13162810,2024-01-04 03:30:00,Октябрьская,"ОКТ, ИЧ-2 Ш",,,,Схлестывание проводов линий СЦБ,CSH,2024,,,,,,
3,13162829,2024-01-04 03:58:00,Октябрьская,"ОКТ, ШЧ-5 (Э)",,,,Неперевод стрелочного перевода по причине напрессовки снега или обледенения остряка и рамного рельса,CSH,2024,,,,,,
3,13163533,2024-01-04 11:12:00,Октябрьская,"ОКТ, ШЧ-15 (Э)",,,,"Нарушение контакта в штепсельных розетках, неисправность контактных губок",CSH,2024,,,,,,
2,13164339,2024-01-04 22:02:00,Октябрьская,"ОКТ, ИЧ-ЮЖ Ш",,"2шт ч(к учету 0,5ч)",,Сбой АЛС с задержкой поезда,CSH,2024,,,2.0,"0,5ч",,
3,13164372,2024-01-05 02:50:00,Октябрьская,"ОКТ, ШЧ-19",,,,"Лампы, перегорание основной нити",CSH,2024,,,,,,
3,13164907,2024-01-05 11:25:00,Октябрьская,"ОКТ, ИЧ-1 Ш",,,,"Нарушение контакта в штепсельных розетках, неисправность контактных губок",CSH,2024,,,,,,
2,13165211,2024-01-05 16:46:00,Октябрьская,"ОКТ, ШЧ-14 (Р)","1шт ч(к учету 0,35ч)","2шт (к учету 1) ч(к учету 0,33ч)","1шт ч(к учету 0,93)ч","Электродвигатель, постоянного тока (МСП, ДСП), обрыв обмотки якоря",CSH,2024,1.0,"0,35ч",1.0,"0,33ч",1.0,"0,93ч"
2,13165387,2024-01-05 20:10:00,Октябрьская,"ОКТ, ШЧ-12","3шт ч(к учету 2,55ч)",,"2шт ч(к учету 1,07)ч",Неисправность аппаратной части объектного контроллера,CSH,2024,3.0,"2,55ч",,,2.0,"1,07ч"
3,13165436,2024-01-05 22:04:00,Октябрьская,"ОКТ, ШЧ-21",,,,"Конденсатор, снижение емкости",CSH,2024,,,,,,
2,13165650,2024-01-06 03:55:00,Октябрьская,"ОКТ, ИЧ-2 Ш",,,"2шт ч(к учету 1,08)ч","Электродвигатель, прочие типы, неисправность",CSH,2024,,,,,2.0,"1,08ч"
2,13177336,2024-01-06 04:43:00,Октябрьская,"ОКТ, ШЧ-17","2шт ч(к учету 0,68ч)",,,"Нарушение контакта в штепсельных розетках, сообщение",CSH,2024,2.0,"0,68ч",,,,
2,13165986,2024-01-06 09:49:00,Октябрьская,"ОКТ, ШЧ-3",,,"1шт ч(к учету 0,27)ч","Кнопки, механическое заедание кнопки",CSH,2024,,,,,1.0,"0,27ч"
2,13166039,2024-01-06 11:00:00,Октябрьская,"ОКТ, ШЧ-17","2шт ч(к учету 1,28ч)",,,"Контактная система, увеличенное сопротивление контакта",CSH,2024,2.0,"1,28ч",,,,
2,13166464,2024-01-06 16:47:00,Октябрьская,"ОКТ, ШЧ-5 (Э)",,3шт (к учету 2) ч(к учету 2ч),"1шт ч(к учету 0,13)ч",Неперевод стрелочного перевода по причине несвоевременной очистке и смазки,CSH,2024,,,2.0,2ч,1.0,"0,13ч"
1,13177394,2024-01-06 20:54:00,Октябрьская,"ОКТ, ШЧ-12","5шт ч(к учету 7,13ч)",,,"Срабатывание, атмосферные перенапряжения",CSH,2024,5.0,"7,13ч",,,,
2,13166770,2024-01-07 04:38:00,Октябрьская,"ОКТ, ШЧ-8","4шт ч(к учету 1,47ч)",,,"Жилы, обрыв",CSH,2024,4.0,"1,47ч",,,,
2,13166803,2024-01-07 05:10:00,Октябрьская,"ОКТ, ШЧ-10","2шт ч(к учету 1,83ч)",,"1шт ч(к учету 0,15)ч","Контактная система, потеря контакта",CSH,2024,2.0,"1,83ч",,,1.0,"0,15ч"
3,13167169,2024-01-07 12:14:00,Октябрьская,"ОКТ, ШЧ-17",,,,"Срабатывание, коммутационные перенапряжения",CSH,2024,,,,,,
3,13167471,2024-01-07 20:48:00,Октябрьская,"ОКТ, ШЧ-14 (Р)",,,,"Контактная система, увеличенное сопротивление",CSH,2024,,,,,,
2,13167517,2024-01-07 22:39:00,Октябрьская,"ОКТ, ШЧ-4 (Э)",,"2шт ч(к учету 0,32ч)",,Излом повода под гайкой,CSH,2024,,,2.0,"0,32ч",,
3,13167729,2024-01-08 04:10:00,Октябрьская,"ОКТ, ШЧ-19",,,,"Нарушение контакта в штепсельных розетках, неисправность контактных губок",CSH,2024,,,,,,
3,13167757,2024-01-08 04:55:00,Октябрьская,"ОКТ, ШЧ-15 (Э)",,,,"Нарушение контакта в штепсельных розетках, неисправность контактных губок",CSH,2024,,,,,,
3,13167775,2024-01-08 05:13:00,Октябрьская,"ОКТ, ШЧ-15 (Э)",,,,Сбой АЛС с задержкой поезда,CSH,2024,,,,,,
3,13167906,2024-01-08 08:13:00,Октябрьская,"ОКТ, ИЧ-1 Ш",,,,"Механическое разрушение, обрыв изолятора разъединителя линии энергоснабжения нетяговых потребителей",CSH,2024,,,,,,
1,13177037,2024-01-08 16:43:00,Октябрьская,"ОКТ, ШЧ-12","3шт ч(к учету 2,8ч)",,,Излом повода под гайкой,CSH,2024,3.0,"2,8ч",,,,
3,13168410,2024-01-08 19:37:00,Октябрьская,"ОКТ, ШЧ-12",,,,Отключение внешнего электроснабжения,CSH,2024,,,,,,
2,13168487,2024-01-08 22:49:00,Октябрьская,"ОКТ, ШЧ-11",,,"1шт ч(к учету 0,15)ч","Контактная система, потеря контакта",CSH,2024,,,,,1.0,"0,15ч"
2,13168496,2024-01-08 23:16:00,Октябрьская,"ОКТ, ШЧ-16 (Р)","2шт ч(к учету 0,93ч)",,,"Контактная система, сваривание",CSH,2024,2.0,"0,93ч",,,,
3,13168655,2024-01-09 03:11:00,Октябрьская,"ОКТ, ШЧ-11",,,,Обрыв жил контрольного кабеля линий СЦБ,CSH,2024,,,,,,
2,13168887,2024-01-09 07:34:00,Октябрьская,"ОКТ, ШЧ-5 (Э)",,"1шт ч(к учету 0,1ч)","1шт ч(к учету 0,1)ч",Неперевод стрелочного перевода по причине напрессовки снега или обледенения остряка и рамного рельса,CSH,2024,,,1.0,"0,1ч",1.0,"0,1ч"
2,13169320,2024-01-09 11:31:00,Октябрьская,"ОКТ, ШЧ-11",,"1шт ч(к учету 0,17ч)","1шт ч(к учету 0,38)ч","Нарушение контакта в разъемах блоков, излом розеток",CSH,2024,,,1.0,"0,17ч",1.0,"0,38ч"
2,13169313,2024-01-09 11:36:00,Октябрьская,"ОКТ, ШЧ-11",,,"1шт ч(к учету 0,13)ч","Конденсатор, снижение емкости",CSH,2024,,,,,1.0,"0,13ч"
2,13169683,2024-01-09 11:41:00,Октябрьская,"ОКТ, ИЧ-2 Ш",,"1шт ч(к учету 0,42ч)",,"Нарушение контакта в штепсельных розетках, замятие контакта",CSH,2024,,,1.0,"0,42ч",,
3,13169626,2024-01-09 13:18:00,Октябрьская,"ОКТ, ИЧ-2 Ш",,,,Схлестывание проводов линий СЦБ,CSH,2024,,,,,,
2,13170063,2024-01-09 16:45:00,Октябрьская,"ОКТ, ИЧ-2 Ш","1шт ч(к учету 0,35ч)",,,Схлестывание проводов линий СЦБ,CSH,2024,1.0,"0,35ч",,,,
2,13170157,2024-01-09 18:14:00,Октябрьская,"ОКТ, ШЧ-15 (Э)","1шт ч(к учету 0,37ч)",,,Выдувание проводов линии энергоснабжения нетяговых потребителей,CSH,2024,1.0,"0,37ч",,,,
3,13170622,2024-01-10 05:25:00,Октябрьская,"ОКТ, ШЧ-16 (Р)",,,,"Транзистор, обрыв",CSH,2024,,,,,,
2,13171189,2024-01-10 10:40:00,Октябрьская,"ОКТ, ШЧ-11",,,"2шт ч(к учету 0,22)ч","Нарушение контакта в штепсельных розетках, неисправность контактных губок",CSH,2024,,,,,2.0,"0,22ч"
2,13172881,2024-01-10 20:44:00,Октябрьская,"ОКТ, ШЧ-23 (Э)","1шт ч(к учету 0,85ч)",,,"Конденсатор, потеря контакта",CSH,2024,1.0,"0,85ч",,,,
3,13172959,2024-01-11 00:50:00,Октябрьская,"ОКТ, ШЧ-17",,,,"Не срабатывание (не перегорание), атмосферные перенапряжения",CSH,2024,,,,,,
2,13173131,2024-01-11 04:47:00,Октябрьская,"ОКТ, ШЧ-11",,,"1шт ч(к учету 0,25)ч","Разрегулировка ДГА, генераторов линий СЦБ",CSH,2024,,,,,1.0,"0,25ч"
3,13173358,2024-01-11 05:17:00,Октябрьская,"ОКТ, ШЧ-21",,,,"Срабатывание, коммутационные перенапряжения",CSH,2024,,,,,,
2,13173418,2024-01-11 07:20:00,Октябрьская,"ОКТ, ШЧ-15 (Э)",,,"1шт ч(к учету 0,13)ч",Неисправность устройств электроснабжения,CSH,2024,,,,,1.0,"0,13ч"
3,13175323,2024-01-11 15:50:00,Октябрьская,"ОКТ, ИЧ-2 Ш",,,,Просадка напряжения на питающей линии,CSH,2024,,,,,,
3,13175718,2024-01-12 02:00:00,Октябрьская,"ОКТ, ШЧ-11",,,,"Нарушение контакта в штепсельных розетках, неисправность контактных губок",CSH,2024,,,,,,
2,13175904,2024-01-12 04:00:00,Октябрьская,"ОКТ, ШЧ-5 (Э)",,"3шт (к учету 2) ч(к учету 0,82ч)","2шт ч(к учету 0,23)ч","Курбельный контакт, разрегулировка",CSH,2024,,,2.0,"0,82ч",2.0,"0,23ч"
3,13176543,2024-01-12 08:00:00,Октябрьская,"ОКТ, ШЧ-17",,,,"Лампочки индикации, неисправность ячеек индикации",CSH,2024,,,,,,
3,13176226,2024-01-12 08:43:00,Октябрьская,"ОКТ, ШЧ-12",,,,"Срабатывание, несоответствие номинала",CSH,2024,,,,,,
3,13176263,2024-01-12 08:50:00,Октябрьская,"ОКТ, ШЧ-19",,,,Прожег изоляции,CSH,2024,,,,,,
2,13176365,2024-01-12 09:35:00,Октябрьская,"ОКТ, ШЧ-12","2шт ч(к учету 1,55ч)",,"1шт ч(к учету 0,25)ч","Срабатывание, несоответствие номинала",CSH,2024,2.0,"1,55ч",,,1.0,"0,25ч"
2,13176368,2024-01-12 09:36:00,Октябрьская,"ОКТ, ШЧ-7 (Р)",,,"2шт ч(к учету 0,28)ч","Контактная система, потеря контакта",CSH,2024,,,,,2.0,"0,28ч"
3,13177790,2024-01-12 17:13:00,Октябрьская,"ОКТ, ШЧ-16 (Р)",,,,"Контактная система, подгар контактов",CSH,2024,,,,,,
2,13177995,2024-01-12 21:50:00,Октябрьская,"ОКТ, ШЧ-20","4шт (к учету 3) ч(к учету 1,82ч)","1шт ч(к учету 0,1ч)",,"Контактная система, потеря контакта",CSH,2024,3.0,"1,82ч",1.0,"0,1ч",,
2,13178179,2024-01-13 05:44:00,Октябрьская,"ОКТ, ШЧ-21","6шт ч(к учету 2,07ч)",,,"Диод, пробой",CSH,2024,6.0,"2,07ч",,,,
2,13178335,2024-01-13 09:24:00,Октябрьская,"ОКТ, ШЧ-3","2шт ч(к учету 1,17ч)",,,Неисправность ОПН линий СЦБ,CSH,2024,2.0,"1,17ч",,,,
3,13178411,2024-01-13 11:10:00,Октябрьская,"ОКТ, ШЧ-3",,,,"Обрыв, коррозия металла",CSH,2024,,,,,,
2,13178576,2024-01-13 13:19:00,Октябрьская,"ОКТ, ШЧ-12","2шт ч(к учету 1,5ч)",,,Излом планки,CSH,2024,2.0,"1,5ч",,,,
2,13181512,2024-01-13 19:35:00,Октябрьская,"ОКТ, ШЧ-4 (Э)",,"1шт ч(к учету 0,15ч)",,Попадание постороннего предмета в подвижные узлы внешнего замыкателя,CSH,2024,,,1.0,"0,15ч",,
3,13179014,2024-01-13 23:22:00,Октябрьская,"ОКТ, ШЧ-19",,,,"Фрикционное сцепление, разрегулировка",CSH,2024,,,,,,
3,13179333,2024-01-14 11:45:00,Октябрьская,"ОКТ, ШЧ-11",,,,"Нарушение контакта в штепсельных розетках, неисправность контактных губок",CSH,2024,,,,,,
3,13180043,2024-01-15 03:40:00,Октябрьская,"ОКТ, ШЧ-16 (Р)",,,,"Конденсатор, снижение емкости",CSH,2024,,,,,,
2,13180332,2024-01-15 08:50:00,Октябрьская,"ОКТ, ШЧ-16 (Р)","1шт ч(к учету 0,27ч)","1шт ч(к учету 0,18ч)",,"Контакторы, изношенность контактов",CSH,2024,1.0,"0,27ч",1.0,"0,18ч",,
3,13181589,2024-01-15 20:44:00,Октябрьская,"ОКТ, ШЧ-17",,,,Прочая неисправность рукоятки клапана песочницы,CSH,2024,,,,,,
3,13181812,2024-01-16 04:10:00,Октябрьская,"ОКТ, ШЧ-17",,,,Прочая неисправность рукоятки клапана песочницы,CSH,2024,,,,,,
2,13181811,2024-01-16 04:15:00,Октябрьская,"ОКТ, ИЧ-2 Ш","1шт ч(к учету 0,27ч)",,,Плохой контакт зажимов линий СЦБ,CSH,2024,1.0,"0,27ч",,,,
2,13181982,2024-01-16 06:52:00,Октябрьская,"ОКТ, ШЧ-13 (Э)",,,"1шт ч(к учету 0,15)ч","Кнопки, механическое заедание кнопки",CSH,2024,,,,,1.0,"0,15ч"
3,13182474,2024-01-16 12:18:00,Октябрьская,"ОКТ, ШЧ-3",,,,"Резистор, обрыв",CSH,2024,,,,,,
3,13183778,2024-01-17 11:48:00,Октябрьская,"ОКТ, ШЧ-19",,,,"Короткое замыкание, закорачивание по поверхности катания",CSH,2024,,,,,,
3,13184190,2024-01-17 17:37:00,Октябрьская,"ОКТ, ШЧ-21",,,,Неисправность источника бесперебойного питания,CSH,2024,,,,,,
3,13184204,2024-01-17 18:02:00,Октябрьская,"ОКТ, ИЧ-2 Ш",,,,Плохой контакт зажимов линий СЦБ,CSH,2024,,,,,,
3,13184315,2024-01-17 20:20:00,Октябрьская,"ОКТ, ШЧ-23 (Э)",,,,"Контактная система, потеря контакта",CSH,2024,,,,,,
2,13184653,2024-01-18 06:15:00,Октябрьская,"ОКТ, ШЧ-19",,"1шт ч(к учету 0,17ч)",,"Контактная система, сваривание контактов",CSH,2024,,,1.0,"0,17ч",,
3,13185120,2024-01-18 12:05:00,Октябрьская,"ОКТ, ШЧ-20",,,,"Обмотка, короткое замыкание",CSH,2024,,,,,,
1,13185523,2024-01-18 18:16:00,Октябрьская,"ОКТ, ШЧ-9 (Э)","6шт ч(к учету 4,22ч)",,,"Обрыв троса, при путевых работах",CSH,2024,6.0,"4,22ч",,,,
2,13185600,2024-01-18 21:37:00,Октябрьская,"ОКТ, ШЧ-19",,"2шт ч(к учету 0,32ч)",,"Контактная система, увеличенное сопротивление",CSH,2024,,,2.0,"0,32ч",,
2,13185801,2024-01-19 04:06:00,Октябрьская,"ОКТ, ШЧ-4 (Э)",,"6шт ч(к учету 0,92ч)","3шт ч(к учету 0,43)ч","Жилы, обрыв",CSH,2024,,,6.0,"0,92ч",3.0,"0,43ч"
3,13186045,2024-01-19 08:00:00,Октябрьская,"ОКТ, ИЧ-2 Ш",,,,"Пробой, перекрытие кабеля напряжением 6 кВ линии энергоснабжения нетяговых потребителей",CSH,2024,,,,,,
3,13186046,2024-01-19 08:00:00,Октябрьская,"ОКТ, ИЧ-2 Ш",,,,"Пробой, перекрытие кабеля напряжением 6 кВ линии энергоснабжения нетяговых потребителей",CSH,2024,,,,,,
3,13186089,2024-01-19 08:47:00,Октябрьская,"ОКТ, ШЧ-15 (Э)",,,,"Резисторы, потеря контакта",CSH,2024,,,,,,
3,13186537,2024-01-19 13:01:00,Октябрьская,"ОКТ, ШЧ-11",,,,"Ламподержатель, нарушение контакта",CSH,2024,,,,,,
3,13186780,2024-01-19 15:55:00,Октябрьская,"ОКТ, ШЧ-11",,,,"Конденсатор, снижение емкости",CSH,2024,,,,,,
3,13186838,2024-01-19 16:23:00,Октябрьская,"ОКТ, ШЧ-20",,,,"Контактная система, увеличенное сопротивление контакта",CSH,2024,,,,,,
2,13187209,2024-01-20 06:02:00,Октябрьская,"ОКТ, ШЧ-9 (Э)",,"1шт ч(к учету 0,48ч)","1шт ч(к учету 0,15)ч","Нарушение контакта в штепсельных розетках, сообщение",CSH,2024,,,1.0,"0,48ч",1.0,"0,15ч"
3,13187310,2024-01-20 08:00:00,Октябрьская,"ОКТ, ИЧ-2 Ш",,,,"Пробой, перекрытие кабеля напряжением 6 кВ линии энергоснабжения нетяговых потребителей",CSH,2024,,,,,,
3,13187311,2024-01-20 08:00:00,Октябрьская,"ОКТ, ИЧ-2 Ш",,,,"Пробой, перекрытие кабеля напряжением 6 кВ линии энергоснабжения нетяговых потребителей",CSH,2024,,,,,,
3,13188068,2024-01-21 03:12:00,Октябрьская,"ОКТ, ШЧ-23 (Э)",,,,"Срабатывание, коммутационные перенапряжения",CSH,2024,,,,,,
2,13188131,2024-01-21 05:04:00,Октябрьская,"ОКТ, ШЧ-19","6шт ч(к учету 2,98ч)",,,"Контактная система, потеря контакта",CSH,2024,6.0,"2,98ч",,,,
3,13188106,2024-01-21 05:05:00,Октябрьская,"ОКТ, ШЧ-5 (Э)",,,,"Срабатывание (перегорание), коммутационные перенапряжения",CSH,2024,,,,,,
2,13189508,2024-01-22 10:30:00,Октябрьская,"ОКТ, ШЧ-12","1шт ч(к учету 0,2ч)","1шт ч(к учету 0,1ч)","1шт ч(к учету 0,13)ч","Срабатывание (перегорание), несоответствие номинала",CSH,2024,1.0,"0,2ч",1.0,"0,1ч",1.0,"0,13ч"
3,13189742,2024-01-22 11:55:00,Октябрьская,"ОКТ, ИЧ-1 Ш",,,,Механическое разрушение оборудования пункта питания линий СЦБ,CSH,2024,,,,,,
3,13189792,2024-01-22 14:30:00,Октябрьская,"ОКТ, ШЧ-9 (Э)",,,,Обрыв проводов линий СЦБ,CSH,2024,,,,,,
3,13190485,2024-01-23 06:47:00,Октябрьская,"ОКТ, ИЧ-2 Ш",,,,"Пробой, перекрытие кабеля напряжением 6 кВ линии энергоснабжения нетяговых потребителей",CSH,2024,,,,,,
3,13190562,2024-01-23 07:00:00,Октябрьская,"ОКТ, ШЧ-12",,,,"Светодиоды, неисправность",CSH,2024,,,,,,
2,13190892,2024-01-23 09:40:00,Октябрьская,"ОКТ, ШЧ-12","6шт ч(к учету 2,8ч)",,,"Срабатывание, воздействие тягового тока",CSH,2024,6.0,"2,8ч",,,,
3,13190816,2024-01-23 09:40:00,Октябрьская,"ОКТ, ШЧ-23 (Э)",,,,Излом провода под гайкой,CSH,2024,,,,,,
3,13191199,2024-01-23 12:13:00,Октябрьская,"ОКТ, ШЧ-8",,,,Сообщение,CSH,2024,,,,,,
3,13191698,2024-01-23 18:20:00,Октябрьская,"ОКТ, ИЧ-2 Ш",,,,Пробой изоляции кабеля линий СЦБ напряжением 10 кВ,CSH,2024,,,,,,
2,13191760,2024-01-23 20:05:00,Октябрьская,"ОКТ, ШЧ-21","1шт ч(к учету 0,68ч)",,,"Срабатывание, коммутационные перенапряжения",CSH,2024,1.0,"0,68ч",,,,
2,13191847,2024-01-24 00:02:00,Октябрьская,"ОКТ, ШЧ-12","18шт ч(к учету 11,47ч)",,,"Срабатывание, воздействие тягового тока",CSH,2024,18.0,"11,47ч",,,,
2,13193663,2024-01-25 06:40:00,Октябрьская,"ОКТ, ШЧ-11",,,"1шт ч(к учету 0,12)ч","Не срабатывание (не перегорание), коммутационные перенапряжения",CSH,2024,,,,,1.0,"0,12ч"
3,13193849,2024-01-25 09:02:00,Октябрьская,"ОКТ, ШЧ-14 (Р)",,,,"Контактная система, увеличенное сопротивление",CSH,2024,,,,,,
3,13194358,2024-01-25 11:47:00,Октябрьская,"ОКТ, ИЧ-2 Ш",,,,Схлестывание проводов линий СЦБ,CSH,2024,,,,,,
3,13194359,2024-01-25 11:49:00,Октябрьская,"ОКТ, ИЧ-2 Ш",,,,Схлестывание проводов линий СЦБ,CSH,2024,,,,,,
3,13194360,2024-01-25 11:51:00,Октябрьская,"ОКТ, ИЧ-2 Ш",,,,Схлестывание проводов линий СЦБ,CSH,2024,,,,,,
3,13194361,2024-01-25 11:53:00,Октябрьская,"ОКТ, ИЧ-2 Ш",,,,Схлестывание проводов линий СЦБ,CSH,2024,,,,,,
3,13194498,2024-01-25 14:10:00,Октябрьская,"ОКТ, ШЧ-11",,,,"Не срабатывание (не перегорание), коммутационные перенапряжения",CSH,2024,,,,,,
3,13195311,2024-01-26 08:00:00,Октябрьская,"ОКТ, ИЧ-2 Ш",,,,Схлестывание проводов линий СЦБ,CSH,2024,,,,,,
3,13195312,2024-01-26 08:00:00,Октябрьская,"ОКТ, ИЧ-2 Ш",,,,Схлестывание проводов линий СЦБ,CSH,2024,,,,,,
3,13195348,2024-01-26 08:00:00,Октябрьская,"ОКТ, ИЧ-1 Ш",,,,Пережог трансформатора линии энергоснабжения нетяговых потребителей типа ОМ,CSH,2024,,,,,,
3,13195524,2024-01-26 12:30:00,Октябрьская,"ОКТ, ШЧ-19",,,,"Срабатывание (перегорание), коммутационные перенапряжения",CSH,2024,,,,,,
2,13195755,2024-01-26 15:37:00,Октябрьская,"ОКТ, ШЧ-23 (Э)",,,"1шт ч(к учету 0,13)ч","Светодиоды, неисправность",CSH,2024,,,,,1.0,"0,13ч"
3,13196068,2024-01-27 04:06:00,Октябрьская,"ОКТ, ШЧ-5 (Э)",,,,"Лампы, перегорание основной нити",CSH,2024,,,,,,
3,13196079,2024-01-27 04:45:00,Октябрьская,"ОКТ, ШЧ-4 (Э)",,,,Неисправность устройства сопряжения с объектами,CSH,2024,,,,,,
2,13197284,2024-01-28 23:54:00,Октябрьская,"ОКТ, ШЧ-16 (Р)","4шт ч(к учету 0,88ч)","2шт ч(к учету 0,28ч)",,"Обмотка, обрыв обмотки",CSH,2024,4.0,"0,88ч",2.0,"0,28ч",,
2,13197812,2024-01-29 10:55:00,Октябрьская,"ОКТ, ШЧ-14 (Р)",,,"1шт ч(к учету 0,18)ч","Контактная система, увеличенное сопротивление контакта",CSH,2024,,,,,1.0,"0,18ч"
3,13198621,2024-01-30 05:25:00,Октябрьская,"ОКТ, ШЧ-19",,,,Обрыв пластин,CSH,2024,,,,,,
3,13198843,2024-01-30 09:05:00,Октябрьская,"ОКТ, ШЧ-3",,,,"Контактная система, увеличенное сопротивление контакта",CSH,2024,,,,,,
3,13198934,2024-01-30 09:34:00,Октябрьская,"ОКТ, ШЧ-12",,,,"Лампы, перегорание основной нити",CSH,2024,,,,,,
2,13199793,2024-01-31 01:26:00,Октябрьская,"ОКТ, ИЧ-1 Ш","2шт ч(к учету 0,85ч)",,,"Пробой, перекрытие трансформатора линий СЦБ типа ОМ",CSH,2024,2.0,"0,85ч",,,,
3,13199894,2024-01-31 04:33:00,Октябрьская,"ОКТ, ШЧ-13 (Э)",,,,"БС, СБС, неисправность",CSH,2024,,,,,,
3,13200477,2024-01-31 12:35:00,Октябрьская,"ОКТ, ШЧ-15 (Э)",,,,"Ключ-жезл в т.ч. с электрозащелкой, переходное сопротивление в контактах",CSH,2024,,,,,,
3,13200665,2024-01-31 15:59:00,Октябрьская,"ОКТ, ШЧ-13 (Э)",,,,Износ узлов и деталей внешнего замыкателя,CSH,2024,,,,,,
2,13201247,2024-02-01 07:27:00,Октябрьская,"ОКТ, ШЧ-21","2шт ч(к учету 0,58ч)",,"1шт ч(к учету 0,32)ч","Выводные клеммы, повреждение пайки выводов клемм",CSH,2024,2.0,"0,58ч",,,1.0,"0,32ч"
3,13202040,2024-02-01 15:45:00,Октябрьская,"ОКТ, ШЧ-6 (Э)",,,,Сообщение,CSH,2024,,,,,,
2,13202110,2024-02-01 17:27:00,Октябрьская,"ОКТ, ШЧ-4 (Э)",,,"1шт ч(к учету 0,1)ч","Демпфирующие устройства, неисправность",CSH,2024,,,,,1.0,"0,1ч"
3,13202264,2024-02-01 21:40:00,Октябрьская,"ОКТ, ШЧ-23 (Э)",,,,"Срабатывание (перегорание), коммутационные перенапряжения",CSH,2024,,,,,,
3,13202745,2024-02-02 08:39:00,Октябрьская,"ОКТ, ШЧ-12",,,,"Срабатывание (перегорание), несоответствие номинала",CSH,2024,,,,,,
3,13202879,2024-02-02 10:00:00,Октябрьская,"ОКТ, ШЧ-12",,,,Отсутствие,CSH,2024,,,,,,
3,13202909,2024-02-02 10:00:00,Октябрьская,"ОКТ, ШЧ-7 (Р)",,,,"Диод, обрыв диода",CSH,2024,,,,,,
2,13203286,2024-02-02 13:20:00,Октябрьская,"ОКТ, ШЧ-11","1шт ч(к учету 0,28ч)","1шт ч(к учету 0,13ч)","2шт ч(к учету 0,28)ч",Механические повреждения,CSH,2024,1.0,"0,28ч",1.0,"0,13ч",2.0,"0,28ч"
3,13204704,2024-02-03 22:40:00,Октябрьская,"ОКТ, ШЧ-4 (Э)",,,,"Кнопки, механическое заедание кнопки",CSH,2024,,,,,,
3,13205307,2024-02-04 11:00:00,Октябрьская,"ОКТ, ШЧ-7 (Р)",,,,"Электродвигатель, постоянного тока (МСП, ДСП), неисправность ротора",CSH,2024,,,,,,
2,13205432,2024-02-04 13:15:00,Октябрьская,"ОКТ, ИЧ-2 Ш",,,"1шт ч(к учету 0,17)ч",Нарушение контакта трос/штепсель,CSH,2024,,,,,1.0,"0,17ч"
2,13205719,2024-02-04 21:28:00,Октябрьская,"ОКТ, ШЧ-12","3шт ч(к учету 1,92ч)",,,Нарушение изоляции,CSH,2024,3.0,"1,92ч",,,,
2,13206904,2024-02-05 14:35:00,Октябрьская,"ОКТ, ШЧ-8","18шт ч(к учету 7,78ч)","1шт ч(к учету 0,13ч)","1шт ч(к учету 0,1)ч",Механические повреждения,CSH,2024,18.0,"7,78ч",1.0,"0,13ч",1.0,"0,1ч"
3,13206951,2024-02-05 15:17:00,Октябрьская,"ОКТ, ШЧ-12",,,,Нарушение изоляции,CSH,2024,,,,,,
2,13207224,2024-02-05 20:15:00,Октябрьская,"ОКТ, ШЧ-14 (Р)",,"2шт ч(к учету 0,38ч)","2шт ч(к учету 0,53)ч","Выпрямительные элементы, пробой",CSH,2024,,,2.0,"0,38ч",2.0,"0,53ч"
3,13207374,2024-02-06 00:26:00,Октябрьская,"ОКТ, ШЧ-23 (Э)",,,,"Автопереключатель, разрегулировка контактов",CSH,2024,,,,,,
3,13207394,2024-02-06 01:20:00,Октябрьская,"ОКТ, ИЧ-1 Ш",,,,Разрегулировка силового трансформатора линий СЦБ (до 35 кВ),CSH,2024,,,,,,
3,13208394,2024-02-06 11:50:00,Октябрьская,"ОКТ, ШЧ-17",,,,"Автопереключатель, разрегулировка контактов",CSH,2024,,,,,,
3,13208330,2024-02-06 12:10:00,Октябрьская,"ОКТ, ИЧ-2 Ш",,,,Разрегулировка трансформатора напряжения линий СЦБ,CSH,2024,,,,,,
3,13209131,2024-02-06 16:30:00,Октябрьская,"ОКТ, ШЧ-9 (Э)",,,,"Автопереключатель, излом контактных колодок",CSH,2024,,,,,,
2,13209155,2024-02-06 17:07:00,Октябрьская,"ОКТ, ШЧ-11",,,"1шт ч(к учету 0,23)ч","Обмотка, короткое замыкание",CSH,2024,,,,,1.0,"0,23ч"
3,13209204,2024-02-06 17:39:00,Октябрьская,"ОКТ, ШЧ-13 (Э)",,,,"Лампы, перегорание основной нити",CSH,2024,,,,,,
3,13209339,2024-02-06 21:38:00,Октябрьская,"ОКТ, ШЧ-12",,,,"Срабатывание (перегорание), несоответствие номинала",CSH,2024,,,,,,
3,13209441,2024-02-07 00:12:00,Октябрьская,"ОКТ, ШЧ-12",,,,"Срабатывание, воздействие тягового тока",CSH,2024,,,,,,
2,13209601,2024-02-07 03:33:00,Октябрьская,"ОКТ, ШЧ-19","2шт ч(к учету 1,08ч)",,,Удар посторонним предметом с проходящего поезда,CSH,2024,2.0,"1,08ч",,,,
3,13211029,2024-02-07 10:57:00,Октябрьская,"ОКТ, ШЧ-12",,,,"Фрикционное сцепление, разрегулировка",CSH,2024,,,,,,
3,13212377,2024-02-08 05:36:00,Октябрьская,"ОКТ, ШЧ-23 (Э)",,,,Обрыв пластин,CSH,2024,,,,,,
2,13212198,2024-02-08 06:30:00,Октябрьская,"ОКТ, ШЧ-14 (Р)",,,"1шт ч(к учету 0,12)ч","Контактная система, увеличенное сопротивление",CSH,2024,,,,,1.0,"0,12ч"
3,13212375,2024-02-08 07:00:00,Октябрьская,"ОКТ, ШЧ-14 (Р)",,,,"Обмотка, обрыв",CSH,2024,,,,,,
2,13212328,2024-02-08 07:58:00,Октябрьская,"ОКТ, ШЧ-16 (Р)","1шт ч(к учету 0,48ч)",,,"Лампы, перегорание основной нити",CSH,2024,1.0,"0,48ч",,,,
3,13213177,2024-02-08 10:20:00,Октябрьская,"ОКТ, ШЧ-12",,,,"Срабатывание, воздействие тягового тока",CSH,2024,,,,,,
3,13213917,2024-02-08 18:20:00,Октябрьская,"ОКТ, ШЧ-11",,,,Зависание ПО,CSH,2024,,,,,,
2,13214038,2024-02-08 22:25:00,Октябрьская,"ОКТ, ШЧ-19","1шт ч(к учету 0,48ч)","1шт ч(к учету 0,42ч)",,Удар посторонним предметом с проходящего поезда,CSH,2024,1.0,"0,48ч",1.0,"0,42ч",,
2,13214313,2024-02-09 05:31:00,Октябрьская,"ОКТ, ШЧ-15 (Э)","1шт ч(к учету 0,23ч)",,"1шт ч(к учету 0,18)ч",Колебание провода обратного тока (отсасывающего),CSH,2024,1.0,"0,23ч",,,1.0,"0,18ч"
3,13216015,2024-02-10 06:37:00,Октябрьская,"ОКТ, ШЧ-9 (Э)",,,,Неперевод стрелочного перевода по причине несвоевременной очистке и смазки,CSH,2024,,,,,,
3,13216149,2024-02-10 09:17:00,Октябрьская,"ОКТ, ШЧ-2 (Р)",,,,"Контактная система, увеличенное сопротивление контакта",CSH,2024,,,,,,
2,13216275,2024-02-10 11:12:00,Октябрьская,"ОКТ, ШЧ-23 (Э)","2шт ч(к учету 1,7ч)","1шт ч(к учету 0,1ч)",,"Обрыв троса, коррозия металла",CSH,2024,2.0,"1,7ч",1.0,"0,1ч",,
3,13216396,2024-02-10 13:05:00,Октябрьская,"ОКТ, ШЧ-23 (Э)",,,,Деформация,CSH,2024,,,,,,
3,13216453,2024-02-10 13:15:00,Октябрьская,"ОКТ, ШЧ-9 (Э)",,,,"Автопереключатель, индевение контактов",CSH,2024,,,,,,
1,13216645,2024-02-10 18:01:00,Октябрьская,"ОКТ, ШЧ-8","11шт ч(к учету 9,7ч)",,,Ослабление затяжки болтов,CSH,2024,11.0,"9,7ч",,,,
2,13216689,2024-02-10 19:34:00,Октябрьская,"ОКТ, ШЧ-12","2шт ч(к учету 1,05ч)",,,"Срабатывание (перегорание), несоответствие номинала",CSH,2024,2.0,"1,05ч",,,,
2,13217032,2024-02-11 07:10:00,Октябрьская,"ОКТ, ШЧ-21","1шт ч(к учету 0,53ч)",,,"Нарушение контакта штепсельного разъема, ослабление крепления",CSH,2024,1.0,"0,53ч",,,,
3,13217192,2024-02-11 11:25:00,Октябрьская,"ОКТ, ШЧ-9 (Э)",,,,"Контактная система, сваривание",CSH,2024,,,,,,
2,13217433,2024-02-11 17:58:00,Октябрьская,"ОКТ, ШЧ-9 (Э)","1шт ч(к учету 0,52ч)","1шт ч(к учету 0,18ч)","13шт (к учету 12) ч(к учету 4,48)ч","Нарушение контакта в штепсельных розетках, неисправность контактных губок",CSH,2024,1.0,"0,52ч",1.0,"0,18ч",12.0,"4,48ч"
2,13217729,2024-02-12 03:05:00,Октябрьская,"ОКТ, ШЧ-14 (Р)","2шт ч(к учету 0,92ч)",,"4шт ч(к учету 0,88)ч","Электродвигатель, постоянного тока (МСП, ДСП), неисправность щеточного  узла",CSH,2024,2.0,"0,92ч",,,4.0,"0,88ч"
2,13217849,2024-02-12 05:10:00,Октябрьская,"ОКТ, ШЧ-19","1шт ч(к учету 0,27ч)",,"1шт ч(к учету 0,13)ч","Контактная система, сваривание контактов",CSH,2024,1.0,"0,27ч",,,1.0,"0,13ч"
2,13217899,2024-02-12 05:33:00,Октябрьская,"ОКТ, ШЧ-19","1шт ч(к учету 0,3ч)",,,Асимметрия тягового тока,CSH,2024,1.0,"0,3ч",,,,
3,13219750,2024-02-13 08:14:00,Октябрьская,"ОКТ, ШЧ-16 (Р)",,,,"Обмотка, короткое замыкание",CSH,2024,,,,,,
3,13223772,2024-02-13 19:45:00,Октябрьская,"ОКТ, ШЧ-2 (Р)",,,,"Конденсатор, обрыв",CSH,2024,,,,,,
3,13221503,2024-02-14 06:03:00,Октябрьская,"ОКТ, ШЧ-9 (Э)",,,,"Не срабатывание (не перегорание), несоответствие номинала",CSH,2024,,,,,,
3,13222791,2024-02-14 16:02:00,Октябрьская,"ОКТ, ШЧ-9 (Э)",,,,Пережог проводов линий СЦБ,CSH,2024,,,,,,
1,13223506,2024-02-15 07:20:00,Октябрьская,"ОКТ, ШЧ-19","1шт ч(к учету 1,37ч)",,,"Контактная система, увеличенное сопротивление контакта",CSH,2024,1.0,"1,37ч",,,,
2,13224334,2024-02-15 14:49:00,Октябрьская,"ОКТ, ШЧ-19","2шт ч(к учету 1,17ч)",,,"Нарушение контакта в штепсельных розетках, сообщение",CSH,2024,2.0,"1,17ч",,,,
3,13224419,2024-02-15 15:40:00,Октябрьская,"ОКТ, ШЧ-20",,,,"Контактная система, увеличенное сопротивление контакта",CSH,2024,,,,,,
2,13224370,2024-02-15 15:41:00,Октябрьская,"ОКТ, ШЧ-11","1шт ч(к учету 0,17ч)",,"2шт (к учету 1) ч(к учету 0,25)ч","УДО-48Р, неисправность",CSH,2024,1.0,"0,17ч",,,1.0,"0,25ч"
3,13224550,2024-02-15 18:25:00,Октябрьская,"ОКТ, ШЧ-14 (Р)",,,,"Срабатывание (перегорание), коммутационные перенапряжения",CSH,2024,,,,,,
3,13225723,2024-02-16 14:30:00,Октябрьская,"ОКТ, ШЧ-19",,,,"Срабатывание, воздействие тягового тока",CSH,2024,,,,,,
3,13225803,2024-02-16 16:22:00,Октябрьская,"ОКТ, ШЧ-13 (Э)",,,,Асимметрия тягового тока,CSH,2024,,,,,,
1,13225995,2024-02-17 01:30:00,Октябрьская,"ОКТ, ШЧ-14 (Р)","1шт ч(к учету 1,08ч)",,,"Электродвигатель, постоянного тока (МСП, ДСП), обрыв обмотки якоря",CSH,2024,1.0,"1,08ч",,,,
2,13226026,2024-02-17 02:10:00,Октябрьская,"ОКТ, ШЧ-12",,"1шт ч(к учету 0,33ч)",,Повреждение контрольного кабеля линий СЦБ при работах,CSH,2024,,,1.0,"0,33ч",,
3,13226170,2024-02-17 05:49:00,Октябрьская,"ОКТ, ШЧ-23 (Э)",,,,"Срабатывание (перегорание), несоответствие номинала",CSH,2024,,,,,,
3,13226565,2024-02-17 12:30:00,Октябрьская,"ОКТ, ШЧ-20",,,,"Внутренний монтаж, неисправность микросхемы",CSH,2024,,,,,,
3,13226655,2024-02-17 16:00:00,Октябрьская,"ОКТ, ШЧ-11",,,,Неисправность,CSH,2024,,,,,,
3,13226692,2024-02-17 16:27:00,Октябрьская,"ОКТ, ШЧ-12",,,,"Срабатывание, воздействие тягового тока",CSH,2024,,,,,,
2,13227016,2024-02-18 03:55:00,Октябрьская,"ОКТ, ШЧ-21","5шт ч(к учету 3,28ч)",,,"Внутренний монтаж, короткое замыкание",CSH,2024,5.0,"3,28ч",,,,
3,13227370,2024-02-18 12:19:00,Октябрьская,"ОКТ, ШЧ-21",,,,"Лампы, перегорание основной нити",CSH,2024,,,,,,
2,13228365,2024-02-19 09:25:00,Октябрьская,"ОКТ, ШЧ-12","1шт ч(к учету 0,78ч)",,,Неисправность планки,CSH,2024,1.0,"0,78ч",,,,
3,13228449,2024-02-19 11:12:00,Октябрьская,"ОКТ, ШЧ-23 (Э)",,,,"Срабатывание (перегорание), несоответствие номинала",CSH,2024,,,,,,
3,13228628,2024-02-19 14:05:00,Октябрьская,"ОКТ, ШЧ-5 (Э)",,,,"Не срабатывание (не перегорание), коммутационные перенапряжения",CSH,2024,,,,,,
2,13229077,2024-02-20 01:28:00,Октябрьская,"ОКТ, ШЧ-12","1шт ч(к учету 0,98ч)","2шт ч(к учету 0,25ч)",,Неисправность устройства сопряжения с объектами,CSH,2024,1.0,"0,98ч",2.0,"0,25ч",,
3,13229309,2024-02-20 06:53:00,Октябрьская,"ОКТ, ШЧ-12",,,,"Срабатывание (перегорание), несоответствие номинала",CSH,2024,,,,,,
3,13229915,2024-02-20 12:00:00,Октябрьская,"ОКТ, ШЧ-3",,,,"Срабатывание (перегорание), коммутационные перенапряжения",CSH,2024,,,,,,
3,13230198,2024-02-20 17:19:00,Октябрьская,"ОКТ, ШЧ-11",,,,"Лампы, перегорание основной нити",CSH,2024,,,,,,
3,13230482,2024-02-21 02:25:00,Октябрьская,"ОКТ, ШЧ-9 (Э)",,,,Зависание ПО,CSH,2024,,,,,,
3,13231305,2024-02-21 11:11:00,Октябрьская,"ОКТ, ШЧ-3",,,,"Лампы, перегорание основной нити",CSH,2024,,,,,,
3,13231306,2024-02-21 11:35:00,Октябрьская,"ОКТ, ШЧ-12",,,,"Срабатывание (перегорание), несоответствие номинала",CSH,2024,,,,,,
3,13231562,2024-02-21 13:12:00,Октябрьская,"ОКТ, ШЧ-7 (Р)",,,,"Жилы, обрыв",CSH,2024,,,,,,
3,13232211,2024-02-22 01:28:00,Октябрьская,"ОКТ, ШЧ-20",,,,"Контактная система, увеличенное сопротивление контакта",CSH,2024,,,,,,
2,13233408,2024-02-23 00:33:00,Октябрьская,"ОКТ, ШЧ-15 (Э)","3шт ч(к учету 2,07ч)","2шт (к учету 1) ч(к учету 0,7ч)",,Сбой АЛС с задержкой поезда,CSH,2024,3.0,"2,07ч",1.0,"0,7ч",,
2,13233593,2024-02-23 05:40:00,Октябрьская,"ОКТ, ШЧ-11","6шт ч(к учету 3,95ч)",,,Излом наконечника,CSH,2024,6.0,"3,95ч",,,,
3,13233577,2024-02-23 05:44:00,Октябрьская,"ОКТ, ШЧ-9 (Э)",,,,Зависание ПО,CSH,2024,,,,,,
2,13233780,2024-02-23 11:30:00,Октябрьская,"ОКТ, ИЧ-1 Ш","1шт ч(к учету 0,33ч)",,,Нарушение контакта штепсель/рельс,CSH,2024,1.0,"0,33ч",,,,
3,13234770,2024-02-24 18:37:00,Октябрьская,"ОКТ, ИЧ-2 Ш",,,,Плохой контакт зажимов линий СЦБ,CSH,2024,,,,,,
3,13234793,2024-02-24 19:33:00,Октябрьская,"ОКТ, ШЧ-7 (Р)",,,,"Контактная система, увеличенное сопротивление",CSH,2024,,,,,,
3,13234819,2024-02-24 19:40:00,Октябрьская,"ОКТ, ШЧ-9 (Э)",,,,Зависание ПО,CSH,2024,,,,,,
1,13234916,2024-02-25 00:30:00,Октябрьская,"ОКТ, ШЧ-17","4шт ч(к учету 5,73ч)",,,Излом наконечника,CSH,2024,4.0,"5,73ч",,,,
3,13235615,2024-02-25 20:44:00,Октябрьская,"ОКТ, ШЧ-19",,,,Нарушение контакта штепсель/рельс,CSH,2024,,,,,,
3,13235609,2024-02-25 21:01:00,Октябрьская,"ОКТ, ШЧ-10",,,,"Конденсатор, снижение емкости",CSH,2024,,,,,,
3,13235643,2024-02-25 22:52:00,Октябрьская,"ОКТ, ИЧ-2 Ш",,,,"Срабатывание (перегорание), коммутационные перенапряжения",CSH,2024,,,,,,
2,13235694,2024-02-25 23:50:00,Октябрьская,"ОКТ, ШЧ-20","5шт ч(к учету 2,58ч)",,,"Контактная система, потеря контакта",CSH,2024,5.0,"2,58ч",,,,
3,13235711,2024-02-26 01:21:00,Октябрьская,"ОКТ, ШЧ-5 (Э)",,,,Нарушение контакта штепсель/рельс,CSH,2024,,,,,,
1,13235815,2024-02-26 04:25:00,Октябрьская,"ОКТ, ШЧ-21","14шт (к учету 13) ч(к учету 12,38ч)","1шт ч(к учету 0,13ч)",,"Нарушение контакта в штепсельных розетках, сообщение",CSH,2024,13.0,"12,38ч",1.0,"0,13ч",,
3,13237673,2024-02-26 10:09:00,Октябрьская,"ОКТ, ШЧ-11",,,,Нарушение контакта штепсель/рельс,CSH,2024,,,,,,
3,13236259,2024-02-26 11:00:00,Октябрьская,"ОКТ, ШЧ-15 (Э)",,,,"Лампы, перегорание основной нити",CSH,2024,,,,,,
3,13236610,2024-02-26 13:58:00,Октябрьская,"ОКТ, ШЧ-8",,,,"Нарушение контакта в штепсельных розетках, сообщение",CSH,2024,,,,,,
3,13236586,2024-02-26 14:24:00,Октябрьская,"ОКТ, ШЧ-21",,,,Отключение внешнего электроснабжения,CSH,2024,,,,,,
2,13236788,2024-02-26 18:24:00,Октябрьская,"ОКТ, ШЧ-19","6шт ч(к учету 2,8ч)","1шт ч(к учету 0,33ч)",,"Срабатывание, воздействие тягового тока",CSH,2024,6.0,"2,8ч",1.0,"0,33ч",,
3,13236869,2024-02-26 20:47:00,Октябрьская,"ОКТ, ИЧ-2 Ш",,,,Неисправность блока контроля напряжения,CSH,2024,,,,,,
3,13237147,2024-02-27 04:43:00,Октябрьская,"ОКТ, ШЧ-3",,,,Неисправность устройства сопряжения с объектами,CSH,2024,,,,,,
3,13237282,2024-02-27 06:14:00,Октябрьская,"ОКТ, ШЧ-1 (Э)",,,,"Обрыв троса, коррозия металла",CSH,2024,,,,,,
3,13238054,2024-02-27 16:05:00,Октябрьская,"ОКТ, ШЧ-11",,,,"Резисторы, потеря контакта",CSH,2024,,,,,,
2,13238232,2024-02-27 21:27:00,Октябрьская,"ОКТ, ШЧ-9 (Э)",,"1шт ч(к учету 0,08ч)","10шт ч(к учету 2,87)ч","Жилы, сообщение",CSH,2024,,,1.0,"0,08ч",10.0,"2,87ч"
2,13238258,2024-02-27 23:02:00,Октябрьская,"ОКТ, ШЧ-9 (Э)","4шт ч(к учету 3,05ч)",,,Обрыв проводов линий СЦБ,CSH,2024,4.0,"3,05ч",,,,
3,13239221,2024-02-28 11:52:00,Октябрьская,"ОКТ, ИЧ-ЮЖ Ш",,,,Неисправность коммутаторов,CSH,2024,,,,,,
3,13239754,2024-02-28 20:20:00,Октябрьская,"ОКТ, ИЧ-2 Ш",,,,Короткое замыкание пластин,CSH,2024,,,,,,
1,13240849,2024-02-29 16:48:00,Октябрьская,"ОКТ, ШЧ-14 (Р)","2шт ч(к учету 3,22ч)",,"30шт ч(к учету 10,53)ч","Контактная система, увеличенное сопротивление контакта",CSH,2024,2.0,"3,22ч",,,30.0,"10,53ч"
3,13241517,2024-03-01 08:59:00,Октябрьская,"ОКТ, ШЧ-12",,,,"Срабатывание, воздействие тягового тока",CSH,2024,,,,,,
3,13242269,2024-03-01 16:45:00,Октябрьская,"ОКТ, ШЧ-17",,,,"Кнопки, потеря контакта в штепсельном разъеме",CSH,2024,,,,,,
3,13242838,2024-03-02 12:52:00,Октябрьская,"ОКТ, ШЧ-9 (Э)",,,,"Трансформаторы, обрыв обмотки",CSH,2024,,,,,,
2,13243276,2024-03-03 04:09:00,Октябрьская,"ОКТ, ШЧ-16 (Р)","5шт ч(к учету 2,72ч)",,,"Контактная система, сваривание контактов",CSH,2024,5.0,"2,72ч",,,,
3,13243390,2024-03-03 06:54:00,Октябрьская,"ОКТ, ШЧ-12",,,,"Срабатывание, воздействие тягового тока",CSH,2024,,,,,,
3,13243864,2024-03-03 18:59:00,Октябрьская,"ОКТ, ШЧ-2 (Р)",,,,"Обмотка, короткое замыкание",CSH,2024,,,,,,
2,13245375,2024-03-04 15:00:00,Октябрьская,"ОКТ, ШЧ-17","1шт ч(к учету 0,57ч)",,,"Обмотка, обрыв обмотки",CSH,2024,1.0,"0,57ч",,,,
3,13247455,2024-03-05 13:50:00,Октябрьская,"ОКТ, ШЧ-14 (Р)",,,,"Контактная система, увеличенное сопротивление",CSH,2024,,,,,,
2,13247806,2024-03-05 17:18:00,Октябрьская,"ОКТ, ШЧ-20","3шт ч(к учету 1,43ч)",,,"Контактная система, увеличенное сопротивление контакта",CSH,2024,3.0,"1,43ч",,,,
2,13247842,2024-03-05 18:52:00,Октябрьская,"ОКТ, ШЧ-5 (Э)",,"1шт ч(к учету 0,12ч)","1шт ч(к учету 0,1)ч",Нарушение контакта,CSH,2024,,,1.0,"0,12ч",1.0,"0,1ч"
3,13249737,2024-03-06 13:07:00,Октябрьская,"ОКТ, ШЧ-9 (Э)",,,,Зависание ПО,CSH,2024,,,,,,
2,13250074,2024-03-06 14:32:00,Октябрьская,"ОКТ, ШЧ-9 (Э)","1шт ч(к учету 0,22ч)",,"2шт ч(к учету 0,27)ч","Автопереключатель, разрегулировка контактов",CSH,2024,1.0,"0,22ч",,,2.0,"0,27ч"
2,13250620,2024-03-06 22:03:00,Октябрьская,"ОКТ, ШЧ-14 (Р)",,,"1шт ч(к учету 0,12)ч","Контактная система, увеличенное сопротивление",CSH,2024,,,,,1.0,"0,12ч"
3,13251766,2024-03-07 11:36:00,Октябрьская,"ОКТ, ШЧ-8",,,,Ослабление крепления монтажных проводов на контактах,CSH,2024,,,,,,
3,13251909,2024-03-07 12:12:00,Октябрьская,"ОКТ, ШЧ-12",,,,"Срабатывание (перегорание), несоответствие номинала",CSH,2024,,,,,,
3,13251916,2024-03-07 12:20:00,Октябрьская,"ОКТ, ШЧ-8",,,,"Нарушение контакта в штепсельных розетках, замятие контакта",CSH,2024,,,,,,
2,13252172,2024-03-07 14:10:00,Октябрьская,"ОКТ, ШЧ-14 (Р)",,,"1шт ч(к учету 0,13)ч","Контактная система, увеличенное сопротивление",CSH,2024,,,,,1.0,"0,13ч"
2,13252565,2024-03-07 20:03:00,Октябрьская,"ОКТ, ШЧ-15 (Э)","3шт (к учету 2) ч(к учету 0,88ч)","4шт (к учету 3) ч(к учету 0,55ч)",,"Срабатывание, несоответствие номинала",CSH,2024,2.0,"0,88ч",3.0,"0,55ч",,
3,13252709,2024-03-08 03:33:00,Октябрьская,"ОКТ, ШЧ-15 (Э)",,,,"Лампы, перегорание основной нити",CSH,2024,,,,,,
3,13253270,2024-03-08 08:18:00,Октябрьская,"ОКТ, ШЧ-19",,,,"Автопереключатель, излом пружин автопереключателя",CSH,2024,,,,,,
3,13253240,2024-03-08 19:39:00,Октябрьская,"ОКТ, ШЧ-17",,,,"Пакетные переключатели, неплотность замыкания контактов",CSH,2024,,,,,,
3,13253289,2024-03-08 23:00:00,Октябрьская,"ОКТ, ШЧ-8",,,,"Курбельный контакт, потеря контакта",CSH,2024,,,,,,
2,13253441,2024-03-09 05:02:00,Октябрьская,"ОКТ, ШЧ-17","1шт ч(к учету 0,87ч)",,,"Нарушение контакта в штепсельных розетках, замятие контакта",CSH,2024,1.0,"0,87ч",,,,
2,13254029,2024-03-10 00:16:00,Октябрьская,"ОКТ, ШЧ-16 (Р)","1шт ч(к учету 0,63ч)",,,"Контактная система, увеличенное сопротивление контакта",CSH,2024,1.0,"0,63ч",,,,
3,13254404,2024-03-10 11:20:00,Октябрьская,"ОКТ, ШЧ-23 (Э)",,,,"Не срабатывание (не перегорание), несоответствие номинала",CSH,2024,,,,,,
3,13261469,2024-03-11 06:25:00,Октябрьская,"ОКТ, ШЧ-8","1шт ч(к учету 0,05ч)",,,"Лампы, перегорание резервной нити",CSH,2024,1.0,"0,05ч",,,,
3,13256402,2024-03-11 17:37:00,Октябрьская,"ОКТ, ШЧ-9 (Э)",,,,Неисправность,CSH,2024,,,,,,
3,13256386,2024-03-11 18:59:00,Октябрьская,"ОКТ, ШЧ-12",,,,"Срабатывание, воздействие тягового тока",CSH,2024,,,,,,
2,13256558,2024-03-11 23:41:00,Октябрьская,"ОКТ, ШЧ-8","1шт ч(к учету 0,47ч)",,,"Жилы, обрыв",CSH,2024,1.0,"0,47ч",,,,
3,13256643,2024-03-12 02:55:00,Октябрьская,"ОКТ, ШЧ-7 (Р)",,,,"Внутренний монтаж, короткое замыкание",CSH,2024,,,,,,
3,13257404,2024-03-12 11:30:00,Октябрьская,"ОКТ, ИЧ-2 Ш",,,,"Пробой, перекрытие трансформатора напряжения линий СЦБ",CSH,2024,,,,,,
3,13258079,2024-03-12 15:41:00,Октябрьская,"ОКТ, ШЧ-4 (Э)",,,,Загрязнение головок рельса,CSH,2024,,,,,,
3,13258499,2024-03-12 23:55:00,Октябрьская,"ОКТ, ШЧ-12",,,,"Нарушение целостности плиты перекрытия, с оголением арматуры, находящейся вне габарита приближения к строению",CSH,2024,,,,,,
3,13258532,2024-03-13 01:31:00,Октябрьская,"ОКТ, ШЧ-21",,,,"Транзисторы, обрыв",CSH,2024,,,,,,
3,13260632,2024-03-14 06:07:00,Октябрьская,"ОКТ, ШЧ-9 (Э)",,,,Зависание ПО,CSH,2024,,,,,,
3,13260653,2024-03-14 06:29:00,Октябрьская,"ОКТ, ШЧ-3",,,,"Резисторы, потеря контакта",CSH,2024,,,,,,
3,13261239,2024-03-14 11:06:00,Октябрьская,"ОКТ, ШЧ-13 (Э)",,,,Асимметрия тягового тока,CSH,2024,,,,,,
2,13261583,2024-03-14 14:30:00,Октябрьская,"ОКТ, ШЧ-8","1шт ч(к учету 0,38ч)","1шт ч(к учету 0,27ч)",,"Нарушение контакта в штепсельных розетках, сообщение",CSH,2024,1.0,"0,38ч",1.0,"0,27ч",,
3,13261852,2024-03-14 17:01:00,Октябрьская,"ОКТ, ШЧ-8",,,,"Отставание (неприлегание) остряка от рамного рельса на 4 мм и более, измеряемое против первой тяги",CSH,2024,,,,,,
3,13262062,2024-03-15 00:42:00,Октябрьская,"ОКТ, ШЧ-8",,,,"Лампочки индикации, нарушение контакта",CSH,2024,,,,,,
2,13262124,2024-03-15 02:05:00,Октябрьская,"ОКТ, ШЧ-2 (Р)",,"3шт ч(к учету 0,57ч)","3шт ч(к учету 0,47)ч","Контактная система, потеря контакта",CSH,2024,,,3.0,"0,57ч",3.0,"0,47ч"
3,13262258,2024-03-15 05:10:00,Октябрьская,"ОКТ, ШЧ-8",,,,Нарушение изоляции,CSH,2024,,,,,,
3,13262711,2024-03-15 10:50:00,Октябрьская,"ОКТ, ШЧ-9 (Э)",,,,"Светодиоды, неисправность",CSH,2024,,,,,,
2,13263423,2024-03-15 19:09:00,Октябрьская,"ОКТ, ШЧ-23 (Э)",,"1шт ч(к учету 0,2ч)",,"Срабатывание, несоответствие номинала",CSH,2024,,,1.0,"0,2ч",,
3,13263505,2024-03-15 22:07:00,Октябрьская,"ОКТ, ШЧ-23 (Э)",,,,"Срабатывание, несоответствие номинала",CSH,2024,,,,,,
2,13263565,2024-03-16 00:05:00,Октябрьская,"ОКТ, ШЧ-23 (Э)",,"2шт (к учету 1) ч(к учету 0,23ч)",,Неисправность устройства сопряжения с объектами,CSH,2024,,,1.0,"0,23ч",,
3,13264111,2024-03-16 16:15:00,Октябрьская,"ОКТ, ШЧ-16 (Р)",,,,"Контактная система, потеря контакта",CSH,2024,,,,,,
2,13266041,2024-03-16 17:15:00,Октябрьская,"ОКТ, ШЧ-4 (Э)",,,"1шт ч(к учету 0,1)ч","Нарушение контакта в штепсельных розетках, неисправность контактных губок",CSH,2024,,,,,1.0,"0,1ч"
3,13264532,2024-03-17 09:53:00,Октябрьская,"ОКТ, ШЧ-17",,,,Неисправность,CSH,2024,,,,,,
3,13264791,2024-03-17 18:33:00,Октябрьская,"ОКТ, ШЧ-11",,,,"Лампы, перегорание основной нити",CSH,2024,,,,,,
3,13267221,2024-03-19 08:48:00,Октябрьская,"ОКТ, ШЧ-19",,,,"Нарушение контакта в разъемах блоков, излом розеток",CSH,2024,,,,,,
3,13266806,2024-03-19 08:54:00,Октябрьская,"ОКТ, ШЧ-12",,,,Излом основания,CSH,2024,,,,,,
1,13267654,2024-03-19 22:50:00,Октябрьская,"ОКТ, ШЧ-19","7шт ч(к учету 5,67ч)",,,"Срабатывание, несоответствие номинала",CSH,2024,7.0,"5,67ч",,,,
3,13268314,2024-03-20 10:50:00,Октябрьская,"ОКТ, ШЧ-10",,,,"Контактная система, подгар контактов",CSH,2024,,,,,,
3,13269036,2024-03-20 22:05:00,Октябрьская,"ОКТ, ШЧ-13 (Э)",,,,"Нарушение контакта в штепсельных розетках, неисправность контактных губок",CSH,2024,,,,,,
2,13269078,2024-03-20 23:54:00,Октябрьская,"ОКТ, ШЧ-12","1шт ч(к учету 0,2ч)",,"1шт ч(к учету 0,13)ч",Обрыв жил контрольного кабеля линий СЦБ,CSH,2024,1.0,"0,2ч",,,1.0,"0,13ч"
3,13269936,2024-03-21 12:51:00,Октябрьская,"ОКТ, ШЧ-1 (Э)",,,,Нарушение изоляции монтажных проводов,CSH,2024,,,,,,
2,13270000,2024-03-21 13:20:00,Октябрьская,"ОКТ, ШЧ-21","2шт (к учету 1) ч(к учету 1,23ч)",,,Повреждение,CSH,2024,1.0,"1,23ч",,,,
3,13270301,2024-03-21 17:50:00,Октябрьская,"ОКТ, ИЧ-2 Ш",,,,Обрыв жил контрольного кабеля линий СЦБ,CSH,2024,,,,,,
3,13270336,2024-03-21 18:48:00,Октябрьская,"ОКТ, ШЧ-21",,,,"Курбельный контакт, потеря контакта",CSH,2024,,,,,,
3,13270432,2024-03-21 23:26:00,Октябрьская,"ОКТ, ШЧ-20",,,,"Контактная система, увеличенное сопротивление контакта",CSH,2024,,,,,,
3,13270515,2024-03-22 02:38:00,Октябрьская,"ОКТ, ШЧ-19",,,,"Жилы, внутренний обрыв",CSH,2024,,,,,,
3,13272413,2024-03-23 20:25:00,Октябрьская,"ОКТ, ШЧ-3",,,,"Муфта, неисправность",CSH,2024,,,,,,
3,13272448,2024-03-23 21:46:00,Октябрьская,"ОКТ, ИЧ-1 Ш",,,,Обрыв вязки проводов линий СЦБ,CSH,2024,,,,,,
3,13272854,2024-03-24 11:23:00,Октябрьская,"ОКТ, ШЧ-19",,,,"Срабатывание, несоответствие номинала",CSH,2024,,,,,,
2,13275798,2024-03-24 11:50:00,Октябрьская,"ОКТ, ШЧ-12","1шт ч(к учету 0,8ч)",,,"Срабатывание, несоответствие номинала",CSH,2024,1.0,"0,8ч",,,,
3,13273463,2024-03-25 06:51:00,Октябрьская,"ОКТ, ШЧ-16 (Р)",,,,"Нарушение контакта в штепсельных розетках, неисправность контактных губок",CSH,2024,,,,,,
3,13274274,2024-03-25 15:36:00,Октябрьская,"ОКТ, ШЧ-14 (Р)",,,,"Конденсатор, обрыв",CSH,2024,,,,,,
3,13274294,2024-03-25 16:04:00,Октябрьская,"ОКТ, ШЧ-4 (Э)",,,,Сбой АЛС с задержкой поезда,CSH,2024,,,,,,
3,13274497,2024-03-25 21:00:00,Октябрьская,"ОКТ, ШЧ-3",,,,"Лампы, перегорание резервной нити",CSH,2024,,,,,,
3,13275764,2024-03-26 16:05:00,Октябрьская,"ОКТ, ШЧ-3",,,,"Нарушение контакта в разъемах блоков, неисправность контактных губок",CSH,2024,,,,,,
3,13275885,2024-03-26 19:00:00,Октябрьская,"ОКТ, ИЧ-2 Ш",,,,Обрыв монтажного провода,CSH,2024,,,,,,
1,13275931,2024-03-26 19:55:00,Октябрьская,"ОКТ, ШЧ-23 (Э)","1шт ч(к учету 1,47ч)","2шт ч(к учету 0,38ч)",,Неисправность аппаратной части объектного контроллера,CSH,2024,1.0,"1,47ч",2.0,"0,38ч",,
2,13276166,2024-03-27 02:40:00,Октябрьская,"ОКТ, ШЧ-9 (Э)","1шт ч(к учету 0,98ч)",,,"Срабатывание (перегорание), воздействие тягового тока",CSH,2024,1.0,"0,98ч",,,,
3,13276660,2024-03-27 09:32:00,Октябрьская,"ОКТ, ШЧ-12",,,,Сбой АЛС с задержкой поезда,CSH,2024,,,,,,
3,13276913,2024-03-27 11:19:00,Октябрьская,"ОКТ, ШЧ-23 (Э)",,,,"Жилы, обрыв",CSH,2024,,,,,,
3,13277473,2024-03-27 16:15:00,Октябрьская,"ОКТ, ШЧ-5 (Э)",,,,"Срабатывание (перегорание), коммутационные перенапряжения",CSH,2024,,,,,,
2,13277541,2024-03-27 18:41:00,Октябрьская,"ОКТ, ШЧ-15 (Э)",,,"1шт ч(к учету 0,32)ч","Жилы, внутренний обрыв",CSH,2024,,,,,1.0,"0,32ч"
3,13277641,2024-03-27 23:08:00,Октябрьская,"ОКТ, ШЧ-11",,,,"Кнопки, потеря контакта в штепсельном разъеме",CSH,2024,,,,,,
2,13279051,2024-03-29 00:50:00,Октябрьская,"ОКТ, ШЧ-12","3шт ч(к учету 1,87ч)",,,"Срабатывание, несоответствие номинала",CSH,2024,3.0,"1,87ч",,,,
3,13301656,2024-03-29 02:21:00,Октябрьская,"ОКТ, ШЧ-14 (Р)","1шт ч(к учету 0,05ч)",,,"Контактная система, подгар контактов",CSH,2024,1.0,"0,05ч",,,,
1,13279169,2024-03-29 03:20:00,Октябрьская,"ОКТ, ШЧ-14 (Р)","6шт ч(к учету 5,4ч)",,,"Контактная система, подгар контактов",CSH,2024,6.0,"5,4ч",,,,
1,13280001,2024-03-29 18:25:00,Октябрьская,"ОКТ, ШЧ-23 (Э)","3шт ч(к учету 1,93ч)",,,Неисправность аппаратной части объектного контроллера,CSH,2024,3.0,"1,93ч",,,,
3,13280605,2024-03-30 09:12:00,Октябрьская,"ОКТ, ШЧ-15 (Э)",,,,"Электродвигатель, прочие типы, неисправность",CSH,2024,,,,,,
3,13281297,2024-03-31 07:29:00,Октябрьская,"ОКТ, ШЧ-11",,,,"Монтаж, нарушение состояния паек",CSH,2024,,,,,,
2,13282671,2024-04-01 11:39:00,Октябрьская,"ОКТ, ШЧ-19","3шт ч(к учету 1,1ч)",,,"Срабатывание, воздействие тягового тока",CSH,2024,3.0,"1,1ч",,,,
3,13282977,2024-04-01 14:20:00,Октябрьская,"ОКТ, ШЧ-3",,,,"Коммутаторы, нарушение регулировки контакта",CSH,2024,,,,,,
2,13283248,2024-04-01 16:32:00,Октябрьская,"ОКТ, ШЧ-12",,,"1шт ч(к учету 0,12)ч","Срабатывание, атмосферные перенапряжения",CSH,2024,,,,,1.0,"0,12ч"
3,13283267,2024-04-01 16:50:00,Октябрьская,"ОКТ, ШЧ-11",,,,"Конденсатор, снижение емкости",CSH,2024,,,,,,
3,13283290,2024-04-01 17:40:00,Октябрьская,"ОКТ, ШЧ-14 (Р)",,,,"Конденсатор, короткое замыкание",CSH,2024,,,,,,
3,13283837,2024-04-02 07:59:00,Октябрьская,"ОКТ, ШЧ-19",,,,"Срабатывание, несоответствие номинала",CSH,2024,,,,,,
3,13284192,2024-04-02 10:00:00,Октябрьская,"ОКТ, ШЧ-10",,,,"Контактная система, подгар контактов",CSH,2024,,,,,,
2,13284416,2024-04-02 11:27:00,Октябрьская,"ОКТ, ШЧ-1 (Э)",,,"1шт ч(к учету 0,13)ч","Не срабатывание (не перегорание), нарушение контакта штепсельного разъема, некачественная пайка",CSH,2024,,,,,1.0,"0,13ч"
3,13285805,2024-04-03 00:45:00,Октябрьская,"ОКТ, ШЧ-12",,,,"Кнопки, замыкание разомкнутых контактов посторонним предметом",CSH,2024,,,,,,
3,13287778,2024-04-03 08:00:00,Октябрьская,"ОКТ, ШЧ-12",,,,Ослабление крепления,CSH,2024,,,,,,
3,13287790,2024-04-03 08:00:00,Октябрьская,"ОКТ, ШЧ-12",,,,Ослабление крепления,CSH,2024,,,,,,
3,13287389,2024-04-03 13:05:00,Октябрьская,"ОКТ, ШЧ-11",,,,"Диод, пробой",CSH,2024,,,,,,
2,13288480,2024-04-03 20:52:00,Октябрьская,"ОКТ, ШЧ-11",,,"1шт ч(к учету 0,2)ч",Отключение внешнего электроснабжения,CSH,2024,,,,,1.0,"0,2ч"
3,13288560,2024-04-03 21:50:00,Октябрьская,"ОКТ, ШЧ-17",,,,"Срабатывание, несоответствие номинала",CSH,2024,,,,,,
2,13288921,2024-04-04 03:44:00,Октябрьская,"ОКТ, ШЧ-15 (Э)","1шт ч(к учету 0,27ч)",,,Излом штепселя,CSH,2024,1.0,"0,27ч",,,,
3,13289071,2024-04-04 06:01:00,Октябрьская,"ОКТ, ШЧ-13 (Э)",,,,Асимметрия тягового тока,CSH,2024,,,,,,
3,13289590,2024-04-04 09:49:00,Октябрьская,"ОКТ, ШЧ-9 (Э)",,,,Неисправность,CSH,2024,,,,,,
2,13290917,2024-04-04 16:12:00,Октябрьская,"ОКТ, ШЧ-11","1шт ч(к учету 0,43ч)",,"1шт ч(к учету 0,22)ч","Автопереключатель, разрегулировка контактов",CSH,2024,1.0,"0,43ч",,,1.0,"0,22ч"
1,13293513,2024-04-05 23:08:00,Октябрьская,"ОКТ, ШЧ-12","18шт ч(к учету 14,13ч)","2шт (к учету 1) ч(к учету 0,65ч)",,Обрыв жил контрольного кабеля линий СЦБ,CSH,2024,18.0,"14,13ч",1.0,"0,65ч",,
2,13293603,2024-04-06 01:58:00,Октябрьская,"ОКТ, ШЧ-3",,"1шт ч(к учету 0,15ч)",,Неисправность устройства сопряжения с объектами,CSH,2024,,,1.0,"0,15ч",,
3,13293807,2024-04-06 07:31:00,Октябрьская,"ОКТ, ШЧ-19",,,,"Линзы, бой",CSH,2024,,,,,,
3,13293876,2024-04-06 09:13:00,Октябрьская,"ОКТ, ШЧ-12",,,,Сбой АЛС с задержкой поезда,CSH,2024,,,,,,
3,13295184,2024-04-07 11:16:00,Октябрьская,"ОКТ, ШЧ-17",,,,"Срабатывание, коммутационные перенапряжения",CSH,2024,,,,,,
2,13295344,2024-04-07 14:08:00,Октябрьская,"ОКТ, ШЧ-11","4шт ч(к учету 1,07ч)",,,Обрыв,CSH,2024,4.0,"1,07ч",,,,
3,13295463,2024-04-07 16:16:00,Октябрьская,"ОКТ, ШЧ-23 (Э)",,,,Нарушение контакта трос/штепсель,CSH,2024,,,,,,
3,13296009,2024-04-08 02:10:00,Октябрьская,"ОКТ, ШЧ-19",,,,"Жилы, сообщение",CSH,2024,,,,,,
3,13295948,2024-04-08 02:55:00,Октябрьская,"ОКТ, ШЧ-3",,,,"Жилы, сообщение",CSH,2024,,,,,,
2,13296292,2024-04-08 08:06:00,Октябрьская,"ОКТ, ШЧ-7 (Р)",,"7шт (к учету 4) ч(к учету 1,57ч)","2шт ч(к учету 0,37)ч","Срабатывание (перегорание), воздействие тягового тока",CSH,2024,,,4.0,"1,57ч",2.0,"0,37ч"
3,13296371,2024-04-08 08:08:00,Октябрьская,"ОКТ, ИЧ-2 Ш",,,,Обрыв жил контрольного кабеля линий СЦБ,CSH,2024,,,,,,
3,13296939,2024-04-08 12:10:00,Октябрьская,"ОКТ, ШЧ-9 (Э)",,,,Обрыв жил контрольного кабеля линий СЦБ,CSH,2024,,,,,,
3,13297860,2024-04-08 22:33:00,Октябрьская,"ОКТ, ШЧ-4 (Э)",,,,"Фрикционное сцепление, разрегулировка",CSH,2024,,,,,,
3,13297884,2024-04-08 23:19:00,Октябрьская,"ОКТ, ШЧ-12",,,,Неисправность,CSH,2024,,,,,,
3,13298139,2024-04-09 04:57:00,Октябрьская,"ОКТ, ШЧ-9 (Э)",,,,Обрыв проводов линий СЦБ,CSH,2024,,,,,,
1,13299770,2024-04-09 13:56:00,Октябрьская,"ОКТ, ШЧ-12","7шт ч(к учету 3,68ч)",,"3шт ч(к учету 1,92)ч",Обрыв жил контрольного кабеля линий СЦБ,CSH,2024,7.0,"3,68ч",,,3.0,"1,92ч"
2,13300765,2024-04-10 04:37:00,Октябрьская,"ОКТ, ШЧ-19","1шт ч(к учету 0,52ч)",,,Реле блока автоматического регулирования,CSH,2024,1.0,"0,52ч",,,,
3,13300859,2024-04-10 05:02:00,Октябрьская,"ОКТ, ШЧ-23 (Э)",,,,"Срабатывание, несоответствие номинала",CSH,2024,,,,,,
3,13301408,2024-04-10 10:08:00,Октябрьская,"ОКТ, ИЧ-1 Ш",,,,"Монтаж, нарушение состояния паек",CSH,2024,,,,,,
3,13302906,2024-04-10 15:22:00,Октябрьская,"ОКТ, ИЧ-ЮЖ Ш",,,,"Пробой, перекрытие предохранителя линии СЦБ",CSH,2024,,,,,,
3,13302839,2024-04-10 15:46:00,Октябрьская,"ОКТ, ШЧ-23 (Э)",,,,"Нарушение контакта в штепсельных розетках, неисправность контактных губок",CSH,2024,,,,,,
3,13302905,2024-04-10 18:12:00,Октябрьская,"ОКТ, ШЧ-10",,,,"Контактная система, подгар контактов",CSH,2024,,,,,,
2,13302943,2024-04-10 18:20:00,Октябрьская,"ОКТ, ШЧ-14 (Р)",,,"1шт ч(к учету 0,1)ч","Контактная система, потеря контакта",CSH,2024,,,,,1.0,"0,1ч"
3,13304056,2024-04-11 09:35:00,Октябрьская,"ОКТ, ШЧ-11",,,,"Короткое замыкание, закорачивание по поверхности катания",CSH,2024,,,,,,
2,13305716,2024-04-12 02:28:00,Октябрьская,"ОКТ, ШЧ-3","1шт ч(к учету 0,33ч)",,,"Клеммная колодка пайка, короткое замыкание",CSH,2024,1.0,"0,33ч",,,,
3,13307801,2024-04-13 05:11:00,Октябрьская,"ОКТ, ШЧ-3",,,,"Лампы, перегорание основной нити",CSH,2024,,,,,,
3,13308455,2024-04-13 19:58:00,Октябрьская,"ОКТ, ШЧ-14 (Р)",,,,"Внутренний монтаж, неисправность микросхемы",CSH,2024,,,,,,
3,13308593,2024-04-14 00:05:00,Октябрьская,"ОКТ, ШЧ-11",,,,"Автопереключатель, излом ножевых колодок",CSH,2024,,,,,,
3,13308630,2024-04-14 01:45:00,Октябрьская,"ОКТ, ШЧ-17",,,,"Нарушение контакта в разъемах блоков, неисправность контактных губок",CSH,2024,,,,,,
3,13308838,2024-04-14 08:13:00,Октябрьская,"ОКТ, ШЧ-12",,,,Неисправность монтажа,CSH,2024,,,,,,
3,13308990,2024-04-14 11:44:00,Октябрьская,"ОКТ, ШЧ-12",,,,"Сигнальная обмотка, обрыв",CSH,2024,,,,,,
2,13309489,2024-04-14 22:47:00,Октябрьская,"ОКТ, ШЧ-20","2шт ч(к учету 0,98ч)","1шт ч(к учету 0,12ч)",,"Контактная система, потеря контакта",CSH,2024,2.0,"0,98ч",1.0,"0,12ч",,
3,13309593,2024-04-15 01:07:00,Октябрьская,"ОКТ, ШЧ-3",,,,"Лампы, перегорание основной нити",CSH,2024,,,,,,
3,13309649,2024-04-15 01:46:00,Октябрьская,"ОКТ, ШЧ-17",,,,Потеря контакта на посту,CSH,2024,,,,,,
3,13309776,2024-04-15 04:42:00,Октябрьская,"ОКТ, ШЧ-12",,,,Обрыв жил контрольного кабеля линий СЦБ,CSH,2024,,,,,,
3,13310848,2024-04-15 16:00:00,Октябрьская,"ОКТ, ШЧ-12",,,,"Цугальты, излом",CSH,2024,,,,,,
2,13311324,2024-04-16 04:14:00,Октябрьская,"ОКТ, ШЧ-4 (Э)",,"2шт (к учету 1) ч(к учету 0,27ч)",,"Контактная система, подгар контактов",CSH,2024,,,1.0,"0,27ч",,
3,13311515,2024-04-16 06:15:00,Октябрьская,"ОКТ, ШЧ-16 (Р)",,,,"Обмотка, обрыв обмотки",CSH,2024,,,,,,
3,13311671,2024-04-16 07:43:00,Октябрьская,"ОКТ, ШЧ-12",,,,"Слабая затяжка , сползание зажимов линий СЦБ",CSH,2024,,,,,,
2,13311672,2024-04-16 08:00:00,Октябрьская,"ОКТ, ШЧ-12",,,"1шт ч(к учету 0,1)ч","Курбельный контакт, разрегулировка",CSH,2024,,,,,1.0,"0,1ч"
2,13312583,2024-04-16 15:55:00,Октябрьская,"ОКТ, ШЧ-1 (Э)",,,"1шт ч(к учету 0,12)ч",Люфты в соединении узлов деталей внешнего замыкателя более допуска,CSH,2024,,,,,1.0,"0,12ч"
3,13313341,2024-04-17 06:20:00,Октябрьская,"ОКТ, ШЧ-11",,,,"Жилы, внутренний обрыв",CSH,2024,,,,,,
3,13313946,2024-04-17 10:00:00,Октябрьская,"ОКТ, ШЧ-11",,,,Сообщение,CSH,2024,,,,,,
3,13314990,2024-04-18 00:40:00,Октябрьская,"ОКТ, ШЧ-23 (Э)",,,,Обрыв пластин,CSH,2024,,,,,,
2,13315045,2024-04-18 02:11:00,Октябрьская,"ОКТ, ШЧ-3",,"2шт ч(к учету 0,38ч)",,"Контактная система, увеличенное сопротивление",CSH,2024,,,2.0,"0,38ч",,
3,13315832,2024-04-18 10:57:00,Октябрьская,"ОКТ, ШЧ-8",,,,Понижение сопротивления изоляции,CSH,2024,,,,,,
3,13316690,2024-04-18 20:25:00,Октябрьская,"ОКТ, ШЧ-9 (Э)",,,,"Отставание (неприлегание) остряка от рамного рельса на 4 мм и более, измеряемое против первой тяги",CSH,2024,,,,,,
3,13317171,2024-04-19 07:10:00,Октябрьская,"ОКТ, ШЧ-23 (Э)",,,,Неисправность аппаратной части объектного контроллера,CSH,2024,,,,,,
2,13318093,2024-04-19 15:41:00,Октябрьская,"ОКТ, ШЧ-15 (Э)","2шт ч(к учету 0,97ч)","2шт (к учету 1) ч(к учету 0,73ч)",,"Жилы, внутренний обрыв",CSH,2024,2.0,"0,97ч",1.0,"0,73ч",,
2,13318202,2024-04-19 16:53:00,Октябрьская,"ОКТ, ШЧ-11",,,"3шт ч(к учету 0,77)ч","Конденсатор, снижение емкости",CSH,2024,,,,,3.0,"0,77ч"
3,13318485,2024-04-19 23:36:00,Октябрьская,"ОКТ, ШЧ-21",,,,"Нарушение контакта в разъемах блоков, сообщение",CSH,2024,,,,,,
3,13318889,2024-04-20 09:42:00,Октябрьская,"ОКТ, ШЧ-4 (Э)",,,,Нарушение контакта штепсель/рельс,CSH,2024,,,,,,
2,13319719,2024-04-21 01:01:00,Октябрьская,"ОКТ, ШЧ-10","1шт ч(к учету 0,38ч)",,,"Срабатывание (перегорание), воздействие тягового тока",CSH,2024,1.0,"0,38ч",,,,
3,13319699,2024-04-21 01:57:00,Октябрьская,"ОКТ, ШЧ-9 (Э)",,,,Обрыв проводов линий СЦБ,CSH,2024,,,,,,
2,13319731,2024-04-21 02:39:00,Октябрьская,"ОКТ, ШЧ-8","5шт ч(к учету 2,42ч)",,,Обрыв монтажного провода,CSH,2024,5.0,"2,42ч",,,,
2,13320580,2024-04-21 14:25:00,Октябрьская,"ОКТ, ШЧ-19","2шт ч(к учету 0,53ч)",,,"Жилы, обрыв",CSH,2024,2.0,"0,53ч",,,,
3,13322088,2024-04-22 12:44:00,Октябрьская,"ОКТ, ШЧ-5 (Э)",,,,"Срабатывание, коммутационные перенапряжения",CSH,2024,,,,,,
3,13322329,2024-04-22 15:10:00,Октябрьская,"ОКТ, ШЧ-8",,,,"Отставание (неприлегание) остряка от рамного рельса на 4 мм и более, измеряемое против первой тяги",CSH,2024,,,,,,
1,13322624,2024-04-22 20:43:00,Октябрьская,"ОКТ, ШЧ-12","12шт (к учету 10) ч(к учету 9,3ч)","1шт ч(к учету 0,38ч)","2шт (к учету 1) ч(к учету 0,3)ч","Диод, перенапряжения, атмосферные",CSH,2024,10.0,"9,3ч",1.0,"0,38ч",1.0,"0,3ч"
2,13331993,2024-04-22 21:06:00,Октябрьская,"ОКТ, ШЧ-11",,"2шт ч(к учету 0,48ч)","2шт ч(к учету 0,47)ч",Неисправность УЗО,CSH,2024,,,2.0,"0,48ч",2.0,"0,47ч"
2,13323465,2024-04-23 04:46:00,Октябрьская,"ОКТ, ШЧ-17",,,"1шт ч(к учету 0,22)ч","Лампы, перегорание основной нити",CSH,2024,,,,,1.0,"0,22ч"
3,13324579,2024-04-23 16:49:00,Октябрьская,"ОКТ, ШЧ-23 (Э)",,,,"Не срабатывание (не перегорание), несоответствие номинала",CSH,2024,,,,,,
3,13324698,2024-04-23 19:40:00,Октябрьская,"ОКТ, ШЧ-10",,,,"Срабатывание, воздействие тягового тока",CSH,2024,,,,,,
3,13324806,2024-04-23 23:26:00,Октябрьская,"ОКТ, ШЧ-4 (Э)",,,,Зависание ПО,CSH,2024,,,,,,
2,13324863,2024-04-24 00:06:00,Октябрьская,"ОКТ, ШЧ-9 (Э)",,,"1шт ч(к учету 0,2)ч","Срабатывание (перегорание), воздействие тягового тока",CSH,2024,,,,,1.0,"0,2ч"
2,13325076,2024-04-24 03:30:00,Октябрьская,"ОКТ, ШЧ-16 (Р)","1шт ч(к учету 0,28ч)",,,"Контактная система, подгар контактов",CSH,2024,1.0,"0,28ч",,,,
3,13325534,2024-04-24 07:12:00,Октябрьская,"ОКТ, ШЧ-15 (Э)","1шт ч(к учету 0,23ч)",,,"Электродвигатель, постоянного тока (МСП, ДСП), обрыв внутреннего монтажа",CSH,2024,1.0,"0,23ч",,,,
2,13326162,2024-04-24 11:41:00,Октябрьская,"ОКТ, ШЧ-14 (Р)","6шт ч(к учету 2,63ч)",,,"Кнопки, механическое заедание кнопки",CSH,2024,6.0,"2,63ч",,,,
3,13326215,2024-04-24 11:50:00,Октябрьская,"ОКТ, ШЧ-15 (Э)",,,,"Контактная система, сваривание",CSH,2024,,,,,,
3,13326882,2024-04-24 17:03:00,Октябрьская,"ОКТ, ШЧ-5 (Э)",,,,"БСМ, МУН, неисправность",CSH,2024,,,,,,
1,13326934,2024-04-24 17:20:00,Октябрьская,"ОКТ, ШЧ-16 (Р)",9шт ч(к учету 7ч),"1шт ч(к учету 0,1ч)",,"Контактная система, потеря контакта",CSH,2024,7.0,7ч,1.0,"0,1ч",,
3,13327987,2024-04-25 09:27:00,Октябрьская,"ОКТ, ШЧ-10",,,,"Жилы, сообщение",CSH,2024,,,,,,
3,13328268,2024-04-25 11:01:00,Октябрьская,"ОКТ, ИЧ-ЮЖ Ш",,,,Просадка напряжения на питающей линии,CSH,2024,,,,,,
3,13328311,2024-04-25 11:30:00,Октябрьская,"ОКТ, ШЧ-19",,,,"Обрыв троса, внешнее воздействие",CSH,2024,,,,,,
3,13328626,2024-04-25 12:40:00,Октябрьская,"ОКТ, ШЧ-15 (Э)",,,,Сбой АЛС с задержкой поезда,CSH,2024,,,,,,
3,13328890,2024-04-25 16:34:00,Октябрьская,"ОКТ, ШЧ-19",,,,"Срабатывание (перегорание), коммутационные перенапряжения",CSH,2024,,,,,,
2,13329215,2024-04-26 00:45:00,Октябрьская,"ОКТ, ШЧ-4 (Э)",,"2шт ч(к учету 0,3ч)",,Неисправность контактора,CSH,2024,,,2.0,"0,3ч",,
3,13329610,2024-04-26 06:05:00,Октябрьская,"ОКТ, ШЧ-14 (Р)",,,,"Кнопки, механическое заедание кнопки",CSH,2024,,,,,,
2,13331992,2024-04-27 13:00:00,Октябрьская,"ОКТ, ШЧ-17","1шт ч(к учету 0,42ч)","1шт ч(к учету 0,22ч)",,"Жилы, внутренний обрыв",CSH,2024,1.0,"0,42ч",1.0,"0,22ч",,
2,13332455,2024-04-27 18:39:00,Октябрьская,"ОКТ, ШЧ-11","1шт ч(к учету 0,25ч)",,,"Электродвигатель, прочие типы, неисправность",CSH,2024,1.0,"0,25ч",,,,
3,13332693,2024-04-28 02:24:00,Октябрьская,"ОКТ, ШЧ-12",,,,Перегорание,CSH,2024,,,,,,
3,13332786,2024-04-28 05:00:00,Октябрьская,"ОКТ, ШЧ-20",,,,"Контактная система, увеличенное сопротивление",CSH,2024,,,,,,
3,13332829,2024-04-28 06:20:00,Октябрьская,"ОКТ, ШЧ-23 (Э)",,,,Неисправность аппаратной части объектного контроллера,CSH,2024,,,,,,
3,13333033,2024-04-28 09:28:00,Октябрьская,"ОКТ, ШЧ-12",,,,"Ламподержатель, нарушение контакта",CSH,2024,,,,,,
3,13334728,2024-04-29 23:25:00,Октябрьская,"ОКТ, ИЧ-2 Ш",,,,Пробой изоляции контрольного кабеля линий СЦБ,CSH,2024,,,,,,
3,13334680,2024-04-30 03:21:00,Октябрьская,"ОКТ, ШЧ-11",,,,"Обмотка, обрыв",CSH,2024,,,,,,
2,13334922,2024-04-30 08:55:00,Октябрьская,"ОКТ, ШЧ-16 (Р)","4шт ч(к учету 3,03ч)",,,Зависание ПО,CSH,2024,4.0,"3,03ч",,,,
3,13335603,2024-05-01 04:05:00,Октябрьская,"ОКТ, ШЧ-5 (Э)",,,,"Срабатывание (перегорание), коммутационные перенапряжения",CSH,2024,,,,,,
3,13335711,2024-05-01 07:00:00,Октябрьская,"ОКТ, ШЧ-16 (Р)",,,,"Диод, обрыв",CSH,2024,,,,,,
2,13336422,2024-05-02 02:25:00,Октябрьская,"ОКТ, ШЧ-19","2шт ч(к учету 1,1ч)",,,"Обмотка, короткое замыкание",CSH,2024,2.0,"1,1ч",,,,
2,13336435,2024-05-02 02:40:00,Октябрьская,"ОКТ, ШЧ-9 (Э)","4шт (к учету 3) ч(к учету 0,7ч)","4шт (к учету 2) ч(к учету 0,45ч)","4шт ч(к учету 0,57)ч",Неисправность устройств электроснабжения,CSH,2024,3.0,"0,7ч",2.0,"0,45ч",4.0,"0,57ч"
3,13336523,2024-05-02 03:18:00,Октябрьская,"ОКТ, ШЧ-13 (Э)",,,,"Срабатывание, несоответствие номинала",CSH,2024,,,,,,
1,13336526,2024-05-02 03:58:00,Октябрьская,"ОКТ, ШЧ-10","13шт ч(к учету 11,8ч)","2шт ч(к учету 0,72ч)","9шт ч(к учету 1,43)ч","Контактная система, потеря контакта",CSH,2024,13.0,"11,8ч",2.0,"0,72ч",9.0,"1,43ч"
3,13337442,2024-05-02 12:20:00,Октябрьская,"ОКТ, ШЧ-8",,,,Прочие неисправности,CSH,2024,,,,,,
2,13340826,2024-05-03 22:30:00,Октябрьская,"ОКТ, ШЧ-15 (Э)",,"1шт ч(к учету 0,12ч)",,"Жилы, внутренний обрыв",CSH,2024,,,1.0,"0,12ч",,
3,13342925,2024-05-05 16:55:00,Октябрьская,"ОКТ, ШЧ-17",,,,"Лампы, перегорание основной нити",CSH,2024,,,,,,
3,13344166,2024-05-06 10:51:00,Октябрьская,"ОКТ, ШЧ-21",,,,"Нарушение контакта в штепсельных розетках, неисправность контактных губок",CSH,2024,,,,,,
1,13345247,2024-05-06 14:06:00,Октябрьская,"ОКТ, ШЧ-12","2шт ч(к учету 3,47ч)",,,Неисправность блока питания,CSH,2024,2.0,"3,47ч",,,,
3,13345401,2024-05-06 17:12:00,Октябрьская,"ОКТ, ШЧ-14 (Р)",,,,"Лампы, перегорание основной нити",CSH,2024,,,,,,
2,13345612,2024-05-06 23:32:00,Октябрьская,"ОКТ, ШЧ-3","2шт ч(к учету 0,45ч)","1шт ч(к учету 0,2ч)",,"Контактная система, потеря контакта",CSH,2024,2.0,"0,45ч",1.0,"0,2ч",,
3,13347893,2024-05-07 15:38:00,Октябрьская,"ОКТ, ШЧ-17",,,,"Жилы, внутренний обрыв",CSH,2024,,,,,,
3,13352131,2024-05-10 10:45:00,Октябрьская,"ОКТ, ШЧ-20",,,,"Контактная система, потеря контакта",CSH,2024,,,,,,
3,13352529,2024-05-10 14:43:00,Октябрьская,"ОКТ, ИЧ-ЮЖ Ш",,,,"Пробой, перекрытие предохранителя линии СЦБ",CSH,2024,,,,,,
3,13352860,2024-05-11 05:34:00,Октябрьская,"ОКТ, ШЧ-19",,,,"Основная обмотка, короткое замыкание",CSH,2024,,,,,,
2,13353276,2024-05-11 11:14:00,Октябрьская,"ОКТ, ШЧ-16 (Р)","1шт ч(к учету 0,97ч)",,,"Контактная система, Потеря контакта",CSH,2024,1.0,"0,97ч",,,,
3,13353678,2024-05-12 02:06:00,Октябрьская,"ОКТ, ШЧ-11",,,,"Контактная система, увеличенное сопротивление",CSH,2024,,,,,,
3,13353785,2024-05-12 05:36:00,Октябрьская,"ОКТ, ШЧ-19",,,,"Жилы, внутренний обрыв",CSH,2024,,,,,,
3,13358318,2024-05-14 13:27:00,Октябрьская,"ОКТ, ШЧ-7 (Р)",,,,Неисправность,CSH,2024,,,,,,
2,13358612,2024-05-14 16:47:00,Октябрьская,"ОКТ, ШЧ-11","1шт ч(к учету 0,35ч)",,,"Резистор, обрыв",CSH,2024,1.0,"0,35ч",,,,
3,13358769,2024-05-14 20:05:00,Октябрьская,"ОКТ, ШЧ-14 (Р)",,,,"Конденсатор, снижение емкости конденсатора",CSH,2024,,,,,,
3,13359004,2024-05-15 02:48:00,Октябрьская,"ОКТ, ШЧ-19",,,,"Нарушение контакта в штепсельных розетках, неисправность контактных губок",CSH,2024,,,,,,
3,13359005,2024-05-15 03:05:00,Октябрьская,"ОКТ, ШЧ-5 (Э)",,,,Нарушение изоляции монтажных проводов,CSH,2024,,,,,,
3,13361733,2024-05-15 07:16:00,Октябрьская,"ОКТ, ШЧ-7 (Р)",,,,"Конденсатор, снижение емкости",CSH,2024,,,,,,
2,13360723,2024-05-15 16:59:00,Октябрьская,"ОКТ, ШЧ-21","12шт ч(к учету 7,45ч)","1шт ч(к учету 0,47ч)",,"Нарушение контакта в штепсельных розетках, сообщение",CSH,2024,12.0,"7,45ч",1.0,"0,47ч",,
3,13361532,2024-05-16 08:05:00,Октябрьская,"ОКТ, ШЧ-11",,,,"Контактная система, потеря контакта",CSH,2024,,,,,,
3,13362571,2024-05-16 17:30:00,Октябрьская,"ОКТ, ШЧ-20",,,,"Диоды, короткое замыкание",CSH,2024,,,,,,
2,13362937,2024-05-17 03:10:00,Октябрьская,"ОКТ, ШЧ-20","1шт ч(к учету 0,32ч)",,,"Конденсатор, снижение емкости",CSH,2024,1.0,"0,32ч",,,,
3,13364079,2024-05-17 17:20:00,Октябрьская,"ОКТ, ШЧ-8",,,,Нарушение контакта штепсель/рельс,CSH,2024,,,,,,
2,13364240,2024-05-17 23:47:00,Октябрьская,"ОКТ, ШЧ-7 (Р)",,"1шт ч(к учету 0,18ч)",,"Контактная система, подгар контактов",CSH,2024,,,1.0,"0,18ч",,
3,13364363,2024-05-18 02:08:00,Октябрьская,"ОКТ, ШЧ-3",,,,Повреждение изоляции,CSH,2024,,,,,,
2,13365091,2024-05-18 17:40:00,Октябрьская,"ОКТ, ШЧ-21","8шт (к учету 6) ч(к учету 4,73ч)","1шт ч(к учету 0,75ч)",,"Нарушение контакта в штепсельных розетках, излом розеток",CSH,2024,6.0,"4,73ч",1.0,"0,75ч",,
2,13365067,2024-05-18 17:48:00,Октябрьская,"ОКТ, ШЧ-7 (Р)",,,"4шт ч(к учету 1,32)ч","Электродвигатель, постоянного тока (МСП, ДСП), обрыв внутреннего монтажа",CSH,2024,,,,,4.0,"1,32ч"
3,13365207,2024-05-18 20:49:00,Октябрьская,"ОКТ, ИЧ-2 Ш",,,,Обрыв жил контрольного кабеля линий СЦБ,CSH,2024,,,,,,
3,13365279,2024-05-19 00:12:00,Октябрьская,"ОКТ, ШЧ-17",,,,Излом наконечника,CSH,2024,,,,,,
3,13365822,2024-05-19 13:29:00,Октябрьская,"ОКТ, ШЧ-21",,,,"Срабатывание, воздействие тягового тока",CSH,2024,,,,,,
2,13366115,2024-05-19 18:29:00,Октябрьская,"ОКТ, ШЧ-2 (Р)",,,"1шт ч(к учету 0,22)ч","Контактная система, увеличенное сопротивление контакта",CSH,2024,,,,,1.0,"0,22ч"
2,13366192,2024-05-19 20:10:00,Октябрьская,"ОКТ, ИЧ-ЮЖ Ш",,,"2шт (к учету 1) ч(к учету 0,42)ч",Излом штепселя,CSH,2024,,,,,1.0,"0,42ч"
3,13366205,2024-05-19 21:38:00,Октябрьская,"ОКТ, ИЧ-2 Ш",,,,"Нарушение контакта в штепсельных розетках, сообщение",CSH,2024,,,,,,
3,13366422,2024-05-20 01:22:00,Октябрьская,"ОКТ, ШЧ-21",,,,"Автопереключатель, разрегулировка контактов",CSH,2024,,,,,,
3,13366556,2024-05-20 05:23:00,Октябрьская,"ОКТ, ШЧ-11",,,,"Линзы, бой",CSH,2024,,,,,,
3,13367701,2024-05-20 18:36:00,Октябрьская,"ОКТ, ШЧ-3",,,,"Срабатывание (перегорание), воздействие тягового тока",CSH,2024,,,,,,
2,13367893,2024-05-21 00:55:00,Октябрьская,"ОКТ, ШЧ-8","1шт ч(к учету 0,3ч)",,,"Обрыв троса, внешнее воздействие",CSH,2024,1.0,"0,3ч",,,,
3,13368507,2024-05-21 07:59:00,Октябрьская,"ОКТ, ШЧ-19",,,,Излом наконечника,CSH,2024,,,,,,
3,13368636,2024-05-21 09:06:00,Октябрьская,"ОКТ, ШЧ-19",,,,Влияние посторонних источников питания,CSH,2024,,,,,,
2,13368747,2024-05-21 11:04:00,Октябрьская,"ОКТ, ШЧ-5 (Э)",,"1шт ч(к учету 0,18ч)",,Нарушение контакта,CSH,2024,,,1.0,"0,18ч",,
3,13368860,2024-05-21 12:10:00,Октябрьская,"ОКТ, ШЧ-19",,,,Ослабление крепления монтажных проводов на контактах,CSH,2024,,,,,,
3,13368930,2024-05-21 12:37:00,Октябрьская,"ОКТ, ШЧ-14 (Р)",,,,"Транзисторы, обрыв",CSH,2024,,,,,,
3,13369604,2024-05-21 22:36:00,Октябрьская,"ОКТ, ШЧ-10",,,,"Нарушение контакта в штепсельных розетках, неисправность контактных губок",CSH,2024,,,,,,
2,13369837,2024-05-22 01:31:00,Октябрьская,"ОКТ, ШЧ-9 (Э)","12шт ч(к учету 7,88ч)",,,Излом штепселя,CSH,2024,12.0,"7,88ч",,,,
1,13370648,2024-05-22 12:28:00,Октябрьская,"ОКТ, ШЧ-12","6шт ч(к учету 7,7ч)",,"1шт ч(к учету 0,12)ч",Повреждение контрольного кабеля линий СЦБ при работах,CSH,2024,6.0,"7,7ч",,,1.0,"0,12ч"
3,13372019,2024-05-23 00:00:00,Октябрьская,"ОКТ, ИЧ-2 Ш",,,,Обрыв жил контрольного кабеля линий СЦБ,CSH,2024,,,,,,
2,13372120,2024-05-23 09:41:00,Октябрьская,"ОКТ, ШЧ-5 (Э)",,"1шт ч(к учету 0,1ч)",,"Демпфирующие устройства, неисправность",CSH,2024,,,1.0,"0,1ч",,
2,13378318,2024-05-23 14:00:00,Октябрьская,"ОКТ, ШЧ-14 (Р)",,,"1шт ч(к учету 0,38)ч","Внутренний монтаж, обрыв",CSH,2024,,,,,1.0,"0,38ч"
3,13373530,2024-05-24 08:26:00,Октябрьская,"ОКТ, ШЧ-19",,,,Влияние посторонних источников питания,CSH,2024,,,,,,
3,13374379,2024-05-24 19:10:00,Октябрьская,"ОКТ, ШЧ-19",,,,"Диод, пробой",CSH,2024,,,,,,
2,13374523,2024-05-24 19:53:00,Октябрьская,"ОКТ, ИЧ-ЮЖ Ш","1шт ч(к учету 0,82ч)",,,Обрыв жил кабеля линий СЦБ напряжением 6 кВ,CSH,2024,1.0,"0,82ч",,,,
3,13374932,2024-05-25 11:20:00,Октябрьская,"ОКТ, ШЧ-11",,,,"Нарушение контакта в разъемах блоков, замятие контакта",CSH,2024,,,,,,
2,13375177,2024-05-25 17:50:00,Октябрьская,"ОКТ, ШЧ-15 (Э)",,"1шт ч(к учету 0,12ч)",,"Нарушение контакта в штепсельных розетках, неисправность контактных губок",CSH,2024,,,1.0,"0,12ч",,
3,13375228,2024-05-25 19:35:00,Октябрьская,"ОКТ, ШЧ-11",,,,"Нарушение контакта в штепсельных розетках, сообщение",CSH,2024,,,,,,
3,13375462,2024-05-26 05:40:00,Октябрьская,"ОКТ, ШЧ-12",,,,"Ключ-жезл в т.ч. с электрозащелкой, переходное сопротивление в контактах",CSH,2024,,,,,,
3,13375471,2024-05-26 06:35:00,Октябрьская,"ОКТ, ШЧ-11",,,,"Контактная система, увеличенное сопротивление контакта",CSH,2024,,,,,,
3,13375613,2024-05-26 10:15:00,Октябрьская,"ОКТ, ШЧ-8",,,,Неисправность устройств электроснабжения,CSH,2024,,,,,,
2,13375768,2024-05-26 13:27:00,Октябрьская,"ОКТ, ШЧ-15 (Э)",,,"1шт ч(к учету 0,1)ч","Лампы, перегорание основной нити",CSH,2024,,,,,1.0,"0,1ч"
2,13375859,2024-05-26 14:13:00,Октябрьская,"ОКТ, ШЧ-20","2шт ч(к учету 0,47ч)",,,"Срабатывание, несоответствие номинала",CSH,2024,2.0,"0,47ч",,,,
2,13375840,2024-05-26 14:33:00,Октябрьская,"ОКТ, ШЧ-15 (Э)","1шт ч(к учету 0,62ч)",,,"Нарушение контакта в разъемах блоков, излом розеток",CSH,2024,1.0,"0,62ч",,,,
2,13376099,2024-05-26 23:31:00,Октябрьская,"ОКТ, ШЧ-5 (Э)",,"1шт ч(к учету 0,1ч)",,Нарушение контакта штепсель/рельс,CSH,2024,,,1.0,"0,1ч",,
2,13376406,2024-05-27 06:21:00,Октябрьская,"ОКТ, ШЧ-11","3шт ч(к учету 1,55ч)",,"7шт ч(к учету 2,28)ч","Лампочки индикации, перегорание",CSH,2024,3.0,"1,55ч",,,7.0,"2,28ч"
3,13376846,2024-05-27 10:50:00,Октябрьская,"ОКТ, ШЧ-21",,,,"Обмотка, короткое замыкание обмотки",CSH,2024,,,,,,
2,13376824,2024-05-27 11:30:00,Октябрьская,"ОКТ, ШЧ-11",,,"1шт ч(к учету 0,23)ч","Конденсатор, снижение емкости",CSH,2024,,,,,1.0,"0,23ч"
2,13377057,2024-05-27 14:05:00,Октябрьская,"ОКТ, ШЧ-5 (Э)",,"2шт ч(к учету 0,72ч)",,"Жилы, внутренний обрыв",CSH,2024,,,2.0,"0,72ч",,
2,13377159,2024-05-27 14:07:00,Октябрьская,"ОКТ, ШЧ-2 (Р)",2шт ч(к учету 1ч),,,"Электродвигатель, ЭМСУ, неисправность обмотки возбуждения двигателя",CSH,2024,1.0,1ч,,,,
3,13377158,2024-05-27 15:30:00,Октябрьская,"ОКТ, ШЧ-11",,,,"Сигнальная обмотка, обрыв",CSH,2024,,,,,,
2,13377370,2024-05-27 18:10:00,Октябрьская,"ОКТ, ШЧ-19","1шт ч(к учету 0,33ч)",,,Излом повода под гайкой,CSH,2024,1.0,"0,33ч",,,,
1,13377683,2024-05-28 03:23:00,Октябрьская,"ОКТ, ШЧ-12","4шт ч(к учету 4,97ч)",,,"Транзистор, обрыв",CSH,2024,4.0,"4,97ч",,,,
3,13378222,2024-05-28 10:00:00,Октябрьская,"ОКТ, ИЧ-2 Ш",,,,"Конденсатор, обрыв конденсатора",CSH,2024,,,,,,
2,13378676,2024-05-28 15:46:00,Октябрьская,"ОКТ, ШЧ-8",,"1шт ч(к учету 0,1ч)","1шт ч(к учету 0,22)ч","Жилы, обрыв",CSH,2024,,,1.0,"0,1ч",1.0,"0,22ч"
2,13378704,2024-05-28 16:16:00,Октябрьская,"ОКТ, ШЧ-11","1шт ч(к учету 0,17ч)",,"2шт ч(к учету 0,43)ч","Срабатывание (перегорание), атмосферные перенапряжения",CSH,2024,1.0,"0,17ч",,,2.0,"0,43ч"
3,13381670,2024-05-28 17:01:00,Октябрьская,"ОКТ, ШЧ-16 (Р)",,,,"Диод, пробой",CSH,2024,,,,,,
3,13378748,2024-05-28 17:23:00,Октябрьская,"ОКТ, ШЧ-19",,,,"Срабатывание, атмосферные перенапряжения",CSH,2024,,,,,,
3,13378749,2024-05-28 17:25:00,Октябрьская,"ОКТ, ШЧ-11",,,,"Внутренний монтаж, обрыв",CSH,2024,,,,,,
2,13378747,2024-05-28 17:30:00,Октябрьская,"ОКТ, ШЧ-19","1шт ч(к учету 0,87ч)",,,Повреждение оптического кросса ВОЛС,CSH,2024,1.0,"0,87ч",,,,
3,13378803,2024-05-28 18:45:00,Октябрьская,"ОКТ, ИЧ-2 Ш",,,,Нарушение контакта штепсель/рельс,CSH,2024,,,,,,
3,13378820,2024-05-28 18:54:00,Октябрьская,"ОКТ, ШЧ-19",,,,"Срабатывание, атмосферные перенапряжения",CSH,2024,,,,,,
3,13382833,2024-05-28 19:12:00,Октябрьская,"ОКТ, ШЧ-19",,,,"Конденсатор, короткое замыкание",CSH,2024,,,,,,
2,13379071,2024-05-29 01:58:00,Октябрьская,"ОКТ, ШЧ-17","1шт ч(к учету 0,28ч)",,,"Лампы, перегорание основной нити",CSH,2024,1.0,"0,28ч",,,,
3,13379323,2024-05-29 06:31:00,Октябрьская,"ОКТ, ШЧ-19",,,,Отключение внешнего электроснабжения,CSH,2024,,,,,,
3,13379490,2024-05-29 09:00:00,Октябрьская,"ОКТ, ШЧ-21",,,,"Лампы, перегорание основной нити",CSH,2024,,,,,,
2,13379455,2024-05-29 09:05:00,Октябрьская,"ОКТ, ШЧ-11",,,"2шт ч(к учету 0,25)ч","Срабатывание, несоответствие номинала",CSH,2024,,,,,2.0,"0,25ч"
3,13379649,2024-05-29 10:26:00,Октябрьская,"ОКТ, ШЧ-10",,,,"Контактная система, увеличенное сопротивление контакта",CSH,2024,,,,,,
2,13379937,2024-05-29 12:24:00,Октябрьская,"ОКТ, ШЧ-23 (Э)",,,"1шт ч(к учету 0,13)ч","Жилы, обрыв",CSH,2024,,,,,1.0,"0,13ч"
3,13380131,2024-05-29 14:22:00,Октябрьская,"ОКТ, ИЧ-2 Ш",,,,Плохой контакт зажимов линий СЦБ,CSH,2024,,,,,,
3,13382548,2024-05-29 15:44:00,Октябрьская,"ОКТ, ШЧ-17",,,,"Срабатывание (перегорание), атмосферные перенапряжения",CSH,2024,,,,,,
3,13380565,2024-05-29 19:55:00,Октябрьская,"ОКТ, ШЧ-12",,,,Обрыв жил контрольного кабеля линий СЦБ,CSH,2024,,,,,,
3,13380589,2024-05-29 22:55:00,Октябрьская,"ОКТ, ШЧ-19",,,,"Срабатывание, атмосферные перенапряжения",CSH,2024,,,,,,
3,13382976,2024-05-30 00:20:00,Октябрьская,"ОКТ, ШЧ-19",,,,"Не срабатывание (не перегорание), атмосферные перенапряжения",CSH,2024,,,,,,
3,13380991,2024-05-30 01:12:00,Октябрьская,"ОКТ, ШЧ-10",,,,"Нарушение контакта в штепсельных розетках, неисправность контактных губок",CSH,2024,,,,,,
3,13381745,2024-05-30 13:40:00,Октябрьская,"ОКТ, ИЧ-2 Ш",,,,Неисправность блока контроля напряжения,CSH,2024,,,,,,
3,13381866,2024-05-30 14:16:00,Октябрьская,"ОКТ, ИЧ-2 Ш",,,,Обрыв обмотки,CSH,2024,,,,,,
2,13381978,2024-05-30 15:08:00,Октябрьская,"ОКТ, ШЧ-16 (Р)",,"1шт ч(к учету 0,13ч)","2шт ч(к учету 0,27)ч","Контактная система, потеря контакта",CSH,2024,,,1.0,"0,13ч",2.0,"0,27ч"
3,13381905,2024-05-30 15:57:00,Октябрьская,"ОКТ, ШЧ-20",,,,Неисправность,CSH,2024,,,,,,
3,13382134,2024-05-30 21:00:00,Октябрьская,"ОКТ, ИЧ-2 Ш",,,,Схлестывание проводов линий СЦБ,CSH,2024,,,,,,
2,13382485,2024-05-31 05:57:00,Октябрьская,"ОКТ, ШЧ-23 (Э)",,"1шт ч(к учету 0,13ч)",,"Срабатывание (перегорание), коммутационные перенапряжения",CSH,2024,,,1.0,"0,13ч",,
3,13382789,2024-05-31 10:15:00,Октябрьская,"ОКТ, ШЧ-19",,,,"Контактная система, подгар контактов",CSH,2024,,,,,,
2,13383307,2024-05-31 16:00:00,Октябрьская,"ОКТ, ИЧ-1 Ш","2шт ч(к учету 0,67ч)",,,"Срабатывание, атмосферные перенапряжения",CSH,2024,2.0,"0,67ч",,,,
3,13383290,2024-05-31 16:40:00,Октябрьская,"ОКТ, ШЧ-21",,,,"Срабатывание, атмосферные перенапряжения",CSH,2024,,,,,,
3,13383345,2024-05-31 17:45:00,Октябрьская,"ОКТ, ШЧ-12",,,,Неисправность устройства сопряжения с объектами,CSH,2024,,,,,,
3,13383386,2024-05-31 18:29:00,Октябрьская,"ОКТ, ШЧ-19",,,,Неисправность,CSH,2024,,,,,,
3,13383520,2024-05-31 22:15:00,Октябрьская,"ОКТ, ИЧ-1 Ш",,,,"Срабатывание, атмосферные перенапряжения",CSH,2024,,,,,,
3,13383527,2024-05-31 22:15:00,Октябрьская,"ОКТ, ИЧ-1 Ш",,,,"Срабатывание, атмосферные перенапряжения",CSH,2024,,,,,,
3,13383580,2024-06-01 01:12:00,Октябрьская,"ОКТ, ШЧ-17",,,,"Монтаж, ослабление крепления",CSH,2024,,,,,,
3,13383710,2024-06-01 04:33:00,Октябрьская,"ОКТ, ШЧ-7 (Р)",,,,"Обмотка, обрыв обмотки",CSH,2024,,,,,,
3,13383797,2024-06-01 06:24:00,Октябрьская,"ОКТ, ШЧ-17",,,,"Срабатывание (перегорание), атмосферные перенапряжения",CSH,2024,,,,,,
3,13384260,2024-06-01 14:57:00,Октябрьская,"ОКТ, ИЧ-2 Ш",,,,Механическое разрушение оборудования пункта питания линий СЦБ,CSH,2024,,,,,,
2,13384293,2024-06-01 15:55:00,Октябрьская,"ОКТ, ШЧ-19","7шт (к учету 4) ч(к учету 3,52ч)","1шт ч(к учету 0,27ч)","1шт ч(к учету 0,28)ч","Срабатывание, атмосферные перенапряжения",CSH,2024,4.0,"3,52ч",1.0,"0,27ч",1.0,"0,28ч"
2,13384338,2024-06-01 17:10:00,Октябрьская,"ОКТ, ШЧ-19","3шт (к учету 1) ч(к учету 1,05ч)",,,"Срабатывание (перегорание), атмосферные перенапряжения",CSH,2024,1.0,"1,05ч",,,,
3,13384643,2024-06-01 17:38:00,Октябрьская,"ОКТ, ИЧ-2 Ш",,,,Неисправность блока контроля напряжения,CSH,2024,,,,,,
2,13384399,2024-06-01 18:50:00,Октябрьская,"ОКТ, ШЧ-21","3шт ч(к учету 1,52ч)",,,"Срабатывание, атмосферные перенапряжения",CSH,2024,3.0,"1,52ч",,,,
2,13384444,2024-06-01 19:44:00,Октябрьская,"ОКТ, ИЧ-2 Ш","3шт (к учету 2) ч(к учету 1,02ч)",,,"Конденсатор, обрыв",CSH,2024,2.0,"1,02ч",,,,
3,13384427,2024-06-01 19:45:00,Октябрьская,"ОКТ, ШЧ-15 (Э)",,,,"Срабатывание, атмосферные перенапряжения",CSH,2024,,,,,,
3,13384439,2024-06-01 20:00:00,Октябрьская,"ОКТ, ИЧ-2 Ш",,,,Неисправность блока контроля напряжения,CSH,2024,,,,,,
3,13384612,2024-06-01 23:10:00,Октябрьская,"ОКТ, ИЧ-2 Ш",,,,Обрыв жил контрольного кабеля линий СЦБ,CSH,2024,,,,,,
2,13384723,2024-06-02 06:08:00,Октябрьская,"ОКТ, ИЧ-2 Ш","1шт ч(к учету 0,3ч)",,,"Конденсатор, обрыв",CSH,2024,1.0,"0,3ч",,,,
3,13384894,2024-06-02 10:33:00,Октябрьская,"ОКТ, ИЧ-2 Ш",,,,"Нарушение контакта в штепсельных розетках, сообщение",CSH,2024,,,,,,
3,13384964,2024-06-02 11:50:00,Октябрьская,"ОКТ, ШЧ-12",,,,Излом основания,CSH,2024,,,,,,
3,13385048,2024-06-02 12:32:00,Октябрьская,"ОКТ, ШЧ-23 (Э)","1шт ч(к учету 0,02ч)",,,"Обмотка, обрыв",CSH,2024,1.0,"0,02ч",,,,
3,13385081,2024-06-02 13:46:00,Октябрьская,"ОКТ, ШЧ-19",,,,"Срабатывание, атмосферные перенапряжения",CSH,2024,,,,,,
2,13385230,2024-06-02 15:52:00,Октябрьская,"ОКТ, ШЧ-8","2шт ч(к учету 1,18ч)",,"1шт ч(к учету 0,23)ч","Срабатывание, атмосферные перенапряжения",CSH,2024,2.0,"1,18ч",,,1.0,"0,23ч"
3,13385179,2024-06-02 16:30:00,Октябрьская,"ОКТ, ИЧ-1 Ш",,,,"Срабатывание, атмосферные перенапряжения",CSH,2024,,,,,,
3,13385192,2024-06-02 16:31:00,Октябрьская,"ОКТ, ИЧ-2 Ш",,,,Обрыв жил контрольного кабеля линий СЦБ,CSH,2024,,,,,,
3,13385219,2024-06-02 16:47:00,Октябрьская,"ОКТ, ИЧ-2 Ш",,,,"Нарушение контакта в разъемах блоков, прожег изоляции",CSH,2024,,,,,,
3,13385208,2024-06-02 17:11:00,Октябрьская,"ОКТ, ИЧ-2 Ш",,,,Плохой контакт зажимов линий СЦБ,CSH,2024,,,,,,
2,13385376,2024-06-02 17:27:00,Октябрьская,"ОКТ, ШЧ-19","3шт (к учету 2) ч(к учету 1,33ч)",,"1шт ч(к учету 0,13)ч","Срабатывание (перегорание), атмосферные перенапряжения",CSH,2024,2.0,"1,33ч",,,1.0,"0,13ч"
3,13385382,2024-06-02 19:29:00,Октябрьская,"ОКТ, ИЧ-2 Ш",,,,Плохой контакт зажимов линий СЦБ,CSH,2024,,,,,,
3,13385307,2024-06-02 19:52:00,Октябрьская,"ОКТ, ИЧ-2 Ш",,,,Разрегулировка проводов линий СЦБ,CSH,2024,,,,,,
3,13385306,2024-06-02 19:55:00,Октябрьская,"ОКТ, ИЧ-2 Ш",,,,Разрегулировка проводов линий СЦБ,CSH,2024,,,,,,
3,13385350,2024-06-02 20:00:00,Октябрьская,"ОКТ, ИЧ-2 Ш",,,,"Нарушение контакта в разъемах блоков, прожег изоляции",CSH,2024,,,,,,
3,13385349,2024-06-02 20:05:00,Октябрьская,"ОКТ, ИЧ-2 Ш",,,,Разрегулировка проводов линий СЦБ,CSH,2024,,,,,,
2,13385377,2024-06-02 21:49:00,Октябрьская,"ОКТ, ИЧ-2 Ш","1шт ч(к учету 0,95ч)","1шт ч(к учету 0,35ч)",,"Нарушение контакта в штепсельных розетках, сообщение",CSH,2024,1.0,"0,95ч",1.0,"0,35ч",,
2,13385553,2024-06-03 01:24:00,Октябрьская,"ОКТ, ИЧ-2 Ш","1шт ч(к учету 0,45ч)",,,"Конденсатор, обрыв",CSH,2024,1.0,"0,45ч",,,,
3,13385491,2024-06-03 01:30:00,Октябрьская,"ОКТ, ИЧ-2 Ш",,,,"Нарушение контакта в штепсельных розетках, сообщение",CSH,2024,,,,,,
3,13385490,2024-06-03 01:42:00,Октябрьская,"ОКТ, ИЧ-2 Ш",,,,"Пробой, перекрытие предохранителя линии СЦБ",CSH,2024,,,,,,
2,13385554,2024-06-03 02:51:00,Октябрьская,"ОКТ, ШЧ-12","1шт ч(к учету 0,58ч)","2шт (к учету 1) ч(к учету 0,63ч)",,Пережог плавкой вставки предохранителя линии СЦБ,CSH,2024,1.0,"0,58ч",1.0,"0,63ч",,
3,13385581,2024-06-03 03:57:00,Октябрьская,"ОКТ, ИЧ-2 Ш",,,,Плохой контакт зажимов линий СЦБ,CSH,2024,,,,,,
3,13385598,2024-06-03 04:26:00,Октябрьская,"ОКТ, ИЧ-2 Ш",,,,"Кнопки, подгар, сваривание контактов",CSH,2024,,,,,,
3,13385644,2024-06-03 05:01:00,Октябрьская,"ОКТ, ИЧ-2 Ш",,,,"Кнопки, подгар, сваривание контактов",CSH,2024,,,,,,
3,13386884,2024-06-03 10:40:00,Октябрьская,"ОКТ, ИЧ-1 Ш",,,,"Контактная система, сваривание контактов",CSH,2024,,,,,,
3,13386234,2024-06-03 11:24:00,Октябрьская,"ОКТ, ШЧ-21",,,,"Короткое замыкание, закорачивание по поверхности катания",CSH,2024,,,,,,
3,13386382,2024-06-03 12:33:00,Октябрьская,"ОКТ, ШЧ-16 (Р)",,,,Нарушение контакта трос/штепсель,CSH,2024,,,,,,
2,13386795,2024-06-03 15:27:00,Октябрьская,"ОКТ, ШЧ-10","1шт ч(к учету 0,48ч)",,,"Внутренний монтаж, короткое замыкание",CSH,2024,1.0,"0,48ч",,,,
2,13387045,2024-06-03 16:13:00,Октябрьская,"ОКТ, ШЧ-19","4шт ч(к учету 1,98ч)",,,"Транзистор, перенапряжения, атмосферные",CSH,2024,4.0,"1,98ч",,,,
3,13387021,2024-06-03 17:46:00,Октябрьская,"ОКТ, ИЧ-2 Ш",,,,Понижение сопротивления изоляции,CSH,2024,,,,,,
3,13387131,2024-06-03 19:34:00,Октябрьская,"ОКТ, ИЧ-2 Ш",,,,Неисправность блока контроля напряжения,CSH,2024,,,,,,
3,13387167,2024-06-03 20:35:00,Октябрьская,"ОКТ, ИЧ-2 Ш",,,,"Монтаж, нарушение изоляции",CSH,2024,,,,,,
3,13387175,2024-06-03 20:44:00,Октябрьская,"ОКТ, ШЧ-19",,,,"Обмотка, короткое замыкание",CSH,2024,,,,,,
3,13387225,2024-06-03 22:40:00,Октябрьская,"ОКТ, ИЧ-2 Ш",,,,Неисправность блока контроля напряжения,CSH,2024,,,,,,
2,13387335,2024-06-04 00:57:00,Октябрьская,"ОКТ, ИЧ-2 Ш","1шт ч(к учету 0,47ч)",,,Обрыв жил контрольного кабеля линий СЦБ,CSH,2024,1.0,"0,47ч",,,,
3,13387351,2024-06-04 01:53:00,Октябрьская,"ОКТ, ИЧ-2 Ш",,,,"Не срабатывание (не перегорание), атмосферные перенапряжения",CSH,2024,,,,,,
3,13387362,2024-06-04 02:06:00,Октябрьская,"ОКТ, ИЧ-2 Ш",,,,Обрыв жил контрольного кабеля линий СЦБ,CSH,2024,,,,,,
3,13387573,2024-06-04 05:32:00,Октябрьская,"ОКТ, ШЧ-23 (Э)",,,,"Курбельный контакт, разрегулировка",CSH,2024,,,,,,
2,13389231,2024-06-04 08:10:00,Октябрьская,"ОКТ, ИЧ-2 Ш","1шт ч(к учету 0,83ч)",,,"Срабатывание (перегорание), атмосферные перенапряжения",CSH,2024,1.0,"0,83ч",,,,
3,13388915,2024-06-04 10:38:00,Октябрьская,"ОКТ, ШЧ-16 (Р)",,,,"Диод, пробой",CSH,2024,,,,,,
3,13388261,2024-06-04 11:31:00,Октябрьская,"ОКТ, ИЧ-ЮЖ Ш",,,,Неисправность блока контроля напряжения,CSH,2024,,,,,,
3,13389276,2024-06-04 11:32:00,Октябрьская,"ОКТ, ИЧ-2 Ш",,,,"Пробой, перекрытие предохранителя линии СЦБ",CSH,2024,,,,,,
3,13388420,2024-06-04 12:40:00,Октябрьская,"ОКТ, ШЧ-23 (Э)",,,,"Срабатывание, атмосферные перенапряжения",CSH,2024,,,,,,
3,13388588,2024-06-04 13:40:00,Октябрьская,"ОКТ, ШЧ-19",,,,"Транзистор, перенапряжения, атмосферные",CSH,2024,,,,,,
2,13388661,2024-06-04 14:19:00,Октябрьская,"ОКТ, ШЧ-23 (Э)",,,"1шт ч(к учету 0,2)ч","Срабатывание, атмосферные перенапряжения",CSH,2024,,,,,1.0,"0,2ч"
3,13389104,2024-06-04 16:32:00,Октябрьская,"ОКТ, ШЧ-21",,,,"Срабатывание, атмосферные перенапряжения",CSH,2024,,,,,,
3,13389204,2024-06-04 19:00:00,Октябрьская,"ОКТ, ИЧ-1 Ш",,,,"Диод, пробой",CSH,2024,,,,,,
3,13389286,2024-06-04 21:42:00,Октябрьская,"ОКТ, ИЧ-2 Ш",,,,"Не срабатывание (не перегорание), атмосферные перенапряжения",CSH,2024,,,,,,
2,13389527,2024-06-05 03:12:00,Октябрьская,"ОКТ, ШЧ-4 (Э)",,"8шт (к учету 6) ч(к учету 1,6ч)",,Нарушение контакта,CSH,2024,,,6.0,"1,6ч",,
2,13389680,2024-06-05 04:30:00,Октябрьская,"ОКТ, ШЧ-7 (Р)","3шт (к учету 2) ч(к учету 0,77ч)",,,"Контактная система, подгар контактов",CSH,2024,2.0,"0,77ч",,,,
2,13389724,2024-06-05 05:55:00,Октябрьская,"ОКТ, ШЧ-5 (Э)",,"3шт (к учету 2) ч(к учету 0,4ч)",,Неисправность устройств электроснабжения,CSH,2024,,,2.0,"0,4ч",,
3,13390045,2024-06-05 08:52:00,Октябрьская,"ОКТ, ИЧ-2 Ш",,,,Плохой контакт зажимов линий СЦБ,CSH,2024,,,,,,
3,13390396,2024-06-05 10:39:00,Октябрьская,"ОКТ, ШЧ-1 (Э)",,,,Влияние посторонних источников питания,CSH,2024,,,,,,
2,13391667,2024-06-05 17:54:00,Октябрьская,"ОКТ, ИЧ-2 Ш","2шт ч(к учету 1,25ч)",,,Неисправность блока контроля напряжения,CSH,2024,2.0,"1,25ч",,,,
2,13391717,2024-06-05 19:07:00,Октябрьская,"ОКТ, ШЧ-19","1шт ч(к учету 0,88ч)",,,"Диод, пробой",CSH,2024,1.0,"0,88ч",,,,
2,13391818,2024-06-05 21:47:00,Октябрьская,"ОКТ, ШЧ-21","3шт ч(к учету 1,27ч)",,,"Жилы, внутренний обрыв",CSH,2024,3.0,"1,27ч",,,,
2,13391819,2024-06-05 22:00:00,Октябрьская,"ОКТ, ШЧ-21","2шт ч(к учету 0,5ч)","1шт ч(к учету 0,17ч)",,"Диод, пробой",CSH,2024,2.0,"0,5ч",1.0,"0,17ч",,
3,13391956,2024-06-06 01:44:00,Октябрьская,"ОКТ, ИЧ-2 Ш",,,,Плохой контакт зажимов линий СЦБ,CSH,2024,,,,,,
3,13392388,2024-06-06 07:33:00,Октябрьская,"ОКТ, ШЧ-19",,,,"Срабатывание, атмосферные перенапряжения",CSH,2024,,,,,,
2,13393085,2024-06-06 11:23:00,Октябрьская,"ОКТ, ШЧ-8","1шт ч(к учету 0,48ч)",,"1шт ч(к учету 0,1)ч","Нарушение контакта в штепсельных розетках, сообщение",CSH,2024,1.0,"0,48ч",,,1.0,"0,1ч"
2,13393318,2024-06-06 13:07:00,Октябрьская,"ОКТ, ШЧ-14 (Р)",,"1шт ч(к учету 0,28ч)",,"Контактная система, увеличенное сопротивление",CSH,2024,,,1.0,"0,28ч",,
3,13393688,2024-06-06 14:42:00,Октябрьская,"ОКТ, ШЧ-15 (Э)",,,,"Нарушение контакта в разъемах блоков, неисправность контактных губок",CSH,2024,,,,,,
3,13393998,2024-06-06 17:00:00,Октябрьская,"ОКТ, ШЧ-13 (Э)",,,,Пережог плавкой вставки предохранителя линии СЦБ,CSH,2024,,,,,,
2,13393996,2024-06-06 17:27:00,Октябрьская,"ОКТ, ИЧ-2 Ш",,"2шт ч(к учету 0,33ч)",,"Нарушение контакта в штепсельных розетках, сообщение",CSH,2024,,,2.0,"0,33ч",,
2,13394043,2024-06-06 18:08:00,Октябрьская,"ОКТ, ШЧ-12",,,"5шт (к учету 3) ч(к учету 1,37)ч",Неисправность ОПН линий СЦБ,CSH,2024,,,,,3.0,"1,37ч"
3,13394159,2024-06-06 20:26:00,Октябрьская,"ОКТ, ШЧ-10",,,,"Контактная система, увеличенное сопротивление контакта",CSH,2024,,,,,,
3,13394342,2024-06-07 02:16:00,Октябрьская,"ОКТ, ИЧ-2 Ш",,,,Плохой контакт зажимов линий СЦБ,CSH,2024,,,,,,
3,13394354,2024-06-07 02:52:00,Октябрьская,"ОКТ, ИЧ-2 Ш",,,,Плохой контакт зажимов линий СЦБ,CSH,2024,,,,,,
2,13395717,2024-06-07 12:16:00,Октябрьская,"ОКТ, ИЧ-2 Ш","1шт ч(к учету 0,3ч)",,,"Нарушение контакта в штепсельных розетках, сообщение",CSH,2024,1.0,"0,3ч",,,,
3,13395906,2024-06-07 14:58:00,Октябрьская,"ОКТ, ШЧ-11",,,,"Срабатывание (перегорание), несоответствие номинала",CSH,2024,,,,,,
3,13396223,2024-06-07 18:36:00,Октябрьская,"ОКТ, ШЧ-17",,,,Зависание ПО,CSH,2024,,,,,,
2,13396407,2024-06-08 00:22:00,Октябрьская,"ОКТ, ШЧ-8","4шт ч(к учету 1,77ч)",,,"Повреждение посторонними лицами, порча",CSH,2024,4.0,"1,77ч",,,,
3,13396717,2024-06-08 07:36:00,Октябрьская,"ОКТ, ШЧ-21",,,,Нарушение контакта наконечник/вывод ДТ,CSH,2024,,,,,,
3,13396949,2024-06-08 12:00:00,Октябрьская,"ОКТ, ШЧ-19",,,,"Индикатор единичный, неисправность",CSH,2024,,,,,,
3,13396955,2024-06-08 12:05:00,Октябрьская,"ОКТ, ИЧ-2 Ш",,,,"Пробой, перекрытие предохранителя линии СЦБ",CSH,2024,,,,,,
3,13397409,2024-06-08 18:44:00,Октябрьская,"ОКТ, ШЧ-17",,,,"Обрыв троса, коррозия металла",CSH,2024,,,,,,
3,13397179,2024-06-08 19:42:00,Октябрьская,"ОКТ, ШЧ-16 (Р)",,,,"Конденсатор, снижение емкости конденсатора",CSH,2024,,,,,,
3,13397209,2024-06-08 21:35:00,Октябрьская,"ОКТ, ИЧ-2 Ш",,,,"Нарушение контакта в штепсельных розетках, сообщение",CSH,2024,,,,,,
2,13397208,2024-06-08 21:51:00,Октябрьская,"ОКТ, ИЧ-2 Ш","3шт (к учету 2) ч(к учету 1,82ч)",,,"Нарушение контакта в штепсельных розетках, сообщение",CSH,2024,2.0,"1,82ч",,,,
3,13397308,2024-06-09 01:37:00,Октябрьская,"ОКТ, ШЧ-5 (Э)",,,,Деформация,CSH,2024,,,,,,
3,13397987,2024-06-09 17:43:00,Октябрьская,"ОКТ, ШЧ-21",,,,"Нарушение контакта в разъемах блоков, излом розеток",CSH,2024,,,,,,
3,13398060,2024-06-09 20:01:00,Октябрьская,"ОКТ, ИЧ-2 Ш",,,,Неисправность блока контроля напряжения,CSH,2024,,,,,,
3,13398147,2024-06-10 00:30:00,Октябрьская,"ОКТ, ШЧ-15 (Э)",,,,"Нарушение контакта штепсельного разъема, нарушение контакта",CSH,2024,,,,,,
3,13398255,2024-06-10 03:40:00,Октябрьская,"ОКТ, ИЧ-2 Ш",,,,Пережог плавкой вставки предохранителя линии СЦБ,CSH,2024,,,,,,
3,13398275,2024-06-10 03:45:00,Октябрьская,"ОКТ, ИЧ-2 Ш",,,,"Пробой, перекрытие предохранителя линии СЦБ",CSH,2024,,,,,,
3,13399843,2024-06-10 19:24:00,Октябрьская,"ОКТ, ШЧ-11",,,,Нарушение контакта трос/штепсель,CSH,2024,,,,,,
2,13399898,2024-06-10 21:27:00,Октябрьская,"ОКТ, ШЧ-20","1шт ч(к учету 0,5ч)",,,"Контактная система, Потеря контакта",CSH,2024,1.0,"0,5ч",,,,
3,13400067,2024-06-11 02:25:00,Октябрьская,"ОКТ, ШЧ-17",,,,"Лампочки индикации, нарушение контакта",CSH,2024,,,,,,
3,13401495,2024-06-11 14:50:00,Октябрьская,"ОКТ, ШЧ-8",,,,Сообщение,CSH,2024,,,,,,
3,13402036,2024-06-12 00:34:00,Октябрьская,"ОКТ, ШЧ-5 (Э)",,,,Механические повреждения,CSH,2024,,,,,,
3,13402193,2024-06-12 04:35:00,Октябрьская,"ОКТ, ШЧ-17",,,,Нарушение контакта,CSH,2024,,,,,,
3,13402192,2024-06-12 04:39:00,Октябрьская,"ОКТ, ШЧ-9 (Э)",,,,"Не срабатывание (не перегорание), атмосферные перенапряжения",CSH,2024,,,,,,
3,13402275,2024-06-12 06:51:00,Октябрьская,"ОКТ, ШЧ-12",,,,Обрыв жил контрольного кабеля линий СЦБ,CSH,2024,,,,,,
2,13402264,2024-06-12 07:08:00,Октябрьская,"ОКТ, ШЧ-12",,,"1шт ч(к учету 0,2)ч","Срабатывание, несоответствие номинала",CSH,2024,,,,,1.0,"0,2ч"
2,13402421,2024-06-12 11:35:00,Октябрьская,"ОКТ, ШЧ-15 (Э)","3шт ч(к учету 2,52ч)",,,"Срабатывание, несоответствие номинала",CSH,2024,3.0,"2,52ч",,,,
3,13402586,2024-06-12 12:15:00,Октябрьская,"ОКТ, ИЧ-2 Ш",,,,Обрыв жил контрольного кабеля линий СЦБ,CSH,2024,,,,,,
3,13402604,2024-06-12 13:44:00,Октябрьская,"ОКТ, ИЧ-2 Ш",,,,"Обмотка, короткое замыкание",CSH,2024,,,,,,
2,13402737,2024-06-12 16:55:00,Октябрьская,"ОКТ, ШЧ-12","7шт ч(к учету 2,67ч)",,,Прочие неисправности,CSH,2024,7.0,"2,67ч",,,,
2,13402798,2024-06-12 18:55:00,Октябрьская,"ОКТ, ШЧ-19","2шт ч(к учету 0,68ч)","1шт ч(к учету 0,27ч)",,"Диод, пробой",CSH,2024,2.0,"0,68ч",1.0,"0,27ч",,
3,13402864,2024-06-12 20:59:00,Октябрьская,"ОКТ, ИЧ-2 Ш",,,,"Не срабатывание (не перегорание), атмосферные перенапряжения",CSH,2024,,,,,,
2,13403092,2024-06-13 04:20:00,Октябрьская,"ОКТ, ИЧ-2 Ш","2шт ч(к учету 0,92ч)",,,"Автопереключатель, разрегулировка контактов",CSH,2024,2.0,"0,92ч",,,,
3,13403197,2024-06-13 05:30:00,Октябрьская,"ОКТ, ШЧ-6 (Э)",,,,"Конденсатор, потеря емкости",CSH,2024,,,,,,
3,13403502,2024-06-13 09:30:00,Октябрьская,"ОКТ, ШЧ-21",,,,"Диод, обрыв",CSH,2024,,,,,,
3,13404106,2024-06-13 13:49:00,Октябрьская,"ОКТ, ШЧ-14 (Р)",,,,"Обмотка, обрыв обмотки",CSH,2024,,,,,,
2,13404618,2024-06-13 18:20:00,Октябрьская,"ОКТ, ШЧ-21","1шт ч(к учету 0,48ч)","1шт ч(к учету 0,42ч)",,"Контактная система, сваривание",CSH,2024,1.0,"0,48ч",1.0,"0,42ч",,
3,13404643,2024-06-13 19:01:00,Октябрьская,"ОКТ, ШЧ-5 (Э)",,,,"Демпфирующие устройства, неисправность",CSH,2024,,,,,,
3,13406052,2024-06-14 00:00:00,Октябрьская,"ОКТ, ШЧ-8",,,,"Срабатывание (перегорание), воздействие тягового тока",CSH,2024,,,,,,
2,13404989,2024-06-14 03:45:00,Октябрьская,"ОКТ, ШЧ-20","3шт ч(к учету 0,78ч)",,,"Диод, пробой",CSH,2024,3.0,"0,78ч",,,,
1,13405803,2024-06-14 12:49:00,Октябрьская,"ОКТ, ШЧ-13 (Э)","3шт (к учету 2) ч(к учету 3,88ч)",,,"Резистор, потеря контакта",CSH,2024,2.0,"3,88ч",,,,
3,13406082,2024-06-14 15:01:00,Октябрьская,"ОКТ, ШЧ-9 (Э)",,,,"Срабатывание, атмосферные перенапряжения",CSH,2024,,,,,,
2,13406515,2024-06-15 02:01:00,Октябрьская,"ОКТ, ИЧ-2 Ш",,"1шт ч(к учету 0,15ч)",,"Контактная система, подгар контактов",CSH,2024,,,1.0,"0,15ч",,
3,13406591,2024-06-15 04:32:00,Октябрьская,"ОКТ, ИЧ-2 Ш",,,,Плохой контакт зажимов линий СЦБ,CSH,2024,,,,,,
3,13406969,2024-06-15 12:52:00,Октябрьская,"ОКТ, ШЧ-19",,,,"Трансформаторы, короткое замыкание обмотки",CSH,2024,,,,,,
2,13407040,2024-06-15 14:29:00,Октябрьская,"ОКТ, ШЧ-19","2шт ч(к учету 1,02ч)",,,"Трансформаторы, короткое замыкание обмотки",CSH,2024,2.0,"1,02ч",,,,
3,13407062,2024-06-15 14:38:00,Октябрьская,"ОКТ, ШЧ-19",,,,"Трансформаторы, короткое замыкание обмотки",CSH,2024,,,,,,
3,13407216,2024-06-15 18:01:00,Октябрьская,"ОКТ, ШЧ-5 (Э)",,,,"Курбельный контакт, разрегулировка",CSH,2024,,,,,,
2,13407298,2024-06-15 20:00:00,Октябрьская,"ОКТ, ШЧ-19","1шт ч(к учету 0,57ч)","1шт ч(к учету 0,18ч)",,"Трансформаторы, короткое замыкание обмотки",CSH,2024,1.0,"0,57ч",1.0,"0,18ч",,
3,13407299,2024-06-15 20:00:00,Октябрьская,"ОКТ, ШЧ-19",,,,"Трансформаторы, короткое замыкание обмотки",CSH,2024,,,,,,
3,13407300,2024-06-15 20:00:00,Октябрьская,"ОКТ, ШЧ-19",,,,"Трансформаторы, короткое замыкание обмотки",CSH,2024,,,,,,
3,13407368,2024-06-15 22:01:00,Октябрьская,"ОКТ, ИЧ-2 Ш",,,,Обрыв жил кабеля линий СЦБ напряжением 6 кВ,CSH,2024,,,,,,
3,13407462,2024-06-16 02:38:00,Октябрьская,"ОКТ, ШЧ-19",,,,"Трансформатор, обрыв обмотки",CSH,2024,,,,,,
2,13407695,2024-06-16 09:41:00,Октябрьская,"ОКТ, ИЧ-2 Ш","1шт ч(к учету 0,27ч)",,,"Контактная система, подгар контактов",CSH,2024,1.0,"0,27ч",,,,
2,13407804,2024-06-16 11:58:00,Октябрьская,"ОКТ, ШЧ-19",,"1шт ч(к учету 0,1ч)",,"Контактная система, сваривание контактов",CSH,2024,,,1.0,"0,1ч",,
2,13408096,2024-06-16 18:26:00,Октябрьская,"ОКТ, ШЧ-11",,,"2шт ч(к учету 0,2)ч",Обрыв,CSH,2024,,,,,2.0,"0,2ч"
3,13408134,2024-06-16 20:00:00,Октябрьская,"ОКТ, ИЧ-2 Ш",,,,Обрыв жил кабеля линий СЦБ напряжением 6 кВ,CSH,2024,,,,,,
3,13408705,2024-06-17 08:32:00,Октябрьская,"ОКТ, ШЧ-14 (Р)",,,,"Контактная система, увеличенное сопротивление",CSH,2024,,,,,,
2,13411650,2024-06-18 15:09:00,Октябрьская,"ОКТ, ШЧ-17",,"1шт ч(к учету 0,17ч)",,"Выпрямительные элементы, повреждение пайки выводов",CSH,2024,,,1.0,"0,17ч",,
3,13410749,2024-06-18 15:53:00,Октябрьская,"ОКТ, ШЧ-12",,,,"Срабатывание, несоответствие номинала",CSH,2024,,,,,,
2,13412425,2024-06-19 23:41:00,Октябрьская,"ОКТ, ШЧ-12","1шт ч(к учету 0,43ч)",,"2шт (к учету 1) ч(к учету 0,3)ч",Неисправность аппаратной части АРМ,CSH,2024,1.0,"0,43ч",,,1.0,"0,3ч"
3,13412511,2024-06-20 02:13:00,Октябрьская,"ОКТ, ИЧ-2 Ш",,,,Плохой контакт зажимов линий СЦБ,CSH,2024,,,,,,
3,13412512,2024-06-20 03:38:00,Октябрьская,"ОКТ, ШЧ-3",,,,Сообщение выводных клемм,CSH,2024,,,,,,
2,13412566,2024-06-20 05:15:00,Октябрьская,"ОКТ, ШЧ-16 (Р)",,"1шт ч(к учету 0,7ч)",,"Обмотка, обрыв обмотки",CSH,2024,,,1.0,"0,7ч",,
2,13413006,2024-06-20 10:50:00,Октябрьская,"ОКТ, ШЧ-11",,,"1шт ч(к учету 0,1)ч","Жилы, обрыв",CSH,2024,,,,,1.0,"0,1ч"
2,13413196,2024-06-20 12:29:00,Октябрьская,"ОКТ, ШЧ-8","7шт ч(к учету 2,23ч)","3шт ч(к учету 0,57ч)",,"Электродвигатель, постоянного тока (МСП, ДСП), обрыв внутреннего монтажа",CSH,2024,7.0,"2,23ч",3.0,"0,57ч",,
2,13413558,2024-06-20 18:20:00,Октябрьская,"ОКТ, ШЧ-9 (Э)","3шт ч(к учету 1,27ч)",,,Отключение полуобмоток дроссель-трансформатора контактной сети,CSH,2024,3.0,"1,27ч",,,,
3,13413920,2024-06-20 20:27:00,Октябрьская,"ОКТ, ИЧ-2 Ш",,,,Схлестывание проводов линий СЦБ,CSH,2024,,,,,,
3,13413950,2024-06-20 20:31:00,Октябрьская,"ОКТ, ИЧ-2 Ш",,,,Схлестывание проводов линий СЦБ,CSH,2024,,,,,,
2,13414335,2024-06-21 11:17:00,Октябрьская,"ОКТ, ШЧ-11",,,"1шт ч(к учету 0,13)ч",Сообщение,CSH,2024,,,,,1.0,"0,13ч"
3,13415030,2024-06-21 17:36:00,Октябрьская,"ОКТ, ИЧ-2 Ш",,,,Обрыв жил контрольного кабеля линий СЦБ,CSH,2024,,,,,,
2,13415052,2024-06-21 20:00:00,Октябрьская,"ОКТ, ИЧ-2 Ш","1шт ч(к учету 0,28ч)",,,"Пробой, перекрытие трансформатора напряжения линий СЦБ",CSH,2024,1.0,"0,28ч",,,,
3,13415029,2024-06-21 23:36:00,Октябрьская,"ОКТ, ИЧ-2 Ш",,,,Неисправность блока контроля напряжения,CSH,2024,,,,,,
3,13415211,2024-06-22 05:48:00,Октябрьская,"ОКТ, ШЧ-19",,,,"Срабатывание, атмосферные перенапряжения",CSH,2024,,,,,,
3,13415323,2024-06-22 08:26:00,Октябрьская,"ОКТ, ШЧ-11",,,,"Лампы, перегорание основной нити",CSH,2024,,,,,,
2,13415415,2024-06-22 09:50:00,Октябрьская,"ОКТ, ШЧ-1 (Э)",,"2шт ч(к учету 0,22ч)","7шт ч(к учету 1,6)ч",Излом контрольных тяг,CSH,2024,,,2.0,"0,22ч",7.0,"1,6ч"
2,13415570,2024-06-22 13:21:00,Октябрьская,"ОКТ, ШЧ-17",,"3шт (к учету 2) ч(к учету 0,4ч)","1шт ч(к учету 0,13)ч",Неисправность,CSH,2024,,,2.0,"0,4ч",1.0,"0,13ч"
3,13415902,2024-06-22 20:56:00,Октябрьская,"ОКТ, ИЧ-2 Ш",,,,Обрыв жил контрольного кабеля линий СЦБ,CSH,2024,,,,,,
3,13415913,2024-06-22 22:20:00,Октябрьская,"ОКТ, ИЧ-2 Ш",,,,Обрыв жил контрольного кабеля линий СЦБ,CSH,2024,,,,,,
2,13416004,2024-06-23 01:00:00,Октябрьская,"ОКТ, ШЧ-3","1шт ч(к учету 0,98ч)",,,"Коммутаторы, механическое заедание кнопки",CSH,2024,1.0,"0,98ч",,,,
3,13416632,2024-06-23 16:46:00,Октябрьская,"ОКТ, ИЧ-2 Ш",,,,"Кнопки, потеря контакта в штепсельном разъеме",CSH,2024,,,,,,
3,13416690,2024-06-23 17:18:00,Октябрьская,"ОКТ, ИЧ-ЮЖ Ш",,,,"Пробой, перекрытие предохранителя линии СЦБ",CSH,2024,,,,,,
3,13416952,2024-06-24 02:10:00,Октябрьская,"ОКТ, ШЧ-3",,,,Неисправность монтажа,CSH,2024,,,,,,
2,13417337,2024-06-24 09:04:00,Октябрьская,"ОКТ, ИЧ-2 Ш",,"1шт ч(к учету 0,1ч)",,Обрыв жил контрольного кабеля линий СЦБ,CSH,2024,,,1.0,"0,1ч",,
2,13418291,2024-06-24 21:16:00,Октябрьская,"ОКТ, ШЧ-7 (Р)",,"1шт ч(к учету 0,12ч)",,"Контактная система, увеличенное сопротивление контакта",CSH,2024,,,1.0,"0,12ч",,
3,13418361,2024-06-24 23:52:00,Октябрьская,"ОКТ, ШЧ-5 (Э)",,,,"Обрыв, коррозия металла",CSH,2024,,,,,,
2,13418935,2024-06-25 09:31:00,Октябрьская,"ОКТ, ШЧ-10","1шт ч(к учету 0,35ч)",,,"Контактная система, увеличенное сопротивление контакта",CSH,2024,1.0,"0,35ч",,,,
2,13418968,2024-06-25 10:20:00,Октябрьская,"ОКТ, ШЧ-16 (Р)","12шт (к учету 8) ч(к учету 6,17ч)","3шт (к учету 2) ч(к учету 1,75ч)","23шт (к учету 17) ч(к учету 7,22)ч",Механическое повреждение,CSH,2024,8.0,"6,17ч",2.0,"1,75ч",17.0,"7,22ч"
2,13419236,2024-06-25 13:01:00,Октябрьская,"ОКТ, ШЧ-9 (Э)",,,"6шт (к учету 5) ч(к учету 1,7)ч","Автопереключатель, разрегулировка контактов",CSH,2024,,,,,5.0,"1,7ч"
3,13419434,2024-06-25 14:59:00,Октябрьская,"ОКТ, ИЧ-2 Ш",,,,"Лампы, перегорание основной нити",CSH,2024,,,,,,
2,13421162,2024-06-26 12:02:00,Октябрьская,"ОКТ, ШЧ-19",,,"2шт ч(к учету 0,4)ч","Срабатывание (перегорание), атмосферные перенапряжения",CSH,2024,,,,,2.0,"0,4ч"
3,13421215,2024-06-26 15:10:00,Октябрьская,"ОКТ, ШЧ-15 (Э)",,,,Зависание ПО,CSH,2024,,,,,,
3,13421480,2024-06-26 20:07:00,Октябрьская,"ОКТ, ШЧ-10",,,,"Контактная система, увеличенное сопротивление контакта",CSH,2024,,,,,,
2,13421767,2024-06-27 05:27:00,Октябрьская,"ОКТ, ШЧ-8","1шт ч(к учету 0,35ч)",,,"Курбельный контакт, потеря контакта",CSH,2024,1.0,"0,35ч",,,,
3,13422142,2024-06-27 10:30:00,Октябрьская,"ОКТ, ШЧ-12",,,,Обрыв проводов линии энергоснабжения нетяговых потребителей,CSH,2024,,,,,,
3,13422547,2024-06-27 15:01:00,Октябрьская,"ОКТ, ШЧ-11",,,,"Контактная система, подгар контактов",CSH,2024,,,,,,
2,13422662,2024-06-27 16:54:00,Октябрьская,"ОКТ, ШЧ-11","1шт ч(к учету 0,82ч)",,"1шт ч(к учету 0,37)ч","Обрыв, коррозия металла",CSH,2024,1.0,"0,82ч",,,1.0,"0,37ч"
3,13422794,2024-06-27 19:53:00,Октябрьская,"ОКТ, ИЧ-2 Ш",,,,Плохой контакт зажимов линий СЦБ,CSH,2024,,,,,,
3,13423051,2024-06-27 22:05:00,Октябрьская,"ОКТ, ШЧ-3",,,,"Оболочка, повреждение",CSH,2024,,,,,,
3,13423417,2024-06-28 07:51:00,Октябрьская,"ОКТ, ИЧ-ЮЖ Ш",,,,Неисправность централизатора,CSH,2024,,,,,,
3,13423701,2024-06-28 08:30:00,Октябрьская,"ОКТ, ШЧ-16 (Р)",,,,"Диод, пробой",CSH,2024,,,,,,
3,13424051,2024-06-28 15:59:00,Октябрьская,"ОКТ, ШЧ-1 (Э)",,,,"Оболочка, повреждение",CSH,2024,,,,,,
3,13424404,2024-06-28 21:38:00,Октябрьская,"ОКТ, ШЧ-12",,,,Обрыв жил контрольного кабеля линий СЦБ,CSH,2024,,,,,,
3,13424432,2024-06-29 02:40:00,Октябрьская,"ОКТ, ШЧ-9 (Э)",,,,Обрыв,CSH,2024,,,,,,
3,13424748,2024-06-29 10:22:00,Октябрьская,"ОКТ, ШЧ-19",,,,Нарушение контакта трос/наконечник,CSH,2024,,,,,,
3,13424861,2024-06-29 12:48:00,Октябрьская,"ОКТ, ШЧ-15 (Э)",,,,Механические повреждения посторонними лицами,CSH,2024,,,,,,
2,13424980,2024-06-29 13:17:00,Октябрьская,"ОКТ, ШЧ-3","3шт (к учету 1) ч(к учету 2,5ч)",,,Воздействие солнечного излучения,CSH,2024,1.0,"2,5ч",,,,
1,13425190,2024-06-29 19:27:00,Октябрьская,"ОКТ, ШЧ-19","3шт ч(к учету 3,33ч)",,,"Диод, пробой",CSH,2024,3.0,"3,33ч",,,,
2,13425137,2024-06-29 19:28:00,Октябрьская,"ОКТ, ШЧ-15 (Э)","1шт ч(к учету 0,65ч)","2шт ч(к учету 0,32ч)",,Излом штепселя,CSH,2024,1.0,"0,65ч",2.0,"0,32ч",,
2,13425280,2024-06-29 20:04:00,Октябрьская,"ОКТ, ИЧ-2 Ш",,"1шт ч(к учету 0,12ч)",,Плохой контакт зажимов линий СЦБ,CSH,2024,,,1.0,"0,12ч",,
3,13425279,2024-06-29 20:04:00,Октябрьская,"ОКТ, ИЧ-2 Ш",,,,Неисправность блока контроля напряжения,CSH,2024,,,,,,
3,13425171,2024-06-29 20:35:00,Октябрьская,"ОКТ, ШЧ-12",,,,"Срабатывание (перегорание), атмосферные перенапряжения",CSH,2024,,,,,,
2,13425240,2024-06-29 22:22:00,Октябрьская,"ОКТ, ИЧ-2 Ш","3шт (к учету 2) ч(к учету 1,62ч)","1шт ч(к учету 0,1ч)",,Неисправность блока контроля напряжения,CSH,2024,2.0,"1,62ч",1.0,"0,1ч",,
2,13425364,2024-06-30 02:32:00,Октябрьская,"ОКТ, ИЧ-2 Ш",,"1шт ч(к учету 0,13ч)",,Пережог плавкой вставки предохранителя линии СЦБ,CSH,2024,,,1.0,"0,13ч",,
2,13425494,2024-06-30 06:39:00,Октябрьская,"ОКТ, ШЧ-19","1шт ч(к учету 0,3ч)",,,"Конденсатор, снижение емкости конденсатора",CSH,2024,1.0,"0,3ч",,,,
3,13425812,2024-06-30 12:30:00,Октябрьская,"ОКТ, ШЧ-19",,,,"Конденсатор, снижение емкости конденсатора",CSH,2024,,,,,,
3,13425902,2024-06-30 17:07:00,Октябрьская,"ОКТ, ИЧ-2 Ш",,,,Неисправность блока контроля напряжения,CSH,2024,,,,,,
2,13426146,2024-07-01 02:05:00,Октябрьская,"ОКТ, ШЧ-5 (Э)","1шт ч(к учету 0,35ч)",,,"Лампы, перегорание основной нити",CSH,2024,1.0,"0,35ч",,,,
3,13426256,2024-07-01 04:50:00,Октябрьская,"ОКТ, ШЧ-17",,,,"Обмотка, обрыв",CSH,2024,,,,,,
2,13426361,2024-07-01 07:20:00,Октябрьская,"ОКТ, ШЧ-5 (Э)",,"1шт ч(к учету 0,12ч)","1шт ч(к учету 0,1)ч","Демпфирующие устройства, неисправность",CSH,2024,,,1.0,"0,12ч",1.0,"0,1ч"
3,13426565,2024-07-01 09:50:00,Октябрьская,"ОКТ, ШЧ-19",,,,"Нарушение контакта в клеммных колодках (резьб), излом наконечника",CSH,2024,,,,,,
3,13426609,2024-07-01 10:20:00,Октябрьская,"ОКТ, ШЧ-10",,,,"Конденсатор, снижение емкости",CSH,2024,,,,,,
3,13427082,2024-07-01 15:03:00,Октябрьская,"ОКТ, ШЧ-21",,,,Проблемы на оборудовании клиентов,CSH,2024,,,,,,
2,13427239,2024-07-01 16:04:00,Октябрьская,"ОКТ, ШЧ-15 (Э)","4шт (к учету 3) ч(к учету 2,43ч)",,,"Срабатывание, атмосферные перенапряжения",CSH,2024,3.0,"2,43ч",,,,
2,13427317,2024-07-01 17:28:00,Октябрьская,"ОКТ, ШЧ-1 (Э)",,,"31шт (к учету 30) ч(к учету 6,57)ч",Механические повреждения,CSH,2024,,,,,30.0,"6,57ч"
2,13427353,2024-07-01 17:42:00,Октябрьская,"ОКТ, ШЧ-3","2шт ч(к учету 0,53ч)",,,"Крейт, неисправность модуля",CSH,2024,2.0,"0,53ч",,,,
3,13427423,2024-07-01 19:28:00,Октябрьская,"ОКТ, ИЧ-2 Ш",,,,Плохой контакт зажимов линий СЦБ,CSH,2024,,,,,,
3,13427482,2024-07-01 20:12:00,Октябрьская,"ОКТ, ШЧ-17",,,,"Срабатывание, атмосферные перенапряжения",CSH,2024,,,,,,
3,13427481,2024-07-01 20:39:00,Октябрьская,"ОКТ, ШЧ-17",,,,Зависание ПО,CSH,2024,,,,,,
2,13427491,2024-07-01 20:42:00,Октябрьская,"ОКТ, ИЧ-2 Ш","2шт ч(к учету 0,62ч)",,,"Срабатывание, атмосферные перенапряжения",CSH,2024,2.0,"0,62ч",,,,
3,13427489,2024-07-01 20:50:00,Октябрьская,"ОКТ, ШЧ-11",,,,"Кнопки, повреждение крепления",CSH,2024,,,,,,
2,13427490,2024-07-01 20:55:00,Октябрьская,"ОКТ, ИЧ-2 Ш","3шт ч(к учету 0,83ч)",,,Неисправность блока контроля напряжения,CSH,2024,3.0,"0,83ч",,,,
2,13427596,2024-07-01 23:51:00,Октябрьская,"ОКТ, ШЧ-11","2шт ч(к учету 0,83ч)",,"4шт ч(к учету 2,35)ч","Конденсатор, обрыв",CSH,2024,2.0,"0,83ч",,,4.0,"2,35ч"
2,13427650,2024-07-02 01:58:00,Октябрьская,"ОКТ, ИЧ-2 Ш",,"1шт ч(к учету 0,15ч)",,Плохой контакт зажимов линий СЦБ,CSH,2024,,,1.0,"0,15ч",,
3,13427672,2024-07-02 02:49:00,Октябрьская,"ОКТ, ИЧ-2 Ш",,,,Плохой контакт зажимов линий СЦБ,CSH,2024,,,,,,
3,13427698,2024-07-02 03:07:00,Октябрьская,"ОКТ, ШЧ-9 (Э)",,,,"Системный блок, сбой программного обеспечения",CSH,2024,,,,,,
3,13427803,2024-07-02 04:46:00,Октябрьская,"ОКТ, ШЧ-13 (Э)",,,,Асимметрия тягового тока,CSH,2024,,,,,,
3,13427819,2024-07-02 05:10:00,Октябрьская,"ОКТ, ИЧ-2 Ш",,,,"Срабатывание (перегорание), атмосферные перенапряжения",CSH,2024,,,,,,
2,13427833,2024-07-02 05:40:00,Октябрьская,"ОКТ, ИЧ-2 Ш","1шт ч(к учету 0,3ч)",,,Неисправность блока контроля напряжения,CSH,2024,1.0,"0,3ч",,,,
3,13428497,2024-07-02 08:00:00,Октябрьская,"ОКТ, ИЧ-2 Ш",,,,Неисправность блока контроля напряжения,CSH,2024,,,,,,
2,13428237,2024-07-02 09:57:00,Октябрьская,"ОКТ, ШЧ-12","2шт ч(к учету 1,48ч)",,,Повреждение контрольного кабеля линий СЦБ при работах,CSH,2024,2.0,"1,48ч",,,,
2,13428307,2024-07-02 11:08:00,Октябрьская,"ОКТ, ИЧ-2 Ш",,"1шт ч(к учету 0,1ч)",,Неисправность блока контроля напряжения,CSH,2024,,,1.0,"0,1ч",,
3,13428567,2024-07-02 12:50:00,Октябрьская,"ОКТ, ШЧ-21",,,,"Срабатывание, коммутационные перенапряжения",CSH,2024,,,,,,
3,13428786,2024-07-02 12:55:00,Октябрьская,"ОКТ, ШЧ-19",,,,"Жилы, внутренний обрыв",CSH,2024,,,,,,
3,13429248,2024-07-02 14:00:00,Октябрьская,"ОКТ, ШЧ-3",,,,Нарушение изоляции проводов,CSH,2024,,,,,,
3,13428790,2024-07-02 14:08:00,Октябрьская,"ОКТ, ШЧ-14 (Р)",,,,"Контактная система, увеличенное сопротивление",CSH,2024,,,,,,
2,13428910,2024-07-02 14:56:00,Октябрьская,"ОКТ, ШЧ-11",,,"1шт ч(к учету 0,13)ч",Неперевод стрелочного перевода по причине попадания постороннего предмета,CSH,2024,,,,,1.0,"0,13ч"
3,13429125,2024-07-02 16:36:00,Октябрьская,"ОКТ, ИЧ-2 Ш",,,,Плохой контакт зажимов линий СЦБ,CSH,2024,,,,,,
2,13429264,2024-07-02 18:36:00,Октябрьская,"ОКТ, ШЧ-3",,,"1шт ч(к учету 0,27)ч",Короткое замыкание обмотки,CSH,2024,,,,,1.0,"0,27ч"
3,13429550,2024-07-02 19:59:00,Октябрьская,"ОКТ, ИЧ-2 Ш",,,,Неисправность блока контроля напряжения,CSH,2024,,,,,,
3,13429551,2024-07-02 20:00:00,Октябрьская,"ОКТ, ИЧ-2 Ш",,,,Неисправность блока контроля напряжения,CSH,2024,,,,,,
2,13429552,2024-07-02 22:00:00,Октябрьская,"ОКТ, ИЧ-2 Ш","1шт ч(к учету 0,52ч)",,,Неисправность блока контроля напряжения,CSH,2024,1.0,"0,52ч",,,,
3,13429472,2024-07-03 00:09:00,Октябрьская,"ОКТ, ИЧ-2 Ш",,,,Плохой контакт зажимов линий СЦБ,CSH,2024,,,,,,
3,13429549,2024-07-03 02:22:00,Октябрьская,"ОКТ, ШЧ-11",,,,"Срабатывание, атмосферные перенапряжения",CSH,2024,,,,,,
3,13430462,2024-07-03 08:00:00,Октябрьская,"ОКТ, ШЧ-21",,,,"Лампы, перегорание основной нити",CSH,2024,,,,,,
3,13430261,2024-07-03 08:30:00,Октябрьская,"ОКТ, ШЧ-20",,,,"Диод, пробой",CSH,2024,,,,,,
2,13430207,2024-07-03 08:59:00,Октябрьская,"ОКТ, ШЧ-15 (Э)",,"1шт ч(к учету 0,1ч)",,"Контактная система, увеличенное сопротивление контакта",CSH,2024,,,1.0,"0,1ч",,
3,13431676,2024-07-03 15:52:00,Октябрьская,"ОКТ, ШЧ-19",,,,"Срабатывание, атмосферные перенапряжения",CSH,2024,,,,,,
3,13431838,2024-07-03 19:58:00,Октябрьская,"ОКТ, ШЧ-15 (Э)",,,,Нарушение контакта наконечник/вывод ДТ,CSH,2024,,,,,,
2,13431903,2024-07-03 21:12:00,Октябрьская,"ОКТ, ШЧ-19",,"1шт ч(к учету 0,18ч)",,"Контактная система, сваривание",CSH,2024,,,1.0,"0,18ч",,
3,13432613,2024-07-04 06:05:00,Октябрьская,"ОКТ, ИЧ-1 Ш",,,,Неисправность блока контроля напряжения,CSH,2024,,,,,,
3,13432512,2024-07-04 06:30:00,Октябрьская,"ОКТ, ИЧ-2 Ш",,,,Схлестывание проводов линий СЦБ,CSH,2024,,,,,,
3,13432694,2024-07-04 08:00:00,Октябрьская,"ОКТ, ШЧ-5 (Э)",,,,"Лампы, перегорание основной нити",CSH,2024,,,,,,
2,13434080,2024-07-04 17:33:00,Октябрьская,"ОКТ, ШЧ-12","2шт ч(к учету 0,58ч)",,"3шт (к учету 2) ч(к учету 0,62)ч",Обрыв монтажного провода,CSH,2024,2.0,"0,58ч",,,2.0,"0,62ч"
3,13434295,2024-07-04 23:00:00,Октябрьская,"ОКТ, ШЧ-12",,,,Неисправность блока питания,CSH,2024,,,,,,
1,13434311,2024-07-04 23:43:00,Октябрьская,"ОКТ, ШЧ-15 (Э)","1шт ч(к учету 1,42ч)",,,Отключение внешнего электроснабжения,CSH,2024,1.0,"1,42ч",,,,
2,13434310,2024-07-04 23:54:00,Октябрьская,"ОКТ, ШЧ-15 (Э)","1шт ч(к учету 0,25ч)","2шт ч(к учету 0,45ч)",,"Срабатывание, атмосферные перенапряжения",CSH,2024,1.0,"0,25ч",2.0,"0,45ч",,
3,13434343,2024-07-05 00:50:00,Октябрьская,"ОКТ, ШЧ-12",,,,Неисправность концентратора,CSH,2024,,,,,,
2,13439843,2024-07-05 01:28:00,Октябрьская,"ОКТ, ШЧ-12","1шт ч(к учету 0,62ч)",,,"Срабатывание, воздействие тягового тока",CSH,2024,1.0,"0,62ч",,,,
3,13434431,2024-07-05 02:00:00,Октябрьская,"ОКТ, ШЧ-17",,,,"Не срабатывание (не перегорание), атмосферные перенапряжения",CSH,2024,,,,,,
2,13439844,2024-07-05 02:31:00,Октябрьская,"ОКТ, ШЧ-23 (Э)",,"2шт ч(к учету 0,93ч)",,"Диоды, обрыв",CSH,2024,,,2.0,"0,93ч",,
3,13435115,2024-07-05 09:58:00,Октябрьская,"ОКТ, ИЧ-2 Ш",,,,Нарушение контакта трос/контактный болт,CSH,2024,,,,,,
2,13435521,2024-07-05 13:05:00,Октябрьская,"ОКТ, ШЧ-4 (Э)",,"1шт ч(к учету 0,17ч)",,"Контакт, неисправность",CSH,2024,,,1.0,"0,17ч",,
2,13435686,2024-07-05 13:50:00,Октябрьская,"ОКТ, ШЧ-7 (Р)","4шт ч(к учету 1,98ч)","3шт (к учету 1) ч(к учету 0,3ч)",,"Оболочка, повреждение",CSH,2024,4.0,"1,98ч",1.0,"0,3ч",,
2,13435728,2024-07-05 14:36:00,Октябрьская,"ОКТ, ШЧ-7 (Р)",,"2шт (к учету 1) ч(к учету 0,7ч)",,"Контактная система, увеличенное сопротивление",CSH,2024,,,1.0,"0,7ч",,
3,13436788,2024-07-06 09:29:00,Октябрьская,"ОКТ, ШЧ-9 (Э)",,,,"Срабатывание (перегорание), атмосферные перенапряжения",CSH,2024,,,,,,
2,13436858,2024-07-06 10:46:00,Октябрьская,"ОКТ, ШЧ-21","1шт ч(к учету 0,52ч)",,,"Срабатывание, атмосферные перенапряжения",CSH,2024,1.0,"0,52ч",,,,
3,13437024,2024-07-06 13:44:00,Октябрьская,"ОКТ, ШЧ-5 (Э)",,,,"Лампы, перегорание основной нити",CSH,2024,,,,,,
2,13437121,2024-07-06 15:08:00,Октябрьская,"ОКТ, ИЧ-ЮЖ Ш",,,"1шт ч(к учету 0,17)ч",Нарушение контакта в элементах централизатора,CSH,2024,,,,,1.0,"0,17ч"
3,13437328,2024-07-06 19:59:00,Октябрьская,"ОКТ, ШЧ-12",,,,Неисправность ПО УВК,CSH,2024,,,,,,
2,13437439,2024-07-07 00:22:00,Октябрьская,"ОКТ, ШЧ-12","4шт (к учету 3) ч(к учету 2,58ч)",,"1шт ч(к учету 0,12)ч",Обрыв жил контрольного кабеля линий СЦБ,CSH,2024,3.0,"2,58ч",,,1.0,"0,12ч"
2,13437526,2024-07-07 04:08:00,Октябрьская,"ОКТ, ИЧ-2 Ш",,"1шт ч(к учету 0,12ч)",,Схлестывание проводов линий СЦБ,CSH,2024,,,1.0,"0,12ч",,
3,13437551,2024-07-07 05:19:00,Октябрьская,"ОКТ, ИЧ-2 Ш",,,,Неисправность блока контроля напряжения,CSH,2024,,,,,,
3,13437552,2024-07-07 05:19:00,Октябрьская,"ОКТ, ИЧ-2 Ш",,,,Неисправность блока контроля напряжения,CSH,2024,,,,,,
3,13437553,2024-07-07 05:19:00,Октябрьская,"ОКТ, ИЧ-2 Ш",,,,Неисправность блока контроля напряжения,CSH,2024,,,,,,
3,13437554,2024-07-07 05:19:00,Октябрьская,"ОКТ, ИЧ-2 Ш",,,,Неисправность блока контроля напряжения,CSH,2024,,,,,,
2,13437675,2024-07-07 06:40:00,Октябрьская,"ОКТ, ШЧ-10","1шт ч(к учету 0,87ч)","1шт ч(к учету 0,1ч)",,"Контактная система, потеря контакта",CSH,2024,1.0,"0,87ч",1.0,"0,1ч",,
3,13437824,2024-07-07 09:53:00,Октябрьская,"ОКТ, ИЧ-2 Ш",,,,Неисправность блока контроля напряжения,CSH,2024,,,,,,
3,13437825,2024-07-07 09:53:00,Октябрьская,"ОКТ, ИЧ-2 Ш",,,,Неисправность блока контроля напряжения,CSH,2024,,,,,,
3,13437826,2024-07-07 09:53:00,Октябрьская,"ОКТ, ИЧ-2 Ш",,,,Неисправность блока контроля напряжения,CSH,2024,,,,,,
3,13437827,2024-07-07 09:53:00,Октябрьская,"ОКТ, ИЧ-2 Ш",,,,Неисправность блока контроля напряжения,CSH,2024,,,,,,
2,13438048,2024-07-07 13:35:00,Октябрьская,"ОКТ, ИЧ-2 Ш","1шт ч(к учету 0,27ч)",,,Схлестывание проводов линий СЦБ,CSH,2024,1.0,"0,27ч",,,,
3,13438098,2024-07-07 14:15:00,Октябрьская,"ОКТ, ШЧ-11",,,,Неисправность блока питания,CSH,2024,,,,,,
3,13438126,2024-07-07 15:38:00,Октябрьская,"ОКТ, ШЧ-1 (Э)",,,,Нарушение контакта,CSH,2024,,,,,,
2,13438256,2024-07-07 17:42:00,Октябрьская,"ОКТ, ШЧ-10",,"1шт ч(к учету 0,12ч)",,"Контактная система, потеря контакта",CSH,2024,,,1.0,"0,12ч",,
2,13438310,2024-07-07 20:01:00,Октябрьская,"ОКТ, ШЧ-20",,"4шт (к учету 3) ч(к учету 0,9ч)",,Наличие переходного сопротивления выключателей,CSH,2024,,,3.0,"0,9ч",,
2,13438496,2024-07-08 01:40:00,Октябрьская,"ОКТ, ШЧ-19","5шт ч(к учету 2,52ч)","2шт ч(к учету 0,4ч)",,Потеря контакта в соединениях датчика,CSH,2024,5.0,"2,52ч",2.0,"0,4ч",,
3,13439225,2024-07-08 09:53:00,Октябрьская,"ОКТ, ШЧ-21",,,,"Нарушение контакта в штепсельных розетках, замятие контакта",CSH,2024,,,,,,
2,13439951,2024-07-08 14:20:00,Октябрьская,"ОКТ, ИЧ-ЮЖ Ш",,,"1шт ч(к учету 0,35)ч",Нарушение контакта в элементах централизатора,CSH,2024,,,,,1.0,"0,35ч"
2,13440801,2024-07-09 06:45:00,Октябрьская,"ОКТ, ШЧ-23 (Э)","2шт ч(к учету 1,78ч)","2шт (к учету 1) ч(к учету 1,78ч)","2шт ч(к учету 0,38)ч","Ключ-жезл в т.ч. с электрозащелкой, нарушение состояния паек",CSH,2024,2.0,"1,78ч",1.0,"1,78ч",2.0,"0,38ч"
2,13440847,2024-07-09 07:23:00,Октябрьская,"ОКТ, ШЧ-12","1шт ч(к учету 0,18ч)",,"3шт ч(к учету 0,4)ч",Неисправность устройства сопряжения с объектами,CSH,2024,1.0,"0,18ч",,,3.0,"0,4ч"
3,13441504,2024-07-09 12:03:00,Октябрьская,"ОКТ, ШЧ-12",,,,Нарушение контакта наконечник/вывод ДТ,CSH,2024,,,,,,
3,13441762,2024-07-09 12:59:00,Октябрьская,"ОКТ, ИЧ-2 Ш",,,,Плохой контакт зажимов линий СЦБ,CSH,2024,,,,,,
3,13441670,2024-07-09 13:17:00,Октябрьская,"ОКТ, ШЧ-12",,,,"Срабатывание, атмосферные перенапряжения",CSH,2024,,,,,,
2,13441818,2024-07-09 13:37:00,Октябрьская,"ОКТ, ШЧ-10",,"1шт ч(к учету 0,13ч)",,"Контактная система, подгар контактов",CSH,2024,,,1.0,"0,13ч",,
1,13442111,2024-07-09 14:30:00,Октябрьская,"ОКТ, ШЧ-21","13шт (к учету 6) ч(к учету 10,37ч)","6шт (к учету 4) ч(к учету 1,07ч)",,"Срабатывание, атмосферные перенапряжения",CSH,2024,6.0,"10,37ч",4.0,"1,07ч",,
3,13442260,2024-07-09 17:26:00,Октябрьская,"ОКТ, ШЧ-17",,,,"Срабатывание, атмосферные перенапряжения",CSH,2024,,,,,,
3,13447979,2024-07-10 13:18:00,Октябрьская,"ОКТ, ШЧ-21",,,,"Срабатывание, атмосферные перенапряжения",CSH,2024,,,,,,
2,13444558,2024-07-10 14:06:00,Октябрьская,"ОКТ, ШЧ-19","2шт (к учету 1) ч(к учету 0,7ч)",,,"Жилы, внутренний обрыв",CSH,2024,1.0,"0,7ч",,,,
2,13444486,2024-07-10 14:50:00,Октябрьская,"ОКТ, ШЧ-19","4шт ч(к учету 2,27ч)",,,"Срабатывание, атмосферные перенапряжения",CSH,2024,4.0,"2,27ч",,,,
3,13444434,2024-07-10 15:10:00,Октябрьская,"ОКТ, ШЧ-21",,,,"Срабатывание, атмосферные перенапряжения",CSH,2024,,,,,,
3,13444485,2024-07-10 15:20:00,Октябрьская,"ОКТ, ШЧ-11",,,,Зависание ПО,CSH,2024,,,,,,
3,13444555,2024-07-10 16:02:00,Октябрьская,"ОКТ, ШЧ-21",,,,"Срабатывание, атмосферные перенапряжения",CSH,2024,,,,,,
2,13444730,2024-07-10 18:00:00,Октябрьская,"ОКТ, ИЧ-2 Ш","1шт ч(к учету 0,35ч)","1шт ч(к учету 0,1ч)",,Плохой контакт зажимов линий СЦБ,CSH,2024,1.0,"0,35ч",1.0,"0,1ч",,
2,13444870,2024-07-10 22:53:00,Октябрьская,"ОКТ, ШЧ-1 (Э)",,"2шт ч(к учету 0,4ч)","1шт ч(к учету 0,12)ч",Нарушение регулировки внешнего замыкателя,CSH,2024,,,2.0,"0,4ч",1.0,"0,12ч"
3,13445210,2024-07-11 05:38:00,Октябрьская,"ОКТ, ШЧ-19",,,,Ослабление крепления,CSH,2024,,,,,,
3,13446218,2024-07-11 12:53:00,Октябрьская,"ОКТ, ШЧ-21",,,,"Срабатывание (перегорание), атмосферные перенапряжения",CSH,2024,,,,,,
3,13446705,2024-07-11 16:28:00,Октябрьская,"ОКТ, ШЧ-9 (Э)",,,,Схлестывание проводов линий СЦБ,CSH,2024,,,,,,
3,13446955,2024-07-11 19:46:00,Октябрьская,"ОКТ, ШЧ-3",,,,Неисправность аппаратной части объектного контроллера,CSH,2024,,,,,,
3,13447710,2024-07-12 03:18:00,Октябрьская,"ОКТ, ШЧ-17",,,,"Сигнальная обмотка, обрыв",CSH,2024,,,,,,
3,13447211,2024-07-12 03:19:00,Октябрьская,"ОКТ, ШЧ-23 (Э)",,,,Потеря контакта,CSH,2024,,,,,,
3,13450973,2024-07-12 13:15:00,Октябрьская,"ОКТ, ШЧ-20",,,,"Внутренний монтаж, короткое замыкание",CSH,2024,,,,,,
3,13448604,2024-07-12 18:39:00,Октябрьская,"ОКТ, ШЧ-15 (Э)",,,,Зависание ПО,CSH,2024,,,,,,
3,13448629,2024-07-12 19:17:00,Октябрьская,"ОКТ, ИЧ-2 Ш",,,,Неисправность блока контроля напряжения,CSH,2024,,,,,,
2,13448652,2024-07-12 20:40:00,Октябрьская,"ОКТ, ШЧ-17",,"1шт ч(к учету 0,12ч)",,"Срабатывание, атмосферные перенапряжения",CSH,2024,,,1.0,"0,12ч",,
3,13449165,2024-07-13 11:12:00,Октябрьская,"ОКТ, ШЧ-23 (Э)",,,,Неисправность централизатора,CSH,2024,,,,,,
2,13449243,2024-07-13 13:22:00,Октябрьская,"ОКТ, ИЧ-2 Ш",,,"1шт ч(к учету 0,2)ч",Схлестывание проводов линий СЦБ,CSH,2024,,,,,1.0,"0,2ч"
2,13449551,2024-07-13 19:05:00,Октябрьская,"ОКТ, ШЧ-2 (Р)","2шт ч(к учету 1,3ч)",,,"Обмотка, обрыв обмотки",CSH,2024,2.0,"1,3ч",,,,
2,13449604,2024-07-13 20:28:00,Октябрьская,"ОКТ, ШЧ-12","1шт ч(к учету 0,47ч)",,,Неисправность реле,CSH,2024,1.0,"0,47ч",,,,
3,13449676,2024-07-13 21:01:00,Октябрьская,"ОКТ, ИЧ-2 Ш",,,,"Пробой, перекрытие трансформатора напряжения линий СЦБ",CSH,2024,,,,,,
3,13454366,2024-07-14 03:00:00,Октябрьская,"ОКТ, ШЧ-8",,,,"Лампы, перегорание основной нити",CSH,2024,,,,,,
2,13450011,2024-07-14 10:25:00,Октябрьская,"ОКТ, ШЧ-1 (Э)",,"1шт ч(к учету 0,27ч)","2шт ч(к учету 0,23)ч","Механические повреждения подразделениями ОАО ""РЖД""",CSH,2024,,,1.0,"0,27ч",2.0,"0,23ч"
3,13450024,2024-07-14 10:35:00,Октябрьская,"ОКТ, ИЧ-2 Ш",,,,Схлестывание проводов линий СЦБ,CSH,2024,,,,,,
2,13450490,2024-07-15 00:02:00,Октябрьская,"ОКТ, ШЧ-17","4шт ч(к учету 2,77ч)","2шт ч(к учету 0,28ч)",,"Муфты подземные, некачественная пайка",CSH,2024,4.0,"2,77ч",2.0,"0,28ч",,
2,13451086,2024-07-15 11:16:00,Октябрьская,"ОКТ, ШЧ-8","1шт ч(к учету 0,43ч)",,,Потеря контакта,CSH,2024,1.0,"0,43ч",,,,
3,13451534,2024-07-15 15:25:00,Октябрьская,"ОКТ, ИЧ-2 Ш",,,,Неисправность блока контроля напряжения,CSH,2024,,,,,,
2,13451824,2024-07-16 00:50:00,Октябрьская,"ОКТ, ШЧ-15 (Э)",,"1шт ч(к учету 0,1ч)",,"Жилы, обрыв",CSH,2024,,,1.0,"0,1ч",,
2,13451932,2024-07-16 03:00:00,Октябрьская,"ОКТ, ШЧ-1 (Э)",,"2шт ч(к учету 0,65ч)",,Нарушение регулировки,CSH,2024,,,2.0,"0,65ч",,
3,13452619,2024-07-16 12:42:00,Октябрьская,"ОКТ, ШЧ-2 (Р)",,,,"Светодиоды, неисправность",CSH,2024,,,,,,
3,13453044,2024-07-16 19:30:00,Октябрьская,"ОКТ, ШЧ-17",,,,"Срабатывание (перегорание), атмосферные перенапряжения",CSH,2024,,,,,,
2,13453869,2024-07-17 11:02:00,Октябрьская,"ОКТ, ШЧ-14 (Р)",,,"2шт ч(к учету 0,38)ч","Диод, пробой",CSH,2024,,,,,2.0,"0,38ч"
3,13454208,2024-07-17 14:56:00,Октябрьская,"ОКТ, ШЧ-21",,,,"Срабатывание, атмосферные перенапряжения",CSH,2024,,,,,,
3,13454840,2024-07-18 02:36:00,Октябрьская,"ОКТ, ШЧ-23 (Э)",,,,"Жилы, обрыв",CSH,2024,,,,,,
3,13455018,2024-07-18 07:13:00,Октябрьская,"ОКТ, ШЧ-4 (Э)",,,,Излом контрольных тяг,CSH,2024,,,,,,
3,13455487,2024-07-18 10:28:00,Октябрьская,"ОКТ, ШЧ-19",,,,"Жилы, сообщение",CSH,2024,,,,,,
3,13455344,2024-07-18 11:08:00,Октябрьская,"ОКТ, ШЧ-1 (Э)",,,,"Нарушение контакта в разъемах блоков, сообщение",CSH,2024,,,,,,
3,13455906,2024-07-18 15:43:00,Октябрьская,"ОКТ, ШЧ-19",,,,"Срабатывание, атмосферные перенапряжения",CSH,2024,,,,,,
3,13455834,2024-07-18 16:02:00,Октябрьская,"ОКТ, ИЧ-2 Ш",,,,Неисправность блока контроля напряжения,CSH,2024,,,,,,
2,13455907,2024-07-18 17:33:00,Октябрьская,"ОКТ, ШЧ-5 (Э)",,"1шт ч(к учету 0,15ч)",,"Монтаж, обрыв",CSH,2024,,,1.0,"0,15ч",,
3,13455931,2024-07-18 18:10:00,Октябрьская,"ОКТ, ШЧ-12",,,,"Коммутаторы, механическое заедание кнопки",CSH,2024,,,,,,
3,13455992,2024-07-18 19:38:00,Октябрьская,"ОКТ, ШЧ-4 (Э)",,,,"Срабатывание, атмосферные перенапряжения",CSH,2024,,,,,,
3,13456171,2024-07-19 00:55:00,Октябрьская,"ОКТ, ШЧ-20",,,,"Обмотка, обрыв обмотки",CSH,2024,,,,,,
2,13456276,2024-07-19 03:10:00,Октябрьская,"ОКТ, ШЧ-2 (Р)",,"2шт ч(к учету 0,25ч)",,"Внутренний монтаж, обрыв",CSH,2024,,,2.0,"0,25ч",,
3,13456275,2024-07-19 03:46:00,Октябрьская,"ОКТ, ШЧ-17",,,,"Лампы, перегорание основной нити",CSH,2024,,,,,,
2,13457299,2024-07-19 13:10:00,Октябрьская,"СЕВ, ШЧ-5 (Р)","5шт ч(к учету 2,25ч)",,,"Внутренний монтаж, обрыв",CSH,2024,5.0,"2,25ч",,,,
3,13456937,2024-07-19 13:55:00,Октябрьская,"ОКТ, ШЧ-10",,,,"Контактная система, увеличенное сопротивление",CSH,2024,,,,,,
3,13456962,2024-07-19 14:20:00,Октябрьская,"ОКТ, ШЧ-12",,,,Разрегулировка трансформатора линии энергоснабжения нетяговых потребителей типа ОМ,CSH,2024,,,,,,
3,13457218,2024-07-19 20:04:00,Октябрьская,"ОКТ, ШЧ-14 (Р)",,,,"Контактная система, увеличенное сопротивление контакта",CSH,2024,,,,,,
3,13457256,2024-07-19 20:12:00,Октябрьская,"ОКТ, ИЧ-2 Ш",,,,Плохой контакт зажимов линий СЦБ,CSH,2024,,,,,,
3,13457418,2024-07-20 02:45:00,Октябрьская,"ОКТ, ИЧ-2 Ш",,,,Неисправность блока контроля напряжения,CSH,2024,,,,,,
3,13457794,2024-07-20 14:03:00,Октябрьская,"ОКТ, ШЧ-17",,,,"Конденсатор, снижение емкости конденсатора",CSH,2024,,,,,,
1,13457852,2024-07-20 14:17:00,Октябрьская,"ОКТ, ШЧ-21","3шт ч(к учету 3,2ч)","2шт ч(к учету 0,62ч)",,"Конденсатор, короткое замыкание",CSH,2024,3.0,"3,2ч",2.0,"0,62ч",,
3,13457969,2024-07-20 17:26:00,Октябрьская,"ОКТ, ШЧ-3",,,,"Обмотка, обрыв обмотки",CSH,2024,,,,,,
2,13458035,2024-07-20 18:41:00,Октябрьская,"ОКТ, ШЧ-11","1шт ч(к учету 0,88ч)",,"2шт ч(к учету 0,7)ч","Внутренний монтаж, неисправность платы",CSH,2024,1.0,"0,88ч",,,2.0,"0,7ч"
3,13458075,2024-07-20 20:18:00,Октябрьская,"ОКТ, ШЧ-14 (Р)",,,,"Контактная система, увеличенное сопротивление контакта",CSH,2024,,,,,,
3,13458318,2024-07-21 05:13:00,Октябрьская,"ОКТ, ШЧ-19",,,,Индикатор единичный,CSH,2024,,,,,,
2,13458374,2024-07-21 06:37:00,Октябрьская,"ОКТ, ШЧ-11","2шт ч(к учету 0,65ч)",,"1шт ч(к учету 0,1)ч",Излом наконечника,CSH,2024,2.0,"0,65ч",,,1.0,"0,1ч"
3,13458777,2024-07-21 12:55:00,Октябрьская,"ОКТ, ШЧ-11",,,,Загрязнение головок рельса,CSH,2024,,,,,,
2,13458834,2024-07-21 13:58:00,Октябрьская,"ОКТ, ШЧ-19",,,"1шт ч(к учету 0,33)ч","Срабатывание, несоответствие номинала",CSH,2024,,,,,1.0,"0,33ч"
3,13459113,2024-07-21 20:58:00,Октябрьская,"ОКТ, ШЧ-17",,,,Неисправность болометра,CSH,2024,,,,,,
2,13459405,2024-07-22 05:00:00,Октябрьская,"ОКТ, ШЧ-10","2шт ч(к учету 1,63ч)",,,"Обмотка, обрыв обмотки",CSH,2024,2.0,"1,63ч",,,,
3,13460169,2024-07-22 14:29:00,Октябрьская,"ОКТ, ШЧ-17",,,,Некачественная пайка,CSH,2024,,,,,,
3,13460053,2024-07-22 14:31:00,Октябрьская,"ОКТ, ИЧ-2 Ш",,,,Плохой контакт зажимов линий СЦБ,CSH,2024,,,,,,
3,13460054,2024-07-22 14:52:00,Октябрьская,"ОКТ, ИЧ-2 Ш",,,,Плохой контакт зажимов линий СЦБ,CSH,2024,,,,,,
2,13460211,2024-07-22 17:36:00,Октябрьская,"ОКТ, ШЧ-14 (Р)",,,"1шт ч(к учету 0,18)ч","Срабатывание (перегорание), несоответствие номинала",CSH,2024,,,,,1.0,"0,18ч"
1,13460328,2024-07-22 21:02:00,Октябрьская,"ОКТ, ШЧ-23 (Э)","2шт ч(к учету 2,18ч)",,,Отсутствие зазора в корневом креплении остряка,CSH,2024,2.0,"2,18ч",,,,
1,13460651,2024-07-23 04:55:00,Октябрьская,"ОКТ, ШЧ-11","5шт ч(к учету 10,52ч)","7шт (к учету 3) ч(к учету 2,82ч)",,"УДО-48Р, неисправность",CSH,2024,5.0,"10,52ч",3.0,"2,82ч",,
2,13460650,2024-07-23 05:57:00,Октябрьская,"ОКТ, ШЧ-19","1шт ч(к учету 0,35ч)",,,Потеря контакта в манжете,CSH,2024,1.0,"0,35ч",,,,
2,13461390,2024-07-23 11:44:00,Октябрьская,"ОКТ, ШЧ-9 (Э)","2шт (к учету 1) ч(к учету 0,73ч)",,,Прочие неисправности,CSH,2024,1.0,"0,73ч",,,,
2,13461938,2024-07-24 04:15:00,Октябрьская,"ОКТ, ШЧ-19","4шт (к учету 3) ч(к учету 0,92ч)",,"1шт ч(к учету 0,12)ч","Нарушение контакта в разъемах блоков, неисправность контактных губок",CSH,2024,3.0,"0,92ч",,,1.0,"0,12ч"
3,13462204,2024-07-24 08:37:00,Октябрьская,"ОКТ, ШЧ-12",,,,"Срабатывание, несоответствие номинала",CSH,2024,,,,,,
3,13462687,2024-07-24 13:08:00,Октябрьская,"ОКТ, ШЧ-3",,,,"Нарушение контакта в разъемах блоков, неисправность контактных губок",CSH,2024,,,,,,
2,13462838,2024-07-24 14:16:00,Октябрьская,"ОКТ, ШЧ-17",,"1шт ч(к учету 0,15ч)",,"Жилы, сообщение",CSH,2024,,,1.0,"0,15ч",,
3,13462940,2024-07-24 15:06:00,Октябрьская,"ОКТ, ИЧ-2 Ш",,,,Неисправность блока контроля напряжения,CSH,2024,,,,,,
2,13468911,2024-07-24 16:45:00,Октябрьская,"ОКТ, ШЧ-7 (Р)","1шт ч(к учету 0,2ч)",,"1шт ч(к учету 0,15)ч","Внутренний монтаж, обрыв",CSH,2024,1.0,"0,2ч",,,1.0,"0,15ч"
1,13463322,2024-07-24 22:10:00,Октябрьская,"ОКТ, ШЧ-2 (Р)","2шт (к учету 1) ч(к учету 2,22ч)",,,"Конденсатор, снижение емкости конденсатора",CSH,2024,1.0,"2,22ч",,,,
3,13463313,2024-07-24 23:06:00,Октябрьская,"ОКТ, ШЧ-21",,,,"Нарушение контакта в штепсельных розетках, замятие контакта",CSH,2024,,,,,,
3,13463547,2024-07-25 04:02:00,Октябрьская,"ОКТ, ШЧ-11",,,,"Контакт, неисправность",CSH,2024,,,,,,
3,13464221,2024-07-25 12:15:00,Октябрьская,"ОКТ, ИЧ-2 Ш",,,,Обрыв жил контрольного кабеля линий СЦБ,CSH,2024,,,,,,
3,13464551,2024-07-25 17:35:00,Октябрьская,"ОКТ, ШЧ-8",,,,Излом болтов крепления,CSH,2024,,,,,,
3,13465217,2024-07-26 10:07:00,Октябрьская,"ОКТ, ШЧ-14 (Р)",,,,"Жилы, внутренний обрыв",CSH,2024,,,,,,
3,13465273,2024-07-26 10:50:00,Октябрьская,"ОКТ, ШЧ-9 (Э)",,,,Отключение полуобмоток дроссель-трансформатора контактной сети,CSH,2024,,,,,,
3,13465984,2024-07-26 23:13:00,Октябрьская,"ОКТ, ШЧ-10",,,,"Конденсатор, снижение емкости конденсатора",CSH,2024,,,,,,
2,13466130,2024-07-27 03:25:00,Октябрьская,"ОКТ, ШЧ-19","5шт ч(к учету 2,23ч)",,,"Обмотка, короткое замыкание",CSH,2024,5.0,"2,23ч",,,,
3,13469557,2024-07-27 06:50:00,Октябрьская,"ОКТ, ШЧ-8",,,,"Лампы, перегорание основной нити",CSH,2024,,,,,,
2,13466304,2024-07-27 09:08:00,Октябрьская,"ОКТ, ШЧ-21",,,"1шт ч(к учету 0,1)ч",Проблемы на оборудовании клиентов,CSH,2024,,,,,1.0,"0,1ч"
2,13466378,2024-07-27 11:15:00,Октябрьская,"ОКТ, ШЧ-19","13шт (к учету 9) ч(к учету 5,98ч)",,,"Светодиоды, неисправность",CSH,2024,9.0,"5,98ч",,,,
3,13466436,2024-07-27 12:50:00,Октябрьская,"ОКТ, ИЧ-2 Ш",,,,Плохой контакт зажимов линий СЦБ,CSH,2024,,,,,,
2,13466454,2024-07-27 13:20:00,Октябрьская,"ОКТ, ШЧ-13 (Э)",,,"2шт ч(к учету 0,23)ч","Срабатывание (перегорание), атмосферные перенапряжения",CSH,2024,,,,,2.0,"0,23ч"
3,13466611,2024-07-27 15:50:00,Октябрьская,"ОКТ, ИЧ-2 Ш",,,,"Пробой, перекрытие предохранителя линии СЦБ",CSH,2024,,,,,,
3,13466680,2024-07-27 17:30:00,Октябрьская,"ОКТ, ИЧ-2 Ш",,,,Плохой контакт зажимов линий СЦБ,CSH,2024,,,,,,
3,13466761,2024-07-27 21:47:00,Октябрьская,"ОКТ, ИЧ-2 Ш",,,,Пережог плавкой вставки предохранителя линии СЦБ,CSH,2024,,,,,,
2,13467061,2024-07-28 03:59:00,Октябрьская,"ОКТ, ШЧ-8","1шт ч(к учету 0,82ч)",,,Потеря контакта,CSH,2024,1.0,"0,82ч",,,,
3,13467097,2024-07-28 06:28:00,Октябрьская,"ОКТ, ШЧ-21",,,,"Диод, короткое замыкание",CSH,2024,,,,,,
2,13467336,2024-07-28 10:07:00,Октябрьская,"ОКТ, ШЧ-19","1шт ч(к учету 0,98ч)",,,"Срабатывание (перегорание), атмосферные перенапряжения",CSH,2024,1.0,"0,98ч",,,,
3,13467239,2024-07-28 10:20:00,Октябрьская,"ОКТ, ШЧ-19",,,,Неисправность приёмной капсулы,CSH,2024,,,,,,
3,13467229,2024-07-28 10:30:00,Октябрьская,"ОКТ, ШЧ-19",,,,Неисправность приёмной капсулы,CSH,2024,,,,,,
3,13467453,2024-07-28 14:23:00,Октябрьская,"ОКТ, ИЧ-2 Ш",,,,Плохой контакт зажимов линий СЦБ,CSH,2024,,,,,,
3,13467454,2024-07-28 14:48:00,Октябрьская,"ОКТ, ИЧ-2 Ш",,,,"Пробой, перекрытие трансформатора напряжения линий СЦБ",CSH,2024,,,,,,
2,13467641,2024-07-28 19:00:00,Октябрьская,"ОКТ, ШЧ-11",,,"4шт (к учету 3) ч(к учету 0,57)ч",Ослабление затяжки болтов,CSH,2024,,,,,3.0,"0,57ч"
3,13467704,2024-07-28 21:15:00,Октябрьская,"ОКТ, ШЧ-19",,,,Нарушение изоляции,CSH,2024,,,,,,
2,13467887,2024-07-29 02:31:00,Октябрьская,"ОКТ, ШЧ-20","3шт ч(к учету 1,18ч)",,,"Контактная система, увеличенное сопротивление контакта",CSH,2024,3.0,"1,18ч",,,,
3,13467904,2024-07-29 03:08:00,Октябрьская,"ОКТ, ШЧ-17",,,,Сбой АЛС с задержкой поезда,CSH,2024,,,,,,
2,13468343,2024-07-29 11:16:00,Октябрьская,"ОКТ, ШЧ-14 (Р)",,,"2шт ч(к учету 0,62)ч","Контактная система, увеличенное сопротивление",CSH,2024,,,,,2.0,"0,62ч"
2,13469431,2024-07-30 06:42:00,Октябрьская,"ОКТ, ШЧ-19","2шт ч(к учету 0,73ч)",,,"Светодиоды, неисправность",CSH,2024,2.0,"0,73ч",,,,
2,13469991,2024-07-30 14:20:00,Октябрьская,"ОКТ, ШЧ-12",,"1шт ч(к учету 0,13ч)",,"Провода, обрыв",CSH,2024,,,1.0,"0,13ч",,
3,13470533,2024-07-31 02:30:00,Октябрьская,"ОКТ, ШЧ-17",,,,"Лампочки индикации, неисправность ячеек индикации",CSH,2024,,,,,,
2,13470522,2024-07-31 04:03:00,Октябрьская,"ОКТ, ШЧ-8","1шт ч(к учету 0,98ч)","1шт ч(к учету 0,1ч)",,Нарушение изоляции,CSH,2024,1.0,"0,98ч",1.0,"0,1ч",,
2,13470733,2024-07-31 08:40:00,Октябрьская,"ОКТ, ШЧ-11",,,"1шт ч(к учету 0,13)ч","Жилы, внутренний обрыв",CSH,2024,,,,,1.0,"0,13ч"
2,13471181,2024-07-31 13:20:00,Октябрьская,"ОКТ, ИЧ-2 Ш",,,"1шт ч(к учету 0,23)ч",Отключение питающей линии,CSH,2024,,,,,1.0,"0,23ч"
2,13471182,2024-07-31 13:34:00,Октябрьская,"ОКТ, ШЧ-15 (Э)","1шт ч(к учету 0,37ч)",,"2шт ч(к учету 0,4)ч","Срабатывание, атмосферные перенапряжения",CSH,2024,1.0,"0,37ч",,,2.0,"0,4ч"
2,13471259,2024-07-31 13:51:00,Октябрьская,"ОКТ, ШЧ-11",,,"4шт ч(к учету 0,82)ч","Жилы, внутренний обрыв",CSH,2024,,,,,4.0,"0,82ч"
2,13471512,2024-07-31 18:12:00,Октябрьская,"ОКТ, ШЧ-21","2шт ч(к учету 1,12ч)",,,Перекрытие прочего изолятора контактной сети,CSH,2024,2.0,"1,12ч",,,,
3,13471861,2024-08-01 04:27:00,Октябрьская,"ОКТ, ШЧ-4 (Э)",,,,Неисправность устройства сопряжения с объектами,CSH,2024,,,,,,
3,13472273,2024-08-01 11:06:00,Октябрьская,"ОКТ, ШЧ-9 (Э)",,,,"Лампы, перегорание основной нити",CSH,2024,,,,,,
2,13472272,2024-08-01 11:19:00,Октябрьская,"ОКТ, ШЧ-21","1шт ч(к учету 0,28ч)","1шт ч(к учету 0,33ч)",,"Нарушение контакта в штепсельных розетках, замятие контакта",CSH,2024,1.0,"0,28ч",1.0,"0,33ч",,
1,13473264,2024-08-02 03:38:00,Октябрьская,"ОКТ, ШЧ-19","2шт ч(к учету 1,67ч)","1шт ч(к учету 0,22ч)","1шт ч(к учету 0,1)ч","Боксы, неисправность корпуса, некачественная пайка",CSH,2024,2.0,"1,67ч",1.0,"0,22ч",1.0,"0,1ч"
3,13473371,2024-08-02 06:24:00,Октябрьская,"ОКТ, ШЧ-11",,,,Неисправность устройства сопряжения с объектами,CSH,2024,,,,,,
3,13473506,2024-08-02 06:57:00,Октябрьская,"ОКТ, ШЧ-19",,,,"Срабатывание (перегорание), атмосферные перенапряжения",CSH,2024,,,,,,
3,13473915,2024-08-02 13:35:00,Октябрьская,"ОКТ, ШЧ-5 (Э)",,,,"Срабатывание (перегорание), атмосферные перенапряжения",CSH,2024,,,,,,
3,13474082,2024-08-02 14:20:00,Октябрьская,"ОКТ, ШЧ-12",,,,Неисправность устройства сопряжения с объектами,CSH,2024,,,,,,
3,13474360,2024-08-02 19:06:00,Октябрьская,"ОКТ, ШЧ-23 (Э)",,,,"Срабатывание (перегорание), атмосферные перенапряжения",CSH,2024,,,,,,
3,13474533,2024-08-02 19:53:00,Октябрьская,"ОКТ, ШЧ-14 (Р)",,,,"Контактная система, подгар контактов",CSH,2024,,,,,,
3,13474419,2024-08-02 21:11:00,Октябрьская,"ОКТ, ШЧ-10",,,,"Транзистор, пробой",CSH,2024,,,,,,
3,13474431,2024-08-02 22:15:00,Октябрьская,"ОКТ, ИЧ-2 Ш",,,,"Электродвигатель, постоянного тока (МСП, ДСП), неисправность щеточного  узла",CSH,2024,,,,,,
3,13475138,2024-08-03 17:15:00,Октябрьская,"ОКТ, ШЧ-3",,,,"Обрыв, коррозия металла",CSH,2024,,,,,,
2,13475872,2024-08-04 13:34:00,Октябрьская,"ОКТ, ШЧ-9 (Э)","1шт ч(к учету 0,38ч)",,"4шт (к учету 3) ч(к учету 0,78)ч",Обрыв проводов линий СЦБ,CSH,2024,1.0,"0,38ч",,,3.0,"0,78ч"
3,13476414,2024-08-04 20:35:00,Октябрьская,"ОКТ, ШЧ-14 (Р)",,,,"Контактная система, подгар контактов",CSH,2024,,,,,,
3,13476200,2024-08-04 23:37:00,Октябрьская,"ОКТ, ШЧ-12",,,,"Срабатывание (перегорание), несоответствие номинала",CSH,2024,,,,,,
1,13476373,2024-08-05 04:25:00,Октябрьская,"ОКТ, ШЧ-12","1шт ч(к учету 1,63ч)",,,"Срабатывание, воздействие тягового тока",CSH,2024,1.0,"1,63ч",,,,
2,13476784,2024-08-05 09:26:00,Октябрьская,"ОКТ, ШЧ-8","6шт ч(к учету 2,25ч)",,,"Сигнальная обмотка, обрыв",CSH,2024,6.0,"2,25ч",,,,
3,13477855,2024-08-05 15:21:00,Октябрьская,"ОКТ, ИЧ-ЮЖ Ш",,,,"Пробой, перекрытие трансформатора напряжения линий СЦБ",CSH,2024,,,,,,
3,13480309,2024-08-07 04:12:00,Октябрьская,"ОКТ, ШЧ-4 (Э)",,,,Неперевод стрелочного перевода по причине несвоевременной очистке и смазки,CSH,2024,,,,,,
3,13480375,2024-08-07 05:06:00,Октябрьская,"ОКТ, ШЧ-19",,,,Неисправность ПО АРМ,CSH,2024,,,,,,
3,13481309,2024-08-07 11:45:00,Октябрьская,"ОКТ, ШЧ-21",,,,"Лампы, перегорание основной нити",CSH,2024,,,,,,
3,13483064,2024-08-08 07:30:00,Октябрьская,"ОКТ, ИЧ-2 Ш",,,,Неисправность блока контроля напряжения,CSH,2024,,,,,,
3,13484360,2024-08-08 11:17:00,Октябрьская,"ОКТ, ШЧ-12",,,,"Провода, обрыв",CSH,2024,,,,,,
3,13485141,2024-08-09 02:18:00,Октябрьская,"ОКТ, ИЧ-2 Ш",,,,Неисправность блока контроля напряжения,CSH,2024,,,,,,
3,13485140,2024-08-09 02:32:00,Октябрьская,"ОКТ, ШЧ-19",,,,"Контактная система, потеря контакта",CSH,2024,,,,,,
2,13485308,2024-08-09 06:10:00,Октябрьская,"ОКТ, ШЧ-20","1шт ч(к учету 0,48ч)",,,"Контактная система, увеличение сопротивления",CSH,2024,1.0,"0,48ч",,,,
2,13485696,2024-08-09 10:15:00,Октябрьская,"ОКТ, ШЧ-17","3шт ч(к учету 1,27ч)",,,Сбой АЛС с задержкой поезда,CSH,2024,3.0,"1,27ч",,,,
2,13486256,2024-08-09 13:45:00,Октябрьская,"ОКТ, ШЧ-11",,,"1шт ч(к учету 0,18)ч","Кнопки, потеря контакта в штепсельном разъеме",CSH,2024,,,,,1.0,"0,18ч"
3,13486585,2024-08-09 18:18:00,Октябрьская,"ОКТ, ШЧ-17",,,,"Контактная система, увеличенное сопротивление контакта",CSH,2024,,,,,,
3,13486692,2024-08-09 23:06:00,Октябрьская,"ОКТ, ШЧ-17",,,,Нарушение контакта трос/контактный болт,CSH,2024,,,,,,
3,13486787,2024-08-10 01:35:00,Октябрьская,"ОКТ, ШЧ-8",,,,"Сигнальная обмотка, короткое замыкание",CSH,2024,,,,,,
3,13486825,2024-08-10 02:27:00,Октябрьская,"ОКТ, ШЧ-12",,,,Обрыв жил контрольного кабеля линий СЦБ,CSH,2024,,,,,,
2,13486935,2024-08-10 06:40:00,Октябрьская,"ОКТ, ШЧ-13 (Э)","1шт ч(к учету 0,47ч)",,,"Резистор, обрыв",CSH,2024,1.0,"0,47ч",,,,
2,13486957,2024-08-10 07:42:00,Октябрьская,"ОКТ, ИЧ-2 Ш",,"1шт ч(к учету 0,13ч)",,"Срабатывание (перегорание), коммутационные перенапряжения",CSH,2024,,,1.0,"0,13ч",,
2,13486977,2024-08-10 08:04:00,Октябрьская,"ОКТ, ШЧ-7 (Р)",,,"1шт ч(к учету 0,15)ч","Контактная система, увеличенное сопротивление",CSH,2024,,,,,1.0,"0,15ч"
3,13486978,2024-08-10 08:20:00,Октябрьская,"ОКТ, ИЧ-2 Ш",,,,Неисправность блока контроля напряжения,CSH,2024,,,,,,
3,13486987,2024-08-10 08:20:00,Октябрьская,"ОКТ, ИЧ-2 Ш",,,,Неисправность блока контроля напряжения,CSH,2024,,,,,,
2,13487228,2024-08-10 12:52:00,Октябрьская,"ОКТ, ШЧ-3","2шт ч(к учету 0,88ч)",,"1шт ч(к учету 0,47)ч","Обрыв троса, внешнее воздействие",CSH,2024,2.0,"0,88ч",,,1.0,"0,47ч"
2,13487243,2024-08-10 14:06:00,Октябрьская,"ОКТ, ШЧ-8",,"1шт ч(к учету 0,15ч)",,"Фрикционное сцепление, нарушение регулировки усилия перевода",CSH,2024,,,1.0,"0,15ч",,
3,13487355,2024-08-10 17:00:00,Октябрьская,"ОКТ, ШЧ-12",,,,"Срабатывание, несоответствие номинала",CSH,2024,,,,,,
3,13487462,2024-08-10 19:31:00,Октябрьская,"ОКТ, ИЧ-2 Ш",,,,Неисправность блока контроля напряжения,CSH,2024,,,,,,
3,13487490,2024-08-10 20:14:00,Октябрьская,"ОКТ, ИЧ-2 Ш",,,,Неисправность блока контроля напряжения,CSH,2024,,,,,,
2,13488198,2024-08-11 16:33:00,Октябрьская,"ОКТ, ИЧ-2 Ш",,"1шт ч(к учету 0,28ч)",,"Электродвигатель, постоянного тока (МСП, ДСП), обрыв обмотки якоря",CSH,2024,,,1.0,"0,28ч",,
3,13488520,2024-08-12 02:15:00,Октябрьская,"ОКТ, ШЧ-21",,,,"Повреждение изоляции, торцевой",CSH,2024,,,,,,
3,13488566,2024-08-12 03:00:00,Октябрьская,"ОКТ, ШЧ-19",,,,Излом наконечника,CSH,2024,,,,,,
3,13488567,2024-08-12 03:30:00,Октябрьская,"ОКТ, ШЧ-19",,,,"Срабатывание, атмосферные перенапряжения",CSH,2024,,,,,,
3,13488700,2024-08-12 06:06:00,Октябрьская,"ОКТ, ШЧ-21",,,,Нарушение контакта штепсель/рельс,CSH,2024,,,,,,
2,13490139,2024-08-12 21:35:00,Октябрьская,"ОКТ, ШЧ-19","3шт (к учету 2) ч(к учету 1,12ч)",,,"Срабатывание, воздействие тягового тока",CSH,2024,2.0,"1,12ч",,,,
3,13490789,2024-08-13 08:35:00,Октябрьская,"ОКТ, ШЧ-23 (Э)",,,,Обрыв пластин,CSH,2024,,,,,,
3,13490760,2024-08-13 10:20:00,Октябрьская,"ОКТ, ШЧ-5 (Э)",,,,"Нарушение контакта в штепсельных розетках, неисправность контактных губок",CSH,2024,,,,,,
3,13491077,2024-08-13 12:10:00,Октябрьская,"ОКТ, ШЧ-21",,,,"Срабатывание (перегорание), воздействие тягового тока",CSH,2024,,,,,,
3,13491352,2024-08-13 14:20:00,Октябрьская,"ОКТ, ШЧ-4 (Э)",,,,"Не срабатывание (не перегорание), атмосферные перенапряжения",CSH,2024,,,,,,
2,13491349,2024-08-13 14:45:00,Октябрьская,"ОКТ, ШЧ-12","1шт ч(к учету 0,68ч)",,,Зависание ПО,CSH,2024,1.0,"0,68ч",,,,
2,13494513,2024-08-13 16:26:00,Октябрьская,"ОКТ, ШЧ-12","2шт ч(к учету 1,55ч)",,,"Срабатывание, несоответствие номинала",CSH,2024,2.0,"1,55ч",,,,
3,13491745,2024-08-13 18:51:00,Октябрьская,"ОКТ, ШЧ-15 (Э)",,,,Излом наконечника,CSH,2024,,,,,,
2,13491886,2024-08-13 20:34:00,Октябрьская,"ОКТ, ИЧ-2 Ш","1шт ч(к учету 0,42ч)",,,Плохой контакт зажимов линий СЦБ,CSH,2024,1.0,"0,42ч",,,,
2,13491844,2024-08-13 20:51:00,Октябрьская,"ОКТ, ШЧ-10","8шт ч(к учету 3,13ч)",,,"Конденсатор, снижение емкости",CSH,2024,8.0,"3,13ч",,,,
3,13491994,2024-08-14 03:09:00,Октябрьская,"ОКТ, ШЧ-19",,,,Излом наконечника,CSH,2024,,,,,,
3,13491995,2024-08-14 03:10:00,Октябрьская,"ОКТ, ШЧ-11",,,,"Монтаж, ослабление крепления",CSH,2024,,,,,,
3,13492089,2024-08-14 05:20:00,Октябрьская,"ОКТ, ШЧ-12",,,,Неисправность концентратора,CSH,2024,,,,,,
3,13492690,2024-08-14 11:05:00,Октябрьская,"ОКТ, ШЧ-12",,,,"Срабатывание, несоответствие номинала",CSH,2024,,,,,,
2,13493403,2024-08-14 16:15:00,Октябрьская,"ОКТ, ШЧ-2 (Р)",,,"1шт ч(к учету 0,18)ч","Срабатывание (перегорание), несоответствие номинала",CSH,2024,,,,,1.0,"0,18ч"
2,13493460,2024-08-14 16:34:00,Октябрьская,"ОКТ, ШЧ-14 (Р)",,,"1шт ч(к учету 0,17)ч","Контактная система, увеличенное сопротивление",CSH,2024,,,,,1.0,"0,17ч"
2,13493459,2024-08-14 16:35:00,Октябрьская,"ОКТ, ШЧ-12","1шт ч(к учету 0,78ч)",,"1шт ч(к учету 0,3)ч","Диод, обрыв",CSH,2024,1.0,"0,78ч",,,1.0,"0,3ч"
3,13493615,2024-08-14 19:22:00,Октябрьская,"ОКТ, ШЧ-10",,,,"Конденсатор, снижение емкости",CSH,2024,,,,,,
3,13493688,2024-08-14 20:12:00,Октябрьская,"ОКТ, ШЧ-9 (Э)",,,,"Срабатывание, атмосферные перенапряжения",CSH,2024,,,,,,
2,13493740,2024-08-14 23:14:00,Октябрьская,"ОКТ, ШЧ-9 (Э)","5шт ч(к учету 2,2ч)",,,"Курбельный контакт, потеря контакта",CSH,2024,5.0,"2,2ч",,,,
3,13494541,2024-08-15 11:55:00,Октябрьская,"ОКТ, ШЧ-21",,,,Пережог плавкой вставки предохранителя линии СЦБ,CSH,2024,,,,,,
2,13494618,2024-08-15 12:35:00,Октябрьская,"ОКТ, ИЧ-ЮЖ Ш",,,"1шт ч(к учету 0,12)ч","Пробой, перекрытие предохранителя линии СЦБ",CSH,2024,,,,,1.0,"0,12ч"
3,13494729,2024-08-15 14:00:00,Октябрьская,"ОКТ, ШЧ-16 (Р)",,,,"Диод, пробой",CSH,2024,,,,,,
3,13494985,2024-08-15 16:56:00,Октябрьская,"ОКТ, ИЧ-2 Ш",,,,Неисправность блока контроля напряжения,CSH,2024,,,,,,
2,13495087,2024-08-15 18:48:00,Октябрьская,"ОКТ, ШЧ-9 (Э)","1шт ч(к учету 0,45ч)",,,Нарушение контакта,CSH,2024,1.0,"0,45ч",,,,
2,13495126,2024-08-15 21:03:00,Октябрьская,"ОКТ, ШЧ-9 (Э)","1шт ч(к учету 0,45ч)",,"2шт (к учету 1) ч(к учету 0,27)ч",Нарушение контакта,CSH,2024,1.0,"0,45ч",,,1.0,"0,27ч"
2,13495233,2024-08-16 00:34:00,Октябрьская,"ОКТ, ШЧ-15 (Э)","4шт (к учету 3) ч(к учету 1,87ч)","1шт ч(к учету 0,52ч)","1шт ч(к учету 0,57)ч","Нарушение контакта в штепсельных розетках, неисправность контактных губок",CSH,2024,3.0,"1,87ч",1.0,"0,52ч",1.0,"0,57ч"
3,13495322,2024-08-16 04:47:00,Октябрьская,"ОКТ, ШЧ-12",,,,"Срабатывание, несоответствие номинала",CSH,2024,,,,,,
3,13495955,2024-08-16 10:25:00,Октябрьская,"ОКТ, ШЧ-16 (Р)",,,,"Электродвигатель, постоянного тока (МСП, ДСП), обрыв внутреннего монтажа",CSH,2024,,,,,,
3,13496315,2024-08-16 21:54:00,Октябрьская,"ОКТ, ШЧ-5 (Э)",,,,Нарушение регулировки,CSH,2024,,,,,,
3,13496658,2024-08-17 09:18:00,Октябрьская,"ОКТ, ШЧ-12",,,,Обрыв жил контрольного кабеля линий СЦБ,CSH,2024,,,,,,
3,13497188,2024-08-17 23:58:00,Октябрьская,"ОКТ, ШЧ-19",,,,"Срабатывание, атмосферные перенапряжения",CSH,2024,,,,,,
3,13497258,2024-08-18 02:36:00,Октябрьская,"ОКТ, ШЧ-5 (Э)",,,,"Фрикционное сцепление, нарушение регулировки усилия перевода",CSH,2024,,,,,,
2,13497428,2024-08-18 07:16:00,Октябрьская,"ОКТ, ШЧ-4 (Э)",,"2шт (к учету 1) ч(к учету 0,33ч)",,"Нарушение контакта в штепсельных розетках, неисправность контактных губок",CSH,2024,,,1.0,"0,33ч",,
3,13497756,2024-08-18 14:49:00,Октябрьская,"ОКТ, ШЧ-8",,,,Сбой АЛС с задержкой поезда,CSH,2024,,,,,,
2,13497850,2024-08-18 16:29:00,Октябрьская,"ОКТ, ИЧ-2 Ш","1шт ч(к учету 0,92ч)",,,Неисправность блока контроля напряжения,CSH,2024,1.0,"0,92ч",,,,
2,13497908,2024-08-18 18:50:00,Октябрьская,"ОКТ, ШЧ-11","1шт ч(к учету 0,17ч)",,"3шт ч(к учету 0,4)ч","Контактная система, потеря контакта",CSH,2024,1.0,"0,17ч",,,3.0,"0,4ч"
2,13497977,2024-08-18 20:20:00,Октябрьская,"ОКТ, ШЧ-9 (Э)","2шт (к учету 1) ч(к учету 1,12ч)",,"1шт ч(к учету 0,83)ч","Автопереключатель, излом пружин автопереключателя",CSH,2024,1.0,"1,12ч",,,1.0,"0,83ч"
2,13498022,2024-08-18 23:03:00,Октябрьская,"ОКТ, ШЧ-19",,"1шт ч(к учету 0,13ч)",,"Лампы, перегорание основной нити",CSH,2024,,,1.0,"0,13ч",,
3,13498150,2024-08-19 01:56:00,Октябрьская,"ОКТ, ШЧ-13 (Э)",,,,Неисправность,CSH,2024,,,,,,
2,13498264,2024-08-19 05:35:00,Октябрьская,"ОКТ, ШЧ-11",,,"3шт ч(к учету 0,4)ч",Отсутствие,CSH,2024,,,,,3.0,"0,4ч"
2,13498533,2024-08-19 10:22:00,Октябрьская,"ОКТ, ШЧ-11","1шт ч(к учету 0,4ч)",,"5шт ч(к учету 0,88)ч",Короткое замыкание пластин,CSH,2024,1.0,"0,4ч",,,5.0,"0,88ч"
3,13498602,2024-08-19 10:57:00,Октябрьская,"ОКТ, ШЧ-5 (Э)",,,,"Нарушение контакта в разъемах блоков, неисправность контактных губок",CSH,2024,,,,,,
2,13498875,2024-08-19 14:45:00,Октябрьская,"ОКТ, ШЧ-1 (Э)",,"2шт (к учету 1) ч(к учету 0,23ч)","52шт (к учету 50) ч(к учету 9,87)ч","Нарушение контакта в штепсельных розетках, неисправность контактных губок",CSH,2024,,,1.0,"0,23ч",50.0,"9,87ч"
3,13499164,2024-08-19 19:10:00,Октябрьская,"ОКТ, ШЧ-2 (Р)",,,,"Контактная система, потеря контакта",CSH,2024,,,,,,
2,13499227,2024-08-19 21:41:00,Октябрьская,"ОКТ, ШЧ-15 (Э)","6шт (к учету 3) ч(к учету 2,07ч)",,,"Контактная система, увеличенное сопротивление контакта",CSH,2024,3.0,"2,07ч",,,,
1,13499348,2024-08-19 23:29:00,Октябрьская,"ОКТ, ШЧ-21","1шт ч(к учету 2,15ч)",,,Сбой АЛС с задержкой поезда,CSH,2024,1.0,"2,15ч",,,,
3,13499395,2024-08-19 23:52:00,Октябрьская,"ОКТ, ШЧ-21",,,,"Неисправность манжеты, пружины, штока и т.д.",CSH,2024,,,,,,
1,13499403,2024-08-20 01:40:00,Октябрьская,"ОКТ, ШЧ-21","18шт (к учету 12) ч(к учету 18,73ч)",6шт (к учету 4) ч(к учету 1ч),,"Контактная система, потеря контакта",CSH,2024,12.0,"18,73ч",4.0,1ч,,
3,13499596,2024-08-20 06:50:00,Октябрьская,"ОКТ, ИЧ-2 Ш",,,,Неисправность блока контроля напряжения,CSH,2024,,,,,,
3,13500183,2024-08-20 14:00:00,Октябрьская,"ОКТ, ШЧ-12",,,,"Не срабатывание (не перегорание), несоответствие номинала",CSH,2024,,,,,,
2,13500430,2024-08-20 19:01:00,Октябрьская,"ОКТ, ШЧ-3","2шт (к учету 1) ч(к учету 1,73ч)",,,Излом датчика УКСПС по старой трещине,CSH,2024,1.0,"1,73ч",,,,
3,13501028,2024-08-21 08:50:00,Октябрьская,"ОКТ, ШЧ-5 (Э)",,,,Нарушение контакта штепсель/рельс,CSH,2024,,,,,,
2,13501144,2024-08-21 09:20:00,Октябрьская,"ОКТ, ИЧ-2 Ш",,"1шт ч(к учету 0,12ч)",,Отключение питающей линии,CSH,2024,,,1.0,"0,12ч",,
3,13501289,2024-08-21 10:58:00,Октябрьская,"ОКТ, ШЧ-12",,,,"Срабатывание (перегорание), несоответствие номинала",CSH,2024,,,,,,
2,13501455,2024-08-21 12:22:00,Октябрьская,"ОКТ, ШЧ-12","1шт ч(к учету 0,55ч)",,,"Срабатывание (перегорание), несоответствие номинала",CSH,2024,1.0,"0,55ч",,,,
3,13501525,2024-08-21 12:38:00,Октябрьская,"ОКТ, ШЧ-21",,,,"Повреждение шнуров, патчкордов КЛС",CSH,2024,,,,,,
3,13501812,2024-08-21 15:25:00,Октябрьская,"ОКТ, ИЧ-2 Ш",,,,Неисправность блока контроля напряжения,CSH,2024,,,,,,
1,13501975,2024-08-21 18:30:00,Октябрьская,"ОКТ, ШЧ-23 (Э)","3шт (к учету 2) ч(к учету 2,45ч)",,,"Ключ-жезл в т.ч. с электрозащелкой, нарушение состояния паек",CSH,2024,2.0,"2,45ч",,,,
3,13502016,2024-08-21 20:40:00,Октябрьская,"ОКТ, ШЧ-12",,,,Зависание ПО,CSH,2024,,,,,,
3,13502030,2024-08-21 21:31:00,Октябрьская,"ОКТ, ШЧ-19",,,,Нарушение контакта штепсель/рельс,CSH,2024,,,,,,
2,13502252,2024-08-22 04:50:00,Октябрьская,"ОКТ, ШЧ-15 (Э)","4шт ч(к учету 2,25ч)",,,"Срабатывание (перегорание), атмосферные перенапряжения",CSH,2024,4.0,"2,25ч",,,,
3,13502363,2024-08-22 06:29:00,Октябрьская,"ОКТ, ШЧ-12",,,,Перегорание,CSH,2024,,,,,,
3,13502838,2024-08-22 12:40:00,Октябрьская,"ОКТ, ШЧ-23 (Э)",,,,Излом провода под гайкой,CSH,2024,,,,,,
2,13502857,2024-08-22 12:55:00,Октябрьская,"ОКТ, ШЧ-17","2шт ч(к учету 1,88ч)","4шт (к учету 3) ч(к учету 0,55ч)","1шт ч(к учету 0,12)ч","Жилы, внутренний обрыв",CSH,2024,2.0,"1,88ч",3.0,"0,55ч",1.0,"0,12ч"
3,13503049,2024-08-22 15:05:00,Октябрьская,"ОКТ, ШЧ-19",,,,Нарушение контакта,CSH,2024,,,,,,
2,13503114,2024-08-22 16:08:00,Октябрьская,"ОКТ, ШЧ-3",,,"6шт ч(к учету 1,02)ч",Короткое замыкание в кабеле линий СЦБ напряжением 10 кВ,CSH,2024,,,,,6.0,"1,02ч"
3,13503468,2024-08-22 23:37:00,Октябрьская,"ОКТ, ШЧ-15 (Э)",,,,Сбой АЛС с задержкой поезда,CSH,2024,,,,,,
3,13503466,2024-08-22 23:53:00,Октябрьская,"ОКТ, ШЧ-19",,,,"Контактная система, потеря контакта",CSH,2024,,,,,,
3,13503467,2024-08-23 00:50:00,Октябрьская,"ОКТ, ШЧ-15 (Э)",,,,Сбой АЛС с задержкой поезда,CSH,2024,,,,,,
3,13503491,2024-08-23 01:59:00,Октябрьская,"ОКТ, ШЧ-11",,,,Неисправность,CSH,2024,,,,,,
3,13504156,2024-08-23 14:09:00,Октябрьская,"ОКТ, ШЧ-16 (Р)",,,,"Обмотка, обрыв",CSH,2024,,,,,,
3,13504383,2024-08-23 17:35:00,Октябрьская,"ОКТ, ШЧ-11",,,,"Кнопки, потеря контакта в штепсельном разъеме",CSH,2024,,,,,,
3,13504701,2024-08-23 19:36:00,Октябрьская,"ОКТ, ШЧ-9 (Э)",,,,Короткое замыкание монтажа,CSH,2024,,,,,,
3,13504459,2024-08-23 20:47:00,Октябрьская,"ОКТ, ШЧ-11",,,,"Внутренний монтаж, короткое замыкание",CSH,2024,,,,,,
3,13504680,2024-08-24 04:40:00,Октябрьская,"ОКТ, ШЧ-11",,,,Асимметрия тягового тока,CSH,2024,,,,,,
2,13504968,2024-08-24 13:17:00,Октябрьская,"ОКТ, ШЧ-11","1шт ч(к учету 0,88ч)",,"3шт (к учету 2) ч(к учету 0,42)ч",Отсутствие,CSH,2024,1.0,"0,88ч",,,2.0,"0,42ч"
2,13505159,2024-08-24 17:28:00,Октябрьская,"ОКТ, ШЧ-21",,,"1шт ч(к учету 0,12)ч","Конденсатор, снижение емкости",CSH,2024,,,,,1.0,"0,12ч"
2,13505214,2024-08-24 19:15:00,Октябрьская,"ОКТ, ШЧ-11",,,5шт ч(к учету 1)ч,"Ламподержатель, нарушение контакта",CSH,2024,,,,,1.0,1ч
3,13505309,2024-08-24 20:50:00,Октябрьская,"ОКТ, ИЧ-2 Ш",,,,Плохой контакт зажимов линий СЦБ,CSH,2024,,,,,,
3,13505462,2024-08-25 02:41:00,Октябрьская,"ОКТ, ШЧ-17",,,,Излом наконечника,CSH,2024,,,,,,
2,13505610,2024-08-25 07:47:00,Октябрьская,"ОКТ, ШЧ-5 (Э)",,"2шт ч(к учету 0,42ч)",,Обрыв монтажного провода,CSH,2024,,,2.0,"0,42ч",,
1,13505611,2024-08-25 07:50:00,Октябрьская,"ОКТ, ШЧ-16 (Р)","10шт (к учету 7) ч(к учету 5,27ч)",,,"Диод, пробой",CSH,2024,7.0,"5,27ч",,,,
3,13505730,2024-08-25 10:25:00,Октябрьская,"ОКТ, ШЧ-17",,,,Нарушение регулировки,CSH,2024,,,,,,
3,13505911,2024-08-25 14:14:00,Октябрьская,"ОКТ, ШЧ-9 (Э)",,,,Обрыв проводов линий СЦБ,CSH,2024,,,,,,
3,13505967,2024-08-25 16:07:00,Октябрьская,"ОКТ, ШЧ-15 (Э)",,,,"Электродвигатель, прочие типы, неисправность",CSH,2024,,,,,,
3,13505965,2024-08-25 16:30:00,Октябрьская,"ОКТ, ШЧ-12",,,,Повреждение контрольного кабеля линий СЦБ при работах,CSH,2024,,,,,,
3,13506006,2024-08-25 16:41:00,Октябрьская,"ОКТ, ШЧ-15 (Э)",,,,Сбой АЛС с задержкой поезда,CSH,2024,,,,,,
3,13506679,2024-08-26 08:01:00,Октябрьская,"ОКТ, ШЧ-11",,,,"Нарушение контакта в разъемах блоков, сообщение",CSH,2024,,,,,,
1,13507065,2024-08-26 14:07:00,Октябрьская,"ОКТ, ШЧ-10","12шт (к учету 9) ч(к учету 10,85ч)",,,"Контактная система, потеря контакта",CSH,2024,9.0,"10,85ч",,,,
2,13507383,2024-08-26 22:37:00,Октябрьская,"ОКТ, ШЧ-23 (Э)",,"2шт ч(к учету 0,28ч)",,Закорачивание РЦ рабочими тележками,CSH,2024,,,2.0,"0,28ч",,
3,13507471,2024-08-27 01:54:00,Октябрьская,"ОКТ, ШЧ-19",,,,"Контактная система, потеря контакта",CSH,2024,,,,,,
1,13507608,2024-08-27 05:08:00,Октябрьская,"ОКТ, ШЧ-12","2шт ч(к учету 2,33ч)","1шт ч(к учету 0,13ч)","3шт ч(к учету 0,43)ч","Срабатывание, несоответствие номинала",CSH,2024,2.0,"2,33ч",1.0,"0,13ч",3.0,"0,43ч"
2,13508147,2024-08-27 12:19:00,Октябрьская,"ОКТ, ШЧ-1 (Э)",,"1шт ч(к учету 0,12ч)","5шт (к учету 4) ч(к учету 0,68)ч",Блок питания,CSH,2024,,,1.0,"0,12ч",4.0,"0,68ч"
3,13508222,2024-08-27 12:46:00,Октябрьская,"ОКТ, ШЧ-23 (Э)",,,,Повреждение,CSH,2024,,,,,,
2,13508277,2024-08-27 13:48:00,Октябрьская,"ОКТ, ШЧ-1 (Э)",,"4шт ч(к учету 0,7ч)","2шт ч(к учету 0,38)ч","Нарушение контакта в штепсельных розетках, неисправность контактных губок",CSH,2024,,,4.0,"0,7ч",2.0,"0,38ч"
2,13508486,2024-08-27 17:08:00,Октябрьская,"ОКТ, ШЧ-2 (Р)",,"2шт ч(к учету 0,5ч)",,"Контактная система, потеря контакта",CSH,2024,,,2.0,"0,5ч",,
3,13509774,2024-08-28 14:25:00,Октябрьская,"ОКТ, ШЧ-12",,,,"Срабатывание, несоответствие номинала",CSH,2024,,,,,,
3,13509979,2024-08-28 22:55:00,Октябрьская,"ОКТ, ИЧ-2 Ш",,,,"Лампы, перегорание основной нити",CSH,2024,,,,,,
2,13510281,2024-08-29 06:51:00,Октябрьская,"ОКТ, ШЧ-16 (Р)",,"1шт ч(к учету 0,12ч)",,"Внутренний монтаж, обрыв",CSH,2024,,,1.0,"0,12ч",,
3,13511671,2024-08-30 10:43:00,Октябрьская,"ОКТ, ШЧ-11",,,,"Кнопки, механическое заедание кнопки",CSH,2024,,,,,,
3,13511845,2024-08-30 13:00:00,Октябрьская,"ОКТ, ШЧ-8",,,,"Нарушение контакта в штепсельных розетках, сообщение",CSH,2024,,,,,,
3,13512266,2024-08-30 20:48:00,Октябрьская,"ОКТ, ИЧ-2 Ш",,,,Неисправность блока контроля напряжения,CSH,2024,,,,,,
2,13512275,2024-08-30 21:16:00,Октябрьская,"ОКТ, ШЧ-20","5шт ч(к учету 2,55ч)",,,"Внутренний монтаж, обрыв",CSH,2024,5.0,"2,55ч",,,,
3,13512407,2024-08-31 02:35:00,Октябрьская,"ОКТ, ШЧ-15 (Э)",,,,Зависание ПО,CSH,2024,,,,,,
2,13512509,2024-08-31 06:16:00,Октябрьская,"ОКТ, ШЧ-19",,"1шт ч(к учету 0,25ч)",,Сообщение,CSH,2024,,,1.0,"0,25ч",,
2,13512545,2024-08-31 07:35:00,Октябрьская,"ОКТ, ШЧ-9 (Э)",,,"2шт ч(к учету 0,25)ч","Контакты штепсельного разъема, излом",CSH,2024,,,,,2.0,"0,25ч"
3,13512546,2024-08-31 08:00:00,Октябрьская,"ОКТ, ИЧ-2 Ш",,,,Короткое замыкание пластин,CSH,2024,,,,,,
2,13512826,2024-08-31 16:41:00,Октябрьская,"ОКТ, ИЧ-2 Ш",,,"1шт ч(к учету 0,2)ч","Пробой, перекрытие трансформатора напряжения линий СЦБ",CSH,2024,,,,,1.0,"0,2ч"
3,13512917,2024-08-31 19:43:00,Октябрьская,"ОКТ, ИЧ-2 Ш",,,,"Пробой, перекрытие трансформатора напряжения линий СЦБ",CSH,2024,,,,,,
3,13512957,2024-08-31 22:25:00,Октябрьская,"ОКТ, ШЧ-17",,,,Неисправность,CSH,2024,,,,,,
3,13512958,2024-08-31 22:56:00,Октябрьская,"ОКТ, ИЧ-1 Ш",,,,"Ламподержатель, нарушение контакта",CSH,2024,,,,,,
2,13513036,2024-09-01 01:20:00,Октябрьская,"ОКТ, ИЧ-2 Ш",,"1шт ч(к учету 0,1ч)",,"Пробой, перекрытие предохранителя линии СЦБ",CSH,2024,,,1.0,"0,1ч",,
3,13513075,2024-09-01 04:10:00,Октябрьская,"ОКТ, ШЧ-11",,,,"Нарушение контакта в штепсельных розетках, неисправность контактных губок",CSH,2024,,,,,,
3,13513620,2024-09-02 00:00:00,Октябрьская,"ОКТ, ШЧ-15 (Э)",,,,"Срабатывание, атмосферные перенапряжения",CSH,2024,,,,,,
1,13513670,2024-09-02 01:12:00,Октябрьская,"ОКТ, ШЧ-7 (Р)","19шт (к учету 18) ч(к учету 17,25ч)",,,"Обрыв троса, при путевых работах",CSH,2024,18.0,"17,25ч",,,,
3,13513928,2024-09-02 07:21:00,Октябрьская,"ОКТ, ШЧ-21",,,,Излом контактов автоматического выключателя минимального давления главного выключателя,CSH,2024,,,,,,
2,13514189,2024-09-02 10:30:00,Октябрьская,"ОКТ, ШЧ-1 (Э)",,,"2шт ч(к учету 0,22)ч","Нарушение контакта в штепсельных розетках, неисправность контактных губок",CSH,2024,,,,,2.0,"0,22ч"
3,13514822,2024-09-02 15:53:00,Октябрьская,"ОКТ, ШЧ-14 (Р)",,,,"Контактная система, потеря контакта",CSH,2024,,,,,,
2,13514939,2024-09-02 18:29:00,Октябрьская,"ОКТ, ШЧ-21","2шт ч(к учету 0,52ч)",,,"Контакты штепсельного разъема, излом",CSH,2024,2.0,"0,52ч",,,,
2,13516824,2024-09-03 15:16:00,Октябрьская,"ОКТ, ШЧ-11",,,"4шт (к учету 2) ч(к учету 1,07)ч","Обрыв троса, коррозия металла",CSH,2024,,,,,2.0,"1,07ч"
3,13517277,2024-09-03 23:40:00,Октябрьская,"ОКТ, ШЧ-14 (Р)",,,,"Контактная система, увеличенное сопротивление контакта",CSH,2024,,,,,,
3,13517501,2024-09-04 04:14:00,Октябрьская,"ОКТ, ШЧ-16 (Р)",,,,"Контактная система, подгар контактов",CSH,2024,,,,,,
2,13519331,2024-09-04 14:24:00,Октябрьская,"ОКТ, ШЧ-19","1шт ч(к учету 0,18ч)","1шт ч(к учету 0,25ч)",,"Нарушение контакта в штепсельных розетках, неисправность контактных губок",CSH,2024,1.0,"0,18ч",1.0,"0,25ч",,
1,13519605,2024-09-04 14:41:00,Октябрьская,"ОКТ, ШЧ-19","2шт ч(к учету 3,7ч)",,,"Транзистор, пробой",CSH,2024,2.0,"3,7ч",,,,
3,13519621,2024-09-04 19:14:00,Октябрьская,"ОКТ, ШЧ-10",,,,"Шибер, заклинивание",CSH,2024,,,,,,
3,13519648,2024-09-04 19:33:00,Октябрьская,"ОКТ, ШЧ-11",,,,Неисправность устройства сопряжения с объектами,CSH,2024,,,,,,
3,13519700,2024-09-04 22:18:00,Октябрьская,"ОКТ, ШЧ-23 (Э)",,,,Излом болтов крепления,CSH,2024,,,,,,
2,13519745,2024-09-04 23:28:00,Октябрьская,"ОКТ, ИЧ-2 Ш",,"1шт ч(к учету 0,12ч)",,Неисправность блока контроля напряжения,CSH,2024,,,1.0,"0,12ч",,
2,13519976,2024-09-05 04:04:00,Октябрьская,"ОКТ, ШЧ-20","3шт (к учету 2) ч(к учету 1,53ч)",,,"Контактная система, увеличенное сопротивление контакта",CSH,2024,2.0,"1,53ч",,,,
3,13520103,2024-09-05 05:10:00,Октябрьская,"ОКТ, ШЧ-3",,,,"Жилы, обрыв",CSH,2024,,,,,,
3,13521688,2024-09-05 15:04:00,Октябрьская,"ОКТ, ШЧ-4 (Э)",,,,"Жилы, обрыв",CSH,2024,,,,,,
2,13521826,2024-09-05 15:24:00,Октябрьская,"ОКТ, ШЧ-21","1шт ч(к учету 0,28ч)",,,"Жилы, обрыв",CSH,2024,1.0,"0,28ч",,,,
3,13522145,2024-09-05 23:30:00,Октябрьская,"ОКТ, ШЧ-10",,,,"Нарушение контакта в штепсельных розетках, неисправность контактных губок",CSH,2024,,,,,,
3,13523071,2024-09-06 09:38:00,Октябрьская,"ОКТ, ШЧ-15 (Э)",,,,Зависание ПО,CSH,2024,,,,,,
2,13523192,2024-09-06 11:06:00,Октябрьская,"ОКТ, ШЧ-5 (Э)",,"1шт ч(к учету 0,33ч)",,Обрыв жил контрольного кабеля линий СЦБ,CSH,2024,,,1.0,"0,33ч",,
3,13523302,2024-09-06 11:39:00,Октябрьская,"ОКТ, ШЧ-5 (Э)",,,,"Фрикционное сцепление, разрегулировка",CSH,2024,,,,,,
3,13523530,2024-09-06 13:10:00,Октябрьская,"ОКТ, ШЧ-17",,,,Обрыв монтажного провода,CSH,2024,,,,,,
3,13524040,2024-09-06 17:41:00,Октябрьская,"ОКТ, ШЧ-8",,,,Прочие неисправности,CSH,2024,,,,,,
3,13524172,2024-09-06 19:57:00,Октябрьская,"ОКТ, ИЧ-2 Ш",,,,Обрыв жил контрольного кабеля линий СЦБ,CSH,2024,,,,,,
3,13524937,2024-09-07 16:43:00,Октябрьская,"ОКТ, ШЧ-21",,,,"Короткое замыкание, закорачивание по поверхности катания",CSH,2024,,,,,,
3,13525400,2024-09-08 00:45:00,Октябрьская,"ОКТ, ШЧ-19",,,,Излом провода под гайкой,CSH,2024,,,,,,
3,13525696,2024-09-08 14:25:00,Октябрьская,"ОКТ, ШЧ-23 (Э)",,,,"Обрыв троса, коррозия металла",CSH,2024,,,,,,
3,13526640,2024-09-09 10:27:00,Октябрьская,"ОКТ, ИЧ-ЮЖ Ш",,,,"Лампы, перегорание основной нити",CSH,2024,,,,,,
3,13527153,2024-09-09 12:54:00,Октябрьская,"ОКТ, ШЧ-7 (Р)",,,,"Конденсатор, снижение емкости",CSH,2024,,,,,,
3,13527523,2024-09-09 15:00:00,Октябрьская,"ОКТ, ШЧ-16 (Р)",,,,"Контактная система, потеря контакта",CSH,2024,,,,,,
2,13527919,2024-09-09 20:49:00,Октябрьская,"ОКТ, ШЧ-7 (Р)",,"1шт ч(к учету 0,77ч)",,"Контактная система, увеличенное сопротивление",CSH,2024,,,1.0,"0,77ч",,
3,13528430,2024-09-10 05:11:00,Октябрьская,"ОКТ, ШЧ-12",,,,"Электродвигатель, переменного тока (МСТ, МСА), обрыв обмотки статора",CSH,2024,,,,,,
3,13528741,2024-09-10 08:38:00,Октябрьская,"ОКТ, ШЧ-20",,,,"Электродвигатель, постоянного тока (МСП, ДСП), обрыв обмотки якоря",CSH,2024,,,,,,
2,13530370,2024-09-10 13:05:00,Октябрьская,"ОКТ, ШЧ-10","1шт ч(к учету 0,32ч)",,,"Контактная система, увеличенное сопротивление контакта",CSH,2024,1.0,"0,32ч",,,,
3,13529764,2024-09-10 13:31:00,Октябрьская,"ОКТ, ШЧ-13 (Э)",,,,"Лампы, перегорание основной нити",CSH,2024,,,,,,
3,13530111,2024-09-10 15:30:00,Октябрьская,"ОКТ, ШЧ-19",,,,Нарушение контакта наконечник/вывод ДТ,CSH,2024,,,,,,
3,13530305,2024-09-10 16:54:00,Октябрьская,"ОКТ, ШЧ-19",,,,"Жилы, обрыв",CSH,2024,,,,,,
3,13530390,2024-09-10 19:12:00,Октябрьская,"ОКТ, ШЧ-16 (Р)",,,,"Дроссели (реакторы), потеря контакта",CSH,2024,,,,,,
2,13530448,2024-09-10 20:47:00,Октябрьская,"ОКТ, ШЧ-12",2шт ч(к учету 1ч),,,"СБСБК, сбой ПО",CSH,2024,1.0,1ч,,,,
3,13531293,2024-09-11 08:50:00,Октябрьская,"ОКТ, ШЧ-12",,,,Механическое разрушение трансформатора напряжения линии энергоснабжения нетяговых потребителей,CSH,2024,,,,,,
2,13531434,2024-09-11 10:13:00,Октябрьская,"ОКТ, ШЧ-14 (Р)",,,"1шт ч(к учету 0,12)ч","Конденсатор, снижение емкости",CSH,2024,,,,,1.0,"0,12ч"
3,13531552,2024-09-11 10:44:00,Октябрьская,"ОКТ, ШЧ-19",,,,"Внутренний монтаж, обрыв",CSH,2024,,,,,,
3,13532348,2024-09-11 14:20:00,Октябрьская,"ОКТ, ИЧ-2 Ш",,,,Плохой контакт зажимов линий СЦБ,CSH,2024,,,,,,
3,13533094,2024-09-12 00:30:00,Октябрьская,"ОКТ, ШЧ-20",,,,"Контактная система, сваривание",CSH,2024,,,,,,
2,13534316,2024-09-12 12:45:00,Октябрьская,"ОКТ, ШЧ-16 (Р)","3шт (к учету 2) ч(к учету 0,88ч)",,,"Обмотка, обрыв",CSH,2024,2.0,"0,88ч",,,,
3,13534966,2024-09-12 17:38:00,Октябрьская,"ОКТ, ШЧ-3",,,,"Лампы, перегорание основной нити",CSH,2024,,,,,,
2,13535147,2024-09-12 21:17:00,Октябрьская,"ОКТ, ШЧ-9 (Э)","14шт (к учету 11) ч(к учету 5,97ч)",,,"Жилы, сообщение",CSH,2024,11.0,"5,97ч",,,,
2,13535497,2024-09-13 05:50:00,Октябрьская,"ОКТ, ШЧ-13 (Э)","4шт (к учету 2) ч(к учету 2,25ч)",,,Неисправность,CSH,2024,2.0,"2,25ч",,,,
3,13536844,2024-09-13 16:53:00,Октябрьская,"ОКТ, ИЧ-2 Ш",,,,Неисправность блока контроля напряжения,CSH,2024,,,,,,
3,13537037,2024-09-13 21:55:00,Октябрьская,"ОКТ, ШЧ-5 (Э)",,,,Ослабление крепления монтажных проводов на контактах,CSH,2024,,,,,,
3,13537201,2024-09-14 03:10:00,Октябрьская,"ОКТ, ШЧ-12",,,,"Срабатывание, несоответствие номинала",CSH,2024,,,,,,
3,13537772,2024-09-14 18:18:00,Октябрьская,"ОКТ, ШЧ-16 (Р)",,,,"Диод, пробой",CSH,2024,,,,,,
3,13538521,2024-09-15 15:48:00,Октябрьская,"ОКТ, ШЧ-21",,,,"Обрыв, при путевых работах",CSH,2024,,,,,,
3,13538496,2024-09-15 16:01:00,Октябрьская,"ОКТ, ШЧ-19",,,,"Нарушение контакта в штепсельных розетках, неисправность контактных губок",CSH,2024,,,,,,
3,13539495,2024-09-16 09:50:00,Октябрьская,"ОКТ, ШЧ-21",,,,Обрыв монтажного провода,CSH,2024,,,,,,
3,13539347,2024-09-16 09:58:00,Октябрьская,"ОКТ, ШЧ-14 (Р)",,,,"Обмотка, короткое замыкание",CSH,2024,,,,,,
3,13579134,2024-09-16 10:47:00,Октябрьская,"ОКТ, ШЧ-21","1шт ч(к учету 0,13ч)",,,"Нарушение контакта в разъемах блоков, неисправность контактных губок",CSH,2024,1.0,"0,13ч",,,,
2,13539740,2024-09-16 14:38:00,Октябрьская,"ОКТ, ШЧ-2 (Р)","6шт (к учету 4) ч(к учету 2,32ч)",,,"Конденсатор, снижение емкости",CSH,2024,4.0,"2,32ч",,,,
2,13541295,2024-09-17 13:11:00,Октябрьская,"ОКТ, ИЧ-2 Ш",,,"1шт ч(к учету 0,12)ч","Пробой, перекрытие предохранителя линии СЦБ",CSH,2024,,,,,1.0,"0,12ч"
2,13542655,2024-09-18 09:44:00,Октябрьская,"ОКТ, ШЧ-15 (Э)","2шт ч(к учету 0,62ч)",,"2шт ч(к учету 0,22)ч",Нарушение контакта трос/наконечник,CSH,2024,2.0,"0,62ч",,,2.0,"0,22ч"
3,13542900,2024-09-18 10:46:00,Октябрьская,"ОКТ, ШЧ-15 (Э)",,,,Сбой АЛС с задержкой поезда,CSH,2024,,,,,,
2,13543060,2024-09-18 13:20:00,Октябрьская,"ОКТ, ШЧ-21","3шт ч(к учету 1,12ч)","1шт ч(к учету 0,23ч)",,"Автопереключатель, неисправность микропереключателей",CSH,2024,3.0,"1,12ч",1.0,"0,23ч",,
2,13543531,2024-09-18 19:51:00,Октябрьская,"ОКТ, ШЧ-11",,,"1шт ч(к учету 0,13)ч",Неисправность,CSH,2024,,,,,1.0,"0,13ч"
2,13544429,2024-09-19 10:33:00,Октябрьская,"ОКТ, ШЧ-19","1шт ч(к учету 0,98ч)",,,"Жилы, обрыв",CSH,2024,1.0,"0,98ч",,,,
3,13544524,2024-09-19 11:34:00,Октябрьская,"ОКТ, ШЧ-8",,,,"Нарушение контакта в штепсельных розетках, сообщение",CSH,2024,,,,,,
2,13546909,2024-09-19 15:05:00,Октябрьская,"ОКТ, ИЧ-2 Ш","1шт ч(к учету 0,3ч)",,,Обрыв жил контрольного кабеля линий СЦБ,CSH,2024,1.0,"0,3ч",,,,
3,13545241,2024-09-19 22:51:00,Октябрьская,"ОКТ, ШЧ-5 (Э)",,,,Влияние посторонних источников питания,CSH,2024,,,,,,
3,13545899,2024-09-20 06:00:00,Октябрьская,"ОКТ, ИЧ-1 Ш",,,,"Внешнее воздействие, отключение внешнего электроснабжения",CSH,2024,,,,,,
3,13546279,2024-09-20 13:15:00,Октябрьская,"ОКТ, ШЧ-19",,,,"Контактная система, потеря контакта",CSH,2024,,,,,,
2,13552309,2024-09-20 20:30:00,Октябрьская,"ОКТ, ШЧ-20","2шт ч(к учету 0,57ч)",,,Сбой АЛС с задержкой поезда,CSH,2024,2.0,"0,57ч",,,,
3,13546843,2024-09-21 07:54:00,Октябрьская,"ОКТ, ШЧ-21",,,,Неперевод стрелочного перевода по причине попадания постороннего предмета,CSH,2024,,,,,,
2,13547393,2024-09-21 22:30:00,Октябрьская,"ОКТ, ШЧ-19",,"1шт ч(к учету 0,12ч)",,"Нарушение контакта в штепсельных розетках, неисправность контактных губок",CSH,2024,,,1.0,"0,12ч",,
3,13547521,2024-09-22 03:15:00,Октябрьская,"ОКТ, ШЧ-5 (Э)",,,,"Срабатывание, несоответствие номинала",CSH,2024,,,,,,
3,13547719,2024-09-22 08:44:00,Октябрьская,"ОКТ, ШЧ-19",,,,"Срабатывание, атмосферные перенапряжения",CSH,2024,,,,,,
2,13548404,2024-09-23 03:26:00,Октябрьская,"ОКТ, ШЧ-23 (Э)",,"1шт ч(к учету 0,15ч)",,"Диод, короткое замыкание диода",CSH,2024,,,1.0,"0,15ч",,
3,13548602,2024-09-23 06:36:00,Октябрьская,"ОКТ, ШЧ-16 (Р)",,,,"Обмотка, обрыв",CSH,2024,,,,,,
3,13548589,2024-09-23 06:38:00,Октябрьская,"ОКТ, ШЧ-4 (Э)",,,,Снижение емкости ниже номинальной,CSH,2024,,,,,,
3,13548845,2024-09-23 09:02:00,Октябрьская,"ОКТ, ИЧ-2 Ш",,,,Плохой контакт зажимов линий СЦБ,CSH,2024,,,,,,
3,13548892,2024-09-23 11:20:00,Октябрьская,"ОКТ, ШЧ-8",,,,"Нарушение контакта в штепсельных розетках, сообщение",CSH,2024,,,,,,
2,13549041,2024-09-23 12:09:00,Октябрьская,"ОКТ, ШЧ-23 (Э)","1шт ч(к учету 0,32ч)",,"1шт ч(к учету 0,15)ч","Контактная система, увеличенное сопротивление контакта",CSH,2024,1.0,"0,32ч",,,1.0,"0,15ч"
3,13549664,2024-09-24 00:04:00,Октябрьская,"ОКТ, ШЧ-21",,,,"Механические разрушения, перекрытие посторонними предметами, обрыв изоляторов линий СЦБ",CSH,2024,,,,,,
3,13551291,2024-09-25 03:20:00,Октябрьская,"ОКТ, ШЧ-19",,,,Излом наконечника,CSH,2024,,,,,,
2,13551729,2024-09-25 09:35:00,Октябрьская,"ОКТ, ШЧ-16 (Р)",,"1шт ч(к учету 0,15ч)",,"Внутренний монтаж, короткое замыкание",CSH,2024,,,1.0,"0,15ч",,
2,13552599,2024-09-25 19:23:00,Октябрьская,"ОКТ, ШЧ-11",,,"10шт (к учету 7) ч(к учету 2,45)ч","Жилы, обрыв",CSH,2024,,,,,7.0,"2,45ч"
3,13552621,2024-09-25 19:47:00,Октябрьская,"ОКТ, ШЧ-15 (Э)",,,,Зависание ПО,CSH,2024,,,,,,
3,13552640,2024-09-25 20:21:00,Октябрьская,"ОКТ, ИЧ-2 Ш",,,,Пережог плавкой вставки предохранителя линии СЦБ,CSH,2024,,,,,,
2,13552641,2024-09-25 20:25:00,Октябрьская,"ОКТ, ИЧ-2 Ш","2шт ч(к учету 1,35ч)",,,Пережог плавкой вставки предохранителя линии СЦБ,CSH,2024,2.0,"1,35ч",,,,
3,13552715,2024-09-25 20:28:00,Октябрьская,"ОКТ, ИЧ-2 Ш",,,,Пережог плавкой вставки предохранителя линии СЦБ,CSH,2024,,,,,,
3,13552689,2024-09-25 22:01:00,Октябрьская,"ОКТ, ИЧ-2 Ш",,,,"Пробой, перекрытие трансформатора напряжения линий СЦБ",CSH,2024,,,,,,
3,13552784,2024-09-26 00:50:00,Октябрьская,"ОКТ, ИЧ-2 Ш",,,,Пережог плавкой вставки предохранителя линии СЦБ,CSH,2024,,,,,,
2,13553288,2024-09-26 09:19:00,Октябрьская,"ОКТ, ШЧ-23 (Э)","3шт ч(к учету 2,07ч)",,,"Внутренний монтаж, обрыв",CSH,2024,3.0,"2,07ч",,,,
2,13553532,2024-09-26 12:12:00,Октябрьская,"ОКТ, ШЧ-23 (Э)","2шт ч(к учету 0,63ч)",,,"Срабатывание, атмосферные перенапряжения",CSH,2024,2.0,"0,63ч",,,,
3,13554396,2024-09-27 03:26:00,Октябрьская,"ОКТ, ШЧ-14 (Р)",,,,"Конденсатор, снижение емкости",CSH,2024,,,,,,
2,13555413,2024-09-27 17:07:00,Октябрьская,"ОКТ, ШЧ-16 (Р)","1шт ч(к учету 0,97ч)","2шт ч(к учету 0,27ч)",,"Контактная система, сваривание",CSH,2024,1.0,"0,97ч",2.0,"0,27ч",,
1,13555427,2024-09-27 17:20:00,Октябрьская,"ОКТ, ШЧ-7 (Р)",,,"3шт ч(к учету 2,32)ч","Диод, обрыв",CSH,2024,,,,,3.0,"2,32ч"
1,13555562,2024-09-27 19:35:00,Октябрьская,"ОКТ, ШЧ-17","9шт (к учету 6) ч(к учету 6,62ч)","1шт ч(к учету 0,22ч)",,"Срабатывание, несоответствие номинала",CSH,2024,6.0,"6,62ч",1.0,"0,22ч",,
3,13555665,2024-09-28 00:10:00,Октябрьская,"ОКТ, ШЧ-15 (Э)",,,,"Лампочки индикации, перегорание",CSH,2024,,,,,,
3,13555751,2024-09-28 03:13:00,Октябрьская,"ОКТ, ШЧ-14 (Р)",,,,"Лампы, перегорание основной нити",CSH,2024,,,,,,
3,13555870,2024-09-28 07:00:00,Октябрьская,"ОКТ, ШЧ-13 (Э)",,,,"Блок К, неисправность",CSH,2024,,,,,,
3,13556333,2024-09-28 21:16:00,Октябрьская,"ОКТ, ШЧ-1 (Э)",,,,Обрыв монтажного провода,CSH,2024,,,,,,
2,13556361,2024-09-28 21:50:00,Октябрьская,"ОКТ, ШЧ-9 (Э)",,,"2шт ч(к учету 0,28)ч",Отключение питающей линии,CSH,2024,,,,,2.0,"0,28ч"
3,13556745,2024-09-29 10:40:00,Октябрьская,"ОКТ, ИЧ-2 Ш",,,,Плохой контакт зажимов линий СЦБ,CSH,2024,,,,,,
2,13556774,2024-09-29 11:45:00,Октябрьская,"ОКТ, ШЧ-12","1шт ч(к учету 0,92ч)",,,"Срабатывание, несоответствие номинала",CSH,2024,1.0,"0,92ч",,,,
3,13556856,2024-09-29 13:07:00,Октябрьская,"ОКТ, ШЧ-21",,,,"Срабатывание, коммутационные перенапряжения",CSH,2024,,,,,,
3,13556950,2024-09-29 13:35:00,Октябрьская,"ОКТ, ШЧ-3",,,,Неисправность устройства сопряжения с объектами,CSH,2024,,,,,,
3,13558726,2024-10-01 03:37:00,Октябрьская,"ОКТ, ИЧ-1 Ш",,,,Неисправность планки,CSH,2024,,,,,,
2,13559212,2024-10-01 10:00:00,Октябрьская,"ОКТ, ШЧ-19","2шт ч(к учету 0,77ч)",,,Короткое замыкание пластин,CSH,2024,2.0,"0,77ч",,,,
2,13560093,2024-10-01 16:38:00,Октябрьская,"ОКТ, ШЧ-14 (Р)",,,"6шт ч(к учету 0,95)ч","Контактная система, увеличенное сопротивление",CSH,2024,,,,,6.0,"0,95ч"
2,13560159,2024-10-01 16:55:00,Октябрьская,"ОКТ, ШЧ-3",,,"1шт ч(к учету 0,12)ч","Нарушение контакта в штепсельных розетках, неисправность контактных губок",CSH,2024,,,,,1.0,"0,12ч"
3,13560236,2024-10-01 17:37:00,Октябрьская,"ОКТ, ШЧ-19",,,,"Транзисторы, обрыв",CSH,2024,,,,,,
3,13560263,2024-10-01 19:24:00,Октябрьская,"ОКТ, ШЧ-23 (Э)",,,,Неисправность концентратора,CSH,2024,,,,,,
2,13560251,2024-10-01 19:25:00,Октябрьская,"ОКТ, ШЧ-11",,"1шт ч(к учету 0,22ч)","1шт ч(к учету 0,2)ч","Нарушение контакта в штепсельных розетках, сообщение",CSH,2024,,,1.0,"0,22ч",1.0,"0,2ч"
3,13560291,2024-10-01 20:28:00,Октябрьская,"ОКТ, ШЧ-20",,,,"Контактная система, увеличенное сопротивление контакта",CSH,2024,,,,,,
3,13561800,2024-10-02 14:24:00,Октябрьская,"ОКТ, ШЧ-9 (Э)",,,,"Системный блок, сбой программного обеспечения",CSH,2024,,,,,,
3,13561973,2024-10-02 14:58:00,Октябрьская,"ОКТ, ШЧ-21",,,,Нарушение контакта,CSH,2024,,,,,,
3,13562086,2024-10-02 15:03:00,Октябрьская,"ОКТ, ИЧ-2 Ш",,,,Обрыв жил контрольного кабеля линий СЦБ,CSH,2024,,,,,,
3,13562335,2024-10-02 21:40:00,Октябрьская,"ОКТ, ШЧ-15 (Э)",,,,"Лампочки индикации, перегорание",CSH,2024,,,,,,
3,13563093,2024-10-03 04:10:00,Октябрьская,"ОКТ, ШЧ-19",,,,"Лампы, перегорание основной нити",CSH,2024,,,,,,
3,13564156,2024-10-03 15:09:00,Октябрьская,"ОКТ, ШЧ-19",,,,"Контактная система, потеря контакта",CSH,2024,,,,,,
3,13564355,2024-10-03 15:45:00,Октябрьская,"ОКТ, ИЧ-2 Ш",,,,"Механическое разрушение, обрыв прочих элементов разъединителя линий СЦБ",CSH,2024,,,,,,
3,13565690,2024-10-04 11:10:00,Октябрьская,"ОКТ, ИЧ-2 Ш",,,,Перегорание предохранителей оборудования пункта питания линий СЦБ,CSH,2024,,,,,,
3,13566482,2024-10-04 18:53:00,Октябрьская,"ОКТ, ШЧ-8",,,,"Нарушение контакта в разъемах блоков, излом розеток",CSH,2024,,,,,,
2,13566555,2024-10-04 21:45:00,Октябрьская,"ОКТ, ШЧ-1 (Э)",,,"1шт ч(к учету 0,17)ч",Нарушение регулировки,CSH,2024,,,,,1.0,"0,17ч"
3,13567664,2024-10-06 03:21:00,Октябрьская,"ОКТ, ШЧ-3",,,,"Срабатывание, воздействие тягового тока",CSH,2024,,,,,,
2,13568332,2024-10-06 20:25:00,Октябрьская,"ОКТ, ШЧ-11",,"1шт ч(к учету 0,1ч)",,Некачественная пайка,CSH,2024,,,1.0,"0,1ч",,
3,13569945,2024-10-07 16:20:00,Октябрьская,"ОКТ, ИЧ-1 Ш",,,,Неисправность,CSH,2024,,,,,,
3,13569927,2024-10-07 17:01:00,Октябрьская,"ОКТ, ШЧ-20",,,,"Контактная система, увеличенное сопротивление контакта",CSH,2024,,,,,,
3,13570088,2024-10-07 20:10:00,Октябрьская,"ОКТ, ШЧ-12",,,,"Срабатывание, несоответствие номинала",CSH,2024,,,,,,
3,13570076,2024-10-07 20:19:00,Октябрьская,"ОКТ, ШЧ-11",,,,"Сигнальная обмотка, обрыв",CSH,2024,,,,,,
2,13570253,2024-10-08 00:45:00,Октябрьская,"ОКТ, ШЧ-23 (Э)",,"1шт ч(к учету 0,35ч)",,Излом планки,CSH,2024,,,1.0,"0,35ч",,
3,13570701,2024-10-08 07:06:00,Октябрьская,"ОКТ, ШЧ-21",,,,"Контактная система, увеличенное сопротивление",CSH,2024,,,,,,
3,13572539,2024-10-09 01:49:00,Октябрьская,"ОКТ, ШЧ-1 (Э)",,,,Сообщение,CSH,2024,,,,,,
3,13574591,2024-10-09 18:23:00,Октябрьская,"ОКТ, ИЧ-1 Ш",,,,Неисправность,CSH,2024,,,,,,
3,13575287,2024-10-10 02:56:00,Октябрьская,"ОКТ, ШЧ-21",,,,Сбой ПО,CSH,2024,,,,,,
3,13574869,2024-10-10 03:03:00,Октябрьская,"ОКТ, ШЧ-19",,,,"Жилы, сообщение",CSH,2024,,,,,,
3,13574926,2024-10-10 04:30:00,Октябрьская,"ОКТ, ШЧ-17",,,,"Лампочки индикации, неисправность ячеек индикации",CSH,2024,,,,,,
2,13578624,2024-10-10 05:10:00,Октябрьская,"ОКТ, ШЧ-19","1шт ч(к учету 0,4ч)",,,"Жилы, сообщение",CSH,2024,1.0,"0,4ч",,,,
3,13576007,2024-10-10 11:53:00,Октябрьская,"ОКТ, ШЧ-23 (Э)",,,,"Жилы, внутренний обрыв",CSH,2024,,,,,,
3,13575945,2024-10-10 11:58:00,Октябрьская,"ОКТ, ШЧ-12",,,,Излом планки,CSH,2024,,,,,,
3,13576874,2024-10-10 21:00:00,Октябрьская,"ОКТ, ШЧ-19",,,,"Жилы, внутренний обрыв",CSH,2024,,,,,,
3,13577089,2024-10-10 22:49:00,Октябрьская,"ОКТ, ИЧ-2 Ш",,,,"Разрегулировка ДГА, генераторов линий СЦБ",CSH,2024,,,,,,
3,13576933,2024-10-10 23:43:00,Октябрьская,"ОКТ, ШЧ-8",,,,Влияние посторонних источников питания,CSH,2024,,,,,,
3,13577190,2024-10-11 01:36:00,Октябрьская,"ОКТ, ШЧ-19",,,,Отключение внешнего электроснабжения,CSH,2024,,,,,,
3,13577662,2024-10-11 10:21:00,Октябрьская,"ОКТ, ИЧ-2 Ш",,,,Неисправность блока контроля напряжения,CSH,2024,,,,,,
3,13577785,2024-10-11 10:25:00,Октябрьская,"ОКТ, ШЧ-12",,,,"Срабатывание, несоответствие номинала",CSH,2024,,,,,,
3,13577786,2024-10-11 11:35:00,Октябрьская,"ОКТ, ШЧ-12",,,,"Нарушение контакта в штепсельных розетках, неисправность контактных губок",CSH,2024,,,,,,
3,13578214,2024-10-11 13:54:00,Октябрьская,"ОКТ, ШЧ-9 (Э)",,,,Разрушение основания прочей ж/б опоры контактной сети,CSH,2024,,,,,,
2,13579249,2024-10-12 12:30:00,Октябрьская,"ОКТ, ШЧ-21",,"1шт ч(к учету 0,25ч)",,Ошибка персонала,CSH,2024,,,1.0,"0,25ч",,
3,13579306,2024-10-12 13:54:00,Октябрьская,"ОКТ, ШЧ-7 (Р)",,,,"Конденсатор, снижение емкости",CSH,2024,,,,,,
2,13581325,2024-10-12 13:56:00,Октябрьская,"МОСК, ШТЦ МОСК ДИ",,,"3шт ч(к учету 0,38)ч","Контактная система, увеличенное сопротивление контакта",CSH,2024,,,,,3.0,"0,38ч"
2,13579843,2024-10-13 05:37:00,Октябрьская,"ОКТ, ШЧ-20","4шт ч(к учету 1,6ч)",,,"Контактная система, потеря контакта",CSH,2024,4.0,"1,6ч",,,,
3,13580268,2024-10-13 14:45:00,Октябрьская,"ОКТ, ШЧ-19",,,,Механические повреждения,CSH,2024,,,,,,
2,13580248,2024-10-13 14:47:00,Октябрьская,"ОКТ, ШЧ-8",,,"1шт ч(к учету 0,18)ч","Жилы, обрыв",CSH,2024,,,,,1.0,"0,18ч"
3,13588946,2024-10-13 16:49:00,Октябрьская,"ОКТ, ШЧ-17","1шт ч(к учету 0,05ч)",,,"Лампочки индикации, перегорание",CSH,2024,1.0,"0,05ч",,,,
3,13581231,2024-10-14 10:43:00,Октябрьская,"ОКТ, ШЧ-12",,,,"Провода, провес",CSH,2024,,,,,,
2,13581596,2024-10-14 13:29:00,Октябрьская,"ОКТ, ШЧ-14 (Р)",,,"2шт ч(к учету 0,33)ч","Кнопки, механическое заедание кнопки",CSH,2024,,,,,2.0,"0,33ч"
3,13581943,2024-10-14 17:03:00,Октябрьская,"ОКТ, ШЧ-12",,,,"Автопереключатель, излом контактных колодок",CSH,2024,,,,,,
1,13582053,2024-10-14 19:54:00,Октябрьская,"ОКТ, ШЧ-8","2шт ч(к учету 3,33ч)",,,Короткое замыкание монтажа,CSH,2024,2.0,"3,33ч",,,,
3,13582131,2024-10-14 21:40:00,Октябрьская,"ОКТ, ШЧ-21",,,,Нарушение контакта,CSH,2024,,,,,,
3,13582308,2024-10-15 00:04:00,Октябрьская,"ОКТ, ШЧ-2 (Р)",,,,"Контактная система, потеря контакта",CSH,2024,,,,,,
2,13582558,2024-10-15 07:50:00,Октябрьская,"ОКТ, ШЧ-12","2шт ч(к учету 1,45ч)",,"4шт ч(к учету 1,92)ч",Неперевод стрелочного перевода по причине попадания постороннего предмета,CSH,2024,2.0,"1,45ч",,,4.0,"1,92ч"
3,13583841,2024-10-15 15:47:00,Октябрьская,"ОКТ, ШЧ-9 (Э)",,,,Закорачивание полуобмоток дроссель-трансформатора контактной сети,CSH,2024,,,,,,
3,13584340,2024-10-16 06:54:00,Октябрьская,"ОКТ, ШЧ-15 (Э)",,,,"Светодиоды, перегорание",CSH,2024,,,,,,
3,13584642,2024-10-16 10:20:00,Октябрьская,"ОКТ, ШЧ-12",,,,Обрыв проводов линий СЦБ,CSH,2024,,,,,,
2,13585111,2024-10-16 15:59:00,Октябрьская,"ОКТ, ШЧ-1 (Э)",,,"1шт ч(к учету 0,25)ч","Срабатывание, несоответствие номинала",CSH,2024,,,,,1.0,"0,25ч"
1,13585167,2024-10-16 17:09:00,Октябрьская,"ОКТ, ШЧ-11","2шт ч(к учету 3,25ч)",,,"Механические повреждения подразделениями ОАО ""РЖД""",CSH,2024,2.0,"3,25ч",,,,
3,13585214,2024-10-16 18:20:00,Октябрьская,"ОКТ, ШЧ-19",,,,"Жилы, сообщение",CSH,2024,,,,,,
3,13586467,2024-10-17 10:50:00,Октябрьская,"ОКТ, ИЧ-ЮЖ Ш",,,,Неисправность ОПН линий СЦБ,CSH,2024,,,,,,
2,13586466,2024-10-17 14:45:00,Октябрьская,"ОКТ, ШЧ-14 (Р)",,,"2шт ч(к учету 0,23)ч","Контактная система, увеличенное сопротивление",CSH,2024,,,,,2.0,"0,23ч"
3,13586586,2024-10-17 17:15:00,Октябрьская,"ОКТ, ШЧ-8",,,,"Лампы, перегорание основной нити",CSH,2024,,,,,,
3,13586777,2024-10-17 22:55:00,Октябрьская,"ОКТ, ШЧ-19",,,,"Светодиоды, неисправность ячеек индикации",CSH,2024,,,,,,
2,13586785,2024-10-17 23:24:00,Октябрьская,"ОКТ, ШЧ-19","1шт ч(к учету 0,55ч)","1шт ч(к учету 0,1ч)",,"Обмотка, короткое замыкание",CSH,2024,1.0,"0,55ч",1.0,"0,1ч",,
3,13587175,2024-10-18 07:50:00,Октябрьская,"ОКТ, ШЧ-16 (Р)",,,,"Электродвигатель, постоянного тока (МСП, ДСП), обрыв обмотки якоря",CSH,2024,,,,,,
3,13588143,2024-10-18 22:46:00,Октябрьская,"ОКТ, ШЧ-11",,,,"Жилы, внутренний обрыв",CSH,2024,,,,,,
2,13588882,2024-10-19 18:30:00,Октябрьская,"ОКТ, ИЧ-2 Ш","2шт (к учету 1) ч(к учету 0,47ч)",,,Излом зажимов линий СЦБ,CSH,2024,1.0,"0,47ч",,,,
2,13590637,2024-10-21 14:49:00,Октябрьская,"ОКТ, ШЧ-11",,,"3шт ч(к учету 0,48)ч","Не срабатывание (не перегорание), коммутационные перенапряжения",CSH,2024,,,,,3.0,"0,48ч"
3,13591015,2024-10-22 00:48:00,Октябрьская,"ОКТ, ШЧ-23 (Э)",,,,Нарушение контакта штепсель/рельс,CSH,2024,,,,,,
1,13591143,2024-10-22 03:50:00,Октябрьская,"ОКТ, ШЧ-19","3шт ч(к учету 3,65ч)","3шт (к учету 1) ч(к учету 0,52ч)",,"Выпрямительные элементы, обрыв",CSH,2024,3.0,"3,65ч",1.0,"0,52ч",,
3,13591157,2024-10-22 04:55:00,Октябрьская,"ОКТ, ШЧ-3",,,,Неисправность устройства сопряжения с объектами,CSH,2024,,,,,,
3,13591727,2024-10-22 10:30:00,Октябрьская,"ОКТ, ИЧ-1 Ш",,,,"Повреждение изоляции, болт-накладка",CSH,2024,,,,,,
3,13591672,2024-10-22 11:26:00,Октябрьская,"ОКТ, ШЧ-21",,,,"Повреждение шнуров, патчкордов КЛС",CSH,2024,,,,,,
3,13591611,2024-10-22 11:30:00,Октябрьская,"ОКТ, ШЧ-5 (Э)",,,,"Светодиоды, нарушение контакта",CSH,2024,,,,,,
3,13592458,2024-10-23 03:50:00,Октябрьская,"ОКТ, ШЧ-19",,,,"Обмотка, обрыв обмотки",CSH,2024,,,,,,
3,13593350,2024-10-23 14:00:00,Октябрьская,"ОКТ, ШЧ-3",,,,"Кнопки, повреждение крепления",CSH,2024,,,,,,
3,13593389,2024-10-23 15:48:00,Октябрьская,"ОКТ, ШЧ-7 (Р)",,,,"Конденсатор, снижение емкости",CSH,2024,,,,,,
3,13593926,2024-10-24 04:59:00,Октябрьская,"ОКТ, ШЧ-9 (Э)",,,,Зависание ПО,CSH,2024,,,,,,
3,13593915,2024-10-24 07:44:00,Октябрьская,"ОКТ, ШЧ-11",,,,"Нарушение контакта в разъемах блоков, неисправность контактных губок",CSH,2024,,,,,,
2,13594053,2024-10-24 08:58:00,Октябрьская,"ОКТ, ШЧ-15 (Э)","1шт ч(к учету 0,43ч)",,"3шт ч(к учету 0,57)ч","Лампочки индикации, перегорание",CSH,2024,1.0,"0,43ч",,,3.0,"0,57ч"
3,13594156,2024-10-24 10:50:00,Октябрьская,"ОКТ, ШЧ-15 (Э)",,,,"Лампы, перегорание основной нити",CSH,2024,,,,,,
3,13594344,2024-10-24 12:30:00,Октябрьская,"ОКТ, ИЧ-2 Ш",,,,Излом зажимов линий СЦБ,CSH,2024,,,,,,
3,13594437,2024-10-24 13:38:00,Октябрьская,"ОКТ, ИЧ-2 Ш",,,,Просадка напряжения на питающей линии,CSH,2024,,,,,,
2,13594617,2024-10-24 16:50:00,Октябрьская,"ОКТ, ШЧ-13 (Э)","1шт ч(к учету 0,43ч)",,,"БУБКО, МБКО, неисправность",CSH,2024,1.0,"0,43ч",,,,
2,13594638,2024-10-24 17:24:00,Октябрьская,"ОКТ, ШЧ-14 (Р)",,,"2шт ч(к учету 0,33)ч","Контактная система, потеря контакта",CSH,2024,,,,,2.0,"0,33ч"
2,13594773,2024-10-24 23:25:00,Октябрьская,"ОКТ, ШЧ-4 (Э)",,"6шт ч(к учету 0,95ч)",,Механические повреждения посторонними лицами,CSH,2024,,,6.0,"0,95ч",,
2,13596048,2024-10-26 10:10:00,Октябрьская,"ОКТ, ШЧ-9 (Э)",,,"5шт ч(к учету 0,83)ч",Обрыв жил контрольного кабеля линий СЦБ,CSH,2024,,,,,5.0,"0,83ч"
2,13596267,2024-10-26 16:37:00,Октябрьская,"ОКТ, ШЧ-19","2шт ч(к учету 0,7ч)",,,"Выпрямительные элементы, пробой",CSH,2024,2.0,"0,7ч",,,,
3,13596284,2024-10-26 17:18:00,Октябрьская,"ОКТ, ШЧ-14 (Р)",,,,"Контактная система, увеличенное сопротивление",CSH,2024,,,,,,
3,13597040,2024-10-27 19:10:00,Октябрьская,"ОКТ, ШЧ-10",,,,"Автопереключатель, излом пружин автопереключателя",CSH,2024,,,,,,
1,13597218,2024-10-28 02:35:00,Октябрьская,"ОКТ, ШЧ-19","3шт ч(к учету 1,88ч)",,,"Электродвигатель, прочие типы, неисправность",CSH,2024,3.0,"1,88ч",,,,
3,13597378,2024-10-28 05:50:00,Октябрьская,"ОКТ, ШЧ-13 (Э)",,,,"Лампы, перегорание основной нити",CSH,2024,,,,,,
2,13597575,2024-10-28 07:30:00,Октябрьская,"ОКТ, ШЧ-3","1шт ч(к учету 0,42ч)",,,"Нарушение контакта в разъемах блоков, неисправность контактных губок",CSH,2024,1.0,"0,42ч",,,,
3,13597458,2024-10-28 07:59:00,Октябрьская,"ОКТ, ШЧ-15 (Э)",,,,Отключение питающей линии,CSH,2024,,,,,,
2,13597998,2024-10-28 10:43:00,Октябрьская,"ОКТ, ШЧ-15 (Э)","2шт ч(к учету 0,82ч)",,,Неисправность ОПН линии энергоснабжения нетяговых потребителей,CSH,2024,2.0,"0,82ч",,,,
3,13598145,2024-10-28 20:35:00,Октябрьская,"ОКТ, ШЧ-23 (Э)",,,,Неисправность централизатора,CSH,2024,,,,,,
3,13598169,2024-10-28 23:35:00,Октябрьская,"ОКТ, ШЧ-13 (Э)",,,,"Монтаж, ослабление крепления",CSH,2024,,,,,,
3,13598199,2024-10-29 00:35:00,Октябрьская,"ОКТ, ШЧ-3",,,,"Механические повреждения светофора и его элементов посторонними лицами, порча",CSH,2024,,,,,,
3,13598615,2024-10-29 09:35:00,Октябрьская,"ОКТ, ШЧ-15 (Э)",,,,"Нарушение контакта в штепсельных розетках, излом розеток",CSH,2024,,,,,,
3,13598837,2024-10-29 11:54:00,Октябрьская,"ОКТ, ШЧ-9 (Э)",,,,Зависание ПО,CSH,2024,,,,,,
3,13599170,2024-10-29 20:30:00,Октябрьская,"ОКТ, ШЧ-7 (Р)",,,,"Контактная система, увеличенное сопротивление контакта",CSH,2024,,,,,,
2,13600710,2024-10-31 03:01:00,Октябрьская,"ОКТ, ШЧ-20","4шт ч(к учету 1,83ч)",,,"Обмотка, короткое замыкание",CSH,2024,4.0,"1,83ч",,,,
2,13600828,2024-10-31 07:00:00,Октябрьская,"ОКТ, ШЧ-9 (Э)",,,"1шт ч(к учету 0,12)ч",Обрыв проводов линий СЦБ,CSH,2024,,,,,1.0,"0,12ч"
2,13600885,2024-10-31 07:57:00,Октябрьская,"ОКТ, ШЧ-15 (Э)",,"1шт ч(к учету 0,15ч)",,"Лампочки индикации, перегорание",CSH,2024,,,1.0,"0,15ч",,
3,13601372,2024-10-31 10:37:00,Октябрьская,"ОКТ, ИЧ-2 Ш",,,,Неисправность блока контроля напряжения,CSH,2024,,,,,,
3,13601466,2024-10-31 18:25:00,Октябрьская,"ОКТ, ШЧ-20",,,,"Диод, пробой",CSH,2024,,,,,,
3,13601653,2024-11-01 00:14:00,Октябрьская,"ОКТ, ШЧ-12",,,,Короткое замыкание в контрольном кабеле линий СЦБ,CSH,2024,,,,,,
3,13602049,2024-11-01 09:45:00,Октябрьская,"ОКТ, ШЧ-19",,,,"Нарушение контакта в штепсельных розетках, неисправность контактных губок",CSH,2024,,,,,,
3,13602091,2024-11-01 10:18:00,Октябрьская,"ОКТ, ШЧ-15 (Э)",,,,Излом штепселя,CSH,2024,,,,,,
2,13602316,2024-11-01 11:45:00,Октябрьская,"ОКТ, ШЧ-20","2шт ч(к учету 0,67ч)",,,"Основная обмотка, короткое замыкание",CSH,2024,2.0,"0,67ч",,,,
3,13602385,2024-11-01 13:14:00,Октябрьская,"ОКТ, ШЧ-3",,,,Неисправность устройства сопряжения с объектами,CSH,2024,,,,,,
2,13602715,2024-11-01 19:22:00,Октябрьская,"ОКТ, ШЧ-15 (Э)",,,"1шт ч(к учету 0,17)ч","Срабатывание, несоответствие номинала",CSH,2024,,,,,1.0,"0,17ч"
3,13602716,2024-11-01 19:36:00,Октябрьская,"ОКТ, ШЧ-11",,,,Излом провода под гайкой,CSH,2024,,,,,,
1,13603696,2024-11-02 14:45:00,Октябрьская,"ОКТ, ИЧ-2 Ш","3шт ч(к учету 4,23ч)",,,"Контактная система, подгар контактов",CSH,2024,3.0,"4,23ч",,,,
3,13603898,2024-11-02 17:44:00,Октябрьская,"ОКТ, ШЧ-17",,,,"Кнопки, нарушение состояния паек",CSH,2024,,,,,,
2,13603956,2024-11-02 18:58:00,Октябрьская,"ОКТ, ШЧ-4 (Э)",,"3шт ч(к учету 0,85ч)","2шт ч(к учету 0,7)ч","Жилы, обрыв",CSH,2024,,,3.0,"0,85ч",2.0,"0,7ч"
3,13604007,2024-11-02 21:05:00,Октябрьская,"ОКТ, ШЧ-11",,,,"Жилы, обрыв",CSH,2024,,,,,,
3,13604411,2024-11-03 08:08:00,Октябрьская,"ОКТ, ШЧ-6 (Э)",,,,Асимметрия тягового тока,CSH,2024,,,,,,
3,13604528,2024-11-03 10:50:00,Октябрьская,"ОКТ, ШЧ-21",,,,"Нарушение контакта в клеммных колодках (резьб), излом наконечника",CSH,2024,,,,,,
3,13604601,2024-11-03 12:29:00,Октябрьская,"ОКТ, ШЧ-19",,,,"Нарушение контакта в штепсельных розетках, замятие контакта",CSH,2024,,,,,,
3,13604837,2024-11-03 20:50:00,Октябрьская,"ОКТ, ИЧ-2 Ш",,,,Обрыв жил контрольного кабеля линий СЦБ,CSH,2024,,,,,,
2,13604853,2024-11-03 21:42:00,Октябрьская,"ОКТ, ШЧ-15 (Э)",,"1шт ч(к учету 0,47ч)",,Зависание ПО,CSH,2024,,,1.0,"0,47ч",,
3,13604975,2024-11-04 01:45:00,Октябрьская,"ОКТ, ШЧ-7 (Р)",,,,"Диод, обрыв",CSH,2024,,,,,,
3,13604995,2024-11-04 03:10:00,Октябрьская,"ОКТ, ИЧ-2 Ш",,,,Отсутствие смазки на башмаках,CSH,2024,,,,,,
2,13605079,2024-11-04 06:32:00,Октябрьская,"ОКТ, ШЧ-1 (Э)",,,"35шт (к учету 29) ч(к учету 8,22)ч",Нарушение изоляции,CSH,2024,,,,,29.0,"8,22ч"
3,13605114,2024-11-04 07:16:00,Октябрьская,"ОКТ, ШЧ-23 (Э)",,,,"Монтаж, обрыв",CSH,2024,,,,,,
2,13605539,2024-11-04 16:55:00,Октябрьская,"ОКТ, ШЧ-5 (Э)",,,"3шт (к учету 2) ч(к учету 1,62)ч","Контрольные линейки, ослабление крепления",CSH,2024,,,,,2.0,"1,62ч"
3,13605991,2024-11-05 07:43:00,Октябрьская,"ОКТ, ШЧ-16 (Р)",,,,"Диод, обрыв диода",CSH,2024,,,,,,
3,13607812,2024-11-06 06:04:00,Октябрьская,"ОКТ, ШЧ-10",,,,"Нарушение контакта в штепсельных розетках, сообщение",CSH,2024,,,,,,
3,13609053,2024-11-06 12:47:00,Октябрьская,"ОКТ, ШЧ-12",,,,"Срабатывание (перегорание), несоответствие номинала",CSH,2024,,,,,,
2,13609450,2024-11-06 16:15:00,Октябрьская,"ОКТ, ШЧ-3","1шт ч(к учету 0,87ч)",,,"Выводные клеммы, повреждение пайки выводов",CSH,2024,1.0,"0,87ч",,,,
3,13609379,2024-11-06 16:30:00,Октябрьская,"ОКТ, ШЧ-10",,,,"Контактная система, увеличенное сопротивление контакта",CSH,2024,,,,,,
2,13609935,2024-11-07 06:55:00,Октябрьская,"ОКТ, ШЧ-23 (Э)",,"1шт ч(к учету 0,3ч)",,Неисправность централизатора,CSH,2024,,,1.0,"0,3ч",,
2,13610265,2024-11-07 09:31:00,Октябрьская,"ОКТ, ШЧ-16 (Р)",,"1шт ч(к учету 0,22ч)",,"Контактная система, потеря контакта",CSH,2024,,,1.0,"0,22ч",,
2,13611450,2024-11-07 16:04:00,Октябрьская,"ОКТ, ШЧ-7 (Р)",,,"1шт ч(к учету 0,12)ч","Контактная система, увеличенное сопротивление контакта",CSH,2024,,,,,1.0,"0,12ч"
1,13611844,2024-11-08 00:00:00,Октябрьская,"ОКТ, ШЧ-19","6шт (к учету 3) ч(к учету 5,95ч)",,,Неисправность запора люка грузового вагона,CSH,2024,3.0,"5,95ч",,,,
3,13612143,2024-11-08 06:52:00,Октябрьская,"ОКТ, ШЧ-19",,,,Зависание ПО,CSH,2024,,,,,,
2,13612234,2024-11-08 08:08:00,Октябрьская,"ОКТ, ШЧ-11",,,"3шт (к учету 2) ч(к учету 1,1)ч","Жилы, сообщение",CSH,2024,,,,,2.0,"1,1ч"
2,13613288,2024-11-08 15:30:00,Октябрьская,"ОКТ, ШЧ-12",,,"2шт ч(к учету 0,23)ч",Повреждение контрольного кабеля линий СЦБ при работах,CSH,2024,,,,,2.0,"0,23ч"
3,13613686,2024-11-09 08:58:00,Октябрьская,"ОКТ, ИЧ-ЮЖ Ш",,,,Отключение питающей линии,CSH,2024,,,,,,
2,13613986,2024-11-09 16:26:00,Октябрьская,"ОКТ, ШЧ-11","2шт ч(к учету 1,53ч)",,"7шт ч(к учету 3,17)ч",Неисправность АКБ,CSH,2024,2.0,"1,53ч",,,7.0,"3,17ч"
2,13614117,2024-11-09 20:28:00,Октябрьская,"ОКТ, ИЧ-2 Ш","2шт ч(к учету 1,15ч)",,,Плохой контакт зажимов линий СЦБ,CSH,2024,2.0,"1,15ч",,,,
3,13614245,2024-11-10 01:10:00,Октябрьская,"ОКТ, ШЧ-23 (Э)",,,,"Обрыв, коррозия металла",CSH,2024,,,,,,
3,13614760,2024-11-10 14:23:00,Октябрьская,"ОКТ, ШЧ-12",,,,"Срабатывание, воздействие тягового тока",CSH,2024,,,,,,
3,13617916,2024-11-12 14:01:00,Октябрьская,"ОКТ, ШЧ-12",,,,"Срабатывание, воздействие тягового тока",CSH,2024,,,,,,
3,13618391,2024-11-12 22:45:00,Октябрьская,"ОКТ, ШЧ-12",,,,"Срабатывание (перегорание), несоответствие номинала",CSH,2024,,,,,,
3,13618537,2024-11-13 04:58:00,Октябрьская,"ОКТ, ШЧ-15 (Э)",,,,Излом штепселя,CSH,2024,,,,,,
2,13627085,2024-11-13 21:24:00,Октябрьская,"ОКТ, ШЧ-11",,,"1шт ч(к учету 0,52)ч","Нарушение контакта в штепсельных розетках, неисправность контактных губок",CSH,2024,,,,,1.0,"0,52ч"
3,13620046,2024-11-13 21:39:00,Октябрьская,"ОКТ, ШЧ-14 (Р)",,,,"Контактная система, увеличенное сопротивление",CSH,2024,,,,,,
3,13620201,2024-11-14 02:01:00,Октябрьская,"ОКТ, ШЧ-13 (Э)",,,,"Блок К, неисправность",CSH,2024,,,,,,
2,13620368,2024-11-14 06:29:00,Октябрьская,"ОКТ, ШЧ-5 (Э)","1шт ч(к учету 0,83ч)",,,"Лампы, перегорание основной нити",CSH,2024,1.0,"0,83ч",,,,
3,13620849,2024-11-14 10:25:00,Октябрьская,"ОКТ, ИЧ-2 Ш",,,,Неисправность блока контроля напряжения,CSH,2024,,,,,,
1,13622434,2024-11-15 09:30:00,Октябрьская,"ОКТ, ШЧ-23 (Э)","1шт ч(к учету 1,25ч)",,,Излом планки,CSH,2024,1.0,"1,25ч",,,,
3,13622810,2024-11-15 17:20:00,Октябрьская,"ОКТ, ШЧ-17",,,,"Нарушение контакта в разъемах блоков, сообщение",CSH,2024,,,,,,
3,13623101,2024-11-16 07:03:00,Октябрьская,"ОКТ, ШЧ-11",,,,"Резистор, потеря контакта",CSH,2024,,,,,,
2,13623207,2024-11-16 10:23:00,Октябрьская,"ОКТ, ШЧ-23 (Э)",,"1шт ч(к учету 0,22ч)",,"Контактная система, потеря контакта",CSH,2024,,,1.0,"0,22ч",,
2,13623721,2024-11-17 06:21:00,Октябрьская,"ОКТ, ШЧ-3","1шт ч(к учету 0,92ч)",,,"Жилы, обрыв",CSH,2024,1.0,"0,92ч",,,,
3,13623891,2024-11-17 11:05:00,Октябрьская,"ОКТ, ИЧ-2 Ш",,,,Неисправность блока контроля напряжения,CSH,2024,,,,,,
2,13624201,2024-11-18 01:06:00,Октябрьская,"ОКТ, ШЧ-2 (Р)",,"1шт ч(к учету 0,25ч)",,"Трансформатор, обрыв обмотки",CSH,2024,,,1.0,"0,25ч",,
2,13624415,2024-11-18 07:16:00,Октябрьская,"ОКТ, ШЧ-3",,,"2шт (к учету 1) ч(к учету 0,45)ч",Неперевод стрелочного перевода по причине попадания постороннего предмета,CSH,2024,,,,,1.0,"0,45ч"
3,13624452,2024-11-18 07:45:00,Октябрьская,"ОКТ, ШЧ-15 (Э)",,,,"Срабатывание, несоответствие номинала",CSH,2024,,,,,,
3,13624554,2024-11-18 09:40:00,Октябрьская,"ОКТ, ШЧ-5 (Э)",,,,"Нарушение контакта в разъемах блоков, сообщение",CSH,2024,,,,,,
3,13624898,2024-11-18 13:50:00,Октябрьская,"ОКТ, ШЧ-5 (Э)",,,,Нарушение регулировки,CSH,2024,,,,,,
3,13626031,2024-11-19 13:44:00,Октябрьская,"ОКТ, ШЧ-16 (Р)",,,,"Резистор, потеря контакта",CSH,2024,,,,,,
2,13626082,2024-11-19 13:45:00,Октябрьская,"ОКТ, ШЧ-21",,"1шт ч(к учету 0,13ч)",,Излом провода под гайкой,CSH,2024,,,1.0,"0,13ч",,
2,13626299,2024-11-19 20:20:00,Октябрьская,"ОКТ, ШЧ-15 (Э)","1шт ч(к учету 0,18ч)",,"3шт ч(к учету 0,5)ч","Лампы, перегорание основной нити",CSH,2024,1.0,"0,18ч",,,3.0,"0,5ч"
3,13626333,2024-11-19 22:00:00,Октябрьская,"ОКТ, ШЧ-11",,,,"Фрикционное сцепление, отсутствие смазки",CSH,2024,,,,,,
2,13626341,2024-11-19 22:45:00,Октябрьская,"ОКТ, ШЧ-21","1шт ч(к учету 0,35ч)",,,"Короткое замыкание, закорачивание по поверхности катания",CSH,2024,1.0,"0,35ч",,,,
3,13626519,2024-11-20 04:25:00,Октябрьская,"ОКТ, ШЧ-3",,,,Неисправность устройства сопряжения с объектами,CSH,2024,,,,,,
2,13626520,2024-11-20 04:30:00,Октябрьская,"ОКТ, ШЧ-19","2шт ч(к учету 0,8ч)","1шт ч(к учету 0,17ч)",,Неисправность АКБ,CSH,2024,2.0,"0,8ч",1.0,"0,17ч",,
3,13626521,2024-11-20 05:10:00,Октябрьская,"ОКТ, ШЧ-20",,,,"Контактная система, увеличенное сопротивление",CSH,2024,,,,,,
3,13627456,2024-11-20 19:02:00,Октябрьская,"ОКТ, ШЧ-15 (Э)",,,,Сбой АЛС с задержкой поезда,CSH,2024,,,,,,
3,13627676,2024-11-21 04:50:00,Октябрьская,"ОКТ, ШЧ-11",,,,Обрыв проводов линии энергоснабжения нетяговых потребителей,CSH,2024,,,,,,
3,13628353,2024-11-21 10:38:00,Октябрьская,"ОКТ, ШЧ-23 (Э)",,,,"Нарушение контакта в разъемах блоков, неисправность контактных губок",CSH,2024,,,,,,
3,13628691,2024-11-21 20:38:00,Октябрьская,"ОКТ, ШЧ-3",,,,Перекос фаз из-за плохого контакта выключателя переменного тока 10 кВ,CSH,2024,,,,,,
2,13628708,2024-11-21 20:54:00,Октябрьская,"ОКТ, ШЧ-19","3шт (к учету 2) ч(к учету 0,72ч)",,,Ослабление крепления,CSH,2024,2.0,"0,72ч",,,,
3,13629713,2024-11-22 17:30:00,Октябрьская,"ОКТ, ШЧ-14 (Р)",,,,"Конденсатор, короткое замыкание",CSH,2024,,,,,,
2,13631848,2024-11-22 18:45:00,Октябрьская,"ОКТ, ШЧ-19",,,"1шт ч(к учету 0,27)ч","Срабатывание (перегорание), коммутационные перенапряжения",CSH,2024,,,,,1.0,"0,27ч"
2,13629736,2024-11-22 20:26:00,Октябрьская,"ОКТ, ШЧ-21",,"2шт ч(к учету 0,27ч)",,Неисправность устройств электроснабжения,CSH,2024,,,2.0,"0,27ч",,
3,13629784,2024-11-22 22:11:00,Октябрьская,"ОКТ, ШЧ-17",,,,"Кнопки, потеря контакта в штепсельном разъеме",CSH,2024,,,,,,
3,13629931,2024-11-23 04:55:00,Октябрьская,"ОКТ, ШЧ-23 (Э)",,,,"Монтаж, обрыв",CSH,2024,,,,,,
1,13629954,2024-11-23 06:10:00,Октябрьская,"ОКТ, ШЧ-3","4шт ч(к учету 5,55ч)",,,"Срабатывание (перегорание), коммутационные перенапряжения",CSH,2024,4.0,"5,55ч",,,,
3,13630114,2024-11-23 11:00:00,Октябрьская,"ОКТ, ШЧ-11",,,,"Цугальты, излом",CSH,2024,,,,,,
2,13630269,2024-11-23 15:33:00,Октябрьская,"ОКТ, ШЧ-14 (Р)","1шт ч(к учету 0,35ч)",,"1шт ч(к учету 0,13)ч","Контактная система, увеличенное сопротивление",CSH,2024,1.0,"0,35ч",,,1.0,"0,13ч"
3,13630503,2024-11-24 01:46:00,Октябрьская,"ОКТ, ШЧ-12",,,,"Срабатывание, несоответствие номинала",CSH,2024,,,,,,
2,13630541,2024-11-24 05:08:00,Октябрьская,"ОКТ, ШЧ-23 (Э)","2шт ч(к учету 0,85ч)",,,"Контактная система, потеря контакта",CSH,2024,2.0,"0,85ч",,,,
3,13631140,2024-11-25 00:29:00,Октябрьская,"ОКТ, ШЧ-20",,,,"Контактная система, увеличенное сопротивление контакта",CSH,2024,,,,,,
2,13631254,2024-11-25 03:57:00,Октябрьская,"ОКТ, ШЧ-7 (Р)",,"9шт (к учету 8) ч(к учету 1,8ч)","3шт ч(к учету 0,35)ч","Контактная система, увеличенное сопротивление контакта",CSH,2024,,,8.0,"1,8ч",3.0,"0,35ч"
3,13631336,2024-11-25 06:23:00,Октябрьская,"ОКТ, ШЧ-15 (Э)",,,,Потеря контакта,CSH,2024,,,,,,
3,13631442,2024-11-25 07:35:00,Октябрьская,"ОКТ, ИЧ-2 Ш",,,,Неисправность блока контроля напряжения,CSH,2024,,,,,,
2,13631635,2024-11-25 10:45:00,Октябрьская,"ОКТ, ШЧ-12",,,"1шт ч(к учету 0,23)ч","Не срабатывание (не перегорание), несоответствие номинала",CSH,2024,,,,,1.0,"0,23ч"
3,13631853,2024-11-25 13:50:00,Октябрьская,"ОКТ, ШЧ-17",,,,"Срабатывание, несоответствие номинала",CSH,2024,,,,,,
2,13632188,2024-11-25 22:04:00,Октябрьская,"ОКТ, ШЧ-19","3шт ч(к учету 1,2ч)",,,"Жилы, внутренний обрыв",CSH,2024,3.0,"1,2ч",,,,
2,13632192,2024-11-25 22:43:00,Октябрьская,"ОКТ, ШЧ-4 (Э)",,,"1шт ч(к учету 0,13)ч",Износ узлов и деталей внешнего замыкателя,CSH,2024,,,,,1.0,"0,13ч"
3,13632583,2024-11-26 08:45:00,Октябрьская,"ОКТ, ШЧ-14 (Р)",,,,"Контактная система, увеличенное сопротивление контакта",CSH,2024,,,,,,
2,13632871,2024-11-26 13:04:00,Октябрьская,"ОКТ, ШЧ-10","1шт ч(к учету 0,17ч)",,"1шт ч(к учету 0,13)ч","Нарушение контакта в штепсельных розетках, сообщение",CSH,2024,1.0,"0,17ч",,,1.0,"0,13ч"
2,13633179,2024-11-26 16:25:00,Октябрьская,"ОКТ, ШЧ-23 (Э)",,,"1шт ч(к учету 0,13)ч",Неисправность аппаратной части АРМ,CSH,2024,,,,,1.0,"0,13ч"
3,13634336,2024-11-27 16:50:00,Октябрьская,"ОКТ, ШЧ-20",,,,"Электродвигатель, постоянного тока (МСП, ДСП), обрыв обмотки якоря",CSH,2024,,,,,,
3,13634392,2024-11-27 18:19:00,Октябрьская,"ОКТ, ШЧ-13 (Э)",,,,Нарушение контакта трос/штепсель,CSH,2024,,,,,,
2,13634528,2024-11-28 00:01:00,Октябрьская,"ОКТ, ИЧ-2 Ш","2шт ч(к учету 0,5ч)","1шт ч(к учету 0,28ч)",,Неисправность блока контроля напряжения,CSH,2024,2.0,"0,5ч",1.0,"0,28ч",,
3,13634978,2024-11-28 09:59:00,Октябрьская,"ОКТ, ШЧ-21",,,,Асимметрия тягового тока,CSH,2024,,,,,,
2,13635795,2024-11-29 05:26:00,Октябрьская,"ОКТ, ШЧ-11",,"1шт ч(к учету 0,23ч)",,Нарушение контакта трос/штепсель,CSH,2024,,,1.0,"0,23ч",,
3,13635874,2024-11-29 06:55:00,Октябрьская,"ОКТ, ШЧ-3",,,,Неисправность устройства сопряжения с объектами,CSH,2024,,,,,,
3,13636317,2024-11-29 10:48:00,Октябрьская,"ОКТ, ШЧ-13 (Э)",,,,"Батарейный кабинет, неисправность АКБ",CSH,2024,,,,,,
3,13636439,2024-11-29 14:10:00,Октябрьская,"ОКТ, ШЧ-9 (Э)",,,,Неисправность светосигнальных устройств (светофоров),CSH,2024,,,,,,
2,13636696,2024-11-29 18:32:00,Октябрьская,"ОКТ, ШЧ-1 (Э)",,"1шт ч(к учету 0,33ч)","2шт ч(к учету 0,45)ч","Автопереключатель, неисправность микропереключателей",CSH,2024,,,1.0,"0,33ч",2.0,"0,45ч"
3,13636834,2024-11-30 00:20:00,Октябрьская,"ОКТ, ШЧ-10",,,,"Контактная система, потеря контакта",CSH,2024,,,,,,
1,13636951,2024-11-30 05:47:00,Октябрьская,"ОКТ, ШЧ-19","17шт ч(к учету 16,8ч)",,,Удар посторонним предметом с проходящего поезда,CSH,2024,17.0,"16,8ч",,,,
2,13637088,2024-11-30 11:03:00,Октябрьская,"ОКТ, ШЧ-23 (Э)",,"1шт ч(к учету 0,35ч)",,Неисправность централизатора,CSH,2024,,,1.0,"0,35ч",,
3,13637141,2024-11-30 13:06:00,Октябрьская,"ОКТ, ШЧ-15 (Э)",,,,"Нарушение контакта в разъемах блоков, неисправность контактных губок",CSH,2024,,,,,,
3,13637343,2024-11-30 22:30:00,Октябрьская,"ОКТ, ШЧ-17",,,,"Жилы, внутренний обрыв",CSH,2024,,,,,,
3,13637485,2024-12-01 06:17:00,Октябрьская,"ОКТ, ШЧ-13 (Э)",,,,"Лампы, перегорание основной нити",CSH,2024,,,,,,
1,13637921,2024-12-01 22:30:00,Октябрьская,"ОКТ, ШЧ-17","1шт ч(к учету 1,08ч)",,,"Жилы, внутренний обрыв",CSH,2024,1.0,"1,08ч",,,,
2,13638818,2024-12-02 13:35:00,Октябрьская,"ОКТ, ШЧ-21","2шт ч(к учету 0,65ч)",,,Закорачивание полуобмоток дроссель-трансформатора контактной сети,CSH,2024,2.0,"0,65ч",,,,
3,13639534,2024-12-03 07:25:00,Октябрьская,"ОКТ, ШЧ-15 (Э)",,,,Неисправность устройств электроснабжения,CSH,2024,,,,,,
3,13639748,2024-12-03 08:56:00,Октябрьская,"ОКТ, ШЧ-6 (Э)",,,,"Приёмо-передающий модуль, неисправность",CSH,2024,,,,,,
3,13640197,2024-12-03 12:10:00,Октябрьская,"ОКТ, ИЧ-2 Ш",,,,Короткое замыкание пластин,CSH,2024,,,,,,
3,13641078,2024-12-04 01:23:00,Октябрьская,"ОКТ, ИЧ-2 Ш",,,,Короткое замыкание пластин,CSH,2024,,,,,,
2,13641579,2024-12-04 09:10:00,Октябрьская,"ОКТ, ШЧ-3",,,"1шт ч(к учету 0,28)ч","Срабатывание (перегорание), воздействие тягового тока",CSH,2024,,,,,1.0,"0,28ч"
2,13643925,2024-12-04 10:24:00,Октябрьская,"ОКТ, ШЧ-3",,,"1шт ч(к учету 0,35)ч","Обрыв троса, при путевых работах",CSH,2024,,,,,1.0,"0,35ч"
2,13641701,2024-12-04 10:37:00,Октябрьская,"ОКТ, ШЧ-12",,,"1шт ч(к учету 0,18)ч",Нарушение контакта,CSH,2024,,,,,1.0,"0,18ч"
1,13643504,2024-12-04 13:30:00,Октябрьская,"ОКТ, ШЧ-15 (Э)","6шт ч(к учету 7,75ч)",,,Неисправность устройства сопряжения с объектами,CSH,2024,6.0,"7,75ч",,,,
1,13642948,2024-12-04 19:35:00,Октябрьская,"ОКТ, ШЧ-12","1шт ч(к учету 3,3ч)","1шт ч(к учету 0,15ч)","6шт (к учету 5) ч(к учету 2,05)ч","Кнопки, нарушение регулировки контакта при работе внутри пульта",CSH,2024,1.0,"3,3ч",1.0,"0,15ч",5.0,"2,05ч"
2,13643032,2024-12-04 22:41:00,Октябрьская,"ОКТ, ШЧ-17","5шт ч(к учету 2,95ч)",,,"Диод, обрыв",CSH,2024,5.0,"2,95ч",,,,
2,13643339,2024-12-05 05:35:00,Октябрьская,"ОКТ, ШЧ-10","1шт ч(к учету 0,48ч)",,,"Контактная система, Потеря контакта",CSH,2024,1.0,"0,48ч",,,,
2,13643340,2024-12-05 06:04:00,Октябрьская,"ОКТ, ШЧ-17",,,"1шт ч(к учету 0,22)ч","Оболочка, повреждение",CSH,2024,,,,,1.0,"0,22ч"
2,13644945,2024-12-05 20:16:00,Октябрьская,"ОКТ, ШЧ-10","2шт ч(к учету 0,92ч)",,,"Конденсатор, снижение емкости",CSH,2024,2.0,"0,92ч",,,,
2,13686716,2024-12-05 20:31:00,Октябрьская,"ОКТ, ШЧ-10","1шт ч(к учету 0,47ч)",,,"Конденсатор, снижение емкости",CSH,2024,1.0,"0,47ч",,,,
3,13645998,2024-12-06 13:28:00,Октябрьская,"ОКТ, ШЧ-5 (Э)",,,,"Обрыв троса, коррозия металла",CSH,2024,,,,,,
3,13646098,2024-12-06 13:35:00,Октябрьская,"ОКТ, ШЧ-13 (Э)",,,,Неисправность монтажа в путевом ящике УКСПС,CSH,2024,,,,,,
2,13646358,2024-12-06 21:48:00,Октябрьская,"ОКТ, ШЧ-11",,,"1шт ч(к учету 0,25)ч","Коммутаторы, подгар, сваривание контактов",CSH,2024,,,,,1.0,"0,25ч"
3,13646472,2024-12-07 01:15:00,Октябрьская,"ОКТ, ШЧ-19",,,,"Обрыв, коррозия металла",CSH,2024,,,,,,
2,13646746,2024-12-07 11:10:00,Октябрьская,"ОКТ, ШЧ-16 (Р)","1шт ч(к учету 0,42ч)","2шт (к учету 1) ч(к учету 0,7ч)",,"Срабатывание, воздействие тягового тока",CSH,2024,1.0,"0,42ч",1.0,"0,7ч",,
3,13646834,2024-12-07 13:40:00,Октябрьская,"ОКТ, ШЧ-16 (Р)",,,,"Конденсатор, снижение емкости",CSH,2024,,,,,,
2,13647032,2024-12-07 21:52:00,Октябрьская,"ОКТ, ШЧ-20","1шт ч(к учету 0,45ч)",,,"Диод, пробой",CSH,2024,1.0,"0,45ч",,,,
3,13649155,2024-12-10 00:50:00,Октябрьская,"ОКТ, ШЧ-21",,,,Неперевод стрелочного перевода по причине попадания постороннего предмета,CSH,2024,,,,,,
2,13685346,2024-12-10 00:55:00,Октябрьская,"ОКТ, ШЧ-1 (Э)","1шт ч(к учету 0,17ч)","3шт ч(к учету 0,42ч)",,"Не срабатывание (не перегорание), нарушение контакта штепсельного разъема, нарушение контакта",CSH,2024,1.0,"0,17ч",3.0,"0,42ч",,
3,13651382,2024-12-10 16:02:00,Октябрьская,"ОКТ, ИЧ-1 Ш",,,,"Отставание подвижного сердечника острой крестовины от усовика на 4 мм и более, измеряемое в острие сердечника при запертом положении",CSH,2024,,,,,,
3,13652411,2024-12-11 14:37:00,Октябрьская,"ОКТ, ШЧ-7 (Р)",,,,Неисправность,CSH,2024,,,,,,
3,13652501,2024-12-11 17:20:00,Октябрьская,"ОКТ, ШЧ-1 (Э)",,,,Неисправность концентратора,CSH,2024,,,,,,
3,13652987,2024-12-11 20:49:00,Октябрьская,"ОКТ, ШЧ-8",,,,"Системный блок, сбой программного обеспечения",CSH,2024,,,,,,
3,13652942,2024-12-11 22:18:00,Октябрьская,"ОКТ, ШЧ-11",,,,"Монтаж, потеря контакта болтовых крепления",CSH,2024,,,,,,
3,13653196,2024-12-12 09:17:00,Октябрьская,"ОКТ, ШЧ-5 (Э)",,,,"Лампы, перегорание основной нити",CSH,2024,,,,,,
2,13654237,2024-12-12 20:19:00,Октябрьская,"ОКТ, ШЧ-9 (Э)",,,"8шт ч(к учету 2,1)ч",Неисправность устройств электроснабжения,CSH,2024,,,,,8.0,"2,1ч"
3,13654352,2024-12-13 00:30:00,Октябрьская,"ОКТ, ШЧ-8",,,,Нарушение изоляции проводов,CSH,2024,,,,,,
2,13655356,2024-12-13 13:01:00,Октябрьская,"ОКТ, ШЧ-10","2шт ч(к учету 1,17ч)",,,"Контактная система, увеличенное сопротивление контакта",CSH,2024,2.0,"1,17ч",,,,
3,13655636,2024-12-13 17:03:00,Октябрьская,"ОКТ, ШЧ-10",,,,"Диод, пробой",CSH,2024,,,,,,
2,13655749,2024-12-13 21:48:00,Октябрьская,"ОКТ, ШЧ-12",,,"2шт ч(к учету 0,62)ч","Срабатывание (перегорание), несоответствие номинала",CSH,2024,,,,,2.0,"0,62ч"
3,13655944,2024-12-14 05:56:00,Октябрьская,"ОКТ, ШЧ-17",,,,"Нарушение контакта в разъемах блоков, сообщение",CSH,2024,,,,,,
3,13656223,2024-12-14 12:23:00,Октябрьская,"ОКТ, ШЧ-3",,,,"Короткое замыкание, закорачивание по поверхности катания",CSH,2024,,,,,,
3,13656207,2024-12-14 13:20:00,Октябрьская,"ОКТ, ШЧ-14 (Р)",,,,"Конденсатор, короткое замыкание",CSH,2024,,,,,,
2,13656237,2024-12-14 13:29:00,Октябрьская,"ОКТ, ШЧ-10",,"2шт (к учету 1) ч(к учету 0,87ч)",,"Контактная система, увеличенное сопротивление",CSH,2024,,,1.0,"0,87ч",,
3,13656287,2024-12-14 14:44:00,Октябрьская,"ОКТ, ШЧ-21",,,,"Срабатывание, коммутационные перенапряжения",CSH,2024,,,,,,
2,13656536,2024-12-14 23:57:00,Октябрьская,"ОКТ, ШЧ-19",,"1шт ч(к учету 0,12ч)",,"Короткое замыкание, закорачивание по поверхности катания",CSH,2024,,,1.0,"0,12ч",,
3,13656633,2024-12-15 02:44:00,Октябрьская,"ОКТ, ШЧ-10",,,,"Контактная система, увеличенное сопротивление",CSH,2024,,,,,,
3,13656806,2024-12-15 10:24:00,Октябрьская,"ОКТ, ШЧ-14 (Р)",,,,"Контактная система, увеличенное сопротивление",CSH,2024,,,,,,
2,13656920,2024-12-15 12:22:00,Октябрьская,"ОКТ, ШЧ-20","1шт ч(к учету 0,98ч)",,,"Срабатывание (перегорание), воздействие тягового тока",CSH,2024,1.0,"0,98ч",,,,
2,13656952,2024-12-15 15:11:00,Октябрьская,"ОКТ, ШЧ-2 (Р)",,"2шт ч(к учету 0,32ч)",,"Конденсатор, короткое замыкание",CSH,2024,,,2.0,"0,32ч",,
3,13672015,2024-12-15 15:23:00,Октябрьская,"ОКТ, ШЧ-2 (Р)",,"2шт ч(к учету 0,03ч)",,"Конденсатор, короткое замыкание",CSH,2024,,,2.0,"0,03ч",,
2,13657143,2024-12-15 22:16:00,Октябрьская,"ОКТ, ШЧ-19","4шт (к учету 3) ч(к учету 3,42ч)",,,"Тиратрон, короткое замыкание",CSH,2024,3.0,"3,42ч",,,,
1,13657269,2024-12-15 22:32:00,Октябрьская,"ОКТ, ШЧ-21","1шт ч(к учету 1,23ч)",,,"Контактная система, увеличенное сопротивление",CSH,2024,1.0,"1,23ч",,,,
2,13657174,2024-12-15 23:38:00,Октябрьская,"ОКТ, ШЧ-10","4шт ч(к учету 1,38ч)",,,"Резистор, обрыв",CSH,2024,4.0,"1,38ч",,,,
3,13661802,2024-12-16 08:13:00,Октябрьская,"ОКТ, ШЧ-17","1шт ч(к учету 0,13ч)",,,Нарушение регулировки,CSH,2024,1.0,"0,13ч",,,,
3,13657714,2024-12-16 13:30:00,Октябрьская,"ОКТ, ИЧ-2 Ш",,,,Обрыв жил контрольного кабеля линий СЦБ,CSH,2024,,,,,,
3,13657904,2024-12-16 19:30:00,Октябрьская,"ОКТ, ИЧ-2 Ш",,,,Неисправность блока контроля напряжения,CSH,2024,,,,,,
3,13657997,2024-12-17 01:12:00,Октябрьская,"ОКТ, ИЧ-2 Ш",,,,Неисправность блока контроля напряжения,CSH,2024,,,,,,
2,13658300,2024-12-17 06:40:00,Октябрьская,"ОКТ, ШЧ-11",,,"1шт ч(к учету 0,1)ч","Диод, обрыв",CSH,2024,,,,,1.0,"0,1ч"
2,13658301,2024-12-17 07:07:00,Октябрьская,"ОКТ, ШЧ-11",,,"3шт ч(к учету 0,38)ч","Сигнальная обмотка, обрыв",CSH,2024,,,,,3.0,"0,38ч"
2,13658303,2024-12-17 07:13:00,Октябрьская,"ОКТ, ШЧ-15 (Э)",,"1шт ч(к учету 0,17ч)","1шт ч(к учету 0,23)ч",Выдувание проводов линии энергоснабжения нетяговых потребителей,CSH,2024,,,1.0,"0,17ч",1.0,"0,23ч"
3,13658815,2024-12-17 12:05:00,Октябрьская,"ОКТ, ШЧ-21",,,,Затухание сигнала в КЛС,CSH,2024,,,,,,
3,13658984,2024-12-17 13:40:00,Октябрьская,"ОКТ, ШЧ-14 (Р)",,,,"Контактная система, увеличенное сопротивление",CSH,2024,,,,,,
3,13659009,2024-12-17 14:50:00,Октябрьская,"ОКТ, ШЧ-12",,,,Обрыв жил контрольного кабеля линий СЦБ,CSH,2024,,,,,,
3,13659036,2024-12-17 14:55:00,Октябрьская,"ОКТ, ШЧ-9 (Э)",,,,Закорачивание полуобмоток дроссель-трансформатора контактной сети,CSH,2024,,,,,,
2,13659336,2024-12-18 00:40:00,Октябрьская,"ОКТ, ШЧ-7 (Р)","6шт ч(к учету 1,5ч)",,,"Контактная система, увеличенное сопротивление",CSH,2024,6.0,"1,5ч",,,,
3,13659357,2024-12-18 01:09:00,Октябрьская,"ОКТ, ШЧ-19",,,,"Транзисторы, короткое замыкание",CSH,2024,,,,,,
3,13659662,2024-12-18 05:58:00,Октябрьская,"ОКТ, ШЧ-6 (Э)",,,,Неисправность АРМ горочного оператора,CSH,2024,,,,,,
3,13659615,2024-12-18 06:12:00,Октябрьская,"ОКТ, ИЧ-2 Ш",,,,"Автопереключатель, индевение контактов",CSH,2024,,,,,,
2,13659791,2024-12-18 09:20:00,Октябрьская,"ОКТ, ШЧ-17","1шт ч(к учету 0,47ч)",,,"Автопереключатель, разрегулировка контактов",CSH,2024,1.0,"0,47ч",,,,
3,13660437,2024-12-18 16:08:00,Октябрьская,"ОКТ, ШЧ-14 (Р)",,,,"Контактная система, увеличенное сопротивление контакта",CSH,2024,,,,,,
2,13660452,2024-12-18 16:38:00,Октябрьская,"ОКТ, ШЧ-7 (Р)",,"4шт (к учету 2) ч(к учету 0,77ч)","5шт ч(к учету 1,15)ч",Механические повреждения,CSH,2024,,,2.0,"0,77ч",5.0,"1,15ч"
2,13660618,2024-12-18 21:32:00,Октябрьская,"ОКТ, ШЧ-5 (Э)",,,"1шт ч(к учету 0,33)ч",Нарушение регулировки внешнего замыкателя,CSH,2024,,,,,1.0,"0,33ч"
3,13660700,2024-12-19 00:15:00,Октябрьская,"ОКТ, ШЧ-4 (Э)",,,,"Нарушение контакта в штепсельных розетках, неисправность контактных губок",CSH,2024,,,,,,
3,13660703,2024-12-19 00:25:00,Октябрьская,"ОКТ, ШЧ-15 (Э)",,,,Сбой АЛС с задержкой поезда,CSH,2024,,,,,,
1,13661612,2024-12-19 13:42:00,Октябрьская,"ОКТ, ШЧ-6 (Э)",,"15шт (к учету 6) ч(к учету 4,43ч)","32шт (к учету 25) ч(к учету 9,67)ч","Контакты штепсельного разъема, короткое замыкание",CSH,2024,,,6.0,"4,43ч",25.0,"9,67ч"
2,13661954,2024-12-19 20:27:00,Октябрьская,"ОКТ, ШЧ-23 (Э)","1шт ч(к учету 0,4ч)",,,"Обрыв, коррозия металла",CSH,2024,1.0,"0,4ч",,,,
3,13662158,2024-12-20 00:28:00,Октябрьская,"ОКТ, ИЧ-1 Ш",,,,Отсутствие,CSH,2024,,,,,,
2,13662159,2024-12-20 02:59:00,Октябрьская,"ОКТ, ШЧ-5 (Э)",,,"1шт ч(к учету 0,13)ч","Автопереключатель, неисправность микропереключателей",CSH,2024,,,,,1.0,"0,13ч"
3,13662109,2024-12-20 03:30:00,Октябрьская,"ОКТ, ШЧ-3",,,,Механические повреждения посторонними лицами,CSH,2024,,,,,,
1,13662495,2024-12-20 09:53:00,Октябрьская,"ОКТ, ШЧ-15 (Э)","3шт ч(к учету 2,03ч)",,,"Срабатывание, несоответствие номинала",CSH,2024,3.0,"2,03ч",,,,
3,13663074,2024-12-20 22:35:00,Октябрьская,"ОКТ, ШЧ-1 (Э)",,,,"Автопереключатель, излом ножевых колодок",CSH,2024,,,,,,
3,13663096,2024-12-20 23:40:00,Октябрьская,"ОКТ, ШЧ-3",,,,"Лампы, перегорание основной нити",CSH,2024,,,,,,
3,13663253,2024-12-21 06:39:00,Октябрьская,"ОКТ, ШЧ-19",,,,"Лампы, перегорание основной нити",CSH,2024,,,,,,
3,13663499,2024-12-21 13:50:00,Октябрьская,"ОКТ, ШЧ-8",,,,"Жилы, внутренний обрыв",CSH,2024,,,,,,
3,13663672,2024-12-21 18:19:00,Октябрьская,"ОКТ, ШЧ-10",,,,"Контактная система, увеличенное сопротивление контакта",CSH,2024,,,,,,
3,13663979,2024-12-22 08:42:00,Октябрьская,"ОКТ, ШЧ-7 (Р)",,,,"Контактная система, увеличенное сопротивление",CSH,2024,,,,,,
2,13664133,2024-12-22 14:28:00,Октябрьская,"ОКТ, ШЧ-11",,,"3шт (к учету 2) ч(к учету 0,62)ч","Кнопки, потеря контакта в штепсельном разъеме",CSH,2024,,,,,2.0,"0,62ч"
3,13664622,2024-12-23 07:04:00,Октябрьская,"ОКТ, ШЧ-11",,,,"Коммутаторы, нарушение регулировки контакта",CSH,2024,,,,,,
3,13664944,2024-12-23 12:00:00,Октябрьская,"ОКТ, ШЧ-14 (Р)",,,,"Обмотка, обрыв",CSH,2024,,,,,,
3,13665317,2024-12-23 12:15:00,Октябрьская,"ОКТ, ШЧ-3",,,,Нарушение контакта штепсель/рельс,CSH,2024,,,,,,
3,13665607,2024-12-23 18:00:00,Октябрьская,"ОКТ, ШЧ-14 (Р)",,,,"Резистор, обрыв",CSH,2024,,,,,,
3,13665573,2024-12-23 19:20:00,Октябрьская,"ОКТ, ШЧ-23 (Э)",,,,Нарушение контакта штепсель/рельс,CSH,2024,,,,,,
3,13665627,2024-12-23 21:30:00,Октябрьская,"ОКТ, ШЧ-12",,,,"Внутренний монтаж, короткое замыкание",CSH,2024,,,,,,
2,13665645,2024-12-23 22:20:00,Октябрьская,"ОКТ, ШЧ-21","12шт (к учету 7) ч(к учету 5,83ч)",,,"Контактная система, увеличенное сопротивление",CSH,2024,7.0,"5,83ч",,,,
2,13667413,2024-12-25 01:30:00,Октябрьская,"ОКТ, ШЧ-17","2шт ч(к учету 0,53ч)",,,"Кабельный ящик, клеммная колодка резьб, плохой контакт",CSH,2024,2.0,"0,53ч",,,,
1,13667486,2024-12-25 03:25:00,Октябрьская,"ОКТ, ШЧ-8","5шт (к учету 4) ч(к учету 2,57ч)",,,"Срабатывание (перегорание), воздействие тягового тока",CSH,2024,4.0,"2,57ч",,,,
3,13667554,2024-12-25 04:53:00,Октябрьская,"ОКТ, ШЧ-4 (Э)",,,,Неисправность устройства сопряжения с объектами,CSH,2024,,,,,,
3,13668453,2024-12-25 11:10:00,Октябрьская,"ОКТ, ШЧ-15 (Э)",,,,"Жилы, обрыв",CSH,2024,,,,,,
2,13669038,2024-12-25 13:35:00,Октябрьская,"ОКТ, ШЧ-3","1шт ч(к учету 0,98ч)",,,Потеря контакта,CSH,2024,1.0,"0,98ч",,,,
3,13668776,2024-12-25 14:35:00,Октябрьская,"ОКТ, ШЧ-19",,,,"Контактная система, увеличенное сопротивление",CSH,2024,,,,,,
2,13670080,2024-12-26 14:40:00,Октябрьская,"ОКТ, ШЧ-14 (Р)",,,"1шт ч(к учету 0,13)ч","Контактная система, подгар контактов",CSH,2024,,,,,1.0,"0,13ч"
3,13670105,2024-12-26 15:11:00,Октябрьская,"ОКТ, ИЧ-2 Ш",,,,"Лампы, перегорание основной нити",CSH,2024,,,,,,
3,13670199,2024-12-26 16:40:00,Октябрьская,"ОКТ, ШЧ-11",,,,"Линзы, бой",CSH,2024,,,,,,
2,13670225,2024-12-26 17:14:00,Октябрьская,"ОКТ, ШЧ-12","1шт ч(к учету 0,17ч)",,"2шт (к учету 1) ч(к учету 0,32)ч",Нарушение контакта трос/штепсель,CSH,2024,1.0,"0,17ч",,,1.0,"0,32ч"
2,13670418,2024-12-27 02:40:00,Октябрьская,"ОКТ, ШЧ-5 (Э)",,,"1шт ч(к учету 0,12)ч","Срабатывание (перегорание), коммутационные перенапряжения",CSH,2024,,,,,1.0,"0,12ч"
3,13670815,2024-12-27 10:00:00,Октябрьская,"ОКТ, ШЧ-20",,,,"Контактная система, увеличенное сопротивление",CSH,2024,,,,,,
3,13670893,2024-12-27 10:32:00,Октябрьская,"ОКТ, ШЧ-19",,,,"Срабатывание (перегорание), коммутационные перенапряжения",CSH,2024,,,,,,
3,13670947,2024-12-27 11:14:00,Октябрьская,"ОКТ, ШЧ-8",,,,Неисправность элементов схемы в путевом ящике УКСПС,CSH,2024,,,,,,
2,13671502,2024-12-28 00:19:00,Октябрьская,"ОКТ, ШЧ-11",,,"1шт ч(к учету 0,12)ч",Отсутствие,CSH,2024,,,,,1.0,"0,12ч"
3,13671756,2024-12-28 06:51:00,Октябрьская,"ОКТ, ШЧ-12",,,,"Срабатывание, несоответствие номинала",CSH,2024,,,,,,
3,13672396,2024-12-28 10:43:00,Октябрьская,"ОКТ, ИЧ-ЮЖ Ш",,,,Отключение питающей линии,CSH,2024,,,,,,
2,13672783,2024-12-29 05:11:00,Октябрьская,"ОКТ, ШЧ-12",,"1шт ч(к учету 0,33ч)","3шт ч(к учету 0,42)ч",Неисправность внешней ЛВС,CSH,2024,,,1.0,"0,33ч",3.0,"0,42ч"
3,13672823,2024-12-29 07:23:00,Октябрьская,"ОКТ, ШЧ-8",,,,"Курбельный контакт, потеря контакта",CSH,2024,,,,,,
2,13673156,2024-12-29 18:00:00,Октябрьская,"ОКТ, ШЧ-7 (Р)",,,"1шт ч(к учету 0,18)ч","Контактная система, увеличенное сопротивление",CSH,2024,,,,,1.0,"0,18ч"
3,13673342,2024-12-29 23:57:00,Октябрьская,"ОКТ, ИЧ-1 Ш",,,,Помеха от сторонних устройств,CSH,2024,,,,,,
3,13673284,2024-12-30 00:20:00,Октябрьская,"ОКТ, ИЧ-2 Ш",,,,"Лампы, перегорание основной нити",CSH,2024,,,,,,
2,13673400,2024-12-30 05:29:00,Октябрьская,"ОКТ, ШЧ-5 (Э)",,"1шт ч(к учету 0,1ч)",,"Автопереключатель, неисправность микропереключателей",CSH,2024,,,1.0,"0,1ч",,
1,13673505,2024-12-30 08:40:00,Октябрьская,"ОКТ, ШЧ-19","12шт ч(к учету 7,97ч)","1шт ч(к учету 0,12ч)",,"Лампы, перегорание основной нити",CSH,2024,12.0,"7,97ч",1.0,"0,12ч",,
3,13673779,2024-12-30 15:25:00,Октябрьская,"ОКТ, ШЧ-7 (Р)",,,,"Кнопки, подгар, сваривание контактов",CSH,2024,,,,,,
2,13674377,2024-12-31 16:24:00,Октябрьская,"ОКТ, ШЧ-12",,,"1шт ч(к учету 0,17)ч","Отставание (неприлегание) остряка от рамного рельса на 4 мм и более, измеряемое против первой тяги",CSH,2024,,,,,1.0,"0,17ч"
3,13160106,2024-01-01 03:45:00,Октябрьская,"ОКТ, ТЧЭ-14",,,,Прочая неисправность аккумуляторной батареи,CT,2024,,,,,,
1,13160147,2024-01-01 06:11:00,Октябрьская,"ОКТ, ТЧЭ-14","6шт ч(к учету 5,65ч)",,,Неисправность микросхемы,CT,2024,6.0,"5,65ч",,,,
2,13160319,2024-01-01 13:59:00,Октябрьская,"ОКТ, ТЧЭ-14",,"2шт ч(к учету 0,3ч)","1шт ч(к учету 0,17)ч",Прочая неисправность уплотнения секции холодильника,CT,2024,,,2.0,"0,3ч",1.0,"0,17ч"
3,13160600,2024-01-02 04:00:00,Октябрьская,"ОКТ, ТЧЭ-21",,,,Не качественное изготовление програмного обеспечения,CT,2024,,,,,,
3,13160967,2024-01-02 13:57:00,Октябрьская,"ОКТ, ТЧЭ-14",,,,Течь воды в соединении с резиновым патрубком крышки цилиндров дизеля,CT,2024,,,,,,
2,13170209,2024-01-02 14:36:00,Октябрьская,"ОКТ, ТЧЭ-4",,,"1шт ч(к учету 0,1)ч",Прочая неисправность диафрагмы крана машиниста,CT,2024,,,,,1.0,"0,1ч"
3,13161162,2024-01-02 18:47:00,Октябрьская,"ОКТ, ТЧЭ-12",,,,Прочая неисправность пружины токоприемника,CT,2024,,,,,,
2,13161444,2024-01-03 03:37:00,Октябрьская,"ОКТ, ТЧЭ-12","4шт ч(к учету 1,22ч)",,,"Пропил полоза, скол вставки полоза",CT,2024,4.0,"1,22ч",,,,
2,13162314,2024-01-03 09:15:00,Октябрьская,"ОКТ, ТЧЭ-25","1шт ч(к учету 0,25ч)",,,Нетиповые элементы соединительной арматуры,CT,2024,1.0,"0,25ч",,,,
1,13162628,2024-01-03 22:00:00,Октябрьская,"ОКТ, ТЧЭ-12",,"1шт ч(к учету 0,13ч)","3шт ч(к учету 2,23)ч",Прочая неисправность якоря тягового двигателя постоянного тока,CT,2024,,,1.0,"0,13ч",3.0,"2,23ч"
2,13202091,2024-01-03 23:19:00,Октябрьская,"ОКТ, ТЧЭ-26","2шт ч(к учету 1,97ч)",,,Прочая неисправность штуцера концевого крана,CT,2024,2.0,"1,97ч",,,,
3,13162740,2024-01-04 01:36:00,Октябрьская,"ОКТ, ТЧЭ-22",,,,Засорение (замерзание) магистральной/ подводящих труб,CT,2024,,,,,,
2,13162889,2024-01-04 04:20:00,Октябрьская,"ОКТ, ТЧЭ-1",,,"1шт ч(к учету 0,13)ч",Пережог простой струны контактной сети,CT,2024,,,,,1.0,"0,13ч"
1,13164340,2024-01-04 19:10:00,Октябрьская,"ОКТ, ТЧЭ-22","17шт (к учету 16) ч(к учету 12,75ч)",,,Прочая неисправность главного вала контроллера машиниста,CT,2024,16.0,"12,75ч",,,,
3,13165732,2024-01-05 20:19:00,Октябрьская,"ОКТ, ТЧЭ-14",,,,Нарушение регулировки подачи песка,CT,2024,,,,,,
3,13165634,2024-01-05 22:00:00,Октябрьская,"ОКТ, ТЧЭ-14",,,,Прочая неисправность трубопровода системы подачи масла,CT,2024,,,,,,
2,13165911,2024-01-06 08:11:00,Октябрьская,"ОКТ, ТЧЭ-12",,"1шт ч(к учету 0,18ч)","1шт ч(к учету 0,13)ч","Прочая неисправность провода, кабеля низковольтных цепей и цепей управления",CT,2024,,,1.0,"0,18ч",1.0,"0,13ч"
2,13166643,2024-01-06 21:45:00,Октябрьская,"ОКТ, ТЧЭ-5","5шт ч(к учету 2,1ч)",,,Износ угольной вставки токоприемника,CT,2024,5.0,"2,1ч",,,,
3,13205564,2024-01-07 00:30:00,Октябрьская,"ОКТ, ТЧЭ-21",,,,Неисправность МСУД,CT,2024,,,,,,
3,13166719,2024-01-07 01:30:00,Октябрьская,"ОКТ, ТЧЭ-14",,,,Потеря упругости пружины редукционного клапана масляного насоса,CT,2024,,,,,,
3,13167057,2024-01-07 09:17:00,Октябрьская,"ОКТ, ТЧЭ-12",,,,Прочая неисправность манжеты клапана песочницы,CT,2024,,,,,,
2,13203995,2024-01-07 19:30:00,Октябрьская,"ОКТ, ТЧЭ-28","2шт ч(к учету 0,98ч)",,,Прочая неисправность тормозной колодки тормозной рычажной передачи локомотива,CT,2024,2.0,"0,98ч",,,,
3,13176861,2024-01-08 01:21:00,Октябрьская,"ОКТ, ТЧЭ-4",,,,Прочая неисправность всасывающей трубки топливного бака дизеля,CT,2024,,,,,,
3,13167960,2024-01-08 09:10:00,Октябрьская,"ОКТ, ТЧЭ-14",,,,"Прочая неисправность проводов, кабелей силовых цепей",CT,2024,,,,,,
2,13168393,2024-01-08 18:37:00,Октябрьская,"ОКТ, ТЧЭ-26","1шт ч(к учету 0,82ч)",,,Прочая неисправность диафрагмы сигнализатора обрыва тормозной магистрали с датчиком,CT,2024,1.0,"0,82ч",,,,
3,13169324,2024-01-09 11:49:00,Октябрьская,"ОКТ, ТЧЭ-4",,,,Прочая неисправность корпуса автосцепки локомотива,CT,2024,,,,,,
3,13171149,2024-01-10 10:22:00,Октябрьская,"ОКТ, ТЧЭ-12",,,,Прочая неисправность манжеты тормозного цилиндра,CT,2024,,,,,,
2,13205705,2024-01-11 21:47:00,Октябрьская,"ОКТ, ТЧЭ-21","2шт ч(к учету 1,02ч)",,,Неисправность МСУД,CT,2024,2.0,"1,02ч",,,,
2,13205713,2024-01-12 08:36:00,Октябрьская,"ОКТ, ТЧЭ-21",,"1шт ч(к учету 0,13ч)","2шт ч(к учету 0,22)ч",Неисправность МСУД,CT,2024,,,1.0,"0,13ч",2.0,"0,22ч"
3,13205714,2024-01-12 08:58:00,Октябрьская,"ОКТ, ТЧЭ-12","1шт ч(к учету 0,13ч)",,,Прочая неисправность манжеты клапана песочницы,CT,2024,1.0,"0,13ч",,,,
1,13178228,2024-01-13 04:27:00,Октябрьская,"ОКТ, ТЧЭ-1",,"2шт (к учету 1) ч(к учету 3,15ч)",,Прочая неисправность всасывающей трубки топливного бака дизеля,CT,2024,,,1.0,"3,15ч",,
3,13178994,2024-01-13 11:40:00,Октябрьская,"ОКТ, ТЧЭ-11",,,,Неисправность антенны,CT,2024,,,,,,
3,13216433,2024-01-14 08:00:00,Октябрьская,"ОКТ, ТЧЭ-12",,,,"Прочая неисправность провода, кабеля низковольтных цепей и цепей управления",CT,2024,,,,,,
3,13179554,2024-01-14 15:23:00,Октябрьская,"ОКТ, ТЧЭ-12",,,,Прочая неисправность рукоятки клапана песочницы,CT,2024,,,,,,
2,13181671,2024-01-15 20:14:00,Октябрьская,"ОКТ, ТЧЭ-11","1шт ч(к учету 0,98ч)",,,Прочая неисправность рукоятки клапана песочницы,CT,2024,1.0,"0,98ч",,,,
2,13182923,2024-01-16 19:57:00,Октябрьская,"ОКТ, ТЧЭ-14","1шт ч(к учету 0,43ч)",,,"Повреждение, пробой изолятора выводной коробки тягового двигателя постоянного тока",CT,2024,1.0,"0,43ч",,,,
3,13182997,2024-01-16 23:11:00,Октябрьская,"ОКТ, ТЧЭ-14",,,,"Прочая неисправность проводов, кабелей силовых цепей",CT,2024,,,,,,
3,13183095,2024-01-17 03:12:00,Октябрьская,"ОКТ, ТЧЭ-14",,,,Прочая неисправность корпуса буксы локомотива,CT,2024,,,,,,
3,13183235,2024-01-17 05:40:00,Октябрьская,"ОКТ, ТЧЭ-14",,,,Прочая неисправность уплотнения секции холодильника,CT,2024,,,,,,
3,13183602,2024-01-17 08:00:00,Октябрьская,"ОКТ, ТЧЭ-21",,,,Прочая неисправность сильфона топливоподкачивающего насоса,CT,2024,,,,,,
2,13185384,2024-01-17 09:42:00,Октябрьская,"ОКТ, ТЧЭ-22","1шт ч(к учету 0,9ч)",,,Нарушение регулировки подачи песка,CT,2024,1.0,"0,9ч",,,,
3,13207263,2024-01-18 13:08:00,Октябрьская,"ОКТ, ТЧЭ-21",,,,Неисправность бесконтактного регулятора напряжения,CT,2024,,,,,,
3,13185857,2024-01-19 05:01:00,Октябрьская,"ОКТ, ТЧЭ-14",,,,Прочая неисправность пневматического привода токоприемника,CT,2024,,,,,,
3,13186603,2024-01-19 09:30:00,Октябрьская,"ОКТ, ТЧЭ-26",,,,Неисправность переключателя,CT,2024,,,,,,
2,13216263,2024-01-20 09:25:00,Октябрьская,"ОКТ, ТЧЭ-21","1шт ч(к учету 0,23ч)","1шт ч(к учету 0,15ч)",,Прочая неисправность блок-контактов реле боксования,CT,2024,1.0,"0,23ч",1.0,"0,15ч",,
3,13187750,2024-01-20 17:58:00,Октябрьская,"ОКТ, ТЧЭ-12",,,,Неисправность кнопки,CT,2024,,,,,,
3,13188023,2024-01-21 02:23:00,Октябрьская,"ОКТ, ТЧЭ-14",,,,Прочая неисправность редукционного клапана поездного компрессора,CT,2024,,,,,,
3,13188675,2024-01-21 11:56:00,Октябрьская,"ОКТ, ТЧЭ-14",,,,"Прочая неисправность провода, кабеля низковольтных цепей и цепей управления",CT,2024,,,,,,
2,13188512,2024-01-21 12:40:00,Октябрьская,"ОКТ, ТЧЭ-25","2шт ч(к учету 1,35ч)",,,Коррозия привалочного фланца корпуса магистральной части,CT,2024,2.0,"1,35ч",,,,
2,13190049,2024-01-22 20:22:00,Октябрьская,"ОКТ, ТЧЭ-1",,"1шт ч(к учету 0,13ч)",,Неисправность блока МПСУ,CT,2024,,,1.0,"0,13ч",,
1,13190466,2024-01-22 22:55:00,Октябрьская,"ОКТ, ТЧЭ-12","8шт ч(к учету 13,5ч)",,,Прочая неисправность манжеты клапана песочницы,CT,2024,8.0,"13,5ч",,,,
3,13190170,2024-01-23 01:06:00,Октябрьская,"ОКТ, ТЧЭ-22",,,,Прочая неисправность тяговой обмотки тягового трансформатора,CT,2024,,,,,,
2,13192044,2024-01-24 01:10:00,Октябрьская,"ОКТ, ТЧЭ-22","1шт ч(к учету 0,53ч)",,,Износ хвостовика нижнего поршня пневматического реле авторежима,CT,2024,1.0,"0,53ч",,,,
3,13193502,2024-01-25 03:38:00,Октябрьская,"ОКТ, ТЧЭ-14",,,,Прочая неисправность лопастного колеса водяного насоса охлаждения дизеля,CT,2024,,,,,,
1,13193738,2024-01-25 06:36:00,Октябрьская,"ОКТ, ТЧЭ-28","5шт ч(к учету 8,88ч)","2шт ч(к учету 0,73ч)",,Слабая затяжка - сползание зажима КС-053 (питающий),CT,2024,5.0,"8,88ч",2.0,"0,73ч",,
1,13216282,2024-01-25 21:42:00,Октябрьская,"ОКТ, ТЧЭ-22","1шт ч(к учету 1,22ч)",,,Прочая неисправность контактора главного контроллера без дугогашения,CT,2024,1.0,"1,22ч",,,,
3,13195882,2024-01-26 15:50:00,Октябрьская,"ОКТ, ТЧЭ-14",,,,Прочая неисправность главных контактов быстродействующего выключателя,CT,2024,,,,,,
2,13202293,2024-01-27 02:58:00,Октябрьская,"ОКТ, ТЧЭ-22","1шт ч(к учету 0,38ч)",,,Прочая неисправность контактора главного контроллера без дугогашения,CT,2024,1.0,"0,38ч",,,,
2,13197574,2024-01-27 16:56:00,Октябрьская,"ОКТ, ТЧЭ-30","1шт ч(к учету 0,62ч)",,,Прочая неисправность моторно-роторного подшипника подвозбудителя синхронного,CT,2024,1.0,"0,62ч",,,,
2,13217847,2024-02-02 12:34:00,Октябрьская,"ОКТ, ТЧЭ-12","1шт ч(к учету 0,47ч)",,"1шт ч(к учету 0,3)ч",Прочая неисправность аккумуляторной батареи,CT,2024,1.0,"0,47ч",,,1.0,"0,3ч"
2,13217844,2024-02-02 15:56:00,Октябрьская,"ОКТ, ТЧЭ-14","6шт ч(к учету 2,23ч)",,"1шт ч(к учету 0,18)ч",Повреждение электромонтажа системы автоматического управления торможением,CT,2024,6.0,"2,23ч",,,1.0,"0,18ч"
2,13212292,2024-02-03 02:17:00,Октябрьская,"ОКТ, ТЧЭ-14",,,"1шт ч(к учету 0,37)ч",Прочая неисправность рукоятки клапана песочницы,CT,2024,,,,,1.0,"0,37ч"
2,13242659,2024-02-03 11:45:00,Октябрьская,"ОКТ, ТЧЭ-28","1шт ч(к учету 0,43ч)",,,Ослабление резьбового соединения головки и штока главного поршня,CT,2024,1.0,"0,43ч",,,,
2,13242685,2024-02-03 20:00:00,Октябрьская,"ОКТ, ТЧЭ-14","2шт ч(к учету 0,78ч)",,,Прочая неисправность фланца валопровода редуктора гидронасоса,CT,2024,2.0,"0,78ч",,,,
2,13205191,2024-02-04 07:00:00,Октябрьская,"ОКТ, ТЧЭ-14","1шт ч(к учету 0,98ч)",,,Несоответствие норм высоты автосцепки грузового вагона,CT,2024,1.0,"0,98ч",,,,
3,13211552,2024-02-05 00:00:00,Октябрьская,"ОКТ, ТЧЭ-21",,,,Механическое заедание лабиринтных жалюзи,CT,2024,,,,,,
2,13227719,2024-02-05 15:10:00,Октябрьская,"ОКТ, ТЧЭ-30","1шт ч(к учету 0,98ч)",,"1шт ч(к учету 0,1)ч",Прочая неисправность вала водяного насоса охлаждения дизеля,CT,2024,1.0,"0,98ч",,,1.0,"0,1ч"
3,13207433,2024-02-05 22:19:00,Октябрьская,"ОКТ, ТЧЭ-28",,,,Нарушение регулировки подачи песка,CT,2024,,,,,,
3,13207359,2024-02-06 00:18:00,Октябрьская,"ОКТ, ТЧЭ-14",,,,Прочая неисправность контактора кулачкового блокировочного устройства,CT,2024,,,,,,
3,13210558,2024-02-06 04:59:00,Октябрьская,"ОКТ, ТЧЭ-26",,,,Неисправность регулятора мощности объединенного регулятора,CT,2024,,,,,,
3,13209411,2024-02-06 22:57:00,Октябрьская,"ОКТ, ТЧЭ-14",,,,Прочая неисправность каретки токоприемника,CT,2024,,,,,,
1,13209924,2024-02-07 07:40:00,Октябрьская,"ОКТ, ТЧЭ-1",,"1шт ч(к учету 1,3ч)",,Прочая неисправность корпуса камеры осушки,CT,2024,,,1.0,"1,3ч",,
3,13241194,2024-02-08 00:50:00,Октябрьская,"ОКТ, ТЧЭ-12","1шт ч(к учету 0,02ч)",,,Трещина корпуса,CT,2024,1.0,"0,02ч",,,,
3,13212119,2024-02-08 05:15:00,Октябрьская,"ОКТ, ТЧЭ-14",,,,Прочая неисправность контактора кулачкового блокировочного устройства,CT,2024,,,,,,
3,13212199,2024-02-08 06:46:00,Октябрьская,"ОКТ, ТЧЭ-14",,,,Прочая неисправность нагревательного элемента электрического нагревателя,CT,2024,,,,,,
1,13218925,2024-02-12 14:35:00,Октябрьская,"ОКТ, ТЧЭ-4","2шт (к учету 1) ч(к учету 3,17ч)",,,Неисправность блока МСУ-ТП,CT,2024,1.0,"3,17ч",,,,
2,13219118,2024-02-12 19:58:00,Октябрьская,"ОКТ, ТЧЭ-4","1шт ч(к учету 0,98ч)",,,Перегрев моторно-осевого подшипника подвески тягового двигателя,CT,2024,1.0,"0,98ч",,,,
2,13219679,2024-02-13 06:04:00,Октябрьская,"ОКТ, ТЧЭ-14","3шт (к учету 1) ч(к учету 0,92ч)",,,Сбой ПО,CT,2024,1.0,"0,92ч",,,,
2,13228381,2024-02-14 07:37:00,Октябрьская,"ОКТ, ТЧЭ-14","2шт ч(к учету 1,12ч)",,,Прочая неисправность блок-контактов реле промежуточного,CT,2024,2.0,"1,12ч",,,,
3,13222411,2024-02-14 13:00:00,Октябрьская,"ОКТ, ТЧЭ-14",,,,Нарушение регулировки подачи песка,CT,2024,,,,,,
3,13223096,2024-02-14 23:56:00,Октябрьская,"ОКТ, ТЧЭ-12",,,,Прочая неисправность стенки топливного бака дизеля,CT,2024,,,,,,
3,13226025,2024-02-17 00:03:00,Октябрьская,"ОКТ, ТЧЭ-14",,,,Нарушение регулировки подачи песка,CT,2024,,,,,,
1,13227045,2024-02-18 04:26:00,Октябрьская,"ОКТ, ТЧЭ-11",,"2шт ч(к учету 0,55ч)","1шт ч(к учету 0,28)ч",Прочая неисправность замкодержателя автосцепки локомотива,CT,2024,,,2.0,"0,55ч",1.0,"0,28ч"
2,13227682,2024-02-18 21:15:00,Октябрьская,"ОКТ, ТЧЭ-28",,"1шт ч(к учету 0,1ч)",,"Сгорание плавкой вставки предохранителя, панели предохранителей",CT,2024,,,1.0,"0,1ч",,
3,13227657,2024-02-18 21:20:00,Октябрьская,"ОКТ, ТЧЭ-14",,,,Прочая неисправность удерживающей катушки быстродействующего выключателя,CT,2024,,,,,,
3,13252284,2024-02-19 19:10:00,Октябрьская,"ОКТ, ТЧЭ-12","1шт ч(к учету 0,2ч)",,,Прочая неисправность аккумуляторной батареи,CT,2024,1.0,"0,2ч",,,,
2,13236341,2024-02-22 07:20:00,Октябрьская,"ОКТ, ТЧЭ-14",,,"1шт ч(к учету 0,12)ч",Прочая неисправность магистральной части воздухораспределителя,CT,2024,,,,,1.0,"0,12ч"
3,13232643,2024-02-22 08:37:00,Октябрьская,"ОКТ, ТЧЭ-4",,,,Прочая неисправность манжеты клапана песочницы,CT,2024,,,,,,
3,13233281,2024-02-22 18:57:00,Октябрьская,"ОКТ, ТЧЭ-4",,,,Прочая неисправность всасывающей трубки топливного бака дизеля,CT,2024,,,,,,
3,13234676,2024-02-24 16:00:00,Октябрьская,"ОКТ, ТЧЭ-4",,,,Отгар зажимов аккумуляторной батареи,CT,2024,,,,,,
3,13237040,2024-02-27 01:14:00,Октябрьская,"ОКТ, ТЧЭ-14",,,,Ошибка программного обеспечения,CT,2024,,,,,,
2,13237053,2024-02-27 02:40:00,Октябрьская,"ОКТ, ТЧЭ-12","1шт ч(к учету 0,63ч)",,,Нарушение регулировки подачи песка,CT,2024,1.0,"0,63ч",,,,
1,13241325,2024-03-01 00:10:00,Октябрьская,"ОКТ, ТЧЭ-14","1шт ч(к учету 2,98ч)",,,Прочая неисправность корпуса автосцепки локомотива,CT,2024,1.0,"2,98ч",,,,
2,13243227,2024-03-03 01:38:00,Октябрьская,"ОКТ, ТЧЭ-18","2шт ч(к учету 0,63ч)",,,"Прочая неисправность провода, кабеля низковольтных цепей и цепей управления",CT,2024,2.0,"0,63ч",,,,
3,13243930,2024-03-03 22:39:00,Октябрьская,"ОКТ, ТЧЭ-1",,,,Корпус блока КОН,CT,2024,,,,,,
3,13244484,2024-03-04 08:43:00,Октябрьская,"ОКТ, ТЧЭ-14",,,,Ошибка программного обеспечения,CT,2024,,,,,,
3,13248163,2024-03-05 21:41:00,Октябрьская,"ОКТ, ТЧЭ-4",,,,Износ электрощетки щеточного аппарата тягового двигателя постоянного тока,CT,2024,,,,,,
3,13254772,2024-03-06 15:20:00,Октябрьская,"ОКТ, ТЧЭ-4",,,,Износ сальника топливоподкачивающего насоса,CT,2024,,,,,,
3,13250532,2024-03-06 17:26:00,Октябрьская,"ОКТ, ТЧЭ-14",,,,Прочая неисправность обмотки возбуждения тягового двигателя постоянного тока,CT,2024,,,,,,
3,13250688,2024-03-06 23:00:00,Октябрьская,"ОКТ, ТЧЭ-5","1шт ч(к учету 0,05ч)",,,Ослабление крепления корпуса (кожуха) зубчатой передачи,CT,2024,1.0,"0,05ч",,,,
3,13252494,2024-03-07 18:25:00,Октябрьская,"ОКТ, ТЧЭ-14",,,,Прочая неисправность манжеты клапана песочницы,CT,2024,,,,,,
3,13252618,2024-03-07 21:34:00,Октябрьская,"ОКТ, ТЧЭ-12",,,,"Излом крепления песочной трубы, ослабление крепления  песочной трубы",CT,2024,,,,,,
3,13253752,2024-03-09 13:01:00,Октябрьская,"ОКТ, ТЧЭ-14",,,,"Прочая неисправность проводов, кабелей силовых цепей",CT,2024,,,,,,
3,13253987,2024-03-09 20:00:00,Октябрьская,"ОКТ, ТЧЭ-12",,,,Прочая неисправность трубопроводов системы подачи топлива,CT,2024,,,,,,
3,13254151,2024-03-10 04:24:00,Октябрьская,"ОКТ, ТЧЭ-11",,,,Несоответствие норм высоты автосцепки грузового вагона,CT,2024,,,,,,
3,13262015,2024-03-14 19:03:00,Октябрьская,"ОКТ, ТЧЭ-12",,,,Излом рукоятки клапана песочницы,CT,2024,,,,,,
1,13262551,2024-03-15 07:04:00,Октябрьская,"ОКТ, ТЧЭ-12","10шт ч(к учету 12,93ч)",,"2шт ч(к учету 1,68)ч",Потеря жесткости включающей пружины быстродействующего выключателя,CT,2024,10.0,"12,93ч",,,2.0,"1,68ч"
2,13263366,2024-03-15 12:20:00,Октябрьская,"ОКТ, ТЧЭ-14","2шт (к учету 1) ч(к учету 1,65ч)",,,Прочая неисправность корпуса концевого крана,CT,2024,1.0,"1,65ч",,,,
2,13263438,2024-03-15 19:17:00,Октябрьская,"ОКТ, ТЧЭ-12","1шт ч(к учету 0,5ч)",,,Прочая неисправность щеточного аппарата тягового генератора постоянного  тока,CT,2024,1.0,"0,5ч",,,,
3,13264099,2024-03-16 09:10:00,Октябрьская,"ОКТ, ТЧЭ-14",,,,Износ полоза токоприемника,CT,2024,,,,,,
1,13263912,2024-03-16 09:51:00,Октябрьская,"ОКТ, ТЧЭ-28",,,,Глубокая разрядка аккумуляторной батареи,CT,2024,,,,,,
2,13264390,2024-03-17 04:45:00,Октябрьская,"ОКТ, ТЧЭ-14","4шт ч(к учету 2,92ч)",,,Прочая неисправность катушки электромагнитного выключающего вентиля,CT,2024,4.0,"2,92ч",,,,
3,13264570,2024-03-17 11:11:00,Октябрьская,"ОКТ, ТЧЭ-12",,,,Подводящий монтаж,CT,2024,,,,,,
3,13264994,2024-03-18 00:30:00,Октябрьская,"ОКТ, ТЧЭ-14",,,,Износ корпуса водяного насоса охлаждения дизеля,CT,2024,,,,,,
3,13267271,2024-03-19 14:59:00,Октябрьская,"ОКТ, ТЧЭ-22",,,,Сбой ПО,CT,2024,,,,,,
3,13269983,2024-03-21 11:17:00,Октябрьская,"ОКТ, ТЧЭ-14",,,,Прочая неисправность шпильки шатуна поездного компрессора,CT,2024,,,,,,
3,13270453,2024-03-21 23:26:00,Октябрьская,"ОКТ, ТЧЭ-14",,,,Прочая неисправность трубопроводов системы подачи топлива,CT,2024,,,,,,
3,13271933,2024-03-23 07:25:00,Октябрьская,"ОКТ, ТЧЭ-12",,,,Прочая неисправность рукоятки клапана песочницы,CT,2024,,,,,,
3,13271951,2024-03-23 08:15:00,Октябрьская,"ОКТ, ТЧЭ-14",,,,"Прочая неисправность проводов, кабелей силовых цепей",CT,2024,,,,,,
2,13272075,2024-03-23 12:05:00,Октябрьская,"ОКТ, ТЧЭ-30",,"1шт ч(к учету 0,13ч)",,"Трещина, излом трубопровода системы подачи топлива",CT,2024,,,1.0,"0,13ч",,
3,13272558,2024-03-24 00:18:00,Октябрьская,"ОКТ, ТЧЭ-14",,,,"Прочая неисправность провода, кабеля низковольтных цепей и цепей управления",CT,2024,,,,,,
3,13274749,2024-03-26 04:02:00,Октябрьская,"ОКТ, ТЧЭ-14",,,,Прочая неисправность поршня пневматической блокировки,CT,2024,,,,,,
3,13276286,2024-03-27 04:49:00,Октябрьская,"ОКТ, ТЧЭ-12",,,,Износ полоза токоприемника,CT,2024,,,,,,
3,13277128,2024-03-27 13:16:00,Октябрьская,"ОКТ, ТЧЭ-14",,,,Износ напаек контактного мостика кнопки,CT,2024,,,,,,
3,13277573,2024-03-27 16:41:00,Октябрьская,"ОКТ, Т",,,,Прочая неисправность корпуса автосцепки локомотива,CT,2024,,,,,,
3,13277955,2024-03-28 01:26:00,Октябрьская,"ОКТ, ТЧЭ-18",,,,Неисправность блока МПСУ-ТП,CT,2024,,,,,,
3,13277908,2024-03-28 05:39:00,Октябрьская,"ОКТ, ТЧЭ-14",,,,Прочая неисправность корпуса концевого крана,CT,2024,,,,,,
2,13278792,2024-03-28 15:53:00,Октябрьская,"ОКТ, ТЧЭ-18",,"1шт ч(к учету 0,18ч)",,Прочая неисправность цилиндра высокого давления,CT,2024,,,1.0,"0,18ч",,
1,13280304,2024-03-30 03:35:00,Октябрьская,"ОКТ, ТЧЭ-30","3шт ч(к учету 3,92ч)",,,Износ контактов контактной системы автоматического выключателя,CT,2024,3.0,"3,92ч",,,,
2,13281037,2024-03-30 21:32:00,Октябрьская,"ОКТ, ТЧЭ-14","6шт ч(к учету 2,83ч)",,,Низкая емкость аккумуляторной батареи,CT,2024,6.0,"2,83ч",,,,
3,13281128,2024-03-30 23:30:00,Октябрьская,"ОКТ, ТЧЭ-1",,,,Прочая неисправность вентиля системы подачи масла,CT,2024,,,,,,
3,13281516,2024-03-31 13:29:00,Октябрьская,"ОКТ, ТЧЭ-14",,,,Прочая неисправность поддерживающего кронштейна расцепного привода автосцепки локомотива,CT,2024,,,,,,
3,13281701,2024-03-31 20:25:00,Октябрьская,"ОКТ, ТЧЭ-4",,,,Прочая неисправность щеточного аппарата тягового двигателя постоянного тока,CT,2024,,,,,,
2,13294812,2024-04-07 05:25:00,Октябрьская,"ОКТ, ТЧЭ-21","1шт ч(к учету 0,57ч)",,,Прочая неисправность колеса вентилятора охлаждения балластных резисторов,CT,2024,1.0,"0,57ч",,,,
3,13297196,2024-04-08 14:54:00,Октябрьская,"ОКТ, ТЧЭ-21",,,,Прочая неисправность вала ведомой шестерни масляного насоса,CT,2024,,,,,,
2,13305522,2024-04-11 21:24:00,Октябрьская,"ОКТ, ТЧЭ-12",,,"1шт ч(к учету 0,1)ч",Износ контактов кнопочного выключателя,CT,2024,,,,,1.0,"0,1ч"
3,13306087,2024-04-12 02:17:00,Октябрьская,"ОКТ, ТЧЭ-21",,,,Прочая неисправность трубопроводов системы подачи топлива,CT,2024,,,,,,
3,13306088,2024-04-12 05:01:00,Октябрьская,"ОКТ, ТЧЭ-21",,,,Прочая неисправность трубопроводов системы подачи топлива,CT,2024,,,,,,
3,13307644,2024-04-13 00:44:00,Октябрьская,"ОКТ, ТЧЭ-12",,,,Прочая неисправность корпуса топливного насоса высокого давления,CT,2024,,,,,,
3,13308810,2024-04-14 02:58:00,Октябрьская,"ОКТ, ТЧЭ-4",,,,Прочая неисправность трубопроводов системы подачи топлива,CT,2024,,,,,,
3,13310870,2024-04-15 16:47:00,Октябрьская,"ОКТ, ТЧЭ-30",,,,Окисление контакта,CT,2024,,,,,,
3,13312024,2024-04-16 11:14:00,Октябрьская,"ОКТ, ТЧЭ-21",,,,Прочая неисправность трубопроводов системы подачи топлива,CT,2024,,,,,,
2,13313019,2024-04-17 01:30:00,Октябрьская,"ОКТ, ТЧЭ-1",,"4шт ч(к учету 0,67ч)",,Оплавление силовых контакторов электропневматического контактора силовой цепи,CT,2024,,,4.0,"0,67ч",,
3,13314628,2024-04-17 15:35:00,Октябрьская,"ОКТ, ТЧЭ-1",,,,Прочая неисправность всасывающей трубки топливного бака дизеля,CT,2024,,,,,,
3,13315693,2024-04-18 09:45:00,Октябрьская,"ОКТ, ТЧЭ-21",,,,Неисправность МСУД,CT,2024,,,,,,
3,13316700,2024-04-18 20:57:00,Октябрьская,"ОКТ, ТЧЭ-4",,,,Прочая неисправность корпуса буксы локомотива,CT,2024,,,,,,
3,13324369,2024-04-23 03:00:00,Октябрьская,"ОКТ, ТЧЭ-4",,,,Прочая неисправность аккумуляторной батареи,CT,2024,,,,,,
3,13327806,2024-04-23 04:31:00,Октябрьская,"ОКТ, ТЧЭ-4",,,,Прочая неисправность всасывающей трубки топливного бака дизеля,CT,2024,,,,,,
2,13336525,2024-05-02 04:01:00,Октябрьская,"ОКТ, ТЧЭ-4",,"1шт ч(к учету 0,17ч)",,Прочая неисправность радиатора секции холодильника,CT,2024,,,1.0,"0,17ч",,
3,13338529,2024-05-03 00:03:00,Октябрьская,"ОКТ, ТЧЭ-21",,,,Прочая неисправность трубопровода системы подачи масла,CT,2024,,,,,,
2,13339175,2024-05-03 07:40:00,Октябрьская,"ОКТ, ТЧЭ-4","2шт (к учету 1) ч(к учету 0,98ч)",,,Заклинивание плунжера регулятора числа оборотов объединенного регулятора,CT,2024,1.0,"0,98ч",,,,
3,13340592,2024-05-03 15:40:00,Октябрьская,"ОКТ, ТЧЭ-18",,,,Прочая неисправность резинового чехла буксового узла локомотива,CT,2024,,,,,,
3,13341204,2024-05-04 01:35:00,Октябрьская,"ОКТ, ТЧЭ-4",,,,"Прочая неисправность провода, кабеля низковольтных цепей и цепей управления",CT,2024,,,,,,
2,13351256,2024-05-04 23:27:00,Октябрьская,"ОКТ, ТЧЭ-4","3шт ч(к учету 1,33ч)",,"2шт ч(к учету 1,02)ч",Неисправность целостности резиновых чехлов аккумуляторной батареи,CT,2024,3.0,"1,33ч",,,2.0,"1,02ч"
3,13342218,2024-05-05 04:45:00,Октябрьская,"ОКТ, ТЧЭ-12",,,,Прочая неисправность ручки крана двойной тяги,CT,2024,,,,,,
1,13343207,2024-05-05 22:52:00,Октябрьская,"ОКТ, ТЧЭ-18","2шт ч(к учету 3,27ч)",,,Неисправность блока МСУ-ТП,CT,2024,2.0,"3,27ч",,,,
2,13350797,2024-05-08 20:44:00,Октябрьская,"ОКТ, ТЧЭ-11","1шт ч(к учету 0,35ч)",,,Неисправность модуля СНС-Г,CT,2024,1.0,"0,35ч",,,,
3,13352836,2024-05-11 04:16:00,Октябрьская,"ОКТ, ТЧЭ-30",,,,Прочая неисправность пружины опоры кузова локомотива,CT,2024,,,,,,
2,13353761,2024-05-12 03:46:00,Октябрьская,"ОКТ, ТЧЭ-21","1шт ч(к учету 0,77ч)",,,Контакты,CT,2024,1.0,"0,77ч",,,,
3,13356975,2024-05-14 05:04:00,Октябрьская,"ОКТ, ТЧЭ-11",,,,Неисправность антенны,CT,2024,,,,,,
3,13359975,2024-05-15 10:44:00,Октябрьская,"ОКТ, ТЧЭ-21",,,,Низкая емкость аккумуляторной батареи,CT,2024,,,,,,
2,13367735,2024-05-20 18:44:00,Октябрьская,"ОКТ, ТЧЭ-12","1шт ч(к учету 0,98ч)",,,Износ контактов контактной системы автоматического выключателя,CT,2024,1.0,"0,98ч",,,,
2,13369880,2024-05-22 03:00:00,Октябрьская,"ОКТ, ТЧЭ-12","2шт (к учету 1) ч(к учету 0,85ч)",,,Контакты,CT,2024,1.0,"0,85ч",,,,
3,13380405,2024-05-29 17:01:00,Октябрьская,"ОКТ, ТЧЭ-11",,,,Контакты,CT,2024,,,,,,
1,13384065,2024-06-01 12:22:00,Октябрьская,"ОКТ, ТЧЭ-14","4шт ч(к учету 1,68ч)","4шт (к учету 2) ч(к учету 3,13ч)",,"Трещина, излом трубопровода системы подачи масла",CT,2024,4.0,"1,68ч",2.0,"3,13ч",,
2,13384507,2024-06-01 22:30:00,Октябрьская,"ОКТ, Т","1шт ч(к учету 0,92ч)",,,Неисправность электрооборудования локомотива,CT,2024,1.0,"0,92ч",,,,
1,13384644,2024-06-02 02:00:00,Октябрьская,"ОКТ, Т","2шт ч(к учету 3,1ч)",,,Неисправность электрооборудования локомотива,CT,2024,2.0,"3,1ч",,,,
3,13391863,2024-06-05 22:24:00,Октябрьская,"ОКТ, Т",,,,Неисправность электрооборудования локомотива,CT,2024,,,,,,
3,13395316,2024-06-07 10:42:00,Октябрьская,"ОКТ, ТЧЭ-21",,,,Прочая неисправность замка автосцепки локомотива,CT,2024,,,,,,
3,13395499,2024-06-07 11:30:00,Октябрьская,"ОКТ, ТЧЭ-12",,,,Изгиб каркаса полоза каретки токоприемника,CT,2024,,,,,,
3,13397275,2024-06-09 00:02:00,Октябрьская,"ОКТ, ТЧЭ-12",,,,Прочая неисправность главных контактов быстродействующего выключателя,CT,2024,,,,,,
2,13397984,2024-06-09 17:37:00,Октябрьская,"ОКТ, Т","1шт ч(к учету 0,7ч)",,,Неисправность электрооборудования локомотива,CT,2024,1.0,"0,7ч",,,,
3,13400165,2024-06-11 05:09:00,Октябрьская,"ОКТ, ТЧЭ-12",,,,Прочая неисправность корпуса вспомогательного компрессора,CT,2024,,,,,,
3,13401010,2024-06-11 10:34:00,Октябрьская,"ОКТ, ТЧЭ-12",,,,Прочая неисправность реверсивно-режимного вала контроллера машиниста,CT,2024,,,,,,
3,13402014,2024-06-11 20:00:00,Октябрьская,"ОКТ, ТЧЭ-14",,,,Неисправность антенны,CT,2024,,,,,,
3,13402206,2024-06-11 20:00:00,Октябрьская,"ОКТ, ТЧЭ-14",,,,Неисправность антенны,CT,2024,,,,,,
3,13401975,2024-06-11 23:00:00,Октябрьская,"ОКТ, ТЧЭ-14",,,,Неисправность антенны,CT,2024,,,,,,
2,13402316,2024-06-12 08:33:00,Октябрьская,"ОКТ, ТЧЭ-14","1шт ч(к учету 0,92ч)",,"2шт ч(к учету 0,62)ч",Прочая неисправность радиатора секции холодильника,CT,2024,1.0,"0,92ч",,,2.0,"0,62ч"
3,13402994,2024-06-13 01:46:00,Октябрьская,"ОКТ, ТЧЭ-4",,,,Неисправность электронного блока микропроцессорной системы управления локомотивом,CT,2024,,,,,,
2,13403501,2024-06-13 09:18:00,Октябрьская,"ОКТ, Т","1шт ч(к учету 0,72ч)",,,"Обрыв провода, кабеля низковольтных цепей и цепей управления",CT,2024,1.0,"0,72ч",,,,
3,13404440,2024-06-13 15:11:00,Октябрьская,"ОКТ, ТЧЭ-12",,,,Прочая неисправность кулачкового вала контроллера машиниста,CT,2024,,,,,,
2,13405381,2024-06-14 07:16:00,Октябрьская,"ОКТ, ТЧЭ-14","1шт ч(к учету 0,5ч)",,,Неисправность антенны,CT,2024,1.0,"0,5ч",,,,
3,13407023,2024-06-15 14:00:00,Октябрьская,"ОКТ, ТЧЭ-14",,,,Неисправность антенны,CT,2024,,,,,,
3,13408929,2024-06-17 08:00:00,Октябрьская,"ОКТ, ТЧЭ-14",,,,Неисправность антенны,CT,2024,,,,,,
2,13409263,2024-06-17 15:26:00,Октябрьская,"ОКТ, ТЧЭ-14","2шт ч(к учету 1,68ч)",,"4шт ч(к учету 1,22)ч",Коррозия корпуса топливного насоса высокого давления,CT,2024,2.0,"1,68ч",,,4.0,"1,22ч"
3,13409529,2024-06-17 23:15:00,Октябрьская,"ОКТ, ТЧЭ-12",,,,Прочая неисправность кулачкового вала контроллера машиниста,CT,2024,,,,,,
3,13410430,2024-06-18 10:40:00,Октябрьская,"ОКТ, ТЧЭ-14",,,,Неисправность антенны,CT,2024,,,,,,
3,13410934,2024-06-18 20:00:00,Октябрьская,"ОКТ, ТЧЭ-14",,,,Неисправность антенны,CT,2024,,,,,,
3,13412456,2024-06-19 00:10:00,Октябрьская,"ОКТ, Т",,,,Нарушение регулировки подачи песка,CT,2024,,,,,,
3,13411511,2024-06-19 08:00:00,Октябрьская,"ОКТ, ТЧЭ-14",,,,Плата формирователя,CT,2024,,,,,,
3,13412115,2024-06-19 14:20:00,Октябрьская,"ОКТ, ТЧЭ-14",,,,Неисправность антенны,CT,2024,,,,,,
3,13414932,2024-06-21 20:00:00,Октябрьская,"ОКТ, ТЧЭ-14",,,,Неисправность антенны,CT,2024,,,,,,
3,13417225,2024-06-24 07:20:00,Октябрьская,"ОКТ, ТЧЭ-12",,,,Прочая неисправность рукоятки клапана песочницы,CT,2024,,,,,,
3,13417956,2024-06-24 08:30:00,Октябрьская,"ОКТ, ТЧЭ-14",,,,Неисправность антенны,CT,2024,,,,,,
3,13417935,2024-06-24 12:43:00,Октябрьская,"ОКТ, ТЧЭ-12",,,,Прочая неисправность пружины клапана песочницы,CT,2024,,,,,,
3,13425026,2024-06-29 16:55:00,Октябрьская,"ОКТ, ТЧЭ-21",,,,Неисправность предохранителя,CT,2024,,,,,,
3,13425701,2024-06-30 11:42:00,Октябрьская,"ОКТ, Т",,,,Сгорание реле катушки реле электрического торможения,CT,2024,,,,,,
2,13427145,2024-07-01 15:52:00,Октябрьская,"ОКТ, ТЧЭ-1",,,"1шт ч(к учету 0,1)ч",Прочая неисправность пружины тумблера,CT,2024,,,,,1.0,"0,1ч"
3,13427336,2024-07-01 17:07:00,Октябрьская,"ОКТ, ТЧЭ-12",,,,Разрегулировка пневматического привода токоприемника,CT,2024,,,,,,
1,13427585,2024-07-02 00:07:00,Октябрьская,"ОКТ, ТЧЭ-26","3шт ч(к учету 5,65ч)",,,Оплавление силовых контактов электромагнитного контактора силовой цепи,CT,2024,3.0,"5,65ч",,,,
1,13427597,2024-07-02 00:42:00,Октябрьская,"ОКТ, ТЧЭ-12","16шт ч(к учету 19,32ч)",,,"Прочая неисправность провода, кабеля низковольтных цепей и цепей управления",CT,2024,16.0,"19,32ч",,,,
1,13429247,2024-07-02 17:02:00,Октябрьская,"ОКТ, ТЧЭ-12","6шт ч(к учету 9,97ч)",,,"Прочая неисправность провода, кабеля низковольтных цепей и цепей управления",CT,2024,6.0,"9,97ч",,,,
1,13433837,2024-07-04 15:07:00,Октябрьская,"ОКТ, ТЧЭ-12","11шт ч(к учету 16,6ч)",,,Прочая неисправность корпуса крана машиниста,CT,2024,11.0,"16,6ч",,,,
3,13434037,2024-07-04 15:25:00,Октябрьская,"ОКТ, ТЧЭ-4",,,,Прочая неисправность трубопровода системы подачи масла,CT,2024,,,,,,
2,13434156,2024-07-04 19:06:00,Октябрьская,"ОКТ, ТЧЭ-30",,"2шт (к учету 1) ч(к учету 0,32ч)",,Прочая неисправность подвески тормозной рычажной передачи локомотива,CT,2024,,,1.0,"0,32ч",,
1,13434190,2024-07-04 19:11:00,Октябрьская,"ОКТ, ТЧЭ-12","1шт ч(к учету 1,15ч)",,,Нарушение регулировки подачи песка,CT,2024,1.0,"1,15ч",,,,
3,13434172,2024-07-04 19:46:00,Октябрьская,"ОКТ, ТЧЭ-1",,,,Прочая неисправность корпуса буксы локомотива,CT,2024,,,,,,
1,13434537,2024-07-05 02:40:00,Октябрьская,"ОКТ, ТЧЭ-4","2шт ч(к учету 3,6ч)",,,Прочая неисправность аккумуляторной батареи,CT,2024,2.0,"3,6ч",,,,
2,13438480,2024-07-08 00:03:00,Октябрьская,"ОКТ, ТЧЭ-1","1шт ч(к учету 0,8ч)",,,Прочая неисправность корпуса автосцепки локомотива,CT,2024,1.0,"0,8ч",,,,
3,13442479,2024-07-10 00:10:00,Октябрьская,"ОКТ, ТЧЭ-4",,,,Неисправность электронных элементов электронного узла,CT,2024,,,,,,
2,13442624,2024-07-10 02:11:00,Октябрьская,"ОКТ, ТЧЭ-5","1шт ч(к учету 0,67ч)",,,"Прочая неисправность плавкой вставки предохранителя, панели предохранителей",CT,2024,1.0,"0,67ч",,,,
3,13444484,2024-07-10 12:43:00,Октябрьская,"ОКТ, ТЧЭ-4",,,,Неисправность блока МСУ-ТП,CT,2024,,,,,,
3,13444050,2024-07-10 13:20:00,Октябрьская,"ОКТ, ТЧЭ-21",,,,Оплавление гибкого кабеля электропневматического контактора силовой цепи,CT,2024,,,,,,
3,13444481,2024-07-10 13:20:00,Октябрьская,"ОКТ, ТЧЭ-21",,,,"Трещина, излом трубопровода системы подачи топлива",CT,2024,,,,,,
3,13444433,2024-07-10 14:55:00,Октябрьская,"ОКТ, ТЧЭ-21",,,,Прочая неисправность редуктора крана машиниста,CT,2024,,,,,,
3,13447428,2024-07-12 05:00:00,Октябрьская,"ОКТ, ТЧЭ-12",,,,Трещина каркаса полоза каретки токоприемника,CT,2024,,,,,,
2,13448968,2024-07-13 06:21:00,Октябрьская,"ОКТ, ТЧЭ-18","2шт ч(к учету 0,68ч)",,,Прочая неисправность плунжера топливного насоса высокого давления,CT,2024,2.0,"0,68ч",,,,
3,13450317,2024-07-14 18:10:00,Октябрьская,"ОКТ, ТЧЭ-4",,,,Прочая неисправность трубопровода системы циркуляции воды,CT,2024,,,,,,
3,13450613,2024-07-15 01:03:00,Октябрьская,"ОКТ, ТЧЭ-4",,,,Прочая неисправность редуктора крана машиниста,CT,2024,,,,,,
3,13452538,2024-07-16 10:29:00,Октябрьская,"ОКТ, ТЧЭ-12",,,,Нарушение регулировки подачи песка,CT,2024,,,,,,
3,13452724,2024-07-16 10:30:00,Октябрьская,"ОКТ, ТЧЭ-1",,,,Прочая неисправность воздухопровода тормозной магистрали,CT,2024,,,,,,
3,13455016,2024-07-18 01:50:00,Октябрьская,"ОКТ, ТЧЭ-12",,,,Прочая неисправность замка автосцепки локомотива,CT,2024,,,,,,
3,13455969,2024-07-18 19:07:00,Октябрьская,"ОКТ, ТЧЭ-26",,,,Прочая неисправность корпуса буксы локомотива,CT,2024,,,,,,
2,13457575,2024-07-20 09:07:00,Октябрьская,"ОКТ, ТЧЭ-1",,"1шт ч(к учету 0,13ч)",,Прочая неисправность воздухопровода тормозной магистрали,CT,2024,,,1.0,"0,13ч",,
3,13457948,2024-07-20 15:33:00,Октябрьская,"ОКТ, ТЧЭ-4",,,,Прочая неисправность сильфона топливоподкачивающего насоса,CT,2024,,,,,,
3,13458386,2024-07-21 06:03:00,Октябрьская,"ОКТ, ТЧЭ-26",,,,Прочая неисправность корпуса буксы локомотива,CT,2024,,,,,,
3,13460019,2024-07-22 09:09:00,Октябрьская,"ОКТ, ТЧЭ-26",,,,Неисправность рейки зубчатой гидропривода вентилятора холодильника,CT,2024,,,,,,
3,13460299,2024-07-22 20:01:00,Октябрьская,"ОКТ, ТЧЭ-4",,,,Прочая неисправность корпуса буксы локомотива,CT,2024,,,,,,
1,13460822,2024-07-23 08:42:00,Октябрьская,"ОКТ, ТЧЭ-30","1шт ч(к учету 1,12ч)",,,Износ контактов контактной системы автоматического выключателя,CT,2024,1.0,"1,12ч",,,,
3,13464417,2024-07-25 15:20:00,Октябрьская,"ОКТ, ТЧЭ-21",,,,Прочая неисправность корпуса автосцепки локомотива,CT,2024,,,,,,
2,13466653,2024-07-27 17:37:00,Октябрьская,"ОКТ, ТЧЭ-21","1шт ч(к учету 0,75ч)",,,Потеря жесткости включающей пружины быстродействующего выключателя,CT,2024,1.0,"0,75ч",,,,
3,13469329,2024-07-30 04:12:00,Октябрьская,"ОКТ, ТЧЭ-1",,,,Нагар силовых контактов быстродействующего контактора,CT,2024,,,,,,
1,13471672,2024-08-01 00:10:00,Октябрьская,"ОКТ, ТЧЭ-26","1шт ч(к учету 1,28ч)",,,Неисправность электронного блока системы управления тягой,CT,2024,1.0,"1,28ч",,,,
2,13471974,2024-08-01 08:20:00,Октябрьская,"ОКТ, ТЧЭ-11","1шт ч(к учету 0,67ч)",,,Прочая неисправность диода выпрямительной установки,CT,2024,1.0,"0,67ч",,,,
3,13472435,2024-08-01 10:35:00,Октябрьская,"ОКТ, ТЧЭ-12",,,,Прочая неисправность рукоятки клапана песочницы,CT,2024,,,,,,
2,13472557,2024-08-01 13:58:00,Октябрьская,"ОКТ, ТЧЭ-26","2шт (к учету 1) ч(к учету 1,25ч)",,,Прочая неисправность выводной коробки генератора постоянного тока,CT,2024,1.0,"1,25ч",,,,
3,13474507,2024-08-02 21:20:00,Октябрьская,"ОКТ, ТЧЭ-18",,,,"Трещина, излом трубопровода системы подачи масла",CT,2024,,,,,,
3,13475927,2024-08-04 14:50:00,Октябрьская,"ОКТ, ТЧЭ-21","1шт ч(к учету 0,18ч)",,,Неисправность перехода,CT,2024,1.0,"0,18ч",,,,
3,13476229,2024-08-04 23:38:00,Октябрьская,"ОКТ, ТЧЭ-14",,,,Износ напаек контактного мостика кнопки,CT,2024,,,,,,
3,13477793,2024-08-05 16:50:00,Октябрьская,"ОКТ, ТЧЭ-18",,,,"Сгорание плавкой вставки предохранителя, панели предохранителей",CT,2024,,,,,,
2,13481167,2024-08-07 10:20:00,Октябрьская,"ОКТ, ТЧЭ-12","3шт ч(к учету 1,45ч)",,,Прочая неисправность корпуса крана машиниста,CT,2024,3.0,"1,45ч",,,,
3,13484856,2024-08-08 01:55:00,Октябрьская,"ОКТ, Т",,,,"Прочая неисправность провода, кабеля низковольтных цепей и цепей управления",CT,2024,,,,,,
2,13486868,2024-08-10 03:07:00,Октябрьская,"ОКТ, ТЧЭ-12",,"5шт (к учету 3) ч(к учету 0,87ч)",,Прочая неисправность предохранительного клапана топливной системы,CT,2024,,,3.0,"0,87ч",,
3,13487117,2024-08-10 11:40:00,Октябрьская,"ОКТ, ТЧЭ-12",,,,Неисправность регулятора мощности объединенного регулятора,CT,2024,,,,,,
3,13492668,2024-08-12 01:46:00,Октябрьская,"ОКТ, ТЧЭ-21",,,,Неисправность блока СПН ЭПТ,CT,2024,,,,,,
3,13490006,2024-08-12 21:28:00,Октябрьская,"ОКТ, ТЧЭ-21",,,,Ошибка программного обеспечения,CT,2024,,,,,,
2,13490027,2024-08-12 21:40:00,Октябрьская,"ОКТ, ТЧЭ-1",,"1шт ч(к учету 0,48ч)",,Износ уплотнительных колец пневматического привода быстродействующего выключателя,CT,2024,,,1.0,"0,48ч",,
3,13495280,2024-08-16 02:25:00,Октябрьская,"ОКТ, ТЧЭ-5",,,,Прочая неисправность рычага тормозной рычажной передачи локомотива,CT,2024,,,,,,
3,13495335,2024-08-16 05:16:00,Октябрьская,"ОКТ, ТЧЭ-11",,,,Неисправность микротелефона,CT,2024,,,,,,
2,13496681,2024-08-17 10:06:00,Октябрьская,"ОКТ, ТЧЭ-12","4шт ч(к учету 1,57ч)",,"2шт ч(к учету 0,37)ч",Неисправность антенны,CT,2024,4.0,"1,57ч",,,2.0,"0,37ч"
3,13496792,2024-08-17 12:43:00,Октябрьская,"ОКТ, ТЧЭ-12",,,,Прочая неисправность рукоятки клапана песочницы,CT,2024,,,,,,
3,13497508,2024-08-18 08:49:00,Октябрьская,"ОКТ, ТЧЭ-12",,,,Неисправность антенны,CT,2024,,,,,,
2,13499306,2024-08-20 00:10:00,Октябрьская,"ОКТ, ТЧЭ-12","1шт ч(к учету 0,25ч)",,,Неисправность антенны,CT,2024,1.0,"0,25ч",,,,
2,13501695,2024-08-21 11:10:00,Октябрьская,"ОКТ, ТЧЭ-14","1шт ч(к учету 0,45ч)",,,Неисправность системы обеспечения безопасности движения МПСУ-БД,CT,2024,1.0,"0,45ч",,,,
3,13501833,2024-08-21 15:30:00,Октябрьская,"ОКТ, ТЧЭ-21",,,,Неисправность транзистора,CT,2024,,,,,,
3,13502809,2024-08-22 12:16:00,Октябрьская,"ОКТ, ТЧЭ-21",,,,Неисправность перехода,CT,2024,,,,,,
2,13503594,2024-08-22 22:00:00,Октябрьская,"ОКТ, ТЧЭ-18","2шт ч(к учету 1,55ч)",,,Загрязнение фильтра грубой очистки топливной системы дизеля,CT,2024,2.0,"1,55ч",,,,
3,13503490,2024-08-23 01:21:00,Октябрьская,"ОКТ, ТЧЭ-1",,,,Прочая неисправность ведущего вала топливоподкачивающего насоса,CT,2024,,,,,,
2,13504730,2024-08-24 06:10:00,Октябрьская,"ОКТ, ТЧЭ-12",,,"2шт ч(к учету 0,6)ч","Неисправность манжеты, пружины, штока и т.д.",CT,2024,,,,,2.0,"0,6ч"
3,13506019,2024-08-25 17:40:00,Октябрьская,"ОКТ, ТЧЭ-26",,,,Прочая неисправность корпуса автосцепки локомотива,CT,2024,,,,,,
3,13507489,2024-08-27 01:40:00,Октябрьская,"ОКТ, ТЧЭ-14",,,,Загрязнение фильтра грубой очистки масла,CT,2024,,,,,,
3,13510064,2024-08-29 03:01:00,Октябрьская,"ОКТ, ТЧЭ-12",,,,Прочая неисправность диафрагмы регулятора давления,CT,2024,,,,,,
3,13510389,2024-08-29 08:33:00,Октябрьская,"ОКТ, ТЧЭ-18",,,,Прочая неисправность магистральной части воздухораспределителя,CT,2024,,,,,,
3,13510961,2024-08-29 15:30:00,Октябрьская,"ОКТ, ТЧЭ-12",,,,Пониженное сопротивление изоляции коллектора тягового двигателя постоянного тока,CT,2024,,,,,,
2,13512427,2024-08-31 03:16:00,Октябрьская,"ОКТ, ТЧЭ-1",,"1шт ч(к учету 0,12ч)",,Неисправность индикатора единичного,CT,2024,,,1.0,"0,12ч",,
3,13513035,2024-09-01 01:11:00,Октябрьская,"ОКТ, ТЧЭ-14",,,,Нагар силовых контактов электромагнитного контактора силовой цепи,CT,2024,,,,,,
2,13514407,2024-09-01 04:00:00,Октябрьская,"ОКТ, ТЧЭ-4","2шт (к учету 1) ч(к учету 0,6ч)",,,"Прочая неисправность плавкой вставки предохранителя, панели предохранителей",CT,2024,1.0,"0,6ч",,,,
3,13513117,2024-09-01 06:24:00,Октябрьская,"ОКТ, ТЧЭ-11",,,,Прочая неисправность корпуса быстродействующего выключателя,CT,2024,,,,,,
1,13561355,2024-09-01 08:00:00,Октябрьская,"ОКТ, ТЧЭ-26","7шт ч(к учету 5,45ч)",,,Прочая неисправность колеса вентилятора охлаждения балластных резисторов,CT,2024,7.0,"5,45ч",,,,
2,13513287,2024-09-01 10:25:00,Октябрьская,"ОКТ, Т","5шт ч(к учету 2,72ч)",,,Загрязнение фильтра грубой очистки масла,CT,2024,5.0,"2,72ч",,,,
3,13514029,2024-09-01 19:30:00,Октябрьская,"ОКТ, ТЧЭ-11",,,,Прочая неисправность трубопровода системы подачи масла,CT,2024,,,,,,
3,13513603,2024-09-01 23:05:00,Октябрьская,"ОКТ, ТЧЭ-14",,,,Неисправность антенны,CT,2024,,,,,,
3,13513638,2024-09-02 00:18:00,Октябрьская,"ОКТ, ТЧЭ-12",,,,Прочая неисправность диафрагмы сигнализатора обрыва тормозной магистрали с датчиком,CT,2024,,,,,,
3,13516417,2024-09-03 13:07:00,Октябрьская,"ОКТ, ТЧЭ-26",,,,Разрушение моторно-якорного подшипника тягового генератора постоянного  тока,CT,2024,,,,,,
3,13517160,2024-09-03 13:47:00,Октябрьская,"ОКТ, ТЧЭ-14",,,,Нарушение в подготовке груза к перевозке,CT,2024,,,,,,
2,13517014,2024-09-03 16:25:00,Октябрьская,"ОКТ, ТЧЭ-12","3шт (к учету 2) ч(к учету 1,38ч)",,,Низкое омическое сопротивление включающей катушки электромагнитного контактора силовой цепи,CT,2024,2.0,"1,38ч",,,,
3,13517388,2024-09-03 23:09:00,Октябрьская,"ОКТ, ТЧЭ-22",,,,Пробой изоляции обмотки на корпус якоря тягового двигателя постоянного тока,CT,2024,,,,,,
3,13517347,2024-09-04 00:21:00,Октябрьская,"ОКТ, ТЧЭ-30",,,,Прочая неисправность подшипника качения топливоподкачивающего насоса,CT,2024,,,,,,
3,13519843,2024-09-04 23:44:00,Октябрьская,"ОКТ, ТЧЭ-4",,,,Неисправность блока МСУ-ТП,CT,2024,,,,,,
2,13519914,2024-09-05 02:46:00,Октябрьская,"ОКТ, ТЧЭ-1",,"2шт ч(к учету 0,65ч)","1шт ч(к учету 0,22)ч",Неисправность приборов управления тормозами,CT,2024,,,2.0,"0,65ч",1.0,"0,22ч"
3,13520652,2024-09-05 07:44:00,Октябрьская,"ОКТ, ТЧЭ-11",,,,Изогнутость штока пневматического привода быстродействующего выключателя,CT,2024,,,,,,
3,13520650,2024-09-05 08:36:00,Октябрьская,"ОКТ, ТЧЭ-21",,,,Прочая неисправность пружины токоприемника,CT,2024,,,,,,
2,13521746,2024-09-05 14:08:00,Октябрьская,"ОКТ, ТЧЭ-14","3шт ч(к учету 1,8ч)",,,"Низкое сопротивление изоляции проводов, кабелей силовых цепей",CT,2024,3.0,"1,8ч",,,,
2,13522061,2024-09-05 18:47:00,Октябрьская,"ОКТ, ТЧЭ-28","3шт ч(к учету 1,52ч)",,,Прочая неисправность пневматического привода токоприемника,CT,2024,3.0,"1,52ч",,,,
2,13522279,2024-09-06 01:40:00,Октябрьская,"ОКТ, ТЧЭ-31","1шт ч(к учету 0,7ч)",,,Неисправность соединительного рукава грузового вагона,CT,2024,1.0,"0,7ч",,,,
2,13524097,2024-09-06 18:28:00,Октябрьская,"ОКТ, ТЧЭ-14",,,"1шт ч(к учету 0,15)ч",Неисправность антенны,CT,2024,,,,,1.0,"0,15ч"
3,13524446,2024-09-07 00:15:00,Октябрьская,"ОКТ, ТЧЭ-12",,,,Прочая неисправность корпуса воздухораспределителя,CT,2024,,,,,,
3,13524835,2024-09-07 14:15:00,Октябрьская,"ОКТ, ТЧЭ-28",,,,Низкая емкость аккумуляторной батареи,CT,2024,,,,,,
3,13525022,2024-09-07 17:07:00,Октябрьская,"ОКТ, ТЧЭ-31",,,,Прочая неисправность диода выпрямительной установки,CT,2024,,,,,,
3,13525124,2024-09-07 21:29:00,Октябрьская,"ОКТ, ТЧЭ-26",,,,Прочая неисправность блока цилиндров дизеля,CT,2024,,,,,,
2,13525246,2024-09-07 22:37:00,Октябрьская,"ОКТ, ТЧЭ-26","3шт (к учету 2) ч(к учету 1,67ч)",,,Износ шлицов шлицевого вала гидропривода вентилятора холодильника,CT,2024,2.0,"1,67ч",,,,
3,13527828,2024-09-09 11:41:00,Октябрьская,"ОКТ, ТЧЭ-12",,,,Прочая неисправность крышки пневматической блокировки,CT,2024,,,,,,
3,13529364,2024-09-10 11:53:00,Октябрьская,"ОКТ, ТЧЭ-12",,,,"Трещина, излом трубопровода системы циркуляции воды",CT,2024,,,,,,
3,13534903,2024-09-12 15:15:00,Октябрьская,"ОКТ, ТЧЭ-4",,,,Прочая неисправность валика тормозной рычажной передачи локомотива,CT,2024,,,,,,
3,13549404,2024-09-19 17:31:00,Октябрьская,"ОКТ, ТЧЭ-11",,,,Прочая неисправность лобового стекла корпуса кузова локомотива,CT,2024,,,,,,
2,13549837,2024-09-24 05:28:00,Октябрьская,"ОКТ, ТЧЭ-1",,"4шт (к учету 3) ч(к учету 0,63ч)","3шт ч(к учету 0,67)ч",Прочая неисправность масляного насоса поездного компрессора,CT,2024,,,3.0,"0,63ч",3.0,"0,67ч"
3,13551378,2024-09-25 05:40:00,Октябрьская,"ОКТ, ТЧЭ-12",,,,Окисление контактных элементов аккумуляторной батареи,CT,2024,,,,,,
2,13564464,2024-09-27 20:00:00,Октябрьская,"ОКТ, ТЧЭ-26","2шт ч(к учету 1,07ч)",,,Ослабление крепления торцевой гайки колеса вентилятора охлаждения балластных резисторов,CT,2024,2.0,"1,07ч",,,,
3,13555894,2024-09-28 08:20:00,Октябрьская,"ОКТ, ТЧЭ-12",,,,Прочая неисправность корпуса поездного компрессора,CT,2024,,,,,,
3,13562281,2024-09-30 10:00:00,Октябрьская,"ОКТ, ТЧЭ-26",,,,Ослабление крепления торцевой гайки колеса вентилятора охлаждения балластных резисторов,CT,2024,,,,,,
3,13558748,2024-10-01 03:15:00,Октябрьская,"ОКТ, ТЧЭ-18",,,,Прочая неисправность корпуса автосцепки локомотива,CT,2024,,,,,,
3,13561331,2024-10-02 08:39:00,Октябрьская,"ОКТ, ТЧЭ-18",,,,Прочая неисправность трубопровода системы подачи масла,CT,2024,,,,,,
3,13563560,2024-10-03 11:45:00,Октябрьская,"ОКТ, ТЧЭ-21",,,,Прочая неисправность тормозной колодки тормозной рычажной передачи локомотива,CT,2024,,,,,,
3,13565116,2024-10-04 05:00:00,Октябрьская,"ОКТ, ТЧЭ-12",,,,Подгар низковольтных блокировочных контактов электромагнитного контактора вспомогательных цепей и цепей управления,CT,2024,,,,,,
3,13567898,2024-10-06 06:10:00,Октябрьская,"ОКТ, ТЧЭ-12",,,,Излом рамы токоприемника,CT,2024,,,,,,
2,13568404,2024-10-06 21:25:00,Октябрьская,"ОКТ, ТЧЭ-18",,,"1шт ч(к учету 0,1)ч",Износ уплотнений трубопровода системы циркуляции воды,CT,2024,,,,,1.0,"0,1ч"
3,13580091,2024-10-12 14:13:00,Октябрьская,"ОКТ, ТЧЭ-12",,,,"Прочая неисправность провода, кабеля низковольтных цепей и цепей управления",CT,2024,,,,,,
3,13580425,2024-10-13 17:43:00,Октябрьская,"ОКТ, ТЧЭ-26",,,,Прочая неисправность синхронизирующей тяги токоприемника,CT,2024,,,,,,
3,13581521,2024-10-14 11:39:00,Октябрьская,"ОКТ, ТЧЭ-4",,,,Прочая неисправность щеточного аппарата тягового двигателя постоянного тока,CT,2024,,,,,,
3,13582306,2024-10-15 02:32:00,Октябрьская,"ОКТ, ТЧЭ-4",,,,Прочая неисправность статора тягового генератора переменного тока,CT,2024,,,,,,
3,13582559,2024-10-15 06:01:00,Октябрьская,"ОКТ, ТЧЭ-26",,,,Прочая неисправность трубопровода системы циркуляции воды,CT,2024,,,,,,
3,13612513,2024-10-15 07:00:00,Октябрьская,"ОКТ, ТЧЭ-26",,,,Прочая неисправность предохранителя автосцепки локомотива,CT,2024,,,,,,
3,13583865,2024-10-15 20:14:00,Октябрьская,"ОКТ, ТЧЭ-26",,,,Прочая неисправность корпуса буксы локомотива,CT,2024,,,,,,
3,13601734,2024-10-16 00:15:00,Октябрьская,"ОКТ, ТЧЭ-26",,,,Прочая неисправность клапана концевого крана,CT,2024,,,,,,
3,13611811,2024-10-16 03:01:00,Октябрьская,"ОКТ, ТЧЭ-26",,,,Износ контактов контактной системы автоматического выключателя,CT,2024,,,,,,
3,13586778,2024-10-17 22:36:00,Октябрьская,"ОКТ, ТЧЭ-12",,,,Неисправность антенны,CT,2024,,,,,,
3,13595021,2024-10-18 08:53:00,Октябрьская,"ОКТ, ТЧЭ-26",,,,Прочая неисправность колеса главного вентилятора охлаждения дизеля,CT,2024,,,,,,
3,13589886,2024-10-20 22:30:00,Октябрьская,"ОКТ, ТЧЭ-12",,,,"Прочая неисправность провода, кабеля низковольтных цепей и цепей управления",CT,2024,,,,,,
3,13593016,2024-10-23 09:12:00,Октябрьская,"ОКТ, ТЧЭ-21",,,,"Прочая неисправность провода, кабеля низковольтных цепей и цепей управления",CT,2024,,,,,,
3,13595859,2024-10-25 21:00:00,Октябрьская,"ОКТ, ТЧЭ-26",,,,Прочая неисправность колеса вентилятора охлаждения тягового трансформатора,CT,2024,,,,,,
3,13597049,2024-10-27 19:38:00,Октябрьская,"ОКТ, ТЧЭ-21",,,,Неисправность резистора,CT,2024,,,,,,
3,13612183,2024-10-28 23:30:00,Октябрьская,"ОКТ, ТЧЭ-26",,,,Механическое заедание лабиринтных жалюзи,CT,2024,,,,,,
3,13603118,2024-11-02 01:31:00,Октябрьская,"ОКТ, ТЧЭ-25",,,,Подгар низковольтных блокировочных контактов электромагнитного контактора вспомогательных цепей и цепей управления,CT,2024,,,,,,
3,13653771,2024-11-02 07:50:00,Октябрьская,"ОКТ, ТЧЭ-30","1шт ч(к учету 0,02ч)",,,"Прочая неисправность провода, кабеля низковольтных цепей и цепей управления",CT,2024,1.0,"0,02ч",,,,
3,13603888,2024-11-02 15:00:00,Октябрьская,"ОКТ, ТЧЭ-25",,,,Прочая неисправность щеточного аппарата возбудителя синхронного,CT,2024,,,,,,
3,13609565,2024-11-06 21:15:00,Октябрьская,"ОКТ, ТЧЭ-21",,,,Неисправность целостности резиновых чехлов аккумуляторной батареи,CT,2024,,,,,,
3,13612166,2024-11-08 03:49:00,Октябрьская,"ОКТ, ТЧЭ-21",,,,Прочая неисправность бокового стекла корпуса кузова локомотива,CT,2024,,,,,,
3,13621239,2024-11-09 23:48:00,Октябрьская,"ОКТ, ТЧЭ-21",,,,Прочая неисправность хомута соединительного рукава,CT,2024,,,,,,
3,13621583,2024-11-12 19:00:00,Октябрьская,"ОКТ, ТЧЭ-25",,,,"Пробой изоляции провода, кабеля низковольтных цепей и цепей управления на корпус",CT,2024,,,,,,
3,13621588,2024-11-12 22:00:00,Октябрьская,"ОКТ, ТЧЭ-25",,,,"Пробой изоляции провода, кабеля низковольтных цепей и цепей управления на корпус",CT,2024,,,,,,
3,13623001,2024-11-16 01:43:00,Октябрьская,"ОКТ, ТЧЭ-14",,,,Прочая неисправность рычага тормозной рычажной передачи локомотива,CT,2024,,,,,,
3,13623752,2024-11-17 08:05:00,Октябрьская,"ОКТ, ТЧЭ-12",,,,Прочая неисправность рукоятки клапана песочницы,CT,2024,,,,,,
3,13625333,2024-11-19 01:31:00,Октябрьская,"ОКТ, ТЧЭ-30",,,,"Ослабление, излом пружины контактной системы автоматического выключателя",CT,2024,,,,,,
2,13629004,2024-11-22 06:38:00,Октябрьская,"ОКТ, ТЧЭ-1",,"3шт (к учету 1) ч(к учету 0,82ч)",,Прочая неисправность реверсивно-режимного вала контроллера машиниста,CT,2024,,,1.0,"0,82ч",,
2,13632380,2024-11-25 00:04:00,Октябрьская,"ОКТ, ТЧЭ-14","8шт ч(к учету 3,33ч)",,,Износ напаек контактного мостика кнопки,CT,2024,8.0,"3,33ч",,,,
3,13637252,2024-11-30 18:20:00,Октябрьская,"ОКТ, ТЧЭ-32",,,,Прочая неисправность трубопровода системы подачи масла,CT,2024,,,,,,
2,13637339,2024-11-30 22:49:00,Октябрьская,"ОКТ, ТЧЭ-22","1шт ч(к учету 0,2ч)","2шт ч(к учету 0,47ч)","1шт ч(к учету 0,3)ч",Возвратная пружина,CT,2024,1.0,"0,2ч",2.0,"0,47ч",1.0,"0,3ч"
3,13639298,2024-12-03 00:57:00,Октябрьская,"ОКТ, ТЧЭ-32",,,,Излом включающей пружины силовых контактов электромагнитного контактора силовой цепи,CT,2024,,,,,,
3,13641001,2024-12-03 20:28:00,Октябрьская,"ОКТ, ТЧЭ-28",,,,"Механическое повреждение приемной катушки, клеммной коробки, подводящего рукава, элементов подвески",CT,2024,,,,,,
1,13641071,2024-12-03 23:15:00,Октябрьская,"ОКТ, ТЧЭ-12","4шт (к учету 3) ч(к учету 1,33ч)",,"1шт ч(к учету 1,58)ч",Прочая неисправность корпуса крана машиниста,CT,2024,3.0,"1,33ч",,,1.0,"1,58ч"
3,13643228,2024-12-05 03:56:00,Октябрьская,"ОКТ, ТЧЭ-11",,,,Излом рамы токоприемника,CT,2024,,,,,,
3,13645206,2024-12-06 05:49:00,Октябрьская,"ОКТ, ТЧЭ-12",,,,Прочая неисправность корпуса воздухораспределителя,CT,2024,,,,,,
3,13647137,2024-12-08 02:45:00,Октябрьская,"ОКТ, ТЧЭ-12",,,,Неисправность кнопки,CT,2024,,,,,,
3,13647583,2024-12-08 20:44:00,Октябрьская,"ОКТ, ТЧЭ-12",,,,Неисправность кнопки,CT,2024,,,,,,
1,13647747,2024-12-09 01:53:00,Октябрьская,"ОКТ, ТЧЭ-22","8шт ч(к учету 10,72ч)",,,Неисправность преобразователя собственных нужд,CT,2024,8.0,"10,72ч",,,,
2,13648833,2024-12-09 15:05:00,Октябрьская,"ОКТ, ТЧЭ-12","1шт ч(к учету 0,3ч)",,"1шт ч(к учету 0,22)ч",Оплавление главных контактов быстродействующего выключателя,CT,2024,1.0,"0,3ч",,,1.0,"0,22ч"
1,13651162,2024-12-11 07:07:00,Октябрьская,"ОКТ, ТЧЭ-11","4шт (к учету 3) ч(к учету 4,28ч)","1шт ч(к учету 0,1ч)","1шт ч(к учету 0,18)ч",Прочая неисправность диафрагмы сигнализатора обрыва тормозной магистрали с датчиком,CT,2024,3.0,"4,28ч",1.0,"0,1ч",1.0,"0,18ч"
3,13651706,2024-12-11 11:03:00,Октябрьская,"ОКТ, ТЧЭ-12",,,,Прочая неисправность фильтра грубой очистки масла,CT,2024,,,,,,
3,13652630,2024-12-11 21:33:00,Октябрьская,"ОКТ, ТЧЭ-21",,,,Прочая неисправность каретки токоприемника,CT,2024,,,,,,
3,13653435,2024-12-12 10:32:00,Октябрьская,"ОКТ, ТЧЭ-11",,,,Неисправность антенны,CT,2024,,,,,,
1,13653470,2024-12-12 11:16:00,Октябрьская,"ОКТ, ТЧЭ-18","2шт ч(к учету 7,47ч)",,,Прочая неисправность центробежного чувствительного элемента объединенного регулятора,CT,2024,2.0,"7,47ч",,,,
3,13654182,2024-12-12 16:12:00,Октябрьская,"ОКТ, ТЧЭ-12",,,,Неисправность динамика,CT,2024,,,,,,
3,13657241,2024-12-16 01:03:00,Октябрьская,"ОКТ, ТЧЭ-28",,,,Нарушение регулировки подачи песка,CT,2024,,,,,,
3,13657369,2024-12-16 02:07:00,Октябрьская,"ОКТ, ТЧЭ-12",,,,Прочая неисправность каретки токоприемника,CT,2024,,,,,,
3,13657547,2024-12-16 08:21:00,Октябрьская,"ОКТ, ТЧЭ-25",,,,Нарушение регулировки подачи песка,CT,2024,,,,,,
2,13657490,2024-12-16 09:00:00,Октябрьская,"ОКТ, ТЧЭ-18","1шт ч(к учету 0,38ч)","1шт ч(к учету 0,48ч)",,Прочая неисправность диода выпрямительной установки,CT,2024,1.0,"0,38ч",1.0,"0,48ч",,
3,13657905,2024-12-16 17:18:00,Октябрьская,"ОКТ, ТЧЭ-28",,,,Прочая неисправность трубопроводов системы подачи топлива,CT,2024,,,,,,
3,13659140,2024-12-17 16:42:00,Октябрьская,"ОКТ, ТЧЭ-1",,,,Износ резьбы корпуса тройника,CT,2024,,,,,,
3,13659972,2024-12-18 10:58:00,Октябрьская,"ОКТ, ТЧЭ-12",,,,Прочая неисправность трубопровода системы циркуляции воды,CT,2024,,,,,,
3,13660624,2024-12-18 21:31:00,Октябрьская,"ОКТ, ТЧЭ-1",,,,Прочая неисправность дугогасительной системы контактора главного контроллера,CT,2024,,,,,,
3,13661001,2024-12-19 06:23:00,Октябрьская,"ОКТ, ТЧЭ-11",,,,Неисправность антенны,CT,2024,,,,,,
3,13663558,2024-12-21 14:45:00,Октябрьская,"ОКТ, ТЧЭ-12",,,,Нарушение регулировки подачи песка,CT,2024,,,,,,
1,13665136,2024-12-23 09:48:00,Октябрьская,"ОКТ, ТЧЭ-14","43шт (к учету 32) ч(к учету 18,47ч)",,,Прочая неисправность шпильки крана машиниста,CT,2024,32.0,"18,47ч",,,,
3,13665755,2024-12-24 01:33:00,Октябрьская,"ОКТ, ТЧЭ-12",,,,Неисправность вставки токоприемника,CT,2024,,,,,,
3,13666823,2024-12-24 13:26:00,Октябрьская,"ОКТ, ТЧЭ-12",,,,Прочая неисправность рукоятки клапана песочницы,CT,2024,,,,,,
3,13674044,2024-12-31 00:00:00,Октябрьская,"ОКТ, ТЧЭ-12",,,,Износ металлокерамической накладки вставки токоприемника,CT,2024,,,,,,
3,13175630,2024-01-11 22:28:00,Октябрьская,"ОКТ, ВЧДЭ-28 ВОЛХОВСТРОЙ",,,,Провисание автосцепки грузового вагона,CV,2024,,,,,,
3,13179015,2024-01-14 02:20:00,Октябрьская,"ОКТ, ВЧДЭ-13 САНКТ-ПЕТЕРБУРГ-СОРТ-ВИТ",,,,Трещина центрирующей балочки грузового вагона,CV,2024,,,,,,
1,13185261,2024-01-18 08:25:00,Октябрьская,"ОКТ, ВЧД-14 ТВЕРЬ","1шт ч(к учету 1,18ч)",,,Дефект манжеты № 6  усл. № 270.313 штока главного поршня,CV,2024,1.0,"1,18ч",,,,
3,13189509,2024-01-21 10:27:00,Октябрьская,"ОКТ, ВЧДЭ-24 НОВОСОКОЛЬНИКИ",,,,Выщербина на ободе колеса грузового вагона,CV,2024,,,,,,
3,13190693,2024-01-23 08:08:00,Октябрьская,"ОКТ, ВЧДЭ-24 НОВОСОКОЛЬНИКИ",,,,Выщербина на ободе колеса грузового вагона,CV,2024,,,,,,
3,13191851,2024-01-24 00:31:00,Октябрьская,"ОКТ, ВЧДЭ-24 НОВОСОКОЛЬНИКИ",,,,Засорены отверстия плунжера или его внутренняя полость,CV,2024,,,,,,
3,13195842,2024-01-26 17:12:00,Октябрьская,"ОКТ, ВЧДЭ-28 ВОЛХОВСТРОЙ",,,,Обрыв сварных швов раскосов кузова грузового вагона,CV,2024,,,,,,
3,13198404,2024-01-30 00:02:00,Октябрьская,"ОКТ, ВЧДЭ-23 АПАТИТЫ",,,,Утечка воздуха в открытом/закрытом положении концевого крана,CV,2024,,,,,,
2,13206062,2024-02-05 03:58:00,Октябрьская,"ОКТ, ВЧД-14 ТВЕРЬ","3шт (к учету 2) ч(к учету 2,67ч)",,,Неисправность резинового уплотнения клапана,CV,2024,2.0,"2,67ч",,,,
3,13258307,2024-02-05 10:07:00,Октябрьская,"ОКТ, ВЧДЭ-27 ПЕТРОЗАВОДСК",,,,Дефект манжеты № 1  усл. № 270.313 штока главного поршня,CV,2024,,,,,,
2,13217927,2024-02-12 05:42:00,Октябрьская,"ОКТ, ВЧДЭ-24 НОВОСОКОЛЬНИКИ","9шт (к учету 8) ч(к учету 4,57ч)","3шт (к учету 2) ч(к учету 0,98ч)","4шт ч(к учету 1,13)ч",Несоответствие силовых параметров пружины клапана мягкости,CV,2024,8.0,"4,57ч",2.0,"0,98ч",4.0,"1,13ч"
3,13229778,2024-02-15 09:47:00,Октябрьская,"ОКТ, ВЧДЭ-28 ВОЛХОВСТРОЙ",,,,Технологический нагрев буксового узла,CV,2024,,,,,,
2,13224716,2024-02-16 00:04:00,Октябрьская,"ОКТ, ВЧДЭ-24 НОВОСОКОЛЬНИКИ","3шт ч(к учету 1,32ч)",,,Излом штуцера концевого крана,CV,2024,3.0,"1,32ч",,,,
2,13228416,2024-02-19 10:25:00,Октябрьская,"ОКТ, ВЧДЭ-28 ВОЛХОВСТРОЙ","2шт ч(к учету 1,52ч)",,,Обрыв (излом) трубы магистрали воздухопровода и подводящих труб,CV,2024,2.0,"1,52ч",,,,
2,13234928,2024-02-25 00:52:00,Октябрьская,"ОКТ, ВЧДЭ-28 ВОЛХОВСТРОЙ","1шт ч(к учету 0,97ч)",,,Разрегулирование рычажной передачи грузового вагона,CV,2024,1.0,"0,97ч",,,,
1,13235830,2024-02-26 04:22:00,Октябрьская,"ОКТ, ВЧДЭ-13 САНКТ-ПЕТЕРБУРГ-СОРТ-ВИТ","3шт (к учету 2) ч(к учету 3,3ч)",,,Дефект уплотнения усл. № 334.1729А-2 между корпусом и крышкой магистральной части,CV,2024,2.0,"3,3ч",,,,
3,13262314,2024-03-04 20:40:00,Октябрьская,"ОКТ, ВЧДЭ-28 ВОЛХОВСТРОЙ",,,,Помеха радиосвязи,CV,2024,,,,,,
3,13246140,2024-03-05 04:30:00,Октябрьская,"ОКТ, ВЧДЭ-28 ВОЛХОВСТРОЙ",,,,Излом/износ/повреждение предохранительных устройств,CV,2024,,,,,,
2,13246302,2024-03-05 08:18:00,Октябрьская,"ОКТ, ВЧДЭ-28 ВОЛХОВСТРОЙ","8шт (к учету 4) ч(к учету 4,45ч)",,,Обводнение смазки,CV,2024,4.0,"4,45ч",,,,
3,13248082,2024-03-06 03:00:00,Октябрьская,"ОКТ, ВЧДЭ-24 НОВОСОКОЛЬНИКИ",,,,Разрегулирование рычажной передачи грузового вагона,CV,2024,,,,,,
3,13255155,2024-03-11 08:25:00,Октябрьская,"ОКТ, ВЧДЭ-27 ПЕТРОЗАВОДСК",,,,Дефект манжеты № 1  усл. № 270.313 штока главного поршня,CV,2024,,,,,,
3,13291629,2024-03-14 23:36:00,Октябрьская,"ЗАБ, ВЧДЭ-13 БОРЗЯ",,,,"Шелушение, раковины, коррозия на  деталях подшипника",CV,2024,,,,,,
3,13266127,2024-03-19 01:15:00,Октябрьская,"ОКТ, ВЧДЭ-24 НОВОСОКОЛЬНИКИ",,,,Дефект манжеты № 1  усл. № 270.313 штока главного поршня,CV,2024,,,,,,
2,13307533,2024-03-20 11:46:00,Октябрьская,"ОКТ, ВЧДЭ-13 САНКТ-ПЕТЕРБУРГ-СОРТ-ВИТ","8шт (к учету 5) ч(к учету 3,93ч)",,,Нарушение регулировки рычажной передачи,CV,2024,5.0,"3,93ч",,,,
2,13269232,2024-03-21 02:57:00,Октябрьская,"ОКТ, ВЧДЭ-13 САНКТ-ПЕТЕРБУРГ-СОРТ-ВИТ","1шт ч(к учету 0,47ч)",,,Дефект манжеты № 6  усл. № 270.313 штока главного поршня,CV,2024,1.0,"0,47ч",,,,
1,13274315,2024-03-25 14:14:00,Октябрьская,"ОКТ, ВЧДЭ-27 ПЕТРОЗАВОДСК","8шт (к учету 4) ч(к учету 4,62ч)",,,Излом предохранителя автосцепки грузового вагона,CV,2024,4.0,"4,62ч",,,,
3,13274349,2024-03-25 16:19:00,Октябрьская,"ОКТ, ВЧДЭ-6 СПБ-СОРТ-МОСК",,,,Неисправность воздухораспределителя №292М пассажирского вагона,CV,2024,,,,,,
3,13310023,2024-04-11 12:59:00,Октябрьская,"ОКТ, ВЧДЭ-6 СПБ-СОРТ-МОСК",,,,Несоответствие норм высоты автосцепки грузового вагона,CV,2024,,,,,,
3,13308470,2024-04-13 20:37:00,Октябрьская,"ОКТ, ВЧДЭ-24 НОВОСОКОЛЬНИКИ",,,,Засорены отверстия плунжера или его внутренняя полость,CV,2024,,,,,,
1,13319672,2024-04-21 00:04:00,Октябрьская,"ОКТ, ВЧДЭ-24 НОВОСОКОЛЬНИКИ","1шт ч(к учету 2,72ч)",,,Разрыв большой диафрагмы/ утечка по большой диафрагме усл. № 270.716-2 (483А.043),CV,2024,1.0,"2,72ч",,,,
3,13319673,2024-04-21 01:07:00,Октябрьская,"ОКТ, ВЧДЭ-28 ВОЛХОВСТРОЙ",,,,Несоответствие норм высоты автосцепки грузового вагона,CV,2024,,,,,,
3,13319762,2024-04-21 04:36:00,Октябрьская,"ОКТ, ВЧДЭ-13 САНКТ-ПЕТЕРБУРГ-СОРТ-ВИТ",,,,Разрегулирование рычажной передачи грузового вагона,CV,2024,,,,,,
1,13319809,2024-04-21 06:24:00,Октябрьская,"ОКТ, ВЧДЭ-28 ВОЛХОВСТРОЙ","1шт ч(к учету 1,57ч)",,,Несоответствие силовых параметров пружины клапана мягкости,CV,2024,1.0,"1,57ч",,,,
1,13337766,2024-04-22 08:00:00,Октябрьская,"ОКТ, ВЧДЭ-28 ВОЛХОВСТРОЙ","1шт ч(к учету 2,13ч)",,,Технологический нагрев буксового узла,CV,2024,1.0,"2,13ч",,,,
3,13337811,2024-05-02 14:15:00,Октябрьская,"ОКТ, ВЧД-14 ТВЕРЬ",,,,Ослабление (разрушение) торцевого крепления,CV,2024,,,,,,
3,13368139,2024-05-21 06:43:00,Октябрьская,"ОКТ, ВЧДЭ-24 НОВОСОКОЛЬНИКИ",,,,Обводнение смазки в буксе грузового вагона,CV,2024,,,,,,
1,13369268,2024-05-21 15:59:00,Октябрьская,"ОКТ, ВЧДЭ-27 ПЕТРОЗАВОДСК","3шт ч(к учету 3,48ч)",,,Технологический нагрев буксового узла,CV,2024,3.0,"3,48ч",,,,
1,13373959,2024-05-24 12:11:00,Октябрьская,"ОКТ, ВЧДЭ-28 ВОЛХОВСТРОЙ","4шт ч(к учету 5,32ч)",,,Утечка воздуха в открытом/закрытом положении концевого крана,CV,2024,4.0,"5,32ч",,,,
3,13380737,2024-05-30 01:57:00,Октябрьская,"ОКТ, ВЧДЭ-6 СПБ-СОРТ-МОСК",,,,Несоответствие норм высоты автосцепки грузового вагона,CV,2024,,,,,,
3,13401077,2024-06-11 12:03:00,Октябрьская,"ОКТ, ВЧДЭ-28 ВОЛХОВСТРОЙ",,,,Ширина плеча балластной призмы бесстыкового пути на протяжении более 10м меньше нормативного значения при повышении температуры рельсов от температуры закрепления на 15градС и более,CV,2024,,,,,,
1,13405930,2024-06-14 13:39:00,Октябрьская,"ОКТ, ВЧДЭ-28 ВОЛХОВСТРОЙ","1шт ч(к учету 1,18ч)",,,"Дефект резьбы клапана мягкости (срыв ниток, забоины)",CV,2024,1.0,"1,18ч",,,,
2,13446200,2024-06-21 14:23:00,Октябрьская,"ОКТ, ВЧДЭ-28 ВОЛХОВСТРОЙ","1шт ч(к учету 0,3ч)",,,Неисправность кольца уплотнительного типа КУ,CV,2024,1.0,"0,3ч",,,,
1,13416908,2024-06-23 23:10:00,Октябрьская,"ОКТ, ВЧДЭ-28 ВОЛХОВСТРОЙ","12шт (к учету 11) ч(к учету 12,55ч)",,,Обводнение смазки,CV,2024,11.0,"12,55ч",,,,
2,13425803,2024-06-30 13:38:00,Октябрьская,"ОКТ, ВЧДЭ-28 ВОЛХОВСТРОЙ","1шт ч(к учету 0,5ч)",,,Несоответствие длины соединительного рукава,CV,2024,1.0,"0,5ч",,,,
3,13457143,2024-07-01 10:26:00,Октябрьская,"ОКТ, ВЧДЭ-27 ПЕТРОЗАВОДСК",,,,Износ эксцентрикового механизма,CV,2024,,,,,,
2,13444637,2024-07-08 04:56:00,Октябрьская,"В-СИБ, ВЧДЭ-12 СЕВЕРОБАЙКАЛЬСК","1шт ч(к учету 0,65ч)",,,"Неисправность лабиринтной части корпуса буксы (задиры, забоины и т.д.)",CV,2024,1.0,"0,65ч",,,,
3,13474274,2024-08-01 06:50:00,Октябрьская,"ОКТ, ВЧДЭ-23 АПАТИТЫ",,,,"Саморасцеп автосцепок на станции, по причине вмешательства посторонних лиц",CV,2024,,,,,,
3,13488317,2024-08-02 23:38:00,Октябрьская,"ОКТ, ВЧДЭ-27 ПЕТРОЗАВОДСК",,,,Неисправность резинового уплотнения клапана,CV,2024,,,,,,
2,13487353,2024-08-10 17:09:00,Октябрьская,"ОКТ, ВЧДЭ-23 АПАТИТЫ","2шт ч(к учету 0,83ч)","1шт ч(к учету 0,18ч)",,Неисправность погрузочно-разгрузочных механизмов специализированных вагонов,CV,2024,2.0,"0,83ч",1.0,"0,18ч",,
3,13489065,2024-08-11 14:19:00,Октябрьская,"ОКТ, ВЧДЭ-28 ВОЛХОВСТРОЙ",,,,Несоответствие норм высоты автосцепки грузового вагона,CV,2024,,,,,,
1,13490592,2024-08-13 07:55:00,Октябрьская,"ОКТ, ВЧДЭ-28 ВОЛХОВСТРОЙ","7шт ч(к учету 8,37ч)",,,Неисправность соединительного рукава грузового вагона,CV,2024,7.0,"8,37ч",,,,
3,13491984,2024-08-14 02:40:00,Октябрьская,"ОКТ, ВЧДЭ-27 ПЕТРОЗАВОДСК",,,,Надиры типа «ёлочка» на деталях подшипника,CV,2024,,,,,,
2,13492641,2024-08-14 09:40:00,Октябрьская,"ОКТ, ВЧДЭ-28 ВОЛХОВСТРОЙ","1шт ч(к учету 0,47ч)",,,Несоответствие высоты оси автосцепки над уровнем верха головки рельса,CV,2024,1.0,"0,47ч",,,,
3,13502159,2024-08-22 02:32:00,Октябрьская,"ОКТ, ВЧДЭ-6 СПБ-СОРТ-МОСК",,,,Ослабление крепления труб воздухопровода и тормозных приборов грузового вагона,CV,2024,,,,,,
2,13504832,2024-08-23 21:19:00,Октябрьская,"ОКТ, ВЧДЭ-28 ВОЛХОВСТРОЙ","1шт ч(к учету 0,23ч)","1шт ч(к учету 0,12ч)",,Утечка воздуха в открытом/закрытом положении концевого крана,CV,2024,1.0,"0,23ч",1.0,"0,12ч",,
2,13511057,2024-08-29 17:09:00,Октябрьская,"ОКТ, ВЧДЭ-24 НОВОСОКОЛЬНИКИ","1шт ч(к учету 0,58ч)",,,Износ резьбы соединительной муфты,CV,2024,1.0,"0,58ч",,,,
3,13512050,2024-08-30 15:29:00,Октябрьская,"ОКТ, ВЧДЭ-28 ВОЛХОВСТРОЙ",,,,Дефект манжеты № 6  усл. № 270.313 штока главного поршня,CV,2024,,,,,,
2,13512836,2024-08-31 16:18:00,Октябрьская,"ОКТ, ВЧДЭ-28 ВОЛХОВСТРОЙ","1шт ч(к учету 0,95ч)",,,Обводнение смазки,CV,2024,1.0,"0,95ч",,,,
1,13513032,2024-08-31 23:49:00,Октябрьская,"ОКТ, ВЧДЭ-13 САНКТ-ПЕТЕРБУРГ-СОРТ-ВИТ","5шт (к учету 3) ч(к учету 3,63ч)",,,Изгиб хребтовой балки грузового вагона,CV,2024,3.0,"3,63ч",,,,
3,13549382,2024-09-01 00:55:00,Октябрьская,"ОКТ, ВЧДЭ-23 АПАТИТЫ",,,,Утечка сжатого воздуха между корпусом и крышкой магистральной части,CV,2024,,,,,,
2,13517136,2024-09-03 18:25:00,Октябрьская,"ОКТ, ВЧДЭ-27 ПЕТРОЗАВОДСК","1шт ч(к учету 0,53ч)",,,Наличие посторонних примесей в смазке (загрязнение смазки),CV,2024,1.0,"0,53ч",,,,
2,13517346,2024-09-04 00:36:00,Октябрьская,"ОКТ, ВЧДЭ-28 ВОЛХОВСТРОЙ","21шт (к учету 16) ч(к учету 9,45ч)","1шт ч(к учету 0,22ч)",,"Излом, износ сепаратора",CV,2024,16.0,"9,45ч",1.0,"0,22ч",,
3,13549379,2024-09-14 07:20:00,Октябрьская,"ОКТ, ВЧДЭ-23 АПАТИТЫ",,,,Просадка уплотнения усл. № 305.134 клапана мягкости,CV,2024,,,,,,
3,13541861,2024-09-17 22:25:00,Октябрьская,"ОКТ, ВЧДЭ-27 ПЕТРОЗАВОДСК",,,,"Излом (отсутствие), трещина упорного кольца",CV,2024,,,,,,
2,13542362,2024-09-18 02:51:00,Октябрьская,"ОКТ, ВЧДЭ-23 АПАТИТЫ","1шт ч(к учету 0,5ч)",,,Утечка воздуха в открытом/закрытом положении концевого крана,CV,2024,1.0,"0,5ч",,,,
2,13548074,2024-09-22 16:23:00,Октябрьская,"ОКТ, ВЧДЭ-23 АПАТИТЫ","1шт ч(к учету 0,47ч)",,,"Расслоение, разрыв манжеты усл. № 305-156 в узле трех клапанов",CV,2024,1.0,"0,47ч",,,,
1,13549767,2024-09-24 03:12:00,Октябрьская,"ОКТ, ВЧДЭ-28 ВОЛХОВСТРОЙ","4шт ч(к учету 1,32ч)",,,"Шелушение, раковины, коррозия на  деталях подшипника",CV,2024,4.0,"1,32ч",,,,
2,13551093,2024-09-25 00:04:00,Октябрьская,"ОКТ, ВЧДЭ-28 ВОЛХОВСТРОЙ","1шт ч(к учету 0,78ч)",,,Износ эксцентрикового механизма,CV,2024,1.0,"0,78ч",,,,
2,13561232,2024-09-27 18:56:00,Октябрьская,"ОКТ, ВЧДЭ-28 ВОЛХОВСТРОЙ","1шт ч(к учету 0,27ч)","1шт ч(к учету 0,13ч)",,Неплотность тормозной магистрали грузового вагона,CV,2024,1.0,"0,27ч",1.0,"0,13ч",,
3,13561229,2024-10-01 12:32:00,Октябрьская,"ОКТ, ВЧДЭ-23 АПАТИТЫ",,,,"Шелушение, раковины, коррозия на  деталях подшипника",CV,2024,,,,,,
2,13567412,2024-10-05 21:01:00,Октябрьская,"ОКТ, ВЧДЭ-28 ВОЛХОВСТРОЙ","8шт (к учету 7) ч(к учету 3,67ч)",,,"Шелушение, раковины, коррозия на  деталях подшипника",CV,2024,7.0,"3,67ч",,,,
3,13578830,2024-10-12 01:38:00,Октябрьская,"ОКТ, ВЧДЭ-24 НОВОСОКОЛЬНИКИ",,,,Перекос кузова грузового вагона более 75 мм,CV,2024,,,,,,
3,13581275,2024-10-14 10:52:00,Октябрьская,"ОКТ, ВЧДЭ-27 ПЕТРОЗАВОДСК",,,,Износ центрирующей балочки грузового вагона,CV,2024,,,,,,
3,13591699,2024-10-22 11:30:00,Октябрьская,"ОКТ, ВЧДЭ-28 ВОЛХОВСТРОЙ",,,,Дефекты лабиринтных уплотнений,CV,2024,,,,,,
1,13623156,2024-11-13 09:58:00,Октябрьская,"ОКТ, ВЧДЭ-28 ВОЛХОВСТРОЙ","2шт ч(к учету 3,45ч)",,,Обводнение смазки,CV,2024,2.0,"3,45ч",,,,
3,13623094,2024-11-16 07:08:00,Октябрьская,"ОКТ, ВЧДЭ-28 ВОЛХОВСТРОЙ",,,,Обводнение смазки,CV,2024,,,,,,
1,13627745,2024-11-21 05:41:00,Октябрьская,"ОКТ, ВЧДЭ-28 ВОЛХОВСТРОЙ","14шт ч(к учету 10,2ч)",,"2шт ч(к учету 0,37)ч",Разрыв большой диафрагмы/ утечка по большой диафрагме усл. № 270.716-2 (483А.043),CV,2024,14.0,"10,2ч",,,2.0,"0,37ч"
3,13632102,2024-11-24 22:55:00,Октябрьская,"ОКТ, ВЧДЭ-24 НОВОСОКОЛЬНИКИ",,,,Излом клина тягового хомута грузового вагона,CV,2024,,,,,,
3,13631392,2024-11-25 06:34:00,Октябрьская,"ОКТ, ВЧДЭ-24 НОВОСОКОЛЬНИКИ",,,,Износ клина тягового хомута грузового вагона,CV,2024,,,,,,
3,13635884,2024-11-29 03:27:00,Октябрьская,"ОКТ, ВЧДЭ-27 ПЕТРОЗАВОДСК",,,,"Излом, износ сепаратора",CV,2024,,,,,,
3,13640835,2024-12-03 17:11:00,Октябрьская,"ОКТ, ВЧДЭ-23 АПАТИТЫ",,,,"Повреждение шнуров, патчкордов ВОЛС",CV,2024,,,,,,
2,13645253,2024-12-05 21:20:00,Октябрьская,"ОКТ, ВЧДЭ-28 ВОЛХОВСТРОЙ","1шт ч(к учету 0,73ч)","1шт ч(к учету 0,1ч)",,"Шелушение, раковины, коррозия на  деталях подшипника",CV,2024,1.0,"0,73ч",1.0,"0,1ч",,
3,13649101,2024-12-06 22:00:00,Октябрьская,"ОКТ, ВЧДЭ-27 ПЕТРОЗАВОДСК",,,,Излом толкателя выпускного клапана,CV,2024,,,,,,
1,13650974,2024-12-11 01:30:00,Октябрьская,"ОКТ, ВЧДЭ-23 АПАТИТЫ","6шт ч(к учету 5,6ч)",,,Неплотность тормозной магистрали грузового вагона,CV,2024,6.0,"5,6ч",,,,
1,13655740,2024-12-13 20:02:00,Октябрьская,"ОКТ, ВЧДЭ-23 АПАТИТЫ","9шт ч(к учету 4,52ч)",,,Утечка сжатого воздуха по привалочному фланцу главной части воздухораспределителя,CV,2024,9.0,"4,52ч",,,,
3,13657009,2024-12-15 06:47:00,Октябрьская,"ОКТ, ВЧДЭ-13 САНКТ-ПЕТЕРБУРГ-СОРТ-ВИТ",,,,Обледенение рычажной передачи грузового вагона,CV,2024,,,,,,
2,13666740,2024-12-20 18:50:00,Октябрьская,"ОКТ, ВЧДЭ-27 ПЕТРОЗАВОДСК","2шт (к учету 1) ч(к учету 1,22ч)",,,Износ клина тягового хомута грузового вагона,CV,2024,1.0,"1,22ч",,,,
2,13664371,2024-12-23 00:52:00,Октябрьская,"ОКТ, ВЧД-14 ТВЕРЬ","5шт (к учету 3) ч(к учету 1,77ч)",,,Ослабление (разрушение) торцевого крепления,CV,2024,3.0,"1,77ч",,,,
3,13665467,2024-12-23 15:33:00,Октябрьская,"ОКТ, ВЧДЭ-28 ВОЛХОВСТРОЙ",,,,Разрыв большой диафрагмы/ утечка по большой диафрагме усл. № 270.716-2 (483А.043),CV,2024,,,,,,
3,13665442,2024-12-23 16:26:00,Октябрьская,"ОКТ, ВЧДЭ-28 ВОЛХОВСТРОЙ",,,,Разрыв большой диафрагмы/ утечка по большой диафрагме усл. № 270.716-2 (483А.043),CV,2024,,,,,,
