CATEGORY,№,START_TIME,ROAD,RESPONSIBILITY,FREIGHT,PASSENGER,COMMUTER,REASON,DEPARTMENT,YEAR,FREIGHT_COUNT,FREIGHT_TIMEOUT,PASSENGER_COUNT,PASSENGER_TIMEOUT,COMMUTER_COUNT,COMMUTER_TIMEOUT
2,13160059,2024-01-01 02:32:00,Свердловская,"СВЕРД, ШЧ-2","2шт ч(к учету 1,15ч)",,"3шт ч(к учету 0,37)ч",Неисправность,CSH,2024,1.0,"1,15ч",,,0.0,
3,13161106,2024-01-02 17:50:00,Свердловская,"СВЕРД, ШЧ-20",,,,"Контактная система, потеря контакта",CSH,2024,,,,,,
3,13161313,2024-01-03 00:55:00,Свердловская,"СВЕРД, ШЧ-9",,,,Неисправность устройств электроснабжения,CSH,2024,,,,,,
2,13161357,2024-01-03 03:27:00,Свердловская,"СВЕРД, ШЧ-13",,,"1шт ч(к учету 0,35)ч","Контактная система, увеличенное сопротивление контакта",CSH,2024,,,,,0.0,
3,13161782,2024-01-03 07:15:00,Свердловская,"СВЕРД, ИЧ ЕГОРШИНСКАЯ Ш",,,,"Нарушение контакта в штепсельных розетках, излом розеток",CSH,2024,,,,,,
2,13161744,2024-01-03 09:11:00,Свердловская,"СВЕРД, ШЧ-7","5шт ч(к учету 1,17ч)","1шт ч(к учету 0,37ч)",,Нарушение контакта,CSH,2024,1.0,"1,17ч",0.0,"0,37ч",,
2,13164235,2024-01-04 23:41:00,Свердловская,"СВЕРД, ШЧ-18",,"2шт ч(к учету 0,3ч)",,"Нарушение контакта в штепсельных розетках, неисправность контактных губок",CSH,2024,,,0.0,"0,3ч",,
3,13164658,2024-01-05 08:01:00,Свердловская,"СВЕРД, ШЧ-5",,,,"Лампы, перегорание основной нити",CSH,2024,,,,,,
2,13165350,2024-01-05 19:22:00,Свердловская,"СВЕРД, ШЧ-5","1шт ч(к учету 0,23ч)",,"2шт ч(к учету 0,3)ч","Контактная система, подгар контактов",CSH,2024,0.0,"0,23ч",,,0.0,
2,13166106,2024-01-06 09:28:00,Свердловская,"СВЕРД, ШЧ-16","1шт ч(к учету 0,97ч)","4шт (к учету 2) ч(к учету 0,68ч)","3шт (к учету 1) ч(к учету 0,42)ч","Контактная система, увеличенное сопротивление контакта",CSH,2024,0.0,"0,97ч",2.0,"0,68ч",1.0,
3,13166255,2024-01-06 13:04:00,Свердловская,"СВЕРД, ШЧ-8 (Р)",,,,"Электродвигатель, постоянного тока (МСП, ДСП), неисправность коллектора",CSH,2024,,,,,,
2,13166751,2024-01-07 02:41:00,Свердловская,"СВЕРД, ШЧ-5","1шт ч(к учету 0,33ч)","1шт ч(к учету 0,17ч)","3шт (к учету 2) ч(к учету 0,38)ч",Излом наконечника,CSH,2024,0.0,"0,33ч",0.0,"0,17ч",2.0,
2,13166787,2024-01-07 04:30:00,Свердловская,"СВЕРД, ШЧ-2","3шт (к учету 2) ч(к учету 1,35ч)","3шт (к учету 2) ч(к учету 0,78ч)","2шт ч(к учету 0,32)ч",Нарушение контакта,CSH,2024,2.0,"1,35ч",2.0,"0,78ч",0.0,
2,13167713,2024-01-08 03:53:00,Свердловская,"СВЕРД, ШЧ-5",,,"1шт ч(к учету 0,27)ч",Ослабление затяжки болтов,CSH,2024,,,,,0.0,
2,13170476,2024-01-10 03:31:00,Свердловская,"СВЕРД, ШЧ-2","1шт ч(к учету 0,67ч)",,"2шт (к учету 1) ч(к учету 0,25)ч","Жилы, внутренний обрыв",CSH,2024,0.0,"0,67ч",,,1.0,
1,13170796,2024-01-10 06:30:00,Свердловская,"СВЕРД, ШЧ-2","4шт (к учету 3) ч(к учету 3,42ч)",,"3шт (к учету 2) ч(к учету 0,48)ч",Ослабление затяжки болтов,CSH,2024,3.0,"3,42ч",,,2.0,
3,13170754,2024-01-10 07:59:00,Свердловская,"СВЕРД, ШЧ-1 (Р)",,,,"Контактная система, увеличенное сопротивление контакта",CSH,2024,,,,,,
3,13173431,2024-01-11 07:30:00,Свердловская,"СВЕРД, ШЧ-18",,,,"Релейный ОК, программное обеспечение, сбой",CSH,2024,,,,,,
2,13174412,2024-01-11 12:01:00,Свердловская,"СВЕРД, ИЧ ЧУСОВСКАЯ Ш",,"1шт ч(к учету 0,23ч)",,"Контактная система, потеря контакта",CSH,2024,,,0.0,"0,23ч",,
3,13175593,2024-01-11 17:30:00,Свердловская,"СВЕРД, ШЧ-16",,,,"Стрелочный ОК, МОТ1, неисправность",CSH,2024,,,,,,
2,13176671,2024-01-12 10:57:00,Свердловская,"СВЕРД, ШЧ-8 (Р)","3шт ч(к учету 0,95ч)",,,"Контактная система, потеря контакта",CSH,2024,0.0,"0,95ч",,,,
2,13177105,2024-01-12 11:55:00,Свердловская,"СВЕРД, ШЧ-18","3шт ч(к учету 1,37ч)",,,Нарушение регулировки,CSH,2024,1.0,"1,37ч",,,,
2,13176974,2024-01-12 12:02:00,Свердловская,"СВЕРД, ШЧ-18",,"1шт ч(к учету 0,35ч)",,"Конденсатор, обрыв",CSH,2024,,,0.0,"0,35ч",,
3,13179030,2024-01-14 02:41:00,Свердловская,"СВЕРД, ШЧ-3",,,,"Электродвигатель, постоянного тока (МСП, ДСП), обрыв обмотки якоря",CSH,2024,,,,,,
3,13180028,2024-01-15 05:00:00,Свердловская,"СВЕРД, ШЧ-7","1шт ч(к учету 0,17ч)",,,"Сигнальная обмотка, обрыв",CSH,2024,0.0,"0,17ч",,,,
2,13195064,2024-01-15 12:13:00,Свердловская,"СВЕРД, ШЧ-7","1шт ч(к учету 0,22ч)",,"1шт ч(к учету 0,2)ч","Нарушение контакта в штепсельных розетках, неисправность контактных губок",CSH,2024,0.0,"0,22ч",,,0.0,
3,13181729,2024-01-16 00:54:00,Свердловская,"СВЕРД, ШЧ-17",,,,"Контактная система, сваривание контактов",CSH,2024,,,,,,
3,13182448,2024-01-16 09:35:00,Свердловская,"СВЕРД, ИЧ ЕГОРШИНСКАЯ Ш",,,,"Лампы, перегорание основной нити",CSH,2024,,,,,,
3,13183010,2024-01-16 22:14:00,Свердловская,"СВЕРД, ШЧ-16",,,,"Обрыв, коррозия металла",CSH,2024,,,,,,
3,13183085,2024-01-17 02:46:00,Свердловская,"СВЕРД, ШЧ-13",,,,"Нарушение контакта в разъемах блоков, замятие контакта",CSH,2024,,,,,,
2,13183926,2024-01-17 11:26:00,Свердловская,"СВЕРД, ШЧ-2","3шт ч(к учету 1,98ч)",,"5шт (к учету 4) ч(к учету 0,68)ч","Нарушение контакта в разъемах блоков, излом розеток",CSH,2024,1.0,"1,98ч",,,4.0,
3,13187823,2024-01-17 11:28:00,Свердловская,"СВЕРД, ШЧ-17",,,,Отсутствие,CSH,2024,,,,,,
2,13184255,2024-01-17 19:02:00,Свердловская,"СВЕРД, ШЧ-16","3шт ч(к учету 1,08ч)",,,"Обрыв, коррозия металла",CSH,2024,1.0,"1,08ч",,,,
1,13184593,2024-01-18 02:00:00,Свердловская,"СВЕРД, ШЧ-8 (Р)","10шт (к учету 7) ч(к учету 4,77ч)",,"6шт (к учету 4) ч(к учету 0,7)ч","Срабатывание, воздействие тягового тока",CSH,2024,7.0,"4,77ч",,,4.0,
3,13184559,2024-01-18 03:36:00,Свердловская,"СВЕРД, ШЧ-9",,,,Отсутствие,CSH,2024,,,,,,
3,13184781,2024-01-18 08:12:00,Свердловская,"СВЕРД, ШЧ-2",,,,Излом,CSH,2024,,,,,,
3,13185466,2024-01-18 14:40:00,Свердловская,"СВЕРД, ИЧ ЧУСОВСКАЯ Ш",,,,"Электродвигатель, постоянного тока (МСП, ДСП), неисправность коллектора",CSH,2024,,,,,,
3,13185738,2024-01-18 23:01:00,Свердловская,"СВЕРД, ИЧ ЧУСОВСКАЯ Ш",,,,"Нарушение контакта в разъемах блоков, неисправность контактных губок",CSH,2024,,,,,,
3,13186184,2024-01-19 06:57:00,Свердловская,"СВЕРД, ШЧ-23",,,,"Контактная система, потеря контакта",CSH,2024,,,,,,
2,13186884,2024-01-19 18:15:00,Свердловская,"СВЕРД, ШЧ-17","1шт ч(к учету 0,98ч)",,,"Сигнальная обмотка, обрыв",CSH,2024,0.0,"0,98ч",,,,
2,13187731,2024-01-20 17:12:00,Свердловская,"СВЕРД, ШЧ-18","3шт ч(к учету 0,93ч)",,,"Изоляция, понижение сопротивления",CSH,2024,0.0,"0,93ч",,,,
1,13187867,2024-01-20 20:35:00,Свердловская,"СВЕРД, ШЧ-9","2шт ч(к учету 3,23ч)",,"1шт ч(к учету 1,07)ч","Шибер, заклинивание",CSH,2024,3.0,"3,23ч",,,1.0,
2,13187889,2024-01-20 21:52:00,Свердловская,"СВЕРД, ШЧ-7","7шт (к учету 6) ч(к учету 2,75ч)",,,"Конденсатор, обрыв",CSH,2024,6.0,"2,75ч",,,,
3,13189068,2024-01-22 03:00:00,Свердловская,"СВЕРД, ШЧ-20",,,,"Нарушение контакта в разъемах блоков, неисправность контактных губок",CSH,2024,,,,,,
2,13191468,2024-01-23 14:02:00,Свердловская,"СВЕРД, ИЧ ЧУСОВСКАЯ Ш","1шт ч(к учету 0,17ч)",,"1шт ч(к учету 0,13)ч",Нарушение контакта наконечник/вывод ДТ,CSH,2024,0.0,"0,17ч",,,0.0,
3,13191650,2024-01-23 16:45:00,Свердловская,"СВЕРД, ШЧ-17",,,,"Обрыв, некачественная приварка к рельсу",CSH,2024,,,,,,
3,13192414,2024-01-24 09:55:00,Свердловская,"СВЕРД, ШЧ-5",,,,Нарушение контакта в элементах централизатора,CSH,2024,,,,,,
3,13193345,2024-01-25 00:50:00,Свердловская,"СВЕРД, ШЧ-9",,,,Отсутствие,CSH,2024,,,,,,
3,13193900,2024-01-25 06:29:00,Свердловская,"СВЕРД, ИЧ ЕГОРШИНСКАЯ Ш",,,,Потеря контакта в манжете,CSH,2024,,,,,,
3,13193782,2024-01-25 08:05:00,Свердловская,"СВЕРД, ШЧ-16",,,,"Автопереключатель, разрегулировка контактов",CSH,2024,,,,,,
3,13194696,2024-01-25 16:00:00,Свердловская,"СВЕРД, ШЧ-16",,,,Нарушение изоляции монтажных проводов,CSH,2024,,,,,,
2,13194884,2024-01-25 23:36:00,Свердловская,"СВЕРД, ШЧ-22","1шт ч(к учету 0,55ч)",,,"Нарушение контакта в штепсельных розетках, замятие контакта",CSH,2024,0.0,"0,55ч",,,,
1,13196491,2024-01-27 16:38:00,Свердловская,"СВЕРД, ШЧ-1 (Р)","7шт (к учету 4) ч(к учету 4,97ч)","6шт (к учету 2) ч(к учету 0,77ч)","1шт ч(к учету 0,15)ч","Конденсатор, короткое замыкание",CSH,2024,4.0,"4,97ч",2.0,"0,77ч",0.0,
3,13196869,2024-01-28 07:27:00,Свердловская,"СВЕРД, ШЧ-20",,,,"Нарушение контакта в разъемах блоков, неисправность контактных губок",CSH,2024,,,,,,
2,13197444,2024-01-29 05:27:00,Свердловская,"СВЕРД, ШЧ-20",,"1шт ч(к учету 0,25ч)",,"Нарушение контакта в штепсельных розетках, неисправность контактных губок",CSH,2024,,,0.0,"0,25ч",,
3,13202153,2024-01-29 06:55:00,Свердловская,"СВЕРД, ШЧ-13",,,,"Лампы, перегорание основной нити",CSH,2024,,,,,,
3,13197878,2024-01-29 11:50:00,Свердловская,"СВЕРД, ШЧ-22",,,,"Жилы, внутренний обрыв",CSH,2024,,,,,,
3,13198716,2024-01-30 07:06:00,Свердловская,"СВЕРД, ШЧ-5",,,,"Изоляция, понижение сопротивления",CSH,2024,,,,,,
3,13200836,2024-01-31 18:47:00,Свердловская,"СВЕРД, ШЧ-16",,,,"Нарушение контакта в клеммных колодках (резьб), плохой контакт",CSH,2024,,,,,,
2,13200940,2024-01-31 20:05:00,Свердловская,"СВЕРД, ШЧ-2","3шт ч(к учету 1,02ч)","2шт (к учету 1) ч(к учету 0,7ч)","1шт ч(к учету 0,28)ч",Неисправность,CSH,2024,1.0,"1,02ч",1.0,"0,7ч",0.0,
3,13201264,2024-02-01 06:59:00,Свердловская,"СВЕРД, ШЧ-8 (Р)",,,,"Обмотка, обрыв",CSH,2024,,,,,,
3,13201263,2024-02-01 07:25:00,Свердловская,"СВЕРД, ШЧ-18",,,,Неисправность,CSH,2024,,,,,,
1,13201840,2024-02-01 13:19:00,Свердловская,"СВЕРД, ШЧ-2","23шт (к учету 14) ч(к учету 28,88ч)",,"3шт (к учету 2) ч(к учету 0,65)ч","Внутренний монтаж, обрыв",CSH,2024,14.0,"28,88ч",,,2.0,
2,13202051,2024-02-01 15:57:00,Свердловская,"СВЕРД, ШЧ-20","1шт ч(к учету 0,4ч)",,,"Нарушение контакта в разъемах блоков, сообщение",CSH,2024,0.0,"0,4ч",,,,
2,13204614,2024-02-03 20:07:00,Свердловская,"СВЕРД, ШЧ-8 (Р)",,"1шт ч(к учету 0,1ч)",,"Контактная система, увеличенное сопротивление контакта",CSH,2024,,,0.0,"0,1ч",,
3,13205695,2024-02-04 17:38:00,Свердловская,"СВЕРД, ШЧ-13",,,,"Внутренний монтаж, короткое замыкание",CSH,2024,,,,,,
1,13205821,2024-02-05 01:35:00,Свердловская,"СВЕРД, ШЧ-7","10шт (к учету 9) ч(к учету 7,23ч)","1шт ч(к учету 0,15ч)",,"Нарушение контакта в штепсельных розетках, неисправность контактных губок",CSH,2024,9.0,"7,23ч",0.0,"0,15ч",,
3,13206481,2024-02-05 11:55:00,Свердловская,"СВЕРД, ШЧ-2",,,,Потеря контакта,CSH,2024,,,,,,
2,13206747,2024-02-05 13:39:00,Свердловская,"СВЕРД, ШЧ-8 (Р)",,"1шт ч(к учету 0,1ч)","1шт ч(к учету 0,22)ч","Электродвигатель, постоянного тока (МСП, ДСП), понижение изоляции относительно корпуса",CSH,2024,,,0.0,"0,1ч",0.0,
2,13209115,2024-02-06 16:03:00,Свердловская,"СВЕРД, ШЧ-17","1шт ч(к учету 0,25ч)","2шт (к учету 1) ч(к учету 0,2ч)",,"Нарушение контакта в штепсельных розетках, неисправность контактных губок",CSH,2024,0.0,"0,25ч",1.0,"0,2ч",,
1,13209362,2024-02-06 20:54:00,Свердловская,"СВЕРД, ШЧ-16","7шт ч(к учету 6,7ч)",,,"Конденсатор, короткое замыкание",CSH,2024,6.0,"6,7ч",,,,
1,13211706,2024-02-07 18:51:00,Свердловская,"СВЕРД, ШЧ-16","5шт ч(к учету 2,15ч)",,,"Автопереключатель, разрегулировка контактов",CSH,2024,2.0,"2,15ч",,,,
2,13211941,2024-02-07 23:50:00,Свердловская,"СВЕРД, ШЧ-23","3шт ч(к учету 1,73ч)",,,"Диод, пробой",CSH,2024,1.0,"1,73ч",,,,
2,13236505,2024-02-08 02:35:00,Свердловская,"СВЕРД, ШЧ-7","1шт ч(к учету 0,18ч)","1шт ч(к учету 0,15ч)",,Сбой АЛС с задержкой поезда,CSH,2024,0.0,"0,18ч",0.0,"0,15ч",,
3,13219084,2024-02-08 19:58:00,Свердловская,"СВЕРД, ШЧ-2",,,,Неисправность приёмной капсулы,CSH,2024,,,,,,
3,13214057,2024-02-08 20:58:00,Свердловская,"СВЕРД, ИЧ ЧУСОВСКАЯ Ш",,,,Нарушение контакта наконечник/вывод ДТ,CSH,2024,,,,,,
2,13214021,2024-02-08 21:20:00,Свердловская,"СВЕРД, ШЧ-2","3шт ч(к учету 0,78ч)",,,"Срабатывание, несоответствие номинала",CSH,2024,0.0,"0,78ч",,,,
3,13214386,2024-02-09 07:14:00,Свердловская,"СВЕРД, ШЧ-5",,,,"Лампочки индикации, перегорание",CSH,2024,,,,,,
2,13217162,2024-02-11 10:24:00,Свердловская,"СВЕРД, ШЧ-20","2шт ч(к учету 1,32ч)",,,"Контактная система, подгар контактов",CSH,2024,1.0,"1,32ч",,,,
2,13225580,2024-02-11 14:18:00,Свердловская,"СВЕРД, ШЧ-2",,,"1шт ч(к учету 0,12)ч","Шибер, попадание посторонних предметов",CSH,2024,,,,,0.0,
2,13217395,2024-02-11 16:40:00,Свердловская,"СВЕРД, ИЧ ЕГОРШИНСКАЯ Ш",,,"1шт ч(к учету 0,12)ч","Обрыв, коррозия металла",CSH,2024,,,,,0.0,
2,13218321,2024-02-12 10:18:00,Свердловская,"СВЕРД, ИЧ ЕГОРШИНСКАЯ Ш","1шт ч(к учету 0,68ч)",,,"Диод, пробой",CSH,2024,0.0,"0,68ч",,,,
2,13219421,2024-02-13 04:15:00,Свердловская,"СВЕРД, ШЧ-23","4шт ч(к учету 1,67ч)",,,"Контактная система, увеличенное сопротивление",CSH,2024,1.0,"1,67ч",,,,
1,13219798,2024-02-13 09:09:00,Свердловская,"СВЕРД, ШЧ-5","1шт ч(к учету 1,63ч)",,"10шт ч(к учету 2,68)ч","Нарушение контакта в штепсельных розетках, замятие контакта",CSH,2024,1.0,"1,63ч",,,2.0,
2,13221093,2024-02-13 20:05:00,Свердловская,"СВЕРД, ШЧ-18","2шт (к учету 1) ч(к учету 1,62ч)",,,"Курбельный контакт, разрегулировка",CSH,2024,1.0,"1,62ч",,,,
2,13223223,2024-02-15 02:16:00,Свердловская,"СВЕРД, ШЧ-20",,"2шт (к учету 1) ч(к учету 0,55ч)",,"Срабатывание, воздействие тягового тока",CSH,2024,,,1.0,"0,55ч",,
3,13223381,2024-02-15 03:42:00,Свердловская,"СВЕРД, ШЧ-17",,,,Нарушение изоляции монтажных проводов,CSH,2024,,,,,,
2,13224251,2024-02-15 12:06:00,Свердловская,"СВЕРД, ИЧ ЧУСОВСКАЯ Ш","1шт ч(к учету 0,37ч)",,"2шт ч(к учету 0,2)ч",Ослабление затяжки болтов,CSH,2024,0.0,"0,37ч",,,0.0,
3,13224230,2024-02-15 13:26:00,Свердловская,"СВЕРД, ШЧ-9",,,,"Автопереключатель, разрегулировка контактов",CSH,2024,,,,,,
3,13224376,2024-02-15 13:44:00,Свердловская,"СВЕРД, ШЧ-8 (Р)",,,,"Кнопки, механическое заедание кнопки",CSH,2024,,,,,,
3,13224775,2024-02-16 02:52:00,Свердловская,"СВЕРД, ШЧ-13","1шт ч(к учету 0,03ч)",,,"Кнопки, подгар, сваривание контактов",CSH,2024,0.0,"0,03ч",,,,
3,13225448,2024-02-16 12:01:00,Свердловская,"СВЕРД, ШЧ-18",,,,"Контактная система, подгар контактов",CSH,2024,,,,,,
3,13225633,2024-02-16 12:13:00,Свердловская,"СВЕРД, ШЧ-7",,,,"Автопереключатель, индевение контактов",CSH,2024,,,,,,
3,13225535,2024-02-16 12:40:00,Свердловская,"СВЕРД, ШЧ-18",,,,Отсутствие,CSH,2024,,,,,,
3,13225957,2024-02-17 00:15:00,Свердловская,"СВЕРД, ИЧ ЕГОРШИНСКАЯ Ш",,,,"Тиристоры, обрыв",CSH,2024,,,,,,
3,13226032,2024-02-17 01:08:00,Свердловская,"СВЕРД, ИЧ ЕГОРШИНСКАЯ Ш",,,,"Жилы, внутренний обрыв",CSH,2024,,,,,,
3,13226579,2024-02-17 10:46:00,Свердловская,"СВЕРД, ШЧ-2",,,,"Контактная система, сваривание контактов",CSH,2024,,,,,,
1,13226660,2024-02-17 15:17:00,Свердловская,"СВЕРД, ШЧ-20","1шт ч(к учету 1,33ч)",,,Излом кляммера,CSH,2024,1.0,"1,33ч",,,,
2,13226754,2024-02-17 17:35:00,Свердловская,"СВЕРД, ШЧ-16","1шт ч(к учету 0,97ч)",,"1шт ч(к учету 0,12)ч",Асимметрия тягового тока,CSH,2024,0.0,"0,97ч",,,0.0,
3,13227134,2024-02-18 06:40:00,Свердловская,"СВЕРД, ШЧ-9",,,,Излом провода под гайкой,CSH,2024,,,,,,
1,13227572,2024-02-18 17:40:00,Свердловская,"СВЕРД, ШЧ-7","6шт (к учету 3) ч(к учету 2,92ч)","5шт (к учету 4) ч(к учету 0,8ч)",,"Трансформатор, обрыв обмотки",CSH,2024,3.0,"2,92ч",4.0,"0,8ч",,
3,13228253,2024-02-19 09:46:00,Свердловская,"СВЕРД, ШЧ-5",,,,"Лампы, перегорание основной нити",CSH,2024,,,,,,
2,13228612,2024-02-19 13:40:00,Свердловская,"СВЕРД, ШЧ-20","3шт (к учету 2) ч(к учету 1,48ч)","1шт ч(к учету 0,1ч)",,Излом штепселя,CSH,2024,2.0,"1,48ч",0.0,"0,1ч",,
2,13228739,2024-02-19 14:03:00,Свердловская,"СВЕРД, ИЧ ЧУСОВСКАЯ Ш",,,"2шт ч(к учету 0,25)ч","Жилы, обрыв",CSH,2024,,,,,0.0,
3,13228795,2024-02-19 15:55:00,Свердловская,"СВЕРД, ШЧ-7",,,,Отсутствие,CSH,2024,,,,,,
2,13228916,2024-02-19 19:46:00,Свердловская,"СВЕРД, ШЧ-22","2шт ч(к учету 1,23ч)",,,"Транзистор, короткое замыкание",CSH,2024,1.0,"1,23ч",,,,
1,13229267,2024-02-20 05:12:00,Свердловская,"СВЕРД, ИЧ ЧУСОВСКАЯ Ш","1шт ч(к учету 1,07ч)",,"2шт (к учету 1) ч(к учету 1,98)ч","Контактная система, потеря контакта",CSH,2024,1.0,"1,07ч",,,1.0,
3,13231067,2024-02-21 09:40:00,Свердловская,"СВЕРД, ШЧ-5",,,,"Срабатывание (перегорание), короткое замыкание в цепи",CSH,2024,,,,,,
2,13231136,2024-02-21 09:50:00,Свердловская,"СВЕРД, ШЧ-9",,,"1шт ч(к учету 0,1)ч","Жилы, обрыв",CSH,2024,,,,,0.0,
3,13231604,2024-02-21 11:46:00,Свердловская,"СВЕРД, ШЧ-1 (Р)",,,,"Контактная система, увеличенное сопротивление контакта",CSH,2024,,,,,,
3,13232290,2024-02-22 03:34:00,Свердловская,"СВЕРД, ШЧ-17",,,,"Срабатывание (перегорание), воздействие тягового тока",CSH,2024,,,,,,
3,13232831,2024-02-22 11:38:00,Свердловская,"СВЕРД, ШЧ-13",,,,Неисправность устройства сопряжения с объектами,CSH,2024,,,,,,
2,13234004,2024-02-23 20:49:00,Свердловская,"СВЕРД, ШЧ-8 (Р)",,"1шт ч(к учету 0,1ч)",,"Контактная система, подгар контактов",CSH,2024,,,0.0,"0,1ч",,
2,13234298,2024-02-24 06:58:00,Свердловская,"СВЕРД, ИЧ ЧУСОВСКАЯ Ш",,,"1шт ч(к учету 0,13)ч","Автопереключатель, разрегулировка контактов",CSH,2024,,,,,0.0,
1,13234827,2024-02-24 19:56:00,Свердловская,"СВЕРД, ШЧ-9","7шт ч(к учету 3,45ч)",,"4шт (к учету 3) ч(к учету 0,75)ч","Нарушение контакта в разъемах блоков, прожег изоляции",CSH,2024,3.0,"3,45ч",,,3.0,
3,13234855,2024-02-24 22:13:00,Свердловская,"СВЕРД, ШЧ-5",,,,"Основная обмотка, короткое замыкание",CSH,2024,,,,,,
3,13235000,2024-02-25 04:00:00,Свердловская,"СВЕРД, ШЧ-9",,,,"Сигнальная обмотка, обрыв",CSH,2024,,,,,,
3,13235060,2024-02-25 06:32:00,Свердловская,"СВЕРД, ШЧ-8 (Р)",,,,"Контактная система, потеря контакта",CSH,2024,,,,,,
3,13235432,2024-02-25 15:48:00,Свердловская,"СВЕРД, ШЧ-2",,,,Излом планки,CSH,2024,,,,,,
2,13236141,2024-02-26 08:54:00,Свердловская,"СВЕРД, ШЧ-20","3шт ч(к учету 1,83ч)",,,Необеспечение электропитания подзаряда,CSH,2024,1.0,"1,83ч",,,,
2,13236142,2024-02-26 09:15:00,Свердловская,"СВЕРД, ШЧ-23","2шт ч(к учету 1,65ч)","1шт ч(к учету 0,13ч)",,"Обмотка, короткое замыкание обмотки",CSH,2024,1.0,"1,65ч",0.0,"0,13ч",,
2,13236598,2024-02-26 14:16:00,Свердловская,"СВЕРД, ШЧ-16","2шт ч(к учету 0,87ч)",,"1шт ч(к учету 0,1)ч","Автопереключатель, разрегулировка контактов",CSH,2024,0.0,"0,87ч",,,0.0,
3,13236649,2024-02-26 15:25:00,Свердловская,"СВЕРД, ШЧ-16",,,,"Обрыв троса, коррозия металла",CSH,2024,,,,,,
2,13237219,2024-02-27 04:31:00,Свердловская,"СВЕРД, ШЧ-5","7шт (к учету 6) ч(к учету 1,57ч)",,,Износ узлов и деталей внешнего замыкателя,CSH,2024,6.0,"1,57ч",,,,
2,13240794,2024-02-29 15:53:00,Свердловская,"СВЕРД, ШЧ-13","1шт ч(к учету 0,28ч)",,,"Автопереключатель, разрегулировка контактов",CSH,2024,0.0,"0,28ч",,,,
3,13241462,2024-03-01 07:59:00,Свердловская,"СВЕРД, ШЧ-23",,,,Нарушение изоляции монтажных проводов,CSH,2024,,,,,,
2,13242250,2024-03-01 15:58:00,Свердловская,"СВЕРД, ШЧ-7",,,"2шт (к учету 1) ч(к учету 0,47)ч","Жилы, внутренний обрыв",CSH,2024,,,,,1.0,
3,13242777,2024-03-02 08:40:00,Свердловская,"СВЕРД, ИЧ ЕГОРШИНСКАЯ Ш",,,,"Автопереключатель, индевение контактов",CSH,2024,,,,,,
2,13242752,2024-03-02 10:10:00,Свердловская,"СВЕРД, ШЧ-5",,,"2шт ч(к учету 0,4)ч","Автопереключатель, разрегулировка контактов",CSH,2024,,,,,0.0,
3,13244254,2024-03-04 06:45:00,Свердловская,"СВЕРД, ШЧ-17",,,,"Выпрямительные элементы, пробой",CSH,2024,,,,,,
3,13246196,2024-03-05 06:33:00,Свердловская,"СВЕРД, ШЧ-18",,,,"Нарушение контакта в клеммных колодках (резьб), плохой контакт",CSH,2024,,,,,,
3,13247895,2024-03-05 20:48:00,Свердловская,"СВЕРД, ШЧ-1 (Р)",,,,"Контактная система, подгар контактов",CSH,2024,,,,,,
3,13249993,2024-03-06 14:13:00,Свердловская,"СВЕРД, ШЧ-1 (Р)",,,,"Кнопки, подгар, сваривание контактов",CSH,2024,,,,,,
3,13250776,2024-03-06 18:58:00,Свердловская,"СВЕРД, ШЧ-3",,,,"Срабатывание, нарушение контакта штепсельного разъема, ослабление крепления",CSH,2024,,,,,,
2,13252381,2024-03-07 16:00:00,Свердловская,"СВЕРД, ШЧ-9",,,"1шт ч(к учету 0,17)ч",Неисправность,CSH,2024,,,,,0.0,
3,13254060,2024-03-10 01:35:00,Свердловская,"СВЕРД, ШЧ-1 (Р)",,,,"Контактная система, потеря контакта",CSH,2024,,,,,,
3,13254616,2024-03-10 12:53:00,Свердловская,"СВЕРД, ШЧ-1 (Р)",,,,"Контактная система, увеличенное сопротивление",CSH,2024,,,,,,
3,13256637,2024-03-12 00:41:00,Свердловская,"СВЕРД, ШЧ-13",,,,"Монтаж, ослабление крепления",CSH,2024,,,,,,
3,13256951,2024-03-12 07:08:00,Свердловская,"СВЕРД, ШЧ-2",,,,"Выключатели, наличие переходного сопротивления",CSH,2024,,,,,,
3,13258062,2024-03-12 10:03:00,Свердловская,"СВЕРД, ШЧ-1 (Р)",,,,"Контактная система, потеря контакта",CSH,2024,,,,,,
2,13259467,2024-03-13 08:50:00,Свердловская,"СВЕРД, ШЧ-23",,"1шт ч(к учету 0,37ч)",,"Электродвигатель, постоянного тока (МСП, ДСП), обрыв внутреннего монтажа",CSH,2024,,,0.0,"0,37ч",,
3,13260374,2024-03-13 19:58:00,Свердловская,"СВЕРД, ИЧ ЧУСОВСКАЯ Ш",,,,Коррозия,CSH,2024,,,,,,
3,13260455,2024-03-14 01:08:00,Свердловская,"СВЕРД, ИЧ ЕГОРШИНСКАЯ Ш",,,,"Лампы, перегорание основной нити",CSH,2024,,,,,,
2,13261920,2024-03-14 18:50:00,Свердловская,"СВЕРД, ШЧ-3",,,"1шт ч(к учету 0,12)ч",Ослабление затяжки болтов,CSH,2024,,,,,0.0,
1,13262464,2024-03-15 06:42:00,Свердловская,"СВЕРД, ШЧ-20","1шт ч(к учету 1,3ч)",,,Излом датчика УКСПС по старой трещине,CSH,2024,1.0,"1,3ч",,,,
3,13262872,2024-03-15 12:20:00,Свердловская,"СВЕРД, ШЧ-9",,,,"Жилы, обрыв",CSH,2024,,,,,,
2,13263151,2024-03-15 14:15:00,Свердловская,"СВЕРД, ШЧ-9",,,"1шт ч(к учету 0,37)ч","Срабатывание, воздействие тягового тока",CSH,2024,,,,,0.0,
3,13263178,2024-03-15 15:24:00,Свердловская,"СВЕРД, ШЧ-13",,,,"Жилы, внутренний обрыв",CSH,2024,,,,,,
3,13263395,2024-03-15 16:15:00,Свердловская,"СВЕРД, ШЧ-8 (Р)",,,,Нарушение контакта трос/штепсель,CSH,2024,,,,,,
3,13264579,2024-03-17 07:15:00,Свердловская,"СВЕРД, ИЧ ЧУСОВСКАЯ Ш",,,,"Нарушение контакта в штепсельных розетках, неисправность контактных губок",CSH,2024,,,,,,
2,13264490,2024-03-17 08:41:00,Свердловская,"СВЕРД, ШЧ-9","1шт ч(к учету 0,48ч)",,,"Контактная система, сваривание контактов",CSH,2024,0.0,"0,48ч",,,,
3,13264879,2024-03-17 17:56:00,Свердловская,"СВЕРД, ШЧ-1 (Р)",,,,"Электродвигатель, постоянного тока (МСП, ДСП), обрыв внутреннего монтажа",CSH,2024,,,,,,
3,13265614,2024-03-18 12:36:00,Свердловская,"СВЕРД, ШЧ-5",,,,"Нарушение контакта в штепсельных розетках, излом розеток",CSH,2024,,,,,,
3,13265660,2024-03-18 13:16:00,Свердловская,"СВЕРД, ШЧ-2",,,,Обрыв монтажного провода,CSH,2024,,,,,,
3,13265884,2024-03-18 16:54:00,Свердловская,"СВЕРД, ШЧ-13",,,,"Автопереключатель, разрегулировка контактов",CSH,2024,,,,,,
2,13267013,2024-03-19 09:05:00,Свердловская,"СВЕРД, ШЧ-7","10шт (к учету 9) ч(к учету 5,03ч)","1шт ч(к учету 0,23ч)",,"Жилы, обрыв",CSH,2024,9.0,"5,03ч",0.0,"0,23ч",,
3,13271634,2024-03-19 19:37:00,Свердловская,"СВЕРД, ШЧ-2",,,,"Лампы, перегорание основной нити",CSH,2024,,,,,,
2,13268005,2024-03-20 07:19:00,Свердловская,"СВЕРД, ШЧ-8 (Р)","1шт ч(к учету 0,35ч)",,"2шт (к учету 1) ч(к учету 0,5)ч","Обмотка, обрыв",CSH,2024,0.0,"0,35ч",,,1.0,
2,13268671,2024-03-20 13:50:00,Свердловская,"СВЕРД, ШЧ-2","1шт ч(к учету 0,22ч)",,4шт (к учету 3) ч(к учету 1)ч,Нарушение контакта штепсель/рельс,CSH,2024,0.0,"0,22ч",,,3.0,
3,13270026,2024-03-21 09:40:00,Свердловская,"СВЕРД, ИЧ ЧУСОВСКАЯ Ш",,,,"Кабельный ящик, клеммная колодка резьб, плохой контакт",CSH,2024,,,,,,
3,13270277,2024-03-21 15:57:00,Свердловская,"СВЕРД, ШЧ-18",,,,"Обрыв троса, коррозия металла",CSH,2024,,,,,,
3,13271434,2024-03-22 15:52:00,Свердловская,"СВЕРД, ШЧ-1 (Р)",,,,"Обмотка, обрыв",CSH,2024,,,,,,
2,13271628,2024-03-22 21:54:00,Свердловская,"СВЕРД, ШЧ-1 (Р)","6шт ч(к учету 2,47ч)",,,"Контрольные линейки, ослабление крепления",CSH,2024,2.0,"2,47ч",,,,
1,13271688,2024-03-23 00:30:00,Свердловская,"СВЕРД, ШЧ-23","1шт ч(к учету 1,02ч)","4шт (к учету 3) ч(к учету 2,53ч)",,"Резистор, потеря контакта",CSH,2024,1.0,"1,02ч",3.0,"2,53ч",,
3,13272992,2024-03-24 16:25:00,Свердловская,"СВЕРД, ШЧ-8 (Р)",,,,"Электродвигатель, постоянного тока (МСП, ДСП), неисправность щеточного узла",CSH,2024,,,,,,
2,13277498,2024-03-27 13:21:00,Свердловская,"СВЕРД, ШЧ-23","1шт ч(к учету 0,43ч)",,,"Обмотка, обрыв обмотки",CSH,2024,0.0,"0,43ч",,,,
3,13277605,2024-03-27 21:17:00,Свердловская,"СВЕРД, ШЧ-20",,,,Обрыв,CSH,2024,,,,,,
2,13278601,2024-03-28 12:53:00,Свердловская,"СВЕРД, ШЧ-2","1шт ч(к учету 0,52ч)",,"2шт ч(к учету 0,4)ч","Сигнальная обмотка, короткое замыкание",CSH,2024,0.0,"0,52ч",,,0.0,
2,13278676,2024-03-28 14:22:00,Свердловская,"СВЕРД, ШЧ-16","2шт ч(к учету 0,87ч)",,,"Срабатывание, воздействие тягового тока",CSH,2024,0.0,"0,87ч",,,,
3,13279160,2024-03-29 05:00:00,Свердловская,"СВЕРД, ШЧ-20",,,,"КБСО-К, программное обеспечение, сбой",CSH,2024,,,,,,
3,13280976,2024-03-30 20:51:00,Свердловская,"СВЕРД, ШЧ-16",,,,"Срабатывание (перегорание), коммутационные перенапряжения",CSH,2024,,,,,,
2,13281032,2024-03-30 20:57:00,Свердловская,"СВЕРД, ШЧ-2",,"2шт (к учету 1) ч(к учету 0,27ч)",,"Лампы, перегорание основной нити",CSH,2024,,,1.0,"0,27ч",,
2,13281063,2024-03-30 23:44:00,Свердловская,"СВЕРД, ШЧ-8 (Р)",,"2шт (к учету 1) ч(к учету 0,22ч)",,"Срабатывание (перегорание), несоответствие номинала",CSH,2024,,,1.0,"0,22ч",,
3,13281520,2024-03-31 13:35:00,Свердловская,"СВЕРД, ИЧ ЧУСОВСКАЯ Ш",,,,"Лампы, перегорание основной нити",CSH,2024,,,,,,
2,13282112,2024-04-01 07:48:00,Свердловская,"СВЕРД, ИЧ ЧУСОВСКАЯ Ш",,,"1шт ч(к учету 0,42)ч","Изоляция, понижение сопротивления",CSH,2024,,,,,0.0,
3,13282694,2024-04-01 12:33:00,Свердловская,"СВЕРД, ШЧ-17",,,,"Срабатывание, воздействие тягового тока",CSH,2024,,,,,,
3,13283257,2024-04-01 12:43:00,Свердловская,"СВЕРД, ИЧ ЧУСОВСКАЯ Ш",,,,"Нарушение контакта в разъемах блоков, прожег изоляции",CSH,2024,,,,,,
3,13283944,2024-04-02 08:19:00,Свердловская,"СВЕРД, ШЧ-7",,,,"Лампочки индикации, перегорание",CSH,2024,,,,,,
3,13290301,2024-04-04 13:35:00,Свердловская,"СВЕРД, ШЧ-1 (Р)",,,,"Монтаж, обрыв монтажного провода",CSH,2024,,,,,,
3,13290981,2024-04-04 15:25:00,Свердловская,"СВЕРД, ИЧ ЕГОРШИНСКАЯ Ш",,,,"Срабатывание, несоответствие номинала",CSH,2024,,,,,,
3,13291071,2024-04-04 18:08:00,Свердловская,"СВЕРД, ШЧ-7",,,,Асимметрия тягового тока,CSH,2024,,,,,,
2,13294178,2024-04-06 09:53:00,Свердловская,"СВЕРД, ШЧ-8 (Р)",,,"1шт ч(к учету 0,22)ч","Электродвигатель, постоянного тока (МСП, ДСП), обрыв обмотки якоря",CSH,2024,,,,,0.0,
3,13294461,2024-04-06 18:01:00,Свердловская,"СВЕРД, ШЧ-9",,,,"Остальные, неисправность",CSH,2024,,,,,,
2,13294529,2024-04-06 19:47:00,Свердловская,"СВЕРД, ШЧ-3","5шт ч(к учету 3,87ч)","4шт (к учету 3) ч(к учету 0,55ч)",,"Остальные, неисправность дужки",CSH,2024,3.0,"3,87ч",3.0,"0,55ч",,
1,13294604,2024-04-06 22:01:00,Свердловская,"СВЕРД, ШЧ-20","7шт (к учету 5) ч(к учету 8,1ч)","1шт ч(к учету 0,15ч)",,Короткое замыкание пластин,CSH,2024,5.0,"8,1ч",0.0,"0,15ч",,
3,13296503,2024-04-08 10:09:00,Свердловская,"СВЕРД, ШЧ-5",,,,"Основная обмотка, короткое замыкание",CSH,2024,,,,,,
3,13296545,2024-04-08 10:28:00,Свердловская,"СВЕРД, ШЧ-16",,,,Люфт в соединении более допуска с контрольной серьгой,CSH,2024,,,,,,
3,13297858,2024-04-08 22:08:00,Свердловская,"СВЕРД, ШЧ-1 (Р)",,,,"Обмотка, обрыв обмотки",CSH,2024,,,,,,
3,13300361,2024-04-09 18:57:00,Свердловская,"СВЕРД, ШЧ-20",,,,"Нарушение контакта в разъемах блоков, сообщение",CSH,2024,,,,,,
3,13301261,2024-04-10 07:00:00,Свердловская,"СВЕРД, ИЧ ЧУСОВСКАЯ Ш",,,,"Сигнальная обмотка, обрыв",CSH,2024,,,,,,
2,13301260,2024-04-10 08:50:00,Свердловская,"СВЕРД, ШЧ-13",,"1шт ч(к учету 0,1ч)",,"Нарушение контакта в штепсельных розетках, неисправность контактных губок",CSH,2024,,,0.0,"0,1ч",,
3,13301882,2024-04-10 12:16:00,Свердловская,"СВЕРД, ШЧ-9",,,,"Автопереключатель, излом контактных колодок",CSH,2024,,,,,,
2,13301880,2024-04-10 12:23:00,Свердловская,"СВЕРД, ИЧ ЧУСОВСКАЯ Ш",,"1шт ч(к учету 0,17ч)",,"Нарушение контакта в разъемах блоков, неисправность контактных губок",CSH,2024,,,0.0,"0,17ч",,
3,13305508,2024-04-11 20:27:00,Свердловская,"СВЕРД, ШЧ-2",,,,Нарушение контакта,CSH,2024,,,,,,
2,13306102,2024-04-12 06:25:00,Свердловская,"СВЕРД, ШЧ-2",,,"4шт (к учету 2) ч(к учету 0,5)ч","Нарушение контакта в штепсельных розетках, замятие контакта",CSH,2024,,,,,2.0,
3,13306940,2024-04-12 11:46:00,Свердловская,"СВЕРД, ШЧ-16",,,,Нарушение контакта штепсель/рельс,CSH,2024,,,,,,
3,13308752,2024-04-14 06:00:00,Свердловская,"СВЕРД, ШЧ-17",,,,"Срабатывание, воздействие тягового тока",CSH,2024,,,,,,
2,13311063,2024-04-15 19:33:00,Свердловская,"СВЕРД, ШЧ-1 (Р)",,,"2шт ч(к учету 0,42)ч","Основная обмотка, короткое замыкание",CSH,2024,,,,,0.0,
2,13311284,2024-04-16 01:15:00,Свердловская,"СВЕРД, ШЧ-3","5шт (к учету 4) ч(к учету 2,78ч)",,,"Срабатывание (перегорание), несоответствие номинала",CSH,2024,4.0,"2,78ч",,,,
3,13311381,2024-04-16 04:25:00,Свердловская,"СВЕРД, ШЧ-22",,,,"Контактная система, увеличенное сопротивление",CSH,2024,,,,,,
2,13312515,2024-04-16 14:58:00,Свердловская,"СВЕРД, ШЧ-2",,,"4шт (к учету 2) ч(к учету 0,52)ч","Жилы, обрыв",CSH,2024,,,,,2.0,
2,13312698,2024-04-16 16:35:00,Свердловская,"СВЕРД, ШЧ-23","1шт ч(к учету 0,3ч)","3шт (к учету 2) ч(к учету 0,68ч)",,"Контактная система, подгар контактов",CSH,2024,0.0,"0,3ч",2.0,"0,68ч",,
3,13317973,2024-04-16 18:37:00,Свердловская,"СВЕРД, ШЧ-16","1шт ч(к учету 0,12ч)",,,"Жилы, внутренний обрыв",CSH,2024,0.0,"0,12ч",,,,
3,13315160,2024-04-18 03:46:00,Свердловская,"СВЕРД, ШЧ-7",,,,"Электродвигатель, постоянного тока (МСП, ДСП), неисправность щеточного узла",CSH,2024,,,,,,
3,13315601,2024-04-18 09:00:00,Свердловская,"СВЕРД, ШЧ-16",,,,"Обрыв троса, коррозия металла",CSH,2024,,,,,,
2,13316275,2024-04-18 12:30:00,Свердловская,"СВЕРД, ШЧ-16",,,"1шт ч(к учету 0,1)ч",Снижение емкости ниже номинальной,CSH,2024,,,,,0.0,
3,13317346,2024-04-18 23:06:00,Свердловская,"СВЕРД, ШЧ-2",,,,"Жилы, внутренний обрыв",CSH,2024,,,,,,
2,13317570,2024-04-19 09:44:00,Свердловская,"СВЕРД, ШЧ-5","7шт (к учету 4) ч(к учету 4,15ч)",,"4шт (к учету 2) ч(к учету 0,97)ч","Нарушение контакта в разъемах блоков, излом розеток",CSH,2024,4.0,"4,15ч",,,2.0,
3,13318804,2024-04-20 08:30:00,Свердловская,"СВЕРД, ШЧ-1 (Р)",,,,"Контактная система, увеличенное сопротивление контакта",CSH,2024,,,,,,
2,13318867,2024-04-20 09:10:00,Свердловская,"СВЕРД, ШЧ-16",,,"1шт ч(к учету 0,22)ч",Короткое замыкание монтажа,CSH,2024,,,,,0.0,
3,13319133,2024-04-20 12:54:00,Свердловская,"СВЕРД, ШЧ-17",,,,"Контактная система, сваривание контактов",CSH,2024,,,,,,
3,13319182,2024-04-20 14:10:00,Свердловская,"СВЕРД, ИЧ ЧУСОВСКАЯ Ш",,,,"Конденсатор, обрыв",CSH,2024,,,,,,
2,13350258,2024-04-20 18:43:00,Свердловская,"СВЕРД, ШЧ-1 (Р)",,,"1шт ч(к учету 0,1)ч","Нарушение контакта в штепсельных розетках, замятие контакта",CSH,2024,,,,,0.0,
1,13320404,2024-04-21 12:43:00,Свердловская,"СВЕРД, ШЧ-2","38шт (к учету 21) ч(к учету 19,83ч)","1шт ч(к учету 0,1ч)","3шт (к учету 2) ч(к учету 2,75)ч","Жилы, внутренний обрыв",CSH,2024,21.0,"19,83ч",0.0,"0,1ч",2.0,
2,13321147,2024-04-22 02:00:00,Свердловская,"СВЕРД, ШЧ-9","3шт ч(к учету 1,67ч)",,"1шт ч(к учету 0,25)ч","Жилы, обрыв",CSH,2024,1.0,"1,67ч",,,0.0,
1,13322120,2024-04-22 12:33:00,Свердловская,"СВЕРД, ШЧ-20","2шт ч(к учету 1,35ч)",,,Неисправность монтажа,CSH,2024,1.0,"1,35ч",,,,
3,13337030,2024-04-23 02:15:00,Свердловская,"СВЕРД, ШЧ-5","3шт (к учету 2) ч(к учету 0,47ч)",,,"Нарушение контакта в штепсельных розетках, неисправность контактных губок",CSH,2024,2.0,"0,47ч",,,,
3,13324834,2024-04-23 23:44:00,Свердловская,"СВЕРД, ШЧ-7",,,,"Нарушение контакта в штепсельных розетках, неисправность контактных губок",CSH,2024,,,,,,
2,13325022,2024-04-24 02:45:00,Свердловская,"СВЕРД, ШЧ-22","1шт ч(к учету 0,28ч)","1шт ч(к учету 0,28ч)",,"Конденсатор, снижение емкости",CSH,2024,0.0,"0,28ч",0.0,"0,28ч",,
3,13326349,2024-04-24 13:11:00,Свердловская,"СВЕРД, ШЧ-18",,,,"Нарушение контакта в разъемах блоков, неисправность контактных губок",CSH,2024,,,,,,
3,13326524,2024-04-24 14:06:00,Свердловская,"СВЕРД, ШЧ-1 (Р)",,,,"Срабатывание, несоответствие номинала",CSH,2024,,,,,,
2,13330225,2024-04-26 12:58:00,Свердловская,"СВЕРД, ИЧ ЕГОРШИНСКАЯ Ш",,,"1шт ч(к учету 0,15)ч","Нарушение контакта в штепсельных розетках, излом розеток",CSH,2024,,,,,0.0,
1,13330715,2024-04-26 15:01:00,Свердловская,"СВЕРД, ШЧ-20","3шт ч(к учету 3,83ч)",,,"Курбельный контакт, потеря контакта",CSH,2024,3.0,"3,83ч",,,,
2,13339220,2024-04-26 15:46:00,Свердловская,"СВЕРД, ШЧ-8 (Р)","1шт ч(к учету 0,25ч)",,,"Контактная система, Потеря контакта",CSH,2024,0.0,"0,25ч",,,,
2,13331055,2024-04-26 19:06:00,Свердловская,"СВЕРД, ШЧ-3",,,"1шт ч(к учету 0,12)ч","Нарушение контакта в съемных платах, излом розеток",CSH,2024,,,,,0.0,
2,13331043,2024-04-27 01:17:00,Свердловская,"СВЕРД, ИЧ ЧУСОВСКАЯ Ш","1шт ч(к учету 0,82ч)",,"1шт ч(к учету 0,1)ч","Обрыв троса, коррозия металла",CSH,2024,0.0,"0,82ч",,,0.0,
3,13335912,2024-05-01 10:13:00,Свердловская,"СВЕРД, ШЧ-9",,,,Излом провода под гайкой,CSH,2024,,,,,,
2,13336531,2024-05-02 02:53:00,Свердловская,"СВЕРД, ШЧ-1 (Р)",,,"1шт ч(к учету 0,13)ч","Контактная система, сваривание",CSH,2024,,,,,0.0,
2,13339893,2024-05-03 11:38:00,Свердловская,"СВЕРД, ШЧ-16","6шт (к учету 5) ч(к учету 2,48ч)","3шт ч(к учету 2,23ч)","1шт ч(к учету 0,15)ч","Срабатывание, воздействие тягового тока",CSH,2024,5.0,"2,48ч",2.0,"2,23ч",0.0,
3,13340903,2024-05-04 00:20:00,Свердловская,"СВЕРД, ШЧ-2",,,,"DEM, сбой программного обеспечения",CSH,2024,,,,,,
2,13341323,2024-05-04 09:41:00,Свердловская,"СВЕРД, ШЧ-7","1шт ч(к учету 0,17ч)","1шт ч(к учету 0,22ч)",,Нарушение контакта штепсель/рельс,CSH,2024,0.0,"0,17ч",0.0,"0,22ч",,
3,13342183,2024-05-05 03:12:00,Свердловская,"СВЕРД, ИЧ ЕГОРШИНСКАЯ Ш","1шт ч(к учету 0,22ч)",,,Ослабление затяжки болтов,CSH,2024,0.0,"0,22ч",,,,
2,13345480,2024-05-06 18:32:00,Свердловская,"СВЕРД, ШЧ-13","1шт ч(к учету 0,37ч)","1шт ч(к учету 0,23ч)","1шт ч(к учету 0,1)ч",Неисправность АКБ,CSH,2024,0.0,"0,37ч",0.0,"0,23ч",0.0,
2,13345782,2024-05-07 04:40:00,Свердловская,"СВЕРД, ИЧ ЕГОРШИНСКАЯ Ш",,,"1шт ч(к учету 0,15)ч","Конденсатор, снижение емкости конденсатора",CSH,2024,,,,,0.0,
2,13348223,2024-05-07 18:23:00,Свердловская,"СВЕРД, ШЧ-18",,"1шт ч(к учету 0,25ч)",,"Нарушение контакта в штепсельных розетках, неисправность контактных губок",CSH,2024,,,0.0,"0,25ч",,
2,13348400,2024-05-07 21:46:00,Свердловская,"СВЕРД, ШЧ-20","6шт (к учету 2) ч(к учету 2,05ч)",,,Повреждение пайки выводов клемм,CSH,2024,2.0,"2,05ч",,,,
2,13350399,2024-05-08 13:40:00,Свердловская,"СВЕРД, ШЧ-17","1шт ч(к учету 0,22ч)",,"1шт ч(к учету 0,35)ч",Обрыв монтажного провода,CSH,2024,0.0,"0,22ч",,,0.0,
2,13351042,2024-05-08 22:21:00,Свердловская,"СВЕРД, ШЧ-9","15шт (к учету 9) ч(к учету 8,23ч)",,,Неисправность,CSH,2024,9.0,"8,23ч",,,,
3,13351515,2024-05-09 17:31:00,Свердловская,"СВЕРД, ШЧ-16",,,,"Срабатывание, воздействие тягового тока",CSH,2024,,,,,,
2,13351579,2024-05-09 18:32:00,Свердловская,"СВЕРД, ШЧ-18","3шт ч(к учету 1,97ч)",,,Нарушение изоляции монтажных проводов,CSH,2024,1.0,"1,97ч",,,,
2,13351828,2024-05-09 20:50:00,Свердловская,"СВЕРД, ШЧ-16","6шт ч(к учету 2,37ч)",,,"Сигнальная обмотка, короткое замыкание",CSH,2024,2.0,"2,37ч",,,,
3,13356578,2024-05-10 03:45:00,Свердловская,"СВЕРД, ШЧ-1 (Р)",,,,"Конденсатор, снижение емкости",CSH,2024,,,,,,
3,13352749,2024-05-11 00:39:00,Свердловская,"СВЕРД, ШЧ-2",,,,"Автопереключатель, излом пружин автопереключателя",CSH,2024,,,,,,
3,13353007,2024-05-11 09:14:00,Свердловская,"СВЕРД, ШЧ-7",,,,"Диод, обрыв",CSH,2024,,,,,,
3,13353153,2024-05-11 10:51:00,Свердловская,"СВЕРД, ИЧ ЧУСОВСКАЯ Ш",,,,Нарушение изоляции,CSH,2024,,,,,,
2,13353341,2024-05-11 14:36:00,Свердловская,"СВЕРД, ШЧ-8 (Р)","1шт ч(к учету 0,27ч)","1шт ч(к учету 0,1ч)",,"Внутренний монтаж, короткое замыкание",CSH,2024,0.0,"0,27ч",0.0,"0,1ч",,
2,13354432,2024-05-12 17:28:00,Свердловская,"СВЕРД, ШЧ-1 (Р)",,,"1шт ч(к учету 0,52)ч","Срабатывание (перегорание), несоответствие номинала",CSH,2024,,,,,0.0,
2,13354897,2024-05-13 04:24:00,Свердловская,"СВЕРД, ИЧ ЕГОРШИНСКАЯ Ш",,,"1шт ч(к учету 0,17)ч","Тиристоры, обрыв",CSH,2024,,,,,0.0,
2,13355006,2024-05-13 05:30:00,Свердловская,"СВЕРД, ШЧ-17","2шт ч(к учету 0,88ч)",,,"Обрыв, коррозия металла",CSH,2024,0.0,"0,88ч",,,,
3,13355233,2024-05-13 07:26:00,Свердловская,"СВЕРД, ИЧ ЕГОРШИНСКАЯ Ш",,,,Неисправность устройств электроснабжения,CSH,2024,,,,,,
1,13355529,2024-05-13 08:30:00,Свердловская,"СВЕРД, ШЧ-1 (Р)","18шт ч(к учету 13,08ч)",,,"Механические повреждения подразделениями ОАО ""РЖД""",CSH,2024,13.0,"13,08ч",,,,
2,13355999,2024-05-13 10:49:00,Свердловская,"СВЕРД, ИЧ ЧУСОВСКАЯ Ш",,,"1шт ч(к учету 0,1)ч","Жилы, окисление",CSH,2024,,,,,0.0,
3,13358072,2024-05-13 23:59:00,Свердловская,"СВЕРД, ШЧ-2",,,,"Лампы, перегорание основной нити",CSH,2024,,,,,,
3,13357975,2024-05-14 12:49:00,Свердловская,"СВЕРД, ШЧ-8 (Р)",,,,"Нарушение контакта в разъемах блоков, сообщение",CSH,2024,,,,,,
3,13358077,2024-05-14 13:30:00,Свердловская,"СВЕРД, ШЧ-23",,,,"Срабатывание (перегорание), воздействие тягового тока",CSH,2024,,,,,,
1,13358834,2024-05-14 21:39:00,Свердловская,"СВЕРД, ШЧ-5","5шт (к учету 4) ч(к учету 2,77ч)","1шт ч(к учету 0,18ч)",,"Жилы, обрыв",CSH,2024,4.0,"2,77ч",0.0,"0,18ч",,
2,13359703,2024-05-15 09:39:00,Свердловская,"СВЕРД, ШЧ-5",,,"2шт (к учету 1) ч(к учету 0,33)ч",Обрыв,CSH,2024,,,,,1.0,
1,13360140,2024-05-15 11:00:00,Свердловская,"СВЕРД, ШЧ-8 (Р)","10шт (к учету 9) ч(к учету 7,52ч)","2шт (к учету 1) ч(к учету 0,4ч)",,"Диод, пробой",CSH,2024,9.0,"7,52ч",1.0,"0,4ч",,
1,13361884,2024-05-16 10:38:00,Свердловская,"СВЕРД, ШЧ-7","4шт ч(к учету 2,73ч)","1шт ч(к учету 0,1ч)",,Потеря контакта в соединениях датчика,CSH,2024,2.0,"2,73ч",0.0,"0,1ч",,
2,13363419,2024-05-17 10:10:00,Свердловская,"СВЕРД, ШЧ-20",,"1шт ч(к учету 0,22ч)",,"Контактная система, подгар контактов",CSH,2024,,,0.0,"0,22ч",,
2,13364613,2024-05-18 07:06:00,Свердловская,"СВЕРД, ШЧ-8 (Р)","1шт ч(к учету 0,78ч)",,,"Контактная система, потеря контакта",CSH,2024,0.0,"0,78ч",,,,
3,13365880,2024-05-19 10:12:00,Свердловская,"СВЕРД, ШЧ-2",,,,"Лампы, перегорание основной нити",CSH,2024,,,,,,
3,13373821,2024-05-19 20:25:00,Свердловская,"СВЕРД, ШЧ-20","1шт ч(к учету 0,23ч)",,,"Контактная система, подгар контактов",CSH,2024,0.0,"0,23ч",,,,
2,13368076,2024-05-21 05:10:00,Свердловская,"СВЕРД, ШЧ-20",,"2шт ч(к учету 0,57ч)",,"Нарушение контакта в штепсельных розетках, излом розеток",CSH,2024,,,0.0,"0,57ч",,
2,13368805,2024-05-21 11:28:00,Свердловская,"СВЕРД, ШЧ-16","1шт ч(к учету 0,9ч)",,,"Лампочки индикации, неисправность ячеек индикации",CSH,2024,0.0,"0,9ч",,,,
3,13369117,2024-05-21 13:00:00,Свердловская,"СВЕРД, ШЧ-17",,,,"Срабатывание, воздействие тягового тока",CSH,2024,,,,,,
2,13371098,2024-05-22 12:00:00,Свердловская,"СВЕРД, ШЧ-1 (Р)","5шт ч(к учету 1,4ч)","5шт (к учету 2) ч(к учету 0,87ч)",,Нарушение контакта трос/наконечник,CSH,2024,1.0,"1,4ч",2.0,"0,87ч",,
2,13371921,2024-05-23 08:02:00,Свердловская,"СВЕРД, ШЧ-20","2шт ч(к учету 0,55ч)",,,Короткое замыкание пластин,CSH,2024,0.0,"0,55ч",,,,
3,13372376,2024-05-23 11:30:00,Свердловская,"СВЕРД, ШЧ-23",,,,"Срабатывание (перегорание), воздействие тягового тока",CSH,2024,,,,,,
3,13372626,2024-05-23 14:55:00,Свердловская,"СВЕРД, ШЧ-5",,,,"Контактная система, подгар контактов",CSH,2024,,,,,,
3,13379493,2024-05-23 15:52:00,Свердловская,"СВЕРД, ШЧ-16","1шт ч(к учету 0,23ч)",,,"Резистор, обрыв",CSH,2024,0.0,"0,23ч",,,,
3,13372757,2024-05-23 16:15:00,Свердловская,"СВЕРД, ШЧ-20",,,,Нарушение контакта трос/штепсель,CSH,2024,,,,,,
3,13373167,2024-05-24 01:41:00,Свердловская,"СВЕРД, ШЧ-9",,,,"Обмотка, короткое замыкание обмотки",CSH,2024,,,,,,
3,13373211,2024-05-24 02:31:00,Свердловская,"СВЕРД, ШЧ-8 (Р)",,,,"Диод, короткое замыкание",CSH,2024,,,,,,
2,13375943,2024-05-26 17:04:00,Свердловская,"СВЕРД, ИЧ ЧУСОВСКАЯ Ш",,,"2шт (к учету 1) ч(к учету 1,12)ч","Пакетные переключатели, некачественная пайка",CSH,2024,,,,,1.0,
3,13376195,2024-05-27 01:44:00,Свердловская,"СВЕРД, ШЧ-2",,,,"Срабатывание (перегорание), воздействие тягового тока",CSH,2024,,,,,,
2,13379145,2024-05-28 19:56:00,Свердловская,"СВЕРД, ШЧ-7","11шт (к учету 10) ч(к учету 6,05ч)","8шт (к учету 4) ч(к учету 2,12ч)",,"Жилы, внутренний обрыв",CSH,2024,10.0,"6,05ч",4.0,"2,12ч",,
3,13379684,2024-05-29 10:35:00,Свердловская,"СВЕРД, ШЧ-9",,,,"Обмотка, короткое замыкание",CSH,2024,,,,,,
3,13381915,2024-05-30 08:38:00,Свердловская,"СВЕРД, ШЧ-5",,,,"Лампы, перегорание основной нити",CSH,2024,,,,,,
2,13381780,2024-05-30 14:26:00,Свердловская,"СВЕРД, ШЧ-3","3шт ч(к учету 0,98ч)",,"2шт ч(к учету 0,52)ч","Обрыв троса, внешнее воздействие",CSH,2024,0.0,"0,98ч",,,0.0,
2,13382139,2024-05-30 19:42:00,Свердловская,"СВЕРД, ИЧ ЧУСОВСКАЯ Ш",,,"1шт ч(к учету 0,17)ч","Трансформаторы, короткое замыкание обмотки",CSH,2024,,,,,0.0,
2,13382320,2024-05-31 02:27:00,Свердловская,"СВЕРД, ШЧ-1 (Р)",,"2шт (к учету 1) ч(к учету 0,3ч)",,"Срабатывание, нарушение контакта штепсельного разъема, некачественная пайка",CSH,2024,,,1.0,"0,3ч",,
3,13382631,2024-05-31 08:10:00,Свердловская,"СВЕРД, ШЧ-9",,,,"Остальные, неисправность",CSH,2024,,,,,,
2,13382897,2024-05-31 10:56:00,Свердловская,"СВЕРД, ШЧ-5","2шт ч(к учету 1,9ч)",,,"Кнопки, потеря контакта в штепсельном разъеме",CSH,2024,1.0,"1,9ч",,,,
2,13384253,2024-06-01 15:17:00,Свердловская,"СВЕРД, ШЧ-3","7шт ч(к учету 6,32ч)","2шт ч(к учету 0,45ч)","3шт (к учету 2) ч(к учету 0,68)ч",Неисправность колодки,CSH,2024,6.0,"6,32ч",0.0,"0,45ч",2.0,
3,13384626,2024-06-02 03:08:00,Свердловская,"СВЕРД, ИЧ ЕГОРШИНСКАЯ Ш",,,,"Лампы, перегорание основной нити",CSH,2024,,,,,,
2,13385295,2024-06-02 19:19:00,Свердловская,"СВЕРД, ШЧ-7",,"3шт ч(к учету 0,67ч)",,Износ узлов и деталей внешнего замыкателя,CSH,2024,,,0.0,"0,67ч",,
2,13385388,2024-06-02 22:21:00,Свердловская,"СВЕРД, ШЧ-17","4шт ч(к учету 1,78ч)",,,Нарушение изоляции,CSH,2024,1.0,"1,78ч",,,,
3,13385765,2024-06-03 07:26:00,Свердловская,"СВЕРД, ШЧ-9",,,,Нарушение контакта трос/штепсель,CSH,2024,,,,,,
3,13385894,2024-06-03 08:13:00,Свердловская,"СВЕРД, ШЧ-16",,,,"Контрольные линейки, ослабление крепления",CSH,2024,,,,,,
2,13386048,2024-06-03 08:46:00,Свердловская,"СВЕРД, ИЧ ЕГОРШИНСКАЯ Ш","1шт ч(к учету 0,98ч)",,,"Жилы, сообщение",CSH,2024,0.0,"0,98ч",,,,
2,13386131,2024-06-03 10:03:00,Свердловская,"СВЕРД, ИЧ ЧУСОВСКАЯ Ш","14шт (к учету 1) ч(к учету 2,8ч)",,"1шт ч(к учету 0,1)ч","Нарушение контакта в разъемах блоков, неисправность контактных губок",CSH,2024,1.0,"2,8ч",,,0.0,
3,13387028,2024-06-03 12:10:00,Свердловская,"СВЕРД, ШЧ-2",,,,"Срабатывание, воздействие тягового тока",CSH,2024,,,,,,
2,13388504,2024-06-04 12:32:00,Свердловская,"СВЕРД, ШЧ-9","1шт ч(к учету 0,38ч)",,"1шт ч(к учету 0,15)ч","Жилы, обрыв",CSH,2024,0.0,"0,38ч",,,0.0,
3,13388505,2024-06-04 13:20:00,Свердловская,"СВЕРД, ШЧ-9",,,,"Остальные, неисправность",CSH,2024,,,,,,
2,13390907,2024-06-05 13:18:00,Свердловская,"СВЕРД, ШЧ-7",,"1шт ч(к учету 0,15ч)",,Нарушение изоляции монтажных проводов,CSH,2024,,,0.0,"0,15ч",,
1,13391826,2024-06-05 19:22:00,Свердловская,"СВЕРД, ШЧ-16","6шт ч(к учету 4,95ч)",,2шт ч(к учету 1)ч,Излом контрольных тяг,CSH,2024,4.0,"4,95ч",,,1.0,
2,13398366,2024-06-06 13:00:00,Свердловская,"СВЕРД, ШЧ-22","1шт ч(к учету 0,52ч)",,,"Нарушение контакта в штепсельных розетках, неисправность контактных губок",CSH,2024,0.0,"0,52ч",,,,
1,13396734,2024-06-08 09:11:00,Свердловская,"СВЕРД, ИЧ ЕГОРШИНСКАЯ Ш","1шт ч(к учету 1,02ч)",,,"Жилы, внутренний обрыв",CSH,2024,1.0,"1,02ч",,,,
2,13396743,2024-06-08 09:35:00,Свердловская,"СВЕРД, ШЧ-2",,"3шт (к учету 2) ч(к учету 0,55ч)",,Нарушение контакта трос/штепсель,CSH,2024,,,2.0,"0,55ч",,
3,13396781,2024-06-08 10:12:00,Свердловская,"СВЕРД, ШЧ-1 (Р)",,,,"Контактная система, потеря контакта",CSH,2024,,,,,,
3,13397877,2024-06-09 13:21:00,Свердловская,"СВЕРД, ШЧ-13",,,,"Жилы, внутренний обрыв",CSH,2024,,,,,,
2,13399031,2024-06-10 10:40:00,Свердловская,"СВЕРД, ШЧ-22",,"2шт ч(к учету 0,42ч)",,"Жилы, обрыв",CSH,2024,,,0.0,"0,42ч",,
2,13398975,2024-06-10 10:45:00,Свердловская,"СВЕРД, ШЧ-5","4шт ч(к учету 3,2ч)","1шт ч(к учету 0,15ч)","1шт ч(к учету 0,15)ч","Автопереключатель, разрегулировка контактов",CSH,2024,3.0,"3,2ч",0.0,"0,15ч",0.0,
3,13401792,2024-06-11 16:13:00,Свердловская,"СВЕРД, ШЧ-2",,,,"Срабатывание (перегорание), воздействие тягового тока",CSH,2024,,,,,,
2,13402406,2024-06-11 22:35:00,Свердловская,"СВЕРД, ШЧ-2","2шт ч(к учету 1,82ч)",,,"Нарушение контакта в разъемах блоков, неисправность контактных губок",CSH,2024,1.0,"1,82ч",,,,
3,13402115,2024-06-12 02:42:00,Свердловская,"СВЕРД, ШЧ-5",,,,"Нарушение контакта в штепсельных розетках, неисправность контактных губок",CSH,2024,,,,,,
2,13409986,2024-06-12 06:58:00,Свердловская,"СВЕРД, ШЧ-8 (Р)",,,"1шт ч(к учету 0,18)ч","Нарушение контакта в штепсельных розетках, неисправность контактных губок",CSH,2024,,,,,0.0,
2,13402299,2024-06-12 08:05:00,Свердловская,"СВЕРД, ШЧ-22",,"2шт ч(к учету 0,58ч)",,Нарушение контакта штепсель/рельс,CSH,2024,,,0.0,"0,58ч",,
3,13404119,2024-06-13 13:47:00,Свердловская,"СВЕРД, ШЧ-17",,,,"Срабатывание, воздействие тягового тока",CSH,2024,,,,,,
2,13418672,2024-06-13 17:57:00,Свердловская,"СВЕРД, ШЧ-17",,"2шт (к учету 1) ч(к учету 0,43ч)","1шт ч(к учету 0,13)ч","Срабатывание, воздействие тягового тока",CSH,2024,,,1.0,"0,43ч",0.0,
2,13404706,2024-06-13 20:19:00,Свердловская,"СВЕРД, ШЧ-2",,,"1шт ч(к учету 0,23)ч","Обмотка, обрыв",CSH,2024,,,,,0.0,
3,13404707,2024-06-13 20:52:00,Свердловская,"СВЕРД, ИЧ ЕГОРШИНСКАЯ Ш",,,,Неисправность модулей КИ-6М,CSH,2024,,,,,,
3,13407053,2024-06-15 14:37:00,Свердловская,"СВЕРД, ИЧ ЕГОРШИНСКАЯ Ш",,,,"Лампы, перегорание основной нити",CSH,2024,,,,,,
2,13407717,2024-06-16 08:12:00,Свердловская,"СВЕРД, ИЧ ЧУСОВСКАЯ Ш",,,"1шт ч(к учету 0,13)ч","Резистор, обрыв",CSH,2024,,,,,0.0,
2,13408832,2024-06-17 10:30:00,Свердловская,"СВЕРД, ШЧ-18","3шт ч(к учету 2,1ч)",,,"Муфты подземные, некачественная пайка",CSH,2024,2.0,"2,1ч",,,,
3,13409722,2024-06-18 04:33:00,Свердловская,"СВЕРД, ШЧ-23",,,,"Контактная система, увеличенное сопротивление контакта",CSH,2024,,,,,,
2,13410410,2024-06-18 11:20:00,Свердловская,"СВЕРД, ШЧ-16","2шт ч(к учету 0,52ч)","2шт ч(к учету 0,27ч)",,"Стрелочный ОК, LMP, неисправность",CSH,2024,0.0,"0,52ч",0.0,"0,27ч",,
3,13411191,2024-06-18 20:47:00,Свердловская,"СВЕРД, ШЧ-1 (Р)",,,,"Конденсатор, снижение емкости",CSH,2024,,,,,,
2,13420724,2024-06-20 10:35:00,Свердловская,"СВЕРД, ШЧ-23","2шт ч(к учету 0,93ч)",,,"Не срабатывание (не перегорание), воздействие тягового тока",CSH,2024,0.0,"0,93ч",,,,
3,13413150,2024-06-20 12:04:00,Свердловская,"СВЕРД, ШЧ-9",,,,Закорачивание РЦ посторонними предметами,CSH,2024,,,,,,
3,13414738,2024-06-21 14:00:00,Свердловская,"СВЕРД, ШЧ-23",,,,"Контактная система, увеличенное сопротивление",CSH,2024,,,,,,
2,13415027,2024-06-21 23:00:00,Свердловская,"СВЕРД, ШЧ-7","4шт ч(к учету 1,97ч)",,,"Трансформаторы, короткое замыкание обмотки",CSH,2024,1.0,"1,97ч",,,,
2,13416121,2024-06-23 04:53:00,Свердловская,"СВЕРД, ИЧ ЧУСОВСКАЯ Ш",,,"1шт ч(к учету 0,3)ч",Потеря контакта в соединениях датчика,CSH,2024,,,,,0.0,
3,13416465,2024-06-23 12:03:00,Свердловская,"СВЕРД, ШЧ-22",,,,"Диод, короткое замыкание",CSH,2024,,,,,,
3,13418369,2024-06-25 00:06:00,Свердловская,"СВЕРД, ШЧ-18",,,,Нарушение контакта штепсель/рельс,CSH,2024,,,,,,
2,13419596,2024-06-25 10:35:00,Свердловская,"СВЕРД, ШЧ-16",,"1шт ч(к учету 0,17ч)",,"Контактная система, потеря контакта",CSH,2024,,,0.0,"0,17ч",,
1,13419262,2024-06-25 11:29:00,Свердловская,"СВЕРД, ИЧ ЧУСОВСКАЯ Ш","2шт ч(к учету 2,72ч)","1шт ч(к учету 0,27ч)","5шт (к учету 3) ч(к учету 1,27)ч","Трансформаторы, обрыв обмотки",CSH,2024,2.0,"2,72ч",0.0,"0,27ч",3.0,
3,13420423,2024-06-25 17:14:00,Свердловская,"СВЕРД, ШЧ-13",,,,Обрыв монтажного провода,CSH,2024,,,,,,
1,13422246,2024-06-27 09:02:00,Свердловская,"СВЕРД, ШЧ-5","9шт (к учету 7) ч(к учету 7,28ч)","1шт ч(к учету 0,27ч)","2шт ч(к учету 0,5)ч",Механические повреждения,CSH,2024,7.0,"7,28ч",0.0,"0,27ч",0.0,
3,13423204,2024-06-27 12:21:00,Свердловская,"СВЕРД, ШЧ-13",,,,Неисправность блоков питания,CSH,2024,,,,,,
3,13422717,2024-06-27 17:15:00,Свердловская,"СВЕРД, ШЧ-20",,,,Нарушение контакта штепсель/рельс,CSH,2024,,,,,,
2,13423526,2024-06-28 09:34:00,Свердловская,"СВЕРД, ШЧ-5","1шт ч(к учету 0,37ч)",,,Нарушение контакта штепсель/рельс,CSH,2024,0.0,"0,37ч",,,,
3,13424541,2024-06-29 04:25:00,Свердловская,"СВЕРД, ШЧ-5",,,,"Контактная система, подгар контактов",CSH,2024,,,,,,
3,13425457,2024-06-30 05:29:00,Свердловская,"СВЕРД, ШЧ-20",,,,"Контактная система, подгар контактов",CSH,2024,,,,,,
3,13426768,2024-07-01 12:06:00,Свердловская,"СВЕРД, ШЧ-16",,,,"Курбельный контакт, разрегулировка",CSH,2024,,,,,,
3,13427555,2024-07-01 20:25:00,Свердловская,"СВЕРД, ШЧ-17",,,,Обрыв монтажного провода,CSH,2024,,,,,,
3,13428152,2024-07-02 10:06:00,Свердловская,"СВЕРД, ШЧ-7",,,,"Лампы, перегорание основной нити",CSH,2024,,,,,,
3,13429489,2024-07-03 00:46:00,Свердловская,"СВЕРД, ИЧ ЧУСОВСКАЯ Ш",,,,"Лампы, перегорание основной нити",CSH,2024,,,,,,
1,13429648,2024-07-03 03:17:00,Свердловская,"СВЕРД, ИЧ ЕГОРШИНСКАЯ Ш","2шт ч(к учету 1,93ч)",,"1шт ч(к учету 0,12)ч","Выпрямительные элементы, пробой",CSH,2024,1.0,"1,93ч",,,0.0,
2,13430637,2024-07-03 09:33:00,Свердловская,"СВЕРД, ШЧ-7","5шт ч(к учету 2,17ч)","1шт ч(к учету 0,2ч)",,"Внутренний монтаж, короткое замыкание",CSH,2024,2.0,"2,17ч",0.0,"0,2ч",,
3,13430838,2024-07-03 10:16:00,Свердловская,"СВЕРД, ИЧ ЧУСОВСКАЯ Ш",,,,Нарушение контакта,CSH,2024,,,,,,
3,13431446,2024-07-03 13:07:00,Свердловская,"СВЕРД, ШЧ-5",,,,"Нарушение контакта в штепсельных розетках, неисправность контактных губок",CSH,2024,,,,,,
1,13431702,2024-07-03 17:27:00,Свердловская,"СВЕРД, ШЧ-5","20шт (к учету 13) ч(к учету 10,28ч)","1шт ч(к учету 0,2ч)","1шт ч(к учету 0,1)ч","Жилы, внутренний обрыв",CSH,2024,13.0,"10,28ч",0.0,"0,2ч",0.0,
2,13434763,2024-07-05 06:19:00,Свердловская,"СВЕРД, ШЧ-13",,,"1шт ч(к учету 0,1)ч","Жилы, внутренний обрыв",CSH,2024,,,,,0.0,
2,13436387,2024-07-06 01:42:00,Свердловская,"СВЕРД, ШЧ-2","8шт ч(к учету 4,83ч)",,,"Жилы, сообщение",CSH,2024,4.0,"4,83ч",,,,
3,13437321,2024-07-06 19:40:00,Свердловская,"СВЕРД, ШЧ-9",,,,"Контактная система, увеличенное сопротивление контакта",CSH,2024,,,,,,
3,13437363,2024-07-06 20:50:00,Свердловская,"СВЕРД, ШЧ-9",,,,Потеря контакта в соединениях датчика,CSH,2024,,,,,,
3,13438129,2024-07-07 15:14:00,Свердловская,"СВЕРД, ШЧ-16",,,,Нарушение контакта наконечник/вывод ДТ,CSH,2024,,,,,,
1,13438356,2024-07-07 20:31:00,Свердловская,"СВЕРД, ШЧ-2","5шт (к учету 4) ч(к учету 3,77ч)","5шт (к учету 4) ч(к учету 0,82ч)",,"Шибер, попадание посторонних предметов",CSH,2024,4.0,"3,77ч",4.0,"0,82ч",,
2,13439427,2024-07-08 10:07:00,Свердловская,"СВЕРД, ШЧ-9",,,"1шт ч(к учету 0,12)ч","Жилы, обрыв",CSH,2024,,,,,0.0,
2,13442258,2024-07-09 17:04:00,Свердловская,"СВЕРД, ИЧ ЧУСОВСКАЯ Ш","2шт ч(к учету 0,63ч)","1шт ч(к учету 0,28ч)","1шт ч(к учету 0,25)ч","Контактная система, подгар контактов",CSH,2024,0.0,"0,63ч",0.0,"0,28ч",0.0,
3,13444828,2024-07-10 20:24:00,Свердловская,"СВЕРД, ШЧ-23",,,,"Контактная система, подгар контактов",CSH,2024,,,,,,
3,13445948,2024-07-11 08:01:00,Свердловская,"СВЕРД, ШЧ-16",,,,"Монтаж, повреждение пайки выводов",CSH,2024,,,,,,
1,13448263,2024-07-12 11:38:00,Свердловская,"СВЕРД, ШЧ-3","9шт (к учету 8) ч(к учету 19,73ч)","1шт ч(к учету 0,88ч)","3шт (к учету 2) ч(к учету 0,58)ч","Обрыв троса, коррозия металла",CSH,2024,8.0,"19,73ч",0.0,"0,88ч",2.0,
1,13448921,2024-07-13 02:00:00,Свердловская,"СВЕРД, ШЧ-9","1шт ч(к учету 1,28ч)",,"1шт ч(к учету 0,63)ч","Шибер, попадание посторонних предметов",CSH,2024,1.0,"1,28ч",,,0.0,
3,13449764,2024-07-13 20:13:00,Свердловская,"СВЕРД, ШЧ-16",,,,"Нарушение контакта в съемных платах, неисправность контактных губок",CSH,2024,,,,,,
3,13449801,2024-07-13 21:50:00,Свердловская,"СВЕРД, ШЧ-7",,,,Излом повода под гайкой,CSH,2024,,,,,,
2,13449699,2024-07-13 23:40:00,Свердловская,"СВЕРД, ШЧ-18",,"1шт ч(к учету 0,17ч)",,"Внутренний монтаж, короткое замыкание",CSH,2024,,,0.0,"0,17ч",,
3,13450103,2024-07-14 11:23:00,Свердловская,"СВЕРД, ШЧ-16",,,,"Жилы, обрыв",CSH,2024,,,,,,
2,13450263,2024-07-14 17:33:00,Свердловская,"СВЕРД, ИЧ ЕГОРШИНСКАЯ Ш","3шт ч(к учету 0,67ч)",,"2шт (к учету 1) ч(к учету 0,23)ч",Нарушение контакта трос/наконечник,CSH,2024,0.0,"0,67ч",,,1.0,
2,13450393,2024-07-14 20:04:00,Свердловская,"СВЕРД, ШЧ-13","2шт ч(к учету 0,45ч)",,,"Кнопки, подгар, сваривание контактов",CSH,2024,0.0,"0,45ч",,,,
3,13453582,2024-07-16 11:13:00,Свердловская,"СВЕРД, ШЧ-13",,,,Неисправность блоков питания,CSH,2024,,,,,,
2,13452667,2024-07-16 12:59:00,Свердловская,"СВЕРД, ШЧ-20",,"2шт (к учету 1) ч(к учету 0,37ч)",,"Нарушение контакта в разъемах блоков, прожег изоляции",CSH,2024,,,1.0,"0,37ч",,
3,13453504,2024-07-17 06:23:00,Свердловская,"СВЕРД, ШЧ-9",,,,Излом повода под гайкой,CSH,2024,,,,,,
3,13454284,2024-07-17 14:43:00,Свердловская,"СВЕРД, ШЧ-1 (Р)",,,,"Контактная система, потеря контакта",CSH,2024,,,,,,
2,13454312,2024-07-17 15:37:00,Свердловская,"СВЕРД, ШЧ-17",,"1шт ч(к учету 0,12ч)","1шт ч(к учету 0,12)ч",Потеря контакта,CSH,2024,,,0.0,"0,12ч",0.0,
3,13454868,2024-07-18 04:20:00,Свердловская,"СВЕРД, ШЧ-13",,,,"Лампы, перегорание основной нити",CSH,2024,,,,,,
3,13457591,2024-07-20 09:43:00,Свердловская,"СВЕРД, ШЧ-3",,,,"Автопереключатель, излом ножевых колодок",CSH,2024,,,,,,
2,13457873,2024-07-20 14:54:00,Свердловская,"СВЕРД, ШЧ-18","1шт ч(к учету 0,68ч)",,,Нарушение контакта штепсель/рельс,CSH,2024,0.0,"0,68ч",,,,
2,13460585,2024-07-23 03:20:00,Свердловская,"СВЕРД, ИЧ ЕГОРШИНСКАЯ Ш",,,"1шт ч(к учету 0,2)ч",Нарушение контакта наконечник/вывод ДТ,CSH,2024,,,,,0.0,
2,13460871,2024-07-23 08:49:00,Свердловская,"СВЕРД, ШЧ-18","1шт ч(к учету 0,8ч)",,,Неисправность устройств электроснабжения,CSH,2024,0.0,"0,8ч",,,,
2,13461637,2024-07-23 18:41:00,Свердловская,"СВЕРД, ШЧ-5",,"2шт ч(к учету 0,2ч)","2шт ч(к учету 0,22)ч",Нарушение изоляции монтажных проводов,CSH,2024,,,0.0,"0,2ч",0.0,
3,13462917,2024-07-24 12:14:00,Свердловская,"СВЕРД, ШЧ-17",,,,"Лампы, перегорание основной нити",CSH,2024,,,,,,
3,13464506,2024-07-25 10:49:00,Свердловская,"СВЕРД, ШЧ-23",,,,"Контактная система, подгар контактов",CSH,2024,,,,,,
3,13464929,2024-07-26 03:45:00,Свердловская,"СВЕРД, ШЧ-16",,,,"Автопереключатель, разрегулировка контактов",CSH,2024,,,,,,
3,13465797,2024-07-26 17:15:00,Свердловская,"СВЕРД, ШЧ-17",,,,Нарушение контакта,CSH,2024,,,,,,
3,13465976,2024-07-26 18:06:00,Свердловская,"СВЕРД, ШЧ-9",,,,"Нарушение контакта в штепсельных розетках, неисправность контактных губок",CSH,2024,,,,,,
3,13466470,2024-07-27 13:55:00,Свердловская,"СВЕРД, ШЧ-20",,,,"Контактная система, увеличенное сопротивление контакта",CSH,2024,,,,,,
3,13467503,2024-07-28 14:48:00,Свердловская,"СВЕРД, ШЧ-13",,,,"Кнопки, потеря контакта в штепсельном разъеме",CSH,2024,,,,,,
2,13469070,2024-07-29 21:30:00,Свердловская,"СВЕРД, ШЧ-5",,"1шт ч(к учету 0,17ч)",,"Нарушение контакта в штепсельных розетках, замятие контакта",CSH,2024,,,0.0,"0,17ч",,
3,13469237,2024-07-30 01:48:00,Свердловская,"СВЕРД, ШЧ-5",,,,"Курбельный контакт, потеря контакта",CSH,2024,,,,,,
2,13469422,2024-07-30 03:48:00,Свердловская,"СВЕРД, ШЧ-2","2шт ч(к учету 1,03ч)",,"1шт ч(к учету 0,45)ч",Обрыв монтажного провода,CSH,2024,1.0,"1,03ч",,,0.0,
2,13473350,2024-07-31 02:05:00,Свердловская,"СВЕРД, ШЧ-8 (Р)","1шт ч(к учету 0,25ч)",,,"Диод, обрыв",CSH,2024,0.0,"0,25ч",,,,
3,13471006,2024-07-31 10:45:00,Свердловская,"СВЕРД, ШЧ-23",,,,"Контактная система, потеря контакта",CSH,2024,,,,,,
2,13471386,2024-07-31 15:45:00,Свердловская,"СВЕРД, ШЧ-20","2шт ч(к учету 0,77ч)",,,"Жилы, внутренний обрыв",CSH,2024,0.0,"0,77ч",,,,
3,13481257,2024-07-31 18:27:00,Свердловская,"СВЕРД, ШЧ-16",,,"1шт ч(к учету 0,05)ч","Срабатывание, воздействие тягового тока",CSH,2024,,,,,0.0,
1,13472228,2024-08-01 09:14:00,Свердловская,"СВЕРД, ШЧ-16","11шт (к учету 9) ч(к учету 13,83ч)","1шт ч(к учету 0,22ч)","1шт ч(к учету 0,12)ч",Механическое повреждение,CSH,2024,9.0,"13,83ч",0.0,"0,22ч",0.0,
3,13472788,2024-08-01 15:18:00,Свердловская,"СВЕРД, ШЧ-13",,,,Реле блока автоматического регулирования,CSH,2024,,,,,,
2,13474131,2024-08-02 13:52:00,Свердловская,"СВЕРД, ИЧ ЧУСОВСКАЯ Ш",,,"1шт ч(к учету 0,12)ч","Нарушение контакта в штепсельных розетках, неисправность контактных губок",CSH,2024,,,,,0.0,
3,13480665,2024-08-02 14:18:00,Свердловская,"СВЕРД, ШЧ-16","1шт ч(к учету 0,22ч)",,,"Обрыв троса, коррозия металла",CSH,2024,0.0,"0,22ч",,,,
3,13474717,2024-08-03 07:38:00,Свердловская,"СВЕРД, ШЧ-9",,,,"Трансформаторы, обрыв обмотки",CSH,2024,,,,,,
3,13475053,2024-08-03 11:17:00,Свердловская,"СВЕРД, ШЧ-16",,,,Нарушение контакта,CSH,2024,,,,,,
2,13475054,2024-08-03 15:20:00,Свердловская,"СВЕРД, ШЧ-17",,,"1шт ч(к учету 0,23)ч","Нарушение контакта в штепсельных розетках, неисправность контактных губок",CSH,2024,,,,,0.0,
3,13475554,2024-08-04 05:54:00,Свердловская,"СВЕРД, ШЧ-23",,,,"Контактная система, подгар контактов",CSH,2024,,,,,,
3,13479485,2024-08-06 14:23:00,Свердловская,"СВЕРД, ИЧ ЧУСОВСКАЯ Ш",,,,Нарушение контакта трос/штепсель,CSH,2024,,,,,,
2,13495438,2024-08-06 15:16:00,Свердловская,"СВЕРД, ШЧ-8 (Р)",,"3шт ч(к учету 0,6ч)","2шт ч(к учету 0,33)ч","Контактная система, увеличенное сопротивление",CSH,2024,,,0.0,"0,6ч",0.0,
3,13479918,2024-08-06 17:02:00,Свердловская,"СВЕРД, ИЧ ЕГОРШИНСКАЯ Ш",,,,"Обмотка, обрыв",CSH,2024,,,,,,
2,13480915,2024-08-07 09:33:00,Свердловская,"СВЕРД, ШЧ-7","3шт ч(к учету 1,25ч)","1шт ч(к учету 0,3ч)","1шт ч(к учету 0,32)ч","Срабатывание (перегорание), несоответствие номинала",CSH,2024,1.0,"1,25ч",0.0,"0,3ч",0.0,
3,13481986,2024-08-07 13:00:00,Свердловская,"СВЕРД, ИЧ ЕГОРШИНСКАЯ Ш",,,,Обрыв монтажного провода,CSH,2024,,,,,,
3,13481712,2024-08-07 13:40:00,Свердловская,"СВЕРД, ШЧ-1 (Р)",,,,"Срабатывание, воздействие тягового тока",CSH,2024,,,,,,
2,13484682,2024-08-08 07:30:00,Свердловская,"СВЕРД, ИЧ ЕГОРШИНСКАЯ Ш",,,"1шт ч(к учету 0,15)ч","Лампы, перегорание основной нити",CSH,2024,,,,,0.0,
3,13483309,2024-08-08 09:36:00,Свердловская,"СВЕРД, ШЧ-7","1шт ч(к учету 0,18ч)",,,"Нарушение контакта в штепсельных розетках, замятие контакта",CSH,2024,0.0,"0,18ч",,,,
2,13484495,2024-08-08 14:38:00,Свердловская,"СВЕРД, ШЧ-9",,"1шт ч(к учету 0,12ч)",,Сбой АЛС с задержкой поезда,CSH,2024,,,0.0,"0,12ч",,
1,13485224,2024-08-09 04:50:00,Свердловская,"СВЕРД, ШЧ-22","2шт ч(к учету 1,73ч)",,,"Срабатывание, несоответствие номинала",CSH,2024,1.0,"1,73ч",,,,
3,13485533,2024-08-09 08:22:00,Свердловская,"СВЕРД, ШЧ-16",,,,"Нарушение контакта в штепсельных розетках, неисправность контактных губок",CSH,2024,,,,,,
3,13486414,2024-08-09 13:00:00,Свердловская,"СВЕРД, ШЧ-17",,,,"Жилы, внутренний обрыв",CSH,2024,,,,,,
2,13486389,2024-08-09 14:15:00,Свердловская,"СВЕРД, ШЧ-22",,"1шт ч(к учету 0,23ч)",,"Жилы, обрыв",CSH,2024,,,0.0,"0,23ч",,
2,13486883,2024-08-09 23:29:00,Свердловская,"СВЕРД, ШЧ-5","2шт ч(к учету 0,9ч)",,,Отсутствие,CSH,2024,0.0,"0,9ч",,,,
2,13487702,2024-08-11 02:54:00,Свердловская,"СВЕРД, ШЧ-1 (Р)","7шт ч(к учету 2,83ч)",,"2шт ч(к учету 0,93)ч",Механическое повреждение,CSH,2024,2.0,"2,83ч",,,0.0,
2,13488384,2024-08-11 21:07:00,Свердловская,"СВЕРД, ШЧ-16","4шт ч(к учету 2,38ч)","1шт ч(к учету 0,2ч)",,Отсутствие,CSH,2024,2.0,"2,38ч",0.0,"0,2ч",,
3,13493084,2024-08-12 00:30:00,Свердловская,"СВЕРД, ШЧ-2",,,,"Ламподержатель, нарушение контакта",CSH,2024,,,,,,
2,13489551,2024-08-12 13:30:00,Свердловская,"СВЕРД, ШЧ-1 (Р)","3шт ч(к учету 1,82ч)",,"4шт (к учету 2) ч(к учету 0,52)ч","Контактная система, потеря контакта",CSH,2024,1.0,"1,82ч",,,2.0,
3,13489841,2024-08-12 17:02:00,Свердловская,"СВЕРД, ШЧ-7",,,,Отсутствие,CSH,2024,,,,,,
1,13490075,2024-08-12 23:32:00,Свердловская,"СВЕРД, ШЧ-8 (Р)","5шт ч(к учету 3,73ч)","1шт ч(к учету 0,18ч)",,"Конденсатор, короткое замыкание",CSH,2024,3.0,"3,73ч",0.0,"0,18ч",,
3,13491327,2024-08-13 06:01:00,Свердловская,"СВЕРД, ШЧ-2",,,,Неисправность концентратора,CSH,2024,,,,,,
2,13491390,2024-08-13 14:33:00,Свердловская,"СВЕРД, ШЧ-7",,"1шт ч(к учету 0,27ч)",,"Лампочки индикации, неисправность ячеек индикации",CSH,2024,,,0.0,"0,27ч",,
2,13491847,2024-08-13 21:32:00,Свердловская,"СВЕРД, ШЧ-16","18шт (к учету 16) ч(к учету 4,43ч)",,,"Контактная система, сваривание контактов",CSH,2024,16.0,"4,43ч",,,,
3,13491841,2024-08-13 22:35:00,Свердловская,"СВЕРД, ШЧ-2",,,,"Лампы, перегорание основной нити",CSH,2024,,,,,,
2,13491910,2024-08-13 23:58:00,Свердловская,"СВЕРД, ШЧ-7","6шт (к учету 5) ч(к учету 3,3ч)","2шт ч(к учету 0,28ч)",,"Жилы, сообщение",CSH,2024,5.0,"3,3ч",0.0,"0,28ч",,
3,13492916,2024-08-14 10:15:00,Свердловская,"СВЕРД, ШЧ-9",,,,"Срабатывание, несоответствие номинала",CSH,2024,,,,,,
3,13492888,2024-08-14 11:58:00,Свердловская,"СВЕРД, ИЧ ЧУСОВСКАЯ Ш",,,,"Жилы, внутренний обрыв",CSH,2024,,,,,,
1,13495021,2024-08-15 13:21:00,Свердловская,"СВЕРД, ШЧ-17","1шт ч(к учету 1,02ч)",,,"Обмотка, короткое замыкание",CSH,2024,1.0,"1,02ч",,,,
3,13495709,2024-08-16 06:00:00,Свердловская,"СВЕРД, ШЧ-2",,,,Неисправность концентратора,CSH,2024,,,,,,
2,13496879,2024-08-17 14:40:00,Свердловская,"СВЕРД, ИЧ ЧУСОВСКАЯ Ш",,,"2шт (к учету 1) ч(к учету 0,23)ч","Контактная система, потеря контакта",CSH,2024,,,,,1.0,
1,13497107,2024-08-17 22:16:00,Свердловская,"СВЕРД, ШЧ-7","7шт (к учету 5) ч(к учету 3,88ч)",,,Влияние посторонних источников питания,CSH,2024,5.0,"3,88ч",,,,
3,13497929,2024-08-18 19:33:00,Свердловская,"СВЕРД, ШЧ-2",,,,"Лампы, перегорание основной нити",CSH,2024,,,,,,
3,13498796,2024-08-19 12:21:00,Свердловская,"СВЕРД, ШЧ-3",,,,Закорачивание РЦ посторонними предметами,CSH,2024,,,,,,
3,13499092,2024-08-19 16:54:00,Свердловская,"СВЕРД, ИЧ ЧУСОВСКАЯ Ш",,,,Нарушение контакта трос/штепсель,CSH,2024,,,,,,
2,13499168,2024-08-19 17:59:00,Свердловская,"СВЕРД, ШЧ-13",,,"1шт ч(к учету 0,12)ч",Нарушение изоляции проводов,CSH,2024,,,,,0.0,
2,13499475,2024-08-20 03:47:00,Свердловская,"СВЕРД, ШЧ-18","1шт ч(к учету 0,63ч)",,,Излом повода под гайкой,CSH,2024,0.0,"0,63ч",,,,
3,13501925,2024-08-21 17:16:00,Свердловская,"СВЕРД, ШЧ-8 (Р)",,,,"Электродвигатель, постоянного тока (МСП, ДСП), короткое замыкание обмотки статора",CSH,2024,,,,,,
2,13501911,2024-08-21 17:21:00,Свердловская,"СВЕРД, ИЧ ЕГОРШИНСКАЯ Ш","1шт ч(к учету 0,82ч)",,,"Жилы, обрыв",CSH,2024,0.0,"0,82ч",,,,
3,13502425,2024-08-22 07:39:00,Свердловская,"СВЕРД, ШЧ-5",,,,"Жилы, внутренний обрыв",CSH,2024,,,,,,
3,13503549,2024-08-23 01:36:00,Свердловская,"СВЕРД, ШЧ-17",,,,"Автопереключатель, разрегулировка контактов",CSH,2024,,,,,,
1,13505141,2024-08-24 16:40:00,Свердловская,"СВЕРД, ШЧ-13","1шт ч(к учету 2,33ч)",,,"Контрольные линейки, ослабление крепления",CSH,2024,2.0,"2,33ч",,,,
3,13505210,2024-08-24 18:51:00,Свердловская,"СВЕРД, ИЧ ЕГОРШИНСКАЯ Ш",,,,"Конденсатор, снижение емкости",CSH,2024,,,,,,
3,13505369,2024-08-24 22:40:00,Свердловская,"СВЕРД, ШЧ-16",,,,Нарушение контакта штепсель/рельс,CSH,2024,,,,,,
2,13505482,2024-08-25 04:00:00,Свердловская,"СВЕРД, ШЧ-9","1шт ч(к учету 0,68ч)",,"4шт (к учету 2) ч(к учету 0,88)ч",Излом штепселя,CSH,2024,0.0,"0,68ч",,,2.0,
3,13505543,2024-08-25 05:15:00,Свердловская,"СВЕРД, ШЧ-7",,,,"Лампы, перегорание основной нити",CSH,2024,,,,,,
2,13505674,2024-08-25 08:07:00,Свердловская,"СВЕРД, ШЧ-8 (Р)","3шт ч(к учету 1,07ч)","2шт ч(к учету 0,47ч)",,"Конденсатор, снижение емкости",CSH,2024,1.0,"1,07ч",0.0,"0,47ч",,
2,13505693,2024-08-25 09:34:00,Свердловская,"СВЕРД, ШЧ-7","4шт ч(к учету 1,97ч)",,"1шт ч(к учету 0,3)ч",Снижение емкости ниже номинальной,CSH,2024,1.0,"1,97ч",,,0.0,
3,13508408,2024-08-27 14:52:00,Свердловская,"СВЕРД, ШЧ-5",,,,"Жилы, обрыв",CSH,2024,,,,,,
3,13509260,2024-08-28 11:10:00,Свердловская,"СВЕРД, ШЧ-16",,,,"Контактная система, сваривание",CSH,2024,,,,,,
3,13509317,2024-08-28 11:22:00,Свердловская,"СВЕРД, ШЧ-22",,,,"Электродвигатель, переменного тока (МСТ, МСА), обрыв внутреннего монтажа",CSH,2024,,,,,,
3,13509846,2024-08-28 19:07:00,Свердловская,"СВЕРД, ШЧ-18",,,,Нарушение контакта,CSH,2024,,,,,,
2,13510362,2024-08-29 07:21:00,Свердловская,"СВЕРД, ШЧ-2","3шт ч(к учету 1,68ч)","3шт (к учету 2) ч(к учету 0,67ч)",,Асимметрия тягового тока,CSH,2024,1.0,"1,68ч",2.0,"0,67ч",,
2,13510513,2024-08-29 10:10:00,Свердловская,"СВЕРД, ШЧ-8 (Р)","7шт ч(к учету 2,27ч)",,,"Нарушение контакта в разъемах блоков, неисправность контактных губок",CSH,2024,2.0,"2,27ч",,,,
2,13510985,2024-08-29 11:00:00,Свердловская,"СВЕРД, ШЧ-3","1шт ч(к учету 0,72ч)",,,"Жилы, обрыв",CSH,2024,0.0,"0,72ч",,,,
3,13511142,2024-08-29 21:26:00,Свердловская,"СВЕРД, ШЧ-13",,,,"Обрыв, коррозия металла",CSH,2024,,,,,,
2,13511896,2024-08-30 12:38:00,Свердловская,"СВЕРД, ШЧ-5",,"1шт ч(к учету 0,18ч)",,"Жилы, обрыв",CSH,2024,,,0.0,"0,18ч",,
2,13512382,2024-08-31 01:08:00,Свердловская,"СВЕРД, ШЧ-13","2шт (к учету 1) ч(к учету 1,03ч)",,"1шт ч(к учету 0,13)ч","Контактная система, увеличенное сопротивление контакта",CSH,2024,1.0,"1,03ч",,,0.0,
3,13512735,2024-08-31 12:50:00,Свердловская,"СВЕРД, ШЧ-22",,,,Неисправность аппаратной части объектного контроллера,CSH,2024,,,,,,
2,13515554,2024-08-31 16:20:00,Свердловская,"СВЕРД, ШЧ-5",,,"1шт ч(к учету 0,6)ч","Автопереключатель, разрегулировка контактов",CSH,2024,,,,,0.0,
3,13512942,2024-08-31 20:40:00,Свердловская,"СВЕРД, ШЧ-16",,,,"Нарушение контакта в разъемах блоков, прожег изоляции",CSH,2024,,,,,,
2,13513179,2024-09-01 08:25:00,Свердловская,"СВЕРД, ШЧ-23","1шт ч(к учету 0,23ч)","2шт (к учету 1) ч(к учету 0,47ч)",,"Конденсатор, снижение емкости",CSH,2024,0.0,"0,23ч",1.0,"0,47ч",,
3,13513765,2024-09-01 18:52:00,Свердловская,"СВЕРД, ШЧ-20",,,,"Контактная система, подгар контактов",CSH,2024,,,,,,
2,13514208,2024-09-02 10:49:00,Свердловская,"СВЕРД, ШЧ-7",,"1шт ч(к учету 0,13ч)",,"Муфты подземные, неисправность корпуса",CSH,2024,,,0.0,"0,13ч",,
3,13515205,2024-09-03 04:05:00,Свердловская,"СВЕРД, ШЧ-9",,,,"Срабатывание, коммутационные перенапряжения",CSH,2024,,,,,,
3,13515886,2024-09-03 07:00:00,Свердловская,"СВЕРД, ШЧ-2",,,,Неисправность монтажа,CSH,2024,,,,,,
1,13515691,2024-09-03 08:50:00,Свердловская,"СВЕРД, ШЧ-23","1шт ч(к учету 1,48ч)",,,"Конденсатор, снижение емкости",CSH,2024,1.0,"1,48ч",,,,
3,13517154,2024-09-03 18:15:00,Свердловская,"СВЕРД, ШЧ-2",,,,Ослабление затяжки болтов,CSH,2024,,,,,,
2,13517454,2024-09-04 01:12:00,Свердловская,"СВЕРД, ШЧ-3","17шт (к учету 5) ч(к учету 3,37ч)",,,"Автопереключатель, разрегулировка контактов",CSH,2024,5.0,"3,37ч",,,,
2,13519731,2024-09-04 19:28:00,Свердловская,"СВЕРД, ШЧ-20","1шт ч(к учету 0,37ч)",,,"Жилы, внутренний обрыв",CSH,2024,0.0,"0,37ч",,,,
3,13520948,2024-09-05 09:30:00,Свердловская,"СВЕРД, ШЧ-16",,,,Нарушение контакта,CSH,2024,,,,,,
2,13523367,2024-09-06 12:11:00,Свердловская,"СВЕРД, ШЧ-1 (Р)",,,"1шт ч(к учету 0,12)ч",Короткое замыкание обмотки,CSH,2024,,,,,0.0,
2,13524702,2024-09-07 11:12:00,Свердловская,"СВЕРД, ШЧ-2","1шт ч(к учету 0,22ч)","2шт ч(к учету 0,98ч)","2шт ч(к учету 0,52)ч","Конденсатор, снижение емкости",CSH,2024,0.0,"0,22ч",0.0,"0,98ч",0.0,
2,13524756,2024-09-07 12:27:00,Свердловская,"СВЕРД, ИЧ ЧУСОВСКАЯ Ш",,,"2шт ч(к учету 0,65)ч","Монтаж, нарушение изоляции",CSH,2024,,,,,0.0,
3,13525105,2024-09-07 20:25:00,Свердловская,"СВЕРД, ШЧ-16",,,,"Обмотка, короткое замыкание",CSH,2024,,,,,,
3,13525399,2024-09-08 08:13:00,Свердловская,"СВЕРД, ИЧ ЕГОРШИНСКАЯ Ш",,,,"Диод, пробой",CSH,2024,,,,,,
3,13525407,2024-09-08 08:21:00,Свердловская,"СВЕРД, ШЧ-7",,,,Излом провода под гайкой,CSH,2024,,,,,,
3,13525576,2024-09-08 11:17:00,Свердловская,"СВЕРД, ШЧ-1 (Р)",,,,"Конденсатор, короткое замыкание конденсатора",CSH,2024,,,,,,
1,13525775,2024-09-08 12:24:00,Свердловская,"СВЕРД, ШЧ-5","22шт (к учету 19) ч(к учету 19,93ч)",,,Неисправность АКБ,CSH,2024,19.0,"19,93ч",,,,
3,13526000,2024-09-08 23:59:00,Свердловская,"СВЕРД, ШЧ-20",,,,Неисправность устройств электроснабжения,CSH,2024,,,,,,
3,13526052,2024-09-09 02:17:00,Свердловская,"СВЕРД, ШЧ-7",,,,"Лампы, перегорание основной нити",CSH,2024,,,,,,
3,13532493,2024-09-10 23:00:00,Свердловская,"СВЕРД, ШЧ-2",,,,Повреждение изоляции,CSH,2024,,,,,,
2,13533155,2024-09-12 02:58:00,Свердловская,"СВЕРД, ШЧ-1 (Р)","2шт ч(к учету 0,53ч)","2шт ч(к учету 0,4ч)",,"Обмотка, обрыв обмотки",CSH,2024,0.0,"0,53ч",0.0,"0,4ч",,
2,13533916,2024-09-12 10:25:00,Свердловская,"СВЕРД, ИЧ ЕГОРШИНСКАЯ Ш",,,"1шт ч(к учету 0,12)ч","Кнопки, нарушение регулировки контакта при регулировке",CSH,2024,,,,,0.0,
1,13534400,2024-09-12 11:46:00,Свердловская,"СВЕРД, ШЧ-5","13шт ч(к учету 16,42ч)",,"1шт ч(к учету 0,17)ч","Контактная система, увеличенное сопротивление",CSH,2024,16.0,"16,42ч",,,0.0,
2,13535839,2024-09-13 07:40:00,Свердловская,"СВЕРД, ШЧ-18","3шт (к учету 2) ч(к учету 2,05ч)","2шт ч(к учету 1,43ч)",,"Контактная система, подгар контактов",CSH,2024,2.0,"2,05ч",1.0,"1,43ч",,
2,13535936,2024-09-13 10:08:00,Свердловская,"СВЕРД, ШЧ-17",,,"1шт ч(к учету 0,25)ч","Лампы, перегорание основной нити",CSH,2024,,,,,0.0,
3,13537916,2024-09-14 22:45:00,Свердловская,"СВЕРД, ШЧ-22",,,,"Срабатывание (перегорание), нарушение контакта штепсельного разъема, некачественная пайка",CSH,2024,,,,,,
2,13538054,2024-09-15 04:00:00,Свердловская,"СВЕРД, ИЧ ЧУСОВСКАЯ Ш","2шт (к учету 1) ч(к учету 1,72ч)",,"3шт (к учету 2) ч(к учету 0,43)ч",Нарушение контакта,CSH,2024,1.0,"1,72ч",,,2.0,
3,13538404,2024-09-15 13:30:00,Свердловская,"СВЕРД, ШЧ-18",,,,Нарушение контакта,CSH,2024,,,,,,
1,13538542,2024-09-15 17:20:00,Свердловская,"СВЕРД, ШЧ-1 (Р)","2шт ч(к учету 0,72ч)","24шт (к учету 14) ч(к учету 10,15ч)","12шт (к учету 8) ч(к учету 2,92)ч",Механическое повреждение,CSH,2024,0.0,"0,72ч",14.0,"10,15ч",8.0,
1,13539513,2024-09-16 12:09:00,Свердловская,"СВЕРД, ШЧ-7","15шт ч(к учету 8,63ч)","3шт ч(к учету 0,48ч)","5шт (к учету 4) ч(к учету 0,98)ч","Автопереключатель, разрегулировка контактов",CSH,2024,8.0,"8,63ч",0.0,"0,48ч",4.0,
3,13541866,2024-09-17 20:21:00,Свердловская,"СВЕРД, ИЧ ЧУСОВСКАЯ Ш",,,,Обрыв монтажного провода,CSH,2024,,,,,,
3,13544458,2024-09-19 09:55:00,Свердловская,"СВЕРД, ШЧ-13",,,,"Нарушение контакта в разъемах блоков, излом розеток",CSH,2024,,,,,,
2,13544910,2024-09-19 14:46:00,Свердловская,"СВЕРД, ИЧ ЧУСОВСКАЯ Ш",,,"1шт ч(к учету 0,1)ч","Контактная система, сваривание контактов",CSH,2024,,,,,0.0,
2,13545543,2024-09-20 03:40:00,Свердловская,"СВЕРД, ШЧ-20","1шт ч(к учету 0,48ч)",,,"Курбельный контакт, потеря контакта",CSH,2024,0.0,"0,48ч",,,,
2,13545848,2024-09-20 08:55:00,Свердловская,"СВЕРД, ШЧ-8 (Р)","2шт ч(к учету 0,53ч)","2шт ч(к учету 0,58ч)","8шт (к учету 6) ч(к учету 2,28)ч","Контактная система, увеличенное сопротивление контакта",CSH,2024,0.0,"0,53ч",0.0,"0,58ч",6.0,
2,13548086,2024-09-22 16:27:00,Свердловская,"СВЕРД, ШЧ-17",,,"2шт ч(к учету 0,35)ч","Срабатывание, воздействие тягового тока",CSH,2024,,,,,0.0,
3,13548196,2024-09-22 19:32:00,Свердловская,"СВЕРД, ШЧ-17",,,,"Срабатывание, воздействие тягового тока",CSH,2024,,,,,,
2,13548786,2024-09-23 09:30:00,Свердловская,"СВЕРД, ШЧ-13","1шт ч(к учету 0,4ч)",,,Короткое замыкание пластин,CSH,2024,0.0,"0,4ч",,,,
2,13551388,2024-09-25 06:12:00,Свердловская,"СВЕРД, ШЧ-7",,"3шт (к учету 1) ч(к учету 0,65ч)","1шт ч(к учету 0,22)ч",Ослабление крепления,CSH,2024,,,1.0,"0,65ч",0.0,
3,13551653,2024-09-25 08:10:00,Свердловская,"СВЕРД, ШЧ-5",,,,"Жилы, внутренний обрыв",CSH,2024,,,,,,
3,13552942,2024-09-26 04:43:00,Свердловская,"СВЕРД, ШЧ-9",,,,"Автопереключатель, разрегулировка контактов",CSH,2024,,,,,,
3,13562932,2024-09-26 06:57:00,Свердловская,"СВЕРД, ШЧ-5",,,"1шт ч(к учету 0,08)ч","Выпрямительные элементы, пробой",CSH,2024,,,,,0.0,
2,13554363,2024-09-27 03:11:00,Свердловская,"СВЕРД, ИЧ ЕГОРШИНСКАЯ Ш",,,"1шт ч(к учету 0,2)ч","Нарушение контакта в разъемах блоков, излом розеток",CSH,2024,,,,,0.0,
3,13554713,2024-09-27 09:00:00,Свердловская,"СВЕРД, ШЧ-8 (Р)",,,,"Диод, пробой",CSH,2024,,,,,,
3,13555743,2024-09-28 03:10:00,Свердловская,"СВЕРД, ШЧ-9",,,,Нарушение контакта штепсель/рельс,CSH,2024,,,,,,
3,13555780,2024-09-28 03:37:00,Свердловская,"СВЕРД, ШЧ-3",,,,"Лампы, перегорание основной нити",CSH,2024,,,,,,
1,13558732,2024-09-30 23:48:00,Свердловская,"СВЕРД, ШЧ-16","1шт ч(к учету 1,33ч)",,,"Жилы, внутренний обрыв",CSH,2024,1.0,"1,33ч",,,,
3,13560606,2024-10-02 04:25:00,Свердловская,"СВЕРД, ИЧ ЧУСОВСКАЯ Ш",,,,"Жилы, обрыв",CSH,2024,,,,,,
2,13561343,2024-10-02 11:51:00,Свердловская,"СВЕРД, ШЧ-20","2шт (к учету 1) ч(к учету 1,3ч)",,,Нарушение изоляции монтажных проводов,CSH,2024,1.0,"1,3ч",,,,
3,13561690,2024-10-02 13:25:00,Свердловская,"СВЕРД, ШЧ-18",,,,"Редуктор, неисправность",CSH,2024,,,,,,
3,13562248,2024-10-02 18:00:00,Свердловская,"СВЕРД, ШЧ-9",,,,Нарушение контакта,CSH,2024,,,,,,
2,13562290,2024-10-02 19:50:00,Свердловская,"СВЕРД, ШЧ-1 (Р)",,,"2шт ч(к учету 0,4)ч","Контактная система, потеря контакта",CSH,2024,,,,,0.0,
3,13563652,2024-10-03 09:30:00,Свердловская,"СВЕРД, ШЧ-3",,,,"Клеммные колодки, неисправность",CSH,2024,,,,,,
3,13593058,2024-10-03 10:32:00,Свердловская,"СВЕРД, ШЧ-18","1шт ч(к учету 0,22ч)",,,"Нарушение контакта в штепсельных розетках, сообщение",CSH,2024,0.0,"0,22ч",,,,
2,13617759,2024-10-04 12:20:00,Свердловская,"СВЕРД, ШЧ-1 (Р)",,,"4шт (к учету 1) ч(к учету 0,72)ч","Жилы, внутренний обрыв",CSH,2024,,,,,1.0,
2,13566594,2024-10-04 22:54:00,Свердловская,"СВЕРД, ШЧ-8 (Р)","2шт ч(к учету 1,62ч)",,,"Конденсатор, обрыв",CSH,2024,1.0,"1,62ч",,,,
2,13567039,2024-10-05 10:33:00,Свердловская,"СВЕРД, ШЧ-5","3шт ч(к учету 2,33ч)",,,"Жилы, обрыв",CSH,2024,2.0,"2,33ч",,,,
3,13572201,2024-10-06 00:27:00,Свердловская,"СВЕРД, ШЧ-2",,,,"Лампы, перегорание основной нити",CSH,2024,,,,,,
2,13568025,2024-10-06 09:43:00,Свердловская,"СВЕРД, ШЧ-3","1шт ч(к учету 0,22ч)",,"1шт ч(к учету 0,1)ч",Отсутствие,CSH,2024,0.0,"0,22ч",,,0.0,
2,13568931,2024-10-07 08:17:00,Свердловская,"СВЕРД, ШЧ-5","3шт ч(к учету 1,75ч)",,,"Нарушение контакта в клеммных колодках (резьб), излом колодок",CSH,2024,1.0,"1,75ч",,,,
3,13569565,2024-10-07 10:02:00,Свердловская,"СВЕРД, ШЧ-9",,,,"Остальные, неисправность",CSH,2024,,,,,,
2,13569167,2024-10-07 10:15:00,Свердловская,"СВЕРД, ШЧ-8 (Р)","3шт ч(к учету 2,42ч)",,,"Диод, обрыв",CSH,2024,2.0,"2,42ч",,,,
2,13570480,2024-10-08 04:58:00,Свердловская,"СВЕРД, ИЧ ЕГОРШИНСКАЯ Ш","1шт ч(к учету 0,45ч)",,,"Нарушение контакта в штепсельных розетках, излом розеток",CSH,2024,0.0,"0,45ч",,,,
2,13572088,2024-10-08 15:14:00,Свердловская,"СВЕРД, ШЧ-3",,,"3шт (к учету 1) ч(к учету 1,33)ч","Системный блок, сбой программного обеспечения",CSH,2024,,,,,1.0,
3,13573172,2024-10-09 10:10:00,Свердловская,"СВЕРД, ШЧ-9",,,,Повреждение,CSH,2024,,,,,,
3,13574044,2024-10-09 14:22:00,Свердловская,"СВЕРД, ШЧ-17",,,,"Нарушение контакта в разъемах блоков, неисправность контактных губок",CSH,2024,,,,,,
1,13574170,2024-10-09 15:07:00,Свердловская,"СВЕРД, ШЧ-2","9шт ч(к учету 15,57ч)","3шт ч(к учету 0,93ч)","2шт ч(к учету 1,1)ч","Сигнальная обмотка, короткое замыкание",CSH,2024,15.0,"15,57ч",0.0,"0,93ч",1.0,
3,13574844,2024-10-10 02:26:00,Свердловская,"СВЕРД, ШЧ-23",,,,"Контактная система, увеличенное сопротивление контакта",CSH,2024,,,,,,
1,13576275,2024-10-10 12:29:00,Свердловская,"СВЕРД, ШЧ-20","1шт ч(к учету 1,68ч)",,,"Контакторы, нарушение нажатия, недостаточное нажатие контактов",CSH,2024,1.0,"1,68ч",,,,
2,13576692,2024-10-10 16:16:00,Свердловская,"СВЕРД, ШЧ-2","3шт ч(к учету 1,17ч)","7шт (к учету 3) ч(к учету 1,27ч)","3шт ч(к учету 0,55)ч",Неисправность устройств электроснабжения,CSH,2024,1.0,"1,17ч",3.0,"1,27ч",0.0,
3,13576766,2024-10-10 16:50:00,Свердловская,"СВЕРД, ИЧ ЧУСОВСКАЯ Ш",,,,"Контактная система, увеличенное сопротивление",CSH,2024,,,,,,
2,13576816,2024-10-10 18:14:00,Свердловская,"СВЕРД, ШЧ-13","3шт (к учету 2) ч(к учету 1,17ч)",,"2шт ч(к учету 0,52)ч",Обрыв жил контрольного кабеля линий СЦБ,CSH,2024,2.0,"1,17ч",,,0.0,
2,13580033,2024-10-13 06:59:00,Свердловская,"СВЕРД, ИЧ ЕГОРШИНСКАЯ Ш",,,"1шт ч(к учету 0,1)ч","Внутренний монтаж, короткое замыкание монтажа",CSH,2024,,,,,0.0,
3,13580252,2024-10-13 10:32:00,Свердловская,"СВЕРД, ШЧ-17",,,,"Автопереключатель, излом контактной рессорной пружины",CSH,2024,,,,,,
3,13580820,2024-10-14 04:30:00,Свердловская,"СВЕРД, ШЧ-16",,,,Нарушение контакта штепсель/рельс,CSH,2024,,,,,,
3,13582390,2024-10-15 04:33:00,Свердловская,"СВЕРД, ШЧ-1 (Р)",,,,"Контактная система, потеря контакта",CSH,2024,,,,,,
2,13582762,2024-10-15 09:50:00,Свердловская,"СВЕРД, ШЧ-20","2шт ч(к учету 0,65ч)","1шт ч(к учету 0,17ч)",,"Жилы, внутренний обрыв",CSH,2024,0.0,"0,65ч",0.0,"0,17ч",,
3,13583476,2024-10-15 13:24:00,Свердловская,"СВЕРД, ШЧ-2",,,,Потеря контакта в соединениях датчика,CSH,2024,,,,,,
2,13585075,2024-10-16 13:50:00,Свердловская,"СВЕРД, ШЧ-17",,,"1шт ч(к учету 0,15)ч","Срабатывание (перегорание), воздействие тягового тока",CSH,2024,,,,,0.0,
3,13585230,2024-10-16 18:49:00,Свердловская,"СВЕРД, ШЧ-5",,,,"Лампы, перегорание основной нити",CSH,2024,,,,,,
2,13586477,2024-10-17 15:14:00,Свердловская,"СВЕРД, ШЧ-7",,"1шт ч(к учету 0,35ч)",,"Контактная система, увеличенное сопротивление контакта",CSH,2024,,,0.0,"0,35ч",,
2,13588521,2024-10-19 09:29:00,Свердловская,"СВЕРД, ШЧ-5",,,"1шт ч(к учету 0,13)ч",Неисправность централизатора,CSH,2024,,,,,0.0,
2,13588796,2024-10-19 13:18:00,Свердловская,"СВЕРД, ШЧ-2","1шт ч(к учету 0,47ч)",,"3шт (к учету 2) ч(к учету 1,05)ч","Жилы, внутренний обрыв",CSH,2024,0.0,"0,47ч",,,2.0,
3,13588854,2024-10-19 14:29:00,Свердловская,"СВЕРД, ШЧ-5",,,,"Нарушение контакта в штепсельных розетках, замятие контакта",CSH,2024,,,,,,
1,13588911,2024-10-19 18:40:00,Свердловская,"СВЕРД, ШЧ-16","3шт ч(к учету 3,03ч)","2шт (к учету 1) ч(к учету 0,23ч)","4шт (к учету 2) ч(к учету 0,88)ч",Нарушение контакта штепсель/рельс,CSH,2024,3.0,"3,03ч",1.0,"0,23ч",2.0,
3,13588976,2024-10-19 20:10:00,Свердловская,"СВЕРД, ШЧ-22",,,,"Нарушение контакта в штепсельных розетках, сообщение",CSH,2024,,,,,,
3,13590423,2024-10-20 23:36:00,Свердловская,"СВЕРД, ШЧ-23",,,,Нарушение изоляции проводов,CSH,2024,,,,,,
2,13590717,2024-10-21 15:45:00,Свердловская,"СВЕРД, ШЧ-17","1шт ч(к учету 0,35ч)",,"1шт ч(к учету 0,13)ч",Излом повода под гайкой,CSH,2024,0.0,"0,35ч",,,0.0,
3,13590753,2024-10-21 16:43:00,Свердловская,"СВЕРД, ШЧ-9",,,,"Жилы, обрыв",CSH,2024,,,,,,
3,13590849,2024-10-21 18:54:00,Свердловская,"СВЕРД, ШЧ-16",,,,"Курбельный контакт, потеря контакта",CSH,2024,,,,,,
2,13591211,2024-10-22 02:52:00,Свердловская,"СВЕРД, ШЧ-3",,,"1шт ч(к учету 0,23)ч","Электродвигатель, постоянного тока (МСП, ДСП), неисправность щеточного узла",CSH,2024,,,,,0.0,
3,13592040,2024-10-22 15:32:00,Свердловская,"СВЕРД, ШЧ-23",,,,"Контактная система, увеличенное сопротивление контакта",CSH,2024,,,,,,
3,13593623,2024-10-23 22:38:00,Свердловская,"СВЕРД, ШЧ-16",,,,"Обрыв троса, коррозия металла",CSH,2024,,,,,,
3,13594353,2024-10-24 12:47:00,Свердловская,"СВЕРД, ШЧ-16",,,,"Редуктор, заклинивание редуктора",CSH,2024,,,,,,
3,13594397,2024-10-24 13:18:00,Свердловская,"СВЕРД, ШЧ-7",,,,Нарушение контакта штепсель/рельс,CSH,2024,,,,,,
1,13595445,2024-10-25 12:45:00,Свердловская,"СВЕРД, ШЧ-7","3шт ч(к учету 1,97ч)",,"1шт ч(к учету 0,22)ч","Жилы, обрыв",CSH,2024,1.0,"1,97ч",,,0.0,
3,13595464,2024-10-25 13:40:00,Свердловская,"СВЕРД, ШЧ-5",,,,"Релейный ОК, CCM/CCM-E, неисправность",CSH,2024,,,,,,
1,13595563,2024-10-25 16:04:00,Свердловская,"СВЕРД, ШЧ-1 (Р)","1шт ч(к учету 1,5ч)",,"3шт (к учету 2) ч(к учету 1,13)ч","Контактная система, подгар контактов",CSH,2024,1.0,"1,5ч",,,2.0,
3,13595902,2024-10-26 01:50:00,Свердловская,"СВЕРД, ШЧ-17",,,,"Срабатывание (перегорание), воздействие тягового тока",CSH,2024,,,,,,
2,13615568,2024-10-27 01:51:00,Свердловская,"СВЕРД, ИЧ ЧУСОВСКАЯ Ш","1шт ч(к учету 0,43ч)",,,Отсутствие,CSH,2024,0.0,"0,43ч",,,,
2,13598244,2024-10-29 00:25:00,Свердловская,"СВЕРД, ШЧ-1 (Р)","2шт ч(к учету 1,57ч)",,,"Внутренний монтаж, короткое замыкание",CSH,2024,1.0,"1,57ч",,,,
3,13599002,2024-10-29 15:20:00,Свердловская,"СВЕРД, ШЧ-17",,,,"Диод, пробой",CSH,2024,,,,,,
3,13600050,2024-10-30 11:49:00,Свердловская,"СВЕРД, ИЧ ЕГОРШИНСКАЯ Ш",,,,"Жилы, обрыв",CSH,2024,,,,,,
2,13600104,2024-10-30 12:46:00,Свердловская,"СВЕРД, ШЧ-2","1шт ч(к учету 0,92ч)",,"5шт (к учету 4) ч(к учету 1,77)ч",Нарушение контакта трос/штепсель,CSH,2024,0.0,"0,92ч",,,4.0,
3,13616332,2024-10-30 17:32:00,Свердловская,"СВЕРД, ШЧ-16","1шт ч(к учету 0,03ч)",,,Нарушение контакта штепсель/рельс,CSH,2024,0.0,"0,03ч",,,,
2,13603106,2024-11-01 11:52:00,Свердловская,"СВЕРД, ШЧ-9",,,"1шт ч(к учету 0,1)ч","Срабатывание (перегорание), коммутационные перенапряжения",CSH,2024,,,,,0.0,
1,13602720,2024-11-01 20:01:00,Свердловская,"СВЕРД, ШЧ-16","7шт (к учету 6) ч(к учету 5,35ч)","3шт (к учету 1) ч(к учету 0,53ч)",,Излом провода под гайкой,CSH,2024,6.0,"5,35ч",1.0,"0,53ч",,
3,13602944,2024-11-02 04:04:00,Свердловская,"СВЕРД, ШЧ-17",,,,"Срабатывание, воздействие тягового тока",CSH,2024,,,,,,
3,13604230,2024-11-03 00:30:00,Свердловская,"СВЕРД, ШЧ-16",,,,Блок питания,CSH,2024,,,,,,
3,13604711,2024-11-03 10:40:00,Свердловская,"СВЕРД, ШЧ-8 (Р)",,,,"Конденсатор, короткое замыкание",CSH,2024,,,,,,
3,13606700,2024-11-03 11:45:00,Свердловская,"СВЕРД, ШЧ-17",,,,"Лампы, перегорание основной нити",CSH,2024,,,,,,
3,13604807,2024-11-03 19:15:00,Свердловская,"СВЕРД, ШЧ-2",,,,"Стрелочный ОК, программное обеспечение, сбой",CSH,2024,,,,,,
2,13605028,2024-11-04 03:30:00,Свердловская,"СВЕРД, ШЧ-1 (Р)",,"3шт (к учету 2) ч(к учету 0,38ч)","2шт ч(к учету 0,32)ч","Контактная система, увеличенное сопротивление",CSH,2024,,,2.0,"0,38ч",0.0,
3,13605214,2024-11-04 07:43:00,Свердловская,"СВЕРД, ШЧ-17",,,,Нарушение контакта штепсель/рельс,CSH,2024,,,,,,
3,13605321,2024-11-04 11:27:00,Свердловская,"СВЕРД, ШЧ-3",,,,Излом провода под гайкой,CSH,2024,,,,,,
3,13605707,2024-11-04 21:07:00,Свердловская,"СВЕРД, ШЧ-23",,,,"Не срабатывание (не перегорание), несоответствие номинала",CSH,2024,,,,,,
1,13605960,2024-11-05 06:08:00,Свердловская,"СВЕРД, ШЧ-5","1шт ч(к учету 1,73ч)",,,Излом провода под гайкой,CSH,2024,1.0,"1,73ч",,,,
1,13607486,2024-11-05 22:29:00,Свердловская,"СВЕРД, ШЧ-16","4шт ч(к учету 3,15ч)",,,"Обмотка, обрыв обмотки",CSH,2024,3.0,"3,15ч",,,,
2,13607983,2024-11-06 08:50:00,Свердловская,"СВЕРД, ШЧ-3",,,"2шт (к учету 1) ч(к учету 0,63)ч","Нарушение контакта в штепсельных розетках, излом розеток",CSH,2024,,,,,1.0,
3,13609359,2024-11-06 15:37:00,Свердловская,"СВЕРД, ШЧ-2",,,,Излом провода под гайкой,CSH,2024,,,,,,
3,13609671,2024-11-07 01:27:00,Свердловская,"СВЕРД, ШЧ-9",,,,Нарушение контакта,CSH,2024,,,,,,
2,13610538,2024-11-07 09:49:00,Свердловская,"СВЕРД, ШЧ-2",,,"1шт ч(к учету 0,17)ч",Нарушение изоляции монтажных проводов,CSH,2024,,,,,0.0,
3,13611098,2024-11-07 12:01:00,Свердловская,"СВЕРД, ШЧ-13",,,,"Лампы, перегорание основной нити",CSH,2024,,,,,,
2,13617917,2024-11-07 12:28:00,Свердловская,"СВЕРД, ИЧ ЕГОРШИНСКАЯ Ш",,,"1шт ч(к учету 0,33)ч","Транзисторы, обрыв",CSH,2024,,,,,0.0,
2,13612352,2024-11-08 08:40:00,Свердловская,"СВЕРД, ШЧ-2",,"1шт ч(к учету 0,1ч)",,Излом провода под гайкой,CSH,2024,,,0.0,"0,1ч",,
3,13612285,2024-11-08 08:45:00,Свердловская,"СВЕРД, ИЧ ЕГОРШИНСКАЯ Ш",,,,"Кнопки, понижение сопротивления изоляции",CSH,2024,,,,,,
3,13612830,2024-11-08 08:49:00,Свердловская,"СВЕРД, ШЧ-9",,,,"Остальные, неисправность",CSH,2024,,,,,,
2,13613176,2024-11-08 09:53:00,Свердловская,"СВЕРД, ШЧ-8 (Р)","1шт ч(к учету 0,45ч)",,,"Контактная система, Потеря контакта",CSH,2024,0.0,"0,45ч",,,,
3,13613177,2024-11-08 14:23:00,Свердловская,"СВЕРД, ШЧ-22",,,,Обрыв монтажного провода,CSH,2024,,,,,,
3,13613233,2024-11-08 15:54:00,Свердловская,"СВЕРД, ШЧ-17",,,,"Электродвигатель, прочие типы, неисправность",CSH,2024,,,,,,
3,13613394,2024-11-08 18:03:00,Свердловская,"СВЕРД, ШЧ-9",,,,"Выключатели, некачественная пайка",CSH,2024,,,,,,
3,13613395,2024-11-08 19:59:00,Свердловская,"СВЕРД, ШЧ-20",,,,"Лампы, перегорание основной нити",CSH,2024,,,,,,
3,13613487,2024-11-08 20:20:00,Свердловская,"СВЕРД, ШЧ-3",,,,"Резистор, обрыв",CSH,2024,,,,,,
3,13614010,2024-11-09 16:19:00,Свердловская,"СВЕРД, ШЧ-7",,,,"Автопереключатель, разрегулировка контактов",CSH,2024,,,,,,
3,13614054,2024-11-09 18:15:00,Свердловская,"СВЕРД, ШЧ-9",,,,"Срабатывание, коммутационные перенапряжения",CSH,2024,,,,,,
3,13614274,2024-11-10 01:50:00,Свердловская,"СВЕРД, ШЧ-17",,,,"Срабатывание, воздействие тягового тока",CSH,2024,,,,,,
2,13614739,2024-11-10 08:30:00,Свердловская,"СВЕРД, ШЧ-5","6шт ч(к учету 1,82ч)","1шт ч(к учету 0,55ч)","3шт (к учету 1) ч(к учету 0,32)ч",Неисправность элементов,CSH,2024,1.0,"1,82ч",0.0,"0,55ч",1.0,
2,13615474,2024-11-11 08:20:00,Свердловская,"СВЕРД, ИЧ ЕГОРШИНСКАЯ Ш",,,"3шт ч(к учету 0,42)ч","Жилы, обрыв",CSH,2024,,,,,0.0,
3,13616257,2024-11-11 13:16:00,Свердловская,"СВЕРД, ИЧ ЕГОРШИНСКАЯ Ш",,,,"Лампы, перегорание основной нити",CSH,2024,,,,,,
2,13617979,2024-11-12 12:55:00,Свердловская,"СВЕРД, ИЧ ЧУСОВСКАЯ Ш",,"2шт (к учету 1) ч(к учету 0,22ч)","1шт ч(к учету 0,27)ч",Повреждение,CSH,2024,,,1.0,"0,22ч",0.0,
3,13618233,2024-11-12 19:28:00,Свердловская,"СВЕРД, ШЧ-13",,,,"Лампы, перегорание основной нити",CSH,2024,,,,,,
3,13619166,2024-11-13 10:37:00,Свердловская,"СВЕРД, ШЧ-16",,,,"Жилы, обрыв",CSH,2024,,,,,,
2,13621137,2024-11-14 07:49:00,Свердловская,"СВЕРД, ШЧ-1 (Р)",,,"1шт ч(к учету 0,33)ч","Диод, обрыв диода",CSH,2024,,,,,0.0,
2,13621996,2024-11-15 06:48:00,Свердловская,"СВЕРД, ШЧ-23","6шт ч(к учету 2,3ч)",,,"Конденсатор, снижение емкости",CSH,2024,2.0,"2,3ч",,,,
1,13622755,2024-11-15 15:45:00,Свердловская,"СВЕРД, ШЧ-20","1шт ч(к учету 4,65ч)",,,"Жилы, обрыв",CSH,2024,4.0,"4,65ч",,,,
2,13623387,2024-11-16 14:14:00,Свердловская,"СВЕРД, ШЧ-17",,"1шт ч(к учету 0,18ч)","2шт ч(к учету 0,53)ч","Срабатывание (перегорание), воздействие тягового тока",CSH,2024,,,0.0,"0,18ч",0.0,
2,13623507,2024-11-16 20:38:00,Свердловская,"СВЕРД, ШЧ-13","4шт (к учету 3) ч(к учету 1,87ч)","3шт (к учету 1) ч(к учету 0,87ч)",,Нарушение изоляции,CSH,2024,3.0,"1,87ч",1.0,"0,87ч",,
3,13623676,2024-11-17 04:10:00,Свердловская,"СВЕРД, ИЧ ЧУСОВСКАЯ Ш",,,,"Контактная система, потеря контакта",CSH,2024,,,,,,
3,13624464,2024-11-18 08:29:00,Свердловская,"СВЕРД, ШЧ-16",,,,"Обрыв троса, внешнее воздействие",CSH,2024,,,,,,
3,13627052,2024-11-18 17:40:00,Свердловская,"СВЕРД, ШЧ-17",,,,"Лампы, перегорание основной нити",CSH,2024,,,,,,
2,13625435,2024-11-19 04:15:00,Свердловская,"СВЕРД, ШЧ-3","2шт ч(к учету 1,15ч)",,"2шт ч(к учету 0,77)ч","Жилы, сообщение",CSH,2024,1.0,"1,15ч",,,0.0,
3,13626761,2024-11-20 09:09:00,Свердловская,"СВЕРД, ШЧ-2",,,,Неисправность,CSH,2024,,,,,,
3,13628331,2024-11-21 14:07:00,Свердловская,"СВЕРД, ШЧ-13","1шт ч(к учету 0,07ч)",,,"Лампы, перегорание основной нити",CSH,2024,0.0,"0,07ч",,,,
3,13628752,2024-11-21 23:17:00,Свердловская,"СВЕРД, ШЧ-23",,,,"Обмотка, обрыв",CSH,2024,,,,,,
2,13628757,2024-11-21 23:26:00,Свердловская,"СВЕРД, ШЧ-1 (Р)","4шт ч(к учету 1,65ч)",,,"Конденсатор, обрыв конденсатора",CSH,2024,1.0,"1,65ч",,,,
2,13629887,2024-11-23 02:04:00,Свердловская,"СВЕРД, ШЧ-3","8шт ч(к учету 3,3ч)",,,Обрыв при путевых работах,CSH,2024,3.0,"3,3ч",,,,
1,13630071,2024-11-23 09:16:00,Свердловская,"СВЕРД, ШЧ-7","2шт (к учету 1) ч(к учету 2,65ч)",,,"Лампы, перегорание основной нити",CSH,2024,1.0,"2,65ч",,,,
2,13630274,2024-11-23 13:12:00,Свердловская,"СВЕРД, ИЧ ЧУСОВСКАЯ Ш",,,"1шт ч(к учету 0,1)ч","Контактная система, сваривание контактов",CSH,2024,,,,,0.0,
3,13630611,2024-11-24 08:08:00,Свердловская,"СВЕРД, ИЧ ЧУСОВСКАЯ Ш",,,,"Контактная система, подгар контактов",CSH,2024,,,,,,
3,13634044,2024-11-27 11:33:00,Свердловская,"СВЕРД, ШЧ-17",,,,"Жилы, внутренний обрыв",CSH,2024,,,,,,
2,13634794,2024-11-28 07:41:00,Свердловская,"СВЕРД, ШЧ-8 (Р)",4шт (к учету 3) ч(к учету 2ч),,,"Конденсатор, снижение емкости",CSH,2024,3.0,,,,,
2,13634894,2024-11-28 08:46:00,Свердловская,"СВЕРД, ШЧ-7","2шт (к учету 1) ч(к учету 0,57ч)","1шт ч(к учету 0,23ч)",,"Срабатывание, коммутационные перенапряжения",CSH,2024,1.0,"0,57ч",0.0,"0,23ч",,
1,13648662,2024-11-30 12:17:00,Свердловская,"СВЕРД, ШЧ-9","6шт (к учету 5) ч(к учету 5,23ч)",,"2шт ч(к учету 0,2)ч","Обрыв троса, коррозия металла",CSH,2024,5.0,"5,23ч",,,0.0,
1,13637200,2024-11-30 14:22:00,Свердловская,"СВЕРД, ШЧ-1 (Р)",1шт ч(к учету 1ч),,,"Внутренний монтаж, обрыв",CSH,2024,1.0,,,,,
3,13637436,2024-12-01 03:20:00,Свердловская,"СВЕРД, ШЧ-17",,,,"Срабатывание (перегорание), воздействие тягового тока",CSH,2024,,,,,,
1,13637613,2024-12-01 08:57:00,Свердловская,"СВЕРД, ШЧ-8 (Р)","9шт (к учету 8) ч(к учету 6,87ч)",,"1шт ч(к учету 0,1)ч","Диод, короткое замыкание",CSH,2024,8.0,"6,87ч",,,0.0,
1,13637807,2024-12-01 17:12:00,Свердловская,"СВЕРД, ШЧ-9","3шт (к учету 2) ч(к учету 2,15ч)",,,Излом планки,CSH,2024,2.0,"2,15ч",,,,
3,13637837,2024-12-01 18:26:00,Свердловская,"СВЕРД, ШЧ-17",,,,"Кнопки, подгар, сваривание контактов",CSH,2024,,,,,,
2,13638001,2024-12-02 00:47:00,Свердловская,"СВЕРД, ШЧ-1 (Р)","2шт ч(к учету 0,5ч)",,,"Контактная система, потеря контакта",CSH,2024,0.0,"0,5ч",,,,
3,13637965,2024-12-02 01:00:00,Свердловская,"СВЕРД, ШЧ-13",,,,"Диод, обрыв диода",CSH,2024,,,,,,
2,13638877,2024-12-02 14:10:00,Свердловская,"СВЕРД, ИЧ ЕГОРШИНСКАЯ Ш",,,"2шт (к учету 1) ч(к учету 0,28)ч",Нарушение изоляции монтажных проводов,CSH,2024,,,,,1.0,
3,13641470,2024-12-04 08:20:00,Свердловская,"СВЕРД, ИЧ ЕГОРШИНСКАЯ Ш",,,,"Электродвигатель, постоянного тока (МСП, ДСП), обрыв обмотки якоря",CSH,2024,,,,,,
2,13642899,2024-12-04 16:57:00,Свердловская,"СВЕРД, ШЧ-2",,,"10шт (к учету 6) ч(к учету 1,72)ч",Нарушение регулировочного режима,CSH,2024,,,,,6.0,
2,13643215,2024-12-05 02:31:00,Свердловская,"СВЕРД, ШЧ-7","2шт ч(к учету 1,03ч)",,,"Срабатывание, коммутационные перенапряжения",CSH,2024,1.0,"1,03ч",,,,
1,13643290,2024-12-05 05:08:00,Свердловская,"СВЕРД, ШЧ-8 (Р)","8шт ч(к учету 4,17ч)",,,"Контактная система, увеличенное сопротивление",CSH,2024,4.0,"4,17ч",,,,
1,13645044,2024-12-05 23:32:00,Свердловская,"СВЕРД, ШЧ-2","9шт (к учету 6) ч(к учету 11,43ч)",,,Излом провода под гайкой,CSH,2024,6.0,"11,43ч",,,,
3,13645035,2024-12-06 01:40:00,Свердловская,"СВЕРД, ШЧ-20",,,,Нарушение контакта штепсель/рельс,CSH,2024,,,,,,
3,13646244,2024-12-06 17:19:00,Свердловская,"СВЕРД, ШЧ-5",,,,Нарушение контакта штепсель/рельс,CSH,2024,,,,,,
3,13646277,2024-12-06 18:15:00,Свердловская,"СВЕРД, ИЧ ЕГОРШИНСКАЯ Ш",,,,Нарушение контакта трос/штепсель,CSH,2024,,,,,,
2,13646337,2024-12-06 20:51:00,Свердловская,"СВЕРД, ШЧ-23","1шт ч(к учету 0,22ч)","2шт (к учету 1) ч(к учету 0,43ч)",,"Контактная система, увеличенное сопротивление",CSH,2024,0.0,"0,22ч",1.0,"0,43ч",,
3,13646999,2024-12-07 19:17:00,Свердловская,"СВЕРД, ШЧ-16",,,,"Срабатывание, воздействие тягового тока",CSH,2024,,,,,,
2,13647167,2024-12-08 04:11:00,Свердловская,"СВЕРД, ШЧ-5","1шт ч(к учету 0,43ч)",,"1шт ч(к учету 0,5)ч",Потеря контакта в манжете,CSH,2024,0.0,"0,43ч",,,0.0,
2,13647598,2024-12-08 20:26:00,Свердловская,"СВЕРД, ИЧ ЕГОРШИНСКАЯ Ш","1шт ч(к учету 0,38ч)",,,"Диод, пробой",CSH,2024,0.0,"0,38ч",,,,
2,13647819,2024-12-09 04:22:00,Свердловская,"СВЕРД, ШЧ-2","6шт (к учету 5) ч(к учету 2,55ч)",,"2шт ч(к учету 0,67)ч",Нарушение контакта штепсель/рельс,CSH,2024,5.0,"2,55ч",,,0.0,
3,13648745,2024-12-09 12:05:00,Свердловская,"СВЕРД, ИЧ ЧУСОВСКАЯ Ш",,,,"Реле напряжений, нарушение контакта",CSH,2024,,,,,,
3,13650575,2024-12-10 14:15:00,Свердловская,"СВЕРД, ШЧ-18",,,,"Контактная система, потеря контакта",CSH,2024,,,,,,
2,13650938,2024-12-10 23:35:00,Свердловская,"СВЕРД, ШЧ-17","2шт ч(к учету 0,9ч)",,,Нарушение контакта наконечник/вывод ДТ,CSH,2024,0.0,"0,9ч",,,,
2,13650947,2024-12-11 03:44:00,Свердловская,"СВЕРД, ШЧ-2","1шт ч(к учету 0,63ч)",,"7шт (к учету 3) ч(к учету 1,48)ч","Автопереключатель, разрегулировка контактов",CSH,2024,0.0,"0,63ч",,,3.0,
2,13655331,2024-12-11 07:15:00,Свердловская,"СВЕРД, ШЧ-8 (Р)","1шт ч(к учету 0,67ч)",,,"Конденсатор, потеря емкости",CSH,2024,0.0,"0,67ч",,,,
3,13652586,2024-12-11 18:15:00,Свердловская,"СВЕРД, ШЧ-16",,,,Нарушение контакта штепсель/рельс,CSH,2024,,,,,,
2,13652804,2024-12-12 04:04:00,Свердловская,"СВЕРД, ШЧ-5","1шт ч(к учету 0,43ч)",,,Ослабление затяжки болтов,CSH,2024,0.0,"0,43ч",,,,
2,13653099,2024-12-12 08:40:00,Свердловская,"СВЕРД, ШЧ-7",,"4шт (к учету 2) ч(к учету 0,92ч)",,Нарушение изоляции монтажных проводов,CSH,2024,,,2.0,"0,92ч",,
2,13655475,2024-12-13 14:20:00,Свердловская,"СВЕРД, ШЧ-5",,,"1шт ч(к учету 0,15)ч","Лампы, перегорание основной нити",CSH,2024,,,,,0.0,
3,13656319,2024-12-14 15:54:00,Свердловская,"СВЕРД, ШЧ-23",,,,"Тиратрон, обрыв",CSH,2024,,,,,,
1,13656601,2024-12-14 22:02:00,Свердловская,"СВЕРД, ШЧ-8 (Р)","2шт ч(к учету 1,97ч)",,,"Транзистор, короткое замыкание",CSH,2024,1.0,"1,97ч",,,,
3,13656637,2024-12-15 04:45:00,Свердловская,"СВЕРД, ШЧ-17",,,,"Срабатывание, воздействие тягового тока",CSH,2024,,,,,,
3,13657156,2024-12-15 20:35:00,Свердловская,"СВЕРД, ШЧ-1 (Р)",,,,"Контактная система, потеря контакта",CSH,2024,,,,,,
3,13657251,2024-12-16 01:25:00,Свердловская,"СВЕРД, ИЧ ЧУСОВСКАЯ Ш",,,,Обрыв монтажного провода,CSH,2024,,,,,,
3,13657319,2024-12-16 02:37:00,Свердловская,"СВЕРД, ШЧ-13",,,,Неисправность концентратора,CSH,2024,,,,,,
3,13657840,2024-12-16 09:46:00,Свердловская,"СВЕРД, ШЧ-16",,,,"Нарушение контакта в штепсельных розетках, замятие контакта",CSH,2024,,,,,,
1,13657751,2024-12-16 13:49:00,Свердловская,"СВЕРД, ШЧ-16","5шт ч(к учету 10,07ч)",,,Сбой АЛС с задержкой поезда,CSH,2024,10.0,"10,07ч",,,,
2,13657938,2024-12-16 20:50:00,Свердловская,"СВЕРД, ШЧ-7","8шт (к учету 7) ч(к учету 3,97ч)",,,100% (свежий) излом датчика УКСПС,CSH,2024,7.0,"3,97ч",,,,
3,13660549,2024-12-18 18:01:00,Свердловская,"СВЕРД, ШЧ-22",,,,"Обрыв троса, при путевых работах",CSH,2024,,,,,,
3,13660754,2024-12-18 19:52:00,Свердловская,"СВЕРД, ИЧ ЧУСОВСКАЯ Ш",,,,Некачественная пайка,CSH,2024,,,,,,
2,13660869,2024-12-18 22:43:00,Свердловская,"СВЕРД, ШЧ-5","4шт ч(к учету 0,88ч)",,,"Системный блок, неисправность",CSH,2024,0.0,"0,88ч",,,,
2,13660745,2024-12-18 23:57:00,Свердловская,"СВЕРД, ШЧ-20","1шт ч(к учету 0,95ч)",,,Излом датчика УКСПС по старой трещине,CSH,2024,0.0,"0,95ч",,,,
3,13660958,2024-12-19 03:48:00,Свердловская,"СВЕРД, ШЧ-13",,,,"Обмотка, короткое замыкание",CSH,2024,,,,,,
3,13661683,2024-12-19 07:56:00,Свердловская,"СВЕРД, ШЧ-3",,,,"Жилы, обрыв",CSH,2024,,,,,,
2,13662684,2024-12-20 12:12:00,Свердловская,"СВЕРД, ШЧ-16",,"1шт ч(к учету 0,13ч)",,Неисправность источника бесперебойного питания,CSH,2024,,,0.0,"0,13ч",,
2,13670952,2024-12-21 20:33:00,Свердловская,"СВЕРД, ШЧ-3","1шт ч(к учету 0,2ч)","1шт ч(к учету 0,1ч)",,"Нарушение контакта в штепсельных розетках, неисправность контактных губок",CSH,2024,0.0,"0,2ч",0.0,"0,1ч",,
2,13664286,2024-12-22 19:17:00,Свердловская,"СВЕРД, ШЧ-22","1шт ч(к учету 0,65ч)",,,Излом планки,CSH,2024,0.0,"0,65ч",,,,
2,13665348,2024-12-23 14:12:00,Свердловская,"СВЕРД, ШЧ-17",,,"4шт (к учету 3) ч(к учету 0,4)ч","Жилы, сообщение",CSH,2024,,,,,3.0,
3,13665583,2024-12-23 18:46:00,Свердловская,"СВЕРД, ШЧ-3",,,,"Автопереключатель, разрегулировка контактов",CSH,2024,,,,,,
3,13666506,2024-12-24 12:06:00,Свердловская,"СВЕРД, ШЧ-2",,,,"Автопереключатель, разрегулировка контактов",CSH,2024,,,,,,
3,13671894,2024-12-24 13:20:00,Свердловская,"СВЕРД, ШЧ-7",,,,Некачественная пайка,CSH,2024,,,,,,
3,13667281,2024-12-24 18:04:00,Свердловская,"СВЕРД, ШЧ-13",,,,Излом провода под гайкой,CSH,2024,,,,,,
3,13669521,2024-12-26 07:38:00,Свердловская,"СВЕРД, ШЧ-8 (Р)",,,,Неисправность элементов,CSH,2024,,,,,,
3,13669976,2024-12-26 13:13:00,Свердловская,"СВЕРД, ИЧ ЧУСОВСКАЯ Ш",,,,"Монтаж, ослабление крепления",CSH,2024,,,,,,
3,13671202,2024-12-27 15:20:00,Свердловская,"СВЕРД, ШЧ-9",,,,Излом повода под гайкой,CSH,2024,,,,,,
2,13671333,2024-12-27 17:05:00,Свердловская,"СВЕРД, ШЧ-20","1шт ч(к учету 0,63ч)",,,"Внутренний монтаж, короткое замыкание",CSH,2024,0.0,"0,63ч",,,,
2,13671799,2024-12-28 07:53:00,Свердловская,"СВЕРД, ШЧ-1 (Р)","6шт ч(к учету 1,83ч)",,"1шт ч(к учету 0,25)ч","Диод, пробой",CSH,2024,1.0,"1,83ч",,,0.0,
3,13672674,2024-12-29 01:22:00,Свердловская,"СВЕРД, ИЧ ЕГОРШИНСКАЯ Ш",,,,Нарушение контакта трос/штепсель,CSH,2024,,,,,,
2,13672826,2024-12-29 07:03:00,Свердловская,"СВЕРД, ШЧ-3",,,"2шт ч(к учету 0,35)ч","Жилы, обрыв",CSH,2024,,,,,0.0,
2,13673205,2024-12-29 17:40:00,Свердловская,"СВЕРД, ШЧ-22","2шт ч(к учету 1,23ч)",,,"Контактная система, сваривание контактов",CSH,2024,1.0,"1,23ч",,,,
2,13673244,2024-12-29 20:13:00,Свердловская,"СВЕРД, ШЧ-20",,"1шт ч(к учету 0,62ч)",,Излом датчика УКСПС по старой трещине,CSH,2024,,,0.0,"0,62ч",,
2,13673768,2024-12-30 09:15:00,Свердловская,"СВЕРД, ШЧ-2","1шт ч(к учету 0,53ч)",,"1шт ч(к учету 0,38)ч","Срабатывание, коммутационные перенапряжения",CSH,2024,0.0,"0,53ч",,,0.0,
3,13673805,2024-12-30 13:50:00,Свердловская,"СВЕРД, ШЧ-13",,,,"Жилы, внутренний обрыв",CSH,2024,,,,,,
2,13673812,2024-12-30 16:00:00,Свердловская,"СВЕРД, ШЧ-8 (Р)","2шт ч(к учету 0,62ч)",,"1шт ч(к учету 0,1)ч","Контактная система, подгар контактов",CSH,2024,0.0,"0,62ч",,,0.0,
1,13161743,2024-01-03 07:05:00,Свердловская,"СВЕРД, ТЧЭ-5","27шт (к учету 21) ч(к учету 49,9ч)","1шт ч(к учету 0,12ч)","1шт ч(к учету 0,17)ч","Код 14.2 Пробоксовки в виде местного износа и выкрашивания металла в местах термомеханических повреждений головки рельса из-за боксования, юза колес подвижного состава или нарушения режимов шлифования рельсошлифовальными поездами",CT,2024,21.0,"49,9ч",0.0,"0,12ч",0.0,
1,13162718,2024-01-03 18:43:00,Свердловская,"СВЕРД, ТЧЭ-12",,,,Прочая неисправность вкладыша опоры кузова локомотива,CT,2024,,,,,,
3,13172602,2024-01-10 06:00:00,Свердловская,"СВЕРД, ТЧЭ-1",,,,Износ тормозной колодки тормозной рычажной передачи локомотива,CT,2024,,,,,,
1,13175688,2024-01-11 23:40:00,Свердловская,"СВЕРД, ТЧЭ-15","8шт ч(к учету 23,47ч)",,,"Код 14.2 Пробоксовки в виде местного износа и выкрашивания металла в местах термомеханических повреждений головки рельса из-за боксования, юза колес подвижного состава или нарушения режимов шлифования рельсошлифовальными поездами",CT,2024,23.0,"23,47ч",,,,
1,13179744,2024-01-14 14:46:00,Свердловская,"СВЕРД, ТЧЭ-15","24шт (к учету 13) ч(к учету 19,43ч)",,,"Код 14.2 Пробоксовки в виде местного износа и выкрашивания металла в местах термомеханических повреждений головки рельса из-за боксования, юза колес подвижного состава или нарушения режимов шлифования рельсошлифовальными поездами",CT,2024,13.0,"19,43ч",,,,
1,13181381,2024-01-15 15:49:00,Свердловская,"СВЕРД, ТЧЭ-15","8шт (к учету 7) ч(к учету 13,62ч)",,,"Код 14.2 Пробоксовки в виде местного износа и выкрашивания металла в местах термомеханических повреждений головки рельса из-за боксования, юза колес подвижного состава или нарушения режимов шлифования рельсошлифовальными поездами",CT,2024,7.0,"13,62ч",,,,
3,13183102,2024-01-17 00:41:00,Свердловская,"СВЕРД, ТЧЭ-9",,,,Прочая неисправность воздухопровода тормозной магистрали,CT,2024,,,,,,
3,13189708,2024-01-22 13:11:00,Свердловская,"СВЕРД, ТЧЭ-15",,,,"Код 14.2 Пробоксовки в виде местного износа и выкрашивания металла в местах термомеханических повреждений головки рельса из-за боксования, юза колес подвижного состава или нарушения режимов шлифования рельсошлифовальными поездами",CT,2024,,,,,,
2,13196727,2024-01-28 03:20:00,Свердловская,"СВЕРД, ТЧЭ-1","1шт ч(к учету 0,38ч)",,,Прочая неисправность корпуса автосцепки локомотива,CT,2024,0.0,"0,38ч",,,,
1,13197382,2024-01-29 04:00:00,Свердловская,"СВЕРД, ТЧЭ-17","3шт (к учету 1) ч(к учету 10,58ч)",,"2шт (к учету 1) ч(к учету 0,22)ч",Прочая неисправность питательного клапана реле давления,CT,2024,1.0,"10,58ч",,,1.0,
3,13199119,2024-01-29 08:00:00,Свердловская,"СВЕРД, ТЧЭ-19",,,,"Код 14.2 Пробоксовки в виде местного износа и выкрашивания металла в местах термомеханических повреждений головки рельса из-за боксования, юза колес подвижного состава или нарушения режимов шлифования рельсошлифовальными поездами",CT,2024,,,,,,
3,13213287,2024-02-08 13:10:00,Свердловская,"СВЕРД, ТЧЭ-17",,,,"Код 14.2 Пробоксовки в виде местного износа и выкрашивания металла в местах термомеханических повреждений головки рельса из-за боксования, юза колес подвижного состава или нарушения режимов шлифования рельсошлифовальными поездами",CT,2024,,,,,,
1,13213851,2024-02-08 16:24:00,Свердловская,"СВЕРД, ТЧЭ-7","48шт (к учету 32) ч(к учету 88,32ч)","2шт ч(к учету 0,52ч)",,Ослабление крепления корпуса (кожуха) зубчатой передачи,CT,2024,32.0,"88,32ч",0.0,"0,52ч",,
3,13222472,2024-02-14 13:40:00,Свердловская,"СВЕРД, ТЧЭ-15",,,,"Код 14.2 Пробоксовки в виде местного износа и выкрашивания металла в местах термомеханических повреждений головки рельса из-за боксования, юза колес подвижного состава или нарушения режимов шлифования рельсошлифовальными поездами",CT,2024,,,,,,
3,13224090,2024-02-15 12:03:00,Свердловская,"СВЕРД, ТЧЭ-15",,,,"Код 14.2 Пробоксовки в виде местного износа и выкрашивания металла в местах термомеханических повреждений головки рельса из-за боксования, юза колес подвижного состава или нарушения режимов шлифования рельсошлифовальными поездами",CT,2024,,,,,,
3,13224878,2024-02-16 03:19:00,Свердловская,"СВЕРД, ТЧЭ-7",,,,Прочая неисправность предохранителя автосцепки локомотива,CT,2024,,,,,,
3,13230887,2024-02-20 15:00:00,Свердловская,"СВЕРД, ТЧЭ-17",,,,"Код 14.2 Пробоксовки в виде местного износа и выкрашивания металла в местах термомеханических повреждений головки рельса из-за боксования, юза колес подвижного состава или нарушения режимов шлифования рельсошлифовальными поездами",CT,2024,,,,,,
3,13244117,2024-03-01 11:20:00,Свердловская,"СВЕРД, ТЧЭ-9",,,,Прочая неисправность корпуса концевого крана,CT,2024,,,,,,
1,13261641,2024-03-14 14:49:00,Свердловская,"СВЕРД, ТЧЭ-15","10шт ч(к учету 10,15ч)",,,"Код 14.2 Пробоксовки в виде местного износа и выкрашивания металла в местах термомеханических повреждений головки рельса из-за боксования, юза колес подвижного состава или нарушения режимов шлифования рельсошлифовальными поездами",CT,2024,10.0,"10,15ч",,,,
3,13262373,2024-03-15 04:40:00,Свердловская,"СВЕРД, ТЧЭ-9",,,,"Прочая неисправность плавкой вставки предохранителя, панели предохранителей",CT,2024,,,,,,
3,13275395,2024-03-26 12:40:00,Свердловская,"СВЕРД, ТЧЭ-17",,,,"Код 24.2 Поперечные трещины в головке, возникшие от термомеханических повреждений из-за боксования или юза",CT,2024,,,,,,
3,13286093,2024-04-03 06:07:00,Свердловская,"СВЕРД, ТЧЭ-15",,,,Низкое омическое сопротивление дугогасительной катушки электромагнитного контактора вспомогательных цепей и цепей управления,CT,2024,,,,,,
3,13288130,2024-04-03 15:00:00,Свердловская,"СВЕРД, ТЧЭ-15",,,,Прочая неисправность фильтра вспомогательного тормоза,CT,2024,,,,,,
3,13291006,2024-04-04 15:49:00,Свердловская,"СВЕРД, ТЧЭ-7",,,,Излом пружины токоотводящего устройства буксового узла локомотива,CT,2024,,,,,,
2,13318488,2024-04-19 23:08:00,Свердловская,"СВЕРД, ТЧЭ-15","5шт ч(к учету 2,87ч)","2шт ч(к учету 0,47ч)",,"Сгорание плавкой вставки предохранителя, панели предохранителей",CT,2024,2.0,"2,87ч",0.0,"0,47ч",,
3,13333629,2024-04-28 21:24:00,Свердловская,"СВЕРД, ТЧЭ-9",,,,Потеря жесткости включающей пружины быстродействующего выключателя,CT,2024,,,,,,
3,13335447,2024-04-30 20:01:00,Свердловская,"СВЕРД, ТЧЭ-9",,,,Отгорание шлейфа контактного медного провода,CT,2024,,,,,,
3,13353035,2024-05-11 06:21:00,Свердловская,"СВЕРД, ТЧЭ-9",,,,Прочая неисправность главных контактов быстродействующего выключателя,CT,2024,,,,,,
2,13356906,2024-05-14 03:48:00,Свердловская,"СВЕРД, ТЧЭ-9","1шт ч(к учету 0,2ч)",,"1шт ч(к учету 0,12)ч",Прочая неисправность клапана концевого крана,CT,2024,0.0,"0,2ч",,,0.0,
3,13383108,2024-05-29 06:07:00,Свердловская,"СВЕРД, ТЧЭ-9",,,,"Прочая неисправность эластичной, многослойной резинотканевой трубки",CT,2024,,,,,,
3,13399178,2024-06-10 13:03:00,Свердловская,"СВЕРД, ТЧЭ-17",,,,"Прочая неисправность проводов, кабелей силовых цепей",CT,2024,,,,,,
3,13406347,2024-06-14 21:58:00,Свердловская,"СВЕРД, ТЧЭ-17",,,,Прочая неисправность предохранительного клапана масляной системы,CT,2024,,,,,,
3,13410225,2024-06-18 11:54:00,Свердловская,"СВЕРД, ТЧЭ-1",,,,Низкая емкость аккумуляторной батареи,CT,2024,,,,,,
3,13447167,2024-07-12 01:38:00,Свердловская,"СВЕРД, ТЧЭ-17",,,,Прочая неисправность блок-контактов реле заземления,CT,2024,,,,,,
2,13448941,2024-07-13 03:06:00,Свердловская,"СВЕРД, ТЧЭ-1",,,"1шт ч(к учету 0,1)ч",Неисправность тумблера,CT,2024,,,,,0.0,
3,13456402,2024-07-18 17:24:00,Свердловская,"З-СИБ, ТЧЭ-2",,,,Прочая неисправность корпуса автосцепки локомотива,CT,2024,,,,,,
2,13462031,2024-07-23 23:10:00,Свердловская,"СВЕРД, ТЧЭ-1","1шт ч(к учету 0,33ч)",,,Трещина рычага тормозной рычажной передачи локомотива,CT,2024,0.0,"0,33ч",,,,
3,13463206,2024-07-24 18:20:00,Свердловская,"СВЕРД, ТЧЭ-1",,,,Отключение внешнего электроснабжения,CT,2024,,,,,,
3,13509513,2024-08-28 08:03:00,Свердловская,"СВЕРД, ТЧЭ-9",,,,"Переброс, круговой огонь в коллекторе тягового двигателя постоянного тока",CT,2024,,,,,,
3,13512467,2024-08-30 18:10:00,Свердловская,"СВЕРД, ТЧЭ-15",,,,Низкое напряжение,CT,2024,,,,,,
3,13540049,2024-09-16 20:58:00,Свердловская,"СВЕРД, ТЧЭ-9",,,,Прочая неисправность перепускного клапана топливной системы,CT,2024,,,,,,
3,13546512,2024-09-20 22:40:00,Свердловская,"СВЕРД, ТЧЭ-1",,,,Неисправность регулятора мощности объединенного регулятора,CT,2024,,,,,,
3,13547794,2024-09-22 07:27:00,Свердловская,"СВЕРД, ТЧЭ-9",,,,Прочая неисправность рукоятки клапана песочницы,CT,2024,,,,,,
1,13560259,2024-10-01 17:00:00,Свердловская,"СВЕРД, ТЧЭ-17","4шт ч(к учету 1,5ч)","3шт ч(к учету 3,17ч)","1шт ч(к учету 0,28)ч","Прочая неисправность плавкой вставки предохранителя, панели предохранителей",CT,2024,1.0,"1,5ч",3.0,"3,17ч",0.0,
3,13591308,2024-10-22 07:27:00,Свердловская,"СВЕРД, ТЧЭ-17",,,,Прочая неисправность пружины сильфона топливоподкачивающего насоса,CT,2024,,,,,,
3,13596980,2024-10-27 16:30:00,Свердловская,"СВЕРД, ТЧЭ-17",,,,Прочая неисправность питательного клапана реле давления,CT,2024,,,,,,
3,13603453,2024-11-02 12:26:00,Свердловская,"СВЕРД, ТЧЭ-1",,,,Прочая неисправность пружины крана двойной тяги,CT,2024,,,,,,
3,13605687,2024-11-04 21:28:00,Свердловская,"СВЕРД, ТЧЭ-9",,,,Прочая неисправность барабана переключателя дистанционного отключения тяговых двигателей,CT,2024,,,,,,
3,13607766,2024-11-06 04:04:00,Свердловская,"СВЕРД, ТЧЭ-10",,,,Пережог простой струны контактной сети,CT,2024,,,,,,
3,13612449,2024-11-08 09:01:00,Свердловская,"СВЕРД, ТЧЭ-1",,,,"Неисправность манжеты, пружины, штока и т.д.",CT,2024,,,,,,
3,13614425,2024-11-10 07:07:00,Свердловская,"СВЕРД, ТЧЭ-1",,,,Прочая неисправность рукоятки клапана песочницы,CT,2024,,,,,,
3,13621358,2024-11-12 07:55:00,Свердловская,"СВЕРД, ТЧЭ-1",,,,Прочая неисправность втулки антивибратора дизеля,CT,2024,,,,,,
3,13627480,2024-11-20 18:00:00,Свердловская,"СВЕРД, ТЧЭ-9",,,,Повреждение уплотнения,CT,2024,,,,,,
3,13629423,2024-11-22 13:31:00,Свердловская,"СВЕРД, ТЧЭ-17",,,,Прочая неисправность рычага тормозной рычажной передачи локомотива,CT,2024,,,,,,
3,13631231,2024-11-25 01:24:00,Свердловская,"СВЕРД, ТЧЭ-17",,,,"Прочая неисправность провода, кабеля низковольтных цепей и цепей управления",CT,2024,,,,,,
3,13636152,2024-11-26 10:00:00,Свердловская,"СВЕРД, ТЧЭ-1",,,,Обрыв кабеля подключения антенны,CT,2024,,,,,,
2,13634639,2024-11-28 04:09:00,Свердловская,"СВЕРД, ТЧЭ-9","1шт ч(к учету 0,43ч)",,,Пережог контактного медного провода,CT,2024,0.0,"0,43ч",,,,
2,13646500,2024-12-07 03:20:00,Свердловская,"СВЕРД, ТЧЭ-1","3шт ч(к учету 0,77ч)",,"1шт ч(к учету 0,12)ч",Отгорание питающего провода,CT,2024,0.0,"0,77ч",,,0.0,
3,13655559,2024-12-13 11:05:00,Свердловская,"СВЕРД, ТЧЭ-17",,,,Прочая неисправность изолятора токоприемника,CT,2024,,,,,,
3,13658281,2024-12-15 23:54:00,Свердловская,"СВЕРД, ТЧЭ-9",,,,Пробой изоляции обмотки дополнительного полюса на корпус якоря тягового двигателя постоянного тока,CT,2024,,,,,,
3,13661744,2024-12-16 14:26:00,Свердловская,"СВЕРД, ТЧЭ-15",,,,"Неисправность манжеты, пружины, штока и т.д.",CT,2024,,,,,,
3,13660940,2024-12-18 23:38:00,Свердловская,"СВЕРД, ТЧЭ-9",,,,"Неисправность манжеты, пружины, штока и т.д.",CT,2024,,,,,,
1,13663162,2024-12-21 00:10:00,Свердловская,"СВЕРД, ТЧЭ-1","2шт ч(к учету 2,4ч)",,,Прочая неисправность замка автосцепки локомотива,CT,2024,2.0,"2,4ч",,,,
2,13663898,2024-12-22 05:03:00,Свердловская,"СВЕРД, ТЧЭ-15","1шт ч(к учету 0,95ч)",,,Трещина кулачкового вала блокировочного устройства,CT,2024,0.0,"0,95ч",,,,
3,13664044,2024-12-22 08:41:00,Свердловская,"СВЕРД, ТЧЭ-9",,,,Износ кольца привода подвозбудителя,CT,2024,,,,,,
1,13664531,2024-12-23 05:29:00,Свердловская,"СВЕРД, ТЧЭ-18","2шт ч(к учету 3,7ч)","2шт ч(к учету 1,62ч)",,Неисправность блока МСУ-ТЭ,CT,2024,3.0,"3,7ч",1.0,"1,62ч",,
3,13672782,2024-12-29 06:44:00,Свердловская,"СВЕРД, ТЧЭ-15",,,,Прочая неисправность корпуса буксы локомотива,CT,2024,,,,,,
3,13189718,2024-01-01 21:55:00,Свердловская,"СВЕРД, ВЧДЭ-19","1шт ч(к учету 0,08ч)",,,Дефект прокладки между корпусом магистральной части и двухкамерным резервуаром усл. № 270.399-2,CV,2024,0.0,"0,08ч",,,,
3,13168443,2024-01-08 20:22:00,Свердловская,"СВЕРД, ВЧДЭ-20",,,,Технологический нагрев буксового узла,CV,2024,,,,,,
3,13173724,2024-01-11 09:36:00,Свердловская,"СВЕРД, ВЧДЭ-4",,,,"Дефект (расслоение, раздавливание) прокладки усл. № 183.9",CV,2024,,,,,,
3,13180118,2024-01-13 15:55:00,Свердловская,"З-СИБ, ВЧДЭ-12 ВХОДНАЯ",,,,Тонкий гребень колеса грузового вагона,CV,2024,,,,,,
3,13180576,2024-01-15 11:23:00,Свердловская,"СВЕРД, ВЧДЭ-4",,,,"Неисправность лабиринтной части корпуса буксы (задиры, забоины и т.д.)",CV,2024,,,,,,
2,13181418,2024-01-15 16:10:00,Свердловская,"СВЕРД, ВЧДЭ-4","1шт ч(к учету 0,83ч)",,,Надиры типа «елочка» на торцах роликов и бортах колец,CV,2024,0.0,"0,83ч",,,,
3,13192042,2024-01-22 19:00:00,Свердловская,"ОКТ, ВЧДЭ-13 САНКТ-ПЕТЕРБУРГ-СОРТ-ВИТ",,,,Прокат колеса грузового вагона по кругу катания выше нормы,CV,2024,,,,,,
3,13192682,2024-01-22 20:00:00,Свердловская,"СВЕРД, ВЧДЭ-19",,,,Тонкий гребень колеса грузового вагона,CV,2024,,,,,,
1,13202351,2024-02-02 00:08:00,Свердловская,"СВЕРД, ВЧДЭ-4","1шт ч(к учету 1,12ч)",,,Трещина трубы воздухопровода тормозной магистрали грузового вагона,CV,2024,1.0,"1,12ч",,,,
3,13214505,2024-02-09 08:35:00,Свердловская,"СВЕРД, ВЧДЭ-20",,,,Разрегулирование рычажной передачи грузового вагона,CV,2024,,,,,,
2,13221160,2024-02-14 00:30:00,Свердловская,"СВЕРД, ВЧДЭ-19","1шт ч(к учету 0,95ч)",,,"Дефект (расслоение, раздавливание) диафрагмы усл. № 270.379",CV,2024,0.0,"0,95ч",,,,
2,13223521,2024-02-15 07:34:00,Свердловская,"СВЕРД, ВЧДЭ-4","1шт ч(к учету 0,7ч)",,,Неисправности буксовых узлов кассетного типа,CV,2024,0.0,"0,7ч",,,,
3,13230262,2024-02-20 19:29:00,Свердловская,"СВЕРД, ВЧДЭ-4",,,,Обводнение смазки в буксе грузового вагона,CV,2024,,,,,,
2,13231931,2024-02-21 16:10:00,Свердловская,"СВЕРД, ВЧДЭ-4","1шт ч(к учету 0,83ч)",,,Излом/трещина ниппеля разобщительного крана,CV,2024,0.0,"0,83ч",,,,
3,13236025,2024-02-26 08:20:00,Свердловская,"СВЕРД, ВЧДЭ-4",,,,Дефект уплотнения усл. № 334.1729А-2 между корпусом и крышкой магистральной части,CV,2024,,,,,,
3,13237078,2024-02-27 02:26:00,Свердловская,"СВЕРД, ВЧДЭ-19",,,,Технологический нагрев буксового узла,CV,2024,,,,,,
3,13238231,2024-02-27 22:04:00,Свердловская,"СВЕРД, ВЧДЭ-4",,,,Надиры типа «елочка» на торцах роликов и бортах колец,CV,2024,,,,,,
2,13242386,2024-03-01 18:18:00,Свердловская,"СВЕРД, ВЧДЭ-4","1шт ч(к учету 0,33ч)",,,Обводнение смазки в буксе грузового вагона,CV,2024,0.0,"0,33ч",,,,
3,13253118,2024-03-08 16:26:00,Свердловская,"СВЕРД, ВЧДЭ-20",,,,"Расслоение, разрыв манжеты усл. № 305-156 в узле трех клапанов",CV,2024,,,,,,
3,13254763,2024-03-10 23:04:00,Свердловская,"СВЕРД, ВЧДЭ-20",,,,Выщербина на ободе колеса грузового вагона,CV,2024,,,,,,
2,13254867,2024-03-11 02:24:00,Свердловская,"СВЕРД, ВЧДЭ-4","3шт ч(к учету 1,62ч)",,,Дефект манжеты № 1 усл. № 270.313 штока главного поршня,CV,2024,1.0,"1,62ч",,,,
2,13260297,2024-03-13 20:15:00,Свердловская,"СВЕРД, ВЧДЭ-4","1шт ч(к учету 0,75ч)",,,Излом тягового хомута грузового вагона,CV,2024,0.0,"0,75ч",,,,
3,13262529,2024-03-15 09:15:00,Свердловская,"СВЕРД, ВЧДЭ-4",,,,Дефект манжеты № 6 усл. № 270.313 штока главного поршня,CV,2024,,,,,,
3,13268582,2024-03-20 13:21:00,Свердловская,"СВЕРД, ВЧДЭ-4",,,,Разрыв диафрагмы клапана мягкости,CV,2024,,,,,,
2,13271629,2024-03-22 22:28:00,Свердловская,"СВЕРД, ВЧДЭ-4","2шт ч(к учету 1,08ч)",,,"Неисправности колец подшипников (раковины, шелушения, коррозия, трещины, отколы и др.)",CV,2024,1.0,"1,08ч",,,,
2,13277445,2024-03-27 14:35:00,Свердловская,"СВЕРД, ВЧДЭ-4","1шт ч(к учету 0,83ч)",,,Обводнение смазки в буксе грузового вагона,CV,2024,0.0,"0,83ч",,,,
3,13281042,2024-03-30 22:50:00,Свердловская,"СВЕРД, ВЧДЭ-4",,,,Обрыв (излом) трубы магистрали воздухопровода и подводящих труб,CV,2024,,,,,,
3,13283425,2024-04-01 22:50:00,Свердловская,"СВЕРД, ВЧДЭ-4",,,,Дефект манжеты № 6 усл. № 270.313 штока главного поршня,CV,2024,,,,,,
3,13307686,2024-04-13 02:50:00,Свердловская,"СВЕРД, ВЧДЭ-4",,,,Неисправность торцевого крепления подшипника буксы грузового вагона,CV,2024,,,,,,
3,13308361,2024-04-13 15:30:00,Свердловская,"СВЕРД, ВЧДЭ-11",,,,"Неисправность лабиринтного кольца (задиры, забоины и т.д.)",CV,2024,,,,,,
3,13311177,2024-04-16 00:42:00,Свердловская,"СВЕРД, ВЧДЭ-4",,,,Технологический нагрев буксового узла,CV,2024,,,,,,
3,13315817,2024-04-18 10:40:00,Свердловская,"СВЕРД, ВЧДЭ-4",,,,"Дефект (расслоение, раздавливание) прокладки усл. № 183.9",CV,2024,,,,,,
3,13318404,2024-04-19 21:08:00,Свердловская,"СВЕРД, ВЧДЭ-19",,,,Технологический нагрев буксового узла,CV,2024,,,,,,
3,13319356,2024-04-20 17:13:00,Свердловская,"СВЕРД, ВЧДЭ-4",,,,Излом струны триангеля,CV,2024,,,,,,
3,13320083,2024-04-21 09:21:00,Свердловская,"СВЕРД, ВЧДЭ-4",,,,Просадка уплотнения тормозного клапана усл. № 270.065-1 ниже уровня металла,CV,2024,,,,,,
3,13322762,2024-04-23 01:12:00,Свердловская,"СВЕРД, ВЧДЭ-4",,,,Разноразмерность роликов по диаметру и длине,CV,2024,,,,,,
2,13323698,2024-04-23 09:10:00,Свердловская,"СВЕРД, ВЧДЭ-4","1шт ч(к учету 0,83ч)",,,Надиры типа «елочка» на торцах роликов и бортах колец,CV,2024,0.0,"0,83ч",,,,
2,13334986,2024-04-30 09:10:00,Свердловская,"СВЕРД, ВЧДЭ-4","1шт ч(к учету 0,83ч)",,,Надиры типа «елочка» на торцах роликов и бортах колец,CV,2024,0.0,"0,83ч",,,,
3,13335004,2024-04-30 10:49:00,Свердловская,"СВЕРД, ВЧДЭ-4",,,,"Неисправность лабиринтной части корпуса буксы (задиры, забоины и т.д.)",CV,2024,,,,,,
3,13352473,2024-05-10 16:53:00,Свердловская,"СВЕРД, ВЧДЭ-4",,,,"Неисправность лабиринтной части корпуса буксы (задиры, забоины и т.д.)",CV,2024,,,,,,
3,13354724,2024-05-13 01:30:00,Свердловская,"СВЕРД, ВЧДЭ-4",,,,Надиры типа «елочка» на торцах роликов и бортах колец,CV,2024,,,,,,
3,13362300,2024-05-16 14:41:00,Свердловская,"СВЕРД, ВЧДЭ-4",,,,Просадка уплотнения усл. № 270.753 клапана дополнительной разрядки,CV,2024,,,,,,
3,13365411,2024-05-19 06:24:00,Свердловская,"СВЕРД, ВЧДЭ-4",,,,Обводнение смазки в буксе грузового вагона,CV,2024,,,,,,
2,13379064,2024-05-29 01:50:00,Свердловская,"СВЕРД, ВЧДЭ-4","1шт ч(к учету 0,52ч)",,,Несоответствие зазоров скользуна грузового вагона,CV,2024,0.0,"0,52ч",,,,
2,13393478,2024-05-29 11:44:00,Свердловская,"З-СИБ, ВЧДЭ-12 ВХОДНАЯ","1шт ч(к учету 0,25ч)",,,Тонкий гребень колеса грузового вагона,CV,2024,0.0,"0,25ч",,,,
3,13382275,2024-05-31 00:19:00,Свердловская,"СВЕРД, ВЧДЭ-20",,,,Грение буксы по показаниям средств автоматизированного контроля,CV,2024,,,,,,
3,13392491,2024-06-04 18:52:00,Свердловская,"З-СИБ, ВЧДЭ-6 ИНСКАЯ",,,,Тонкий гребень колеса грузового вагона,CV,2024,,,,,,
2,13393454,2024-06-05 11:44:00,Свердловская,"СВЕРД, ВЧДЭ-4","1шт ч(к учету 0,25ч)",,,Тонкий гребень колеса грузового вагона,CV,2024,0.0,"0,25ч",,,,
3,13391803,2024-06-05 21:50:00,Свердловская,"СВЕРД, ВЧДЭ-4",,,,Технологический нагрев буксового узла,CV,2024,,,,,,
3,13392790,2024-06-06 09:59:00,Свердловская,"СВЕРД, ВЧДЭ-4",,,,Тонкий гребень колеса грузового вагона,CV,2024,,,,,,
3,13397519,2024-06-09 07:15:00,Свердловская,"СВЕРД, ВЧДЭ-4",,,,Неисправность торцевого крепления подшипника буксы грузового вагона,CV,2024,,,,,,
3,13404994,2024-06-14 01:07:00,Свердловская,"СВЕРД, ВЧДЭ-4",,,,Ослабление крепления труб воздухопровода и тормозных приборов грузового вагона,CV,2024,,,,,,
3,13406316,2024-06-14 21:13:00,Свердловская,"СВЕРД, ВЧДЭ-4",,,,Дефект манжеты № 1 усл. № 270.313 штока главного поршня,CV,2024,,,,,,
3,13412803,2024-06-20 07:41:00,Свердловская,"СВЕРД, ВЧДЭ-4",,,,Надиры типа «елочка» на торцах роликов и бортах колец,CV,2024,,,,,,
3,13412805,2024-06-20 08:48:00,Свердловская,"СВЕРД, ВЧДЭ-4",,,,Надиры типа «елочка» на торцах роликов и бортах колец,CV,2024,,,,,,
3,13415966,2024-06-23 01:04:00,Свердловская,"СВЕРД, ВЧДЭ-4",,,,"Неисправность лабиринтной части корпуса буксы (задиры, забоины и т.д.)",CV,2024,,,,,,
3,13434573,2024-07-05 03:46:00,Свердловская,"СВЕРД, ВЧДЭ-4",,,,"Неисправность лабиринтного кольца (задиры, забоины и т.д.)",CV,2024,,,,,,
3,13435271,2024-07-05 11:10:00,Свердловская,"СВЕРД, ВЧДЭ-17",,,,"Расслоение, разрыв манжеты усл. № 305-156 в узле трех клапанов",CV,2024,,,,,,
3,13437034,2024-07-06 09:45:00,Свердловская,"СВЕРД, ВЧДЭ-4",,,,Трещина (излом) полимерной вставки между опорной поверхностью буксового проема боковой рамы и адаптером (буксой),CV,2024,,,,,,
3,13438488,2024-07-07 22:55:00,Свердловская,"СВЕРД, ВЧДЭ-4",,,,"Проворот, разрыв внутреннего кольца",CV,2024,,,,,,
3,13452033,2024-07-16 05:29:00,Свердловская,"СВЕРД, ВЧДЭ-4",,,,"Дефект (расслоение, раздавливание) прокладки усл. № 183.9",CV,2024,,,,,,
2,13452980,2024-07-16 15:00:00,Свердловская,"СВЕРД, ВЧДЭ-17","1шт ч(к учету 0,77ч)",,,Ослабление/ обрыв/трещина крепления запасного резервуара,CV,2024,0.0,"0,77ч",,,,
3,13456513,2024-07-17 21:48:00,Свердловская,"КРАС, ВЧДЭ-8 АБАКАН",,,,Тонкий гребень колеса грузового вагона,CV,2024,,,,,,
3,13457470,2024-07-19 23:44:00,Свердловская,"СВЕРД, ВЧДЭ-4",,,,Надиры типа «елочка» на торцах роликов и бортах колец,CV,2024,,,,,,
3,13461685,2024-07-23 22:42:00,Свердловская,"СВЕРД, ВЧДЭ-4",,,,"Проворот, разрыв внутреннего кольца",CV,2024,,,,,,
1,13473430,2024-07-31 07:41:00,Свердловская,"КРАС, ВЧДЭ-7 КРАСНОЯРСК-ВОСТ","1шт ч(к учету 1,33ч)",,,Тонкий гребень колеса грузового вагона,CV,2024,1.0,"1,33ч",,,,
2,13476161,2024-08-04 21:19:00,Свердловская,"СВЕРД, ВЧДЭ-18","1шт ч(к учету 0,43ч)",,,Неправильное включение режимов отпуска воздухораспределителя,CV,2024,0.0,"0,43ч",,,,
3,13485060,2024-08-09 00:44:00,Свердловская,"СВЕРД, ВЧДЭ-4",,,,"Неисправности колец подшипников (раковины, шелушения, коррозия, трещины, отколы и др.)",CV,2024,,,,,,
2,13487984,2024-08-11 07:07:00,Свердловская,"СВЕРД, ВЧДЭ-4","1шт ч(к учету 0,67ч)",,,Обрыв (излом) трубы магистрали воздухопровода и подводящих труб,CV,2024,0.0,"0,67ч",,,,
2,13492846,2024-08-14 08:16:00,Свердловская,"СВЕРД, ВЧДЭ-17","2шт (к учету 1) ч(к учету 0,82ч)",,,Нарушение расстояния упора головки автосцепки до ударной розетки грузового вагона,CV,2024,1.0,"0,82ч",,,,
3,13502819,2024-08-18 16:13:00,Свердловская,"СВЕРД, ВЧДЭ-4",,,,Обводнение смазки в буксе грузового вагона,CV,2024,,,,,,
2,13509482,2024-08-23 17:12:00,Свердловская,"СВЕРД, ВЧДЭ-4","1шт ч(к учету 0,3ч)",,,"Проворот, разрыв внутреннего кольца",CV,2024,0.0,"0,3ч",,,,
3,13506926,2024-08-26 12:44:00,Свердловская,"СВЕРД, ВЧДЭ-4",,,,Дефект уплотнения усл. № 334.1729А-2 между корпусом и крышкой магистральной части,CV,2024,,,,,,
3,13508879,2024-08-27 04:51:00,Свердловская,"СВЕРД, ВЧДЭ-4",,,,"Неисправности колец подшипников (раковины, шелушения, коррозия, трещины, отколы и др.)",CV,2024,,,,,,
3,13509332,2024-08-28 12:32:00,Свердловская,"СВЕРД, ВЧДЭ-4",,,,Нарушение герметичности буксы грузового вагона,CV,2024,,,,,,
2,13511461,2024-08-30 07:25:00,Свердловская,"СВЕРД, ВЧДЭ-4","1шт ч(к учету 0,38ч)",,,"Проворот, разрыв внутреннего кольца",CV,2024,0.0,"0,38ч",,,,
3,13511615,2024-08-30 09:45:00,Свердловская,"СВЕРД, ВЧДЭ-4",,,,Дефект манжеты № 3 усл. № 270.313 штока главного поршня,CV,2024,,,,,,
3,13517723,2024-08-31 19:45:00,Свердловская,"СВЕРД, ВЧДЭ-4",,,,Тонкий гребень колеса грузового вагона,CV,2024,,,,,,
3,13534937,2024-09-12 17:39:00,Свердловская,"СВЕРД, ВЧДЭ-4",,,,"Неисправность лабиринтного кольца (задиры, забоины и т.д.)",CV,2024,,,,,,
2,13578281,2024-09-13 11:02:00,Свердловская,"СВЕРД, ВЧДЭ-18","1шт ч(к учету 0,25ч)",,,Отсутствие балки авторежима,CV,2024,0.0,"0,25ч",,,,
3,13544545,2024-09-19 12:15:00,Свердловская,"СВЕРД, ВЧДЭ-4",,,,Грение буксы по показаниям средств автоматизированного контроля,CV,2024,,,,,,
2,13544846,2024-09-19 14:08:00,Свердловская,"СВЕРД, ВЧДЭ-4","1шт ч(к учету 0,9ч)",,,Разрыв диафрагмы клапана мягкости,CV,2024,0.0,"0,9ч",,,,
3,13554412,2024-09-27 02:41:00,Свердловская,"СВЕРД, ВЧДЭ-20",,,,Технологический нагрев буксового узла,CV,2024,,,,,,
2,13555209,2024-09-27 14:45:00,Свердловская,"СВЕРД, ВЧДЭ-19","1шт ч(к учету 0,62ч)",,,Излом пружины рессорного подвешивания грузового вагона,CV,2024,0.0,"0,62ч",,,,
2,13556281,2024-09-28 16:15:00,Свердловская,"СВЕРД, ВЧДЭ-4","1шт ч(к учету 0,68ч)",,,Надиры типа «елочка» на торцах роликов и бортах колец,CV,2024,0.0,"0,68ч",,,,
2,13562407,2024-10-02 23:33:00,Свердловская,"СВЕРД, ВЧДЭ-4","1шт ч(к учету 0,38ч)",,,"Дефект (расслоение, раздавливание) диафрагмы усл. № 270.379",CV,2024,0.0,"0,38ч",,,,
2,13576712,2024-10-10 09:10:00,Свердловская,"СВЕРД, ВЧДЭ-4","2шт ч(к учету 0,9ч)","1шт ч(к учету 0,23ч)",,Неисправность торцевого крепления подшипника буксы грузового вагона,CV,2024,0.0,"0,9ч",0.0,"0,23ч",,
3,13576905,2024-10-10 23:03:00,Свердловская,"СВЕРД, ВЧДЭ-4",,,,"Дефект (расслоение, раздавливание) прокладки усл. № 183.9",CV,2024,,,,,,
3,13582637,2024-10-15 06:01:00,Свердловская,"СВЕРД, ВЧДЭ-11",,,,"Шелушение, раковины, коррозия на деталях подшипника",CV,2024,,,,,,
2,13600373,2024-10-30 17:14:00,Свердловская,"СВЕРД, ВЧДЭ-19","1шт ч(к учету 0,35ч)",,,Технологический нагрев буксового узла,CV,2024,0.0,"0,35ч",,,,
2,13609790,2024-11-07 04:36:00,Свердловская,"СВЕРД, ВЧДЭ-4","1шт ч(к учету 0,53ч)",,,Отверстие диаметром 0.5мм (0.6мм) в седле диафрагмы больше или меньше нормы/засорено,CV,2024,0.0,"0,53ч",,,,
2,13622488,2024-11-09 09:08:00,Свердловская,"ЗАБ, ВЧДЭ-13 БОРЗЯ","1шт ч(к учету 0,45ч)",,,Обводнение смазки,CV,2024,0.0,"0,45ч",,,,
2,13613786,2024-11-09 10:18:00,Свердловская,"СВЕРД, ВЧДЭ-4","1шт ч(к учету 0,7ч)",,,"Отверстие диаметром 0,5 мм в полости главного поршня менее нормы или засорено",CV,2024,0.0,"0,7ч",,,,
2,13619910,2024-11-13 15:41:00,Свердловская,"СВЕРД, ВЧДЭ-19","3шт (к учету 1) ч(к учету 1,67ч)",,,"Дефект (расслоение, раздавливание) диафрагмы усл. № 270.379",CV,2024,1.0,"1,67ч",,,,
3,13636636,2024-11-26 21:15:00,Свердловская,"СВЕРД, ВЧДЭ-17",,,,Дефект манжеты усл. № 270.397-3 (270.397) головки главного поршня,CV,2024,,,,,,
3,13633385,2024-11-27 01:05:00,Свердловская,"СВЕРД, ВЧДЭ-4",,,,Приработка деталей буксового узла после ремонта,CV,2024,,,,,,
3,13635914,2024-11-29 07:04:00,Свердловская,"СВЕРД, ВЧДЭ-4",,,,Ослабление (разрушение) торцевого крепления,CV,2024,,,,,,
3,13647298,2024-12-08 09:51:00,Свердловская,"СВЕРД, ВЧДЭ-4",,,,"Неисправности колец подшипников (раковины, шелушения, коррозия, трещины, отколы и др.)",CV,2024,,,,,,
2,13648868,2024-12-09 15:40:00,Свердловская,"СВЕРД, ВЧДЭ-4","1шт ч(к учету 0,32ч)",,,"Неисправности сепараторов (износ центрирующей поверхности, изломы и др.)",CV,2024,0.0,"0,32ч",,,,
3,13661820,2024-12-19 11:53:00,Свердловская,"СВЕРД, ВЧДЭ-4",,,,Неправильный подбор подшипников по радиальному или осевому зазору,CV,2024,,,,,,
