CATEGORY,№,START_TIME,ROAD,RESPONSIBILITY,FREIGHT,PASSENGER,COMMUTER,REASON,DEPARTMENT,YEAR,FREIGHT_COUNT,FREIGHT_TIMEOUT,PASSENGER_COUNT,PASSENGER_TIMEOUT,COMMUTER_COUNT,COMMUTER_TIMEOUT,DELTA_TIME,DELTA_MINUTES,TIME_DIFF,EVENT_NUMBER,INDEX,SEASON,LAMBDA0,CUSUM_ALARM
3,13160106,2024-01-01 03:45:00,Октябрьская,"ОКТ, ТЧЭ-14",,,,Прочая неисправность аккумуляторной батареи,CT,2024,,,,,,,0 days 00:00:00,0.0,0.0,1,0.0,Зима,0.0022225503376566,0
1,13160147,2024-01-01 06:11:00,Октябрьская,"ОКТ, ТЧЭ-14","6шт ч(к учету 5,65ч)",,,Неисправность микросхемы,CT,2024,6.0,"5,65ч",,,,,0 days 02:26:00,146.0,146.0,2,0.0012406947890818,Зима,0.0022225503376566,0
2,13160319,2024-01-01 13:59:00,Октябрьская,"ОКТ, ТЧЭ-14",,"2шт ч(к учету 0,3ч)","1шт ч(к учету 0,17)ч",Прочая неисправность уплотнения секции холодильника,CT,2024,,,2.0,"0,3ч",1.0,"0,17ч",0 days 10:14:00,614.0,468.0,3,0.0024813895781637,Зима,0.0022225503376566,0
3,13160600,2024-01-02 04:00:00,Октябрьская,"ОКТ, ТЧЭ-21",,,,Не качественное изготовление програмного обеспечения,CT,2024,,,,,,,1 days 00:15:00,1455.0,841.0,4,0.0037220843672456,Зима,0.0022225503376566,0
3,13160967,2024-01-02 13:57:00,Октябрьская,"ОКТ, ТЧЭ-14",,,,Течь воды в соединении с резиновым патрубком крышки цилиндров дизеля,CT,2024,,,,,,,1 days 10:12:00,2052.0,597.0,5,0.0049627791563275,Зима,0.0022225503376566,0
2,13170209,2024-01-02 14:36:00,Октябрьская,"ОКТ, ТЧЭ-4",,,"1шт ч(к учету 0,1)ч",Прочая неисправность диафрагмы крана машиниста,CT,2024,,,,,1.0,"0,1ч",1 days 10:51:00,2091.0,39.0,6,0.0062034739454094,Зима,0.0022225503376566,0
3,13161162,2024-01-02 18:47:00,Октябрьская,"ОКТ, ТЧЭ-12",,,,Прочая неисправность пружины токоприемника,CT,2024,,,,,,,1 days 15:02:00,2342.0,251.0,7,0.0074441687344913,Зима,0.0022225503376566,0
2,13161444,2024-01-03 03:37:00,Октябрьская,"ОКТ, ТЧЭ-12","4шт ч(к учету 1,22ч)",,,"Пропил полоза, скол вставки полоза",CT,2024,4.0,"1,22ч",,,,,1 days 23:52:00,2872.0,530.0,8,0.0086848635235732,Зима,0.0022225503376566,0
3,13162549,2024-01-03 06:48:00,Северная,"ОКТ, ТЧЭ-4",,,,Прочая неисправность корпуса буксы локомотива,CT,2024,,,,,,,2 days 03:03:00,3063.0,191.0,9,0.009925558312655,Зима,0.0022225503376566,0
1,13161743,2024-01-03 07:05:00,Свердловская,"СВЕРД, ТЧЭ-5","27шт (к учету 21) ч(к учету 49,9ч)","1шт ч(к учету 0,12ч)","1шт ч(к учету 0,17)ч","Код 14.2 Пробоксовки в виде местного износа и выкрашивания металла в местах термомеханических повреждений головки рельса из-за боксования, юза колес подвижного состава или нарушения режимов шлифования рельсошлифовальными поездами",CT,2024,21.0,"49,9ч",1.0,"0,12ч",1.0,"0,17ч",2 days 03:20:00,3080.0,17.0,10,0.0111662531017369,Зима,0.0022225503376566,0
2,13162314,2024-01-03 09:15:00,Октябрьская,"ОКТ, ТЧЭ-25","1шт ч(к учету 0,25ч)",,,Нетиповые элементы соединительной арматуры,CT,2024,1.0,"0,25ч",,,,,2 days 05:30:00,3210.0,130.0,11,0.0124069478908188,Зима,0.0022225503376566,0
3,13162008,2024-01-03 10:59:00,Западно-Сибирская,"З-СИБ, ТЧЭ-14",,,,Прочая неисправность пружины предохранительного клапана,CT,2024,,,,,,,2 days 07:14:00,3314.0,104.0,12,0.0136476426799007,Зима,0.0022225503376566,0
1,13162718,2024-01-03 18:43:00,Свердловская,"СВЕРД, ТЧЭ-12",,,,Прочая неисправность вкладыша опоры кузова локомотива,CT,2024,,,,,,,2 days 14:58:00,3778.0,464.0,13,0.0148883374689826,Зима,0.0022225503376566,0
1,13162628,2024-01-03 22:00:00,Октябрьская,"ОКТ, ТЧЭ-12",,"1шт ч(к учету 0,13ч)","3шт ч(к учету 2,23)ч",Прочая неисправность якоря тягового двигателя постоянного тока,CT,2024,,,1.0,"0,13ч",3.0,"2,23ч",2 days 18:15:00,3975.0,197.0,14,0.0161290322580645,Зима,0.0022225503376566,0
3,13162724,2024-01-03 22:35:00,Северная,"ОКТ, ТЧЭ-4",,,,Прочая неисправность стопорной планки буксовой гайки локомотива,CT,2024,,,,,,,2 days 18:50:00,4010.0,35.0,15,0.0173697270471464,Зима,0.0022225503376566,0
2,13202091,2024-01-03 23:19:00,Октябрьская,"ОКТ, ТЧЭ-26","2шт ч(к учету 1,97ч)",,,Прочая неисправность штуцера концевого крана,CT,2024,2.0,"1,97ч",,,,,2 days 19:34:00,4054.0,44.0,16,0.0186104218362282,Зима,0.0022225503376566,0
3,13162740,2024-01-04 01:36:00,Октябрьская,"ОКТ, ТЧЭ-22",,,,Засорение (замерзание) магистральной/ подводящих труб,CT,2024,,,,,,,2 days 21:51:00,4191.0,137.0,17,0.0198511166253101,Зима,0.0022225503376566,0
2,13162889,2024-01-04 04:20:00,Октябрьская,"ОКТ, ТЧЭ-1",,,"1шт ч(к учету 0,13)ч",Пережог простой струны контактной сети,CT,2024,,,,,1.0,"0,13ч",3 days 00:35:00,4355.0,164.0,18,0.021091811414392,Зима,0.0022225503376566,0
1,13164340,2024-01-04 19:10:00,Октябрьская,"ОКТ, ТЧЭ-22","17шт (к учету 16) ч(к учету 12,75ч)",,,Прочая неисправность главного вала контроллера машиниста,CT,2024,16.0,"12,75ч",,,,,3 days 15:25:00,5245.0,890.0,19,0.0223325062034739,Зима,0.0022225503376566,0
3,13166145,2024-01-04 21:33:00,Московская,"МОСК, ТЧЭ-5",,,,Прочая неисправность тифона,CT,2024,,,,,,,3 days 17:48:00,5388.0,143.0,20,0.0235732009925558,Зима,0.0022225503376566,0
3,13165732,2024-01-05 20:19:00,Октябрьская,"ОКТ, ТЧЭ-14",,,,Нарушение регулировки подачи песка,CT,2024,,,,,,,4 days 16:34:00,6754.0,1366.0,21,0.0248138957816377,Зима,0.0022225503376566,0
3,13165634,2024-01-05 22:00:00,Октябрьская,"ОКТ, ТЧЭ-14",,,,Прочая неисправность трубопровода системы подачи масла,CT,2024,,,,,,,4 days 18:15:00,6855.0,101.0,22,0.0260545905707196,Зима,0.0022225503376566,0
2,13165911,2024-01-06 08:11:00,Октябрьская,"ОКТ, ТЧЭ-12",,"1шт ч(к учету 0,18ч)","1шт ч(к учету 0,13)ч","Прочая неисправность провода, кабеля низковольтных цепей и цепей управления",CT,2024,,,1.0,"0,18ч",1.0,"0,13ч",5 days 04:26:00,7466.0,611.0,23,0.0272952853598014,Зима,0.0022225503376566,0
2,13166643,2024-01-06 21:45:00,Октябрьская,"ОКТ, ТЧЭ-5","5шт ч(к учету 2,1ч)",,,Износ угольной вставки токоприемника,CT,2024,5.0,"2,1ч",,,,,5 days 18:00:00,8280.0,814.0,24,0.0285359801488833,Зима,0.0022225503376566,0
3,13205564,2024-01-07 00:30:00,Октябрьская,"ОКТ, ТЧЭ-21",,,,Неисправность МСУД,CT,2024,,,,,,,5 days 20:45:00,8445.0,165.0,25,0.0297766749379652,Зима,0.0022225503376566,0
3,13166719,2024-01-07 01:30:00,Октябрьская,"ОКТ, ТЧЭ-14",,,,Потеря упругости пружины редукционного клапана масляного насоса,CT,2024,,,,,,,5 days 21:45:00,8505.0,60.0,26,0.0310173697270471,Зима,0.0022225503376566,0
3,13167057,2024-01-07 09:17:00,Октябрьская,"ОКТ, ТЧЭ-12",,,,Прочая неисправность манжеты клапана песочницы,CT,2024,,,,,,,6 days 05:32:00,8972.0,467.0,27,0.032258064516129,Зима,0.0022225503376566,0
3,13167304,2024-01-07 10:49:00,Юго-Восточная,"МОСК, ТЧЭ-36",,,,Трещина трубки радиатора секции холодильника,CT,2024,,,,,,,6 days 07:04:00,9064.0,92.0,28,0.0334987593052109,Зима,0.0022225503376566,0
2,13203995,2024-01-07 19:30:00,Октябрьская,"ОКТ, ТЧЭ-28","2шт ч(к учету 0,98ч)",,,Прочая неисправность тормозной колодки тормозной рычажной передачи локомотива,CT,2024,2.0,"0,98ч",,,,,6 days 15:45:00,9585.0,521.0,29,0.0347394540942928,Зима,0.0022225503376566,0
3,13176861,2024-01-08 01:21:00,Октябрьская,"ОКТ, ТЧЭ-4",,,,Прочая неисправность всасывающей трубки топливного бака дизеля,CT,2024,,,,,,,6 days 21:36:00,9936.0,351.0,30,0.0359801488833746,Зима,0.0022225503376566,0
3,13173066,2024-01-08 05:00:00,Восточно-Сибирская,"В-СИБ, ТЧЭ-14",,,,Прочая неисправность корпуса поездного компрессора,CT,2024,,,,,,,7 days 01:15:00,10155.0,219.0,31,0.0372208436724565,Зима,0.0022225503376566,0
3,13167834,2024-01-08 05:10:00,Московская,"МОСК, ТЧЭ-36",,,,"Низкое сопротивление изоляции провода, кабеля низковольтных цепей и цепей управления",CT,2024,,,,,,,7 days 01:25:00,10165.0,10.0,32,0.0384615384615384,Зима,0.0022225503376566,0
3,13167960,2024-01-08 09:10:00,Октябрьская,"ОКТ, ТЧЭ-14",,,,"Прочая неисправность проводов, кабелей силовых цепей",CT,2024,,,,,,,7 days 05:25:00,10405.0,240.0,33,0.0397022332506203,Зима,0.0022225503376566,0
2,13168393,2024-01-08 18:37:00,Октябрьская,"ОКТ, ТЧЭ-26","1шт ч(к учету 0,82ч)",,,Прочая неисправность диафрагмы сигнализатора обрыва тормозной магистрали с датчиком,CT,2024,1.0,"0,82ч",,,,,7 days 14:52:00,10972.0,567.0,34,0.0409429280397022,Зима,0.0022225503376566,0
3,13168530,2024-01-09 00:00:00,Московская,"МОСК, ТЧЭ-36",,,,"Пробой изоляции провода, кабеля низковольтных цепей и цепей управления на корпус",CT,2024,,,,,,,7 days 20:15:00,11295.0,323.0,35,0.0421836228287841,Зима,0.0022225503376566,0
3,13169324,2024-01-09 11:49:00,Октябрьская,"ОКТ, ТЧЭ-4",,,,Прочая неисправность корпуса автосцепки локомотива,CT,2024,,,,,,,8 days 08:04:00,12004.0,709.0,36,0.043424317617866,Зима,0.0022225503376566,0
1,13170440,2024-01-10 00:54:00,Восточно-Сибирская,"В-СИБ, ТЧЭ-9","4шт ч(к учету 9,88ч)",,,Прочая неисправность замка автосцепки локомотива,CT,2024,4.0,"9,88ч",,,,,8 days 21:09:00,12789.0,785.0,37,0.0446650124069478,Зима,0.0022225503376566,0
3,13172602,2024-01-10 06:00:00,Свердловская,"СВЕРД, ТЧЭ-1",,,,Износ тормозной колодки тормозной рычажной передачи локомотива,CT,2024,,,,,,,9 days 02:15:00,13095.0,306.0,38,0.0459057071960297,Зима,0.0022225503376566,0
3,13171149,2024-01-10 10:22:00,Октябрьская,"ОКТ, ТЧЭ-12",,,,Прочая неисправность манжеты тормозного цилиндра,CT,2024,,,,,,,9 days 06:37:00,13357.0,262.0,39,0.0471464019851116,Зима,0.0022225503376566,0
2,13172893,2024-01-10 21:56:00,Куйбышевская,"КБШ, ТЧЭ-12","2шт ч(к учету 1,15ч)",,,Нарушение регулировки подачи песка,CT,2024,2.0,"1,15ч",,,,,9 days 18:11:00,14051.0,694.0,40,0.0483870967741935,Зима,0.0022225503376566,0
3,13174485,2024-01-11 04:11:00,Куйбышевская,"КБШ, ТЧЭ-9",,,,Нарушение регулировки подачи песка,CT,2024,,,,,,,10 days 00:26:00,14426.0,375.0,41,0.0496277915632754,Зима,0.0022225503376566,0
2,13205705,2024-01-11 21:47:00,Октябрьская,"ОКТ, ТЧЭ-21","2шт ч(к учету 1,02ч)",,,Неисправность МСУД,CT,2024,2.0,"1,02ч",,,,,10 days 18:02:00,15482.0,1056.0,42,0.0508684863523573,Зима,0.0022225503376566,0
1,13175688,2024-01-11 23:40:00,Свердловская,"СВЕРД, ТЧЭ-15","8шт ч(к учету 23,47ч)",,,"Код 14.2 Пробоксовки в виде местного износа и выкрашивания металла в местах термомеханических повреждений головки рельса из-за боксования, юза колес подвижного состава или нарушения режимов шлифования рельсошлифовальными поездами",CT,2024,8.0,"23,47ч",,,,,10 days 19:55:00,15595.0,113.0,43,0.0521091811414392,Зима,0.0022225503376566,0
3,13176853,2024-01-12 06:34:00,Московская,"ОКТ, ТЧЭ-1",,,,Нарушение регулировки подачи песка,CT,2024,,,,,,,11 days 02:49:00,16009.0,414.0,44,0.053349875930521,Зима,0.0022225503376566,0
3,13176175,2024-01-12 07:04:00,Западно-Сибирская,"З-СИБ, ТЧЭ-10",,,,Прочая неисправность регулировочных шпилек реле заземления,CT,2024,,,,,,,11 days 03:19:00,16039.0,30.0,45,0.0545905707196029,Зима,0.0022225503376566,0
2,13205713,2024-01-12 08:36:00,Октябрьская,"ОКТ, ТЧЭ-21",,"1шт ч(к учету 0,13ч)","2шт ч(к учету 0,22)ч",Неисправность МСУД,CT,2024,,,1.0,"0,13ч",2.0,"0,22ч",11 days 04:51:00,16131.0,92.0,46,0.0558312655086848,Зима,0.0022225503376566,0
3,13205714,2024-01-12 08:58:00,Октябрьская,"ОКТ, ТЧЭ-12","1шт ч(к учету 0,13ч)",,,Прочая неисправность манжеты клапана песочницы,CT,2024,1.0,"0,13ч",,,,,11 days 05:13:00,16153.0,22.0,47,0.0570719602977667,Зима,0.0022225503376566,0
1,13178022,2024-01-13 00:03:00,Забайкальская,"ЗАБ, ТЧЭ-5","11шт (к учету 10) ч(к учету 26,4ч)","5шт (к учету 4) ч(к учету 8,77ч)","5шт (к учету 4) ч(к учету 4,82)ч",Прочая неисправность манжеты клапана песочницы,CT,2024,10.0,"26,4ч",4.0,"8,77ч",4.0,"4,82ч",11 days 20:18:00,17058.0,905.0,48,0.0583126550868486,Зима,0.0022225503376566,0
1,13178228,2024-01-13 04:27:00,Октябрьская,"ОКТ, ТЧЭ-1",,"2шт (к учету 1) ч(к учету 3,15ч)",,Прочая неисправность всасывающей трубки топливного бака дизеля,CT,2024,,,1.0,"3,15ч",,,12 days 00:42:00,17322.0,264.0,49,0.0595533498759305,Зима,0.0022225503376566,0
3,13178994,2024-01-13 11:40:00,Октябрьская,"ОКТ, ТЧЭ-11",,,,Неисправность антенны,CT,2024,,,,,,,12 days 07:55:00,17755.0,433.0,50,0.0607940446650124,Зима,0.0022225503376566,0
3,13216433,2024-01-14 08:00:00,Октябрьская,"ОКТ, ТЧЭ-12",,,,"Прочая неисправность провода, кабеля низковольтных цепей и цепей управления",CT,2024,,,,,,,13 days 04:15:00,18975.0,1220.0,51,0.0620347394540942,Зима,0.0022225503376566,0
1,13179359,2024-01-14 10:53:00,Дальневосточная,"Д-ВОСТ, ТЧЭ-9","8шт (к учету 6) ч(к учету 11,03ч)",,,Прочая неисправность корпуса автосцепки локомотива,CT,2024,6.0,"11,03ч",,,,,13 days 07:08:00,19148.0,173.0,52,0.0632754342431761,Зима,0.0022225503376566,0
1,13179744,2024-01-14 14:46:00,Свердловская,"СВЕРД, ТЧЭ-15","24шт (к учету 13) ч(к учету 19,43ч)",,,"Код 14.2 Пробоксовки в виде местного износа и выкрашивания металла в местах термомеханических повреждений головки рельса из-за боксования, юза колес подвижного состава или нарушения режимов шлифования рельсошлифовальными поездами",CT,2024,13.0,"19,43ч",,,,,13 days 11:01:00,19381.0,233.0,53,0.064516129032258,Зима,0.0022225503376566,0
3,13179554,2024-01-14 15:23:00,Октябрьская,"ОКТ, ТЧЭ-12",,,,Прочая неисправность рукоятки клапана песочницы,CT,2024,,,,,,,13 days 11:38:00,19418.0,37.0,54,0.0657568238213399,Зима,0.0022225503376566,0
1,13179842,2024-01-14 22:50:00,Северная,"СЕВ, ТЧЭ-15","9шт ч(к учету 27,87ч)",,"7шт (к учету 4) ч(к учету 8,73)ч",Межвитковое замыкание включающей катушки главного выключателя,CT,2024,9.0,"27,87ч",,,4.0,"8,73ч",13 days 19:05:00,19865.0,447.0,55,0.0669975186104218,Зима,0.0022225503376566,0
1,13181381,2024-01-15 15:49:00,Свердловская,"СВЕРД, ТЧЭ-15","8шт (к учету 7) ч(к учету 13,62ч)",,,"Код 14.2 Пробоксовки в виде местного износа и выкрашивания металла в местах термомеханических повреждений головки рельса из-за боксования, юза колес подвижного состава или нарушения режимов шлифования рельсошлифовальными поездами",CT,2024,7.0,"13,62ч",,,,,14 days 12:04:00,20884.0,1019.0,56,0.0682382133995037,Зима,0.0022225503376566,0
2,13181671,2024-01-15 20:14:00,Октябрьская,"ОКТ, ТЧЭ-11","1шт ч(к учету 0,98ч)",,,Прочая неисправность рукоятки клапана песочницы,CT,2024,1.0,"0,98ч",,,,,14 days 16:29:00,21149.0,265.0,57,0.0694789081885856,Зима,0.0022225503376566,0
3,13182687,2024-01-16 15:03:00,Куйбышевская,"КБШ, ТЧЭ-12",,,,Повреждение изоляции выводного кабеля выводной коробки тягового двигателя постоянного тока,CT,2024,,,,,,,15 days 11:18:00,22278.0,1129.0,58,0.0707196029776675,Зима,0.0022225503376566,0
2,13182923,2024-01-16 19:57:00,Октябрьская,"ОКТ, ТЧЭ-14","1шт ч(к учету 0,43ч)",,,"Повреждение, пробой изолятора выводной коробки тягового двигателя постоянного тока",CT,2024,1.0,"0,43ч",,,,,15 days 16:12:00,22572.0,294.0,59,0.0719602977667493,Зима,0.0022225503376566,0
3,13182997,2024-01-16 23:11:00,Октябрьская,"ОКТ, ТЧЭ-14",,,,"Прочая неисправность проводов, кабелей силовых цепей",CT,2024,,,,,,,15 days 19:26:00,22766.0,194.0,60,0.0732009925558312,Зима,0.0022225503376566,0
3,13183102,2024-01-17 00:41:00,Свердловская,"СВЕРД, ТЧЭ-9",,,,Прочая неисправность воздухопровода тормозной магистрали,CT,2024,,,,,,,15 days 20:56:00,22856.0,90.0,61,0.0744416873449131,Зима,0.0022225503376566,0
3,13183095,2024-01-17 03:12:00,Октябрьская,"ОКТ, ТЧЭ-14",,,,Прочая неисправность корпуса буксы локомотива,CT,2024,,,,,,,15 days 23:27:00,23007.0,151.0,62,0.075682382133995,Зима,0.0022225503376566,0
3,13183235,2024-01-17 05:40:00,Октябрьская,"ОКТ, ТЧЭ-14",,,,Прочая неисправность уплотнения секции холодильника,CT,2024,,,,,,,16 days 01:55:00,23155.0,148.0,63,0.0769230769230769,Зима,0.0022225503376566,0
3,13183602,2024-01-17 08:00:00,Октябрьская,"ОКТ, ТЧЭ-21",,,,Прочая неисправность сильфона топливоподкачивающего насоса,CT,2024,,,,,,,16 days 04:15:00,23295.0,140.0,64,0.0781637717121588,Зима,0.0022225503376566,0
2,13185384,2024-01-17 09:42:00,Октябрьская,"ОКТ, ТЧЭ-22","1шт ч(к учету 0,9ч)",,,Нарушение регулировки подачи песка,CT,2024,1.0,"0,9ч",,,,,16 days 05:57:00,23397.0,102.0,65,0.0794044665012407,Зима,0.0022225503376566,0
2,13183742,2024-01-17 10:12:00,Забайкальская,"ЗАБ, ТЧЭ-11","2шт ч(к учету 0,65ч)","1шт ч(к учету 0,23ч)",,Неперевод стрелочного перевода по причине попадания постороннего предмета,CT,2024,2.0,"0,65ч",1.0,"0,23ч",,,16 days 06:27:00,23427.0,30.0,66,0.0806451612903225,Зима,0.0022225503376566,0
3,13185216,2024-01-18 11:22:00,Куйбышевская,"КБШ, ТЧЭ-14",,,,Ошибка проекта,CT,2024,,,,,,,17 days 07:37:00,24937.0,1510.0,67,0.0818858560794044,Зима,0.0022225503376566,0
3,13207263,2024-01-18 13:08:00,Октябрьская,"ОКТ, ТЧЭ-21",,,,Неисправность бесконтактного регулятора напряжения,CT,2024,,,,,,,17 days 09:23:00,25043.0,106.0,68,0.0831265508684863,Зима,0.0022225503376566,0
3,13185648,2024-01-18 23:59:00,Куйбышевская,"КБШ, ТЧЭ-14",,,,Прочая неисправность корпуса буксы локомотива,CT,2024,,,,,,,17 days 20:14:00,25694.0,651.0,69,0.0843672456575682,Зима,0.0022225503376566,0
3,13185689,2024-01-19 00:55:00,Западно-Сибирская,"З-СИБ, ТЧЭ-10",,,,Прочая неисправность рукоятки клапана песочницы,CT,2024,,,,,,,17 days 21:10:00,25750.0,56.0,70,0.0856079404466501,Зима,0.0022225503376566,0
3,13185857,2024-01-19 05:01:00,Октябрьская,"ОКТ, ТЧЭ-14",,,,Прочая неисправность пневматического привода токоприемника,CT,2024,,,,,,,18 days 01:16:00,25996.0,246.0,71,0.086848635235732,Зима,0.0022225503376566,0
3,13186516,2024-01-19 07:18:00,Южно-Уральская,"Ю-УР, ТЧЭ-5",,,,Прочая неисправность обшивки корпуса кузова локомотива,CT,2024,,,,,,,18 days 03:33:00,26133.0,137.0,72,0.0880893300248139,Зима,0.0022225503376566,0
3,13186603,2024-01-19 09:30:00,Октябрьская,"ОКТ, ТЧЭ-26",,,,Неисправность переключателя,CT,2024,,,,,,,18 days 05:45:00,26265.0,132.0,73,0.0893300248138957,Зима,0.0022225503376566,0
2,13186419,2024-01-19 11:10:00,Красноярская,"КРАС, ТЧЭ-1","4шт ч(к учету 1,47ч)",,,Износ сетчатого цилиндра фильтра,CT,2024,4.0,"1,47ч",,,,,18 days 07:25:00,26365.0,100.0,74,0.0905707196029776,Зима,0.0022225503376566,0
3,13187246,2024-01-20 06:42:00,Красноярская,"КРАС, ТЧЭ-1",,,,"Переброс, круговой огонь в коллекторе тягового двигателя постоянного тока",CT,2024,,,,,,,19 days 02:57:00,27537.0,1172.0,75,0.0918114143920595,Зима,0.0022225503376566,0
2,13216263,2024-01-20 09:25:00,Октябрьская,"ОКТ, ТЧЭ-21","1шт ч(к учету 0,23ч)","1шт ч(к учету 0,15ч)",,Прочая неисправность блок-контактов реле боксования,CT,2024,1.0,"0,23ч",1.0,"0,15ч",,,19 days 05:40:00,27700.0,163.0,76,0.0930521091811414,Зима,0.0022225503376566,0
3,13187667,2024-01-20 12:50:00,Московская,"МОСК, ТЧЭ-6",,,,Прочая неисправность пневматического привода клапана продувки,CT,2024,,,,,,,19 days 09:05:00,27905.0,205.0,77,0.0942928039702233,Зима,0.0022225503376566,0
3,13187750,2024-01-20 17:58:00,Октябрьская,"ОКТ, ТЧЭ-12",,,,Неисправность кнопки,CT,2024,,,,,,,19 days 14:13:00,28213.0,308.0,78,0.0955334987593052,Зима,0.0022225503376566,0
3,13188023,2024-01-21 02:23:00,Октябрьская,"ОКТ, ТЧЭ-14",,,,Прочая неисправность редукционного клапана поездного компрессора,CT,2024,,,,,,,19 days 22:38:00,28718.0,505.0,79,0.0967741935483871,Зима,0.0022225503376566,0
3,13188675,2024-01-21 11:56:00,Октябрьская,"ОКТ, ТЧЭ-14",,,,"Прочая неисправность провода, кабеля низковольтных цепей и цепей управления",CT,2024,,,,,,,20 days 08:11:00,29291.0,573.0,80,0.0980148883374689,Зима,0.0022225503376566,0
2,13188512,2024-01-21 12:40:00,Октябрьская,"ОКТ, ТЧЭ-25","2шт ч(к учету 1,35ч)",,,Коррозия привалочного фланца корпуса магистральной части,CT,2024,2.0,"1,35ч",,,,,20 days 08:55:00,29335.0,44.0,81,0.0992555831265508,Зима,0.0022225503376566,0
3,13188753,2024-01-21 20:03:00,Западно-Сибирская,"З-СИБ, ТЧЭ-10",,,,Ослабление гайки трубопровода главного резервуара,CT,2024,,,,,,,20 days 16:18:00,29778.0,443.0,82,0.1004962779156327,Зима,0.0022225503376566,0
3,13189708,2024-01-22 13:11:00,Свердловская,"СВЕРД, ТЧЭ-15",,,,"Код 14.2 Пробоксовки в виде местного износа и выкрашивания металла в местах термомеханических повреждений головки рельса из-за боксования, юза колес подвижного состава или нарушения режимов шлифования рельсошлифовальными поездами",CT,2024,,,,,,,21 days 09:26:00,30806.0,1028.0,83,0.1017369727047146,Зима,0.0022225503376566,0
1,13189983,2024-01-22 15:49:00,Забайкальская,"ЗАБ, ТЧЭ-1","22шт ч(к учету 32,53ч)","2шт ч(к учету 2,37ч)",,Прочая неисправность валика тормозной рычажной передачи локомотива,CT,2024,22.0,"32,53ч",2.0,"2,37ч",,,21 days 12:04:00,30964.0,158.0,84,0.1029776674937965,Зима,0.0022225503376566,0
2,13190049,2024-01-22 20:22:00,Октябрьская,"ОКТ, ТЧЭ-1",,"1шт ч(к учету 0,13ч)",,Неисправность блока МПСУ,CT,2024,,,1.0,"0,13ч",,,21 days 16:37:00,31237.0,273.0,85,0.1042183622828784,Зима,0.0022225503376566,0
1,13190466,2024-01-22 22:55:00,Октябрьская,"ОКТ, ТЧЭ-12","8шт ч(к учету 13,5ч)",,,Прочая неисправность манжеты клапана песочницы,CT,2024,8.0,"13,5ч",,,,,21 days 19:10:00,31390.0,153.0,86,0.1054590570719603,Зима,0.0022225503376566,0
3,13190170,2024-01-23 01:06:00,Октябрьская,"ОКТ, ТЧЭ-22",,,,Прочая неисправность тяговой обмотки тягового трансформатора,CT,2024,,,,,,,21 days 21:21:00,31521.0,131.0,87,0.1066997518610421,Зима,0.0022225503376566,0
3,13191089,2024-01-23 08:31:00,Московская,"МОСК, ТЧЭ-36",,,,"Низкое сопротивление изоляции провода, кабеля низковольтных цепей и цепей управления",CT,2024,,,,,,,22 days 04:46:00,31966.0,445.0,88,0.107940446650124,Зима,0.0022225503376566,0
2,13192044,2024-01-24 01:10:00,Октябрьская,"ОКТ, ТЧЭ-22","1шт ч(к учету 0,53ч)",,,Износ хвостовика нижнего поршня пневматического реле авторежима,CT,2024,1.0,"0,53ч",,,,,22 days 21:25:00,32965.0,999.0,89,0.1091811414392059,Зима,0.0022225503376566,0
3,13192914,2024-01-24 14:43:00,Западно-Сибирская,"З-СИБ, ТЧЭ-7",,,,"Сдвиг, проворот бандажа колесной пары локомотива",CT,2024,,,,,,,23 days 10:58:00,33778.0,813.0,90,0.1104218362282878,Зима,0.0022225503376566,0
2,13193393,2024-01-25 01:06:00,Восточно-Сибирская,"В-СИБ, ТЧЭ-3","3шт ч(к учету 1,45ч)",,"3шт ч(к учету 0,63)ч","Внутренний монтаж, обрыв",CT,2024,3.0,"1,45ч",,,3.0,"0,63ч",23 days 21:21:00,34401.0,623.0,91,0.1116625310173697,Зима,0.0022225503376566,0
3,13193502,2024-01-25 03:38:00,Октябрьская,"ОКТ, ТЧЭ-14",,,,Прочая неисправность лопастного колеса водяного насоса охлаждения дизеля,CT,2024,,,,,,,23 days 23:53:00,34553.0,152.0,92,0.1129032258064516,Зима,0.0022225503376566,0
1,13193738,2024-01-25 06:36:00,Октябрьская,"ОКТ, ТЧЭ-28","5шт ч(к учету 8,88ч)","2шт ч(к учету 0,73ч)",,Слабая затяжка - сползание зажима КС-053 (питающий),CT,2024,5.0,"8,88ч",2.0,"0,73ч",,,24 days 02:51:00,34731.0,178.0,93,0.1141439205955335,Зима,0.0022225503376566,0
2,13194368,2024-01-25 13:59:00,Западно-Сибирская,"З-СИБ, ТЧЭ-14","5шт (к учету 4) ч(к учету 1,95ч)",,,"Код 14.2 Пробоксовки в виде местного износа и выкрашивания металла в местах термомеханических повреждений головки рельса из-за боксования, юза колес подвижного состава или нарушения режимов шлифования рельсошлифовальными поездами",CT,2024,4.0,"1,95ч",,,,,24 days 10:14:00,35174.0,443.0,94,0.1153846153846153,Зима,0.0022225503376566,0
1,13216282,2024-01-25 21:42:00,Октябрьская,"ОКТ, ТЧЭ-22","1шт ч(к учету 1,22ч)",,,Прочая неисправность контактора главного контроллера без дугогашения,CT,2024,1.0,"1,22ч",,,,,24 days 17:57:00,35637.0,463.0,95,0.1166253101736972,Зима,0.0022225503376566,0
1,13194861,2024-01-26 01:16:00,Забайкальская,"ЗАБ, ТЧЭ-6","1шт ч(к учету 0,9ч)",,,Прочая неисправность аккумуляторной батареи,CT,2024,1.0,"0,9ч",,,,,24 days 21:31:00,35851.0,214.0,96,0.1178660049627791,Зима,0.0022225503376566,0
3,13195882,2024-01-26 15:50:00,Октябрьская,"ОКТ, ТЧЭ-14",,,,Прочая неисправность главных контактов быстродействующего выключателя,CT,2024,,,,,,,25 days 12:05:00,36725.0,874.0,97,0.119106699751861,Зима,0.0022225503376566,0
2,13202293,2024-01-27 02:58:00,Октябрьская,"ОКТ, ТЧЭ-22","1шт ч(к учету 0,38ч)",,,Прочая неисправность контактора главного контроллера без дугогашения,CT,2024,1.0,"0,38ч",,,,,25 days 23:13:00,37393.0,668.0,98,0.1203473945409429,Зима,0.0022225503376566,0
3,13197928,2024-01-27 10:00:00,Западно-Сибирская,"З-СИБ, ТЧЭ-12",,,,"Излом, потеря жесткости пружины толкателя кнопки",CT,2024,,,,,,,26 days 06:15:00,37815.0,422.0,99,0.1215880893300248,Зима,0.0022225503376566,0
2,13197574,2024-01-27 16:56:00,Октябрьская,"ОКТ, ТЧЭ-30","1шт ч(к учету 0,62ч)",,,Прочая неисправность моторно-роторного подшипника подвозбудителя синхронного,CT,2024,1.0,"0,62ч",,,,,26 days 13:11:00,38231.0,416.0,100,0.1228287841191067,Зима,0.0022225503376566,0
2,13196727,2024-01-28 03:20:00,Свердловская,"СВЕРД, ТЧЭ-1","1шт ч(к учету 0,38ч)",,,Прочая неисправность корпуса автосцепки локомотива,CT,2024,1.0,"0,38ч",,,,,26 days 23:35:00,38855.0,624.0,101,0.1240694789081885,Зима,0.0022225503376566,0
1,13197382,2024-01-29 04:00:00,Свердловская,"СВЕРД, ТЧЭ-17","3шт (к учету 1) ч(к учету 10,58ч)",,"2шт (к учету 1) ч(к учету 0,22)ч",Прочая неисправность питательного клапана реле давления,CT,2024,1.0,"10,58ч",,,1.0,"0,22ч",28 days 00:15:00,40335.0,1480.0,102,0.1253101736972704,Зима,0.0022225503376566,0
3,13199119,2024-01-29 08:00:00,Свердловская,"СВЕРД, ТЧЭ-19",,,,"Код 14.2 Пробоксовки в виде местного износа и выкрашивания металла в местах термомеханических повреждений головки рельса из-за боксования, юза колес подвижного состава или нарушения режимов шлифования рельсошлифовальными поездами",CT,2024,,,,,,,28 days 04:15:00,40575.0,240.0,103,0.1265508684863523,Зима,0.0022225503376566,0
2,13198201,2024-01-29 16:42:00,Красноярская,"КРАС, ТЧЭ-2","1шт ч(к учету 0,35ч)",,,Прочая неисправность блок-контактов реле промежуточного,CT,2024,1.0,"0,35ч",,,,,28 days 12:57:00,41097.0,522.0,104,0.1277915632754342,Зима,0.0022225503376566,0
3,13199212,2024-01-30 09:10:00,Западно-Сибирская,"З-СИБ, ТЧЭ-2",,,,"Код 14.2 Пробоксовки в виде местного износа и выкрашивания металла в местах термомеханических повреждений головки рельса из-за боксования, юза колес подвижного состава или нарушения режимов шлифования рельсошлифовальными поездами",CT,2024,,,,,,,29 days 05:25:00,42085.0,988.0,105,0.1290322580645161,Зима,0.0022225503376566,0
3,13199144,2024-01-30 11:45:00,Московская,"МОСК, ТЧЭ-36",,,,"Низкое сопротивление изоляции провода, кабеля низковольтных цепей и цепей управления",CT,2024,,,,,,,29 days 08:00:00,42240.0,155.0,106,0.130272952853598,Зима,0.0022225503376566,0
2,13215066,2024-02-01 02:48:00,Южно-Уральская,"З-СИБ, ТЧЭ-3",,"1шт ч(к учету 0,13ч)",,Прочая неисправность силовых контактов электромагнитного контактора вспомогательных цепей и цепей управления,CT,2024,,,1.0,"0,13ч",,,30 days 23:03:00,44583.0,2343.0,107,0.1315136476426799,Зима,0.0022225503376566,0
3,13202394,2024-02-02 02:12:00,Западно-Сибирская,"З-СИБ, ТЧЭ-19",,,,Пережог контактного медного провода,CT,2024,,,,,,,31 days 22:27:00,45987.0,1404.0,108,0.1327543424317618,Зима,0.0022225503376566,0
2,13217847,2024-02-02 12:34:00,Октябрьская,"ОКТ, ТЧЭ-12","1шт ч(к учету 0,47ч)",,"1шт ч(к учету 0,3)ч",Прочая неисправность аккумуляторной батареи,CT,2024,1.0,"0,47ч",,,1.0,"0,3ч",32 days 08:49:00,46609.0,622.0,109,0.1339950372208436,Зима,0.0022225503376566,0
2,13217844,2024-02-02 15:56:00,Октябрьская,"ОКТ, ТЧЭ-14","6шт ч(к учету 2,23ч)",,"1шт ч(к учету 0,18)ч",Повреждение электромонтажа системы автоматического управления торможением,CT,2024,6.0,"2,23ч",,,1.0,"0,18ч",32 days 12:11:00,46811.0,202.0,110,0.1352357320099255,Зима,0.0022225503376566,0
2,13212292,2024-02-03 02:17:00,Октябрьская,"ОКТ, ТЧЭ-14",,,"1шт ч(к учету 0,37)ч",Прочая неисправность рукоятки клапана песочницы,CT,2024,,,,,1.0,"0,37ч",32 days 22:32:00,47432.0,621.0,111,0.1364764267990074,Зима,0.0022225503376566,0
2,13204284,2024-02-03 11:25:00,Красноярская,"КРАС, ТЧЭ-2","1шт ч(к учету 0,25ч)",,,"Переброс, круговой огонь в коллекторе тягового двигателя постоянного тока",CT,2024,1.0,"0,25ч",,,,,33 days 07:40:00,47980.0,548.0,112,0.1377171215880893,Зима,0.0022225503376566,0
2,13242659,2024-02-03 11:45:00,Октябрьская,"ОКТ, ТЧЭ-28","1шт ч(к учету 0,43ч)",,,Ослабление резьбового соединения головки и штока главного поршня,CT,2024,1.0,"0,43ч",,,,,33 days 08:00:00,48000.0,20.0,113,0.1389578163771712,Зима,0.0022225503376566,0
2,13242685,2024-02-03 20:00:00,Октябрьская,"ОКТ, ТЧЭ-14","2шт ч(к учету 0,78ч)",,,Прочая неисправность фланца валопровода редуктора гидронасоса,CT,2024,2.0,"0,78ч",,,,,33 days 16:15:00,48495.0,495.0,114,0.1401985111662531,Зима,0.0022225503376566,0
2,13205191,2024-02-04 07:00:00,Октябрьская,"ОКТ, ТЧЭ-14","1шт ч(к учету 0,98ч)",,,Несоответствие норм высоты автосцепки грузового вагона,CT,2024,1.0,"0,98ч",,,,,34 days 03:15:00,49155.0,660.0,115,0.141439205955335,Зима,0.0022225503376566,0
3,13211552,2024-02-05 00:00:00,Октябрьская,"ОКТ, ТЧЭ-21",,,,Механическое заедание лабиринтных жалюзи,CT,2024,,,,,,,34 days 20:15:00,50175.0,1020.0,116,0.1426799007444168,Зима,0.0022225503376566,0
3,13205875,2024-02-05 03:20:00,Западно-Сибирская,"З-СИБ, ТЧЭ-12",,,,"Код 14.1 Пробоксовки в виде местного износа и выкрашивания металла в местах термомеханических повреждений головки рельса из-за боксования, юза колес подвижного состава или нарушения режимов шлифования рельсошлифовальными поездами",CT,2024,,,,,,,34 days 23:35:00,50375.0,200.0,117,0.1439205955334987,Зима,0.0022225503376566,0
2,13227719,2024-02-05 15:10:00,Октябрьская,"ОКТ, ТЧЭ-30","1шт ч(к учету 0,98ч)",,"1шт ч(к учету 0,1)ч",Прочая неисправность вала водяного насоса охлаждения дизеля,CT,2024,1.0,"0,98ч",,,1.0,"0,1ч",35 days 11:25:00,51085.0,710.0,118,0.1451612903225806,Зима,0.0022225503376566,0
3,13207433,2024-02-05 22:19:00,Октябрьская,"ОКТ, ТЧЭ-28",,,,Нарушение регулировки подачи песка,CT,2024,,,,,,,35 days 18:34:00,51514.0,429.0,119,0.1464019851116625,Зима,0.0022225503376566,0
3,13207359,2024-02-06 00:18:00,Октябрьская,"ОКТ, ТЧЭ-14",,,,Прочая неисправность контактора кулачкового блокировочного устройства,CT,2024,,,,,,,35 days 20:33:00,51633.0,119.0,120,0.1476426799007444,Зима,0.0022225503376566,0
3,13210558,2024-02-06 04:59:00,Октябрьская,"ОКТ, ТЧЭ-26",,,,Неисправность регулятора мощности объединенного регулятора,CT,2024,,,,,,,36 days 01:14:00,51914.0,281.0,121,0.1488833746898263,Зима,0.0022225503376566,0
3,13209411,2024-02-06 22:57:00,Октябрьская,"ОКТ, ТЧЭ-14",,,,Прочая неисправность каретки токоприемника,CT,2024,,,,,,,36 days 19:12:00,52992.0,1078.0,122,0.1501240694789082,Зима,0.0022225503376566,0
3,13212604,2024-02-07 05:25:00,Московская,"ОКТ, ТЧЭ-1",,,,"Излом крепления песочной трубы, ослабление крепления  песочной трубы",CT,2024,,,,,,,37 days 01:40:00,53380.0,388.0,123,0.1513647642679901,Зима,0.0022225503376566,0
1,13209924,2024-02-07 07:40:00,Октябрьская,"ОКТ, ТЧЭ-1",,"1шт ч(к учету 1,3ч)",,Прочая неисправность корпуса камеры осушки,CT,2024,,,1.0,"1,3ч",,,37 days 03:55:00,53515.0,135.0,124,0.1526054590570719,Зима,0.0022225503376566,0
3,13210058,2024-02-07 08:00:00,Московская,"МОСК, ТЧЭ-36",,,,Оплавление контактов контактной системы автоматического выключателя,CT,2024,,,,,,,37 days 04:15:00,53535.0,20.0,125,0.1538461538461538,Зима,0.0022225503376566,0
3,13241194,2024-02-08 00:50:00,Октябрьская,"ОКТ, ТЧЭ-12","1шт ч(к учету 0,02ч)",,,Трещина корпуса,CT,2024,1.0,"0,02ч",,,,,37 days 21:05:00,54545.0,1010.0,126,0.1550868486352357,Зима,0.0022225503376566,0
3,13212119,2024-02-08 05:15:00,Октябрьская,"ОКТ, ТЧЭ-14",,,,Прочая неисправность контактора кулачкового блокировочного устройства,CT,2024,,,,,,,38 days 01:30:00,54810.0,265.0,127,0.1563275434243176,Зима,0.0022225503376566,0
3,13212199,2024-02-08 06:46:00,Октябрьская,"ОКТ, ТЧЭ-14",,,,Прочая неисправность нагревательного элемента электрического нагревателя,CT,2024,,,,,,,38 days 03:01:00,54901.0,91.0,128,0.1575682382133995,Зима,0.0022225503376566,0
3,13213287,2024-02-08 13:10:00,Свердловская,"СВЕРД, ТЧЭ-17",,,,"Код 14.2 Пробоксовки в виде местного износа и выкрашивания металла в местах термомеханических повреждений головки рельса из-за боксования, юза колес подвижного состава или нарушения режимов шлифования рельсошлифовальными поездами",CT,2024,,,,,,,38 days 09:25:00,55285.0,384.0,129,0.1588089330024814,Зима,0.0022225503376566,0
1,13213851,2024-02-08 16:24:00,Свердловская,"СВЕРД, ТЧЭ-7","48шт (к учету 32) ч(к учету 88,32ч)","2шт ч(к учету 0,52ч)",,Ослабление крепления корпуса (кожуха) зубчатой передачи,CT,2024,32.0,"88,32ч",2.0,"0,52ч",,,38 days 12:39:00,55479.0,194.0,130,0.1600496277915633,Зима,0.0022225503376566,0
2,13213970,2024-02-08 18:58:00,Красноярская,"КРАС, ТЧЭ-7","3шт ч(к учету 2,72ч)",,,Износ напаек контактного мостика кнопки,CT,2024,3.0,"2,72ч",,,,,38 days 15:13:00,55633.0,154.0,131,0.1612903225806451,Зима,0.0022225503376566,0
2,13215561,2024-02-09 17:27:00,Северная,"СЕВ, ТЧЭ-1","1шт ч(к учету 0,77ч)",,,Прочая неисправность корпуса глушителя,CT,2024,1.0,"0,77ч",,,,,39 days 13:42:00,56982.0,1349.0,132,0.162531017369727,Зима,0.0022225503376566,0
3,13215724,2024-02-09 22:07:00,Западно-Сибирская,"З-СИБ, ТЧЭ-7",,,,Прочая неисправность каретки токоприемника,CT,2024,,,,,,,39 days 18:22:00,57262.0,280.0,133,0.1637717121588089,Зима,0.0022225503376566,0
1,13216210,2024-02-10 03:49:00,Забайкальская,"ЗАБ, ТЧЭ-13","3шт ч(к учету 3,83ч)",,,"Обрыв провода, кабеля низковольтных цепей и цепей управления",CT,2024,3.0,"3,83ч",,,,,40 days 00:04:00,57604.0,342.0,134,0.1650124069478908,Зима,0.0022225503376566,0
2,13216441,2024-02-10 13:53:00,Восточно-Сибирская,"В-СИБ, ТЧЭ-5","2шт ч(к учету 0,62ч)",,"1шт ч(к учету 0,25)ч",Неисправность блока индикации БИЛ-УП,CT,2024,2.0,"0,62ч",,,1.0,"0,25ч",40 days 10:08:00,58208.0,604.0,135,0.1662531017369727,Зима,0.0022225503376566,0
2,13217329,2024-02-11 06:23:00,Горьковская,"СВЕРД, ТЧЭ-17","1шт ч(к учету 0,53ч)",,,Прочая неисправность изолятора токоприемника,CT,2024,1.0,"0,53ч",,,,,41 days 02:38:00,59198.0,990.0,136,0.1674937965260546,Зима,0.0022225503376566,0
3,13217130,2024-02-11 08:20:00,Западно-Сибирская,"З-СИБ, ТЧЭ-19",,,,Неисправность антенны КВ,CT,2024,,,,,,,41 days 04:35:00,59315.0,117.0,137,0.1687344913151365,Зима,0.0022225503376566,0
1,13217536,2024-02-11 19:46:00,Западно-Сибирская,"З-СИБ, ТЧЭ-14","6шт ч(к учету 9,2ч)",,,"Код 14.2 Пробоксовки в виде местного износа и выкрашивания металла в местах термомеханических повреждений головки рельса из-за боксования, юза колес подвижного состава или нарушения режимов шлифования рельсошлифовальными поездами",CT,2024,6.0,"9,2ч",,,,,41 days 16:01:00,60001.0,686.0,138,0.1699751861042183,Зима,0.0022225503376566,0
3,13218030,2024-02-12 00:00:00,Южно-Уральская,"Ю-УР, ТЧЭ-5",,,,Прочая неисправность обшивки корпуса кузова локомотива,CT,2024,,,,,,,41 days 20:15:00,60255.0,254.0,139,0.1712158808933002,Зима,0.0022225503376566,0
1,13218925,2024-02-12 14:35:00,Октябрьская,"ОКТ, ТЧЭ-4","2шт (к учету 1) ч(к учету 3,17ч)",,,Неисправность блока МСУ-ТП,CT,2024,1.0,"3,17ч",,,,,42 days 10:50:00,61130.0,875.0,140,0.1724565756823821,Зима,0.0022225503376566,0
1,13219293,2024-02-12 16:47:00,Южно-Уральская,"Ю-УР, ТЧЭ-1","83шт (к учету 56) ч(к учету 222,55ч)","21шт (к учету 14) ч(к учету 80,4ч)","2шт ч(к учету 8,82)ч",Деформация обшивки корпуса кузова локомотива,CT,2024,56.0,"222,55ч",14.0,"80,4ч",2.0,"8,82ч",42 days 13:02:00,61262.0,132.0,141,0.173697270471464,Зима,0.0022225503376566,0
2,13219118,2024-02-12 19:58:00,Октябрьская,"ОКТ, ТЧЭ-4","1шт ч(к учету 0,98ч)",,,Перегрев моторно-осевого подшипника подвески тягового двигателя,CT,2024,1.0,"0,98ч",,,,,42 days 16:13:00,61453.0,191.0,142,0.1749379652605459,Зима,0.0022225503376566,0
3,13219842,2024-02-13 02:44:00,Московская,"МОСК, ТЧЭ-6",,,,Прочая неисправность рамы токоприемника,CT,2024,,,,,,,42 days 22:59:00,61859.0,406.0,143,0.1761786600496278,Зима,0.0022225503376566,0
1,13219436,2024-02-13 05:01:00,Северо-Кавказская,"С-КАВ, ТЧЭ-6","6шт (к учету 5) ч(к учету 4,25ч)","10шт (к учету 9) ч(к учету 3,97ч)","9шт ч(к учету 2,1)ч",Прочая неисправность рамы токоприемника,CT,2024,5.0,"4,25ч",9.0,"3,97ч",9.0,"2,1ч",43 days 01:16:00,61996.0,137.0,144,0.1774193548387097,Зима,0.0022225503376566,0
2,13219679,2024-02-13 06:04:00,Октябрьская,"ОКТ, ТЧЭ-14","3шт (к учету 1) ч(к учету 0,92ч)",,,Сбой ПО,CT,2024,1.0,"0,92ч",,,,,43 days 02:19:00,62059.0,63.0,145,0.1786600496277915,Зима,0.0022225503376566,0
3,13221131,2024-02-13 07:35:00,Восточно-Сибирская,"В-СИБ, ТЧЭ-5",,,,Прочая неисправность рукоятки клапана песочницы,CT,2024,,,,,,,43 days 03:50:00,62150.0,91.0,146,0.1799007444168734,Зима,0.0022225503376566,0
2,13221067,2024-02-13 13:05:00,Южно-Уральская,"СВЕРД, ТЧЭ-15","1шт ч(к учету 0,25ч)",,,"Код 14.2 Пробоксовки в виде местного износа и выкрашивания металла в местах термомеханических повреждений головки рельса из-за боксования, юза колес подвижного состава или нарушения режимов шлифования рельсошлифовальными поездами",CT,2024,1.0,"0,25ч",,,,,43 days 09:20:00,62480.0,330.0,147,0.1811414392059553,Зима,0.0022225503376566,0
3,13221611,2024-02-14 07:04:00,Московская,"МОСК, ТЧЭ-46",,,,Прочая неисправность манжеты клапана песочницы,CT,2024,,,,,,,44 days 03:19:00,63559.0,1079.0,148,0.1823821339950372,Зима,0.0022225503376566,0
2,13228381,2024-02-14 07:37:00,Октябрьская,"ОКТ, ТЧЭ-14","2шт ч(к учету 1,12ч)",,,Прочая неисправность блок-контактов реле промежуточного,CT,2024,2.0,"1,12ч",,,,,44 days 03:52:00,63592.0,33.0,149,0.1836228287841191,Зима,0.0022225503376566,0
3,13222411,2024-02-14 13:00:00,Октябрьская,"ОКТ, ТЧЭ-14",,,,Нарушение регулировки подачи песка,CT,2024,,,,,,,44 days 09:15:00,63915.0,323.0,150,0.184863523573201,Зима,0.0022225503376566,0
3,13222472,2024-02-14 13:40:00,Свердловская,"СВЕРД, ТЧЭ-15",,,,"Код 14.2 Пробоксовки в виде местного износа и выкрашивания металла в местах термомеханических повреждений головки рельса из-за боксования, юза колес подвижного состава или нарушения режимов шлифования рельсошлифовальными поездами",CT,2024,,,,,,,44 days 09:55:00,63955.0,40.0,151,0.1861042183622828,Зима,0.0022225503376566,0
3,13223096,2024-02-14 23:56:00,Октябрьская,"ОКТ, ТЧЭ-12",,,,Прочая неисправность стенки топливного бака дизеля,CT,2024,,,,,,,44 days 20:11:00,64571.0,616.0,152,0.1873449131513647,Зима,0.0022225503376566,0
3,13224090,2024-02-15 12:03:00,Свердловская,"СВЕРД, ТЧЭ-15",,,,"Код 14.2 Пробоксовки в виде местного износа и выкрашивания металла в местах термомеханических повреждений головки рельса из-за боксования, юза колес подвижного состава или нарушения режимов шлифования рельсошлифовальными поездами",CT,2024,,,,,,,45 days 08:18:00,65298.0,727.0,153,0.1885856079404466,Зима,0.0022225503376566,0
3,13224613,2024-02-15 20:01:00,Московская,"МОСК, ТЧЭ-36",,,,"Низкое сопротивление изоляции провода, кабеля низковольтных цепей и цепей управления",CT,2024,,,,,,,45 days 16:16:00,65776.0,478.0,154,0.1898263027295285,Зима,0.0022225503376566,0
3,13224837,2024-02-16 02:52:00,Московская,"МОСК, ТЧЭ-5",,,,Износ полоза токоприемника,CT,2024,,,,,,,45 days 23:07:00,66187.0,411.0,155,0.1910669975186104,Зима,0.0022225503376566,0
3,13224878,2024-02-16 03:19:00,Свердловская,"СВЕРД, ТЧЭ-7",,,,Прочая неисправность предохранителя автосцепки локомотива,CT,2024,,,,,,,45 days 23:34:00,66214.0,27.0,156,0.1923076923076923,Зима,0.0022225503376566,0
3,13225275,2024-02-16 09:00:00,Московская,"МОСК, ТЧЭ-36",,,,"Низкое сопротивление изоляции провода, кабеля низковольтных цепей и цепей управления",CT,2024,,,,,,,46 days 05:15:00,66555.0,341.0,157,0.1935483870967742,Зима,0.0022225503376566,0
3,13226025,2024-02-17 00:03:00,Октябрьская,"ОКТ, ТЧЭ-14",,,,Нарушение регулировки подачи песка,CT,2024,,,,,,,46 days 20:18:00,67458.0,903.0,158,0.194789081885856,Зима,0.0022225503376566,0
3,13229626,2024-02-17 03:38:00,Красноярская,"КРАС, ТЧЭ-2",,,,Прочая неисправность блок-контактов реле промежуточного,CT,2024,,,,,,,46 days 23:53:00,67673.0,215.0,159,0.1960297766749379,Зима,0.0022225503376566,0
3,13228475,2024-02-17 16:00:00,Западно-Сибирская,"З-СИБ, ТЧЭ-14",,,,Оплавление напаек контактного мостика кнопки,CT,2024,,,,,,,47 days 12:15:00,68415.0,742.0,160,0.1972704714640198,Зима,0.0022225503376566,0
1,13226924,2024-02-18 00:58:00,Северо-Кавказская,"С-КАВ, ТЧЭ-6","7шт ч(к учету 13,03ч)","2шт ч(к учету 1,33ч)","2шт ч(к учету 1,17)ч",Прочая неисправность рамы токоприемника,CT,2024,7.0,"13,03ч",2.0,"1,33ч",2.0,"1,17ч",47 days 21:13:00,68953.0,538.0,161,0.1985111662531017,Зима,0.0022225503376566,0
1,13227045,2024-02-18 04:26:00,Октябрьская,"ОКТ, ТЧЭ-11",,"2шт ч(к учету 0,55ч)","1шт ч(к учету 0,28)ч",Прочая неисправность замкодержателя автосцепки локомотива,CT,2024,,,2.0,"0,55ч",1.0,"0,28ч",48 days 00:41:00,69161.0,208.0,162,0.1997518610421836,Зима,0.0022225503376566,0
2,13227682,2024-02-18 21:15:00,Октябрьская,"ОКТ, ТЧЭ-28",,"1шт ч(к учету 0,1ч)",,"Сгорание плавкой вставки предохранителя, панели предохранителей",CT,2024,,,1.0,"0,1ч",,,48 days 17:30:00,70170.0,1009.0,163,0.2009925558312655,Зима,0.0022225503376566,0
3,13227657,2024-02-18 21:20:00,Октябрьская,"ОКТ, ТЧЭ-14",,,,Прочая неисправность удерживающей катушки быстродействующего выключателя,CT,2024,,,,,,,48 days 17:35:00,70175.0,5.0,164,0.2022332506203474,Зима,0.0022225503376566,0
3,13252284,2024-02-19 19:10:00,Октябрьская,"ОКТ, ТЧЭ-12","1шт ч(к учету 0,2ч)",,,Прочая неисправность аккумуляторной батареи,CT,2024,1.0,"0,2ч",,,,,49 days 15:25:00,71485.0,1310.0,165,0.2034739454094292,Зима,0.0022225503376566,0
2,13229210,2024-02-20 04:01:00,Восточно-Сибирская,"В-СИБ, ТЧЭ-3","4шт ч(к учету 1,43ч)",,"1шт ч(к учету 0,22)ч","Ползун, выбоина на поверхности катания бандажа колесной пары локомотива",CT,2024,4.0,"1,43ч",,,1.0,"0,22ч",50 days 00:16:00,72016.0,531.0,166,0.2047146401985111,Зима,0.0022225503376566,0
3,13230887,2024-02-20 15:00:00,Свердловская,"СВЕРД, ТЧЭ-17",,,,"Код 14.2 Пробоксовки в виде местного износа и выкрашивания металла в местах термомеханических повреждений головки рельса из-за боксования, юза колес подвижного состава или нарушения режимов шлифования рельсошлифовальными поездами",CT,2024,,,,,,,50 days 11:15:00,72675.0,659.0,167,0.205955334987593,Зима,0.0022225503376566,0
1,13231710,2024-02-20 21:16:00,Московская,"ОКТ, ТЧЭ-1",,"1шт ч(к учету 1,48ч)","1шт ч(к учету 0,1)ч",Износ контактов контактной системы автоматического выключателя,CT,2024,,,1.0,"1,48ч",1.0,"0,1ч",50 days 17:31:00,73051.0,376.0,168,0.2071960297766749,Зима,0.0022225503376566,0
2,13231109,2024-02-21 09:00:00,Московская,"МОСК, ТЧЭ-36","3шт ч(к учету 1,07ч)",,,"Низкое сопротивление изоляции провода, кабеля низковольтных цепей и цепей управления",CT,2024,3.0,"1,07ч",,,,,51 days 05:15:00,73755.0,704.0,169,0.2084367245657568,Зима,0.0022225503376566,0
3,13232024,2024-02-21 19:00:00,Западно-Сибирская,"З-СИБ, ТЧЭ-14",,,,Нарушение регулировки подачи песка,CT,2024,,,,,,,51 days 15:15:00,74355.0,600.0,170,0.2096774193548387,Зима,0.0022225503376566,0
3,13232074,2024-02-21 20:34:00,Западно-Сибирская,"З-СИБ, ТЧЭ-14",,,,"Неисправность манжеты, пружины, штока и т.д.",CT,2024,,,,,,,51 days 16:49:00,74449.0,94.0,171,0.2109181141439206,Зима,0.0022225503376566,0
2,13232169,2024-02-21 23:18:00,Московская,"МОСК, ТЧЭ-5","2шт ч(к учету 1,48ч)",,,Прочая неисправность диафрагмы реле давления,CT,2024,2.0,"1,48ч",,,,,51 days 19:33:00,74613.0,164.0,172,0.2121588089330024,Зима,0.0022225503376566,0
3,13232249,2024-02-22 00:50:00,Западно-Сибирская,"З-СИБ, ТЧЭ-7",,,,Прочая неисправность манжеты клапана песочницы,CT,2024,,,,,,,51 days 21:05:00,74705.0,92.0,173,0.2133995037220843,Зима,0.0022225503376566,0
2,13236341,2024-02-22 07:20:00,Октябрьская,"ОКТ, ТЧЭ-14",,,"1шт ч(к учету 0,12)ч",Прочая неисправность магистральной части воздухораспределителя,CT,2024,,,,,1.0,"0,12ч",52 days 03:35:00,75095.0,390.0,174,0.2146401985111662,Зима,0.0022225503376566,0
3,13232643,2024-02-22 08:37:00,Октябрьская,"ОКТ, ТЧЭ-4",,,,Прочая неисправность манжеты клапана песочницы,CT,2024,,,,,,,52 days 04:52:00,75172.0,77.0,175,0.2158808933002481,Зима,0.0022225503376566,0
3,13233420,2024-02-22 16:25:00,Западно-Сибирская,"З-СИБ, ТЧЭ-19",,,,Прочая неисправность замка автосцепки локомотива,CT,2024,,,,,,,52 days 12:40:00,75640.0,468.0,176,0.21712158808933,Зима,0.0022225503376566,0
3,13233281,2024-02-22 18:57:00,Октябрьская,"ОКТ, ТЧЭ-4",,,,Прочая неисправность всасывающей трубки топливного бака дизеля,CT,2024,,,,,,,52 days 15:12:00,75792.0,152.0,177,0.2183622828784119,Зима,0.0022225503376566,0
3,13234676,2024-02-24 16:00:00,Октябрьская,"ОКТ, ТЧЭ-4",,,,Отгар зажимов аккумуляторной батареи,CT,2024,,,,,,,54 days 12:15:00,78495.0,2703.0,178,0.2196029776674938,Зима,0.0022225503376566,0
3,13235472,2024-02-25 16:31:00,Западно-Сибирская,"З-СИБ, ТЧЭ-10",,,,Прочая неисправность блока цилиндров дизеля,CT,2024,,,,,,,55 days 12:46:00,79966.0,1471.0,179,0.2208436724565756,Зима,0.0022225503376566,0
3,13237040,2024-02-27 01:14:00,Октябрьская,"ОКТ, ТЧЭ-14",,,,Ошибка программного обеспечения,CT,2024,,,,,,,56 days 21:29:00,81929.0,1963.0,180,0.2220843672456575,Зима,0.0022225503376566,0
2,13237053,2024-02-27 02:40:00,Октябрьская,"ОКТ, ТЧЭ-12","1шт ч(к учету 0,63ч)",,,Нарушение регулировки подачи песка,CT,2024,1.0,"0,63ч",,,,,56 days 22:55:00,82015.0,86.0,181,0.2233250620347394,Зима,0.0022225503376566,0
1,13241696,2024-02-28 00:00:00,Восточно-Сибирская,"В-СИБ, ТЧЭ-14",,,,Неперевод стрелочного перевода по причине попадания постороннего предмета,CT,2024,,,,,,,57 days 20:15:00,83295.0,1280.0,182,0.2245657568238213,Зима,0.0022225503376566,0
3,13240230,2024-02-28 05:50:00,Московская,"ОКТ, ТЧЭ-1",,,,"Излом крепления песочной трубы, ослабление крепления  песочной трубы",CT,2024,,,,,,,58 days 02:05:00,83645.0,350.0,183,0.2258064516129032,Зима,0.0022225503376566,0
3,13240198,2024-02-29 08:00:00,Западно-Сибирская,"З-СИБ, ТЧЭ-4",,,,"Код 14.2 Пробоксовки в виде местного износа и выкрашивания металла в местах термомеханических повреждений головки рельса из-за боксования, юза колес подвижного состава или нарушения режимов шлифования рельсошлифовальными поездами",CT,2024,,,,,,,59 days 04:15:00,85215.0,1570.0,184,0.2270471464019851,Зима,0.0022225503376566,0
3,13241112,2024-02-29 19:10:00,Западно-Сибирская,"З-СИБ, ТЧЭ-4",,,,"Код 14.2 Пробоксовки в виде местного износа и выкрашивания металла в местах термомеханических повреждений головки рельса из-за боксования, юза колес подвижного состава или нарушения режимов шлифования рельсошлифовальными поездами",CT,2024,,,,,,,59 days 15:25:00,85885.0,670.0,185,0.228287841191067,Зима,0.0022225503376566,0
1,13241325,2024-03-01 00:10:00,Октябрьская,"ОКТ, ТЧЭ-14","1шт ч(к учету 2,98ч)",,,Прочая неисправность корпуса автосцепки локомотива,CT,2024,1.0,"2,98ч",,,,,59 days 20:25:00,86185.0,300.0,186,0.2295285359801488,Весна,0.001108393212047,0
1,13241196,2024-03-01 01:01:00,Дальневосточная,"Д-ВОСТ, ТЧЭ-13","1шт ч(к учету 1,67ч)",,,Просвет (мм) между шейкой остряка и рабочей гранью упорных накладок,CT,2024,1.0,"1,67ч",,,,,59 days 21:16:00,86236.0,51.0,187,0.2307692307692307,Весна,0.001108393212047,0
3,13244117,2024-03-01 11:20:00,Свердловская,"СВЕРД, ТЧЭ-9",,,,Прочая неисправность корпуса концевого крана,CT,2024,,,,,,,60 days 07:35:00,86855.0,619.0,188,0.2320099255583126,Весна,0.001108393212047,0
3,13242794,2024-03-02 08:00:00,Западно-Сибирская,"З-СИБ, ТЧЭ-2",,,,"Код 14.2 Пробоксовки в виде местного износа и выкрашивания металла в местах термомеханических повреждений головки рельса из-за боксования, юза колес подвижного состава или нарушения режимов шлифования рельсошлифовальными поездами",CT,2024,,,,,,,61 days 04:15:00,88095.0,1240.0,189,0.2332506203473945,Весна,0.001108393212047,0
2,13243227,2024-03-03 01:38:00,Октябрьская,"ОКТ, ТЧЭ-18","2шт ч(к учету 0,63ч)",,,"Прочая неисправность провода, кабеля низковольтных цепей и цепей управления",CT,2024,2.0,"0,63ч",,,,,61 days 21:53:00,89153.0,1058.0,190,0.2344913151364764,Весна,0.001108393212047,0
3,13243930,2024-03-03 22:39:00,Октябрьская,"ОКТ, ТЧЭ-1",,,,Корпус блока КОН,CT,2024,,,,,,,62 days 18:54:00,90414.0,1261.0,191,0.2357320099255583,Весна,0.001108393212047,0
3,13244484,2024-03-04 08:43:00,Октябрьская,"ОКТ, ТЧЭ-14",,,,Ошибка программного обеспечения,CT,2024,,,,,,,63 days 04:58:00,91018.0,604.0,192,0.2369727047146402,Весна,0.001108393212047,0
3,13246368,2024-03-04 13:30:00,Красноярская,"КРАС, ТЧЭ-7",,,,"Код 14.1 Пробоксовки в виде местного износа и выкрашивания металла в местах термомеханических повреждений головки рельса из-за боксования, юза колес подвижного состава или нарушения режимов шлифования рельсошлифовальными поездами",CT,2024,,,,,,,63 days 09:45:00,91305.0,287.0,193,0.238213399503722,Весна,0.001108393212047,0
3,13248163,2024-03-05 21:41:00,Октябрьская,"ОКТ, ТЧЭ-4",,,,Износ электрощетки щеточного аппарата тягового двигателя постоянного тока,CT,2024,,,,,,,64 days 17:56:00,93236.0,1931.0,194,0.2394540942928039,Весна,0.001108393212047,0
3,13254772,2024-03-06 15:20:00,Октябрьская,"ОКТ, ТЧЭ-4",,,,Износ сальника топливоподкачивающего насоса,CT,2024,,,,,,,65 days 11:35:00,94295.0,1059.0,195,0.2406947890818858,Весна,0.001108393212047,0
3,13250532,2024-03-06 17:26:00,Октябрьская,"ОКТ, ТЧЭ-14",,,,Прочая неисправность обмотки возбуждения тягового двигателя постоянного тока,CT,2024,,,,,,,65 days 13:41:00,94421.0,126.0,196,0.2419354838709677,Весна,0.001108393212047,0
3,13250571,2024-03-06 20:00:00,Московская,"МОСК, ТЧЭ-46",,,,Прочая неисправность пружины тумблера,CT,2024,,,,,,,65 days 16:15:00,94575.0,154.0,197,0.2431761786600496,Весна,0.001108393212047,0
3,13250688,2024-03-06 23:00:00,Октябрьская,"ОКТ, ТЧЭ-5","1шт ч(к учету 0,05ч)",,,Ослабление крепления корпуса (кожуха) зубчатой передачи,CT,2024,1.0,"0,05ч",,,,,65 days 19:15:00,94755.0,180.0,198,0.2444168734491315,Весна,0.001108393212047,0
3,13250699,2024-03-06 23:24:00,Московская,"МОСК, ТЧЭ-36",,,,"Низкое сопротивление изоляции провода, кабеля низковольтных цепей и цепей управления",CT,2024,,,,,,,65 days 19:39:00,94779.0,24.0,199,0.2456575682382134,Весна,0.001108393212047,0
1,13250797,2024-03-07 03:03:00,Западно-Сибирская,"З-СИБ, ТЧЭ-7","2шт ч(к учету 1,83ч)",,,Пробой на корпус изоляции обмотки статора тягового генератора тягового агрегата,CT,2024,2.0,"1,83ч",,,,,65 days 23:18:00,94998.0,219.0,200,0.2468982630272952,Весна,0.001108393212047,0
3,13252494,2024-03-07 18:25:00,Октябрьская,"ОКТ, ТЧЭ-14",,,,Прочая неисправность манжеты клапана песочницы,CT,2024,,,,,,,66 days 14:40:00,95920.0,922.0,201,0.2481389578163771,Весна,0.001108393212047,0
3,13252618,2024-03-07 21:34:00,Октябрьская,"ОКТ, ТЧЭ-12",,,,"Излом крепления песочной трубы, ослабление крепления  песочной трубы",CT,2024,,,,,,,66 days 17:49:00,96109.0,189.0,202,0.249379652605459,Весна,0.001108393212047,0
3,13253752,2024-03-09 13:01:00,Октябрьская,"ОКТ, ТЧЭ-14",,,,"Прочая неисправность проводов, кабелей силовых цепей",CT,2024,,,,,,,68 days 09:16:00,98476.0,2367.0,203,0.2506203473945409,Весна,0.001108393212047,0
3,13253987,2024-03-09 20:00:00,Октябрьская,"ОКТ, ТЧЭ-12",,,,Прочая неисправность трубопроводов системы подачи топлива,CT,2024,,,,,,,68 days 16:15:00,98895.0,419.0,204,0.2518610421836228,Весна,0.001108393212047,0
3,13254151,2024-03-10 04:24:00,Октябрьская,"ОКТ, ТЧЭ-11",,,,Несоответствие норм высоты автосцепки грузового вагона,CT,2024,,,,,,,69 days 00:39:00,99399.0,504.0,205,0.2531017369727047,Весна,0.001108393212047,0
3,13254821,2024-03-11 01:21:00,Западно-Сибирская,"З-СИБ, ТЧЭ-10",,,,"Излом, потеря жесткости пружины толкателя кнопки",CT,2024,,,,,,,69 days 21:36:00,100656.0,1257.0,206,0.2543424317617866,Весна,0.001108393212047,0
3,13256201,2024-03-11 09:36:00,Московская,"МОСК, ТЧЭ-36",,,,"Низкое сопротивление изоляции провода, кабеля низковольтных цепей и цепей управления",CT,2024,,,,,,,70 days 05:51:00,101151.0,495.0,207,0.2555831265508685,Весна,0.001108393212047,0
2,13257313,2024-03-12 11:09:00,Красноярская,"КРАС, ТЧЭ-7","1шт ч(к учету 0,17ч)",,"1шт ч(к учету 0,1)ч",Неисправность индикатора,CT,2024,1.0,"0,17ч",,,1.0,"0,1ч",71 days 07:24:00,102684.0,1533.0,208,0.2568238213399503,Весна,0.001108393212047,0
3,13259043,2024-03-13 09:08:00,Западно-Сибирская,"З-СИБ, ТЧЭ-12",,,,"Код 14.1 Пробоксовки в виде местного износа и выкрашивания металла в местах термомеханических повреждений головки рельса из-за боксования, юза колес подвижного состава или нарушения режимов шлифования рельсошлифовальными поездами",CT,2024,,,,,,,72 days 05:23:00,104003.0,1319.0,209,0.2580645161290322,Весна,0.001108393212047,0
3,13261722,2024-03-14 12:38:00,Западно-Сибирская,"З-СИБ, ТЧЭ-4",,,,Пережог контактного медного провода,CT,2024,,,,,,,73 days 08:53:00,105653.0,1650.0,210,0.2593052109181141,Весна,0.001108393212047,0
1,13261641,2024-03-14 14:49:00,Свердловская,"СВЕРД, ТЧЭ-15","10шт ч(к учету 10,15ч)",,,"Код 14.2 Пробоксовки в виде местного износа и выкрашивания металла в местах термомеханических повреждений головки рельса из-за боксования, юза колес подвижного состава или нарушения режимов шлифования рельсошлифовальными поездами",CT,2024,10.0,"10,15ч",,,,,73 days 11:04:00,105784.0,131.0,211,0.260545905707196,Весна,0.001108393212047,0
3,13262015,2024-03-14 19:03:00,Октябрьская,"ОКТ, ТЧЭ-12",,,,Излом рукоятки клапана песочницы,CT,2024,,,,,,,73 days 15:18:00,106038.0,254.0,212,0.2617866004962779,Весна,0.001108393212047,0
3,13262373,2024-03-15 04:40:00,Свердловская,"СВЕРД, ТЧЭ-9",,,,"Прочая неисправность плавкой вставки предохранителя, панели предохранителей",CT,2024,,,,,,,74 days 00:55:00,106615.0,577.0,213,0.2630272952853598,Весна,0.001108393212047,0
1,13262551,2024-03-15 07:04:00,Октябрьская,"ОКТ, ТЧЭ-12","10шт ч(к учету 12,93ч)",,"2шт ч(к учету 1,68)ч",Потеря жесткости включающей пружины быстродействующего выключателя,CT,2024,10.0,"12,93ч",,,2.0,"1,68ч",74 days 03:19:00,106759.0,144.0,214,0.2642679900744417,Весна,0.001108393212047,0
2,13263366,2024-03-15 12:20:00,Октябрьская,"ОКТ, ТЧЭ-14","2шт (к учету 1) ч(к учету 1,65ч)",,,Прочая неисправность корпуса концевого крана,CT,2024,1.0,"1,65ч",,,,,74 days 08:35:00,107075.0,316.0,215,0.2655086848635236,Весна,0.001108393212047,0
2,13263438,2024-03-15 19:17:00,Октябрьская,"ОКТ, ТЧЭ-12","1шт ч(к учету 0,5ч)",,,Прочая неисправность щеточного аппарата тягового генератора постоянного  тока,CT,2024,1.0,"0,5ч",,,,,74 days 15:32:00,107492.0,417.0,216,0.2667493796526055,Весна,0.001108393212047,0
3,13264099,2024-03-16 09:10:00,Октябрьская,"ОКТ, ТЧЭ-14",,,,Износ полоза токоприемника,CT,2024,,,,,,,75 days 05:25:00,108325.0,833.0,217,0.2679900744416873,Весна,0.001108393212047,0
1,13263912,2024-03-16 09:51:00,Октябрьская,"ОКТ, ТЧЭ-28",,,,Глубокая разрядка аккумуляторной батареи,CT,2024,,,,,,,75 days 06:06:00,108366.0,41.0,218,0.2692307692307692,Весна,0.001108393212047,0
3,13264188,2024-03-16 19:50:00,Западно-Сибирская,"З-СИБ, ТЧЭ-7",,,,"Ползун, выбоина на поверхности катания бандажа колесной пары локомотива",CT,2024,,,,,,,75 days 16:05:00,108965.0,599.0,219,0.2704714640198511,Весна,0.001108393212047,0
3,13264222,2024-03-16 23:35:00,Западно-Сибирская,"З-СИБ, ТЧЭ-10",,,,"Сдвиг, проворот бандажа колесной пары локомотива",CT,2024,,,,,,,75 days 19:50:00,109190.0,225.0,220,0.271712158808933,Весна,0.001108393212047,0
3,13264343,2024-03-17 00:10:00,Юго-Восточная,"МОСК, ТЧЭ-36",,,,"Низкое сопротивление изоляции провода, кабеля низковольтных цепей и цепей управления",CT,2024,,,,,,,75 days 20:25:00,109225.0,35.0,221,0.2729528535980149,Весна,0.001108393212047,1
1,13268852,2024-03-17 00:50:00,Южно-Уральская,"Ю-УР, ТЧЭ-5",,,,Прочая неисправность воздухопровода тормозной магистрали,CT,2024,,,,,,,75 days 21:05:00,109265.0,40.0,222,0.2741935483870967,Весна,0.001108393212047,0
2,13264390,2024-03-17 04:45:00,Октябрьская,"ОКТ, ТЧЭ-14","4шт ч(к учету 2,92ч)",,,Прочая неисправность катушки электромагнитного выключающего вентиля,CT,2024,4.0,"2,92ч",,,,,76 days 01:00:00,109500.0,235.0,223,0.2754342431761786,Весна,0.001108393212047,0
3,13264570,2024-03-17 11:11:00,Октябрьская,"ОКТ, ТЧЭ-12",,,,Подводящий монтаж,CT,2024,,,,,,,76 days 07:26:00,109886.0,386.0,224,0.2766749379652605,Весна,0.001108393212047,0
3,13264690,2024-03-17 14:37:00,Московская,"МОСК, ТЧЭ-5",,,,"Кассета СН-БЛОК, прочее",CT,2024,,,,,,,76 days 10:52:00,110092.0,206.0,225,0.2779156327543424,Весна,0.001108393212047,0
3,13264994,2024-03-18 00:30:00,Октябрьская,"ОКТ, ТЧЭ-14",,,,Износ корпуса водяного насоса охлаждения дизеля,CT,2024,,,,,,,76 days 20:45:00,110685.0,593.0,226,0.2791563275434243,Весна,0.001108393212047,0
3,13267271,2024-03-19 14:59:00,Октябрьская,"ОКТ, ТЧЭ-22",,,,Сбой ПО,CT,2024,,,,,,,78 days 11:14:00,112994.0,2309.0,227,0.2803970223325062,Весна,0.001108393212047,0
3,13269983,2024-03-21 11:17:00,Октябрьская,"ОКТ, ТЧЭ-14",,,,Прочая неисправность шпильки шатуна поездного компрессора,CT,2024,,,,,,,80 days 07:32:00,115652.0,2658.0,228,0.2816377171215881,Весна,0.001108393212047,0
3,13270453,2024-03-21 23:26:00,Октябрьская,"ОКТ, ТЧЭ-14",,,,Прочая неисправность трубопроводов системы подачи топлива,CT,2024,,,,,,,80 days 19:41:00,116381.0,729.0,229,0.28287841191067,Весна,0.001108393212047,0
3,13271933,2024-03-23 07:25:00,Октябрьская,"ОКТ, ТЧЭ-12",,,,Прочая неисправность рукоятки клапана песочницы,CT,2024,,,,,,,82 days 03:40:00,118300.0,1919.0,230,0.2841191066997519,Весна,0.001108393212047,0
3,13271951,2024-03-23 08:15:00,Октябрьская,"ОКТ, ТЧЭ-14",,,,"Прочая неисправность проводов, кабелей силовых цепей",CT,2024,,,,,,,82 days 04:30:00,118350.0,50.0,231,0.2853598014888337,Весна,0.001108393212047,0
2,13272075,2024-03-23 12:05:00,Октябрьская,"ОКТ, ТЧЭ-30",,"1шт ч(к учету 0,13ч)",,"Трещина, излом трубопровода системы подачи топлива",CT,2024,,,1.0,"0,13ч",,,82 days 08:20:00,118580.0,230.0,232,0.2866004962779156,Весна,0.001108393212047,0
3,13272558,2024-03-24 00:18:00,Октябрьская,"ОКТ, ТЧЭ-14",,,,"Прочая неисправность провода, кабеля низковольтных цепей и цепей управления",CT,2024,,,,,,,82 days 20:33:00,119313.0,733.0,233,0.2878411910669975,Весна,0.001108393212047,0
3,13272862,2024-03-24 12:36:00,Московская,"МОСК, ТЧЭ-2",,,,Прочая неисправность электромагнитного вентиля электроблокировочного клапана,CT,2024,,,,,,,83 days 08:51:00,120051.0,738.0,234,0.2890818858560794,Весна,0.001108393212047,0
3,13274749,2024-03-26 04:02:00,Октябрьская,"ОКТ, ТЧЭ-14",,,,Прочая неисправность поршня пневматической блокировки,CT,2024,,,,,,,85 days 00:17:00,122417.0,2366.0,235,0.2903225806451613,Весна,0.001108393212047,0
3,13275395,2024-03-26 12:40:00,Свердловская,"СВЕРД, ТЧЭ-17",,,,"Код 24.2 Поперечные трещины в головке, возникшие от термомеханических повреждений из-за боксования или юза",CT,2024,,,,,,,85 days 08:55:00,122935.0,518.0,236,0.2915632754342431,Весна,0.001108393212047,0
3,13276286,2024-03-27 04:49:00,Октябрьская,"ОКТ, ТЧЭ-12",,,,Износ полоза токоприемника,CT,2024,,,,,,,86 days 01:04:00,123904.0,969.0,237,0.292803970223325,Весна,0.001108393212047,0
1,13278673,2024-03-27 08:24:00,Северо-Кавказская,"С-КАВ, ТЧЭ-16",,,,"Ползун, выбоина на поверхности катания бандажа колесной пары локомотива",CT,2024,,,,,,,86 days 04:39:00,124119.0,215.0,238,0.2940446650124069,Весна,0.001108393212047,0
3,13277128,2024-03-27 13:16:00,Октябрьская,"ОКТ, ТЧЭ-14",,,,Износ напаек контактного мостика кнопки,CT,2024,,,,,,,86 days 09:31:00,124411.0,292.0,239,0.2952853598014888,Весна,0.001108393212047,0
3,13277573,2024-03-27 16:41:00,Октябрьская,"ОКТ, Т",,,,Прочая неисправность корпуса автосцепки локомотива,CT,2024,,,,,,,86 days 12:56:00,124616.0,205.0,240,0.2965260545905707,Весна,0.001108393212047,0
3,13277955,2024-03-28 01:26:00,Октябрьская,"ОКТ, ТЧЭ-18",,,,Неисправность блока МПСУ-ТП,CT,2024,,,,,,,86 days 21:41:00,125141.0,525.0,241,0.2977667493796526,Весна,0.001108393212047,0
3,13277908,2024-03-28 05:39:00,Октябрьская,"ОКТ, ТЧЭ-14",,,,Прочая неисправность корпуса концевого крана,CT,2024,,,,,,,87 days 01:54:00,125394.0,253.0,242,0.2990074441687345,Весна,0.001108393212047,0
2,13278792,2024-03-28 15:53:00,Октябрьская,"ОКТ, ТЧЭ-18",,"1шт ч(к учету 0,18ч)",,Прочая неисправность цилиндра высокого давления,CT,2024,,,1.0,"0,18ч",,,87 days 12:08:00,126008.0,614.0,243,0.3002481389578164,Весна,0.001108393212047,0
1,13279965,2024-03-29 16:26:00,Северо-Кавказская,"С-КАВ, ТЧЭ-11","6шт ч(к учету 5,83ч)","2шт ч(к учету 0,82ч)",,Неисправность вставки токоприемника,CT,2024,6.0,"5,83ч",2.0,"0,82ч",,,88 days 12:41:00,127481.0,1473.0,244,0.3014888337468983,Весна,0.001108393212047,0
1,13280304,2024-03-30 03:35:00,Октябрьская,"ОКТ, ТЧЭ-30","3шт ч(к учету 3,92ч)",,,Износ контактов контактной системы автоматического выключателя,CT,2024,3.0,"3,92ч",,,,,88 days 23:50:00,128150.0,669.0,245,0.3027295285359802,Весна,0.001108393212047,0
3,13280713,2024-03-30 13:37:00,Западно-Сибирская,"З-СИБ, ТЧЭ-19",,,,Пробой изоляции обмотки дополнительного полюса на корпус якоря тягового двигателя постоянного тока,CT,2024,,,,,,,89 days 09:52:00,128752.0,602.0,246,0.303970223325062,Весна,0.001108393212047,0
3,13281045,2024-03-30 21:09:00,Московская,"МОСК, ТЧЭ-36",,,,"Низкое сопротивление изоляции провода, кабеля низковольтных цепей и цепей управления",CT,2024,,,,,,,89 days 17:24:00,129204.0,452.0,247,0.3052109181141439,Весна,0.001108393212047,0
2,13281037,2024-03-30 21:32:00,Октябрьская,"ОКТ, ТЧЭ-14","6шт ч(к учету 2,83ч)",,,Низкая емкость аккумуляторной батареи,CT,2024,6.0,"2,83ч",,,,,89 days 17:47:00,129227.0,23.0,248,0.3064516129032258,Весна,0.001108393212047,0
3,13281128,2024-03-30 23:30:00,Октябрьская,"ОКТ, ТЧЭ-1",,,,Прочая неисправность вентиля системы подачи масла,CT,2024,,,,,,,89 days 19:45:00,129345.0,118.0,249,0.3076923076923077,Весна,0.001108393212047,0
3,13281516,2024-03-31 13:29:00,Октябрьская,"ОКТ, ТЧЭ-14",,,,Прочая неисправность поддерживающего кронштейна расцепного привода автосцепки локомотива,CT,2024,,,,,,,90 days 09:44:00,130184.0,839.0,250,0.3089330024813895,Весна,0.001108393212047,0
3,13281701,2024-03-31 20:25:00,Октябрьская,"ОКТ, ТЧЭ-4",,,,Прочая неисправность щеточного аппарата тягового двигателя постоянного тока,CT,2024,,,,,,,90 days 16:40:00,130600.0,416.0,251,0.3101736972704714,Весна,0.001108393212047,0
3,13286093,2024-04-03 06:07:00,Свердловская,"СВЕРД, ТЧЭ-15",,,,Низкое омическое сопротивление дугогасительной катушки электромагнитного контактора вспомогательных цепей и цепей управления,CT,2024,,,,,,,93 days 02:22:00,134062.0,3462.0,252,0.3114143920595533,Весна,0.001108393212047,0
3,13290175,2024-04-03 06:30:00,Западно-Сибирская,"З-СИБ, ТЧЭ-2",,,,"Код 14.2 Пробоксовки в виде местного износа и выкрашивания металла в местах термомеханических повреждений головки рельса из-за боксования, юза колес подвижного состава или нарушения режимов шлифования рельсошлифовальными поездами",CT,2024,,,,,,,93 days 02:45:00,134085.0,23.0,253,0.3126550868486352,Весна,0.001108393212047,0
3,13288130,2024-04-03 15:00:00,Свердловская,"СВЕРД, ТЧЭ-15",,,,Прочая неисправность фильтра вспомогательного тормоза,CT,2024,,,,,,,93 days 11:15:00,134595.0,510.0,254,0.3138957816377171,Весна,0.001108393212047,0
3,13288465,2024-04-03 20:20:00,Западно-Сибирская,"З-СИБ, ТЧЭ-10",,,,Трещина лобового стекла корпуса кузова локомотива,CT,2024,,,,,,,93 days 16:35:00,134915.0,320.0,255,0.315136476426799,Весна,0.001108393212047,0
3,13288550,2024-04-03 21:51:00,Северо-Кавказская,"С-КАВ, ТЧЭ-16",,,,Прочая неисправность пружины тумблера,CT,2024,,,,,,,93 days 18:06:00,135006.0,91.0,256,0.3163771712158809,Весна,0.001108393212047,0
2,13289028,2024-04-04 05:47:00,Восточно-Сибирская,"В-СИБ, ТЧЭ-5","1шт ч(к учету 0,22ч)","1шт ч(к учету 0,22ч)",,Нагар силовых контактов быстродействующего контактора,CT,2024,1.0,"0,22ч",1.0,"0,22ч",,,94 days 02:02:00,135482.0,476.0,257,0.3176178660049628,Весна,0.001108393212047,0
3,13291006,2024-04-04 15:49:00,Свердловская,"СВЕРД, ТЧЭ-7",,,,Излом пружины токоотводящего устройства буксового узла локомотива,CT,2024,,,,,,,94 days 12:04:00,136084.0,602.0,258,0.3188585607940447,Весна,0.001108393212047,0
2,13293445,2024-04-05 20:34:00,Западно-Сибирская,"З-СИБ, ТЧЭ-2","3шт ч(к учету 0,75ч)",,,Излом рамы токоприемника,CT,2024,3.0,"0,75ч",,,,,95 days 16:49:00,137809.0,1725.0,259,0.3200992555831266,Весна,0.001108393212047,0
2,13294812,2024-04-07 05:25:00,Октябрьская,"ОКТ, ТЧЭ-21","1шт ч(к учету 0,57ч)",,,Прочая неисправность колеса вентилятора охлаждения балластных резисторов,CT,2024,1.0,"0,57ч",,,,,97 days 01:40:00,139780.0,1971.0,260,0.3213399503722084,Весна,0.001108393212047,0
2,13297497,2024-04-08 07:49:00,Восточно-Сибирская,"КРАС, ТЧЭ-3","1шт ч(к учету 0,87ч)",,,"Отгар наконечника провода, кабеля низковольтных цепей и цепей управления",CT,2024,1.0,"0,87ч",,,,,98 days 04:04:00,141364.0,1584.0,261,0.3225806451612903,Весна,0.001108393212047,0
1,13297683,2024-04-08 14:49:00,Красноярская,"В-СИБ, ТЧЭ-2","9шт (к учету 6) ч(к учету 9,87ч)","4шт (к учету 3) ч(к учету 0,5ч)",,Неисправность вставки токоприемника,CT,2024,6.0,"9,87ч",3.0,"0,5ч",,,98 days 11:04:00,141784.0,420.0,262,0.3238213399503722,Весна,0.001108393212047,0
3,13297196,2024-04-08 14:54:00,Октябрьская,"ОКТ, ТЧЭ-21",,,,Прочая неисправность вала ведомой шестерни масляного насоса,CT,2024,,,,,,,98 days 11:09:00,141789.0,5.0,263,0.3250620347394541,Весна,0.001108393212047,0
3,13302320,2024-04-10 09:03:00,Западно-Сибирская,"З-СИБ, ТЧЭ-10",,,,Прочая неисправность резинового чехла буксового узла локомотива,CT,2024,,,,,,,100 days 05:18:00,144318.0,2529.0,264,0.326302729528536,Весна,0.001108393212047,0
1,13303506,2024-04-10 22:30:00,Восточно-Сибирская,"В-СИБ, ТЧЭ-3","6шт ч(к учету 2,68ч)",,,Прочая неисправность бандажа колесной пары локомотива,CT,2024,6.0,"2,68ч",,,,,100 days 18:45:00,145125.0,807.0,265,0.3275434243176178,Весна,0.001108393212047,0
2,13305522,2024-04-11 21:24:00,Октябрьская,"ОКТ, ТЧЭ-12",,,"1шт ч(к учету 0,1)ч",Износ контактов кнопочного выключателя,CT,2024,,,,,1.0,"0,1ч",101 days 17:39:00,146499.0,1374.0,266,0.3287841191066997,Весна,0.001108393212047,0
3,13306087,2024-04-12 02:17:00,Октябрьская,"ОКТ, ТЧЭ-21",,,,Прочая неисправность трубопроводов системы подачи топлива,CT,2024,,,,,,,101 days 22:32:00,146792.0,293.0,267,0.3300248138957816,Весна,0.001108393212047,0
3,13306088,2024-04-12 05:01:00,Октябрьская,"ОКТ, ТЧЭ-21",,,,Прочая неисправность трубопроводов системы подачи топлива,CT,2024,,,,,,,102 days 01:16:00,146956.0,164.0,268,0.3312655086848635,Весна,0.001108393212047,0
3,13307644,2024-04-13 00:44:00,Октябрьская,"ОКТ, ТЧЭ-12",,,,Прочая неисправность корпуса топливного насоса высокого давления,CT,2024,,,,,,,102 days 20:59:00,148139.0,1183.0,269,0.3325062034739454,Весна,0.001108393212047,0
3,13308810,2024-04-14 02:58:00,Октябрьская,"ОКТ, ТЧЭ-4",,,,Прочая неисправность трубопроводов системы подачи топлива,CT,2024,,,,,,,103 days 23:13:00,149713.0,1574.0,270,0.3337468982630273,Весна,0.001108393212047,0
3,13309378,2024-04-14 13:03:00,Юго-Восточная,"МОСК, ТЧЭ-36",,,,"Низкое сопротивление изоляции провода, кабеля низковольтных цепей и цепей управления",CT,2024,,,,,,,104 days 09:18:00,150318.0,605.0,271,0.3349875930521092,Весна,0.001108393212047,0
3,13310870,2024-04-15 16:47:00,Октябрьская,"ОКТ, ТЧЭ-30",,,,Окисление контакта,CT,2024,,,,,,,105 days 13:02:00,151982.0,1664.0,272,0.3362282878411911,Весна,0.001108393212047,0
2,13311120,2024-04-15 22:07:00,Красноярская,"КРАС, ТЧЭ-1","4шт ч(к учету 0,97ч)",,,Повреждение штуцера,CT,2024,4.0,"0,97ч",,,,,105 days 18:22:00,152302.0,320.0,273,0.337468982630273,Весна,0.001108393212047,0
3,13311287,2024-04-16 02:55:00,Красноярская,"КРАС, ТЧЭ-7",,,,Неисправность антенны,CT,2024,,,,,,,105 days 23:10:00,152590.0,288.0,274,0.3387096774193548,Весна,0.001108393212047,0
3,13312024,2024-04-16 11:14:00,Октябрьская,"ОКТ, ТЧЭ-21",,,,Прочая неисправность трубопроводов системы подачи топлива,CT,2024,,,,,,,106 days 07:29:00,153089.0,499.0,275,0.3399503722084367,Весна,0.001108393212047,0
2,13313019,2024-04-17 01:30:00,Октябрьская,"ОКТ, ТЧЭ-1",,"4шт ч(к учету 0,67ч)",,Оплавление силовых контакторов электропневматического контактора силовой цепи,CT,2024,,,4.0,"0,67ч",,,106 days 21:45:00,153945.0,856.0,276,0.3411910669975186,Весна,0.001108393212047,0
3,13314628,2024-04-17 15:35:00,Октябрьская,"ОКТ, ТЧЭ-1",,,,Прочая неисправность всасывающей трубки топливного бака дизеля,CT,2024,,,,,,,107 days 11:50:00,154790.0,845.0,277,0.3424317617866005,Весна,0.001108393212047,0
3,13315693,2024-04-18 09:45:00,Октябрьская,"ОКТ, ТЧЭ-21",,,,Неисправность МСУД,CT,2024,,,,,,,108 days 06:00:00,155880.0,1090.0,278,0.3436724565756824,Весна,0.001108393212047,0
3,13316700,2024-04-18 20:57:00,Октябрьская,"ОКТ, ТЧЭ-4",,,,Прочая неисправность корпуса буксы локомотива,CT,2024,,,,,,,108 days 17:12:00,156552.0,672.0,279,0.3449131513647642,Весна,0.001108393212047,0
2,13318488,2024-04-19 23:08:00,Свердловская,"СВЕРД, ТЧЭ-15","5шт ч(к учету 2,87ч)","2шт ч(к учету 0,47ч)",,"Сгорание плавкой вставки предохранителя, панели предохранителей",CT,2024,5.0,"2,87ч",2.0,"0,47ч",,,109 days 19:23:00,158123.0,1571.0,280,0.3461538461538461,Весна,0.001108393212047,0
3,13318547,2024-04-19 23:30:00,Западно-Сибирская,"З-СИБ, ТЧЭ-3",,,,Прочая неисправность колесного центра колесной пары локомотива,CT,2024,,,,,,,109 days 19:45:00,158145.0,22.0,281,0.347394540942928,Весна,0.001108393212047,0
3,13318623,2024-04-20 04:10:00,Западно-Сибирская,"З-СИБ, ТЧЭ-2",,,,Прочая неисправность корпуса концевого крана,CT,2024,,,,,,,110 days 00:25:00,158425.0,280.0,282,0.3486352357320099,Весна,0.001108393212047,0
3,13319212,2024-04-20 14:30:00,Западно-Сибирская,"З-СИБ, ТЧЭ-14",,,,"Код 14.2 Пробоксовки в виде местного износа и выкрашивания металла в местах термомеханических повреждений головки рельса из-за боксования, юза колес подвижного состава или нарушения режимов шлифования рельсошлифовальными поездами",CT,2024,,,,,,,110 days 10:45:00,159045.0,620.0,283,0.3498759305210918,Весна,0.001108393212047,0
3,13324369,2024-04-23 03:00:00,Октябрьская,"ОКТ, ТЧЭ-4",,,,Прочая неисправность аккумуляторной батареи,CT,2024,,,,,,,112 days 23:15:00,162675.0,3630.0,284,0.3511166253101737,Весна,0.001108393212047,0
3,13327806,2024-04-23 04:31:00,Октябрьская,"ОКТ, ТЧЭ-4",,,,Прочая неисправность всасывающей трубки топливного бака дизеля,CT,2024,,,,,,,113 days 00:46:00,162766.0,91.0,285,0.3523573200992556,Весна,0.001108393212047,0
3,13327407,2024-04-25 03:29:00,Московская,"МОСК, ТЧЭ-2",,,,Прочая неисправность кожаной прокладки обратного клапана,CT,2024,,,,,,,114 days 23:44:00,165584.0,2818.0,286,0.3535980148883375,Весна,0.001108393212047,0
3,13333629,2024-04-28 21:24:00,Свердловская,"СВЕРД, ТЧЭ-9",,,,Потеря жесткости включающей пружины быстродействующего выключателя,CT,2024,,,,,,,118 days 17:39:00,170979.0,5395.0,287,0.3548387096774194,Весна,0.001108393212047,0
3,13334160,2024-04-29 10:41:00,Московская,"МОСК, ТЧЭ-36",,,,"Низкое сопротивление изоляции провода, кабеля низковольтных цепей и цепей управления",CT,2024,,,,,,,119 days 06:56:00,171776.0,797.0,288,0.3560794044665012,Весна,0.001108393212047,0
2,13335006,2024-04-30 10:36:00,Московская,"МОСК, ТЧЭ-5","3шт ч(к учету 0,7ч)",,"1шт ч(к учету 0,13)ч",Загрязнение поверхности коллектора тягового двигателя постоянного тока,CT,2024,3.0,"0,7ч",,,1.0,"0,13ч",120 days 06:51:00,173211.0,1435.0,289,0.3573200992555831,Весна,0.001108393212047,0
3,13335447,2024-04-30 20:01:00,Свердловская,"СВЕРД, ТЧЭ-9",,,,Отгорание шлейфа контактного медного провода,CT,2024,,,,,,,120 days 16:16:00,173776.0,565.0,290,0.358560794044665,Весна,0.001108393212047,0
3,13336161,2024-05-01 19:35:00,Западно-Сибирская,"З-СИБ, ТЧЭ-10",,,,"Ослабление, излом пружины контактной системы автоматического выключателя",CT,2024,,,,,,,121 days 15:50:00,175190.0,1414.0,291,0.3598014888337469,Весна,0.001108393212047,0
2,13336525,2024-05-02 04:01:00,Октябрьская,"ОКТ, ТЧЭ-4",,"1шт ч(к учету 0,17ч)",,Прочая неисправность радиатора секции холодильника,CT,2024,,,1.0,"0,17ч",,,122 days 00:16:00,175696.0,506.0,292,0.3610421836228288,Весна,0.001108393212047,0
3,13338529,2024-05-03 00:03:00,Октябрьская,"ОКТ, ТЧЭ-21",,,,Прочая неисправность трубопровода системы подачи масла,CT,2024,,,,,,,122 days 20:18:00,176898.0,1202.0,293,0.3622828784119106,Весна,0.001108393212047,0
2,13339175,2024-05-03 07:40:00,Октябрьская,"ОКТ, ТЧЭ-4","2шт (к учету 1) ч(к учету 0,98ч)",,,Заклинивание плунжера регулятора числа оборотов объединенного регулятора,CT,2024,1.0,"0,98ч",,,,,123 days 03:55:00,177355.0,457.0,294,0.3635235732009925,Весна,0.001108393212047,0
3,13340592,2024-05-03 15:40:00,Октябрьская,"ОКТ, ТЧЭ-18",,,,Прочая неисправность резинового чехла буксового узла локомотива,CT,2024,,,,,,,123 days 11:55:00,177835.0,480.0,295,0.3647642679900744,Весна,0.001108393212047,0
3,13341204,2024-05-04 01:35:00,Октябрьская,"ОКТ, ТЧЭ-4",,,,"Прочая неисправность провода, кабеля низковольтных цепей и цепей управления",CT,2024,,,,,,,123 days 21:50:00,178430.0,595.0,296,0.3660049627791563,Весна,0.001108393212047,0
2,13351256,2024-05-04 23:27:00,Октябрьская,"ОКТ, ТЧЭ-4","3шт ч(к учету 1,33ч)",,"2шт ч(к учету 1,02)ч",Неисправность целостности резиновых чехлов аккумуляторной батареи,CT,2024,3.0,"1,33ч",,,2.0,"1,02ч",124 days 19:42:00,179742.0,1312.0,297,0.3672456575682382,Весна,0.001108393212047,0
3,13342218,2024-05-05 04:45:00,Октябрьская,"ОКТ, ТЧЭ-12",,,,Прочая неисправность ручки крана двойной тяги,CT,2024,,,,,,,125 days 01:00:00,180060.0,318.0,298,0.3684863523573201,Весна,0.001108393212047,0
1,13343207,2024-05-05 22:52:00,Октябрьская,"ОКТ, ТЧЭ-18","2шт ч(к учету 3,27ч)",,,Неисправность блока МСУ-ТП,CT,2024,2.0,"3,27ч",,,,,125 days 19:07:00,181147.0,1087.0,299,0.369727047146402,Весна,0.001108393212047,0
2,13350797,2024-05-08 20:44:00,Октябрьская,"ОКТ, ТЧЭ-11","1шт ч(к учету 0,35ч)",,,Неисправность модуля СНС-Г,CT,2024,1.0,"0,35ч",,,,,128 days 16:59:00,185339.0,4192.0,300,0.3709677419354839,Весна,0.001108393212047,0
1,13351758,2024-05-09 23:46:00,Восточно-Сибирская,"В-СИБ, ТЧЭ-5","1шт ч(к учету 3,25ч)",,,Прочая неисправность корпуса буксы локомотива,CT,2024,1.0,"3,25ч",,,,,129 days 20:01:00,186961.0,1622.0,301,0.3722084367245657,Весна,0.001108393212047,0
3,13352836,2024-05-11 04:16:00,Октябрьская,"ОКТ, ТЧЭ-30",,,,Прочая неисправность пружины опоры кузова локомотива,CT,2024,,,,,,,131 days 00:31:00,188671.0,1710.0,302,0.3734491315136476,Весна,0.001108393212047,0
3,13353035,2024-05-11 06:21:00,Свердловская,"СВЕРД, ТЧЭ-9",,,,Прочая неисправность главных контактов быстродействующего выключателя,CT,2024,,,,,,,131 days 02:36:00,188796.0,125.0,303,0.3746898263027295,Весна,0.001108393212047,0
2,13353761,2024-05-12 03:46:00,Октябрьская,"ОКТ, ТЧЭ-21","1шт ч(к учету 0,77ч)",,,Контакты,CT,2024,1.0,"0,77ч",,,,,132 days 00:01:00,190081.0,1285.0,304,0.3759305210918114,Весна,0.001108393212047,0
3,13354056,2024-05-12 09:50:00,Западно-Сибирская,"З-СИБ, ТЧЭ-2",,,,Неисправность блок управления крана машиниста,CT,2024,,,,,,,132 days 06:05:00,190445.0,364.0,305,0.3771712158808933,Весна,0.001108393212047,0
3,13359445,2024-05-14 03:40:00,Московская,"ОКТ, ТЧЭ-1",,,,Прочая неисправность колесного центра колесной пары локомотива,CT,2024,,,,,,,133 days 23:55:00,192955.0,2510.0,306,0.3784119106699752,Весна,0.001108393212047,0
2,13356906,2024-05-14 03:48:00,Свердловская,"СВЕРД, ТЧЭ-9","1шт ч(к учету 0,2ч)",,"1шт ч(к учету 0,12)ч",Прочая неисправность клапана концевого крана,CT,2024,1.0,"0,2ч",,,1.0,"0,12ч",134 days 00:03:00,192963.0,8.0,307,0.379652605459057,Весна,0.001108393212047,0
3,13356975,2024-05-14 05:04:00,Октябрьская,"ОКТ, ТЧЭ-11",,,,Неисправность антенны,CT,2024,,,,,,,134 days 01:19:00,193039.0,76.0,308,0.3808933002481389,Весна,0.001108393212047,0
3,13359975,2024-05-15 10:44:00,Октябрьская,"ОКТ, ТЧЭ-21",,,,Низкая емкость аккумуляторной батареи,CT,2024,,,,,,,135 days 06:59:00,194819.0,1780.0,309,0.3821339950372208,Весна,0.001108393212047,0
3,13363144,2024-05-17 06:20:00,Московская,"МОСК, ТЧЭ-46",,,,Прочая неисправность трубопроводов системы подачи топлива,CT,2024,,,,,,,137 days 02:35:00,197435.0,2616.0,310,0.3833746898263027,Весна,0.001108393212047,0
2,13366130,2024-05-19 09:01:00,Московская,"МОСК, ТЧЭ-5","1шт ч(к учету 0,27ч)",,"1шт ч(к учету 0,3)ч",Прочая неисправность пневматического привода токоприемника,CT,2024,1.0,"0,27ч",,,1.0,"0,3ч",139 days 05:16:00,200476.0,3041.0,311,0.3846153846153846,Весна,0.001108393212047,0
2,13366456,2024-05-20 03:39:00,Западно-Сибирская,"З-СИБ, ТЧЭ-2","1шт ч(к учету 0,3ч)",,,Прочая неисправность корпуса концевого крана,CT,2024,1.0,"0,3ч",,,,,139 days 23:54:00,201594.0,1118.0,312,0.3858560794044665,Весна,0.001108393212047,0
3,13368681,2024-05-20 17:20:00,Московская,"ОКТ, ТЧЭ-1",,,,Неисправность реле,CT,2024,,,,,,,140 days 13:35:00,202415.0,821.0,313,0.3870967741935484,Весна,0.001108393212047,0
3,13367649,2024-05-20 18:00:00,Красноярская,"КРАС, ТЧЭ-3",,,,"Обрыв провода, кабеля низковольтных цепей и цепей управления",CT,2024,,,,,,,140 days 14:15:00,202455.0,40.0,314,0.3883374689826303,Весна,0.001108393212047,0
2,13367735,2024-05-20 18:44:00,Октябрьская,"ОКТ, ТЧЭ-12","1шт ч(к учету 0,98ч)",,,Износ контактов контактной системы автоматического выключателя,CT,2024,1.0,"0,98ч",,,,,140 days 14:59:00,202499.0,44.0,315,0.3895781637717121,Весна,0.001108393212047,0
3,13368571,2024-05-21 09:55:00,Западно-Сибирская,"З-СИБ, ТЧЭ-19",,,,"Код 14.2 Пробоксовки в виде местного износа и выкрашивания металла в местах термомеханических повреждений головки рельса из-за боксования, юза колес подвижного состава или нарушения режимов шлифования рельсошлифовальными поездами",CT,2024,,,,,,,141 days 06:10:00,203410.0,911.0,316,0.390818858560794,Весна,0.001108393212047,0
2,13369880,2024-05-22 03:00:00,Октябрьская,"ОКТ, ТЧЭ-12","2шт (к учету 1) ч(к учету 0,85ч)",,,Контакты,CT,2024,1.0,"0,85ч",,,,,141 days 23:15:00,204435.0,1025.0,317,0.3920595533498759,Весна,0.001108393212047,0
3,13370567,2024-05-22 11:40:00,Московская,"МОСК, ТЧЭ-46",,,,Прочая неисправность привода жалюзи секции холодильника,CT,2024,,,,,,,142 days 07:55:00,204955.0,520.0,318,0.3933002481389578,Весна,0.001108393212047,0
3,13374821,2024-05-25 08:40:00,Московская,"МОСК, ТЧЭ-46",,,,Прочая неисправность разгрузочного устройства поездного компрессора,CT,2024,,,,,,,145 days 04:55:00,209095.0,4140.0,319,0.3945409429280397,Весна,0.001108393212047,0
1,13375061,2024-05-25 13:27:00,Западно-Сибирская,"З-СИБ, ТЧЭ-10","5шт (к учету 4) ч(к учету 4,58ч)",,,"Ползун, выбоина на поверхности катания бандажа колесной пары локомотива",CT,2024,4.0,"4,58ч",,,,,145 days 09:42:00,209382.0,287.0,320,0.3957816377171216,Весна,0.001108393212047,0
2,13376279,2024-05-26 21:12:00,Красноярская,"КРАС, ТЧЭ-1","1шт ч(к учету 0,87ч)",,,"Низкое сопротивление изоляции провода, кабеля низковольтных цепей и цепей управления",CT,2024,1.0,"0,87ч",,,,,146 days 17:27:00,211287.0,1905.0,321,0.3970223325062035,Весна,0.001108393212047,0
2,13377641,2024-05-27 11:47:00,Восточно-Сибирская,"КРАС, ТЧЭ-3","1шт ч(к учету 0,63ч)",,,"Отгар наконечника провода, кабеля низковольтных цепей и цепей управления",CT,2024,1.0,"0,63ч",,,,,147 days 08:02:00,212162.0,875.0,322,0.3982630272952853,Весна,0.001108393212047,0
3,13376977,2024-05-27 13:10:00,Московская,"МОСК, ТЧЭ-5",,,,"Сдвиг, проворот бандажа колесной пары локомотива",CT,2024,,,,,,,147 days 09:25:00,212245.0,83.0,323,0.3995037220843672,Весна,0.001108393212047,0
3,13377468,2024-05-27 17:31:00,Московская,"МОСК, ТЧЭ-36",,,,"Низкое сопротивление изоляции провода, кабеля низковольтных цепей и цепей управления",CT,2024,,,,,,,147 days 13:46:00,212506.0,261.0,324,0.4007444168734491,Весна,0.001108393212047,0
3,13377844,2024-05-27 20:37:00,Западно-Сибирская,"З-СИБ, ТЧЭ-10",,,,Прочая неисправность ножа реверсивного переключателя,CT,2024,,,,,,,147 days 16:52:00,212692.0,186.0,325,0.401985111662531,Весна,0.001108393212047,0
3,13383108,2024-05-29 06:07:00,Свердловская,"СВЕРД, ТЧЭ-9",,,,"Прочая неисправность эластичной, многослойной резинотканевой трубки",CT,2024,,,,,,,149 days 02:22:00,214702.0,2010.0,326,0.4032258064516129,Весна,0.001108393212047,0
3,13379420,2024-05-29 08:49:00,Московская,"МОСК, ТЧЭ-36",,,,"Низкое сопротивление изоляции провода, кабеля низковольтных цепей и цепей управления",CT,2024,,,,,,,149 days 05:04:00,214864.0,162.0,327,0.4044665012406948,Весна,0.001108393212047,0
3,13380405,2024-05-29 17:01:00,Октябрьская,"ОКТ, ТЧЭ-11",,,,Контакты,CT,2024,,,,,,,149 days 13:16:00,215356.0,492.0,328,0.4057071960297767,Весна,0.001108393212047,0
3,13380411,2024-05-29 17:10:00,Московская,"МОСК, ТЧЭ-36",,,,"Низкое сопротивление изоляции провода, кабеля низковольтных цепей и цепей управления",CT,2024,,,,,,,149 days 13:25:00,215365.0,9.0,329,0.4069478908188585,Весна,0.001108393212047,0
3,13386059,2024-05-31 03:35:00,Московская,"МОСК, ТЧЭ-5",,,,Разъединение стрелочных остряков с тягами,CT,2024,,,,,,,150 days 23:50:00,217430.0,2065.0,330,0.4081885856079404,Весна,0.001108393212047,0
1,13384065,2024-06-01 12:22:00,Октябрьская,"ОКТ, ТЧЭ-14","4шт ч(к учету 1,68ч)","4шт (к учету 2) ч(к учету 3,13ч)",,"Трещина, излом трубопровода системы подачи масла",CT,2024,4.0,"1,68ч",2.0,"3,13ч",,,152 days 08:37:00,219397.0,1967.0,331,0.4094292803970223,Лето,0.0013834066388481,0
1,13390219,2024-06-01 21:06:00,Восточно-Сибирская,"В-СИБ, ТЧЭ-12",,,,Прочая неисправность бандажа колесной пары локомотива,CT,2024,,,,,,,152 days 17:21:00,219921.0,524.0,332,0.4106699751861042,Лето,0.0013834066388481,0
2,13384507,2024-06-01 22:30:00,Октябрьская,"ОКТ, Т","1шт ч(к учету 0,92ч)",,,Неисправность электрооборудования локомотива,CT,2024,1.0,"0,92ч",,,,,152 days 18:45:00,220005.0,84.0,333,0.4119106699751861,Лето,0.0013834066388481,0
1,13384644,2024-06-02 02:00:00,Октябрьская,"ОКТ, Т","2шт ч(к учету 3,1ч)",,,Неисправность электрооборудования локомотива,CT,2024,2.0,"3,1ч",,,,,152 days 22:15:00,220215.0,210.0,334,0.413151364764268,Лето,0.0013834066388481,0
3,13391863,2024-06-05 22:24:00,Октябрьская,"ОКТ, Т",,,,Неисправность электрооборудования локомотива,CT,2024,,,,,,,156 days 18:39:00,225759.0,5544.0,335,0.4143920595533499,Лето,0.0013834066388481,0
3,13403706,2024-06-06 10:23:00,Северо-Кавказская,"С-КАВ, ТЧЭ-11","1шт ч(к учету 0,03ч)",,,Повреждения переезда,CT,2024,1.0,"0,03ч",,,,,157 days 06:38:00,226478.0,719.0,336,0.4156327543424317,Лето,0.0013834066388481,0
3,13395316,2024-06-07 10:42:00,Октябрьская,"ОКТ, ТЧЭ-21",,,,Прочая неисправность замка автосцепки локомотива,CT,2024,,,,,,,158 days 06:57:00,227937.0,1459.0,337,0.4168734491315136,Лето,0.0013834066388481,0
3,13395499,2024-06-07 11:30:00,Октябрьская,"ОКТ, ТЧЭ-12",,,,Изгиб каркаса полоза каретки токоприемника,CT,2024,,,,,,,158 days 07:45:00,227985.0,48.0,338,0.4181141439205955,Лето,0.0013834066388481,0
3,13396340,2024-06-07 22:38:00,Московская,"МОСК, ТЧЭ-5",,,,Прочая неисправность ножа переключателя режимов,CT,2024,,,,,,,158 days 18:53:00,228653.0,668.0,339,0.4193548387096774,Лето,0.0013834066388481,0
2,13397357,2024-06-08 20:46:00,Красноярская,"КРАС, ТЧЭ-7","2шт ч(к учету 1,28ч)",,,"Прочая неисправность провода, кабеля низковольтных цепей и цепей управления",CT,2024,2.0,"1,28ч",,,,,159 days 17:01:00,229981.0,1328.0,340,0.4205955334987593,Лето,0.0013834066388481,0
3,13397275,2024-06-09 00:02:00,Октябрьская,"ОКТ, ТЧЭ-12",,,,Прочая неисправность главных контактов быстродействующего выключателя,CT,2024,,,,,,,159 days 20:17:00,230177.0,196.0,341,0.4218362282878412,Лето,0.0013834066388481,0
2,13397984,2024-06-09 17:37:00,Октябрьская,"ОКТ, Т","1шт ч(к учету 0,7ч)",,,Неисправность электрооборудования локомотива,CT,2024,1.0,"0,7ч",,,,,160 days 13:52:00,231232.0,1055.0,342,0.4230769230769231,Лето,0.0013834066388481,0
2,13398133,2024-06-09 19:08:00,Красноярская,"КРАС, ТЧЭ-7","1шт ч(к учету 0,58ч)",,,"Прочая неисправность провода, кабеля низковольтных цепей и цепей управления",CT,2024,1.0,"0,58ч",,,,,160 days 15:23:00,231323.0,91.0,343,0.4243176178660049,Лето,0.0013834066388481,0
3,13401048,2024-06-10 07:40:00,Западно-Сибирская,"З-СИБ, ТЧЭ-10",,,,"Код 14.2 Пробоксовки в виде местного износа и выкрашивания металла в местах термомеханических повреждений головки рельса из-за боксования, юза колес подвижного состава или нарушения режимов шлифования рельсошлифовальными поездами",CT,2024,,,,,,,161 days 03:55:00,232075.0,752.0,344,0.4255583126550868,Лето,0.0013834066388481,0
3,13399178,2024-06-10 13:03:00,Свердловская,"СВЕРД, ТЧЭ-17",,,,"Прочая неисправность проводов, кабелей силовых цепей",CT,2024,,,,,,,161 days 09:18:00,232398.0,323.0,345,0.4267990074441687,Лето,0.0013834066388481,0
3,13399856,2024-06-10 18:50:00,Московская,"МОСК, ТЧЭ-36",,,,"Прочая неисправность провода, кабеля низковольтных цепей и цепей управления",CT,2024,,,,,,,161 days 15:05:00,232745.0,347.0,346,0.4280397022332506,Лето,0.0013834066388481,0
3,13405272,2024-06-10 19:00:00,Северо-Кавказская,"С-КАВ, ТЧЭ-12",,,,Прочая неисправность стопорной планки буксовой гайки локомотива,CT,2024,,,,,,,161 days 15:15:00,232755.0,10.0,347,0.4292803970223325,Лето,0.0013834066388481,0
3,13400165,2024-06-11 05:09:00,Октябрьская,"ОКТ, ТЧЭ-12",,,,Прочая неисправность корпуса вспомогательного компрессора,CT,2024,,,,,,,162 days 01:24:00,233364.0,609.0,348,0.4305210918114144,Лето,0.0013834066388481,0
1,13400584,2024-06-11 06:48:00,Забайкальская,"ЗАБ, ТЧЭ-11","15шт ч(к учету 25,55ч)","3шт (к учету 2) ч(к учету 2,07ч)","2шт ч(к учету 0,72)ч",Скол угольной вставки токоприемника,CT,2024,15.0,"25,55ч",2.0,"2,07ч",2.0,"0,72ч",162 days 03:03:00,233463.0,99.0,349,0.4317617866004963,Лето,0.0013834066388481,0
3,13400564,2024-06-11 09:05:00,Западно-Сибирская,"З-СИБ, ТЧЭ-14",,,,"Код 14.2 Пробоксовки в виде местного износа и выкрашивания металла в местах термомеханических повреждений головки рельса из-за боксования, юза колес подвижного состава или нарушения режимов шлифования рельсошлифовальными поездами",CT,2024,,,,,,,162 days 05:20:00,233600.0,137.0,350,0.4330024813895781,Лето,0.0013834066388481,0
3,13401010,2024-06-11 10:34:00,Октябрьская,"ОКТ, ТЧЭ-12",,,,Прочая неисправность реверсивно-режимного вала контроллера машиниста,CT,2024,,,,,,,162 days 06:49:00,233689.0,89.0,351,0.43424317617866,Лето,0.0013834066388481,0
3,13401868,2024-06-11 16:00:00,Московская,"МОСК, ТЧЭ-36",,,,"Прочая неисправность провода, кабеля низковольтных цепей и цепей управления",CT,2024,,,,,,,162 days 12:15:00,234015.0,326.0,352,0.4354838709677419,Лето,0.0013834066388481,0
3,13402206,2024-06-11 20:00:00,Октябрьская,"ОКТ, ТЧЭ-14",,,,Неисправность антенны,CT,2024,,,,,,,162 days 16:15:00,234255.0,0.0,353,0.4367245657568238,Лето,0.0013834066388481,0
3,13402014,2024-06-11 20:00:00,Октябрьская,"ОКТ, ТЧЭ-14",,,,Неисправность антенны,CT,2024,,,,,,,162 days 16:15:00,234255.0,240.0,354,0.4379652605459057,Лето,0.0013834066388481,0
3,13401975,2024-06-11 23:00:00,Октябрьская,"ОКТ, ТЧЭ-14",,,,Неисправность антенны,CT,2024,,,,,,,162 days 19:15:00,234435.0,180.0,355,0.4392059553349876,Лето,0.0013834066388481,0
2,13402082,2024-06-12 01:31:00,Московская,"МОСК, ТЧЭ-5",,,"1шт ч(к учету 0,12)ч",Прочая неисправность пружины концевого крана,CT,2024,,,,,1.0,"0,12ч",162 days 21:46:00,234586.0,151.0,356,0.4404466501240694,Лето,0.0013834066388481,0
2,13402316,2024-06-12 08:33:00,Октябрьская,"ОКТ, ТЧЭ-14","1шт ч(к учету 0,92ч)",,"2шт ч(к учету 0,62)ч",Прочая неисправность радиатора секции холодильника,CT,2024,1.0,"0,92ч",,,2.0,"0,62ч",163 days 04:48:00,235008.0,422.0,357,0.4416873449131513,Лето,0.0013834066388481,0
3,13402994,2024-06-13 01:46:00,Октябрьская,"ОКТ, ТЧЭ-4",,,,Неисправность электронного блока микропроцессорной системы управления локомотивом,CT,2024,,,,,,,163 days 22:01:00,236041.0,1033.0,358,0.4429280397022332,Лето,0.0013834066388481,0
2,13403501,2024-06-13 09:18:00,Октябрьская,"ОКТ, Т","1шт ч(к учету 0,72ч)",,,"Обрыв провода, кабеля низковольтных цепей и цепей управления",CT,2024,1.0,"0,72ч",,,,,164 days 05:33:00,236493.0,452.0,359,0.4441687344913151,Лето,0.0013834066388481,0
3,13404615,2024-06-13 14:20:00,Юго-Восточная,"МОСК, ТЧЭ-36",,,,"Низкое сопротивление изоляции провода, кабеля низковольтных цепей и цепей управления",CT,2024,,,,,,,164 days 10:35:00,236795.0,302.0,360,0.445409429280397,Лето,0.0013834066388481,0
3,13404440,2024-06-13 15:11:00,Октябрьская,"ОКТ, ТЧЭ-12",,,,Прочая неисправность кулачкового вала контроллера машиниста,CT,2024,,,,,,,164 days 11:26:00,236846.0,51.0,361,0.4466501240694789,Лето,0.0013834066388481,0
2,13404833,2024-06-14 00:40:00,Московская,"МОСК, ТЧЭ-27",,"2шт ч(к учету 1,22ч)","2шт ч(к учету 0,25)ч","Прочая неисправность проводов, кабелей силовых цепей",CT,2024,,,2.0,"1,22ч",2.0,"0,25ч",164 days 20:55:00,237415.0,569.0,362,0.4478908188585608,Лето,0.0013834066388481,0
2,13405381,2024-06-14 07:16:00,Октябрьская,"ОКТ, ТЧЭ-14","1шт ч(к учету 0,5ч)",,,Неисправность антенны,CT,2024,1.0,"0,5ч",,,,,165 days 03:31:00,237811.0,396.0,363,0.4491315136476427,Лето,0.0013834066388481,0
3,13406347,2024-06-14 21:58:00,Свердловская,"СВЕРД, ТЧЭ-17",,,,Прочая неисправность предохранительного клапана масляной системы,CT,2024,,,,,,,165 days 18:13:00,238693.0,882.0,364,0.4503722084367245,Лето,0.0013834066388481,0
3,13407023,2024-06-15 14:00:00,Октябрьская,"ОКТ, ТЧЭ-14",,,,Неисправность антенны,CT,2024,,,,,,,166 days 10:15:00,239655.0,962.0,365,0.4516129032258064,Лето,0.0013834066388481,0
2,13407129,2024-06-15 15:53:00,Московская,"МОСК, ТЧЭ-6",,,"1шт ч(к учету 0,72)ч",Пережог контактного медного провода,CT,2024,,,,,1.0,"0,72ч",166 days 12:08:00,239768.0,113.0,366,0.4528535980148883,Лето,0.0013834066388481,0
3,13408929,2024-06-17 08:00:00,Октябрьская,"ОКТ, ТЧЭ-14",,,,Неисправность антенны,CT,2024,,,,,,,168 days 04:15:00,242175.0,2407.0,367,0.4540942928039702,Лето,0.0013834066388481,0
2,13409263,2024-06-17 15:26:00,Октябрьская,"ОКТ, ТЧЭ-14","2шт ч(к учету 1,68ч)",,"4шт ч(к учету 1,22)ч",Коррозия корпуса топливного насоса высокого давления,CT,2024,2.0,"1,68ч",,,4.0,"1,22ч",168 days 11:41:00,242621.0,446.0,368,0.4553349875930521,Лето,0.0013834066388481,0
3,13409529,2024-06-17 23:15:00,Октябрьская,"ОКТ, ТЧЭ-12",,,,Прочая неисправность кулачкового вала контроллера машиниста,CT,2024,,,,,,,168 days 19:30:00,243090.0,469.0,369,0.456575682382134,Лето,0.0013834066388481,0
3,13410430,2024-06-18 10:40:00,Октябрьская,"ОКТ, ТЧЭ-14",,,,Неисправность антенны,CT,2024,,,,,,,169 days 06:55:00,243775.0,685.0,370,0.4578163771712158,Лето,0.0013834066388481,0
3,13410225,2024-06-18 11:54:00,Свердловская,"СВЕРД, ТЧЭ-1",,,,Низкая емкость аккумуляторной батареи,CT,2024,,,,,,,169 days 08:09:00,243849.0,74.0,371,0.4590570719602977,Лето,0.0013834066388481,0
3,13410934,2024-06-18 20:00:00,Октябрьская,"ОКТ, ТЧЭ-14",,,,Неисправность антенны,CT,2024,,,,,,,169 days 16:15:00,244335.0,486.0,372,0.4602977667493796,Лето,0.0013834066388481,0
3,13412456,2024-06-19 00:10:00,Октябрьская,"ОКТ, Т",,,,Нарушение регулировки подачи песка,CT,2024,,,,,,,169 days 20:25:00,244585.0,250.0,373,0.4615384615384615,Лето,0.0013834066388481,0
3,13411012,2024-06-19 00:11:00,Московская,"МОСК, ТЧЭ-2",,,,Прочая неисправность колеса вентилятора охлаждения тягового двигателя,CT,2024,,,,,,,169 days 20:26:00,244586.0,1.0,374,0.4627791563275434,Лето,0.0013834066388481,0
3,13411511,2024-06-19 08:00:00,Октябрьская,"ОКТ, ТЧЭ-14",,,,Плата формирователя,CT,2024,,,,,,,170 days 04:15:00,245055.0,469.0,375,0.4640198511166253,Лето,0.0013834066388481,0
3,13411605,2024-06-19 10:30:00,Западно-Сибирская,"З-СИБ, ТЧЭ-14",,,,"Код 14.2 Пробоксовки в виде местного износа и выкрашивания металла в местах термомеханических повреждений головки рельса из-за боксования, юза колес подвижного состава или нарушения режимов шлифования рельсошлифовальными поездами",CT,2024,,,,,,,170 days 06:45:00,245205.0,150.0,376,0.4652605459057072,Лето,0.0013834066388481,0
3,13412115,2024-06-19 14:20:00,Октябрьская,"ОКТ, ТЧЭ-14",,,,Неисправность антенны,CT,2024,,,,,,,170 days 10:35:00,245435.0,230.0,377,0.4665012406947891,Лето,0.0013834066388481,0
1,13414871,2024-06-21 17:04:00,Северо-Кавказская,"С-КАВ, ТЧЭ-12",,"3шт ч(к учету 0,98ч)","7шт (к учету 6) ч(к учету 1,8)ч",Прочая неисправность корпуса крана машиниста,CT,2024,,,3.0,"0,98ч",6.0,"1,8ч",172 days 13:19:00,248479.0,3044.0,378,0.4677419354838709,Лето,0.0013834066388481,0
3,13414932,2024-06-21 20:00:00,Октябрьская,"ОКТ, ТЧЭ-14",,,,Неисправность антенны,CT,2024,,,,,,,172 days 16:15:00,248655.0,176.0,379,0.4689826302729528,Лето,0.0013834066388481,0
3,13417225,2024-06-24 07:20:00,Октябрьская,"ОКТ, ТЧЭ-12",,,,Прочая неисправность рукоятки клапана песочницы,CT,2024,,,,,,,175 days 03:35:00,252215.0,3560.0,380,0.4702233250620347,Лето,0.0013834066388481,0
3,13417956,2024-06-24 08:30:00,Октябрьская,"ОКТ, ТЧЭ-14",,,,Неисправность антенны,CT,2024,,,,,,,175 days 04:45:00,252285.0,70.0,381,0.4714640198511166,Лето,0.0013834066388481,0
3,13417935,2024-06-24 12:43:00,Октябрьская,"ОКТ, ТЧЭ-12",,,,Прочая неисправность пружины клапана песочницы,CT,2024,,,,,,,175 days 08:58:00,252538.0,253.0,382,0.4727047146401985,Лето,0.0013834066388481,0
3,13418201,2024-06-24 16:05:00,Московская,"МОСК, ТЧЭ-2",,,,Прочая неисправность сальника поездного компрессора,CT,2024,,,,,,,175 days 12:20:00,252740.0,202.0,383,0.4739454094292804,Лето,0.0013834066388481,0
3,13419672,2024-06-25 17:52:00,Западно-Сибирская,"З-СИБ, ТЧЭ-12",,,,"Код 14.1 Пробоксовки в виде местного износа и выкрашивания металла в местах термомеханических повреждений головки рельса из-за боксования, юза колес подвижного состава или нарушения режимов шлифования рельсошлифовальными поездами",CT,2024,,,,,,,176 days 14:07:00,254287.0,1547.0,384,0.4751861042183622,Лето,0.0013834066388481,0
3,13425026,2024-06-29 16:55:00,Октябрьская,"ОКТ, ТЧЭ-21",,,,Неисправность предохранителя,CT,2024,,,,,,,180 days 13:10:00,259990.0,5703.0,385,0.4764267990074441,Лето,0.0013834066388481,0
1,13425678,2024-06-30 06:56:00,Дальневосточная,"Д-ВОСТ, Т","36шт (к учету 28) ч(к учету 23,98ч)","1шт ч(к учету 0,22ч)",,Неисправность электрооборудования локомотива,CT,2024,28.0,"23,98ч",1.0,"0,22ч",,,181 days 03:11:00,260831.0,841.0,386,0.477667493796526,Лето,0.0013834066388481,0
3,13425701,2024-06-30 11:42:00,Октябрьская,"ОКТ, Т",,,,Сгорание реле катушки реле электрического торможения,CT,2024,,,,,,,181 days 07:57:00,261117.0,286.0,387,0.4789081885856079,Лето,0.0013834066388481,0
2,13427145,2024-07-01 15:52:00,Октябрьская,"ОКТ, ТЧЭ-1",,,"1шт ч(к учету 0,1)ч",Прочая неисправность пружины тумблера,CT,2024,,,,,1.0,"0,1ч",182 days 12:07:00,262807.0,1690.0,388,0.4801488833746898,Лето,0.0013834066388481,0
3,13427336,2024-07-01 17:07:00,Октябрьская,"ОКТ, ТЧЭ-12",,,,Разрегулировка пневматического привода токоприемника,CT,2024,,,,,,,182 days 13:22:00,262882.0,75.0,389,0.4813895781637717,Лето,0.0013834066388481,0
1,13427585,2024-07-02 00:07:00,Октябрьская,"ОКТ, ТЧЭ-26","3шт ч(к учету 5,65ч)",,,Оплавление силовых контактов электромагнитного контактора силовой цепи,CT,2024,3.0,"5,65ч",,,,,182 days 20:22:00,263302.0,420.0,390,0.4826302729528536,Лето,0.0013834066388481,0
1,13427597,2024-07-02 00:42:00,Октябрьская,"ОКТ, ТЧЭ-12","16шт ч(к учету 19,32ч)",,,"Прочая неисправность провода, кабеля низковольтных цепей и цепей управления",CT,2024,16.0,"19,32ч",,,,,182 days 20:57:00,263337.0,35.0,391,0.4838709677419355,Лето,0.0013834066388481,0
1,13429247,2024-07-02 17:02:00,Октябрьская,"ОКТ, ТЧЭ-12","6шт ч(к учету 9,97ч)",,,"Прочая неисправность провода, кабеля низковольтных цепей и цепей управления",CT,2024,6.0,"9,97ч",,,,,183 days 13:17:00,264317.0,980.0,392,0.4851116625310174,Лето,0.0013834066388481,0
3,13431885,2024-07-03 20:25:00,Московская,"МОСК, ТЧЭ-36",,,,"Прочая неисправность провода, кабеля низковольтных цепей и цепей управления",CT,2024,,,,,,,184 days 16:40:00,265960.0,1643.0,393,0.4863523573200992,Лето,0.0013834066388481,0
1,13432779,2024-07-03 23:31:00,Московская,"ОКТ, ТЧЭ-1",,"3шт (к учету 2) ч(к учету 3,48ч)","1шт ч(к учету 0,15)ч",Нарушение герметичности пневматического привода токоприемника,CT,2024,,,2.0,"3,48ч",1.0,"0,15ч",184 days 19:46:00,266146.0,186.0,394,0.4875930521091811,Лето,0.0013834066388481,0
1,13433837,2024-07-04 15:07:00,Октябрьская,"ОКТ, ТЧЭ-12","11шт ч(к учету 16,6ч)",,,Прочая неисправность корпуса крана машиниста,CT,2024,11.0,"16,6ч",,,,,185 days 11:22:00,267082.0,936.0,395,0.488833746898263,Лето,0.0013834066388481,0
3,13434037,2024-07-04 15:25:00,Октябрьская,"ОКТ, ТЧЭ-4",,,,Прочая неисправность трубопровода системы подачи масла,CT,2024,,,,,,,185 days 11:40:00,267100.0,18.0,396,0.4900744416873449,Лето,0.0013834066388481,0
2,13434156,2024-07-04 19:06:00,Октябрьская,"ОКТ, ТЧЭ-30",,"2шт (к учету 1) ч(к учету 0,32ч)",,Прочая неисправность подвески тормозной рычажной передачи локомотива,CT,2024,,,1.0,"0,32ч",,,185 days 15:21:00,267321.0,221.0,397,0.4913151364764268,Лето,0.0013834066388481,0
1,13434190,2024-07-04 19:11:00,Октябрьская,"ОКТ, ТЧЭ-12","1шт ч(к учету 1,15ч)",,,Нарушение регулировки подачи песка,CT,2024,1.0,"1,15ч",,,,,185 days 15:26:00,267326.0,5.0,398,0.4925558312655086,Лето,0.0013834066388481,0
3,13434172,2024-07-04 19:46:00,Октябрьская,"ОКТ, ТЧЭ-1",,,,Прочая неисправность корпуса буксы локомотива,CT,2024,,,,,,,185 days 16:01:00,267361.0,35.0,399,0.4937965260545905,Лето,0.0013834066388481,0
1,13434537,2024-07-05 02:40:00,Октябрьская,"ОКТ, ТЧЭ-4","2шт ч(к учету 3,6ч)",,,Прочая неисправность аккумуляторной батареи,CT,2024,2.0,"3,6ч",,,,,185 days 22:55:00,267775.0,414.0,400,0.4950372208436724,Лето,0.0013834066388481,0
1,13438741,2024-07-05 21:25:00,Восточно-Сибирская,"В-СИБ, ТЧЭ-5",,,,Нарушение регулировочного режима,CT,2024,,,,,,,186 days 17:40:00,268900.0,1125.0,401,0.4962779156327543,Лето,0.0013834066388481,0
3,13436185,2024-07-05 21:55:00,Московская,"МОСК, ТЧЭ-36",,,,"Низкое сопротивление изоляции провода, кабеля низковольтных цепей и цепей управления",CT,2024,,,,,,,186 days 18:10:00,268930.0,30.0,402,0.4975186104218362,Лето,0.0013834066388481,0
3,13437493,2024-07-07 02:41:00,Московская,"МОСК, ТЧЭ-5",,,,"Кассета СН-БЛОК, прочее",CT,2024,,,,,,,187 days 22:56:00,270656.0,1726.0,403,0.4987593052109181,Лето,0.0013834066388481,0
3,13439330,2024-07-07 10:30:00,Западно-Сибирская,"З-СИБ, ТЧЭ-2",,,,"Код 14.2 Пробоксовки в виде местного износа и выкрашивания металла в местах термомеханических повреждений головки рельса из-за боксования, юза колес подвижного состава или нарушения режимов шлифования рельсошлифовальными поездами",CT,2024,,,,,,,188 days 06:45:00,271125.0,469.0,404,0.5,Лето,0.0013834066388481,0
3,13437998,2024-07-07 12:31:00,Западно-Сибирская,"З-СИБ, ТЧЭ-10",,,,"Код 14.2 Пробоксовки в виде местного износа и выкрашивания металла в местах термомеханических повреждений головки рельса из-за боксования, юза колес подвижного состава или нарушения режимов шлифования рельсошлифовальными поездами",CT,2024,,,,,,,188 days 08:46:00,271246.0,121.0,405,0.5012406947890818,Лето,0.0013834066388481,0
2,13438480,2024-07-08 00:03:00,Октябрьская,"ОКТ, ТЧЭ-1","1шт ч(к учету 0,8ч)",,,Прочая неисправность корпуса автосцепки локомотива,CT,2024,1.0,"0,8ч",,,,,188 days 20:18:00,271938.0,692.0,406,0.5024813895781638,Лето,0.0013834066388481,0
3,13438636,2024-07-08 04:10:00,Западно-Сибирская,"З-СИБ, ТЧЭ-10",,,,Повреждение изоляции провода,CT,2024,,,,,,,189 days 00:25:00,272185.0,247.0,407,0.5037220843672456,Лето,0.0013834066388481,0
3,13441334,2024-07-09 10:35:00,Московская,"МОСК, ТЧЭ-36",,,,"Пробой изоляции провода, кабеля низковольтных цепей и цепей управления на корпус",CT,2024,,,,,,,190 days 06:50:00,274010.0,1825.0,408,0.5049627791563276,Лето,0.0013834066388481,0
3,13441340,2024-07-09 10:35:00,Московская,"МОСК, ТЧЭ-36",,,,"Пробой изоляции провода, кабеля низковольтных цепей и цепей управления на корпус",CT,2024,,,,,,,190 days 06:50:00,274010.0,0.0,409,0.5062034739454094,Лето,0.0013834066388481,0
3,13442479,2024-07-10 00:10:00,Октябрьская,"ОКТ, ТЧЭ-4",,,,Неисправность электронных элементов электронного узла,CT,2024,,,,,,,190 days 20:25:00,274825.0,815.0,410,0.5074441687344913,Лето,0.0013834066388481,0
2,13442624,2024-07-10 02:11:00,Октябрьская,"ОКТ, ТЧЭ-5","1шт ч(к учету 0,67ч)",,,"Прочая неисправность плавкой вставки предохранителя, панели предохранителей",CT,2024,1.0,"0,67ч",,,,,190 days 22:26:00,274946.0,121.0,411,0.5086848635235732,Лето,0.0013834066388481,0
2,13443831,2024-07-10 08:05:00,Юго-Восточная,"МОСК, ТЧЭ-36","1шт ч(к учету 0,22ч)","1шт ч(к учету 0,1ч)",,"Пробой изоляции провода, кабеля низковольтных цепей и цепей управления на корпус",CT,2024,1.0,"0,22ч",1.0,"0,1ч",,,191 days 04:20:00,275300.0,354.0,412,0.5099255583126551,Лето,0.0013834066388481,0
1,13444017,2024-07-10 12:03:00,Южно-Уральская,"Ю-УР, ТЧЭ-5","10шт (к учету 8) ч(к учету 8,43ч)","3шт (к учету 2) ч(к учету 1,42ч)",,Неисправность электрической части приборов управления тормозами,CT,2024,8.0,"8,43ч",2.0,"1,42ч",,,191 days 08:18:00,275538.0,238.0,413,0.511166253101737,Лето,0.0013834066388481,0
3,13444484,2024-07-10 12:43:00,Октябрьская,"ОКТ, ТЧЭ-4",,,,Неисправность блока МСУ-ТП,CT,2024,,,,,,,191 days 08:58:00,275578.0,40.0,414,0.5124069478908189,Лето,0.0013834066388481,0
3,13444481,2024-07-10 13:20:00,Октябрьская,"ОКТ, ТЧЭ-21",,,,"Трещина, излом трубопровода системы подачи топлива",CT,2024,,,,,,,191 days 09:35:00,275615.0,0.0,415,0.5136476426799007,Лето,0.0013834066388481,0
3,13444050,2024-07-10 13:20:00,Октябрьская,"ОКТ, ТЧЭ-21",,,,Оплавление гибкого кабеля электропневматического контактора силовой цепи,CT,2024,,,,,,,191 days 09:35:00,275615.0,37.0,416,0.5148883374689827,Лето,0.0013834066388481,0
3,13444433,2024-07-10 14:55:00,Октябрьская,"ОКТ, ТЧЭ-21",,,,Прочая неисправность редуктора крана машиниста,CT,2024,,,,,,,191 days 11:10:00,275710.0,95.0,417,0.5161290322580645,Лето,0.0013834066388481,0
1,13445113,2024-07-10 23:17:00,Забайкальская,"ЗАБ, ТЧЭ-1","8шт (к учету 7) ч(к учету 10,52ч)","7шт (к учету 6) ч(к учету 4,72ч)","6шт (к учету 4) ч(к учету 2,73)ч",Прочая неисправность рамы токоприемника,CT,2024,7.0,"10,52ч",6.0,"4,72ч",4.0,"2,73ч",191 days 19:32:00,276212.0,502.0,418,0.5173697270471465,Лето,0.0013834066388481,0
3,13447167,2024-07-12 01:38:00,Свердловская,"СВЕРД, ТЧЭ-17",,,,Прочая неисправность блок-контактов реле заземления,CT,2024,,,,,,,192 days 21:53:00,277793.0,1581.0,419,0.5186104218362283,Лето,0.0013834066388481,0
3,13447428,2024-07-12 05:00:00,Октябрьская,"ОКТ, ТЧЭ-12",,,,Трещина каркаса полоза каретки токоприемника,CT,2024,,,,,,,193 days 01:15:00,277995.0,202.0,420,0.5198511166253101,Лето,0.0013834066388481,0
3,13448871,2024-07-12 20:07:00,Куйбышевская,"КБШ, ТЧЭ-16",,,,Прочая неисправность корпуса водяного насоса охлаждения дизеля,CT,2024,,,,,,,193 days 16:22:00,278902.0,907.0,421,0.5210918114143921,Лето,0.0013834066388481,0
2,13448941,2024-07-13 03:06:00,Свердловская,"СВЕРД, ТЧЭ-1",,,"1шт ч(к учету 0,1)ч",Неисправность тумблера,CT,2024,,,,,1.0,"0,1ч",193 days 23:21:00,279321.0,419.0,422,0.5223325062034739,Лето,0.0013834066388481,0
2,13448968,2024-07-13 06:21:00,Октябрьская,"ОКТ, ТЧЭ-18","2шт ч(к учету 0,68ч)",,,Прочая неисправность плунжера топливного насоса высокого давления,CT,2024,2.0,"0,68ч",,,,,194 days 02:36:00,279516.0,195.0,423,0.5235732009925558,Лето,0.0013834066388481,0
3,13450317,2024-07-14 18:10:00,Октябрьская,"ОКТ, ТЧЭ-4",,,,Прочая неисправность трубопровода системы циркуляции воды,CT,2024,,,,,,,195 days 14:25:00,281665.0,2149.0,424,0.5248138957816377,Лето,0.0013834066388481,0
3,13450613,2024-07-15 01:03:00,Октябрьская,"ОКТ, ТЧЭ-4",,,,Прочая неисправность редуктора крана машиниста,CT,2024,,,,,,,195 days 21:18:00,282078.0,413.0,425,0.5260545905707196,Лето,0.0013834066388481,0
3,13452538,2024-07-16 10:29:00,Октябрьская,"ОКТ, ТЧЭ-12",,,,Нарушение регулировки подачи песка,CT,2024,,,,,,,197 days 06:44:00,284084.0,2006.0,426,0.5272952853598015,Лето,0.0013834066388481,0
3,13452724,2024-07-16 10:30:00,Октябрьская,"ОКТ, ТЧЭ-1",,,,Прочая неисправность воздухопровода тормозной магистрали,CT,2024,,,,,,,197 days 06:45:00,284085.0,1.0,427,0.5285359801488834,Лето,0.0013834066388481,0
3,13452541,2024-07-16 11:02:00,Северо-Кавказская,"С-КАВ, ТЧЭ-11",,,,Излом штифта от ударного воздействия либо механического износа,CT,2024,,,,,,,197 days 07:17:00,284117.0,32.0,428,0.5297766749379652,Лето,0.0013834066388481,0
1,13452652,2024-07-16 11:42:00,Дальневосточная,"Д-ВОСТ, ТЧЭ-13","10шт (к учету 7) ч(к учету 11,23ч)","1шт ч(к учету 2,13ч)",,"Прочая неисправность провода, кабеля низковольтных цепей и цепей управления",CT,2024,7.0,"11,23ч",1.0,"2,13ч",,,197 days 07:57:00,284157.0,40.0,429,0.5310173697270472,Лето,0.0013834066388481,0
3,13455016,2024-07-18 01:50:00,Октябрьская,"ОКТ, ТЧЭ-12",,,,Прочая неисправность замка автосцепки локомотива,CT,2024,,,,,,,198 days 22:05:00,286445.0,2288.0,430,0.532258064516129,Лето,0.0013834066388481,0
3,13456402,2024-07-18 17:24:00,Свердловская,"З-СИБ, ТЧЭ-2",,,,Прочая неисправность корпуса автосцепки локомотива,CT,2024,,,,,,,199 days 13:39:00,287379.0,934.0,431,0.533498759305211,Лето,0.0013834066388481,0
3,13455969,2024-07-18 19:07:00,Октябрьская,"ОКТ, ТЧЭ-26",,,,Прочая неисправность корпуса буксы локомотива,CT,2024,,,,,,,199 days 15:22:00,287482.0,103.0,432,0.5347394540942928,Лето,0.0013834066388481,0
2,13478304,2024-07-18 23:42:00,Красноярская,"КРАС, ТЧЭ-1","1шт ч(к учету 0,25ч)",,,Прочая неисправность тормозной колодки тормозной рычажной передачи локомотива,CT,2024,1.0,"0,25ч",,,,,199 days 19:57:00,287757.0,275.0,433,0.5359801488833746,Лето,0.0013834066388481,0
3,13456233,2024-07-19 01:55:00,Московская,"МОСК, ТЧЭ-36",,,,"Низкое сопротивление изоляции провода, кабеля низковольтных цепей и цепей управления",CT,2024,,,,,,,199 days 22:10:00,287890.0,133.0,434,0.5372208436724566,Лето,0.0013834066388481,0
3,13459745,2024-07-20 05:06:00,Восточно-Сибирская,"КРАС, ТЧЭ-3",,,,Прочая неисправность блок-контактов реле боксования,CT,2024,,,,,,,201 days 01:21:00,289521.0,1631.0,435,0.5384615384615384,Лето,0.0013834066388481,0
3,13457637,2024-07-20 08:00:00,Московская,"МОСК, ТЧЭ-36",,,,"Низкое сопротивление изоляции провода, кабеля низковольтных цепей и цепей управления",CT,2024,,,,,,,201 days 04:15:00,289695.0,174.0,436,0.5397022332506204,Лето,0.0013834066388481,0
2,13457575,2024-07-20 09:07:00,Октябрьская,"ОКТ, ТЧЭ-1",,"1шт ч(к учету 0,13ч)",,Прочая неисправность воздухопровода тормозной магистрали,CT,2024,,,1.0,"0,13ч",,,201 days 05:22:00,289762.0,67.0,437,0.5409429280397022,Лето,0.0013834066388481,0
3,13457948,2024-07-20 15:33:00,Октябрьская,"ОКТ, ТЧЭ-4",,,,Прочая неисправность сильфона топливоподкачивающего насоса,CT,2024,,,,,,,201 days 11:48:00,290148.0,386.0,438,0.5421836228287841,Лето,0.0013834066388481,0
3,13458119,2024-07-20 21:36:00,Восточно-Сибирская,"В-СИБ, ТЧЭ-3",,,,Загрязнение головок рельса,CT,2024,,,,,,,201 days 17:51:00,290511.0,363.0,439,0.543424317617866,Лето,0.0013834066388481,0
3,13458386,2024-07-21 06:03:00,Октябрьская,"ОКТ, ТЧЭ-26",,,,Прочая неисправность корпуса буксы локомотива,CT,2024,,,,,,,202 days 02:18:00,291018.0,507.0,440,0.5446650124069479,Лето,0.0013834066388481,0
3,13460019,2024-07-22 09:09:00,Октябрьская,"ОКТ, ТЧЭ-26",,,,Неисправность рейки зубчатой гидропривода вентилятора холодильника,CT,2024,,,,,,,203 days 05:24:00,292644.0,1626.0,441,0.5459057071960298,Лето,0.0013834066388481,0
3,13460299,2024-07-22 20:01:00,Октябрьская,"ОКТ, ТЧЭ-4",,,,Прочая неисправность корпуса буксы локомотива,CT,2024,,,,,,,203 days 16:16:00,293296.0,652.0,442,0.5471464019851117,Лето,0.0013834066388481,0
1,13460822,2024-07-23 08:42:00,Октябрьская,"ОКТ, ТЧЭ-30","1шт ч(к учету 1,12ч)",,,Износ контактов контактной системы автоматического выключателя,CT,2024,1.0,"1,12ч",,,,,204 days 04:57:00,294057.0,761.0,443,0.5483870967741935,Лето,0.0013834066388481,0
2,13462031,2024-07-23 23:10:00,Свердловская,"СВЕРД, ТЧЭ-1","1шт ч(к учету 0,33ч)",,,Трещина рычага тормозной рычажной передачи локомотива,CT,2024,1.0,"0,33ч",,,,,204 days 19:25:00,294925.0,868.0,444,0.5496277915632755,Лето,0.0013834066388481,0
3,13463486,2024-07-24 14:45:00,Забайкальская,"ЗАБ, ТЧЭ-11",,,,"Прочая неисправность провода, кабеля низковольтных цепей и цепей управления",CT,2024,,,,,,,205 days 11:00:00,295860.0,935.0,445,0.5508684863523573,Лето,0.0013834066388481,0
3,13463206,2024-07-24 18:20:00,Свердловская,"СВЕРД, ТЧЭ-1",,,,Отключение внешнего электроснабжения,CT,2024,,,,,,,205 days 14:35:00,296075.0,215.0,446,0.5521091811414393,Лето,0.0013834066388481,0
3,13464417,2024-07-25 15:20:00,Октябрьская,"ОКТ, ТЧЭ-21",,,,Прочая неисправность корпуса автосцепки локомотива,CT,2024,,,,,,,206 days 11:35:00,297335.0,1260.0,447,0.5533498759305211,Лето,0.0013834066388481,0
3,13465571,2024-07-26 11:57:00,Юго-Восточная,"Ю-ВОСТ, ТЧЭ-17",,,,Прочая неисправность силовых контактов электромагнитного контактора вспомогательных цепей и цепей управления,CT,2024,,,,,,,207 days 08:12:00,298572.0,1237.0,448,0.5545905707196029,Лето,0.0013834066388481,0
3,13466063,2024-07-27 01:56:00,Восточно-Сибирская,"В-СИБ, ТЧЭ-12",,,,Прочая неисправность стабилизатора крана машиниста,CT,2024,,,,,,,207 days 22:11:00,299411.0,839.0,449,0.5558312655086849,Лето,0.0013834066388481,0
2,13466653,2024-07-27 17:37:00,Октябрьская,"ОКТ, ТЧЭ-21","1шт ч(к учету 0,75ч)",,,Потеря жесткости включающей пружины быстродействующего выключателя,CT,2024,1.0,"0,75ч",,,,,208 days 13:52:00,300352.0,941.0,450,0.5570719602977667,Лето,0.0013834066388481,0
1,13467523,2024-07-28 05:03:00,Горьковская,"ГОРЬК, ТЧЭ-15",,"23шт (к учету 11) ч(к учету 11,18ч)","17шт (к учету 9) ч(к учету 5,65)ч",Прочая неисправность стакана вспомогательного тормоза,CT,2024,,,11.0,"11,18ч",9.0,"5,65ч",209 days 01:18:00,301038.0,686.0,451,0.5583126550868487,Лето,0.0013834066388481,0
3,13469329,2024-07-30 04:12:00,Октябрьская,"ОКТ, ТЧЭ-1",,,,Нагар силовых контактов быстродействующего контактора,CT,2024,,,,,,,211 days 00:27:00,303867.0,2829.0,452,0.5595533498759305,Лето,0.0013834066388481,0
1,13471672,2024-08-01 00:10:00,Октябрьская,"ОКТ, ТЧЭ-26","1шт ч(к учету 1,28ч)",,,Неисправность электронного блока системы управления тягой,CT,2024,1.0,"1,28ч",,,,,212 days 20:25:00,306505.0,2638.0,453,0.5607940446650124,Лето,0.0013834066388481,0
2,13471974,2024-08-01 08:20:00,Октябрьская,"ОКТ, ТЧЭ-11","1шт ч(к учету 0,67ч)",,,Прочая неисправность диода выпрямительной установки,CT,2024,1.0,"0,67ч",,,,,213 days 04:35:00,306995.0,490.0,454,0.5620347394540943,Лето,0.0013834066388481,0
3,13472435,2024-08-01 10:35:00,Октябрьская,"ОКТ, ТЧЭ-12",,,,Прочая неисправность рукоятки клапана песочницы,CT,2024,,,,,,,213 days 06:50:00,307130.0,135.0,455,0.5632754342431762,Лето,0.0013834066388481,0
2,13472557,2024-08-01 13:58:00,Октябрьская,"ОКТ, ТЧЭ-26","2шт (к учету 1) ч(к учету 1,25ч)",,,Прочая неисправность выводной коробки генератора постоянного тока,CT,2024,1.0,"1,25ч",,,,,213 days 10:13:00,307333.0,203.0,456,0.5645161290322581,Лето,0.0013834066388481,0
2,13473877,2024-08-02 11:41:00,Восточно-Сибирская,"В-СИБ, ТЧЭ-9","1шт ч(к учету 0,6ч)",,,Перекрытие изолятора изолятора токоприемника,CT,2024,1.0,"0,6ч",,,,,214 days 07:56:00,308636.0,1303.0,457,0.56575682382134,Лето,0.0013834066388481,0
3,13474507,2024-08-02 21:20:00,Октябрьская,"ОКТ, ТЧЭ-18",,,,"Трещина, излом трубопровода системы подачи масла",CT,2024,,,,,,,214 days 17:35:00,309215.0,579.0,458,0.5669975186104218,Лето,0.0013834066388481,0
1,13474646,2024-08-03 04:42:00,Московская,"МОСК, ТЧЭ-5","2шт ч(к учету 3,57ч)",,"1шт ч(к учету 0,43)ч","Код 14.1 Пробоксовки в виде местного износа и выкрашивания металла в местах термомеханических повреждений головки рельса из-за боксования, юза колес подвижного состава или нарушения режимов шлифования рельсошлифовальными поездами",CT,2024,2.0,"3,57ч",,,1.0,"0,43ч",215 days 00:57:00,309657.0,442.0,459,0.5682382133995038,Лето,0.0013834066388481,0
3,13475927,2024-08-04 14:50:00,Октябрьская,"ОКТ, ТЧЭ-21","1шт ч(к учету 0,18ч)",,,Неисправность перехода,CT,2024,1.0,"0,18ч",,,,,216 days 11:05:00,311705.0,2048.0,460,0.5694789081885856,Лето,0.0013834066388481,0
3,13476229,2024-08-04 23:38:00,Октябрьская,"ОКТ, ТЧЭ-14",,,,Износ напаек контактного мостика кнопки,CT,2024,,,,,,,216 days 19:53:00,312233.0,528.0,461,0.5707196029776674,Лето,0.0013834066388481,0
3,13477793,2024-08-05 16:50:00,Октябрьская,"ОКТ, ТЧЭ-18",,,,"Сгорание плавкой вставки предохранителя, панели предохранителей",CT,2024,,,,,,,217 days 13:05:00,313265.0,1032.0,462,0.5719602977667494,Лето,0.0013834066388481,0
3,13477875,2024-08-05 17:20:00,Московская,"МОСК, ТЧЭ-36",,,,"Низкое сопротивление изоляции провода, кабеля низковольтных цепей и цепей управления",CT,2024,,,,,,,217 days 13:35:00,313295.0,30.0,463,0.5732009925558312,Лето,0.0013834066388481,0
2,13481167,2024-08-07 10:20:00,Октябрьская,"ОКТ, ТЧЭ-12","3шт ч(к учету 1,45ч)",,,Прочая неисправность корпуса крана машиниста,CT,2024,3.0,"1,45ч",,,,,219 days 06:35:00,315755.0,2460.0,464,0.5744416873449132,Лето,0.0013834066388481,0
3,13484856,2024-08-08 01:55:00,Октябрьская,"ОКТ, Т",,,,"Прочая неисправность провода, кабеля низковольтных цепей и цепей управления",CT,2024,,,,,,,219 days 22:10:00,316690.0,935.0,465,0.575682382133995,Лето,0.0013834066388481,0
3,13483567,2024-08-08 10:20:00,Московская,"МОСК, ТЧЭ-36",,,,"Низкое сопротивление изоляции провода, кабеля низковольтных цепей и цепей управления",CT,2024,,,,,,,220 days 06:35:00,317195.0,505.0,466,0.5769230769230769,Лето,0.0013834066388481,0
3,13484823,2024-08-08 17:16:00,Московская,"МОСК, ТЧЭ-2",,,,Прочая неисправность манжеты клапана песочницы,CT,2024,,,,,,,220 days 13:31:00,317611.0,416.0,467,0.5781637717121588,Лето,0.0013834066388481,0
3,13485361,2024-08-09 06:10:00,Западно-Сибирская,"З-СИБ, ТЧЭ-10",,,,Неисправность разъема,CT,2024,,,,,,,221 days 02:25:00,318385.0,774.0,468,0.5794044665012407,Лето,0.0013834066388481,0
2,13486868,2024-08-10 03:07:00,Октябрьская,"ОКТ, ТЧЭ-12",,"5шт (к учету 3) ч(к учету 0,87ч)",,Прочая неисправность предохранительного клапана топливной системы,CT,2024,,,3.0,"0,87ч",,,221 days 23:22:00,319642.0,1257.0,469,0.5806451612903226,Лето,0.0013834066388481,0
3,13487027,2024-08-10 09:41:00,Московская,"МОСК, ТЧЭ-36",,,,"Низкое сопротивление изоляции провода, кабеля низковольтных цепей и цепей управления",CT,2024,,,,,,,222 days 05:56:00,320036.0,394.0,470,0.5818858560794045,Лето,0.0013834066388481,0
3,13487117,2024-08-10 11:40:00,Октябрьская,"ОКТ, ТЧЭ-12",,,,Неисправность регулятора мощности объединенного регулятора,CT,2024,,,,,,,222 days 07:55:00,320155.0,119.0,471,0.5831265508684863,Лето,0.0013834066388481,0
3,13487667,2024-08-10 17:39:00,Западно-Сибирская,"З-СИБ, ТЧЭ-4",,,,"Излом, потеря жесткости пружины толкателя кнопки",CT,2024,,,,,,,222 days 13:54:00,320514.0,359.0,472,0.5843672456575683,Лето,0.0013834066388481,0
1,13489310,2024-08-11 20:00:00,Московская,"Ю-ВОСТ, ТЧЭ-14","4шт (к учету 3) ч(к учету 11,23ч)","15шт (к учету 9) ч(к учету 6,13ч)","5шт (к учету 4) ч(к учету 3,05)ч",Межвитковое замыкание обмотки главного полюса тягового двигателя постоянного тока,CT,2024,3.0,"11,23ч",9.0,"6,13ч",4.0,"3,05ч",223 days 16:15:00,322095.0,1581.0,473,0.5856079404466501,Лето,0.0013834066388481,0
3,13488350,2024-08-11 22:25:00,Московская,"МОСК, ТЧЭ-36",,,,"Низкое сопротивление изоляции провода, кабеля низковольтных цепей и цепей управления",CT,2024,,,,,,,223 days 18:40:00,322240.0,145.0,474,0.586848635235732,Лето,0.0013834066388481,0
3,13492668,2024-08-12 01:46:00,Октябрьская,"ОКТ, ТЧЭ-21",,,,Неисправность блока СПН ЭПТ,CT,2024,,,,,,,223 days 22:01:00,322441.0,201.0,475,0.5880893300248139,Лето,0.0013834066388481,0
2,13488853,2024-08-12 07:49:00,Восточно-Сибирская,"В-СИБ, ТЧЭ-3",,,"1шт ч(к учету 0,13)ч","Прочая неисправность провода, кабеля низковольтных цепей и цепей управления",CT,2024,,,,,1.0,"0,13ч",224 days 04:04:00,322804.0,363.0,476,0.5893300248138957,Лето,0.0013834066388481,0
3,13490006,2024-08-12 21:28:00,Октябрьская,"ОКТ, ТЧЭ-21",,,,Ошибка программного обеспечения,CT,2024,,,,,,,224 days 17:43:00,323623.0,819.0,477,0.5905707196029777,Лето,0.0013834066388481,0
2,13490027,2024-08-12 21:40:00,Октябрьская,"ОКТ, ТЧЭ-1",,"1шт ч(к учету 0,48ч)",,Износ уплотнительных колец пневматического привода быстродействующего выключателя,CT,2024,,,1.0,"0,48ч",,,224 days 17:55:00,323635.0,12.0,478,0.5918114143920595,Лето,0.0013834066388481,0
2,13491540,2024-08-13 11:01:00,Западно-Сибирская,"З-СИБ, ТЧЭ-19","5шт ч(к учету 2,95ч)",,,"Код 14.2 Пробоксовки в виде местного износа и выкрашивания металла в местах термомеханических повреждений головки рельса из-за боксования, юза колес подвижного состава или нарушения режимов шлифования рельсошлифовальными поездами",CT,2024,5.0,"2,95ч",,,,,225 days 07:16:00,324436.0,801.0,479,0.5930521091811415,Лето,0.0013834066388481,0
3,13491878,2024-08-13 23:42:00,Западно-Сибирская,"З-СИБ, ТЧЭ-15",,,,Ошибка программного обеспечения,CT,2024,,,,,,,225 days 19:57:00,325197.0,761.0,480,0.5942928039702233,Лето,0.0013834066388481,0
3,13493726,2024-08-14 22:13:00,Куйбышевская,"КБШ, ТЧЭ-16",,,,Неисправность регулятора мощности объединенного регулятора,CT,2024,,,,,,,226 days 18:28:00,326548.0,1351.0,481,0.5955334987593052,Лето,0.0013834066388481,0
1,13495025,2024-08-15 12:31:00,Дальневосточная,"Д-ВОСТ, ТЧЭ-11","12шт (к учету 7) ч(к учету 19,2ч)","1шт ч(к учету 0,17ч)",,Код ДПУ 111 Изгиб межостряковых тяг из-за набегания тыльной части колес на отведенный остряк,CT,2024,7.0,"19,2ч",1.0,"0,17ч",,,227 days 08:46:00,327406.0,858.0,482,0.5967741935483871,Лето,0.0013834066388481,0
3,13495280,2024-08-16 02:25:00,Октябрьская,"ОКТ, ТЧЭ-5",,,,Прочая неисправность рычага тормозной рычажной передачи локомотива,CT,2024,,,,,,,227 days 22:40:00,328240.0,834.0,483,0.598014888337469,Лето,0.0013834066388481,0
3,13495335,2024-08-16 05:16:00,Октябрьская,"ОКТ, ТЧЭ-11",,,,Неисправность микротелефона,CT,2024,,,,,,,228 days 01:31:00,328411.0,171.0,484,0.5992555831265509,Лето,0.0013834066388481,0
2,13496681,2024-08-17 10:06:00,Октябрьская,"ОКТ, ТЧЭ-12","4шт ч(к учету 1,57ч)",,"2шт ч(к учету 0,37)ч",Неисправность антенны,CT,2024,4.0,"1,57ч",,,2.0,"0,37ч",229 days 06:21:00,330141.0,1730.0,485,0.6004962779156328,Лето,0.0013834066388481,0
3,13496792,2024-08-17 12:43:00,Октябрьская,"ОКТ, ТЧЭ-12",,,,Прочая неисправность рукоятки клапана песочницы,CT,2024,,,,,,,229 days 08:58:00,330298.0,157.0,486,0.6017369727047146,Лето,0.0013834066388481,0
2,13497283,2024-08-18 03:09:00,Московская,"МОСК, ТЧЭ-36",,"1шт ч(к учету 0,22ч)",,"Низкое сопротивление изоляции провода, кабеля низковольтных цепей и цепей управления",CT,2024,,,1.0,"0,22ч",,,229 days 23:24:00,331164.0,866.0,487,0.6029776674937966,Лето,0.0013834066388481,0
3,13497508,2024-08-18 08:49:00,Октябрьская,"ОКТ, ТЧЭ-12",,,,Неисправность антенны,CT,2024,,,,,,,230 days 05:04:00,331504.0,340.0,488,0.6042183622828784,Лето,0.0013834066388481,0
3,13498256,2024-08-19 00:44:00,Юго-Восточная,"МОСК, ТЧЭ-36",,,,"Низкое сопротивление изоляции провода, кабеля низковольтных цепей и цепей управления",CT,2024,,,,,,,230 days 20:59:00,332459.0,955.0,489,0.6054590570719603,Лето,0.0013834066388481,0
2,13498176,2024-08-19 02:20:00,Красноярская,"КРАС, ТЧЭ-2","1шт ч(к учету 0,58ч)",,,Прочая неисправность стабилизатора крана машиниста,CT,2024,1.0,"0,58ч",,,,,230 days 22:35:00,332555.0,96.0,490,0.6066997518610422,Лето,0.0013834066388481,0
2,13499306,2024-08-20 00:10:00,Октябрьская,"ОКТ, ТЧЭ-12","1шт ч(к учету 0,25ч)",,,Неисправность антенны,CT,2024,1.0,"0,25ч",,,,,231 days 20:25:00,333865.0,1310.0,491,0.607940446650124,Лето,0.0013834066388481,0
2,13499595,2024-08-20 03:20:00,Московская,"ОКТ, ТЧЭ-1",,"4шт ч(к учету 1,08ч)","4шт ч(к учету 0,5)ч",Прочая неисправность подшипникового щита тягового двигателя постоянного тока,CT,2024,,,4.0,"1,08ч",4.0,"0,5ч",231 days 23:35:00,334055.0,190.0,492,0.609181141439206,Лето,0.0013834066388481,0
1,13500389,2024-08-20 16:50:00,Западно-Сибирская,"З-СИБ, ТЧЭ-14","11шт (к учету 10) ч(к учету 8,98ч)",,,"Код 14.2 Пробоксовки в виде местного износа и выкрашивания металла в местах термомеханических повреждений головки рельса из-за боксования, юза колес подвижного состава или нарушения режимов шлифования рельсошлифовальными поездами",CT,2024,10.0,"8,98ч",,,,,232 days 13:05:00,334865.0,810.0,493,0.6104218362282878,Лето,0.0013834066388481,0
1,13500420,2024-08-20 19:14:00,Северо-Кавказская,"С-КАВ, ТЧЭ-12",,"5шт ч(к учету 1,55ч)","1шт ч(к учету 0,67)ч",Разъединение стрелочных остряков с тягами,CT,2024,,,5.0,"1,55ч",1.0,"0,67ч",232 days 15:29:00,335009.0,144.0,494,0.6116625310173698,Лето,0.0013834066388481,0
3,13500557,2024-08-20 22:47:00,Московская,"МОСК, ТЧЭ-2",,,,Прочая неисправность шпильки крана машиниста,CT,2024,,,,,,,232 days 19:02:00,335222.0,213.0,495,0.6129032258064516,Лето,0.0013834066388481,0
2,13501695,2024-08-21 11:10:00,Октябрьская,"ОКТ, ТЧЭ-14","1шт ч(к учету 0,45ч)",,,Неисправность системы обеспечения безопасности движения МПСУ-БД,CT,2024,1.0,"0,45ч",,,,,233 days 07:25:00,335965.0,743.0,496,0.6141439205955335,Лето,0.0013834066388481,0
3,13501833,2024-08-21 15:30:00,Октябрьская,"ОКТ, ТЧЭ-21",,,,Неисправность транзистора,CT,2024,,,,,,,233 days 11:45:00,336225.0,260.0,497,0.6153846153846154,Лето,0.0013834066388481,0
3,13502067,2024-08-21 19:55:00,Западно-Сибирская,"З-СИБ, ТЧЭ-19",,,,"Неисправность манжеты, пружины, штока и т.д.",CT,2024,,,,,,,233 days 16:10:00,336490.0,265.0,498,0.6166253101736973,Лето,0.0013834066388481,0
3,13502809,2024-08-22 12:16:00,Октябрьская,"ОКТ, ТЧЭ-21",,,,Неисправность перехода,CT,2024,,,,,,,234 days 08:31:00,337471.0,981.0,499,0.6178660049627791,Лето,0.0013834066388481,0
2,13503594,2024-08-22 22:00:00,Октябрьская,"ОКТ, ТЧЭ-18","2шт ч(к учету 1,55ч)",,,Загрязнение фильтра грубой очистки топливной системы дизеля,CT,2024,2.0,"1,55ч",,,,,234 days 18:15:00,338055.0,584.0,500,0.6191066997518611,Лето,0.0013834066388481,0
3,13503490,2024-08-23 01:21:00,Октябрьская,"ОКТ, ТЧЭ-1",,,,Прочая неисправность ведущего вала топливоподкачивающего насоса,CT,2024,,,,,,,234 days 21:36:00,338256.0,201.0,501,0.6203473945409429,Лето,0.0013834066388481,0
3,13504799,2024-08-23 20:04:00,Западно-Сибирская,"З-СИБ, ТЧЭ-2",,,,Неисправность УСТА,CT,2024,,,,,,,235 days 16:19:00,339379.0,1123.0,502,0.6215880893300249,Лето,0.0013834066388481,0
2,13504730,2024-08-24 06:10:00,Октябрьская,"ОКТ, ТЧЭ-12",,,"2шт ч(к учету 0,6)ч","Неисправность манжеты, пружины, штока и т.д.",CT,2024,,,,,2.0,"0,6ч",236 days 02:25:00,339985.0,606.0,503,0.6228287841191067,Лето,0.0013834066388481,0
3,13505301,2024-08-24 11:34:00,Юго-Восточная,"МОСК, ТЧЭ-36",,,,"Низкое сопротивление изоляции провода, кабеля низковольтных цепей и цепей управления",CT,2024,,,,,,,236 days 07:49:00,340309.0,324.0,504,0.6240694789081885,Лето,0.0013834066388481,0
3,13506019,2024-08-25 17:40:00,Октябрьская,"ОКТ, ТЧЭ-26",,,,Прочая неисправность корпуса автосцепки локомотива,CT,2024,,,,,,,237 days 13:55:00,342115.0,1806.0,505,0.6253101736972705,Лето,0.0013834066388481,0
3,13510972,2024-08-26 02:55:00,Московская,"МОСК, ТЧЭ-36",,,,"Низкое сопротивление изоляции провода, кабеля низковольтных цепей и цепей управления",CT,2024,,,,,,,237 days 23:10:00,342670.0,555.0,506,0.6265508684863523,Лето,0.0013834066388481,0
3,13507021,2024-08-26 04:26:00,Юго-Восточная,"МОСК, ТЧЭ-36",,,,"Низкое сопротивление изоляции провода, кабеля низковольтных цепей и цепей управления",CT,2024,,,,,,,238 days 00:41:00,342761.0,91.0,507,0.6277915632754343,Лето,0.0013834066388481,0
3,13507489,2024-08-27 01:40:00,Октябрьская,"ОКТ, ТЧЭ-14",,,,Загрязнение фильтра грубой очистки масла,CT,2024,,,,,,,238 days 21:55:00,344035.0,1274.0,508,0.6290322580645161,Лето,0.0013834066388481,0
3,13509513,2024-08-28 08:03:00,Свердловская,"СВЕРД, ТЧЭ-9",,,,"Переброс, круговой огонь в коллекторе тягового двигателя постоянного тока",CT,2024,,,,,,,240 days 04:18:00,345858.0,1823.0,509,0.630272952853598,Лето,0.0013834066388481,0
3,13510328,2024-08-29 02:01:00,Юго-Восточная,"МОСК, ТЧЭ-36",,,,"Низкое сопротивление изоляции провода, кабеля низковольтных цепей и цепей управления",CT,2024,,,,,,,240 days 22:16:00,346936.0,1078.0,510,0.6315136476426799,Лето,0.0013834066388481,0
3,13510064,2024-08-29 03:01:00,Октябрьская,"ОКТ, ТЧЭ-12",,,,Прочая неисправность диафрагмы регулятора давления,CT,2024,,,,,,,240 days 23:16:00,346996.0,60.0,511,0.6327543424317618,Лето,0.0013834066388481,0
1,13510391,2024-08-29 04:07:00,Московская,"Ю-ВОСТ, ТЧЭ-12","1шт ч(к учету 1,42ч)","6шт (к учету 5) ч(к учету 2,25ч)",,Неисправность автосцепного оборудования локомотива,CT,2024,1.0,"1,42ч",5.0,"2,25ч",,,241 days 00:22:00,347062.0,66.0,512,0.6339950372208437,Лето,0.0013834066388481,0
3,13510389,2024-08-29 08:33:00,Октябрьская,"ОКТ, ТЧЭ-18",,,,Прочая неисправность магистральной части воздухораспределителя,CT,2024,,,,,,,241 days 04:48:00,347328.0,266.0,513,0.6352357320099256,Лето,0.0013834066388481,0
3,13510961,2024-08-29 15:30:00,Октябрьская,"ОКТ, ТЧЭ-12",,,,Пониженное сопротивление изоляции коллектора тягового двигателя постоянного тока,CT,2024,,,,,,,241 days 11:45:00,347745.0,417.0,514,0.6364764267990074,Лето,0.0013834066388481,0
3,13512467,2024-08-30 18:10:00,Свердловская,"СВЕРД, ТЧЭ-15",,,,Низкое напряжение,CT,2024,,,,,,,242 days 14:25:00,349345.0,1600.0,515,0.6377171215880894,Лето,0.0013834066388481,0
2,13512427,2024-08-31 03:16:00,Октябрьская,"ОКТ, ТЧЭ-1",,"1шт ч(к учету 0,12ч)",,Неисправность индикатора единичного,CT,2024,,,1.0,"0,12ч",,,242 days 23:31:00,349891.0,546.0,516,0.6389578163771712,Лето,0.0013834066388481,0
2,13512804,2024-08-31 15:24:00,Забайкальская,"ЗАБ, ТЧЭ-1","1шт ч(к учету 0,27ч)",,,Низкая емкость аккумуляторной батареи,CT,2024,1.0,"0,27ч",,,,,243 days 11:39:00,350619.0,728.0,517,0.6401985111662531,Лето,0.0013834066388481,0
3,13513035,2024-09-01 01:11:00,Октябрьская,"ОКТ, ТЧЭ-14",,,,Нагар силовых контактов электромагнитного контактора силовой цепи,CT,2024,,,,,,,243 days 21:26:00,351206.0,587.0,518,0.641439205955335,Осень,0.001435980476776,0
2,13514407,2024-09-01 04:00:00,Октябрьская,"ОКТ, ТЧЭ-4","2шт (к учету 1) ч(к учету 0,6ч)",,,"Прочая неисправность плавкой вставки предохранителя, панели предохранителей",CT,2024,1.0,"0,6ч",,,,,244 days 00:15:00,351375.0,169.0,519,0.6426799007444168,Осень,0.001435980476776,0
3,13513117,2024-09-01 06:24:00,Октябрьская,"ОКТ, ТЧЭ-11",,,,Прочая неисправность корпуса быстродействующего выключателя,CT,2024,,,,,,,244 days 02:39:00,351519.0,144.0,520,0.6439205955334988,Осень,0.001435980476776,0
1,13561355,2024-09-01 08:00:00,Октябрьская,"ОКТ, ТЧЭ-26","7шт ч(к учету 5,45ч)",,,Прочая неисправность колеса вентилятора охлаждения балластных резисторов,CT,2024,7.0,"5,45ч",,,,,244 days 04:15:00,351615.0,96.0,521,0.6451612903225806,Осень,0.001435980476776,0
2,13513287,2024-09-01 10:25:00,Октябрьская,"ОКТ, Т","5шт ч(к учету 2,72ч)",,,Загрязнение фильтра грубой очистки масла,CT,2024,5.0,"2,72ч",,,,,244 days 06:40:00,351760.0,145.0,522,0.6464019851116626,Осень,0.001435980476776,0
3,13514029,2024-09-01 19:30:00,Октябрьская,"ОКТ, ТЧЭ-11",,,,Прочая неисправность трубопровода системы подачи масла,CT,2024,,,,,,,244 days 15:45:00,352305.0,545.0,523,0.6476426799007444,Осень,0.001435980476776,0
3,13513763,2024-09-01 20:55:00,Московская,"МОСК, ТЧЭ-36",,,,Неисправность УСТА,CT,2024,,,,,,,244 days 17:10:00,352390.0,85.0,524,0.6488833746898263,Осень,0.001435980476776,0
3,13513603,2024-09-01 23:05:00,Октябрьская,"ОКТ, ТЧЭ-14",,,,Неисправность антенны,CT,2024,,,,,,,244 days 19:20:00,352520.0,130.0,525,0.6501240694789082,Осень,0.001435980476776,0
3,13513638,2024-09-02 00:18:00,Октябрьская,"ОКТ, ТЧЭ-12",,,,Прочая неисправность диафрагмы сигнализатора обрыва тормозной магистрали с датчиком,CT,2024,,,,,,,244 days 20:33:00,352593.0,73.0,526,0.6513647642679901,Осень,0.001435980476776,1
3,13516417,2024-09-03 13:07:00,Октябрьская,"ОКТ, ТЧЭ-26",,,,Разрушение моторно-якорного подшипника тягового генератора постоянного  тока,CT,2024,,,,,,,246 days 09:22:00,354802.0,2209.0,527,0.652605459057072,Осень,0.001435980476776,0
3,13517160,2024-09-03 13:47:00,Октябрьская,"ОКТ, ТЧЭ-14",,,,Нарушение в подготовке груза к перевозке,CT,2024,,,,,,,246 days 10:02:00,354842.0,40.0,528,0.6538461538461539,Осень,0.001435980476776,0
2,13517014,2024-09-03 16:25:00,Октябрьская,"ОКТ, ТЧЭ-12","3шт (к учету 2) ч(к учету 1,38ч)",,,Низкое омическое сопротивление включающей катушки электромагнитного контактора силовой цепи,CT,2024,2.0,"1,38ч",,,,,246 days 12:40:00,355000.0,158.0,529,0.6550868486352357,Осень,0.001435980476776,0
3,13517388,2024-09-03 23:09:00,Октябрьская,"ОКТ, ТЧЭ-22",,,,Пробой изоляции обмотки на корпус якоря тягового двигателя постоянного тока,CT,2024,,,,,,,246 days 19:24:00,355404.0,404.0,530,0.6563275434243176,Осень,0.001435980476776,0
3,13517347,2024-09-04 00:21:00,Октябрьская,"ОКТ, ТЧЭ-30",,,,Прочая неисправность подшипника качения топливоподкачивающего насоса,CT,2024,,,,,,,246 days 20:36:00,355476.0,72.0,531,0.6575682382133995,Осень,0.001435980476776,0
2,13531668,2024-09-04 15:21:00,Северная,"ОКТ, ТЧЭ-21","1шт ч(к учету 0,32ч)",,,Перегрев моторно-осевого подшипника подвески тягового двигателя,CT,2024,1.0,"0,32ч",,,,,247 days 11:36:00,356376.0,900.0,532,0.6588089330024814,Осень,0.001435980476776,0
3,13519843,2024-09-04 23:44:00,Октябрьская,"ОКТ, ТЧЭ-4",,,,Неисправность блока МСУ-ТП,CT,2024,,,,,,,247 days 19:59:00,356879.0,503.0,533,0.6600496277915633,Осень,0.001435980476776,0
2,13519914,2024-09-05 02:46:00,Октябрьская,"ОКТ, ТЧЭ-1",,"2шт ч(к учету 0,65ч)","1шт ч(к учету 0,22)ч",Неисправность приборов управления тормозами,CT,2024,,,2.0,"0,65ч",1.0,"0,22ч",247 days 23:01:00,357061.0,182.0,534,0.6612903225806451,Осень,0.001435980476776,0
3,13520652,2024-09-05 07:44:00,Октябрьская,"ОКТ, ТЧЭ-11",,,,Изогнутость штока пневматического привода быстродействующего выключателя,CT,2024,,,,,,,248 days 03:59:00,357359.0,298.0,535,0.6625310173697271,Осень,0.001435980476776,0
3,13520650,2024-09-05 08:36:00,Октябрьская,"ОКТ, ТЧЭ-21",,,,Прочая неисправность пружины токоприемника,CT,2024,,,,,,,248 days 04:51:00,357411.0,52.0,536,0.6637717121588089,Осень,0.001435980476776,0
2,13521058,2024-09-05 10:18:00,Калининградская,"КЛГ, ТЧЭ-1","1шт ч(к учету 0,53ч)",,,Прочая неисправность подводящей трубки топливного коллектора,CT,2024,1.0,"0,53ч",,,,,248 days 06:33:00,357513.0,102.0,537,0.6650124069478908,Осень,0.001435980476776,0
2,13521746,2024-09-05 14:08:00,Октябрьская,"ОКТ, ТЧЭ-14","3шт ч(к учету 1,8ч)",,,"Низкое сопротивление изоляции проводов, кабелей силовых цепей",CT,2024,3.0,"1,8ч",,,,,248 days 10:23:00,357743.0,230.0,538,0.6662531017369727,Осень,0.001435980476776,0
2,13522061,2024-09-05 18:47:00,Октябрьская,"ОКТ, ТЧЭ-28","3шт ч(к учету 1,52ч)",,,Прочая неисправность пневматического привода токоприемника,CT,2024,3.0,"1,52ч",,,,,248 days 15:02:00,358022.0,279.0,539,0.6674937965260546,Осень,0.001435980476776,0
2,13522279,2024-09-06 01:40:00,Октябрьская,"ОКТ, ТЧЭ-31","1шт ч(к учету 0,7ч)",,,Неисправность соединительного рукава грузового вагона,CT,2024,1.0,"0,7ч",,,,,248 days 21:55:00,358435.0,413.0,540,0.6687344913151365,Осень,0.001435980476776,0
2,13578430,2024-09-06 09:25:00,Московская,"МОСК, ТЧЭ-18",,"1шт ч(к учету 0,12ч)",,Прочая неисправность редуктора крана машиниста,CT,2024,,,1.0,"0,12ч",,,249 days 05:40:00,358900.0,465.0,541,0.6699751861042184,Осень,0.001435980476776,0
2,13524097,2024-09-06 18:28:00,Октябрьская,"ОКТ, ТЧЭ-14",,,"1шт ч(к учету 0,15)ч",Неисправность антенны,CT,2024,,,,,1.0,"0,15ч",249 days 14:43:00,359443.0,543.0,542,0.6712158808933002,Осень,0.001435980476776,0
3,13524446,2024-09-07 00:15:00,Октябрьская,"ОКТ, ТЧЭ-12",,,,Прочая неисправность корпуса воздухораспределителя,CT,2024,,,,,,,249 days 20:30:00,359790.0,347.0,543,0.6724565756823822,Осень,0.001435980476776,0
3,13524343,2024-09-07 02:15:00,Московская,"МОСК, ТЧЭ-36",,,,Износ хвостовика нижнего поршня пневматического реле авторежима,CT,2024,,,,,,,249 days 22:30:00,359910.0,120.0,544,0.673697270471464,Осень,0.001435980476776,0
3,13524835,2024-09-07 14:15:00,Октябрьская,"ОКТ, ТЧЭ-28",,,,Низкая емкость аккумуляторной батареи,CT,2024,,,,,,,250 days 10:30:00,360630.0,720.0,545,0.674937965260546,Осень,0.001435980476776,0
3,13525022,2024-09-07 17:07:00,Октябрьская,"ОКТ, ТЧЭ-31",,,,Прочая неисправность диода выпрямительной установки,CT,2024,,,,,,,250 days 13:22:00,360802.0,172.0,546,0.6761786600496278,Осень,0.001435980476776,0
3,13525124,2024-09-07 21:29:00,Октябрьская,"ОКТ, ТЧЭ-26",,,,Прочая неисправность блока цилиндров дизеля,CT,2024,,,,,,,250 days 17:44:00,361064.0,262.0,547,0.6774193548387096,Осень,0.001435980476776,0
3,13525118,2024-09-07 22:05:00,Западно-Сибирская,"З-СИБ, ТЧЭ-3",,,,Прочая неисправность корпуса вспомогательного компрессора,CT,2024,,,,,,,250 days 18:20:00,361100.0,36.0,548,0.6786600496277916,Осень,0.001435980476776,0
2,13525246,2024-09-07 22:37:00,Октябрьская,"ОКТ, ТЧЭ-26","3шт (к учету 2) ч(к учету 1,67ч)",,,Износ шлицов шлицевого вала гидропривода вентилятора холодильника,CT,2024,2.0,"1,67ч",,,,,250 days 18:52:00,361132.0,32.0,549,0.6799007444168734,Осень,0.001435980476776,0
3,13527828,2024-09-09 11:41:00,Октябрьская,"ОКТ, ТЧЭ-12",,,,Прочая неисправность крышки пневматической блокировки,CT,2024,,,,,,,252 days 07:56:00,363356.0,2224.0,550,0.6811414392059554,Осень,0.001435980476776,0
1,13579034,2024-09-09 14:42:00,Куйбышевская,"Ю-УР, ТЧЭ-2","28шт (к учету 23) ч(к учету 49,7ч)",,"2шт ч(к учету 1,1)ч",Неисправность электрооборудования локомотива,CT,2024,23.0,"49,7ч",,,2.0,"1,1ч",252 days 10:57:00,363537.0,181.0,551,0.6823821339950372,Осень,0.001435980476776,0
3,13528847,2024-09-10 08:00:00,Московская,"МОСК, ТЧЭ-36",,,,"Прочая неисправность провода, кабеля низковольтных цепей и цепей управления",CT,2024,,,,,,,253 days 04:15:00,364575.0,1038.0,552,0.6836228287841191,Осень,0.001435980476776,0
3,13529364,2024-09-10 11:53:00,Октябрьская,"ОКТ, ТЧЭ-12",,,,"Трещина, излом трубопровода системы циркуляции воды",CT,2024,,,,,,,253 days 08:08:00,364808.0,233.0,553,0.684863523573201,Осень,0.001435980476776,0
3,13529464,2024-09-10 12:20:00,Западно-Сибирская,"З-СИБ, ТЧЭ-3",,,,Прочая неисправность коллектора тягового двигателя постоянного тока,CT,2024,,,,,,,253 days 08:35:00,364835.0,27.0,554,0.6861042183622829,Осень,0.001435980476776,0
3,13533453,2024-09-11 18:54:00,Западно-Сибирская,"З-СИБ, ТЧЭ-4",,,,"Излом, потеря жесткости пружины толкателя кнопки",CT,2024,,,,,,,254 days 15:09:00,366669.0,1834.0,555,0.6873449131513648,Осень,0.001435980476776,0
3,13533154,2024-09-11 22:34:00,Южно-Уральская,"СВЕРД, ТЧЭ-15",,,,Сбой программного обеспечения ячейки Вывод,CT,2024,,,,,,,254 days 18:49:00,366889.0,220.0,556,0.6885856079404467,Осень,0.001435980476776,0
1,13533071,2024-09-11 22:37:00,Восточно-Сибирская,"В-СИБ, ТЧЭ-2","10шт ч(к учету 10,6ч)","2шт (к учету 1) ч(к учету 0,78ч)","2шт ч(к учету 0,32)ч",Пережог контактного медного провода,CT,2024,10.0,"10,6ч",1.0,"0,78ч",2.0,"0,32ч",254 days 18:52:00,366892.0,3.0,557,0.6898263027295285,Осень,0.001435980476776,0
3,13534903,2024-09-12 15:15:00,Октябрьская,"ОКТ, ТЧЭ-4",,,,Прочая неисправность валика тормозной рычажной передачи локомотива,CT,2024,,,,,,,255 days 11:30:00,367890.0,998.0,558,0.6910669975186104,Осень,0.001435980476776,0
3,13536299,2024-09-13 12:45:00,Западно-Сибирская,"З-СИБ, ТЧЭ-12",,,,"Код 14.2 Пробоксовки в виде местного износа и выкрашивания металла в местах термомеханических повреждений головки рельса из-за боксования, юза колес подвижного состава или нарушения режимов шлифования рельсошлифовальными поездами",CT,2024,,,,,,,256 days 09:00:00,369180.0,1290.0,559,0.6923076923076923,Осень,0.001435980476776,0
3,13537322,2024-09-14 07:28:00,Московская,"МОСК, ТЧЭ-36",,,,Неисправность модуля микроконтроллера,CT,2024,,,,,,,257 days 03:43:00,370303.0,1123.0,560,0.6935483870967742,Осень,0.001435980476776,0
3,13537420,2024-09-14 10:00:00,Московская,"МОСК, ТЧЭ-2",,,,"Трещина, излом корпуса (кожуха) зубчатой передачи",CT,2024,,,,,,,257 days 06:15:00,370455.0,152.0,561,0.6947890818858561,Осень,0.001435980476776,0
3,13544387,2024-09-15 20:48:00,Забайкальская,"ЗАБ, ТЧЭ-6",,,,Низкая плотность электролита аккумуляторной батареи,CT,2024,,,,,,,258 days 17:03:00,372543.0,2088.0,562,0.6960297766749379,Осень,0.001435980476776,0
3,13538753,2024-09-15 23:38:00,Западно-Сибирская,"З-СИБ, ТЧЭ-10",,,,Глубокая разрядка аккумуляторной батареи,CT,2024,,,,,,,258 days 19:53:00,372713.0,170.0,563,0.6972704714640199,Осень,0.001435980476776,0
3,13540049,2024-09-16 20:58:00,Свердловская,"СВЕРД, ТЧЭ-9",,,,Прочая неисправность перепускного клапана топливной системы,CT,2024,,,,,,,259 days 17:13:00,373993.0,1280.0,564,0.6985111662531017,Осень,0.001435980476776,0
1,13541316,2024-09-17 09:09:00,Восточно-Сибирская,"В-СИБ, ТЧЭ-7",,,,Код ДПУ 112 Излом тяг из-за некачественного изготовления на заводе изготовителе или повышенного воздействия подвижного состава на стрелочный перевод,CT,2024,,,,,,,260 days 05:24:00,374724.0,731.0,565,0.6997518610421837,Осень,0.001435980476776,0
2,13541107,2024-09-17 11:42:00,Забайкальская,"ЗАБ, ТЧЭ-1","19шт (к учету 14) ч(к учету 7,48ч)",,"1шт ч(к учету 0,23)ч",Неисправность устройств безопасности локомотива,CT,2024,14.0,"7,48ч",,,1.0,"0,23ч",260 days 07:57:00,374877.0,153.0,566,0.7009925558312655,Осень,0.001435980476776,0
3,13549404,2024-09-19 17:31:00,Октябрьская,"ОКТ, ТЧЭ-11",,,,Прочая неисправность лобового стекла корпуса кузова локомотива,CT,2024,,,,,,,262 days 13:46:00,378106.0,3229.0,567,0.7022332506203474,Осень,0.001435980476776,0
2,13545485,2024-09-20 02:06:00,Забайкальская,"ЗАБ, ТЧЭ-11","1шт ч(к учету 0,4ч)",,,Износ полоза токоприемника,CT,2024,1.0,"0,4ч",,,,,262 days 22:21:00,378621.0,515.0,568,0.7034739454094293,Осень,0.001435980476776,0
3,13545464,2024-09-20 03:20:00,Московская,"МОСК, ТЧЭ-36",,,,Прочая неисправность пружины тумблера,CT,2024,,,,,,,262 days 23:35:00,378695.0,74.0,569,0.7047146401985112,Осень,0.001435980476776,0
3,13545777,2024-09-20 09:09:00,Западно-Сибирская,"З-СИБ, ТЧЭ-2",,,,Неисправность преобразователя собственных нужд,CT,2024,,,,,,,263 days 05:24:00,379044.0,349.0,570,0.705955334987593,Осень,0.001435980476776,0
3,13546512,2024-09-20 22:40:00,Свердловская,"СВЕРД, ТЧЭ-1",,,,Неисправность регулятора мощности объединенного регулятора,CT,2024,,,,,,,263 days 18:55:00,379855.0,811.0,571,0.707196029776675,Осень,0.001435980476776,0
1,13547052,2024-09-21 12:23:00,Восточно-Сибирская,"В-СИБ, ТЧЭ-5","27шт (к учету 19) ч(к учету 10,73ч)","8шт (к учету 6) ч(к учету 3,95ч)","6шт (к учету 5) ч(к учету 1,45)ч",Прочая неисправность оси колесной пары локомотива,CT,2024,19.0,"10,73ч",6.0,"3,95ч",5.0,"1,45ч",264 days 08:38:00,380678.0,823.0,572,0.7084367245657568,Осень,0.001435980476776,0
3,13547794,2024-09-22 07:27:00,Свердловская,"СВЕРД, ТЧЭ-9",,,,Прочая неисправность рукоятки клапана песочницы,CT,2024,,,,,,,265 days 03:42:00,381822.0,1144.0,573,0.7096774193548387,Осень,0.001435980476776,0
3,13549460,2024-09-23 18:00:00,Западно-Сибирская,"З-СИБ, ТЧЭ-12",,,,"Код 14.2 Пробоксовки в виде местного износа и выкрашивания металла в местах термомеханических повреждений головки рельса из-за боксования, юза колес подвижного состава или нарушения режимов шлифования рельсошлифовальными поездами",CT,2024,,,,,,,266 days 14:15:00,383895.0,2073.0,574,0.7109181141439206,Осень,0.001435980476776,0
2,13549837,2024-09-24 05:28:00,Октябрьская,"ОКТ, ТЧЭ-1",,"4шт (к учету 3) ч(к учету 0,63ч)","3шт ч(к учету 0,67)ч",Прочая неисправность масляного насоса поездного компрессора,CT,2024,,,3.0,"0,63ч",3.0,"0,67ч",267 days 01:43:00,384583.0,688.0,575,0.7121588089330024,Осень,0.001435980476776,0
3,13551378,2024-09-25 05:40:00,Октябрьская,"ОКТ, ТЧЭ-12",,,,Окисление контактных элементов аккумуляторной батареи,CT,2024,,,,,,,268 days 01:55:00,386035.0,1452.0,576,0.7133995037220844,Осень,0.001435980476776,0
3,13558117,2024-09-27 06:41:00,Московская,"МОСК, ТЧЭ-5",,,,Неперевод стрелочного перевода по причине попадания постороннего предмета,CT,2024,,,,,,,270 days 02:56:00,388976.0,2941.0,577,0.7146401985111662,Осень,0.001435980476776,0
3,13555082,2024-09-27 13:30:00,Московская,"МОСК, ТЧЭ-46",,,,Износ зубьев конической шестерни,CT,2024,,,,,,,270 days 09:45:00,389385.0,409.0,578,0.7158808933002482,Осень,0.001435980476776,0
2,13564464,2024-09-27 20:00:00,Октябрьская,"ОКТ, ТЧЭ-26","2шт ч(к учету 1,07ч)",,,Ослабление крепления торцевой гайки колеса вентилятора охлаждения балластных резисторов,CT,2024,2.0,"1,07ч",,,,,270 days 16:15:00,389775.0,390.0,579,0.71712158808933,Осень,0.001435980476776,0
3,13555867,2024-09-28 07:51:00,Западно-Сибирская,"З-СИБ, ТЧЭ-12",,,,"Код 14.2 Пробоксовки в виде местного износа и выкрашивания металла в местах термомеханических повреждений головки рельса из-за боксования, юза колес подвижного состава или нарушения режимов шлифования рельсошлифовальными поездами",CT,2024,,,,,,,271 days 04:06:00,390486.0,711.0,580,0.7183622828784119,Осень,0.001435980476776,0
3,13555894,2024-09-28 08:20:00,Октябрьская,"ОКТ, ТЧЭ-12",,,,Прочая неисправность корпуса поездного компрессора,CT,2024,,,,,,,271 days 04:35:00,390515.0,29.0,581,0.7196029776674938,Осень,0.001435980476776,0
3,13556559,2024-09-29 04:24:00,Северо-Кавказская,"С-КАВ, ТЧЭ-16",,,,"Ползун, выбоина на поверхности катания бандажа колесной пары локомотива",CT,2024,,,,,,,272 days 00:39:00,391719.0,1204.0,582,0.7208436724565757,Осень,0.001435980476776,0
3,13556989,2024-09-29 14:28:00,Московская,"МОСК, ТЧЭ-5",,,,Прочая неисправность прокладки переключательного клапана,CT,2024,,,,,,,272 days 10:43:00,392323.0,604.0,583,0.7220843672456576,Осень,0.001435980476776,0
3,13562281,2024-09-30 10:00:00,Октябрьская,"ОКТ, ТЧЭ-26",,,,Ослабление крепления торцевой гайки колеса вентилятора охлаждения балластных резисторов,CT,2024,,,,,,,273 days 06:15:00,393495.0,1172.0,584,0.7233250620347395,Осень,0.001435980476776,0
3,13560656,2024-09-30 12:20:00,Западно-Сибирская,"З-СИБ, ТЧЭ-14",,,,"Код 14.2 Пробоксовки в виде местного износа и выкрашивания металла в местах термомеханических повреждений головки рельса из-за боксования, юза колес подвижного состава или нарушения режимов шлифования рельсошлифовальными поездами",CT,2024,,,,,,,273 days 08:35:00,393635.0,140.0,585,0.7245657568238213,Осень,0.001435980476776,0
3,13560900,2024-10-01 03:00:00,Восточно-Сибирская,"В-СИБ, ТЧЭ-9",,,,Изгиб синхронизирующей тяги токоприемника,CT,2024,,,,,,,273 days 23:15:00,394515.0,880.0,586,0.7258064516129032,Осень,0.001435980476776,0
3,13558748,2024-10-01 03:15:00,Октябрьская,"ОКТ, ТЧЭ-18",,,,Прочая неисправность корпуса автосцепки локомотива,CT,2024,,,,,,,273 days 23:30:00,394530.0,15.0,587,0.7270471464019851,Осень,0.001435980476776,0
1,13560259,2024-10-01 17:00:00,Свердловская,"СВЕРД, ТЧЭ-17","4шт ч(к учету 1,5ч)","3шт ч(к учету 3,17ч)","1шт ч(к учету 0,28)ч","Прочая неисправность плавкой вставки предохранителя, панели предохранителей",CT,2024,4.0,"1,5ч",3.0,"3,17ч",1.0,"0,28ч",274 days 13:15:00,395355.0,825.0,588,0.728287841191067,Осень,0.001435980476776,0
2,13560769,2024-10-02 06:37:00,Восточно-Сибирская,"В-СИБ, ТЧЭ-6","1шт ч(к учету 0,55ч)",,"1шт ч(к учету 0,1)ч",Прочая неисправность катушки реле заземления,CT,2024,1.0,"0,55ч",,,1.0,"0,1ч",275 days 02:52:00,396172.0,817.0,589,0.7295285359801489,Осень,0.001435980476776,0
3,13561331,2024-10-02 08:39:00,Октябрьская,"ОКТ, ТЧЭ-18",,,,Прочая неисправность трубопровода системы подачи масла,CT,2024,,,,,,,275 days 04:54:00,396294.0,122.0,590,0.7307692307692307,Осень,0.001435980476776,0
2,13562409,2024-10-02 22:28:00,Красноярская,"КРАС, ТЧЭ-3","1шт ч(к учету 0,33ч)",,,"Отгар наконечника провода, кабеля низковольтных цепей и цепей управления",CT,2024,1.0,"0,33ч",,,,,275 days 18:43:00,397123.0,829.0,591,0.7320099255583127,Осень,0.001435980476776,0
3,13563114,2024-10-03 06:15:00,Московская,"МОСК, ТЧЭ-36",,,,Прочая неисправность корпуса быстродействующего выключателя,CT,2024,,,,,,,276 days 02:30:00,397590.0,467.0,592,0.7332506203473945,Осень,0.001435980476776,0
3,13563560,2024-10-03 11:45:00,Октябрьская,"ОКТ, ТЧЭ-21",,,,Прочая неисправность тормозной колодки тормозной рычажной передачи локомотива,CT,2024,,,,,,,276 days 08:00:00,397920.0,330.0,593,0.7344913151364765,Осень,0.001435980476776,0
3,13565116,2024-10-04 05:00:00,Октябрьская,"ОКТ, ТЧЭ-12",,,,Подгар низковольтных блокировочных контактов электромагнитного контактора вспомогательных цепей и цепей управления,CT,2024,,,,,,,277 days 01:15:00,398955.0,1035.0,594,0.7357320099255583,Осень,0.001435980476776,0
1,13566256,2024-10-04 12:12:00,Дальневосточная,"Д-ВОСТ, ТЧЭ-8",23шт (к учету 17) ч(к учету 23ч),,"3шт (к учету 2) ч(к учету 0,75)ч",Излом (срез) шкворня тележки грузового вагона,CT,2024,17.0,23ч,,,2.0,"0,75ч",277 days 08:27:00,399387.0,432.0,595,0.7369727047146402,Осень,0.001435980476776,0
3,13567173,2024-10-05 14:24:00,Западно-Сибирская,"З-СИБ, ТЧЭ-12",,,,"Код 14.2 Пробоксовки в виде местного износа и выкрашивания металла в местах термомеханических повреждений головки рельса из-за боксования, юза колес подвижного состава или нарушения режимов шлифования рельсошлифовальными поездами",CT,2024,,,,,,,278 days 10:39:00,400959.0,1572.0,596,0.7382133995037221,Осень,0.001435980476776,0
3,13567898,2024-10-06 06:10:00,Октябрьская,"ОКТ, ТЧЭ-12",,,,Излом рамы токоприемника,CT,2024,,,,,,,279 days 02:25:00,401905.0,946.0,597,0.739454094292804,Осень,0.001435980476776,0
2,13568404,2024-10-06 21:25:00,Октябрьская,"ОКТ, ТЧЭ-18",,,"1шт ч(к учету 0,1)ч",Износ уплотнений трубопровода системы циркуляции воды,CT,2024,,,,,1.0,"0,1ч",279 days 17:40:00,402820.0,915.0,598,0.7406947890818859,Осень,0.001435980476776,0
1,13572039,2024-10-08 14:28:00,Западно-Сибирская,"З-СИБ, ТЧЭ-10","4шт ч(к учету 3,17ч)",,,Прочая неисправность блока цилиндров дизеля,CT,2024,4.0,"3,17ч",,,,,281 days 10:43:00,405283.0,2463.0,599,0.7419354838709677,Осень,0.001435980476776,0
3,13580091,2024-10-12 14:13:00,Октябрьская,"ОКТ, ТЧЭ-12",,,,"Прочая неисправность провода, кабеля низковольтных цепей и цепей управления",CT,2024,,,,,,,285 days 10:28:00,411028.0,5745.0,600,0.7431761786600496,Осень,0.001435980476776,0
3,13582200,2024-10-12 15:00:00,Московская,"МОСК, ТЧЭ-36",,,,"Прочая неисправность проводов, кабелей силовых цепей",CT,2024,,,,,,,285 days 11:15:00,411075.0,47.0,601,0.7444168734491315,Осень,0.001435980476776,0
3,13580425,2024-10-13 17:43:00,Октябрьская,"ОКТ, ТЧЭ-26",,,,Прочая неисправность синхронизирующей тяги токоприемника,CT,2024,,,,,,,286 days 13:58:00,412678.0,1603.0,602,0.7456575682382134,Осень,0.001435980476776,0
3,13580557,2024-10-13 23:59:00,Западно-Сибирская,"З-СИБ, ТЧЭ-10",,,,Прочая неисправность резинового чехла буксового узла локомотива,CT,2024,,,,,,,286 days 20:14:00,413054.0,376.0,603,0.7468982630272953,Осень,0.001435980476776,0
3,13581521,2024-10-14 11:39:00,Октябрьская,"ОКТ, ТЧЭ-4",,,,Прочая неисправность щеточного аппарата тягового двигателя постоянного тока,CT,2024,,,,,,,287 days 07:54:00,413754.0,700.0,604,0.7481389578163772,Осень,0.001435980476776,0
3,13582306,2024-10-15 02:32:00,Октябрьская,"ОКТ, ТЧЭ-4",,,,Прочая неисправность статора тягового генератора переменного тока,CT,2024,,,,,,,287 days 22:47:00,414647.0,893.0,605,0.749379652605459,Осень,0.001435980476776,0
3,13582559,2024-10-15 06:01:00,Октябрьская,"ОКТ, ТЧЭ-26",,,,Прочая неисправность трубопровода системы циркуляции воды,CT,2024,,,,,,,288 days 02:16:00,414856.0,209.0,606,0.750620347394541,Осень,0.001435980476776,0
3,13612513,2024-10-15 07:00:00,Октябрьская,"ОКТ, ТЧЭ-26",,,,Прочая неисправность предохранителя автосцепки локомотива,CT,2024,,,,,,,288 days 03:15:00,414915.0,59.0,607,0.7518610421836228,Осень,0.001435980476776,0
3,13583215,2024-10-15 12:08:00,Западно-Сибирская,"З-СИБ, ТЧЭ-3",,,,Ослабление болтов крепления фланца муфты привода генератора дизеля,CT,2024,,,,,,,288 days 08:23:00,415223.0,308.0,608,0.7531017369727047,Осень,0.001435980476776,0
3,13583865,2024-10-15 20:14:00,Октябрьская,"ОКТ, ТЧЭ-26",,,,Прочая неисправность корпуса буксы локомотива,CT,2024,,,,,,,288 days 16:29:00,415709.0,486.0,609,0.7543424317617866,Осень,0.001435980476776,0
3,13601734,2024-10-16 00:15:00,Октябрьская,"ОКТ, ТЧЭ-26",,,,Прочая неисправность клапана концевого крана,CT,2024,,,,,,,288 days 20:30:00,415950.0,241.0,610,0.7555831265508685,Осень,0.001435980476776,0
3,13611811,2024-10-16 03:01:00,Октябрьская,"ОКТ, ТЧЭ-26",,,,Износ контактов контактной системы автоматического выключателя,CT,2024,,,,,,,288 days 23:16:00,416116.0,166.0,611,0.7568238213399504,Осень,0.001435980476776,0
2,13584276,2024-10-16 05:00:00,Московская,"МОСК, ТЧЭ-5","4шт ч(к учету 1,43ч)",,"2шт ч(к учету 0,28)ч",Прочая неисправность крышки пневматической блокировки,CT,2024,4.0,"1,43ч",,,2.0,"0,28ч",289 days 01:15:00,416235.0,119.0,612,0.7580645161290323,Осень,0.001435980476776,0
3,13584672,2024-10-16 10:00:00,Московская,"МОСК, ТЧЭ-46",,,,Прочая неисправность вентиля системы циркуляции воды,CT,2024,,,,,,,289 days 06:15:00,416535.0,300.0,613,0.7593052109181141,Осень,0.001435980476776,0
3,13585518,2024-10-17 03:55:00,Западно-Сибирская,"З-СИБ, ТЧЭ-10",,,,Прочая неисправность пневматического привода токоприемника,CT,2024,,,,,,,290 days 00:10:00,417610.0,1075.0,614,0.760545905707196,Осень,0.001435980476776,0
3,13586778,2024-10-17 22:36:00,Октябрьская,"ОКТ, ТЧЭ-12",,,,Неисправность антенны,CT,2024,,,,,,,290 days 18:51:00,418731.0,1121.0,615,0.7617866004962779,Осень,0.001435980476776,0
3,13587121,2024-10-18 07:38:00,Западно-Сибирская,"З-СИБ, ТЧЭ-14",,,,"Код 14.2 Пробоксовки в виде местного износа и выкрашивания металла в местах термомеханических повреждений головки рельса из-за боксования, юза колес подвижного состава или нарушения режимов шлифования рельсошлифовальными поездами",CT,2024,,,,,,,291 days 03:53:00,419273.0,542.0,616,0.7630272952853598,Осень,0.001435980476776,0
3,13595021,2024-10-18 08:53:00,Октябрьская,"ОКТ, ТЧЭ-26",,,,Прочая неисправность колеса главного вентилятора охлаждения дизеля,CT,2024,,,,,,,291 days 05:08:00,419348.0,75.0,617,0.7642679900744417,Осень,0.001435980476776,0
3,13587537,2024-10-18 12:24:00,Западно-Сибирская,"З-СИБ, ТЧЭ-14",,,,"Код 14.2 Пробоксовки в виде местного износа и выкрашивания металла в местах термомеханических повреждений головки рельса из-за боксования, юза колес подвижного состава или нарушения режимов шлифования рельсошлифовальными поездами",CT,2024,,,,,,,291 days 08:39:00,419559.0,211.0,618,0.7655086848635235,Осень,0.001435980476776,0
1,13598283,2024-10-18 16:00:00,Восточно-Сибирская,"ЗАБ, ТЧЭ-1","11шт ч(к учету 7,45ч)","1шт ч(к учету 1,57ч)",,Прочая неисправность бандажа колесной пары локомотива,CT,2024,11.0,"7,45ч",1.0,"1,57ч",,,291 days 12:15:00,419775.0,216.0,619,0.7667493796526055,Осень,0.001435980476776,0
2,13588622,2024-10-19 01:26:00,Восточно-Сибирская,"КРАС, ТЧЭ-3","1шт ч(к учету 0,98ч)",,,"Отгар наконечника провода, кабеля низковольтных цепей и цепей управления",CT,2024,1.0,"0,98ч",,,,,291 days 21:41:00,420341.0,566.0,620,0.7679900744416873,Осень,0.001435980476776,0
3,13589886,2024-10-20 22:30:00,Октябрьская,"ОКТ, ТЧЭ-12",,,,"Прочая неисправность провода, кабеля низковольтных цепей и цепей управления",CT,2024,,,,,,,293 days 18:45:00,423045.0,2704.0,621,0.7692307692307693,Осень,0.001435980476776,0
3,13592524,2024-10-22 07:11:00,Южно-Уральская,"СВЕРД, ТЧЭ-15",,,,Прочая неисправность рукоятки клапана песочницы,CT,2024,,,,,,,295 days 03:26:00,425006.0,1961.0,622,0.7704714640198511,Осень,0.001435980476776,0
3,13591308,2024-10-22 07:27:00,Свердловская,"СВЕРД, ТЧЭ-17",,,,Прочая неисправность пружины сильфона топливоподкачивающего насоса,CT,2024,,,,,,,295 days 03:42:00,425022.0,16.0,623,0.771712158808933,Осень,0.001435980476776,0
3,13592967,2024-10-23 08:30:00,Красноярская,"КРАС, ТЧЭ-3",,,,Прочая неисправность тормозной колодки тормозной рычажной передачи локомотива,CT,2024,,,,,,,296 days 04:45:00,426525.0,1503.0,624,0.7729528535980149,Осень,0.001435980476776,0
3,13593016,2024-10-23 09:12:00,Октябрьская,"ОКТ, ТЧЭ-21",,,,"Прочая неисправность провода, кабеля низковольтных цепей и цепей управления",CT,2024,,,,,,,296 days 05:27:00,426567.0,42.0,625,0.7741935483870968,Осень,0.001435980476776,0
2,13595331,2024-10-25 10:11:00,Дальневосточная,"Д-ВОСТ, ТЧЭ-6",2шт ч(к учету 1ч),,,Запесочивание головок рельса,CT,2024,1.0,1ч,,,,,298 days 06:26:00,429506.0,2939.0,626,0.7754342431761787,Осень,0.001435980476776,0
3,13595424,2024-10-25 13:08:00,Южно-Уральская,"Ю-УР, ТЧЭ-5",,,,Повреждение уплотнения,CT,2024,,,,,,,298 days 09:23:00,429683.0,177.0,627,0.7766749379652605,Осень,0.001435980476776,0
3,13595859,2024-10-25 21:00:00,Октябрьская,"ОКТ, ТЧЭ-26",,,,Прочая неисправность колеса вентилятора охлаждения тягового трансформатора,CT,2024,,,,,,,298 days 17:15:00,430155.0,472.0,628,0.7779156327543424,Осень,0.001435980476776,0
3,13595870,2024-10-26 03:04:00,Красноярская,"КРАС, ТЧЭ-7",,,,"Отгар наконечника провода, кабеля низковольтных цепей и цепей управления",CT,2024,,,,,,,298 days 23:19:00,430519.0,364.0,629,0.7791563275434243,Осень,0.001435980476776,0
3,13597847,2024-10-27 01:43:00,Западно-Сибирская,"З-СИБ, ТЧЭ-3",,,,Прочая неисправность рукоятки клапана песочницы,CT,2024,,,,,,,299 days 21:58:00,431878.0,1359.0,630,0.7803970223325062,Осень,0.001435980476776,0
3,13596980,2024-10-27 16:30:00,Свердловская,"СВЕРД, ТЧЭ-17",,,,Прочая неисправность питательного клапана реле давления,CT,2024,,,,,,,300 days 12:45:00,432765.0,887.0,631,0.7816377171215881,Осень,0.001435980476776,0
3,13597049,2024-10-27 19:38:00,Октябрьская,"ОКТ, ТЧЭ-21",,,,Неисправность резистора,CT,2024,,,,,,,300 days 15:53:00,432953.0,188.0,632,0.78287841191067,Осень,0.001435980476776,0
3,13612183,2024-10-28 23:30:00,Октябрьская,"ОКТ, ТЧЭ-26",,,,Механическое заедание лабиринтных жалюзи,CT,2024,,,,,,,301 days 19:45:00,434625.0,1672.0,633,0.7841191066997518,Осень,0.001435980476776,0
3,13600386,2024-10-30 18:04:00,Западно-Сибирская,"З-СИБ, ТЧЭ-14",,,,Неисправность соединительного кабеля,CT,2024,,,,,,,303 days 14:19:00,437179.0,2554.0,634,0.7853598014888338,Осень,0.001435980476776,0
3,13600503,2024-10-30 19:05:00,Западно-Сибирская,"З-СИБ, ТЧЭ-2",,,,Неисправность блок управления крана машиниста,CT,2024,,,,,,,303 days 15:20:00,437240.0,61.0,635,0.7866004962779156,Осень,0.001435980476776,0
3,13600471,2024-10-30 20:00:00,Западно-Сибирская,"З-СИБ, ТЧЭ-12",,,,"Код 14.2 Пробоксовки в виде местного износа и выкрашивания металла в местах термомеханических повреждений головки рельса из-за боксования, юза колес подвижного состава или нарушения режимов шлифования рельсошлифовальными поездами",CT,2024,,,,,,,303 days 16:15:00,437295.0,55.0,636,0.7878411910669976,Осень,0.001435980476776,0
3,13601564,2024-10-31 17:45:00,Южно-Уральская,"Ю-УР, ТЧЭ-5",,,,Разъединение стрелочных остряков с тягами,CT,2024,,,,,,,304 days 14:00:00,438600.0,1305.0,637,0.7890818858560794,Осень,0.001435980476776,0
1,13598659,2024-11-01 00:30:00,Восточно-Сибирская,"В-СИБ, ТЧЭ-5","1шт ч(к учету 2,72ч)",,,"Ползун, выбоина на поверхности катания бандажа колесной пары локомотива",CT,2024,1.0,"2,72ч",,,,,304 days 20:45:00,439005.0,405.0,638,0.7903225806451613,Осень,0.001435980476776,0
3,13602391,2024-11-01 13:35:00,Московская,"МОСК, ТЧЭ-18",,,,Запесочивание головок рельса,CT,2024,,,,,,,305 days 09:50:00,439790.0,785.0,639,0.7915632754342432,Осень,0.001435980476776,0
3,13603118,2024-11-02 01:31:00,Октябрьская,"ОКТ, ТЧЭ-25",,,,Подгар низковольтных блокировочных контактов электромагнитного контактора вспомогательных цепей и цепей управления,CT,2024,,,,,,,305 days 21:46:00,440506.0,716.0,640,0.792803970223325,Осень,0.001435980476776,0
3,13653771,2024-11-02 07:50:00,Октябрьская,"ОКТ, ТЧЭ-30","1шт ч(к учету 0,02ч)",,,"Прочая неисправность провода, кабеля низковольтных цепей и цепей управления",CT,2024,1.0,"0,02ч",,,,,306 days 04:05:00,440885.0,379.0,641,0.794044665012407,Осень,0.001435980476776,0
3,13603453,2024-11-02 12:26:00,Свердловская,"СВЕРД, ТЧЭ-1",,,,Прочая неисправность пружины крана двойной тяги,CT,2024,,,,,,,306 days 08:41:00,441161.0,276.0,642,0.7952853598014888,Осень,0.001435980476776,0
3,13603888,2024-11-02 15:00:00,Октябрьская,"ОКТ, ТЧЭ-25",,,,Прочая неисправность щеточного аппарата возбудителя синхронного,CT,2024,,,,,,,306 days 11:15:00,441315.0,154.0,643,0.7965260545905707,Осень,0.001435980476776,0
3,13653788,2024-11-04 18:43:00,Московская,"МОСК, ТЧЭ-6",,"1шт ч(к учету 0,08ч)",,Сбой ПО,CT,2024,,,1.0,"0,08ч",,,308 days 14:58:00,444418.0,3103.0,644,0.7977667493796526,Осень,0.001435980476776,0
3,13605687,2024-11-04 21:28:00,Свердловская,"СВЕРД, ТЧЭ-9",,,,Прочая неисправность барабана переключателя дистанционного отключения тяговых двигателей,CT,2024,,,,,,,308 days 17:43:00,444583.0,165.0,645,0.7990074441687345,Осень,0.001435980476776,0
3,13607605,2024-11-06 04:00:00,Западно-Сибирская,"З-СИБ, ТЧЭ-10",,,,Прочая неисправность корпуса масловлагоотделителя,CT,2024,,,,,,,310 days 00:15:00,446415.0,1832.0,646,0.8002481389578163,Осень,0.001435980476776,0
3,13607766,2024-11-06 04:04:00,Свердловская,"СВЕРД, ТЧЭ-10",,,,Пережог простой струны контактной сети,CT,2024,,,,,,,310 days 00:19:00,446419.0,4.0,647,0.8014888337468983,Осень,0.001435980476776,0
3,13612080,2024-11-06 08:29:00,Южно-Уральская,"Ю-УР, ТЧЭ-1",,,,"Ползун, выбоина на поверхности катания бандажа колесной пары локомотива",CT,2024,,,,,,,310 days 04:44:00,446684.0,265.0,648,0.8027295285359801,Осень,0.001435980476776,0
3,13609477,2024-11-06 18:00:00,Московская,"МОСК, ТЧЭ-2",,,,Неисправность счетчика электрической энергии переменного тока,CT,2024,,,,,,,310 days 14:15:00,447255.0,571.0,649,0.8039702233250621,Осень,0.001435980476776,0
3,13610986,2024-11-06 20:59:00,Южно-Уральская,"Ю-УР, ТЧЭ-16",,,,Нарушение регулировочного режима,CT,2024,,,,,,,310 days 17:14:00,447434.0,179.0,650,0.8052109181141439,Осень,0.001435980476776,0
3,13609565,2024-11-06 21:15:00,Октябрьская,"ОКТ, ТЧЭ-21",,,,Неисправность целостности резиновых чехлов аккумуляторной батареи,CT,2024,,,,,,,310 days 17:30:00,447450.0,16.0,651,0.8064516129032258,Осень,0.001435980476776,0
3,13610809,2024-11-07 10:59:00,Московская,"МОСК, ТЧЭ-2",,,,Прочая неисправность воздухопровода тормозной магистрали,CT,2024,,,,,,,311 days 07:14:00,448274.0,824.0,652,0.8076923076923077,Осень,0.001435980476776,0
3,13612166,2024-11-08 03:49:00,Октябрьская,"ОКТ, ТЧЭ-21",,,,Прочая неисправность бокового стекла корпуса кузова локомотива,CT,2024,,,,,,,312 days 00:04:00,449284.0,1010.0,653,0.8089330024813896,Осень,0.001435980476776,0
3,13612449,2024-11-08 09:01:00,Свердловская,"СВЕРД, ТЧЭ-1",,,,"Неисправность манжеты, пружины, штока и т.д.",CT,2024,,,,,,,312 days 05:16:00,449596.0,312.0,654,0.8101736972704715,Осень,0.001435980476776,0
3,13613065,2024-11-08 14:42:00,Восточно-Сибирская,"В-СИБ, ТЧЭ-3",,,,Прочая неисправность манжеты клапана песочницы,CT,2024,,,,,,,312 days 10:57:00,449937.0,341.0,655,0.8114143920595533,Осень,0.001435980476776,0
3,13621239,2024-11-09 23:48:00,Октябрьская,"ОКТ, ТЧЭ-21",,,,Прочая неисправность хомута соединительного рукава,CT,2024,,,,,,,313 days 20:03:00,451923.0,1986.0,656,0.8126550868486352,Осень,0.001435980476776,0
3,13614425,2024-11-10 07:07:00,Свердловская,"СВЕРД, ТЧЭ-1",,,,Прочая неисправность рукоятки клапана песочницы,CT,2024,,,,,,,314 days 03:22:00,452362.0,439.0,657,0.8138957816377171,Осень,0.001435980476776,0
3,13617503,2024-11-11 03:10:00,Западно-Сибирская,"З-СИБ, ТЧЭ-12",,,,"Код 14.2 Пробоксовки в виде местного износа и выкрашивания металла в местах термомеханических повреждений головки рельса из-за боксования, юза колес подвижного состава или нарушения режимов шлифования рельсошлифовальными поездами",CT,2024,,,,,,,314 days 23:25:00,453565.0,1203.0,658,0.815136476426799,Осень,0.001435980476776,0
3,13621358,2024-11-12 07:55:00,Свердловская,"СВЕРД, ТЧЭ-1",,,,Прочая неисправность втулки антивибратора дизеля,CT,2024,,,,,,,316 days 04:10:00,455290.0,1725.0,659,0.8163771712158809,Осень,0.001435980476776,0
3,13621583,2024-11-12 19:00:00,Октябрьская,"ОКТ, ТЧЭ-25",,,,"Пробой изоляции провода, кабеля низковольтных цепей и цепей управления на корпус",CT,2024,,,,,,,316 days 15:15:00,455955.0,665.0,660,0.8176178660049628,Осень,0.001435980476776,0
1,13618234,2024-11-12 19:31:00,Южно-Уральская,"Ю-УР, ТЧЭ-1","4шт ч(к учету 9,92ч)",,,"Прочая неисправность проводов, кабелей силовых цепей",CT,2024,4.0,"9,92ч",,,,,316 days 15:46:00,455986.0,31.0,661,0.8188585607940446,Осень,0.001435980476776,0
3,13621588,2024-11-12 22:00:00,Октябрьская,"ОКТ, ТЧЭ-25",,,,"Пробой изоляции провода, кабеля низковольтных цепей и цепей управления на корпус",CT,2024,,,,,,,316 days 18:15:00,456135.0,149.0,662,0.8200992555831266,Осень,0.001435980476776,0
3,13618345,2024-11-12 23:16:00,Южно-Уральская,"Ю-УР, ТЧЭ-16",,,,Прочая неисправность силовых контактов электромагнитного контактора вспомогательных цепей и цепей управления,CT,2024,,,,,,,316 days 19:31:00,456211.0,76.0,663,0.8213399503722084,Осень,0.001435980476776,0
3,13620131,2024-11-13 20:35:00,Западно-Сибирская,"З-СИБ, ТЧЭ-14",,,,Прочая неисправность рамы токоприемника,CT,2024,,,,,,,317 days 16:50:00,457490.0,1279.0,664,0.8225806451612904,Осень,0.001435980476776,0
3,13620968,2024-11-14 11:11:00,Красноярская,"КРАС, ТЧЭ-7",,,,"Прочая неисправность провода, кабеля низковольтных цепей и цепей управления",CT,2024,,,,,,,318 days 07:26:00,458366.0,876.0,665,0.8238213399503722,Осень,0.001435980476776,0
1,13621520,2024-11-14 15:49:00,Южно-Уральская,"Ю-УР, ТЧЭ-1",,,,Ослабление крепления,CT,2024,,,,,,,318 days 12:04:00,458644.0,278.0,666,0.825062034739454,Осень,0.001435980476776,0
3,13622805,2024-11-15 17:30:00,Московская,"МОСК, ТЧЭ-46",,,,Прочая неисправность бандажа колесной пары локомотива,CT,2024,,,,,,,319 days 13:45:00,460185.0,1541.0,667,0.826302729528536,Осень,0.001435980476776,0
3,13623001,2024-11-16 01:43:00,Октябрьская,"ОКТ, ТЧЭ-14",,,,Прочая неисправность рычага тормозной рычажной передачи локомотива,CT,2024,,,,,,,319 days 21:58:00,460678.0,493.0,668,0.8275434243176178,Осень,0.001435980476776,0
3,13623466,2024-11-16 18:02:00,Красноярская,"КРАС, ТЧЭ-3",,,,"Низкое сопротивление изоляции провода, кабеля низковольтных цепей и цепей управления",CT,2024,,,,,,,320 days 14:17:00,461657.0,979.0,669,0.8287841191066998,Осень,0.001435980476776,0
3,13623752,2024-11-17 08:05:00,Октябрьская,"ОКТ, ТЧЭ-12",,,,Прочая неисправность рукоятки клапана песочницы,CT,2024,,,,,,,321 days 04:20:00,462500.0,843.0,670,0.8300248138957816,Осень,0.001435980476776,0
2,13624617,2024-11-18 06:00:00,Восточно-Сибирская,"КРАС, ТЧЭ-3","1шт ч(к учету 0,95ч)",,,"Низкое сопротивление изоляции провода, кабеля низковольтных цепей и цепей управления",CT,2024,1.0,"0,95ч",,,,,322 days 02:15:00,463815.0,1315.0,671,0.8312655086848635,Осень,0.001435980476776,0
3,13625188,2024-11-18 18:16:00,Московская,"МОСК, ТЧЭ-2",,,,"Прочая неисправность проводов, кабелей силовых цепей",CT,2024,,,,,,,322 days 14:31:00,464551.0,736.0,672,0.8325062034739454,Осень,0.001435980476776,0
3,13625333,2024-11-19 01:31:00,Октябрьская,"ОКТ, ТЧЭ-30",,,,"Ослабление, излом пружины контактной системы автоматического выключателя",CT,2024,,,,,,,322 days 21:46:00,464986.0,435.0,673,0.8337468982630273,Осень,0.001435980476776,0
3,13625753,2024-11-19 09:59:00,Западно-Сибирская,"З-СИБ, ТЧЭ-14",,,,Износ силовых контакторов электропневматического контактора силовой цепи,CT,2024,,,,,,,323 days 06:14:00,465494.0,508.0,674,0.8349875930521092,Осень,0.001435980476776,0
3,13627480,2024-11-20 18:00:00,Свердловская,"СВЕРД, ТЧЭ-9",,,,Повреждение уплотнения,CT,2024,,,,,,,324 days 14:15:00,467415.0,1921.0,675,0.8362282878411911,Осень,0.001435980476776,0
3,13627898,2024-11-21 08:36:00,Северо-Кавказская,"С-КАВ, ТЧЭ-11",,,,Прочая неисправность аккумуляторной батареи,CT,2024,,,,,,,325 days 04:51:00,468291.0,876.0,676,0.8374689826302729,Осень,0.001435980476776,0
2,13628054,2024-11-21 09:47:00,Забайкальская,"ЗАБ, ТЧЭ-14",,"1шт ч(к учету 0,12ч)",,Неисправность МСУД,CT,2024,,,1.0,"0,12ч",,,325 days 06:02:00,468362.0,71.0,677,0.8387096774193549,Осень,0.001435980476776,0
3,13628655,2024-11-21 18:21:00,Красноярская,"КРАС, ТЧЭ-2",,,,Оплавление напаек контактного мостика кнопки,CT,2024,,,,,,,325 days 14:36:00,468876.0,514.0,678,0.8399503722084367,Осень,0.001435980476776,0
1,13628674,2024-11-21 19:07:00,Восточно-Сибирская,"В-СИБ, ТЧЭ-9","7шт ч(к учету 12,9ч)",,,"Пропил полоза, скол вставки полоза",CT,2024,7.0,"12,9ч",,,,,325 days 15:22:00,468922.0,46.0,679,0.8411910669975186,Осень,0.001435980476776,0
1,13628734,2024-11-21 23:10:00,Восточно-Сибирская,"В-СИБ, ТЧЭ-9","4шт ч(к учету 4,13ч)","1шт ч(к учету 0,33ч)",,"Пропил полоза, скол вставки полоза",CT,2024,4.0,"4,13ч",1.0,"0,33ч",,,325 days 19:25:00,469165.0,243.0,680,0.8424317617866005,Осень,0.001435980476776,0
1,13628792,2024-11-22 01:07:00,Восточно-Сибирская,"В-СИБ, ТЧЭ-9","2шт ч(к учету 2,7ч)",,,"Пропил полоза, скол вставки полоза",CT,2024,2.0,"2,7ч",,,,,325 days 21:22:00,469282.0,117.0,681,0.8436724565756824,Осень,0.001435980476776,0
3,13631985,2024-11-22 01:30:00,Московская,"КБШ, ТЧЭ-5",,,,Прочая неисправность корпуса автосцепки локомотива,CT,2024,,,,,,,325 days 21:45:00,469305.0,23.0,682,0.8449131513647643,Осень,0.001435980476776,0
2,13629004,2024-11-22 06:38:00,Октябрьская,"ОКТ, ТЧЭ-1",,"3шт (к учету 1) ч(к учету 0,82ч)",,Прочая неисправность реверсивно-режимного вала контроллера машиниста,CT,2024,,,1.0,"0,82ч",,,326 days 02:53:00,469613.0,308.0,683,0.8461538461538461,Осень,0.001435980476776,0
3,13629423,2024-11-22 13:31:00,Свердловская,"СВЕРД, ТЧЭ-17",,,,Прочая неисправность рычага тормозной рычажной передачи локомотива,CT,2024,,,,,,,326 days 09:46:00,470026.0,413.0,684,0.847394540942928,Осень,0.001435980476776,0
2,13629936,2024-11-23 00:34:00,Восточно-Сибирская,"КРАС, ТЧЭ-2","1шт ч(к учету 0,95ч)",,,Прочая неисправность манжеты тормозного цилиндра,CT,2024,1.0,"0,95ч",,,,,326 days 20:49:00,470689.0,663.0,685,0.8486352357320099,Осень,0.001435980476776,0
3,13629929,2024-11-23 03:00:00,Западно-Сибирская,"З-СИБ, ТЧЭ-4",,,,Пережог контактного медного провода,CT,2024,,,,,,,326 days 23:15:00,470835.0,146.0,686,0.8498759305210918,Осень,0.001435980476776,0
2,13630560,2024-11-24 01:00:00,Восточно-Сибирская,"КРАС, ТЧЭ-2","1шт ч(к учету 0,95ч)",,,Прочая неисправность пневматического привода токоприемника,CT,2024,1.0,"0,95ч",,,,,327 days 21:15:00,472155.0,1320.0,687,0.8511166253101737,Осень,0.001435980476776,0
1,13631060,2024-11-24 19:18:00,Восточно-Сибирская,"В-СИБ, ТЧЭ-9","13шт ч(к учету 9,88ч)",,,Трещина стержня люлечного подвешивания локомотива,CT,2024,13.0,"9,88ч",,,,,328 days 15:33:00,473253.0,1098.0,688,0.8523573200992556,Осень,0.001435980476776,0
2,13632380,2024-11-25 00:04:00,Октябрьская,"ОКТ, ТЧЭ-14","8шт ч(к учету 3,33ч)",,,Износ напаек контактного мостика кнопки,CT,2024,8.0,"3,33ч",,,,,328 days 20:19:00,473539.0,286.0,689,0.8535980148883374,Осень,0.001435980476776,0
3,13631231,2024-11-25 01:24:00,Свердловская,"СВЕРД, ТЧЭ-17",,,,"Прочая неисправность провода, кабеля низковольтных цепей и цепей управления",CT,2024,,,,,,,328 days 21:39:00,473619.0,80.0,690,0.8548387096774194,Осень,0.001435980476776,0
3,13632381,2024-11-26 04:48:00,Красноярская,"КРАС, ТЧЭ-3",,,,"Прочая неисправность провода, кабеля низковольтных цепей и цепей управления",CT,2024,,,,,,,330 days 01:03:00,475263.0,1644.0,691,0.8560794044665012,Осень,0.001435980476776,0
3,13636152,2024-11-26 10:00:00,Свердловская,"СВЕРД, ТЧЭ-1",,,,Обрыв кабеля подключения антенны,CT,2024,,,,,,,330 days 06:15:00,475575.0,312.0,692,0.8573200992555832,Осень,0.001435980476776,0
3,13633238,2024-11-26 19:00:00,Западно-Сибирская,"З-СИБ, ТЧЭ-10",,,,"Пропил полоза, скол вставки полоза",CT,2024,,,,,,,330 days 15:15:00,476115.0,540.0,693,0.858560794044665,Осень,0.001435980476776,0
3,13633400,2024-11-26 20:00:00,Московская,"МОСК, ТЧЭ-36",,,,"Низкое сопротивление изоляции провода, кабеля низковольтных цепей и цепей управления",CT,2024,,,,,,,330 days 16:15:00,476175.0,60.0,694,0.8598014888337469,Осень,0.001435980476776,0
3,13634376,2024-11-27 13:02:00,Северо-Кавказская,"С-КАВ, ТЧЭ-11",,,,Низкая емкость аккумуляторной батареи,CT,2024,,,,,,,331 days 09:17:00,477197.0,1022.0,695,0.8610421836228288,Осень,0.001435980476776,0
2,13634639,2024-11-28 04:09:00,Свердловская,"СВЕРД, ТЧЭ-9","1шт ч(к учету 0,43ч)",,,Пережог контактного медного провода,CT,2024,1.0,"0,43ч",,,,,332 days 00:24:00,478104.0,907.0,696,0.8622828784119106,Осень,0.001435980476776,0
3,13634861,2024-11-28 08:32:00,Северо-Кавказская,"С-КАВ, ТЧЭ-16",,,,Нарушение регулировки подачи песка,CT,2024,,,,,,,332 days 04:47:00,478367.0,263.0,697,0.8635235732009926,Осень,0.001435980476776,0
2,13636150,2024-11-28 08:56:00,Забайкальская,"ЗАБ, ТЧЭ-11",,"2шт (к учету 1) ч(к учету 1,63ч)",,Снижение сопротивления изоляции обмотки статора тягового генератора тягового агрегата,CT,2024,,,1.0,"1,63ч",,,332 days 05:11:00,478391.0,24.0,698,0.8647642679900744,Осень,0.001435980476776,0
1,13635206,2024-11-28 10:53:00,Забайкальская,"ЗАБ, ТЧЭ-11",,"2шт (к учету 1) ч(к учету 1,5ч)",,Снижение сопротивления изоляции обмотки статора тягового генератора тягового агрегата,CT,2024,,,1.0,"1,5ч",,,332 days 07:08:00,478508.0,117.0,699,0.8660049627791563,Осень,0.001435980476776,0
3,13635227,2024-11-28 13:45:00,Московская,"МОСК, ТЧЭ-5",,,,Прочая неисправность сетки камеры осушки,CT,2024,,,,,,,332 days 10:00:00,478680.0,172.0,700,0.8672456575682382,Осень,0.001435980476776,0
2,13652379,2024-11-28 16:13:00,Московская,"МОСК, ТЧЭ-5","2шт ч(к учету 0,47ч)",,"1шт ч(к учету 0,2)ч",Загрязнение поверхности коллектора тягового двигателя постоянного тока,CT,2024,2.0,"0,47ч",,,1.0,"0,2ч",332 days 12:28:00,478828.0,148.0,701,0.8684863523573201,Осень,0.001435980476776,0
1,13635614,2024-11-28 21:22:00,Западно-Сибирская,"З-СИБ, ТЧЭ-4","2шт ч(к учету 2,68ч)",,,Пережог контактного медного провода,CT,2024,2.0,"2,68ч",,,,,332 days 17:37:00,479137.0,309.0,702,0.869727047146402,Осень,0.001435980476776,0
3,13637252,2024-11-30 18:20:00,Октябрьская,"ОКТ, ТЧЭ-32",,,,Прочая неисправность трубопровода системы подачи масла,CT,2024,,,,,,,334 days 14:35:00,481835.0,2698.0,703,0.8709677419354839,Осень,0.001435980476776,0
3,13637295,2024-11-30 20:30:00,Куйбышевская,"КБШ, ТЧЭ-14",,,,Прочая неисправность корпуса буксы локомотива,CT,2024,,,,,,,334 days 16:45:00,481965.0,130.0,704,0.8722084367245657,Осень,0.001435980476776,0
2,13637339,2024-11-30 22:49:00,Октябрьская,"ОКТ, ТЧЭ-22","1шт ч(к учету 0,2ч)","2шт ч(к учету 0,47ч)","1шт ч(к учету 0,3)ч",Возвратная пружина,CT,2024,1.0,"0,2ч",2.0,"0,47ч",1.0,"0,3ч",334 days 19:04:00,482104.0,139.0,705,0.8734491315136477,Осень,0.001435980476776,0
3,13637545,2024-12-01 07:50:00,Западно-Сибирская,"З-СИБ, ТЧЭ-10",,,,Оплавление напаек контактного мостика кнопки,CT,2024,,,,,,,335 days 04:05:00,482645.0,541.0,706,0.8746898263027295,Зима,0.0022225503376566,0
3,13637907,2024-12-01 22:00:00,Красноярская,"КРАС, ТЧЭ-7",,,,"Прочая неисправность провода, кабеля низковольтных цепей и цепей управления",CT,2024,,,,,,,335 days 18:15:00,483495.0,850.0,707,0.8759305210918115,Зима,0.0022225503376566,0
3,13639298,2024-12-03 00:57:00,Октябрьская,"ОКТ, ТЧЭ-32",,,,Излом включающей пружины силовых контактов электромагнитного контактора силовой цепи,CT,2024,,,,,,,336 days 21:12:00,485112.0,1617.0,708,0.8771712158808933,Зима,0.0022225503376566,0
3,13641001,2024-12-03 20:28:00,Октябрьская,"ОКТ, ТЧЭ-28",,,,"Механическое повреждение приемной катушки, клеммной коробки, подводящего рукава, элементов подвески",CT,2024,,,,,,,337 days 16:43:00,486283.0,1171.0,709,0.8784119106699751,Зима,0.0022225503376566,0
1,13641071,2024-12-03 23:15:00,Октябрьская,"ОКТ, ТЧЭ-12","4шт (к учету 3) ч(к учету 1,33ч)",,"1шт ч(к учету 1,58)ч",Прочая неисправность корпуса крана машиниста,CT,2024,3.0,"1,33ч",,,1.0,"1,58ч",337 days 19:30:00,486450.0,167.0,710,0.8796526054590571,Зима,0.0022225503376566,0
1,13642928,2024-12-04 19:05:00,Дальневосточная,"Д-ВОСТ, ТЧЭ-13","3шт ч(к учету 2,82ч)",,,Работа машин тяжелого типа в нарушении температурного режима рельсовой плети,CT,2024,3.0,"2,82ч",,,,,338 days 15:20:00,487640.0,1190.0,711,0.8808933002481389,Зима,0.0022225503376566,0
3,13643228,2024-12-05 03:56:00,Октябрьская,"ОКТ, ТЧЭ-11",,,,Излом рамы токоприемника,CT,2024,,,,,,,339 days 00:11:00,488171.0,531.0,712,0.8821339950372209,Зима,0.0022225503376566,0
3,13645014,2024-12-06 00:35:00,Восточно-Сибирская,"В-СИБ, ТЧЭ-12",,,,Нарушение регулировки подачи песка,CT,2024,,,,,,,339 days 20:50:00,489410.0,1239.0,713,0.8833746898263027,Зима,0.0022225503376566,0
3,13648304,2024-12-06 03:00:00,Восточно-Сибирская,"В-СИБ, ТЧЭ-5",,,,Излом контактов автоматического выключателя минимального давления главного выключателя,CT,2024,,,,,,,339 days 23:15:00,489555.0,145.0,714,0.8846153846153846,Зима,0.0022225503376566,0
3,13645206,2024-12-06 05:49:00,Октябрьская,"ОКТ, ТЧЭ-12",,,,Прочая неисправность корпуса воздухораспределителя,CT,2024,,,,,,,340 days 02:04:00,489724.0,169.0,715,0.8858560794044665,Зима,0.0022225503376566,0
1,13652801,2024-12-06 10:38:00,Забайкальская,"ЗАБ, ТЧЭ-6","5шт ч(к учету 11,57ч)","2шт ч(к учету 1,28ч)",,Излом рамы токоприемника,CT,2024,5.0,"11,57ч",2.0,"1,28ч",,,340 days 06:53:00,490013.0,289.0,716,0.8870967741935484,Зима,0.0022225503376566,0
3,13646415,2024-12-06 21:27:00,Забайкальская,"ЗАБ, ТЧЭ-1",,,,Прочая неисправность штуцера главного резервуара,CT,2024,,,,,,,340 days 17:42:00,490662.0,649.0,717,0.8883374689826302,Зима,0.0022225503376566,0
2,13646500,2024-12-07 03:20:00,Свердловская,"СВЕРД, ТЧЭ-1","3шт ч(к учету 0,77ч)",,"1шт ч(к учету 0,12)ч",Отгорание питающего провода,CT,2024,3.0,"0,77ч",,,1.0,"0,12ч",340 days 23:35:00,491015.0,353.0,718,0.8895781637717122,Зима,0.0022225503376566,0
3,13647754,2024-12-07 06:20:00,Красноярская,"КРАС, ТЧЭ-5",,,,Прочая неисправность блок-контактов реле заземления,CT,2024,,,,,,,341 days 02:35:00,491195.0,180.0,719,0.890818858560794,Зима,0.0022225503376566,0
3,13647137,2024-12-08 02:45:00,Октябрьская,"ОКТ, ТЧЭ-12",,,,Неисправность кнопки,CT,2024,,,,,,,341 days 23:00:00,492420.0,1225.0,720,0.892059553349876,Зима,0.0022225503376566,0
3,13647446,2024-12-08 14:20:00,Московская,"МОСК, ТЧЭ-36",,,,"Низкое сопротивление изоляции провода, кабеля низковольтных цепей и цепей управления",CT,2024,,,,,,,342 days 10:35:00,493115.0,695.0,721,0.8933002481389578,Зима,0.0022225503376566,0
3,13647583,2024-12-08 20:44:00,Октябрьская,"ОКТ, ТЧЭ-12",,,,Неисправность кнопки,CT,2024,,,,,,,342 days 16:59:00,493499.0,384.0,722,0.8945409429280397,Зима,0.0022225503376566,0
1,13647747,2024-12-09 01:53:00,Октябрьская,"ОКТ, ТЧЭ-22","8шт ч(к учету 10,72ч)",,,Неисправность преобразователя собственных нужд,CT,2024,8.0,"10,72ч",,,,,342 days 22:08:00,493808.0,309.0,723,0.8957816377171216,Зима,0.0022225503376566,0
3,13647933,2024-12-09 06:22:00,Красноярская,"КРАС, ТЧЭ-5",,,,Прочая неисправность пружины тумблера,CT,2024,,,,,,,343 days 02:37:00,494077.0,269.0,724,0.8970223325062034,Зима,0.0022225503376566,0
3,13648015,2024-12-09 08:15:00,Западно-Сибирская,"З-СИБ, ТЧЭ-2",,,,"Код 14.2 Пробоксовки в виде местного износа и выкрашивания металла в местах термомеханических повреждений головки рельса из-за боксования, юза колес подвижного состава или нарушения режимов шлифования рельсошлифовальными поездами",CT,2024,,,,,,,343 days 04:30:00,494190.0,113.0,725,0.8982630272952854,Зима,0.0022225503376566,0
3,13648986,2024-12-09 14:55:00,Южно-Уральская,"Ю-УР, ТЧЭ-5",,,,Прочая неисправность бандажа колесной пары локомотива,CT,2024,,,,,,,343 days 11:10:00,494590.0,400.0,726,0.8995037220843672,Зима,0.0022225503376566,0
2,13648833,2024-12-09 15:05:00,Октябрьская,"ОКТ, ТЧЭ-12","1шт ч(к учету 0,3ч)",,"1шт ч(к учету 0,22)ч",Оплавление главных контактов быстродействующего выключателя,CT,2024,1.0,"0,3ч",,,1.0,"0,22ч",343 days 11:20:00,494600.0,10.0,727,0.9007444168734492,Зима,0.0022225503376566,0
3,13653353,2024-12-10 11:05:00,Московская,"МОСК, ТЧЭ-36",,,,"Низкое сопротивление изоляции провода, кабеля низковольтных цепей и цепей управления",CT,2024,,,,,,,344 days 07:20:00,495800.0,1200.0,728,0.901985111662531,Зима,0.0022225503376566,0
3,13651077,2024-12-11 05:40:00,Восточно-Сибирская,"В-СИБ, ТЧЭ-5",,,,Износ манжеты клапана песочницы,CT,2024,,,,,,,345 days 01:55:00,496915.0,1115.0,729,0.9032258064516128,Зима,0.0022225503376566,0
1,13651162,2024-12-11 07:07:00,Октябрьская,"ОКТ, ТЧЭ-11","4шт (к учету 3) ч(к учету 4,28ч)","1шт ч(к учету 0,1ч)","1шт ч(к учету 0,18)ч",Прочая неисправность диафрагмы сигнализатора обрыва тормозной магистрали с датчиком,CT,2024,3.0,"4,28ч",1.0,"0,1ч",1.0,"0,18ч",345 days 03:22:00,497002.0,87.0,730,0.9044665012406948,Зима,0.0022225503376566,0
3,13651706,2024-12-11 11:03:00,Октябрьская,"ОКТ, ТЧЭ-12",,,,Прочая неисправность фильтра грубой очистки масла,CT,2024,,,,,,,345 days 07:18:00,497238.0,236.0,731,0.9057071960297768,Зима,0.0022225503376566,0
3,13652515,2024-12-11 13:00:00,Московская,"КБШ, ТЧЭ-5",,,,Сбой ПО,CT,2024,,,,,,,345 days 09:15:00,497355.0,117.0,732,0.9069478908188584,Зима,0.0022225503376566,0
3,13652630,2024-12-11 21:33:00,Октябрьская,"ОКТ, ТЧЭ-21",,,,Прочая неисправность каретки токоприемника,CT,2024,,,,,,,345 days 17:48:00,497868.0,513.0,733,0.9081885856079404,Зима,0.0022225503376566,0
3,13653561,2024-12-12 10:25:00,Западно-Сибирская,"З-СИБ, ТЧЭ-14",,,,Прогар проводника электрощетки щеточного аппарата тягового двигателя постоянного тока,CT,2024,,,,,,,346 days 06:40:00,498640.0,772.0,734,0.9094292803970224,Зима,0.0022225503376566,0
3,13653435,2024-12-12 10:32:00,Октябрьская,"ОКТ, ТЧЭ-11",,,,Неисправность антенны,CT,2024,,,,,,,346 days 06:47:00,498647.0,7.0,735,0.9106699751861044,Зима,0.0022225503376566,0
1,13653470,2024-12-12 11:16:00,Октябрьская,"ОКТ, ТЧЭ-18","2шт ч(к учету 7,47ч)",,,Прочая неисправность центробежного чувствительного элемента объединенного регулятора,CT,2024,2.0,"7,47ч",,,,,346 days 07:31:00,498691.0,44.0,736,0.911910669975186,Зима,0.0022225503376566,0
1,13654034,2024-12-12 12:57:00,Красноярская,"КРАС, ТЧЭ-7","2шт ч(к учету 2,32ч)",,,Скол угольной вставки токоприемника,CT,2024,2.0,"2,32ч",,,,,346 days 09:12:00,498792.0,101.0,737,0.913151364764268,Зима,0.0022225503376566,0
3,13654182,2024-12-12 16:12:00,Октябрьская,"ОКТ, ТЧЭ-12",,,,Неисправность динамика,CT,2024,,,,,,,346 days 12:27:00,498987.0,195.0,738,0.91439205955335,Зима,0.0022225503376566,0
2,13654461,2024-12-13 02:34:00,Южно-Уральская,"Ю-УР, ТЧЭ-5","1шт ч(к учету 0,38ч)",,,Прочая неисправность уплотнительного кольца крана машиниста,CT,2024,1.0,"0,38ч",,,,,346 days 22:49:00,499609.0,622.0,739,0.9156327543424316,Зима,0.0022225503376566,0
3,13655559,2024-12-13 11:05:00,Свердловская,"СВЕРД, ТЧЭ-17",,,,Прочая неисправность изолятора токоприемника,CT,2024,,,,,,,347 days 07:20:00,500120.0,511.0,740,0.9168734491315136,Зима,0.0022225503376566,0
2,13656381,2024-12-14 18:03:00,Московская,"МОСК, ТЧЭ-5","2шт ч(к учету 0,58ч)",,"2шт (к учету 1) ч(к учету 0,4)ч",Неисправность транзистора,CT,2024,2.0,"0,58ч",,,1.0,"0,4ч",348 days 14:18:00,501978.0,1858.0,741,0.9181141439205956,Зима,0.0022225503376566,0
2,13656478,2024-12-14 21:36:00,Восточно-Сибирская,"В-СИБ, ТЧЭ-5","4шт ч(к учету 0,95ч)",,,Дефект манжеты № 3  усл. № 270.313 штока главного поршня,CT,2024,4.0,"0,95ч",,,,,348 days 17:51:00,502191.0,213.0,742,0.9193548387096774,Зима,0.0022225503376566,0
3,13656841,2024-12-15 10:20:00,Западно-Сибирская,"З-СИБ, ТЧЭ-4",,,,Излом рамы токоприемника,CT,2024,,,,,,,349 days 06:35:00,502955.0,764.0,743,0.9205955334987592,Зима,0.0022225503376566,0
3,13656873,2024-12-15 11:40:00,Московская,"МОСК, ТЧЭ-18",,,,Прочая неисправность аккумуляторной батареи,CT,2024,,,,,,,349 days 07:55:00,503035.0,80.0,744,0.9218362282878412,Зима,0.0022225503376566,0
3,13658281,2024-12-15 23:54:00,Свердловская,"СВЕРД, ТЧЭ-9",,,,Пробой изоляции обмотки дополнительного полюса на корпус якоря тягового двигателя постоянного тока,CT,2024,,,,,,,349 days 20:09:00,503769.0,734.0,745,0.9230769230769232,Зима,0.0022225503376566,0
3,13657181,2024-12-16 00:19:00,Московская,"МОСК, ТЧЭ-42",,,,Неисправность преобразователя собственных нужд,CT,2024,,,,,,,349 days 20:34:00,503794.0,25.0,746,0.924317617866005,Зима,0.0022225503376566,0
3,13657241,2024-12-16 01:03:00,Октябрьская,"ОКТ, ТЧЭ-28",,,,Нарушение регулировки подачи песка,CT,2024,,,,,,,349 days 21:18:00,503838.0,44.0,747,0.9255583126550868,Зима,0.0022225503376566,0
3,13657369,2024-12-16 02:07:00,Октябрьская,"ОКТ, ТЧЭ-12",,,,Прочая неисправность каретки токоприемника,CT,2024,,,,,,,349 days 22:22:00,503902.0,64.0,748,0.9267990074441688,Зима,0.0022225503376566,0
3,13657272,2024-12-16 02:10:00,Московская,"МОСК, ТЧЭ-5",,,,Прочая неисправность манжеты клапана песочницы,CT,2024,,,,,,,349 days 22:25:00,503905.0,3.0,749,0.9280397022332506,Зима,0.0022225503376566,0
3,13657229,2024-12-16 02:32:00,Западно-Сибирская,"З-СИБ, ТЧЭ-2",,,,Прочая неисправность стакана буксового узла локомотива,CT,2024,,,,,,,349 days 22:47:00,503927.0,22.0,750,0.9292803970223326,Зима,0.0022225503376566,0
3,13657547,2024-12-16 08:21:00,Октябрьская,"ОКТ, ТЧЭ-25",,,,Нарушение регулировки подачи песка,CT,2024,,,,,,,350 days 04:36:00,504276.0,349.0,751,0.9305210918114144,Зима,0.0022225503376566,0
2,13657490,2024-12-16 09:00:00,Октябрьская,"ОКТ, ТЧЭ-18","1шт ч(к учету 0,38ч)","1шт ч(к учету 0,48ч)",,Прочая неисправность диода выпрямительной установки,CT,2024,1.0,"0,38ч",1.0,"0,48ч",,,350 days 05:15:00,504315.0,39.0,752,0.9317617866004962,Зима,0.0022225503376566,0
3,13657887,2024-12-16 10:20:00,Московская,"МОСК, ТЧЭ-36",,,,"Низкое сопротивление изоляции провода, кабеля низковольтных цепей и цепей управления",CT,2024,,,,,,,350 days 06:35:00,504395.0,80.0,753,0.9330024813895782,Зима,0.0022225503376566,1
3,13661744,2024-12-16 14:26:00,Свердловская,"СВЕРД, ТЧЭ-15",,,,"Неисправность манжеты, пружины, штока и т.д.",CT,2024,,,,,,,350 days 10:41:00,504641.0,246.0,754,0.93424317617866,Зима,0.0022225503376566,0
3,13657905,2024-12-16 17:18:00,Октябрьская,"ОКТ, ТЧЭ-28",,,,Прочая неисправность трубопроводов системы подачи топлива,CT,2024,,,,,,,350 days 13:33:00,504813.0,172.0,755,0.935483870967742,Зима,0.0022225503376566,0
3,13658107,2024-12-16 18:37:00,Восточно-Сибирская,"В-СИБ, ТЧЭ-5",,,,Прочая неисправность рукоятки клапана песочницы,CT,2024,,,,,,,350 days 14:52:00,504892.0,79.0,756,0.9367245657568238,Зима,0.0022225503376566,0
3,13658076,2024-12-17 02:00:00,Московская,"МОСК, ТЧЭ-5",,,,"Сдвиг, проворот бандажа колесной пары локомотива",CT,2024,,,,,,,350 days 22:15:00,505335.0,443.0,757,0.9379652605459056,Зима,0.0022225503376566,0
3,13658223,2024-12-17 04:06:00,Западно-Сибирская,"З-СИБ, ТЧЭ-3",,,,"Сдвиг, проворот бандажа колесной пары локомотива",CT,2024,,,,,,,351 days 00:21:00,505461.0,126.0,758,0.9392059553349876,Зима,0.0022225503376566,0
3,13658794,2024-12-17 11:00:00,Московская,"МОСК, ТЧЭ-36",,,,"Низкое сопротивление изоляции провода, кабеля низковольтных цепей и цепей управления",CT,2024,,,,,,,351 days 07:15:00,505875.0,414.0,759,0.9404466501240696,Зима,0.0022225503376566,0
3,13659140,2024-12-17 16:42:00,Октябрьская,"ОКТ, ТЧЭ-1",,,,Износ резьбы корпуса тройника,CT,2024,,,,,,,351 days 12:57:00,506217.0,342.0,760,0.9416873449131512,Зима,0.0022225503376566,0
3,13659354,2024-12-17 23:15:00,Западно-Сибирская,"З-СИБ, ТЧЭ-14",,,,Прочая неисправность пневматического привода кулачкового переключателя силовых цепей,CT,2024,,,,,,,351 days 19:30:00,506610.0,393.0,761,0.9429280397022332,Зима,0.0022225503376566,0
2,13660418,2024-12-18 00:54:00,Северная,"МОСК, ТЧЭ-6",,"1шт ч(к учету 0,18ч)",,Неисправность антенны,CT,2024,,,1.0,"0,18ч",,,351 days 21:09:00,506709.0,99.0,762,0.9441687344913152,Зима,0.0022225503376566,0
3,13659633,2024-12-18 06:30:00,Московская,"МОСК, ТЧЭ-5",,,,Прочая неисправность манжеты клапана песочницы,CT,2024,,,,,,,352 days 02:45:00,507045.0,336.0,763,0.9454094292803972,Зима,0.0022225503376566,0
3,13659751,2024-12-18 08:07:00,Северо-Кавказская,"С-КАВ, ТЧЭ-16",,,,Прочая неисправность рукоятки клапана песочницы,CT,2024,,,,,,,352 days 04:22:00,507142.0,97.0,764,0.9466501240694788,Зима,0.0022225503376566,0
3,13659972,2024-12-18 10:58:00,Октябрьская,"ОКТ, ТЧЭ-12",,,,Прочая неисправность трубопровода системы циркуляции воды,CT,2024,,,,,,,352 days 07:13:00,507313.0,171.0,765,0.9478908188585607,Зима,0.0022225503376566,0
3,13660415,2024-12-18 15:55:00,Московская,"МОСК, ТЧЭ-42",,,,Износ резиновых уплотнений поршня гидромуфты гидромеханического редуктора,CT,2024,,,,,,,352 days 12:10:00,507610.0,297.0,766,0.9491315136476428,Зима,0.0022225503376566,0
3,13660624,2024-12-18 21:31:00,Октябрьская,"ОКТ, ТЧЭ-1",,,,Прочая неисправность дугогасительной системы контактора главного контроллера,CT,2024,,,,,,,352 days 17:46:00,507946.0,336.0,767,0.9503722084367244,Зима,0.0022225503376566,0
3,13660940,2024-12-18 23:38:00,Свердловская,"СВЕРД, ТЧЭ-9",,,,"Неисправность манжеты, пружины, штока и т.д.",CT,2024,,,,,,,352 days 19:53:00,508073.0,127.0,768,0.9516129032258064,Зима,0.0022225503376566,0
3,13661001,2024-12-19 06:23:00,Октябрьская,"ОКТ, ТЧЭ-11",,,,Неисправность антенны,CT,2024,,,,,,,353 days 02:38:00,508478.0,405.0,769,0.9528535980148884,Зима,0.0022225503376566,0
3,13662297,2024-12-20 01:25:00,Горьковская,"ОКТ, ТЧЭ-1",,,,Прочая неисправность корпуса быстродействующего выключателя,CT,2024,,,,,,,353 days 21:40:00,509620.0,1142.0,770,0.9540942928039702,Зима,0.0022225503376566,0
2,13682122,2024-12-20 06:29:00,Горьковская,"ГОРЬК, Т",,"2шт (к учету 1) ч(к учету 0,3ч)",,Неисправность электрооборудования локомотива,CT,2024,,,1.0,"0,3ч",,,354 days 02:44:00,509924.0,304.0,771,0.955334987593052,Зима,0.0022225503376566,0
1,13663126,2024-12-20 23:10:00,Забайкальская,"ЗАБ, ТЧЭ-11","1шт ч(к учету 1,83ч)",,,Излом рамы токоприемника,CT,2024,1.0,"1,83ч",,,,,354 days 19:25:00,510925.0,1001.0,772,0.956575682382134,Зима,0.0022225503376566,0
1,13663162,2024-12-21 00:10:00,Свердловская,"СВЕРД, ТЧЭ-1","2шт ч(к учету 2,4ч)",,,Прочая неисправность замка автосцепки локомотива,CT,2024,2.0,"2,4ч",,,,,354 days 20:25:00,510985.0,60.0,773,0.957816377171216,Зима,0.0022225503376566,0
3,13663558,2024-12-21 14:45:00,Октябрьская,"ОКТ, ТЧЭ-12",,,,Нарушение регулировки подачи песка,CT,2024,,,,,,,355 days 11:00:00,511860.0,875.0,774,0.9590570719602978,Зима,0.0022225503376566,0
2,13663898,2024-12-22 05:03:00,Свердловская,"СВЕРД, ТЧЭ-15","1шт ч(к учету 0,95ч)",,,Трещина кулачкового вала блокировочного устройства,CT,2024,1.0,"0,95ч",,,,,356 days 01:18:00,512718.0,858.0,775,0.9602977667493796,Зима,0.0022225503376566,0
3,13664044,2024-12-22 08:41:00,Свердловская,"СВЕРД, ТЧЭ-9",,,,Износ кольца привода подвозбудителя,CT,2024,,,,,,,356 days 04:56:00,512936.0,218.0,776,0.9615384615384616,Зима,0.0022225503376566,0
2,13666337,2024-12-22 10:33:00,Красноярская,"КРАС, ТЧЭ-1","1шт ч(к учету 0,52ч)",,,"Потеря упругости, наличие рисок, излом уплотнительного кольца крана машиниста больше нормы",CT,2024,1.0,"0,52ч",,,,,356 days 06:48:00,513048.0,112.0,777,0.9627791563275434,Зима,0.0022225503376566,0
3,13664443,2024-12-22 23:01:00,Восточно-Сибирская,"В-СИБ, ТЧЭ-7",,,,Прочая неисправность остова тягового двигателя постоянного тока,CT,2024,,,,,,,356 days 19:16:00,513796.0,748.0,778,0.9640198511166254,Зима,0.0022225503376566,0
2,13664395,2024-12-23 02:30:00,Западно-Сибирская,"З-СИБ, ТЧЭ-14","3шт ч(к учету 1,08ч)",,,Потеря жесткости притирающей пружины электромагнитного контактора силовой цепи,CT,2024,3.0,"1,08ч",,,,,356 days 22:45:00,514005.0,209.0,779,0.9652605459057072,Зима,0.0022225503376566,0
1,13664531,2024-12-23 05:29:00,Свердловская,"СВЕРД, ТЧЭ-18","2шт ч(к учету 3,7ч)","2шт ч(к учету 1,62ч)",,Неисправность блока МСУ-ТЭ,CT,2024,2.0,"3,7ч",2.0,"1,62ч",,,357 days 01:44:00,514184.0,179.0,780,0.966501240694789,Зима,0.0022225503376566,0
3,13664530,2024-12-23 05:41:00,Московская,"МОСК, ТЧЭ-2",,,,Неисправность системы обеспечения безопасности движения МПСУ-БД,CT,2024,,,,,,,357 days 01:56:00,514196.0,12.0,781,0.967741935483871,Зима,0.0022225503376566,0
1,13665136,2024-12-23 09:48:00,Октябрьская,"ОКТ, ТЧЭ-14","43шт (к учету 32) ч(к учету 18,47ч)",,,Прочая неисправность шпильки крана машиниста,CT,2024,32.0,"18,47ч",,,,,357 days 06:03:00,514443.0,247.0,782,0.9689826302729528,Зима,0.0022225503376566,0
3,13665568,2024-12-23 19:09:00,Московская,"МОСК, ТЧЭ-46",,,,Прочая неисправность манжеты клапана песочницы,CT,2024,,,,,,,357 days 15:24:00,515004.0,561.0,783,0.9702233250620348,Зима,0.0022225503376566,0
3,13665755,2024-12-24 01:33:00,Октябрьская,"ОКТ, ТЧЭ-12",,,,Неисправность вставки токоприемника,CT,2024,,,,,,,357 days 21:48:00,515388.0,384.0,784,0.9714640198511166,Зима,0.0022225503376566,0
3,13666562,2024-12-24 12:28:00,Западно-Сибирская,"З-СИБ, ТЧЭ-14",,,,"Код 14.2 Пробоксовки в виде местного износа и выкрашивания металла в местах термомеханических повреждений головки рельса из-за боксования, юза колес подвижного состава или нарушения режимов шлифования рельсошлифовальными поездами",CT,2024,,,,,,,358 days 08:43:00,516043.0,655.0,785,0.9727047146401984,Зима,0.0022225503376566,0
3,13666823,2024-12-24 13:26:00,Октябрьская,"ОКТ, ТЧЭ-12",,,,Прочая неисправность рукоятки клапана песочницы,CT,2024,,,,,,,358 days 09:41:00,516101.0,58.0,786,0.9739454094292804,Зима,0.0022225503376566,0
3,13666966,2024-12-24 14:00:00,Западно-Сибирская,"З-СИБ, ТЧЭ-10",,,,Прочая неисправность статора асинхронного расщепителя фаз,CT,2024,,,,,,,358 days 10:15:00,516135.0,34.0,787,0.9751861042183624,Зима,0.0022225503376566,0
3,13668733,2024-12-24 15:50:00,Южно-Уральская,"СВЕРД, ТЧЭ-15",,,,"Код 14.2 Пробоксовки в виде местного износа и выкрашивания металла в местах термомеханических повреждений головки рельса из-за боксования, юза колес подвижного состава или нарушения режимов шлифования рельсошлифовальными поездами",CT,2024,,,,,,,358 days 12:05:00,516245.0,110.0,788,0.9764267990074442,Зима,0.0022225503376566,0
3,13668782,2024-12-25 11:32:00,Московская,"МОСК, ТЧЭ-2",,,,Износ резинового уплотнения крана машиниста,CT,2024,,,,,,,359 days 07:47:00,517427.0,1182.0,789,0.977667493796526,Зима,0.0022225503376566,0
3,13672003,2024-12-26 04:03:00,Западно-Сибирская,"З-СИБ, ТЧЭ-4",,,,"Излом, потеря жесткости пружины толкателя кнопки",CT,2024,,,,,,,360 days 00:18:00,518418.0,991.0,790,0.978908188585608,Зима,0.0022225503376566,0
1,13669354,2024-12-26 04:58:00,Восточно-Сибирская,"В-СИБ, ТЧЭ-3","12шт ч(к учету 15,62ч)",,"1шт ч(к учету 0,42)ч",Прочая неисправность замкодержателя автосцепки локомотива,CT,2024,12.0,"15,62ч",,,1.0,"0,42ч",360 days 01:13:00,518473.0,55.0,791,0.98014888337469,Зима,0.0022225503376566,0
3,13671685,2024-12-26 09:20:00,Западно-Сибирская,"З-СИБ, ТЧЭ-12",,,,"Код 14.2 Пробоксовки в виде местного износа и выкрашивания металла в местах термомеханических повреждений головки рельса из-за боксования, юза колес подвижного состава или нарушения режимов шлифования рельсошлифовальными поездами",CT,2024,,,,,,,360 days 05:35:00,518735.0,262.0,792,0.9813895781637716,Зима,0.0022225503376566,0
2,13669769,2024-12-26 09:30:00,Красноярская,"КРАС, ТЧЭ-5","2шт ч(к учету 0,9ч)",,,Заклинивание плунжера регулятора числа оборотов объединенного регулятора,CT,2024,2.0,"0,9ч",,,,,360 days 05:45:00,518745.0,10.0,793,0.9826302729528535,Зима,0.0022225503376566,0
3,13670189,2024-12-26 16:23:00,Южно-Уральская,"Ю-УР, ТЧЭ-5",,,,Прочая неисправность корпуса буксы локомотива,CT,2024,,,,,,,360 days 12:38:00,519158.0,413.0,794,0.9838709677419356,Зима,0.0022225503376566,0
2,13670508,2024-12-27 04:11:00,Северо-Кавказская,"С-КАВ, ТЧЭ-16","1шт ч(к учету 0,52ч)","3шт ч(к учету 0,53ч)",,Прочая неисправность стабилизатора крана машиниста,CT,2024,1.0,"0,52ч",3.0,"0,53ч",,,361 days 00:26:00,519866.0,708.0,795,0.9851116625310172,Зима,0.0022225503376566,0
3,13672199,2024-12-28 13:00:00,Куйбышевская,"КБШ, ТЧЭ-16",,,,Прочая неисправность патрубков глушителя,CT,2024,,,,,,,362 days 09:15:00,521835.0,1969.0,796,0.9863523573200992,Зима,0.0022225503376566,0
3,13672491,2024-12-28 18:00:00,Московская,"МОСК, ТЧЭ-6",,,,Прочая неисправность блок-контактов реле перегрузки,CT,2024,,,,,,,362 days 14:15:00,522135.0,300.0,797,0.9875930521091812,Зима,0.0022225503376566,0
3,13672713,2024-12-28 23:56:00,Западно-Сибирская,"СВЕРД, ТЧЭ-8",,,,"Сдвиг, проворот бандажа колесной пары локомотива",CT,2024,,,,,,,362 days 20:11:00,522491.0,356.0,798,0.988833746898263,Зима,0.0022225503376566,0
3,13672782,2024-12-29 06:44:00,Свердловская,"СВЕРД, ТЧЭ-15",,,,Прочая неисправность корпуса буксы локомотива,CT,2024,,,,,,,363 days 02:59:00,522899.0,408.0,799,0.9900744416873448,Зима,0.0022225503376566,0
3,13673198,2024-12-29 19:27:00,Западно-Сибирская,"З-СИБ, ТЧЭ-10",,,,Прочая неисправность остова тягового двигателя постоянного тока,CT,2024,,,,,,,363 days 15:42:00,523662.0,763.0,800,0.9913151364764268,Зима,0.0022225503376566,0
3,13673570,2024-12-30 08:05:00,Восточно-Сибирская,"В-СИБ, ТЧЭ-3",,,,"Прочая неисправность провода, кабеля низковольтных цепей и цепей управления",CT,2024,,,,,,,364 days 04:20:00,524420.0,758.0,801,0.9925558312655088,Зима,0.0022225503376566,0
3,13673633,2024-12-30 10:51:00,Восточно-Сибирская,"В-СИБ, ТЧЭ-12",,,,Нарушение регулировки подачи песка,CT,2024,,,,,,,364 days 07:06:00,524586.0,166.0,802,0.9937965260545906,Зима,0.0022225503376566,0
3,13673938,2024-12-30 20:30:00,Красноярская,"КРАС, ТЧЭ-5",,,,Оплавление гибкого кабеля контакторного элемента блокировочного переключателя,CT,2024,,,,,,,364 days 16:45:00,525165.0,579.0,803,0.9950372208436724,Зима,0.0022225503376566,0
2,13673906,2024-12-30 20:45:00,Московская,"МОСК, ТЧЭ-5","1шт ч(к учету 0,27ч)",,"2шт ч(к учету 0,32)ч",Неисправность электронных элементов электронного узла,CT,2024,1.0,"0,27ч",,,2.0,"0,32ч",364 days 17:00:00,525180.0,15.0,804,0.9962779156327544,Зима,0.0022225503376566,0
3,13674044,2024-12-31 00:00:00,Октябрьская,"ОКТ, ТЧЭ-12",,,,Износ металлокерамической накладки вставки токоприемника,CT,2024,,,,,,,364 days 20:15:00,525375.0,195.0,805,0.9975186104218362,Зима,0.0022225503376566,0
3,13674249,2024-12-31 06:07:00,Восточно-Сибирская,"В-СИБ, ТЧЭ-5",,,,Прочая неисправность манжеты клапана песочницы,CT,2024,,,,,,,365 days 02:22:00,525742.0,367.0,806,0.9987593052109182,Зима,0.0022225503376566,0
3,13674131,2024-12-31 06:23:00,Московская,"МОСК, ТЧЭ-18",,,,Запесочивание головок рельса,CT,2024,,,,,,,365 days 02:38:00,525758.0,16.0,807,1.0,Зима,0.0022225503376566,0
