CATEGORY,START_TIME,ROAD,DEPARTMENT,YEAR,SOURCE_YEAR,DELTA_TIME,DELTA_MINUTES,TIME_DIFF,INDEX,SEASON,SEASON_INDEX,MONTH,LAMBDA_FITTER,LAMBDA_MONTH,ENTITY_TYPE
,2025-01-01 02:41:20.907470676,Восточно-Сибирская,SYNTHETIC,2025,2024,0 days 00:00:00,0.0,0.0,0.0,Зима,1,1,0.0023721320692231,102.47610539043907,road
,2025-01-01 13:52:05.914635552,Восточно-Сибирская,SYNTHETIC,2025,2024,0 days 11:10:45.007164876,670.7501194146,670.7501194146,0.0008460236886632825,Зима,1,1,0.0023721320692231,102.47610539043907,road
,2025-01-01 17:50:20.993673426,Восточно-Сибирская,SYNTHETIC,2025,2024,0 days 15:09:00.086202750,909.0014367125,238.25131729789996,0.001692047377326565,Зима,1,1,0.0023721320692231,102.47610539043907,road
,2025-01-01 22:04:40.759664178,Восточно-Сибирская,SYNTHETIC,2025,2024,0 days 19:23:19.852193502,1163.3308698916999,254.3294331791999,0.0025380710659898475,Зима,1,1,0.0023721320692231,102.47610539043907,road
,2025-01-02 03:07:53.257417740,Восточно-Сибирская,SYNTHETIC,2025,2024,1 days 00:26:32.349947064,1466.5391657844,303.2082958927001,0.00338409475465313,Зима,1,1,0.0023721320692231,102.47610539043907,road
,2025-01-02 11:54:09.475863270,Восточно-Сибирская,SYNTHETIC,2025,2024,1 days 09:12:48.568392594,1992.8094732099,526.2703074255,0.004230118443316413,Зима,1,1,0.0023721320692231,102.47610539043907,road
,2025-01-02 14:08:51.338036940,Восточно-Сибирская,SYNTHETIC,2025,2024,1 days 11:27:30.430566264,2127.5071761044,134.69770289450003,0.005076142131979695,Зима,1,1,0.0023721320692231,102.47610539043907,road
,2025-01-02 15:03:30.383288196,Восточно-Сибирская,SYNTHETIC,2025,2024,1 days 12:22:09.475817520,2182.157930292,54.65075418759989,0.005922165820642978,Зима,1,1,0.0023721320692231,102.47610539043907,road
,2025-01-02 20:45:50.382778236,Восточно-Сибирская,SYNTHETIC,2025,2024,1 days 18:04:29.475307560,2524.491255126,342.333324834,0.00676818950930626,Зима,1,1,0.0023721320692231,102.47610539043907,road
,2025-01-02 23:32:46.099165020,Восточно-Сибирская,SYNTHETIC,2025,2024,1 days 20:51:25.191694344,2691.4198615724,166.92860644639995,0.007614213197969543,Зима,1,1,0.0023721320692231,102.47610539043907,road
,2025-01-03 03:39:04.632008586,Восточно-Сибирская,SYNTHETIC,2025,2024,2 days 00:57:43.724537910,2937.7287422985,246.30888072610014,0.008460236886632826,Зима,1,1,0.0023721320692231,102.47610539043907,road
,2025-01-03 10:57:58.821720912,Восточно-Сибирская,SYNTHETIC,2025,2024,2 days 08:16:37.914250236,3376.6319041706,438.9031618721001,0.009306260575296108,Зима,1,1,0.0023721320692231,102.47610539043907,road
,2025-01-03 15:45:15.648026586,Восточно-Сибирская,SYNTHETIC,2025,2024,2 days 13:03:54.740555910,3663.9123425985,287.28043842789975,0.01015228426395939,Зима,1,1,0.0023721320692231,102.47610539043907,road
,2025-01-03 22:33:27.994907658,Восточно-Сибирская,SYNTHETIC,2025,2024,2 days 19:52:07.087436982,4072.1181239497,408.20578135120013,0.010998307952622674,Зима,1,1,0.0023721320692231,102.47610539043907,road
,2025-01-04 04:04:41.285530932,Восточно-Сибирская,SYNTHETIC,2025,2024,3 days 01:23:20.378060256,4403.3396343376,331.2215103878998,0.011844331641285956,Зима,1,1,0.0023721320692231,102.47610539043907,road
,2025-01-04 13:32:13.962119274,Восточно-Сибирская,SYNTHETIC,2025,2024,3 days 10:50:53.054648598,4970.8842441433,567.5446098057,0.012690355329949238,Зима,1,1,0.0023721320692231,102.47610539043907,road
,2025-01-04 22:08:12.439467408,Восточно-Сибирская,SYNTHETIC,2025,2024,3 days 19:26:51.531996732,5486.8588666122,515.9746224688997,0.01353637901861252,Зима,1,1,0.0023721320692231,102.47610539043907,road
,2025-01-05 03:30:16.251095807,Восточно-Сибирская,SYNTHETIC,2025,2024,4 days 00:48:55.343625131,5808.922393752184,322.0635271399842,0.014382402707275803,Зима,1,1,0.0023721320692231,102.47610539043907,road
,2025-01-05 11:29:10.201465194,Восточно-Сибирская,SYNTHETIC,2025,2024,4 days 08:47:49.293994518,6287.8215665753,478.8991728231158,0.015228426395939087,Зима,1,1,0.0023721320692231,102.47610539043907,road
,2025-01-06 02:00:57.177275394,Восточно-Сибирская,SYNTHETIC,2025,2024,4 days 23:19:36.269804718,7159.6044967453,871.7829301700003,0.016074450084602367,Зима,1,1,0.0023721320692231,102.47610539043907,road
,2025-01-06 05:59:36.234828246,Восточно-Сибирская,SYNTHETIC,2025,2024,5 days 03:18:15.327357570,7398.2554559595,238.65095921420016,0.01692047377326565,Зима,1,1,0.0023721320692231,102.47610539043907,road
,2025-01-06 09:44:00.752851278,Восточно-Сибирская,SYNTHETIC,2025,2024,5 days 07:02:39.845380602,7622.6640896767,224.40863371720025,0.017766497461928935,Зима,1,1,0.0023721320692231,102.47610539043907,road
,2025-01-06 19:53:09.260440740,Восточно-Сибирская,SYNTHETIC,2025,2024,5 days 17:11:48.352970064,8231.8058828344,609.1417931576998,0.018612521150592216,Зима,1,1,0.0023721320692231,102.47610539043907,road
,2025-01-07 02:01:25.830155538,Восточно-Сибирская,SYNTHETIC,2025,2024,5 days 23:20:04.922684862,8600.0820447477,368.2761619132998,0.0194585448392555,Зима,1,1,0.0023721320692231,102.47610539043907,road
,2025-01-07 02:32:28.808348706,Восточно-Сибирская,SYNTHETIC,2025,2024,5 days 23:51:07.900878030,8631.1316813005,31.04963655279971,0.02030456852791878,Зима,1,1,0.0023721320692231,102.47610539043907,road
,2025-01-07 18:11:09.326113752,Восточно-Сибирская,SYNTHETIC,2025,2024,6 days 15:29:48.418643076,9569.8069773846,938.6752960841004,0.021150592216582064,Зима,1,1,0.0023721320692231,102.47610539043907,road
,2025-01-07 18:24:20.180615772,Восточно-Сибирская,SYNTHETIC,2025,2024,6 days 15:42:59.273145096,9582.9878857516,13.180908366999574,0.021996615905245348,Зима,1,1,0.0023721320692231,102.47610539043907,road
,2025-01-08 04:06:02.965912362,Восточно-Сибирская,SYNTHETIC,2025,2024,7 days 01:24:42.058441686,10164.7009740281,581.7130882764995,0.02284263959390863,Зима,1,1,0.0023721320692231,102.47610539043907,road
,2025-01-08 14:05:33.253120974,Восточно-Сибирская,SYNTHETIC,2025,2024,7 days 11:24:12.345650298,10764.2057608383,599.504786810201,0.023688663282571912,Зима,1,1,0.0023721320692231,102.47610539043907,road
,2025-01-09 11:35:31.321241826,Восточно-Сибирская,SYNTHETIC,2025,2024,8 days 08:54:10.413771150,12054.1735628525,1289.9678020142,0.024534686971235193,Зима,1,1,0.0023721320692231,102.47610539043907,road
,2025-01-09 11:58:59.037148806,Восточно-Сибирская,SYNTHETIC,2025,2024,8 days 09:17:38.129678130,12077.6354946355,23.461931783000182,0.025380710659898477,Зима,1,1,0.0023721320692231,102.47610539043907,road
,2025-01-09 18:21:57.443985276,Восточно-Сибирская,SYNTHETIC,2025,2024,8 days 15:40:36.536514600,12460.60894191,382.97344727450036,0.02622673434856176,Зима,1,1,0.0023721320692231,102.47610539043907,road
,2025-01-09 22:17:19.868558574,Восточно-Сибирская,SYNTHETIC,2025,2024,8 days 19:35:58.961087898,12695.9826847983,235.3737428882996,0.02707275803722504,Зима,1,1,0.0023721320692231,102.47610539043907,road
,2025-01-10 01:06:33.334979843,Восточно-Сибирская,SYNTHETIC,2025,2024,8 days 22:25:12.427509167,12865.207125152783,169.2244403544828,0.027918781725888325,Зима,1,1,0.0023721320692231,102.47610539043907,road
,2025-01-10 01:46:27.657157338,Восточно-Сибирская,SYNTHETIC,2025,2024,8 days 23:05:06.749686662,12905.1124947777,39.90536962491751,0.028764805414551606,Зима,1,1,0.0023721320692231,102.47610539043907,road
,2025-01-10 07:35:06.329928858,Восточно-Сибирская,SYNTHETIC,2025,2024,9 days 04:53:45.422458182,13253.7570409697,348.6445461919993,0.02961082910321489,Зима,1,1,0.0023721320692231,102.47610539043907,road
,2025-01-10 12:09:59.932886952,Восточно-Сибирская,SYNTHETIC,2025,2024,9 days 09:28:39.025416276,13528.650423604598,274.89338263489844,0.030456852791878174,Зима,1,1,0.0023721320692231,102.47610539043907,road
,2025-01-10 12:56:33.214270032,Восточно-Сибирская,SYNTHETIC,2025,2024,9 days 10:15:12.306799356,13575.2051133226,46.5546897180011,0.031302876480541454,Зима,1,1,0.0023721320692231,102.47610539043907,road
,2025-01-10 19:36:11.955531432,Восточно-Сибирская,SYNTHETIC,2025,2024,9 days 16:54:51.048060756,13974.850801012599,399.64568768999925,0.032148900169204735,Зима,1,1,0.0023721320692231,102.47610539043907,road
,2025-01-11 05:00:46.086190614,Восточно-Сибирская,SYNTHETIC,2025,2024,10 days 02:19:25.178719938,14539.4196453323,564.5688443197014,0.03299492385786802,Зима,1,1,0.0023721320692231,102.47610539043907,road
,2025-01-11 15:15:22.075938798,Восточно-Сибирская,SYNTHETIC,2025,2024,10 days 12:34:01.168468122,15154.0194744687,614.5998291363994,0.0338409475465313,Зима,1,1,0.0023721320692231,102.47610539043907,road
,2025-01-12 07:49:19.929619008,Восточно-Сибирская,SYNTHETIC,2025,2024,11 days 05:07:59.022148332,16147.9837024722,993.9642280035005,0.03468697123519458,Зима,1,1,0.0023721320692231,102.47610539043907,road
,2025-01-12 11:31:23.035108212,Восточно-Сибирская,SYNTHETIC,2025,2024,11 days 08:50:02.127637536,16370.0354606256,222.05175815340044,0.03553299492385787,Зима,1,1,0.0023721320692231,102.47610539043907,road
,2025-01-13 09:01:00.442175682,Восточно-Сибирская,SYNTHETIC,2025,2024,12 days 06:19:39.534705006,17659.658911750103,1289.623451124502,0.03637901861252115,Зима,1,1,0.0023721320692231,102.47610539043907,road
,2025-01-13 23:06:31.167696012,Восточно-Сибирская,SYNTHETIC,2025,2024,12 days 20:25:10.260225336,18505.1710037556,845.5120920054978,0.03722504230118443,Зима,1,1,0.0023721320692231,102.47610539043907,road
,2025-01-14 01:34:46.700288334,Восточно-Сибирская,SYNTHETIC,2025,2024,12 days 22:53:25.792817658,18653.4298802943,148.25887653870086,0.03807106598984772,Зима,1,1,0.0023721320692231,102.47610539043907,road
,2025-01-14 02:47:55.163135184,Восточно-Сибирская,SYNTHETIC,2025,2024,13 days 00:06:34.255664508,18726.570927741803,73.14104744750148,0.038917089678511,Зима,1,1,0.0023721320692231,102.47610539043907,road
,2025-01-14 06:48:53.522925792,Восточно-Сибирская,SYNTHETIC,2025,2024,13 days 04:07:32.615455116,18967.543590918598,240.97266317679532,0.03976311336717428,Зима,1,1,0.0023721320692231,102.47610539043907,road
,2025-01-14 10:25:34.362837408,Восточно-Сибирская,SYNTHETIC,2025,2024,13 days 07:44:13.455366732,19184.2242561122,216.68066519360218,0.04060913705583756,Зима,1,1,0.0023721320692231,102.47610539043907,road
,2025-01-14 16:27:00.171267252,Восточно-Сибирская,SYNTHETIC,2025,2024,13 days 13:45:39.263796576,19545.6543966096,361.4301404973994,0.04145516074450085,Зима,1,1,0.0023721320692231,102.47610539043907,road
,2025-01-14 22:36:07.227437364,Восточно-Сибирская,SYNTHETIC,2025,2024,13 days 19:54:46.319966688,19914.7719994448,369.117602835202,0.04230118443316413,Зима,1,1,0.0023721320692231,102.47610539043907,road
,2025-01-15 08:20:30.426101064,Восточно-Сибирская,SYNTHETIC,2025,2024,14 days 05:39:09.518630388,20499.1586438398,584.3866443949992,0.04314720812182741,Зима,1,1,0.0023721320692231,102.47610539043907,road
,2025-01-15 13:21:08.004872892,Восточно-Сибирская,SYNTHETIC,2025,2024,14 days 10:39:47.097402216,20799.7849567036,300.6263128637984,0.043993231810490696,Зима,1,1,0.0023721320692231,102.47610539043907,road
,2025-01-15 14:07:48.862765158,Восточно-Сибирская,SYNTHETIC,2025,2024,14 days 11:26:27.955294482,20846.465921574698,46.680964871098695,0.04483925549915398,Зима,1,1,0.0023721320692231,102.47610539043907,road
,2025-01-16 03:51:32.299506114,Восточно-Сибирская,SYNTHETIC,2025,2024,15 days 01:10:11.392035438,21670.1898672573,823.7239456826028,0.04568527918781726,Зима,1,1,0.0023721320692231,102.47610539043907,road
,2025-01-16 06:27:49.245096990,Восточно-Сибирская,SYNTHETIC,2025,2024,15 days 03:46:28.337626314,21826.4722937719,156.28242651460096,0.046531302876480544,Зима,1,1,0.0023721320692231,102.47610539043907,road
,2025-01-17 07:24:41.352486990,Восточно-Сибирская,SYNTHETIC,2025,2024,16 days 04:43:20.445016314,23323.340750271902,1496.8684565000003,0.047377326565143825,Зима,1,1,0.0023721320692231,102.47610539043907,road
,2025-01-17 08:17:33.299704602,Восточно-Сибирская,SYNTHETIC,2025,2024,16 days 05:36:12.392233926,23376.2065372321,52.86578696019933,0.048223350253807105,Зима,1,1,0.0023721320692231,102.47610539043907,road
,2025-01-18 06:36:28.217310054,Восточно-Сибирская,SYNTHETIC,2025,2024,17 days 03:55:07.309839378,24715.121830656302,1338.915293424201,0.049069373942470386,Зима,1,1,0.0023721320692231,102.47610539043907,road
,2025-01-18 07:16:41.822564076,Восточно-Сибирская,SYNTHETIC,2025,2024,17 days 04:35:20.915093400,24755.34858489,40.22675423369947,0.04991539763113367,Зима,1,1,0.0023721320692231,102.47610539043907,road
,2025-01-18 09:07:26.763815496,Восточно-Сибирская,SYNTHETIC,2025,2024,17 days 06:26:05.856344820,24866.097605747,110.74902085699796,0.050761421319796954,Зима,1,1,0.0023721320692231,102.47610539043907,road
,2025-01-18 09:27:33.265732152,Восточно-Сибирская,SYNTHETIC,2025,2024,17 days 06:46:12.358261476,24886.2059710246,20.10836527759966,0.051607445008460234,Зима,1,1,0.0023721320692231,102.47610539043907,road
,2025-01-18 18:02:21.011654604,Восточно-Сибирская,SYNTHETIC,2025,2024,17 days 15:21:00.104183928,25401.0017363988,514.7957653742014,0.05245346869712352,Зима,1,1,0.0023721320692231,102.47610539043907,road
,2025-01-19 07:22:56.622466440,Восточно-Сибирская,SYNTHETIC,2025,2024,18 days 04:41:35.714995764,26201.5952499294,800.593513530599,0.0532994923857868,Зима,1,1,0.0023721320692231,102.47610539043907,road
,2025-01-19 11:22:55.992610260,Восточно-Сибирская,SYNTHETIC,2025,2024,18 days 08:41:35.085139584,26441.584752326402,239.98950239700207,0.05414551607445008,Зима,1,1,0.0023721320692231,102.47610539043907,road
,2025-01-20 05:55:10.049782782,Восточно-Сибирская,SYNTHETIC,2025,2024,19 days 03:13:49.142312106,27553.8190385351,1112.234286208699,0.05499153976311337,Зима,1,1,0.0023721320692231,102.47610539043907,road
,2025-01-20 12:11:20.323344036,Восточно-Сибирская,SYNTHETIC,2025,2024,19 days 09:29:59.415873360,27929.990264556,376.17122602089876,0.05583756345177665,Зима,1,1,0.0023721320692231,102.47610539043907,road
,2025-01-20 19:10:29.131155048,Восточно-Сибирская,SYNTHETIC,2025,2024,19 days 16:29:08.223684372,28349.1370614062,419.1467968502002,0.05668358714043993,Зима,1,1,0.0023721320692231,102.47610539043907,road
,2025-01-21 08:17:33.441569190,Восточно-Сибирская,SYNTHETIC,2025,2024,20 days 05:36:12.534098514,29136.208901641898,787.0718402356979,0.05752961082910321,Зима,1,1,0.0023721320692231,102.47610539043907,road
,2025-01-21 10:45:59.713579368,Восточно-Сибирская,SYNTHETIC,2025,2024,20 days 08:04:38.806108692,29284.6467684782,148.43786683630242,0.0583756345177665,Зима,1,1,0.0023721320692231,102.47610539043907,road
,2025-01-21 13:50:22.348720620,Восточно-Сибирская,SYNTHETIC,2025,2024,20 days 11:09:01.441249944,29469.0240208324,184.3772523541993,0.05922165820642978,Зима,1,1,0.0023721320692231,102.47610539043907,road
,2025-01-22 06:26:55.371888870,Восточно-Сибирская,SYNTHETIC,2025,2024,21 days 03:45:34.464418194,30465.5744069699,996.5503861375,0.06006768189509306,Зима,1,1,0.0023721320692231,102.47610539043907,road
,2025-01-22 22:41:41.156890374,Восточно-Сибирская,SYNTHETIC,2025,2024,21 days 20:00:20.249419698,31440.3374903283,974.7630833584008,0.06091370558375635,Зима,1,1,0.0023721320692231,102.47610539043907,road
,2025-01-24 01:02:33.098247030,Восточно-Сибирская,SYNTHETIC,2025,2024,22 days 22:21:12.190776354,33021.2031796059,1580.8656892776016,0.06175972927241963,Зима,1,1,0.0023721320692231,102.47610539043907,road
,2025-01-24 17:21:03.303071052,Восточно-Сибирская,SYNTHETIC,2025,2024,23 days 14:39:42.395600376,33999.7065933396,978.5034137336988,0.06260575296108291,Зима,1,1,0.0023721320692231,102.47610539043907,road
,2025-01-24 18:18:29.467992180,Восточно-Сибирская,SYNTHETIC,2025,2024,23 days 15:37:08.560521504,34057.1426753584,57.436082018801244,0.06345177664974619,Зима,1,1,0.0023721320692231,102.47610539043907,road
,2025-01-25 06:30:11.895926766,Восточно-Сибирская,SYNTHETIC,2025,2024,24 days 03:48:50.988456090,34788.8498076015,731.7071322431002,0.06429780033840947,Зима,1,1,0.0023721320692231,102.47610539043907,road
,2025-01-25 10:12:30.757294788,Восточно-Сибирская,SYNTHETIC,2025,2024,24 days 07:31:09.849824112,35011.1641637352,222.3143561336983,0.06514382402707276,Зима,1,1,0.0023721320692231,102.47610539043907,road
,2025-01-26 19:09:05.314116906,Восточно-Сибирская,SYNTHETIC,2025,2024,25 days 16:27:44.406646230,36987.74011077049,1976.5759470352932,0.06598984771573604,Зима,1,1,0.0023721320692231,102.47610539043907,road
,2025-01-26 23:38:32.827079885,Восточно-Сибирская,SYNTHETIC,2025,2024,25 days 20:57:11.919609209,37257.19866015348,269.45854938298726,0.06683587140439932,Зима,1,1,0.0023721320692231,102.47610539043907,road
,2025-01-27 05:18:46.585915656,Восточно-Сибирская,SYNTHETIC,2025,2024,26 days 02:37:25.678444980,37597.427974083,340.2293139295216,0.0676818950930626,Зима,1,1,0.0023721320692231,102.47610539043907,road
,2025-01-27 10:36:51.791288406,Восточно-Сибирская,SYNTHETIC,2025,2024,26 days 07:55:30.883817730,37915.5147302955,318.0867562124986,0.06852791878172589,Зима,1,1,0.0023721320692231,102.47610539043907,road
,2025-01-27 13:20:31.317183570,Восточно-Сибирская,SYNTHETIC,2025,2024,26 days 10:39:10.409712894,38079.1734952149,163.65876491939707,0.06937394247038917,Зима,1,1,0.0023721320692231,102.47610539043907,road
,2025-01-27 13:53:23.857144158,Восточно-Сибирская,SYNTHETIC,2025,2024,26 days 11:12:02.949673482,38112.049161224706,32.8756660098079,0.07021996615905245,Зима,1,1,0.0023721320692231,102.47610539043907,road
,2025-01-28 05:46:08.037822552,Восточно-Сибирская,SYNTHETIC,2025,2024,27 days 03:04:47.130351876,39064.7855058646,952.7363446398958,0.07106598984771574,Зима,1,1,0.0023721320692231,102.47610539043907,road
,2025-01-28 17:10:17.369826228,Восточно-Сибирская,SYNTHETIC,2025,2024,27 days 14:28:56.462355552,39748.941039259196,684.1555333945944,0.07191201353637902,Зима,1,1,0.0023721320692231,102.47610539043907,road
,2025-01-28 18:13:38.324786268,Восточно-Сибирская,SYNTHETIC,2025,2024,27 days 15:32:17.417315592,39812.2902885932,63.3492493340018,0.0727580372250423,Зима,1,1,0.0023721320692231,102.47610539043907,road
,2025-01-29 04:45:47.365700574,Восточно-Сибирская,SYNTHETIC,2025,2024,28 days 02:04:26.458229898,40444.4409704983,632.1506819050992,0.07360406091370558,Зима,1,1,0.0023721320692231,102.47610539043907,road
,2025-01-29 11:40:13.339931628,Восточно-Сибирская,SYNTHETIC,2025,2024,28 days 08:58:52.432460952,40858.8738743492,414.4329038509022,0.07445008460236886,Зима,1,1,0.0023721320692231,102.47610539043907,road
,2025-01-29 15:22:02.445119484,Восточно-Сибирская,SYNTHETIC,2025,2024,28 days 12:40:41.537648808,41080.6922941468,221.81841979760065,0.07529610829103214,Зима,1,1,0.0023721320692231,102.47610539043907,road
,2025-01-29 17:25:34.967372604,Восточно-Сибирская,SYNTHETIC,2025,2024,28 days 14:44:14.059901928,41204.234331698804,123.54203755200433,0.07614213197969544,Зима,1,1,0.0023721320692231,102.47610539043907,road
,2025-01-30 07:13:36.285589950,Восточно-Сибирская,SYNTHETIC,2025,2024,29 days 04:32:15.378119274,42032.2563019879,828.0219702890972,0.07698815566835872,Зима,1,1,0.0023721320692231,102.47610539043907,road
,2025-01-30 15:41:25.091637852,Восточно-Сибирская,SYNTHETIC,2025,2024,29 days 13:00:04.184167176,42540.0697361196,507.81343413169816,0.077834179357022,Зима,1,1,0.0023721320692231,102.47610539043907,road
,2025-01-30 21:15:55.589062710,Восточно-Сибирская,SYNTHETIC,2025,2024,29 days 18:34:34.681592034,42874.578026533905,334.5082904143055,0.07868020304568528,Зима,1,1,0.0023721320692231,102.47610539043907,road
,2025-01-31 03:52:24.386665890,Восточно-Сибирская,SYNTHETIC,2025,2024,30 days 01:11:03.479195214,43271.0579865869,396.479960052995,0.07952622673434856,Зима,1,1,0.0023721320692231,102.47610539043907,road
,2025-01-31 04:32:39.505021194,Восточно-Сибирская,SYNTHETIC,2025,2024,30 days 01:51:18.597550518,43311.3099591753,40.25197258839762,0.08037225042301184,Зима,1,1,0.0023721320692231,102.47610539043907,road
,2025-01-31 09:03:25.688117376,Восточно-Сибирская,SYNTHETIC,2025,2024,30 days 06:22:04.780646700,43582.079677445,270.7697182697011,0.08121827411167512,Зима,1,1,0.0023721320692231,102.47610539043907,road
,2025-01-31 10:34:11.415946962,Восточно-Сибирская,SYNTHETIC,2025,2024,30 days 07:52:50.508476286,43672.8418079381,90.76213049310172,0.08206429780033841,Зима,1,1,0.0023721320692231,102.47610539043907,road
,2025-01-31 12:12:42.008804076,Восточно-Сибирская,SYNTHETIC,2025,2024,30 days 09:31:21.101333400,43771.35168889,98.50988095189678,0.0829103214890017,Зима,1,1,0.0023721320692231,102.47610539043907,road
,2025-01-31 19:49:06.290610000,Восточно-Сибирская,SYNTHETIC,2025,2024,30 days 17:07:45.383139324,44227.7563856554,456.4046967653994,0.08375634517766498,Зима,1,1,0.0023721320692231,102.47610539043907,road
,2025-02-01 01:38:10.330453572,Восточно-Сибирская,SYNTHETIC,2025,2024,30 days 22:56:49.422982896,44576.8237163816,349.0673307262041,0.08460236886632826,Зима,1,2,0.0023721320692231,102.47610539043907,road
,2025-02-01 08:59:13.823418462,Восточно-Сибирская,SYNTHETIC,2025,2024,31 days 06:17:52.915947786,45017.881932463104,441.0582160815029,0.08544839255499154,Зима,1,2,0.0023721320692231,102.47610539043907,road
,2025-02-01 23:23:10.580531880,Восточно-Сибирская,SYNTHETIC,2025,2024,31 days 20:41:49.673061204,45881.8278843534,863.945951890295,0.08629441624365482,Зима,1,2,0.0023721320692231,102.47610539043907,road
,2025-02-02 09:04:45.570420942,Восточно-Сибирская,SYNTHETIC,2025,2024,32 days 06:23:24.662950266,46463.4110491711,581.5831648177045,0.08714043993231811,Зима,1,2,0.0023721320692231,102.47610539043907,road
,2025-02-02 23:20:49.653268878,Восточно-Сибирская,SYNTHETIC,2025,2024,32 days 20:39:28.745798202,47319.47909663671,856.0680474656037,0.08798646362098139,Зима,1,2,0.0023721320692231,102.47610539043907,road
,2025-02-03 04:45:02.200539828,Восточно-Сибирская,SYNTHETIC,2025,2024,33 days 02:03:41.293069152,47643.6882178192,324.20912118249544,0.08883248730964467,Зима,1,2,0.0023721320692231,102.47610539043907,road
,2025-02-03 14:32:37.260594720,Восточно-Сибирская,SYNTHETIC,2025,2024,33 days 11:51:16.353124044,48231.2725520674,587.5843342481967,0.08967851099830795,Зима,1,2,0.0023721320692231,102.47610539043907,road
,2025-02-03 15:36:14.028561366,Восточно-Сибирская,SYNTHETIC,2025,2024,33 days 12:54:53.121090690,48294.885351511504,63.612799444104894,0.09052453468697123,Зима,1,2,0.0023721320692231,102.47610539043907,road
,2025-02-03 18:36:43.071359004,Восточно-Сибирская,SYNTHETIC,2025,2024,33 days 15:55:22.163888328,48475.3693981388,180.48404662729445,0.09137055837563451,Зима,1,2,0.0023721320692231,102.47610539043907,road
,2025-02-03 22:04:46.967848050,Восточно-Сибирская,SYNTHETIC,2025,2024,33 days 19:23:26.060377374,48683.434339622894,208.06494148409547,0.0922165820642978,Зима,1,2,0.0023721320692231,102.47610539043907,road
,2025-02-04 03:06:37.201586136,Восточно-Сибирская,SYNTHETIC,2025,2024,34 days 00:25:16.294115460,48985.271568591,301.8372289681065,0.09306260575296109,Зима,1,2,0.0023721320692231,102.47610539043907,road
,2025-02-04 21:42:08.166643499,Восточно-Сибирская,SYNTHETIC,2025,2024,34 days 19:00:47.259172823,50100.78765288038,1115.516084289382,0.09390862944162437,Зима,1,2,0.0023721320692231,102.47610539043907,road
,2025-02-05 12:16:22.998118230,Восточно-Сибирская,SYNTHETIC,2025,2024,35 days 09:35:02.090647554,50975.0348441259,874.2471912455148,0.09475465313028765,Зима,1,2,0.0023721320692231,102.47610539043907,road
,2025-02-05 13:17:17.365271814,Восточно-Сибирская,SYNTHETIC,2025,2024,35 days 10:35:56.457801138,51035.9409633523,60.90611922640528,0.09560067681895093,Зима,1,2,0.0023721320692231,102.47610539043907,road
,2025-02-05 14:37:15.485948676,Восточно-Сибирская,SYNTHETIC,2025,2024,35 days 11:55:54.578478,51115.9096413,79.96867794769787,0.09644670050761421,Зима,1,2,0.0023721320692231,102.47610539043907,road
,2025-02-05 17:43:50.661279156,Восточно-Сибирская,SYNTHETIC,2025,2024,35 days 15:02:29.753808480,51302.495896808,186.58625550800207,0.09729272419627749,Зима,1,2,0.0023721320692231,102.47610539043907,road
,2025-02-05 20:08:40.022914488,Восточно-Сибирская,SYNTHETIC,2025,2024,35 days 17:27:19.115443812,51447.3185907302,144.82269392220041,0.09813874788494077,Зима,1,2,0.0023721320692231,102.47610539043907,road
,2025-02-06 02:50:48.119501592,Восточно-Сибирская,SYNTHETIC,2025,2024,36 days 00:09:27.212030916,51849.4535338486,402.13494311839895,0.09898477157360407,Зима,1,2,0.0023721320692231,102.47610539043907,road
,2025-02-06 19:13:21.114723156,Восточно-Сибирская,SYNTHETIC,2025,2024,36 days 16:32:00.207252480,52832.003454208,982.5499203594009,0.09983079526226735,Зима,1,2,0.0023721320692231,102.47610539043907,road
,2025-02-07 18:15:10.600920924,Восточно-Сибирская,SYNTHETIC,2025,2024,37 days 15:33:49.693450248,54213.8282241708,1381.8247699627973,0.10067681895093063,Зима,1,2,0.0023721320692231,102.47610539043907,road
,2025-02-08 01:42:06.214762248,Восточно-Сибирская,SYNTHETIC,2025,2024,37 days 23:00:45.307291572,54660.7551215262,446.926897355399,0.10152284263959391,Зима,1,2,0.0023721320692231,102.47610539043907,road
,2025-02-08 14:29:49.640368266,Восточно-Сибирская,SYNTHETIC,2025,2024,38 days 11:48:28.732897590,55428.4788816265,767.7237601002998,0.10236886632825719,Зима,1,2,0.0023721320692231,102.47610539043907,road
,2025-02-08 19:43:50.064810162,Восточно-Сибирская,SYNTHETIC,2025,2024,38 days 17:02:29.157339486,55742.4859556581,314.0070740316005,0.10321489001692047,Зима,1,2,0.0023721320692231,102.47610539043907,road
,2025-02-08 21:22:18.845028282,Восточно-Сибирская,SYNTHETIC,2025,2024,38 days 18:40:57.937557606,55840.9656259601,98.4796703020038,0.10406091370558376,Зима,1,2,0.0023721320692231,102.47610539043907,road
,2025-02-09 02:35:51.913451784,Восточно-Сибирская,SYNTHETIC,2025,2024,38 days 23:54:31.005981108,56154.5167663518,313.5511403916971,0.10490693739424704,Зима,1,2,0.0023721320692231,102.47610539043907,road
,2025-02-09 08:17:16.438215684,Восточно-Сибирская,SYNTHETIC,2025,2024,39 days 05:35:55.530745008,56495.9255124168,341.4087460649971,0.10575296108291032,Зима,1,2,0.0023721320692231,102.47610539043907,road
,2025-02-09 17:49:09.134145714,Восточно-Сибирская,SYNTHETIC,2025,2024,39 days 15:07:48.226675038,57067.8037779173,571.8782655005052,0.1065989847715736,Зима,1,2,0.0023721320692231,102.47610539043907,road
,2025-02-09 19:33:49.847447694,Восточно-Сибирская,SYNTHETIC,2025,2024,39 days 16:52:28.939977018,57172.482332950305,104.67855503300234,0.10744500846023688,Зима,1,2,0.0023721320692231,102.47610539043907,road
,2025-02-09 22:47:28.689138498,Восточно-Сибирская,SYNTHETIC,2025,2024,39 days 20:06:07.781667822,57366.1296944637,193.64736151339457,0.10829103214890017,Зима,1,2,0.0023721320692231,102.47610539043907,road
,2025-02-10 01:58:16.615998120,Восточно-Сибирская,SYNTHETIC,2025,2024,39 days 23:16:55.708527444,57556.9284754574,190.7987809936967,0.10913705583756345,Зима,1,2,0.0023721320692231,102.47610539043907,road
,2025-02-11 00:29:21.991600026,Восточно-Сибирская,SYNTHETIC,2025,2024,40 days 21:48:01.084129350,58908.018068822494,1351.0895933650972,0.10998307952622674,Зима,1,2,0.0023721320692231,102.47610539043907,road
,2025-02-11 04:36:46.561302378,Восточно-Сибирская,SYNTHETIC,2025,2024,41 days 01:55:25.653831702,59155.427563861704,247.40949503921001,0.11082910321489002,Зима,1,2,0.0023721320692231,102.47610539043907,road
,2025-02-11 14:29:51.781035804,Восточно-Сибирская,SYNTHETIC,2025,2024,41 days 11:48:30.873565128,59748.5145594188,593.0869955570961,0.1116751269035533,Зима,1,2,0.0023721320692231,102.47610539043907,road
,2025-02-12 00:15:38.521374270,Восточно-Сибирская,SYNTHETIC,2025,2024,41 days 21:34:17.613903594,60334.2935650599,585.7790056411031,0.11252115059221658,Зима,1,2,0.0023721320692231,102.47610539043907,road
,2025-02-12 02:25:44.801104218,Восточно-Сибирская,SYNTHETIC,2025,2024,41 days 23:44:23.893633542,60464.398227225705,130.10466216580244,0.11336717428087986,Зима,1,2,0.0023721320692231,102.47610539043907,road
,2025-02-12 08:23:22.147682730,Восточно-Сибирская,SYNTHETIC,2025,2024,42 days 05:42:01.240212054,60822.0206702009,357.62244297519646,0.11421319796954314,Зима,1,2,0.0023721320692231,102.47610539043907,road
,2025-02-13 00:10:41.590694334,Восточно-Сибирская,SYNTHETIC,2025,2024,42 days 21:29:20.683223658,61769.3447203943,947.3240501933979,0.11505922165820642,Зима,1,2,0.0023721320692231,102.47610539043907,road
,2025-02-13 04:42:29.292213480,Восточно-Сибирская,SYNTHETIC,2025,2024,43 days 02:01:08.384742804,62041.1397457134,271.7950253191011,0.11590524534686972,Зима,1,2,0.0023721320692231,102.47610539043907,road
,2025-02-14 01:06:05.800023774,Восточно-Сибирская,SYNTHETIC,2025,2024,43 days 22:24:44.892553098,63264.7482092183,1223.6084635048974,0.116751269035533,Зима,1,2,0.0023721320692231,102.47610539043907,road
,2025-02-14 02:47:51.235264524,Восточно-Сибирская,SYNTHETIC,2025,2024,44 days 00:06:30.327793848,63366.505463230795,101.75725401249656,0.11759729272419628,Зима,1,2,0.0023721320692231,102.47610539043907,road
,2025-02-14 03:20:20.187785058,Восточно-Сибирская,SYNTHETIC,2025,2024,44 days 00:38:59.280314382,63398.988005239706,32.48254200891097,0.11844331641285956,Зима,1,2,0.0023721320692231,102.47610539043907,road
,2025-02-14 18:56:26.876634690,Восточно-Сибирская,SYNTHETIC,2025,2024,44 days 16:15:05.969164014,64335.099486066894,936.1114808271886,0.11928934010152284,Зима,1,2,0.0023721320692231,102.47610539043907,road
,2025-02-15 08:09:44.047057650,Восточно-Сибирская,SYNTHETIC,2025,2024,45 days 05:28:23.139586974,65128.3856597829,793.2861737160056,0.12013536379018612,Зима,1,2,0.0023721320692231,102.47610539043907,road
,2025-02-16 18:37:27.327354264,Восточно-Сибирская,SYNTHETIC,2025,2024,46 days 15:56:06.419883588,67196.1069980598,2067.721338276897,0.12098138747884941,Зима,1,2,0.0023721320692231,102.47610539043907,road
,2025-02-17 02:36:59.942729454,Восточно-Сибирская,SYNTHETIC,2025,2024,46 days 23:55:39.035258778,67675.6505876463,479.54358958650846,0.1218274111675127,Зима,1,2,0.0023721320692231,102.47610539043907,road
,2025-02-17 22:00:22.445006646,Восточно-Сибирская,SYNTHETIC,2025,2024,47 days 19:19:01.537535970,68839.0256255995,1163.3750379531994,0.12267343485617598,Зима,1,2,0.0023721320692231,102.47610539043907,road
,2025-02-18 10:19:51.873621996,Восточно-Сибирская,SYNTHETIC,2025,2024,48 days 07:38:30.966151320,69578.516102522,739.4904769224959,0.12351945854483926,Зима,1,2,0.0023721320692231,102.47610539043907,road
,2025-02-18 23:24:14.242746144,Восточно-Сибирская,SYNTHETIC,2025,2024,48 days 20:42:53.335275468,70362.8889212578,784.3728187358065,0.12436548223350254,Зима,1,2,0.0023721320692231,102.47610539043907,road
,2025-02-19 05:19:10.924920594,Восточно-Сибирская,SYNTHETIC,2025,2024,49 days 02:37:50.017449918,70717.8336241653,354.9447029074945,0.12521150592216582,Зима,1,2,0.0023721320692231,102.47610539043907,road
,2025-02-19 08:42:18.870932712,Восточно-Сибирская,SYNTHETIC,2025,2024,49 days 06:00:57.963462036,70920.9660577006,203.13243353529833,0.1260575296108291,Зима,1,2,0.0023721320692231,102.47610539043907,road
,2025-02-20 03:51:44.477916318,Восточно-Сибирская,SYNTHETIC,2025,2024,50 days 01:10:23.570445642,72070.3928407607,1149.426783060102,0.12690355329949238,Зима,1,2,0.0023721320692231,102.47610539043907,road
,2025-02-20 07:50:16.670327082,Восточно-Сибирская,SYNTHETIC,2025,2024,50 days 05:08:55.762856406,72308.9293809401,238.53654017939698,0.12774957698815567,Зима,1,2,0.0023721320692231,102.47610539043907,road
,2025-02-20 13:16:33.122111028,Восточно-Сибирская,SYNTHETIC,2025,2024,50 days 10:35:12.214640352,72635.2035773392,326.2741963990993,0.12859560067681894,Зима,1,2,0.0023721320692231,102.47610539043907,road
,2025-02-20 17:25:36.563542644,Восточно-Сибирская,SYNTHETIC,2025,2024,50 days 14:44:15.656071968,72884.26093453281,249.0573571936111,0.12944162436548223,Зима,1,2,0.0023721320692231,102.47610539043907,road
,2025-02-20 23:16:20.712226362,Восточно-Сибирская,SYNTHETIC,2025,2024,50 days 20:34:59.804755686,73234.9967459281,350.73581139529415,0.13028764805414553,Зима,1,2,0.0023721320692231,102.47610539043907,road
,2025-02-21 03:44:23.249475186,Восточно-Сибирская,SYNTHETIC,2025,2024,51 days 01:03:02.342004510,73503.0390334085,268.0422874803917,0.1311336717428088,Зима,1,2,0.0023721320692231,102.47610539043907,road
,2025-02-21 04:05:06.590896686,Восточно-Сибирская,SYNTHETIC,2025,2024,51 days 01:23:45.683426010,73523.7613904335,20.722357025006204,0.1319796954314721,Зима,1,2,0.0023721320692231,102.47610539043907,road
,2025-02-21 19:06:11.348630364,Восточно-Сибирская,SYNTHETIC,2025,2024,51 days 16:24:50.441159688,74424.8406859948,901.0792955612997,0.13282571912013535,Зима,1,2,0.0023721320692231,102.47610539043907,road
,2025-02-21 23:13:56.344152174,Восточно-Сибирская,SYNTHETIC,2025,2024,51 days 20:32:35.436681498,74672.5906113583,247.74992536350328,0.13367174280879865,Зима,1,2,0.0023721320692231,102.47610539043907,road
,2025-02-22 05:28:43.076079900,Восточно-Сибирская,SYNTHETIC,2025,2024,52 days 02:47:22.168609224,75047.3694768204,374.7788654620963,0.13451776649746192,Зима,1,2,0.0023721320692231,102.47610539043907,road
,2025-02-22 06:31:54.068713770,Восточно-Сибирская,SYNTHETIC,2025,2024,52 days 03:50:33.161243094,75110.5526873849,63.18321056450077,0.1353637901861252,Зима,1,2,0.0023721320692231,102.47610539043907,road
,2025-02-22 06:33:19.905411768,Восточно-Сибирская,SYNTHETIC,2025,2024,52 days 03:51:58.997941092,75111.98329901819,1.4306116332882084,0.1362098138747885,Зима,1,2,0.0023721320692231,102.47610539043907,road
,2025-02-22 08:31:58.105208766,Восточно-Сибирская,SYNTHETIC,2025,2024,52 days 05:50:37.197738090,75230.6199623015,118.63666328330874,0.13705583756345177,Зима,1,2,0.0023721320692231,102.47610539043907,road
,2025-02-22 17:06:00.678636384,Восточно-Сибирская,SYNTHETIC,2025,2024,52 days 14:24:39.771165708,75744.6628527618,514.0428904603032,0.13790186125211507,Зима,1,2,0.0023721320692231,102.47610539043907,road
,2025-02-22 17:50:03.009155388,Восточно-Сибирская,SYNTHETIC,2025,2024,52 days 15:08:42.101684712,75788.70169474519,44.03884198339074,0.13874788494077833,Зима,1,2,0.0023721320692231,102.47610539043907,road
,2025-02-23 10:39:58.107946170,Восточно-Сибирская,SYNTHETIC,2025,2024,53 days 07:58:37.200475494,76798.62000792491,1009.9183131797181,0.13959390862944163,Зима,1,2,0.0023721320692231,102.47610539043907,road
,2025-02-23 12:22:01.720931964,Восточно-Сибирская,SYNTHETIC,2025,2024,53 days 09:40:40.813461288,76900.6802243548,102.06021642989072,0.1404399323181049,Зима,1,2,0.0023721320692231,102.47610539043907,road
,2025-02-23 13:58:31.502729849,Восточно-Сибирская,SYNTHETIC,2025,2024,53 days 11:17:10.595259173,76997.17658765288,96.49636329807981,0.1412859560067682,Зима,1,2,0.0023721320692231,102.47610539043907,road
,2025-02-23 15:22:57.618868278,Восточно-Сибирская,SYNTHETIC,2025,2024,53 days 12:41:36.711397602,77081.61185662671,84.4352689738298,0.14213197969543148,Зима,1,2,0.0023721320692231,102.47610539043907,road
,2025-02-23 15:28:53.763740274,Восточно-Сибирская,SYNTHETIC,2025,2024,53 days 12:47:32.856269598,77087.5476044933,5.935747866591555,0.14297800338409475,Зима,1,2,0.0023721320692231,102.47610539043907,road
,2025-02-24 01:51:46.644227274,Восточно-Сибирская,SYNTHETIC,2025,2024,53 days 23:10:25.736756598,77710.42894594329,622.8813414499891,0.14382402707275804,Зима,1,2,0.0023721320692231,102.47610539043907,road
,2025-02-24 16:28:30.405799974,Восточно-Сибирская,SYNTHETIC,2025,2024,54 days 13:47:09.498329298,78587.1583054883,876.7293595450028,0.1446700507614213,Зима,1,2,0.0023721320692231,102.47610539043907,road
,2025-02-24 23:09:58.596843846,Восточно-Сибирская,SYNTHETIC,2025,2024,54 days 20:28:37.689373170,78988.6281562195,401.4698507312132,0.1455160744500846,Зима,1,2,0.0023721320692231,102.47610539043907,road
,2025-02-25 00:37:52.365232590,Восточно-Сибирская,SYNTHETIC,2025,2024,54 days 21:56:31.457761914,79076.52429603189,87.89613981237926,0.1463620981387479,Зима,1,2,0.0023721320692231,102.47610539043907,road
,2025-02-25 02:59:27.548696304,Восточно-Сибирская,SYNTHETIC,2025,2024,55 days 00:18:06.641225628,79218.1106870938,141.58639106190822,0.14720812182741116,Зима,1,2,0.0023721320692231,102.47610539043907,road
,2025-02-25 07:31:50.408918208,Восточно-Сибирская,SYNTHETIC,2025,2024,55 days 04:50:29.501447532,79490.4916907922,272.38100369840686,0.14805414551607446,Зима,1,2,0.0023721320692231,102.47610539043907,road
,2025-02-26 05:13:03.540670944,Восточно-Сибирская,SYNTHETIC,2025,2024,56 days 02:31:42.633200268,80791.7105533378,1301.2188625456038,0.14890016920473773,Зима,1,2,0.0023721320692231,102.47610539043907,road
,2025-02-26 07:12:50.917622196,Восточно-Сибирская,SYNTHETIC,2025,2024,56 days 04:31:30.010151520,80911.500169192,119.78961585419893,0.14974619289340102,Зима,1,2,0.0023721320692231,102.47610539043907,road
,2025-02-26 16:27:23.464296882,Восточно-Сибирская,SYNTHETIC,2025,2024,56 days 13:46:02.556826206,81466.0426137701,554.5424445780955,0.1505922165820643,Зима,1,2,0.0023721320692231,102.47610539043907,road
,2025-02-26 20:31:24.310116198,Восточно-Сибирская,SYNTHETIC,2025,2024,56 days 17:50:03.402645522,81710.0567107587,244.01409698859788,0.15143824027072758,Зима,1,2,0.0023721320692231,102.47610539043907,road
,2025-02-26 23:00:28.275354180,Восточно-Сибирская,SYNTHETIC,2025,2024,56 days 20:19:07.367883504,81859.12279805841,149.0660872997105,0.15228426395939088,Зима,1,2,0.0023721320692231,102.47610539043907,road
,2025-02-27 03:17:03.325008324,Восточно-Сибирская,SYNTHETIC,2025,2024,57 days 00:35:42.417537648,82115.7069589608,256.5841609023919,0.15313028764805414,Зима,1,2,0.0023721320692231,102.47610539043907,road
,2025-02-27 03:48:11.747481372,Восточно-Сибирская,SYNTHETIC,2025,2024,57 days 01:06:50.840010696,82146.8473335116,31.140374550799606,0.15397631133671744,Зима,1,2,0.0023721320692231,102.47610539043907,road
,2025-02-27 15:03:54.925448910,Восточно-Сибирская,SYNTHETIC,2025,2024,57 days 12:22:34.017978234,82822.5669663039,675.7196327923011,0.1548223350253807,Зима,1,2,0.0023721320692231,102.47610539043907,road
,2025-02-27 17:01:26.580543114,Восточно-Сибирская,SYNTHETIC,2025,2024,57 days 14:20:05.673072438,82940.0945512073,117.52758490339329,0.155668358714044,Зима,1,2,0.0023721320692231,102.47610539043907,road
,2025-02-28 02:06:18.283132854,Восточно-Сибирская,SYNTHETIC,2025,2024,57 days 23:24:57.375662178,83484.95626103629,544.8617098289978,0.15651438240270726,Зима,1,2,0.0023721320692231,102.47610539043907,road
,2025-02-28 02:36:08.984186958,Восточно-Сибирская,SYNTHETIC,2025,2024,57 days 23:54:48.076716282,83514.8012786047,29.845017568412004,0.15736040609137056,Зима,1,2,0.0023721320692231,102.47610539043907,road
,2025-03-01 05:37:46.998526596,Восточно-Сибирская,SYNTHETIC,2025,2024,59 days 02:56:26.091055920,85136.43485093201,1621.6335723273078,0.15820642978003385,Весна,2,3,0.0022865622823222,98.77949059632331,road
,2025-03-01 13:32:24.495095982,Восточно-Сибирская,SYNTHETIC,2025,2024,59 days 10:51:03.587625306,85611.0597937551,474.6249428230949,0.15905245346869712,Весна,2,3,0.0022865622823222,98.77949059632331,road
,2025-03-01 14:26:25.239548862,Восточно-Сибирская,SYNTHETIC,2025,2024,59 days 11:45:04.332078186,85665.0722013031,54.01240754799801,0.1598984771573604,Весна,2,3,0.0022865622823222,98.77949059632331,road
,2025-03-01 20:20:32.575727807,Восточно-Сибирская,SYNTHETIC,2025,2024,59 days 17:39:11.668257131,86019.19447095219,354.1222696490877,0.16074450084602368,Весна,2,3,0.0022865622823222,98.77949059632331,road
,2025-03-01 22:48:36.795725496,Восточно-Сибирская,SYNTHETIC,2025,2024,59 days 20:07:15.888254820,86167.26480424701,148.07033329481783,0.16159052453468697,Весна,2,3,0.0022865622823222,98.77949059632331,road
,2025-03-02 19:20:18.550529454,Восточно-Сибирская,SYNTHETIC,2025,2024,60 days 16:38:57.643058778,87398.9607176463,1231.6959133992932,0.16243654822335024,Весна,2,3,0.0022865622823222,98.77949059632331,road
,2025-03-03 05:48:13.948045092,Восточно-Сибирская,SYNTHETIC,2025,2024,61 days 03:06:53.040574416,88026.8840095736,627.9232919272908,0.16328257191201354,Весна,2,3,0.0022865622823222,98.77949059632331,road
,2025-03-04 08:00:03.980134800,Восточно-Сибирская,SYNTHETIC,2025,2024,62 days 05:18:43.072664124,89598.7178777354,1571.8338681618043,0.16412859560067683,Весна,2,3,0.0022865622823222,98.77949059632331,road
,2025-03-04 08:16:48.443536176,Восточно-Сибирская,SYNTHETIC,2025,2024,62 days 05:35:27.536065500,89615.458934425,16.741056689599645,0.1649746192893401,Весна,2,3,0.0022865622823222,98.77949059632331,road
,2025-03-04 10:43:36.224943894,Восточно-Сибирская,SYNTHETIC,2025,2024,62 days 08:02:15.317473218,89762.2552912203,146.79635679529747,0.1658206429780034,Весна,2,3,0.0022865622823222,98.77949059632331,road
,2025-03-04 12:18:41.858070780,Восточно-Сибирская,SYNTHETIC,2025,2024,62 days 09:37:20.950600104,89857.3491766684,95.09388544810645,0.16666666666666666,Весна,2,3,0.0022865622823222,98.77949059632331,road
,2025-03-04 12:23:36.202108956,Восточно-Сибирская,SYNTHETIC,2025,2024,62 days 09:42:15.294638280,89862.254910638,4.905733969600988,0.16751269035532995,Весна,2,3,0.0022865622823222,98.77949059632331,road
,2025-03-04 14:24:57.920462910,Восточно-Сибирская,SYNTHETIC,2025,2024,62 days 11:43:37.012992234,89983.6168832039,121.36197256589367,0.16835871404399322,Весна,2,3,0.0022865622823222,98.77949059632331,road
,2025-03-04 22:41:36.798998886,Восточно-Сибирская,SYNTHETIC,2025,2024,62 days 20:00:15.891528210,90480.2648588035,496.647975599597,0.1692047377326565,Весна,2,3,0.0022865622823222,98.77949059632331,road
,2025-03-05 00:36:32.214487692,Восточно-Сибирская,SYNTHETIC,2025,2024,62 days 21:55:11.307017016,90595.1884502836,114.92359148011019,0.1700507614213198,Весна,2,3,0.0022865622823222,98.77949059632331,road
,2025-03-05 05:47:37.391657484,Восточно-Сибирская,SYNTHETIC,2025,2024,63 days 03:06:16.484186808,90906.2747364468,311.0862861631904,0.17089678510998307,Весна,2,3,0.0022865622823222,98.77949059632331,road
,2025-03-05 21:44:21.480799314,Восточно-Сибирская,SYNTHETIC,2025,2024,63 days 19:03:00.573328638,91863.00955547731,956.7348190305202,0.17174280879864637,Весна,2,3,0.0022865622823222,98.77949059632331,road
,2025-03-06 06:21:53.669203824,Восточно-Сибирская,SYNTHETIC,2025,2024,64 days 03:40:32.761733148,92380.5460288858,517.5364734084869,0.17258883248730963,Весна,2,3,0.0022865622823222,98.77949059632331,road
,2025-03-06 10:01:24.022929468,Восточно-Сибирская,SYNTHETIC,2025,2024,64 days 07:20:03.115458792,92600.0519243132,219.50589542739908,0.17343485617597293,Весна,2,3,0.0022865622823222,98.77949059632331,road
,2025-03-06 13:25:10.992115356,Восточно-Сибирская,SYNTHETIC,2025,2024,64 days 10:43:50.084644680,92803.834744078,203.78281976480503,0.17428087986463622,Весна,2,3,0.0022865622823222,98.77949059632331,road
,2025-03-06 17:51:13.483547106,Восточно-Сибирская,SYNTHETIC,2025,2024,64 days 15:09:52.576076430,93069.8762679405,266.04152386249916,0.1751269035532995,Весна,2,3,0.0022865622823222,98.77949059632331,road
,2025-03-06 19:16:26.384290806,Восточно-Сибирская,SYNTHETIC,2025,2024,64 days 16:35:05.476820130,93155.0912803355,85.21501239499776,0.17597292724196278,Весна,2,3,0.0022865622823222,98.77949059632331,road
,2025-03-07 02:36:01.105420044,Восточно-Сибирская,SYNTHETIC,2025,2024,64 days 23:54:40.197949368,93594.66996582279,439.57868548728584,0.17681895093062605,Весна,2,3,0.0022865622823222,98.77949059632331,road
,2025-03-07 05:54:02.619331806,Восточно-Сибирская,SYNTHETIC,2025,2024,65 days 03:12:41.711861130,93792.69519768549,198.02523186270264,0.17766497461928935,Весна,2,3,0.0022865622823222,98.77949059632331,road
,2025-03-07 19:50:40.630067670,Восточно-Сибирская,SYNTHETIC,2025,2024,65 days 17:09:19.722596994,94629.3287099499,836.6335122644086,0.1785109983079526,Весна,2,3,0.0022865622823222,98.77949059632331,road
,2025-03-08 06:08:34.309639188,Восточно-Сибирская,SYNTHETIC,2025,2024,66 days 03:27:13.402168512,95247.2233694752,617.8946595253074,0.1793570219966159,Весна,2,3,0.0022865622823222,98.77949059632331,road
,2025-03-08 13:00:56.916974526,Восточно-Сибирская,SYNTHETIC,2025,2024,66 days 10:19:36.009503850,95659.6001583975,412.3767889222945,0.1802030456852792,Весна,2,3,0.0022865622823222,98.77949059632331,road
,2025-03-08 16:19:00.469760573,Восточно-Сибирская,SYNTHETIC,2025,2024,66 days 13:37:39.562289897,95857.65937149829,198.05921310078702,0.18104906937394247,Весна,2,3,0.0022865622823222,98.77949059632331,road
,2025-03-08 18:02:03.622086090,Восточно-Сибирская,SYNTHETIC,2025,2024,66 days 15:20:42.714615414,95960.7119102569,103.05253875860944,0.18189509306260576,Весна,2,3,0.0022865622823222,98.77949059632331,road
,2025-03-09 04:56:39.720534270,Восточно-Сибирская,SYNTHETIC,2025,2024,67 days 02:15:18.813063594,96615.3135510599,654.6016408029973,0.18274111675126903,Весна,2,3,0.0022865622823222,98.77949059632331,road
,2025-03-09 09:48:04.350137904,Восточно-Сибирская,SYNTHETIC,2025,2024,67 days 07:06:43.442667228,96906.7240444538,291.41049339390884,0.18358714043993232,Весна,2,3,0.0022865622823222,98.77949059632331,road
,2025-03-09 11:39:24.328344882,Восточно-Сибирская,SYNTHETIC,2025,2024,67 days 08:58:03.420874206,97018.0570145701,111.33297011630202,0.1844331641285956,Весна,2,3,0.0022865622823222,98.77949059632331,road
,2025-03-09 13:14:21.875440740,Восточно-Сибирская,SYNTHETIC,2025,2024,67 days 10:33:00.967970064,97113.0161328344,94.95911826429074,0.18527918781725888,Весна,2,3,0.0022865622823222,98.77949059632331,road
,2025-03-09 14:33:26.214905556,Восточно-Сибирская,SYNTHETIC,2025,2024,67 days 11:52:05.307434880,97192.088457248,79.07232441360247,0.18612521150592218,Весна,2,3,0.0022865622823222,98.77949059632331,road
,2025-03-10 01:30:00.898359918,Восточно-Сибирская,SYNTHETIC,2025,2024,67 days 22:48:39.990889242,97848.6665148207,656.5780575726967,0.18697123519458544,Весна,2,3,0.0022865622823222,98.77949059632331,road
,2025-03-10 03:23:44.686717290,Восточно-Сибирская,SYNTHETIC,2025,2024,68 days 00:42:23.779246614,97962.39632077691,113.7298059562163,0.18781725888324874,Весна,2,3,0.0022865622823222,98.77949059632331,road
,2025-03-10 08:50:49.882188240,Восточно-Сибирская,SYNTHETIC,2025,2024,68 days 06:09:28.974717564,98289.48291195939,327.08659118248033,0.188663282571912,Весна,2,3,0.0022865622823222,98.77949059632331,road
,2025-03-10 13:13:31.163584656,Восточно-Сибирская,SYNTHETIC,2025,2024,68 days 10:32:10.256113980,98552.17093523299,262.68802327360027,0.1895093062605753,Весна,2,3,0.0022865622823222,98.77949059632331,road
,2025-03-10 19:32:30.309757074,Восточно-Сибирская,SYNTHETIC,2025,2024,68 days 16:51:09.402286398,98931.1567047733,378.9857695403043,0.19035532994923857,Весна,2,3,0.0022865622823222,98.77949059632331,road
,2025-03-11 10:49:31.712482458,Восточно-Сибирская,SYNTHETIC,2025,2024,69 days 08:08:10.805011782,99848.1800835297,917.0233787564066,0.19120135363790186,Весна,2,3,0.0022865622823222,98.77949059632331,road
,2025-03-12 01:34:16.856657550,Восточно-Сибирская,SYNTHETIC,2025,2024,69 days 22:52:55.949186874,100732.9324864479,884.752402918195,0.19204737732656516,Весна,2,3,0.0022865622823222,98.77949059632331,road
,2025-03-12 05:56:35.647139346,Восточно-Сибирская,SYNTHETIC,2025,2024,70 days 03:15:14.739668670,100995.24566114451,262.3131746966101,0.19289340101522842,Весна,2,3,0.0022865622823222,98.77949059632331,road
,2025-03-12 06:03:21.991682826,Восточно-Сибирская,SYNTHETIC,2025,2024,70 days 03:22:01.084212150,101002.01807020251,6.772409058001358,0.19373942470389172,Весна,2,3,0.0022865622823222,98.77949059632331,road
,2025-03-12 10:06:28.938210516,Восточно-Сибирская,SYNTHETIC,2025,2024,70 days 07:25:08.030739840,101245.13384566401,243.11577546149783,0.19458544839255498,Весна,2,3,0.0022865622823222,98.77949059632331,road
,2025-03-12 16:54:02.128293534,Восточно-Сибирская,SYNTHETIC,2025,2024,70 days 14:12:41.220822858,101652.6870137143,407.55316805028997,0.19543147208121828,Весна,2,3,0.0022865622823222,98.77949059632331,road
,2025-03-12 22:50:51.909926574,Восточно-Сибирская,SYNTHETIC,2025,2024,70 days 20:09:31.002455898,102009.51670759829,356.82969388399215,0.19627749576988154,Весна,2,3,0.0022865622823222,98.77949059632331,road
,2025-03-13 06:31:39.883030002,Восточно-Сибирская,SYNTHETIC,2025,2024,71 days 03:50:18.975559326,102470.31625932209,460.7995517238014,0.19712351945854484,Весна,2,3,0.0022865622823222,98.77949059632331,road
,2025-03-13 07:44:50.546944116,Восточно-Сибирская,SYNTHETIC,2025,2024,71 days 05:03:29.639473440,102543.49399122401,73.17773190191656,0.19796954314720813,Весна,2,3,0.0022865622823222,98.77949059632331,road
,2025-03-13 15:19:39.663779964,Восточно-Сибирская,SYNTHETIC,2025,2024,71 days 12:38:18.756309288,102998.31260515479,454.81861393078,0.1988155668358714,Весна,2,3,0.0022865622823222,98.77949059632331,road
,2025-03-13 16:47:52.059127974,Восточно-Сибирская,SYNTHETIC,2025,2024,71 days 14:06:31.151657298,103086.51919428831,88.20658913352236,0.1996615905245347,Весна,2,3,0.0022865622823222,98.77949059632331,road
,2025-03-14 02:55:03.845679185,Восточно-Сибирская,SYNTHETIC,2025,2024,72 days 00:13:42.938208509,103693.71563680848,607.1964425201732,0.20050761421319796,Весна,2,3,0.0022865622823222,98.77949059632331,road
,2025-03-14 05:56:10.831398060,Восточно-Сибирская,SYNTHETIC,2025,2024,72 days 03:14:49.923927384,103874.8320654564,181.11642864791793,0.20135363790186125,Весна,2,3,0.0022865622823222,98.77949059632331,road
,2025-03-14 14:57:23.522547048,Восточно-Сибирская,SYNTHETIC,2025,2024,72 days 12:16:02.615076372,104416.0435846062,541.2115191498015,0.20219966159052452,Весна,2,3,0.0022865622823222,98.77949059632331,road
,2025-03-14 15:18:50.583308484,Восточно-Сибирская,SYNTHETIC,2025,2024,72 days 12:37:29.675837808,104437.4945972968,21.451012690595235,0.20304568527918782,Весна,2,3,0.0022865622823222,98.77949059632331,road
,2025-03-14 19:08:00.803003064,Восточно-Сибирская,SYNTHETIC,2025,2024,72 days 16:26:39.895532388,104666.66492553981,229.17032824300986,0.2038917089678511,Весна,2,3,0.0022865622823222,98.77949059632331,road
,2025-03-15 04:01:57.462495366,Восточно-Сибирская,SYNTHETIC,2025,2024,73 days 01:20:36.555024690,105200.6092504115,533.9443248716852,0.20473773265651438,Весна,2,3,0.0022865622823222,98.77949059632331,road
,2025-03-15 05:54:29.311900878,Восточно-Сибирская,SYNTHETIC,2025,2024,73 days 03:13:08.404430202,105313.14007383671,112.5308234252152,0.20558375634517767,Весна,2,3,0.0022865622823222,98.77949059632331,road
,2025-03-15 17:28:10.216221342,Восточно-Сибирская,SYNTHETIC,2025,2024,73 days 14:46:49.308750666,106006.8218125111,693.6817386743933,0.20642978003384094,Весна,2,3,0.0022865622823222,98.77949059632331,road
,2025-03-16 00:43:55.015988604,Восточно-Сибирская,SYNTHETIC,2025,2024,73 days 22:02:34.108517928,106442.5684752988,435.7466627877002,0.20727580372250423,Весна,2,3,0.0022865622823222,98.77949059632331,road
,2025-03-16 07:11:15.200835558,Восточно-Сибирская,SYNTHETIC,2025,2024,74 days 04:29:54.293364882,106829.9048894147,387.33641411589633,0.20812182741116753,Весна,2,3,0.0022865622823222,98.77949059632331,road
,2025-03-16 10:22:02.717158548,Восточно-Сибирская,SYNTHETIC,2025,2024,74 days 07:40:41.809687872,107020.6968281312,190.79193871650205,0.2089678510998308,Весна,2,3,0.0022865622823222,98.77949059632331,road
,2025-03-16 15:10:05.919622536,Восточно-Сибирская,SYNTHETIC,2025,2024,74 days 12:28:45.012151860,107308.750202531,288.05337439979485,0.2098138747884941,Весна,2,3,0.0022865622823222,98.77949059632331,road
,2025-03-16 21:47:56.317163532,Восточно-Сибирская,SYNTHETIC,2025,2024,74 days 19:06:35.409692856,107706.59016154759,397.83995901659364,0.21065989847715735,Весна,2,3,0.0022865622823222,98.77949059632331,road
,2025-03-17 02:27:37.874329758,Восточно-Сибирская,SYNTHETIC,2025,2024,74 days 23:46:16.966859082,107986.2827809847,279.69261943710444,0.21150592216582065,Весна,2,3,0.0022865622823222,98.77949059632331,road
,2025-03-17 11:11:43.323402438,Восточно-Сибирская,SYNTHETIC,2025,2024,75 days 08:30:22.415931762,108510.3735988627,524.0908178780082,0.21235194585448391,Весна,2,3,0.0022865622823222,98.77949059632331,road
,2025-03-17 15:20:24.217390884,Восточно-Сибирская,SYNTHETIC,2025,2024,75 days 12:39:03.309920208,108759.05516533679,248.68156647408614,0.2131979695431472,Весна,2,3,0.0022865622823222,98.77949059632331,road
,2025-03-17 16:59:14.230535046,Восточно-Сибирская,SYNTHETIC,2025,2024,75 days 14:17:53.323064370,108857.88871773951,98.83355240272067,0.2140439932318105,Весна,2,3,0.0022865622823222,98.77949059632331,road
,2025-03-17 18:44:30.636070872,Восточно-Сибирская,SYNTHETIC,2025,2024,75 days 16:03:09.728600196,108963.1621433366,105.27342559708632,0.21489001692047377,Весна,2,3,0.0022865622823222,98.77949059632331,road
,2025-03-17 18:47:03.372155172,Восточно-Сибирская,SYNTHETIC,2025,2024,75 days 16:05:42.464684496,108965.7077447416,2.5456014049996156,0.21573604060913706,Весна,2,3,0.0022865622823222,98.77949059632331,road
,2025-03-17 21:23:38.542763460,Восточно-Сибирская,SYNTHETIC,2025,2024,75 days 18:42:17.635292784,109122.2939215464,156.5861768048053,0.21658206429780033,Весна,2,3,0.0022865622823222,98.77949059632331,road
,2025-03-18 07:28:01.913643996,Восточно-Сибирская,SYNTHETIC,2025,2024,76 days 04:46:41.006173320,109726.683436222,604.3895146755967,0.21742808798646363,Весна,2,3,0.0022865622823222,98.77949059632331,road
,2025-03-18 18:59:19.094035734,Восточно-Сибирская,SYNTHETIC,2025,2024,76 days 16:17:58.186565058,110417.96977608431,691.2863398623158,0.2182741116751269,Весна,2,3,0.0022865622823222,98.77949059632331,road
,2025-03-18 20:38:15.501209082,Восточно-Сибирская,SYNTHETIC,2025,2024,76 days 17:56:54.593738406,110516.9098956401,98.94011955578753,0.21912013536379019,Весна,2,3,0.0022865622823222,98.77949059632331,road
,2025-03-19 19:55:39.888241536,Восточно-Сибирская,SYNTHETIC,2025,2024,77 days 17:14:18.980770860,111914.316346181,1397.4064505409042,0.21996615905245348,Весна,2,3,0.0022865622823222,98.77949059632331,road
,2025-03-20 01:00:54.657715590,Восточно-Сибирская,SYNTHETIC,2025,2024,77 days 22:19:33.750244914,112219.5625040819,305.2461579008959,0.22081218274111675,Весна,2,3,0.0022865622823222,98.77949059632331,road
,2025-03-20 19:09:17.720412174,Восточно-Сибирская,SYNTHETIC,2025,2024,78 days 16:27:56.812941498,113307.9468823583,1088.3843782764015,0.22165820642978004,Весна,2,3,0.0022865622823222,98.77949059632331,road
,2025-03-21 04:05:48.802571208,Восточно-Сибирская,SYNTHETIC,2025,2024,79 days 01:24:27.895100532,113844.4649183422,536.5180359838996,0.2225042301184433,Весна,2,3,0.0022865622823222,98.77949059632331,road
,2025-03-21 13:26:20.804658636,Восточно-Сибирская,SYNTHETIC,2025,2024,79 days 10:44:59.897187960,114404.99828646601,560.5333681238117,0.2233502538071066,Весна,2,3,0.0022865622823222,98.77949059632331,road
,2025-03-21 14:05:13.010234370,Восточно-Сибирская,SYNTHETIC,2025,2024,79 days 11:23:52.102763694,114443.8683793949,38.87009292888979,0.22419627749576987,Весна,2,3,0.0022865622823222,98.77949059632331,road
,2025-03-21 15:53:52.403618340,Восточно-Сибирская,SYNTHETIC,2025,2024,79 days 13:12:31.496147664,114552.5249357944,108.65655639949546,0.22504230118443316,Весна,2,3,0.0022865622823222,98.77949059632331,road
,2025-03-21 15:57:44.732660952,Восточно-Сибирская,SYNTHETIC,2025,2024,79 days 13:16:23.825190276,114556.3970865046,3.872150710201822,0.22588832487309646,Весна,2,3,0.0022865622823222,98.77949059632331,road
,2025-03-22 01:08:27.276655026,Восточно-Сибирская,SYNTHETIC,2025,2024,79 days 22:27:06.369184350,115107.1061530725,550.7090665678988,0.22673434856175972,Весна,2,3,0.0022865622823222,98.77949059632331,road
,2025-03-22 04:13:07.565327687,Восточно-Сибирская,SYNTHETIC,2025,2024,80 days 01:31:46.657857011,115291.77763095018,184.67147787768045,0.22758037225042302,Весна,2,3,0.0022865622823222,98.77949059632331,road
,2025-03-22 15:28:44.394117726,Восточно-Сибирская,SYNTHETIC,2025,2024,80 days 12:47:23.486647050,115967.3914441175,675.6138131673215,0.22842639593908629,Весна,2,3,0.0022865622823222,98.77949059632331,road
,2025-03-22 18:29:45.369741882,Восточно-Сибирская,SYNTHETIC,2025,2024,80 days 15:48:24.462271206,116148.4077045201,181.01626040259725,0.22927241962774958,Весна,2,3,0.0022865622823222,98.77949059632331,road
,2025-03-23 06:58:05.188962366,Восточно-Сибирская,SYNTHETIC,2025,2024,81 days 04:16:44.281491690,116896.73802486151,748.3303203414107,0.23011844331641285,Весна,2,3,0.0022865622823222,98.77949059632331,road
,2025-03-23 07:59:20.531143416,Восточно-Сибирская,SYNTHETIC,2025,2024,81 days 05:17:59.623672740,116957.99372787899,61.25570301747939,0.23096446700507614,Весна,2,3,0.0022865622823222,98.77949059632331,road
,2025-03-23 09:22:36.727519626,Восточно-Сибирская,SYNTHETIC,2025,2024,81 days 06:41:15.820048950,117041.26366748249,83.26993960350228,0.23181049069373943,Весна,2,3,0.0022865622823222,98.77949059632331,road
,2025-03-23 12:24:54.835442334,Восточно-Сибирская,SYNTHETIC,2025,2024,81 days 09:43:33.927971658,117223.56546619431,182.3017987118219,0.2326565143824027,Весна,2,3,0.0022865622823222,98.77949059632331,road
,2025-03-23 16:14:32.871036102,Восточно-Сибирская,SYNTHETIC,2025,2024,81 days 13:33:11.963565426,117453.1993927571,229.6339265627903,0.233502538071066,Весна,2,3,0.0022865622823222,98.77949059632331,road
,2025-03-23 19:22:04.413996372,Восточно-Сибирская,SYNTHETIC,2025,2024,81 days 16:40:43.506525696,117640.7251087616,187.52571600450028,0.23434856175972926,Весна,2,3,0.0022865622823222,98.77949059632331,road
,2025-03-24 05:52:54.132174780,Восточно-Сибирская,SYNTHETIC,2025,2024,82 days 03:11:33.224704104,118271.55374506839,630.8286363067891,0.23519458544839256,Весна,2,3,0.0022865622823222,98.77949059632331,road
,2025-03-24 06:37:30.085479150,Восточно-Сибирская,SYNTHETIC,2025,2024,82 days 03:56:09.178008474,118316.1529668079,44.59922173951054,0.23604060913705585,Весна,2,3,0.0022865622823222,98.77949059632331,road
,2025-03-24 09:46:43.120006794,Восточно-Сибирская,SYNTHETIC,2025,2024,82 days 07:05:22.212536118,118505.3702089353,189.21724212740082,0.23688663282571912,Весна,2,3,0.0022865622823222,98.77949059632331,road
,2025-03-24 23:00:41.758155618,Восточно-Сибирская,SYNTHETIC,2025,2024,82 days 20:19:20.850684942,119299.34751141569,793.9773024803872,0.2377326565143824,Весна,2,3,0.0022865622823222,98.77949059632331,road
,2025-03-24 23:30:55.816073622,Восточно-Сибирская,SYNTHETIC,2025,2024,82 days 20:49:34.908602946,119329.5818100491,30.234298633411527,0.23857868020304568,Весна,2,3,0.0022865622823222,98.77949059632331,road
,2025-03-25 20:18:45.915463914,Восточно-Сибирская,SYNTHETIC,2025,2024,83 days 17:37:25.007993238,120577.4167998873,1247.8349898382003,0.23942470389170897,Весна,2,3,0.0022865622823222,98.77949059632331,road
,2025-03-27 03:35:38.362503756,Восточно-Сибирская,SYNTHETIC,2025,2024,85 days 00:54:17.455033080,122454.290917218,1876.8741173306917,0.24027072758037224,Весна,2,3,0.0022865622823222,98.77949059632331,road
,2025-03-27 04:16:11.844802938,Восточно-Сибирская,SYNTHETIC,2025,2024,85 days 01:34:50.937332262,122494.8489555377,40.55803831970843,0.24111675126903553,Весна,2,3,0.0022865622823222,98.77949059632331,road
,2025-04-01 02:30:34.108658400,Восточно-Сибирская,SYNTHETIC,2025,2024,89 days 23:49:13.201187724,129589.22001979541,7094.371064257706,0.24196277495769883,Весна,2,4,0.0022865622823222,98.77949059632331,road
,2025-04-01 05:54:18.223163406,Восточно-Сибирская,SYNTHETIC,2025,2024,90 days 03:12:57.315692730,129792.9552615455,203.73524175009516,0.2428087986463621,Весна,2,4,0.0022865622823222,98.77949059632331,road
,2025-04-01 16:49:22.412206350,Восточно-Сибирская,SYNTHETIC,2025,2024,90 days 14:08:01.504735674,130448.0250789279,655.0698173823912,0.2436548223350254,Весна,2,4,0.0022865622823222,98.77949059632331,road
,2025-04-01 23:25:40.271212602,Восточно-Сибирская,SYNTHETIC,2025,2024,90 days 20:44:19.363741926,130844.3227290321,396.2976501041994,0.24450084602368866,Весна,2,4,0.0022865622823222,98.77949059632331,road
,2025-04-02 06:57:48.830080530,Восточно-Сибирская,SYNTHETIC,2025,2024,91 days 04:16:27.922609854,131296.4653768309,452.14264779879886,0.24534686971235195,Весна,2,4,0.0022865622823222,98.77949059632331,road
,2025-04-02 17:17:25.881941658,Восточно-Сибирская,SYNTHETIC,2025,2024,91 days 14:36:04.974470982,131916.08290784972,619.6175310188264,0.24619289340101522,Весна,2,4,0.0022865622823222,98.77949059632331,road
,2025-04-02 18:12:20.069396790,Восточно-Сибирская,SYNTHETIC,2025,2024,91 days 15:30:59.161926114,131970.9860321019,54.90312425218872,0.2470389170896785,Весна,2,4,0.0022865622823222,98.77949059632331,road
,2025-04-03 07:15:36.816451074,Восточно-Сибирская,SYNTHETIC,2025,2024,92 days 04:34:15.908980398,132754.2651496733,783.2791175713937,0.2478849407783418,Весна,2,4,0.0022865622823222,98.77949059632331,road
,2025-04-03 16:10:25.594617618,Восточно-Сибирская,SYNTHETIC,2025,2024,92 days 13:29:04.687146942,133289.0781191157,534.8129694423988,0.24873096446700507,Весна,2,4,0.0022865622823222,98.77949059632331,road
,2025-04-03 22:27:03.482129550,Восточно-Сибирская,SYNTHETIC,2025,2024,92 days 19:45:42.574658874,133665.7095776479,376.6314585322107,0.24957698815566837,Весна,2,4,0.0022865622823222,98.77949059632331,road
,2025-04-04 14:31:19.901070072,Восточно-Сибирская,SYNTHETIC,2025,2024,93 days 11:49:58.993599396,134629.9832266566,964.2736490086827,0.25042301184433163,Весна,2,4,0.0022865622823222,98.77949059632331,road
,2025-04-04 23:18:19.276103430,Восточно-Сибирская,SYNTHETIC,2025,2024,93 days 20:36:58.368632754,135156.9728105459,526.9895838893135,0.2512690355329949,Весна,2,4,0.0022865622823222,98.77949059632331,road
,2025-04-05 00:56:50.440665042,Восточно-Сибирская,SYNTHETIC,2025,2024,93 days 22:15:29.533194366,135255.4922199061,98.51940936018946,0.2521150592216582,Весна,2,4,0.0022865622823222,98.77949059632331,road
,2025-04-05 05:02:28.871077440,Восточно-Сибирская,SYNTHETIC,2025,2024,94 days 02:21:07.963606764,135501.13272677938,245.64050687328563,0.2529610829103215,Весна,2,4,0.0022865622823222,98.77949059632331,road
,2025-04-05 10:00:26.450948712,Восточно-Сибирская,SYNTHETIC,2025,2024,94 days 07:19:05.543478036,135799.0923913006,297.959664521215,0.25380710659898476,Весна,2,4,0.0022865622823222,98.77949059632331,road
,2025-04-05 10:25:16.915598808,Восточно-Сибирская,SYNTHETIC,2025,2024,94 days 07:43:56.008128132,135823.9334688022,24.841077501594555,0.2546531302876481,Весна,2,4,0.0022865622823222,98.77949059632331,road
,2025-04-06 08:57:59.886532260,Восточно-Сибирская,SYNTHETIC,2025,2024,95 days 06:16:38.979061584,137176.6496510264,1352.7161822242197,0.25549915397631134,Весна,2,4,0.0022865622823222,98.77949059632331,road
,2025-04-06 09:58:11.283562992,Восточно-Сибирская,SYNTHETIC,2025,2024,95 days 07:16:50.376092316,137236.83960153858,60.18995051216916,0.2563451776649746,Весна,2,4,0.0022865622823222,98.77949059632331,road
,2025-04-06 18:41:02.726450646,Восточно-Сибирская,SYNTHETIC,2025,2024,95 days 15:59:41.818979970,137759.6969829995,522.8573814609263,0.2571912013536379,Весна,2,4,0.0022865622823222,98.77949059632331,road
,2025-04-06 23:49:40.154846358,Восточно-Сибирская,SYNTHETIC,2025,2024,95 days 21:08:19.247375682,138068.3207895947,308.6238065951911,0.2580372250423012,Весна,2,4,0.0022865622823222,98.77949059632331,road
,2025-04-07 00:01:01.522153434,Восточно-Сибирская,SYNTHETIC,2025,2024,95 days 21:19:40.614682758,138079.6769113793,11.356121784599964,0.25888324873096447,Весна,2,4,0.0022865622823222,98.77949059632331,road
,2025-04-07 18:52:22.616473536,Восточно-Сибирская,SYNTHETIC,2025,2024,96 days 16:11:01.709002860,139211.028483381,1131.3515720017022,0.25972927241962773,Весна,2,4,0.0022865622823222,98.77949059632331,road
,2025-04-08 08:47:26.853327156,Восточно-Сибирская,SYNTHETIC,2025,2024,97 days 06:06:05.945856480,140046.099097608,835.0706142270064,0.26057529610829105,Весна,2,4,0.0022865622823222,98.77949059632331,road
,2025-04-08 14:12:20.206542168,Восточно-Сибирская,SYNTHETIC,2025,2024,97 days 11:30:59.299071492,140370.98831785822,324.8892202502175,0.2614213197969543,Весна,2,4,0.0022865622823222,98.77949059632331,road
,2025-04-08 16:06:02.468569998,Восточно-Сибирская,SYNTHETIC,2025,2024,97 days 13:24:41.561099322,140484.6926849887,113.70436713047093,0.2622673434856176,Весна,2,4,0.0022865622823222,98.77949059632331,road
,2025-04-08 17:02:45.286916646,Восточно-Сибирская,SYNTHETIC,2025,2024,97 days 14:21:24.379445970,140541.4063240995,56.71363911079243,0.26311336717428085,Весна,2,4,0.0022865622823222,98.77949059632331,road
,2025-04-08 20:20:15.441728904,Восточно-Сибирская,SYNTHETIC,2025,2024,97 days 17:38:54.534258228,140738.9089043038,197.5025802043092,0.2639593908629442,Весна,2,4,0.0022865622823222,98.77949059632331,road
,2025-04-08 22:29:14.905518900,Восточно-Сибирская,SYNTHETIC,2025,2024,97 days 19:47:53.998048224,140867.89996747038,128.99106316658435,0.26480541455160744,Весна,2,4,0.0022865622823222,98.77949059632331,road
,2025-04-09 03:38:16.799768478,Восточно-Сибирская,SYNTHETIC,2025,2024,98 days 00:56:55.892297802,141176.93153829672,309.031570826337,0.2656514382402707,Весна,2,4,0.0022865622823222,98.77949059632331,road
,2025-04-10 04:22:23.294067870,Восточно-Сибирская,SYNTHETIC,2025,2024,99 days 01:41:02.386597194,142661.0397766199,1484.1082383231842,0.26649746192893403,Весна,2,4,0.0022865622823222,98.77949059632331,road
,2025-04-10 10:36:33.328207698,Восточно-Сибирская,SYNTHETIC,2025,2024,99 days 07:55:12.420737022,143035.2070122837,374.16723566380097,0.2673434856175973,Весна,2,4,0.0022865622823222,98.77949059632331,road
,2025-04-11 02:41:36.365320200,Восточно-Сибирская,SYNTHETIC,2025,2024,100 days 00:00:15.457849524,144000.25763082542,965.050618541718,0.26818950930626057,Весна,2,4,0.0022865622823222,98.77949059632331,road
,2025-04-11 10:21:49.947193722,Восточно-Сибирская,SYNTHETIC,2025,2024,100 days 07:40:29.039723046,144460.4839953841,460.22636455867905,0.26903553299492383,Весна,2,4,0.0022865622823222,98.77949059632331,road
,2025-04-11 15:03:50.370646314,Восточно-Сибирская,SYNTHETIC,2025,2024,100 days 12:22:29.463175638,144742.4910529273,282.0070575432037,0.26988155668358715,Весна,2,4,0.0022865622823222,98.77949059632331,road
,2025-04-12 05:07:09.964895916,Восточно-Сибирская,SYNTHETIC,2025,2024,101 days 02:25:49.057425240,145585.817623754,843.326570826699,0.2707275803722504,Весна,2,4,0.0022865622823222,98.77949059632331,road
,2025-04-12 09:45:57.161562696,Восточно-Сибирская,SYNTHETIC,2025,2024,101 days 07:04:36.254092020,145864.604234867,278.7866111129988,0.2715736040609137,Весна,2,4,0.0022865622823222,98.77949059632331,road
,2025-04-13 00:33:37.646065230,Восточно-Сибирская,SYNTHETIC,2025,2024,101 days 21:52:16.738594554,146752.2789765759,887.6747417089064,0.272419627749577,Весна,2,4,0.0022865622823222,98.77949059632331,road
,2025-04-13 03:04:23.021740392,Восточно-Сибирская,SYNTHETIC,2025,2024,102 days 00:23:02.114269716,146903.03523782862,150.75626125271083,0.2732656514382403,Весна,2,4,0.0022865622823222,98.77949059632331,road
,2025-04-13 04:04:41.520527604,Восточно-Сибирская,SYNTHETIC,2025,2024,102 days 01:23:20.613056928,146963.3435509488,60.30831312018563,0.27411167512690354,Весна,2,4,0.0022865622823222,98.77949059632331,road
,2025-04-13 18:10:09.006754332,Восточно-Сибирская,SYNTHETIC,2025,2024,102 days 15:28:48.099283656,147808.8016547276,845.4581037788012,0.2749576988155668,Весна,2,4,0.0022865622823222,98.77949059632331,road
,2025-04-14 00:37:19.865699172,Восточно-Сибирская,SYNTHETIC,2025,2024,102 days 21:55:58.958228496,148195.98263714163,387.18098241402186,0.27580372250423013,Весна,2,4,0.0022865622823222,98.77949059632331,road
,2025-04-14 16:39:03.725978322,Восточно-Сибирская,SYNTHETIC,2025,2024,103 days 13:57:42.818507646,149157.71364179408,961.7310046524508,0.2766497461928934,Весна,2,4,0.0022865622823222,98.77949059632331,road
,2025-04-15 12:53:54.925344066,Восточно-Сибирская,SYNTHETIC,2025,2024,104 days 10:12:34.017873390,150372.5669645565,1214.8533227624139,0.27749576988155666,Весна,2,4,0.0022865622823222,98.77949059632331,road
,2025-04-15 13:18:01.287828216,Восточно-Сибирская,SYNTHETIC,2025,2024,104 days 10:36:40.380357540,150396.673005959,24.106041402497794,0.27834179357022,Весна,2,4,0.0022865622823222,98.77949059632331,road
,2025-04-15 18:22:00.572308044,Восточно-Сибирская,SYNTHETIC,2025,2024,104 days 15:40:39.664837368,150700.66108062278,303.98807466379367,0.27918781725888325,Весна,2,4,0.0022865622823222,98.77949059632331,road
,2025-04-15 21:47:32.103699257,Восточно-Сибирская,SYNTHETIC,2025,2024,104 days 19:06:11.196228581,150906.18660380968,205.52552318689413,0.2800338409475465,Весна,2,4,0.0022865622823222,98.77949059632331,road
,2025-04-16 04:57:29.457483132,Восточно-Сибирская,SYNTHETIC,2025,2024,105 days 02:16:08.550012456,151336.1425002076,429.95589639793616,0.2808798646362098,Весна,2,4,0.0022865622823222,98.77949059632331,road
,2025-04-16 16:27:33.882176118,Восточно-Сибирская,SYNTHETIC,2025,2024,105 days 13:46:12.974705442,152026.2162450907,690.0737448830914,0.2817258883248731,Весна,2,4,0.0022865622823222,98.77949059632331,road
,2025-04-16 18:51:35.435046150,Восточно-Сибирская,SYNTHETIC,2025,2024,105 days 16:10:14.527575474,152170.24212625792,144.02588116721017,0.2825719120135364,Весна,2,4,0.0022865622823222,98.77949059632331,road
,2025-04-17 00:47:27.938876358,Восточно-Сибирская,SYNTHETIC,2025,2024,105 days 22:06:07.031405682,152526.1171900947,355.8750638367783,0.28341793570219964,Весна,2,4,0.0022865622823222,98.77949059632331,road
,2025-04-17 09:46:55.298583606,Восточно-Сибирская,SYNTHETIC,2025,2024,106 days 07:05:34.391112930,153065.5731852155,539.4559951208066,0.28426395939086296,Весна,2,4,0.0022865622823222,98.77949059632331,road
,2025-04-17 10:50:03.560508246,Восточно-Сибирская,SYNTHETIC,2025,2024,106 days 08:08:42.653037570,153128.71088395952,63.137698744016234,0.28510998307952623,Весна,2,4,0.0022865622823222,98.77949059632331,road
,2025-04-17 23:05:49.352444082,Восточно-Сибирская,SYNTHETIC,2025,2024,106 days 20:24:28.444973406,153864.47408289008,735.7631989305664,0.2859560067681895,Весна,2,4,0.0022865622823222,98.77949059632331,road
,2025-04-18 05:53:16.950162276,Восточно-Сибирская,SYNTHETIC,2025,2024,107 days 03:11:56.042691600,154271.93404485998,407.4599619699002,0.2868020304568528,Весна,2,4,0.0022865622823222,98.77949059632331,road
,2025-04-19 03:39:24.119157240,Восточно-Сибирская,SYNTHETIC,2025,2024,108 days 00:58:03.211686564,155578.05352810942,1306.1194832494366,0.2876480541455161,Весна,2,4,0.0022865622823222,98.77949059632331,road
,2025-04-19 06:40:48.631935582,Восточно-Сибирская,SYNTHETIC,2025,2024,108 days 03:59:27.724464906,155759.46207441512,181.4085463056981,0.28849407783417935,Весна,2,4,0.0022865622823222,98.77949059632331,road
,2025-04-19 07:30:51.902998662,Восточно-Сибирская,SYNTHETIC,2025,2024,108 days 04:49:30.995527986,155809.51659213312,50.0545177180029,0.2893401015228426,Весна,2,4,0.0022865622823222,98.77949059632331,road
,2025-04-19 12:39:43.692645078,Восточно-Сибирская,SYNTHETIC,2025,2024,108 days 09:58:22.785174402,156118.37975290668,308.8631607735588,0.29018612521150594,Весна,2,4,0.0022865622823222,98.77949059632331,road
,2025-04-19 13:18:57.908749560,Восточно-Сибирская,SYNTHETIC,2025,2024,108 days 10:37:37.001278884,156157.6166879814,39.23693507473217,0.2910321489001692,Весна,2,4,0.0022865622823222,98.77949059632331,road
,2025-04-20 14:45:40.012515750,Восточно-Сибирская,SYNTHETIC,2025,2024,109 days 12:04:19.105045074,157684.3184174179,1526.7017294364923,0.2918781725888325,Весна,2,4,0.0022865622823222,98.77949059632331,road
,2025-04-20 15:02:55.272225354,Восточно-Сибирская,SYNTHETIC,2025,2024,109 days 12:21:34.364754678,157701.5727459113,17.25432849340723,0.2927241962774958,Весна,2,4,0.0022865622823222,98.77949059632331,road
,2025-04-21 01:15:22.378283508,Восточно-Сибирская,SYNTHETIC,2025,2024,109 days 22:34:01.470812832,158314.0245135472,612.451767635881,0.29357021996615906,Весна,2,4,0.0022865622823222,98.77949059632331,road
,2025-04-21 06:41:02.350904778,Восточно-Сибирская,SYNTHETIC,2025,2024,110 days 03:59:41.443434102,158639.6907239017,325.66621035450953,0.29441624365482233,Весна,2,4,0.0022865622823222,98.77949059632331,road
,2025-04-21 10:02:08.895061608,Восточно-Сибирская,SYNTHETIC,2025,2024,110 days 07:20:47.987590932,158840.7997931822,201.109069280501,0.2952622673434856,Весна,2,4,0.0022865622823222,98.77949059632331,road
,2025-04-21 10:31:56.115995184,Восточно-Сибирская,SYNTHETIC,2025,2024,110 days 07:50:35.208524508,158870.58680874182,29.78701555961743,0.2961082910321489,Весна,2,4,0.0022865622823222,98.77949059632331,road
,2025-04-21 17:37:35.838750960,Восточно-Сибирская,SYNTHETIC,2025,2024,110 days 14:56:14.931280284,159296.2488546714,425.6620459295809,0.2969543147208122,Весна,2,4,0.0022865622823222,98.77949059632331,road
,2025-04-22 00:02:27.476903172,Восточно-Сибирская,SYNTHETIC,2025,2024,110 days 21:21:06.569432496,159681.1094905416,384.8606358701945,0.29780033840947545,Весна,2,4,0.0022865622823222,98.77949059632331,road
,2025-04-22 02:26:39.721124118,Восточно-Сибирская,SYNTHETIC,2025,2024,110 days 23:45:18.813653442,159825.31356089067,144.2040703490784,0.2986463620981388,Весна,2,4,0.0022865622823222,98.77949059632331,road
,2025-04-22 20:00:49.570437036,Восточно-Сибирская,SYNTHETIC,2025,2024,111 days 17:19:28.662966360,160879.477716106,1054.164155215316,0.29949238578680204,Весна,2,4,0.0022865622823222,98.77949059632331,road
,2025-04-22 22:39:23.337644778,Восточно-Сибирская,SYNTHETIC,2025,2024,111 days 19:58:02.430174102,161038.04050290168,158.56278679569368,0.3003384094754653,Весна,2,4,0.0022865622823222,98.77949059632331,road
,2025-04-23 03:00:37.641637902,Восточно-Сибирская,SYNTHETIC,2025,2024,112 days 00:19:16.734167226,161299.2789027871,261.2383998854202,0.3011844331641286,Весна,2,4,0.0022865622823222,98.77949059632331,road
,2025-04-23 08:43:49.471071162,Восточно-Сибирская,SYNTHETIC,2025,2024,112 days 06:02:28.563600486,161642.4760600081,343.19715722100227,0.3020304568527919,Весна,2,4,0.0022865622823222,98.77949059632331,road
,2025-04-23 09:30:00.920388456,Восточно-Сибирская,SYNTHETIC,2025,2024,112 days 06:48:40.012917780,161688.666881963,46.19082195489318,0.30287648054145516,Весна,2,4,0.0022865622823222,98.77949059632331,road
,2025-04-24 05:06:43.728389010,Восточно-Сибирская,SYNTHETIC,2025,2024,113 days 02:25:22.820918334,162865.38034863892,1176.713466675923,0.30372250423011843,Весна,2,4,0.0022865622823222,98.77949059632331,road
,2025-04-24 08:31:57.280975536,Восточно-Сибирская,SYNTHETIC,2025,2024,113 days 05:50:36.373504860,163070.606225081,205.22587644206942,0.30456852791878175,Весна,2,4,0.0022865622823222,98.77949059632331,road
,2025-04-24 09:08:47.470658340,Восточно-Сибирская,SYNTHETIC,2025,2024,113 days 06:27:26.563187664,163107.4427197944,36.8364947134105,0.305414551607445,Весна,2,4,0.0022865622823222,98.77949059632331,road
,2025-04-24 12:43:01.669929954,Восточно-Сибирская,SYNTHETIC,2025,2024,113 days 10:01:40.762459278,163321.6793743213,214.2366545269033,0.3062605752961083,Весна,2,4,0.0022865622823222,98.77949059632331,road
,2025-04-24 19:23:58.672049016,Восточно-Сибирская,SYNTHETIC,2025,2024,113 days 16:42:37.764578340,163722.62940963902,400.9500353177136,0.30710659898477155,Весна,2,4,0.0022865622823222,98.77949059632331,road
,2025-04-25 00:39:13.501062150,Восточно-Сибирская,SYNTHETIC,2025,2024,113 days 21:57:52.593591474,164037.8765598579,315.24715021887096,0.3079526226734349,Весна,2,4,0.0022865622823222,98.77949059632331,road
,2025-04-25 09:17:52.957029810,Восточно-Сибирская,SYNTHETIC,2025,2024,114 days 06:36:32.049559134,164556.5341593189,518.657599461003,0.30879864636209814,Весна,2,4,0.0022865622823222,98.77949059632331,road
,2025-04-25 09:42:50.819330178,Восточно-Сибирская,SYNTHETIC,2025,2024,114 days 07:01:29.911859502,164581.4985309917,24.964371672802372,0.3096446700507614,Весна,2,4,0.0022865622823222,98.77949059632331,road
,2025-04-25 12:09:16.858759176,Восточно-Сибирская,SYNTHETIC,2025,2024,114 days 09:27:55.951288500,164727.932521475,146.43399048331776,0.31049069373942473,Весна,2,4,0.0022865622823222,98.77949059632331,road
,2025-04-26 00:37:21.696882546,Восточно-Сибирская,SYNTHETIC,2025,2024,114 days 21:56:00.789411870,165476.0131568645,748.0806353894877,0.311336717428088,Весна,2,4,0.0022865622823222,98.77949059632331,road
,2025-04-26 01:13:46.620324438,Восточно-Сибирская,SYNTHETIC,2025,2024,114 days 22:32:25.712853762,165512.42854756268,36.415390698181,0.31218274111675126,Весна,2,4,0.0022865622823222,98.77949059632331,road
,2025-04-26 15:19:45.226598292,Восточно-Сибирская,SYNTHETIC,2025,2024,115 days 12:38:24.319127616,166358.40531879358,845.9767712308967,0.3130287648054145,Весна,2,4,0.0022865622823222,98.77949059632331,road
,2025-04-26 16:01:54.695529930,Восточно-Сибирская,SYNTHETIC,2025,2024,115 days 13:20:33.788059254,166400.5631343209,42.157815527316416,0.31387478849407785,Весна,2,4,0.0022865622823222,98.77949059632331,road
,2025-04-27 05:08:28.008106176,Восточно-Сибирская,SYNTHETIC,2025,2024,116 days 02:27:07.100635500,167187.11834392502,786.555209604121,0.3147208121827411,Весна,2,4,0.0022865622823222,98.77949059632331,road
,2025-04-27 08:24:11.044597878,Восточно-Сибирская,SYNTHETIC,2025,2024,116 days 05:42:50.137127202,167382.8356187867,195.7172748616722,0.3155668358714044,Весна,2,4,0.0022865622823222,98.77949059632331,road
,2025-04-27 15:18:28.156465614,Восточно-Сибирская,SYNTHETIC,2025,2024,116 days 12:37:07.248994938,167797.1208165823,414.28519779560156,0.3164128595600677,Весна,2,4,0.0022865622823222,98.77949059632331,road
,2025-04-27 16:31:01.975794899,Восточно-Сибирская,SYNTHETIC,2025,2024,116 days 13:49:41.068324223,167869.6844720704,72.56365548810572,0.31725888324873097,Весна,2,4,0.0022865622823222,98.77949059632331,road
,2025-04-27 17:00:58.371244416,Восточно-Сибирская,SYNTHETIC,2025,2024,116 days 14:19:37.463773740,167899.62439622902,29.93992415862158,0.31810490693739424,Весна,2,4,0.0022865622823222,98.77949059632331,road
,2025-04-27 18:47:21.773320518,Восточно-Сибирская,SYNTHETIC,2025,2024,116 days 16:06:00.865849842,168006.0144308307,106.39003460167442,0.3189509306260575,Весна,2,4,0.0022865622823222,98.77949059632331,road
,2025-04-27 19:47:11.395090308,Восточно-Сибирская,SYNTHETIC,2025,2024,116 days 17:05:50.487619632,168065.8414603272,59.82702949651866,0.3197969543147208,Весна,2,4,0.0022865622823222,98.77949059632331,road
,2025-04-27 22:30:59.859040794,Восточно-Сибирская,SYNTHETIC,2025,2024,116 days 19:49:38.951570118,168229.6491928353,163.80773250808124,0.3206429780033841,Весна,2,4,0.0022865622823222,98.77949059632331,road
,2025-04-28 03:46:54.134937534,Восточно-Сибирская,SYNTHETIC,2025,2024,117 days 01:05:33.227466858,168545.5537911143,315.90459827901213,0.32148900169204736,Весна,2,4,0.0022865622823222,98.77949059632331,road
,2025-04-28 10:15:30.630510263,Восточно-Сибирская,SYNTHETIC,2025,2024,117 days 07:34:09.723039587,168934.1620506598,388.60825954549364,0.3223350253807107,Весна,2,4,0.0022865622823222,98.77949059632331,road
,2025-04-28 21:37:45.965551242,Восточно-Сибирская,SYNTHETIC,2025,2024,117 days 18:56:25.058080566,169616.4176346761,682.2555840162968,0.32318104906937395,Весна,2,4,0.0022865622823222,98.77949059632331,road
,2025-04-29 05:24:45.615063432,Восточно-Сибирская,SYNTHETIC,2025,2024,118 days 02:43:24.707592756,170083.41179321258,466.9941585364868,0.3240270727580372,Весна,2,4,0.0022865622823222,98.77949059632331,road
,2025-04-29 12:15:10.262016516,Восточно-Сибирская,SYNTHETIC,2025,2024,118 days 09:33:49.354545840,170493.82257576397,410.4107825513929,0.3248730964467005,Весна,2,4,0.0022865622823222,98.77949059632331,road
,2025-05-01 03:52:04.598572908,Восточно-Сибирская,SYNTHETIC,2025,2024,120 days 01:10:43.691102232,172870.7281850372,2376.9056092732353,0.3257191201353638,Весна,2,5,0.0022865622823222,98.77949059632331,road
,2025-05-01 08:32:53.208700506,Восточно-Сибирская,SYNTHETIC,2025,2024,120 days 05:51:32.301229830,173151.53835383052,280.81016879330855,0.32656514382402707,Весна,2,5,0.0022865622823222,98.77949059632331,road
,2025-05-01 12:27:00.269900760,Восточно-Сибирская,SYNTHETIC,2025,2024,120 days 09:45:39.362430084,173385.6560405014,234.11768667088472,0.32741116751269034,Весна,2,5,0.0022865622823222,98.77949059632331,road
,2025-05-02 01:54:25.351915020,Восточно-Сибирская,SYNTHETIC,2025,2024,120 days 23:13:04.444444344,174193.07407407238,807.4180335709825,0.32825719120135366,Весна,2,5,0.0022865622823222,98.77949059632331,road
,2025-05-02 03:48:43.647983676,Восточно-Сибирская,SYNTHETIC,2025,2024,121 days 01:07:22.740513,174307.37900855002,114.30493447763729,0.3291032148900169,Весна,2,5,0.0022865622823222,98.77949059632331,road
,2025-05-02 03:51:14.197797192,Восточно-Сибирская,SYNTHETIC,2025,2024,121 days 01:09:53.290326516,174309.8881721086,2.5091635585704353,0.3299492385786802,Весна,2,5,0.0022865622823222,98.77949059632331,road
,2025-05-02 11:32:00.951080057,Восточно-Сибирская,SYNTHETIC,2025,2024,121 days 08:50:40.043609381,174770.66739348968,460.7792213810899,0.33079526226734346,Весна,2,5,0.0022865622823222,98.77949059632331,road
,2025-05-02 13:10:57.181951050,Восточно-Сибирская,SYNTHETIC,2025,2024,121 days 10:29:36.274480374,174869.6045746729,98.93718118322431,0.3316412859560068,Весна,2,5,0.0022865622823222,98.77949059632331,road
,2025-05-03 05:16:44.140286394,Восточно-Сибирская,SYNTHETIC,2025,2024,122 days 02:35:23.232815718,175835.3872135953,965.7826389223919,0.33248730964467005,Весна,2,5,0.0022865622823222,98.77949059632331,road
,2025-05-03 19:33:37.321651956,Восточно-Сибирская,SYNTHETIC,2025,2024,122 days 16:52:16.414181280,176692.27356968803,856.8863560927275,0.3333333333333333,Весна,2,5,0.0022865622823222,98.77949059632331,road
,2025-05-03 20:08:32.100797520,Восточно-Сибирская,SYNTHETIC,2025,2024,122 days 17:27:11.193326844,176727.1865554474,34.91298575937981,0.33417935702199664,Весна,2,5,0.0022865622823222,98.77949059632331,road
,2025-05-03 20:57:43.712228532,Восточно-Сибирская,SYNTHETIC,2025,2024,122 days 18:16:22.804757856,176776.3800792976,49.193523850204656,0.3350253807106599,Весна,2,5,0.0022865622823222,98.77949059632331,road
,2025-05-04 01:56:39.896150370,Восточно-Сибирская,SYNTHETIC,2025,2024,122 days 23:15:18.988679694,177075.3164779949,298.9363986972894,0.33587140439932317,Весна,2,5,0.0022865622823222,98.77949059632331,road
,2025-05-04 08:47:35.704351242,Восточно-Сибирская,SYNTHETIC,2025,2024,123 days 06:06:14.796880566,177486.24661467609,410.9301366811851,0.33671742808798644,Весна,2,5,0.0022865622823222,98.77949059632331,road
,2025-05-04 11:08:10.826461290,Восточно-Сибирская,SYNTHETIC,2025,2024,123 days 08:26:49.918990614,177626.8319831769,140.58536850081873,0.33756345177664976,Весна,2,5,0.0022865622823222,98.77949059632331,road
,2025-05-04 20:19:55.383405474,Восточно-Сибирская,SYNTHETIC,2025,2024,123 days 17:38:34.475934798,178178.57459891328,551.7426157363807,0.338409475465313,Весна,2,5,0.0022865622823222,98.77949059632331,road
,2025-05-05 02:55:07.684214460,Восточно-Сибирская,SYNTHETIC,2025,2024,124 days 00:13:46.776743784,178573.7796123964,395.20501348312246,0.3392554991539763,Весна,2,5,0.0022865622823222,98.77949059632331,road
,2025-05-05 05:46:54.389094720,Восточно-Сибирская,SYNTHETIC,2025,2024,124 days 03:05:33.481624044,178745.5580270674,171.77841467098915,0.3401015228426396,Весна,2,5,0.0022865622823222,98.77949059632331,road
,2025-05-05 05:58:08.734880022,Восточно-Сибирская,SYNTHETIC,2025,2024,124 days 03:16:47.827409346,178756.7971234891,11.239096421690192,0.3409475465313029,Весна,2,5,0.0022865622823222,98.77949059632331,road
,2025-05-05 16:04:41.244573312,Восточно-Сибирская,SYNTHETIC,2025,2024,124 days 13:23:20.337102636,179363.3389517106,606.5418282215251,0.34179357021996615,Весна,2,5,0.0022865622823222,98.77949059632331,road
,2025-05-05 17:50:25.033521396,Восточно-Сибирская,SYNTHETIC,2025,2024,124 days 15:09:04.126050720,179469.068767512,105.72981580140186,0.3426395939086294,Весна,2,5,0.0022865622823222,98.77949059632331,road
,2025-05-06 06:57:01.441707120,Восточно-Сибирская,SYNTHETIC,2025,2024,125 days 04:15:40.534236444,180255.6755706074,786.6068030953757,0.34348561759729274,Весна,2,5,0.0022865622823222,98.77949059632331,road
,2025-05-06 10:55:28.362274098,Восточно-Сибирская,SYNTHETIC,2025,2024,125 days 08:14:07.454803422,180494.1242467237,238.44867611629888,0.344331641285956,Весна,2,5,0.0022865622823222,98.77949059632331,road
,2025-05-06 17:11:49.847227062,Восточно-Сибирская,SYNTHETIC,2025,2024,125 days 14:30:28.939756386,180870.4823292731,376.35808254941367,0.34517766497461927,Весна,2,5,0.0022865622823222,98.77949059632331,road
,2025-05-07 08:14:07.832246004,Восточно-Сибирская,SYNTHETIC,2025,2024,126 days 05:32:46.924775328,181772.7820795888,902.2997503156948,0.3460236886632826,Весна,2,5,0.0022865622823222,98.77949059632331,road
,2025-05-07 22:45:27.156320592,Восточно-Сибирская,SYNTHETIC,2025,2024,126 days 20:04:06.248849916,182644.10414749858,871.3220679097867,0.34686971235194586,Весна,2,5,0.0022865622823222,98.77949059632331,road
,2025-05-08 02:08:34.457781828,Восточно-Сибирская,SYNTHETIC,2025,2024,126 days 23:27:13.550311152,182847.2258385192,203.12169102061307,0.3477157360406091,Весна,2,5,0.0022865622823222,98.77949059632331,road
,2025-05-08 03:51:02.994173598,Восточно-Сибирская,SYNTHETIC,2025,2024,127 days 01:09:42.086702922,182949.7014450487,102.47560652950779,0.34856175972927245,Весна,2,5,0.0022865622823222,98.77949059632331,road
,2025-05-08 14:43:41.454894522,Восточно-Сибирская,SYNTHETIC,2025,2024,127 days 12:02:20.547423846,183602.34245706408,652.6410120153741,0.3494077834179357,Весна,2,5,0.0022865622823222,98.77949059632331,road
,2025-05-08 18:51:53.787603984,Восточно-Сибирская,SYNTHETIC,2025,2024,127 days 16:10:32.880133308,183850.5480022218,248.205545157718,0.350253807106599,Весна,2,5,0.0022865622823222,98.77949059632331,road
,2025-05-08 20:25:09.397984338,Восточно-Сибирская,SYNTHETIC,2025,2024,127 days 17:43:48.490513662,183943.8081752277,93.26017300589592,0.35109983079526225,Весна,2,5,0.0022865622823222,98.77949059632331,road
,2025-05-09 13:31:57.540457890,Восточно-Сибирская,SYNTHETIC,2025,2024,128 days 10:50:36.632987214,184970.6105497869,1026.8023745592218,0.35194585448392557,Весна,2,5,0.0022865622823222,98.77949059632331,road
,2025-05-09 15:08:30.776861784,Восточно-Сибирская,SYNTHETIC,2025,2024,128 days 12:27:09.869391108,185067.1644898518,96.55394006488496,0.35279187817258884,Весна,2,5,0.0022865622823222,98.77949059632331,road
,2025-05-09 15:19:56.855238936,Восточно-Сибирская,SYNTHETIC,2025,2024,128 days 12:38:35.947768260,185078.599129471,11.434639619197696,0.3536379018612521,Весна,2,5,0.0022865622823222,98.77949059632331,road
,2025-05-09 15:28:54.477217836,Восточно-Сибирская,SYNTHETIC,2025,2024,128 days 12:47:33.569747160,185087.559495786,8.960366315004649,0.3544839255499154,Весна,2,5,0.0022865622823222,98.77949059632331,road
,2025-05-09 22:34:44.510525742,Восточно-Сибирская,SYNTHETIC,2025,2024,128 days 19:53:23.603055066,185513.3933842511,425.83388846510206,0.3553299492385787,Весна,2,5,0.0022865622823222,98.77949059632331,road
,2025-05-10 06:28:42.357896790,Восточно-Сибирская,SYNTHETIC,2025,2024,129 days 03:47:21.450426114,185987.3575071019,473.96412285079714,0.35617597292724196,Весна,2,5,0.0022865622823222,98.77949059632331,road
,2025-05-10 09:11:38.812512096,Восточно-Сибирская,SYNTHETIC,2025,2024,129 days 06:30:17.905041420,186150.298417357,162.94091025509988,0.3570219966159052,Весна,2,5,0.0022865622823222,98.77949059632331,road
,2025-05-10 12:00:19.122234210,Восточно-Сибирская,SYNTHETIC,2025,2024,129 days 09:18:58.214763534,186318.9702460589,168.67182870188844,0.35786802030456855,Весна,2,5,0.0022865622823222,98.77949059632331,road
,2025-05-10 15:01:42.244350978,Восточно-Сибирская,SYNTHETIC,2025,2024,129 days 12:20:21.336880302,186500.3556146717,181.38536861279863,0.3587140439932318,Весна,2,5,0.0022865622823222,98.77949059632331,road
,2025-05-10 23:20:14.305966002,Восточно-Сибирская,SYNTHETIC,2025,2024,129 days 20:38:53.398495326,186998.8899749221,498.5343602503999,0.3595600676818951,Весна,2,5,0.0022865622823222,98.77949059632331,road
,2025-05-10 23:46:25.889044584,Восточно-Сибирская,SYNTHETIC,2025,2024,129 days 21:05:04.981573908,187025.0830262318,26.19305130970315,0.3604060913705584,Весна,2,5,0.0022865622823222,98.77949059632331,road
,2025-05-11 19:03:56.405314080,Восточно-Сибирская,SYNTHETIC,2025,2024,130 days 16:22:35.497843404,188182.5916307234,1157.5086044915952,0.36125211505922167,Весна,2,5,0.0022865622823222,98.77949059632331,road
,2025-05-11 20:54:01.045923450,Восточно-Сибирская,SYNTHETIC,2025,2024,130 days 18:12:40.138452774,188292.6689742129,110.07734348950908,0.36209813874788493,Весна,2,5,0.0022865622823222,98.77949059632331,road
,2025-05-14 07:24:10.088970282,Восточно-Сибирская,SYNTHETIC,2025,2024,133 days 04:42:49.181499606,191802.8196916601,3510.1507174471917,0.3629441624365482,Весна,2,5,0.0022865622823222,98.77949059632331,road
,2025-05-14 08:46:27.610297218,Восточно-Сибирская,SYNTHETIC,2025,2024,133 days 06:05:06.702826542,191885.11171377572,82.29202211563825,0.3637901861252115,Весна,2,5,0.0022865622823222,98.77949059632331,road
,2025-05-14 19:32:09.325272864,Восточно-Сибирская,SYNTHETIC,2025,2024,133 days 16:50:48.417802188,192530.8069633698,645.6952495940786,0.3646362098138748,Весна,2,5,0.0022865622823222,98.77949059632331,road
,2025-05-14 21:22:44.071697910,Восточно-Сибирская,SYNTHETIC,2025,2024,133 days 18:41:23.164227234,192641.3860704539,110.57910708410782,0.36548223350253806,Весна,2,5,0.0022865622823222,98.77949059632331,road
,2025-05-14 21:59:36.190825950,Восточно-Сибирская,SYNTHETIC,2025,2024,133 days 19:18:15.283355274,192678.25472258788,36.86865213396959,0.3663282571912014,Весна,2,5,0.0022865622823222,98.77949059632331,road
,2025-05-15 13:08:47.294763090,Восточно-Сибирская,SYNTHETIC,2025,2024,134 days 10:27:26.387292414,193587.43978820692,909.1850656190363,0.36717428087986465,Весна,2,5,0.0022865622823222,98.77949059632331,road
,2025-05-16 03:24:45.602527182,Восточно-Сибирская,SYNTHETIC,2025,2024,135 days 00:43:24.695056506,194443.4115842751,855.9717960681883,0.3680203045685279,Весна,2,5,0.0022865622823222,98.77949059632331,road
,2025-05-16 07:10:46.415391258,Восточно-Сибирская,SYNTHETIC,2025,2024,135 days 04:29:25.507920582,194669.4251320097,226.01354773459025,0.3688663282571912,Весна,2,5,0.0022865622823222,98.77949059632331,road
,2025-05-16 16:00:49.406901708,Восточно-Сибирская,SYNTHETIC,2025,2024,135 days 13:19:28.499431032,195199.47499051722,530.0498585075256,0.3697123519458545,Весна,2,5,0.0022865622823222,98.77949059632331,road
,2025-05-16 21:56:57.756022650,Восточно-Сибирская,SYNTHETIC,2025,2024,135 days 19:15:36.848551974,195555.6141425329,356.1391520156758,0.37055837563451777,Весна,2,5,0.0022865622823222,98.77949059632331,road
,2025-05-17 11:55:20.978597688,Восточно-Сибирская,SYNTHETIC,2025,2024,136 days 09:14:00.071127012,196394.0011854502,838.3870429173112,0.37140439932318103,Весна,2,5,0.0022865622823222,98.77949059632331,road
,2025-05-17 14:40:50.771125578,Восточно-Сибирская,SYNTHETIC,2025,2024,136 days 11:59:29.863654902,196559.4977275817,165.49654213149915,0.37225042301184436,Весна,2,5,0.0022865622823222,98.77949059632331,road
,2025-05-17 20:05:11.848531962,Восточно-Сибирская,SYNTHETIC,2025,2024,136 days 17:23:50.941061286,196883.8490176881,324.351290106395,0.3730964467005076,Весна,2,5,0.0022865622823222,98.77949059632331,road
,2025-05-18 00:55:43.563273282,Восточно-Сибирская,SYNTHETIC,2025,2024,136 days 22:14:22.655802606,197174.37759671008,290.52857902197866,0.3739424703891709,Весна,2,5,0.0022865622823222,98.77949059632331,road
,2025-05-18 04:06:45.573542934,Восточно-Сибирская,SYNTHETIC,2025,2024,137 days 01:25:24.666072258,197365.4111012043,191.03350449423306,0.37478849407783416,Весна,2,5,0.0022865622823222,98.77949059632331,road
,2025-05-18 20:17:54.470673414,Восточно-Сибирская,SYNTHETIC,2025,2024,137 days 17:36:33.563202738,198336.55938671232,971.1482855080103,0.3756345177664975,Весна,2,5,0.0022865622823222,98.77949059632331,road
,2025-05-18 21:37:13.812208020,Восточно-Сибирская,SYNTHETIC,2025,2024,137 days 18:55:52.904737344,198415.8817456224,79.32235891008168,0.37648054145516074,Весна,2,5,0.0022865622823222,98.77949059632331,road
,2025-05-18 22:48:03.187611864,Восточно-Сибирская,SYNTHETIC,2025,2024,137 days 20:06:42.280141188,198486.7046690198,70.82292339738342,0.377326565143824,Весна,2,5,0.0022865622823222,98.77949059632331,road
,2025-05-19 05:04:14.256809496,Восточно-Сибирская,SYNTHETIC,2025,2024,138 days 02:22:53.349338820,198862.889155647,376.1844866272004,0.37817258883248733,Весна,2,5,0.0022865622823222,98.77949059632331,road
,2025-05-19 12:52:49.828808898,Восточно-Сибирская,SYNTHETIC,2025,2024,138 days 10:11:28.921338222,199331.4820223037,468.5928666567197,0.3790186125211506,Весна,2,5,0.0022865622823222,98.77949059632331,road
,2025-05-19 14:27:29.275349070,Восточно-Сибирская,SYNTHETIC,2025,2024,138 days 11:46:08.367878394,199426.1394646399,94.65744233620353,0.37986463620981387,Весна,2,5,0.0022865622823222,98.77949059632331,road
,2025-05-19 18:04:10.622026002,Восточно-Сибирская,SYNTHETIC,2025,2024,138 days 15:22:49.714555326,199642.82857592212,216.68911128220498,0.38071065989847713,Весна,2,5,0.0022865622823222,98.77949059632331,road
,2025-05-20 15:25:15.381503940,Восточно-Сибирская,SYNTHETIC,2025,2024,139 days 12:43:54.474033264,200923.90790055442,1281.079324632301,0.38155668358714045,Весна,2,5,0.0022865622823222,98.77949059632331,road
,2025-05-20 17:29:06.155070000,Восточно-Сибирская,SYNTHETIC,2025,2024,139 days 14:47:45.247599324,201047.7541266554,123.8462261009845,0.3824027072758037,Весна,2,5,0.0022865622823222,98.77949059632331,road
,2025-05-21 01:31:47.728381422,Восточно-Сибирская,SYNTHETIC,2025,2024,139 days 22:50:26.820910746,201530.44701517912,482.6928885237139,0.383248730964467,Весна,2,5,0.0022865622823222,98.77949059632331,road
,2025-05-21 11:21:10.379501952,Восточно-Сибирская,SYNTHETIC,2025,2024,140 days 08:39:49.472031276,202119.8245338546,589.3775186754938,0.3840947546531303,Весна,2,5,0.0022865622823222,98.77949059632331,road
,2025-05-21 15:41:08.653356720,Восточно-Сибирская,SYNTHETIC,2025,2024,140 days 12:59:47.745886044,202379.79576476742,259.9712309128081,0.3849407783417936,Весна,2,5,0.0022865622823222,98.77949059632331,road
,2025-05-22 11:53:53.028549000,Восточно-Сибирская,SYNTHETIC,2025,2024,141 days 09:12:32.121078324,203592.53535130539,1212.7395865379658,0.38578680203045684,Весна,2,5,0.0022865622823222,98.77949059632331,road
,2025-05-22 21:37:25.332885264,Восточно-Сибирская,SYNTHETIC,2025,2024,141 days 18:56:04.425414588,204176.0737569098,583.5384056044277,0.3866328257191201,Весна,2,5,0.0022865622823222,98.77949059632331,road
,2025-05-23 02:05:13.562657334,Восточно-Сибирская,SYNTHETIC,2025,2024,141 days 23:23:52.655186658,204443.87758644432,267.80382953450317,0.38747884940778343,Весна,2,5,0.0022865622823222,98.77949059632331,road
,2025-05-23 08:13:39.023636532,Восточно-Сибирская,SYNTHETIC,2025,2024,142 days 05:32:18.116165856,204812.3019360976,368.42434965327266,0.3883248730964467,Весна,2,5,0.0022865622823222,98.77949059632331,road
,2025-05-23 16:49:33.330649248,Восточно-Сибирская,SYNTHETIC,2025,2024,142 days 14:08:12.423178572,205328.2070529762,515.9051168786245,0.38917089678510997,Весна,2,5,0.0022865622823222,98.77949059632331,road
,2025-05-23 23:21:49.650180636,Восточно-Сибирская,SYNTHETIC,2025,2024,142 days 20:40:28.742709960,205720.47904516602,392.2719921898097,0.3900169204737733,Весна,2,5,0.0022865622823222,98.77949059632331,road
,2025-05-24 14:44:22.663581030,Восточно-Сибирская,SYNTHETIC,2025,2024,143 days 12:03:01.756110354,206643.0292685059,922.5502233398729,0.39086294416243655,Весна,2,5,0.0022865622823222,98.77949059632331,road
,2025-05-24 17:57:26.098319292,Восточно-Сибирская,SYNTHETIC,2025,2024,143 days 15:16:05.190848616,206836.08651414362,193.05724563772674,0.3917089678510998,Весна,2,5,0.0022865622823222,98.77949059632331,road
,2025-05-24 20:33:21.060522342,Восточно-Сибирская,SYNTHETIC,2025,2024,143 days 17:52:00.153051666,206992.00255086113,155.91603671750636,0.3925549915397631,Весна,2,5,0.0022865622823222,98.77949059632331,road
,2025-05-24 22:18:34.298544870,Восточно-Сибирская,SYNTHETIC,2025,2024,143 days 19:37:13.391074194,207097.22318456988,105.22063370875549,0.3934010152284264,Весна,2,5,0.0022865622823222,98.77949059632331,road
,2025-05-24 22:35:24.948877116,Восточно-Сибирская,SYNTHETIC,2025,2024,143 days 19:54:04.041406440,207114.067356774,16.844172204117058,0.3942470389170897,Весна,2,5,0.0022865622823222,98.77949059632331,road
,2025-05-24 22:54:38.640945012,Восточно-Сибирская,SYNTHETIC,2025,2024,143 days 20:13:17.733474336,207133.2955579056,19.228201131598325,0.39509306260575294,Весна,2,5,0.0022865622823222,98.77949059632331,road
,2025-05-25 13:47:05.718936312,Восточно-Сибирская,SYNTHETIC,2025,2024,144 days 11:05:44.811465636,208025.7468577606,892.4512998549908,0.39593908629441626,Весна,2,5,0.0022865622823222,98.77949059632331,road
,2025-05-25 22:03:13.342755210,Восточно-Сибирская,SYNTHETIC,2025,2024,144 days 19:21:52.435284534,208521.8739214089,496.12706364830956,0.39678510998307953,Весна,2,5,0.0022865622823222,98.77949059632331,road
,2025-05-26 05:55:42.716611986,Восточно-Сибирская,SYNTHETIC,2025,2024,145 days 03:14:21.809141310,208994.3634856885,472.4895642795891,0.3976311336717428,Весна,2,5,0.0022865622823222,98.77949059632331,road
,2025-05-26 12:52:45.029954454,Восточно-Сибирская,SYNTHETIC,2025,2024,145 days 10:11:24.122483778,209411.4020413963,417.0385557078116,0.39847715736040606,Весна,2,5,0.0022865622823222,98.77949059632331,road
,2025-05-27 02:40:09.716223432,Восточно-Сибирская,SYNTHETIC,2025,2024,145 days 23:58:48.808752756,210238.8134792126,827.4114378163067,0.3993231810490694,Весна,2,5,0.0022865622823222,98.77949059632331,road
,2025-05-27 07:26:22.393027740,Восточно-Сибирская,SYNTHETIC,2025,2024,146 days 04:45:01.485557064,210525.0247592844,286.21128007178777,0.40016920473773265,Весна,2,5,0.0022865622823222,98.77949059632331,road
,2025-05-27 22:20:01.384332984,Восточно-Сибирская,SYNTHETIC,2025,2024,146 days 19:38:40.476862308,211418.6746143718,893.6498550873948,0.4010152284263959,Весна,2,5,0.0022865622823222,98.77949059632331,road
,2025-05-28 01:34:49.331831358,Восточно-Сибирская,SYNTHETIC,2025,2024,146 days 22:53:28.424360682,211613.47373934468,194.7991249728948,0.40186125211505924,Весна,2,5,0.0022865622823222,98.77949059632331,road
,2025-05-28 20:37:42.938786220,Восточно-Сибирская,SYNTHETIC,2025,2024,147 days 17:56:22.031315544,212756.3671885924,1142.8934492477274,0.4027072758037225,Весна,2,5,0.0022865622823222,98.77949059632331,road
,2025-05-29 05:22:18.295603752,Восточно-Сибирская,SYNTHETIC,2025,2024,148 days 02:40:57.388133076,213280.95646888457,524.589280292159,0.4035532994923858,Весна,2,5,0.0022865622823222,98.77949059632331,road
,2025-05-29 07:32:19.465197408,Восточно-Сибирская,SYNTHETIC,2025,2024,148 days 04:50:58.557726732,213410.9759621122,130.01949322762084,0.40439932318104904,Весна,2,5,0.0022865622823222,98.77949059632331,road
,2025-05-29 13:35:26.962582596,Восточно-Сибирская,SYNTHETIC,2025,2024,148 days 10:54:06.055111920,213774.100918532,363.12495641980786,0.40524534686971236,Весна,2,5,0.0022865622823222,98.77949059632331,road
,2025-05-29 19:08:28.700359890,Восточно-Сибирская,SYNTHETIC,2025,2024,148 days 16:27:07.792889214,214107.12988148688,333.0289629548788,0.40609137055837563,Весна,2,5,0.0022865622823222,98.77949059632331,road
,2025-05-29 20:13:22.300114530,Восточно-Сибирская,SYNTHETIC,2025,2024,148 days 17:32:01.392643854,214172.0232107309,64.8933292440197,0.4069373942470389,Весна,2,5,0.0022865622823222,98.77949059632331,road
,2025-05-30 02:44:37.738536900,Восточно-Сибирская,SYNTHETIC,2025,2024,149 days 00:03:16.831066224,214563.2805177704,391.2573070395156,0.4077834179357022,Весна,2,5,0.0022865622823222,98.77949059632331,road
,2025-05-30 05:29:57.176144862,Восточно-Сибирская,SYNTHETIC,2025,2024,149 days 02:48:36.268674186,214728.60447790308,165.32396013266407,0.4086294416243655,Весна,2,5,0.0022865622823222,98.77949059632331,road
,2025-06-01 00:15:44.625171258,Восточно-Сибирская,SYNTHETIC,2025,2024,150 days 21:34:23.717700582,217294.3952950097,2565.7908171066083,0.40947546531302875,Лето,3,6,0.0034152430106209,147.5384980588249,road
,2025-06-01 14:45:08.589907349,Восточно-Сибирская,SYNTHETIC,2025,2024,151 days 12:03:47.682436673,218163.79470727785,869.3994122681615,0.4103214890016921,Лето,3,6,0.0034152430106209,147.5384980588249,road
,2025-06-01 19:45:30.143599050,Восточно-Сибирская,SYNTHETIC,2025,2024,151 days 17:04:09.236128374,218464.1539354729,300.3592281950405,0.41116751269035534,Лето,3,6,0.0034152430106209,147.5384980588249,road
,2025-06-02 05:58:54.178516368,Восточно-Сибирская,SYNTHETIC,2025,2024,152 days 03:17:33.271045692,219077.55451742822,613.4005819553277,0.4120135363790186,Лето,3,6,0.0034152430106209,147.5384980588249,road
,2025-06-02 11:28:56.891757060,Восточно-Сибирская,SYNTHETIC,2025,2024,152 days 08:47:35.984286384,219407.59973810642,330.04522067820653,0.4128595600676819,Лето,3,6,0.0034152430106209,147.5384980588249,road
,2025-06-02 13:38:14.791119654,Восточно-Сибирская,SYNTHETIC,2025,2024,152 days 10:56:53.883648978,219536.8980608163,129.29832270988845,0.4137055837563452,Лето,3,6,0.0034152430106209,147.5384980588249,road
,2025-06-02 17:08:43.775648202,Восточно-Сибирская,SYNTHETIC,2025,2024,152 days 14:27:22.868177526,219747.3811362921,210.48307547578588,0.41455160744500846,Лето,3,6,0.0034152430106209,147.5384980588249,road
,2025-06-02 22:38:29.725774392,Восточно-Сибирская,SYNTHETIC,2025,2024,152 days 19:57:08.818303716,220077.1469717286,329.7658354364976,0.41539763113367173,Лето,3,6,0.0034152430106209,147.5384980588249,road
,2025-06-03 14:22:51.063053118,Восточно-Сибирская,SYNTHETIC,2025,2024,153 days 11:41:30.155582442,221021.50259304073,944.3556213121337,0.41624365482233505,Лето,3,6,0.0034152430106209,147.5384980588249,road
,2025-06-03 15:48:31.312664297,Восточно-Сибирская,SYNTHETIC,2025,2024,153 days 13:07:10.405193621,221107.17341989366,85.6708268529328,0.4170896785109983,Лето,3,6,0.0034152430106209,147.5384980588249,road
,2025-06-04 01:57:20.333077422,Восточно-Сибирская,SYNTHETIC,2025,2024,153 days 23:15:59.425606746,221715.9904267791,608.8170068854524,0.4179357021996616,Лето,3,6,0.0034152430106209,147.5384980588249,road
,2025-06-04 14:32:12.212026200,Восточно-Сибирская,SYNTHETIC,2025,2024,154 days 11:50:51.304555524,222470.8550759254,754.8646491463005,0.41878172588832485,Лето,3,6,0.0034152430106209,147.5384980588249,road
,2025-06-04 19:57:11.659938582,Восточно-Сибирская,SYNTHETIC,2025,2024,154 days 17:15:50.752467906,222795.8458744651,324.9907985396858,0.4196277495769882,Лето,3,6,0.0034152430106209,147.5384980588249,road
,2025-06-05 09:01:11.131211406,Восточно-Сибирская,SYNTHETIC,2025,2024,155 days 06:19:50.223740730,223579.8370623455,783.9911878803978,0.42047377326565144,Лето,3,6,0.0034152430106209,147.5384980588249,road
,2025-06-05 11:29:43.460503926,Восточно-Сибирская,SYNTHETIC,2025,2024,155 days 08:48:22.553033250,223728.3758838875,148.53882154199528,0.4213197969543147,Лето,3,6,0.0034152430106209,147.5384980588249,road
,2025-06-06 02:25:06.464660454,Восточно-Сибирская,SYNTHETIC,2025,2024,155 days 23:43:45.557189778,224623.7592864963,895.3834026088007,0.42216582064297803,Лето,3,6,0.0034152430106209,147.5384980588249,road
,2025-06-06 08:20:21.943825758,Восточно-Сибирская,SYNTHETIC,2025,2024,156 days 05:39:01.036355082,224979.0172725847,355.2579860883998,0.4230118443316413,Лето,3,6,0.0034152430106209,147.5384980588249,road
,2025-06-06 08:32:55.861268808,Восточно-Сибирская,SYNTHETIC,2025,2024,156 days 05:51:34.953798132,224991.5825633022,12.565290717495373,0.42385786802030456,Лето,3,6,0.0034152430106209,147.5384980588249,road
,2025-06-06 20:07:59.294600340,Восточно-Сибирская,SYNTHETIC,2025,2024,156 days 17:26:38.387129664,225686.6397854944,695.0572221922048,0.42470389170896783,Лето,3,6,0.0034152430106209,147.5384980588249,road
,2025-06-06 23:21:59.436658854,Восточно-Сибирская,SYNTHETIC,2025,2024,156 days 20:40:38.529188178,225880.64215313632,194.00236764192232,0.42554991539763115,Лето,3,6,0.0034152430106209,147.5384980588249,road
,2025-06-07 02:22:35.418431358,Восточно-Сибирская,SYNTHETIC,2025,2024,156 days 23:41:14.510960682,226061.2418493447,180.59969620837364,0.4263959390862944,Лето,3,6,0.0034152430106209,147.5384980588249,road
,2025-06-07 06:27:18.762186990,Восточно-Сибирская,SYNTHETIC,2025,2024,157 days 03:45:57.854716314,226305.9642452719,244.7223959272087,0.4272419627749577,Лето,3,6,0.0034152430106209,147.5384980588249,road
,2025-06-07 07:14:41.226896754,Восточно-Сибирская,SYNTHETIC,2025,2024,157 days 04:33:20.319426078,226353.3386571013,47.374411829398014,0.428087986463621,Лето,3,6,0.0034152430106209,147.5384980588249,road
,2025-06-07 10:20:07.334418372,Восточно-Сибирская,SYNTHETIC,2025,2024,157 days 07:38:46.426947696,226538.7737824616,185.43512536029448,0.4289340101522843,Лето,3,6,0.0034152430106209,147.5384980588249,road
,2025-06-07 19:00:54.474436902,Восточно-Сибирская,SYNTHETIC,2025,2024,157 days 16:19:33.566966226,227059.5594494371,520.7856669755129,0.42978003384094754,Лето,3,6,0.0034152430106209,147.5384980588249,road
,2025-06-07 19:05:28.602467970,Восточно-Сибирская,SYNTHETIC,2025,2024,157 days 16:24:07.694997294,227064.1282499549,4.568800517794443,0.4306260575296108,Лето,3,6,0.0034152430106209,147.5384980588249,road
,2025-06-07 20:38:47.879468142,Восточно-Сибирская,SYNTHETIC,2025,2024,157 days 17:57:26.971997466,227157.4495332911,93.32128333620494,0.43147208121827413,Лето,3,6,0.0034152430106209,147.5384980588249,road
,2025-06-07 20:39:31.055380464,Восточно-Сибирская,SYNTHETIC,2025,2024,157 days 17:58:10.147909788,227158.1691318298,0.7195985387079418,0.4323181049069374,Лето,3,6,0.0034152430106209,147.5384980588249,road
,2025-06-07 23:16:51.556386888,Восточно-Сибирская,SYNTHETIC,2025,2024,157 days 20:35:30.648916212,227315.51081527022,157.34168344040518,0.43316412859560066,Лето,3,6,0.0034152430106209,147.5384980588249,road
,2025-06-08 05:38:25.046196498,Восточно-Сибирская,SYNTHETIC,2025,2024,158 days 02:57:04.138725822,227697.0689787637,381.55816349349334,0.434010152284264,Лето,3,6,0.0034152430106209,147.5384980588249,road
,2025-06-08 13:27:52.573331130,Восточно-Сибирская,SYNTHETIC,2025,2024,158 days 10:46:31.665860454,228166.5277643409,469.4587855771824,0.43485617597292725,Лето,3,6,0.0034152430106209,147.5384980588249,road
,2025-06-09 03:38:08.766077040,Восточно-Сибирская,SYNTHETIC,2025,2024,159 days 00:56:47.858606364,229016.7976434394,850.269879098516,0.4357021996615905,Лето,3,6,0.0034152430106209,147.5384980588249,road
,2025-06-09 08:12:43.989834456,Восточно-Сибирская,SYNTHETIC,2025,2024,159 days 05:31:23.082363780,229291.38470606302,274.58706262361375,0.4365482233502538,Лето,3,6,0.0034152430106209,147.5384980588249,road
,2025-06-09 09:38:46.790869848,Восточно-Сибирская,SYNTHETIC,2025,2024,159 days 06:57:25.883399172,229377.4313899862,86.04668392316671,0.4373942470389171,Лето,3,6,0.0034152430106209,147.5384980588249,road
,2025-06-09 22:13:54.908514030,Восточно-Сибирская,SYNTHETIC,2025,2024,159 days 19:32:34.001043354,230132.5666840559,755.1352940697107,0.43824027072758037,Лето,3,6,0.0034152430106209,147.5384980588249,road
,2025-06-10 05:31:05.414659554,Восточно-Сибирская,SYNTHETIC,2025,2024,160 days 02:49:44.507188878,230569.7417864813,437.1751024253899,0.43908629441624364,Лето,3,6,0.0034152430106209,147.5384980588249,road
,2025-06-10 09:41:14.401104504,Восточно-Сибирская,SYNTHETIC,2025,2024,160 days 06:59:53.493633828,230819.8915605638,250.1497740824998,0.43993231810490696,Лето,3,6,0.0034152430106209,147.5384980588249,road
,2025-06-10 15:29:32.675799515,Восточно-Сибирская,SYNTHETIC,2025,2024,160 days 12:48:11.768328839,231168.196138814,348.30457825021585,0.4407783417935702,Лето,3,6,0.0034152430106209,147.5384980588249,road
,2025-06-11 04:05:19.841740278,Восточно-Сибирская,SYNTHETIC,2025,2024,161 days 01:23:58.934269602,231923.98223782668,755.7860990126792,0.4416243654822335,Лето,3,6,0.0034152430106209,147.5384980588249,road
,2025-06-11 10:10:12.817780374,Восточно-Сибирская,SYNTHETIC,2025,2024,161 days 07:28:51.910309698,232288.8651718283,364.88293400162365,0.44247038917089676,Лето,3,6,0.0034152430106209,147.5384980588249,road
,2025-06-11 12:24:44.723076846,Восточно-Сибирская,SYNTHETIC,2025,2024,161 days 09:43:23.815606170,232423.3969267695,134.53175494118477,0.4433164128595601,Лето,3,6,0.0034152430106209,147.5384980588249,road
,2025-06-11 18:30:16.480143348,Восточно-Сибирская,SYNTHETIC,2025,2024,161 days 15:48:55.572672672,232788.92621121122,365.5292844417272,0.44416243654822335,Лето,3,6,0.0034152430106209,147.5384980588249,road
,2025-06-11 18:42:18.744226368,Восточно-Сибирская,SYNTHETIC,2025,2024,161 days 16:00:57.836755692,232800.96394592818,12.037734716956038,0.4450084602368866,Лето,3,6,0.0034152430106209,147.5384980588249,road
,2025-06-11 21:05:19.756867428,Восточно-Сибирская,SYNTHETIC,2025,2024,161 days 18:23:58.849396752,232943.9808232792,143.0168773510377,0.44585448392554994,Лето,3,6,0.0034152430106209,147.5384980588249,road
,2025-06-11 23:38:00.216557940,Восточно-Сибирская,SYNTHETIC,2025,2024,161 days 20:56:39.309087264,233096.65515145438,152.67432817516965,0.4467005076142132,Лето,3,6,0.0034152430106209,147.5384980588249,road
,2025-06-12 00:31:26.912984424,Восточно-Сибирская,SYNTHETIC,2025,2024,161 days 21:50:06.005513748,233150.10009189582,53.44494044143357,0.44754653130287647,Лето,3,6,0.0034152430106209,147.5384980588249,road
,2025-06-12 00:38:17.240277372,Восточно-Сибирская,SYNTHETIC,2025,2024,161 days 21:56:56.332806696,233156.9388801116,6.838788215769455,0.44839255499153974,Лето,3,6,0.0034152430106209,147.5384980588249,road
,2025-06-12 01:20:12.249331194,Восточно-Сибирская,SYNTHETIC,2025,2024,161 days 22:38:51.341860518,233198.8556976753,41.91681756370235,0.44923857868020306,Лето,3,6,0.0034152430106209,147.5384980588249,road
,2025-06-12 06:31:29.356870578,Восточно-Сибирская,SYNTHETIC,2025,2024,162 days 03:50:08.449399902,233510.1408233317,311.28512565640267,0.4500846023688663,Лето,3,6,0.0034152430106209,147.5384980588249,road
,2025-06-12 14:26:06.650755254,Восточно-Сибирская,SYNTHETIC,2025,2024,162 days 11:44:45.743284578,233984.76238807628,474.62156474459334,0.4509306260575296,Лето,3,6,0.0034152430106209,147.5384980588249,road
,2025-06-13 12:06:09.037782984,Восточно-Сибирская,SYNTHETIC,2025,2024,163 days 09:24:48.130312308,235284.80217187182,1300.0397837955388,0.4517766497461929,Лето,3,6,0.0034152430106209,147.5384980588249,road
,2025-06-13 14:10:39.145694058,Восточно-Сибирская,SYNTHETIC,2025,2024,163 days 11:29:18.238223382,235409.30397038968,124.50179851785651,0.4526226734348562,Лето,3,6,0.0034152430106209,147.5384980588249,road
,2025-06-13 18:38:29.568578226,Восточно-Сибирская,SYNTHETIC,2025,2024,163 days 15:57:08.661107550,235677.1443517925,267.84038140281336,0.45346869712351945,Лето,3,6,0.0034152430106209,147.5384980588249,road
,2025-06-14 08:08:39.712970028,Восточно-Сибирская,SYNTHETIC,2025,2024,164 days 05:27:18.805499352,236487.3134249892,810.1690731967101,0.4543147208121827,Лето,3,6,0.0034152430106209,147.5384980588249,road
,2025-06-14 09:02:10.701971520,Восточно-Сибирская,SYNTHETIC,2025,2024,164 days 06:20:49.794500844,236540.8299083474,53.51648335819482,0.45516074450084604,Лето,3,6,0.0034152430106209,147.5384980588249,road
,2025-06-14 15:12:27.432210402,Восточно-Сибирская,SYNTHETIC,2025,2024,164 days 12:31:06.524739726,236911.1087456621,370.27883731469046,0.4560067681895093,Лето,3,6,0.0034152430106209,147.5384980588249,road
,2025-06-14 22:04:15.664058466,Восточно-Сибирская,SYNTHETIC,2025,2024,164 days 19:22:54.756587790,237322.9126097965,411.8038641344174,0.45685279187817257,Лето,3,6,0.0034152430106209,147.5384980588249,road
,2025-06-14 22:31:32.774992764,Восточно-Сибирская,SYNTHETIC,2025,2024,164 days 19:50:11.867522088,237350.1977920348,27.28518223829451,0.4576988155668359,Лето,3,6,0.0034152430106209,147.5384980588249,road
,2025-06-15 08:09:51.513954120,Восточно-Сибирская,SYNTHETIC,2025,2024,165 days 05:28:30.606483444,237928.5101080574,578.3123160226096,0.45854483925549916,Лето,3,6,0.0034152430106209,147.5384980588249,road
,2025-06-15 16:20:57.210491808,Восточно-Сибирская,SYNTHETIC,2025,2024,165 days 13:39:36.303021132,238419.6050503522,491.0949422947888,0.4593908629441624,Лето,3,6,0.0034152430106209,147.5384980588249,road
,2025-06-15 16:30:54.069279384,Восточно-Сибирская,SYNTHETIC,2025,2024,165 days 13:49:33.161808708,238429.55269681182,9.947646459622774,0.4602368866328257,Лето,3,6,0.0034152430106209,147.5384980588249,road
,2025-06-15 16:58:51.895211088,Восточно-Сибирская,SYNTHETIC,2025,2024,165 days 14:17:30.987740412,238457.5164623402,27.963765528373187,0.461082910321489,Лето,3,6,0.0034152430106209,147.5384980588249,road
,2025-06-15 17:13:36.892101426,Восточно-Сибирская,SYNTHETIC,2025,2024,165 days 14:32:15.984630750,238472.2664105125,14.749948172306176,0.4619289340101523,Лето,3,6,0.0034152430106209,147.5384980588249,road
,2025-06-15 19:12:57.424659876,Восточно-Сибирская,SYNTHETIC,2025,2024,165 days 16:31:36.517189200,238591.60861981998,119.34220930747688,0.46277495769881555,Лето,3,6,0.0034152430106209,147.5384980588249,road
,2025-06-15 22:41:24.292803228,Восточно-Сибирская,SYNTHETIC,2025,2024,165 days 20:00:03.385332552,238800.05642220922,208.44780238924432,0.46362098138747887,Лето,3,6,0.0034152430106209,147.5384980588249,road
,2025-06-16 02:23:56.729487564,Восточно-Сибирская,SYNTHETIC,2025,2024,165 days 23:42:35.822016888,239022.5970336148,222.54061140556587,0.46446700507614214,Лето,3,6,0.0034152430106209,147.5384980588249,road
,2025-06-16 03:55:09.598412472,Восточно-Сибирская,SYNTHETIC,2025,2024,166 days 01:13:48.690941796,239113.8115156966,91.21448208182119,0.4653130287648054,Лето,3,6,0.0034152430106209,147.5384980588249,road
,2025-06-16 15:45:27.615622518,Восточно-Сибирская,SYNTHETIC,2025,2024,166 days 13:04:06.708151842,239824.11180253068,710.30028683407,0.46615905245346867,Лето,3,6,0.0034152430106209,147.5384980588249,road
,2025-06-16 17:59:56.413830516,Восточно-Сибирская,SYNTHETIC,2025,2024,166 days 15:18:35.506359840,239958.591772664,134.47997013331042,0.467005076142132,Лето,3,6,0.0034152430106209,147.5384980588249,road
,2025-06-16 18:13:35.451021702,Восточно-Сибирская,SYNTHETIC,2025,2024,166 days 15:32:14.543551026,239972.2423925171,13.650619853113312,0.46785109983079526,Лето,3,6,0.0034152430106209,147.5384980588249,road
,2025-06-16 19:58:07.322871486,Восточно-Сибирская,SYNTHETIC,2025,2024,166 days 17:16:46.415400810,240076.7735900135,104.53119749639882,0.4686971235194585,Лето,3,6,0.0034152430106209,147.5384980588249,road
,2025-06-16 23:39:53.301609696,Восточно-Сибирская,SYNTHETIC,2025,2024,166 days 20:58:32.394139020,240298.539902317,221.7663123034872,0.46954314720812185,Лето,3,6,0.0034152430106209,147.5384980588249,road
,2025-06-17 02:13:30.041027694,Восточно-Сибирская,SYNTHETIC,2025,2024,166 days 23:32:09.133557018,240452.1522259503,153.61232363330782,0.4703891708967851,Лето,3,6,0.0034152430106209,147.5384980588249,road
,2025-06-17 03:47:11.691449238,Восточно-Сибирская,SYNTHETIC,2025,2024,167 days 01:05:50.783978562,240545.8463996427,93.69417369240546,0.4712351945854484,Лето,3,6,0.0034152430106209,147.5384980588249,road
,2025-06-17 04:28:25.029975876,Восточно-Сибирская,SYNTHETIC,2025,2024,167 days 01:47:04.122505200,240587.06870841997,41.2223087772727,0.4720812182741117,Лето,3,6,0.0034152430106209,147.5384980588249,road
,2025-06-17 12:49:09.758786466,Восточно-Сибирская,SYNTHETIC,2025,2024,167 days 10:07:48.851315790,241087.8141885965,500.74548017652705,0.47292724196277497,Лето,3,6,0.0034152430106209,147.5384980588249,road
,2025-06-18 15:56:42.202219956,Восточно-Сибирская,SYNTHETIC,2025,2024,168 days 13:15:21.294749280,242715.354912488,1627.5407238914922,0.47377326565143824,Лето,3,6,0.0034152430106209,147.5384980588249,road
,2025-06-18 17:53:45.908866074,Восточно-Сибирская,SYNTHETIC,2025,2024,168 days 15:12:25.001395398,242832.41668992332,117.06177743533044,0.4746192893401015,Лето,3,6,0.0034152430106209,147.5384980588249,road
,2025-06-18 20:14:30.177297330,Восточно-Сибирская,SYNTHETIC,2025,2024,168 days 17:33:09.269826654,242973.1544971109,140.7378071875719,0.4754653130287648,Лето,3,6,0.0034152430106209,147.5384980588249,road
,2025-06-19 00:56:18.483459084,Восточно-Сибирская,SYNTHETIC,2025,2024,168 days 22:14:57.575988408,243254.9595998068,281.8051026959147,0.4763113367174281,Лето,3,6,0.0034152430106209,147.5384980588249,road
,2025-06-19 07:07:24.804374670,Восточно-Сибирская,SYNTHETIC,2025,2024,169 days 04:26:03.896903994,243626.0649483999,371.10534859308973,0.47715736040609136,Лето,3,6,0.0034152430106209,147.5384980588249,road
,2025-06-19 09:33:07.297490880,Восточно-Сибирская,SYNTHETIC,2025,2024,169 days 06:51:46.390020204,243771.7731670034,145.70821860351134,0.4780033840947547,Лето,3,6,0.0034152430106209,147.5384980588249,road
,2025-06-19 21:02:07.900112382,Восточно-Сибирская,SYNTHETIC,2025,2024,169 days 18:20:46.992641706,244460.7832106951,689.0100436916982,0.47884940778341795,Лето,3,6,0.0034152430106209,147.5384980588249,road
,2025-06-20 01:02:31.288714374,Восточно-Сибирская,SYNTHETIC,2025,2024,169 days 22:21:10.381243698,244701.1730207283,240.38981003320077,0.4796954314720812,Лето,3,6,0.0034152430106209,147.5384980588249,road
,2025-06-20 03:57:46.730462076,Восточно-Сибирская,SYNTHETIC,2025,2024,170 days 01:16:25.822991400,244876.43038319,175.25736246167799,0.4805414551607445,Лето,3,6,0.0034152430106209,147.5384980588249,road
,2025-06-20 09:02:24.093508536,Восточно-Сибирская,SYNTHETIC,2025,2024,170 days 06:21:03.186037860,245181.05310063102,304.62271744103055,0.4813874788494078,Лето,3,6,0.0034152430106209,147.5384980588249,road
,2025-06-20 23:56:27.882443988,Восточно-Сибирская,SYNTHETIC,2025,2024,170 days 21:15:06.974973312,246075.1162495552,894.0631489241787,0.48223350253807107,Лето,3,6,0.0034152430106209,147.5384980588249,road
,2025-06-21 07:39:50.830812462,Восточно-Сибирская,SYNTHETIC,2025,2024,171 days 04:58:29.923341786,246538.49872236312,463.38247280791984,0.48307952622673433,Лето,3,6,0.0034152430106209,147.5384980588249,road
,2025-06-21 07:51:48.243988524,Восточно-Сибирская,SYNTHETIC,2025,2024,171 days 05:10:27.336517848,246550.45560863081,11.956886267696973,0.48392554991539766,Лето,3,6,0.0034152430106209,147.5384980588249,road
,2025-06-21 09:50:04.626004248,Восточно-Сибирская,SYNTHETIC,2025,2024,171 days 07:08:43.718533572,246668.7286422262,118.273033595382,0.4847715736040609,Лето,3,6,0.0034152430106209,147.5384980588249,road
,2025-06-21 12:56:16.419748362,Восточно-Сибирская,SYNTHETIC,2025,2024,171 days 10:14:55.512277686,246854.9252046281,186.19656240189215,0.4856175972927242,Лето,3,6,0.0034152430106209,147.5384980588249,road
,2025-06-21 14:46:50.777771196,Восточно-Сибирская,SYNTHETIC,2025,2024,171 days 12:05:29.870300520,246965.497838342,110.57263371392037,0.48646362098138746,Лето,3,6,0.0034152430106209,147.5384980588249,road
,2025-06-21 20:39:33.515512583,Восточно-Сибирская,SYNTHETIC,2025,2024,171 days 17:58:12.608041907,247318.2101340318,352.7122956897947,0.4873096446700508,Лето,3,6,0.0034152430106209,147.5384980588249,road
,2025-06-22 05:12:02.390662110,Восточно-Сибирская,SYNTHETIC,2025,2024,172 days 02:30:41.483191434,247830.69138652392,512.4812524921144,0.48815566835871405,Лето,3,6,0.0034152430106209,147.5384980588249,road
,2025-06-22 11:36:52.887015426,Восточно-Сибирская,SYNTHETIC,2025,2024,172 days 08:55:31.979544750,248215.53299241248,384.8416058885632,0.4890016920473773,Лето,3,6,0.0034152430106209,147.5384980588249,road
,2025-06-23 09:46:23.971372644,Восточно-Сибирская,SYNTHETIC,2025,2024,173 days 07:05:03.063901968,249545.0510650328,1329.5180726203253,0.48984771573604063,Лето,3,6,0.0034152430106209,147.5384980588249,road
,2025-06-23 11:19:34.322216975,Восточно-Сибирская,SYNTHETIC,2025,2024,173 days 08:38:13.414746299,249638.223579105,93.17251407218282,0.4906937394247039,Лето,3,6,0.0034152430106209,147.5384980588249,road
,2025-06-23 21:28:25.090287180,Восточно-Сибирская,SYNTHETIC,2025,2024,173 days 18:47:04.182816504,250247.0697136084,608.8461345034011,0.49153976311336717,Лето,3,6,0.0034152430106209,147.5384980588249,road
,2025-06-24 04:34:28.694423754,Восточно-Сибирская,SYNTHETIC,2025,2024,174 days 01:53:07.786953078,250673.12978255132,426.0600689429266,0.49238578680203043,Лето,3,6,0.0034152430106209,147.5384980588249,road
,2025-06-24 06:46:09.108264144,Восточно-Сибирская,SYNTHETIC,2025,2024,174 days 04:04:48.200793468,250804.8033465578,131.67356400648714,0.49323181049069376,Лето,3,6,0.0034152430106209,147.5384980588249,road
,2025-06-24 13:14:02.309350476,Восточно-Сибирская,SYNTHETIC,2025,2024,174 days 10:32:41.401879800,251192.69003133,387.88668477220926,0.494077834179357,Лето,3,6,0.0034152430106209,147.5384980588249,road
,2025-06-24 13:46:13.058794320,Восточно-Сибирская,SYNTHETIC,2025,2024,174 days 11:04:52.151323644,251224.8691887274,32.179157397389645,0.4949238578680203,Лето,3,6,0.0034152430106209,147.5384980588249,road
,2025-06-24 21:22:15.308730378,Восточно-Сибирская,SYNTHETIC,2025,2024,174 days 18:40:54.401259702,251680.90668766169,456.03749893428176,0.4957698815566836,Лето,3,6,0.0034152430106209,147.5384980588249,road
,2025-06-25 01:04:47.102077692,Восточно-Сибирская,SYNTHETIC,2025,2024,174 days 22:23:26.194607016,251903.4365767836,222.52988912191358,0.4966159052453469,Лето,3,6,0.0034152430106209,147.5384980588249,road
,2025-06-25 02:46:00.832995528,Восточно-Сибирская,SYNTHETIC,2025,2024,175 days 00:04:39.925524852,252004.6654254142,101.22884863059153,0.49746192893401014,Лето,3,6,0.0034152430106209,147.5384980588249,road
,2025-06-25 07:58:16.831269444,Восточно-Сибирская,SYNTHETIC,2025,2024,175 days 05:16:55.923798768,252316.9320633128,312.2666378986032,0.4983079526226734,Лето,3,6,0.0034152430106209,147.5384980588249,road
,2025-06-25 12:58:44.738441466,Восточно-Сибирская,SYNTHETIC,2025,2024,175 days 10:17:23.830970790,252617.3971828465,300.46511953370646,0.49915397631133673,Лето,3,6,0.0034152430106209,147.5384980588249,road
,2025-06-25 14:07:34.556317182,Восточно-Сибирская,SYNTHETIC,2025,2024,175 days 11:26:13.648846506,252686.2274807751,68.83029792859452,0.5,Лето,3,6,0.0034152430106209,147.5384980588249,road
,2025-06-25 14:16:36.872000124,Восточно-Сибирская,SYNTHETIC,2025,2024,175 days 11:35:15.964529448,252695.2660754908,9.038594715704676,0.5008460236886633,Лето,3,6,0.0034152430106209,147.5384980588249,road
,2025-06-25 17:03:04.353657516,Восточно-Сибирская,SYNTHETIC,2025,2024,175 days 14:21:43.446186840,252861.72410311401,166.45802762321546,0.5016920473773265,Лето,3,6,0.0034152430106209,147.5384980588249,road
,2025-06-25 21:09:51.537637230,Восточно-Сибирская,SYNTHETIC,2025,2024,175 days 18:28:30.630166554,253108.51050277593,246.78639966191258,0.5025380710659898,Лето,3,6,0.0034152430106209,147.5384980588249,road
,2025-06-26 07:22:30.859355718,Восточно-Сибирская,SYNTHETIC,2025,2024,176 days 04:41:09.951885042,253721.1658647507,612.6553619747865,0.5033840947546532,Лето,3,6,0.0034152430106209,147.5384980588249,road
,2025-06-26 20:13:47.591256240,Восточно-Сибирская,SYNTHETIC,2025,2024,176 days 17:32:26.683785564,254492.4447297594,771.2788650086732,0.5042301184433164,Лето,3,6,0.0034152430106209,147.5384980588249,road
,2025-06-26 23:54:07.447973070,Восточно-Сибирская,SYNTHETIC,2025,2024,176 days 21:12:46.540502394,254712.77567503988,220.33094528049696,0.5050761421319797,Лето,3,6,0.0034152430106209,147.5384980588249,road
,2025-06-27 06:44:31.614589554,Восточно-Сибирская,SYNTHETIC,2025,2024,177 days 04:03:10.707118878,255123.1784519813,410.40277694142424,0.505922165820643,Лето,3,6,0.0034152430106209,147.5384980588249,road
,2025-06-27 09:33:56.193394950,Восточно-Сибирская,SYNTHETIC,2025,2024,177 days 06:52:35.285924274,255292.5880987379,169.4096467565978,0.5067681895093062,Лето,3,6,0.0034152430106209,147.5384980588249,road
,2025-06-27 16:15:17.838731988,Восточно-Сибирская,SYNTHETIC,2025,2024,177 days 13:33:56.931261312,255693.9488543552,401.36075561729376,0.5076142131979695,Лето,3,6,0.0034152430106209,147.5384980588249,road
,2025-06-27 17:22:23.851650114,Восточно-Сибирская,SYNTHETIC,2025,2024,177 days 14:41:02.944179438,255761.0490696573,67.10021530211088,0.5084602368866328,Лето,3,6,0.0034152430106209,147.5384980588249,road
,2025-06-27 19:38:10.743859296,Восточно-Сибирская,SYNTHETIC,2025,2024,177 days 16:56:49.836388620,255896.830606477,135.78153681967524,0.5093062605752962,Лето,3,6,0.0034152430106209,147.5384980588249,road
,2025-06-28 00:32:39.971216946,Восточно-Сибирская,SYNTHETIC,2025,2024,177 days 21:51:19.063746270,256191.31772910448,294.48712262749905,0.5101522842639594,Лето,3,6,0.0034152430106209,147.5384980588249,road
,2025-06-28 00:38:01.907511678,Восточно-Сибирская,SYNTHETIC,2025,2024,177 days 21:56:41.000041002,256196.6833340167,5.365604912221897,0.5109983079526227,Лето,3,6,0.0034152430106209,147.5384980588249,road
,2025-06-28 06:53:20.860265424,Восточно-Сибирская,SYNTHETIC,2025,2024,178 days 04:11:59.952794748,256571.99921324578,375.31587922907784,0.511844331641286,Лето,3,6,0.0034152430106209,147.5384980588249,road
,2025-06-28 15:41:52.698157506,Восточно-Сибирская,SYNTHETIC,2025,2024,178 days 13:00:31.790686830,257100.5298447805,528.5306315347261,0.5126903553299492,Лето,3,6,0.0034152430106209,147.5384980588249,road
,2025-06-28 18:11:01.919275092,Восточно-Сибирская,SYNTHETIC,2025,2024,178 days 15:29:41.011804416,257249.6835300736,149.15368529310217,0.5135363790186125,Лето,3,6,0.0034152430106209,147.5384980588249,road
,2025-06-28 21:04:59.295232062,Восточно-Сибирская,SYNTHETIC,2025,2024,178 days 18:23:38.387761386,257423.6397960231,173.95626594949863,0.5143824027072758,Лето,3,6,0.0034152430106209,147.5384980588249,road
,2025-06-29 06:22:59.281367112,Восточно-Сибирская,SYNTHETIC,2025,2024,179 days 03:41:38.373896436,257981.63956494062,557.999768917507,0.5152284263959391,Лето,3,6,0.0034152430106209,147.5384980588249,road
,2025-06-29 13:40:36.305009568,Восточно-Сибирская,SYNTHETIC,2025,2024,179 days 10:59:15.397538892,258419.2566256482,437.617060707591,0.5160744500846024,Лето,3,6,0.0034152430106209,147.5384980588249,road
,2025-06-29 15:20:07.546500695,Восточно-Сибирская,SYNTHETIC,2025,2024,179 days 12:38:46.639030019,258518.777317167,99.52069151878823,0.5169204737732657,Лето,3,6,0.0034152430106209,147.5384980588249,road
,2025-06-29 17:14:46.006224174,Восточно-Сибирская,SYNTHETIC,2025,2024,179 days 14:33:25.098753498,258633.41831255832,114.6409953913244,0.5177664974619289,Лето,3,6,0.0034152430106209,147.5384980588249,road
,2025-06-29 22:47:22.446557754,Восточно-Сибирская,SYNTHETIC,2025,2024,179 days 20:06:01.539087078,258966.0256514513,332.60733889296534,0.5186125211505922,Лето,3,6,0.0034152430106209,147.5384980588249,road
,2025-06-30 02:49:53.835461196,Восточно-Сибирская,SYNTHETIC,2025,2024,180 days 00:08:32.927990520,259208.548799842,242.52314839072642,0.5194585448392555,Лето,3,6,0.0034152430106209,147.5384980588249,road
,2025-06-30 03:41:43.620035886,Восточно-Сибирская,SYNTHETIC,2025,2024,180 days 01:00:22.712565210,259260.3785427535,51.82974291147548,0.5203045685279187,Лето,3,6,0.0034152430106209,147.5384980588249,road
,2025-06-30 05:30:20.792100696,Восточно-Сибирская,SYNTHETIC,2025,2024,180 days 02:48:59.884630020,259368.99807716702,108.61953441353398,0.5211505922165821,Лето,3,6,0.0034152430106209,147.5384980588249,road
,2025-06-30 16:44:30.350775179,Восточно-Сибирская,SYNTHETIC,2025,2024,180 days 14:03:09.443304503,260043.15738840838,674.1593112413539,0.5219966159052454,Лето,3,6,0.0034152430106209,147.5384980588249,road
,2025-06-30 22:25:42.885279294,Восточно-Сибирская,SYNTHETIC,2025,2024,180 days 19:44:21.977808618,260384.3662968103,341.2089084019244,0.5228426395939086,Лето,3,6,0.0034152430106209,147.5384980588249,road
,2025-07-01 02:14:16.828473864,Восточно-Сибирская,SYNTHETIC,2025,2024,180 days 23:32:55.921003188,260612.93201671977,228.56571990947123,0.5236886632825719,Лето,3,7,0.0034152430106209,147.5384980588249,road
,2025-07-01 04:51:35.816903304,Восточно-Сибирская,SYNTHETIC,2025,2024,181 days 02:10:14.909432628,260770.24849054377,157.31647382400115,0.5245346869712352,Лето,3,7,0.0034152430106209,147.5384980588249,road
,2025-07-01 13:33:58.251139236,Восточно-Сибирская,SYNTHETIC,2025,2024,181 days 10:52:37.343668560,261292.622394476,522.3739039322245,0.5253807106598984,Лето,3,7,0.0034152430106209,147.5384980588249,road
,2025-07-01 15:22:33.128564088,Восточно-Сибирская,SYNTHETIC,2025,2024,181 days 12:41:12.221093412,261401.2036848902,108.58129041420761,0.5262267343485617,Лето,3,7,0.0034152430106209,147.5384980588249,road
,2025-07-02 05:21:36.147132360,Восточно-Сибирская,SYNTHETIC,2025,2024,182 days 02:40:15.239661684,262240.2539943614,839.0503094711748,0.5270727580372251,Лето,3,7,0.0034152430106209,147.5384980588249,road
,2025-07-02 06:19:34.748530482,Восточно-Сибирская,SYNTHETIC,2025,2024,182 days 03:38:13.841059806,262298.2306843301,57.976689968723804,0.5279187817258884,Лето,3,7,0.0034152430106209,147.5384980588249,road
,2025-07-02 11:37:48.833749284,Восточно-Сибирская,SYNTHETIC,2025,2024,182 days 08:56:27.926278608,262616.4654379768,318.2347536467132,0.5287648054145516,Лето,3,7,0.0034152430106209,147.5384980588249,road
,2025-07-02 17:04:18.573829986,Восточно-Сибирская,SYNTHETIC,2025,2024,182 days 14:22:57.666359310,262942.9611059885,326.4956680116593,0.5296108291032149,Лето,3,7,0.0034152430106209,147.5384980588249,road
,2025-07-02 18:29:24.153347700,Восточно-Сибирская,SYNTHETIC,2025,2024,182 days 15:48:03.245877024,263028.0540979504,85.09299196192296,0.5304568527918782,Лето,3,7,0.0034152430106209,147.5384980588249,road
,2025-07-02 20:24:22.752134286,Восточно-Сибирская,SYNTHETIC,2025,2024,182 days 17:43:01.844663610,263143.03074439353,114.97664644313045,0.5313028764805414,Лето,3,7,0.0034152430106209,147.5384980588249,road
,2025-07-03 05:11:36.037745622,Восточно-Сибирская,SYNTHETIC,2025,2024,183 days 02:30:15.130274946,263670.25217124907,527.2214268555399,0.5321489001692047,Лето,3,7,0.0034152430106209,147.5384980588249,road
,2025-07-03 12:11:40.686649608,Восточно-Сибирская,SYNTHETIC,2025,2024,183 days 09:30:19.779178932,264090.3296529822,420.0774817331112,0.5329949238578681,Лето,3,7,0.0034152430106209,147.5384980588249,road
,2025-07-03 14:08:32.703820662,Восточно-Сибирская,SYNTHETIC,2025,2024,183 days 11:27:11.796349986,264207.1966058331,116.86695285089081,0.5338409475465313,Лето,3,7,0.0034152430106209,147.5384980588249,road
,2025-07-03 17:52:05.683217598,Восточно-Сибирская,SYNTHETIC,2025,2024,183 days 15:10:44.775746922,264430.74626244867,223.54965661559254,0.5346869712351946,Лето,3,7,0.0034152430106209,147.5384980588249,road
,2025-07-03 18:10:44.160918270,Восточно-Сибирская,SYNTHETIC,2025,2024,183 days 15:29:23.253447594,264449.3875574599,18.641295011213515,0.5355329949238579,Лето,3,7,0.0034152430106209,147.5384980588249,road
,2025-07-03 19:19:17.533247376,Восточно-Сибирская,SYNTHETIC,2025,2024,183 days 16:37:56.625776700,264517.943762945,68.55620548513252,0.5363790186125211,Лето,3,7,0.0034152430106209,147.5384980588249,road
,2025-07-03 22:34:03.664485006,Восточно-Сибирская,SYNTHETIC,2025,2024,183 days 19:52:42.757014330,264712.7126169055,194.76885396050056,0.5372250423011844,Лето,3,7,0.0034152430106209,147.5384980588249,road
,2025-07-03 23:00:22.983525726,Восточно-Сибирская,SYNTHETIC,2025,2024,183 days 20:19:02.076055050,264739.0346009175,26.321984011970926,0.5380710659898477,Лето,3,7,0.0034152430106209,147.5384980588249,road
,2025-07-04 08:03:08.079862890,Восточно-Сибирская,SYNTHETIC,2025,2024,184 days 05:21:47.172392214,265281.78620653687,542.7516056193854,0.538917089678511,Лето,3,7,0.0034152430106209,147.5384980588249,road
,2025-07-04 14:13:47.262714738,Восточно-Сибирская,SYNTHETIC,2025,2024,184 days 11:32:26.355244062,265652.4392540677,370.65304753085366,0.5397631133671743,Лето,3,7,0.0034152430106209,147.5384980588249,road
,2025-07-05 04:15:51.631618308,Восточно-Сибирская,SYNTHETIC,2025,2024,185 days 01:34:30.724147632,266494.51206912723,842.0728150595096,0.5406091370558376,Лето,3,7,0.0034152430106209,147.5384980588249,road
,2025-07-05 10:02:04.904004630,Восточно-Сибирская,SYNTHETIC,2025,2024,185 days 07:20:43.996533954,266840.7332755659,346.22120643866947,0.5414551607445008,Лето,3,7,0.0034152430106209,147.5384980588249,road
,2025-07-05 23:47:49.654775316,Восточно-Сибирская,SYNTHETIC,2025,2024,185 days 21:06:28.747304640,267666.479121744,825.7458461780916,0.5423011844331641,Лето,3,7,0.0034152430106209,147.5384980588249,road
,2025-07-06 03:44:35.136727662,Восточно-Сибирская,SYNTHETIC,2025,2024,186 days 01:03:14.229256986,267903.2371542831,236.75803253910271,0.5431472081218274,Лето,3,7,0.0034152430106209,147.5384980588249,road
,2025-07-06 08:13:02.407678722,Восточно-Сибирская,SYNTHETIC,2025,2024,186 days 05:31:41.500208046,268171.6916701341,268.45451585098635,0.5439932318104906,Лето,3,7,0.0034152430106209,147.5384980588249,road
,2025-07-07 02:37:12.510785106,Восточно-Сибирская,SYNTHETIC,2025,2024,186 days 23:55:51.603314430,269275.8600552405,1104.16838510643,0.544839255499154,Лето,3,7,0.0034152430106209,147.5384980588249,road
,2025-07-07 07:38:05.394868044,Восточно-Сибирская,SYNTHETIC,2025,2024,187 days 04:56:44.487397368,269576.7414566228,300.88140138227027,0.5456852791878173,Лето,3,7,0.0034152430106209,147.5384980588249,road
,2025-07-07 07:47:14.763075354,Восточно-Сибирская,SYNTHETIC,2025,2024,187 days 05:05:53.855604678,269585.8975934113,9.156136788544245,0.5465313028764806,Лето,3,7,0.0034152430106209,147.5384980588249,road
,2025-07-07 14:03:58.836993846,Восточно-Сибирская,SYNTHETIC,2025,2024,187 days 11:22:37.929523170,269962.6321587195,376.7345653082011,0.5473773265651438,Лето,3,7,0.0034152430106209,147.5384980588249,road
,2025-07-08 01:34:39.358653030,Восточно-Сибирская,SYNTHETIC,2025,2024,187 days 22:53:18.451182354,270653.3075197059,690.6753609863808,0.5482233502538071,Лето,3,7,0.0034152430106209,147.5384980588249,road
,2025-07-08 09:19:30.430446948,Восточно-Сибирская,SYNTHETIC,2025,2024,188 days 06:38:09.522976272,271118.1587162712,464.85119656531606,0.5490693739424704,Лето,3,7,0.0034152430106209,147.5384980588249,road
,2025-07-08 13:36:12.016383822,Восточно-Сибирская,SYNTHETIC,2025,2024,188 days 10:54:51.108913146,271374.8518152191,256.6930989478715,0.5499153976311336,Лето,3,7,0.0034152430106209,147.5384980588249,road
,2025-07-08 19:01:58.862381316,Восточно-Сибирская,SYNTHETIC,2025,2024,188 days 16:20:37.954910640,271700.632581844,325.7807666248991,0.550761421319797,Лето,3,7,0.0034152430106209,147.5384980588249,road
,2025-07-09 17:36:04.069206954,Восточно-Сибирская,SYNTHETIC,2025,2024,189 days 14:54:43.161736278,273054.7193622713,1354.0867804273148,0.5516074450084603,Лето,3,7,0.0034152430106209,147.5384980588249,road
,2025-07-09 18:03:53.733950112,Восточно-Сибирская,SYNTHETIC,2025,2024,189 days 15:22:32.826479436,273082.5471079906,27.82774571928894,0.5524534686971235,Лето,3,7,0.0034152430106209,147.5384980588249,road
,2025-07-09 23:26:04.978206078,Восточно-Сибирская,SYNTHETIC,2025,2024,189 days 20:44:44.070735402,273404.7345122567,322.1874042660929,0.5532994923857868,Лето,3,7,0.0034152430106209,147.5384980588249,road
,2025-07-10 01:03:39.336257370,Восточно-Сибирская,SYNTHETIC,2025,2024,189 days 22:22:18.428786694,273502.30714644486,97.57263418816729,0.5541455160744501,Лето,3,7,0.0034152430106209,147.5384980588249,road
,2025-07-10 06:02:52.419727800,Восточно-Сибирская,SYNTHETIC,2025,2024,190 days 03:21:31.512257124,273801.5252042854,299.2180578405387,0.5549915397631133,Лето,3,7,0.0034152430106209,147.5384980588249,road
,2025-07-10 10:36:48.151500450,Восточно-Сибирская,SYNTHETIC,2025,2024,190 days 07:55:27.244029774,274075.4540671629,273.92886287748115,0.5558375634517766,Лето,3,7,0.0034152430106209,147.5384980588249,road
,2025-07-10 11:25:34.925655966,Восточно-Сибирская,SYNTHETIC,2025,2024,190 days 08:44:14.018185290,274124.2336364215,48.77956925862236,0.55668358714044,Лето,3,7,0.0034152430106209,147.5384980588249,road
,2025-07-10 12:33:23.964713592,Восточно-Сибирская,SYNTHETIC,2025,2024,190 days 09:52:03.057242916,274192.05095404864,67.81731762713753,0.5575296108291032,Лето,3,7,0.0034152430106209,147.5384980588249,road
,2025-07-10 17:17:58.268496606,Восточно-Сибирская,SYNTHETIC,2025,2024,190 days 14:36:37.361025930,274476.6226837655,284.57172971684486,0.5583756345177665,Лето,3,7,0.0034152430106209,147.5384980588249,road
,2025-07-10 17:58:09.158564304,Восточно-Сибирская,SYNTHETIC,2025,2024,190 days 15:16:48.251093628,274516.8041848938,40.18150112830335,0.5592216582064298,Лето,3,7,0.0034152430106209,147.5384980588249,road
,2025-07-10 19:28:22.493387772,Восточно-Сибирская,SYNTHETIC,2025,2024,190 days 16:47:01.585917096,274607.0264319516,90.22224705782719,0.560067681895093,Лето,3,7,0.0034152430106209,147.5384980588249,road
,2025-07-11 04:16:23.385365382,Восточно-Сибирская,SYNTHETIC,2025,2024,191 days 01:35:02.477894706,275135.04129824514,528.0148662935244,0.5609137055837563,Лето,3,7,0.0034152430106209,147.5384980588249,road
,2025-07-11 06:12:22.994236482,Восточно-Сибирская,SYNTHETIC,2025,2024,191 days 03:31:02.086765806,275251.0347794301,115.99348118493799,0.5617597292724196,Лето,3,7,0.0034152430106209,147.5384980588249,road
,2025-07-11 09:28:25.814360454,Восточно-Сибирская,SYNTHETIC,2025,2024,191 days 06:47:04.906889778,275447.0817814963,196.04700206621783,0.562605752961083,Лето,3,7,0.0034152430106209,147.5384980588249,road
,2025-07-11 23:17:49.755983346,Восточно-Сибирская,SYNTHETIC,2025,2024,191 days 20:36:28.848512670,276276.4808085445,829.3990270482027,0.5634517766497462,Лето,3,7,0.0034152430106209,147.5384980588249,road
,2025-07-12 00:33:16.563334121,Восточно-Сибирская,SYNTHETIC,2025,2024,191 days 21:51:55.655863445,276351.9275977241,75.44678917957935,0.5642978003384095,Лето,3,7,0.0034152430106209,147.5384980588249,road
,2025-07-12 02:57:49.739828592,Восточно-Сибирская,SYNTHETIC,2025,2024,192 days 00:16:28.832357916,276496.48053929856,144.55294157448225,0.5651438240270727,Лето,3,7,0.0034152430106209,147.5384980588249,road
,2025-07-12 07:30:53.351345604,Восточно-Сибирская,SYNTHETIC,2025,2024,192 days 04:49:32.443874928,276769.5407312488,273.0601919502369,0.565989847715736,Лето,3,7,0.0034152430106209,147.5384980588249,road
,2025-07-12 14:23:07.428672768,Восточно-Сибирская,SYNTHETIC,2025,2024,192 days 11:41:46.521202092,277181.7753533682,412.23462211940205,0.5668358714043993,Лето,3,7,0.0034152430106209,147.5384980588249,road
,2025-07-13 01:42:12.825053124,Восточно-Сибирская,SYNTHETIC,2025,2024,192 days 23:00:51.917582448,277860.8652930408,679.0899396726163,0.5676818950930627,Лето,3,7,0.0034152430106209,147.5384980588249,road
,2025-07-13 13:45:38.534942592,Восточно-Сибирская,SYNTHETIC,2025,2024,193 days 11:04:17.627471916,278584.2937911986,723.4284981577657,0.5685279187817259,Лето,3,7,0.0034152430106209,147.5384980588249,road
,2025-07-13 21:04:32.897464710,Восточно-Сибирская,SYNTHETIC,2025,2024,193 days 18:23:11.989994034,279023.1998332339,438.90604203531984,0.5693739424703892,Лето,3,7,0.0034152430106209,147.5384980588249,road
,2025-07-13 22:20:26.588633616,Восточно-Сибирская,SYNTHETIC,2025,2024,193 days 19:39:05.681162940,279099.094686049,75.8948528150795,0.5702199661590525,Лето,3,7,0.0034152430106209,147.5384980588249,road
,2025-07-13 22:27:47.944076160,Восточно-Сибирская,SYNTHETIC,2025,2024,193 days 19:46:27.036605484,279106.4506100914,7.355924042407423,0.5710659898477157,Лето,3,7,0.0034152430106209,147.5384980588249,road
,2025-07-14 00:49:33.483244422,Восточно-Сибирская,SYNTHETIC,2025,2024,193 days 22:08:12.575773746,279248.2095962291,141.75898613769095,0.571912013536379,Лето,3,7,0.0034152430106209,147.5384980588249,road
,2025-07-14 01:34:14.853252564,Восточно-Сибирская,SYNTHETIC,2025,2024,193 days 22:52:53.945781888,279292.8990963648,44.689500135718845,0.5727580372250423,Лето,3,7,0.0034152430106209,147.5384980588249,road
,2025-07-14 07:37:05.695824876,Восточно-Сибирская,SYNTHETIC,2025,2024,194 days 04:55:44.788354200,279655.74647257,362.8473762052017,0.5736040609137056,Лето,3,7,0.0034152430106209,147.5384980588249,road
,2025-07-14 12:53:57.059660334,Восточно-Сибирская,SYNTHETIC,2025,2024,194 days 10:12:36.152189658,279972.60253649426,316.85606392426416,0.5744500846023689,Лето,3,7,0.0034152430106209,147.5384980588249,road
,2025-07-14 13:07:07.065571860,Восточно-Сибирская,SYNTHETIC,2025,2024,194 days 10:25:46.158101184,279985.7693016864,13.166765192116145,0.5752961082910322,Лето,3,7,0.0034152430106209,147.5384980588249,road
,2025-07-14 21:57:32.315258046,Восточно-Сибирская,SYNTHETIC,2025,2024,194 days 19:16:11.407787370,280516.1901297895,530.420828103146,0.5761421319796954,Лето,3,7,0.0034152430106209,147.5384980588249,road
,2025-07-14 23:21:16.985460618,Восточно-Сибирская,SYNTHETIC,2025,2024,194 days 20:39:56.077989942,280599.9346331657,83.74450337619055,0.5769881556683587,Лето,3,7,0.0034152430106209,147.5384980588249,road
,2025-07-15 02:07:01.233396624,Восточно-Сибирская,SYNTHETIC,2025,2024,194 days 23:25:40.325925948,280765.6720987658,165.73746560007567,0.577834179357022,Лето,3,7,0.0034152430106209,147.5384980588249,road
,2025-07-15 07:29:48.887198454,Восточно-Сибирская,SYNTHETIC,2025,2024,195 days 04:48:27.979727778,281088.4663287963,322.79423003050033,0.5786802030456852,Лето,3,7,0.0034152430106209,147.5384980588249,road
,2025-07-15 10:14:06.453943758,Восточно-Сибирская,SYNTHETIC,2025,2024,195 days 07:32:45.546473082,281252.7591078847,164.29277908842778,0.5795262267343486,Лето,3,7,0.0034152430106209,147.5384980588249,road
,2025-07-15 13:04:33.324293261,Восточно-Сибирская,SYNTHETIC,2025,2024,195 days 10:23:12.416822585,281423.206947043,170.44783915829612,0.5803722504230119,Лето,3,7,0.0034152430106209,147.5384980588249,road
,2025-07-15 13:24:25.871258280,Восточно-Сибирская,SYNTHETIC,2025,2024,195 days 10:43:04.963787604,281443.0827297934,19.87578275037231,0.5812182741116751,Лето,3,7,0.0034152430106209,147.5384980588249,road
,2025-07-15 15:54:42.525765180,Восточно-Сибирская,SYNTHETIC,2025,2024,195 days 13:13:21.618294504,281593.3603049084,150.27757511503296,0.5820642978003384,Лето,3,7,0.0034152430106209,147.5384980588249,road
,2025-07-15 22:58:33.033172589,Восточно-Сибирская,SYNTHETIC,2025,2024,195 days 20:17:12.125701913,282017.20209503185,423.8417901234352,0.5829103214890017,Лето,3,7,0.0034152430106209,147.5384980588249,road
,2025-07-16 11:00:57.194478114,Восточно-Сибирская,SYNTHETIC,2025,2024,196 days 08:19:36.287007438,282739.6047834573,722.4026884254417,0.583756345177665,Лето,3,7,0.0034152430106209,147.5384980588249,road
,2025-07-16 13:37:11.245949982,Восточно-Сибирская,SYNTHETIC,2025,2024,196 days 10:55:50.338479306,282895.8389746551,156.23419119778555,0.5846023688663282,Лето,3,7,0.0034152430106209,147.5384980588249,road
,2025-07-16 16:18:30.126622458,Восточно-Сибирская,SYNTHETIC,2025,2024,196 days 13:37:09.219151782,283057.15365252976,161.3146778746741,0.5854483925549916,Лето,3,7,0.0034152430106209,147.5384980588249,road
,2025-07-16 22:13:36.400694346,Восточно-Сибирская,SYNTHETIC,2025,2024,196 days 19:32:15.493223670,283412.2582203945,355.10456786473515,0.5862944162436549,Лето,3,7,0.0034152430106209,147.5384980588249,road
,2025-07-17 12:11:14.235939954,Восточно-Сибирская,SYNTHETIC,2025,2024,197 days 09:29:53.328469278,284249.88880782126,837.630587426771,0.5871404399323181,Лето,3,7,0.0034152430106209,147.5384980588249,road
,2025-07-17 13:42:12.577575414,Восточно-Сибирская,SYNTHETIC,2025,2024,197 days 11:00:51.670104738,284340.8611684123,90.9723605910549,0.5879864636209814,Лето,3,7,0.0034152430106209,147.5384980588249,road
,2025-07-17 16:32:03.525129408,Восточно-Сибирская,SYNTHETIC,2025,2024,197 days 13:50:42.617658732,284510.71029431216,169.84912589984015,0.5888324873096447,Лето,3,7,0.0034152430106209,147.5384980588249,road
,2025-07-18 00:17:28.404203688,Восточно-Сибирская,SYNTHETIC,2025,2024,197 days 21:36:07.496733012,284976.1249455502,465.4146512380685,0.5896785109983079,Лето,3,7,0.0034152430106209,147.5384980588249,road
,2025-07-18 04:52:57.063380706,Восточно-Сибирская,SYNTHETIC,2025,2024,198 days 02:11:36.155910030,285251.6025985005,275.47765295027057,0.5905245346869712,Лето,3,7,0.0034152430106209,147.5384980588249,road
,2025-07-18 05:27:15.941998368,Восточно-Сибирская,SYNTHETIC,2025,2024,198 days 02:45:55.034527692,285285.9172421282,34.31464362773113,0.5913705583756346,Лето,3,7,0.0034152430106209,147.5384980588249,road
,2025-07-18 10:16:35.934715902,Восточно-Сибирская,SYNTHETIC,2025,2024,198 days 07:35:15.027245226,285575.2504540871,289.333211958874,0.5922165820642978,Лето,3,7,0.0034152430106209,147.5384980588249,road
,2025-07-18 11:17:07.514859570,Восточно-Сибирская,SYNTHETIC,2025,2024,198 days 08:35:46.607388894,285635.77678981493,60.52633572783088,0.5930626057529611,Лето,3,7,0.0034152430106209,147.5384980588249,road
,2025-07-18 14:46:07.600550321,Восточно-Сибирская,SYNTHETIC,2025,2024,198 days 12:04:46.693079645,285844.778217994,209.00142817909364,0.5939086294416244,Лето,3,7,0.0034152430106209,147.5384980588249,road
,2025-07-18 18:26:38.573431536,Восточно-Сибирская,SYNTHETIC,2025,2024,198 days 15:45:17.665960860,286065.294432681,220.51621468696976,0.5947546531302876,Лето,3,7,0.0034152430106209,147.5384980588249,road
,2025-07-19 04:38:20.765418318,Восточно-Сибирская,SYNTHETIC,2025,2024,199 days 01:56:59.857947642,286676.9976324607,611.7031997797312,0.5956006768189509,Лето,3,7,0.0034152430106209,147.5384980588249,road
,2025-07-19 07:40:07.442292084,Восточно-Сибирская,SYNTHETIC,2025,2024,199 days 04:58:46.534821408,286858.7755803568,181.77794789610198,0.5964467005076142,Лето,3,7,0.0034152430106209,147.5384980588249,road
,2025-07-19 09:16:05.099104704,Восточно-Сибирская,SYNTHETIC,2025,2024,199 days 06:34:44.191634028,286954.7365272338,95.96094687696313,0.5972927241962775,Лето,3,7,0.0034152430106209,147.5384980588249,road
,2025-07-19 10:32:58.894653126,Восточно-Сибирская,SYNTHETIC,2025,2024,199 days 07:51:37.987182450,287031.6331197075,76.89659247372765,0.5981387478849408,Лето,3,7,0.0034152430106209,147.5384980588249,road
,2025-07-19 20:40:06.306481746,Восточно-Сибирская,SYNTHETIC,2025,2024,199 days 17:58:45.399011070,287638.7566501845,607.1235304769943,0.5989847715736041,Лето,3,7,0.0034152430106209,147.5384980588249,road
,2025-07-19 21:35:01.209071166,Восточно-Сибирская,SYNTHETIC,2025,2024,199 days 18:53:40.301600490,287693.6716933415,54.91504315700149,0.5998307952622673,Лето,3,7,0.0034152430106209,147.5384980588249,road
,2025-07-20 00:17:29.802406554,Восточно-Сибирская,SYNTHETIC,2025,2024,199 days 21:36:08.894935878,287856.14824893133,162.47655558981933,0.6006768189509306,Лето,3,7,0.0034152430106209,147.5384980588249,road
,2025-07-20 01:18:10.605563802,Восточно-Сибирская,SYNTHETIC,2025,2024,199 days 22:36:49.698093126,287916.8283015521,60.68005262076622,0.6015228426395939,Лето,3,7,0.0034152430106209,147.5384980588249,road
,2025-07-20 08:32:44.513717778,Восточно-Сибирская,SYNTHETIC,2025,2024,200 days 05:51:23.606247102,288351.3934374517,434.56513589958195,0.6023688663282571,Лето,3,7,0.0034152430106209,147.5384980588249,road
,2025-07-20 11:41:03.787409118,Восточно-Сибирская,SYNTHETIC,2025,2024,200 days 08:59:42.879938442,288539.7146656407,188.32122818904463,0.6032148900169205,Лето,3,7,0.0034152430106209,147.5384980588249,road
,2025-07-20 13:47:42.848239536,Восточно-Сибирская,SYNTHETIC,2025,2024,200 days 11:06:21.940768860,288666.365679481,126.65101384028094,0.6040609137055838,Лето,3,7,0.0034152430106209,147.5384980588249,road
,2025-07-20 15:58:53.563749264,Восточно-Сибирская,SYNTHETIC,2025,2024,200 days 13:17:32.656278588,288797.5442713098,131.1785918287933,0.6049069373942471,Лето,3,7,0.0034152430106209,147.5384980588249,road
,2025-07-21 01:18:43.994481252,Восточно-Сибирская,SYNTHETIC,2025,2024,200 days 22:37:23.087010576,289357.3847835096,559.840512199793,0.6057529610829103,Лето,3,7,0.0034152430106209,147.5384980588249,road
,2025-07-21 05:15:00.372980424,Восточно-Сибирская,SYNTHETIC,2025,2024,201 days 02:33:39.465509748,289593.65775849577,236.27297498617554,0.6065989847715736,Лето,3,7,0.0034152430106209,147.5384980588249,road
,2025-07-21 11:25:30.938141334,Восточно-Сибирская,SYNTHETIC,2025,2024,201 days 08:44:10.030670658,289964.16717784427,370.50941934849834,0.6074450084602369,Лето,3,7,0.0034152430106209,147.5384980588249,road
,2025-07-21 22:31:10.707542196,Восточно-Сибирская,SYNTHETIC,2025,2024,201 days 19:49:49.800071520,290629.830001192,665.662823347724,0.6082910321489001,Лето,3,7,0.0034152430106209,147.5384980588249,road
,2025-07-22 09:50:31.882703789,Восточно-Сибирская,SYNTHETIC,2025,2024,202 days 07:09:10.975233113,291309.18292055186,679.3529193598661,0.6091370558375635,Лето,3,7,0.0034152430106209,147.5384980588249,road
,2025-07-22 11:47:08.539965738,Восточно-Сибирская,SYNTHETIC,2025,2024,202 days 09:05:47.632495062,291425.79387491767,116.61095436580945,0.6099830795262268,Лето,3,7,0.0034152430106209,147.5384980588249,road
,2025-07-23 02:39:01.570437600,Восточно-Сибирская,SYNTHETIC,2025,2024,202 days 23:57:40.662966924,292317.67771611543,891.8838411977631,0.61082910321489,Лето,3,7,0.0034152430106209,147.5384980588249,road
,2025-07-23 02:46:24.124870950,Восточно-Сибирская,SYNTHETIC,2025,2024,203 days 00:05:03.217400274,292325.05362333794,7.3759072225075215,0.6116751269035533,Лето,3,7,0.0034152430106209,147.5384980588249,road
,2025-07-23 05:04:52.959935640,Восточно-Сибирская,SYNTHETIC,2025,2024,203 days 02:23:32.052464964,292463.5342077494,138.4805844114744,0.6125211505922166,Лето,3,7,0.0034152430106209,147.5384980588249,road
,2025-07-23 16:07:02.469870078,Восточно-Сибирская,SYNTHETIC,2025,2024,203 days 13:25:41.562399402,293125.6927066567,662.1584989072871,0.6133671742808798,Лето,3,7,0.0034152430106209,147.5384980588249,road
,2025-07-23 17:41:03.349182450,Восточно-Сибирская,SYNTHETIC,2025,2024,203 days 14:59:42.441711774,293219.7073618629,94.01465520617785,0.6142131979695431,Лето,3,7,0.0034152430106209,147.5384980588249,road
,2025-07-23 19:14:26.596323666,Восточно-Сибирская,SYNTHETIC,2025,2024,203 days 16:33:05.688852990,293313.0948142165,93.38745235360693,0.6150592216582065,Лето,3,7,0.0034152430106209,147.5384980588249,road
,2025-07-23 20:59:58.703854224,Восточно-Сибирская,SYNTHETIC,2025,2024,203 days 18:18:37.796383548,293418.6299397258,105.53512550931191,0.6159052453468697,Лето,3,7,0.0034152430106209,147.5384980588249,road
,2025-07-24 01:37:25.682514474,Восточно-Сибирская,SYNTHETIC,2025,2024,203 days 22:56:04.775043798,293696.07958406326,277.44964433746645,0.616751269035533,Лето,3,7,0.0034152430106209,147.5384980588249,road
,2025-07-24 04:26:19.879058010,Восточно-Сибирская,SYNTHETIC,2025,2024,204 days 01:44:58.971587334,293864.98285978887,168.90327572560636,0.6175972927241963,Лето,3,7,0.0034152430106209,147.5384980588249,road
,2025-07-24 10:46:11.451823218,Восточно-Сибирская,SYNTHETIC,2025,2024,204 days 08:04:50.544352542,294244.84240587574,379.85954608686734,0.6184433164128595,Лето,3,7,0.0034152430106209,147.5384980588249,road
,2025-07-24 21:45:51.843506142,Восточно-Сибирская,SYNTHETIC,2025,2024,204 days 19:04:30.936035466,294904.5156005911,659.6731947153457,0.6192893401015228,Лето,3,7,0.0034152430106209,147.5384980588249,road
,2025-07-25 03:14:14.154483102,Восточно-Сибирская,SYNTHETIC,2025,2024,205 days 00:32:53.247012426,295232.8874502071,328.37184961599996,0.6201353637901861,Лето,3,7,0.0034152430106209,147.5384980588249,road
,2025-07-25 04:21:12.772126872,Восточно-Сибирская,SYNTHETIC,2025,2024,205 days 01:39:51.864656196,295299.8644109366,66.97696072951658,0.6209813874788495,Лето,3,7,0.0034152430106209,147.5384980588249,road
,2025-07-25 17:31:17.764863414,Восточно-Сибирская,SYNTHETIC,2025,2024,205 days 14:49:56.857392738,296089.9476232123,790.0832122756983,0.6218274111675127,Лето,3,7,0.0034152430106209,147.5384980588249,road
,2025-07-25 19:01:14.658410922,Восточно-Сибирская,SYNTHETIC,2025,2024,205 days 16:19:53.750940246,296179.8958490041,89.9482257917989,0.622673434856176,Лето,3,7,0.0034152430106209,147.5384980588249,road
,2025-07-25 19:48:47.654434110,Восточно-Сибирская,SYNTHETIC,2025,2024,205 days 17:07:26.746963434,296227.4457827239,47.54993371979799,0.6235194585448393,Лето,3,7,0.0034152430106209,147.5384980588249,road
,2025-07-25 20:16:23.900666586,Восточно-Сибирская,SYNTHETIC,2025,2024,205 days 17:35:02.993195910,296255.0498865985,27.604103874589782,0.6243654822335025,Лето,3,7,0.0034152430106209,147.5384980588249,road
,2025-07-26 00:19:02.757980946,Восточно-Сибирская,SYNTHETIC,2025,2024,205 days 21:37:41.850510270,296497.6975085045,242.64762190601323,0.6252115059221658,Лето,3,7,0.0034152430106209,147.5384980588249,road
,2025-07-26 00:54:24.485709780,Восточно-Сибирская,SYNTHETIC,2025,2024,205 days 22:13:03.578239104,296533.0596373184,35.362128813925665,0.626057529610829,Лето,3,7,0.0034152430106209,147.5384980588249,road
,2025-07-26 01:38:09.198108222,Восточно-Сибирская,SYNTHETIC,2025,2024,205 days 22:56:48.290637546,296576.8048439591,43.745206640684046,0.6269035532994924,Лето,3,7,0.0034152430106209,147.5384980588249,road
,2025-07-26 03:22:36.134091726,Восточно-Сибирская,SYNTHETIC,2025,2024,206 days 00:41:15.226621050,296681.2537770175,104.44893305841833,0.6277495769881557,Лето,3,7,0.0034152430106209,147.5384980588249,road
,2025-07-26 04:59:27.771252966,Восточно-Сибирская,SYNTHETIC,2025,2024,206 days 02:18:06.863782290,296778.11439637153,96.86061935400357,0.628595600676819,Лето,3,7,0.0034152430106209,147.5384980588249,road
,2025-07-26 09:30:52.634237460,Восточно-Сибирская,SYNTHETIC,2025,2024,206 days 06:49:31.726766784,297049.5287794464,271.4143830748508,0.6294416243654822,Лето,3,7,0.0034152430106209,147.5384980588249,road
,2025-07-26 17:47:43.892292540,Восточно-Сибирская,SYNTHETIC,2025,2024,206 days 15:06:22.984821864,297546.3830803644,496.85430091799935,0.6302876480541455,Лето,3,7,0.0034152430106209,147.5384980588249,road
,2025-07-27 00:47:14.970142362,Восточно-Сибирская,SYNTHETIC,2025,2024,206 days 22:05:54.062671686,297965.9010445281,419.5179641637369,0.6311336717428088,Лето,3,7,0.0034152430106209,147.5384980588249,road
,2025-07-27 02:16:23.956056858,Восточно-Сибирская,SYNTHETIC,2025,2024,206 days 23:35:03.048586182,298055.0508097697,89.14976524160011,0.631979695431472,Лето,3,7,0.0034152430106209,147.5384980588249,road
,2025-07-27 03:38:48.533102598,Восточно-Сибирская,SYNTHETIC,2025,2024,207 days 00:57:27.625631922,298137.4604271987,82.40961742895888,0.6328257191201354,Лето,3,7,0.0034152430106209,147.5384980588249,road
,2025-07-27 20:07:06.486379506,Восточно-Сибирская,SYNTHETIC,2025,2024,207 days 17:25:45.578908830,299125.7596484805,988.2992212818353,0.6336717428087987,Лето,3,7,0.0034152430106209,147.5384980588249,road
,2025-07-27 20:09:31.782280248,Восточно-Сибирская,SYNTHETIC,2025,2024,207 days 17:28:10.874809572,299128.1812468262,2.4215983456815593,0.6345177664974619,Лето,3,7,0.0034152430106209,147.5384980588249,road
,2025-07-28 06:29:40.332525948,Восточно-Сибирская,SYNTHETIC,2025,2024,208 days 03:48:19.425055272,299748.32375092123,620.1425040950417,0.6353637901861252,Лето,3,7,0.0034152430106209,147.5384980588249,road
,2025-07-28 07:34:54.623668758,Восточно-Сибирская,SYNTHETIC,2025,2024,208 days 04:53:33.716198082,299813.5619366347,65.2381857134751,0.6362098138747885,Лето,3,7,0.0034152430106209,147.5384980588249,road
,2025-07-28 21:56:35.349806412,Восточно-Сибирская,SYNTHETIC,2025,2024,208 days 19:15:14.442335736,300675.2407055956,861.6787689608755,0.6370558375634517,Лето,3,7,0.0034152430106209,147.5384980588249,road
,2025-07-28 23:59:16.772469156,Восточно-Сибирская,SYNTHETIC,2025,2024,208 days 21:17:55.864998480,300797.93108330795,122.69037771236617,0.637901861252115,Лето,3,7,0.0034152430106209,147.5384980588249,road
,2025-07-29 02:49:14.234702340,Восточно-Сибирская,SYNTHETIC,2025,2024,209 days 00:07:53.327231664,300967.8887871944,169.95770388643723,0.6387478849407784,Лето,3,7,0.0034152430106209,147.5384980588249,road
,2025-07-29 08:48:48.003876342,Восточно-Сибирская,SYNTHETIC,2025,2024,209 days 06:07:27.096405666,301327.451606761,359.5628195666359,0.6395939086294417,Лето,3,7,0.0034152430106209,147.5384980588249,road
,2025-07-29 13:08:12.266381916,Восточно-Сибирская,SYNTHETIC,2025,2024,209 days 10:26:51.358911240,301586.85598185397,259.40437509294134,0.6404399323181049,Лето,3,7,0.0034152430106209,147.5384980588249,road
,2025-07-29 15:00:14.540572032,Восточно-Сибирская,SYNTHETIC,2025,2024,209 days 12:18:53.633101356,301698.8938850226,112.03790316864615,0.6412859560067682,Лето,3,7,0.0034152430106209,147.5384980588249,road
,2025-07-29 18:56:33.161839566,Восточно-Сибирская,SYNTHETIC,2025,2024,209 days 16:15:12.254368890,301935.2042394814,236.31035445880843,0.6421319796954315,Лето,3,7,0.0034152430106209,147.5384980588249,road
,2025-07-30 01:20:41.972820138,Восточно-Сибирская,SYNTHETIC,2025,2024,209 days 22:39:21.065349462,302319.35108915775,384.1468496763264,0.6429780033840947,Лето,3,7,0.0034152430106209,147.5384980588249,road
,2025-07-30 01:33:21.927980988,Восточно-Сибирская,SYNTHETIC,2025,2024,209 days 22:52:01.020510312,302332.0170085052,12.665919347433373,0.643824027072758,Лето,3,7,0.0034152430106209,147.5384980588249,road
,2025-07-30 01:36:39.790732722,Восточно-Сибирская,SYNTHETIC,2025,2024,209 days 22:55:18.883262046,302335.31472103414,3.2977125289617106,0.6446700507614214,Лето,3,7,0.0034152430106209,147.5384980588249,road
,2025-07-30 04:36:02.353521180,Восточно-Сибирская,SYNTHETIC,2025,2024,210 days 01:54:41.446050504,302514.69076750835,179.37604647420812,0.6455160744500846,Лето,3,7,0.0034152430106209,147.5384980588249,road
,2025-07-30 05:17:26.077576974,Восточно-Сибирская,SYNTHETIC,2025,2024,210 days 02:36:05.170106298,302556.08616843825,41.39540092990501,0.6463620981387479,Лето,3,7,0.0034152430106209,147.5384980588249,road
,2025-07-30 10:37:04.847309184,Восточно-Сибирская,SYNTHETIC,2025,2024,210 days 07:55:43.939838508,302875.73233064177,319.6461622035131,0.6472081218274112,Лето,3,7,0.0034152430106209,147.5384980588249,road
,2025-07-30 11:47:36.438904290,Восточно-Сибирская,SYNTHETIC,2025,2024,210 days 09:06:15.531433614,302946.25885722693,70.52652658516308,0.6480541455160744,Лето,3,7,0.0034152430106209,147.5384980588249,road
,2025-08-01 02:46:03.567624084,Восточно-Сибирская,SYNTHETIC,2025,2024,212 days 00:04:42.660153408,305284.7110025568,2338.452145329851,0.6489001692047377,Лето,3,8,0.0034152430106209,147.5384980588249,road
,2025-08-01 03:50:32.746796976,Восточно-Сибирская,SYNTHETIC,2025,2024,212 days 01:09:11.839326300,305349.197322105,64.48631954821758,0.649746192893401,Лето,3,8,0.0034152430106209,147.5384980588249,road
,2025-08-01 07:43:22.064049948,Восточно-Сибирская,SYNTHETIC,2025,2024,212 days 05:02:01.156579272,305582.01927632117,232.8219542161678,0.6505922165820643,Лето,3,8,0.0034152430106209,147.5384980588249,road
,2025-08-01 08:19:29.266071114,Восточно-Сибирская,SYNTHETIC,2025,2024,212 days 05:38:08.358600438,305618.13931000733,36.1200336861657,0.6514382402707276,Лето,3,8,0.0034152430106209,147.5384980588249,road
,2025-08-01 08:26:19.977714858,Восточно-Сибирская,SYNTHETIC,2025,2024,212 days 05:44:59.070244182,305624.9845040698,6.845194062450901,0.6522842639593909,Лето,3,8,0.0034152430106209,147.5384980588249,road
,2025-08-01 08:41:42.053284974,Восточно-Сибирская,SYNTHETIC,2025,2024,212 days 06:00:21.145814298,305640.3524302383,15.367926168488339,0.6531302876480541,Лето,3,8,0.0034152430106209,147.5384980588249,road
,2025-08-01 23:44:55.819444890,Восточно-Сибирская,SYNTHETIC,2025,2024,212 days 21:03:34.911974214,306543.581866237,903.2294359987136,0.6539763113367174,Лето,3,8,0.0034152430106209,147.5384980588249,road
,2025-08-02 00:29:52.286246130,Восточно-Сибирская,SYNTHETIC,2025,2024,212 days 21:48:31.378775454,306588.5229795909,44.94111335393973,0.6548223350253807,Лето,3,8,0.0034152430106209,147.5384980588249,road
,2025-08-02 06:30:47.682401016,Восточно-Сибирская,SYNTHETIC,2025,2024,213 days 03:49:26.774930340,306949.44624883897,360.92326924804365,0.6556683587140439,Лето,3,8,0.0034152430106209,147.5384980588249,road
,2025-08-02 06:51:23.494093368,Восточно-Сибирская,SYNTHETIC,2025,2024,213 days 04:10:02.586622692,306970.0431103782,20.59686153923394,0.6565143824027073,Лето,3,8,0.0034152430106209,147.5384980588249,road
,2025-08-02 07:24:54.518128020,Восточно-Сибирская,SYNTHETIC,2025,2024,213 days 04:43:33.610657344,307003.5601776224,33.5170672442182,0.6573604060913706,Лето,3,8,0.0034152430106209,147.5384980588249,road
,2025-08-02 10:53:06.615708342,Восточно-Сибирская,SYNTHETIC,2025,2024,213 days 08:11:45.708237666,307211.76180396107,208.20162633864675,0.6582064297800339,Лето,3,8,0.0034152430106209,147.5384980588249,road
,2025-08-02 13:56:11.145485994,Восточно-Сибирская,SYNTHETIC,2025,2024,213 days 11:14:50.238015318,307394.8373002553,183.07549629424466,0.6590524534686971,Лето,3,8,0.0034152430106209,147.5384980588249,road
,2025-08-03 04:42:45.287902590,Восточно-Сибирская,SYNTHETIC,2025,2024,214 days 02:01:24.380431914,308281.4063405319,886.5690402765758,0.6598984771573604,Лето,3,8,0.0034152430106209,147.5384980588249,road
,2025-08-03 18:51:08.279951424,Восточно-Сибирская,SYNTHETIC,2025,2024,214 days 16:09:47.372480748,309129.7895413458,848.3832008138997,0.6607445008460237,Лето,3,8,0.0034152430106209,147.5384980588249,road
,2025-08-04 02:13:57.699651690,Восточно-Сибирская,SYNTHETIC,2025,2024,214 days 23:32:36.792181014,309572.6132030169,442.8236616711365,0.6615905245346869,Лето,3,8,0.0034152430106209,147.5384980588249,road
,2025-08-04 06:43:47.923741038,Восточно-Сибирская,SYNTHETIC,2025,2024,215 days 04:02:27.016270362,309842.4502711727,269.83706815575715,0.6624365482233503,Лето,3,8,0.0034152430106209,147.5384980588249,road
,2025-08-04 09:41:30.064144386,Восточно-Сибирская,SYNTHETIC,2025,2024,215 days 07:00:09.156673710,310020.1526112285,177.70234005583916,0.6632825719120136,Лето,3,8,0.0034152430106209,147.5384980588249,road
,2025-08-04 11:50:25.978991346,Восточно-Сибирская,SYNTHETIC,2025,2024,215 days 09:09:05.071520670,310149.08452534454,128.9319141160231,0.6641285956006768,Лето,3,8,0.0034152430106209,147.5384980588249,road
,2025-08-05 02:11:01.248606870,Восточно-Сибирская,SYNTHETIC,2025,2024,215 days 23:29:40.341136194,311009.6723522699,860.5878269253299,0.6649746192893401,Лето,3,8,0.0034152430106209,147.5384980588249,road
,2025-08-05 06:41:27.139314864,Восточно-Сибирская,SYNTHETIC,2025,2024,216 days 04:00:06.231844188,311280.1038640698,270.4315117999213,0.6658206429780034,Лето,3,8,0.0034152430106209,147.5384980588249,road
,2025-08-05 10:54:48.893314302,Восточно-Сибирская,SYNTHETIC,2025,2024,216 days 08:13:27.985843626,311533.4664307271,253.36256665730616,0.6666666666666666,Лето,3,8,0.0034152430106209,147.5384980588249,road
,2025-08-05 12:12:04.056415806,Восточно-Сибирская,SYNTHETIC,2025,2024,216 days 09:30:43.148945130,311610.71914908546,77.25271835835883,0.6675126903553299,Лето,3,8,0.0034152430106209,147.5384980588249,road
,2025-08-05 12:26:04.231015236,Восточно-Сибирская,SYNTHETIC,2025,2024,216 days 09:44:43.323544560,311624.72205907595,14.002909990493208,0.6683587140439933,Лето,3,8,0.0034152430106209,147.5384980588249,road
,2025-08-06 02:36:20.045102160,Восточно-Сибирская,SYNTHETIC,2025,2024,216 days 23:54:59.137631484,312474.9856271914,850.2635681154206,0.6692047377326565,Лето,3,8,0.0034152430106209,147.5384980588249,road
,2025-08-06 04:26:34.364571936,Восточно-Сибирская,SYNTHETIC,2025,2024,217 days 01:45:13.457101260,312585.224285021,110.23865782964276,0.6700507614213198,Лето,3,8,0.0034152430106209,147.5384980588249,road
,2025-08-06 07:17:42.198568068,Восточно-Сибирская,SYNTHETIC,2025,2024,217 days 04:36:21.291097392,312756.3548516232,171.13056660216535,0.6708967851099831,Лето,3,8,0.0034152430106209,147.5384980588249,road
,2025-08-06 07:53:21.329627166,Восточно-Сибирская,SYNTHETIC,2025,2024,217 days 05:12:00.422156490,312792.00703594147,35.652184318285435,0.6717428087986463,Лето,3,8,0.0034152430106209,147.5384980588249,road
,2025-08-06 16:44:22.153818708,Восточно-Сибирская,SYNTHETIC,2025,2024,217 days 14:03:01.246348032,313323.0207724672,531.0137365257251,0.6725888324873096,Лето,3,8,0.0034152430106209,147.5384980588249,road
,2025-08-06 16:52:34.431059928,Восточно-Сибирская,SYNTHETIC,2025,2024,217 days 14:11:13.523589252,313331.22539315425,8.204620687058195,0.6734348561759729,Лето,3,8,0.0034152430106209,147.5384980588249,road
,2025-08-07 01:38:22.028169432,Восточно-Сибирская,SYNTHETIC,2025,2024,217 days 22:57:01.120698756,313857.0186783126,525.7932851583464,0.6742808798646363,Лето,3,8,0.0034152430106209,147.5384980588249,road
,2025-08-07 02:22:37.552612260,Восточно-Сибирская,SYNTHETIC,2025,2024,217 days 23:41:16.645141584,313901.27741902636,44.258740713761654,0.6751269035532995,Лето,3,8,0.0034152430106209,147.5384980588249,road
,2025-08-07 12:59:55.255707840,Восточно-Сибирская,SYNTHETIC,2025,2024,218 days 10:18:34.348237164,314538.5724706194,637.2950515930424,0.6759729272419628,Лето,3,8,0.0034152430106209,147.5384980588249,road
,2025-08-07 19:23:03.223234512,Восточно-Сибирская,SYNTHETIC,2025,2024,218 days 16:41:42.315763836,314921.7052627306,383.13279211119516,0.676818950930626,Лето,3,8,0.0034152430106209,147.5384980588249,road
,2025-08-07 20:15:44.264536488,Восточно-Сибирская,SYNTHETIC,2025,2024,218 days 17:34:23.357065812,314974.3892844302,52.68402169959154,0.6776649746192893,Лето,3,8,0.0034152430106209,147.5384980588249,road
,2025-08-08 00:20:01.343852490,Восточно-Сибирская,SYNTHETIC,2025,2024,218 days 21:38:40.436381814,315218.6739396969,244.28465526673244,0.6785109983079526,Лето,3,8,0.0034152430106209,147.5384980588249,road
,2025-08-08 02:09:48.064161330,Восточно-Сибирская,SYNTHETIC,2025,2024,218 days 23:28:27.156690654,315328.45261151093,109.77867181401234,0.6793570219966159,Лето,3,8,0.0034152430106209,147.5384980588249,road
,2025-08-08 03:07:16.694297148,Восточно-Сибирская,SYNTHETIC,2025,2024,219 days 00:25:55.786826472,315385.9297804412,57.47716893028701,0.6802030456852792,Лето,3,8,0.0034152430106209,147.5384980588249,road
,2025-08-08 12:41:15.621410370,Восточно-Сибирская,SYNTHETIC,2025,2024,219 days 09:59:54.713939694,315959.91189899493,573.9821185537148,0.6810490693739425,Лето,3,8,0.0034152430106209,147.5384980588249,road
,2025-08-08 15:12:33.409492524,Восточно-Сибирская,SYNTHETIC,2025,2024,219 days 12:31:12.502021848,316111.20836703083,151.29646803590003,0.6818950930626058,Лето,3,8,0.0034152430106209,147.5384980588249,road
,2025-08-08 17:41:25.156139202,Восточно-Сибирская,SYNTHETIC,2025,2024,219 days 15:00:04.248668526,316260.07081114216,148.86244411132066,0.682741116751269,Лето,3,8,0.0034152430106209,147.5384980588249,road
,2025-08-08 18:35:56.250767988,Восточно-Сибирская,SYNTHETIC,2025,2024,219 days 15:54:35.343297312,316314.58905495517,54.518243813014124,0.6835871404399323,Лето,3,8,0.0034152430106209,147.5384980588249,road
,2025-08-08 20:57:21.609557340,Восточно-Сибирская,SYNTHETIC,2025,2024,219 days 18:16:00.702086664,316456.0117014444,141.4226464892272,0.6844331641285956,Лето,3,8,0.0034152430106209,147.5384980588249,road
,2025-08-09 06:58:24.684868026,Восточно-Сибирская,SYNTHETIC,2025,2024,220 days 04:17:03.777397350,317057.06295662257,601.0512551781721,0.6852791878172588,Лето,3,8,0.0034152430106209,147.5384980588249,road
,2025-08-09 09:10:31.283936496,Восточно-Сибирская,SYNTHETIC,2025,2024,220 days 06:29:10.376465820,317189.172941097,132.10998447443126,0.6861252115059222,Лето,3,8,0.0034152430106209,147.5384980588249,road
,2025-08-09 23:57:13.865373636,Восточно-Сибирская,SYNTHETIC,2025,2024,220 days 21:15:52.957902960,318075.882631716,886.7096906190272,0.6869712351945855,Лето,3,8,0.0034152430106209,147.5384980588249,road
,2025-08-10 14:13:32.487678384,Восточно-Сибирская,SYNTHETIC,2025,2024,221 days 11:32:11.580207708,318932.1930034618,856.3103717457852,0.6878172588832487,Лето,3,8,0.0034152430106209,147.5384980588249,road
,2025-08-10 14:59:22.545980934,Восточно-Сибирская,SYNTHETIC,2025,2024,221 days 12:18:01.638510258,318978.0273085043,45.834305042459164,0.688663282571912,Лето,3,8,0.0034152430106209,147.5384980588249,road
,2025-08-10 15:56:31.479320004,Восточно-Сибирская,SYNTHETIC,2025,2024,221 days 13:15:10.571849328,319035.1761974888,57.148888984520454,0.6895093062605753,Лето,3,8,0.0034152430106209,147.5384980588249,road
,2025-08-11 01:37:51.541273374,Восточно-Сибирская,SYNTHETIC,2025,2024,221 days 22:56:30.633802698,319616.5105633783,581.3343658894883,0.6903553299492385,Лето,3,8,0.0034152430106209,147.5384980588249,road
,2025-08-11 04:03:55.181646516,Восточно-Сибирская,SYNTHETIC,2025,2024,222 days 01:22:34.274175840,319762.571236264,146.0606728857383,0.6912013536379019,Лето,3,8,0.0034152430106209,147.5384980588249,road
,2025-08-11 04:05:12.193609338,Восточно-Сибирская,SYNTHETIC,2025,2024,222 days 01:23:51.286138662,319763.85476897773,1.2835327137145214,0.6920473773265652,Лето,3,8,0.0034152430106209,147.5384980588249,road
,2025-08-11 05:38:54.552929598,Восточно-Сибирская,SYNTHETIC,2025,2024,222 days 02:57:33.645458922,319857.5607576487,93.70598867099034,0.6928934010152284,Лето,3,8,0.0034152430106209,147.5384980588249,road
,2025-08-11 10:05:28.390744002,Восточно-Сибирская,SYNTHETIC,2025,2024,222 days 07:24:07.483273326,320124.12472122215,266.563963573426,0.6937394247038917,Лето,3,8,0.0034152430106209,147.5384980588249,road
,2025-08-11 17:55:39.111724278,Восточно-Сибирская,SYNTHETIC,2025,2024,222 days 15:14:18.204253602,320594.30340422667,470.17868300451664,0.694585448392555,Лето,3,8,0.0034152430106209,147.5384980588249,road
,2025-08-11 18:37:34.270397034,Восточно-Сибирская,SYNTHETIC,2025,2024,222 days 15:56:13.362926358,320636.22271543933,41.9193112126668,0.6954314720812182,Лето,3,8,0.0034152430106209,147.5384980588249,road
,2025-08-11 19:11:52.260570936,Восточно-Сибирская,SYNTHETIC,2025,2024,222 days 16:30:31.353100260,320670.52255167096,34.29983623162843,0.6962774957698815,Лето,3,8,0.0034152430106209,147.5384980588249,road
,2025-08-12 07:39:10.680854466,Восточно-Сибирская,SYNTHETIC,2025,2024,223 days 04:57:49.773383790,321417.8295563965,747.3070047255605,0.6971235194585449,Лето,3,8,0.0034152430106209,147.5384980588249,road
,2025-08-12 14:26:26.395862034,Восточно-Сибирская,SYNTHETIC,2025,2024,223 days 11:45:05.488391358,321825.0914731893,407.2619167927769,0.6979695431472082,Лето,3,8,0.0034152430106209,147.5384980588249,road
,2025-08-12 18:47:20.814043134,Восточно-Сибирская,SYNTHETIC,2025,2024,223 days 16:05:59.906572458,322085.9984428743,260.90696968499105,0.6988155668358714,Лето,3,8,0.0034152430106209,147.5384980588249,road
,2025-08-13 01:56:38.509862268,Восточно-Сибирская,SYNTHETIC,2025,2024,223 days 23:15:17.602391592,322515.29337319324,429.29493031895254,0.6996615905245347,Лето,3,8,0.0034152430106209,147.5384980588249,road
,2025-08-13 04:40:38.706435666,Восточно-Сибирская,SYNTHETIC,2025,2024,224 days 01:59:17.798964990,322679.29664941656,164.0032762233168,0.700507614213198,Лето,3,8,0.0034152430106209,147.5384980588249,road
,2025-08-13 11:36:38.029868322,Восточно-Сибирская,SYNTHETIC,2025,2024,224 days 08:55:17.122397646,323095.2853732941,415.98872387752635,0.7013536379018612,Лето,3,8,0.0034152430106209,147.5384980588249,road
,2025-08-13 13:52:45.556198410,Восточно-Сибирская,SYNTHETIC,2025,2024,224 days 11:11:24.648727734,323231.410812129,136.1254388348898,0.7021996615905245,Лето,3,8,0.0034152430106209,147.5384980588249,road
,2025-08-13 15:14:41.850687216,Восточно-Сибирская,SYNTHETIC,2025,2024,224 days 12:33:20.943216540,323313.349053609,81.93824148003478,0.7030456852791879,Лето,3,8,0.0034152430106209,147.5384980588249,road
,2025-08-13 21:37:00.528497279,Восточно-Сибирская,SYNTHETIC,2025,2024,224 days 18:55:39.621026603,323695.66035044345,382.3112968344358,0.7038917089678511,Лето,3,8,0.0034152430106209,147.5384980588249,road
,2025-08-14 00:16:20.533213566,Восточно-Сибирская,SYNTHETIC,2025,2024,224 days 21:34:59.625742890,323854.99376238143,159.33341193798697,0.7047377326565144,Лето,3,8,0.0034152430106209,147.5384980588249,road
,2025-08-14 19:42:41.442203094,Восточно-Сибирская,SYNTHETIC,2025,2024,225 days 17:01:20.534732418,325021.3422455403,1166.3484831588576,0.7055837563451777,Лето,3,8,0.0034152430106209,147.5384980588249,road
,2025-08-14 21:48:35.654908164,Восточно-Сибирская,SYNTHETIC,2025,2024,225 days 19:07:14.747437488,325147.2457906248,125.90354508452583,0.7064297800338409,Лето,3,8,0.0034152430106209,147.5384980588249,road
,2025-08-15 10:14:31.906707816,Восточно-Сибирская,SYNTHETIC,2025,2024,226 days 07:33:10.999237140,325893.183320619,745.9375299941748,0.7072758037225042,Лето,3,8,0.0034152430106209,147.5384980588249,road
,2025-08-15 23:25:50.293998180,Восточно-Сибирская,SYNTHETIC,2025,2024,226 days 20:44:29.386527504,326684.4897754584,791.3064548394177,0.7081218274111675,Лето,3,8,0.0034152430106209,147.5384980588249,road
,2025-08-16 00:46:54.567083184,Восточно-Сибирская,SYNTHETIC,2025,2024,226 days 22:05:33.659612508,326765.5609935418,81.07121808337979,0.7089678510998308,Лето,3,8,0.0034152430106209,147.5384980588249,road
,2025-08-16 08:35:34.085399124,Восточно-Сибирская,SYNTHETIC,2025,2024,227 days 05:54:13.177928448,327234.21963214077,468.65863859897945,0.7098138747884941,Лето,3,8,0.0034152430106209,147.5384980588249,road
,2025-08-16 11:21:44.574488682,Восточно-Сибирская,SYNTHETIC,2025,2024,227 days 08:40:23.667018006,327400.39445030014,166.17481815937208,0.7106598984771574,Лето,3,8,0.0034152430106209,147.5384980588249,road
,2025-08-16 23:32:21.983659482,Восточно-Сибирская,SYNTHETIC,2025,2024,227 days 20:51:01.076188806,328131.0179364801,730.6234861799749,0.7115059221658206,Лето,3,8,0.0034152430106209,147.5384980588249,road
,2025-08-17 02:27:28.931036388,Восточно-Сибирская,SYNTHETIC,2025,2024,227 days 23:46:08.023565712,328306.1337260952,175.1157896150835,0.7123519458544839,Лето,3,8,0.0034152430106209,147.5384980588249,road
,2025-08-17 09:06:47.957034276,Восточно-Сибирская,SYNTHETIC,2025,2024,228 days 06:25:27.049563600,328705.45082606,399.31709996482823,0.7131979695431472,Лето,3,8,0.0034152430106209,147.5384980588249,road
,2025-08-17 12:11:01.449427554,Восточно-Сибирская,SYNTHETIC,2025,2024,228 days 09:29:40.541956878,328889.67569928133,184.22487322130473,0.7140439932318104,Лето,3,8,0.0034152430106209,147.5384980588249,road
,2025-08-17 13:26:43.076591376,Восточно-Сибирская,SYNTHETIC,2025,2024,228 days 10:45:22.169120700,328965.36948534497,75.69378606363898,0.7148900169204738,Лето,3,8,0.0034152430106209,147.5384980588249,road
,2025-08-17 14:31:49.062928026,Восточно-Сибирская,SYNTHETIC,2025,2024,228 days 11:50:28.155457350,329030.46925762255,65.09977227757918,0.7157360406091371,Лето,3,8,0.0034152430106209,147.5384980588249,road
,2025-08-17 17:14:04.278035718,Восточно-Сибирская,SYNTHETIC,2025,2024,228 days 14:32:43.370565042,329192.72284275066,162.25358512811363,0.7165820642978004,Лето,3,8,0.0034152430106209,147.5384980588249,road
,2025-08-18 00:06:29.541196608,Восточно-Сибирская,SYNTHETIC,2025,2024,228 days 21:25:08.633725932,329605.14389543224,412.4210526815732,0.7174280879864636,Лето,3,8,0.0034152430106209,147.5384980588249,road
,2025-08-18 04:38:31.375444614,Восточно-Сибирская,SYNTHETIC,2025,2024,229 days 01:57:10.467973938,329877.17446623225,272.0305708000087,0.7182741116751269,Лето,3,8,0.0034152430106209,147.5384980588249,road
,2025-08-18 10:20:09.555149184,Восточно-Сибирская,SYNTHETIC,2025,2024,229 days 07:38:48.647678508,330218.81079464185,341.63632840960054,0.7191201353637902,Лето,3,8,0.0034152430106209,147.5384980588249,road
,2025-08-18 11:57:17.667638622,Восточно-Сибирская,SYNTHETIC,2025,2024,229 days 09:15:56.760167946,330315.9460027991,97.13520815724041,0.7199661590524534,Лето,3,8,0.0034152430106209,147.5384980588249,road
,2025-08-18 15:09:34.601836014,Восточно-Сибирская,SYNTHETIC,2025,2024,229 days 12:28:13.694365338,330508.2282394223,192.28223662322853,0.7208121827411168,Лето,3,8,0.0034152430106209,147.5384980588249,road
,2025-08-18 15:22:52.394116692,Восточно-Сибирская,SYNTHETIC,2025,2024,229 days 12:41:31.486646016,330521.5247774336,13.296538011287339,0.7216582064297801,Лето,3,8,0.0034152430106209,147.5384980588249,road
,2025-08-18 23:40:59.276042238,Восточно-Сибирская,SYNTHETIC,2025,2024,229 days 20:59:38.368571562,331019.6394761927,498.1146987591055,0.7225042301184433,Лето,3,8,0.0034152430106209,147.5384980588249,road
,2025-08-19 22:06:15.830488367,Восточно-Сибирская,SYNTHETIC,2025,2024,230 days 19:24:54.923017691,332364.9153836282,1345.2759074355126,0.7233502538071066,Лето,3,8,0.0034152430106209,147.5384980588249,road
,2025-08-20 00:39:12.752145924,Восточно-Сибирская,SYNTHETIC,2025,2024,230 days 21:57:51.844675248,332517.8640779208,152.94869429257233,0.7241962774957699,Лето,3,8,0.0034152430106209,147.5384980588249,road
,2025-08-20 00:42:26.428499898,Восточно-Сибирская,SYNTHETIC,2025,2024,230 days 22:01:05.521029222,332521.0920171537,3.2279392328928225,0.7250423011844331,Лето,3,8,0.0034152430106209,147.5384980588249,road
,2025-08-20 01:36:55.533104448,Восточно-Сибирская,SYNTHETIC,2025,2024,230 days 22:55:34.625633772,332575.5770938962,54.485076742537785,0.7258883248730964,Лето,3,8,0.0034152430106209,147.5384980588249,road
,2025-08-20 06:46:26.415932856,Восточно-Сибирская,SYNTHETIC,2025,2024,231 days 04:05:05.508462180,332885.09180770296,309.5147138067405,0.7267343485617598,Лето,3,8,0.0034152430106209,147.5384980588249,road
,2025-08-20 11:23:42.790896624,Восточно-Сибирская,SYNTHETIC,2025,2024,231 days 08:42:21.883425948,333162.3647237658,277.27291606285144,0.727580372250423,Лето,3,8,0.0034152430106209,147.5384980588249,road
,2025-08-20 18:57:42.980033988,Восточно-Сибирская,SYNTHETIC,2025,2024,231 days 16:16:22.072563312,333616.36787605524,454.0031522894278,0.7284263959390863,Лето,3,8,0.0034152430106209,147.5384980588249,road
,2025-08-20 20:23:28.280828130,Восточно-Сибирская,SYNTHETIC,2025,2024,231 days 17:42:07.373357454,333702.1228892909,85.75501323567005,0.7292724196277496,Лето,3,8,0.0034152430106209,147.5384980588249,road
,2025-08-21 03:25:48.176196456,Восточно-Сибирская,SYNTHETIC,2025,2024,232 days 00:44:27.268725780,334124.454478763,422.33158947207266,0.7301184433164128,Лето,3,8,0.0034152430106209,147.5384980588249,road
,2025-08-21 09:06:49.985955762,Восточно-Сибирская,SYNTHETIC,2025,2024,232 days 06:25:29.078485086,334465.4846414181,341.03016265510814,0.7309644670050761,Лето,3,8,0.0034152430106209,147.5384980588249,road
,2025-08-21 11:00:58.284060342,Восточно-Сибирская,SYNTHETIC,2025,2024,232 days 08:19:37.376589666,334579.62294316106,114.13830174296163,0.7318104906937394,Лето,3,8,0.0034152430106209,147.5384980588249,road
,2025-08-21 14:51:51.435119340,Восточно-Сибирская,SYNTHETIC,2025,2024,232 days 12:10:30.527648664,334810.50879414444,230.8858509833808,0.7326565143824028,Лето,3,8,0.0034152430106209,147.5384980588249,road
,2025-08-21 15:38:30.359422782,Восточно-Сибирская,SYNTHETIC,2025,2024,232 days 12:57:09.451952106,334857.1575325351,46.64873839064967,0.733502538071066,Лето,3,8,0.0034152430106209,147.5384980588249,road
,2025-08-21 18:34:55.444645458,Восточно-Сибирская,SYNTHETIC,2025,2024,232 days 15:53:34.537174782,335033.5756195797,176.41808704461437,0.7343485617597293,Лето,3,8,0.0034152430106209,147.5384980588249,road
,2025-08-22 04:58:41.035820670,Восточно-Сибирская,SYNTHETIC,2025,2024,233 days 02:17:20.128349994,335657.3354724999,623.7598529201932,0.7351945854483926,Лето,3,8,0.0034152430106209,147.5384980588249,road
,2025-08-22 07:38:47.088264702,Восточно-Сибирская,SYNTHETIC,2025,2024,233 days 04:57:26.180794026,335817.43634656706,160.10087406716775,0.7360406091370558,Лето,3,8,0.0034152430106209,147.5384980588249,road
,2025-08-22 16:34:34.909672134,Восточно-Сибирская,SYNTHETIC,2025,2024,233 days 13:53:14.002201458,336353.2333700243,535.7970234572422,0.7368866328257191,Лето,3,8,0.0034152430106209,147.5384980588249,road
,2025-08-22 20:55:49.629243930,Восточно-Сибирская,SYNTHETIC,2025,2024,233 days 18:14:28.721773254,336614.4786962209,261.2453261966002,0.7377326565143824,Лето,3,8,0.0034152430106209,147.5384980588249,road
,2025-08-22 21:58:12.390423336,Восточно-Сибирская,SYNTHETIC,2025,2024,233 days 19:16:51.482952660,336676.85804921103,62.37935299013043,0.7385786802030457,Лето,3,8,0.0034152430106209,147.5384980588249,road
,2025-08-23 02:12:59.231608092,Восточно-Сибирская,SYNTHETIC,2025,2024,233 days 23:31:38.324137416,336931.6387356236,254.7806864125887,0.739424703891709,Лето,3,8,0.0034152430106209,147.5384980588249,road
,2025-08-23 05:39:28.148241990,Восточно-Сибирская,SYNTHETIC,2025,2024,234 days 02:58:07.240771314,337138.1206795219,206.4819438982522,0.7402707275803723,Лето,3,8,0.0034152430106209,147.5384980588249,road
,2025-08-23 08:08:22.746585270,Восточно-Сибирская,SYNTHETIC,2025,2024,234 days 05:27:01.839114594,337287.0306519099,148.90997238800628,0.7411167512690355,Лето,3,8,0.0034152430106209,147.5384980588249,road
,2025-08-23 08:45:41.184743400,Восточно-Сибирская,SYNTHETIC,2025,2024,234 days 06:04:20.277272724,337324.3379545454,37.307302635512315,0.7419627749576988,Лето,3,8,0.0034152430106209,147.5384980588249,road
,2025-08-23 11:23:31.699669830,Восточно-Сибирская,SYNTHETIC,2025,2024,234 days 08:42:10.792199154,337482.1798699859,157.84191544051282,0.7428087986463621,Лето,3,8,0.0034152430106209,147.5384980588249,road
,2025-08-23 11:45:38.903790630,Восточно-Сибирская,SYNTHETIC,2025,2024,234 days 09:04:17.996319954,337504.2999386659,22.120068679971155,0.7436548223350253,Лето,3,8,0.0034152430106209,147.5384980588249,road
,2025-08-23 12:16:05.896408332,Восточно-Сибирская,SYNTHETIC,2025,2024,234 days 09:34:44.988937656,337534.74981562764,30.449876961763948,0.7445008460236887,Лето,3,8,0.0034152430106209,147.5384980588249,road
,2025-08-23 14:53:32.569133532,Восточно-Сибирская,SYNTHETIC,2025,2024,234 days 12:12:11.661662856,337692.1943610476,157.44454541994492,0.745346869712352,Лето,3,8,0.0034152430106209,147.5384980588249,road
,2025-08-23 16:40:14.324052300,Восточно-Сибирская,SYNTHETIC,2025,2024,234 days 13:58:53.416581624,337798.8902763604,106.6959153127973,0.7461928934010152,Лето,3,8,0.0034152430106209,147.5384980588249,road
,2025-08-24 05:20:48.874225242,Восточно-Сибирская,SYNTHETIC,2025,2024,235 days 02:39:27.966754566,338559.46611257613,760.5758362157503,0.7470389170896785,Лето,3,8,0.0034152430106209,147.5384980588249,road
,2025-08-24 07:38:45.887975346,Восточно-Сибирская,SYNTHETIC,2025,2024,235 days 04:57:24.980504670,338697.41634174454,137.9502291684039,0.7478849407783418,Лето,3,8,0.0034152430106209,147.5384980588249,road
,2025-08-24 14:34:01.797872994,Восточно-Сибирская,SYNTHETIC,2025,2024,235 days 11:52:40.890402318,339112.68150670535,415.26516496081604,0.748730964467005,Лето,3,8,0.0034152430106209,147.5384980588249,road
,2025-08-24 18:15:15.512905884,Восточно-Сибирская,SYNTHETIC,2025,2024,235 days 15:33:54.605435208,339333.9100905868,221.22858388145687,0.7495769881556683,Лето,3,8,0.0034152430106209,147.5384980588249,road
,2025-08-25 00:11:48.168430260,Восточно-Сибирская,SYNTHETIC,2025,2024,235 days 21:30:27.260959584,339690.4543493264,356.54425873956643,0.7504230118443317,Лето,3,8,0.0034152430106209,147.5384980588249,road
,2025-08-25 01:40:00.825578268,Восточно-Сибирская,SYNTHETIC,2025,2024,235 days 22:58:39.918107592,339778.6653017932,88.21095246681944,0.751269035532995,Лето,3,8,0.0034152430106209,147.5384980588249,road
,2025-08-25 15:33:14.489881962,Восточно-Сибирская,SYNTHETIC,2025,2024,236 days 12:51:53.582411286,340611.8930401882,833.227738394984,0.7521150592216582,Лето,3,8,0.0034152430106209,147.5384980588249,road
,2025-08-25 19:14:22.258371042,Восточно-Сибирская,SYNTHETIC,2025,2024,236 days 16:33:01.350900366,340833.02251500613,221.1294748179498,0.7529610829103215,Лето,3,8,0.0034152430106209,147.5384980588249,road
,2025-08-26 03:55:29.889652452,Восточно-Сибирская,SYNTHETIC,2025,2024,237 days 01:14:08.982181776,341354.1497030296,521.1271880234708,0.7538071065989848,Лето,3,8,0.0034152430106209,147.5384980588249,road
,2025-08-26 06:08:29.449048302,Восточно-Сибирская,SYNTHETIC,2025,2024,237 days 03:27:08.541577626,341487.14235962706,132.99265659746015,0.754653130287648,Лето,3,8,0.0034152430106209,147.5384980588249,road
,2025-08-26 06:39:24.579857772,Восточно-Сибирская,SYNTHETIC,2025,2024,237 days 03:58:03.672387096,341518.0612064516,30.918846824555658,0.7554991539763113,Лето,3,8,0.0034152430106209,147.5384980588249,road
,2025-08-26 12:07:20.610562926,Восточно-Сибирская,SYNTHETIC,2025,2024,237 days 09:25:59.703092250,341845.99505153747,327.9338450858486,0.7563451776649747,Лето,3,8,0.0034152430106209,147.5384980588249,road
,2025-08-26 12:09:37.466026002,Восточно-Сибирская,SYNTHETIC,2025,2024,237 days 09:28:16.558555326,341848.2759759221,2.280924384656828,0.7571912013536379,Лето,3,8,0.0034152430106209,147.5384980588249,road
,2025-08-26 15:18:27.527531214,Восточно-Сибирская,SYNTHETIC,2025,2024,237 days 12:37:06.620060538,342037.1103343423,188.8343584201648,0.7580372250423012,Лето,3,8,0.0034152430106209,147.5384980588249,road
,2025-08-26 16:21:10.413505626,Восточно-Сибирская,SYNTHETIC,2025,2024,237 days 13:39:49.506034950,342099.8251005825,62.714766240213066,0.7588832487309645,Лето,3,8,0.0034152430106209,147.5384980588249,road
,2025-08-26 21:10:13.555606776,Восточно-Сибирская,SYNTHETIC,2025,2024,237 days 18:28:52.648136100,342388.87746893504,289.0523683525389,0.7597292724196277,Лето,3,8,0.0034152430106209,147.5384980588249,road
,2025-08-27 16:07:18.792385128,Восточно-Сибирская,SYNTHETIC,2025,2024,238 days 13:25:57.884914452,343525.9647485742,1137.0872796391486,0.760575296108291,Лето,3,8,0.0034152430106209,147.5384980588249,road
,2025-08-27 19:10:07.963648098,Восточно-Сибирская,SYNTHETIC,2025,2024,238 days 16:28:47.056177422,343708.7842696237,182.81952104950324,0.7614213197969543,Лето,3,8,0.0034152430106209,147.5384980588249,road
,2025-08-28 03:28:11.556951966,Восточно-Сибирская,SYNTHETIC,2025,2024,239 days 00:46:50.649481290,344206.8441580215,498.0598883978091,0.7622673434856176,Лето,3,8,0.0034152430106209,147.5384980588249,road
,2025-08-28 06:55:44.632977072,Восточно-Сибирская,SYNTHETIC,2025,2024,239 days 04:14:23.725506396,344414.3954251066,207.55126708507305,0.7631133671742809,Лето,3,8,0.0034152430106209,147.5384980588249,road
,2025-08-28 10:16:16.485361302,Восточно-Сибирская,SYNTHETIC,2025,2024,239 days 07:34:55.577890626,344614.92629817704,200.530873070471,0.7639593908629442,Лето,3,8,0.0034152430106209,147.5384980588249,road
,2025-08-28 23:16:41.762028408,Восточно-Сибирская,SYNTHETIC,2025,2024,239 days 20:35:20.854557732,345395.3475759622,780.4212777851499,0.7648054145516074,Лето,3,8,0.0034152430106209,147.5384980588249,road
,2025-08-29 10:02:54.370659774,Восточно-Сибирская,SYNTHETIC,2025,2024,240 days 07:21:33.463189098,346041.55771981826,646.210143856064,0.7656514382402707,Лето,3,8,0.0034152430106209,147.5384980588249,road
,2025-08-29 17:34:04.431933744,Восточно-Сибирская,SYNTHETIC,2025,2024,240 days 14:52:43.524463068,346492.7254077178,451.1676878995495,0.766497461928934,Лето,3,8,0.0034152430106209,147.5384980588249,road
,2025-08-29 19:16:56.881865364,Восточно-Сибирская,SYNTHETIC,2025,2024,240 days 16:35:35.974394688,346595.59957324475,102.87416552694049,0.7673434856175972,Лето,3,8,0.0034152430106209,147.5384980588249,road
,2025-08-29 23:07:31.499557572,Восточно-Сибирская,SYNTHETIC,2025,2024,240 days 20:26:10.592086896,346826.1765347816,230.57696153683355,0.7681895093062606,Лето,3,8,0.0034152430106209,147.5384980588249,road
,2025-08-30 00:21:44.541443118,Восточно-Сибирская,SYNTHETIC,2025,2024,240 days 21:40:23.633972442,346900.39389954065,74.217364759068,0.7690355329949239,Лето,3,8,0.0034152430106209,147.5384980588249,road
,2025-08-30 03:13:34.270568778,Восточно-Сибирская,SYNTHETIC,2025,2024,241 days 00:32:13.363098102,347072.22271830175,171.82881876110332,0.7698815566835872,Лето,3,8,0.0034152430106209,147.5384980588249,road
,2025-08-30 06:27:25.563244380,Восточно-Сибирская,SYNTHETIC,2025,2024,241 days 03:46:04.655773704,347266.0775962284,193.85487792664208,0.7707275803722504,Лето,3,8,0.0034152430106209,147.5384980588249,road
,2025-08-30 15:09:06.134854614,Восточно-Сибирская,SYNTHETIC,2025,2024,241 days 12:27:45.227383938,347787.7537897323,521.6761935038958,0.7715736040609137,Лето,3,8,0.0034152430106209,147.5384980588249,road
,2025-08-31 02:11:54.382446582,Восточно-Сибирская,SYNTHETIC,2025,2024,241 days 23:30:33.474975906,348450.55791626504,662.8041265327483,0.772419627749577,Лето,3,8,0.0034152430106209,147.5384980588249,road
,2025-08-31 04:48:42.102627684,Восточно-Сибирская,SYNTHETIC,2025,2024,242 days 02:07:21.195157008,348607.35325261677,156.79533635172993,0.7732656514382402,Лето,3,8,0.0034152430106209,147.5384980588249,road
,2025-09-01 00:08:19.636269378,Восточно-Сибирская,SYNTHETIC,2025,2024,242 days 21:26:58.728798702,349766.9788133117,1159.6255606949562,0.7741116751269036,Осень,4,9,0.0021451257134627,92.66943082159074,road
,2025-09-01 15:30:49.234124712,Восточно-Сибирская,SYNTHETIC,2025,2024,243 days 12:49:28.326654036,350689.4721109006,922.4932975888951,0.7749576988155669,Осень,4,9,0.0021451257134627,92.66943082159074,road
,2025-09-01 17:00:05.506095894,Восточно-Сибирская,SYNTHETIC,2025,2024,243 days 14:18:44.598625218,350778.74331042025,89.27119951962959,0.7758037225042301,Осень,4,9,0.0021451257134627,92.66943082159074,road
,2025-09-02 00:33:28.075935876,Восточно-Сибирская,SYNTHETIC,2025,2024,243 days 21:52:07.168465200,351232.11947442003,453.3761639997829,0.7766497461928934,Осень,4,9,0.0021451257134627,92.66943082159074,road
,2025-09-02 00:45:15.390082428,Восточно-Сибирская,SYNTHETIC,2025,2024,243 days 22:03:54.482611752,351243.9080435292,11.78856910916511,0.7774957698815567,Осень,4,9,0.0021451257134627,92.66943082159074,road
,2025-09-02 04:43:00.383992140,Восточно-Сибирская,SYNTHETIC,2025,2024,244 days 02:01:39.476521464,351481.65794202435,237.7498984951526,0.7783417935702199,Осень,4,9,0.0021451257134627,92.66943082159074,road
,2025-09-03 13:51:38.325277284,Восточно-Сибирская,SYNTHETIC,2025,2024,245 days 11:10:17.417806608,353470.2902967768,1988.6323547524516,0.7791878172588832,Осень,4,9,0.0021451257134627,92.66943082159074,road
,2025-09-03 14:41:06.864044094,Восточно-Сибирская,SYNTHETIC,2025,2024,245 days 11:59:45.956573418,353519.76594289026,49.47564611345297,0.7800338409475466,Осень,4,9,0.0021451257134627,92.66943082159074,road
,2025-09-03 18:58:01.765868748,Восточно-Сибирская,SYNTHETIC,2025,2024,245 days 16:16:40.858398072,353776.68097330123,256.91503041097894,0.7808798646362098,Осень,4,9,0.0021451257134627,92.66943082159074,road
,2025-09-03 21:49:05.267329092,Восточно-Сибирская,SYNTHETIC,2025,2024,245 days 19:07:44.359858416,353947.7393309736,171.0583576723584,0.7817258883248731,Осень,4,9,0.0021451257134627,92.66943082159074,road
,2025-09-04 16:06:50.118541782,Восточно-Сибирская,SYNTHETIC,2025,2024,246 days 13:25:29.211071106,355045.48685118504,1097.7475202114438,0.7825719120135364,Осень,4,9,0.0021451257134627,92.66943082159074,road
,2025-09-05 07:55:34.266977309,Восточно-Сибирская,SYNTHETIC,2025,2024,247 days 05:14:13.359506633,355994.2226584439,948.7358072588686,0.7834179357021996,Осень,4,9,0.0021451257134627,92.66943082159074,road
,2025-09-05 10:02:05.807334078,Восточно-Сибирская,SYNTHETIC,2025,2024,247 days 07:20:44.899863402,356120.7483310567,126.52567261277,0.7842639593908629,Осень,4,9,0.0021451257134627,92.66943082159074,road
,2025-09-05 10:41:34.158487794,Восточно-Сибирская,SYNTHETIC,2025,2024,247 days 08:00:13.251017118,356160.2208502853,39.47251922864234,0.7851099830795262,Осень,4,9,0.0021451257134627,92.66943082159074,road
,2025-09-05 18:21:28.288332492,Восточно-Сибирская,SYNTHETIC,2025,2024,247 days 15:40:07.380861816,356620.1230143636,459.9021640782594,0.7859560067681896,Осень,4,9,0.0021451257134627,92.66943082159074,road
,2025-09-05 21:32:36.946886454,Восточно-Сибирская,SYNTHETIC,2025,2024,247 days 18:51:16.039415778,356811.2673235963,191.14430923270993,0.7868020304568528,Осень,4,9,0.0021451257134627,92.66943082159074,road
,2025-09-06 06:12:23.902088316,Восточно-Сибирская,SYNTHETIC,2025,2024,248 days 03:31:02.994617640,357331.049910294,519.7825866977219,0.7876480541455161,Осень,4,9,0.0021451257134627,92.66943082159074,road
,2025-09-06 06:27:37.048971042,Восточно-Сибирская,SYNTHETIC,2025,2024,248 days 03:46:16.141500366,357346.26902500616,15.21911471214844,0.7884940778341794,Осень,4,9,0.0021451257134627,92.66943082159074,road
,2025-09-06 07:34:21.762155616,Восточно-Сибирская,SYNTHETIC,2025,2024,248 days 04:53:00.854684940,357413.01424474904,66.74521974287927,0.7893401015228426,Осень,4,9,0.0021451257134627,92.66943082159074,road
,2025-09-06 16:34:54.783037158,Восточно-Сибирская,SYNTHETIC,2025,2024,248 days 13:53:33.875566482,357953.56459277467,540.5503480256302,0.7901861252115059,Осень,4,9,0.0021451257134627,92.66943082159074,road
,2025-09-06 18:26:12.088885566,Восточно-Сибирская,SYNTHETIC,2025,2024,248 days 15:44:51.181414890,358064.85302358144,111.28843080677325,0.7910321489001692,Осень,4,9,0.0021451257134627,92.66943082159074,road
,2025-09-07 09:34:47.180236290,Восточно-Сибирская,SYNTHETIC,2025,2024,249 days 06:53:26.272765614,358973.437879427,908.5848558455473,0.7918781725888325,Осень,4,9,0.0021451257134627,92.66943082159074,road
,2025-09-07 10:02:55.961555928,Восточно-Сибирская,SYNTHETIC,2025,2024,249 days 07:21:35.054085252,359001.5842347542,28.14635532721877,0.7927241962774958,Осень,4,9,0.0021451257134627,92.66943082159074,road
,2025-09-07 11:56:03.976050066,Восточно-Сибирская,SYNTHETIC,2025,2024,249 days 09:14:43.068579390,359114.7178096565,113.13357490231283,0.7935702199661591,Осень,4,9,0.0021451257134627,92.66943082159074,road
,2025-09-09 14:46:22.193536188,Восточно-Сибирская,SYNTHETIC,2025,2024,251 days 12:05:01.286065512,362165.0214344252,3050.303624768683,0.7944162436548223,Осень,4,9,0.0021451257134627,92.66943082159074,road
,2025-09-09 19:10:56.233936632,Восточно-Сибирская,SYNTHETIC,2025,2024,251 days 16:29:35.326465956,362429.5887744326,264.56734000740107,0.7952622673434856,Осень,4,9,0.0021451257134627,92.66943082159074,road
,2025-09-10 04:36:49.699552638,Восточно-Сибирская,SYNTHETIC,2025,2024,252 days 01:55:28.792081962,362995.4798680327,565.8910936000757,0.7961082910321489,Осень,4,9,0.0021451257134627,92.66943082159074,road
,2025-09-10 06:10:51.434476998,Восточно-Сибирская,SYNTHETIC,2025,2024,252 days 03:29:30.527006322,363089.50878343865,94.02891540597193,0.7969543147208121,Осень,4,9,0.0021451257134627,92.66943082159074,road
,2025-09-10 13:29:39.178728630,Восточно-Сибирская,SYNTHETIC,2025,2024,252 days 10:48:18.271257954,363528.30452096584,438.79573752719443,0.7978003384094755,Осень,4,9,0.0021451257134627,92.66943082159074,road
,2025-09-10 23:33:21.233694942,Восточно-Сибирская,SYNTHETIC,2025,2024,252 days 20:52:00.326224266,364132.0054370711,603.700916105241,0.7986463620981388,Осень,4,9,0.0021451257134627,92.66943082159074,road
,2025-09-11 02:29:22.088795748,Восточно-Сибирская,SYNTHETIC,2025,2024,252 days 23:48:01.181325072,364308.0196887512,176.01425168011338,0.799492385786802,Осень,4,9,0.0021451257134627,92.66943082159074,road
,2025-09-11 16:12:23.536456008,Восточно-Сибирская,SYNTHETIC,2025,2024,253 days 13:31:02.628985332,365131.04381642217,823.0241276709712,0.8003384094754653,Осень,4,9,0.0021451257134627,92.66943082159074,road
,2025-09-11 23:23:32.548635570,Восточно-Сибирская,SYNTHETIC,2025,2024,253 days 20:42:11.641164894,365562.1940194149,431.15020299272146,0.8011844331641286,Осень,4,9,0.0021451257134627,92.66943082159074,road
,2025-09-12 03:13:18.025040562,Восточно-Сибирская,SYNTHETIC,2025,2024,254 days 00:31:57.117569886,365791.9519594981,229.75794008321827,0.8020304568527918,Осень,4,9,0.0021451257134627,92.66943082159074,road
,2025-09-12 09:33:31.699429926,Восточно-Сибирская,SYNTHETIC,2025,2024,254 days 06:52:10.791959250,366172.17986598745,380.22790648933733,0.8028764805414551,Осень,4,9,0.0021451257134627,92.66943082159074,road
,2025-09-12 16:14:21.139939932,Восточно-Сибирская,SYNTHETIC,2025,2024,254 days 13:33:00.232469256,366573.0038744876,400.8240085001453,0.8037225042301185,Осень,4,9,0.0021451257134627,92.66943082159074,road
,2025-09-12 17:38:42.796541106,Восточно-Сибирская,SYNTHETIC,2025,2024,254 days 14:57:21.889070430,366657.3648178406,84.36094335297821,0.8045685279187818,Осень,4,9,0.0021451257134627,92.66943082159074,road
,2025-09-12 21:38:58.454452278,Восточно-Сибирская,SYNTHETIC,2025,2024,254 days 18:57:37.546981602,366897.6257830266,240.26096518605482,0.805414551607445,Осень,4,9,0.0021451257134627,92.66943082159074,road
,2025-09-13 00:55:06.348273018,Восточно-Сибирская,SYNTHETIC,2025,2024,254 days 22:13:45.440802342,367093.7573467057,196.13156367908232,0.8062605752961083,Осень,4,9,0.0021451257134627,92.66943082159074,road
,2025-09-13 04:53:56.453715396,Восточно-Сибирская,SYNTHETIC,2025,2024,255 days 02:12:35.546244720,367332.592437412,238.83509070629952,0.8071065989847716,Осень,4,9,0.0021451257134627,92.66943082159074,road
,2025-09-13 16:01:23.184920298,Восточно-Сибирская,SYNTHETIC,2025,2024,255 days 13:20:02.277449622,368000.03795749374,667.445520081732,0.8079526226734348,Осень,4,9,0.0021451257134627,92.66943082159074,road
,2025-09-13 21:08:30.635669382,Восточно-Сибирская,SYNTHETIC,2025,2024,255 days 18:27:09.728198706,368307.16213664506,307.12417915131664,0.8087986463620981,Осень,4,9,0.0021451257134627,92.66943082159074,road
,2025-09-14 19:02:30.598782798,Восточно-Сибирская,SYNTHETIC,2025,2024,256 days 16:21:09.691312122,369621.16152186866,1313.9993852236075,0.8096446700507615,Осень,4,9,0.0021451257134627,92.66943082159074,road
,2025-09-14 21:44:35.394107166,Восточно-Сибирская,SYNTHETIC,2025,2024,256 days 19:03:14.486636490,369783.2414439415,162.07992207282223,0.8104906937394247,Осень,4,9,0.0021451257134627,92.66943082159074,road
,2025-09-15 01:55:05.194462152,Восточно-Сибирская,SYNTHETIC,2025,2024,256 days 23:13:44.286991476,370033.7381165246,250.49667258310365,0.811336717428088,Осень,4,9,0.0021451257134627,92.66943082159074,road
,2025-09-15 13:55:54.697922550,Восточно-Сибирская,SYNTHETIC,2025,2024,257 days 11:14:33.790451874,370754.56317419786,720.825057673268,0.8121827411167513,Осень,4,9,0.0021451257134627,92.66943082159074,road
,2025-09-15 20:04:03.256586370,Восточно-Сибирская,SYNTHETIC,2025,2024,257 days 17:22:42.349115694,371122.70581859496,368.1426443970995,0.8130287648054145,Осень,4,9,0.0021451257134627,92.66943082159074,road
,2025-09-16 02:13:13.714730058,Восточно-Сибирская,SYNTHETIC,2025,2024,257 days 23:31:52.807259382,371491.88012098975,369.1743023947929,0.8138747884940778,Осень,4,9,0.0021451257134627,92.66943082159074,road
,2025-09-16 02:38:46.924199856,Восточно-Сибирская,SYNTHETIC,2025,2024,257 days 23:57:26.016729180,371517.433612153,25.553491163242143,0.8147208121827412,Осень,4,9,0.0021451257134627,92.66943082159074,road
,2025-09-16 06:35:49.711547262,Восточно-Сибирская,SYNTHETIC,2025,2024,258 days 03:54:28.804076586,371754.48006794305,237.04645579005592,0.8155668358714044,Осень,4,9,0.0021451257134627,92.66943082159074,road
,2025-09-16 09:03:00.420942876,Восточно-Сибирская,SYNTHETIC,2025,2024,258 days 06:21:39.513472200,371901.65855787,147.17848992696963,0.8164128595600677,Осень,4,9,0.0021451257134627,92.66943082159074,road
,2025-09-18 17:53:29.218133616,Восточно-Сибирская,SYNTHETIC,2025,2024,260 days 15:12:08.310662940,375312.138511049,3410.4799531789613,0.817258883248731,Осень,4,9,0.0021451257134627,92.66943082159074,road
,2025-09-18 20:45:21.412722090,Восточно-Сибирская,SYNTHETIC,2025,2024,260 days 18:04:00.505251414,375484.0084208569,171.86990980792325,0.8181049069373942,Осень,4,9,0.0021451257134627,92.66943082159074,road
,2025-09-19 13:31:34.230990204,Восточно-Сибирская,SYNTHETIC,2025,2024,261 days 10:50:13.323519528,376490.2220586588,1006.2136378018768,0.8189509306260575,Осень,4,9,0.0021451257134627,92.66943082159074,road
,2025-09-19 22:17:17.373312228,Восточно-Сибирская,SYNTHETIC,2025,2024,261 days 19:35:56.465841552,377015.9410973592,525.7190387003939,0.8197969543147208,Осень,4,9,0.0021451257134627,92.66943082159074,road
,2025-09-20 01:31:38.365625508,Восточно-Сибирская,SYNTHETIC,2025,2024,261 days 22:50:17.458154832,377210.2909692472,194.34987188800005,0.8206429780033841,Осень,4,9,0.0021451257134627,92.66943082159074,road
,2025-09-20 07:37:13.916128416,Восточно-Сибирская,SYNTHETIC,2025,2024,262 days 04:55:53.008657740,377575.883477629,365.5925083818147,0.8214890016920474,Осень,4,9,0.0021451257134627,92.66943082159074,road
,2025-09-20 21:53:05.769025434,Восточно-Сибирская,SYNTHETIC,2025,2024,262 days 19:11:44.861554758,378431.74769257935,855.8642149503576,0.8223350253807107,Осень,4,9,0.0021451257134627,92.66943082159074,road
,2025-09-21 14:34:46.698551592,Восточно-Сибирская,SYNTHETIC,2025,2024,263 days 11:53:25.791080916,379433.42985134857,1001.6821587692248,0.823181049069374,Осень,4,9,0.0021451257134627,92.66943082159074,road
,2025-09-21 15:56:16.548917892,Восточно-Сибирская,SYNTHETIC,2025,2024,263 days 13:14:55.641447216,379514.9273574536,81.49750610504998,0.8240270727580372,Осень,4,9,0.0021451257134627,92.66943082159074,road
,2025-09-21 19:09:40.593231078,Восточно-Сибирская,SYNTHETIC,2025,2024,263 days 16:28:19.685760402,379708.3280960067,193.40073855308583,0.8248730964467005,Осень,4,9,0.0021451257134627,92.66943082159074,road
,2025-09-21 22:20:01.012130640,Восточно-Сибирская,SYNTHETIC,2025,2024,263 days 19:38:40.104659964,379898.6684109994,190.3403149927035,0.8257191201353637,Осень,4,9,0.0021451257134627,92.66943082159074,road
,2025-09-21 22:40:02.459537586,Восточно-Сибирская,SYNTHETIC,2025,2024,263 days 19:58:41.552066910,379918.6925344485,20.024123449111357,0.8265651438240271,Осень,4,9,0.0021451257134627,92.66943082159074,road
,2025-09-22 05:45:08.511757152,Восточно-Сибирская,SYNTHETIC,2025,2024,264 days 03:03:47.604286476,380343.7934047746,425.1008703261032,0.8274111675126904,Осень,4,9,0.0021451257134627,92.66943082159074,road
,2025-09-22 20:44:45.244589856,Восточно-Сибирская,SYNTHETIC,2025,2024,264 days 18:03:24.337119180,381243.405618653,899.6122138783685,0.8282571912013537,Осень,4,9,0.0021451257134627,92.66943082159074,road
,2025-09-23 00:28:47.208276444,Восточно-Сибирская,SYNTHETIC,2025,2024,264 days 21:47:26.300805768,381467.43834676285,224.032728109858,0.8291032148900169,Осень,4,9,0.0021451257134627,92.66943082159074,road
,2025-09-23 10:56:49.248979464,Восточно-Сибирская,SYNTHETIC,2025,2024,265 days 08:15:28.341508788,382095.4723584798,628.0340117169544,0.8299492385786802,Осень,4,9,0.0021451257134627,92.66943082159074,road
,2025-09-23 18:37:25.570790454,Восточно-Сибирская,SYNTHETIC,2025,2024,265 days 15:56:04.663319778,382556.0777219963,460.60536351648625,0.8307952622673435,Осень,4,9,0.0021451257134627,92.66943082159074,road
,2025-09-23 22:17:00.802679640,Восточно-Сибирская,SYNTHETIC,2025,2024,265 days 19:35:39.895208964,382775.6649201494,219.58719815307995,0.8316412859560067,Осень,4,9,0.0021451257134627,92.66943082159074,road
,2025-09-23 23:27:53.867393982,Восточно-Сибирская,SYNTHETIC,2025,2024,265 days 20:46:32.959923306,382846.5493320551,70.88441190571757,0.8324873096446701,Осень,4,9,0.0021451257134627,92.66943082159074,road
,2025-09-24 09:03:52.556050476,Восточно-Сибирская,SYNTHETIC,2025,2024,266 days 06:22:31.648579800,383422.52747633,575.9781442749081,0.8333333333333334,Осень,4,9,0.0021451257134627,92.66943082159074,road
,2025-09-25 00:02:40.225942530,Восточно-Сибирская,SYNTHETIC,2025,2024,266 days 21:21:19.318471854,384321.32197453093,898.7944982009358,0.8341793570219966,Осень,4,9,0.0021451257134627,92.66943082159074,road
,2025-09-25 09:02:27.111050898,Восточно-Сибирская,SYNTHETIC,2025,2024,267 days 06:21:06.203580222,384861.1033930037,539.7814184727613,0.8350253807106599,Осень,4,9,0.0021451257134627,92.66943082159074,road
,2025-09-25 09:10:51.703434216,Восточно-Сибирская,SYNTHETIC,2025,2024,267 days 06:29:30.795963540,384869.513266059,8.409873055294156,0.8358714043993232,Осень,4,9,0.0021451257134627,92.66943082159074,road
,2025-09-25 11:04:26.502969894,Восточно-Сибирская,SYNTHETIC,2025,2024,267 days 08:23:05.595499218,384983.0932583203,113.57999226130778,0.8367174280879864,Осень,4,9,0.0021451257134627,92.66943082159074,road
,2025-09-25 11:38:00.698015340,Восточно-Сибирская,SYNTHETIC,2025,2024,267 days 08:56:39.790544664,385016.66317574435,33.569917424058076,0.8375634517766497,Осень,4,9,0.0021451257134627,92.66943082159074,road
,2025-09-25 18:11:51.994988070,Восточно-Сибирская,SYNTHETIC,2025,2024,267 days 15:30:31.087517394,385410.5181252899,393.8549495455227,0.8384094754653131,Осень,4,9,0.0021451257134627,92.66943082159074,road
,2025-09-26 05:10:21.474468624,Восточно-Сибирская,SYNTHETIC,2025,2024,268 days 02:29:00.566997948,386069.00944996584,658.4913246759679,0.8392554991539763,Осень,4,9,0.0021451257134627,92.66943082159074,road
,2025-09-26 06:04:59.178875922,Восточно-Сибирская,SYNTHETIC,2025,2024,268 days 03:23:38.271405246,386123.6378567542,54.62840678833891,0.8401015228426396,Осень,4,9,0.0021451257134627,92.66943082159074,road
,2025-09-26 20:14:28.119910272,Восточно-Сибирская,SYNTHETIC,2025,2024,268 days 17:33:07.212439596,386973.1202073266,849.4823505724198,0.8409475465313029,Осень,4,9,0.0021451257134627,92.66943082159074,road
,2025-09-27 02:32:27.222156126,Восточно-Сибирская,SYNTHETIC,2025,2024,268 days 23:51:06.314685450,387351.1052447575,377.98503743088804,0.8417935702199661,Осень,4,9,0.0021451257134627,92.66943082159074,road
,2025-09-27 11:38:22.869575274,Восточно-Сибирская,SYNTHETIC,2025,2024,269 days 08:57:01.962104598,387897.03270174336,545.927456985868,0.8426395939086294,Осень,4,9,0.0021451257134627,92.66943082159074,road
,2025-09-28 15:15:21.188350830,Восточно-Сибирская,SYNTHETIC,2025,2024,270 days 12:34:00.280880154,389554.0046813359,1656.9719795925193,0.8434856175972927,Осень,4,9,0.0021451257134627,92.66943082159074,road
,2025-09-28 15:56:05.540445024,Восточно-Сибирская,SYNTHETIC,2025,2024,270 days 13:14:44.632974348,389594.7438829058,40.73920156992972,0.8443316412859561,Осень,4,9,0.0021451257134627,92.66943082159074,road
,2025-09-29 09:55:14.217041838,Восточно-Сибирская,SYNTHETIC,2025,2024,271 days 07:13:53.309571162,390673.8884928526,1079.1446099468158,0.8451776649746193,Осень,4,9,0.0021451257134627,92.66943082159074,road
,2025-09-29 10:58:04.413180396,Восточно-Сибирская,SYNTHETIC,2025,2024,271 days 08:16:43.505709720,390736.725095162,62.83660230936948,0.8460236886632826,Осень,4,9,0.0021451257134627,92.66943082159074,road
,2025-09-29 14:50:46.073979072,Восточно-Сибирская,SYNTHETIC,2025,2024,271 days 12:09:25.166508396,390969.41944180656,232.6943466445664,0.8468697123519459,Осень,4,9,0.0021451257134627,92.66943082159074,road
,2025-09-30 05:39:38.824818990,Восточно-Сибирская,SYNTHETIC,2025,2024,272 days 02:58:17.917348314,391858.29862247186,888.8791806653026,0.8477157360406091,Осень,4,9,0.0021451257134627,92.66943082159074,road
,2025-10-01 01:00:23.622194766,Восточно-Сибирская,SYNTHETIC,2025,2024,272 days 22:19:02.714724090,393019.04524540144,1160.7466229295824,0.8485617597292724,Осень,4,10,0.0021451257134627,92.66943082159074,road
,2025-10-01 13:54:45.124467540,Восточно-Сибирская,SYNTHETIC,2025,2024,273 days 11:13:24.216996864,393793.4036166144,774.3583712129621,0.8494077834179357,Осень,4,10,0.0021451257134627,92.66943082159074,road
,2025-10-01 19:00:44.429431716,Восточно-Сибирская,SYNTHETIC,2025,2024,273 days 16:19:23.521961040,394099.392032684,305.9884160695947,0.850253807106599,Осень,4,10,0.0021451257134627,92.66943082159074,road
,2025-10-01 23:39:57.885140826,Восточно-Сибирская,SYNTHETIC,2025,2024,273 days 20:58:36.977670150,394378.6162945025,279.2242618185119,0.8510998307952623,Осень,4,10,0.0021451257134627,92.66943082159074,road
,2025-10-02 03:57:02.815855986,Восточно-Сибирская,SYNTHETIC,2025,2024,274 days 01:15:41.908385310,394635.6984730885,257.082178585988,0.8519458544839256,Осень,4,10,0.0021451257134627,92.66943082159074,road
,2025-10-02 09:28:50.521034604,Восточно-Сибирская,SYNTHETIC,2025,2024,274 days 06:47:29.613563928,394967.4935593988,331.7950863103033,0.8527918781725888,Осень,4,10,0.0021451257134627,92.66943082159074,road
,2025-10-03 08:01:22.175248152,Восточно-Сибирская,SYNTHETIC,2025,2024,275 days 05:20:01.267777476,396320.0211296246,1352.5275702258223,0.8536379018612521,Осень,4,10,0.0021451257134627,92.66943082159074,road
,2025-10-03 14:11:45.321068754,Восточно-Сибирская,SYNTHETIC,2025,2024,275 days 11:30:24.413598078,396690.40689330135,370.38576367672067,0.8544839255499154,Осень,4,10,0.0021451257134627,92.66943082159074,road
,2025-10-04 13:58:53.651949588,Восточно-Сибирская,SYNTHETIC,2025,2024,276 days 11:17:32.744478912,398117.5457413152,1427.1388480138266,0.8553299492385786,Осень,4,10,0.0021451257134627,92.66943082159074,road
,2025-10-04 15:31:34.300015344,Восточно-Сибирская,SYNTHETIC,2025,2024,276 days 12:50:13.392544668,398210.2232090778,92.67746776260901,0.856175972927242,Осень,4,10,0.0021451257134627,92.66943082159074,road
,2025-10-05 01:31:55.887100452,Восточно-Сибирская,SYNTHETIC,2025,2024,276 days 22:50:34.979629776,398810.5829938296,600.3597847518395,0.8570219966159053,Осень,4,10,0.0021451257134627,92.66943082159074,road
,2025-10-05 14:31:38.831137698,Восточно-Сибирская,SYNTHETIC,2025,2024,277 days 11:50:17.923667022,399590.2987277837,779.7157339541009,0.8578680203045685,Осень,4,10,0.0021451257134627,92.66943082159074,road
,2025-10-05 23:21:33.207746970,Восточно-Сибирская,SYNTHETIC,2025,2024,277 days 20:40:12.300276294,400120.2050046049,529.9062768211588,0.8587140439932318,Осень,4,10,0.0021451257134627,92.66943082159074,road
,2025-10-06 06:36:50.500190028,Восточно-Сибирская,SYNTHETIC,2025,2024,278 days 03:55:29.592719352,400555.49321198923,435.28820738435024,0.8595600676818951,Осень,4,10,0.0021451257134627,92.66943082159074,road
,2025-10-06 13:04:41.274866442,Восточно-Сибирская,SYNTHETIC,2025,2024,278 days 10:23:20.367395766,400943.3394565962,387.84624460694613,0.8604060913705583,Осень,4,10,0.0021451257134627,92.66943082159074,road
,2025-10-07 04:24:20.735906646,Восточно-Сибирская,SYNTHETIC,2025,2024,279 days 01:42:59.828435970,401862.9971405995,919.657684003294,0.8612521150592216,Осень,4,10,0.0021451257134627,92.66943082159074,road
,2025-10-07 17:48:01.358418480,Восточно-Сибирская,SYNTHETIC,2025,2024,279 days 15:06:40.450947804,402666.6741824634,803.6770418639062,0.862098138747885,Осень,4,10,0.0021451257134627,92.66943082159074,road
,2025-10-07 18:48:49.748204352,Восточно-Сибирская,SYNTHETIC,2025,2024,279 days 16:07:28.840733676,402727.4806788946,60.806496431236155,0.8629441624365483,Осень,4,10,0.0021451257134627,92.66943082159074,road
,2025-10-08 09:28:50.805146574,Восточно-Сибирская,SYNTHETIC,2025,2024,280 days 06:47:29.897675898,403607.49829459825,880.017615703633,0.8637901861252115,Осень,4,10,0.0021451257134627,92.66943082159074,road
,2025-10-08 13:38:02.448985290,Восточно-Сибирская,SYNTHETIC,2025,2024,280 days 10:56:41.541514614,403856.6923585769,249.19406397867715,0.8646362098138748,Осень,4,10,0.0021451257134627,92.66943082159074,road
,2025-10-08 15:54:27.238307154,Восточно-Сибирская,SYNTHETIC,2025,2024,280 days 13:13:06.330836478,403993.1055139413,136.41315536439652,0.8654822335025381,Осень,4,10,0.0021451257134627,92.66943082159074,road
,2025-10-09 07:44:43.257996252,Восточно-Сибирская,SYNTHETIC,2025,2024,281 days 05:03:22.350525576,404943.3725087596,950.2669948182884,0.8663282571912013,Осень,4,10,0.0021451257134627,92.66943082159074,road
,2025-10-09 12:08:25.478176380,Восточно-Сибирская,SYNTHETIC,2025,2024,281 days 09:27:04.570705704,405207.0761784284,263.70366966881556,0.8671742808798646,Осень,4,10,0.0021451257134627,92.66943082159074,road
,2025-10-10 00:58:37.067477388,Восточно-Сибирская,SYNTHETIC,2025,2024,281 days 22:17:16.160006712,405977.26933344523,770.1931550168083,0.868020304568528,Осень,4,10,0.0021451257134627,92.66943082159074,road
,2025-10-10 03:21:08.039850222,Восточно-Сибирская,SYNTHETIC,2025,2024,282 days 00:39:47.132379546,406119.78553965903,142.51620621379698,0.8688663282571912,Осень,4,10,0.0021451257134627,92.66943082159074,road
,2025-10-10 03:22:58.160990340,Восточно-Сибирская,SYNTHETIC,2025,2024,282 days 00:41:37.253519664,406121.62089199445,1.8353523354162462,0.8697123519458545,Осень,4,10,0.0021451257134627,92.66943082159074,road
,2025-10-10 08:41:52.887275556,Восточно-Сибирская,SYNTHETIC,2025,2024,282 days 06:00:31.979804880,406440.532996748,318.91210475354455,0.8705583756345178,Осень,4,10,0.0021451257134627,92.66943082159074,road
,2025-10-10 09:31:06.956558874,Восточно-Сибирская,SYNTHETIC,2025,2024,282 days 06:49:46.049088198,406489.76748480333,49.23448805534281,0.871404399323181,Осень,4,10,0.0021451257134627,92.66943082159074,road
,2025-10-10 20:25:36.072892692,Восточно-Сибирская,SYNTHETIC,2025,2024,282 days 17:44:15.165422016,407144.25275703357,654.4852722302312,0.8722504230118443,Осень,4,10,0.0021451257134627,92.66943082159074,road
,2025-10-10 22:56:12.401226894,Восточно-Сибирская,SYNTHETIC,2025,2024,282 days 20:14:51.493756218,407294.85822927026,150.6054722366971,0.8730964467005076,Осень,4,10,0.0021451257134627,92.66943082159074,road
,2025-10-11 03:29:32.834762472,Восточно-Сибирская,SYNTHETIC,2025,2024,283 days 00:48:11.927291796,407568.1987881966,273.34055892634206,0.873942470389171,Осень,4,10,0.0021451257134627,92.66943082159074,road
,2025-10-11 04:11:59.711022702,Восточно-Сибирская,SYNTHETIC,2025,2024,283 days 01:30:38.803552026,407610.64672586706,42.44793767045485,0.8747884940778342,Осень,4,10,0.0021451257134627,92.66943082159074,road
,2025-10-11 06:49:27.998128548,Восточно-Сибирская,SYNTHETIC,2025,2024,283 days 04:08:07.090657872,407768.1181776312,157.4714517641114,0.8756345177664975,Осень,4,10,0.0021451257134627,92.66943082159074,road
,2025-10-11 18:38:28.850702904,Восточно-Сибирская,SYNTHETIC,2025,2024,283 days 15:57:07.943232228,408477.1323872038,709.0142095726333,0.8764805414551607,Осень,4,10,0.0021451257134627,92.66943082159074,road
,2025-10-11 19:55:06.869567256,Восточно-Сибирская,SYNTHETIC,2025,2024,283 days 17:13:45.962096580,408553.766034943,76.63364773918875,0.877326565143824,Осень,4,10,0.0021451257134627,92.66943082159074,road
,2025-10-12 04:00:44.723788782,Восточно-Сибирская,SYNTHETIC,2025,2024,284 days 01:19:23.816318106,409039.39693863504,485.6309036920429,0.8781725888324873,Осень,4,10,0.0021451257134627,92.66943082159074,road
,2025-10-12 23:23:24.513242844,Восточно-Сибирская,SYNTHETIC,2025,2024,284 days 20:42:03.605772168,410202.06009620277,1162.663157567731,0.8790186125211505,Осень,4,10,0.0021451257134627,92.66943082159074,road
,2025-10-13 08:14:20.668255668,Восточно-Сибирская,SYNTHETIC,2025,2024,285 days 05:32:59.760784992,410732.9960130832,530.9359168804367,0.8798646362098139,Осень,4,10,0.0021451257134627,92.66943082159074,road
,2025-10-13 21:11:02.776977162,Восточно-Сибирская,SYNTHETIC,2025,2024,285 days 18:29:41.869506486,411509.69782510813,776.7018120249268,0.8807106598984772,Осень,4,10,0.0021451257134627,92.66943082159074,road
,2025-10-13 22:04:49.972750848,Восточно-Сибирская,SYNTHETIC,2025,2024,285 days 19:23:29.065280172,411563.4844213362,53.78659622807754,0.8815566835871405,Осень,4,10,0.0021451257134627,92.66943082159074,road
,2025-10-14 00:19:23.858071818,Восточно-Сибирская,SYNTHETIC,2025,2024,285 days 21:38:02.950601142,411698.04917668574,134.56475534953643,0.8824027072758037,Осень,4,10,0.0021451257134627,92.66943082159074,road
,2025-10-14 17:48:00.804546126,Восточно-Сибирская,SYNTHETIC,2025,2024,286 days 15:06:39.897075450,412746.66495125747,1048.615774571721,0.883248730964467,Осень,4,10,0.0021451257134627,92.66943082159074,road
,2025-10-15 03:33:21.452262330,Восточно-Сибирская,SYNTHETIC,2025,2024,287 days 00:52:00.544791654,413332.00907986093,585.3441286034649,0.8840947546531303,Осень,4,10,0.0021451257134627,92.66943082159074,road
,2025-10-15 11:29:02.790534678,Восточно-Сибирская,SYNTHETIC,2025,2024,287 days 08:47:41.883064002,413807.6980510667,475.68897120578913,0.8849407783417935,Осень,4,10,0.0021451257134627,92.66943082159074,road
,2025-10-15 19:57:09.119106948,Восточно-Сибирская,SYNTHETIC,2025,2024,287 days 17:15:48.211636272,414315.8035272712,508.1054762044805,0.8857868020304569,Осень,4,10,0.0021451257134627,92.66943082159074,road
,2025-10-16 00:06:27.061780464,Восточно-Сибирская,SYNTHETIC,2025,2024,287 days 21:25:06.154309788,414565.1025718298,249.29904455860378,0.8866328257191202,Осень,4,10,0.0021451257134627,92.66943082159074,road
,2025-10-16 00:27:41.946115620,Восточно-Сибирская,SYNTHETIC,2025,2024,287 days 21:46:21.038644944,414586.3506440824,21.248072252608836,0.8874788494077834,Осень,4,10,0.0021451257134627,92.66943082159074,road
,2025-10-16 12:23:03.154791660,Восточно-Сибирская,SYNTHETIC,2025,2024,288 days 09:41:42.247320984,415301.7041220164,715.353477933968,0.8883248730964467,Осень,4,10,0.0021451257134627,92.66943082159074,road
,2025-10-16 21:12:21.327351846,Восточно-Сибирская,SYNTHETIC,2025,2024,288 days 18:31:00.419881170,415831.00699801947,529.3028760030866,0.88917089678511,Осень,4,10,0.0021451257134627,92.66943082159074,road
,2025-10-17 02:10:47.516049330,Восточно-Сибирская,SYNTHETIC,2025,2024,288 days 23:29:26.608578654,416129.44347631093,298.4364782914636,0.8900169204737732,Осень,4,10,0.0021451257134627,92.66943082159074,road
,2025-10-17 20:03:04.560266112,Восточно-Сибирская,SYNTHETIC,2025,2024,289 days 17:21:43.652795436,417201.7275465906,1072.284070279682,0.8908629441624365,Осень,4,10,0.0021451257134627,92.66943082159074,road
,2025-10-17 23:14:04.409406822,Восточно-Сибирская,SYNTHETIC,2025,2024,289 days 20:32:43.501936146,417392.7250322691,190.99748567846837,0.8917089678510999,Осень,4,10,0.0021451257134627,92.66943082159074,road
,2025-10-18 01:56:34.771491888,Восточно-Сибирская,SYNTHETIC,2025,2024,289 days 23:15:13.864021212,417555.2310670202,162.50603475113166,0.8925549915397631,Осень,4,10,0.0021451257134627,92.66943082159074,road
,2025-10-18 17:57:48.754643580,Восточно-Сибирская,SYNTHETIC,2025,2024,290 days 15:16:27.847172904,418516.4641195484,961.2330525281723,0.8934010152284264,Осень,4,10,0.0021451257134627,92.66943082159074,road
,2025-10-19 06:21:07.217413032,Восточно-Сибирская,SYNTHETIC,2025,2024,291 days 03:39:46.309942356,419259.77183237264,743.3077128242585,0.8942470389170897,Осень,4,10,0.0021451257134627,92.66943082159074,road
,2025-10-19 11:58:25.605033138,Восточно-Сибирская,SYNTHETIC,2025,2024,291 days 09:17:04.697562462,419597.07829270774,337.306460335094,0.8950930626057529,Осень,4,10,0.0021451257134627,92.66943082159074,road
,2025-10-19 13:03:44.450946402,Восточно-Сибирская,SYNTHETIC,2025,2024,291 days 10:22:23.543475726,419662.39239126217,65.31409855443053,0.8959390862944162,Осень,4,10,0.0021451257134627,92.66943082159074,road
,2025-10-19 14:56:37.833325176,Восточно-Сибирская,SYNTHETIC,2025,2024,291 days 12:15:16.925854500,419775.282097575,112.88970631285338,0.8967851099830795,Осень,4,10,0.0021451257134627,92.66943082159074,road
,2025-10-19 23:14:23.959980078,Восточно-Сибирская,SYNTHETIC,2025,2024,291 days 20:33:03.052509402,420273.0508751567,497.7687775816885,0.8976311336717429,Осень,4,10,0.0021451257134627,92.66943082159074,road
,2025-10-20 03:01:03.164831472,Восточно-Сибирская,SYNTHETIC,2025,2024,292 days 00:19:42.257360796,420499.70428934664,226.65341418993194,0.8984771573604061,Осень,4,10,0.0021451257134627,92.66943082159074,road
,2025-10-20 17:05:11.338746192,Восточно-Сибирская,SYNTHETIC,2025,2024,292 days 14:23:50.431275516,421343.8405212586,844.1362319119507,0.8993231810490694,Осень,4,10,0.0021451257134627,92.66943082159074,road
,2025-10-21 16:21:17.978043606,Восточно-Сибирская,SYNTHETIC,2025,2024,293 days 13:39:57.070572930,422739.9511762155,1396.110654956894,0.9001692047377327,Осень,4,10,0.0021451257134627,92.66943082159074,road
,2025-10-22 05:04:54.239707356,Восточно-Сибирская,SYNTHETIC,2025,2024,294 days 02:23:33.332236680,423503.555537278,763.6043610625202,0.9010152284263959,Осень,4,10,0.0021451257134627,92.66943082159074,road
,2025-10-22 08:45:54.570857124,Восточно-Сибирская,SYNTHETIC,2025,2024,294 days 06:04:33.663386448,423724.5610564408,221.00551916280529,0.9018612521150592,Осень,4,10,0.0021451257134627,92.66943082159074,road
,2025-10-22 20:50:32.082358019,Восточно-Сибирская,SYNTHETIC,2025,2024,294 days 18:09:11.174887343,424449.1862481224,724.6251916816109,0.9027072758037225,Осень,4,10,0.0021451257134627,92.66943082159074,road
,2025-10-23 00:12:23.354043642,Восточно-Сибирская,SYNTHETIC,2025,2024,294 days 21:31:02.446572966,424651.04077621613,201.85452809371054,0.9035532994923858,Осень,4,10,0.0021451257134627,92.66943082159074,road
,2025-10-23 01:37:37.510186572,Восточно-Сибирская,SYNTHETIC,2025,2024,294 days 22:56:16.602715896,424736.27671193157,85.23593571543461,0.9043993231810491,Осень,4,10,0.0021451257134627,92.66943082159074,road
,2025-10-23 01:53:27.482193774,Восточно-Сибирская,SYNTHETIC,2025,2024,294 days 23:12:06.574723098,424752.10957871826,15.8328667866881,0.9052453468697124,Осень,4,10,0.0021451257134627,92.66943082159074,road
,2025-10-23 05:40:37.426797342,Восточно-Сибирская,SYNTHETIC,2025,2024,295 days 02:59:16.519326666,424979.2753221111,227.16574339283397,0.9060913705583756,Осень,4,10,0.0021451257134627,92.66943082159074,road
,2025-10-23 23:50:55.327229628,Восточно-Сибирская,SYNTHETIC,2025,2024,295 days 21:09:34.419758952,426069.5736626492,1090.2983405381092,0.9069373942470389,Осень,4,10,0.0021451257134627,92.66943082159074,road
,2025-10-24 01:58:14.160564066,Восточно-Сибирская,SYNTHETIC,2025,2024,295 days 23:16:53.253093390,426196.8875515565,127.31388890731614,0.9077834179357022,Осень,4,10,0.0021451257134627,92.66943082159074,road
,2025-10-24 03:46:04.224169158,Восточно-Сибирская,SYNTHETIC,2025,2024,296 days 01:04:43.316698482,426304.7219449747,107.8343934181612,0.9086294416243654,Осень,4,10,0.0021451257134627,92.66943082159074,road
,2025-10-25 06:57:57.418419768,Восточно-Сибирская,SYNTHETIC,2025,2024,297 days 04:16:36.510949092,427936.60851581825,1631.886570843577,0.9094754653130288,Осень,4,10,0.0021451257134627,92.66943082159074,road
,2025-10-25 07:09:45.685337904,Восточно-Сибирская,SYNTHETIC,2025,2024,297 days 04:28:24.777867228,427948.4129644538,11.804448635550216,0.9103214890016921,Осень,4,10,0.0021451257134627,92.66943082159074,road
,2025-10-25 19:08:01.391569260,Восточно-Сибирская,SYNTHETIC,2025,2024,297 days 16:26:40.484098584,428666.6747349764,718.2617705225712,0.9111675126903553,Осень,4,10,0.0021451257134627,92.66943082159074,road
,2025-10-25 22:08:44.928186984,Восточно-Сибирская,SYNTHETIC,2025,2024,297 days 19:27:24.020716308,428847.4003452718,180.72561029542703,0.9120135363790186,Осень,4,10,0.0021451257134627,92.66943082159074,road
,2025-10-25 22:26:33.640392953,Восточно-Сибирская,SYNTHETIC,2025,2024,297 days 19:45:12.732922277,428865.21221537126,17.81187009945279,0.9128595600676819,Осень,4,10,0.0021451257134627,92.66943082159074,road
,2025-10-26 17:51:21.317311164,Восточно-Сибирская,SYNTHETIC,2025,2024,298 days 15:10:00.409840488,430030.00683067477,1164.7946153035155,0.9137055837563451,Осень,4,10,0.0021451257134627,92.66943082159074,road
,2025-10-26 19:01:28.261831362,Восточно-Сибирская,SYNTHETIC,2025,2024,298 days 16:20:07.354360686,430100.12257267814,70.11574200337054,0.9145516074450084,Осень,4,10,0.0021451257134627,92.66943082159074,road
,2025-10-27 01:15:33.645594132,Восточно-Сибирская,SYNTHETIC,2025,2024,298 days 22:34:12.738123456,430474.2123020576,374.0897293794551,0.9153976311336718,Осень,4,10,0.0021451257134627,92.66943082159074,road
,2025-10-27 03:44:51.999805704,Восточно-Сибирская,SYNTHETIC,2025,2024,299 days 01:03:31.092335028,430623.5182055838,149.30590352619765,0.916243654822335,Осень,4,10,0.0021451257134627,92.66943082159074,road
,2025-10-27 04:16:17.622902160,Восточно-Сибирская,SYNTHETIC,2025,2024,299 days 01:34:56.715431484,430654.94525719143,31.427051607635804,0.9170896785109983,Осень,4,10,0.0021451257134627,92.66943082159074,road
,2025-10-27 04:40:10.034159634,Восточно-Сибирская,SYNTHETIC,2025,2024,299 days 01:58:49.126688958,430678.8187781494,23.87352095794631,0.9179357021996616,Осень,4,10,0.0021451257134627,92.66943082159074,road
,2025-10-27 05:37:24.710347542,Восточно-Сибирская,SYNTHETIC,2025,2024,299 days 02:56:03.802876866,430736.06338128104,57.24460313166492,0.9187817258883249,Осень,4,10,0.0021451257134627,92.66943082159074,road
,2025-10-27 06:11:55.684961808,Восточно-Сибирская,SYNTHETIC,2025,2024,299 days 03:30:34.777491132,430770.5796248522,34.51624357118271,0.9196277495769881,Осень,4,10,0.0021451257134627,92.66943082159074,road
,2025-10-27 17:18:17.804502858,Восточно-Сибирская,SYNTHETIC,2025,2024,299 days 14:36:56.897032182,431436.9482838697,666.3686590174912,0.9204737732656514,Осень,4,10,0.0021451257134627,92.66943082159074,road
,2025-10-27 22:28:09.397551150,Восточно-Сибирская,SYNTHETIC,2025,2024,299 days 19:46:48.490080474,431746.8081680079,309.85988413816085,0.9213197969543148,Осень,4,10,0.0021451257134627,92.66943082159074,road
,2025-10-28 01:43:54.360379956,Восточно-Сибирская,SYNTHETIC,2025,2024,299 days 23:02:33.452909280,431942.55754848797,195.74938048009062,0.922165820642978,Осень,4,10,0.0021451257134627,92.66943082159074,road
,2025-10-28 05:56:32.042609034,Восточно-Сибирская,SYNTHETIC,2025,2024,300 days 03:15:11.135138358,432195.1855856393,252.6280371513567,0.9230118443316413,Осень,4,10,0.0021451257134627,92.66943082159074,road
,2025-10-29 02:29:14.854114332,Восточно-Сибирская,SYNTHETIC,2025,2024,300 days 23:47:53.946643656,433427.8991107276,1232.7135250882711,0.9238578680203046,Осень,4,10,0.0021451257134627,92.66943082159074,road
,2025-10-29 21:15:40.660041384,Восточно-Сибирская,SYNTHETIC,2025,2024,301 days 18:34:19.752570708,434554.3292095118,1126.4300987842144,0.9247038917089678,Осень,4,10,0.0021451257134627,92.66943082159074,road
,2025-10-30 07:01:57.410572344,Восточно-Сибирская,SYNTHETIC,2025,2024,302 days 04:20:36.503101668,435140.6083850278,586.2791755159851,0.9255499153976311,Осень,4,10,0.0021451257134627,92.66943082159074,road
,2025-10-30 23:48:55.268847060,Восточно-Сибирская,SYNTHETIC,2025,2024,302 days 21:07:34.361376384,436147.5726896064,1006.964304578607,0.9263959390862944,Осень,4,10,0.0021451257134627,92.66943082159074,road
,2025-11-01 02:59:32.655583344,Восточно-Сибирская,SYNTHETIC,2025,2024,304 days 00:18:11.748112668,437778.19580187777,1630.6231122713652,0.9272419627749577,Осень,4,11,0.0021451257134627,92.66943082159074,road
,2025-11-01 06:43:13.593182178,Восточно-Сибирская,SYNTHETIC,2025,2024,304 days 04:01:52.685711502,438001.8780951917,223.68229331396287,0.928087986463621,Осень,4,11,0.0021451257134627,92.66943082159074,road
,2025-11-01 14:06:38.258965728,Восточно-Сибирская,SYNTHETIC,2025,2024,304 days 11:25:17.351495052,438445.2891915842,443.41109639249044,0.9289340101522843,Осень,4,11,0.0021451257134627,92.66943082159074,road
,2025-11-01 21:42:10.134285150,Восточно-Сибирская,SYNTHETIC,2025,2024,304 days 19:00:49.226814474,438900.82044690783,455.53125532361446,0.9297800338409475,Осень,4,11,0.0021451257134627,92.66943082159074,road
,2025-11-02 02:48:32.294466966,Восточно-Сибирская,SYNTHETIC,2025,2024,305 days 00:07:11.386996290,439207.18978327146,306.36933636362664,0.9306260575296108,Осень,4,11,0.0021451257134627,92.66943082159074,road
,2025-11-02 06:47:10.969669578,Восточно-Сибирская,SYNTHETIC,2025,2024,305 days 04:05:50.062198902,439445.8343699817,238.64458671025932,0.9314720812182741,Осень,4,11,0.0021451257134627,92.66943082159074,road
,2025-11-03 16:03:10.692328848,Восточно-Сибирская,SYNTHETIC,2025,2024,306 days 13:21:49.784858172,441441.82974763616,1995.9953776544426,0.9323181049069373,Осень,4,11,0.0021451257134627,92.66943082159074,road
,2025-11-04 05:25:29.419574070,Восточно-Сибирская,SYNTHETIC,2025,2024,307 days 02:44:08.512103394,442244.1418683899,802.3121207537479,0.9331641285956007,Осень,4,11,0.0021451257134627,92.66943082159074,road
,2025-11-04 09:51:37.560654504,Восточно-Сибирская,SYNTHETIC,2025,2024,307 days 07:10:16.653183828,442510.2775530638,266.13568467390724,0.934010152284264,Осень,4,11,0.0021451257134627,92.66943082159074,road
,2025-11-04 19:57:21.036334542,Восточно-Сибирская,SYNTHETIC,2025,2024,307 days 17:16:00.128863866,443116.0021477311,605.7245946672629,0.9348561759729273,Осень,4,11,0.0021451257134627,92.66943082159074,road
,2025-11-04 22:23:46.829246712,Восточно-Сибирская,SYNTHETIC,2025,2024,307 days 19:42:25.921776036,443262.4320296006,146.42988186952425,0.9357021996615905,Осень,4,11,0.0021451257134627,92.66943082159074,road
,2025-11-04 23:12:59.066673912,Восточно-Сибирская,SYNTHETIC,2025,2024,307 days 20:31:38.159203236,443311.63598672056,49.20395711995661,0.9365482233502538,Осень,4,11,0.0021451257134627,92.66943082159074,road
,2025-11-05 02:35:33.038744970,Восточно-Сибирская,SYNTHETIC,2025,2024,307 days 23:54:12.131274294,443514.202187905,202.5662011844106,0.937394247038917,Осень,4,11,0.0021451257134627,92.66943082159074,road
,2025-11-05 06:35:59.958411018,Восточно-Сибирская,SYNTHETIC,2025,2024,308 days 03:54:39.050940342,443754.65084900573,240.44866110075964,0.9382402707275804,Осень,4,11,0.0021451257134627,92.66943082159074,road
,2025-11-05 06:43:46.375530168,Восточно-Сибирская,SYNTHETIC,2025,2024,308 days 04:02:25.468059492,443762.4244676582,7.773618652485311,0.9390862944162437,Осень,4,11,0.0021451257134627,92.66943082159074,road
,2025-11-05 19:49:52.164259710,Восточно-Сибирская,SYNTHETIC,2025,2024,308 days 17:08:31.256789034,444548.5209464839,786.0964788256679,0.939932318104907,Осень,4,11,0.0021451257134627,92.66943082159074,road
,2025-11-05 23:17:19.758857760,Восточно-Сибирская,SYNTHETIC,2025,2024,308 days 20:35:58.851387084,444755.9808564514,207.45990996749606,0.9407783417935702,Осень,4,11,0.0021451257134627,92.66943082159074,road
,2025-11-06 06:02:11.949036702,Восточно-Сибирская,SYNTHETIC,2025,2024,309 days 03:20:51.041566026,445160.85069276707,404.8698363156873,0.9416243654822335,Осень,4,11,0.0021451257134627,92.66943082159074,road
,2025-11-06 06:38:01.229801280,Восточно-Сибирская,SYNTHETIC,2025,2024,309 days 03:56:40.322330604,445196.67203884345,35.821346076379996,0.9424703891708968,Осень,4,11,0.0021451257134627,92.66943082159074,road
,2025-11-06 08:07:41.838895902,Восточно-Сибирская,SYNTHETIC,2025,2024,309 days 05:26:20.931425226,445286.3488570871,89.67681824363535,0.94331641285956,Осень,4,11,0.0021451257134627,92.66943082159074,road
,2025-11-07 01:15:22.406008848,Восточно-Сибирская,SYNTHETIC,2025,2024,309 days 22:34:01.498538172,446314.0249756362,1027.6761185491341,0.9441624365482234,Осень,4,11,0.0021451257134627,92.66943082159074,road
,2025-11-07 08:32:45.591781398,Восточно-Сибирская,SYNTHETIC,2025,2024,310 days 05:51:24.684310722,446751.41140517866,437.3864295424428,0.9450084602368867,Осень,4,11,0.0021451257134627,92.66943082159074,road
,2025-11-08 07:51:56.740837254,Восточно-Сибирская,SYNTHETIC,2025,2024,311 days 05:10:35.833366578,448150.59722277627,1399.1858175976085,0.9458544839255499,Осень,4,11,0.0021451257134627,92.66943082159074,road
,2025-11-10 11:48:08.698680498,Восточно-Сибирская,SYNTHETIC,2025,2024,313 days 09:06:47.791209822,451266.7965201637,3116.199297387444,0.9467005076142132,Осень,4,11,0.0021451257134627,92.66943082159074,road
,2025-11-10 15:24:54.716596788,Восточно-Сибирская,SYNTHETIC,2025,2024,313 days 12:43:33.809126112,451483.5634854352,216.7669652714976,0.9475465313028765,Осень,4,11,0.0021451257134627,92.66943082159074,road
,2025-11-10 18:10:23.267454792,Восточно-Сибирская,SYNTHETIC,2025,2024,313 days 15:29:02.359984116,451649.0393330686,165.4758476333809,0.9483925549915397,Осень,4,11,0.0021451257134627,92.66943082159074,road
,2025-11-11 09:21:29.680393164,Восточно-Сибирская,SYNTHETIC,2025,2024,314 days 06:40:08.772922488,452560.1462153748,911.1068823062233,0.949238578680203,Осень,4,11,0.0021451257134627,92.66943082159074,road
,2025-11-13 12:28:40.257162420,Восточно-Сибирская,SYNTHETIC,2025,2024,316 days 09:47:19.349691744,455627.3224948624,3067.176279487612,0.9500846023688664,Осень,4,11,0.0021451257134627,92.66943082159074,road
,2025-11-13 20:11:42.771717024,Восточно-Сибирская,SYNTHETIC,2025,2024,316 days 17:30:21.864246348,456090.3644041058,463.04190924338764,0.9509306260575296,Осень,4,11,0.0021451257134627,92.66943082159074,road
,2025-11-14 08:30:47.920634448,Восточно-Сибирская,SYNTHETIC,2025,2024,317 days 05:49:27.013163772,456829.4502193962,739.0858152903966,0.9517766497461929,Осень,4,11,0.0021451257134627,92.66943082159074,road
,2025-11-14 20:20:21.512486598,Восточно-Сибирская,SYNTHETIC,2025,2024,317 days 17:39:00.605015922,457539.01008359867,709.5598642024561,0.9526226734348562,Осень,4,11,0.0021451257134627,92.66943082159074,road
,2025-11-14 23:45:01.402031130,Восточно-Сибирская,SYNTHETIC,2025,2024,317 days 21:03:40.494560454,457743.674909341,204.66482574230758,0.9534686971235194,Осень,4,11,0.0021451257134627,92.66943082159074,road
,2025-11-15 06:23:06.738660966,Восточно-Сибирская,SYNTHETIC,2025,2024,318 days 03:41:45.831190290,458141.7638531715,398.08894383051665,0.9543147208121827,Осень,4,11,0.0021451257134627,92.66943082159074,road
,2025-11-15 20:17:36.601115928,Восточно-Сибирская,SYNTHETIC,2025,2024,318 days 17:36:15.693645252,458976.2615607542,834.4977075827192,0.955160744500846,Осень,4,11,0.0021451257134627,92.66943082159074,road
,2025-11-16 05:20:45.380556714,Восточно-Сибирская,SYNTHETIC,2025,2024,319 days 02:39:24.473086038,459519.40788476734,543.146324013127,0.9560067681895094,Осень,4,11,0.0021451257134627,92.66943082159074,road
,2025-11-16 05:30:43.694534832,Восточно-Сибирская,SYNTHETIC,2025,2024,319 days 02:49:22.787064156,459529.3797844026,9.971899635274895,0.9568527918781726,Осень,4,11,0.0021451257134627,92.66943082159074,road
,2025-11-16 08:42:06.558585648,Восточно-Сибирская,SYNTHETIC,2025,2024,319 days 06:00:45.651114972,459720.76085191616,191.38106751354644,0.9576988155668359,Осень,4,11,0.0021451257134627,92.66943082159074,road
,2025-11-16 09:54:51.079787874,Восточно-Сибирская,SYNTHETIC,2025,2024,319 days 07:13:30.172317198,459793.5028719533,72.74202003714163,0.9585448392554992,Осень,4,11,0.0021451257134627,92.66943082159074,road
,2025-11-16 11:58:29.728883628,Восточно-Сибирская,SYNTHETIC,2025,2024,319 days 09:17:08.821412952,459917.1470235492,123.6441515958868,0.9593908629441624,Осень,4,11,0.0021451257134627,92.66943082159074,road
,2025-11-17 06:18:13.109342250,Восточно-Сибирская,SYNTHETIC,2025,2024,320 days 03:36:52.201871574,461016.87003119296,1099.72300764377,0.9602368866328257,Осень,4,11,0.0021451257134627,92.66943082159074,road
,2025-11-17 06:35:44.545963998,Восточно-Сибирская,SYNTHETIC,2025,2024,320 days 03:54:23.638493322,461034.3939748887,17.52394369576359,0.961082910321489,Осень,4,11,0.0021451257134627,92.66943082159074,road
,2025-11-17 08:31:26.961307494,Восточно-Сибирская,SYNTHETIC,2025,2024,320 days 05:50:06.053836818,461150.10089728027,115.70692239154596,0.9619289340101523,Осень,4,11,0.0021451257134627,92.66943082159074,road
,2025-11-17 11:24:08.305071023,Восточно-Сибирская,SYNTHETIC,2025,2024,320 days 08:42:47.397600347,461322.78996000584,172.68906272557797,0.9627749576988156,Осень,4,11,0.0021451257134627,92.66943082159074,road
,2025-11-17 18:51:23.589700326,Восточно-Сибирская,SYNTHETIC,2025,2024,320 days 16:10:02.682229650,461770.0447038275,447.2547438216279,0.9636209813874789,Осень,4,11,0.0021451257134627,92.66943082159074,road
,2025-11-18 00:47:27.033799050,Восточно-Сибирская,SYNTHETIC,2025,2024,320 days 22:06:06.126328374,462126.10210547294,356.05740164546296,0.9644670050761421,Осень,4,11,0.0021451257134627,92.66943082159074,road
,2025-11-18 02:42:14.607898176,Восточно-Сибирская,SYNTHETIC,2025,2024,321 days 00:00:53.700427500,462240.895007125,114.7929016520502,0.9653130287648054,Осень,4,11,0.0021451257134627,92.66943082159074,road
,2025-11-18 04:05:52.917014802,Восточно-Сибирская,SYNTHETIC,2025,2024,321 days 01:24:32.009544126,462324.5334924021,83.6384852771298,0.9661590524534687,Осень,4,11,0.0021451257134627,92.66943082159074,road
,2025-11-18 06:11:51.427416516,Восточно-Сибирская,SYNTHETIC,2025,2024,321 days 03:30:30.519945840,462450.508665764,125.97517336189048,0.9670050761421319,Осень,4,11,0.0021451257134627,92.66943082159074,road
,2025-11-18 11:37:20.891939754,Восточно-Сибирская,SYNTHETIC,2025,2024,321 days 08:55:59.984469078,462775.9997411513,325.49107538728276,0.9678510998307953,Осень,4,11,0.0021451257134627,92.66943082159074,road
,2025-11-18 14:04:48.637809696,Восточно-Сибирская,SYNTHETIC,2025,2024,321 days 11:23:27.730339020,462923.462172317,147.46243116573896,0.9686971235194586,Осень,4,11,0.0021451257134627,92.66943082159074,road
,2025-11-19 12:59:30.417154176,Восточно-Сибирская,SYNTHETIC,2025,2024,322 days 10:18:09.509683500,464298.158494725,1374.696322407981,0.9695431472081218,Осень,4,11,0.0021451257134627,92.66943082159074,road
,2025-11-19 17:50:06.309877386,Восточно-Сибирская,SYNTHETIC,2025,2024,322 days 15:08:45.402406710,464588.75670677854,290.59821205353364,0.9703891708967851,Осень,4,11,0.0021451257134627,92.66943082159074,road
,2025-11-19 18:18:21.186483696,Восточно-Сибирская,SYNTHETIC,2025,2024,322 days 15:37:00.279013020,464617.00465021696,28.24794343841495,0.9712351945854484,Осень,4,11,0.0021451257134627,92.66943082159074,road
,2025-11-20 04:27:27.855448902,Восточно-Сибирская,SYNTHETIC,2025,2024,323 days 01:46:06.947978226,465226.1157996371,609.1111494201468,0.9720812182741116,Осень,4,11,0.0021451257134627,92.66943082159074,road
,2025-11-20 07:33:21.204563040,Восточно-Сибирская,SYNTHETIC,2025,2024,323 days 04:52:00.297092364,465412.0049515394,185.88915190228727,0.9729272419627749,Осень,4,11,0.0021451257134627,92.66943082159074,road
,2025-11-20 15:47:25.355824638,Восточно-Сибирская,SYNTHETIC,2025,2024,323 days 13:06:04.448353962,465906.0741392327,494.06918769329786,0.9737732656514383,Осень,4,11,0.0021451257134627,92.66943082159074,road
,2025-11-20 18:20:17.988904638,Восточно-Сибирская,SYNTHETIC,2025,2024,323 days 15:38:57.081433962,466058.95135723264,152.87721799995052,0.9746192893401016,Осень,4,11,0.0021451257134627,92.66943082159074,road
,2025-11-21 00:54:32.580180066,Восточно-Сибирская,SYNTHETIC,2025,2024,323 days 22:13:11.672709390,466453.1945451565,394.2431879238575,0.9754653130287648,Осень,4,11,0.0021451257134627,92.66943082159074,road
,2025-11-21 12:24:02.987852118,Восточно-Сибирская,SYNTHETIC,2025,2024,324 days 09:42:42.080381442,467142.7013396907,689.5067945342162,0.9763113367174281,Осень,4,11,0.0021451257134627,92.66943082159074,road
,2025-11-22 08:50:38.970531162,Восточно-Сибирская,SYNTHETIC,2025,2024,325 days 06:09:18.063060486,468369.30105100817,1226.5997113174526,0.9771573604060914,Осень,4,11,0.0021451257134627,92.66943082159074,road
,2025-11-22 11:11:43.633098132,Восточно-Сибирская,SYNTHETIC,2025,2024,325 days 08:30:22.725627456,468510.3787604576,141.07770944945514,0.9780033840947546,Осень,4,11,0.0021451257134627,92.66943082159074,road
,2025-11-22 14:21:48.647199282,Восточно-Сибирская,SYNTHETIC,2025,2024,325 days 11:40:27.739728606,468700.4623288101,190.08356835250743,0.9788494077834179,Осень,4,11,0.0021451257134627,92.66943082159074,road
,2025-11-22 19:12:45.478479756,Восточно-Сибирская,SYNTHETIC,2025,2024,325 days 16:31:24.571009080,468991.409516818,290.94718800787814,0.9796954314720813,Осень,4,11,0.0021451257134627,92.66943082159074,road
,2025-11-23 15:33:59.330866920,Восточно-Сибирская,SYNTHETIC,2025,2024,326 days 12:52:38.423396244,470212.6403899374,1221.230873119377,0.9805414551607445,Осень,4,11,0.0021451257134627,92.66943082159074,road
,2025-11-24 09:33:54.155160492,Восточно-Сибирская,SYNTHETIC,2025,2024,327 days 06:52:33.247689816,471292.5541281636,1079.913738226227,0.9813874788494078,Осень,4,11,0.0021451257134627,92.66943082159074,road
,2025-11-24 10:17:48.320506434,Восточно-Сибирская,SYNTHETIC,2025,2024,327 days 07:36:27.413035758,471336.4568839294,43.902755765768234,0.9822335025380711,Осень,4,11,0.0021451257134627,92.66943082159074,road
,2025-11-24 11:23:45.647225214,Восточно-Сибирская,SYNTHETIC,2025,2024,327 days 08:42:24.739754538,471402.4123292423,65.95544531289488,0.9830795262267343,Осень,4,11,0.0021451257134627,92.66943082159074,road
,2025-11-24 16:42:43.144650270,Восточно-Сибирская,SYNTHETIC,2025,2024,327 days 14:01:22.237179594,471721.3706196599,318.95829041762045,0.9839255499153976,Осень,4,11,0.0021451257134627,92.66943082159074,road
,2025-11-24 17:35:16.594595375,Восточно-Сибирская,SYNTHETIC,2025,2024,327 days 14:53:55.687124699,471773.928118745,52.55749908508733,0.9847715736040609,Осень,4,11,0.0021451257134627,92.66943082159074,road
,2025-11-24 20:52:56.242643742,Восточно-Сибирская,SYNTHETIC,2025,2024,327 days 18:11:35.335173066,471971.58891955105,197.66080080607207,0.9856175972927242,Осень,4,11,0.0021451257134627,92.66943082159074,road
,2025-11-24 22:07:48.879378030,Восточно-Сибирская,SYNTHETIC,2025,2024,327 days 19:26:27.971907354,472046.46619845583,74.87727890477981,0.9864636209813875,Осень,4,11,0.0021451257134627,92.66943082159074,road
,2025-11-25 05:58:58.894796574,Восточно-Сибирская,SYNTHETIC,2025,2024,328 days 03:17:37.987325898,472517.6331220983,471.16692364244955,0.9873096446700508,Осень,4,11,0.0021451257134627,92.66943082159074,road
,2025-11-26 05:10:49.846181196,Восточно-Сибирская,SYNTHETIC,2025,2024,329 days 02:29:28.938710520,473909.482311842,1391.8491897436907,0.988155668358714,Осень,4,11,0.0021451257134627,92.66943082159074,road
,2025-11-28 01:39:15.678261324,Восточно-Сибирская,SYNTHETIC,2025,2024,330 days 22:57:54.770790648,476577.9128465108,2668.430534668849,0.9890016920473773,Осень,4,11,0.0021451257134627,92.66943082159074,road
,2025-11-28 05:18:32.655851958,Восточно-Сибирская,SYNTHETIC,2025,2024,331 days 02:37:11.748381282,476797.19580635463,219.2829598438111,0.9898477157360406,Осень,4,11,0.0021451257134627,92.66943082159074,road
,2025-11-28 12:24:32.706540971,Восточно-Сибирская,SYNTHETIC,2025,2024,331 days 09:43:11.799070295,477223.1966511716,426.0008448169683,0.9906937394247038,Осень,4,11,0.0021451257134627,92.66943082159074,road
,2025-11-29 03:28:49.734046524,Восточно-Сибирская,SYNTHETIC,2025,2024,332 days 00:47:28.826575848,478127.4804429308,904.283791759226,0.9915397631133672,Осень,4,11,0.0021451257134627,92.66943082159074,road
,2025-11-29 04:27:04.732404318,Восточно-Сибирская,SYNTHETIC,2025,2024,332 days 01:45:43.824933642,478185.73041556065,58.249972629826516,0.9923857868020305,Осень,4,11,0.0021451257134627,92.66943082159074,road
,2025-11-29 13:32:23.901303036,Восточно-Сибирская,SYNTHETIC,2025,2024,332 days 10:51:02.993832360,478731.049897206,545.3194816453615,0.9932318104906938,Осень,4,11,0.0021451257134627,92.66943082159074,road
,2025-11-29 17:37:27.228800100,Восточно-Сибирская,SYNTHETIC,2025,2024,332 days 14:56:06.321329424,478976.10535549035,245.05545828433242,0.994077834179357,Осень,4,11,0.0021451257134627,92.66943082159074,road
,2025-11-29 19:25:04.358492460,Восточно-Сибирская,SYNTHETIC,2025,2024,332 days 16:43:43.451021784,479083.7241836964,107.61882820603205,0.9949238578680203,Осень,4,11,0.0021451257134627,92.66943082159074,road
,2025-11-29 23:25:21.011518692,Восточно-Сибирская,SYNTHETIC,2025,2024,332 days 20:44:00.104048016,479324.00173413364,240.27755043725483,0.9957698815566836,Осень,4,11,0.0021451257134627,92.66943082159074,road
,2025-11-30 00:02:10.678624722,Восточно-Сибирская,SYNTHETIC,2025,2024,332 days 21:20:49.771154046,479360.8295192342,36.82778510055505,0.9966159052453468,Осень,4,11,0.0021451257134627,92.66943082159074,road
,2025-11-30 09:16:21.297927234,Восточно-Сибирская,SYNTHETIC,2025,2024,333 days 06:35:00.390456558,479915.00650760933,554.1769883751404,0.9974619289340102,Осень,4,11,0.0021451257134627,92.66943082159074,road
,2025-11-30 11:32:10.349474058,Восточно-Сибирская,SYNTHETIC,2025,2024,333 days 08:50:49.442003382,480050.82403338974,135.8175257804105,0.9983079526226735,Осень,4,11,0.0021451257134627,92.66943082159074,road
,2025-11-30 14:26:06.183335754,Восточно-Сибирская,SYNTHETIC,2025,2024,333 days 11:44:45.275865078,480224.75459775137,173.93056436162442,0.9991539763113367,Осень,4,11,0.0021451257134627,92.66943082159074,road
,2025-11-30 15:26:16.122116441,Восточно-Сибирская,SYNTHETIC,2025,2024,333 days 12:44:55.214645765,480284.9202440961,60.16564634471433,1.0,Осень,4,11,0.0021451257134627,92.66943082159074,road
