CATEGORY,START_TIME,ROAD,DEPARTMENT,RESPONSIBILITY,YEAR,SOURCE_YEAR,DELTA_TIME,DELTA_MINUTES,TIME_DIFF,INDEX,SEASON,SEASON_INDEX,MONTH,LAMBDA_DYNAMIC,LAMBDA0,LAMBDA1,LAMBDA_MONTH,SPIKE_FLAG,TRANSITION_FLAG,FREIGHT_COUNT,FREIGHT_TIMEOUT,PASSENGER_COUNT,PASSENGER_TIMEOUT,COMMUTER_COUNT,COMMUTER_TIMEOUT,ENTITY_TYPE,REASON
1,2025-01-01 05:38:17.906606202,Северная,CV,"КРАС, ВЧДЭ-7 КРАСНОЯРСК-ВОСТ",2025,2024,0 days 00:00:00,0.0,0.0,0.0,Зима,1,1,0.0029184005929448,0.0029184005929448,0.0087552017788344,126.07490561521894,0,0,25,"21,53ч",25,"0,98ч",22,"0,38ч",department,Неравномерный прокат по кругу катания колеса грузового вагона выше нормы
2,2025-01-01 09:23:06.912887748,Восточно-Сибирская,CV,"ЗАБ, ВЧДЭ-3 КАРЫМСКАЯ",2025,2024,0 days 03:44:49.006281546,224.8167713591,224.8167713591,0.0007651109410864,Зима,1,1,0.0029184005929448,0.0029184005929448,0.0087552017788344,126.07490561521894,0,0,38,"4,65ч",14,"9,82ч",5,"3,97ч",department,Тонкий гребень колеса грузового вагона
1,2025-01-01 19:24:38.542167612,Октябрьская,CV,"КРАС, ВЧДЭ-7 КРАСНОЯРСК-ВОСТ",2025,2024,0 days 13:46:20.635561410,826.3439260235001,601.5271546644001,0.0015302218821729,Зима,1,1,0.0029184005929448,0.0029184005929448,0.0087552017788344,126.07490561521894,0,0,2,"7,3ч",0,,15,"0,63ч",department,Неравномерный прокат по кругу катания колеса грузового вагона выше нормы
3,2025-01-02 05:37:38.501656704,Восточно-Сибирская,CV,"КРАС, ВЧДЭ-7 КРАСНОЯРСК-ВОСТ",2025,2024,0 days 23:59:20.595050502,1439.3432508417,612.9993248181999,0.0022953328232593,Зима,1,1,0.0029184005929448,0.0029184005929448,0.0087552017788344,126.07490561521894,0,0,,,,,,,department,Тонкий гребень колеса грузового вагона
1,2025-01-02 16:29:04.260087054,Забайкальская,CV,"Д-ВОСТ, ВЧДЭ-1 ХАБАРОВСК",2025,2024,1 days 10:50:46.353480852,2090.7725580142,651.4293071725001,0.0030604437643458,Зима,1,1,0.0029184005929448,0.0029184005929448,0.0087552017788344,126.07490561521894,0,0,22,"3,28ч",8,"5,07ч",11,"0,72ч",department,Выщербина на ободе колеса грузового вагона
1,2025-01-03 01:46:28.002510192,Красноярская,CV,"З-СИБ, ВЧДЭ-12 ВХОДНАЯ",2025,2024,1 days 20:08:10.095903990,2648.1682650665,557.3957070523002,0.0038255547054322,Зима,1,1,0.0029184005929448,0.0029184005929448,0.0087552017788344,126.07490561521894,0,0,36,"1,53ч",25,"1,3ч",37,"0,58ч",department,Другие причины
3,2025-01-03 05:35:54.317736168,Забайкальская,CV,"З-СИБ, ВЧДЭ-23 БЕЛОВО",2025,2024,1 days 23:57:36.411129966,2877.6068521661,229.43858709959977,0.0045906656465187,Зима,1,1,0.0029184005929448,0.0029184005929448,0.0087552017788344,126.07490561521894,0,0,,,,,,,department,Другие причины
2,2025-01-03 08:20:30.103798224,Забайкальская,CV,"ЗАБ, ВЧДЭ-7 БЕЛОГОРСК",2025,2024,2 days 02:42:12.197192022,3042.2032865337,164.59643436760007,0.0053557765876052,Зима,1,1,0.0029184005929448,0.0029184005929448,0.0087552017788344,126.07490561521894,0,0,31,"4,2ч",7,"2,83ч",15,"0,25ч",department,Тонкий гребень колеса грузового вагона
2,2025-01-03 18:30:27.250501560,Южно-Уральская,CV,"КРАС, ВЧДЭ-8 АБАКАН",2025,2024,2 days 12:52:09.343895358,3652.1557315893,609.9524450556,0.0061208875286916,Зима,1,1,0.0029184005929448,0.0029184005929448,0.0087552017788344,126.07490561521894,0,0,2,"2,12ч",5,"5,08ч",4,"0,05ч",department,Выщербина на ободе колеса грузового вагона
1,2025-01-03 22:21:18.802952088,Дальневосточная,CV,"КРАС, ВЧДЭ-7 КРАСНОЯРСК-ВОСТ",2025,2024,2 days 16:43:00.896345886,3883.0149390981,230.85920750879995,0.0068859984697781,Зима,1,1,0.0029184005929448,0.0029184005929448,0.0087552017788344,126.07490561521894,0,0,35,"13,23ч",26,"3,68ч",29,"1,18ч",department,Выщербина на ободе колеса грузового вагона
2,2025-01-03 23:58:14.089670484,Северная,CV,"З-СИБ, ВЧДЭ-23 БЕЛОВО",2025,2024,2 days 18:19:56.183064282,3979.9363844047,96.92144530659972,0.0076511094108645,Зима,1,1,0.0029184005929448,0.0029184005929448,0.0087552017788344,126.07490561521894,0,0,41,"4,68ч",7,"3,53ч",25,"3,73ч",department,Тонкий гребень колеса грузового вагона
2,2025-01-04 04:00:48.839344038,Красноярская,CV,"КРАС, ВЧДЭ-7 КРАСНОЯРСК-ВОСТ",2025,2024,2 days 22:22:30.932737836,4222.5155456306,242.5791612259004,0.008416220351951,Зима,1,1,0.0029184005929448,0.0029184005929448,0.0087552017788344,126.07490561521894,0,0,38,"2,68ч",8,"0,72ч",31,"0,2ч",department,Неисправность воздухораспределителя грузового вагона
3,2025-01-04 04:53:13.907826798,Южно-Уральская,CV,"КРАС, ВЧДЭ-7 КРАСНОЯРСК-ВОСТ",2025,2024,2 days 23:14:56.001220596,4274.9333536766,52.417808045999664,0.0091813312930374,Зима,1,1,0.0029184005929448,0.0029184005929448,0.0087552017788344,126.07490561521894,0,0,,,,,,,department,Тонкий гребень колеса грузового вагона
2,2025-01-04 11:36:20.853290400,Северная,CV,"КРАС, ВЧДЭ-8 АБАКАН",2025,2024,3 days 05:58:02.946684198,4678.0491114033,403.1157577267004,0.0099464422341239,Зима,1,1,0.0029184005929448,0.0029184005929448,0.0087552017788344,126.07490561521894,0,0,32,"0,98ч",8,"2,12ч",18,"2,18ч",department,Выщербина на ободе колеса грузового вагона
3,2025-01-04 13:56:36.858668502,Западно-Сибирская,CV,"КРАС, ВЧДЭ-7 КРАСНОЯРСК-ВОСТ",2025,2024,3 days 08:18:18.952062300,4818.315867705,140.2667563016994,0.0107115531752104,Зима,1,1,0.0029184005929448,0.0029184005929448,0.0087552017788344,126.07490561521894,0,0,,,,,,,department,Тонкий гребень колеса грузового вагона
1,2025-01-04 15:40:05.651763120,Красноярская,CV,"В-СИБ, ВЧДЭ-10 УЛАН-УДЭ",2025,2024,3 days 10:01:47.745156918,4921.7957526153,103.47988491030084,0.0114766641162968,Зима,1,1,0.0029184005929448,0.0029184005929448,0.0087552017788344,126.07490561521894,0,0,38,"27,87ч",26,"1,5ч",8,"1,18ч",department,Технологический нагрев буксового узла
1,2025-01-05 09:34:22.781429634,Забайкальская,CV,"Ю-УР, ВЧДЭ-1 ЧЕЛЯБИНСК",2025,2024,4 days 03:56:04.874823432,5996.0812470572,1074.2854944418996,0.0122417750573833,Зима,1,1,0.0029184005929448,0.0029184005929448,0.0087552017788344,126.07490561521894,0,0,15,"7,55ч",5,"4,05ч",10,"0,88ч",department,Тонкий гребень колеса грузового вагона
2,2025-01-05 18:08:22.618884054,Дальневосточная,CV,"В-СИБ, ВЧДЭ-13 ТАЙШЕТ",2025,2024,4 days 12:30:04.712277852,6510.0785379642,513.9972909070002,0.0130068859984697,Зима,1,1,0.0029184005929448,0.0029184005929448,0.0087552017788344,126.07490561521894,0,0,22,"15,33ч",8,"0,57ч",18,"2,83ч",department,Разрегулирование рычажной передачи грузового вагона
1,2025-01-06 02:58:23.382784578,Октябрьская,CV,"Д-ВОСТ, ВЧДЭ-1 ХАБАРОВСК",2025,2024,4 days 21:20:05.476178376,7040.0912696396,530.0127316753997,0.0137719969395562,Зима,1,1,0.0029184005929448,0.0029184005929448,0.0087552017788344,126.07490561521894,0,0,43,"3,32ч",2,"3,57ч",24,"1,57ч",department,Ослабление (разрушение) торцевого крепления
2,2025-01-06 08:33:18.505458324,Забайкальская,CV,"З-СИБ, ВЧДЭ-12 ВХОДНАЯ",2025,2024,5 days 02:55:00.598852122,7375.0099808687,334.9187112291001,0.0145371078806426,Зима,1,1,0.0029184005929448,0.0029184005929448,0.0087552017788344,126.07490561521894,0,0,15,"10,33ч",26,"1,2ч",8,"0,92ч",department,Технологический нагрев буксового узла
3,2025-01-06 18:59:28.909989138,Дальневосточная,CV,"ЗАБ, ВЧДЭ-3 КАРЫМСКАЯ",2025,2024,5 days 13:21:11.003382936,8001.1833897156,626.1734088469002,0.0153022188217291,Зима,1,1,0.0029184005929448,0.0029184005929448,0.0087552017788344,126.07490561521894,0,0,,,,,,,department,Неплотность тормозной магистрали грузового вагона
1,2025-01-07 03:07:17.669843502,Свердловская,CV,"ЗАБ, ВЧДЭ-7 БЕЛОГОРСК",2025,2024,5 days 21:28:59.763237300,8488.996053955,487.8126642393991,0.0160673297628156,Зима,1,1,0.0029184005929448,0.0029184005929448,0.0087552017788344,126.07490561521894,0,0,2,"4,97ч",8,"3,78ч",70,"0,55ч",department,Выщербина на ободе колеса грузового вагона
1,2025-01-07 08:20:12.947320068,Южно-Уральская,CV,"З-СИБ, ВЧДЭ-25 НОВОКУЗНЕЦК",2025,2024,6 days 02:41:55.040713866,8801.9173452311,312.92129127610133,0.016832440703902,Зима,1,1,0.0029184005929448,0.0029184005929448,0.0087552017788344,126.07490561521894,0,0,27,"13,47ч",25,"2,85ч",2,"1,58ч",department,"Шелушение, раковины, коррозия на деталях подшипника"
2,2025-01-08 02:52:56.678043000,Забайкальская,CV,"З-СИБ, ВЧДЭ-6 ИНСКАЯ",2025,2024,6 days 21:14:38.771436798,9914.6461906133,1112.7288453822002,0.0175975516449885,Зима,1,1,0.0029184005929448,0.0029184005929448,0.0087552017788344,126.07490561521894,0,0,11,"24,32ч",2,"0,13ч",70,"1,87ч",department,Выщербина на ободе колеса грузового вагона
2,2025-01-08 04:05:49.457709132,Восточно-Сибирская,CV,"З-СИБ, ВЧДЭ-6 ИНСКАЯ",2025,2024,6 days 22:27:31.551102930,9987.5258517155,72.87966110219895,0.0183626625860749,Зима,1,1,0.0029184005929448,0.0029184005929448,0.0087552017788344,126.07490561521894,0,0,0,,6,"1,08ч",30,"1,47ч",department,Неплотность тормозной магистрали грузового вагона
3,2025-01-08 20:29:42.916856220,Восточно-Сибирская,CV,"КРАС, ВЧДЭ-7 КРАСНОЯРСК-ВОСТ",2025,2024,7 days 14:51:25.010250018,10971.4168375003,983.8909857847992,0.0191277735271614,Зима,1,1,0.0029184005929448,0.0029184005929448,0.0087552017788344,126.07490561521894,0,0,,,,,,,department,Неравномерный прокат по кругу катания колеса грузового вагона выше нормы
2,2025-01-08 23:25:34.424533188,Свердловская,CV,"ЗАБ, ВЧДЭ-3 КАРЫМСКАЯ",2025,2024,7 days 17:47:16.517926986,11147.2752987831,175.8584612827999,0.0198928844682478,Зима,1,1,0.0029184005929448,0.0029184005929448,0.0087552017788344,126.07490561521894,0,0,32,"13,78ч",13,"0,65ч",26,"4,07ч",department,Несоответствие зазоров скользуна грузового вагона
3,2025-01-09 03:43:07.175396130,Свердловская,CV,"З-СИБ, ВЧДЭ-6 ИНСКАЯ",2025,2024,7 days 22:04:49.268789928,11404.821146498802,257.5458477157026,0.0206579954093343,Зима,1,1,0.0029184005929448,0.0029184005929448,0.0087552017788344,126.07490561521894,0,0,,,,,,,department,Выщербина на ободе колеса грузового вагона
3,2025-01-09 04:27:59.425870206,Красноярская,CV,"СВЕРД, ВЧДЭ-4",2025,2024,7 days 22:49:41.519264004,11449.691987733398,44.87084123459681,0.0214231063504208,Зима,1,1,0.0029184005929448,0.0029184005929448,0.0087552017788344,126.07490561521894,0,0,,,,,,,department,Тонкий гребень колеса грузового вагона
2,2025-01-09 08:54:09.043917780,Забайкальская,CV,"СВЕРД, ВЧДЭ-4",2025,2024,8 days 03:15:51.137311578,11715.8522885263,266.1603007929025,0.0221882172915072,Зима,1,1,0.0029184005929448,0.0029184005929448,0.0087552017788344,126.07490561521894,0,0,19,"26,27ч",11,"2,08ч",5,"0,35ч",department,Тонкий гребень колеса грузового вагона
1,2025-01-09 14:17:51.481839174,Южно-Уральская,CV,"Д-ВОСТ, ВЧДЭ-1 ХАБАРОВСК",2025,2024,8 days 08:39:33.575232972,12039.5595872162,323.7072986899002,0.0229533282325937,Зима,1,1,0.0029184005929448,0.0029184005929448,0.0087552017788344,126.07490561521894,0,0,35,"8,17ч",4,"1,57ч",9,"0,78ч",department,Неравномерный прокат по кругу катания колеса грузового вагона выше нормы
2,2025-01-11 00:59:39.284017926,Забайкальская,CV,"КРАС, ВЧДЭ-1 БОГОТОЛ",2025,2024,9 days 19:21:21.377411724,14121.3562901954,2081.796702979198,0.0237184391736801,Зима,1,1,0.0029184005929448,0.0029184005929448,0.0087552017788344,126.07490561521894,0,0,10,"8,07ч",20,"0,63ч",11,"0,68ч",department,Тонкий гребень колеса грузового вагона
1,2025-01-11 22:06:18.562726494,Восточно-Сибирская,CV,"КРАС, ВЧДЭ-1 БОГОТОЛ",2025,2024,10 days 16:28:00.656120292,15388.0109353382,1266.654645142802,0.0244835501147666,Зима,1,1,0.0029184005929448,0.0029184005929448,0.0087552017788344,126.07490561521894,0,0,10,"2,43ч",10,"3,85ч",70,"0,58ч",department,Неплотность тормозной магистрали грузового вагона
2,2025-01-12 17:28:59.005302150,Восточно-Сибирская,CV,"КРАС, ВЧДЭ-8 АБАКАН",2025,2024,11 days 11:50:41.098695948,16550.6849782658,1162.6740429275978,0.0252486610558531,Зима,1,1,0.0029184005929448,0.0029184005929448,0.0087552017788344,126.07490561521894,0,0,28,"8,15ч",13,"1,62ч",29,"0,65ч",department,Неравномерный прокат по кругу катания колеса грузового вагона выше нормы
1,2025-01-12 19:55:44.638349694,Забайкальская,CV,"В-СИБ, ВЧДЭ-10 УЛАН-УДЭ",2025,2024,11 days 14:17:26.731743492,16697.4455290582,146.76055079240177,0.0260137719969395,Зима,1,1,0.0029184005929448,0.0029184005929448,0.0087552017788344,126.07490561521894,0,0,28,"8,83ч",25,"3,08ч",50,"1,17ч",department,Неисправность воздухораспределителя грузового вагона
3,2025-01-13 23:00:07.384366020,Южно-Уральская,CV,"Д-ВОСТ, ВЧДЭ-1 ХАБАРОВСК",2025,2024,12 days 17:21:49.477759818,18321.824629330305,1624.379100272101,0.026778882938026,Зима,1,1,0.0029184005929448,0.0029184005929448,0.0087552017788344,126.07490561521894,0,0,,,,,,,department,Тонкий гребень колеса грузового вагона
2,2025-01-14 02:28:24.240621906,Восточно-Сибирская,CV,"З-СИБ, ВЧДЭ-6 ИНСКАЯ",2025,2024,12 days 20:50:06.334015704,18530.1055669284,208.2809375980978,0.0275439938791124,Зима,1,1,0.0029184005929448,0.0029184005929448,0.0087552017788344,126.07490561521894,0,0,2,"3,43ч",13,"3,68ч",50,"3,37ч",department,Тонкий гребень колеса грузового вагона
3,2025-01-14 13:22:40.755200790,Дальневосточная,CV,"ЗАБ, ВЧДЭ-3 КАРЫМСКАЯ",2025,2024,13 days 07:44:22.848594588,19184.3808099098,654.2752429813991,0.0283091048201989,Зима,1,1,0.0029184005929448,0.0029184005929448,0.0087552017788344,126.07490561521894,0,0,,,,,,,department,Тонкий гребень колеса грузового вагона
3,2025-01-14 14:46:12.153559356,Южно-Уральская,CV,"Д-ВОСТ, ВЧДЭ-1 ХАБАРОВСК",2025,2024,13 days 09:07:54.246953154,19267.9041158859,83.52330597610126,0.0290742157612853,Зима,1,1,0.0029184005929448,0.0029184005929448,0.0087552017788344,126.07490561521894,0,0,,,,,,,department,Тонкий гребень колеса грузового вагона
3,2025-01-14 18:47:43.970635482,Южно-Уральская,CV,"В-СИБ, ВЧДЭ-13 ТАЙШЕТ",2025,2024,13 days 13:09:26.064029280,19509.434400488,241.53028460210044,0.0298393267023718,Зима,1,1,0.0029184005929448,0.0029184005929448,0.0087552017788344,126.07490561521894,0,0,,,,,,,department,Тонкий гребень колеса грузового вагона
3,2025-01-15 14:06:30.078757188,Дальневосточная,CV,"В-СИБ, ВЧДЭ-13 ТАЙШЕТ",2025,2024,14 days 08:28:12.172150986,20668.2028691831,1158.7684686950995,0.0306044376434583,Зима,1,1,0.0029184005929448,0.0029184005929448,0.0087552017788344,126.07490561521894,0,0,,,,,,,department,Излом рычагов и тормозных тяг грузового вагона
2,2025-01-16 06:53:14.177005722,Дальневосточная,CV,"СВЕРД, ВЧДЭ-4",2025,2024,15 days 01:14:56.270399520,21674.937839992,1006.7349708088988,0.0313695485845447,Зима,1,1,0.0029184005929448,0.0029184005929448,0.0087552017788344,126.07490561521894,0,0,4,"1,8ч",15,"3,78ч",16,"0,92ч",department,Технологический нагрев буксового узла
3,2025-01-16 13:27:41.409510426,Октябрьская,CV,"СВЕРД, ВЧДЭ-4",2025,2024,15 days 07:49:23.502904224,22069.3917150704,394.4538750784013,0.0321346595256312,Зима,1,1,0.0029184005929448,0.0029184005929448,0.0087552017788344,126.07490561521894,0,0,,,,,,,department,Тонкий гребень колеса грузового вагона
2,2025-01-16 22:35:26.715507786,Забайкальская,CV,"ЗАБ, ВЧДЭ-7 БЕЛОГОРСК",2025,2024,15 days 16:57:08.808901584,22617.1468150264,547.7550999560008,0.0328997704667176,Зима,1,1,0.0029184005929448,0.0029184005929448,0.0087552017788344,126.07490561521894,0,0,9,"1,28ч",0,,1,"2,35ч",department,Тонкий гребень колеса грузового вагона
3,2025-01-16 23:41:57.313358154,Забайкальская,CV,"Д-ВОСТ, ВЧДЭ-1 ХАБАРОВСК",2025,2024,15 days 18:03:39.406751952,22683.6567791992,66.50996417279748,0.0336648814078041,Зима,1,1,0.0029184005929448,0.0029184005929448,0.0087552017788344,126.07490561521894,0,0,,,,,,,department,Тонкий гребень колеса грузового вагона
1,2025-01-17 07:00:10.619687376,Восточно-Сибирская,CV,"СВЕРД, ВЧДЭ-4",2025,2024,16 days 01:21:52.713081174,23121.8785513529,438.22177215370175,0.0344299923488905,Зима,1,1,0.0029184005929448,0.0029184005929448,0.0087552017788344,126.07490561521894,0,0,43,"8,37ч",9,"0,18ч",69,"0,42ч",department,Ослабление (разрушение) торцевого крепления
2,2025-01-17 12:29:58.191434622,Западно-Сибирская,CV,"КРАС, ВЧДЭ-7 КРАСНОЯРСК-ВОСТ",2025,2024,16 days 06:51:40.284828420,23451.671413807,329.79286245410185,0.035195103289977,Зима,1,1,0.0029184005929448,0.0029184005929448,0.0087552017788344,126.07490561521894,0,0,39,"4,43ч",25,"0,6ч",7,"0,32ч",department,Тонкий гребень колеса грузового вагона
2,2025-01-17 13:02:52.231722468,Октябрьская,CV,"З-СИБ, ВЧДЭ-25 НОВОКУЗНЕЦК",2025,2024,16 days 07:24:34.325116266,23484.572085271106,32.900671464100014,0.0359602142310635,Зима,1,1,0.0029184005929448,0.0029184005929448,0.0087552017788344,126.07490561521894,0,0,2,"21,85ч",1,"2,42ч",5,"1,57ч",department,Неисправность воздухораспределителя грузового вагона
2,2025-01-17 13:44:01.178097690,Красноярская,CV,"Д-ВОСТ, ВЧДЭ-1 ХАБАРОВСК",2025,2024,16 days 08:05:43.271491488,23525.7211915248,41.14910625369885,0.0367253251721499,Зима,1,1,0.0029184005929448,0.0029184005929448,0.0087552017788344,126.07490561521894,0,0,8,"2,18ч",9,"3,17ч",12,"0,97ч",department,Несоответствие норм высоты автосцепки грузового вагона
3,2025-01-17 14:16:58.514374698,Красноярская,CV,"КРАС, ВЧДЭ-7 КРАСНОЯРСК-ВОСТ",2025,2024,16 days 08:38:40.607768496,23558.6767961416,32.955604616799974,0.0374904361132364,Зима,1,1,0.0034830676227554,0.0029184005929448,0.0087552017788344,126.07490561521894,0,1,,,,,,,department,Выщербина на ободе колеса грузового вагона
2,2025-01-17 19:29:58.217189910,Забайкальская,CV,"СВЕРД, ВЧДЭ-4",2025,2024,16 days 13:51:40.310583708,23871.6718430618,312.9950469202013,0.0382555470543228,Зима,1,1,0.0041171529870562,0.0029184005929448,0.0087552017788344,126.07490561521894,0,1,12,"7,62ч",7,"0,87ч",12,"2,33ч",department,Неплотность тормозной магистрали грузового вагона
2,2025-01-17 20:07:02.948519934,Южно-Уральская,CV,"З-СИБ, ВЧДЭ-25 НОВОКУЗНЕЦК",2025,2024,16 days 14:28:45.041913732,23908.7506985622,37.07885550039646,0.0390206579954093,Зима,1,1,0.0041214678119736,0.0029184005929448,0.0087552017788344,126.07490561521894,0,1,36,"11,55ч",14,"2,77ч",8,"0,6ч",department,Неисправность воздухораспределителя грузового вагона
3,2025-01-17 22:33:00.255379848,Красноярская,CV,"КРАС, ВЧДЭ-7 КРАСНОЯРСК-ВОСТ",2025,2024,16 days 16:54:42.348773646,24054.7058128941,145.9551143319004,0.0397857689364957,Зима,1,1,0.0043205657391994,0.0029184005929448,0.0087552017788344,126.07490561521894,0,1,,,,,,,department,Тонкий гребень колеса грузового вагона
1,2025-01-18 00:07:00.454033650,Восточно-Сибирская,CV,"ЗАБ, ВЧДЭ-3 КАРЫМСКАЯ",2025,2024,16 days 18:28:42.547427448,24148.7091237908,94.0033108967,0.0405508798775822,Зима,1,1,0.0046975181539096,0.0029184005929448,0.0087552017788344,126.07490561521894,0,1,8,"6,48ч",11,"1,22ч",6,"0,78ч",department,Технологический нагрев буксового узла
1,2025-01-18 02:49:24.506714058,Дальневосточная,CV,"ЗАБ, ВЧДЭ-3 КАРЫМСКАЯ",2025,2024,16 days 21:11:06.600107856,24311.1100017976,162.4008780068034,0.0413159908186687,Зима,1,1,0.0049237950365405,0.0029184005929448,0.0087552017788344,126.07490561521894,0,1,24,"8,5ч",15,"8,27ч",15,"0,33ч",department,Неисправность воздухораспределителя грузового вагона
3,2025-01-18 06:34:56.413364556,Западно-Сибирская,CV,"З-СИБ, ВЧДЭ-25 НОВОКУЗНЕЦК",2025,2024,17 days 00:56:38.506758354,24536.641779305897,225.5317775082949,0.0420811017597551,Зима,1,1,0.0054351433078624,0.0029184005929448,0.0087552017788344,126.07490561521894,0,1,,,,,,,department,Тонкий гребень колеса грузового вагона
1,2025-01-18 10:00:51.293111064,Южно-Уральская,CV,"КРАС, ВЧДЭ-7 КРАСНОЯРСК-ВОСТ",2025,2024,17 days 04:22:33.386504862,24742.5564417477,205.91466244180265,0.0428462127008416,Зима,1,1,0.0056057309370639,0.0029184005929448,0.0087552017788344,126.07490561521894,0,1,1,"1,17ч",0,,3,"0,13ч",department,Неравномерный прокат по кругу катания колеса грузового вагона выше нормы
3,2025-01-18 12:08:59.625092796,Западно-Сибирская,CV,"КРАС, ВЧДЭ-7 КРАСНОЯРСК-ВОСТ",2025,2024,17 days 06:30:41.718486594,24870.6953081099,128.13886636220195,0.043611323641928,Зима,1,1,0.0056554188060836,0.0029184005929448,0.0087552017788344,126.07490561521894,0,1,,,,,,,department,Неплотность тормозной магистрали грузового вагона
1,2025-01-18 13:43:47.236380054,Восточно-Сибирская,CV,"ЗАБ, ВЧДЭ-3 КАРЫМСКАЯ",2025,2024,17 days 08:05:29.329773852,24965.4888295642,94.79352145429584,0.0443764345830145,Зима,1,1,0.0065853242687819,0.0029184005929448,0.0087552017788344,126.07490561521894,0,1,5,"6,83ч",14,"0,33ч",17,"2,92ч",department,Неисправность магистральной части воздухораспределителя
1,2025-01-18 15:00:09.042874650,Восточно-Сибирская,CV,"Д-ВОСТ, ВЧДЭ-1 ХАБАРОВСК",2025,2024,17 days 09:21:51.136268448,25041.8522711408,76.36344157660278,0.045141545524101,Зима,1,1,0.0066418111823272,0.0029184005929448,0.0087552017788344,126.07490561521894,0,1,34,"9,23ч",2,"0,05ч",10,"4,43ч",department,Тонкий гребень колеса грузового вагона
3,2025-01-18 19:47:51.387687126,Южно-Уральская,CV,"В-СИБ, ВЧДЭ-13 ТАЙШЕТ",2025,2024,17 days 14:09:33.481080924,25329.5580180154,287.70574687459884,0.0459066564651874,Зима,1,1,0.0068815075111664,0.0029184005929448,0.0087552017788344,126.07490561521894,0,1,,,,,,,department,Тонкий гребень колеса грузового вагона
2,2025-01-18 20:46:00.383716374,Восточно-Сибирская,CV,"Д-ВОСТ, ВЧДЭ-1 ХАБАРОВСК",2025,2024,17 days 15:07:42.477110172,25387.7079518362,58.14993382079774,0.0466717674062739,Зима,1,1,0.0069088595567998,0.0029184005929448,0.0087552017788344,126.07490561521894,0,1,12,"8,18ч",0,,15,"0,25ч",department,Тонкий гребень колеса грузового вагона
1,2025-01-18 21:29:02.179754958,Октябрьская,CV,"З-СИБ, ВЧДЭ-23 БЕЛОВО",2025,2024,17 days 15:50:44.273148756,25430.7378858126,43.02993397640239,0.0474368783473603,Зима,1,1,0.0069776649329734,0.0029184005929448,0.0087552017788344,126.07490561521894,0,1,16,"14,33ч",0,,69,"2,9ч",department,Технологический нагрев буксового узла
1,2025-01-19 00:41:17.106189510,Восточно-Сибирская,CV,"СВЕРД, ВЧДЭ-4",2025,2024,17 days 19:02:59.199583308,25622.9866597218,192.248773909203,0.0482019892884468,Зима,1,1,0.0070736864653321,0.0029184005929448,0.0087552017788344,126.07490561521894,0,1,6,"1,83ч",3,"2,28ч",26,"0,27ч",department,Тонкий гребень колеса грузового вагона
3,2025-01-19 01:44:01.442563746,Забайкальская,CV,"КРАС, ВЧДЭ-7 КРАСНОЯРСК-ВОСТ",2025,2024,17 days 20:05:43.535957544,25685.7255992924,62.73893957059772,0.0489671002295332,Зима,1,1,0.0071075090344823,0.0029184005929448,0.0087552017788344,126.07490561521894,0,1,,,,,,,department,Разрегулирование рычажной передачи грузового вагона
3,2025-01-19 06:04:48.635011944,Восточно-Сибирская,CV,"КРАС, ВЧДЭ-7 КРАСНОЯРСК-ВОСТ",2025,2024,18 days 00:26:30.728405742,25946.5121400957,260.78654080329943,0.0497322111706197,Зима,1,1,0.0071986391626476,0.0029184005929448,0.0087552017788344,126.07490561521894,0,1,,,,,,,department,Тонкий гребень колеса грузового вагона
1,2025-01-19 06:59:48.836186838,Восточно-Сибирская,CV,"КРАС, ВЧДЭ-1 БОГОТОЛ",2025,2024,18 days 01:21:30.929580636,26001.5154930106,55.00335291490046,0.0504973221117062,Зима,1,1,0.0072237660768992,0.0029184005929448,0.0087552017788344,126.07490561521894,0,1,6,"7,27ч",10,"80,4ч",11,"0,25ч",department,Тонкий гребень колеса грузового вагона
1,2025-01-19 09:44:45.661402806,Красноярская,CV,"ЗАБ, ВЧДЭ-3 КАРЫМСКАЯ",2025,2024,18 days 04:06:27.754796604,26166.4625799434,164.94708693279972,0.0512624330527926,Зима,1,1,0.007338575537708,0.0029184005929448,0.0087552017788344,126.07490561521894,0,1,0,,6,"3,15ч",30,"4,07ч",department,Технологический нагрев буксового узла
3,2025-01-19 09:50:56.004790782,Северная,CV,"СВЕРД, ВЧДЭ-4",2025,2024,18 days 04:12:38.098184580,26172.634969743,6.17238979960166,0.0520275439938791,Зима,1,1,0.0074781550132703,0.0029184005929448,0.0087552017788344,126.07490561521894,0,1,,,,,,,department,Тонкий гребень колеса грузового вагона
1,2025-01-19 10:55:59.698197774,Восточно-Сибирская,CV,"КРАС, ВЧДЭ-7 КРАСНОЯРСК-ВОСТ",2025,2024,18 days 05:17:41.791591572,26237.6965265262,65.0615567831992,0.0527926549349655,Зима,1,1,0.0074859672372921,0.0029184005929448,0.0087552017788344,126.07490561521894,0,1,4,"26,27ч",7,"0,5ч",30,"0,98ч",department,Неравномерный прокат по кругу катания колеса грузового вагона выше нормы
2,2025-01-19 11:50:31.098705198,Забайкальская,CV,"ОКТ, ВЧДЭ-28 ВОЛХОВСТРОЙ",2025,2024,18 days 06:12:13.192098996,26292.2198683166,54.52334179039826,0.053557765876052,Зима,1,1,0.0077108564972783,0.0029184005929448,0.0087552017788344,126.07490561521894,0,1,32,"7,98ч",20,"29,18ч",70,"4,07ч",department,Неравномерный прокат по кругу катания колеса грузового вагона выше нормы
1,2025-01-19 15:29:57.669923574,Западно-Сибирская,CV,"З-СИБ, ВЧДЭ-23 БЕЛОВО",2025,2024,18 days 09:51:39.763317372,26511.6627219562,219.4428536396008,0.0543228768171384,Зима,1,1,0.0077310111222589,0.0029184005929448,0.0087552017788344,126.07490561521894,0,1,32,"12,9ч",0,,70,"2,77ч",department,Разрегулирование рычажной передачи грузового вагона
2,2025-01-19 22:50:01.244202090,Дальневосточная,CV,"ЗАБ, ВЧДЭ-3 КАРЫМСКАЯ",2025,2024,18 days 17:11:43.337595888,26951.7222932648,440.0595713086004,0.0550879877582249,Зима,1,1,0.0077556045514048,0.0029184005929448,0.0087552017788344,126.07490561521894,0,1,14,"1,43ч",14,"0,57ч",7,"1,7ч",department,Неравномерный прокат по кругу катания колеса грузового вагона выше нормы
2,2025-01-20 00:08:41.330621298,Западно-Сибирская,CV,"ЗАБ, ВЧДЭ-7 БЕЛОГОРСК",2025,2024,18 days 18:30:23.424015096,27030.3904002516,78.6681069867991,0.0558530986993114,Зима,1,1,0.0078534934945844,0.0029184005929448,0.0087552017788344,126.07490561521894,0,1,26,"3,43ч",2,"0,45ч",7,"1,02ч",department,Технологический нагрев буксового узла
2,2025-01-20 03:49:01.630272402,Забайкальская,CV,"З-СИБ, ВЧДЭ-23 БЕЛОВО",2025,2024,18 days 22:10:43.723666200,27250.72872777,220.33832751839876,0.0566182096403978,Зима,1,1,0.0079061786613338,0.0029184005929448,0.0087552017788344,126.07490561521894,0,1,30,"3,25ч",9,"0,8ч",5,"2,53ч",department,Излом рычагов и тормозных тяг грузового вагона
2,2025-01-20 06:20:08.800793232,Западно-Сибирская,CV,"КРАС, ВЧДЭ-1 БОГОТОЛ",2025,2024,19 days 00:41:50.894187030,27401.8482364505,151.1195086805019,0.0573833205814843,Зима,1,1,0.0079602936035362,0.0029184005929448,0.0087552017788344,126.07490561521894,0,1,8,"6,82ч",25,"2,53ч",2,"0,57ч",department,Обрыв (излом) трубы магистрали воздухопровода и подводящих труб
2,2025-01-20 12:51:06.946086696,Дальневосточная,CV,"З-СИБ, ВЧДЭ-25 НОВОКУЗНЕЦК",2025,2024,19 days 07:12:49.039480494,27792.817324674903,390.9690882244031,0.0581484315225707,Зима,1,1,0.0087552017788344,0.0029184005929448,0.0087552017788344,126.07490561521894,1,0,18,"17,25ч",13,"3,95ч",13,"0,98ч",department,Тонкий гребень колеса грузового вагона
1,2025-01-20 16:01:28.151131686,Октябрьская,CV,"СВЕРД, ВЧДЭ-4",2025,2024,19 days 10:23:10.244525484,27983.1707420914,190.3534174164961,0.0589135424636572,Зима,1,1,0.0087552017788344,0.0029184005929448,0.0087552017788344,126.07490561521894,1,0,11,"0,18ч",26,"0,1ч",18,"1,22ч",department,Неплотность тормозной магистрали грузового вагона
2,2025-01-20 16:10:40.810878342,Забайкальская,CV,"В-СИБ, ВЧДЭ-10 УЛАН-УДЭ",2025,2024,19 days 10:32:22.904272140,27992.381737869,9.210995777601056,0.0596786534047436,Зима,1,1,0.0087552017788344,0.0029184005929448,0.0087552017788344,126.07490561521894,1,0,37,"4,12ч",7,"4,87ч",70,"0,63ч",department,Ослабление (разрушение) торцевого крепления
1,2025-01-20 18:33:22.042392792,Свердловская,CV,"В-СИБ, ВЧДЭ-13 ТАЙШЕТ",2025,2024,19 days 12:55:04.135786590,28135.0689297765,142.68719190749837,0.0604437643458301,Зима,1,1,0.0087552017788344,0.0029184005929448,0.0087552017788344,126.07490561521894,1,0,37,"1,07ч",16,"0,38ч",16,"0,05ч",department,Тонкий гребень колеса грузового вагона
1,2025-01-20 20:00:56.928304812,Восточно-Сибирская,CV,"Д-ВОСТ, ВЧДЭ-1 ХАБАРОВСК",2025,2024,19 days 14:22:39.021698610,28222.6503616435,87.58143186700181,0.0612088752869166,Зима,1,1,0.0087552017788344,0.0029184005929448,0.0087552017788344,126.07490561521894,1,0,28,"4,12ч",13,"1,95ч",69,"1,28ч",department,Тонкий гребень колеса грузового вагона
3,2025-01-20 20:02:50.501667528,Южно-Уральская,CV,"З-СИБ, ВЧДЭ-6 ИНСКАЯ",2025,2024,19 days 14:24:32.595061326,28224.5432510221,1.892889378599648,0.061973986228003,Зима,1,1,0.0087552017788344,0.0029184005929448,0.0087552017788344,126.07490561521894,1,0,,,,,,,department,"Шелушение, раковины, коррозия на деталях подшипника"
2,2025-01-20 20:35:54.014273004,Южно-Уральская,CV,"З-СИБ, ВЧДЭ-23 БЕЛОВО",2025,2024,19 days 14:57:36.107666802,28257.6017944467,33.05854342459861,0.0627390971690895,Зима,1,1,0.0087552017788344,0.0029184005929448,0.0087552017788344,126.07490561521894,1,0,29,"7,42ч",26,"5,08ч",30,"1,65ч",department,Тонкий гребень колеса грузового вагона
3,2025-01-21 01:26:55.040610966,Западно-Сибирская,CV,"Д-ВОСТ, ВЧДЭ-1 ХАБАРОВСК",2025,2024,19 days 19:48:37.134004764,28548.6189000794,291.0171056327017,0.0635042081101759,Зима,1,1,0.0087552017788344,0.0029184005929448,0.0087552017788344,126.07490561521894,1,0,,,,,,,department,Тонкий гребень колеса грузового вагона
1,2025-01-21 06:24:23.994576834,Западно-Сибирская,CV,"ЗАБ, ВЧДЭ-7 БЕЛОГОРСК",2025,2024,20 days 00:46:06.087970632,28846.1014661772,297.4825660977985,0.0642693190512624,Зима,1,1,0.0087552017788344,0.0029184005929448,0.0087552017788344,126.07490561521894,1,0,38,"2,35ч",4,"2,1ч",22,"0,68ч",department,Нарушение регулировки рычажной передачи
1,2025-01-21 09:27:34.306683497,Южно-Уральская,CV,"ЗАБ, ВЧДЭ-3 КАРЫМСКАЯ",2025,2024,20 days 03:49:16.400077295,29029.273334621583,183.171868444384,0.0650344299923488,Зима,1,1,0.0087552017788344,0.0029184005929448,0.0087552017788344,126.07490561521894,1,0,0,,3,"1,82ч",9,"0,3ч",department,Тонкий гребень колеса грузового вагона
1,2025-01-21 17:05:02.311067028,Западно-Сибирская,CV,"ЗАБ, ВЧДЭ-3 КАРЫМСКАЯ",2025,2024,20 days 11:26:44.404460826,29486.7400743471,457.466739725518,0.0657995409334353,Зима,1,1,0.0087552017788344,0.0029184005929448,0.0087552017788344,126.07490561521894,1,0,13,"11,03ч",8,"2,33ч",16,"0,33ч",department,Неправильное включение режимов отпуска воздухораспределителя
3,2025-01-21 20:12:39.926055102,Западно-Сибирская,CV,"КРАС, ВЧДЭ-1 БОГОТОЛ",2025,2024,20 days 14:34:22.019448900,29674.366990815,187.62691646789608,0.0665646518745218,Зима,1,1,0.0087552017788344,0.0029184005929448,0.0087552017788344,126.07490561521894,1,0,,,,,,,department,Неплотность тормозной магистрали грузового вагона
1,2025-01-21 20:13:50.215287732,Свердловская,CV,"З-СИБ, ВЧДЭ-6 ИНСКАЯ",2025,2024,20 days 14:35:32.308681530,29675.5384780255,1.171487210503983,0.0673297628156082,Зима,1,1,0.0087552017788344,0.0029184005929448,0.0087552017788344,126.07490561521894,1,0,13,"2,93ч",13,"0,68ч",17,"1,95ч",department,Тонкий гребень колеса грузового вагона
2,2025-01-21 20:52:36.453346602,Красноярская,CV,"ЗАБ, ВЧДЭ-7 БЕЛОГОРСК",2025,2024,20 days 15:14:18.546740400,29714.30911234,38.77063431449642,0.0680948737566947,Зима,1,1,0.0087552017788344,0.0029184005929448,0.0087552017788344,126.07490561521894,1,0,30,"35,57ч",6,"1,2ч",9,"0,8ч",department,Тонкий гребень колеса грузового вагона
3,2025-01-21 20:56:09.603669624,Свердловская,CV,"В-СИБ, ВЧДЭ-10 УЛАН-УДЭ",2025,2024,20 days 15:17:51.697063422,29717.8616177237,3.552505383704556,0.0688599846977811,Зима,1,1,0.0087552017788344,0.0029184005929448,0.0087552017788344,126.07490561521894,1,0,,,,,,,department,Тонкий гребень колеса грузового вагона
2,2025-01-21 21:07:26.927756466,Северная,CV,"ЗАБ, ВЧДЭ-3 КАРЫМСКАЯ",2025,2024,20 days 15:29:09.021150264,29729.1503525044,11.288734780697268,0.0696250956388676,Зима,1,1,0.0087552017788344,0.0029184005929448,0.0087552017788344,126.07490561521894,1,0,16,"8,38ч",3,"2,53ч",24,"0,88ч",department,Тонкий гребень колеса грузового вагона
2,2025-01-21 21:35:39.473536386,Западно-Сибирская,CV,"СВЕРД, ВЧДЭ-4",2025,2024,20 days 15:57:21.566930184,29757.3594488364,28.209096332000627,0.0703902065799541,Зима,1,1,0.0087552017788344,0.0029184005929448,0.0087552017788344,126.07490561521894,1,0,4,"7,83ч",20,"1,05ч",8,"1,38ч",department,Разрегулирование рычажной передачи грузового вагона
2,2025-01-21 22:55:38.607159234,Восточно-Сибирская,CV,"КРАС, ВЧДЭ-1 БОГОТОЛ",2025,2024,20 days 17:17:20.700553032,29837.3450092172,79.98556038080278,0.0711553175210405,Зима,1,1,0.0087552017788344,0.0029184005929448,0.0087552017788344,126.07490561521894,1,0,55,"1,98ч",9,"2,07ч",6,"0,75ч",department,Неравномерный прокат по кругу катания колеса грузового вагона выше нормы
2,2025-01-22 02:30:27.862789680,Восточно-Сибирская,CV,"З-СИБ, ВЧДЭ-12 ВХОДНАЯ",2025,2024,20 days 20:52:09.956183478,30052.1659363913,214.8209271740961,0.071920428462127,Зима,1,1,0.0087552017788344,0.0029184005929448,0.0087552017788344,126.07490561521894,1,0,16,"2,6ч",2,"1,48ч",6,"1,28ч",department,Неравномерный прокат по кругу катания колеса грузового вагона выше нормы
1,2025-01-22 06:16:38.725749420,Красноярская,CV,"З-СИБ, ВЧДЭ-23 БЕЛОВО",2025,2024,21 days 00:38:20.819143218,30278.346985720294,226.1810493289995,0.0726855394032134,Зима,1,1,0.0087552017788344,0.0029184005929448,0.0087552017788344,126.07490561521894,1,0,39,"49,7ч",7,"2,13ч",16,"0,02ч",department,Тонкий гребень колеса грузового вагона
3,2025-01-22 08:06:01.488519210,Свердловская,CV,"В-СИБ, ВЧДЭ-13 ТАЙШЕТ",2025,2024,21 days 02:27:43.581913008,30387.7263652168,109.3793794964986,0.0734506503442999,Зима,1,1,0.0087552017788344,0.0029184005929448,0.0087552017788344,126.07490561521894,1,0,,,,,,,department,Выщербина на ободе колеса грузового вагона
2,2025-01-22 13:06:49.290146808,Южно-Уральская,CV,"Д-ВОСТ, ВЧДЭ-1 ХАБАРОВСК",2025,2024,21 days 07:28:31.383540606,30688.5230590101,300.7966937933016,0.0742157612853863,Зима,1,1,0.0087552017788344,0.0029184005929448,0.0087552017788344,126.07490561521894,1,0,1,"6,7ч",9,"0,88ч",70,"1,43ч",department,Нарушение регулировки рычажной передачи
1,2025-01-22 14:26:00.329762046,Западно-Сибирская,CV,"СВЕРД, ВЧДЭ-4",2025,2024,21 days 08:47:42.423155844,30767.7070525974,79.18399358730312,0.0749808722264728,Зима,1,1,0.0087552017788344,0.0029184005929448,0.0087552017788344,126.07490561521894,1,0,29,"1,4ч",3,"1,83ч",15,"0,85ч",department,Тонкий гребень колеса грузового вагона
1,2025-01-22 18:37:07.143123030,Западно-Сибирская,CV,"КРАС, ВЧДЭ-7 КРАСНОЯРСК-ВОСТ",2025,2024,21 days 12:58:49.236516828,31018.8206086138,251.1135560163966,0.0757459831675593,Зима,1,1,0.0087552017788344,0.0029184005929448,0.0087552017788344,126.07490561521894,1,0,8,"4,13ч",9,"1,07ч",11,"1,55ч",department,Тонкий гребень колеса грузового вагона
2,2025-01-22 19:46:15.002940042,Свердловская,CV,"СВЕРД, ВЧДЭ-4",2025,2024,21 days 14:07:57.096333840,31087.951605564,69.13099695019991,0.0765110941086457,Зима,1,1,0.0087552017788344,0.0029184005929448,0.0087552017788344,126.07490561521894,1,0,43,"8,13ч",10,"2,13ч",11,"1,55ч",department,Выщербина на ободе колеса грузового вагона
1,2025-01-22 20:23:19.901877018,Восточно-Сибирская,CV,"КРАС, ВЧДЭ-7 КРАСНОЯРСК-ВОСТ",2025,2024,21 days 14:45:01.995270816,31125.0332545136,37.08164894959919,0.0772762050497322,Зима,1,1,0.0087552017788344,0.0029184005929448,0.0087552017788344,126.07490561521894,1,0,18,"17,38ч",11,"0,58ч",29,"0,17ч",department,Несоответствие норм высоты автосцепки грузового вагона
2,2025-01-23 01:06:48.302297190,Западно-Сибирская,CV,"Ю-УР, ВЧДЭ-1 ЧЕЛЯБИНСК",2025,2024,21 days 19:28:30.395690988,31408.5065948498,283.4733403362043,0.0780413159908186,Зима,1,1,0.0087552017788344,0.0029184005929448,0.0087552017788344,126.07490561521894,1,0,8,"6,77ч",13,"3,13ч",30,"1,87ч",department,Неравномерный прокат по кругу катания колеса грузового вагона выше нормы
2,2025-01-23 02:02:52.589693454,Восточно-Сибирская,CV,"СВЕРД, ВЧДЭ-4",2025,2024,21 days 20:24:34.683087252,31464.5780514542,56.07145660440074,0.0788064269319051,Зима,1,1,0.0087552017788344,0.0029184005929448,0.0087552017788344,126.07490561521894,1,0,22,"5,9ч",26,"0,03ч",25,"1,07ч",department,Ослабление (разрушение) торцевого крепления
1,2025-01-23 03:22:49.591733448,Забайкальская,CV,"З-СИБ, ВЧДЭ-6 ИНСКАЯ",2025,2024,21 days 21:44:31.685127246,31544.528085454094,79.95003399989582,0.0795715378729915,Зима,1,1,0.0087552017788344,0.0029184005929448,0.0087552017788344,126.07490561521894,1,0,15,"0,95ч",20,"2,42ч",30,"0,23ч",department,Неисправность воздухораспределителя грузового вагона
3,2025-01-23 04:08:22.447965690,Свердловская,CV,"З-СИБ, ВЧДЭ-25 НОВОКУЗНЕЦК",2025,2024,21 days 22:30:04.541359488,31590.0756893248,45.547603870702005,0.080336648814078,Зима,1,1,0.0087552017788344,0.0029184005929448,0.0087552017788344,126.07490561521894,1,0,,,,,,,department,Неисправность воздухораспределителя грузового вагона
1,2025-01-23 06:12:33.039697938,Северная,CV,"ЗАБ, ВЧДЭ-3 КАРЫМСКАЯ",2025,2024,22 days 00:34:15.133091736,31714.2522181956,124.17652887079748,0.0811017597551645,Зима,1,1,0.0087552017788344,0.0029184005929448,0.0087552017788344,126.07490561521894,1,0,10,"19,53ч",8,"0,05ч",30,"3,5ч",department,Выщербина на ободе колеса грузового вагона
3,2025-01-23 16:18:25.704662208,Восточно-Сибирская,CV,"З-СИБ, ВЧДЭ-25 НОВОКУЗНЕЦК",2025,2024,22 days 10:40:07.798056006,32320.1299676001,605.8777494045025,0.0818668706962509,Зима,1,1,0.0087552017788344,0.0029184005929448,0.0087552017788344,126.07490561521894,1,0,,,,,,,department,Выщербина на ободе колеса грузового вагона
2,2025-01-23 16:21:22.819919070,Восточно-Сибирская,CV,"КРАС, ВЧДЭ-8 АБАКАН",2025,2024,22 days 10:43:04.913312868,32323.0818885478,2.951920947700273,0.0826319816373374,Зима,1,1,0.0087552017788344,0.0029184005929448,0.0087552017788344,126.07490561521894,1,0,32,"9,72ч",4,"3,97ч",8,"0,12ч",department,Несоответствие зазоров скользуна грузового вагона
2,2025-01-23 20:44:12.185595378,Южно-Уральская,CV,"З-СИБ, ВЧДЭ-12 ВХОДНАЯ",2025,2024,22 days 15:05:54.278989176,32585.9046498196,262.8227612718001,0.0833970925784238,Зима,1,1,0.0087552017788344,0.0029184005929448,0.0087552017788344,126.07490561521894,1,0,26,"41,7ч",10,"1,42ч",16,"0,18ч",department,Несоответствие момента затяжки накидной гайки установленному нормативу
1,2025-01-23 20:44:39.144088956,Западно-Сибирская,CV,"ОКТ, ВЧДЭ-28 ВОЛХОВСТРОЙ",2025,2024,22 days 15:06:21.237482754,32586.3539580459,0.4493082262997632,0.0841622035195103,Зима,1,1,0.0087552017788344,0.0029184005929448,0.0087552017788344,126.07490561521894,1,0,27,"7,47ч",3,"3,63ч",10,"0,88ч",department,Неисправность воздухораспределителя грузового вагона
2,2025-01-23 21:36:23.002309326,Забайкальская,CV,"В-СИБ, ВЧДЭ-10 УЛАН-УДЭ",2025,2024,22 days 15:58:05.095703124,32638.0849283854,51.730970339500345,0.0849273144605967,Зима,1,1,0.0087552017788344,0.0029184005929448,0.0087552017788344,126.07490561521894,1,0,11,"0,53ч",0,,10,"0,5ч",department,Тонкий гребень колеса грузового вагона
3,2025-01-23 21:57:28.438172952,Западно-Сибирская,CV,"З-СИБ, ВЧДЭ-6 ИНСКАЯ",2025,2024,22 days 16:19:10.531566750,32659.1755261125,21.09059772709952,0.0856924254016832,Зима,1,1,0.0087552017788344,0.0029184005929448,0.0087552017788344,126.07490561521894,1,0,,,,,,,department,Тонкий гребень колеса грузового вагона
2,2025-01-24 00:39:13.077994824,Забайкальская,CV,"З-СИБ, ВЧДЭ-25 НОВОКУЗНЕЦК",2025,2024,22 days 19:00:55.171388622,32820.9195231437,161.74399703119707,0.0864575363427697,Зима,1,1,0.0087552017788344,0.0029184005929448,0.0087552017788344,126.07490561521894,1,0,8,"2,12ч",6,"0,72ч",22,"10,63ч",department,Завышение фрикционного клина гасителя колебаний относительно опорной поверхности надрессорной балки
2,2025-01-24 00:45:09.002343186,Октябрьская,CV,"КРАС, ВЧДЭ-8 АБАКАН",2025,2024,22 days 19:06:51.095736984,32826.8515956164,5.932072472700384,0.0872226472838561,Зима,1,1,0.0087552017788344,0.0029184005929448,0.0087552017788344,126.07490561521894,1,0,27,"1,95ч",13,"0,85ч",26,"0,07ч",department,Неравномерный прокат по кругу катания колеса грузового вагона выше нормы
1,2025-01-24 02:17:14.509585770,Красноярская,CV,"ЗАБ, ВЧДЭ-3 КАРЫМСКАЯ",2025,2024,22 days 20:38:56.602979568,32918.9433829928,92.09178737640468,0.0879877582249426,Зима,1,1,0.0087552017788344,0.0029184005929448,0.0087552017788344,126.07490561521894,1,0,27,"9,17ч",8,"3,97ч",3,"1,12ч",department,Тонкий гребень колеса грузового вагона
3,2025-01-24 02:57:09.333023076,Свердловская,CV,"Ю-УР, ВЧДЭ-1 ЧЕЛЯБИНСК",2025,2024,22 days 21:18:51.426416874,32958.8571069479,39.91372395509825,0.088752869166029,Зима,1,1,0.0087552017788344,0.0029184005929448,0.0087552017788344,126.07490561521894,1,0,,,,,,,department,Неравномерный прокат по кругу катания колеса грузового вагона выше нормы
2,2025-01-24 03:13:32.677586940,Западно-Сибирская,CV,"КРАС, ВЧДЭ-7 КРАСНОЯРСК-ВОСТ",2025,2024,22 days 21:35:14.770980738,32975.2461830123,16.389076064398978,0.0895179801071155,Зима,1,1,0.0087552017788344,0.0029184005929448,0.0087552017788344,126.07490561521894,1,0,28,"11,23ч",4,"1,25ч",17,"1,62ч",department,Неравномерный прокат по кругу катания колеса грузового вагона выше нормы
1,2025-01-24 06:02:18.858728400,Свердловская,CV,"СВЕРД, ВЧДЭ-4",2025,2024,23 days 00:24:00.952122198,33144.015868703296,168.769685690997,0.090283091048202,Зима,1,1,0.0087552017788344,0.0029184005929448,0.0087552017788344,126.07490561521894,1,0,20,"23,47ч",26,"0,55ч",69,"0,58ч",department,Тонкий гребень колеса грузового вагона
3,2025-01-24 06:30:18.923354940,Восточно-Сибирская,CV,"КРАС, ВЧДЭ-7 КРАСНОЯРСК-ВОСТ",2025,2024,23 days 00:52:01.016748738,33172.0169458123,28.00107710900193,0.0910482019892884,Зима,1,1,0.0087552017788344,0.0029184005929448,0.0087552017788344,126.07490561521894,1,0,,,,,,,department,Тонкий гребень колеса грузового вагона
2,2025-01-24 06:59:14.012813244,Западно-Сибирская,CV,"З-СИБ, ВЧДЭ-6 ИНСКАЯ",2025,2024,23 days 01:20:56.106207042,33200.9351034507,28.91815763839986,0.0918133129303749,Зима,1,1,0.0087552017788344,0.0029184005929448,0.0087552017788344,126.07490561521894,1,0,23,"18,4ч",5,"2,38ч",50,"8,45ч",department,Неисправность магистральной части воздухораспределителя
1,2025-01-24 07:35:58.573359516,Октябрьская,CV,"КРАС, ВЧДЭ-7 КРАСНОЯРСК-ВОСТ",2025,2024,23 days 01:57:40.666753314,33237.6777792219,36.7426757712019,0.0925784238714613,Зима,1,1,0.0087552017788344,0.0029184005929448,0.0087552017788344,126.07490561521894,1,0,19,"15,67ч",8,"3,63ч",50,"0,3ч",department,Разрегулирование рычажной передачи грузового вагона
1,2025-01-24 09:16:54.925671582,Восточно-Сибирская,CV,"КРАС, ВЧДЭ-7 КРАСНОЯРСК-ВОСТ",2025,2024,23 days 03:38:37.019065380,33338.616984423,100.9392052011026,0.0933435348125478,Зима,1,1,0.0087552017788344,0.0029184005929448,0.0087552017788344,126.07490561521894,1,0,10,"1,67ч",4,"1,45ч",6,"2,18ч",department,Тонкий гребень колеса грузового вагона
2,2025-01-24 11:20:01.352281536,Свердловская,CV,"СВЕРД, ВЧДЭ-4",2025,2024,23 days 05:41:43.445675334,33461.7240945889,123.1071101658963,0.0941086457536342,Зима,1,1,0.0087552017788344,0.0029184005929448,0.0087552017788344,126.07490561521894,1,0,10,"2,5ч",26,"2,58ч",17,"0,87ч",department,Завар тормозного башмака грузового вагона
1,2025-01-24 11:22:03.057920916,Восточно-Сибирская,CV,"Ю-УР, ВЧДЭ-1 ЧЕЛЯБИНСК",2025,2024,23 days 05:43:45.151314714,33463.7525219119,2.0284273229990504,0.0948737566947207,Зима,1,1,0.0087552017788344,0.0029184005929448,0.0087552017788344,126.07490561521894,1,0,9,"1,2ч",7,"1,95ч",1,"2,83ч",department,Неравномерный прокат по кругу катания колеса грузового вагона выше нормы
2,2025-01-24 11:53:40.672146858,Октябрьская,CV,"КРАС, ВЧДЭ-7 КРАСНОЯРСК-ВОСТ",2025,2024,23 days 06:15:22.765540656,33495.3794256776,31.6269037657039,0.0956388676358071,Зима,1,1,0.0087552017788344,0.0029184005929448,0.0087552017788344,126.07490561521894,1,0,118,"5,22ч",3,"2,2ч",8,"0,22ч",department,Тонкий гребень колеса грузового вагона
3,2025-01-24 12:58:04.594078152,Южно-Уральская,CV,"СВЕРД, ВЧДЭ-4",2025,2024,23 days 07:19:46.687471950,33559.7781245325,64.39869885490043,0.0964039785768936,Зима,1,1,0.0087552017788344,0.0029184005929448,0.0087552017788344,126.07490561521894,1,0,,,,,,,department,Несоответствие момента затяжки накидной гайки установленному нормативу
3,2025-01-24 13:44:09.345457818,Забайкальская,CV,"З-СИБ, ВЧДЭ-25 НОВОКУЗНЕЦК",2025,2024,23 days 08:05:51.438851616,33605.8573141936,46.07918966109719,0.0971690895179801,Зима,1,1,0.0087552017788344,0.0029184005929448,0.0087552017788344,126.07490561521894,1,0,,,,,,,department,Выщербина на ободе колеса грузового вагона
2,2025-01-24 17:50:22.076592912,Южно-Уральская,CV,"З-СИБ, ВЧДЭ-6 ИНСКАЯ",2025,2024,23 days 12:12:04.169986710,33852.069499778496,246.2121855848964,0.0979342004590665,Зима,1,1,0.0087552017788344,0.0029184005929448,0.0087552017788344,126.07490561521894,1,0,29,"0,07ч",25,"0,82ч",25,"1,82ч",department,Разрегулирование рычажной передачи грузового вагона
2,2025-01-24 20:47:22.935429738,Восточно-Сибирская,CV,"З-СИБ, ВЧДЭ-23 БЕЛОВО",2025,2024,23 days 15:09:05.028823536,34029.0838137256,177.0143139471038,0.098699311400153,Зима,1,1,0.0087552017788344,0.0029184005929448,0.0087552017788344,126.07490561521894,1,0,20,"1,42ч",20,"2,37ч",9,"0,38ч",department,Тонкий гребень колеса грузового вагона
2,2025-01-24 22:39:40.913661234,Восточно-Сибирская,CV,"Д-ВОСТ, ВЧДЭ-1 ХАБАРОВСК",2025,2024,23 days 17:01:23.007055032,34141.3834509172,112.2996371916015,0.0994644223412394,Зима,1,1,0.0087552017788344,0.0029184005929448,0.0087552017788344,126.07490561521894,1,0,37,"14,42ч",4,"6,65ч",13,"0,07ч",department,Тонкий гребень колеса грузового вагона
2,2025-01-24 23:26:48.173212908,Свердловская,CV,"В-СИБ, ВЧДЭ-10 УЛАН-УДЭ",2025,2024,23 days 17:48:30.266606706,34188.5044434451,47.12099252789631,0.1002295332823259,Зима,1,1,0.0087552017788344,0.0029184005929448,0.0087552017788344,126.07490561521894,1,0,25,"4,67ч",7,"1,52ч",6,"1,5ч",department,Тонкий гребень колеса грузового вагона
1,2025-01-25 01:44:34.457641878,Свердловская,CV,"КРАС, ВЧДЭ-7 КРАСНОЯРСК-ВОСТ",2025,2024,23 days 20:06:16.551035676,34326.2758505946,137.77140714949928,0.1009946442234124,Зима,1,1,0.0087552017788344,0.0029184005929448,0.0087552017788344,126.07490561521894,1,0,39,"2,3ч",3,"3,38ч",13,"10,63ч",department,Выщербина на ободе колеса грузового вагона
1,2025-01-25 05:16:30.885494747,Дальневосточная,CV,"КРАС, ВЧДЭ-7 КРАСНОЯРСК-ВОСТ",2025,2024,23 days 23:38:12.978888545,34538.216314809084,211.9404642144873,0.1017597551644988,Зима,1,1,0.0087552017788344,0.0029184005929448,0.0087552017788344,126.07490561521894,1,0,56,"26,77ч",8,"0,28ч",12,"1,48ч",department,Тонкий гребень колеса грузового вагона
2,2025-01-25 06:59:42.286911024,Южно-Уральская,CV,"З-СИБ, ВЧДЭ-12 ВХОДНАЯ",2025,2024,24 days 01:21:24.380304822,34641.4063384137,103.19002360461307,0.1025248661055853,Зима,1,1,0.0087552017788344,0.0029184005929448,0.0087552017788344,126.07490561521894,1,0,5,"24,65ч",5,"2,53ч",18,"0,95ч",department,Тонкий гребень колеса грузового вагона
3,2025-01-25 09:54:59.113019226,Куйбышевская,CV,"СВЕРД, ВЧДЭ-4",2025,2024,24 days 04:16:41.206413024,34816.6867735504,175.28043513670127,0.1032899770466717,Зима,1,1,0.0087552017788344,0.0029184005929448,0.0087552017788344,126.07490561521894,1,0,,,,,,,department,Тонкий гребень колеса грузового вагона
3,2025-01-25 12:32:54.992400276,Южно-Уральская,CV,"КРАС, ВЧДЭ-8 АБАКАН",2025,2024,24 days 06:54:37.085794074,34974.6180965679,157.93132301750302,0.1040550879877582,Зима,1,1,0.0087552017788344,0.0029184005929448,0.0087552017788344,126.07490561521894,1,0,,,,,,,department,Ослабление (разрушение) торцевого крепления
2,2025-01-25 14:09:46.521597138,Южно-Уральская,CV,"КРАС, ВЧДЭ-7 КРАСНОЯРСК-ВОСТ",2025,2024,24 days 08:31:28.614990936,35071.4769165156,96.8588199477017,0.1048201989288446,Зима,1,1,0.0087552017788344,0.0029184005929448,0.0087552017788344,126.07490561521894,1,0,10,"1,15ч",11,"6,65ч",16,"1,92ч",department,Технологический нагрев буксового узла
1,2025-01-25 14:52:31.164579588,Восточно-Сибирская,CV,"КРАС, ВЧДЭ-7 КРАСНОЯРСК-ВОСТ",2025,2024,24 days 09:14:13.257973386,35114.220966223096,42.74404970749311,0.1055853098699311,Зима,1,1,0.0087552017788344,0.0029184005929448,0.0087552017788344,126.07490561521894,1,0,41,"14,4ч",4,"2,43ч",3,"0,4ч",department,Несоответствие зазоров скользуна грузового вагона
2,2025-01-25 17:28:56.879050572,Куйбышевская,CV,"ЗАБ, ВЧДЭ-3 КАРЫМСКАЯ",2025,2024,24 days 11:50:38.972444370,35270.6495407395,156.42857451640157,0.1063504208110176,Зима,1,1,0.0087552017788344,0.0029184005929448,0.0087552017788344,126.07490561521894,1,0,5,"1,95ч",2,"0,52ч",0,,department,Неравномерный прокат по кругу катания колеса грузового вагона выше нормы
3,2025-01-25 17:55:24.565826100,Забайкальская,CV,"Ю-УР, ВЧДЭ-1 ЧЕЛЯБИНСК",2025,2024,24 days 12:17:06.659219898,35297.1109869983,26.461446258799697,0.107115531752104,Зима,1,1,0.0087552017788344,0.0029184005929448,0.0087552017788344,126.07490561521894,1,0,,,,,,,department,Тонкий гребень колеса грузового вагона
3,2025-01-25 20:48:05.067661782,Южно-Уральская,CV,"КРАС, ВЧДЭ-8 АБАКАН",2025,2024,24 days 15:09:47.161055580,35469.786017593,172.6750305946989,0.1078806426931905,Зима,1,1,0.0087552017788344,0.0029184005929448,0.0087552017788344,126.07490561521894,1,0,,,,,,,department,Неисправность магистральной части воздухораспределителя
3,2025-01-25 23:54:32.248520484,Забайкальская,CV,"КРАС, ВЧДЭ-7 КРАСНОЯРСК-ВОСТ",2025,2024,24 days 18:16:14.341914282,35656.239031904704,186.4530143117081,0.1086457536342769,Зима,1,1,0.0087552017788344,0.0029184005929448,0.0087552017788344,126.07490561521894,1,0,,,,,,,department,Тонкий гребень колеса грузового вагона
3,2025-01-26 03:11:46.031685522,Восточно-Сибирская,CV,"В-СИБ, ВЧДЭ-10 УЛАН-УДЭ",2025,2024,24 days 21:33:28.125079320,35853.468751322,197.22971941729335,0.1094108645753634,Зима,1,1,0.0087552017788344,0.0029184005929448,0.0087552017788344,126.07490561521894,1,0,,,,,,,department,Ослабление (разрушение) торцевого крепления
2,2025-01-26 04:24:54.704692518,Восточно-Сибирская,CV,"Д-ВОСТ, ВЧДЭ-1 ХАБАРОВСК",2025,2024,24 days 22:46:36.798086316,35926.6133014386,73.14455011660175,0.1101759755164498,Зима,1,1,0.0087552017788344,0.0029184005929448,0.0087552017788344,126.07490561521894,1,0,2,"22,92ч",15,"1,4ч",69,"1,82ч",department,Неисправность воздухораспределителя грузового вагона
3,2025-01-26 04:49:19.811351850,Восточно-Сибирская,CV,"В-СИБ, ВЧДЭ-10 УЛАН-УДЭ",2025,2024,24 days 23:11:01.904745648,35951.0317457608,24.418444322203868,0.1109410864575363,Зима,1,1,0.0087552017788344,0.0029184005929448,0.0087552017788344,126.07490561521894,1,0,,,,,,,department,Технологический нагрев буксового узла
3,2025-01-26 05:01:19.749882726,Восточно-Сибирская,CV,"В-СИБ, ВЧДЭ-10 УЛАН-УДЭ",2025,2024,24 days 23:23:01.843276524,35963.0307212754,11.998975514594347,0.1117061973986228,Зима,1,1,0.0087552017788344,0.0029184005929448,0.0087552017788344,126.07490561521894,1,0,,,,,,,department,Неплотность тормозной магистрали грузового вагона
3,2025-01-26 07:36:40.511605026,Западно-Сибирская,CV,"КРАС, ВЧДЭ-7 КРАСНОЯРСК-ВОСТ",2025,2024,25 days 01:58:22.604998824,36118.3767499804,155.34602870500385,0.1124713083397092,Зима,1,1,0.0087552017788344,0.0029184005929448,0.0087552017788344,126.07490561521894,1,0,,,,,,,department,Тонкий гребень колеса грузового вагона
2,2025-01-26 11:44:58.071009264,Восточно-Сибирская,CV,"ЗАБ, ВЧДЭ-7 БЕЛОГОРСК",2025,2024,25 days 06:06:40.164403062,36366.669406717694,248.2926567372924,0.1132364192807957,Зима,1,1,0.0087552017788344,0.0029184005929448,0.0087552017788344,126.07490561521894,1,0,37,"17,38ч",6,"4,43ч",24,"9,12ч",department,Тонкий гребень колеса грузового вагона
1,2025-01-26 13:45:09.009160470,Западно-Сибирская,CV,"СВЕРД, ВЧДЭ-4",2025,2024,25 days 08:06:51.102554268,36486.8517092378,120.18230252010837,0.1140015302218821,Зима,1,1,0.0087552017788344,0.0029184005929448,0.0087552017788344,126.07490561521894,1,0,4,"3,88ч",2,"3,68ч",16,"0,43ч",department,Тонкий гребень колеса грузового вагона
2,2025-01-26 14:02:55.839445080,Забайкальская,CV,"Д-ВОСТ, ВЧДЭ-1 ХАБАРОВСК",2025,2024,25 days 08:24:37.932838878,36504.632213981306,17.780504743503116,0.1147666411629686,Зима,1,1,0.0087552017788344,0.0029184005929448,0.0087552017788344,126.07490561521894,1,0,15,"6,02ч",25,"3,85ч",10,"0,87ч",department,Тонкий гребень колеса грузового вагона
1,2025-01-26 19:14:56.889485970,Северная,CV,"Д-ВОСТ, ВЧДЭ-1 ХАБАРОВСК",2025,2024,25 days 13:36:38.982879768,36816.6497146628,312.01750068149704,0.115531752104055,Зима,1,1,0.0087552017788344,0.0029184005929448,0.0087552017788344,126.07490561521894,1,0,24,"5,6ч",16,"2,1ч",18,"2,98ч",department,Неплотность тормозной магистрали грузового вагона
2,2025-01-27 03:51:07.122550446,Западно-Сибирская,CV,"З-СИБ, ВЧДЭ-12 ВХОДНАЯ",2025,2024,25 days 22:12:49.215944244,37332.8202657374,516.170551074596,0.1162968630451415,Зима,1,1,0.0087552017788344,0.0029184005929448,0.0087552017788344,126.07490561521894,1,0,5,"0,32ч",11,"4,75ч",4,"2,27ч",department,Неисправность воздухораспределителя грузового вагона
3,2025-01-27 04:56:00.103809126,Западно-Сибирская,CV,"ЗАБ, ВЧДЭ-3 КАРЫМСКАЯ",2025,2024,25 days 23:17:42.197202924,37397.703286715405,64.88302097800624,0.117061973986228,Зима,1,1,0.0087552017788344,0.0029184005929448,0.0087552017788344,126.07490561521894,1,0,,,,,,,department,Выщербина на ободе колеса грузового вагона
3,2025-01-27 06:39:11.419165698,Западно-Сибирская,CV,"ЗАБ, ВЧДЭ-7 БЕЛОГОРСК",2025,2024,26 days 01:00:53.512559496,37500.8918759916,103.18858927619294,0.1178270849273144,Зима,1,1,0.0087552017788344,0.0029184005929448,0.0087552017788344,126.07490561521894,1,0,,,,,,,department,Неправильное включение режимов отпуска воздухораспределителя
3,2025-01-27 09:30:42.047463546,Восточно-Сибирская,CV,"КРАС, ВЧДЭ-7 КРАСНОЯРСК-ВОСТ",2025,2024,26 days 03:52:24.140857344,37672.4023476224,171.5104716308051,0.1185921958684009,Зима,1,1,0.0087552017788344,0.0029184005929448,0.0087552017788344,126.07490561521894,1,0,,,,,,,department,Несоответствие зазоров скользуна грузового вагона
3,2025-01-27 12:02:59.132671032,Северная,CV,"З-СИБ, ВЧДЭ-25 НОВОКУЗНЕЦК",2025,2024,26 days 06:24:41.226064830,37824.6871010805,152.28475345810148,0.1193573068094873,Зима,1,1,0.0087552017788344,0.0029184005929448,0.0087552017788344,126.07490561521894,1,0,,,,,,,department,Неправильное включение режимов отпуска воздухораспределителя
1,2025-01-27 18:35:22.104446616,Восточно-Сибирская,CV,"В-СИБ, ВЧДЭ-10 УЛАН-УДЭ",2025,2024,26 days 12:57:04.197840414,38217.0699640069,392.3828629263953,0.1201224177505738,Зима,1,1,0.0087552017788344,0.0029184005929448,0.0087552017788344,126.07490561521894,1,0,30,"2,88ч",11,"1,52ч",13,"1,08ч",department,Несоответствие зазоров скользуна грузового вагона
2,2025-01-27 18:49:18.422411448,Западно-Сибирская,CV,"КРАС, ВЧДЭ-1 БОГОТОЛ",2025,2024,26 days 13:11:00.515805246,38231.008596754094,13.938632747194788,0.1208875286916602,Зима,1,1,0.0087552017788344,0.0029184005929448,0.0087552017788344,126.07490561521894,1,0,15,"13,62ч",25,"1,83ч",11,"3,02ч",department,Тонкий гребень колеса грузового вагона
3,2025-01-27 20:28:35.301207366,Дальневосточная,CV,"Ю-УР, ВЧДЭ-1 ЧЕЛЯБИНСК",2025,2024,26 days 14:50:17.394601164,38330.2899100194,99.28131326530274,0.1216526396327467,Зима,1,1,0.0087552017788344,0.0029184005929448,0.0087552017788344,126.07490561521894,1,0,,,,,,,department,Ослабление (разрушение) торцевого крепления
3,2025-01-27 22:43:04.329566544,Свердловская,CV,"ОКТ, ВЧДЭ-28 ВОЛХОВСТРОЙ",2025,2024,26 days 17:04:46.422960342,38464.7737160057,134.4838059863032,0.1224177505738332,Зима,1,1,0.0087552017788344,0.0029184005929448,0.0087552017788344,126.07490561521894,1,0,,,,,,,department,Тонкий гребень колеса грузового вагона
2,2025-01-28 11:19:42.553876362,Красноярская,CV,"Д-ВОСТ, ВЧДЭ-1 ХАБАРОВСК",2025,2024,27 days 05:41:24.647270160,39221.410787836,756.6370718302933,0.1231828615149196,Зима,1,1,0.0029184005929448,0.0029184005929448,0.0087552017788344,126.07490561521894,0,0,25,"0,43ч",20,"0,57ч",12,"0,35ч",department,Неисправность воздухораспределителя грузового вагона
1,2025-01-28 23:09:48.297933954,Забайкальская,CV,"З-СИБ, ВЧДЭ-6 ИНСКАЯ",2025,2024,27 days 17:31:30.391327752,39931.5065221292,710.0957342932015,0.1239479724560061,Зима,1,1,0.0029184005929448,0.0029184005929448,0.0087552017788344,126.07490561521894,0,0,20,"9,7ч",10,"2,07ч",31,"1,95ч",department,Несоответствие момента затяжки накидной гайки установленному нормативу
2,2025-01-29 20:57:36.691573614,Октябрьская,CV,"В-СИБ, ВЧДЭ-13 ТАЙШЕТ",2025,2024,28 days 15:19:18.784967412,41239.3130827902,1307.8065606610037,0.1247130833970925,Зима,1,1,0.0029184005929448,0.0029184005929448,0.0087552017788344,126.07490561521894,0,0,4,"14,23ч",16,"3,15ч",13,"2,22ч",department,Несоответствие зазоров скользуна грузового вагона
2,2025-01-30 01:03:29.991460968,Восточно-Сибирская,CV,"ОКТ, ВЧДЭ-28 ВОЛХОВСТРОЙ",2025,2024,28 days 19:25:12.084854766,41485.2014142461,245.88833145589888,0.125478194338179,Зима,1,1,0.0029184005929448,0.0029184005929448,0.0087552017788344,126.07490561521894,0,0,3,"4,05ч",11,"1,12ч",4,"0,07ч",department,"Шелушение, раковины, коррозия на деталях подшипника"
2,2025-01-30 11:12:12.240926718,Восточно-Сибирская,CV,"КРАС, ВЧДЭ-7 КРАСНОЯРСК-ВОСТ",2025,2024,29 days 05:33:54.334320516,42093.9055720086,608.7041577624987,0.1262433052792655,Зима,1,1,0.0029184005929448,0.0029184005929448,0.0087552017788344,126.07490561521894,0,0,118,"16,9ч",3,"1,8ч",2,"15,28ч",department,Неисправность магистральной части воздухораспределителя
2,2025-01-30 14:23:11.147323500,Западно-Сибирская,CV,"КРАС, ВЧДЭ-7 КРАСНОЯРСК-ВОСТ",2025,2024,29 days 08:44:53.240717298,42284.8873452883,190.98177327970188,0.1270084162203519,Зима,1,1,0.0029184005929448,0.0029184005929448,0.0087552017788344,126.07490561521894,0,0,51,"5,03ч",13,"0,33ч",3,"0,93ч",department,Тонкий гребень колеса грузового вагона
2,2025-01-30 17:31:12.489584940,Западно-Сибирская,CV,"ЗАБ, ВЧДЭ-3 КАРЫМСКАЯ",2025,2024,29 days 11:52:54.582978738,42472.9097163123,188.0223710240025,0.1277735271614384,Зима,1,1,0.0029184005929448,0.0029184005929448,0.0087552017788344,126.07490561521894,0,0,30,"8,03ч",5,"2,53ч",13,"1,33ч",department,Выщербина на ободе колеса грузового вагона
2,2025-01-30 19:11:18.996464784,Забайкальская,CV,"КРАС, ВЧДЭ-1 БОГОТОЛ",2025,2024,29 days 13:33:01.089858582,42573.018164309695,100.10844799739424,0.1285386381025248,Зима,1,1,0.0029184005929448,0.0029184005929448,0.0087552017788344,126.07490561521894,0,0,19,"4,37ч",8,"3,63ч",0,,department,Тонкий гребень колеса грузового вагона
3,2025-01-31 04:55:33.537397487,Красноярская,CV,"КРАС, ВЧДЭ-7 КРАСНОЯРСК-ВОСТ",2025,2024,29 days 23:17:15.630791285,43157.260513188085,584.2423488783897,0.1293037490436113,Зима,1,1,0.0029184005929448,0.0029184005929448,0.0087552017788344,126.07490561521894,0,0,,,,,,,department,Тонкий гребень колеса грузового вагона
3,2025-02-01 05:13:44.836855950,Забайкальская,CV,"З-СИБ, ВЧДЭ-23 БЕЛОВО",2025,2024,30 days 23:35:26.930249748,44615.4488374958,1458.18832430771,0.1300688599846977,Зима,1,2,0.0029184005929448,0.0029184005929448,0.0087552017788344,126.07490561521894,0,0,,,,,,,department,Технологический нагрев буксового узла
2,2025-02-01 06:55:13.932287388,Забайкальская,CV,"СВЕРД, ВЧДЭ-4",2025,2024,31 days 01:16:56.025681186,44716.9337613531,101.48492385730788,0.1308339709257842,Зима,1,2,0.0029184005929448,0.0029184005929448,0.0087552017788344,126.07490561521894,0,0,2,"3,7ч",16,"1,9ч",4,"0,22ч",department,Тонкий гребень колеса грузового вагона
3,2025-02-01 07:15:01.607141538,Забайкальская,CV,"КРАС, ВЧДЭ-8 АБАКАН",2025,2024,31 days 01:36:43.700535336,44736.7283422556,19.79458090249682,0.1315990818668707,Зима,1,2,0.0029184005929448,0.0029184005929448,0.0087552017788344,126.07490561521894,0,0,,,,,,,department,Несоответствие зазоров скользуна грузового вагона
1,2025-02-01 16:54:13.570785378,Свердловская,CV,"З-СИБ, ВЧДЭ-25 НОВОКУЗНЕЦК",2025,2024,31 days 11:15:55.664179176,45315.9277363196,579.1993940640023,0.1323641928079571,Зима,1,2,0.0029184005929448,0.0029184005929448,0.0087552017788344,126.07490561521894,0,0,25,"12,18ч",11,"5,07ч",25,"2,92ч",department,Технологический нагрев буксового узла
1,2025-02-01 22:25:58.780783056,Южно-Уральская,CV,"КРАС, ВЧДЭ-8 АБАКАН",2025,2024,31 days 16:47:40.874176854,45647.6812362809,331.7534999612981,0.1331293037490436,Зима,1,2,0.0029184005929448,0.0029184005929448,0.0087552017788344,126.07490561521894,0,0,76,"6,63ч",7,"80,4ч",13,"0,38ч",department,"Шелушение, раковины, коррозия на деталях подшипника"
1,2025-02-02 16:46:22.082489478,Октябрьская,CV,"КРАС, ВЧДЭ-7 КРАСНОЯРСК-ВОСТ",2025,2024,32 days 11:08:04.175883276,46748.0695980546,1100.388361773701,0.13389441469013,Зима,1,2,0.0029184005929448,0.0029184005929448,0.0087552017788344,126.07490561521894,0,0,32,"5,13ч",4,"2,2ч",37,"1,85ч",department,Тонкий гребень колеса грузового вагона
3,2025-02-02 18:25:58.071484158,Октябрьская,CV,"КРАС, ВЧДЭ-8 АБАКАН",2025,2024,32 days 12:47:40.164877956,46847.6694146326,99.59981657799652,0.1346595256312165,Зима,1,2,0.0029184005929448,0.0029184005929448,0.0087552017788344,126.07490561521894,0,0,,,,,,,department,Выщербина на ободе колеса грузового вагона
3,2025-02-02 18:51:12.797994054,Куйбышевская,CV,"В-СИБ, ВЧДЭ-10 УЛАН-УДЭ",2025,2024,32 days 13:12:54.891387852,46872.9148564642,25.24544183160469,0.135424636572303,Зима,1,2,0.0029184005929448,0.0029184005929448,0.0087552017788344,126.07490561521894,0,0,,,,,,,department,Несоответствие момента затяжки накидной гайки установленному нормативу
1,2025-02-02 22:43:34.916930412,Восточно-Сибирская,CV,"Ю-УР, ВЧДЭ-1 ЧЕЛЯБИНСК",2025,2024,32 days 17:05:17.010324210,47105.2835054035,232.36864893930036,0.1361897475133894,Зима,1,2,0.0029184005929448,0.0029184005929448,0.0087552017788344,126.07490561521894,0,0,29,"9,83ч",8,"1,73ч",2,"0,82ч",department,Несоответствие момента затяжки накидной гайки установленному нормативу
2,2025-02-02 23:14:11.689957050,Западно-Сибирская,CV,"КРАС, ВЧДЭ-7 КРАСНОЯРСК-ВОСТ",2025,2024,32 days 17:35:53.783350848,47135.8963891808,30.61288377729943,0.1369548584544759,Зима,1,2,0.0029184005929448,0.0029184005929448,0.0087552017788344,126.07490561521894,0,0,17,"0,1ч",13,"2,38ч",50,"1,55ч",department,Излом рычагов и тормозных тяг грузового вагона
1,2025-02-03 00:58:11.963021160,Западно-Сибирская,CV,"ЗАБ, ВЧДЭ-7 БЕЛОГОРСК",2025,2024,32 days 19:19:54.056414958,47239.9009402493,104.00455106850131,0.1377199693955623,Зима,1,2,0.0029184005929448,0.0029184005929448,0.0087552017788344,126.07490561521894,0,0,34,"3,17ч",13,"2,8ч",2,"0,3ч",department,Разрегулирование рычажной передачи грузового вагона
2,2025-02-03 01:44:20.251372716,Октябрьская,CV,"КРАС, ВЧДЭ-7 КРАСНОЯРСК-ВОСТ",2025,2024,32 days 20:06:02.344766514,47286.0390794419,46.13813919259701,0.1384850803366488,Зима,1,2,0.0029184005929448,0.0029184005929448,0.0087552017788344,126.07490561521894,0,0,33,"6,07ч",1,"0,37ч",26,"0,93ч",department,Тонкий гребень колеса грузового вагона
2,2025-02-03 03:11:17.625064344,Западно-Сибирская,CV,"ЗАБ, ВЧДЭ-7 БЕЛОГОРСК",2025,2024,32 days 21:32:59.718458142,47372.995307635705,86.95622819380515,0.1392501912777352,Зима,1,2,0.0029184005929448,0.0029184005929448,0.0087552017788344,126.07490561521894,0,0,39,"32,53ч",1,"3,63ч",12,"1,07ч",department,Неплотность тормозной магистрали грузового вагона
3,2025-02-03 03:49:44.600766492,Западно-Сибирская,CV,"ЗАБ, ВЧДЭ-3 КАРЫМСКАЯ",2025,2024,32 days 22:11:26.694160290,47411.4449026715,38.44959503579594,0.1400153022188217,Зима,1,2,0.0029184005929448,0.0029184005929448,0.0087552017788344,126.07490561521894,0,0,,,,,,,department,Выщербина на ободе колеса грузового вагона
3,2025-02-03 21:24:06.768769908,Южно-Уральская,CV,"З-СИБ, ВЧДЭ-6 ИНСКАЯ",2025,2024,33 days 15:45:48.862163706,48465.81436939511,1054.369466723605,0.1407804131599082,Зима,1,2,0.0029184005929448,0.0029184005929448,0.0087552017788344,126.07490561521894,0,0,,,,,,,department,Технологический нагрев буксового узла
2,2025-02-03 23:15:59.551646874,Свердловская,CV,"В-СИБ, ВЧДЭ-13 ТАЙШЕТ",2025,2024,33 days 17:37:41.645040672,48577.6940840112,111.87971461609412,0.1415455241009946,Зима,1,2,0.0029184005929448,0.0029184005929448,0.0087552017788344,126.07490561521894,0,0,25,"9,2ч",7,"1,9ч",3,"2,08ч",department,Тонкий гребень колеса грузового вагона
2,2025-02-04 02:37:03.751577292,Восточно-Сибирская,CV,"Д-ВОСТ, ВЧДЭ-1 ХАБАРОВСК",2025,2024,33 days 20:58:45.844971090,48778.7640828515,201.06999884029935,0.1423106350420811,Зима,1,2,0.0029184005929448,0.0029184005929448,0.0087552017788344,126.07490561521894,0,0,21,"9,4ч",11,"3,97ч",5,"8,03ч",department,Тонкий гребень колеса грузового вагона
2,2025-02-04 15:41:19.635123276,Восточно-Сибирская,CV,"В-СИБ, ВЧДЭ-13 ТАЙШЕТ",2025,2024,34 days 10:03:01.728517074,49563.0288086179,784.2647257663994,0.1430757459831675,Зима,1,2,0.0029184005929448,0.0029184005929448,0.0087552017788344,126.07490561521894,0,0,1,"1,57ч",26,"3,95ч",11,"0,5ч",department,Тонкий гребень колеса грузового вагона
2,2025-02-04 22:08:54.134512248,Восточно-Сибирская,CV,"Ю-УР, ВЧДЭ-1 ЧЕЛЯБИНСК",2025,2024,34 days 16:30:36.227906046,49950.6037984341,387.574989816203,0.143840856924254,Зима,1,2,0.0029184005929448,0.0029184005929448,0.0087552017788344,126.07490561521894,0,0,25,"4,63ч",6,"2,25ч",7,"1,1ч",department,Технологический нагрев буксового узла
1,2025-02-05 03:38:40.988876994,Забайкальская,CV,"КРАС, ВЧДЭ-8 АБАКАН",2025,2024,34 days 22:00:23.082270792,50280.384704513206,329.78090607910417,0.1446059678653404,Зима,1,2,0.0029184005929448,0.0029184005929448,0.0087552017788344,126.07490561521894,0,0,21,"5,28ч",5,"0,9ч",16,"1,12ч",department,Неисправность магистральной части воздухораспределителя
1,2025-02-05 10:37:38.542717086,Восточно-Сибирская,CV,"КРАС, ВЧДЭ-1 БОГОТОЛ",2025,2024,35 days 04:59:20.636110884,50699.3439351814,418.9592306681952,0.1453710788064269,Зима,1,2,0.0029184005929448,0.0029184005929448,0.0087552017788344,126.07490561521894,0,0,37,"13,65ч",6,"5,75ч",3,"0,7ч",department,Тонкий гребень колеса грузового вагона
2,2025-02-05 20:42:26.628070062,Свердловская,CV,"Ю-УР, ВЧДЭ-1 ЧЕЛЯБИНСК",2025,2024,35 days 15:04:08.721463860,51304.145357731,604.8014225496008,0.1461361897475133,Зима,1,2,0.0029184005929448,0.0029184005929448,0.0087552017788344,126.07490561521894,0,0,19,"1,82ч",13,"3,97ч",1,"1,67ч",department,Тонкий гребень колеса грузового вагона
3,2025-02-06 08:42:22.075357068,Забайкальская,CV,"Ю-УР, ВЧДЭ-1 ЧЕЛЯБИНСК",2025,2024,36 days 03:04:04.168750866,52024.0694791811,719.9241214500944,0.1469013006885998,Зима,1,2,0.0029184005929448,0.0029184005929448,0.0087552017788344,126.07490561521894,0,0,,,,,,,department,Тонкий гребень колеса грузового вагона
3,2025-02-06 14:34:57.718270152,Южно-Уральская,CV,"Ю-УР, ВЧДЭ-1 ЧЕЛЯБИНСК",2025,2024,36 days 08:56:39.811663950,52376.6635277325,352.5940485514002,0.1476664116296863,Зима,1,2,0.0029184005929448,0.0029184005929448,0.0087552017788344,126.07490561521894,0,0,,,,,,,department,Тонкий гребень колеса грузового вагона
1,2025-02-07 03:11:18.898378770,Забайкальская,CV,"З-СИБ, ВЧДЭ-12 ВХОДНАЯ",2025,2024,36 days 21:33:00.991772568,53133.0165295428,756.3530018102974,0.1484315225707727,Зима,1,2,0.0029184005929448,0.0029184005929448,0.0087552017788344,126.07490561521894,0,0,16,"5,5ч",7,"3,13ч",30,"1,27ч",department,Тонкий гребень колеса грузового вагона
2,2025-02-07 07:33:59.033678304,Забайкальская,CV,"Д-ВОСТ, ВЧДЭ-1 ХАБАРОВСК",2025,2024,37 days 01:55:41.127072102,53395.6854512017,262.6689216589075,0.1491966335118592,Зима,1,2,0.0029184005929448,0.0029184005929448,0.0087552017788344,126.07490561521894,0,0,32,"5,6ч",8,"0,72ч",0,,department,Неравномерный прокат по кругу катания колеса грузового вагона выше нормы
3,2025-02-07 09:25:15.603633300,Восточно-Сибирская,CV,"КРАС, ВЧДЭ-8 АБАКАН",2025,2024,37 days 03:46:57.697027098,53506.9616171183,111.27616591659898,0.1499617444529457,Зима,1,2,0.0029184005929448,0.0029184005929448,0.0087552017788344,126.07490561521894,0,0,,,,,,,department,Выщербина на ободе колеса грузового вагона
3,2025-02-07 21:31:59.685672504,Восточно-Сибирская,CV,"ЗАБ, ВЧДЭ-3 КАРЫМСКАЯ",2025,2024,37 days 15:53:41.779066302,54233.6963177717,726.7347006533964,0.1507268553940321,Зима,1,2,0.0029184005929448,0.0029184005929448,0.0087552017788344,126.07490561521894,0,0,,,,,,,department,Тонкий гребень колеса грузового вагона
3,2025-02-08 01:59:10.433339556,Свердловская,CV,"СВЕРД, ВЧДЭ-4",2025,2024,37 days 20:20:52.526733354,54500.8754455559,267.1791277842058,0.1514919663351186,Зима,1,2,0.0029184005929448,0.0029184005929448,0.0087552017788344,126.07490561521894,0,0,,,,,,,department,Неравномерный прокат по кругу катания колеса грузового вагона выше нормы
1,2025-02-08 15:29:51.979100076,Восточно-Сибирская,CV,"ЗАБ, ВЧДЭ-3 КАРЫМСКАЯ",2025,2024,38 days 09:51:34.072493874,55311.5678748979,810.6924293419943,0.152257077276205,Зима,1,2,0.0029184005929448,0.0029184005929448,0.0087552017788344,126.07490561521894,0,0,22,"1,67ч",2,"1,78ч",26,"1,95ч",department,Неравномерный прокат по кругу катания колеса грузового вагона выше нормы
3,2025-02-08 15:43:54.841099866,Восточно-Сибирская,CV,"ЗАБ, ВЧДЭ-3 КАРЫМСКАЯ",2025,2024,38 days 10:05:36.934493664,55325.6155748944,14.04769999650307,0.1530221882172915,Зима,1,2,0.0029184005929448,0.0029184005929448,0.0087552017788344,126.07490561521894,0,0,,,,,,,department,Неплотность тормозной магистрали грузового вагона
1,2025-02-08 18:37:32.062618134,Восточно-Сибирская,CV,"КРАС, ВЧДЭ-7 КРАСНОЯРСК-ВОСТ",2025,2024,38 days 12:59:14.156011932,55499.2359335322,173.6203586378033,0.1537872991583779,Зима,1,2,0.0029184005929448,0.0029184005929448,0.0087552017788344,126.07490561521894,0,0,12,"4,97ч",5,"3,38ч",1,"0,78ч",department,Завышение фрикционного клина гасителя колебаний относительно опорной поверхности надрессорной балки
1,2025-02-09 11:29:18.648267798,Красноярская,CV,"ЗАБ, ВЧДЭ-3 КАРЫМСКАЯ",2025,2024,39 days 05:51:00.741661596,56511.0123610266,1011.7764274943984,0.1545524100994644,Зима,1,2,0.0029184005929448,0.0029184005929448,0.0087552017788344,126.07490561521894,0,0,21,"7,75ч",26,"0,7ч",7,"4,07ч",department,Тонкий гребень колеса грузового вагона
3,2025-02-09 13:07:43.573841508,Западно-Сибирская,CV,"СВЕРД, ВЧДЭ-4",2025,2024,39 days 07:29:25.667235306,56609.4277872551,98.41542622850102,0.1553175210405508,Зима,1,2,0.0029184005929448,0.0029184005929448,0.0087552017788344,126.07490561521894,0,0,,,,,,,department,Технологический нагрев буксового узла
2,2025-02-10 05:20:38.321585916,Западно-Сибирская,CV,"З-СИБ, ВЧДЭ-6 ИНСКАЯ",2025,2024,39 days 23:42:20.414979714,57582.3402496619,972.912462406799,0.1560826319816373,Зима,1,2,0.0029184005929448,0.0029184005929448,0.0087552017788344,126.07490561521894,0,0,27,"18,58ч",20,"1,27ч",7,"3,37ч",department,Выщербина на ободе колеса грузового вагона
1,2025-02-10 22:54:58.911470556,Свердловская,CV,"КРАС, ВЧДЭ-1 БОГОТОЛ",2025,2024,40 days 17:16:41.004864354,58636.6834144059,1054.3431647440011,0.1568477429227238,Зима,1,2,0.0029184005929448,0.0029184005929448,0.0087552017788344,126.07490561521894,0,0,16,"1,35ч",7,"0,33ч",16,"0,43ч",department,Тонкий гребень колеса грузового вагона
1,2025-02-11 11:07:40.198491552,Дальневосточная,CV,"З-СИБ, ВЧДЭ-23 БЕЛОВО",2025,2024,41 days 05:29:22.291885350,59369.3715314225,732.6881170165943,0.1576128538638102,Зима,1,2,0.0029184005929448,0.0029184005929448,0.0087552017788344,126.07490561521894,0,0,0,,7,"1,25ч",29,"18,77ч",department,Тонкий гребень колеса грузового вагона
3,2025-02-11 15:51:51.016590972,Забайкальская,CV,"СВЕРД, ВЧДЭ-4",2025,2024,41 days 10:13:33.109984770,59653.5518330795,284.18030165700475,0.1583779648048967,Зима,1,2,0.0029184005929448,0.0029184005929448,0.0087552017788344,126.07490561521894,0,0,,,,,,,department,"Шелушение, раковины, коррозия на деталях подшипника"
3,2025-02-11 21:48:35.529191328,Красноярская,CV,"СВЕРД, ВЧДЭ-4",2025,2024,41 days 16:10:17.622585126,60010.293709752106,356.7418766726041,0.1591430757459831,Зима,1,2,0.0029184005929448,0.0029184005929448,0.0087552017788344,126.07490561521894,0,0,,,,,,,department,Тонкий гребень колеса грузового вагона
2,2025-02-12 09:26:40.368423936,Забайкальская,CV,"З-СИБ, ВЧДЭ-6 ИНСКАЯ",2025,2024,42 days 03:48:22.461817734,60708.3743636289,698.0806538767938,0.1599081866870696,Зима,1,2,0.0029184005929448,0.0029184005929448,0.0087552017788344,126.07490561521894,0,0,2,"5,03ч",20,"1,48ч",25,"3,9ч",department,Несоответствие момента затяжки накидной гайки установленному нормативу
2,2025-02-12 17:59:09.742912950,Октябрьская,CV,"Ю-УР, ВЧДЭ-1 ЧЕЛЯБИНСК",2025,2024,42 days 12:20:51.836306748,61220.8639384458,512.4895748169001,0.160673297628156,Зима,1,2,0.0029184005929448,0.0029184005929448,0.0087552017788344,126.07490561521894,0,0,37,"2,48ч",15,"2,02ч",13,"1,17ч",department,Неравномерный прокат по кругу катания колеса грузового вагона выше нормы
3,2025-02-12 23:39:55.996009914,Восточно-Сибирская,CV,"В-СИБ, ВЧДЭ-10 УЛАН-УДЭ",2025,2024,42 days 18:01:38.089403712,61561.6348233952,340.7708849494011,0.1614384085692425,Зима,1,2,0.0029184005929448,0.0029184005929448,0.0087552017788344,126.07490561521894,0,0,,,,,,,department,Нарушение регулировки рычажной передачи
1,2025-02-13 22:41:28.658536158,Восточно-Сибирская,CV,"З-СИБ, ВЧДЭ-23 БЕЛОВО",2025,2024,43 days 17:03:10.751929956,62943.1791988326,1381.5443754373991,0.162203519510329,Зима,1,2,0.0029184005929448,0.0029184005929448,0.0087552017788344,126.07490561521894,0,0,22,"5,22ч",4,"0,97ч",50,"0,6ч",department,Неправильное включение режимов отпуска воздухораспределителя
3,2025-02-14 05:18:02.506546878,Восточно-Сибирская,CV,"КРАС, ВЧДЭ-7 КРАСНОЯРСК-ВОСТ",2025,2024,43 days 23:39:44.599940676,63339.7433323446,396.5641335119944,0.1629686304514154,Зима,1,2,0.0029184005929448,0.0029184005929448,0.0087552017788344,126.07490561521894,0,0,,,,,,,department,Тонкий гребень колеса грузового вагона
3,2025-02-15 02:28:43.186560018,Южно-Уральская,CV,"Ю-УР, ВЧДЭ-1 ЧЕЛЯБИНСК",2025,2024,44 days 20:50:25.279953816,64610.4213325636,1270.6780002190062,0.1637337413925019,Зима,1,2,0.0029184005929448,0.0029184005929448,0.0087552017788344,126.07490561521894,0,0,,,,,,,department,Тонкий гребень колеса грузового вагона
2,2025-02-15 02:48:58.256981958,Куйбышевская,CV,"СВЕРД, ВЧДЭ-4",2025,2024,44 days 21:10:40.350375756,64630.6725062626,20.251173698998173,0.1644988523335883,Зима,1,2,0.0029184005929448,0.0029184005929448,0.0087552017788344,126.07490561521894,0,0,37,"32,42ч",13,"3,17ч",70,"0,87ч",department,Тонкий гребень колеса грузового вагона
2,2025-02-15 03:40:14.217471330,Забайкальская,CV,"КРАС, ВЧДЭ-8 АБАКАН",2025,2024,44 days 22:01:56.310865128,64681.9385144188,51.26600815619895,0.1652639632746748,Зима,1,2,0.0029184005929448,0.0029184005929448,0.0087552017788344,126.07490561521894,0,0,33,"10,88ч",3,"1,55ч",31,"0,88ч",department,Технологический нагрев буксового узла
2,2025-02-15 07:05:59.876393934,Восточно-Сибирская,CV,"КРАС, ВЧДЭ-7 КРАСНОЯРСК-ВОСТ",2025,2024,45 days 01:27:41.969787732,64887.699496462206,205.76098204340812,0.1660290742157613,Зима,1,2,0.0029184005929448,0.0029184005929448,0.0087552017788344,126.07490561521894,0,0,19,"5,13ч",0,,6,"1,22ч",department,Технологический нагрев буксового узла
1,2025-02-15 09:52:30.356103815,Южно-Уральская,CV,"В-СИБ, ВЧДЭ-10 УЛАН-УДЭ",2025,2024,45 days 04:14:12.449497613,65054.20749162688,166.5079951646767,0.1667941851568477,Зима,1,2,0.0029184005929448,0.0029184005929448,0.0087552017788344,126.07490561521894,0,0,1,"0,35ч",1,"0,75ч",3,"7,98ч",department,Неравномерный прокат по кругу катания колеса грузового вагона выше нормы
2,2025-02-15 18:35:36.795906150,Восточно-Сибирская,CV,"З-СИБ, ВЧДЭ-25 НОВОКУЗНЕЦК",2025,2024,45 days 12:57:18.889299948,65577.3148216658,523.107330038918,0.1675592960979342,Зима,1,2,0.0029184005929448,0.0029184005929448,0.0087552017788344,126.07490561521894,0,0,28,"10,32ч",4,"1,68ч",12,"0,25ч",department,Тонкий гребень колеса грузового вагона
2,2025-02-15 19:35:36.397114272,Октябрьская,CV,"КРАС, ВЧДЭ-7 КРАСНОЯРСК-ВОСТ",2025,2024,45 days 13:57:18.490508070,65637.3081751345,59.99335346870066,0.1683244070390206,Зима,1,2,0.0029184005929448,0.0029184005929448,0.0087552017788344,126.07490561521894,0,0,11,"7,85ч",4,"0,22ч",13,"0,58ч",department,Несоответствие зазоров скользуна грузового вагона
2,2025-02-16 16:54:57.794543988,Красноярская,CV,"З-СИБ, ВЧДЭ-23 БЕЛОВО",2025,2024,46 days 11:16:39.887937786,66916.6647989631,1279.3566238286005,0.1690895179801071,Зима,1,2,0.0029184005929448,0.0029184005929448,0.0087552017788344,126.07490561521894,0,0,4,"6,92ч",20,"2,23ч",30,"3,5ч",department,Тонкий гребень колеса грузового вагона
3,2025-02-16 19:04:38.068736436,Забайкальская,CV,"КРАС, ВЧДЭ-7 КРАСНОЯРСК-ВОСТ",2025,2024,46 days 13:26:20.162130234,67046.3360355039,129.67123654080206,0.1698546289211935,Зима,1,2,0.0029184005929448,0.0029184005929448,0.0087552017788344,126.07490561521894,0,0,,,,,,,department,Тонкий гребень колеса грузового вагона
1,2025-02-16 22:16:36.003620538,Восточно-Сибирская,CV,"КРАС, ВЧДЭ-1 БОГОТОЛ",2025,2024,46 days 16:38:18.097014336,67238.30161690559,191.9655814016878,0.17061973986228,Зима,1,2,0.0029184005929448,0.0029184005929448,0.0087552017788344,126.07490561521894,0,0,39,"3,45ч",0,,24,"1,07ч",department,Излом рычагов и тормозных тяг грузового вагона
1,2025-02-17 00:06:40.278729360,Восточно-Сибирская,CV,"КРАС, ВЧДЭ-8 АБАКАН",2025,2024,46 days 18:28:22.372123158,67348.3728687193,110.0712518137152,0.1713848508033665,Зима,1,2,0.0029184005929448,0.0029184005929448,0.0087552017788344,126.07490561521894,0,0,37,"4,8ч",2,"2,05ч",69,"3,73ч",department,Выщербина на ободе колеса грузового вагона
1,2025-02-17 05:03:24.274240650,Забайкальская,CV,"З-СИБ, ВЧДЭ-23 БЕЛОВО",2025,2024,46 days 23:25:06.367634448,67645.1061272408,296.7332585214899,0.1721499617444529,Зима,1,2,0.0029184005929448,0.0029184005929448,0.0087552017788344,126.07490561521894,0,0,9,"6,77ч",8,"1,82ч",11,"1,87ч",department,Тонкий гребень колеса грузового вагона
3,2025-02-17 05:24:06.412915872,Западно-Сибирская,CV,"ЗАБ, ВЧДЭ-3 КАРЫМСКАЯ",2025,2024,46 days 23:45:48.506309670,67665.8084384945,20.70231125369901,0.1729150726855394,Зима,1,2,0.0029184005929448,0.0029184005929448,0.0087552017788344,126.07490561521894,0,0,,,,,,,department,Тонкий гребень колеса грузового вагона
2,2025-02-17 06:19:39.874332396,Южно-Уральская,CV,"ЗАБ, ВЧДЭ-3 КАРЫМСКАЯ",2025,2024,47 days 00:41:21.967726194,67721.36612876989,55.55769027539645,0.1736801836266258,Зима,1,2,0.0029184005929448,0.0029184005929448,0.0087552017788344,126.07490561521894,0,0,20,"5,17ч",14,"4,87ч",0,,department,Излом рычагов и тормозных тяг грузового вагона
1,2025-02-17 14:08:58.274978982,Забайкальская,CV,"СВЕРД, ВЧДЭ-4",2025,2024,47 days 08:30:40.368372780,68190.672806213,469.3066774431063,0.1744452945677123,Зима,1,2,0.0029184005929448,0.0029184005929448,0.0087552017788344,126.07490561521894,0,0,37,"4,37ч",20,"1,95ч",6,"4,07ч",department,Тонкий гребень колеса грузового вагона
1,2025-02-17 15:19:41.902189920,Восточно-Сибирская,CV,"СВЕРД, ВЧДЭ-4",2025,2024,47 days 09:41:23.995583718,68261.3999263953,70.72712018230231,0.1752104055087987,Зима,1,2,0.0029184005929448,0.0029184005929448,0.0087552017788344,126.07490561521894,0,0,21,"8,7ч",11,"0,33ч",26,"1,07ч",department,Завар тормозного башмака грузового вагона
1,2025-02-17 16:51:43.121402658,Забайкальская,CV,"Д-ВОСТ, ВЧДЭ-1 ХАБАРОВСК",2025,2024,47 days 11:13:25.214796456,68353.4202466076,92.02032021229388,0.1759755164498852,Зима,1,2,0.0029184005929448,0.0029184005929448,0.0087552017788344,126.07490561521894,0,0,22,"7,78ч",4,"5,07ч",10,"0,92ч",department,Выщербина на ободе колеса грузового вагона
2,2025-02-18 01:51:22.857250818,Западно-Сибирская,CV,"КРАС, ВЧДЭ-1 БОГОТОЛ",2025,2024,47 days 20:13:04.950644616,68893.0825107436,539.6622641360009,0.1767406273909716,Зима,1,2,0.0029184005929448,0.0029184005929448,0.0087552017788344,126.07490561521894,0,0,41,"4,42ч",5,"2,18ч",22,"0,53ч",department,Выщербина на ободе колеса грузового вагона
3,2025-02-18 02:24:56.527564182,Восточно-Сибирская,CV,"СВЕРД, ВЧДЭ-4",2025,2024,47 days 20:46:38.620957980,68926.643682633,33.56117188940698,0.1775057383320581,Зима,1,2,0.0029184005929448,0.0029184005929448,0.0087552017788344,126.07490561521894,0,0,,,,,,,department,Тонкий гребень колеса грузового вагона
3,2025-02-18 05:42:04.600997580,Октябрьская,CV,"СВЕРД, ВЧДЭ-4",2025,2024,48 days 00:03:46.694391378,69123.7782398563,197.13455722329672,0.1782708492731446,Зима,1,2,0.0029184005929448,0.0029184005929448,0.0087552017788344,126.07490561521894,0,0,,,,,,,department,Тонкий гребень колеса грузового вагона
3,2025-02-18 05:50:04.319408814,Восточно-Сибирская,CV,"КРАС, ВЧДЭ-7 КРАСНОЯРСК-ВОСТ",2025,2024,48 days 00:11:46.412802612,69131.7735467102,7.9953068539034575,0.179035960214231,Зима,1,2,0.0029184005929448,0.0029184005929448,0.0087552017788344,126.07490561521894,0,0,,,,,,,department,Выщербина на ободе колеса грузового вагона
1,2025-02-18 08:16:00.140938824,Свердловская,CV,"В-СИБ, ВЧДЭ-10 УЛАН-УДЭ",2025,2024,48 days 02:37:42.234332622,69277.7039055437,145.9303588335024,0.1798010711553175,Зима,1,2,0.0029184005929448,0.0029184005929448,0.0087552017788344,126.07490561521894,0,0,30,"10,23ч",7,"0,38ч",17,"1,12ч",department,Тонкий гребень колеса грузового вагона
2,2025-02-18 15:07:23.179320150,Восточно-Сибирская,CV,"ЗАБ, ВЧДЭ-3 КАРЫМСКАЯ",2025,2024,48 days 09:29:05.272713948,69689.0878785658,411.3839730220934,0.180566182096404,Зима,1,2,0.0029184005929448,0.0029184005929448,0.0087552017788344,126.07490561521894,0,0,16,"0,42ч",15,"3,97ч",31,"0,4ч",department,Тонкий гребень колеса грузового вагона
1,2025-02-18 15:39:44.465523324,Восточно-Сибирская,CV,"КРАС, ВЧДЭ-8 АБАКАН",2025,2024,48 days 10:01:26.558917122,69721.4426486187,32.354770052901586,0.1813312930374904,Зима,1,2,0.0029184005929448,0.0029184005929448,0.0087552017788344,126.07490561521894,0,0,20,"14,4ч",4,"0,77ч",3,"1,57ч",department,Тонкий гребень колеса грузового вагона
1,2025-02-19 04:10:55.357249812,Западно-Сибирская,CV,"КРАС, ВЧДЭ-7 КРАСНОЯРСК-ВОСТ",2025,2024,48 days 22:32:37.450643610,70472.6241773935,751.1815287748032,0.1820964039785769,Зима,1,2,0.0029184005929448,0.0029184005929448,0.0087552017788344,126.07490561521894,0,0,32,"5,42ч",6,"0,28ч",18,"2,77ч",department,Неисправность воздухораспределителя грузового вагона
2,2025-02-19 17:54:06.688766796,Восточно-Сибирская,CV,"ЗАБ, ВЧДЭ-3 КАРЫМСКАЯ",2025,2024,49 days 12:15:48.782160594,71295.8130360099,823.1888586163986,0.1828615149196633,Зима,1,2,0.0029184005929448,0.0029184005929448,0.0087552017788344,126.07490561521894,0,0,28,"78,2ч",26,"0,9ч",11,"3,05ч",department,Тонкий гребень колеса грузового вагона
1,2025-02-19 18:32:07.132520466,Западно-Сибирская,CV,"КРАС, ВЧДЭ-7 КРАСНОЯРСК-ВОСТ",2025,2024,49 days 12:53:49.225914264,71333.8204319044,38.007395894499496,0.1836266258607498,Зима,1,2,0.0029184005929448,0.0029184005929448,0.0087552017788344,126.07490561521894,0,0,43,"1,4ч",2,"1,82ч",11,"0,53ч",department,Другие причины
3,2025-02-20 21:16:09.603872214,Северная,CV,"КРАС, ВЧДЭ-7 КРАСНОЯРСК-ВОСТ",2025,2024,50 days 15:37:51.697266012,72937.86162110021,1604.0411891958065,0.1843917368018362,Зима,1,2,0.0029184005929448,0.0029184005929448,0.0087552017788344,126.07490561521894,0,0,,,,,,,department,Выщербина на ободе колеса грузового вагона
1,2025-02-20 23:17:10.127634510,Западно-Сибирская,CV,"В-СИБ, ВЧДЭ-10 УЛАН-УДЭ",2025,2024,50 days 17:38:52.221028308,73058.8703504718,121.00872937159149,0.1851568477429227,Зима,1,2,0.0029184005929448,0.0029184005929448,0.0087552017788344,126.07490561521894,0,0,8,"1,83ч",20,"3,62ч",7,"2,9ч",department,Неисправность воздухораспределителя грузового вагона
2,2025-02-20 23:47:16.252167912,Восточно-Сибирская,CV,"З-СИБ, ВЧДЭ-25 НОВОКУЗНЕЦК",2025,2024,50 days 18:08:58.345561710,73088.9724260285,30.102075556700584,0.1859219586840091,Зима,1,2,0.0029184005929448,0.0029184005929448,0.0087552017788344,126.07490561521894,0,0,36,"28,15ч",4,"1,53ч",18,"0,45ч",department,Технологический нагрев буксового узла
1,2025-02-20 23:49:00.692850942,Красноярская,CV,"КРАС, ВЧДЭ-7 КРАСНОЯРСК-ВОСТ",2025,2024,50 days 18:10:42.786244740,73090.713104079,1.7406780504970811,0.1866870696250956,Зима,1,2,0.0029184005929448,0.0029184005929448,0.0087552017788344,126.07490561521894,0,0,55,"5,95ч",4,"2,88ч",13,"0,85ч",department,Неисправность магистральной части воздухораспределителя
2,2025-02-21 02:48:56.996255310,Забайкальская,CV,"СВЕРД, ВЧДЭ-4",2025,2024,50 days 21:10:39.089649108,73270.65149415181,179.9383900728135,0.1874521805661821,Зима,1,2,0.0029184005929448,0.0029184005929448,0.0087552017788344,126.07490561521894,0,0,76,"19,38ч",11,"0,15ч",0,,department,Тонкий гребень колеса грузового вагона
3,2025-02-21 08:29:27.478391796,Дальневосточная,CV,"ОКТ, ВЧДЭ-28 ВОЛХОВСТРОЙ",2025,2024,51 days 02:51:09.571785594,73611.15952975991,340.50803560810164,0.1882172915072685,Зима,1,2,0.0029184005929448,0.0029184005929448,0.0087552017788344,126.07490561521894,0,0,,,,,,,department,Тонкий гребень колеса грузового вагона
1,2025-02-21 10:47:47.959428072,Красноярская,CV,"ЗАБ, ВЧДЭ-7 БЕЛОГОРСК",2025,2024,51 days 05:09:30.052821870,73749.5008803645,138.34135060459084,0.188982402448355,Зима,1,2,0.0029184005929448,0.0029184005929448,0.0087552017788344,126.07490561521894,0,0,118,"1,72ч",4,"1,38ч",2,"2,12ч",department,Разрегулирование рычажной передачи грузового вагона
2,2025-02-21 21:08:46.846298694,Восточно-Сибирская,CV,"ОКТ, ВЧДЭ-28 ВОЛХОВСТРОЙ",2025,2024,51 days 15:30:28.939692492,74370.48232820819,620.9814478436892,0.1897475133894414,Зима,1,2,0.0029184005929448,0.0029184005929448,0.0087552017788344,126.07490561521894,0,0,32,"3,22ч",13,"1,92ч",10,"3,97ч",department,Несоответствие норм высоты автосцепки грузового вагона
1,2025-02-22 04:20:50.321619978,Восточно-Сибирская,CV,"В-СИБ, ВЧДЭ-10 УЛАН-УДЭ",2025,2024,51 days 22:42:32.415013776,74802.5402502296,432.0579220214131,0.1905126243305279,Зима,1,2,0.0029184005929448,0.0029184005929448,0.0087552017788344,126.07490561521894,0,0,35,"2,02ч",0,,1,"0,47ч",department,Несоответствие момента затяжки накидной гайки установленному нормативу
2,2025-02-22 06:48:31.986301758,Восточно-Сибирская,CV,"З-СИБ, ВЧДЭ-25 НОВОКУЗНЕЦК",2025,2024,52 days 01:10:14.079695556,74950.2346615926,147.69441136300156,0.1912777352716143,Зима,1,2,0.0029184005929448,0.0029184005929448,0.0087552017788344,126.07490561521894,0,0,37,"11,63ч",0,,50,"0,78ч",department,Ослабление (разрушение) торцевого крепления
2,2025-02-22 14:22:41.647881762,Восточно-Сибирская,CV,"З-СИБ, ВЧДЭ-12 ВХОДНАЯ",2025,2024,52 days 08:44:23.741275560,75404.39568792601,454.1610263334005,0.1920428462127008,Зима,1,2,0.0029184005929448,0.0029184005929448,0.0087552017788344,126.07490561521894,0,0,23,"5,27ч",11,"3,95ч",15,"0,15ч",department,Неравномерный прокат по кругу катания колеса грузового вагона выше нормы
3,2025-03-01 08:40:05.596843932,Северная,CV,"КРАС, ВЧДЭ-7 КРАСНОЯРСК-ВОСТ",2025,2024,59 days 03:01:47.690237730,85141.7948372955,9737.399149369492,0.1928079571537873,Весна,2,3,0.003118961766093,0.003118961766093,0.009356885298279,134.73914829522116,0,0,,,,,,,department,Излом рычагов и тормозных тяг грузового вагона
3,2025-03-01 18:06:37.244945304,Красноярская,CV,"ЗАБ, ВЧДЭ-7 БЕЛОГОРСК",2025,2024,59 days 12:28:19.338339102,85708.3223056517,566.527468356202,0.1935730680948737,Весна,2,3,0.003118961766093,0.003118961766093,0.009356885298279,134.73914829522116,0,0,,,,,,,department,Тонкий гребень колеса грузового вагона
1,2025-03-02 10:16:15.167086680,Свердловская,CV,"Д-ВОСТ, ВЧДЭ-1 ХАБАРОВСК",2025,2024,60 days 04:37:57.260480478,86677.9543413413,969.6320356896032,0.1943381790359602,Весна,2,3,0.003118961766093,0.003118961766093,0.009356885298279,134.73914829522116,0,0,31,"7,15ч",9,"1,72ч",22,"1,85ч",department,Нарушение регулировки рычажной передачи
3,2025-03-02 11:08:47.253261168,Восточно-Сибирская,CV,"В-СИБ, ВЧДЭ-10 УЛАН-УДЭ",2025,2024,60 days 05:30:29.346654966,86730.4891109161,52.53476957479143,0.1951032899770466,Весна,2,3,0.003118961766093,0.003118961766093,0.009356885298279,134.73914829522116,0,0,,,,,,,department,Разрегулирование рычажной передачи грузового вагона
1,2025-03-02 14:49:34.204335270,Свердловская,CV,"КРАС, ВЧДЭ-7 КРАСНОЯРСК-ВОСТ",2025,2024,60 days 09:11:16.297729068,86951.2716288178,220.78251790170907,0.1958684009181331,Весна,2,3,0.003118961766093,0.003118961766093,0.009356885298279,134.73914829522116,0,0,34,"0,83ч",11,"2,23ч",9,"1,65ч",department,Тонкий гребень колеса грузового вагона
1,2025-03-02 19:28:08.449674198,Восточно-Сибирская,CV,"ЗАБ, ВЧДЭ-3 КАРЫМСКАЯ",2025,2024,60 days 13:49:50.543067996,87229.84238446661,278.57075564880506,0.1966335118592196,Весна,2,3,0.003118961766093,0.003118961766093,0.009356885298279,134.73914829522116,0,0,20,"13,62ч",0,,29,"37,02ч",department,Тонкий гребень колеса грузового вагона
3,2025-03-02 21:36:11.720824992,Забайкальская,CV,"З-СИБ, ВЧДЭ-12 ВХОДНАЯ",2025,2024,60 days 15:57:53.814218790,87357.8969036465,128.0545191798883,0.197398622800306,Весна,2,3,0.003118961766093,0.003118961766093,0.009356885298279,134.73914829522116,0,0,,,,,,,department,Разрегулирование рычажной передачи грузового вагона
1,2025-03-03 07:22:33.799403112,Красноярская,CV,"СВЕРД, ВЧДЭ-4",2025,2024,61 days 01:44:15.892796910,87944.2648799485,586.3679763020045,0.1981637337413925,Весна,2,3,0.003118961766093,0.003118961766093,0.009356885298279,134.73914829522116,0,0,30,"0,78ч",7,"0,38ч",11,"2,02ч",department,Тонкий гребень колеса грузового вагона
1,2025-03-03 15:03:22.409140092,Забайкальская,CV,"КРАС, ВЧДЭ-8 АБАКАН",2025,2024,61 days 09:25:04.502533890,88405.0750422315,460.810162283,0.1989288446824789,Весна,2,3,0.003118961766093,0.003118961766093,0.009356885298279,134.73914829522116,0,0,38,"1,93ч",9,"0,87ч",8,"1,55ч",department,Неплотность тормозной магистрали грузового вагона
3,2025-03-03 21:52:31.433967048,Забайкальская,CV,"КРАС, ВЧДЭ-7 КРАСНОЯРСК-ВОСТ",2025,2024,61 days 16:14:13.527360846,88814.2254560141,409.15041378259775,0.1996939556235654,Весна,2,3,0.003118961766093,0.003118961766093,0.009356885298279,134.73914829522116,0,0,,,,,,,department,Тонкий гребень колеса грузового вагона
1,2025-03-05 05:11:25.866142134,Октябрьская,CV,"КРАС, ВЧДЭ-7 КРАСНОЯРСК-ВОСТ",2025,2024,62 days 23:33:07.959535932,90693.1326589322,1878.907202918097,0.2004590665646518,Весна,2,3,0.003118961766093,0.003118961766093,0.009356885298279,134.73914829522116,0,0,30,"2,63ч",25,"1,63ч",24,"0,92ч",department,Тонкий гребень колеса грузового вагона
3,2025-03-05 06:47:42.201012396,Южно-Уральская,CV,"СВЕРД, ВЧДЭ-4",2025,2024,63 days 01:09:24.294406194,90789.40490676992,96.27224783771088,0.2012241775057383,Весна,2,3,0.003118961766093,0.003118961766093,0.009356885298279,134.73914829522116,0,0,,,,,,,department,Несоответствие зазоров скользуна грузового вагона
1,2025-03-05 13:54:02.875373154,Красноярская,CV,"СВЕРД, ВЧДЭ-4",2025,2024,63 days 08:15:44.968766952,91215.7494794492,426.3445726792852,0.2019892884468248,Весна,2,3,0.003118961766093,0.003118961766093,0.009356885298279,134.73914829522116,0,0,11,"16,9ч",9,"0,45ч",0,,department,Тонкий гребень колеса грузового вагона
3,2025-03-05 18:11:04.038420360,Забайкальская,CV,"КРАС, ВЧДЭ-7 КРАСНОЯРСК-ВОСТ",2025,2024,63 days 12:32:46.131814158,91472.76886356928,257.0193841200962,0.2027543993879112,Весна,2,3,0.003118961766093,0.003118961766093,0.009356885298279,134.73914829522116,0,0,,,,,,,department,Неисправность магистральной части воздухораспределителя
2,2025-03-05 20:11:25.773132702,Красноярская,CV,"КРАС, ВЧДЭ-7 КРАСНОЯРСК-ВОСТ",2025,2024,63 days 14:33:07.866526500,91593.131108775,120.36224520571704,0.2035195103289977,Весна,2,3,0.003118961766093,0.003118961766093,0.009356885298279,134.73914829522116,0,0,3,"2,47ч",26,"1,3ч",31,"2,17ч",department,Тонкий гребень колеса грузового вагона
3,2025-03-05 21:07:33.283863564,Свердловская,CV,"ЗАБ, ВЧДЭ-7 БЕЛОГОРСК",2025,2024,63 days 15:29:15.377257362,91649.2562876227,56.12517884769477,0.2042846212700841,Весна,2,3,0.003118961766093,0.003118961766093,0.009356885298279,134.73914829522116,0,0,,,,,,,department,Тонкий гребень колеса грузового вагона
1,2025-03-06 09:12:52.535875308,Южно-Уральская,CV,"КРАС, ВЧДЭ-7 КРАСНОЯРСК-ВОСТ",2025,2024,64 days 03:34:34.629269106,92374.5771544851,725.3208668623993,0.2050497322111706,Весна,2,3,0.003118961766093,0.003118961766093,0.009356885298279,134.73914829522116,0,0,25,"14,13ч",11,"1,2ч",7,"0,82ч",department,Тонкий гребень колеса грузового вагона
2,2025-03-06 14:03:02.050219481,Восточно-Сибирская,CV,"З-СИБ, ВЧДЭ-23 БЕЛОВО",2025,2024,64 days 08:24:44.143613279,92664.735726888,290.1585724028846,0.205814843152257,Весна,2,3,0.003118961766093,0.003118961766093,0.009356885298279,134.73914829522116,0,0,76,"11,63ч",3,"2,25ч",26,"2,92ч",department,"Шелушение, раковины, коррозия на деталях подшипника"
3,2025-03-06 23:21:44.576686386,Забайкальская,CV,"З-СИБ, ВЧДЭ-25 НОВОКУЗНЕЦК",2025,2024,64 days 17:43:26.670080184,93223.4445013364,558.7087744484161,0.2065799540933435,Весна,2,3,0.003118961766093,0.003118961766093,0.009356885298279,134.73914829522116,0,0,,,,,,,department,Выщербина на ободе колеса грузового вагона
3,2025-03-07 03:34:27.629265888,Свердловская,CV,"КРАС, ВЧДЭ-7 КРАСНОЯРСК-ВОСТ",2025,2024,64 days 21:56:09.722659686,93476.1620443281,252.71754299169697,0.2073450650344299,Весна,2,3,0.003118961766093,0.003118961766093,0.009356885298279,134.73914829522116,0,0,,,,,,,department,Тонкий гребень колеса грузового вагона
3,2025-03-07 04:54:06.757602516,Южно-Уральская,CV,"КРАС, ВЧДЭ-8 АБАКАН",2025,2024,64 days 23:15:48.850996314,93555.8141832719,79.65213894379849,0.2081101759755164,Весна,2,3,0.003118961766093,0.003118961766093,0.009356885298279,134.73914829522116,0,0,,,,,,,department,Тонкий гребень колеса грузового вагона
3,2025-03-07 07:06:08.786178780,Западно-Сибирская,CV,"КРАС, ВЧДЭ-8 АБАКАН",2025,2024,65 days 01:27:50.879572578,93687.8479928763,132.03380960439972,0.2088752869166029,Весна,2,3,0.003118961766093,0.003118961766093,0.009356885298279,134.73914829522116,0,0,,,,,,,department,"Шелушение, раковины, коррозия на деталях подшипника"
2,2025-03-07 09:40:12.648583914,Красноярская,CV,"ЗАБ, ВЧДЭ-3 КАРЫМСКАЯ",2025,2024,65 days 04:01:54.741977712,93841.9123662952,154.06437341890705,0.2096403978576893,Весна,2,3,0.003118961766093,0.003118961766093,0.009356885298279,134.73914829522116,0,0,1,"41,7ч",3,"1,22ч",26,"1,5ч",department,Неправильное включение режимов отпуска воздухораспределителя
2,2025-03-08 04:57:29.350444782,Октябрьская,CV,"З-СИБ, ВЧДЭ-6 ИНСКАЯ",2025,2024,65 days 23:19:11.443838580,94999.190730643,1157.2783643477887,0.2104055087987758,Весна,2,3,0.003118961766093,0.003118961766093,0.009356885298279,134.73914829522116,0,0,38,"6,92ч",6,"4,62ч",24,"0,57ч",department,Выщербина на ободе колеса грузового вагона
3,2025-03-08 04:59:18.025168476,Южно-Уральская,CV,"З-СИБ, ВЧДЭ-6 ИНСКАЯ",2025,2024,65 days 23:21:00.118562274,95001.0019760379,1.811245394899743,0.2111706197398623,Весна,2,3,0.003118961766093,0.003118961766093,0.009356885298279,134.73914829522116,0,0,,,,,,,department,Неплотность тормозной магистрали грузового вагона
1,2025-03-09 03:40:22.172395560,Дальневосточная,CV,"ЗАБ, ВЧДЭ-7 БЕЛОГОРСК",2025,2024,66 days 22:02:04.265789358,96362.0710964893,1361.0691204514003,0.2119357306809487,Весна,2,3,0.003118961766093,0.003118961766093,0.009356885298279,134.73914829522116,0,0,11,"10,23ч",26,"1,23ч",11,"1,48ч",department,Технологический нагрев буксового узла
1,2025-03-10 00:42:07.659242868,Свердловская,CV,"З-СИБ, ВЧДЭ-25 НОВОКУЗНЕЦК",2025,2024,67 days 19:03:49.752636666,97623.8292106111,1261.7581141218106,0.2127008416220352,Весна,2,3,0.003118961766093,0.003118961766093,0.009356885298279,134.73914829522116,0,0,118,"8,42ч",1,"3,48ч",4,"1,6ч",department,Тонкий гребень колеса грузового вагона
2,2025-03-11 06:24:44.164026840,Западно-Сибирская,CV,"В-СИБ, ВЧДЭ-13 ТАЙШЕТ",2025,2024,69 days 00:46:26.257420638,99406.4376236773,1782.6084130661911,0.2134659525631216,Весна,2,3,0.003118961766093,0.003118961766093,0.009356885298279,134.73914829522116,0,0,55,"24,95ч",14,"1,65ч",37,"0,73ч",department,Тонкий гребень колеса грузового вагона
2,2025-03-11 09:52:18.052580478,Восточно-Сибирская,CV,"Д-ВОСТ, ВЧДЭ-1 ХАБАРОВСК",2025,2024,69 days 04:14:00.145974276,99614.0024329046,207.56480922730407,0.2142310635042081,Весна,2,3,0.003118961766093,0.003118961766093,0.009356885298279,134.73914829522116,0,0,20,"6,22ч",16,"1,77ч",18,"0,42ч",department,Тонкий гребень колеса грузового вагона
1,2025-03-12 03:36:25.144388778,Забайкальская,CV,"З-СИБ, ВЧДЭ-6 ИНСКАЯ",2025,2024,69 days 21:58:07.237782576,100678.1206297096,1064.1181968050078,0.2149961744452945,Весна,2,3,0.003118961766093,0.003118961766093,0.009356885298279,134.73914829522116,0,0,11,"5,7ч",26,"0,92ч",18,"2,83ч",department,Выщербина на ободе колеса грузового вагона
2,2025-03-12 06:17:51.400252536,Восточно-Сибирская,CV,"В-СИБ, ВЧДЭ-10 УЛАН-УДЭ",2025,2024,70 days 00:39:33.493646334,100839.5582274389,161.4375977292948,0.215761285386381,Весна,2,3,0.003118961766093,0.003118961766093,0.009356885298279,134.73914829522116,0,0,41,"16,42ч",15,"1,12ч",1,"2,87ч",department,Неравномерный прокат по кругу катания колеса грузового вагона выше нормы
2,2025-03-12 06:26:24.000089040,Западно-Сибирская,CV,"ЗАБ, ВЧДЭ-7 БЕЛОГОРСК",2025,2024,70 days 00:48:06.093482838,100848.1015580473,8.543330608401448,0.2165263963274674,Весна,2,3,0.003118961766093,0.003118961766093,0.009356885298279,134.73914829522116,0,0,31,"1,77ч",3,"8,77ч",37,"2,9ч",department,Неравномерный прокат по кругу катания колеса грузового вагона выше нормы
1,2025-03-12 07:47:51.208392672,Восточно-Сибирская,CV,"СВЕРД, ВЧДЭ-4",2025,2024,70 days 02:09:33.301786470,100929.5550297745,81.45347172720358,0.2172915072685539,Весна,2,3,0.003118961766093,0.003118961766093,0.009356885298279,134.73914829522116,0,0,41,"30,42ч",5,"4,65ч",25,"0,68ч",department,Неравномерный прокат по кругу катания колеса грузового вагона выше нормы
1,2025-03-12 23:19:31.020090060,Восточно-Сибирская,CV,"З-СИБ, ВЧДЭ-25 НОВОКУЗНЕЦК",2025,2024,70 days 17:41:13.113483858,101861.2185580643,931.6635282897914,0.2180566182096404,Весна,2,3,0.003118961766093,0.003118961766093,0.009356885298279,134.73914829522116,0,0,7,"0,9ч",8,"0,03ч",7,"0,65ч",department,Тонкий гребень колеса грузового вагона
3,2025-03-12 23:23:57.653146020,Дальневосточная,CV,"СВЕРД, ВЧДЭ-4",2025,2024,70 days 17:45:39.746539818,101865.6624423303,4.443884266001987,0.2188217291507268,Весна,2,3,0.003118961766093,0.003118961766093,0.009356885298279,134.73914829522116,0,0,,,,,,,department,Нарушение регулировки рычажной передачи
3,2025-03-13 03:37:08.191972842,Забайкальская,CV,"Ю-УР, ВЧДЭ-1 ЧЕЛЯБИНСК",2025,2024,70 days 21:58:50.285366640,102118.838089444,253.17564711370505,0.2195868400918133,Весна,2,3,0.003118961766093,0.003118961766093,0.009356885298279,134.73914829522116,0,0,,,,,,,department,Другие причины
3,2025-03-13 04:02:20.466735750,Красноярская,CV,"КРАС, ВЧДЭ-8 АБАКАН",2025,2024,70 days 22:24:02.560129548,102144.0426688258,25.204579381796066,0.2203519510328997,Весна,2,3,0.003118961766093,0.003118961766093,0.009356885298279,134.73914829522116,0,0,,,,,,,department,Технологический нагрев буксового узла
2,2025-03-13 05:50:31.624913934,Западно-Сибирская,CV,"ОКТ, ВЧДЭ-28 ВОЛХОВСТРОЙ",2025,2024,71 days 00:12:13.718307732,102252.2286384622,108.1859696363972,0.2211170619739862,Весна,2,3,0.003118961766093,0.003118961766093,0.009356885298279,134.73914829522116,0,0,27,"3,53ч",15,"0,45ч",8,"3,9ч",department,Несоответствие зазоров скользуна грузового вагона
2,2025-03-13 06:20:05.621089542,Красноярская,CV,"ЗАБ, ВЧДЭ-7 БЕЛОГОРСК",2025,2024,71 days 00:41:47.714483340,102281.795241389,29.56660292680317,0.2218821729150726,Весна,2,3,0.003118961766093,0.003118961766093,0.009356885298279,134.73914829522116,0,0,18,"1,35ч",3,"1,73ч",18,"0,22ч",department,Тонкий гребень колеса грузового вагона
3,2025-03-13 16:49:23.407182726,Северная,CV,"ЗАБ, ВЧДЭ-3 КАРЫМСКАЯ",2025,2024,71 days 11:11:05.500576524,102911.0916762754,629.2964348864043,0.2226472838561591,Весна,2,3,0.003118961766093,0.003118961766093,0.009356885298279,134.73914829522116,0,0,,,,,,,department,Тонкий гребень колеса грузового вагона
2,2025-03-13 21:36:05.535759570,Забайкальская,CV,"ОКТ, ВЧДЭ-28 ВОЛХОВСТРОЙ",2025,2024,71 days 15:57:47.629153368,103197.7938192228,286.7021429473971,0.2234123947972456,Весна,2,3,0.003118961766093,0.003118961766093,0.009356885298279,134.73914829522116,0,0,51,"4,35ч",4,"3,97ч",26,"0,3ч",department,Неравномерный прокат по кругу катания колеса грузового вагона выше нормы
1,2025-03-14 10:01:10.311579516,Октябрьская,CV,"СВЕРД, ВЧДЭ-4",2025,2024,72 days 04:22:52.404973314,103942.8734162219,745.0795969991013,0.224177505738332,Весна,2,3,0.003118961766093,0.003118961766093,0.009356885298279,134.73914829522116,0,0,13,"1,02ч",8,"0,15ч",69,"2,9ч",department,Тонкий гребень колеса грузового вагона
2,2025-03-14 16:14:58.636188840,Октябрьская,CV,"ЗАБ, ВЧДЭ-3 КАРЫМСКАЯ",2025,2024,72 days 10:36:40.729582638,104316.67882637728,373.8054101553862,0.2249426166794185,Весна,2,3,0.003118961766093,0.003118961766093,0.009356885298279,134.73914829522116,0,0,29,"1,93ч",25,"1,67ч",37,"0,05ч",department,Неравномерный прокат по кругу катания колеса грузового вагона выше нормы
3,2025-03-15 11:10:26.393022468,Западно-Сибирская,CV,"СВЕРД, ВЧДЭ-4",2025,2024,73 days 05:32:08.486416266,105452.14144027112,1135.4626138938183,0.2257077276205049,Весна,2,3,0.003118961766093,0.003118961766093,0.009356885298279,134.73914829522116,0,0,,,,,,,department,Неравномерный прокат по кругу катания колеса грузового вагона выше нормы
2,2025-03-15 14:59:04.423989696,Северная,CV,"З-СИБ, ВЧДЭ-12 ВХОДНАЯ",2025,2024,73 days 09:20:46.517383494,105680.7752897249,228.6338494537922,0.2264728385615914,Весна,2,3,0.003118961766093,0.003118961766093,0.009356885298279,134.73914829522116,0,0,8,"43,73ч",14,"3,52ч",8,"1,6ч",department,Тонкий гребень колеса грузового вагона
2,2025-03-15 20:25:29.324459112,Дальневосточная,CV,"З-СИБ, ВЧДЭ-25 НОВОКУЗНЕЦК",2025,2024,73 days 14:47:11.417852910,106007.1902975485,326.415007823598,0.2272379495026779,Весна,2,3,0.003118961766093,0.003118961766093,0.009356885298279,134.73914829522116,0,0,10,"5,72ч",20,"2,18ч",1,"4,43ч",department,Ослабление (разрушение) торцевого крепления
3,2025-03-16 01:00:49.253249310,Северная,CV,"КРАС, ВЧДЭ-8 АБАКАН",2025,2024,73 days 19:22:31.346643108,106282.5224440518,275.3321465032932,0.2280030604437643,Весна,2,3,0.003118961766093,0.003118961766093,0.009356885298279,134.73914829522116,0,0,,,,,,,department,"Шелушение, раковины, коррозия на деталях подшипника"
2,2025-03-16 04:33:07.210277256,Красноярская,CV,"З-СИБ, ВЧДЭ-23 БЕЛОВО",2025,2024,73 days 22:54:49.303671054,106494.8217278509,212.29928379910416,0.2287681713848508,Весна,2,3,0.003118961766093,0.003118961766093,0.009356885298279,134.73914829522116,0,0,39,"3,38ч",3,"0,17ч",31,"1,67ч",department,Выщербина на ободе колеса грузового вагона
2,2025-03-16 14:32:51.085504314,Забайкальская,CV,"КРАС, ВЧДЭ-8 АБАКАН",2025,2024,74 days 08:54:33.178898112,107094.5529816352,599.7312537842954,0.2295332823259372,Весна,2,3,0.003118961766093,0.003118961766093,0.009356885298279,134.73914829522116,0,0,55,"10,73ч",11,"2,83ч",15,"0,93ч",department,Выщербина на ободе колеса грузового вагона
2,2025-03-16 20:04:28.105376820,Восточно-Сибирская,CV,"КРАС, ВЧДЭ-7 КРАСНОЯРСК-ВОСТ",2025,2024,74 days 14:26:10.198770618,107426.1699795103,331.6169978751132,0.2302983932670237,Весна,2,3,0.003118961766093,0.003118961766093,0.009356885298279,134.73914829522116,0,0,33,"4,65ч",3,"1,78ч",29,"0,37ч",department,Тонкий гребень колеса грузового вагона
2,2025-03-17 04:42:35.774505516,Дальневосточная,CV,"ЗАБ, ВЧДЭ-3 КАРЫМСКАЯ",2025,2024,74 days 23:04:17.867899314,107944.29779832187,518.127818811583,0.2310635042081101,Весна,2,3,0.003118961766093,0.003118961766093,0.009356885298279,134.73914829522116,0,0,26,"8,1ч",7,"2,93ч",24,"0,22ч",department,Несоответствие зазоров скользуна грузового вагона
1,2025-03-17 12:57:27.988756986,Забайкальская,CV,"Д-ВОСТ, ВЧДЭ-1 ХАБАРОВСК",2025,2024,75 days 07:19:10.082150784,108439.1680358464,494.8702375245193,0.2318286151491966,Весна,2,3,0.003118961766093,0.003118961766093,0.009356885298279,134.73914829522116,0,0,26,"1,35ч",9,"3,73ч",10,"2,18ч",department,Выщербина на ободе колеса грузового вагона
2,2025-03-17 14:05:26.503381932,Красноярская,CV,"КРАС, ВЧДЭ-7 КРАСНОЯРСК-ВОСТ",2025,2024,75 days 08:27:08.596775730,108507.1432795955,67.97524374909699,0.2325937260902831,Весна,2,3,0.003118961766093,0.003118961766093,0.009356885298279,134.73914829522116,0,0,2,"1,75ч",13,"1,6ч",10,"1,18ч",department,Неплотность тормозной магистрали грузового вагона
1,2025-03-17 19:42:11.101223496,Красноярская,CV,"КРАС, ВЧДЭ-8 АБАКАН",2025,2024,75 days 14:03:53.194617294,108843.8865769549,336.7432973593968,0.2333588370313695,Весна,2,3,0.003118961766093,0.003118961766093,0.009356885298279,134.73914829522116,0,0,26,"7,85ч",9,"2,5ч",15,"1,6ч",department,Тонкий гребень колеса грузового вагона
2,2025-03-17 20:53:35.289785340,Красноярская,CV,"З-СИБ, ВЧДЭ-6 ИНСКАЯ",2025,2024,75 days 15:15:17.383179138,108915.28971965233,71.40314269741066,0.234123947972456,Весна,2,3,0.003118961766093,0.003118961766093,0.009356885298279,134.73914829522116,0,0,27,"25,05ч",25,"5,07ч",8,"37,02ч",department,Технологический нагрев буксового узла
2,2025-03-18 01:34:16.237855920,Октябрьская,CV,"ОКТ, ВЧДЭ-28 ВОЛХОВСТРОЙ",2025,2024,75 days 19:55:58.331249718,109195.9721874953,280.6824678429839,0.2348890589135424,Весна,2,3,0.003118961766093,0.003118961766093,0.009356885298279,134.73914829522116,0,0,15,"0,55ч",25,"4,75ч",12,"0,12ч",department,Выщербина на ободе колеса грузового вагона
2,2025-03-18 07:37:02.127647274,Южно-Уральская,CV,"КРАС, ВЧДЭ-8 АБАКАН",2025,2024,76 days 01:58:44.221041072,109558.7370173512,362.764829855907,0.2356541698546289,Весна,2,3,0.003118961766093,0.003118961766093,0.009356885298279,134.73914829522116,0,0,6,"2,57ч",1,"1,6ч",9,"0,88ч",department,Тонкий гребень колеса грузового вагона
1,2025-03-19 15:05:43.309054704,Красноярская,CV,"З-СИБ, ВЧДЭ-6 ИНСКАЯ",2025,2024,77 days 09:27:25.402448502,111447.42337414173,1888.6863567905093,0.2364192807957154,Весна,2,3,0.003118961766093,0.003118961766093,0.009356885298279,134.73914829522116,0,0,37,"4,55ч",16,"2,77ч",15,"2,12ч",department,Неисправность воздухораспределителя грузового вагона
1,2025-03-19 15:15:40.009617102,Забайкальская,CV,"ЗАБ, ВЧДЭ-3 КАРЫМСКАЯ",2025,2024,77 days 09:37:22.103010900,111457.368383515,9.945009373288483,0.2371843917368018,Весна,2,3,0.003118961766093,0.003118961766093,0.009356885298279,134.73914829522116,0,0,15,"6,03ч",15,"0,78ч",2,"0,78ч",department,Неравномерный прокат по кругу катания колеса грузового вагона выше нормы
1,2025-03-19 15:46:20.562103434,Южно-Уральская,CV,"З-СИБ, ВЧДЭ-25 НОВОКУЗНЕЦК",2025,2024,77 days 10:08:02.655497232,111488.0442582872,30.67587477220513,0.2379495026778882,Весна,2,3,0.003118961766093,0.003118961766093,0.009356885298279,134.73914829522116,0,0,29,"8,88ч",25,"1,17ч",4,"0,15ч",department,Тонкий гребень колеса грузового вагона
3,2025-03-19 16:12:02.516915094,Западно-Сибирская,CV,"З-СИБ, ВЧДЭ-25 НОВОКУЗНЕЦК",2025,2024,77 days 10:33:44.610308892,111513.7435051482,25.699246860996936,0.2387146136189747,Весна,2,3,0.003118961766093,0.003118961766093,0.009356885298279,134.73914829522116,0,0,,,,,,,department,Выщербина на ободе колеса грузового вагона
3,2025-03-19 18:54:56.887912302,Южно-Уральская,CV,"ЗАБ, ВЧДЭ-3 КАРЫМСКАЯ",2025,2024,77 days 13:16:38.981306100,111676.649688435,162.90618328680284,0.2394797245600612,Весна,2,3,0.003118961766093,0.003118961766093,0.009356885298279,134.73914829522116,0,0,,,,,,,department,Выщербина на ободе колеса грузового вагона
3,2025-03-20 04:07:35.264678460,Забайкальская,CV,"В-СИБ, ВЧДЭ-10 УЛАН-УДЭ",2025,2024,77 days 22:29:17.358072258,112229.28930120428,552.639612769286,0.2402448355011476,Весна,2,3,0.003118961766093,0.003118961766093,0.009356885298279,134.73914829522116,0,0,,,,,,,department,Неравномерный прокат по кругу катания колеса грузового вагона выше нормы
1,2025-03-20 14:03:22.938114390,Западно-Сибирская,CV,"КРАС, ВЧДЭ-8 АБАКАН",2025,2024,78 days 08:25:05.031508188,112825.0838584698,595.7945572655008,0.2410099464422341,Весна,2,3,0.003118961766093,0.003118961766093,0.009356885298279,134.73914829522116,0,0,55,"1,65ч",14,"2,22ч",70,"0,63ч",department,Неисправность воздухораспределителя грузового вагона
3,2025-03-20 21:11:34.634912790,Восточно-Сибирская,CV,"З-СИБ, ВЧДЭ-12 ВХОДНАЯ",2025,2024,78 days 15:33:16.728306588,113253.2788051098,428.19494664001104,0.2417750573833205,Весна,2,3,0.003118961766093,0.003118961766093,0.009356885298279,134.73914829522116,0,0,,,,,,,department,Неисправность магистральной части воздухораспределителя
1,2025-03-21 09:19:58.502567328,Красноярская,CV,"ЗАБ, ВЧДЭ-7 БЕЛОГОРСК",2025,2024,79 days 03:41:40.595961126,113981.6765993521,728.3977942422935,0.242540168324407,Весна,2,3,0.003118961766093,0.003118961766093,0.009356885298279,134.73914829522116,0,0,1,"2,12ч",20,"2,45ч",30,"2,08ч",department,Неравномерный прокат по кругу катания колеса грузового вагона выше нормы
1,2025-03-21 11:24:58.635872352,Восточно-Сибирская,CV,"КРАС, ВЧДЭ-1 БОГОТОЛ",2025,2024,79 days 05:46:40.729266150,114106.6788211025,125.00222175040108,0.2433052792654935,Весна,2,3,0.003118961766093,0.003118961766093,0.009356885298279,134.73914829522116,0,0,6,"1,2ч",1,"2,22ч",6,"1,95ч",department,Тонкий гребень колеса грузового вагона
1,2025-03-21 11:54:33.935660022,Восточно-Сибирская,CV,"СВЕРД, ВЧДЭ-4",2025,2024,79 days 06:16:16.029053820,114136.267150897,29.588329794511083,0.2440703902065799,Весна,2,3,0.003118961766093,0.003118961766093,0.009356885298279,134.73914829522116,0,0,10,"8,03ч",9,"3,85ч",11,"8,03ч",department,Ослабление (разрушение) торцевого крепления
1,2025-03-21 12:13:46.482030084,Западно-Сибирская,CV,"ЗАБ, ВЧДЭ-3 КАРЫМСКАЯ",2025,2024,79 days 06:35:28.575423882,114155.4762570647,19.20910616769106,0.2448355011476664,Весна,2,3,0.003118961766093,0.003118961766093,0.009356885298279,134.73914829522116,0,0,29,"11,32ч",9,"2,13ч",6,"0,68ч",department,Тонкий гребень колеса грузового вагона
1,2025-03-21 22:26:37.182764682,Свердловская,CV,"КРАС, ВЧДЭ-1 БОГОТОЛ",2025,2024,79 days 16:48:19.276158480,114768.321269308,612.8450122432987,0.2456006120887528,Весна,2,3,0.003118961766093,0.003118961766093,0.009356885298279,134.73914829522116,0,0,7,"5,85ч",15,"1,07ч",10,"3,02ч",department,Неравномерный прокат по кругу катания колеса грузового вагона выше нормы
2,2025-03-22 05:26:56.161969206,Куйбышевская,CV,"ЗАБ, ВЧДЭ-3 КАРЫМСКАЯ",2025,2024,79 days 23:48:38.255363004,115188.6375893834,420.3163200754061,0.2463657230298393,Весна,2,3,0.003118961766093,0.003118961766093,0.009356885298279,134.73914829522116,0,0,35,"10,23ч",5,"5,07ч",12,"0,5ч",department,Тонкий гребень колеса грузового вагона
2,2025-03-22 11:51:28.604667936,Красноярская,CV,"СВЕРД, ВЧДЭ-4",2025,2024,80 days 06:13:10.698061734,115573.17830102892,384.5407116455026,0.2471308339709257,Весна,2,3,0.003118961766093,0.003118961766093,0.009356885298279,134.73914829522116,0,0,55,"6,1ч",7,"0,22ч",9,"0,35ч",department,Неравномерный прокат по кругу катания колеса грузового вагона выше нормы
3,2025-03-22 14:04:32.514683166,Дальневосточная,CV,"СВЕРД, ВЧДЭ-4",2025,2024,80 days 08:26:14.608076964,115706.2434679494,133.06516692048172,0.2478959449120122,Весна,2,3,0.003118961766093,0.003118961766093,0.009356885298279,134.73914829522116,0,0,,,,,,,department,Неравномерный прокат по кругу катания колеса грузового вагона выше нормы
3,2025-03-22 16:37:45.629448072,Западно-Сибирская,CV,"КРАС, ВЧДЭ-7 КРАСНОЯРСК-ВОСТ",2025,2024,80 days 10:59:27.722841870,115859.4620473645,153.21857941511553,0.2486610558530987,Весна,2,3,0.003118961766093,0.003118961766093,0.009356885298279,134.73914829522116,0,0,,,,,,,department,Неисправность магистральной части воздухораспределителя
2,2025-03-23 09:35:01.178343414,Октябрьская,CV,"ЗАБ, ВЧДЭ-7 БЕЛОГОРСК",2025,2024,81 days 03:56:43.271737212,116876.7211956202,1017.2591482557036,0.2494261667941851,Весна,2,3,0.003118961766093,0.003118961766093,0.009356885298279,134.73914829522116,0,0,8,"2,17ч",25,"1,7ч",10,"0,53ч",department,Неравномерный прокат по кругу катания колеса грузового вагона выше нормы
3,2025-03-23 09:56:09.508431534,Забайкальская,CV,"ЗАБ, ВЧДЭ-3 КАРЫМСКАЯ",2025,2024,81 days 04:17:51.601825332,116897.8600304222,21.13883480199729,0.2501912777352716,Весна,2,3,0.003118961766093,0.003118961766093,0.009356885298279,134.73914829522116,0,0,,,,,,,department,Тонкий гребень колеса грузового вагона
2,2025-03-23 17:52:36.597797574,Свердловская,CV,"ЗАБ, ВЧДЭ-7 БЕЛОГОРСК",2025,2024,81 days 12:14:18.691191372,117374.3115198562,476.45148943399545,0.250956388676358,Весна,2,3,0.003118961766093,0.003118961766093,0.009356885298279,134.73914829522116,0,0,30,"12,55ч",4,"1,53ч",0,,department,Ослабление (разрушение) торцевого крепления
3,2025-03-23 19:51:24.592984716,Дальневосточная,CV,"В-СИБ, ВЧДЭ-13 ТАЙШЕТ",2025,2024,81 days 14:13:06.686378514,117493.1114396419,118.79991978569888,0.2517214996174445,Весна,2,3,0.003118961766093,0.003118961766093,0.009356885298279,134.73914829522116,0,0,,,,,,,department,Неисправность магистральной части воздухораспределителя
3,2025-03-23 20:04:10.957748208,Восточно-Сибирская,CV,"З-СИБ, ВЧДЭ-6 ИНСКАЯ",2025,2024,81 days 14:25:53.051142006,117505.88418570012,12.772746058210032,0.252486610558531,Весна,2,3,0.003118961766093,0.003118961766093,0.009356885298279,134.73914829522116,0,0,,,,,,,department,Тонкий гребень колеса грузового вагона
3,2025-03-24 03:19:15.949840746,Восточно-Сибирская,CV,"КРАС, ВЧДЭ-1 БОГОТОЛ",2025,2024,81 days 21:40:58.043234544,117940.9673872424,435.08320154229295,0.2532517214996174,Весна,2,3,0.003118961766093,0.003118961766093,0.009356885298279,134.73914829522116,0,0,,,,,,,department,Тонкий гребень колеса грузового вагона
2,2025-03-24 05:28:06.205236624,Восточно-Сибирская,CV,"КРАС, ВЧДЭ-7 КРАСНОЯРСК-ВОСТ",2025,2024,81 days 23:49:48.298630422,118069.8049771737,128.83758993129595,0.2540168324407039,Весна,2,3,0.003118961766093,0.003118961766093,0.009356885298279,134.73914829522116,0,0,36,"13,78ч",2,"0,58ч",7,"1,87ч",department,Неравномерный прокат по кругу катания колеса грузового вагона выше нормы
3,2025-03-24 12:18:42.575512422,Забайкальская,CV,"КРАС, ВЧДЭ-7 КРАСНОЯРСК-ВОСТ",2025,2024,82 days 06:40:24.668906220,118480.411148437,410.6061712633091,0.2547819433817903,Весна,2,3,0.003118961766093,0.003118961766093,0.009356885298279,134.73914829522116,0,0,,,,,,,department,Неисправность магистральной части воздухораспределителя
2,2025-03-24 18:53:00.805065930,Забайкальская,CV,"З-СИБ, ВЧДЭ-23 БЕЛОВО",2025,2024,82 days 13:14:42.898459728,118874.7149743288,394.303825891795,0.2555470543228768,Весна,2,3,0.003118961766093,0.003118961766093,0.009356885298279,134.73914829522116,0,0,0,,25,"1,07ч",16,"1,43ч",department,Неплотность тормозной магистрали грузового вагона
1,2025-03-24 22:58:22.235530020,Восточно-Сибирская,CV,"КРАС, ВЧДЭ-7 КРАСНОЯРСК-ВОСТ",2025,2024,82 days 17:20:04.328923818,119120.0721487303,245.35717440149165,0.2563121652639633,Весна,2,3,0.003118961766093,0.003118961766093,0.009356885298279,134.73914829522116,0,0,1,"25,05ч",20,"0,1ч",22,"1,3ч",department,Тонкий гребень колеса грузового вагона
3,2025-03-25 07:00:01.431738534,Свердловская,CV,"Д-ВОСТ, ВЧДЭ-1 ХАБАРОВСК",2025,2024,83 days 01:21:43.525132332,119601.7254188722,481.6532701419055,0.2570772762050497,Весна,2,3,0.003118961766093,0.003118961766093,0.009356885298279,134.73914829522116,0,0,,,,,,,department,Несоответствие зазоров скользуна грузового вагона
2,2025-03-25 11:38:57.305294346,Восточно-Сибирская,CV,"КРАС, ВЧДЭ-7 КРАСНОЯРСК-ВОСТ",2025,2024,83 days 06:00:39.398688144,119880.6566448024,278.93122593019507,0.2578423871461361,Весна,2,3,0.003118961766093,0.003118961766093,0.009356885298279,134.73914829522116,0,0,6,"10,73ч",0,,70,"10,63ч",department,Тонкий гребень колеса грузового вагона
1,2025-03-25 13:27:14.941830462,Западно-Сибирская,CV,"ЗАБ, ВЧДЭ-3 КАРЫМСКАЯ",2025,2024,83 days 07:48:57.035224260,119988.950587071,108.29394226860312,0.2586074980872226,Весна,2,3,0.003118961766093,0.003118961766093,0.009356885298279,134.73914829522116,0,0,18,"26,3ч",2,"1,88ч",16,"0,2ч",department,Выщербина на ободе колеса грузового вагона
3,2025-03-25 20:31:58.278135930,Дальневосточная,CV,"Д-ВОСТ, ВЧДЭ-1 ХАБАРОВСК",2025,2024,83 days 14:53:40.371529728,120413.6728588288,424.72227175781154,0.2593726090283091,Весна,2,3,0.003118961766093,0.003118961766093,0.009356885298279,134.73914829522116,0,0,,,,,,,department,Нарушение регулировки рычажной передачи
1,2025-03-26 01:17:09.785881536,Южно-Уральская,CV,"ЗАБ, ВЧДЭ-3 КАРЫМСКАЯ",2025,2024,83 days 19:38:51.879275334,120698.8646545889,285.1917957600963,0.2601377199693955,Весна,2,3,0.003118961766093,0.003118961766093,0.009356885298279,134.73914829522116,0,0,39,"1,07ч",16,"0,08ч",15,"0,6ч",department,Несоответствие момента затяжки накидной гайки установленному нормативу
2,2025-03-26 01:21:16.194173741,Западно-Сибирская,CV,"КРАС, ВЧДЭ-1 БОГОТОЛ",2025,2024,83 days 19:42:58.287567539,120702.971459459,4.106804870083579,0.260902830910482,Весна,2,3,0.003118961766093,0.003118961766093,0.009356885298279,134.73914829522116,0,0,1,"8,75ч",4,"2,27ч",37,"0,47ч",department,Выщербина на ободе колеса грузового вагона
3,2025-03-26 13:44:50.339086254,Забайкальская,CV,"КРАС, ВЧДЭ-7 КРАСНОЯРСК-ВОСТ",2025,2024,84 days 08:06:32.432480052,121446.5405413342,743.5690818752191,0.2616679418515685,Весна,2,3,0.003118961766093,0.003118961766093,0.009356885298279,134.73914829522116,0,0,,,,,,,department,Неисправность воздухораспределителя грузового вагона
2,2025-03-26 17:57:46.031506518,Южно-Уральская,CV,"ЗАБ, ВЧДЭ-3 КАРЫМСКАЯ",2025,2024,84 days 12:19:28.124900316,121699.4687483386,252.9282070043846,0.2624330527926549,Весна,2,3,0.003118961766093,0.003118961766093,0.009356885298279,134.73914829522116,0,0,22,"0,83ч",4,"0,1ч",69,"3,45ч",department,Выщербина на ободе колеса грузового вагона
1,2025-03-27 04:48:32.038091898,Красноярская,CV,"З-СИБ, ВЧДЭ-25 НОВОКУЗНЕЦК",2025,2024,84 days 23:10:14.131485696,122350.2355247616,650.7667764229991,0.2631981637337414,Весна,2,3,0.003118961766093,0.003118961766093,0.009356885298279,134.73914829522116,0,0,27,"0,78ч",4,"0,3ч",11,"1,07ч",department,Тонкий гребень колеса грузового вагона
2,2025-03-27 16:15:43.732313412,Восточно-Сибирская,CV,"З-СИБ, ВЧДЭ-6 ИНСКАЯ",2025,2024,85 days 10:37:25.825707210,123037.4304284535,687.1949036919104,0.2639632746748278,Весна,2,3,0.003118961766093,0.003118961766093,0.009356885298279,134.73914829522116,0,0,14,"3,05ч",2,"1,25ч",8,"0,5ч",department,Разрегулирование рычажной передачи грузового вагона
3,2025-03-27 19:24:29.175840528,Забайкальская,CV,"В-СИБ, ВЧДЭ-13 ТАЙШЕТ",2025,2024,85 days 13:46:11.269234326,123226.1878205721,188.75739211859764,0.2647283856159143,Весна,2,3,0.003118961766093,0.003118961766093,0.009356885298279,134.73914829522116,0,0,,,,,,,department,Неисправность магистральной части воздухораспределителя
3,2025-03-27 23:11:40.360642044,Забайкальская,CV,"Д-ВОСТ, ВЧДЭ-1 ХАБАРОВСК",2025,2024,85 days 17:33:22.454035842,123453.37423393068,227.18641335859135,0.2654934965570008,Весна,2,3,0.003118961766093,0.003118961766093,0.009356885298279,134.73914829522116,0,0,,,,,,,department,Тонкий гребень колеса грузового вагона
2,2025-03-28 02:03:59.066708190,Северная,CV,"КРАС, ВЧДЭ-8 АБАКАН",2025,2024,85 days 20:25:41.160101988,123625.6860016998,172.3117677691189,0.2662586074980872,Весна,2,3,0.003118961766093,0.003118961766093,0.009356885298279,134.73914829522116,0,0,16,"16,75ч",5,"1,25ч",10,"2,87ч",department,Технологический нагрев буксового узла
2,2025-03-28 05:15:20.069514804,Куйбышевская,CV,"КРАС, ВЧДЭ-7 КРАСНОЯРСК-ВОСТ",2025,2024,85 days 23:37:02.162908602,123817.03604847669,191.3500467768754,0.2670237184391736,Весна,2,3,0.003118961766093,0.003118961766093,0.009356885298279,134.73914829522116,0,0,33,"9,85ч",16,"0,92ч",24,"1,67ч",department,Неисправность воздухораспределителя грузового вагона
1,2025-03-28 17:18:23.687430174,Красноярская,CV,"КРАС, ВЧДЭ-1 БОГОТОЛ",2025,2024,86 days 11:40:05.780823972,124540.0963470662,723.0602985895093,0.2677888293802601,Весна,2,3,0.003118961766093,0.003118961766093,0.009356885298279,134.73914829522116,0,0,43,"8,62ч",0,,12,"10,63ч",department,Несоответствие норм высоты автосцепки грузового вагона
3,2025-03-29 01:35:56.862865404,Забайкальская,CV,"З-СИБ, ВЧДЭ-6 ИНСКАЯ",2025,2024,86 days 19:57:38.956259202,125037.6492709867,497.55292392050615,0.2685539403213466,Весна,2,3,0.003118961766093,0.003118961766093,0.009356885298279,134.73914829522116,0,0,,,,,,,department,Излом рычагов и тормозных тяг грузового вагона
3,2025-03-29 02:19:19.200849714,Забайкальская,CV,"ЗАБ, ВЧДЭ-3 КАРЫМСКАЯ",2025,2024,86 days 20:41:01.294243512,125081.0215707252,43.372299738490256,0.269319051262433,Весна,2,3,0.003118961766093,0.003118961766093,0.009356885298279,134.73914829522116,0,0,,,,,,,department,Тонкий гребень колеса грузового вагона
3,2025-03-29 07:21:28.272743616,Красноярская,CV,"КРАС, ВЧДЭ-7 КРАСНОЯРСК-ВОСТ",2025,2024,87 days 01:43:10.366137414,125383.17276895692,302.151198231717,0.2700841622035195,Весна,2,3,0.003118961766093,0.003118961766093,0.009356885298279,134.73914829522116,0,0,,,,,,,department,Технологический нагрев буксового узла
1,2025-03-30 12:44:21.725008110,Красноярская,CV,"Ю-УР, ВЧДЭ-1 ЧЕЛЯБИНСК",2025,2024,88 days 07:06:03.818401908,127146.0636400318,1762.89087107488,0.270849273144606,Весна,2,3,0.003118961766093,0.003118961766093,0.009356885298279,134.73914829522116,0,0,55,"7,27ч",3,"0,42ч",10,"0,5ч",department,Тонкий гребень колеса грузового вагона
1,2025-03-30 17:34:35.767780038,Забайкальская,CV,"КРАС, ВЧДЭ-7 КРАСНОЯРСК-ВОСТ",2025,2024,88 days 11:56:17.861173836,127436.2976862306,290.234046198806,0.2716143840856924,Весна,2,3,0.003118961766093,0.003118961766093,0.009356885298279,134.73914829522116,0,0,56,"21,42ч",7,"0,65ч",18,"2,08ч",department,Неисправность магистральной части воздухораспределителя
2,2025-03-31 01:48:43.702169586,Дальневосточная,CV,"ЗАБ, ВЧДЭ-7 БЕЛОГОРСК",2025,2024,88 days 20:10:25.795563384,127930.4299260564,494.1322398258053,0.2723794950267789,Весна,2,3,0.003118961766093,0.003118961766093,0.009356885298279,134.73914829522116,0,0,27,"21,23ч",0,,25,"3,45ч",department,Завар тормозного башмака грузового вагона
3,2025-03-31 09:38:37.771202598,Восточно-Сибирская,CV,"ЗАБ, ВЧДЭ-7 БЕЛОГОРСК",2025,2024,89 days 04:00:19.864596396,128400.3310766066,469.9011505501985,0.2731446059678653,Весна,2,3,0.003118961766093,0.003118961766093,0.009356885298279,134.73914829522116,0,0,,,,,,,department,Выщербина на ободе колеса грузового вагона
1,2025-03-31 11:56:54.215387556,Дальневосточная,CV,"З-СИБ, ВЧДЭ-6 ИНСКАЯ",2025,2024,89 days 06:18:36.308781354,128538.6051463559,138.2740697492991,0.2739097169089518,Весна,2,3,0.003118961766093,0.003118961766093,0.009356885298279,134.73914829522116,0,0,14,"22,77ч",13,"3,57ч",30,"8,45ч",department,"Шелушение, раковины, коррозия на деталях подшипника"
1,2025-03-31 14:25:59.022262236,Восточно-Сибирская,CV,"СВЕРД, ВЧДЭ-4",2025,2024,89 days 08:47:41.115656034,128687.6852609339,149.08011457799876,0.2746748278500383,Весна,2,3,0.003118961766093,0.003118961766093,0.009356885298279,134.73914829522116,0,0,16,"7,82ч",3,"3,13ч",3,"0,8ч",department,Неравномерный прокат по кругу катания колеса грузового вагона выше нормы
1,2025-03-31 21:18:49.406230698,Забайкальская,CV,"КРАС, ВЧДЭ-8 АБАКАН",2025,2024,89 days 15:40:31.499624496,129100.5249937416,412.8397328077117,0.2754399387911247,Весна,2,3,0.003118961766093,0.003118961766093,0.009356885298279,134.73914829522116,0,0,0,,20,"4,13ч",1,"0,53ч",department,Тонкий гребень колеса грузового вагона
3,2025-04-01 01:01:02.963285106,Южно-Уральская,CV,"КРАС, ВЧДЭ-7 КРАСНОЯРСК-ВОСТ",2025,2024,89 days 19:22:45.056678904,129322.7509446484,222.22595090679533,0.2762050497322111,Весна,2,4,0.003118961766093,0.003118961766093,0.009356885298279,134.73914829522116,0,0,,,,,,,department,Тонкий гребень колеса грузового вагона
3,2025-04-01 05:32:04.108738769,Восточно-Сибирская,CV,"КРАС, ВЧДЭ-1 БОГОТОЛ",2025,2024,89 days 23:53:46.202132567,129593.77003554278,271.01909089437686,0.2769701606732976,Весна,2,4,0.003118961766093,0.003118961766093,0.009356885298279,134.73914829522116,0,0,,,,,,,department,Технологический нагрев буксового узла
3,2025-04-01 12:12:11.037084318,Дальневосточная,CV,"ЗАБ, ВЧДЭ-3 КАРЫМСКАЯ",2025,2024,90 days 06:33:53.130478116,129993.8855079686,400.11547242580855,0.2777352716143841,Весна,2,4,0.003118961766093,0.003118961766093,0.009356885298279,134.73914829522116,0,0,,,,,,,department,Выщербина на ободе колеса грузового вагона
2,2025-04-01 20:14:07.687184183,Восточно-Сибирская,CV,"СВЕРД, ВЧДЭ-4",2025,2024,90 days 14:35:49.780577981,130475.82967629968,481.944168331087,0.2785003825554705,Весна,2,4,0.003118961766093,0.003118961766093,0.009356885298279,134.73914829522116,0,0,39,"7,75ч",25,"1,27ч",9,"0,65ч",department,Неисправность магистральной части воздухораспределителя
2,2025-04-01 21:55:41.838379596,Красноярская,CV,"КРАС, ВЧДЭ-7 КРАСНОЯРСК-ВОСТ",2025,2024,90 days 16:17:23.931773394,130577.39886288992,101.56918659023358,0.279265493496557,Весна,2,4,0.003118961766093,0.003118961766093,0.009356885298279,134.73914829522116,0,0,31,"9,15ч",1,"3,63ч",17,"8,03ч",department,Неплотность тормозной магистрали грузового вагона
2,2025-04-01 22:46:35.815760820,Восточно-Сибирская,CV,"КРАС, ВЧДЭ-8 АБАКАН",2025,2024,90 days 17:08:17.909154618,130628.2984859103,50.89962302039203,0.2800306044376434,Весна,2,4,0.003118961766093,0.003118961766093,0.009356885298279,134.73914829522116,0,0,38,"3,35ч",2,"0,65ч",4,"3,97ч",department,Выщербина на ободе колеса грузового вагона
3,2025-04-02 00:37:13.047113142,Забайкальская,CV,"ЗАБ, ВЧДЭ-3 КАРЫМСКАЯ",2025,2024,90 days 18:58:55.140506940,130738.919008449,110.6205225386948,0.2807957153787299,Весна,2,4,0.003118961766093,0.003118961766093,0.009356885298279,134.73914829522116,0,0,,,,,,,department,Тонкий гребень колеса грузового вагона
1,2025-04-02 04:24:19.478444442,Южно-Уральская,CV,"КРАС, ВЧДЭ-7 КРАСНОЯРСК-ВОСТ",2025,2024,90 days 22:46:01.571838240,130966.026197304,227.10718885500685,0.2815608263198164,Весна,2,4,0.003118961766093,0.003118961766093,0.009356885298279,134.73914829522116,0,0,33,"11,47ч",26,"0,12ч",10,"0,92ч",department,Тонкий гребень колеса грузового вагона
3,2025-04-02 06:38:35.334913170,Забайкальская,CV,"СВЕРД, ВЧДЭ-4",2025,2024,91 days 01:00:17.428306968,131100.2904717828,134.26427447878814,0.2823259372609028,Весна,2,4,0.003118961766093,0.003118961766093,0.009356885298279,134.73914829522116,0,0,,,,,,,department,Ослабление (разрушение) торцевого крепления
1,2025-04-02 11:07:57.824088666,Восточно-Сибирская,CV,"КРАС, ВЧДЭ-7 КРАСНОЯРСК-ВОСТ",2025,2024,91 days 05:29:39.917482464,131369.6652913744,269.3748195916123,0.2830910482019892,Весна,2,4,0.003118961766093,0.003118961766093,0.009356885298279,134.73914829522116,0,0,43,"0,78ч",25,"1,13ч",2,"0,65ч",department,Неравномерный прокат по кругу катания колеса грузового вагона выше нормы
2,2025-04-02 11:25:34.869987096,Забайкальская,CV,"ЗАБ, ВЧДЭ-3 КАРЫМСКАЯ",2025,2024,91 days 05:47:16.963380894,131387.28272301488,17.61743164047948,0.2838561591430757,Весна,2,4,0.003118961766093,0.003118961766093,0.009356885298279,134.73914829522116,0,0,5,"1,88ч",0,,13,"3,45ч",department,Выщербина на ободе колеса грузового вагона
2,2025-04-02 15:14:07.907343090,Южно-Уральская,CV,"В-СИБ, ВЧДЭ-10 УЛАН-УДЭ",2025,2024,91 days 09:35:50.000736888,131615.83334561478,228.5506225998979,0.2846212700841622,Весна,2,4,0.003118961766093,0.003118961766093,0.009356885298279,134.73914829522116,0,0,30,"33,12ч",14,"0,68ч",10,"2,87ч",department,Выщербина на ободе колеса грузового вагона
3,2025-04-02 17:41:14.729307006,Дальневосточная,CV,"Д-ВОСТ, ВЧДЭ-1 ХАБАРОВСК",2025,2024,91 days 12:02:56.822700804,131762.9470450134,147.1136993986147,0.2853863810252486,Весна,2,4,0.003118961766093,0.003118961766093,0.009356885298279,134.73914829522116,0,0,,,,,,,department,Тонкий гребень колеса грузового вагона
2,2025-04-02 21:46:31.193270922,Западно-Сибирская,CV,"В-СИБ, ВЧДЭ-10 УЛАН-УДЭ",2025,2024,91 days 16:08:13.286664720,132008.221444412,245.27439939859323,0.2861514919663351,Весна,2,4,0.003118961766093,0.003118961766093,0.009356885298279,134.73914829522116,0,0,8,"2,53ч",6,"1,13ч",11,"0,18ч",department,Неисправность магистральной части воздухораспределителя
3,2025-04-03 00:42:34.412126640,Западно-Сибирская,CV,"В-СИБ, ВЧДЭ-10 УЛАН-УДЭ",2025,2024,91 days 19:04:16.505520438,132184.2750920073,176.0536475953122,0.2869166029074216,Весна,2,4,0.003118961766093,0.003118961766093,0.009356885298279,134.73914829522116,0,0,,,,,,,department,Неравномерный прокат по кругу катания колеса грузового вагона выше нормы
3,2025-04-03 02:29:47.141105898,Красноярская,CV,"КРАС, ВЧДЭ-8 АБАКАН",2025,2024,91 days 20:51:29.234499696,132291.48724166158,107.21214965428226,0.287681713848508,Весна,2,4,0.003118961766093,0.003118961766093,0.009356885298279,134.73914829522116,0,0,,,,,,,department,Неисправность воздухораспределителя грузового вагона
3,2025-04-03 15:01:29.298375630,Октябрьская,CV,"ЗАБ, ВЧДЭ-7 БЕЛОГОРСК",2025,2024,92 days 09:23:11.391769428,133043.18986282378,751.7026211621996,0.2884468247895945,Весна,2,4,0.003118961766093,0.003118961766093,0.009356885298279,134.73914829522116,0,0,,,,,,,department,Неплотность тормозной магистрали грузового вагона
2,2025-04-03 16:06:59.045481168,Октябрьская,CV,"З-СИБ, ВЧДЭ-6 ИНСКАЯ",2025,2024,92 days 10:28:41.138874966,133108.6856479161,65.49578509232379,0.2892119357306809,Весна,2,4,0.003118961766093,0.003118961766093,0.009356885298279,134.73914829522116,0,0,51,"4,9ч",26,"2,72ч",5,"0,6ч",department,Тонкий гребень колеса грузового вагона
2,2025-04-03 22:13:40.806145596,Западно-Сибирская,CV,"ОКТ, ВЧДЭ-28 ВОЛХОВСТРОЙ",2025,2024,92 days 16:35:22.899539394,133475.3816589899,366.6960110738,0.2899770466717674,Весна,2,4,0.003118961766093,0.003118961766093,0.009356885298279,134.73914829522116,0,0,25,"15,47ч",7,"2,83ч",2,"2,27ч",department,Технологический нагрев буксового узла
1,2025-04-04 12:02:39.303354090,Красноярская,CV,"ЗАБ, ВЧДЭ-3 КАРЫМСКАЯ",2025,2024,93 days 06:24:21.396747888,134304.3566124648,828.9749534748844,0.2907421576128539,Весна,2,4,0.003118961766093,0.003118961766093,0.009356885298279,134.73914829522116,0,0,32,"8,32ч",2,"3,97ч",9,"15,28ч",department,Неравномерный прокат по кругу катания колеса грузового вагона выше нормы
1,2025-04-04 16:10:41.978312568,Южно-Уральская,CV,"КРАС, ВЧДЭ-7 КРАСНОЯРСК-ВОСТ",2025,2024,93 days 10:32:24.071706366,134552.4011951061,248.0445826413052,0.2915072685539403,Весна,2,4,0.003118961766093,0.003118961766093,0.009356885298279,134.73914829522116,0,0,38,"4,63ч",9,"0,43ч",18,"0,8ч",department,Ослабление (разрушение) торцевого крепления
1,2025-04-05 03:21:02.543441784,Забайкальская,CV,"СВЕРД, ВЧДЭ-4",2025,2024,93 days 21:42:44.636835582,135222.7439472597,670.3427521536069,0.2922723794950267,Весна,2,4,0.003118961766093,0.003118961766093,0.009356885298279,134.73914829522116,0,0,8,"5,62ч",2,"1,22ч",5,"1,32ч",department,Ослабление (разрушение) торцевого крепления
3,2025-04-05 04:03:48.044619996,Забайкальская,CV,"В-СИБ, ВЧДЭ-10 УЛАН-УДЭ",2025,2024,93 days 22:25:30.138013794,135265.5023002299,42.75835297020967,0.2930374904361132,Весна,2,4,0.003118961766093,0.003118961766093,0.009356885298279,134.73914829522116,0,0,,,,,,,department,Нарушение регулировки рычажной передачи
2,2025-04-05 07:42:04.734437442,Западно-Сибирская,CV,"З-СИБ, ВЧДЭ-6 ИНСКАЯ",2025,2024,94 days 02:03:46.827831240,135483.780463854,218.2781636240834,0.2938026013771997,Весна,2,4,0.003118961766093,0.003118961766093,0.009356885298279,134.73914829522116,0,0,23,"4,58ч",2,"3,92ч",11,"18,77ч",department,Разрегулирование рычажной передачи грузового вагона
1,2025-04-05 10:57:52.730655144,Октябрьская,CV,"ЗАБ, ВЧДЭ-3 КАРЫМСКАЯ",2025,2024,94 days 05:19:34.824048942,135679.5804008157,195.7999369617028,0.2945677123182861,Весна,2,4,0.003118961766093,0.003118961766093,0.009356885298279,134.73914829522116,0,0,18,"2,3ч",8,"1,43ч",50,"3,97ч",department,Неплотность тормозной магистрали грузового вагона
3,2025-04-05 11:00:29.550994206,Восточно-Сибирская,CV,"КРАС, ВЧДЭ-7 КРАСНОЯРСК-ВОСТ",2025,2024,94 days 05:22:11.644388004,135682.1940731334,2.613672317704186,0.2953328232593726,Весна,2,4,0.003118961766093,0.003118961766093,0.009356885298279,134.73914829522116,0,0,,,,,,,department,Неплотность тормозной магистрали грузового вагона
2,2025-04-05 14:08:15.841566828,Красноярская,CV,"З-СИБ, ВЧДЭ-25 НОВОКУЗНЕЦК",2025,2024,94 days 08:29:57.934960626,135869.9655826771,187.77150954370157,0.296097934200459,Весна,2,4,0.003118961766093,0.003118961766093,0.009356885298279,134.73914829522116,0,0,27,"3,45ч",16,"0,5ч",70,"3,45ч",department,Неравномерный прокат по кругу катания колеса грузового вагона выше нормы
2,2025-04-05 16:35:54.492802488,Западно-Сибирская,CV,"В-СИБ, ВЧДЭ-10 УЛАН-УДЭ",2025,2024,94 days 10:57:36.586196286,136017.6097699381,147.6441872610012,0.2968630451415455,Весна,2,4,0.003118961766093,0.003118961766093,0.009356885298279,134.73914829522116,0,0,51,"2,43ч",10,"1,38ч",2,"2,03ч",department,Технологический нагрев буксового узла
2,2025-04-05 22:31:10.295515866,Восточно-Сибирская,CV,"КРАС, ВЧДЭ-1 БОГОТОЛ",2025,2024,94 days 16:52:52.388909664,136372.8731484944,355.2633785562939,0.297628156082632,Весна,2,4,0.003118961766093,0.003118961766093,0.009356885298279,134.73914829522116,0,0,37,"0,27ч",2,"2,72ч",17,"0,28ч",department,Разрегулирование рычажной передачи грузового вагона
3,2025-04-06 13:24:24.170179194,Восточно-Сибирская,CV,"З-СИБ, ВЧДЭ-6 ИНСКАЯ",2025,2024,95 days 07:46:06.263572992,137266.1043928832,893.2312443887931,0.2983932670237184,Весна,2,4,0.003118961766093,0.003118961766093,0.009356885298279,134.73914829522116,0,0,,,,,,,department,Выщербина на ободе колеса грузового вагона
1,2025-04-06 13:53:09.670619370,Забайкальская,CV,"СВЕРД, ВЧДЭ-4",2025,2024,95 days 08:14:51.764013168,137294.8627335528,28.758340669621248,0.2991583779648049,Весна,2,4,0.003118961766093,0.003118961766093,0.009356885298279,134.73914829522116,0,0,12,"10,88ч",3,"1,57ч",3,"1,67ч",department,Несоответствие норм высоты автосцепки грузового вагона
1,2025-04-06 16:00:21.403584036,Западно-Сибирская,CV,"В-СИБ, ВЧДЭ-13 ТАЙШЕТ",2025,2024,95 days 10:22:03.496977834,137422.0582829639,127.195549411088,0.2999234889058914,Весна,2,4,0.003118961766093,0.003118961766093,0.009356885298279,134.73914829522116,0,0,23,"2,5ч",6,"1,98ч",70,"2,77ч",department,Тонкий гребень колеса грузового вагона
2,2025-04-06 19:08:35.612420874,Восточно-Сибирская,CV,"ЗАБ, ВЧДЭ-3 КАРЫМСКАЯ",2025,2024,95 days 13:30:17.705814672,137610.2950969112,188.23681394729647,0.3006885998469778,Весна,2,4,0.003118961766093,0.003118961766093,0.009356885298279,134.73914829522116,0,0,35,"10,32ч",0,,25,"1,02ч",department,Ослабление (разрушение) торцевого крепления
1,2025-04-06 22:23:18.532525224,Западно-Сибирская,CV,"З-СИБ, ВЧДЭ-25 НОВОКУЗНЕЦК",2025,2024,95 days 16:45:00.625919022,137805.01043198368,194.71533507248387,0.3014537107880642,Весна,2,4,0.003118961766093,0.003118961766093,0.009356885298279,134.73914829522116,0,0,56,"3,77ч",11,"2,77ч",15,"8,45ч",department,Выщербина на ободе колеса грузового вагона
1,2025-04-07 06:21:17.490348228,Забайкальская,CV,"КРАС, ВЧДЭ-1 БОГОТОЛ",2025,2024,96 days 00:42:59.583742026,138282.9930623671,477.982630383427,0.3022188217291507,Весна,2,4,0.003118961766093,0.003118961766093,0.009356885298279,134.73914829522116,0,0,33,"2,05ч",8,"1,77ч",24,"1,03ч",department,Несоответствие зазоров скользуна грузового вагона
2,2025-04-07 08:40:17.286521496,Восточно-Сибирская,CV,"СВЕРД, ВЧДЭ-4",2025,2024,96 days 03:01:59.379915294,138421.9896652549,138.9966028877825,0.3029839326702372,Весна,2,4,0.0042152155584206,0.003118961766093,0.009356885298279,134.73914829522116,0,1,25,"17,52ч",2,"1,5ч",9,"1,55ч",department,Неплотность тормозной магистрали грузового вагона
2,2025-04-07 08:46:32.969799576,Октябрьская,CV,"З-СИБ, ВЧДЭ-12 ВХОДНАЯ",2025,2024,96 days 03:08:15.063193374,138428.2510532229,6.261387967999326,0.3037490436113236,Весна,2,4,0.0043979047655117,0.003118961766093,0.009356885298279,134.73914829522116,0,1,35,"6,92ч",2,"2,2ч",4,"0,6ч",department,Неисправность воздухораспределителя грузового вагона
3,2025-04-07 13:17:28.962562002,Красноярская,CV,"КРАС, ВЧДЭ-8 АБАКАН",2025,2024,96 days 07:39:11.055955800,138699.18426593,270.9332127071102,0.3045141545524101,Весна,2,4,0.0045702531444503,0.003118961766093,0.009356885298279,134.73914829522116,0,1,,,,,,,department,Другие причины
3,2025-04-07 20:49:18.464324760,Южно-Уральская,CV,"СВЕРД, ВЧДЭ-4",2025,2024,96 days 15:11:00.557718558,139151.0092953093,451.82502937930985,0.3052792654934965,Весна,2,4,0.0047835847812144,0.003118961766093,0.009356885298279,134.73914829522116,0,1,,,,,,,department,Тонкий гребень колеса грузового вагона
1,2025-04-07 23:06:33.019204254,Южно-Уральская,CV,"Д-ВОСТ, ВЧДЭ-1 ХАБАРОВСК",2025,2024,96 days 17:28:15.112598052,139288.2518766342,137.24258132488467,0.306044376434583,Весна,2,4,0.0052560262465439,0.003118961766093,0.009356885298279,134.73914829522116,0,1,16,"5,22ч",25,"5,07ч",22,"0,55ч",department,Технологический нагрев буксового узла
2,2025-04-08 01:43:20.518408620,Восточно-Сибирская,CV,"ЗАБ, ВЧДЭ-3 КАРЫМСКАЯ",2025,2024,96 days 20:05:02.611802418,139445.0435300403,156.7916534061078,0.3068094873756695,Весна,2,4,0.0055496793060784,0.003118961766093,0.009356885298279,134.73914829522116,0,1,5,"0,7ч",8,"1,48ч",2,"1,85ч",department,Выщербина на ободе колеса грузового вагона
1,2025-04-08 02:11:24.939868746,Забайкальская,CV,"ЗАБ, ВЧДЭ-3 КАРЫМСКАЯ",2025,2024,96 days 20:33:07.033262544,139473.1172210424,28.073691002093256,0.3075745983167559,Весна,2,4,0.0063353006292545,0.003118961766093,0.009356885298279,134.73914829522116,0,1,10,"0,63ч",15,"1,05ч",6,"3,9ч",department,Нарушение регулировки рычажной передачи
3,2025-04-08 02:50:43.321064316,Свердловская,CV,"КРАС, ВЧДЭ-7 КРАСНОЯРСК-ВОСТ",2025,2024,96 days 21:12:25.414458114,139512.4235743019,39.306353259511525,0.3083397092578424,Весна,2,4,0.006342227551575,0.003118961766093,0.009356885298279,134.73914829522116,0,1,,,,,,,department,Тонкий гребень колеса грузового вагона
2,2025-04-08 03:31:00.314619786,Западно-Сибирская,CV,"З-СИБ, ВЧДЭ-6 ИНСКАЯ",2025,2024,96 days 21:52:42.408013584,139552.7068002264,40.28322592450422,0.3091048201989288,Весна,2,4,0.0066554253928427,0.003118961766093,0.009356885298279,134.73914829522116,0,1,14,"12,9ч",10,"8,77ч",31,"1,22ч",department,Неисправность воздухораспределителя грузового вагона
2,2025-04-08 04:54:28.361828424,Свердловская,CV,"З-СИБ, ВЧДЭ-25 НОВОКУЗНЕЦК",2025,2024,96 days 23:16:10.455222222,139636.1742537037,83.46745347729302,0.3098699311400153,Весна,2,4,0.0067501936738203,0.003118961766093,0.009356885298279,134.73914829522116,0,1,23,"1,27ч",10,"2,95ч",3,"0,42ч",department,Выщербина на ободе колеса грузового вагона
1,2025-04-08 11:21:55.599622206,Октябрьская,CV,"З-СИБ, ВЧДЭ-12 ВХОДНАЯ",2025,2024,97 days 05:43:37.693016004,140023.6282169334,387.4539632296946,0.3106350420811017,Весна,2,4,0.0067959252028253,0.003118961766093,0.009356885298279,134.73914829522116,0,1,5,"4,83ч",14,"2,22ч",15,"0,4ч",department,Другие причины
1,2025-04-08 13:08:00.759333102,Западно-Сибирская,CV,"В-СИБ, ВЧДЭ-13 ТАЙШЕТ",2025,2024,97 days 07:29:42.852726900,140129.71421211498,106.08599518158007,0.3114001530221882,Весна,2,4,0.0069537394425521,0.003118961766093,0.009356885298279,134.73914829522116,0,1,30,"5,83ч",1,"1,55ч",15,"2,27ч",department,Тонкий гребень колеса грузового вагона
3,2025-04-08 13:38:03.501773916,Свердловская,CV,"Д-ВОСТ, ВЧДЭ-1 ХАБАРОВСК",2025,2024,97 days 07:59:45.595167714,140159.75991946188,30.0457073469006,0.3121652639632746,Весна,2,4,0.0070996523171275,0.003118961766093,0.009356885298279,134.73914829522116,0,1,,,,,,,department,Выщербина на ободе колеса грузового вагона
2,2025-04-08 14:21:27.195879480,Восточно-Сибирская,CV,"З-СИБ, ВЧДЭ-6 ИНСКАЯ",2025,2024,97 days 08:43:09.289273278,140203.1548212213,43.39490175942774,0.3129303749043611,Весна,2,4,0.0071290814387353,0.003118961766093,0.009356885298279,134.73914829522116,0,1,26,"11,5ч",2,"1,63ч",12,"0,32ч",department,Тонкий гребень колеса грузового вагона
2,2025-04-08 15:28:59.952504594,Куйбышевская,CV,"З-СИБ, ВЧДЭ-25 НОВОКУЗНЕЦК",2025,2024,97 days 09:50:42.045898392,140270.7007649732,67.54594375190209,0.3136954858454476,Весна,2,4,0.0071733798913722,0.003118961766093,0.009356885298279,134.73914829522116,0,1,36,"4,77ч",20,"0,93ч",3,"0,85ч",department,Неплотность тормозной магистрали грузового вагона
1,2025-04-08 17:43:13.237833948,Западно-Сибирская,CV,"Ю-УР, ВЧДЭ-1 ЧЕЛЯБИНСК",2025,2024,97 days 12:04:55.331227746,140404.9221871291,134.22142215588246,0.314460596786534,Весна,2,4,0.0072730362268694,0.003118961766093,0.009356885298279,134.73914829522116,0,1,8,"22,92ч",3,"2,2ч",6,"0,32ч",department,Тонкий гребень колеса грузового вагона
2,2025-04-08 19:01:55.152418260,Забайкальская,CV,"З-СИБ, ВЧДЭ-12 ВХОДНАЯ",2025,2024,97 days 13:23:37.245812058,140483.6207635343,78.69857640520786,0.3152257077276205,Весна,2,4,0.0073683378440353,0.003118961766093,0.009356885298279,134.73914829522116,0,1,10,"14,35ч",14,"2,77ч",15,"2,07ч",department,Тонкий гребень колеса грузового вагона
2,2025-04-08 20:08:56.574987990,Забайкальская,CV,"КРАС, ВЧДЭ-1 БОГОТОЛ",2025,2024,97 days 14:30:38.668381788,140550.6444730298,67.02370949549368,0.315990818668707,Весна,2,4,0.0074348662609319,0.003118961766093,0.009356885298279,134.73914829522116,0,1,11,"8,15ч",15,"2,02ч",8,"2,03ч",department,Неравномерный прокат по кругу катания колеса грузового вагона выше нормы
1,2025-04-08 22:00:24.569586642,Красноярская,CV,"Д-ВОСТ, ВЧДЭ-1 ХАБАРОВСК",2025,2024,97 days 16:22:06.662980440,140662.111049674,111.46657664419035,0.3167559296097934,Весна,2,4,0.0074621968338421,0.003118961766093,0.009356885298279,134.73914829522116,0,1,19,"4,43ч",15,"5,25ч",9,"3,55ч",department,Выщербина на ободе колеса грузового вагона
1,2025-04-08 22:37:30.403117932,Северная,CV,"КРАС, ВЧДЭ-7 КРАСНОЯРСК-ВОСТ",2025,2024,97 days 16:59:12.496511730,140699.2082751955,37.09722552151652,0.3175210405508799,Весна,2,4,0.0074629363350292,0.003118961766093,0.009356885298279,134.73914829522116,0,1,31,"19,32ч",8,"2,27ч",24,"0,15ч",department,Тонкий гребень колеса грузового вагона
3,2025-04-08 22:47:49.000100082,Северная,CV,"Д-ВОСТ, ВЧДЭ-1 ХАБАРОВСК",2025,2024,97 days 17:09:31.093493880,140709.518224898,10.309949702495942,0.3182861514919663,Весна,2,4,0.0079719325772781,0.003118961766093,0.009356885298279,134.73914829522116,0,1,,,,,,,department,Неравномерный прокат по кругу катания колеса грузового вагона выше нормы
2,2025-04-08 22:50:48.010419036,Красноярская,CV,"КРАС, ВЧДЭ-8 АБАКАН",2025,2024,97 days 17:12:30.103812834,140712.5017302139,2.98350531590404,0.3190512624330528,Весна,2,4,0.0082846460689237,0.003118961766093,0.009356885298279,134.73914829522116,0,1,13,"10,37ч",3,"2,27ч",12,"0,43ч",department,Неисправность воздухораспределителя грузового вагона
1,2025-04-08 23:25:28.271598672,Западно-Сибирская,CV,"Ю-УР, ВЧДЭ-1 ЧЕЛЯБИНСК",2025,2024,97 days 17:47:10.364992470,140747.1727498745,34.671019660599995,0.3198163733741392,Весна,2,4,0.0083459434078786,0.003118961766093,0.009356885298279,134.73914829522116,0,1,56,"6,47ч",4,"2,62ч",11,"0,28ч",department,Тонкий гребень колеса грузового вагона
1,2025-04-08 23:35:44.256704538,Восточно-Сибирская,CV,"СВЕРД, ВЧДЭ-4",2025,2024,97 days 17:57:26.350098336,140757.4391683056,10.266418431099735,0.3205814843152257,Весна,2,4,0.009356885298279,0.003118961766093,0.009356885298279,134.73914829522116,1,0,20,"16,43ч",5,"2,33ч",50,"0,63ч",department,Тонкий гребень колеса грузового вагона
3,2025-04-09 00:19:33.248668577,Октябрьская,CV,"ЗАБ, ВЧДЭ-7 БЕЛОГОРСК",2025,2024,97 days 18:41:15.342062375,140801.25570103957,43.8165327339666,0.3213465952563121,Весна,2,4,0.009356885298279,0.003118961766093,0.009356885298279,134.73914829522116,1,0,,,,,,,department,Тонкий гребень колеса грузового вагона
3,2025-04-09 02:57:59.697556296,Красноярская,CV,"СВЕРД, ВЧДЭ-4",2025,2024,97 days 21:19:41.790950094,140959.6965158349,158.44081479532178,0.3221117061973986,Весна,2,4,0.009356885298279,0.003118961766093,0.009356885298279,134.73914829522116,1,0,,,,,,,department,Выщербина на ободе колеса грузового вагона
1,2025-04-09 05:12:38.141908374,Восточно-Сибирская,CV,"Д-ВОСТ, ВЧДЭ-1 ХАБАРОВСК",2025,2024,97 days 23:34:20.235302172,141094.3372550362,134.64073920130613,0.3228768171384851,Весна,2,4,0.009356885298279,0.003118961766093,0.009356885298279,134.73914829522116,1,0,24,"13,03ч",26,"0,62ч",11,"2,97ч",department,Тонкий гребень колеса грузового вагона
2,2025-04-09 06:53:31.373488590,Восточно-Сибирская,CV,"КРАС, ВЧДЭ-1 БОГОТОЛ",2025,2024,98 days 01:15:13.466882388,141195.22444803978,100.88719300358208,0.3236419280795715,Весна,2,4,0.009356885298279,0.003118961766093,0.009356885298279,134.73914829522116,1,0,1,"3,47ч",6,"3,65ч",30,"2,07ч",department,Несоответствие норм высоты автосцепки грузового вагона
1,2025-04-09 10:18:04.231575090,Красноярская,CV,"СВЕРД, ВЧДЭ-4",2025,2024,98 days 04:39:46.324968888,141399.7720828148,204.54763477502277,0.324407039020658,Весна,2,4,0.009356885298279,0.003118961766093,0.009356885298279,134.73914829522116,1,0,15,"10,2ч",9,"1,9ч",7,"2,13ч",department,"Шелушение, раковины, коррозия на деталях подшипника"
1,2025-04-09 10:53:29.168806278,Забайкальская,CV,"В-СИБ, ВЧДЭ-13 ТАЙШЕТ",2025,2024,98 days 05:15:11.262200076,141435.1877033346,35.415620519808726,0.3251721499617444,Весна,2,4,0.009356885298279,0.003118961766093,0.009356885298279,134.73914829522116,1,0,41,"11,32ч",4,"0,43ч",7,"15,28ч",department,Тонкий гребень колеса грузового вагона
1,2025-04-09 14:44:41.032841694,Забайкальская,CV,"В-СИБ, ВЧДЭ-13 ТАЙШЕТ",2025,2024,98 days 09:06:23.126235492,141666.3854372582,231.1977339235891,0.3259372609028309,Весна,2,4,0.009356885298279,0.003118961766093,0.009356885298279,134.73914829522116,1,0,31,"1,42ч",20,"1,45ч",31,"1,85ч",department,Выщербина на ободе колеса грузового вагона
1,2025-04-09 15:39:08.520003936,Дальневосточная,CV,"ЗАБ, ВЧДЭ-3 КАРЫМСКАЯ",2025,2024,98 days 10:00:50.613397734,141720.8435566289,54.458119370712666,0.3267023718439173,Весна,2,4,0.009356885298279,0.003118961766093,0.009356885298279,134.73914829522116,1,0,25,"0,05ч",25,"2,22ч",37,"2,35ч",department,"Шелушение, раковины, коррозия на деталях подшипника"
2,2025-04-09 16:33:53.687539956,Свердловская,CV,"З-СИБ, ВЧДЭ-6 ИНСКАЯ",2025,2024,98 days 10:55:35.780933754,141775.5963488959,54.752792266983306,0.3274674827850038,Весна,2,4,0.009356885298279,0.003118961766093,0.009356885298279,134.73914829522116,1,0,39,"5,68ч",10,"5,75ч",69,"0,53ч",department,Неравномерный прокат по кругу катания колеса грузового вагона выше нормы
1,2025-04-09 17:29:26.751773286,Восточно-Сибирская,CV,"ЗАБ, ВЧДЭ-3 КАРЫМСКАЯ",2025,2024,98 days 11:51:08.845167084,141831.1474194514,55.551070555491606,0.3282325937260902,Весна,2,4,0.009356885298279,0.003118961766093,0.009356885298279,134.73914829522116,1,0,34,"12,28ч",7,"4,72ч",31,"3,5ч",department,Несоответствие норм высоты автосцепки грузового вагона
2,2025-04-09 17:40:28.801461786,Южно-Уральская,CV,"В-СИБ, ВЧДЭ-10 УЛАН-УДЭ",2025,2024,98 days 12:02:10.894855584,141842.18158092638,11.034161474992288,0.3289977046671767,Весна,2,4,0.009356885298279,0.003118961766093,0.009356885298279,134.73914829522116,1,0,11,"7,12ч",7,"3,97ч",18,"1,08ч",department,Тонкий гребень колеса грузового вагона
2,2025-04-10 00:16:50.397335850,Западно-Сибирская,CV,"В-СИБ, ВЧДЭ-13 ТАЙШЕТ",2025,2024,98 days 18:38:32.490729648,142238.54151216082,396.35993123444496,0.3297628156082632,Весна,2,4,0.009356885298279,0.003118961766093,0.009356885298279,134.73914829522116,1,0,33,"7,05ч",8,"0,7ч",15,"3,55ч",department,Нарушение регулировки рычажной передачи
1,2025-04-10 00:32:46.408352946,Северная,CV,"КРАС, ВЧДЭ-7 КРАСНОЯРСК-ВОСТ",2025,2024,98 days 18:54:28.501746744,142254.4750291124,15.93351695156889,0.3305279265493496,Весна,2,4,0.009356885298279,0.003118961766093,0.009356885298279,134.73914829522116,1,0,33,"2,95ч",20,"2,5ч",3,"1,95ч",department,Тонкий гребень колеса грузового вагона
2,2025-04-10 01:17:19.466782596,Забайкальская,CV,"В-СИБ, ВЧДЭ-10 УЛАН-УДЭ",2025,2024,98 days 19:39:01.560176394,142299.0260029399,44.5509738275141,0.3312930374904361,Весна,2,4,0.009356885298279,0.003118961766093,0.009356885298279,134.73914829522116,1,0,11,"0,63ч",26,"0,17ч",37,"1,82ч",department,Тонкий гребень колеса грузового вагона
2,2025-04-10 01:58:25.890534846,Забайкальская,CV,"З-СИБ, ВЧДЭ-6 ИНСКАЯ",2025,2024,98 days 20:20:07.983928644,142340.1330654774,41.10706253748504,0.3320581484315226,Весна,2,4,0.009356885298279,0.003118961766093,0.009356885298279,134.73914829522116,1,0,30,"4,52ч",10,"0,17ч",1,"0,1ч",department,Тонкий гребень колеса грузового вагона
1,2025-04-10 02:06:43.588475454,Западно-Сибирская,CV,"КРАС, ВЧДЭ-7 КРАСНОЯРСК-ВОСТ",2025,2024,98 days 20:28:25.681869252,142348.42803115418,8.294965676788706,0.332823259372609,Весна,2,4,0.009356885298279,0.003118961766093,0.009356885298279,134.73914829522116,1,0,22,"5,65ч",16,"3,08ч",37,"0,02ч",department,Завышение фрикционного клина гасителя колебаний относительно опорной поверхности надрессорной балки
2,2025-04-10 02:24:22.796377602,Восточно-Сибирская,CV,"КРАС, ВЧДЭ-8 АБАКАН",2025,2024,98 days 20:46:04.889771400,142366.08149619,17.65346503580804,0.3335883703136955,Весна,2,4,0.009356885298279,0.003118961766093,0.009356885298279,134.73914829522116,1,0,31,"0,92ч",13,"3,95ч",1,"2,17ч",department,Тонкий гребень колеса грузового вагона
3,2025-04-10 02:29:17.096942160,Дальневосточная,CV,"В-СИБ, ВЧДЭ-13 ТАЙШЕТ",2025,2024,98 days 20:50:59.190335958,142370.98650559929,4.905009409296326,0.3343534812547819,Весна,2,4,0.009356885298279,0.003118961766093,0.009356885298279,134.73914829522116,1,0,,,,,,,department,Тонкий гребень колеса грузового вагона
3,2025-04-10 03:06:15.031582469,Красноярская,CV,"ЗАБ, ВЧДЭ-3 КАРЫМСКАЯ",2025,2024,98 days 21:27:57.124976267,142407.95208293776,36.96557733847294,0.3351185921958684,Весна,2,4,0.009356885298279,0.003118961766093,0.009356885298279,134.73914829522116,1,0,,,,,,,department,Тонкий гребень колеса грузового вагона
2,2025-04-10 06:41:34.907518956,Западно-Сибирская,CV,"ЗАБ, ВЧДЭ-7 БЕЛОГОРСК",2025,2024,99 days 01:03:17.000912754,142623.2833485459,215.3312656081398,0.3358837031369548,Весна,2,4,0.009356885298279,0.003118961766093,0.009356885298279,134.73914829522116,1,0,19,"7,27ч",26,"1,15ч",10,"2,92ч",department,Тонкий гребень колеса грузового вагона
1,2025-04-10 07:25:53.937601212,Западно-Сибирская,CV,"Ю-УР, ВЧДЭ-1 ЧЕЛЯБИНСК",2025,2024,99 days 01:47:36.030995010,142667.60051658348,44.31716803758172,0.3366488140780413,Весна,2,4,0.009356885298279,0.003118961766093,0.009356885298279,134.73914829522116,1,0,17,"21,17ч",25,"0,83ч",17,"0,53ч",department,Выщербина на ободе колеса грузового вагона
2,2025-04-10 07:40:00.613321746,Дальневосточная,CV,"З-СИБ, ВЧДЭ-25 НОВОКУЗНЕЦК",2025,2024,99 days 02:01:42.706715544,142681.7117785924,14.111262008926133,0.3374139250191277,Весна,2,4,0.009356885298279,0.003118961766093,0.009356885298279,134.73914829522116,1,0,1,"9,5ч",10,"2,58ч",25,"3,55ч",department,Тонкий гребень колеса грузового вагона
1,2025-04-10 09:30:54.070714254,Восточно-Сибирская,CV,"Д-ВОСТ, ВЧДЭ-1 ХАБАРОВСК",2025,2024,99 days 03:52:36.164108052,142792.60273513422,110.89095654181438,0.3381790359602142,Весна,2,4,0.009356885298279,0.003118961766093,0.009356885298279,134.73914829522116,1,0,1,"26,4ч",8,"2,82ч",0,,department,Выщербина на ободе колеса грузового вагона
3,2025-04-10 19:38:23.687997702,Красноярская,CV,"ЗАБ, ВЧДЭ-3 КАРЫМСКАЯ",2025,2024,99 days 14:00:05.781391500,143400.096356525,607.4936213907786,0.3389441469013007,Весна,2,4,0.009356885298279,0.003118961766093,0.009356885298279,134.73914829522116,1,0,,,,,,,department,Тонкий гребень колеса грузового вагона
1,2025-04-10 20:06:39.042128430,Восточно-Сибирская,CV,"Ю-УР, ВЧДЭ-1 ЧЕЛЯБИНСК",2025,2024,99 days 14:28:21.135522228,143428.3522587038,28.255902178789256,0.3397092578423871,Весна,2,4,0.009356885298279,0.003118961766093,0.009356885298279,134.73914829522116,1,0,51,"10,95ч",0,,37,"2,13ч",department,Тонкий гребень колеса грузового вагона
3,2025-04-10 20:41:41.718872316,Южно-Уральская,CV,"Ю-УР, ВЧДЭ-1 ЧЕЛЯБИНСК",2025,2024,99 days 15:03:23.812266114,143463.3968711019,35.044612398109166,0.3404743687834736,Весна,2,4,0.009356885298279,0.003118961766093,0.009356885298279,134.73914829522116,1,0,,,,,,,department,Тонкий гребень колеса грузового вагона
1,2025-04-11 03:03:14.614354500,Восточно-Сибирская,CV,"З-СИБ, ВЧДЭ-25 НОВОКУЗНЕЦК",2025,2024,99 days 21:24:56.707748298,143844.9451291383,381.54825803640415,0.34123947972456,Весна,2,4,0.009356885298279,0.003118961766093,0.009356885298279,134.73914829522116,1,0,24,"3,68ч",8,"1,43ч",3,"1,03ч",department,Тонкий гребень колеса грузового вагона
3,2025-04-11 03:24:17.596934346,Куйбышевская,CV,"ЗАБ, ВЧДЭ-7 БЕЛОГОРСК",2025,2024,99 days 21:45:59.690328144,143865.9948388024,21.04970966410474,0.3420045906656465,Весна,2,4,0.009356885298279,0.003118961766093,0.009356885298279,134.73914829522116,1,0,,,,,,,department,Неисправность воздухораспределителя грузового вагона
2,2025-04-11 04:40:47.782417872,Забайкальская,CV,"Ю-УР, ВЧДЭ-1 ЧЕЛЯБИНСК",2025,2024,99 days 23:02:29.875811670,143942.4979301945,76.50309139210731,0.342769701606733,Весна,2,4,0.009356885298279,0.003118961766093,0.009356885298279,134.73914829522116,1,0,10,"11,8ч",10,"1,18ч",8,"0,17ч",department,Выщербина на ободе колеса грузового вагона
2,2025-04-11 05:10:04.644163896,Дальневосточная,CV,"З-СИБ, ВЧДЭ-6 ИНСКАЯ",2025,2024,99 days 23:31:46.737557694,143971.7789592949,29.28102910038433,0.3435348125478194,Весна,2,4,0.009356885298279,0.003118961766093,0.009356885298279,134.73914829522116,1,0,29,"7,92ч",15,"0,37ч",70,"1,42ч",department,Технологический нагрев буксового узла
2,2025-04-11 09:57:56.006761230,Восточно-Сибирская,CV,"З-СИБ, ВЧДЭ-25 НОВОКУЗНЕЦК",2025,2024,100 days 04:19:38.100155028,144259.6350025838,287.85604328889167,0.3442999234889058,Весна,2,4,0.009356885298279,0.003118961766093,0.009356885298279,134.73914829522116,1,0,38,"2,38ч",7,"1,53ч",0,,department,Неравномерный прокат по кругу катания колеса грузового вагона выше нормы
3,2025-04-11 17:04:28.632865074,Восточно-Сибирская,CV,"В-СИБ, ВЧДЭ-13 ТАЙШЕТ",2025,2024,100 days 11:26:10.726258872,144686.1787709812,426.543768397416,0.3450650344299923,Весна,2,4,0.009356885298279,0.003118961766093,0.009356885298279,134.73914829522116,1,0,,,,,,,department,Технологический нагрев буксового узла
1,2025-04-11 20:04:38.432076720,Южно-Уральская,CV,"ЗАБ, ВЧДЭ-7 БЕЛОГОРСК",2025,2024,100 days 14:26:20.525470518,144866.3420911753,180.16332019408583,0.3458301453710788,Весна,2,4,0.009356885298279,0.003118961766093,0.009356885298279,134.73914829522116,1,0,76,"9,7ч",7,"2,62ч",11,"0,17ч",department,Тонкий гребень колеса грузового вагона
3,2025-04-11 20:45:02.449563990,Красноярская,CV,"З-СИБ, ВЧДЭ-25 НОВОКУЗНЕЦК",2025,2024,100 days 15:06:44.542957788,144906.7423826298,40.40029145451263,0.3465952563121652,Весна,2,4,0.009356885298279,0.003118961766093,0.009356885298279,134.73914829522116,1,0,,,,,,,department,Неплотность тормозной магистрали грузового вагона
3,2025-04-11 21:40:15.443306112,Дальневосточная,CV,"КРАС, ВЧДЭ-7 КРАСНОЯРСК-ВОСТ",2025,2024,100 days 16:01:57.536699910,144961.9589449985,55.21656236870331,0.3473603672532517,Весна,2,4,0.009356885298279,0.003118961766093,0.009356885298279,134.73914829522116,1,0,,,,,,,department,Тонкий гребень колеса грузового вагона
3,2025-04-11 22:09:54.722900364,Восточно-Сибирская,CV,"З-СИБ, ВЧДЭ-23 БЕЛОВО",2025,2024,100 days 16:31:36.816294162,144991.6136049027,29.65465990419034,0.3481254781943382,Весна,2,4,0.009356885298279,0.003118961766093,0.009356885298279,134.73914829522116,1,0,,,,,,,department,Неисправность магистральной части воздухораспределителя
1,2025-04-12 02:06:32.969229023,Восточно-Сибирская,CV,"КРАС, ВЧДЭ-1 БОГОТОЛ",2025,2024,100 days 20:28:15.062622821,145228.25104371368,236.63743881098344,0.3488905891354246,Весна,2,4,0.009356885298279,0.003118961766093,0.009356885298279,134.73914829522116,1,0,56,"13,03ч",3,"1,05ч",17,"2,27ч",department,Обрыв (излом) трубы магистрали воздухопровода и подводящих труб
3,2025-04-12 06:29:26.941020348,Западно-Сибирская,CV,"ЗАБ, ВЧДЭ-7 БЕЛОГОРСК",2025,2024,101 days 00:51:09.034414146,145491.1505735691,262.8995298554073,0.3496557000765111,Весна,2,4,0.009356885298279,0.003118961766093,0.009356885298279,134.73914829522116,1,0,,,,,,,department,Несоответствие момента затяжки накидной гайки установленному нормативу
1,2025-04-12 07:27:27.470602290,Восточно-Сибирская,CV,"В-СИБ, ВЧДЭ-13 ТАЙШЕТ",2025,2024,101 days 01:49:09.563996088,145549.15939993478,58.0088263656944,0.3504208110175975,Весна,2,4,0.009356885298279,0.003118961766093,0.009356885298279,134.73914829522116,1,0,16,"7,33ч",6,"4,05ч",11,"0,63ч",department,Тонкий гребень колеса грузового вагона
3,2025-04-12 09:21:40.164065502,Восточно-Сибирская,CV,"Ю-УР, ВЧДЭ-1 ЧЕЛЯБИНСК",2025,2024,101 days 03:43:22.257459300,145663.370957655,114.21155772020576,0.351185921958684,Весна,2,4,0.009356885298279,0.003118961766093,0.009356885298279,134.73914829522116,1,0,,,,,,,department,Тонкий гребень колеса грузового вагона
2,2025-04-12 09:41:00.718621770,Дальневосточная,CV,"КРАС, ВЧДЭ-7 КРАСНОЯРСК-ВОСТ",2025,2024,101 days 04:02:42.812015568,145682.71353359282,19.34257593782968,0.3519510328997705,Весна,2,4,0.009356885298279,0.003118961766093,0.009356885298279,134.73914829522116,1,0,56,"6,2ч",15,"1,8ч",31,"1,65ч",department,Тонкий гребень колеса грузового вагона
3,2025-04-12 10:42:01.014235470,Забайкальская,CV,"В-СИБ, ВЧДЭ-13 ТАЙШЕТ",2025,2024,101 days 05:03:43.107629268,145743.71846048778,61.00492689496605,0.3527161438408569,Весна,2,4,0.009356885298279,0.003118961766093,0.009356885298279,134.73914829522116,1,0,,,,,,,department,Технологический нагрев буксового узла
1,2025-04-12 12:28:42.581282460,Восточно-Сибирская,CV,"СВЕРД, ВЧДЭ-4",2025,2024,101 days 06:50:24.674676258,145850.4112446043,106.69278411651612,0.3534812547819433,Весна,2,4,0.009356885298279,0.003118961766093,0.009356885298279,134.73914829522116,1,0,43,"15,6ч",16,"0,67ч",37,"0,15ч",department,Тонкий гребень колеса грузового вагона
1,2025-04-12 13:20:44.060414724,Западно-Сибирская,CV,"КРАС, ВЧДЭ-7 КРАСНОЯРСК-ВОСТ",2025,2024,101 days 07:42:26.153808522,145902.4358968087,52.024652204388985,0.3542463657230298,Весна,2,4,0.009356885298279,0.003118961766093,0.009356885298279,134.73914829522116,1,0,2,"6,1ч",10,"1,5ч",15,"3,45ч",department,Технологический нагрев буксового узла
2,2025-04-12 14:08:01.821254340,Свердловская,CV,"СВЕРД, ВЧДЭ-4",2025,2024,101 days 08:29:43.914648138,145949.7319108023,47.296013993618544,0.3550114766641163,Весна,2,4,0.009356885298279,0.003118961766093,0.009356885298279,134.73914829522116,1,0,25,"3,7ч",7,"0,9ч",5,"1,92ч",department,Тонкий гребень колеса грузового вагона
2,2025-04-12 14:08:08.230384476,Дальневосточная,CV,"З-СИБ, ВЧДЭ-6 ИНСКАЯ",2025,2024,101 days 08:29:50.323778274,145949.83872963788,0.1068188355711754,0.3557765876052027,Весна,2,4,0.009356885298279,0.003118961766093,0.009356885298279,134.73914829522116,1,0,4,"14,92ч",3,"1,02ч",69,"0,3ч",department,Выщербина на ободе колеса грузового вагона
3,2025-04-12 17:02:27.730232616,Восточно-Сибирская,CV,"КРАС, ВЧДЭ-7 КРАСНОЯРСК-ВОСТ",2025,2024,101 days 11:24:09.823626414,146124.1637271069,174.32499746902613,0.3565416985462892,Весна,2,4,0.009356885298279,0.003118961766093,0.009356885298279,134.73914829522116,1,0,,,,,,,department,Тонкий гребень колеса грузового вагона
3,2025-04-12 20:57:43.140599340,Забайкальская,CV,"СВЕРД, ВЧДЭ-4",2025,2024,101 days 15:19:25.233993138,146359.4205665523,235.25683944538468,0.3573068094873756,Весна,2,4,0.009356885298279,0.003118961766093,0.009356885298279,134.73914829522116,1,0,,,,,,,department,Выщербина на ободе колеса грузового вагона
3,2025-04-13 03:10:34.902863586,Западно-Сибирская,CV,"В-СИБ, ВЧДЭ-10 УЛАН-УДЭ",2025,2024,101 days 21:32:16.996257384,146732.2832709564,372.8627044041059,0.3580719204284621,Весна,2,4,0.009356885298279,0.003118961766093,0.009356885298279,134.73914829522116,1,0,,,,,,,department,Тонкий гребень колеса грузового вагона
3,2025-04-13 05:26:20.990919510,Восточно-Сибирская,CV,"З-СИБ, ВЧДЭ-25 НОВОКУЗНЕЦК",2025,2024,101 days 23:48:03.084313308,146868.0514052218,135.76813426541048,0.3588370313695486,Весна,2,4,0.009356885298279,0.003118961766093,0.009356885298279,134.73914829522116,1,0,,,,,,,department,Тонкий гребень колеса грузового вагона
3,2025-04-13 06:51:24.147677682,Дальневосточная,CV,"КРАС, ВЧДЭ-1 БОГОТОЛ",2025,2024,102 days 01:13:06.241071480,146953.104017858,85.05261263618013,0.359602142310635,Весна,2,4,0.009356885298279,0.003118961766093,0.009356885298279,134.73914829522116,1,0,,,,,,,department,Технологический нагрев буксового узла
1,2025-04-13 07:24:55.914018606,Забайкальская,CV,"В-СИБ, ВЧДЭ-10 УЛАН-УДЭ",2025,2024,102 days 01:46:38.007412404,146986.6334568734,33.529439015401294,0.3603672532517215,Весна,2,4,0.009356885298279,0.003118961766093,0.009356885298279,134.73914829522116,1,0,35,"6,07ч",3,"1,13ч",31,"1,5ч",department,Технологический нагрев буксового узла
1,2025-04-13 20:21:13.476837048,Восточно-Сибирская,CV,"Ю-УР, ВЧДЭ-1 ЧЕЛЯБИНСК",2025,2024,102 days 14:42:55.570230846,147762.92617051408,776.2927136406943,0.361132364192808,Весна,2,4,0.009356885298279,0.003118961766093,0.009356885298279,134.73914829522116,1,0,25,"11,8ч",13,"1,32ч",18,"1,33ч",department,Тонкий гребень колеса грузового вагона
3,2025-04-13 21:56:26.887733928,Восточно-Сибирская,CV,"КРАС, ВЧДЭ-8 АБАКАН",2025,2024,102 days 16:18:08.981127726,147858.1496854621,95.22351494801114,0.3618974751338944,Весна,2,4,0.009356885298279,0.003118961766093,0.009356885298279,134.73914829522116,1,0,,,,,,,department,Тонкий гребень колеса грузового вагона
2,2025-04-13 23:58:36.552949194,Красноярская,CV,"В-СИБ, ВЧДЭ-10 УЛАН-УДЭ",2025,2024,102 days 18:20:18.646342992,147980.3107723832,122.16108692111447,0.3626625860749808,Весна,2,4,0.009356885298279,0.003118961766093,0.009356885298279,134.73914829522116,1,0,33,"16,2ч",14,"1,62ч",11,"1,28ч",department,Выщербина на ободе колеса грузового вагона
2,2025-04-14 02:01:11.448824412,Восточно-Сибирская,CV,"З-СИБ, ВЧДЭ-25 НОВОКУЗНЕЦК",2025,2024,102 days 20:22:53.542218210,148102.8923703035,122.58159792030348,0.3634276970160673,Весна,2,4,0.009356885298279,0.003118961766093,0.009356885298279,134.73914829522116,1,0,0,,7,"2,28ч",29,"3,45ч",department,Тонкий гребень колеса грузового вагона
3,2025-04-14 05:20:36.686693094,Забайкальская,CV,"КРАС, ВЧДЭ-7 КРАСНОЯРСК-ВОСТ",2025,2024,102 days 23:42:18.780086892,148302.3130014482,199.42063114469056,0.3641928079571538,Весна,2,4,0.009356885298279,0.003118961766093,0.009356885298279,134.73914829522116,1,0,,,,,,,department,Несоответствие зазоров скользуна грузового вагона
3,2025-04-14 05:21:39.012700482,Забайкальская,CV,"ЗАБ, ВЧДЭ-3 КАРЫМСКАЯ",2025,2024,102 days 23:43:21.106094280,148303.351768238,1.0387667898030486,0.3649579188982402,Весна,2,4,0.009356885298279,0.003118961766093,0.009356885298279,134.73914829522116,1,0,,,,,,,department,Технологический нагрев буксового узла
1,2025-04-14 05:48:14.274318786,Забайкальская,CV,"Ю-УР, ВЧДЭ-1 ЧЕЛЯБИНСК",2025,2024,103 days 00:09:56.367712584,148329.93946187638,26.587693638372,0.3657230298393267,Весна,2,4,0.009356885298279,0.003118961766093,0.009356885298279,134.73914829522116,1,0,16,"8,22ч",20,"0,08ч",3,"2,53ч",department,Другие причины
1,2025-04-14 07:45:17.252678058,Забайкальская,CV,"КРАС, ВЧДЭ-7 КРАСНОЯРСК-ВОСТ",2025,2024,103 days 02:06:59.346071856,148446.9891011976,117.04963932122337,0.3664881407804131,Весна,2,4,0.009356885298279,0.003118961766093,0.009356885298279,134.73914829522116,1,0,35,"10,88ч",16,"1,08ч",18,"0,72ч",department,Тонкий гребень колеса грузового вагона
1,2025-04-14 11:46:18.371677476,Восточно-Сибирская,CV,"В-СИБ, ВЧДЭ-10 УЛАН-УДЭ",2025,2024,103 days 06:08:00.465071274,148688.0077511879,241.01864999029203,0.3672532517214996,Весна,2,4,0.009356885298279,0.003118961766093,0.009356885298279,134.73914829522116,1,0,3,"7,27ч",20,"0,52ч",11,"4,07ч",department,Неисправность магистральной части воздухораспределителя
3,2025-04-14 13:49:52.753794324,Забайкальская,CV,"Д-ВОСТ, ВЧДЭ-1 ХАБАРОВСК",2025,2024,103 days 08:11:34.847188122,148811.58078646872,123.5730352808314,0.3680183626625861,Весна,2,4,0.009356885298279,0.003118961766093,0.009356885298279,134.73914829522116,1,0,,,,,,,department,Несоответствие норм высоты автосцепки грузового вагона
1,2025-04-14 14:46:54.198510552,Красноярская,CV,"В-СИБ, ВЧДЭ-13 ТАЙШЕТ",2025,2024,103 days 09:08:36.291904350,148868.6048650725,57.024078603775706,0.3687834736036725,Весна,2,4,0.009356885298279,0.003118961766093,0.009356885298279,134.73914829522116,1,0,17,"15,62ч",7,"1,4ч",2,"0,22ч",department,Тонкий гребень колеса грузового вагона
3,2025-04-14 15:34:51.569616354,Октябрьская,CV,"КРАС, ВЧДЭ-1 БОГОТОЛ",2025,2024,103 days 09:56:33.663010152,148916.5610501692,47.95618509670021,0.369548584544759,Весна,2,4,0.009356885298279,0.003118961766093,0.009356885298279,134.73914829522116,1,0,,,,,,,department,Неисправность магистральной части воздухораспределителя
3,2025-04-14 17:57:59.121844794,Красноярская,CV,"КРАС, ВЧДЭ-7 КРАСНОЯРСК-ВОСТ",2025,2024,103 days 12:19:41.215238592,149059.6869206432,143.12587047400302,0.3703136954858455,Весна,2,4,0.009356885298279,0.003118961766093,0.009356885298279,134.73914829522116,1,0,,,,,,,department,Тонкий гребень колеса грузового вагона
2,2025-04-14 20:22:27.682023588,Западно-Сибирская,CV,"КРАС, ВЧДЭ-7 КРАСНОЯРСК-ВОСТ",2025,2024,103 days 14:44:09.775417386,149204.16292362308,144.4760029798781,0.3710788064269319,Весна,2,4,0.009356885298279,0.003118961766093,0.009356885298279,134.73914829522116,1,0,36,"2,85ч",26,"1,95ч",2,"0,98ч",department,Тонкий гребень колеса грузового вагона
2,2025-04-14 22:02:17.452413108,Южно-Уральская,CV,"КРАС, ВЧДЭ-7 КРАСНОЯРСК-ВОСТ",2025,2024,103 days 16:23:59.545806906,149303.9924301151,99.8295064920094,0.3718439173680183,Весна,2,4,0.009356885298279,0.003118961766093,0.009356885298279,134.73914829522116,1,0,7,"4,08ч",11,"1,15ч",26,"0,42ч",department,Технологический нагрев буксового узла
3,2025-04-14 22:39:06.897116256,Октябрьская,CV,"КРАС, ВЧДЭ-7 КРАСНОЯРСК-ВОСТ",2025,2024,103 days 17:00:48.990510054,149340.8165085009,36.82407838580548,0.3726090283091048,Весна,2,4,0.009356885298279,0.003118961766093,0.009356885298279,134.73914829522116,1,0,,,,,,,department,Несоответствие зазоров скользуна грузового вагона
2,2025-04-15 03:16:09.951443664,Восточно-Сибирская,CV,"КРАС, ВЧДЭ-7 КРАСНОЯРСК-ВОСТ",2025,2024,103 days 21:37:52.044837462,149617.8674139577,277.0509054567956,0.3733741392501912,Весна,2,4,0.009356885298279,0.003118961766093,0.009356885298279,134.73914829522116,1,0,14,"0,28ч",14,"0,87ч",9,"0,27ч",department,Выщербина на ободе колеса грузового вагона
1,2025-04-15 04:41:57.139234506,Восточно-Сибирская,CV,"КРАС, ВЧДЭ-7 КРАСНОЯРСК-ВОСТ",2025,2024,103 days 23:03:39.232628304,149703.65387713842,85.78646318073152,0.3741392501912777,Весна,2,4,0.009356885298279,0.003118961766093,0.009356885298279,134.73914829522116,1,0,25,"2,37ч",10,"0,45ч",10,"0,82ч",department,Тонкий гребень колеса грузового вагона
1,2025-04-15 07:28:59.673473874,Забайкальская,CV,"З-СИБ, ВЧДЭ-6 ИНСКАЯ",2025,2024,104 days 01:50:41.766867672,149870.6961144612,167.0422373227775,0.3749043611323642,Весна,2,4,0.009356885298279,0.003118961766093,0.009356885298279,134.73914829522116,1,0,15,"19,2ч",7,"2,28ч",25,"2,02ч",department,Тонкий гребень колеса грузового вагона
3,2025-04-15 07:54:46.282715112,Красноярская,CV,"СВЕРД, ВЧДЭ-4",2025,2024,104 days 02:16:28.376108910,149896.47293514851,25.776820687315197,0.3756694720734506,Весна,2,4,0.009356885298279,0.003118961766093,0.009356885298279,134.73914829522116,1,0,,,,,,,department,Выщербина на ободе колеса грузового вагона
2,2025-04-15 08:39:50.109830412,Забайкальская,CV,"Д-ВОСТ, ВЧДЭ-1 ХАБАРОВСК",2025,2024,104 days 03:01:32.203224210,149941.5367204035,45.0637852549844,0.3764345830145371,Весна,2,4,0.009356885298279,0.003118961766093,0.009356885298279,134.73914829522116,1,0,118,"21,17ч",25,"0,47ч",70,"3,5ч",department,Тонкий гребень колеса грузового вагона
1,2025-04-15 12:21:42.766243830,Восточно-Сибирская,CV,"З-СИБ, ВЧДЭ-6 ИНСКАЯ",2025,2024,104 days 06:43:24.859637628,150163.41432729378,221.87760689028076,0.3771996939556236,Весна,2,4,0.009356885298279,0.003118961766093,0.009356885298279,134.73914829522116,1,0,0,,20,"1,62ч",50,"1,57ч",department,Неисправность воздухораспределителя грузового вагона
3,2025-04-15 12:27:12.401344770,Северная,CV,"КРАС, ВЧДЭ-7 КРАСНОЯРСК-ВОСТ",2025,2024,104 days 06:48:54.494738568,150168.9082456428,5.49391834900598,0.37796480489671,Весна,2,4,0.009356885298279,0.003118961766093,0.009356885298279,134.73914829522116,1,0,,,,,,,department,Технологический нагрев буксового узла
1,2025-04-15 13:43:57.050362218,Дальневосточная,CV,"СВЕРД, ВЧДЭ-4",2025,2024,104 days 08:05:39.143756016,150245.65239593358,76.74415029078955,0.3787299158377964,Весна,2,4,0.009356885298279,0.003118961766093,0.009356885298279,134.73914829522116,1,0,2,"24,28ч",25,"2,58ч",69,"9,12ч",department,Тонкий гребень колеса грузового вагона
1,2025-04-15 14:54:11.347784604,Южно-Уральская,CV,"КРАС, ВЧДЭ-7 КРАСНОЯРСК-ВОСТ",2025,2024,104 days 09:15:53.441178402,150315.8906863067,70.23829037311953,0.3794950267788829,Весна,2,4,0.009356885298279,0.003118961766093,0.009356885298279,134.73914829522116,1,0,17,"11,55ч",13,"1,62ч",37,"8,03ч",department,Неисправность воздухораспределителя грузового вагона
2,2025-04-15 17:22:52.439916342,Западно-Сибирская,CV,"З-СИБ, ВЧДЭ-6 ИНСКАЯ",2025,2024,104 days 11:44:34.533310140,150464.575555169,148.68486886229948,0.3802601377199694,Весна,2,4,0.009356885298279,0.003118961766093,0.009356885298279,134.73914829522116,1,0,32,"12,25ч",0,,4,"18,77ч",department,Технологический нагрев буксового узла
2,2025-04-15 17:58:15.824516088,Восточно-Сибирская,CV,"ЗАБ, ВЧДЭ-3 КАРЫМСКАЯ",2025,2024,104 days 12:19:57.917909886,150499.9652984981,35.38974332911312,0.3810252486610558,Весна,2,4,0.009356885298279,0.003118961766093,0.009356885298279,134.73914829522116,1,0,3,"1,47ч",15,"2,8ч",8,"0,53ч",department,Неисправность магистральной части воздухораспределителя
1,2025-04-15 18:24:41.388628164,Забайкальская,CV,"ЗАБ, ВЧДЭ-3 КАРЫМСКАЯ",2025,2024,104 days 12:46:23.482021962,150526.3913670327,26.426068534579827,0.3817903596021423,Весна,2,4,0.009356885298279,0.003118961766093,0.009356885298279,134.73914829522116,1,0,18,"9,77ч",13,"2,42ч",70,"1,62ч",department,Неисправность магистральной части воздухораспределителя
2,2025-04-15 23:03:08.787518502,Восточно-Сибирская,CV,"ЗАБ, ВЧДЭ-7 БЕЛОГОРСК",2025,2024,104 days 17:24:50.880912300,150804.848015205,278.4566481723159,0.3825554705432287,Весна,2,4,0.009356885298279,0.003118961766093,0.009356885298279,134.73914829522116,1,0,43,"16,13ч",15,"1,75ч",22,"1,3ч",department,Тонкий гребень колеса грузового вагона
3,2025-04-16 00:33:46.199027304,Красноярская,CV,"ЗАБ, ВЧДЭ-3 КАРЫМСКАЯ",2025,2024,104 days 18:55:28.292421102,150895.47154035172,90.62352514671512,0.3833205814843152,Весна,2,4,0.009356885298279,0.003118961766093,0.009356885298279,134.73914829522116,1,0,,,,,,,department,Неисправность воздухораспределителя грузового вагона
3,2025-04-16 00:45:35.311726080,Западно-Сибирская,CV,"З-СИБ, ВЧДЭ-25 НОВОКУЗНЕЦК",2025,2024,104 days 19:07:17.405119878,150907.29008533127,11.818544979556464,0.3840856924254017,Весна,2,4,0.009356885298279,0.003118961766093,0.009356885298279,134.73914829522116,1,0,,,,,,,department,Неисправность магистральной части воздухораспределителя
1,2025-04-16 01:08:30.618244565,Восточно-Сибирская,CV,"СВЕРД, ВЧДЭ-4",2025,2024,104 days 19:30:12.711638363,150930.2118606394,22.921775308117503,0.3848508033664881,Весна,2,4,0.009356885298279,0.003118961766093,0.009356885298279,134.73914829522116,1,0,8,"5,58ч",7,"0,03ч",0,,department,Технологический нагрев буксового узла
1,2025-04-16 13:09:37.511258652,Восточно-Сибирская,CV,"СВЕРД, ВЧДЭ-4",2025,2024,105 days 07:31:19.604652450,151651.3267442075,721.1148835681088,0.3856159143075746,Весна,2,4,0.009356885298279,0.003118961766093,0.009356885298279,134.73914829522116,1,0,17,"4,32ч",16,"2,77ч",37,"1,03ч",department,Тонкий гребень колеса грузового вагона
1,2025-04-16 13:32:53.294992308,Забайкальская,CV,"Ю-УР, ВЧДЭ-1 ЧЕЛЯБИНСК",2025,2024,105 days 07:54:35.388386106,151674.5898064351,23.26306222760468,0.3863810252486611,Весна,2,4,0.009356885298279,0.003118961766093,0.009356885298279,134.73914829522116,1,0,4,"0,87ч",16,"4,87ч",0,,department,Тонкий гребень колеса грузового вагона
2,2025-04-16 15:13:39.079547232,Дальневосточная,CV,"В-СИБ, ВЧДЭ-10 УЛАН-УДЭ",2025,2024,105 days 09:35:21.172941030,151775.35288235047,100.76307591536896,0.3871461361897475,Весна,2,4,0.009356885298279,0.003118961766093,0.009356885298279,134.73914829522116,1,0,12,"1,43ч",10,"2,27ч",30,"1,5ч",department,Тонкий гребень колеса грузового вагона
2,2025-04-16 16:11:53.498950548,Южно-Уральская,CV,"ЗАБ, ВЧДЭ-7 БЕЛОГОРСК",2025,2024,105 days 10:33:35.592344346,151833.5932057391,58.240323388628894,0.3879112471308339,Весна,2,4,0.009356885298279,0.003118961766093,0.009356885298279,134.73914829522116,1,0,38,"7,62ч",10,"2,85ч",2,"2,85ч",department,Неправильное включение режимов отпуска воздухораспределителя
1,2025-04-16 20:03:35.857815510,Восточно-Сибирская,CV,"КРАС, ВЧДЭ-7 КРАСНОЯРСК-ВОСТ",2025,2024,105 days 14:25:17.951209308,152065.29918682182,231.70598108271952,0.3886763580719204,Весна,2,4,0.009356885298279,0.003118961766093,0.009356885298279,134.73914829522116,1,0,0,,4,"0,28ч",8,"0,3ч",department,Тонкий гребень колеса грузового вагона
3,2025-04-17 03:34:46.124320680,Западно-Сибирская,CV,"Д-ВОСТ, ВЧДЭ-1 ХАБАРОВСК",2025,2024,105 days 21:56:28.217714478,152516.47029524128,451.171108419454,0.3894414690130069,Весна,2,4,0.003118961766093,0.003118961766093,0.009356885298279,134.73914829522116,0,0,,,,,,,department,Несоответствие норм высоты автосцепки грузового вагона
1,2025-04-17 08:26:06.905189052,Свердловская,CV,"Д-ВОСТ, ВЧДЭ-1 ХАБАРОВСК",2025,2024,106 days 02:47:48.998582850,152807.8166430475,291.34634780621855,0.3902065799540933,Весна,2,4,0.003118961766093,0.003118961766093,0.009356885298279,134.73914829522116,0,0,2,"4,25ч",1,"1,22ч",37,"1,22ч",department,Ослабление (разрушение) торцевого крепления
3,2025-04-17 08:29:34.610091906,Куйбышевская,CV,"КРАС, ВЧДЭ-7 КРАСНОЯРСК-ВОСТ",2025,2024,106 days 02:51:16.703485704,152811.27839142838,3.461748380883364,0.3909716908951798,Весна,2,4,0.003118961766093,0.003118961766093,0.009356885298279,134.73914829522116,0,0,,,,,,,department,Тонкий гребень колеса грузового вагона
1,2025-04-17 19:48:49.679479506,Красноярская,CV,"ЗАБ, ВЧДЭ-3 КАРЫМСКАЯ",2025,2024,106 days 14:10:31.772873304,153490.5295478884,679.2511564600281,0.3917368018362662,Весна,2,4,0.003118961766093,0.003118961766093,0.009356885298279,134.73914829522116,0,0,17,"4,52ч",25,"2,62ч",1,"1,58ч",department,Тонкий гребень колеса грузового вагона
1,2025-04-17 22:57:24.756170880,Красноярская,CV,"З-СИБ, ВЧДЭ-23 БЕЛОВО",2025,2024,106 days 17:19:06.849564678,153679.11415941129,188.58461152287785,0.3925019127773527,Весна,2,4,0.003118961766093,0.003118961766093,0.009356885298279,134.73914829522116,0,0,20,"13,65ч",11,"2,08ч",50,"5,7ч",department,Завышение фрикционного клина гасителя колебаний относительно опорной поверхности надрессорной балки
2,2025-04-18 13:17:19.921458528,Восточно-Сибирская,CV,"ЗАБ, ВЧДЭ-7 БЕЛОГОРСК",2025,2024,107 days 07:39:02.014852326,154539.0335808721,859.9194214608287,0.3932670237184392,Весна,2,4,0.003118961766093,0.003118961766093,0.009356885298279,134.73914829522116,0,0,29,"3,77ч",9,"0,18ч",15,"0,52ч",department,Неисправность воздухораспределителя грузового вагона
1,2025-04-18 16:56:43.239701634,Дальневосточная,CV,"КРАС, ВЧДЭ-7 КРАСНОЯРСК-ВОСТ",2025,2024,107 days 11:18:25.333095432,154758.42221825718,219.3886373850692,0.3940321346595256,Весна,2,4,0.003118961766093,0.003118961766093,0.009356885298279,134.73914829522116,0,0,13,"2,82ч",7,"2,1ч",26,"1,42ч",department,Тонкий гребень колеса грузового вагона
1,2025-04-18 23:16:37.441617006,Свердловская,CV,"ЗАБ, ВЧДЭ-7 БЕЛОГОРСК",2025,2024,107 days 17:38:19.535010804,155138.3255835134,379.9033652562066,0.3947972456006121,Весна,2,4,0.003118961766093,0.003118961766093,0.009356885298279,134.73914829522116,0,0,38,"6,97ч",10,"9,82ч",11,"0,32ч",department,Технологический нагрев буксового узла
2,2025-04-18 23:39:38.870349114,Западно-Сибирская,CV,"З-СИБ, ВЧДЭ-25 НОВОКУЗНЕЦК",2025,2024,107 days 18:01:20.963742912,155161.3493957152,23.023812201805413,0.3955623565416985,Весна,2,4,0.003118961766093,0.003118961766093,0.009356885298279,134.73914829522116,0,0,56,"11,07ч",3,"6,65ч",70,"5,7ч",department,Разрегулирование рычажной передачи грузового вагона
3,2025-04-19 06:57:57.749264160,Куйбышевская,CV,"ЗАБ, ВЧДЭ-3 КАРЫМСКАЯ",2025,2024,108 days 01:19:39.842657958,155599.66404429928,438.3146485840844,0.396327467482785,Весна,2,4,0.003118961766093,0.003118961766093,0.009356885298279,134.73914829522116,0,0,,,,,,,department,Неравномерный прокат по кругу катания колеса грузового вагона выше нормы
1,2025-04-19 09:10:12.769165020,Южно-Уральская,CV,"В-СИБ, ВЧДЭ-13 ТАЙШЕТ",2025,2024,108 days 03:31:54.862558818,155731.9143759803,132.250331681018,0.3970925784238714,Весна,2,4,0.003118961766093,0.003118961766093,0.009356885298279,134.73914829522116,0,0,21,"6,92ч",13,"1,1ч",29,"0,78ч",department,Тонкий гребень колеса грузового вагона
2,2025-04-19 11:29:00.076684464,Забайкальская,CV,"З-СИБ, ВЧДЭ-25 НОВОКУЗНЕЦК",2025,2024,108 days 05:50:42.170078262,155870.70283463772,138.78845865742187,0.3978576893649579,Весна,2,4,0.003118961766093,0.003118961766093,0.009356885298279,134.73914829522116,0,0,12,"11,03ч",20,"5,75ч",16,"0,93ч",department,Неравномерный прокат по кругу катания колеса грузового вагона выше нормы
2,2025-04-19 12:09:29.867694792,Забайкальская,CV,"КРАС, ВЧДЭ-7 КРАСНОЯРСК-ВОСТ",2025,2024,108 days 06:31:11.961088590,155911.1993514765,40.49651683878619,0.3986228003060443,Весна,2,4,0.003118961766093,0.003118961766093,0.009356885298279,134.73914829522116,0,0,16,"21,42ч",11,"1,73ч",26,"1,6ч",department,Неравномерный прокат по кругу катания колеса грузового вагона выше нормы
3,2025-04-19 13:00:25.274360244,Западно-Сибирская,CV,"З-СИБ, ВЧДЭ-25 НОВОКУЗНЕЦК",2025,2024,108 days 07:22:07.367754042,155962.1227959007,50.9234444242029,0.3993879112471308,Весна,2,4,0.003118961766093,0.003118961766093,0.009356885298279,134.73914829522116,0,0,,,,,,,department,Несоответствие зазоров скользуна грузового вагона
1,2025-04-19 14:06:18.492881862,Западно-Сибирская,CV,"З-СИБ, ВЧДЭ-25 НОВОКУЗНЕЦК",2025,2024,108 days 08:28:00.586275660,156028.009771261,65.88697536027757,0.4001530221882173,Весна,2,4,0.003118961766093,0.003118961766093,0.009356885298279,134.73914829522116,0,0,32,"6,27ч",15,"3,13ч",11,"2,07ч",department,Другие причины
2,2025-04-19 16:13:51.112192398,Восточно-Сибирская,CV,"З-СИБ, ВЧДЭ-6 ИНСКАЯ",2025,2024,108 days 10:35:33.205586196,156155.5534264366,127.54365517562836,0.4009181331293037,Весна,2,4,0.003118961766093,0.003118961766093,0.009356885298279,134.73914829522116,0,0,41,"0,67ч",2,"2,4ч",4,"0,63ч",department,Выщербина на ободе колеса грузового вагона
2,2025-04-20 04:07:20.463613830,Красноярская,CV,"В-СИБ, ВЧДЭ-10 УЛАН-УДЭ",2025,2024,108 days 22:29:02.557007628,156869.0426167938,713.4891903571843,0.4016832440703902,Весна,2,4,0.003118961766093,0.003118961766093,0.009356885298279,134.73914829522116,0,0,15,"11,78ч",10,"3,62ч",29,"0,63ч",department,Неплотность тормозной магистрали грузового вагона
1,2025-04-20 06:34:35.667891990,Западно-Сибирская,CV,"ЗАБ, ВЧДЭ-7 БЕЛОГОРСК",2025,2024,109 days 00:56:17.761285788,157016.2960214298,147.25340463599423,0.4024483550114767,Весна,2,4,0.003118961766093,0.003118961766093,0.009356885298279,134.73914829522116,0,0,41,"23,72ч",13,"0,77ч",37,"0,22ч",department,Тонкий гребень колеса грузового вагона
2,2025-04-20 13:27:46.021767060,Куйбышевская,CV,"ЗАБ, ВЧДЭ-3 КАРЫМСКАЯ",2025,2024,109 days 07:49:28.115160858,157429.4685860143,413.1725645844999,0.4032134659525631,Весна,2,4,0.003118961766093,0.003118961766093,0.009356885298279,134.73914829522116,0,0,2,"2,85ч",0,,24,"3,55ч",department,Тонкий гребень колеса грузового вагона
1,2025-04-20 13:55:27.584189376,Восточно-Сибирская,CV,"Д-ВОСТ, ВЧДЭ-1 ХАБАРОВСК",2025,2024,109 days 08:17:09.677583174,157457.16129305292,27.692707038630036,0.4039785768936496,Весна,2,4,0.003118961766093,0.003118961766093,0.009356885298279,134.73914829522116,0,0,2,"6,07ч",8,"0,8ч",13,"1,03ч",department,Технологический нагрев буксового узла
2,2025-04-20 18:42:11.034225624,Северная,CV,"ЗАБ, ВЧДЭ-3 КАРЫМСКАЯ",2025,2024,109 days 13:03:53.127619422,157743.88546032368,286.7241672707605,0.404743687834736,Весна,2,4,0.003118961766093,0.003118961766093,0.009356885298279,134.73914829522116,0,0,24,"0,8ч",1,"2,1ч",70,"2,27ч",department,Тонкий гребень колеса грузового вагона
1,2025-04-20 22:13:00.822132702,Свердловская,CV,"З-СИБ, ВЧДЭ-25 НОВОКУЗНЕЦК",2025,2024,109 days 16:34:42.915526500,157954.715258775,210.82979845130467,0.4055087987758225,Весна,2,4,0.003118961766093,0.003118961766093,0.009356885298279,134.73914829522116,0,0,39,"15,32ч",26,"1,62ч",1,"7,98ч",department,Неравномерный прокат по кругу катания колеса грузового вагона выше нормы
1,2025-04-21 18:36:06.841601538,Красноярская,CV,"КРАС, ВЧДЭ-7 КРАСНОЯРСК-ВОСТ",2025,2024,110 days 12:57:48.934995336,159177.8155832556,1223.1003244806195,0.4062739097169089,Весна,2,4,0.003118961766093,0.003118961766093,0.009356885298279,134.73914829522116,0,0,4,"2,98ч",16,"0,05ч",8,"1,92ч",department,Завышение фрикционного клина гасителя колебаний относительно опорной поверхности надрессорной балки
1,2025-04-22 04:36:21.763545924,Восточно-Сибирская,CV,"КРАС, ВЧДЭ-7 КРАСНОЯРСК-ВОСТ",2025,2024,110 days 22:58:03.856939722,159778.0642823287,600.2486990730977,0.4070390206579954,Весна,2,4,0.003118961766093,0.003118961766093,0.009356885298279,134.73914829522116,0,0,25,"2,55ч",6,"2,42ч",22,"0,35ч",department,Неплотность тормозной магистрали грузового вагона
3,2025-04-22 07:50:52.131465156,Восточно-Сибирская,CV,"СВЕРД, ВЧДЭ-4",2025,2024,111 days 02:12:34.224858954,159972.5704143159,194.50613198720384,0.4078041315990818,Весна,2,4,0.003118961766093,0.003118961766093,0.009356885298279,134.73914829522116,0,0,,,,,,,department,Тонкий гребень колеса грузового вагона
1,2025-04-22 15:49:19.560993540,Западно-Сибирская,CV,"В-СИБ, ВЧДЭ-13 ТАЙШЕТ",2025,2024,111 days 10:11:01.654387338,160451.0275731223,478.4571588063845,0.4085692425401683,Весна,2,4,0.003118961766093,0.003118961766093,0.009356885298279,134.73914829522116,0,0,12,"9,35ч",26,"2,85ч",6,"8,03ч",department,Несоответствие момента затяжки накидной гайки установленному нормативу
2,2025-04-22 16:58:05.542031640,Восточно-Сибирская,CV,"ЗАБ, ВЧДЭ-7 БЕЛОГОРСК",2025,2024,111 days 11:19:47.635425438,160519.7939237573,68.76635063500726,0.4093343534812548,Весна,2,4,0.003118961766093,0.003118961766093,0.009356885298279,134.73914829522116,0,0,11,"5,5ч",16,"5,07ч",16,"1,57ч",department,Тонкий гребень колеса грузового вагона
3,2025-04-22 21:23:01.303434876,Забайкальская,CV,"КРАС, ВЧДЭ-8 АБАКАН",2025,2024,111 days 15:44:43.396828674,160784.7232804779,264.9293567205896,0.4100994644223412,Весна,2,4,0.003118961766093,0.003118961766093,0.009356885298279,134.73914829522116,0,0,,,,,,,department,Неравномерный прокат по кругу катания колеса грузового вагона выше нормы
2,2025-04-22 21:47:53.142070560,Дальневосточная,CV,"ЗАБ, ВЧДЭ-3 КАРЫМСКАЯ",2025,2024,111 days 16:09:35.235464358,160809.5872577393,24.86397726141149,0.4108645753634277,Весна,2,4,0.003118961766093,0.003118961766093,0.009356885298279,134.73914829522116,0,0,7,"6,08ч",7,"2,43ч",22,"2,18ч",department,Технологический нагрев буксового узла
3,2025-04-23 00:05:03.713222106,Западно-Сибирская,CV,"ЗАБ, ВЧДЭ-3 КАРЫМСКАЯ",2025,2024,111 days 18:26:45.806615904,160946.7634435984,137.17618585910532,0.4116296863045141,Весна,2,4,0.003118961766093,0.003118961766093,0.009356885298279,134.73914829522116,0,0,,,,,,,department,Неплотность тормозной магистрали грузового вагона
1,2025-04-23 01:27:08.532066120,Восточно-Сибирская,CV,"КРАС, ВЧДЭ-7 КРАСНОЯРСК-ВОСТ",2025,2024,111 days 19:48:50.625459918,161028.8437576653,82.08031406690134,0.4123947972456006,Весна,2,4,0.003118961766093,0.003118961766093,0.009356885298279,134.73914829522116,0,0,14,"2,68ч",11,"1,15ч",70,"0,98ч",department,Выщербина на ободе колеса грузового вагона
3,2025-04-23 08:14:02.035297212,Забайкальская,CV,"ОКТ, ВЧДЭ-28 ВОЛХОВСТРОЙ",2025,2024,112 days 02:35:44.128691010,161435.73547818352,406.8917205182079,0.4131599081866871,Весна,2,4,0.003118961766093,0.003118961766093,0.009356885298279,134.73914829522116,0,0,,,,,,,department,Неплотность тормозной магистрали грузового вагона
3,2025-04-23 11:49:58.700601204,Забайкальская,CV,"КРАС, ВЧДЭ-7 КРАСНОЯРСК-ВОСТ",2025,2024,112 days 06:11:40.793995002,161651.6798999167,215.94442173317657,0.4139250191277735,Весна,2,4,0.003118961766093,0.003118961766093,0.009356885298279,134.73914829522116,0,0,,,,,,,department,Тонкий гребень колеса грузового вагона
2,2025-04-23 19:15:49.630707810,Свердловская,CV,"ЗАБ, ВЧДЭ-3 КАРЫМСКАЯ",2025,2024,112 days 13:37:31.724101608,162097.5287350268,445.8488351101114,0.4146901300688599,Весна,2,4,0.003118961766093,0.003118961766093,0.009356885298279,134.73914829522116,0,0,12,"5,67ч",7,"3,57ч",16,"0,4ч",department,Тонкий гребень колеса грузового вагона
1,2025-04-23 23:08:01.492225584,Западно-Сибирская,CV,"ЗАБ, ВЧДЭ-7 БЕЛОГОРСК",2025,2024,112 days 17:29:43.585619382,162329.7264269897,232.19769196290872,0.4154552410099464,Весна,2,4,0.003118961766093,0.003118961766093,0.009356885298279,134.73914829522116,0,0,32,"7,3ч",15,"2,05ч",2,"2,08ч",department,Тонкий гребень колеса грузового вагона
1,2025-04-23 23:37:01.588047078,Октябрьская,CV,"ЗАБ, ВЧДЭ-7 БЕЛОГОРСК",2025,2024,112 days 17:58:43.681440876,162358.72802401462,29.001597024907824,0.4162203519510329,Весна,2,4,0.003118961766093,0.003118961766093,0.009356885298279,134.73914829522116,0,0,25,"1,88ч",1,"0,28ч",37,"0,38ч",department,Завышение фрикционного клина гасителя колебаний относительно опорной поверхности надрессорной балки
2,2025-04-24 06:43:15.747785766,Южно-Уральская,CV,"КРАС, ВЧДЭ-7 КРАСНОЯРСК-ВОСТ",2025,2024,113 days 01:04:57.841179564,162784.9640196594,426.2359956447908,0.4169854628921193,Весна,2,4,0.003118961766093,0.003118961766093,0.009356885298279,134.73914829522116,0,0,13,"11,32ч",14,"0,12ч",7,"1,43ч",department,Тонкий гребень колеса грузового вагона
1,2025-04-24 16:17:32.122355532,Красноярская,CV,"КРАС, ВЧДЭ-8 АБАКАН",2025,2024,113 days 10:39:14.215749330,163359.2369291555,574.272909496096,0.4177505738332058,Весна,2,4,0.003118961766093,0.003118961766093,0.009356885298279,134.73914829522116,0,0,22,"0,27ч",15,"0,7ч",2,"1,07ч",department,Тонкий гребень колеса грузового вагона
1,2025-04-25 04:47:18.936872082,Восточно-Сибирская,CV,"Ю-УР, ВЧДЭ-1 ЧЕЛЯБИНСК",2025,2024,113 days 23:09:01.030265880,164109.017171098,749.7802419424988,0.4185156847742923,Весна,2,4,0.003118961766093,0.003118961766093,0.009356885298279,134.73914829522116,0,0,29,"16,42ч",9,"1,92ч",7,"1,5ч",department,"Шелушение, раковины, коррозия на деталях подшипника"
1,2025-04-25 09:19:23.855120700,Северная,CV,"ЗАБ, ВЧДЭ-3 КАРЫМСКАЯ",2025,2024,114 days 03:41:05.948514498,164381.09914190831,272.0819708103081,0.4192807957153787,Весна,2,4,0.003118961766093,0.003118961766093,0.009356885298279,134.73914829522116,0,0,34,"16,53ч",1,"0,92ч",30,"0,02ч",department,Тонкий гребень колеса грузового вагона
3,2025-04-25 16:48:30.122522970,Дальневосточная,CV,"З-СИБ, ВЧДЭ-25 НОВОКУЗНЕЦК",2025,2024,114 days 11:10:12.215916768,164830.2035986128,449.10445670448826,0.4200459066564652,Весна,2,4,0.003118961766093,0.003118961766093,0.009356885298279,134.73914829522116,0,0,,,,,,,department,Тонкий гребень колеса грузового вагона
1,2025-04-26 00:15:36.459576132,Западно-Сибирская,CV,"З-СИБ, ВЧДЭ-6 ИНСКАЯ",2025,2024,114 days 18:37:18.552969930,165277.3092161655,447.10561755270464,0.4208110175975516,Весна,2,4,0.003118961766093,0.003118961766093,0.009356885298279,134.73914829522116,0,0,43,"4,2ч",14,"2,07ч",1,"0,37ч",department,Тонкий гребень колеса грузового вагона
3,2025-04-26 01:09:53.434452378,Дальневосточная,CV,"КРАС, ВЧДЭ-8 АБАКАН",2025,2024,114 days 19:31:35.527846176,165331.5921307696,54.282914604089456,0.4215761285386381,Весна,2,4,0.003118961766093,0.003118961766093,0.009356885298279,134.73914829522116,0,0,,,,,,,department,Обрыв (излом) трубы магистрали воздухопровода и подводящих труб
2,2025-04-26 02:07:24.403609704,Западно-Сибирская,CV,"КРАС, ВЧДЭ-7 КРАСНОЯРСК-ВОСТ",2025,2024,114 days 20:29:06.497003502,165389.1082833917,57.516152622090885,0.4223412394797246,Весна,2,4,0.003118961766093,0.003118961766093,0.009356885298279,134.73914829522116,0,0,4,"2,53ч",16,"2,62ч",26,"0,85ч",department,Неисправность магистральной части воздухораспределителя
1,2025-04-26 02:30:58.783946280,Восточно-Сибирская,CV,"З-СИБ, ВЧДЭ-6 ИНСКАЯ",2025,2024,114 days 20:52:40.877340078,165412.6812890013,23.57300560962176,0.423106350420811,Весна,2,4,0.003118961766093,0.003118961766093,0.009356885298279,134.73914829522116,0,0,2,"11,55ч",14,"1,58ч",29,"0,72ч",department,Тонкий гребень колеса грузового вагона
3,2025-04-26 04:34:35.395831452,Забайкальская,CV,"Д-ВОСТ, ВЧДЭ-1 ХАБАРОВСК",2025,2024,114 days 22:56:17.489225250,165536.2914870875,123.61019808618585,0.4238714613618974,Весна,2,4,0.003118961766093,0.003118961766093,0.009356885298279,134.73914829522116,0,0,,,,,,,department,Несоответствие зазоров скользуна грузового вагона
3,2025-04-26 08:00:16.430572842,Южно-Уральская,CV,"З-СИБ, ВЧДЭ-25 НОВОКУЗНЕЦК",2025,2024,115 days 02:21:58.523966640,165741.975399444,205.6839123565005,0.4246365723029839,Весна,2,4,0.003118961766093,0.003118961766093,0.009356885298279,134.73914829522116,0,0,,,,,,,department,Обрыв (излом) трубы магистрали воздухопровода и подводящих труб
3,2025-04-27 16:56:49.662955644,Восточно-Сибирская,CV,"КРАС, ВЧДЭ-7 КРАСНОЯРСК-ВОСТ",2025,2024,116 days 11:18:31.756349442,167718.5292724907,1976.5538730467088,0.4254016832440704,Весна,2,4,0.003118961766093,0.003118961766093,0.009356885298279,134.73914829522116,0,0,,,,,,,department,Неисправность воздухораспределителя грузового вагона
1,2025-04-27 19:57:36.794522508,Восточно-Сибирская,CV,"З-СИБ, ВЧДЭ-25 НОВОКУЗНЕЦК",2025,2024,116 days 14:19:18.887916306,167899.3147986051,180.78552611439957,0.4261667941851568,Весна,2,4,0.003118961766093,0.003118961766093,0.009356885298279,134.73914829522116,0,0,25,"28,15ч",5,"1,48ч",4,"2,93ч",department,Выщербина на ободе колеса грузового вагона
1,2025-04-28 02:52:58.797831870,Восточно-Сибирская,CV,"В-СИБ, ВЧДЭ-13 ТАЙШЕТ",2025,2024,116 days 21:14:40.891225668,168314.68152042778,415.3667218226765,0.4269319051262433,Весна,2,4,0.003118961766093,0.003118961766093,0.009356885298279,134.73914829522116,0,0,17,"5,12ч",4,"1,7ч",6,"0,5ч",department,Тонкий гребень колеса грузового вагона
3,2025-04-28 09:12:01.012110942,Северная,CV,"СВЕРД, ВЧДЭ-4",2025,2024,117 days 03:33:43.105504740,168693.718425079,379.036904651206,0.4276970160673297,Весна,2,4,0.003118961766093,0.003118961766093,0.009356885298279,134.73914829522116,0,0,,,,,,,department,Тонкий гребень колеса грузового вагона
2,2025-04-28 10:25:21.740791848,Западно-Сибирская,CV,"ЗАБ, ВЧДЭ-3 КАРЫМСКАЯ",2025,2024,117 days 04:47:03.834185646,168767.06390309412,73.3454780151369,0.4284621270084162,Весна,2,4,0.003118961766093,0.003118961766093,0.009356885298279,134.73914829522116,0,0,27,"42,15ч",2,"0,57ч",9,"1,5ч",department,Тонкий гребень колеса грузового вагона
3,2025-04-28 10:44:41.521473480,Забайкальская,CV,"ЗАБ, ВЧДЭ-3 КАРЫМСКАЯ",2025,2024,117 days 05:06:23.614867278,168786.3935811213,19.329678027163027,0.4292272379495027,Весна,2,4,0.003118961766093,0.003118961766093,0.009356885298279,134.73914829522116,0,0,,,,,,,department,Неравномерный прокат по кругу катания колеса грузового вагона выше нормы
2,2025-04-28 14:57:52.594878522,Забайкальская,CV,"КРАС, ВЧДЭ-8 АБАКАН",2025,2024,117 days 09:19:34.688272320,169039.57813787198,253.18455675069708,0.4299923488905891,Весна,2,4,0.003118961766093,0.003118961766093,0.009356885298279,134.73914829522116,0,0,1,"6,97ч",7,"3,52ч",69,"1,27ч",department,Неравномерный прокат по кругу катания колеса грузового вагона выше нормы
1,2025-04-28 21:24:13.231030746,Восточно-Сибирская,CV,"КРАС, ВЧДЭ-7 КРАСНОЯРСК-ВОСТ",2025,2024,117 days 15:45:55.324424544,169425.9220737424,386.34393587042,0.4307574598316755,Весна,2,4,0.003118961766093,0.003118961766093,0.009356885298279,134.73914829522116,0,0,3,"1,65ч",0,,30,"2,02ч",department,Тонкий гребень колеса грузового вагона
3,2025-04-30 07:19:53.163245928,Восточно-Сибирская,CV,"З-СИБ, ВЧДЭ-6 ИНСКАЯ",2025,2024,119 days 01:41:35.256639726,171461.5876106621,2035.665536919696,0.431522570772762,Весна,2,4,0.003118961766093,0.003118961766093,0.009356885298279,134.73914829522116,0,0,,,,,,,department,Технологический нагрев буксового узла
2,2025-04-30 09:42:16.760571072,Восточно-Сибирская,CV,"СВЕРД, ВЧДЭ-4",2025,2024,119 days 04:03:58.853964870,171603.9808994145,142.39328875241335,0.4322876817138485,Весна,2,4,0.003118961766093,0.003118961766093,0.009356885298279,134.73914829522116,0,0,20,"0,57ч",5,"0,08ч",3,"1,55ч",department,Тонкий гребень колеса грузового вагона
2,2025-04-30 21:49:05.040110190,Дальневосточная,CV,"Ю-УР, ВЧДЭ-1 ЧЕЛЯБИНСК",2025,2024,119 days 16:10:47.133503988,172330.7855583998,726.8046589852893,0.4330527926549349,Весна,2,4,0.003118961766093,0.003118961766093,0.009356885298279,134.73914829522116,0,0,26,"7,62ч",0,,0,,department,Тонкий гребень колеса грузового вагона
1,2025-05-01 00:23:21.149717256,Восточно-Сибирская,CV,"З-СИБ, ВЧДЭ-6 ИНСКАЯ",2025,2024,119 days 18:45:03.243111054,172485.0540518509,154.26849345109076,0.4338179035960214,Весна,2,5,0.003118961766093,0.003118961766093,0.009356885298279,134.73914829522116,0,0,24,"1,63ч",5,"0,6ч",31,"1,62ч",department,Тонкий гребень колеса грузового вагона
2,2025-05-01 06:38:14.924623890,Красноярская,CV,"КРАС, ВЧДЭ-7 КРАСНОЯРСК-ВОСТ",2025,2024,120 days 00:59:57.018017688,172859.95030029482,374.8962484439253,0.4345830145371079,Весна,2,5,0.003118961766093,0.003118961766093,0.009356885298279,134.73914829522116,0,0,1,"0,12ч",0,,7,"0,95ч",department,"Шелушение, раковины, коррозия на деталях подшипника"
3,2025-05-01 11:30:37.927145142,Октябрьская,CV,"КРАС, ВЧДЭ-8 АБАКАН",2025,2024,120 days 05:52:20.020538940,173152.333675649,292.3833753541694,0.4353481254781943,Весна,2,5,0.003118961766093,0.003118961766093,0.009356885298279,134.73914829522116,0,0,,,,,,,department,Разрегулирование рычажной передачи грузового вагона
3,2025-05-01 11:48:05.079304866,Западно-Сибирская,CV,"З-СИБ, ВЧДЭ-25 НОВОКУЗНЕЦК",2025,2024,120 days 06:09:47.172698664,173169.7862116444,17.452535995398648,0.4361132364192808,Весна,2,5,0.003118961766093,0.003118961766093,0.009356885298279,134.73914829522116,0,0,,,,,,,department,Разрегулирование рычажной передачи грузового вагона
2,2025-05-01 12:14:15.437091210,Южно-Уральская,CV,"Ю-УР, ВЧДЭ-1 ЧЕЛЯБИНСК",2025,2024,120 days 06:35:57.530485008,173195.9588414168,26.172629772423534,0.4368783473603672,Весна,2,5,0.003118961766093,0.003118961766093,0.009356885298279,134.73914829522116,0,0,8,"10,82ч",14,"0,77ч",26,"1,03ч",department,Разрегулирование рычажной передачи грузового вагона
3,2025-05-01 12:20:59.084773896,Восточно-Сибирская,CV,"Ю-УР, ВЧДЭ-1 ЧЕЛЯБИНСК",2025,2024,120 days 06:42:41.178167694,173202.6863027949,6.727461378090084,0.4376434583014537,Весна,2,5,0.003118961766093,0.003118961766093,0.009356885298279,134.73914829522116,0,0,,,,,,,department,Неравномерный прокат по кругу катания колеса грузового вагона выше нормы
1,2025-05-01 14:49:32.825601792,Октябрьская,CV,"ЗАБ, ВЧДЭ-3 КАРЫМСКАЯ",2025,2024,120 days 09:11:14.918995590,173351.2486499265,148.56234713160666,0.4384085692425402,Весна,2,5,0.003118961766093,0.003118961766093,0.009356885298279,134.73914829522116,0,0,29,"0,63ч",4,"0,67ч",2,"2,22ч",department,Тонкий гребень колеса грузового вагона
2,2025-05-01 22:08:40.786533078,Забайкальская,CV,"В-СИБ, ВЧДЭ-13 ТАЙШЕТ",2025,2024,120 days 16:30:22.879926876,173790.3813321146,439.1326821880939,0.4391736801836266,Весна,2,5,0.003118961766093,0.003118961766093,0.009356885298279,134.73914829522116,0,0,18,"4,85ч",3,"0,15ч",16,"1,05ч",department,Тонкий гребень колеса грузового вагона
3,2025-05-01 23:09:29.209312440,Восточно-Сибирская,CV,"В-СИБ, ВЧДЭ-10 УЛАН-УДЭ",2025,2024,120 days 17:31:11.302706238,173851.1883784373,60.80704632270499,0.439938791124713,Весна,2,5,0.003118961766093,0.003118961766093,0.009356885298279,134.73914829522116,0,0,,,,,,,department,Разрегулирование рычажной передачи грузового вагона
3,2025-05-02 04:07:59.616667758,Южно-Уральская,CV,"З-СИБ, ВЧДЭ-25 НОВОКУЗНЕЦК",2025,2024,120 days 22:29:41.710061556,174149.69516769258,298.5067892552761,0.4407039020657995,Весна,2,5,0.003118961766093,0.003118961766093,0.009356885298279,134.73914829522116,0,0,,,,,,,department,Тонкий гребень колеса грузового вагона
1,2025-05-02 05:57:16.426565916,Свердловская,CV,"ЗАБ, ВЧДЭ-3 КАРЫМСКАЯ",2025,2024,121 days 00:18:58.519959714,174258.9753326619,109.28016496932833,0.441469013006886,Весна,2,5,0.003118961766093,0.003118961766093,0.009356885298279,134.73914829522116,0,0,8,"3,23ч",13,"0,93ч",9,"1,1ч",department,Тонкий гребень колеса грузового вагона
1,2025-05-02 14:28:30.344717586,Восточно-Сибирская,CV,"СВЕРД, ВЧДЭ-4",2025,2024,121 days 08:50:12.438111384,174770.2073018564,511.23196919448674,0.4422341239479724,Весна,2,5,0.003118961766093,0.003118961766093,0.009356885298279,134.73914829522116,0,0,28,"2,1ч",8,"0,83ч",26,"1,43ч",department,Неисправность магистральной части воздухораспределителя
1,2025-05-02 23:01:57.724113048,Восточно-Сибирская,CV,"В-СИБ, ВЧДЭ-10 УЛАН-УДЭ",2025,2024,121 days 17:23:39.817506846,175283.6636251141,513.4563232577057,0.4429992348890589,Весна,2,5,0.003118961766093,0.003118961766093,0.009356885298279,134.73914829522116,0,0,26,"28,52ч",5,"3,73ч",70,"0,23ч",department,Тонкий гребень колеса грузового вагона
1,2025-05-03 07:00:48.416759328,Восточно-Сибирская,CV,"В-СИБ, ВЧДЭ-13 ТАЙШЕТ",2025,2024,122 days 01:22:30.510153126,175762.5085025521,478.84487743800855,0.4437643458301453,Весна,2,5,0.003118961766093,0.003118961766093,0.009356885298279,134.73914829522116,0,0,3,"14,73ч",14,"0,93ч",13,"0,28ч",department,Тонкий гребень колеса грузового вагона
3,2025-05-03 10:59:22.603881198,Восточно-Сибирская,CV,"КРАС, ВЧДЭ-8 АБАКАН",2025,2024,122 days 05:21:04.697274996,176001.0782879166,238.56978536449608,0.4445294567712318,Весна,2,5,0.003118961766093,0.003118961766093,0.009356885298279,134.73914829522116,0,0,,,,,,,department,Тонкий гребень колеса грузового вагона
1,2025-05-03 12:46:44.495992554,Восточно-Сибирская,CV,"З-СИБ, ВЧДЭ-12 ВХОДНАЯ",2025,2024,122 days 07:08:26.589386352,176108.4431564392,107.3648685225926,0.4452945677123183,Весна,2,5,0.003118961766093,0.003118961766093,0.009356885298279,134.73914829522116,0,0,11,"4,92ч",5,"9,82ч",22,"0,1ч",department,Тонкий гребень колеса грузового вагона
1,2025-05-03 21:38:16.058357603,Восточно-Сибирская,CV,"Ю-УР, ВЧДЭ-1 ЧЕЛЯБИНСК",2025,2024,122 days 15:59:58.151751401,176639.96919585668,531.5260394174838,0.4460596786534047,Весна,2,5,0.003118961766093,0.003118961766093,0.009356885298279,134.73914829522116,0,0,19,"14,52ч",10,"2,18ч",8,"1,7ч",department,Несоответствие момента затяжки накидной гайки установленному нормативу
2,2025-05-03 22:44:17.346950154,Свердловская,CV,"З-СИБ, ВЧДЭ-25 НОВОКУЗНЕЦК",2025,2024,122 days 17:05:59.440343952,176705.9906723992,66.02147654251894,0.4468247895944912,Весна,2,5,0.003118961766093,0.003118961766093,0.009356885298279,134.73914829522116,0,0,19,"4,9ч",13,"0,35ч",5,"2,17ч",department,Неравномерный прокат по кругу катания колеса грузового вагона выше нормы
2,2025-05-04 00:33:59.379111294,Свердловская,CV,"В-СИБ, ВЧДЭ-10 УЛАН-УДЭ",2025,2024,122 days 18:55:41.472505092,176815.6912084182,109.70053601899416,0.4475899005355777,Весна,2,5,0.003118961766093,0.003118961766093,0.009356885298279,134.73914829522116,0,0,9,"5,97ч",5,"0,07ч",0,,department,Тонкий гребень колеса грузового вагона
1,2025-05-04 01:39:09.850397484,Южно-Уральская,CV,"В-СИБ, ВЧДЭ-10 УЛАН-УДЭ",2025,2024,122 days 20:00:51.943791282,176880.8657298547,65.17452143650735,0.4483550114766641,Весна,2,5,0.003118961766093,0.003118961766093,0.009356885298279,134.73914829522116,0,0,36,"5,42ч",3,"2,42ч",4,"1,47ч",department,Несоответствие норм высоты автосцепки грузового вагона
2,2025-05-04 07:38:44.390645946,Забайкальская,CV,"ЗАБ, ВЧДЭ-3 КАРЫМСКАЯ",2025,2024,123 days 02:00:26.484039744,177240.4414006624,359.5756708077097,0.4491201224177505,Весна,2,5,0.003118961766093,0.003118961766093,0.009356885298279,134.73914829522116,0,0,22,"9,82ч",13,"0,32ч",2,"2,12ч",department,Выщербина на ободе колеса грузового вагона
2,2025-05-04 13:50:22.469517450,Красноярская,CV,"Ю-УР, ВЧДЭ-1 ЧЕЛЯБИНСК",2025,2024,123 days 08:12:04.562911248,177612.0760485208,371.6346478583873,0.449885233358837,Весна,2,5,0.003118961766093,0.003118961766093,0.009356885298279,134.73914829522116,0,0,26,"6,92ч",13,"2,38ч",7,"2,9ч",department,Технологический нагрев буксового узла
1,2025-05-04 19:29:16.531616627,Свердловская,CV,"В-СИБ, ВЧДЭ-13 ТАЙШЕТ",2025,2024,123 days 13:50:58.625010425,177950.97708350705,338.90103498625103,0.4506503442999235,Весна,2,5,0.003118961766093,0.003118961766093,0.009356885298279,134.73914829522116,0,0,3,"19,83ч",15,"2,72ч",22,"1,02ч",department,Выщербина на ободе колеса грузового вагона
2,2025-05-04 22:21:30.203192544,Октябрьская,CV,"ЗАБ, ВЧДЭ-3 КАРЫМСКАЯ",2025,2024,123 days 16:43:12.296586342,178123.2049431057,172.22785959864268,0.4514154552410099,Весна,2,5,0.003118961766093,0.003118961766093,0.009356885298279,134.73914829522116,0,0,23,"9,7ч",10,"0,55ч",0,,department,Выщербина на ободе колеса грузового вагона
1,2025-05-04 22:55:20.696984304,Красноярская,CV,"СВЕРД, ВЧДЭ-4",2025,2024,123 days 17:17:02.790378102,178157.04650630167,33.84156319597969,0.4521805661820964,Весна,2,5,0.003118961766093,0.003118961766093,0.009356885298279,134.73914829522116,0,0,13,"3,95ч",11,"3,57ч",6,"0,12ч",department,Тонкий гребень колеса грузового вагона
1,2025-05-05 11:51:34.390779972,Южно-Уральская,CV,"Д-ВОСТ, ВЧДЭ-1 ХАБАРОВСК",2025,2024,124 days 06:13:16.484173770,178933.27473622948,776.2282299278013,0.4529456771231828,Весна,2,5,0.003118961766093,0.003118961766093,0.009356885298279,134.73914829522116,0,0,118,"11,55ч",0,,70,"1,03ч",department,Неправильное включение режимов отпуска воздухораспределителя
3,2025-05-05 15:38:48.348692508,Северная,CV,"З-СИБ, ВЧДЭ-23 БЕЛОВО",2025,2024,124 days 10:00:30.442086306,179160.50736810509,227.2326318756095,0.4537107880642693,Весна,2,5,0.003118961766093,0.003118961766093,0.009356885298279,134.73914829522116,0,0,,,,,,,department,Тонкий гребень колеса грузового вагона
3,2025-05-05 18:26:20.039570784,Забайкальская,CV,"КРАС, ВЧДЭ-7 КРАСНОЯРСК-ВОСТ",2025,2024,124 days 12:48:02.132964582,179328.0355494097,167.5281813046022,0.4544758990053558,Весна,2,5,0.003118961766093,0.003118961766093,0.009356885298279,134.73914829522116,0,0,,,,,,,department,Технологический нагрев буксового узла
3,2025-05-05 23:11:16.807752888,Западно-Сибирская,CV,"КРАС, ВЧДЭ-7 КРАСНОЯРСК-ВОСТ",2025,2024,124 days 17:32:58.901146686,179612.9816857781,284.9461363684095,0.4552410099464422,Весна,2,5,0.003118961766093,0.003118961766093,0.009356885298279,134.73914829522116,0,0,,,,,,,department,Технологический нагрев буксового узла
1,2025-05-06 00:19:56.870340744,Октябрьская,CV,"КРАС, ВЧДЭ-7 КРАСНОЯРСК-ВОСТ",2025,2024,124 days 18:41:38.963734542,179681.6493955757,68.66770979759167,0.4560061208875287,Весна,2,5,0.003118961766093,0.003118961766093,0.009356885298279,134.73914829522116,0,0,76,"3,35ч",13,"2,15ч",37,"0,42ч",department,Другие причины
1,2025-05-06 01:05:32.319036594,Южно-Уральская,CV,"В-СИБ, ВЧДЭ-13 ТАЙШЕТ",2025,2024,124 days 19:27:14.412430392,179727.24020717322,45.59081159753259,0.4567712318286152,Весна,2,5,0.003118961766093,0.003118961766093,0.009356885298279,134.73914829522116,0,0,35,"4,45ч",0,,37,"0,5ч",department,Тонкий гребень колеса грузового вагона
2,2025-05-06 03:52:17.128856220,Дальневосточная,CV,"КРАС, ВЧДЭ-8 АБАКАН",2025,2024,124 days 22:13:59.222250018,179893.9870375003,166.74683032708708,0.4575363427697016,Весна,2,5,0.003118961766093,0.003118961766093,0.009356885298279,134.73914829522116,0,0,26,"7,75ч",5,"2,58ч",31,"3,05ч",department,Тонкий гребень колеса грузового вагона
1,2025-05-06 05:14:55.736120802,Красноярская,CV,"Д-ВОСТ, ВЧДЭ-1 ХАБАРОВСК",2025,2024,124 days 23:36:37.829514600,179976.63049191,82.64345440969919,0.458301453710788,Весна,2,5,0.003118961766093,0.003118961766093,0.009356885298279,134.73914829522116,0,0,29,"10,95ч",15,"1,17ч",25,"0,63ч",department,Несоответствие норм высоты автосцепки грузового вагона
3,2025-05-06 06:44:44.028476412,Западно-Сибирская,CV,"КРАС, ВЧДЭ-7 КРАСНОЯРСК-ВОСТ",2025,2024,125 days 01:06:26.121870210,180066.4353645035,89.8048725934932,0.4590665646518745,Весна,2,5,0.003118961766093,0.003118961766093,0.009356885298279,134.73914829522116,0,0,,,,,,,department,Выщербина на ободе колеса грузового вагона
2,2025-05-06 18:39:50.061973086,Забайкальская,CV,"ЗАБ, ВЧДЭ-3 КАРЫМСКАЯ",2025,2024,125 days 13:01:32.155366884,180781.53592278145,715.100558277918,0.4598316755929609,Весна,2,5,0.003118961766093,0.003118961766093,0.009356885298279,134.73914829522116,0,0,55,"72,52ч",11,"3,95ч",10,"4,07ч",department,Неравномерный прокат по кругу катания колеса грузового вагона выше нормы
2,2025-05-06 22:42:25.658692506,Дальневосточная,CV,"КРАС, ВЧДЭ-7 КРАСНОЯРСК-ВОСТ",2025,2024,125 days 17:04:07.752086304,181024.1292014384,242.5932786569756,0.4605967865340474,Весна,2,5,0.003118961766093,0.003118961766093,0.009356885298279,134.73914829522116,0,0,25,"6,42ч",16,"1,8ч",69,"0,57ч",department,Технологический нагрев буксового узла
3,2025-05-07 02:14:14.120294832,Свердловская,CV,"З-СИБ, ВЧДЭ-6 ИНСКАЯ",2025,2024,125 days 20:35:56.213688630,181235.9368948105,211.80769337210225,0.4613618974751339,Весна,2,5,0.003118961766093,0.003118961766093,0.009356885298279,134.73914829522116,0,0,,,,,,,department,Нарушение регулировки рычажной передачи
1,2025-05-07 08:29:12.100330392,Октябрьская,CV,"СВЕРД, ВЧДЭ-4",2025,2024,126 days 02:50:54.193724190,181610.9032287365,374.9663339260151,0.4621270084162203,Весна,2,5,0.003118961766093,0.003118961766093,0.009356885298279,134.73914829522116,0,0,118,"6,65ч",0,,11,"1,38ч",department,Выщербина на ободе колеса грузового вагона
3,2025-05-08 00:39:46.555928634,Красноярская,CV,"Д-ВОСТ, ВЧДЭ-1 ХАБАРОВСК",2025,2024,126 days 19:01:28.649322432,182581.4774887072,970.5742599706864,0.4628921193573068,Весна,2,5,0.003118961766093,0.003118961766093,0.009356885298279,134.73914829522116,0,0,,,,,,,department,Тонкий гребень колеса грузового вагона
2,2025-05-08 01:17:55.917169146,Восточно-Сибирская,CV,"ЗАБ, ВЧДЭ-3 КАРЫМСКАЯ",2025,2024,126 days 19:39:38.010562944,182619.6335093824,38.15602067520376,0.4636572302983933,Весна,2,5,0.003118961766093,0.003118961766093,0.009356885298279,134.73914829522116,0,0,9,"5,17ч",1,"0,22ч",6,"0,53ч",department,Выщербина на ободе колеса грузового вагона
2,2025-05-08 10:52:47.541033342,Свердловская,CV,"В-СИБ, ВЧДЭ-10 УЛАН-УДЭ",2025,2024,127 days 05:14:29.634427140,183194.493907119,574.8603977366001,0.4644223412394797,Весна,2,5,0.003118961766093,0.003118961766093,0.009356885298279,134.73914829522116,0,0,11,"4,4ч",15,"2,23ч",0,,department,Выщербина на ободе колеса грузового вагона
3,2025-05-08 15:34:00.773686026,Красноярская,CV,"КРАС, ВЧДЭ-1 БОГОТОЛ",2025,2024,127 days 09:55:42.867079824,183475.7144513304,281.2205442113918,0.4651874521805662,Весна,2,5,0.003118961766093,0.003118961766093,0.009356885298279,134.73914829522116,0,0,,,,,,,department,Неравномерный прокат по кругу катания колеса грузового вагона выше нормы
2,2025-05-08 16:24:40.587672642,Западно-Сибирская,CV,"ЗАБ, ВЧДЭ-3 КАРЫМСКАЯ",2025,2024,127 days 10:46:22.681066440,183526.378017774,50.663566443603486,0.4659525631216526,Весна,2,5,0.003118961766093,0.003118961766093,0.009356885298279,134.73914829522116,0,0,29,"3,78ч",13,"0,13ч",29,"0,33ч",department,Несоответствие зазоров скользуна грузового вагона
2,2025-05-08 18:17:43.822062048,Восточно-Сибирская,CV,"З-СИБ, ВЧДЭ-6 ИНСКАЯ",2025,2024,127 days 12:39:25.915455846,183639.4319242641,113.05390649009496,0.4667176740627391,Весна,2,5,0.003118961766093,0.003118961766093,0.009356885298279,134.73914829522116,0,0,56,"2,32ч",11,"4,72ч",18,"0,13ч",department,Неравномерный прокат по кругу катания колеса грузового вагона выше нормы
1,2025-05-08 21:48:51.075683052,Восточно-Сибирская,CV,"З-СИБ, ВЧДЭ-23 БЕЛОВО",2025,2024,127 days 16:10:33.169076850,183850.55281794752,211.12089368343004,0.4674827850038255,Весна,2,5,0.003118961766093,0.003118961766093,0.009356885298279,134.73914829522116,0,0,31,"8,1ч",10,"1,17ч",12,"1,42ч",department,Технологический нагрев буксового узла
3,2025-05-09 04:05:34.509864324,Западно-Сибирская,CV,"Д-ВОСТ, ВЧДЭ-1 ХАБАРОВСК",2025,2024,127 days 22:27:16.603258122,184227.2767209687,376.723903021164,0.468247895944912,Весна,2,5,0.003118961766093,0.003118961766093,0.009356885298279,134.73914829522116,0,0,,,,,,,department,Неравномерный прокат по кругу катания колеса грузового вагона выше нормы
1,2025-05-09 05:34:40.000747332,Южно-Уральская,CV,"ЗАБ, ВЧДЭ-3 КАРЫМСКАЯ",2025,2024,127 days 23:56:22.094141130,184316.36823568548,89.09151471679797,0.4690130068859984,Весна,2,5,0.003118961766093,0.003118961766093,0.009356885298279,134.73914829522116,0,0,25,"8,17ч",0,,50,"0,52ч",department,Неравномерный прокат по кругу катания колеса грузового вагона выше нормы
3,2025-05-09 09:40:05.233427748,Северная,CV,"З-СИБ, ВЧДЭ-6 ИНСКАЯ",2025,2024,128 days 04:01:47.326821546,184561.7887803591,245.4205446736014,0.4697781178270849,Весна,2,5,0.003118961766093,0.003118961766093,0.009356885298279,134.73914829522116,0,0,,,,,,,department,Неравномерный прокат по кругу катания колеса грузового вагона выше нормы
3,2025-05-09 15:50:07.635708504,Восточно-Сибирская,CV,"ЗАБ, ВЧДЭ-3 КАРЫМСКАЯ",2025,2024,128 days 10:11:49.729102302,184931.8288183717,370.0400380126084,0.4705432287681714,Весна,2,5,0.003118961766093,0.003118961766093,0.009356885298279,134.73914829522116,0,0,,,,,,,department,Ослабление (разрушение) торцевого крепления
1,2025-05-09 19:01:04.334158512,Забайкальская,CV,"В-СИБ, ВЧДЭ-10 УЛАН-УДЭ",2025,2024,128 days 13:22:46.427552310,185122.7737925385,190.9449741668068,0.4713083397092578,Весна,2,5,0.003118961766093,0.003118961766093,0.009356885298279,134.73914829522116,0,0,8,"0,78ч",0,,8,"0,7ч",department,Выщербина на ободе колеса грузового вагона
2,2025-05-10 05:38:27.134502204,Дальневосточная,CV,"ЗАБ, ВЧДЭ-3 КАРЫМСКАЯ",2025,2024,129 days 00:00:09.227896002,185760.1537982667,637.3800057281915,0.4720734506503443,Весна,2,5,0.003118961766093,0.003118961766093,0.009356885298279,134.73914829522116,0,0,33,"3,58ч",13,"0,8ч",18,"0,87ч",department,Тонкий гребень колеса грузового вагона
2,2025-05-10 16:31:15.335957963,Красноярская,CV,"СВЕРД, ВЧДЭ-4",2025,2024,129 days 10:52:57.429351761,186412.95715586268,652.8033575959853,0.4728385615914308,Весна,2,5,0.003118961766093,0.003118961766093,0.009356885298279,134.73914829522116,0,0,51,"6,15ч",10,"3,95ч",24,"1,72ч",department,Выщербина на ободе колеса грузового вагона
2,2025-05-10 19:55:13.702867770,Северная,CV,"З-СИБ, ВЧДЭ-23 БЕЛОВО",2025,2024,129 days 14:16:55.796261568,186616.9299376928,203.97278183011804,0.4736036725325172,Весна,2,5,0.003118961766093,0.003118961766093,0.009356885298279,134.73914829522116,0,0,12,"11,55ч",10,"1,22ч",25,"2,98ч",department,Тонкий гребень колеса грузового вагона
2,2025-05-11 15:12:23.936304384,Забайкальская,CV,"КРАС, ВЧДЭ-7 КРАСНОЯРСК-ВОСТ",2025,2024,130 days 09:34:06.029698182,187774.1004949697,1157.1705572768988,0.4743687834736037,Весна,2,5,0.003118961766093,0.003118961766093,0.009356885298279,134.73914829522116,0,0,1,"15,63ч",0,,7,"0,2ч",department,Тонкий гребень колеса грузового вагона
2,2025-05-11 15:37:35.867770566,Свердловская,CV,"З-СИБ, ВЧДЭ-25 НОВОКУЗНЕЦК",2025,2024,130 days 09:59:17.961164364,187799.2993527394,25.198857769719325,0.4751338944146901,Весна,2,5,0.003118961766093,0.003118961766093,0.009356885298279,134.73914829522116,0,0,35,"13,97ч",26,"2,1ч",12,"1,67ч",department,Тонкий гребень колеса грузового вагона
1,2025-05-11 15:38:40.659404568,Восточно-Сибирская,CV,"КРАС, ВЧДЭ-7 КРАСНОЯРСК-ВОСТ",2025,2024,130 days 10:00:22.752798366,187800.3792133061,1.0798605666786898,0.4758990053557765,Весна,2,5,0.003118961766093,0.003118961766093,0.009356885298279,134.73914829522116,0,0,34,"8,9ч",26,"1,43ч",9,"1,02ч",department,Тонкий гребень колеса грузового вагона
2,2025-05-11 18:12:17.461590906,Забайкальская,CV,"СВЕРД, ВЧДЭ-4",2025,2024,130 days 12:33:59.554984704,187953.9925830784,153.61336977229803,0.476664116296863,Весна,2,5,0.003118961766093,0.003118961766093,0.009356885298279,134.73914829522116,0,0,1,"10,88ч",26,"1,23ч",12,"0,47ч",department,Выщербина на ободе колеса грузового вагона
3,2025-05-11 23:06:57.136217148,Западно-Сибирская,CV,"ЗАБ, ВЧДЭ-3 КАРЫМСКАЯ",2025,2024,130 days 17:28:39.229610946,188248.6538268491,294.6612437707081,0.4774292272379495,Весна,2,5,0.003118961766093,0.003118961766093,0.009356885298279,134.73914829522116,0,0,,,,,,,department,Разрегулирование рычажной передачи грузового вагона
1,2025-05-12 04:25:02.196137358,Восточно-Сибирская,CV,"З-СИБ, ВЧДЭ-25 НОВОКУЗНЕЦК",2025,2024,130 days 22:46:44.289531156,188566.73815885265,318.0843320035201,0.4781943381790359,Весна,2,5,0.003118961766093,0.003118961766093,0.009356885298279,134.73914829522116,0,0,16,"13,23ч",2,"3,48ч",18,"0,77ч",department,Тонкий гребень колеса грузового вагона
3,2025-05-12 07:52:30.850150607,Забайкальская,CV,"СВЕРД, ВЧДЭ-4",2025,2024,131 days 02:14:12.943544405,188774.21572574007,207.47756688744997,0.4789594491201224,Весна,2,5,0.003118961766093,0.003118961766093,0.009356885298279,134.73914829522116,0,0,,,,,,,department,Выщербина на ободе колеса грузового вагона
1,2025-05-12 08:35:17.051121768,Забайкальская,CV,"В-СИБ, ВЧДЭ-13 ТАЙШЕТ",2025,2024,131 days 02:56:59.144515566,188816.9857419261,42.77001618602662,0.4797245600612089,Весна,2,5,0.003118961766093,0.003118961766093,0.009356885298279,134.73914829522116,0,0,28,"7,82ч",25,"3,97ч",2,"1,02ч",department,Обрыв (излом) трубы магистрали воздухопровода и подводящих труб
2,2025-05-12 09:35:13.039705998,Западно-Сибирская,CV,"В-СИБ, ВЧДЭ-13 ТАЙШЕТ",2025,2024,131 days 03:56:55.133099796,188876.91888499664,59.9331430705206,0.4804896710022953,Весна,2,5,0.003118961766093,0.003118961766093,0.009356885298279,134.73914829522116,0,0,36,"2,28ч",11,"0,42ч",15,"0,88ч",department,Неравномерный прокат по кругу катания колеса грузового вагона выше нормы
1,2025-05-12 19:48:05.726382348,Северная,CV,"КРАС, ВЧДЭ-7 КРАСНОЯРСК-ВОСТ",2025,2024,131 days 14:09:47.819776146,189489.79699626908,612.8781112724682,0.4812547819433818,Весна,2,5,0.003118961766093,0.003118961766093,0.009356885298279,134.73914829522116,0,0,29,"0,57ч",16,"2,13ч",31,"0,72ч",department,Тонкий гребень колеса грузового вагона
3,2025-05-13 06:37:07.152863370,Красноярская,CV,"КРАС, ВЧДЭ-7 КРАСНОЯРСК-ВОСТ",2025,2024,132 days 00:58:49.246257168,190138.8207709528,649.0237746837083,0.4820198928844682,Весна,2,5,0.003118961766093,0.003118961766093,0.009356885298279,134.73914829522116,0,0,,,,,,,department,Разрегулирование рычажной передачи грузового вагона
3,2025-05-13 12:36:23.301284244,Забайкальская,CV,"КРАС, ВЧДЭ-7 КРАСНОЯРСК-ВОСТ",2025,2024,132 days 06:58:05.394678042,190498.0899113007,359.2691403478966,0.4827850038255547,Весна,2,5,0.003118961766093,0.003118961766093,0.009356885298279,134.73914829522116,0,0,,,,,,,department,Технологический нагрев буксового узла
2,2025-05-13 18:26:16.692131502,Дальневосточная,CV,"Ю-УР, ВЧДЭ-1 ЧЕЛЯБИНСК",2025,2024,132 days 12:47:58.785525300,190847.97975875495,349.8898474542948,0.4835501147666411,Весна,2,5,0.003118961766093,0.003118961766093,0.009356885298279,134.73914829522116,0,0,17,"5,65ч",10,"0,85ч",5,"0,88ч",department,Неисправность воздухораспределителя грузового вагона
3,2025-05-13 23:18:12.381866886,Северная,CV,"КРАС, ВЧДЭ-7 КРАСНОЯРСК-ВОСТ",2025,2024,132 days 17:39:54.475260684,191139.9079210114,291.9281622564304,0.4843152257077276,Весна,2,5,0.003118961766093,0.003118961766093,0.009356885298279,134.73914829522116,0,0,,,,,,,department,Выщербина на ободе колеса грузового вагона
1,2025-05-14 00:30:55.518639960,Дальневосточная,CV,"ЗАБ, ВЧДЭ-3 КАРЫМСКАЯ",2025,2024,132 days 18:52:37.612033758,191212.6268672293,72.71894621787942,0.485080336648814,Весна,2,5,0.003118961766093,0.003118961766093,0.009356885298279,134.73914829522116,0,0,11,"24,65ч",7,"0,53ч",29,"0,73ч",department,Тонкий гребень колеса грузового вагона
2,2025-05-14 03:30:10.148791380,Западно-Сибирская,CV,"З-СИБ, ВЧДЭ-25 НОВОКУЗНЕЦК",2025,2024,132 days 21:51:52.242185178,191391.8707030863,179.24383585699252,0.4858454475899005,Весна,2,5,0.003118961766093,0.003118961766093,0.009356885298279,134.73914829522116,0,0,30,"17,18ч",6,"0,5ч",12,"0,43ч",department,Неисправность воздухораспределителя грузового вагона
2,2025-05-14 09:51:49.713178020,Восточно-Сибирская,CV,"КРАС, ВЧДЭ-7 КРАСНОЯРСК-ВОСТ",2025,2024,133 days 04:13:31.806571818,191773.53010953031,381.6594064440287,0.486610558530987,Весна,2,5,0.003118961766093,0.003118961766093,0.009356885298279,134.73914829522116,0,0,7,"4,32ч",15,"2,22ч",0,,department,Выщербина на ободе колеса грузового вагона
3,2025-05-14 13:58:53.362105752,Восточно-Сибирская,CV,"З-СИБ, ВЧДЭ-25 НОВОКУЗНЕЦК",2025,2024,133 days 08:20:35.455499550,192020.5909249925,247.0608154622023,0.4873756694720734,Весна,2,5,0.003118961766093,0.003118961766093,0.009356885298279,134.73914829522116,0,0,,,,,,,department,Тонкий гребень колеса грузового вагона
3,2025-05-14 14:04:54.157490940,Свердловская,CV,"З-СИБ, ВЧДЭ-6 ИНСКАЯ",2025,2024,133 days 08:26:36.250884738,192026.6041814123,6.013256419770187,0.4881407804131599,Весна,2,5,0.003118961766093,0.003118961766093,0.009356885298279,134.73914829522116,0,0,,,,,,,department,Тонкий гребень колеса грузового вагона
3,2025-05-15 06:29:03.140966316,Западно-Сибирская,CV,"Д-ВОСТ, ВЧДЭ-1 ХАБАРОВСК",2025,2024,134 days 00:50:45.234360114,193010.7539060019,984.1497245896026,0.4889058913542464,Весна,2,5,0.003118961766093,0.003118961766093,0.009356885298279,134.73914829522116,0,0,,,,,,,department,Технологический нагрев буксового узла
3,2025-05-15 16:26:24.762271686,Забайкальская,CV,"КРАС, ВЧДЭ-7 КРАСНОЯРСК-ВОСТ",2025,2024,134 days 10:48:06.855665484,193608.1142610914,597.3603550895059,0.4896710022953328,Весна,2,5,0.003118961766093,0.003118961766093,0.009356885298279,134.73914829522116,0,0,,,,,,,department,Тонкий гребень колеса грузового вагона
1,2025-05-15 18:03:11.345852916,Восточно-Сибирская,CV,"КРАС, ВЧДЭ-7 КРАСНОЯРСК-ВОСТ",2025,2024,134 days 12:24:53.439246714,193704.8906541119,96.77639302049649,0.4904361132364193,Весна,2,5,0.003118961766093,0.003118961766093,0.009356885298279,134.73914829522116,0,0,24,"3,95ч",13,"0,95ч",24,"0,93ч",department,Тонкий гребень колеса грузового вагона
3,2025-05-15 23:10:26.491712574,Северная,CV,"ЗАБ, ВЧДЭ-3 КАРЫМСКАЯ",2025,2024,134 days 17:32:08.585106372,194012.14308510625,307.25243099432555,0.4912012241775057,Весна,2,5,0.003118961766093,0.003118961766093,0.009356885298279,134.73914829522116,0,0,,,,,,,department,Завар тормозного башмака грузового вагона
2,2025-05-16 12:53:29.532067116,Красноярская,CV,"ЗАБ, ВЧДЭ-3 КАРЫМСКАЯ",2025,2024,135 days 07:15:11.625460914,194835.1937576819,823.0506725756859,0.4919663351185921,Весна,2,5,0.003118961766093,0.003118961766093,0.009356885298279,134.73914829522116,0,0,16,"8,83ч",20,"0,63ч",11,"1,72ч",department,Тонкий гребень колеса грузового вагона
2,2025-05-16 13:25:51.295534110,Дальневосточная,CV,"КРАС, ВЧДЭ-1 БОГОТОЛ",2025,2024,135 days 07:47:33.388927908,194867.5564821318,32.362724449892994,0.4927314460596786,Весна,2,5,0.003118961766093,0.003118961766093,0.009356885298279,134.73914829522116,0,0,43,"7,98ч",16,"0,9ч",15,"1,7ч",department,Неисправность магистральной части воздухораспределителя
3,2025-05-16 17:10:02.398008234,Северная,CV,"Д-ВОСТ, ВЧДЭ-1 ХАБАРОВСК",2025,2024,135 days 11:31:44.491402032,195091.7415233672,224.1850412354106,0.4934965570007651,Весна,2,5,0.003118961766093,0.003118961766093,0.009356885298279,134.73914829522116,0,0,,,,,,,department,Тонкий гребень колеса грузового вагона
1,2025-05-16 20:25:22.699499358,Октябрьская,CV,"ЗАБ, ВЧДЭ-3 КАРЫМСКАЯ",2025,2024,135 days 14:47:04.792893156,195287.0798815526,195.3383581853996,0.4942616679418515,Весна,2,5,0.003118961766093,0.003118961766093,0.009356885298279,134.73914829522116,0,0,8,"1,15ч",0,,15,"0,82ч",department,Технологический нагрев буксового узла
2,2025-05-16 23:14:39.546077952,Южно-Уральская,CV,"В-СИБ, ВЧДЭ-13 ТАЙШЕТ",2025,2024,135 days 17:36:21.639471750,195456.3606578625,169.2807763098972,0.495026778882938,Весна,2,5,0.003118961766093,0.003118961766093,0.009356885298279,134.73914829522116,0,0,51,"19,2ч",2,"5,07ч",6,"1,82ч",department,Тонкий гребень колеса грузового вагона
3,2025-05-17 08:53:30.016891955,Восточно-Сибирская,CV,"КРАС, ВЧДЭ-1 БОГОТОЛ",2025,2024,136 days 03:15:12.110285753,196035.20183809585,578.841180233343,0.4957918898240245,Весна,2,5,0.003118961766093,0.003118961766093,0.009356885298279,134.73914829522116,0,0,,,,,,,department,Излом рычагов и тормозных тяг грузового вагона
3,2025-05-17 11:27:06.132107268,Западно-Сибирская,CV,"З-СИБ, ВЧДЭ-25 НОВОКУЗНЕЦК",2025,2024,136 days 05:48:48.225501066,196188.8037583511,153.60192025525612,0.4965570007651109,Весна,2,5,0.003118961766093,0.003118961766093,0.009356885298279,134.73914829522116,0,0,,,,,,,department,Неправильное включение режимов отпуска воздухораспределителя
2,2025-05-17 11:48:11.556669696,Дальневосточная,CV,"ЗАБ, ВЧДЭ-3 КАРЫМСКАЯ",2025,2024,136 days 06:09:53.650063494,196209.8941677249,21.090409373806324,0.4973221117061974,Весна,2,5,0.003118961766093,0.003118961766093,0.009356885298279,134.73914829522116,0,0,118,"9,5ч",3,"0,7ч",15,"0,35ч",department,Несоответствие норм высоты автосцепки грузового вагона
3,2025-05-17 12:10:01.706726466,Забайкальская,CV,"КРАС, ВЧДЭ-7 КРАСНОЯРСК-ВОСТ",2025,2024,136 days 06:31:43.800120264,196231.7300020044,21.835834279481787,0.4980872226472838,Весна,2,5,0.003118961766093,0.003118961766093,0.009356885298279,134.73914829522116,0,0,,,,,,,department,Выщербина на ободе колеса грузового вагона
3,2025-05-17 12:24:02.083574400,Дальневосточная,CV,"КРАС, ВЧДЭ-7 КРАСНОЯРСК-ВОСТ",2025,2024,136 days 06:45:44.176968198,196245.7362828033,14.006280798901573,0.4988523335883703,Весна,2,5,0.003118961766093,0.003118961766093,0.009356885298279,134.73914829522116,0,0,,,,,,,department,Тонкий гребень колеса грузового вагона
3,2025-05-17 15:12:44.401038018,Куйбышевская,CV,"В-СИБ, ВЧДЭ-10 УЛАН-УДЭ",2025,2024,136 days 09:34:26.494431816,196414.4415738636,168.70529106029426,0.4996174445294568,Весна,2,5,0.003118961766093,0.003118961766093,0.009356885298279,134.73914829522116,0,0,,,,,,,department,Тонкий гребень колеса грузового вагона
2,2025-05-17 21:59:03.474132534,Северная,CV,"КРАС, ВЧДЭ-8 АБАКАН",2025,2024,136 days 16:20:45.567526332,196820.7594587722,406.3178849086107,0.5003825554705432,Весна,2,5,0.003118961766093,0.003118961766093,0.009356885298279,134.73914829522116,0,0,56,"9,73ч",26,"1,5ч",5,"2,77ч",department,Тонкий гребень колеса грузового вагона
2,2025-05-17 23:12:05.845672980,Дальневосточная,CV,"Д-ВОСТ, ВЧДЭ-1 ХАБАРОВСК",2025,2024,136 days 17:33:47.939066778,196893.7989844463,73.03952567410306,0.5011476664116297,Весна,2,5,0.003118961766093,0.003118961766093,0.009356885298279,134.73914829522116,0,0,7,"11,47ч",9,"0,22ч",25,"0,25ч",department,Тонкий гребень колеса грузового вагона
3,2025-06-01 02:19:14.756063274,Красноярская,CV,"З-СИБ, ВЧДЭ-23 БЕЛОВО",2025,2024,150 days 20:40:56.849457072,217240.9474909512,20347.14850650489,0.5019127773527161,Лето,3,6,0.0027033966139579,0.0027033966139579,0.0081101898418737,116.78673372298492,0,0,,,,,,,department,Несоответствие момента затяжки накидной гайки установленному нормативу
2,2025-06-01 03:39:48.666628170,Свердловская,CV,"КРАС, ВЧДЭ-7 КРАСНОЯРСК-ВОСТ",2025,2024,150 days 22:01:30.760021968,217321.5126670328,80.56517608161084,0.5026778882938026,Лето,3,6,0.0027033966139579,0.0027033966139579,0.0081101898418737,116.78673372298492,0,0,6,"2,37ч",2,"29,18ч",2,"5,7ч",department,Несоответствие зазоров скользуна грузового вагона
2,2025-06-01 08:08:17.248894512,Южно-Уральская,CV,"КРАС, ВЧДЭ-8 АБАКАН",2025,2024,151 days 02:29:59.342288310,217589.9890381385,268.4763711057021,0.5034429992348891,Лето,3,6,0.0027033966139579,0.0027033966139579,0.0081101898418737,116.78673372298492,0,0,21,"4,77ч",15,"0,98ч",70,"0,57ч",department,Обрыв (излом) трубы магистрали воздухопровода и подводящих труб
3,2025-06-01 22:59:56.019095832,Восточно-Сибирская,CV,"З-СИБ, ВЧДЭ-6 ИНСКАЯ",2025,2024,151 days 17:21:38.112489630,218481.6352081605,891.6461700219952,0.5042081101759756,Лето,3,6,0.0027033966139579,0.0027033966139579,0.0081101898418737,116.78673372298492,0,0,,,,,,,department,Завар тормозного башмака грузового вагона
3,2025-06-01 23:16:24.180148836,Куйбышевская,CV,"З-СИБ, ВЧДЭ-23 БЕЛОВО",2025,2024,151 days 17:38:06.273542634,218498.1045590439,16.46935088338796,0.504973221117062,Лето,3,6,0.0027033966139579,0.0027033966139579,0.0081101898418737,116.78673372298492,0,0,,,,,,,department,Тонкий гребень колеса грузового вагона
1,2025-06-02 08:13:21.368165742,Свердловская,CV,"КРАС, ВЧДЭ-1 БОГОТОЛ",2025,2024,152 days 02:35:03.461559540,219035.057692659,536.9531336151122,0.5057383320581484,Лето,3,6,0.0027033966139579,0.0027033966139579,0.0081101898418737,116.78673372298492,0,0,38,"0,7ч",14,"5,25ч",3,"1,5ч",department,Тонкий гребень колеса грузового вагона
2,2025-06-02 13:27:40.717847712,Куйбышевская,CV,"ЗАБ, ВЧДЭ-7 БЕЛОГОРСК",2025,2024,152 days 07:49:22.811241510,219349.3801873585,314.3224946995033,0.5065034429992349,Лето,3,6,0.0027033966139579,0.0027033966139579,0.0081101898418737,116.78673372298492,0,0,24,"14,12ч",14,"1,95ч",3,"2,27ч",department,Тонкий гребень колеса грузового вагона
1,2025-06-02 16:52:40.058894088,Красноярская,CV,"ЗАБ, ВЧДЭ-7 БЕЛОГОРСК",2025,2024,152 days 11:14:22.152287886,219554.3692047981,204.98901743959868,0.5072685539403213,Лето,3,6,0.0027033966139579,0.0027033966139579,0.0081101898418737,116.78673372298492,0,0,37,"4,13ч",8,"1,32ч",29,"0,52ч",department,Тонкий гребень колеса грузового вагона
1,2025-06-03 01:16:48.497727666,Восточно-Сибирская,CV,"КРАС, ВЧДЭ-7 КРАСНОЯРСК-ВОСТ",2025,2024,152 days 19:38:30.591121464,220058.5098520244,504.1406472262752,0.5080336648814078,Лето,3,6,0.0027033966139579,0.0027033966139579,0.0081101898418737,116.78673372298492,0,0,11,"2,27ч",26,"4,87ч",0,,department,Неплотность тормозной магистрали грузового вагона
1,2025-06-03 22:05:41.876816304,Дальневосточная,CV,"В-СИБ, ВЧДЭ-10 УЛАН-УДЭ",2025,2024,153 days 16:27:23.970210102,221307.39950350169,1248.8896514773078,0.5087987758224942,Лето,3,6,0.0027033966139579,0.0027033966139579,0.0081101898418737,116.78673372298492,0,0,14,"10,2ч",5,"1,72ч",69,"2,9ч",department,Тонкий гребень колеса грузового вагона
1,2025-06-03 23:41:59.817038688,Восточно-Сибирская,CV,"Д-ВОСТ, ВЧДЭ-1 ХАБАРОВСК",2025,2024,153 days 18:03:41.910432486,221403.6985072081,96.29900370640098,0.5095638867635807,Лето,3,6,0.0027033966139579,0.0027033966139579,0.0081101898418737,116.78673372298492,0,0,0,,25,"1,33ч",50,"2,08ч",department,Технологический нагрев буксового узла
3,2025-06-04 00:39:21.554670060,Восточно-Сибирская,CV,"КРАС, ВЧДЭ-7 КРАСНОЯРСК-ВОСТ",2025,2024,153 days 19:01:03.648063858,221461.06080106428,57.36229385618935,0.5103289977046672,Лето,3,6,0.0027033966139579,0.0027033966139579,0.0081101898418737,116.78673372298492,0,0,,,,,,,department,Технологический нагрев буксового узла
3,2025-06-04 15:42:06.500065590,Восточно-Сибирская,CV,"СВЕРД, ВЧДЭ-4",2025,2024,154 days 10:03:48.593459388,222363.8098909898,902.7490899255208,0.5110941086457537,Лето,3,6,0.0027033966139579,0.0027033966139579,0.0081101898418737,116.78673372298492,0,0,,,,,,,department,Выщербина на ободе колеса грузового вагона
1,2025-06-04 22:31:02.193008238,Дальневосточная,CV,"ЗАБ, ВЧДЭ-3 КАРЫМСКАЯ",2025,2024,154 days 16:52:44.286402036,222772.7381067006,408.9282157107955,0.5118592195868401,Лето,3,6,0.0027033966139579,0.0027033966139579,0.0081101898418737,116.78673372298492,0,0,21,"1,83ч",4,"1,95ч",26,"1,92ч",department,Неравномерный прокат по кругу катания колеса грузового вагона выше нормы
3,2025-06-05 02:04:11.183430666,Красноярская,CV,"ЗАБ, ВЧДЭ-3 КАРЫМСКАЯ",2025,2024,154 days 20:25:53.276824464,222985.8879470744,213.14984037380785,0.5126243305279266,Лето,3,6,0.0027033966139579,0.0027033966139579,0.0081101898418737,116.78673372298492,0,0,,,,,,,department,Другие причины
1,2025-06-05 07:19:11.392281024,Свердловская,CV,"З-СИБ, ВЧДЭ-23 БЕЛОВО",2025,2024,155 days 01:40:53.485674822,223300.8914279137,315.0034808393102,0.513389441469013,Лето,3,6,0.0027033966139579,0.0027033966139579,0.0081101898418737,116.78673372298492,0,0,31,"1,85ч",26,"0,18ч",11,"2,07ч",department,Несоответствие момента затяжки накидной гайки установленному нормативу
2,2025-06-05 15:45:33.218624682,Восточно-Сибирская,CV,"ЗАБ, ВЧДЭ-7 БЕЛОГОРСК",2025,2024,155 days 10:07:15.312018480,223807.255200308,506.3637723942811,0.5141545524100994,Лето,3,6,0.0027033966139579,0.0027033966139579,0.0081101898418737,116.78673372298492,0,0,17,"28,15ч",3,"0,87ч",1,"7,98ч",department,Выщербина на ободе колеса грузового вагона
3,2025-06-06 00:54:06.164952672,Западно-Сибирская,CV,"З-СИБ, ВЧДЭ-23 БЕЛОВО",2025,2024,155 days 19:15:48.258346470,224355.8043057745,548.5491054665181,0.5149196633511859,Лето,3,6,0.0027033966139579,0.0027033966139579,0.0081101898418737,116.78673372298492,0,0,,,,,,,department,Тонкий гребень колеса грузового вагона
2,2025-06-06 16:27:53.610549690,Забайкальская,CV,"В-СИБ, ВЧДЭ-13 ТАЙШЕТ",2025,2024,156 days 10:49:35.703943488,225289.5950657248,933.790759950265,0.5156847742922723,Лето,3,6,0.0027033966139579,0.0027033966139579,0.0081101898418737,116.78673372298492,0,0,35,"56,98ч",14,"2,43ч",37,"0,72ч",department,Тонкий гребень колеса грузового вагона
1,2025-06-06 19:53:46.853106012,Красноярская,CV,"ОКТ, ВЧДЭ-28 ВОЛХОВСТРОЙ",2025,2024,156 days 14:15:28.946499810,225495.48244166348,205.8873759387061,0.5164498852333589,Лето,3,6,0.0027033966139579,0.0027033966139579,0.0081101898418737,116.78673372298492,0,0,5,"0,35ч",14,"1,67ч",24,"2,02ч",department,Тонкий гребень колеса грузового вагона
1,2025-06-06 22:02:15.066896322,Красноярская,CV,"Ю-УР, ВЧДЭ-1 ЧЕЛЯБИНСК",2025,2024,156 days 16:23:57.160290120,225623.952671502,128.4702298385091,0.5172149961744453,Лето,3,6,0.0027033966139579,0.0027033966139579,0.0081101898418737,116.78673372298492,0,0,35,"2,4ч",10,"0,68ч",16,"0,1ч",department,Выщербина на ободе колеса грузового вагона
3,2025-06-07 04:19:49.214303448,Западно-Сибирская,CV,"Д-ВОСТ, ВЧДЭ-1 ХАБАРОВСК",2025,2024,156 days 22:41:31.307697246,226001.5217949541,377.56912345212186,0.5179801071155318,Лето,3,6,0.0027033966139579,0.0027033966139579,0.0081101898418737,116.78673372298492,0,0,,,,,,,department,Технологический нагрев буксового узла
1,2025-06-07 07:38:36.176318520,Западно-Сибирская,CV,"КРАС, ВЧДЭ-7 КРАСНОЯРСК-ВОСТ",2025,2024,157 days 02:00:18.269712318,226200.3044952053,198.78270025117672,0.5187452180566182,Лето,3,6,0.0027033966139579,0.0027033966139579,0.0081101898418737,116.78673372298492,0,0,9,"1,1ч",9,"1,1ч",24,"2,93ч",department,Тонкий гребень колеса грузового вагона
1,2025-06-07 13:12:34.905966984,Красноярская,CV,"КРАС, ВЧДЭ-7 КРАСНОЯРСК-ВОСТ",2025,2024,157 days 07:34:16.999360782,226534.2833226797,333.978827474406,0.5195103289977047,Лето,3,6,0.0027033966139579,0.0027033966139579,0.0081101898418737,116.78673372298492,0,0,29,"1,28ч",15,"2,53ч",1,"1,38ч",department,Тонкий гребень колеса грузового вагона
2,2025-06-07 16:34:04.201799682,Южно-Уральская,CV,"ЗАБ, ВЧДЭ-3 КАРЫМСКАЯ",2025,2024,157 days 10:55:46.295193480,226735.771586558,201.48826387830195,0.5202754399387911,Лето,3,6,0.0027033966139579,0.0027033966139579,0.0081101898418737,116.78673372298492,0,0,56,"1,43ч",11,"3,62ч",17,"1,55ч",department,Завышение фрикционного клина гасителя колебаний относительно опорной поверхности надрессорной балки
2,2025-06-07 17:35:29.556935790,Октябрьская,CV,"ЗАБ, ВЧДЭ-3 КАРЫМСКАЯ",2025,2024,157 days 11:57:11.650329588,226797.1941721598,61.422585601801984,0.5210405508798776,Лето,3,6,0.0027033966139579,0.0027033966139579,0.0081101898418737,116.78673372298492,0,0,19,"5,07ч",2,"0,8ч",26,"0,22ч",department,Неравномерный прокат по кругу катания колеса грузового вагона выше нормы
2,2025-06-07 21:29:56.244443544,Восточно-Сибирская,CV,"СВЕРД, ВЧДЭ-4",2025,2024,157 days 15:51:38.337837342,227031.6389639557,234.44479179591872,0.521805661820964,Лето,3,6,0.0027033966139579,0.0027033966139579,0.0081101898418737,116.78673372298492,0,0,27,"21,08ч",20,"2,08ч",11,"0,03ч",department,Неплотность тормозной магистрали грузового вагона
2,2025-06-08 04:44:15.641343780,Западно-Сибирская,CV,"КРАС, ВЧДЭ-7 КРАСНОЯРСК-ВОСТ",2025,2024,157 days 23:05:57.734737578,227465.96224562632,434.3232816706004,0.5225707727620506,Лето,3,6,0.0027033966139579,0.0027033966139579,0.0081101898418737,116.78673372298492,0,0,56,"17,22ч",11,"0,92ч",0,,department,Неплотность тормозной магистрали грузового вагона
2,2025-06-08 14:38:16.656920826,Октябрьская,CV,"ЗАБ, ВЧДЭ-7 БЕЛОГОРСК",2025,2024,158 days 08:59:58.750314624,228059.9791719104,594.0169262840645,0.523335883703137,Лето,3,6,0.0027033966139579,0.0027033966139579,0.0081101898418737,116.78673372298492,0,0,38,"1,68ч",25,"1,98ч",4,"2,53ч",department,Технологический нагрев буксового узла
3,2025-06-08 18:49:46.296887556,Октябрьская,CV,"КРАС, ВЧДЭ-7 КРАСНОЯРСК-ВОСТ",2025,2024,158 days 13:11:28.390281354,228311.47317135587,251.4939994454908,0.5241009946442234,Лето,3,6,0.0027033966139579,0.0027033966139579,0.0081101898418737,116.78673372298492,0,0,,,,,,,department,Тонкий гребень колеса грузового вагона
2,2025-06-08 19:56:34.776270390,Свердловская,CV,"ЗАБ, ВЧДЭ-7 БЕЛОГОРСК",2025,2024,158 days 14:18:16.869664188,228378.2811610698,66.8079897139396,0.5248661055853099,Лето,3,6,0.0027033966139579,0.0027033966139579,0.0081101898418737,116.78673372298492,0,0,18,"8,3ч",16,"3,52ч",2,"9,12ч",department,Неравномерный прокат по кругу катания колеса грузового вагона выше нормы
2,2025-06-08 23:14:42.260521032,Красноярская,CV,"Д-ВОСТ, ВЧДЭ-1 ХАБАРОВСК",2025,2024,158 days 17:36:24.353914830,228576.4058985805,198.1247375106905,0.5256312165263963,Лето,3,6,0.0027033966139579,0.0027033966139579,0.0081101898418737,116.78673372298492,0,0,32,"9,85ч",3,"1,28ч",30,"1,18ч",department,Неравномерный прокат по кругу катания колеса грузового вагона выше нормы
1,2025-06-09 08:45:31.479434033,Октябрьская,CV,"ЗАБ, ВЧДЭ-3 КАРЫМСКАЯ",2025,2024,159 days 03:07:13.572827831,229147.2262137972,570.820315216697,0.5263963274674828,Лето,3,6,0.0027033966139579,0.0027033966139579,0.0081101898418737,116.78673372298492,0,0,51,"0,12ч",1,"1,23ч",70,"0,23ч",department,Тонкий гребень колеса грузового вагона
1,2025-06-09 12:02:29.739656598,Южно-Уральская,CV,"КРАС, ВЧДЭ-7 КРАСНОЯРСК-ВОСТ",2025,2024,159 days 06:24:11.833050396,229344.19721750665,196.9710037094192,0.5271614384085692,Лето,3,6,0.0027033966139579,0.0027033966139579,0.0081101898418737,116.78673372298492,0,0,8,"25,05ч",6,"2,82ч",0,,department,Выщербина на ободе колеса грузового вагона
1,2025-06-09 19:23:35.892549630,Свердловская,CV,"ЗАБ, ВЧДЭ-3 КАРЫМСКАЯ",2025,2024,159 days 13:45:17.985943428,229785.2997657238,441.1025482171681,0.5279265493496557,Лето,3,6,0.0027033966139579,0.0027033966139579,0.0081101898418737,116.78673372298492,0,0,55,"12,15ч",2,"1,1ч",25,"0,6ч",department,Тонкий гребень колеса грузового вагона
1,2025-06-09 23:45:22.347754308,Южно-Уральская,CV,"В-СИБ, ВЧДЭ-13 ТАЙШЕТ",2025,2024,159 days 18:07:04.441148106,230047.0740191351,261.77425341130584,0.5286916602907421,Лето,3,6,0.0027033966139579,0.0027033966139579,0.0081101898418737,116.78673372298492,0,0,28,"2,1ч",9,"0,48ч",0,,department,Тонкий гребень колеса грузового вагона
1,2025-06-10 01:27:29.029629750,Южно-Уральская,CV,"В-СИБ, ВЧДЭ-10 УЛАН-УДЭ",2025,2024,159 days 19:49:11.123023548,230149.1853837258,102.11136459070258,0.5294567712318287,Лето,3,6,0.0027033966139579,0.0027033966139579,0.0081101898418737,116.78673372298492,0,0,5,"16,13ч",3,"2,18ч",25,"0,12ч",department,Неисправность воздухораспределителя грузового вагона
2,2025-06-10 11:15:46.255356462,Дальневосточная,CV,"З-СИБ, ВЧДЭ-6 ИНСКАЯ",2025,2024,160 days 05:37:28.348750260,230737.472479171,588.2870954452083,0.5302218821729151,Лето,3,6,0.0027033966139579,0.0027033966139579,0.0081101898418737,116.78673372298492,0,0,28,"3,55ч",25,"3,48ч",69,"37,02ч",department,Тонкий гребень колеса грузового вагона
1,2025-06-10 11:48:18.731796000,Октябрьская,CV,"Д-ВОСТ, ВЧДЭ-1 ХАБАРОВСК",2025,2024,160 days 06:10:00.825189798,230770.01375316328,32.54127399227582,0.5309869931140015,Лето,3,6,0.0027033966139579,0.0027033966139579,0.0081101898418737,116.78673372298492,0,0,29,"3,43ч",14,"0,77ч",13,"0,82ч",department,Тонкий гребень колеса грузового вагона
3,2025-06-10 16:23:35.942347446,Восточно-Сибирская,CV,"З-СИБ, ВЧДЭ-6 ИНСКАЯ",2025,2024,160 days 10:45:18.035741244,231045.30059568735,275.2868425241031,0.531752104055088,Лето,3,6,0.0027033966139579,0.0027033966139579,0.0081101898418737,116.78673372298492,0,0,,,,,,,department,Неравномерный прокат по кругу катания колеса грузового вагона выше нормы
3,2025-06-10 17:50:16.501433688,Восточно-Сибирская,CV,"З-СИБ, ВЧДЭ-12 ВХОДНАЯ",2025,2024,160 days 12:11:58.594827486,231131.9765804581,86.67598477072897,0.5325172149961744,Лето,3,6,0.0027033966139579,0.0027033966139579,0.0081101898418737,116.78673372298492,0,0,,,,,,,department,Нарушение регулировки рычажной передачи
1,2025-06-10 18:15:57.239222586,Западно-Сибирская,CV,"ОКТ, ВЧДЭ-28 ВОЛХОВСТРОЙ",2025,2024,160 days 12:37:39.332616384,231157.6555436064,25.67896314826794,0.5332823259372609,Лето,3,6,0.0027033966139579,0.0027033966139579,0.0081101898418737,116.78673372298492,0,0,12,"3,23ч",2,"0,23ч",12,"2,18ч",department,Тонкий гребень колеса грузового вагона
3,2025-06-10 22:34:31.773821088,Южно-Уральская,CV,"КРАС, ВЧДЭ-7 КРАСНОЯРСК-ВОСТ",2025,2024,160 days 16:56:13.867214886,231416.2311202481,258.5755766417424,0.5340474368783473,Лето,3,6,0.0027033966139579,0.0027033966139579,0.0081101898418737,116.78673372298492,0,0,,,,,,,department,Технологический нагрев буксового узла
2,2025-06-11 02:50:36.264670416,Дальневосточная,CV,"В-СИБ, ВЧДЭ-13 ТАЙШЕТ",2025,2024,160 days 21:12:18.358064214,231672.3059677369,256.0748474887805,0.5348125478194338,Лето,3,6,0.0027033966139579,0.0027033966139579,0.0081101898418737,116.78673372298492,0,0,34,"4,63ч",0,,8,"0,3ч",department,Неравномерный прокат по кругу катания колеса грузового вагона выше нормы
3,2025-06-11 10:24:34.099502532,Забайкальская,CV,"КРАС, ВЧДЭ-7 КРАСНОЯРСК-ВОСТ",2025,2024,161 days 04:46:16.192896330,232126.26988160552,453.963913868618,0.5355776587605203,Лето,3,6,0.0027033966139579,0.0027033966139579,0.0081101898418737,116.78673372298492,0,0,,,,,,,department,Тонкий гребень колеса грузового вагона
1,2025-06-11 18:49:40.741082526,Западно-Сибирская,CV,"ЗАБ, ВЧДЭ-7 БЕЛОГОРСК",2025,2024,161 days 13:11:22.834476324,232631.3805746054,505.11069299987867,0.5363427697016068,Лето,3,6,0.0027033966139579,0.0027033966139579,0.0081101898418737,116.78673372298492,0,0,14,"6,97ч",10,"1,35ч",2,"0,95ч",department,Технологический нагрев буксового узла
2,2025-06-12 02:50:59.676136824,Дальневосточная,CV,"КРАС, ВЧДЭ-7 КРАСНОЯРСК-ВОСТ",2025,2024,161 days 21:12:41.769530622,233112.6961588437,481.31558423829847,0.5371078806426932,Лето,3,6,0.0027033966139579,0.0027033966139579,0.0081101898418737,116.78673372298492,0,0,0,,13,"0,67ч",50,"0,42ч",department,Технологический нагрев буксового узла
2,2025-06-12 06:05:53.523245982,Восточно-Сибирская,CV,"Д-ВОСТ, ВЧДЭ-1 ХАБАРОВСК",2025,2024,162 days 00:27:35.616639780,233307.593610663,194.89745181929905,0.5378729915837797,Лето,3,6,0.0027033966139579,0.0027033966139579,0.0081101898418737,116.78673372298492,0,0,19,"13,98ч",25,"1,3ч",7,"1,42ч",department,Разрегулирование рычажной передачи грузового вагона
2,2025-06-12 12:15:21.851517066,Октябрьская,CV,"КРАС, ВЧДЭ-1 БОГОТОЛ",2025,2024,162 days 06:37:03.944910864,233677.0657485144,369.47213785140775,0.5386381025248661,Лето,3,6,0.0027033966139579,0.0027033966139579,0.0081101898418737,116.78673372298492,0,0,22,"1,98ч",9,"1,68ч",5,"3,02ч",department,Тонкий гребень колеса грузового вагона
1,2025-06-12 17:33:34.580727234,Восточно-Сибирская,CV,"ЗАБ, ВЧДЭ-3 КАРЫМСКАЯ",2025,2024,162 days 11:55:16.674121032,233995.2779020172,318.2121535027982,0.5394032134659525,Лето,3,6,0.0027033966139579,0.0027033966139579,0.0081101898418737,116.78673372298492,0,0,7,"13,12ч",7,"0,32ч",26,"2,83ч",department,Тонкий гребень колеса грузового вагона
1,2025-06-12 20:56:04.262813106,Красноярская,CV,"З-СИБ, ВЧДЭ-6 ИНСКАЯ",2025,2024,162 days 15:17:46.356206904,234197.7726034484,202.49470143119103,0.540168324407039,Лето,3,6,0.0027033966139579,0.0027033966139579,0.0081101898418737,116.78673372298492,0,0,28,"9,27ч",11,"3,52ч",12,"0,27ч",department,Неплотность тормозной магистрали грузового вагона
2,2025-06-13 02:32:26.576324934,Южно-Уральская,CV,"ЗАБ, ВЧДЭ-3 КАРЫМСКАЯ",2025,2024,162 days 20:54:08.669718732,234534.14449531215,336.37189186378964,0.5409334353481254,Лето,3,6,0.0027033966139579,0.0027033966139579,0.0081101898418737,116.78673372298492,0,0,8,"6,12ч",20,"2,25ч",13,"1,57ч",department,Тонкий гребень колеса грузового вагона
2,2025-06-13 20:40:45.568864134,Западно-Сибирская,CV,"КРАС, ВЧДЭ-7 КРАСНОЯРСК-ВОСТ",2025,2024,163 days 15:02:27.662257932,235622.4610376322,1088.3165423200116,0.541698546289212,Лето,3,6,0.0027033966139579,0.0027033966139579,0.0081101898418737,116.78673372298492,0,0,2,"9,4ч",14,"0,9ч",3,"1,32ч",department,Тонкий гребень колеса грузового вагона
3,2025-06-13 22:00:01.806627528,Восточно-Сибирская,CV,"КРАС, ВЧДЭ-7 КРАСНОЯРСК-ВОСТ",2025,2024,163 days 16:21:43.900021326,235701.7316670221,79.27062938991003,0.5424636572302984,Лето,3,6,0.0027033966139579,0.0027033966139579,0.0081101898418737,116.78673372298492,0,0,,,,,,,department,Тонкий гребень колеса грузового вагона
1,2025-06-14 12:33:45.610948050,Южно-Уральская,CV,"СВЕРД, ВЧДЭ-4",2025,2024,164 days 06:55:27.704341848,236575.4617390308,873.7300720086787,0.5432287681713849,Лето,3,6,0.0027033966139579,0.0027033966139579,0.0081101898418737,116.78673372298492,0,0,24,"4,72ч",25,"1,25ч",18,"0,37ч",department,Тонкий гребень колеса грузового вагона
2,2025-06-14 12:54:04.906154850,Восточно-Сибирская,CV,"Д-ВОСТ, ВЧДЭ-1 ХАБАРОВСК",2025,2024,164 days 07:15:46.999548648,236595.7833258108,20.32158678001724,0.5439938791124713,Лето,3,6,0.0027033966139579,0.0027033966139579,0.0081101898418737,116.78673372298492,0,0,10,"0,82ч",7,"3,33ч",6,"0,22ч",department,Тонкий гребень колеса грузового вагона
1,2025-06-14 15:10:28.653802146,Красноярская,CV,"СВЕРД, ВЧДЭ-4",2025,2024,164 days 09:32:10.747195944,236732.1791199324,136.39579412160674,0.5447589900535578,Лето,3,6,0.0027033966139579,0.0027033966139579,0.0081101898418737,116.78673372298492,0,0,14,"8,43ч",3,"2,88ч",70,"0,78ч",department,Тонкий гребень колеса грузового вагона
2,2025-06-14 17:16:12.083888994,Куйбышевская,CV,"В-СИБ, ВЧДЭ-10 УЛАН-УДЭ",2025,2024,164 days 11:37:54.177282792,236857.9029547132,125.72383478077244,0.5455241009946442,Лето,3,6,0.0027033966139579,0.0027033966139579,0.0081101898418737,116.78673372298492,0,0,25,"6,12ч",10,"1,87ч",37,"0,87ч",department,Неплотность тормозной магистрали грузового вагона
1,2025-06-14 23:20:21.845279880,Красноярская,CV,"СВЕРД, ВЧДЭ-4",2025,2024,164 days 17:42:03.938673678,237222.0656445613,364.1626898481336,0.5462892119357307,Лето,3,6,0.0027033966139579,0.0027033966139579,0.0081101898418737,116.78673372298492,0,0,30,"0,53ч",25,"3,13ч",15,"0,45ч",department,Тонкий гребень колеса грузового вагона
3,2025-06-15 00:12:23.941001376,Октябрьская,CV,"Д-ВОСТ, ВЧДЭ-1 ХАБАРОВСК",2025,2024,164 days 18:34:06.034395174,237274.1005732529,52.03492869157344,0.5470543228768171,Лето,3,6,0.0027033966139579,0.0027033966139579,0.0081101898418737,116.78673372298492,0,0,,,,,,,department,Тонкий гребень колеса грузового вагона
2,2025-06-15 13:24:00.209675628,Забайкальская,CV,"ЗАБ, ВЧДЭ-3 КАРЫМСКАЯ",2025,2024,165 days 07:45:42.303069426,238065.7050511571,791.6044779042131,0.5478194338179035,Лето,3,6,0.0027033966139579,0.0027033966139579,0.0081101898418737,116.78673372298492,0,0,21,"5,57ч",11,"2,15ч",3,"0,23ч",department,Неравномерный прокат по кругу катания колеса грузового вагона выше нормы
2,2025-06-16 00:16:19.235137620,Забайкальская,CV,"З-СИБ, ВЧДЭ-12 ВХОДНАЯ",2025,2024,165 days 18:38:01.328531418,238718.0221421903,652.3170910332119,0.5485845447589901,Лето,3,6,0.0027033966139579,0.0027033966139579,0.0081101898418737,116.78673372298492,0,0,23,"3,72ч",7,"1,25ч",0,,department,Тонкий гребень колеса грузового вагона
1,2025-06-16 06:46:50.690559414,Красноярская,CV,"КРАС, ВЧДЭ-7 КРАСНОЯРСК-ВОСТ",2025,2024,166 days 01:08:32.783953212,239108.5463992202,390.5242570299015,0.5493496557000765,Лето,3,6,0.0027033966139579,0.0027033966139579,0.0081101898418737,116.78673372298492,0,0,16,"14,85ч",3,"1,82ч",29,"0,42ч",department,Неравномерный прокат по кругу катания колеса грузового вагона выше нормы
1,2025-06-16 10:33:41.414786190,Восточно-Сибирская,CV,"КРАС, ВЧДЭ-8 АБАКАН",2025,2024,166 days 04:55:23.508179988,239335.3918029998,226.8454037795891,0.550114766641163,Лето,3,6,0.0027033966139579,0.0027033966139579,0.0081101898418737,116.78673372298492,0,0,32,"13,22ч",2,"0,67ч",37,"0,98ч",department,Завар тормозного башмака грузового вагона
1,2025-06-17 03:13:19.446274536,Восточно-Сибирская,CV,"КРАС, ВЧДЭ-7 КРАСНОЯРСК-ВОСТ",2025,2024,166 days 21:35:01.539668334,240335.0256611389,999.6338581391028,0.5508798775822494,Лето,3,6,0.0027033966139579,0.0027033966139579,0.0081101898418737,116.78673372298492,0,0,30,"5,93ч",3,"9,82ч",18,"1,42ч",department,Несоответствие зазоров скользуна грузового вагона
3,2025-06-17 14:10:24.471860550,Южно-Уральская,CV,"Д-ВОСТ, ВЧДЭ-1 ХАБАРОВСК",2025,2024,167 days 08:32:06.565254348,240992.1094209058,657.0837597668869,0.5516449885233359,Лето,3,6,0.0027033966139579,0.0027033966139579,0.0081101898418737,116.78673372298492,0,0,,,,,,,department,Тонкий гребень колеса грузового вагона
3,2025-06-17 18:26:18.010671822,Восточно-Сибирская,CV,"ЗАБ, ВЧДЭ-7 БЕЛОГОРСК",2025,2024,167 days 12:48:00.104065620,241248.001734427,255.89231352120987,0.5524100994644223,Лето,3,6,0.0027033966139579,0.0027033966139579,0.0081101898418737,116.78673372298492,0,0,,,,,,,department,Выщербина на ободе колеса грузового вагона
1,2025-06-18 01:53:58.373478882,Свердловская,CV,"В-СИБ, ВЧДЭ-10 УЛАН-УДЭ",2025,2024,167 days 20:15:40.466872680,241695.674447878,447.6727134509711,0.5531752104055088,Лето,3,6,0.0027033966139579,0.0027033966139579,0.0081101898418737,116.78673372298492,0,0,11,"6,62ч",1,"0,45ч",6,"2,83ч",department,Завышение фрикционного клина гасителя колебаний относительно опорной поверхности надрессорной балки
3,2025-06-18 07:03:31.803359328,Забайкальская,CV,"СВЕРД, ВЧДЭ-4",2025,2024,168 days 01:25:13.896753126,242005.2316125521,309.55716467413004,0.5539403213465952,Лето,3,6,0.0027033966139579,0.0027033966139579,0.0081101898418737,116.78673372298492,0,0,,,,,,,department,Тонкий гребень колеса грузового вагона
1,2025-06-18 12:31:29.087930784,Южно-Уральская,CV,"З-СИБ, ВЧДЭ-6 ИНСКАЯ",2025,2024,168 days 06:53:11.181324582,242333.1863554097,327.9547428576043,0.5547054322876818,Лето,3,6,0.0027033966139579,0.0027033966139579,0.0081101898418737,116.78673372298492,0,0,11,"8,3ч",0,,17,"2,02ч",department,Тонкий гребень колеса грузового вагона
1,2025-06-18 15:00:09.764536770,Южно-Уральская,CV,"КРАС, ВЧДЭ-7 КРАСНОЯРСК-ВОСТ",2025,2024,168 days 09:21:51.857930568,242481.8642988428,148.67794343308196,0.5554705432287682,Лето,3,6,0.0027033966139579,0.0027033966139579,0.0081101898418737,116.78673372298492,0,0,26,"14,4ч",6,"1,4ч",26,"0,53ч",department,Тонкий гребень колеса грузового вагона
3,2025-06-18 18:49:31.429820784,Забайкальская,CV,"КРАС, ВЧДЭ-1 БОГОТОЛ",2025,2024,168 days 13:11:13.523214582,242711.2253869097,229.3610880669148,0.5562356541698547,Лето,3,6,0.0027033966139579,0.0027033966139579,0.0081101898418737,116.78673372298492,0,0,,,,,,,department,Несоответствие зазоров скользуна грузового вагона
2,2025-06-18 19:19:36.753553656,Свердловская,CV,"З-СИБ, ВЧДЭ-6 ИНСКАЯ",2025,2024,168 days 13:41:18.846947454,242741.3141157909,30.088728881208223,0.5570007651109411,Лето,3,6,0.0027033966139579,0.0027033966139579,0.0081101898418737,116.78673372298492,0,0,1,"4,37ч",11,"0,82ч",26,"0,88ч",department,Тонкий гребень колеса грузового вагона
3,2025-06-18 22:03:10.030413606,Западно-Сибирская,CV,"СВЕРД, ВЧДЭ-4",2025,2024,168 days 16:24:52.123807404,242904.86873012345,163.55461433250457,0.5577658760520275,Лето,3,6,0.0027033966139579,0.0027033966139579,0.0081101898418737,116.78673372298492,0,0,,,,,,,department,Ослабление (разрушение) торцевого крепления
2,2025-06-19 05:23:24.881337120,Восточно-Сибирская,CV,"З-СИБ, ВЧДЭ-25 НОВОКУЗНЕЦК",2025,2024,168 days 23:45:06.974730918,243345.1162455153,440.24751539187855,0.558530986993114,Лето,3,6,0.0027033966139579,0.0027033966139579,0.0081101898418737,116.78673372298492,0,0,118,"3,73ч",3,"1,62ч",17,"2,22ч",department,Неплотность тормозной магистрали грузового вагона
2,2025-06-20 00:16:08.597451336,Красноярская,CV,"З-СИБ, ВЧДЭ-25 НОВОКУЗНЕЦК",2025,2024,169 days 18:37:50.690845134,244477.8448474189,1132.7286019035964,0.5592960979342004,Лето,3,6,0.0027033966139579,0.0027033966139579,0.0081101898418737,116.78673372298492,0,0,1,"5,42ч",5,"4,05ч",50,"3,9ч",department,Несоответствие момента затяжки накидной гайки установленному нормативу
1,2025-06-20 20:36:18.091678290,Красноярская,CV,"КРАС, ВЧДЭ-7 КРАСНОЯРСК-ВОСТ",2025,2024,170 days 14:58:00.185072088,245698.0030845348,1220.1582371159166,0.5600612088752869,Лето,3,6,0.0027033966139579,0.0027033966139579,0.0081101898418737,116.78673372298492,0,0,35,"1,67ч",10,"1,85ч",0,,department,Технологический нагрев буксового узла
1,2025-06-21 01:36:24.478275858,Западно-Сибирская,CV,"КРАС, ВЧДЭ-8 АБАКАН",2025,2024,170 days 19:58:06.571669656,245998.1095278276,300.1064432928106,0.5608263198163733,Лето,3,6,0.0027033966139579,0.0027033966139579,0.0081101898418737,116.78673372298492,0,0,34,"7,6ч",4,"4,65ч",13,"3,73ч",department,Неплотность тормозной магистрали грузового вагона
2,2025-06-21 07:21:31.427436480,Восточно-Сибирская,CV,"Ю-УР, ВЧДЭ-1 ЧЕЛЯБИНСК",2025,2024,171 days 01:43:13.520830278,246343.22534717128,345.1158193436568,0.5615914307574599,Лето,3,6,0.0027033966139579,0.0027033966139579,0.0081101898418737,116.78673372298492,0,0,18,"16,43ч",15,"2,93ч",25,"3,72ч",department,Неисправность воздухораспределителя грузового вагона
3,2025-06-21 08:37:31.301040204,Забайкальская,CV,"ЗАБ, ВЧДЭ-3 КАРЫМСКАЯ",2025,2024,171 days 02:59:13.394434002,246419.2232405667,75.99789339542622,0.5623565416985463,Лето,3,6,0.0027033966139579,0.0027033966139579,0.0081101898418737,116.78673372298492,0,0,,,,,,,department,Выщербина на ободе колеса грузового вагона
3,2025-06-21 15:57:08.212159248,Забайкальская,CV,"ЗАБ, ВЧДЭ-3 КАРЫМСКАЯ",2025,2024,171 days 10:18:50.305553046,246858.83842588408,439.61518531737966,0.5631216526396328,Лето,3,6,0.0027033966139579,0.0027033966139579,0.0081101898418737,116.78673372298492,0,0,,,,,,,department,Тонкий гребень колеса грузового вагона
3,2025-06-21 16:24:14.595562158,Западно-Сибирская,CV,"З-СИБ, ВЧДЭ-6 ИНСКАЯ",2025,2024,171 days 10:45:56.688955956,246885.9448159326,27.106390048516914,0.5638867635807192,Лето,3,6,0.0027033966139579,0.0027033966139579,0.0081101898418737,116.78673372298492,0,0,,,,,,,department,Неравномерный прокат по кругу катания колеса грузового вагона выше нормы
1,2025-06-21 18:28:10.424198040,Забайкальская,CV,"ЗАБ, ВЧДЭ-3 КАРЫМСКАЯ",2025,2024,171 days 12:49:52.517591838,247009.87529319728,123.93047726468647,0.5646518745218057,Лето,3,6,0.0027033966139579,0.0027033966139579,0.0081101898418737,116.78673372298492,0,0,55,"7,62ч",5,"4,72ч",26,"1,07ч",department,Тонкий гребень колеса грузового вагона
2,2025-06-22 01:16:26.615172366,Восточно-Сибирская,CV,"КРАС, ВЧДЭ-1 БОГОТОЛ",2025,2024,171 days 19:38:08.708566164,247418.1451427694,408.269849572127,0.5654169854628921,Лето,3,6,0.0027033966139579,0.0027033966139579,0.0081101898418737,116.78673372298492,0,0,51,"0,7ч",8,"4,17ч",7,"0,62ч",department,Неравномерный прокат по кругу катания колеса грузового вагона выше нормы
3,2025-06-22 03:33:52.092284778,Забайкальская,CV,"КРАС, ВЧДЭ-7 КРАСНОЯРСК-ВОСТ",2025,2024,171 days 21:55:34.185678576,247555.5697613096,137.4246185401862,0.5661820964039785,Лето,3,6,0.0027033966139579,0.0027033966139579,0.0081101898418737,116.78673372298492,0,0,,,,,,,department,Тонкий гребень колеса грузового вагона
1,2025-06-22 03:52:46.934030970,Восточно-Сибирская,CV,"В-СИБ, ВЧДЭ-10 УЛАН-УДЭ",2025,2024,171 days 22:14:29.027424768,247574.4837904128,18.91402910320903,0.566947207345065,Лето,3,6,0.0027033966139579,0.0027033966139579,0.0081101898418737,116.78673372298492,0,0,23,"1,77ч",13,"0,33ч",7,"1,47ч",department,Тонкий гребень колеса грузового вагона
3,2025-06-22 14:52:19.822777308,Южно-Уральская,CV,"КРАС, ВЧДЭ-1 БОГОТОЛ",2025,2024,172 days 09:14:01.916171106,248234.03193618509,659.5481457722781,0.5677123182861515,Лето,3,6,0.0027033966139579,0.0027033966139579,0.0081101898418737,116.78673372298492,0,0,,,,,,,department,Выщербина на ободе колеса грузового вагона
2,2025-06-22 17:09:45.939497814,Восточно-Сибирская,CV,"СВЕРД, ВЧДЭ-4",2025,2024,172 days 11:31:28.032891612,248371.4672148602,137.43527867511148,0.568477429227238,Лето,3,6,0.0027033966139579,0.0027033966139579,0.0081101898418737,116.78673372298492,0,0,1,"8,07ч",6,"0,7ч",25,"37,02ч",department,Разрегулирование рычажной передачи грузового вагона
1,2025-06-22 17:33:52.659578520,Восточно-Сибирская,CV,"ЗАБ, ВЧДЭ-3 КАРЫМСКАЯ",2025,2024,172 days 11:55:34.752972318,248395.5792162053,24.11200134511455,0.5692425401683244,Лето,3,6,0.0027033966139579,0.0027033966139579,0.0081101898418737,116.78673372298492,0,0,41,"10,85ч",2,"3,08ч",11,"2,53ч",department,Выщербина на ободе колеса грузового вагона
2,2025-06-22 18:02:37.879383990,Забайкальская,CV,"Д-ВОСТ, ВЧДЭ-1 ХАБАРОВСК",2025,2024,172 days 12:24:19.972777788,248424.3328796298,28.753663424489787,0.5700076511094109,Лето,3,6,0.0027033966139579,0.0027033966139579,0.0081101898418737,116.78673372298492,0,0,11,"10,17ч",2,"0,77ч",50,"1,37ч",department,Тонкий гребень колеса грузового вагона
3,2025-06-22 19:49:54.890290434,Свердловская,CV,"З-СИБ, ВЧДЭ-12 ВХОДНАЯ",2025,2024,172 days 14:11:36.983684232,248531.6163947372,107.2835151074105,0.5707727620504973,Лето,3,6,0.0027033966139579,0.0027033966139579,0.0081101898418737,116.78673372298492,0,0,,,,,,,department,Неплотность тормозной магистрали грузового вагона
1,2025-06-22 21:02:25.734342276,Забайкальская,CV,"КРАС, ВЧДЭ-7 КРАСНОЯРСК-ВОСТ",2025,2024,172 days 15:24:07.827736074,248604.1304622679,72.51406753069023,0.5715378729915838,Лето,3,6,0.0027033966139579,0.0027033966139579,0.0081101898418737,116.78673372298492,0,0,35,"18,13ч",6,"4,65ч",1,"1,57ч",department,Тонкий гребень колеса грузового вагона
2,2025-06-23 06:13:03.042504546,Октябрьская,CV,"СВЕРД, ВЧДЭ-4",2025,2024,173 days 00:34:45.135898344,249154.7522649724,550.6218027044961,0.5723029839326702,Лето,3,6,0.0027033966139579,0.0027033966139579,0.0081101898418737,116.78673372298492,0,0,76,"32,87ч",5,"1,13ч",26,"8,03ч",department,Тонкий гребень колеса грузового вагона
2,2025-06-23 08:36:37.585181412,Восточно-Сибирская,CV,"З-СИБ, ВЧДЭ-25 НОВОКУЗНЕЦК",2025,2024,173 days 02:58:19.678575210,249298.3279762535,143.57571128109703,0.5730680948737567,Лето,3,6,0.0027033966139579,0.0027033966139579,0.0081101898418737,116.78673372298492,0,0,31,"8,48ч",9,"0,85ч",9,"2,17ч",department,Несоответствие норм высоты автосцепки грузового вагона
1,2025-06-23 18:40:45.248974200,Восточно-Сибирская,CV,"ЗАБ, ВЧДЭ-3 КАРЫМСКАЯ",2025,2024,173 days 13:02:27.342367998,249902.4557061333,604.1277298798086,0.5738332058148432,Лето,3,6,0.0027033966139579,0.0027033966139579,0.0081101898418737,116.78673372298492,0,0,29,"15,92ч",2,"1,35ч",22,"0,72ч",department,Тонкий гребень колеса грузового вагона
3,2025-06-23 19:51:23.785307496,Куйбышевская,CV,"КРАС, ВЧДЭ-8 АБАКАН",2025,2024,173 days 14:13:05.878701294,249973.0979783549,70.64227222159388,0.5745983167559297,Лето,3,6,0.0027033966139579,0.0027033966139579,0.0081101898418737,116.78673372298492,0,0,,,,,,,department,Тонкий гребень колеса грузового вагона
2,2025-06-24 00:02:33.849292080,Восточно-Сибирская,CV,"З-СИБ, ВЧДЭ-23 БЕЛОВО",2025,2024,173 days 18:24:15.942685878,250224.2657114313,251.16773307640688,0.5753634276970161,Лето,3,6,0.0027033966139579,0.0027033966139579,0.0081101898418737,116.78673372298492,0,0,3,"3,18ч",26,"2,37ч",13,"0,28ч",department,Ослабление (разрушение) торцевого крепления
3,2025-06-24 07:13:27.350255424,Забайкальская,CV,"КРАС, ВЧДЭ-7 КРАСНОЯРСК-ВОСТ",2025,2024,174 days 01:35:09.443649222,250655.15739415368,430.8916827223729,0.5761285386381025,Лето,3,6,0.0027033966139579,0.0027033966139579,0.0081101898418737,116.78673372298492,0,0,,,,,,,department,Неисправность воздухораспределителя грузового вагона
2,2025-06-24 13:43:54.024213108,Куйбышевская,CV,"Ю-УР, ВЧДЭ-1 ЧЕЛЯБИНСК",2025,2024,174 days 08:05:36.117606906,251045.6019601151,390.44456596142845,0.576893649579189,Лето,3,6,0.0027033966139579,0.0027033966139579,0.0081101898418737,116.78673372298492,0,0,5,"24,28ч",0,,37,"2,87ч",department,Тонкий гребень колеса грузового вагона
3,2025-06-24 19:23:53.211937614,Восточно-Сибирская,CV,"З-СИБ, ВЧДЭ-6 ИНСКАЯ",2025,2024,174 days 13:45:35.305331412,251385.58842219025,339.98646207511774,0.5776587605202754,Лето,3,6,0.0027033966139579,0.0027033966139579,0.0081101898418737,116.78673372298492,0,0,,,,,,,department,Тонкий гребень колеса грузового вагона
3,2025-06-25 11:21:09.653242338,Восточно-Сибирская,CV,"ЗАБ, ВЧДЭ-3 КАРЫМСКАЯ",2025,2024,175 days 05:42:51.746636136,252342.8624439356,957.2740217453684,0.5784238714613619,Лето,3,6,0.0027033966139579,0.0027033966139579,0.0081101898418737,116.78673372298492,0,0,,,,,,,department,Тонкий гребень колеса грузового вагона
1,2025-06-25 12:57:07.991524590,Восточно-Сибирская,CV,"ЗАБ, ВЧДЭ-3 КАРЫМСКАЯ",2025,2024,175 days 07:18:50.084918388,252438.83474863975,95.97230470419164,0.5791889824024483,Лето,3,6,0.0027033966139579,0.0027033966139579,0.0081101898418737,116.78673372298492,0,0,6,"8,2ч",26,"1,17ч",0,,department,Тонкий гребень колеса грузового вагона
1,2025-06-25 17:08:54.849945696,Дальневосточная,CV,"СВЕРД, ВЧДЭ-4",2025,2024,175 days 11:30:36.943339494,252690.61572232487,251.78097368509043,0.5799540933435348,Лето,3,6,0.0027033966139579,0.0027033966139579,0.0081101898418737,116.78673372298492,0,0,6,"15,92ч",7,"1,05ч",10,"0,63ч",department,Несоответствие зазоров скользуна грузового вагона
3,2025-06-26 06:25:43.614415602,Свердловская,CV,"СВЕРД, ВЧДЭ-4",2025,2024,176 days 00:47:25.707809400,253487.42846349,796.8127411651367,0.5807192042846213,Лето,3,6,0.0027033966139579,0.0027033966139579,0.0081101898418737,116.78673372298492,0,0,,,,,,,department,Тонкий гребень колеса грузового вагона
1,2025-06-26 06:55:43.457767050,Свердловская,CV,"З-СИБ, ВЧДЭ-23 БЕЛОВО",2025,2024,176 days 01:17:25.551160848,253517.4258526808,29.997389190772083,0.5814843152257078,Лето,3,6,0.0027033966139579,0.0027033966139579,0.0081101898418737,116.78673372298492,0,0,35,"3,1ч",16,"0,48ч",15,"0,88ч",department,Тонкий гребень колеса грузового вагона
2,2025-06-26 07:16:59.868922752,Западно-Сибирская,CV,"ЗАБ, ВЧДЭ-7 БЕЛОГОРСК",2025,2024,176 days 01:38:41.962316550,253538.6993719425,21.273519261711044,0.5822494261667942,Лето,3,6,0.0027033966139579,0.0027033966139579,0.0081101898418737,116.78673372298492,0,0,8,"6,57ч",11,"3,68ч",18,"18,77ч",department,Неисправность магистральной части воздухораспределителя
3,2025-06-26 08:55:16.066410582,Западно-Сибирская,CV,"КРАС, ВЧДЭ-7 КРАСНОЯРСК-ВОСТ",2025,2024,176 days 03:16:58.159804380,253636.96933007296,98.26995813049145,0.5830145371078806,Лето,3,6,0.0027033966139579,0.0027033966139579,0.0081101898418737,116.78673372298492,0,0,,,,,,,department,Тонкий гребень колеса грузового вагона
1,2025-06-26 15:06:04.771901922,Южно-Уральская,CV,"КРАС, ВЧДЭ-7 КРАСНОЯРСК-ВОСТ",2025,2024,176 days 09:27:46.865295720,254007.781088262,370.81175818899646,0.5837796480489671,Лето,3,6,0.0027033966139579,0.0027033966139579,0.0081101898418737,116.78673372298492,0,0,33,"4,12ч",8,"0,65ч",69,"3,9ч",department,Неравномерный прокат по кругу катания колеса грузового вагона выше нормы
2,2025-06-26 16:57:23.979181368,Восточно-Сибирская,CV,"КРАС, ВЧДЭ-7 КРАСНОЯРСК-ВОСТ",2025,2024,176 days 11:19:06.072575166,254119.1012095861,111.32012132412638,0.5845447589900535,Лето,3,6,0.0027033966139579,0.0027033966139579,0.0081101898418737,116.78673372298492,0,0,32,"1,98ч",0,,10,"0,93ч",department,Другие причины
2,2025-06-26 18:15:27.359199048,Свердловская,CV,"З-СИБ, ВЧДЭ-25 НОВОКУЗНЕЦК",2025,2024,176 days 12:37:09.452592846,254197.1575432141,78.05633362798835,0.58530986993114,Лето,3,6,0.0027033966139579,0.0027033966139579,0.0081101898418737,116.78673372298492,0,0,7,"2,75ч",6,"2,37ч",8,"0,05ч",department,Несоответствие момента затяжки накидной гайки установленному нормативу
2,2025-06-26 22:02:34.009267002,Восточно-Сибирская,CV,"ЗАБ, ВЧДЭ-3 КАРЫМСКАЯ",2025,2024,176 days 16:24:16.102660800,254424.26837768,227.110834465886,0.5860749808722264,Лето,3,6,0.0027033966139579,0.0027033966139579,0.0081101898418737,116.78673372298492,0,0,38,"13,2ч",3,"2,53ч",9,"1,65ч",department,Излом рычагов и тормозных тяг грузового вагона
1,2025-06-27 03:54:18.064226706,Куйбышевская,CV,"Ю-УР, ВЧДЭ-1 ЧЕЛЯБИНСК",2025,2024,176 days 22:16:00.157620504,254776.0026270084,351.7342493284377,0.586840091813313,Лето,3,6,0.0027033966139579,0.0027033966139579,0.0081101898418737,116.78673372298492,0,0,76,"4,18ч",26,"4,62ч",31,"3,72ч",department,Выщербина на ободе колеса грузового вагона
3,2025-06-27 05:40:00.327001752,Красноярская,CV,"КРАС, ВЧДЭ-1 БОГОТОЛ",2025,2024,177 days 00:01:42.420395550,254881.70700659248,105.7043795840582,0.5876052027543994,Лето,3,6,0.0027033966139579,0.0027033966139579,0.0081101898418737,116.78673372298492,0,0,,,,,,,department,Тонкий гребень колеса грузового вагона
3,2025-06-27 07:52:18.404001054,Октябрьская,CV,"ЗАБ, ВЧДЭ-7 БЕЛОГОРСК",2025,2024,177 days 02:14:00.497394852,255014.0082899142,132.3012833217217,0.5883703136954859,Лето,3,6,0.0027033966139579,0.0027033966139579,0.0081101898418737,116.78673372298492,0,0,,,,,,,department,Неравномерный прокат по кругу катания колеса грузового вагона выше нормы
1,2025-06-27 13:44:00.232533420,Свердловская,CV,"КРАС, ВЧДЭ-7 КРАСНОЯРСК-ВОСТ",2025,2024,177 days 08:05:42.325927218,255365.7054321203,351.6971422061033,0.5891354246365723,Лето,3,6,0.0027033966139579,0.0027033966139579,0.0081101898418737,116.78673372298492,0,0,35,"6,08ч",20,"0,98ч",0,,department,Тонкий гребень колеса грузового вагона
3,2025-06-28 07:41:53.071318632,Октябрьская,CV,"КРАС, ВЧДЭ-8 АБАКАН",2025,2024,178 days 02:03:35.164712430,256443.5860785405,1077.8806464202062,0.5899005355776588,Лето,3,6,0.0027033966139579,0.0027033966139579,0.0081101898418737,116.78673372298492,0,0,,,,,,,department,Тонкий гребень колеса грузового вагона
3,2025-06-28 14:37:20.284476534,Дальневосточная,CV,"ЗАБ, ВЧДЭ-3 КАРЫМСКАЯ",2025,2024,178 days 08:59:02.377870332,256859.0396311722,415.4535526316904,0.5906656465187452,Лето,3,6,0.0027033966139579,0.0027033966139579,0.0081101898418737,116.78673372298492,0,0,,,,,,,department,Выщербина на ободе колеса грузового вагона
1,2025-06-29 00:02:20.222364846,Свердловская,CV,"З-СИБ, ВЧДЭ-6 ИНСКАЯ",2025,2024,178 days 18:24:02.315758644,257424.03859597736,564.9989648051851,0.5914307574598316,Лето,3,6,0.0027033966139579,0.0027033966139579,0.0081101898418737,116.78673372298492,0,0,23,"2,55ч",16,"5,08ч",29,"1,87ч",department,Выщербина на ободе колеса грузового вагона
3,2025-06-29 02:51:22.682953578,Восточно-Сибирская,CV,"ЗАБ, ВЧДЭ-7 БЕЛОГОРСК",2025,2024,178 days 21:13:04.776347376,257593.0796057896,169.04100981220836,0.5921958684009181,Лето,3,6,0.0027033966139579,0.0027033966139579,0.0081101898418737,116.78673372298492,0,0,,,,,,,department,Несоответствие зазоров скользуна грузового вагона
3,2025-06-29 04:48:56.113847646,Южно-Уральская,CV,"В-СИБ, ВЧДЭ-13 ТАЙШЕТ",2025,2024,178 days 23:10:38.207241444,257710.6367873574,117.55718156779768,0.5929609793420046,Лето,3,6,0.0027033966139579,0.0027033966139579,0.0081101898418737,116.78673372298492,0,0,,,,,,,department,Другие причины
2,2025-06-29 08:32:57.577653912,Свердловская,CV,"З-СИБ, ВЧДЭ-25 НОВОКУЗНЕЦК",2025,2024,179 days 02:54:39.671047710,257934.6611841285,224.02439677109945,0.5937260902830911,Лето,3,6,0.0027033966139579,0.0027033966139579,0.0081101898418737,116.78673372298492,0,0,23,"22,17ч",25,"1,3ч",4,"1,92ч",department,Неплотность тормозной магистрали грузового вагона
2,2025-06-29 15:47:58.895078544,Восточно-Сибирская,CV,"СВЕРД, ВЧДЭ-4",2025,2024,179 days 10:09:40.988472342,258369.6831412057,435.0219570772315,0.5944912012241775,Лето,3,6,0.0037831505557593,0.0027033966139579,0.0081101898418737,116.78673372298492,0,1,56,"5,32ч",10,"0,43ч",31,"1,65ч",department,Несоответствие зазоров скользуна грузового вагона
3,2025-06-29 18:21:13.691151330,Забайкальская,CV,"В-СИБ, ВЧДЭ-13 ТАЙШЕТ",2025,2024,179 days 12:42:55.784545128,258522.9297424188,153.2466012130608,0.595256312165264,Лето,3,6,0.0039763165458186,0.0027033966139579,0.0081101898418737,116.78673372298492,0,1,,,,,,,department,Неравномерный прокат по кругу катания колеса грузового вагона выше нормы
1,2025-06-30 01:07:29.147377920,Западно-Сибирская,CV,"КРАС, ВЧДЭ-7 КРАСНОЯРСК-ВОСТ",2025,2024,179 days 19:29:11.240771718,258929.1873461953,406.2576037765248,0.5960214231063504,Лето,3,6,0.0046165886741269,0.0027033966139579,0.0081101898418737,116.78673372298492,0,1,37,"4,38ч",25,"1,32ч",17,"0,38ч",department,Неплотность тормозной магистрали грузового вагона
2,2025-06-30 16:32:02.304829530,Северная,CV,"КРАС, ВЧДЭ-7 КРАСНОЯРСК-ВОСТ",2025,2024,180 days 10:53:44.398223328,259853.7399703888,924.5526241934858,0.5967865340474369,Лето,3,6,0.0048556921300707,0.0027033966139579,0.0081101898418737,116.78673372298492,0,1,41,"26,3ч",15,"3,52ч",70,"0,7ч",department,Тонкий гребень колеса грузового вагона
2,2025-06-30 16:46:55.704300918,Дальневосточная,CV,"ЗАБ, ВЧДЭ-3 КАРЫМСКАЯ",2025,2024,180 days 11:08:37.797694716,259868.6299615786,14.88999118981883,0.5975516449885233,Лето,3,6,0.0050203039262441,0.0027033966139579,0.0081101898418737,116.78673372298492,0,1,11,"1,85ч",11,"2,28ч",12,"1,57ч",department,Тонкий гребень колеса грузового вагона
3,2025-06-30 16:54:57.308810538,Восточно-Сибирская,CV,"ЗАБ, ВЧДЭ-7 БЕЛОГОРСК",2025,2024,180 days 11:16:39.402204336,259876.6567034056,8.026741826994112,0.5983167559296098,Лето,3,6,0.0057898353488445,0.0027033966139579,0.0081101898418737,116.78673372298492,0,1,,,,,,,department,Тонкий гребень колеса грузового вагона
2,2025-06-30 17:22:10.187861166,Западно-Сибирская,CV,"В-СИБ, ВЧДЭ-13 ТАЙШЕТ",2025,2024,180 days 11:43:52.281254964,259903.8713542494,27.21465084378724,0.5990818668706962,Лето,3,6,0.0059540114784534,0.0027033966139579,0.0081101898418737,116.78673372298492,0,1,2,"2,53ч",2,"3,65ч",10,"2,27ч",department,Выщербина на ободе колеса грузового вагона
1,2025-06-30 18:41:50.236645428,Октябрьская,CV,"СВЕРД, ВЧДЭ-4",2025,2024,180 days 13:03:32.330039226,259983.53883398708,79.66747973769088,0.5998469778117828,Лето,3,6,0.0060891673759146,0.0027033966139579,0.0081101898418737,116.78673372298492,0,1,15,"15,22ч",14,"3,13ч",69,"3,5ч",department,Выщербина на ободе колеса грузового вагона
1,2025-06-30 19:04:06.232160310,Восточно-Сибирская,CV,"СВЕРД, ВЧДЭ-4",2025,2024,180 days 13:25:48.325554108,260005.8054259018,22.266591914725723,0.6006120887528692,Лето,3,6,0.0063081376585846,0.0027033966139579,0.0081101898418737,116.78673372298492,0,1,36,"7,33ч",20,"1,1ч",2,"7,98ч",department,Неисправность магистральной части воздухораспределителя
3,2025-07-01 00:25:31.822842414,Северная,CV,"ОКТ, ВЧДЭ-28 ВОЛХОВСТРОЙ",2025,2024,180 days 18:47:13.916236212,260327.2319372702,321.42651136839413,0.6013771996939556,Лето,3,7,0.0063633372799105,0.0027033966139579,0.0081101898418737,116.78673372298492,0,1,,,,,,,department,Разрегулирование рычажной передачи грузового вагона
1,2025-07-01 00:29:10.262944128,Восточно-Сибирская,CV,"ЗАБ, ВЧДЭ-3 КАРЫМСКАЯ",2025,2024,180 days 18:50:52.356337926,260330.8726056321,3.640668361884309,0.6021423106350421,Лето,3,7,0.0064324266329953,0.0027033966139579,0.0081101898418737,116.78673372298492,0,1,19,"6,85ч",6,"0,92ч",12,"1,37ч",department,Тонкий гребень колеса грузового вагона
3,2025-07-01 01:24:40.401772464,Южно-Уральская,CV,"КРАС, ВЧДЭ-7 КРАСНОЯРСК-ВОСТ",2025,2024,180 days 19:46:22.495166262,260386.3749194377,55.50231380562764,0.6029074215761285,Лето,3,7,0.0068374511791585,0.0027033966139579,0.0081101898418737,116.78673372298492,0,1,,,,,,,department,Несоответствие зазоров скользуна грузового вагона
1,2025-07-01 01:53:56.258441016,Южно-Уральская,CV,"З-СИБ, ВЧДЭ-23 БЕЛОВО",2025,2024,180 days 20:15:38.351834814,260415.6391972469,29.264277809183117,0.603672532517215,Лето,3,7,0.0069775358720261,0.0027033966139579,0.0081101898418737,116.78673372298492,0,1,14,"7,78ч",9,"0,6ч",3,"0,7ч",department,Тонкий гребень колеса грузового вагона
1,2025-07-01 08:08:13.805784522,Дальневосточная,CV,"СВЕРД, ВЧДЭ-4",2025,2024,181 days 02:29:55.899178320,260789.931652972,374.2924557251099,0.6044376434583014,Лето,3,7,0.0071641728826645,0.0027033966139579,0.0081101898418737,116.78673372298492,0,1,28,"23,73ч",9,"1,3ч",4,"3,45ч",department,Несоответствие момента затяжки накидной гайки установленному нормативу
2,2025-07-01 10:42:06.723033948,Куйбышевская,CV,"СВЕРД, ВЧДЭ-4",2025,2024,181 days 05:03:48.816427746,260943.81360712912,153.8819541571138,0.6052027543993879,Лето,3,7,0.0071944183029671,0.0027033966139579,0.0081101898418737,116.78673372298492,0,1,24,"12,23ч",10,"1,98ч",37,"0,98ч",department,Нарушение регулировки рычажной передачи
3,2025-07-01 16:16:40.829127624,Красноярская,CV,"Д-ВОСТ, ВЧДЭ-1 ХАБАРОВСК",2025,2024,181 days 10:38:22.922521422,261278.3820420237,334.5684348945797,0.6059678653404744,Лето,3,7,0.0072653666437539,0.0027033966139579,0.0081101898418737,116.78673372298492,0,1,,,,,,,department,Неисправность воздухораспределителя грузового вагона
3,2025-07-01 23:39:00.478234794,Красноярская,CV,"КРАС, ВЧДЭ-8 АБАКАН",2025,2024,181 days 18:00:42.571628592,261720.7095271432,442.3274851195165,0.6067329762815609,Лето,3,7,0.0081101898418737,0.0027033966139579,0.0081101898418737,116.78673372298492,1,0,,,,,,,department,Неисправность воздухораспределителя грузового вагона
1,2025-07-02 01:03:45.639915270,Октябрьская,CV,"КРАС, ВЧДЭ-7 КРАСНОЯРСК-ВОСТ",2025,2024,181 days 19:25:27.733309068,261805.46222181775,84.75269467456383,0.6074980872226473,Лето,3,7,0.0081101898418737,0.0027033966139579,0.0081101898418737,116.78673372298492,1,0,32,"4,95ч",0,,2,"15,28ч",department,Тонкий гребень колеса грузового вагона
2,2025-07-02 01:36:40.857201564,Западно-Сибирская,CV,"Ю-УР, ВЧДЭ-1 ЧЕЛЯБИНСК",2025,2024,181 days 19:58:22.950595362,261838.3825099227,32.9202881049132,0.6082631981637338,Лето,3,7,0.0081101898418737,0.0027033966139579,0.0081101898418737,116.78673372298492,1,0,15,"28,15ч",11,"1,15ч",3,"2,13ч",department,Тонкий гребень колеса грузового вагона
2,2025-07-02 02:03:13.927921656,Забайкальская,CV,"КРАС, ВЧДЭ-1 БОГОТОЛ",2025,2024,181 days 20:24:56.021315454,261864.93368859089,26.551178668189092,0.6090283091048202,Лето,3,7,0.0081101898418737,0.0027033966139579,0.0081101898418737,116.78673372298492,1,0,38,"6,18ч",8,"1,33ч",2,"37,02ч",department,Другие причины
1,2025-07-02 02:34:19.806628830,Южно-Уральская,CV,"СВЕРД, ВЧДЭ-4",2025,2024,181 days 20:56:01.900022628,261896.0316670438,31.09797845291905,0.6097934200459066,Лето,3,7,0.0081101898418737,0.0027033966139579,0.0081101898418737,116.78673372298492,1,0,12,"9,82ч",3,"1,3ч",6,"0,63ч",department,Неравномерный прокат по кругу катания колеса грузового вагона выше нормы
3,2025-07-02 05:06:21.926652396,Южно-Уральская,CV,"КРАС, ВЧДЭ-8 АБАКАН",2025,2024,181 days 23:28:04.020046194,262048.0670007699,152.03533372608945,0.6105585309869931,Лето,3,7,0.0081101898418737,0.0027033966139579,0.0081101898418737,116.78673372298492,1,0,,,,,,,department,Нарушение регулировки рычажной передачи
2,2025-07-02 05:11:27.367609566,Восточно-Сибирская,CV,"ЗАБ, ВЧДЭ-3 КАРЫМСКАЯ",2025,2024,181 days 23:33:09.461003364,262053.15768338935,5.0906826194841415,0.6113236419280795,Лето,3,7,0.0081101898418737,0.0027033966139579,0.0081101898418737,116.78673372298492,1,0,2,"4,48ч",4,"3,63ч",11,"1,92ч",department,Неплотность тормозной магистрали грузового вагона
3,2025-07-02 05:17:57.447480786,Красноярская,CV,"Ю-УР, ВЧДЭ-1 ЧЕЛЯБИНСК",2025,2024,181 days 23:39:39.540874584,262059.6590145764,6.501331187027972,0.612088752869166,Лето,3,7,0.0081101898418737,0.0027033966139579,0.0081101898418737,116.78673372298492,1,0,,,,,,,department,Тонкий гребень колеса грузового вагона
2,2025-07-02 07:13:28.418317926,Дальневосточная,CV,"З-СИБ, ВЧДЭ-25 НОВОКУЗНЕЦК",2025,2024,182 days 01:35:10.511711724,262175.1751951954,115.51618061901536,0.6128538638102525,Лето,3,7,0.0081101898418737,0.0027033966139579,0.0081101898418737,116.78673372298492,1,0,76,"4,98ч",9,"0,63ч",0,,department,Тонкий гребень колеса грузового вагона
1,2025-07-02 09:20:09.093171012,Куйбышевская,CV,"КРАС, ВЧДЭ-7 КРАСНОЯРСК-ВОСТ",2025,2024,182 days 03:41:51.186564810,262301.8531094135,126.67791421810398,0.613618974751339,Лето,3,7,0.0081101898418737,0.0027033966139579,0.0081101898418737,116.78673372298492,1,0,31,"18,45ч",4,"6,13ч",17,"3,9ч",department,Выщербина на ободе колеса грузового вагона
3,2025-07-02 11:35:05.647693464,Восточно-Сибирская,CV,"Ю-УР, ВЧДЭ-1 ЧЕЛЯБИНСК",2025,2024,182 days 05:56:47.741087262,262436.7956847877,134.9425753741525,0.6143840856924254,Лето,3,7,0.0081101898418737,0.0027033966139579,0.0081101898418737,116.78673372298492,1,0,,,,,,,department,Тонкий гребень колеса грузового вагона
3,2025-07-02 12:32:25.948305636,Октябрьская,CV,"З-СИБ, ВЧДЭ-23 БЕЛОВО",2025,2024,182 days 06:54:08.041699434,262494.13402832387,57.33834353619022,0.6151491966335119,Лето,3,7,0.0081101898418737,0.0027033966139579,0.0081101898418737,116.78673372298492,1,0,,,,,,,department,Тонкий гребень колеса грузового вагона
3,2025-07-02 15:54:35.970759636,Забайкальская,CV,"СВЕРД, ВЧДЭ-4",2025,2024,182 days 10:16:18.064153434,262696.3010692239,202.16704090003623,0.6159143075745983,Лето,3,7,0.0081101898418737,0.0027033966139579,0.0081101898418737,116.78673372298492,1,0,,,,,,,department,Неравномерный прокат по кругу катания колеса грузового вагона выше нормы
1,2025-07-02 17:28:38.978222970,Забайкальская,CV,"ОКТ, ВЧДЭ-28 ВОЛХОВСТРОЙ",2025,2024,182 days 11:50:21.071616768,262790.3511936128,94.05012438888662,0.6166794185156848,Лето,3,7,0.0081101898418737,0.0027033966139579,0.0081101898418737,116.78673372298492,1,0,76,"9,2ч",25,"0,4ч",10,"2,9ч",department,Завышение фрикционного клина гасителя колебаний относительно опорной поверхности надрессорной балки
2,2025-07-02 17:42:23.510979324,Восточно-Сибирская,CV,"ЗАБ, ВЧДЭ-3 КАРЫМСКАЯ",2025,2024,182 days 12:04:05.604373122,262804.0934062187,13.742212605895476,0.6174445294567712,Лето,3,7,0.0081101898418737,0.0027033966139579,0.0081101898418737,116.78673372298492,1,0,4,"4,1ч",1,"3,73ч",2,"4,07ч",department,Выщербина на ободе колеса грузового вагона
2,2025-07-02 20:59:03.767062925,Западно-Сибирская,CV,"Ю-УР, ВЧДЭ-1 ЧЕЛЯБИНСК",2025,2024,182 days 15:20:45.860456723,263000.7643409454,196.67093472671692,0.6182096403978576,Лето,3,7,0.0081101898418737,0.0027033966139579,0.0081101898418737,116.78673372298492,1,0,20,"3,02ч",1,"1,17ч",8,"0,53ч",department,Неравномерный прокат по кругу катания колеса грузового вагона выше нормы
1,2025-07-03 03:16:14.933822634,Дальневосточная,CV,"ОКТ, ВЧДЭ-28 ВОЛХОВСТРОЙ",2025,2024,182 days 21:37:57.027216432,263377.9504536072,377.1861126617878,0.6189747513389442,Лето,3,7,0.0081101898418737,0.0027033966139579,0.0081101898418737,116.78673372298492,1,0,32,"9,5ч",11,"3,92ч",50,"1,28ч",department,Тонкий гребень колеса грузового вагона
2,2025-07-03 03:23:52.980081906,Забайкальская,CV,"СВЕРД, ВЧДЭ-4",2025,2024,182 days 21:45:35.073475704,263385.5845579284,7.634104321186896,0.6197398622800306,Лето,3,7,0.0081101898418737,0.0027033966139579,0.0081101898418737,116.78673372298492,1,0,55,"4,82ч",14,"0,17ч",1,"1,6ч",department,Тонкий гребень колеса грузового вагона
2,2025-07-03 04:25:06.241238070,Северная,CV,"КРАС, ВЧДЭ-7 КРАСНОЯРСК-ВОСТ",2025,2024,182 days 22:46:48.334631868,263446.8055771978,61.22101926943287,0.6205049732211171,Лето,3,7,0.0081101898418737,0.0027033966139579,0.0081101898418737,116.78673372298492,1,0,30,"8,73ч",7,"3,53ч",6,"0,02ч",department,Тонкий гребень колеса грузового вагона
2,2025-07-03 05:47:31.766966724,Забайкальская,CV,"КРАС, ВЧДЭ-7 КРАСНОЯРСК-ВОСТ",2025,2024,183 days 00:09:13.860360522,263529.2310060087,82.42542881087866,0.6212700841622035,Лето,3,7,0.0081101898418737,0.0027033966139579,0.0081101898418737,116.78673372298492,1,0,21,"17,2ч",4,"1,2ч",22,"2,33ч",department,Тонкий гребень колеса грузового вагона
1,2025-07-03 06:07:03.444682638,Забайкальская,CV,"КРАС, ВЧДЭ-7 КРАСНОЯРСК-ВОСТ",2025,2024,183 days 00:28:45.538076436,263548.7589679406,19.52796193188988,0.62203519510329,Лето,3,7,0.0081101898418737,0.0027033966139579,0.0081101898418737,116.78673372298492,1,0,30,"3,9ч",5,"2,62ч",6,"8,03ч",department,Тонкий гребень колеса грузового вагона
2,2025-07-03 10:16:27.958821840,Восточно-Сибирская,CV,"Д-ВОСТ, ВЧДЭ-1 ХАБАРОВСК",2025,2024,183 days 04:38:10.052215638,263798.16753692727,249.40856898669156,0.6228003060443764,Лето,3,7,0.0081101898418737,0.0027033966139579,0.0081101898418737,116.78673372298492,1,0,10,"9,27ч",9,"1,87ч",25,"0,62ч",department,Неплотность тормозной магистрали грузового вагона
2,2025-07-03 10:57:41.026468536,Забайкальская,CV,"СВЕРД, ВЧДЭ-4",2025,2024,183 days 05:19:23.119862334,263839.3853310389,41.2177941116388,0.6235654169854629,Лето,3,7,0.0081101898418737,0.0027033966139579,0.0081101898418737,116.78673372298492,1,0,4,"0,02ч",0,,5,"2,18ч",department,Выщербина на ободе колеса грузового вагона
2,2025-07-03 14:06:04.564194972,Восточно-Сибирская,CV,"СВЕРД, ВЧДЭ-4",2025,2024,183 days 08:27:46.657588770,264027.7776264795,188.39229544060072,0.6243305279265493,Лето,3,7,0.0081101898418737,0.0027033966139579,0.0081101898418737,116.78673372298492,1,0,8,"2,82ч",2,"0,18ч",50,"3,02ч",department,Тонкий гребень колеса грузового вагона
3,2025-07-03 16:23:08.890219998,Свердловская,CV,"КРАС, ВЧДЭ-7 КРАСНОЯРСК-ВОСТ",2025,2024,183 days 10:44:50.983613796,264164.8497268966,137.0721004171064,0.6250956388676359,Лето,3,7,0.0081101898418737,0.0027033966139579,0.0081101898418737,116.78673372298492,1,0,,,,,,,department,Обрыв (излом) трубы магистрали воздухопровода и подводящих труб
1,2025-07-03 18:15:31.646191433,Восточно-Сибирская,CV,"КРАС, ВЧДЭ-1 БОГОТОЛ",2025,2024,183 days 12:37:13.739585231,264277.2289930872,112.37926619057544,0.6258607498087223,Лето,3,7,0.0081101898418737,0.0027033966139579,0.0081101898418737,116.78673372298492,1,0,13,"9,37ч",2,"11,18ч",37,"37,02ч",department,Тонкий гребень колеса грузового вагона
1,2025-07-03 18:41:50.179122420,Красноярская,CV,"СВЕРД, ВЧДЭ-4",2025,2024,183 days 13:03:32.272516218,264303.5378752703,26.308882183104288,0.6266258607498087,Лето,3,7,0.0081101898418737,0.0027033966139579,0.0081101898418737,116.78673372298492,1,0,36,"11,58ч",7,"1,2ч",25,"1,65ч",department,Несоответствие норм высоты автосцепки грузового вагона
3,2025-07-03 19:12:34.996967022,Забайкальская,CV,"ЗАБ, ВЧДЭ-3 КАРЫМСКАЯ",2025,2024,183 days 13:34:17.090360820,264334.284839347,30.746964076708537,0.6273909716908952,Лето,3,7,0.0081101898418737,0.0027033966139579,0.0081101898418737,116.78673372298492,1,0,,,,,,,department,Выщербина на ободе колеса грузового вагона
1,2025-07-03 19:18:33.849451140,Забайкальская,CV,"КРАС, ВЧДЭ-7 КРАСНОЯРСК-ВОСТ",2025,2024,183 days 13:40:15.942844938,264340.2657140823,5.98087473527994,0.6281560826319816,Лето,3,7,0.0081101898418737,0.0027033966139579,0.0081101898418737,116.78673372298492,1,0,5,"11,57ч",3,"3,33ч",3,"3,73ч",department,Выщербина на ободе колеса грузового вагона
3,2025-07-03 19:52:31.099120901,Южно-Уральская,CV,"КРАС, ВЧДЭ-8 АБАКАН",2025,2024,183 days 14:14:13.192514699,264374.219875245,33.95416116272099,0.6289211935730681,Лето,3,7,0.0081101898418737,0.0027033966139579,0.0081101898418737,116.78673372298492,1,0,,,,,,,department,Тонкий гребень колеса грузового вагона
1,2025-07-03 20:44:46.395932028,Красноярская,CV,"СВЕРД, ВЧДЭ-4",2025,2024,183 days 15:06:28.489325826,264426.4748220971,52.25494685210288,0.6296863045141545,Лето,3,7,0.0081101898418737,0.0027033966139579,0.0081101898418737,116.78673372298492,1,0,22,"3,05ч",5,"1,18ч",29,"0,32ч",department,Неисправность магистральной части воздухораспределителя
1,2025-07-04 00:25:33.671001252,Октябрьская,CV,"Д-ВОСТ, ВЧДЭ-1 ХАБАРОВСК",2025,2024,183 days 18:47:15.764395050,264647.2627399175,220.78791782038752,0.630451415455241,Лето,3,7,0.0081101898418737,0.0027033966139579,0.0081101898418737,116.78673372298492,1,0,13,"51,07ч",15,"4,65ч",8,"3,72ч",department,Несоответствие момента затяжки накидной гайки установленному нормативу
3,2025-07-04 01:21:49.615634718,Восточно-Сибирская,CV,"В-СИБ, ВЧДЭ-10 УЛАН-УДЭ",2025,2024,183 days 19:43:31.709028516,264703.5284838086,56.26574389112648,0.6312165263963274,Лето,3,7,0.0081101898418737,0.0027033966139579,0.0081101898418737,116.78673372298492,1,0,,,,,,,department,Выщербина на ободе колеса грузового вагона
1,2025-07-04 04:15:03.610416816,Забайкальская,CV,"СВЕРД, ВЧДЭ-4",2025,2024,183 days 22:36:45.703810614,264876.7617301769,173.23324636829784,0.631981637337414,Лето,3,7,0.0081101898418737,0.0027033966139579,0.0081101898418737,116.78673372298492,1,0,30,"14,42ч",15,"1,53ч",15,"0,65ч",department,Тонкий гребень колеса грузового вагона
1,2025-07-04 05:26:25.801654404,Красноярская,CV,"ЗАБ, ВЧДЭ-3 КАРЫМСКАЯ",2025,2024,183 days 23:48:07.895048202,264948.1315841367,71.36985395976808,0.6327467482785004,Лето,3,7,0.0081101898418737,0.0027033966139579,0.0081101898418737,116.78673372298492,1,0,20,"14,02ч",7,"2,83ч",7,"2,12ч",department,Тонкий гребень колеса грузового вагона
1,2025-07-04 08:35:53.019679830,Красноярская,CV,"Д-ВОСТ, ВЧДЭ-1 ХАБАРОВСК",2025,2024,184 days 02:57:35.113073628,265137.5852178938,189.4536337571335,0.6335118592195869,Лето,3,7,0.0081101898418737,0.0027033966139579,0.0081101898418737,116.78673372298492,1,0,38,"9,08ч",9,"3,13ч",70,"3,55ч",department,Технологический нагрев буксового узла
1,2025-07-04 16:17:09.925355532,Западно-Сибирская,CV,"В-СИБ, ВЧДЭ-10 УЛАН-УДЭ",2025,2024,184 days 10:38:52.018749330,265598.8669791555,461.2817612616928,0.6342769701606733,Лето,3,7,0.0081101898418737,0.0027033966139579,0.0081101898418737,116.78673372298492,1,0,22,"4,73ч",13,"10,15ч",12,"0,83ч",department,Неисправность воздухораспределителя грузового вагона
1,2025-07-04 16:50:58.694569596,Свердловская,CV,"В-СИБ, ВЧДЭ-10 УЛАН-УДЭ",2025,2024,184 days 11:12:40.787963394,265632.6797993899,33.81282023439417,0.6350420811017597,Лето,3,7,0.0081101898418737,0.0027033966139579,0.0081101898418737,116.78673372298492,1,0,28,"19,53ч",6,"1,63ч",12,"1,72ч",department,Тонкий гребень колеса грузового вагона
3,2025-07-04 20:55:28.980842724,Восточно-Сибирская,CV,"КРАС, ВЧДЭ-7 КРАСНОЯРСК-ВОСТ",2025,2024,184 days 15:17:11.074236522,265877.1845706087,244.50477121880976,0.6358071920428462,Лето,3,7,0.0081101898418737,0.0027033966139579,0.0081101898418737,116.78673372298492,1,0,,,,,,,department,Тонкий гребень колеса грузового вагона
2,2025-07-04 22:55:22.862838834,Красноярская,CV,"ЗАБ, ВЧДЭ-3 КАРЫМСКАЯ",2025,2024,184 days 17:17:04.956232632,265997.0826038772,119.89803326845868,0.6365723029839326,Лето,3,7,0.0081101898418737,0.0027033966139579,0.0081101898418737,116.78673372298492,1,0,28,"0,58ч",9,"2,8ч",7,"0,15ч",department,Тонкий гребень колеса грузового вагона
2,2025-07-05 02:24:58.734232512,Западно-Сибирская,CV,"КРАС, ВЧДЭ-7 КРАСНОЯРСК-ВОСТ",2025,2024,184 days 20:46:40.827626310,266206.6804604385,209.59785656130407,0.6373374139250191,Лето,3,7,0.0081101898418737,0.0027033966139579,0.0081101898418737,116.78673372298492,1,0,17,"9,73ч",14,"2,27ч",6,"0,05ч",department,Выщербина на ободе колеса грузового вагона
2,2025-07-05 04:34:59.021953260,Забайкальская,CV,"СВЕРД, ВЧДЭ-4",2025,2024,184 days 22:56:41.115347058,266336.6852557843,130.004795345827,0.6381025248661056,Лето,3,7,0.0081101898418737,0.0027033966139579,0.0081101898418737,116.78673372298492,1,0,15,"8,9ч",4,"1,18ч",7,"0,37ч",department,Неравномерный прокат по кругу катания колеса грузового вагона выше нормы
3,2025-07-05 05:42:59.518009950,Западно-Сибирская,CV,"Ю-УР, ВЧДЭ-1 ЧЕЛЯБИНСК",2025,2024,185 days 00:04:41.611403748,266404.6935233958,68.00826761149801,0.6388676358071921,Лето,3,7,0.0081101898418737,0.0027033966139579,0.0081101898418737,116.78673372298492,1,0,,,,,,,department,Тонкий гребень колеса грузового вагона
2,2025-07-05 06:14:54.648066324,Восточно-Сибирская,CV,"СВЕРД, ВЧДЭ-4",2025,2024,185 days 00:36:36.741460122,266436.6123576687,31.91883427288849,0.6396327467482785,Лето,3,7,0.0081101898418737,0.0027033966139579,0.0081101898418737,116.78673372298492,1,0,6,"3,53ч",0,,24,"0,97ч",department,Нарушение регулировки рычажной передачи
1,2025-07-05 06:23:51.813570474,Забайкальская,CV,"КРАС, ВЧДЭ-7 КРАСНОЯРСК-ВОСТ",2025,2024,185 days 00:45:33.906964272,266445.5651160712,8.952758402505424,0.640397857689365,Лето,3,7,0.0081101898418737,0.0027033966139579,0.0081101898418737,116.78673372298492,1,0,8,"4,77ч",16,"0,57ч",4,"1,55ч",department,Тонкий гребень колеса грузового вагона
2,2025-07-05 07:58:24.923121078,Куйбышевская,CV,"КРАС, ВЧДЭ-7 КРАСНОЯРСК-ВОСТ",2025,2024,185 days 02:20:07.016514876,266540.1169419146,94.55182584340218,0.6411629686304514,Лето,3,7,0.0081101898418737,0.0027033966139579,0.0081101898418737,116.78673372298492,1,0,18,"1,3ч",16,"0,43ч",4,"1,95ч",department,Излом рычагов и тормозных тяг грузового вагона
2,2025-07-05 17:30:19.704399630,Свердловская,CV,"В-СИБ, ВЧДЭ-13 ТАЙШЕТ",2025,2024,185 days 11:52:01.797793428,267112.0299632238,571.9130213091848,0.6419280795715379,Лето,3,7,0.0081101898418737,0.0027033966139579,0.0081101898418737,116.78673372298492,1,0,11,"12,9ч",20,"3,78ч",70,"1,05ч",department,Тонкий гребень колеса грузового вагона
3,2025-07-05 20:15:29.980547490,Восточно-Сибирская,CV,"В-СИБ, ВЧДЭ-13 ТАЙШЕТ",2025,2024,185 days 14:37:12.073941288,267277.2012323548,165.17126913100947,0.6426931905126243,Лето,3,7,0.0081101898418737,0.0027033966139579,0.0081101898418737,116.78673372298492,1,0,,,,,,,department,Технологический нагрев буксового узла
1,2025-07-05 21:04:23.501390220,Южно-Уральская,CV,"СВЕРД, ВЧДЭ-4",2025,2024,185 days 15:26:05.594784018,267326.0932464003,48.89201404550113,0.6434583014537107,Лето,3,7,0.0081101898418737,0.0027033966139579,0.0081101898418737,116.78673372298492,1,0,12,"4,07ч",9,"0,13ч",26,"0,57ч",department,Выщербина на ободе колеса грузового вагона
1,2025-07-06 00:40:51.963328902,Дальневосточная,CV,"КРАС, ВЧДЭ-7 КРАСНОЯРСК-ВОСТ",2025,2024,185 days 19:02:34.056722700,267542.56761204504,216.474365644739,0.6442234123947972,Лето,3,7,0.0081101898418737,0.0027033966139579,0.0081101898418737,116.78673372298492,1,0,12,"18,7ч",25,"2,15ч",11,"8,45ч",department,Выщербина на ободе колеса грузового вагона
1,2025-07-06 03:41:32.165613600,Западно-Сибирская,CV,"З-СИБ, ВЧДЭ-6 ИНСКАЯ",2025,2024,185 days 22:03:14.259007398,267723.2376501233,180.6700380782713,0.6449885233358837,Лето,3,7,0.0081101898418737,0.0027033966139579,0.0081101898418737,116.78673372298492,1,0,24,"30,15ч",25,"2,88ч",8,"1,32ч",department,Несоответствие момента затяжки накидной гайки установленному нормативу
3,2025-07-06 04:22:19.298862474,Свердловская,CV,"СВЕРД, ВЧДЭ-4",2025,2024,185 days 22:44:01.392256272,267764.0232042712,40.785554147849325,0.6457536342769702,Лето,3,7,0.0081101898418737,0.0027033966139579,0.0081101898418737,116.78673372298492,1,0,,,,,,,department,Тонкий гребень колеса грузового вагона
3,2025-07-06 04:24:05.911623012,Восточно-Сибирская,CV,"КРАС, ВЧДЭ-7 КРАСНОЯРСК-ВОСТ",2025,2024,185 days 22:45:48.005016810,267765.8000836135,1.7768793423310854,0.6465187452180566,Лето,3,7,0.0081101898418737,0.0027033966139579,0.0081101898418737,116.78673372298492,1,0,,,,,,,department,Неисправность воздухораспределителя грузового вагона
2,2025-07-06 04:39:36.205289580,Северная,CV,"КРАС, ВЧДЭ-7 КРАСНОЯРСК-ВОСТ",2025,2024,185 days 23:01:18.298683378,267781.3049780563,15.504894442798104,0.6472838561591431,Лето,3,7,0.0081101898418737,0.0027033966139579,0.0081101898418737,116.78673372298492,1,0,22,"1,82ч",0,,22,"4,07ч",department,Выщербина на ободе колеса грузового вагона
3,2025-07-06 08:58:17.889148296,Южно-Уральская,CV,"ЗАБ, ВЧДЭ-7 БЕЛОГОРСК",2025,2024,186 days 03:19:59.982542094,268039.9997090349,258.69473097863374,0.6480489671002295,Лето,3,7,0.0081101898418737,0.0027033966139579,0.0081101898418737,116.78673372298492,1,0,,,,,,,department,Тонкий гребень колеса грузового вагона
3,2025-07-06 12:41:38.275097322,Красноярская,CV,"ЗАБ, ВЧДЭ-7 БЕЛОГОРСК",2025,2024,186 days 07:03:20.368491120,268263.339474852,223.3397658171016,0.648814078041316,Лето,3,7,0.0081101898418737,0.0027033966139579,0.0081101898418737,116.78673372298492,1,0,,,,,,,department,Несоответствие зазоров скользуна грузового вагона
2,2025-07-06 13:24:46.529987202,Западно-Сибирская,CV,"КРАС, ВЧДЭ-7 КРАСНОЯРСК-ВОСТ",2025,2024,186 days 07:46:28.623381,268306.47705635,43.13758149795467,0.6495791889824024,Лето,3,7,0.0081101898418737,0.0027033966139579,0.0081101898418737,116.78673372298492,1,0,14,"5,4ч",8,"0,38ч",9,"1,08ч",department,Неисправность воздухораспределителя грузового вагона
3,2025-07-06 14:06:10.413375888,Забайкальская,CV,"СВЕРД, ВЧДЭ-4",2025,2024,186 days 08:27:52.506769686,268347.8751128281,41.39805647812318,0.6503442999234889,Лето,3,7,0.0081101898418737,0.0027033966139579,0.0081101898418737,116.78673372298492,1,0,,,,,,,department,Технологический нагрев буксового узла
3,2025-07-06 17:20:17.867944572,Октябрьская,CV,"КРАС, ВЧДЭ-7 КРАСНОЯРСК-ВОСТ",2025,2024,186 days 11:41:59.961338370,268541.9993556395,194.1242428114056,0.6511094108645754,Лето,3,7,0.0081101898418737,0.0027033966139579,0.0081101898418737,116.78673372298492,1,0,,,,,,,department,Тонкий гребень колеса грузового вагона
3,2025-07-06 23:02:37.920874560,Южно-Уральская,CV,"В-СИБ, ВЧДЭ-10 УЛАН-УДЭ",2025,2024,186 days 17:24:20.014268358,268884.3335711393,342.33421549980994,0.6518745218056619,Лето,3,7,0.0081101898418737,0.0027033966139579,0.0081101898418737,116.78673372298492,1,0,,,,,,,department,Технологический нагрев буксового узла
3,2025-07-07 02:08:50.634741954,Дальневосточная,CV,"СВЕРД, ВЧДЭ-4",2025,2024,186 days 20:30:32.728135752,269070.5454689292,186.2118977898499,0.6526396327467483,Лето,3,7,0.0081101898418737,0.0027033966139579,0.0081101898418737,116.78673372298492,1,0,,,,,,,department,Неплотность тормозной магистрали грузового вагона
2,2025-07-07 04:03:33.351015168,Забайкальская,CV,"СВЕРД, ВЧДЭ-4",2025,2024,186 days 22:25:15.444408966,269185.2574068161,114.71193788695382,0.6534047436878347,Лето,3,7,0.0081101898418737,0.0027033966139579,0.0081101898418737,116.78673372298492,1,0,10,"11,57ч",10,"5,75ч",9,"18,77ч",department,Завышение фрикционного клина гасителя колебаний относительно опорной поверхности надрессорной балки
2,2025-07-07 04:37:49.712044920,Дальневосточная,CV,"В-СИБ, ВЧДЭ-10 УЛАН-УДЭ",2025,2024,186 days 22:59:31.805438718,269219.5300906453,34.27268382918555,0.6541698546289212,Лето,3,7,0.0081101898418737,0.0027033966139579,0.0081101898418737,116.78673372298492,1,0,26,"2,35ч",5,"0,68ч",37,"0,22ч",department,Тонкий гребень колеса грузового вагона
1,2025-07-07 06:09:48.815442486,Восточно-Сибирская,CV,"СВЕРД, ВЧДЭ-4",2025,2024,187 days 00:31:30.908836284,269311.5151472714,91.9850566260866,0.6549349655700076,Лето,3,7,0.0081101898418737,0.0027033966139579,0.0081101898418737,116.78673372298492,1,0,24,"1,75ч",26,"1,85ч",11,"2,08ч",department,Тонкий гребень колеса грузового вагона
3,2025-07-07 06:42:36.237096492,Октябрьская,CV,"КРАС, ВЧДЭ-7 КРАСНОЯРСК-ВОСТ",2025,2024,187 days 01:04:18.330490290,269344.3055081715,32.79036090010777,0.6557000765110941,Лето,3,7,0.0081101898418737,0.0027033966139579,0.0081101898418737,116.78673372298492,1,0,,,,,,,department,Ослабление (разрушение) торцевого крепления
1,2025-07-07 10:06:05.465885736,Восточно-Сибирская,CV,"Д-ВОСТ, ВЧДЭ-1 ХАБАРОВСК",2025,2024,187 days 04:27:47.559279534,269547.7926546589,203.48714648740133,0.6564651874521805,Лето,3,7,0.0081101898418737,0.0027033966139579,0.0081101898418737,116.78673372298492,1,0,5,"24,28ч",15,"1,92ч",2,"1,72ч",department,Неравномерный прокат по кругу катания колеса грузового вагона выше нормы
2,2025-07-07 11:06:25.555152114,Свердловская,CV,"КРАС, ВЧДЭ-7 КРАСНОЯРСК-ВОСТ",2025,2024,187 days 05:28:07.648545912,269608.1274757652,60.334821106283925,0.6572302983932671,Лето,3,7,0.0081101898418737,0.0027033966139579,0.0081101898418737,116.78673372298492,1,0,34,"10,4ч",2,"2,62ч",18,"3,72ч",department,Технологический нагрев буксового узла
3,2025-07-07 14:47:37.341828240,Дальневосточная,CV,"В-СИБ, ВЧДЭ-10 УЛАН-УДЭ",2025,2024,187 days 09:09:19.435222038,269829.3239203673,221.1964446021011,0.6579954093343535,Лето,3,7,0.0081101898418737,0.0027033966139579,0.0081101898418737,116.78673372298492,1,0,,,,,,,department,Неравномерный прокат по кругу катания колеса грузового вагона выше нормы
2,2025-07-07 15:46:53.125582056,Забайкальская,CV,"ОКТ, ВЧДЭ-28 ВОЛХОВСТРОЙ",2025,2024,187 days 10:08:35.218975854,269888.5869829309,59.2630625636084,0.65876052027544,Лето,3,7,0.0081101898418737,0.0027033966139579,0.0081101898418737,116.78673372298492,1,0,76,"7,45ч",25,"0,7ч",0,,department,Тонкий гребень колеса грузового вагона
3,2025-07-07 19:21:11.916102582,Дальневосточная,CV,"КРАС, ВЧДЭ-7 КРАСНОЯРСК-ВОСТ",2025,2024,187 days 13:42:54.009496380,270102.900158273,214.31317534210396,0.6595256312165264,Лето,3,7,0.0081101898418737,0.0027033966139579,0.0081101898418737,116.78673372298492,1,0,,,,,,,department,Тонкий гребень колеса грузового вагона
2,2025-07-07 20:11:11.415539946,Восточно-Сибирская,CV,"ЗАБ, ВЧДЭ-3 КАРЫМСКАЯ",2025,2024,187 days 14:32:53.508933744,270152.8918155624,49.99165728938533,0.6602907421576129,Лето,3,7,0.0081101898418737,0.0027033966139579,0.0081101898418737,116.78673372298492,1,0,30,"13,65ч",7,"0,07ч",10,"2,07ч",department,Неравномерный прокат по кругу катания колеса грузового вагона выше нормы
1,2025-07-07 21:22:42.724427970,Южно-Уральская,CV,"ОКТ, ВЧДЭ-28 ВОЛХОВСТРОЙ",2025,2024,187 days 15:44:24.817821768,270224.4136303628,71.52181480039144,0.6610558530986993,Лето,3,7,0.0081101898418737,0.0027033966139579,0.0081101898418737,116.78673372298492,1,0,39,"13,97ч",26,"3,38ч",7,"2,77ч",department,Тонкий гребень колеса грузового вагона
3,2025-07-07 23:20:33.691128234,Западно-Сибирская,CV,"В-СИБ, ВЧДЭ-10 УЛАН-УДЭ",2025,2024,187 days 17:42:15.784522032,270342.2630753672,117.8494450044236,0.6618209640397857,Лето,3,7,0.0081101898418737,0.0027033966139579,0.0081101898418737,116.78673372298492,1,0,,,,,,,department,Тонкий гребень колеса грузового вагона
1,2025-07-07 23:29:32.864719620,Свердловская,CV,"З-СИБ, ВЧДЭ-25 НОВОКУЗНЕЦК",2025,2024,187 days 17:51:14.958113418,270351.2493018903,8.986226523120422,0.6625860749808722,Лето,3,7,0.0081101898418737,0.0027033966139579,0.0081101898418737,116.78673372298492,1,0,24,"2,88ч",15,"80,4ч",1,"1,62ч",department,Тонкий гребень колеса грузового вагона
3,2025-07-08 05:34:34.952280198,Западно-Сибирская,CV,"СВЕРД, ВЧДЭ-4",2025,2024,187 days 23:56:17.045673996,270716.2840945666,365.034792676277,0.6633511859219586,Лето,3,7,0.0081101898418737,0.0027033966139579,0.0081101898418737,116.78673372298492,1,0,,,,,,,department,Тонкий гребень колеса грузового вагона
3,2025-07-08 07:19:41.026435434,Южно-Уральская,CV,"КРАС, ВЧДЭ-7 КРАСНОЯРСК-ВОСТ",2025,2024,188 days 01:41:23.119829232,270821.3853304872,105.10123592062156,0.6641162968630452,Лето,3,7,0.0081101898418737,0.0027033966139579,0.0081101898418737,116.78673372298492,1,0,,,,,,,department,Технологический нагрев буксового узла
3,2025-07-08 08:47:05.619862296,Южно-Уральская,CV,"З-СИБ, ВЧДЭ-23 БЕЛОВО",2025,2024,188 days 03:08:47.713256094,270908.7952209349,87.40989044768503,0.6648814078041316,Лето,3,7,0.0081101898418737,0.0027033966139579,0.0081101898418737,116.78673372298492,1,0,,,,,,,department,Несоответствие зазоров скользуна грузового вагона
1,2025-07-08 12:32:35.273106696,Восточно-Сибирская,CV,"З-СИБ, ВЧДЭ-25 НОВОКУЗНЕЦК",2025,2024,188 days 06:54:17.366500494,271134.2894416749,225.4942207399872,0.6656465187452181,Лето,3,7,0.0081101898418737,0.0027033966139579,0.0081101898418737,116.78673372298492,1,0,37,"7,08ч",0,,31,"2,02ч",department,Несоответствие момента затяжки накидной гайки установленному нормативу
1,2025-07-08 16:40:11.741906310,Красноярская,CV,"В-СИБ, ВЧДЭ-13 ТАЙШЕТ",2025,2024,188 days 11:01:53.835300108,271381.8972550018,247.60781332693296,0.6664116296863045,Лето,3,7,0.0081101898418737,0.0027033966139579,0.0081101898418737,116.78673372298492,1,0,14,"2,67ч",3,"0,3ч",31,"1,1ч",department,Тонкий гребень колеса грузового вагона
1,2025-07-08 21:13:26.438943486,Восточно-Сибирская,CV,"Д-ВОСТ, ВЧДЭ-1 ХАБАРОВСК",2025,2024,188 days 15:35:08.532337284,271655.1422056214,273.2449506195844,0.667176740627391,Лето,3,7,0.0027033966139579,0.0027033966139579,0.0081101898418737,116.78673372298492,0,0,8,"4,5ч",26,"1,63ч",5,"1,18ч",department,Тонкий гребень колеса грузового вагона
2,2025-07-09 13:22:55.391300748,Красноярская,CV,"СВЕРД, ВЧДЭ-4",2025,2024,189 days 07:44:37.484694546,272624.6247449091,969.48253928771,0.6679418515684774,Лето,3,7,0.0027033966139579,0.0027033966139579,0.0081101898418737,116.78673372298492,0,0,41,"24,65ч",26,"0,67ч",7,"1,55ч",department,Выщербина на ободе колеса грузового вагона
1,2025-07-09 13:47:40.818734838,Западно-Сибирская,CV,"КРАС, ВЧДЭ-7 КРАСНОЯРСК-ВОСТ",2025,2024,189 days 08:09:22.912128636,272649.3818688106,24.75712390150875,0.6687069625095639,Лето,3,7,0.0027033966139579,0.0027033966139579,0.0081101898418737,116.78673372298492,0,0,10,"7,28ч",10,"0,97ч",18,"1,7ч",department,Неисправность воздухораспределителя грузового вагона
2,2025-07-09 14:32:07.794472122,Свердловская,CV,"КРАС, ВЧДЭ-7 КРАСНОЯРСК-ВОСТ",2025,2024,189 days 08:53:49.887865920,272693.831464432,44.44959562137956,0.6694720734506503,Лето,3,7,0.0027033966139579,0.0027033966139579,0.0081101898418737,116.78673372298492,0,0,8,"10,2ч",0,,2,"0,73ч",department,Тонкий гребень колеса грузового вагона
1,2025-07-09 20:08:06.731563236,Восточно-Сибирская,CV,"СВЕРД, ВЧДЭ-4",2025,2024,189 days 14:29:48.824957034,273029.8137492839,335.9822848518961,0.6702371843917369,Лето,3,7,0.0027033966139579,0.0027033966139579,0.0081101898418737,116.78673372298492,0,0,17,"7,47ч",9,"0,93ч",3,"1,22ч",department,Неравномерный прокат по кругу катания колеса грузового вагона выше нормы
2,2025-07-09 22:49:46.922753418,Северная,CV,"З-СИБ, ВЧДЭ-25 НОВОКУЗНЕЦК",2025,2024,189 days 17:11:29.016147216,273191.4836024536,161.66985316970386,0.6710022953328233,Лето,3,7,0.0027033966139579,0.0027033966139579,0.0081101898418737,116.78673372298492,0,0,25,"1,63ч",16,"0,43ч",29,"9,12ч",department,Тонкий гребень колеса грузового вагона
2,2025-07-10 02:40:37.083454014,Южно-Уральская,CV,"З-СИБ, ВЧДЭ-25 НОВОКУЗНЕЦК",2025,2024,189 days 21:02:19.176847812,273422.3196141302,230.83601167658344,0.6717674062739097,Лето,3,7,0.0027033966139579,0.0027033966139579,0.0081101898418737,116.78673372298492,0,0,30,"6,08ч",25,"2,83ч",2,"1,95ч",department,Выщербина на ободе колеса грузового вагона
1,2025-07-10 05:07:41.866923750,Свердловская,CV,"Д-ВОСТ, ВЧДЭ-1 ХАБАРОВСК",2025,2024,189 days 23:29:23.960317548,273569.3993386258,147.0797244955902,0.6725325172149962,Лето,3,7,0.0027033966139579,0.0027033966139579,0.0081101898418737,116.78673372298492,0,0,39,"1,08ч",4,"1,3ч",3,"1,07ч",department,Тонкий гребень колеса грузового вагона
3,2025-07-10 08:19:34.768490340,Восточно-Сибирская,CV,"ЗАБ, ВЧДЭ-7 БЕЛОГОРСК",2025,2024,190 days 02:41:16.861884138,273761.2810314023,191.88169277651468,0.6732976281560826,Лето,3,7,0.0027033966139579,0.0027033966139579,0.0081101898418737,116.78673372298492,0,0,,,,,,,department,Выщербина на ободе колеса грузового вагона
1,2025-07-10 18:59:22.243539642,Дальневосточная,CV,"КРАС, ВЧДЭ-7 КРАСНОЯРСК-ВОСТ",2025,2024,190 days 13:21:04.336933440,274401.072282224,639.7912508217269,0.6740627390971691,Лето,3,7,0.0027033966139579,0.0027033966139579,0.0081101898418737,116.78673372298492,0,0,5,"2,77ч",2,"3,58ч",31,"1,58ч",department,Неплотность тормозной магистрали грузового вагона
2,2025-07-11 00:32:19.618626600,Северная,CV,"КРАС, ВЧДЭ-7 КРАСНОЯРСК-ВОСТ",2025,2024,190 days 18:54:01.712020398,274734.02853367326,332.9562514492427,0.6748278500382555,Лето,3,7,0.0027033966139579,0.0027033966139579,0.0081101898418737,116.78673372298492,0,0,41,"0,62ч",1,"8,77ч",3,"0,4ч",department,Тонкий гребень колеса грузового вагона
3,2025-07-12 13:06:17.148540168,Восточно-Сибирская,CV,"КРАС, ВЧДЭ-8 АБАКАН",2025,2024,192 days 07:27:59.241933966,276927.9873655661,2193.9588318928145,0.675592960979342,Лето,3,7,0.0027033966139579,0.0027033966139579,0.0081101898418737,116.78673372298492,0,0,,,,,,,department,Несоответствие момента затяжки накидной гайки установленному нормативу
2,2025-07-12 22:38:07.233557154,Красноярская,CV,"КРАС, ВЧДЭ-7 КРАСНОЯРСК-ВОСТ",2025,2024,192 days 16:59:49.326950952,277499.8221158492,571.834750283102,0.6763580719204285,Лето,3,7,0.0027033966139579,0.0027033966139579,0.0081101898418737,116.78673372298492,0,0,56,"0,35ч",15,"1,92ч",0,,department,Тонкий гребень колеса грузового вагона
3,2025-07-13 00:36:23.765298990,Восточно-Сибирская,CV,"Д-ВОСТ, ВЧДЭ-1 ХАБАРОВСК",2025,2024,192 days 18:58:05.858692788,277618.0976448798,118.27552903059404,0.677123182861515,Лето,3,7,0.0027033966139579,0.0027033966139579,0.0081101898418737,116.78673372298492,0,0,,,,,,,department,Технологический нагрев буксового узла
3,2025-07-13 02:29:57.286746690,Красноярская,CV,"КРАС, ВЧДЭ-7 КРАСНОЯРСК-ВОСТ",2025,2024,192 days 20:51:39.380140488,277731.6563356748,113.55869079503464,0.6778882938026014,Лето,3,7,0.0027033966139579,0.0027033966139579,0.0081101898418737,116.78673372298492,0,0,,,,,,,department,Разрегулирование рычажной передачи грузового вагона
1,2025-07-13 05:01:21.856834686,Красноярская,CV,"З-СИБ, ВЧДЭ-12 ВХОДНАЯ",2025,2024,192 days 23:23:03.950228484,277883.0658371414,151.40950146660907,0.6786534047436878,Лето,3,7,0.0027033966139579,0.0027033966139579,0.0081101898418737,116.78673372298492,0,0,56,"16,2ч",16,"0,97ч",4,"2,22ч",department,Тонкий гребень колеса грузового вагона
1,2025-07-13 16:26:51.528470688,Октябрьская,CV,"СВЕРД, ВЧДЭ-4",2025,2024,193 days 10:48:33.621864486,278568.5603644081,685.4945272667101,0.6794185156847743,Лето,3,7,0.0027033966139579,0.0027033966139579,0.0081101898418737,116.78673372298492,0,0,21,"1,02ч",3,"1,83ч",31,"0,65ч",department,Неравномерный прокат по кругу катания колеса грузового вагона выше нормы
3,2025-07-13 16:37:05.575401774,Забайкальская,CV,"В-СИБ, ВЧДЭ-10 УЛАН-УДЭ",2025,2024,193 days 10:58:47.668795572,278578.79447992623,10.234115518105682,0.6801836266258607,Лето,3,7,0.0027033966139579,0.0027033966139579,0.0081101898418737,116.78673372298492,0,0,,,,,,,department,Тонкий гребень колеса грузового вагона
1,2025-07-13 18:13:51.609579810,Красноярская,CV,"КРАС, ВЧДЭ-7 КРАСНОЯРСК-ВОСТ",2025,2024,193 days 12:35:33.702973608,278675.5617162268,96.7672363005695,0.6809487375669472,Лето,3,7,0.0027033966139579,0.0027033966139579,0.0081101898418737,116.78673372298492,0,0,16,"10,52ч",10,"2,93ч",12,"1,48ч",department,Неисправность воздухораспределителя грузового вагона
2,2025-07-14 08:44:15.245812428,Южно-Уральская,CV,"ЗАБ, ВЧДЭ-3 КАРЫМСКАЯ",2025,2024,194 days 03:05:57.339206226,279545.9556534371,870.3939372103196,0.6817138485080336,Лето,3,7,0.0027033966139579,0.0027033966139579,0.0081101898418737,116.78673372298492,0,0,0,,7,"2,85ч",15,"0,85ч",department,Выщербина на ободе колеса грузового вагона
2,2025-07-14 15:02:03.697923744,Свердловская,CV,"В-СИБ, ВЧДЭ-10 УЛАН-УДЭ",2025,2024,194 days 09:23:45.791317542,279923.7631886257,377.8075351885636,0.6824789594491201,Лето,3,7,0.0027033966139579,0.0027033966139579,0.0081101898418737,116.78673372298492,0,0,21,"2,93ч",1,"1,23ч",70,"0,67ч",department,Тонкий гребень колеса грузового вагона
1,2025-07-14 16:37:13.813310394,Октябрьская,CV,"КРАС, ВЧДЭ-1 БОГОТОЛ",2025,2024,194 days 10:58:55.906704192,280018.9317784032,95.1685897774878,0.6832440703902066,Лето,3,7,0.0027033966139579,0.0027033966139579,0.0081101898418737,116.78673372298492,0,0,18,"5,8ч",5,"0,7ч",69,"1,7ч",department,Тонкий гребень колеса грузового вагона
3,2025-07-14 18:08:43.923725496,Восточно-Сибирская,CV,"В-СИБ, ВЧДЭ-13 ТАЙШЕТ",2025,2024,194 days 12:30:26.017119294,280110.43361865485,91.50184025167256,0.6840091813312931,Лето,3,7,0.0027033966139579,0.0027033966139579,0.0081101898418737,116.78673372298492,0,0,,,,,,,department,Тонкий гребень колеса грузового вагона
1,2025-07-15 06:22:59.405098782,Восточно-Сибирская,CV,"З-СИБ, ВЧДЭ-25 НОВОКУЗНЕЦК",2025,2024,195 days 00:44:41.498492580,280844.691641543,734.2580228881561,0.6847742922723795,Лето,3,7,0.0027033966139579,0.0027033966139579,0.0081101898418737,116.78673372298492,0,0,16,"15,62ч",6,"0,37ч",1,"1,58ч",department,Технологический нагрев буксового узла
3,2025-07-15 20:12:19.720582698,Восточно-Сибирская,CV,"ЗАБ, ВЧДЭ-3 КАРЫМСКАЯ",2025,2024,195 days 14:34:01.813976496,281674.0302329416,829.3385913986131,0.685539403213466,Лето,3,7,0.0027033966139579,0.0027033966139579,0.0081101898418737,116.78673372298492,0,0,,,,,,,department,Тонкий гребень колеса грузового вагона
1,2025-07-15 22:01:46.802652912,Южно-Уральская,CV,"Ю-УР, ВЧДЭ-1 ЧЕЛЯБИНСК",2025,2024,195 days 16:23:28.896046710,281783.48160077847,109.45136783685302,0.6863045141545524,Лето,3,7,0.0027033966139579,0.0027033966139579,0.0081101898418737,116.78673372298492,0,0,37,"5,62ч",0,,70,"0,58ч",department,Тонкий гребень колеса грузового вагона
2,2025-07-16 01:23:36.179894262,Восточно-Сибирская,CV,"ЗАБ, ВЧДЭ-3 КАРЫМСКАЯ",2025,2024,195 days 19:45:18.273288060,281985.304554801,201.8229540225584,0.6870696250956388,Лето,3,7,0.0027033966139579,0.0027033966139579,0.0081101898418737,116.78673372298492,0,0,0,,14,"2,77ч",22,"1,08ч",department,Тонкий гребень колеса грузового вагона
1,2025-07-16 12:29:11.779208046,Южно-Уральская,CV,"КРАС, ВЧДЭ-8 АБАКАН",2025,2024,196 days 06:50:53.872601844,282650.8978766974,665.593321896391,0.6878347360367253,Лето,3,7,0.0027033966139579,0.0027033966139579,0.0081101898418737,116.78673372298492,0,0,23,"15,62ч",4,"0,72ч",37,"1,22ч",department,Тонкий гребень колеса грузового вагона
2,2025-07-16 21:34:27.639352812,Южно-Уральская,CV,"ЗАБ, ВЧДЭ-7 БЕЛОГОРСК",2025,2024,196 days 15:56:09.732746610,283196.1622124435,545.264335746062,0.6885998469778117,Лето,3,7,0.0027033966139579,0.0027033966139579,0.0081101898418737,116.78673372298492,0,0,118,"14,13ч",8,"1,45ч",0,,department,Тонкий гребень колеса грузового вагона
2,2025-07-17 07:56:28.637499534,Восточно-Сибирская,CV,"КРАС, ВЧДЭ-7 КРАСНОЯРСК-ВОСТ",2025,2024,197 days 02:18:10.730893332,283818.1788482222,622.0166357787093,0.6893649579188983,Лето,3,7,0.0027033966139579,0.0027033966139579,0.0081101898418737,116.78673372298492,0,0,31,"24,45ч",16,"0,17ч",0,,department,Неравномерный прокат по кругу катания колеса грузового вагона выше нормы
1,2025-07-17 12:26:44.629438404,Забайкальская,CV,"ОКТ, ВЧДЭ-28 ВОЛХОВСТРОЙ",2025,2024,197 days 06:48:26.722832202,284088.4453805367,270.26653231453383,0.6901300688599847,Лето,3,7,0.0027033966139579,0.0027033966139579,0.0081101898418737,116.78673372298492,0,0,15,"10,07ч",3,"3,17ч",4,"0,88ч",department,Несоответствие зазоров скользуна грузового вагона
2,2025-07-18 03:23:52.626844764,Восточно-Сибирская,CV,"ЗАБ, ВЧДЭ-3 КАРЫМСКАЯ",2025,2024,197 days 21:45:34.720238562,284985.5786706427,897.133290105965,0.6908951798010712,Лето,3,7,0.0027033966139579,0.0027033966139579,0.0081101898418737,116.78673372298492,0,0,13,"12,67ч",26,"1,87ч",15,"1,07ч",department,Тонкий гребень колеса грузового вагона
2,2025-07-18 05:49:47.241880710,Забайкальская,CV,"КРАС, ВЧДЭ-1 БОГОТОЛ",2025,2024,198 days 00:11:29.335274508,285131.4889212418,145.9102505990886,0.6916602907421576,Лето,3,7,0.0027033966139579,0.0027033966139579,0.0081101898418737,116.78673372298492,0,0,15,"2,6ч",8,"3,97ч",31,"0,58ч",department,Тонкий гребень колеса грузового вагона
3,2025-07-18 06:52:49.139109240,Западно-Сибирская,CV,"КРАС, ВЧДЭ-7 КРАСНОЯРСК-ВОСТ",2025,2024,198 days 01:14:31.232503038,285194.5205417173,63.03162047552178,0.6924254016832441,Лето,3,7,0.0027033966139579,0.0027033966139579,0.0081101898418737,116.78673372298492,0,0,,,,,,,department,Нарушение регулировки рычажной передачи
1,2025-07-18 14:29:06.090212568,Южно-Уральская,CV,"В-СИБ, ВЧДЭ-10 УЛАН-УДЭ",2025,2024,198 days 08:50:48.183606366,285650.8030601061,456.2825183888199,0.6931905126243305,Лето,3,7,0.0027033966139579,0.0027033966139579,0.0081101898418737,116.78673372298492,0,0,14,"6,23ч",25,"4,87ч",70,"1,92ч",department,Тонкий гребень колеса грузового вагона
2,2025-07-18 19:15:49.477816296,Дальневосточная,CV,"СВЕРД, ВЧДЭ-4",2025,2024,198 days 13:37:31.571210094,285937.5261868349,286.72312672878616,0.693955623565417,Лето,3,7,0.0027033966139579,0.0027033966139579,0.0081101898418737,116.78673372298492,0,0,38,"18,58ч",6,"2,08ч",22,"0,82ч",department,Технологический нагрев буксового узла
1,2025-07-19 07:09:03.838789716,Восточно-Сибирская,CV,"ЗАБ, ВЧДЭ-7 БЕЛОГОРСК",2025,2024,199 days 01:30:45.932183514,286650.76553639193,713.2393495570286,0.6947207345065034,Лето,3,7,0.0027033966139579,0.0027033966139579,0.0081101898418737,116.78673372298492,0,0,35,"1,22ч",1,"1,8ч",31,"18,77ч",department,Неплотность тормозной магистрали грузового вагона
2,2025-07-19 07:40:22.419012090,Дальневосточная,CV,"КРАС, ВЧДЭ-7 КРАСНОЯРСК-ВОСТ",2025,2024,199 days 02:02:04.512405888,286682.0752067648,31.30967037286609,0.6954858454475898,Лето,3,7,0.0027033966139579,0.0027033966139579,0.0081101898418737,116.78673372298492,0,0,12,"7,77ч",9,"1,58ч",26,"0,6ч",department,Тонкий гребень колеса грузового вагона
3,2025-07-19 19:06:53.476899264,Забайкальская,CV,"ЗАБ, ВЧДЭ-3 КАРЫМСКАЯ",2025,2024,199 days 13:28:35.570293062,287368.5928382177,686.5176314528799,0.6962509563886764,Лето,3,7,0.0027033966139579,0.0027033966139579,0.0081101898418737,116.78673372298492,0,0,,,,,,,department,Неправильное включение режимов отпуска воздухораспределителя
2,2025-07-19 21:15:18.039307854,Западно-Сибирская,CV,"КРАС, ВЧДЭ-7 КРАСНОЯРСК-ВОСТ",2025,2024,199 days 15:37:00.132701652,287497.0022116942,128.40937347651925,0.6970160673297628,Лето,3,7,0.0027033966139579,0.0027033966139579,0.0081101898418737,116.78673372298492,0,0,76,"4,92ч",13,"0,48ч",37,"0,65ч",department,Тонкий гребень колеса грузового вагона
1,2025-07-20 03:48:48.173046510,Западно-Сибирская,CV,"КРАС, ВЧДЭ-8 АБАКАН",2025,2024,199 days 22:10:30.266440308,287890.5044406718,393.5022289776243,0.6977811782708493,Лето,3,7,0.0027033966139579,0.0027033966139579,0.0081101898418737,116.78673372298492,0,0,22,"3,55ч",1,"2,43ч",4,"0,4ч",department,Излом рычагов и тормозных тяг грузового вагона
2,2025-07-20 04:03:57.166390626,Восточно-Сибирская,CV,"З-СИБ, ВЧДЭ-12 ВХОДНАЯ",2025,2024,199 days 22:25:39.259784424,287905.6543297404,15.149889068561606,0.6985462892119357,Лето,3,7,0.0027033966139579,0.0027033966139579,0.0081101898418737,116.78673372298492,0,0,3,"5,18ч",7,"1,03ч",0,,department,Тонкий гребень колеса грузового вагона
1,2025-07-20 09:51:51.695381520,Дальневосточная,CV,"Д-ВОСТ, ВЧДЭ-1 ХАБАРОВСК",2025,2024,200 days 04:13:33.788775318,288253.56314625527,347.908816514886,0.6993114001530222,Лето,3,7,0.0027033966139579,0.0027033966139579,0.0081101898418737,116.78673372298492,0,0,76,"3,17ч",8,"4,05ч",13,"0,17ч",department,Неравномерный прокат по кругу катания колеса грузового вагона выше нормы
1,2025-07-20 17:39:09.065889570,Свердловская,CV,"ОКТ, ВЧДЭ-28 ВОЛХОВСТРОЙ",2025,2024,200 days 12:00:51.159283368,288720.8526547228,467.28950846754014,0.7000765110941086,Лето,3,7,0.0027033966139579,0.0027033966139579,0.0081101898418737,116.78673372298492,0,0,34,"6,32ч",4,"2,77ч",25,"0,92ч",department,Неравномерный прокат по кругу катания колеса грузового вагона выше нормы
2,2025-07-20 20:29:19.635122994,Забайкальская,CV,"В-СИБ, ВЧДЭ-10 УЛАН-УДЭ",2025,2024,200 days 14:51:01.728516792,288891.0288086132,170.1761538903811,0.7008416220351951,Лето,3,7,0.0027033966139579,0.0027033966139579,0.0081101898418737,116.78673372298492,0,0,76,"19,43ч",2,"1,28ч",10,"1,18ч",department,Технологический нагрев буксового узла
3,2025-07-20 21:59:03.859286249,Дальневосточная,CV,"Д-ВОСТ, ВЧДЭ-1 ХАБАРОВСК",2025,2024,200 days 16:20:45.952680047,288980.7658780008,89.73706938762916,0.7016067329762815,Лето,3,7,0.0027033966139579,0.0027033966139579,0.0081101898418737,116.78673372298492,0,0,,,,,,,department,Тонкий гребень колеса грузового вагона
3,2025-07-21 02:44:24.350640960,Октябрьская,CV,"КРАС, ВЧДЭ-8 АБАКАН",2025,2024,200 days 21:06:06.444034758,289266.1074005793,285.3415225784993,0.7023718439173681,Лето,3,7,0.0027033966139579,0.0027033966139579,0.0081101898418737,116.78673372298492,0,0,,,,,,,department,Разрегулирование рычажной передачи грузового вагона
2,2025-07-21 13:46:52.228966644,Восточно-Сибирская,CV,"Д-ВОСТ, ВЧДЭ-1 ХАБАРОВСК",2025,2024,201 days 08:08:34.322360442,289928.5720393407,662.4646387613611,0.7031369548584545,Лето,3,7,0.0027033966139579,0.0027033966139579,0.0081101898418737,116.78673372298492,0,0,33,"5,67ч",8,"1,03ч",25,"8,03ч",department,Тонкий гребень колеса грузового вагона
3,2025-07-21 16:11:27.822551616,Октябрьская,CV,"З-СИБ, ВЧДЭ-25 НОВОКУЗНЕЦК",2025,2024,201 days 10:33:09.915945414,290073.1652657569,144.5932264162111,0.703902065799541,Лето,3,7,0.0027033966139579,0.0027033966139579,0.0081101898418737,116.78673372298492,0,0,,,,,,,department,Тонкий гребень колеса грузового вагона
2,2025-07-21 17:59:05.918256294,Восточно-Сибирская,CV,"Ю-УР, ВЧДЭ-1 ЧЕЛЯБИНСК",2025,2024,201 days 12:20:48.011650092,290180.80019416823,107.63492841133848,0.7046671767406274,Лето,3,7,0.0027033966139579,0.0027033966139579,0.0081101898418737,116.78673372298492,0,0,118,"7,15ч",2,"3,52ч",25,"3,5ч",department,Тонкий гребень колеса грузового вагона
2,2025-07-21 20:00:04.041304980,Забайкальская,CV,"Д-ВОСТ, ВЧДЭ-1 ХАБАРОВСК",2025,2024,201 days 14:21:46.134698778,290301.7689116464,120.96871747809928,0.7054322876817138,Лето,3,7,0.0027033966139579,0.0027033966139579,0.0081101898418737,116.78673372298492,0,0,3,"2,38ч",8,"0,07ч",70,"0,45ч",department,Нарушение регулировки рычажной передачи
2,2025-07-22 14:21:50.306902776,Южно-Уральская,CV,"Д-ВОСТ, ВЧДЭ-1 ХАБАРОВСК",2025,2024,202 days 08:43:32.400296574,291403.54000494286,1101.7710932965274,0.7061973986228003,Лето,3,7,0.0027033966139579,0.0027033966139579,0.0081101898418737,116.78673372298492,0,0,16,"72,52ч",6,"1,73ч",29,"3,72ч",department,Тонкий гребень колеса грузового вагона
1,2025-07-22 17:06:30.276101022,Октябрьская,CV,"ЗАБ, ВЧДЭ-3 КАРЫМСКАЯ",2025,2024,202 days 11:28:12.369494820,291568.20615824696,164.66615330410423,0.7069625095638867,Лето,3,7,0.0027033966139579,0.0027033966139579,0.0081101898418737,116.78673372298492,0,0,37,"19,93ч",7,"2,62ч",6,"0,63ч",department,Несоответствие момента затяжки накидной гайки установленному нормативу
3,2025-07-22 17:07:50.414193780,Северная,CV,"КРАС, ВЧДЭ-7 КРАСНОЯРСК-ВОСТ",2025,2024,202 days 11:29:32.507587578,291569.5417931263,1.3356348793604411,0.7077276205049732,Лето,3,7,0.0027033966139579,0.0027033966139579,0.0081101898418737,116.78673372298492,0,0,,,,,,,department,Технологический нагрев буксового узла
3,2025-07-23 02:30:45.678860112,Восточно-Сибирская,CV,"ЗАБ, ВЧДЭ-3 КАРЫМСКАЯ",2025,2024,202 days 20:52:27.772253910,292132.4628708985,562.9210777721601,0.7084927314460597,Лето,3,7,0.0027033966139579,0.0027033966139579,0.0081101898418737,116.78673372298492,0,0,,,,,,,department,Выщербина на ободе колеса грузового вагона
1,2025-07-23 09:55:13.427861376,Западно-Сибирская,CV,"В-СИБ, ВЧДЭ-10 УЛАН-УДЭ",2025,2024,203 days 04:16:55.521255174,292576.92535425286,444.4624833543785,0.7092578423871462,Лето,3,7,0.0027033966139579,0.0027033966139579,0.0081101898418737,116.78673372298492,0,0,36,"0,18ч",0,,6,"18,77ч",department,Технологический нагрев буксового узла
1,2025-07-23 10:46:07.757656458,Западно-Сибирская,CV,"КРАС, ВЧДЭ-7 КРАСНОЯРСК-ВОСТ",2025,2024,203 days 05:07:49.851050256,292627.83085083764,50.90549658477539,0.7100229533282326,Лето,3,7,0.0027033966139579,0.0027033966139579,0.0081101898418737,116.78673372298492,0,0,38,"5,3ч",13,"2,25ч",69,"3,37ч",department,Неравномерный прокат по кругу катания колеса грузового вагона выше нормы
3,2025-07-24 12:37:16.054467384,Восточно-Сибирская,CV,"З-СИБ, ВЧДЭ-23 БЕЛОВО",2025,2024,204 days 06:58:58.147861182,294178.9691310197,1551.138280182087,0.7107880642693191,Лето,3,7,0.0027033966139579,0.0027033966139579,0.0081101898418737,116.78673372298492,0,0,,,,,,,department,Тонкий гребень колеса грузового вагона
1,2025-07-24 18:23:44.399131236,Забайкальская,CV,"КРАС, ВЧДЭ-7 КРАСНОЯРСК-ВОСТ",2025,2024,204 days 12:45:26.492525034,294525.4415420839,346.47241106419824,0.7115531752104055,Лето,3,7,0.0027033966139579,0.0027033966139579,0.0081101898418737,116.78673372298492,0,0,31,"14,02ч",25,"3,78ч",11,"0,95ч",department,Неравномерный прокат по кругу катания колеса грузового вагона выше нормы
1,2025-07-24 22:40:42.944275464,Восточно-Сибирская,CV,"КРАС, ВЧДЭ-8 АБАКАН",2025,2024,204 days 17:02:25.037669262,294782.4172944877,256.975752403785,0.712318286151492,Лето,3,7,0.0027033966139579,0.0027033966139579,0.0081101898418737,116.78673372298492,0,0,30,"4,92ч",13,"2,27ч",11,"0,75ч",department,Тонкий гребень колеса грузового вагона
2,2025-07-25 01:38:52.201278462,Свердловская,CV,"В-СИБ, ВЧДЭ-10 УЛАН-УДЭ",2025,2024,204 days 20:00:34.294672260,294960.571577871,178.1542833832791,0.7130833970925784,Лето,3,7,0.0027033966139579,0.0027033966139579,0.0081101898418737,116.78673372298492,0,0,37,"1,3ч",3,"2,12ч",31,"1,1ч",department,Технологический нагрев буксового узла
1,2025-07-25 15:45:43.834555530,Дальневосточная,CV,"КРАС, ВЧДЭ-7 КРАСНОЯРСК-ВОСТ",2025,2024,205 days 10:07:25.927949328,295807.4321324888,846.8605546178296,0.7138485080336648,Лето,3,7,0.0027033966139579,0.0027033966139579,0.0081101898418737,116.78673372298492,0,0,1,"0,82ч",8,"8,77ч",1,"1,47ч",department,Выщербина на ободе колеса грузового вагона
3,2025-07-25 17:29:10.817227404,Октябрьская,CV,"КРАС, ВЧДЭ-1 БОГОТОЛ",2025,2024,205 days 11:50:52.910621202,295910.88184368674,103.449711197929,0.7146136189747513,Лето,3,7,0.0027033966139579,0.0027033966139579,0.0081101898418737,116.78673372298492,0,0,,,,,,,department,Выщербина на ободе колеса грузового вагона
2,2025-07-25 19:33:40.280600586,Свердловская,CV,"КРАС, ВЧДЭ-7 КРАСНОЯРСК-ВОСТ",2025,2024,205 days 13:55:22.373994384,296035.3728999064,124.49105621967465,0.7153787299158378,Лето,3,7,0.0027033966139579,0.0027033966139579,0.0081101898418737,116.78673372298492,0,0,7,"8,9ч",7,"2,13ч",17,"0,95ч",department,Несоответствие зазоров скользуна грузового вагона
3,2025-07-25 20:21:58.338917262,Восточно-Сибирская,CV,"КРАС, ВЧДЭ-8 АБАКАН",2025,2024,205 days 14:43:40.432311060,296083.673871851,48.30097194458358,0.7161438408569243,Лето,3,7,0.0027033966139579,0.0027033966139579,0.0081101898418737,116.78673372298492,0,0,,,,,,,department,Тонкий гребень колеса грузового вагона
3,2025-07-26 05:08:30.876234972,Красноярская,CV,"КРАС, ВЧДЭ-8 АБАКАН",2025,2024,205 days 23:30:12.969628770,296610.2161604795,526.5422886285232,0.7169089517980107,Лето,3,7,0.0027033966139579,0.0027033966139579,0.0081101898418737,116.78673372298492,0,0,,,,,,,department,Неравномерный прокат по кругу катания колеса грузового вагона выше нормы
3,2025-07-26 10:43:21.721410720,Восточно-Сибирская,CV,"ЗАБ, ВЧДЭ-3 КАРЫМСКАЯ",2025,2024,206 days 05:05:03.814804518,296945.0635800753,334.8474195957533,0.7176740627390972,Лето,3,7,0.0027033966139579,0.0027033966139579,0.0081101898418737,116.78673372298492,0,0,,,,,,,department,Тонкий гребень колеса грузового вагона
3,2025-07-26 16:30:46.986052212,Октябрьская,CV,"Д-ВОСТ, ВЧДЭ-1 ХАБАРОВСК",2025,2024,206 days 10:52:29.079446010,297292.4846574335,347.4210773582454,0.7184391736801836,Лето,3,7,0.0027033966139579,0.0027033966139579,0.0081101898418737,116.78673372298492,0,0,,,,,,,department,Тонкий гребень колеса грузового вагона
3,2025-07-26 18:01:57.932321274,Южно-Уральская,CV,"ОКТ, ВЧДЭ-28 ВОЛХОВСТРОЙ",2025,2024,206 days 12:23:40.025715072,297383.6670952512,91.18243781768253,0.7192042846212701,Лето,3,7,0.0027033966139579,0.0027033966139579,0.0081101898418737,116.78673372298492,0,0,,,,,,,department,Тонкий гребень колеса грузового вагона
3,2025-07-27 00:31:32.215431204,Восточно-Сибирская,CV,"ЗАБ, ВЧДЭ-3 КАРЫМСКАЯ",2025,2024,206 days 18:53:14.308825002,297773.2384804167,389.57138516550185,0.7199693955623565,Лето,3,7,0.0027033966139579,0.0027033966139579,0.0081101898418737,116.78673372298492,0,0,,,,,,,department,Неравномерный прокат по кругу катания колеса грузового вагона выше нормы
2,2025-07-27 09:27:56.671875324,Забайкальская,CV,"В-СИБ, ВЧДЭ-10 УЛАН-УДЭ",2025,2024,207 days 03:49:38.765269122,298309.6460878187,536.4076074020122,0.720734506503443,Лето,3,7,0.0027033966139579,0.0027033966139579,0.0081101898418737,116.78673372298492,0,0,29,"49,9ч",5,"2,43ч",37,"3,45ч",department,Неисправность магистральной части воздухораспределителя
3,2025-07-27 12:11:48.600196680,Западно-Сибирская,CV,"СВЕРД, ВЧДЭ-4",2025,2024,207 days 06:33:30.693590478,298473.5115598413,163.86547202256045,0.7214996174445295,Лето,3,7,0.0027033966139579,0.0027033966139579,0.0081101898418737,116.78673372298492,0,0,,,,,,,department,Выщербина на ободе колеса грузового вагона
3,2025-07-27 22:09:38.951100636,Свердловская,CV,"Д-ВОСТ, ВЧДЭ-1 ХАБАРОВСК",2025,2024,207 days 16:31:21.044494434,299071.3507415739,597.8391817326192,0.722264728385616,Лето,3,7,0.0027033966139579,0.0027033966139579,0.0081101898418737,116.78673372298492,0,0,,,,,,,department,Тонкий гребень колеса грузового вагона
2,2025-07-28 00:48:18.620016774,Дальневосточная,CV,"КРАС, ВЧДЭ-7 КРАСНОЯРСК-ВОСТ",2025,2024,207 days 19:10:00.713410572,299230.01189017616,158.66114860225937,0.7230298393267024,Лето,3,7,0.0027033966139579,0.0027033966139579,0.0081101898418737,116.78673372298492,0,0,38,"0,58ч",8,"3,22ч",50,"5,7ч",department,Завышение фрикционного клина гасителя колебаний относительно опорной поверхности надрессорной балки
1,2025-07-28 09:33:20.987022132,Красноярская,CV,"ОКТ, ВЧДЭ-28 ВОЛХОВСТРОЙ",2025,2024,208 days 03:55:03.080415930,299755.0513402655,525.0394500893308,0.7237949502677888,Лето,3,7,0.0027033966139579,0.0027033966139579,0.0081101898418737,116.78673372298492,0,0,33,"17,72ч",14,"2,8ч",25,"0,78ч",department,Тонкий гребень колеса грузового вагона
3,2025-07-28 09:46:02.519941482,Свердловская,CV,"КРАС, ВЧДЭ-7 КРАСНОЯРСК-ВОСТ",2025,2024,208 days 04:07:44.613335280,299767.743555588,12.69221532251686,0.7245600612088753,Лето,3,7,0.0027033966139579,0.0027033966139579,0.0081101898418737,116.78673372298492,0,0,,,,,,,department,Тонкий гребень колеса грузового вагона
1,2025-07-28 14:42:22.354021902,Октябрьская,CV,"КРАС, ВЧДЭ-8 АБАКАН",2025,2024,208 days 09:04:04.447415700,300064.07412359497,296.3305680069607,0.7253251721499617,Лето,3,7,0.0027033966139579,0.0027033966139579,0.0081101898418737,116.78673372298492,0,0,10,"7,67ч",6,"2,45ч",12,"1,28ч",department,Неравномерный прокат по кругу катания колеса грузового вагона выше нормы
1,2025-07-29 12:13:40.437646014,Северная,CV,"З-СИБ, ВЧДЭ-6 ИНСКАЯ",2025,2024,209 days 06:35:22.531039812,301355.3755173302,1291.3013937352223,0.7260902830910482,Лето,3,7,0.0027033966139579,0.0027033966139579,0.0081101898418737,116.78673372298492,0,0,1,"10,03ч",20,"1,08ч",16,"0,43ч",department,Выщербина на ободе колеса грузового вагона
1,2025-07-30 12:44:31.053568596,Южно-Уральская,CV,"ЗАБ, ВЧДЭ-7 БЕЛОГОРСК",2025,2024,210 days 07:06:13.146962394,302826.21911603987,1470.8435987096746,0.7268553940321346,Лето,3,7,0.0027033966139579,0.0027033966139579,0.0081101898418737,116.78673372298492,0,0,13,"5,33ч",0,,11,"8,03ч",department,Тонкий гребень колеса грузового вагона
3,2025-07-30 14:46:56.061752208,Дальневосточная,CV,"З-СИБ, ВЧДЭ-12 ВХОДНАЯ",2025,2024,210 days 09:08:38.155146006,302948.6359191001,122.4168030602159,0.7276205049732212,Лето,3,7,0.0027033966139579,0.0027033966139579,0.0081101898418737,116.78673372298492,0,0,,,,,,,department,Другие причины
1,2025-07-30 18:22:20.247467178,Южно-Уральская,CV,"В-СИБ, ВЧДЭ-10 УЛАН-УДЭ",2025,2024,210 days 12:44:02.340860976,303164.03901434963,215.40309524955228,0.7283856159143076,Лето,3,7,0.0027033966139579,0.0027033966139579,0.0081101898418737,116.78673372298492,0,0,35,"5,8ч",6,"3,78ч",2,"1,37ч",department,Технологический нагрев буксового узла
3,2025-07-30 18:46:23.951716056,Северная,CV,"В-СИБ, ВЧДЭ-10 УЛАН-УДЭ",2025,2024,210 days 13:08:06.045109854,303188.10075183096,24.061737481330056,0.7291507268553941,Лето,3,7,0.0027033966139579,0.0027033966139579,0.0081101898418737,116.78673372298492,0,0,,,,,,,department,Тонкий гребень колеса грузового вагона
3,2025-07-31 07:30:43.133332614,Восточно-Сибирская,CV,"В-СИБ, ВЧДЭ-13 ТАЙШЕТ",2025,2024,211 days 01:52:25.226726412,303952.4204454402,764.3196936092572,0.7299158377964805,Лето,3,7,0.0027033966139579,0.0027033966139579,0.0081101898418737,116.78673372298492,0,0,,,,,,,department,Выщербина на ободе колеса грузового вагона
2,2025-07-31 12:41:40.883944422,Восточно-Сибирская,CV,"ЗАБ, ВЧДЭ-3 КАРЫМСКАЯ",2025,2024,211 days 07:03:22.977338220,304263.382955637,310.9625101967831,0.730680948737567,Лето,3,7,0.0027033966139579,0.0027033966139579,0.0081101898418737,116.78673372298492,0,0,17,"7,1ч",9,"2,72ч",4,"0,33ч",department,Неисправность магистральной части воздухораспределителя
3,2025-07-31 15:41:33.900277884,Забайкальская,CV,"Д-ВОСТ, ВЧДЭ-1 ХАБАРОВСК",2025,2024,211 days 10:03:15.993671682,304443.2665611947,179.8836055576685,0.7314460596786534,Лето,3,7,0.0027033966139579,0.0027033966139579,0.0081101898418737,116.78673372298492,0,0,,,,,,,department,Неисправность магистральной части воздухораспределителя
2,2025-07-31 16:25:49.485288120,Восточно-Сибирская,CV,"КРАС, ВЧДЭ-1 БОГОТОЛ",2025,2024,211 days 10:47:31.578681918,304487.5263113653,44.2597501706332,0.7322111706197398,Лето,3,7,0.0027033966139579,0.0027033966139579,0.0081101898418737,116.78673372298492,0,0,16,"1,2ч",13,"2,18ч",1,"2,35ч",department,Выщербина на ободе колеса грузового вагона
2,2025-08-01 10:30:47.195085114,Западно-Сибирская,CV,"З-СИБ, ВЧДЭ-25 НОВОКУЗНЕЦК",2025,2024,212 days 04:52:29.288478912,305572.4881413152,1084.9618299498688,0.7329762815608263,Лето,3,8,0.0027033966139579,0.0027033966139579,0.0081101898418737,116.78673372298492,0,0,22,"3,65ч",26,"3,85ч",11,"1,72ч",department,Неисправность воздухораспределителя грузового вагона
1,2025-08-01 15:10:14.740362276,Забайкальская,CV,"ЗАБ, ВЧДЭ-3 КАРЫМСКАЯ",2025,2024,212 days 09:31:56.833756074,305851.94722926785,279.4590879526804,0.7337413925019127,Лето,3,8,0.0027033966139579,0.0027033966139579,0.0081101898418737,116.78673372298492,0,0,15,"10,07ч",2,"1,85ч",26,"2,07ч",department,Ослабление (разрушение) торцевого крепления
2,2025-08-01 17:13:16.097379564,Восточно-Сибирская,CV,"КРАС, ВЧДЭ-7 КРАСНОЯРСК-ВОСТ",2025,2024,212 days 11:34:58.190773362,305974.96984622267,123.02261695481138,0.7345065034429993,Лето,3,8,0.0027033966139579,0.0027033966139579,0.0081101898418737,116.78673372298492,0,0,22,"5,47ч",5,"1,17ч",4,"2,02ч",department,Неисправность магистральной части воздухораспределителя
3,2025-08-01 19:52:44.370227478,Восточно-Сибирская,CV,"КРАС, ВЧДЭ-8 АБАКАН",2025,2024,212 days 14:14:26.463621276,306134.44106035464,159.471214131976,0.7352716143840857,Лето,3,8,0.0027033966139579,0.0027033966139579,0.0081101898418737,116.78673372298492,0,0,,,,,,,department,Неисправность магистральной части воздухораспределителя
3,2025-08-01 21:49:30.362065583,Свердловская,CV,"З-СИБ, ВЧДЭ-25 НОВОКУЗНЕЦК",2025,2024,212 days 16:11:12.455459381,306251.20759098965,116.76653063501,0.7360367253251722,Лето,3,8,0.0027033966139579,0.0027033966139579,0.0081101898418737,116.78673372298492,0,0,,,,,,,department,Тонкий гребень колеса грузового вагона
3,2025-08-02 03:30:07.441461744,Южно-Уральская,CV,"СВЕРД, ВЧДЭ-4",2025,2024,212 days 21:51:49.534855542,306591.82558092574,340.6179899360868,0.7368018362662586,Лето,3,8,0.0027033966139579,0.0027033966139579,0.0081101898418737,116.78673372298492,0,0,,,,,,,department,Несоответствие норм высоты автосцепки грузового вагона
3,2025-08-02 19:53:36.315243990,Южно-Уральская,CV,"Д-ВОСТ, ВЧДЭ-1 ХАБАРОВСК",2025,2024,213 days 14:15:18.408637788,307575.3068106298,983.481229704048,0.7375669472073451,Лето,3,8,0.0027033966139579,0.0027033966139579,0.0081101898418737,116.78673372298492,0,0,,,,,,,department,Неравномерный прокат по кругу катания колеса грузового вагона выше нормы
3,2025-08-03 07:52:14.776495080,Забайкальская,CV,"З-СИБ, ВЧДЭ-25 НОВОКУЗНЕЦК",2025,2024,214 days 02:13:56.869888878,308293.94783148135,718.641020851559,0.7383320581484315,Лето,3,8,0.0027033966139579,0.0027033966139579,0.0081101898418737,116.78673372298492,0,0,,,,,,,department,Несоответствие момента затяжки накидной гайки установленному нормативу
2,2025-08-03 11:40:26.257278036,Свердловская,CV,"З-СИБ, ВЧДЭ-6 ИНСКАЯ",2025,2024,214 days 06:02:08.350671834,308522.13917786384,228.19134638248943,0.739097169089518,Лето,3,8,0.0027033966139579,0.0027033966139579,0.0081101898418737,116.78673372298492,0,0,56,"19,43ч",10,"2,27ч",17,"0,78ч",department,Технологический нагрев буксового узла
2,2025-08-03 22:28:21.219132912,Восточно-Сибирская,CV,"СВЕРД, ВЧДЭ-4",2025,2024,214 days 16:50:03.312526710,309170.05520877853,647.9160309146973,0.7398622800306044,Лето,3,8,0.0027033966139579,0.0027033966139579,0.0081101898418737,116.78673372298492,0,0,27,"18,4ч",26,"3,92ч",31,"0,68ч",department,Разрегулирование рычажной передачи грузового вагона
2,2025-08-04 01:51:50.212134900,Забайкальская,CV,"З-СИБ, ВЧДЭ-25 НОВОКУЗНЕЦК",2025,2024,214 days 20:13:32.305528698,309373.53842547827,203.48321669973663,0.740627390971691,Лето,3,8,0.0027033966139579,0.0027033966139579,0.0081101898418737,116.78673372298492,0,0,41,"22,17ч",26,"11,18ч",11,"3,05ч",department,Технологический нагрев буксового узла
2,2025-08-04 03:39:23.493902430,Западно-Сибирская,CV,"Д-ВОСТ, ВЧДЭ-1 ХАБАРОВСК",2025,2024,214 days 22:01:05.587296228,309481.09312160383,107.55469612556044,0.7413925019127774,Лето,3,8,0.0027033966139579,0.0027033966139579,0.0081101898418737,116.78673372298492,0,0,6,"9,73ч",20,"0,5ч",17,"1,72ч",department,Другие причины
2,2025-08-05 04:55:43.785928020,Куйбышевская,CV,"Д-ВОСТ, ВЧДЭ-1 ХАБАРОВСК",2025,2024,215 days 23:17:25.879321818,310997.4313220303,1516.338200426486,0.7421576128538638,Лето,3,8,0.0027033966139579,0.0027033966139579,0.0081101898418737,116.78673372298492,0,0,7,"11,97ч",16,"8,27ч",5,"0,37ч",department,Тонкий гребень колеса грузового вагона
3,2025-08-05 07:09:43.540573386,Забайкальская,CV,"ЗАБ, ВЧДЭ-3 КАРЫМСКАЯ",2025,2024,216 days 01:31:25.633967184,311131.4272327864,133.99591075605713,0.7429227237949503,Лето,3,8,0.0027033966139579,0.0027033966139579,0.0081101898418737,116.78673372298492,0,0,,,,,,,department,Технологический нагрев буксового узла
1,2025-08-05 09:34:24.938081508,Забайкальская,CV,"КРАС, ВЧДЭ-8 АБАКАН",2025,2024,216 days 03:56:07.031475306,311276.1171912551,144.68995846871985,0.7436878347360367,Лето,3,8,0.0027033966139579,0.0027033966139579,0.0081101898418737,116.78673372298492,0,0,28,"3,83ч",26,"2,08ч",26,"1,87ч",department,Неравномерный прокат по кругу катания колеса грузового вагона выше нормы
1,2025-08-06 13:46:42.074405052,Южно-Уральская,CV,"СВЕРД, ВЧДЭ-4",2025,2024,217 days 08:08:24.167798850,312968.40279664745,1692.2856053923606,0.7444529456771232,Лето,3,8,0.0027033966139579,0.0027033966139579,0.0081101898418737,116.78673372298492,0,0,43,"3,62ч",25,"0,62ч",30,"1,38ч",department,Неплотность тормозной магистрали грузового вагона
2,2025-08-06 14:39:53.318643030,Западно-Сибирская,CV,"З-СИБ, ВЧДЭ-12 ВХОДНАЯ",2025,2024,217 days 09:01:35.412036828,313021.59020061383,53.18740396638168,0.7452180566182096,Лето,3,8,0.0027033966139579,0.0027033966139579,0.0081101898418737,116.78673372298492,0,0,10,"1,85ч",0,,15,"0,85ч",department,Тонкий гребень колеса грузового вагона
2,2025-08-06 23:28:36.605796228,Забайкальская,CV,"В-СИБ, ВЧДЭ-10 УЛАН-УДЭ",2025,2024,217 days 17:50:18.699190026,313550.31165316707,528.7214525532327,0.7459831675592961,Лето,3,8,0.0027033966139579,0.0027033966139579,0.0081101898418737,116.78673372298492,0,0,55,"0,15ч",1,"0,53ч",0,,department,Выщербина на ободе колеса грузового вагона
2,2025-08-07 16:24:21.066644898,Дальневосточная,CV,"З-СИБ, ВЧДЭ-12 ВХОДНАЯ",2025,2024,218 days 10:46:03.160038696,314566.0526673116,1015.7410141444998,0.7467482785003825,Лето,3,8,0.0027033966139579,0.0027033966139579,0.0081101898418737,116.78673372298492,0,0,11,"0,63ч",3,"1,75ч",25,"0,98ч",department,Неисправность воздухораспределителя грузового вагона
1,2025-08-07 20:49:34.821895098,Октябрьская,CV,"ЗАБ, ВЧДЭ-7 БЕЛОГОРСК",2025,2024,218 days 15:11:16.915288896,314831.2819214816,265.2292541700299,0.7475133894414691,Лето,3,8,0.0027033966139579,0.0027033966139579,0.0081101898418737,116.78673372298492,0,0,9,"18,22ч",3,"1,4ч",12,"1,55ч",department,Тонкий гребень колеса грузового вагона
3,2025-08-07 20:50:30.861323862,Южно-Уральская,CV,"ЗАБ, ВЧДЭ-3 КАРЫМСКАЯ",2025,2024,218 days 15:12:12.954717660,314832.215911961,0.93399047938874,0.7482785003825555,Лето,3,8,0.0027033966139579,0.0027033966139579,0.0081101898418737,116.78673372298492,0,0,,,,,,,department,Неисправность воздухораспределителя грузового вагона
3,2025-08-07 23:44:24.356916342,Южно-Уральская,CV,"Д-ВОСТ, ВЧДЭ-1 ХАБАРОВСК",2025,2024,218 days 18:06:06.450310140,315006.107505169,173.89159320801264,0.749043611323642,Лето,3,8,0.0027033966139579,0.0027033966139579,0.0081101898418737,116.78673372298492,0,0,,,,,,,department,Тонкий гребень колеса грузового вагона
1,2025-08-08 00:28:09.904737108,Свердловская,CV,"СВЕРД, ВЧДЭ-4",2025,2024,218 days 18:49:51.998130906,315049.86663551506,43.75913034606492,0.7498087222647284,Лето,3,8,0.0027033966139579,0.0027033966139579,0.0081101898418737,116.78673372298492,0,0,10,"9,07ч",6,"4,17ч",50,"0,23ч",department,Выщербина на ободе колеса грузового вагона
3,2025-08-08 03:47:14.338244874,Западно-Сибирская,CV,"Д-ВОСТ, ВЧДЭ-1 ХАБАРОВСК",2025,2024,218 days 22:08:56.431638672,315248.94052731124,199.0738917961717,0.7505738332058148,Лето,3,8,0.0027033966139579,0.0027033966139579,0.0081101898418737,116.78673372298492,0,0,,,,,,,department,Разрегулирование рычажной передачи грузового вагона
3,2025-08-08 13:24:34.653721752,Северная,CV,"СВЕРД, ВЧДЭ-4",2025,2024,219 days 07:46:16.747115550,315826.27911859256,577.3385912813246,0.7513389441469013,Лето,3,8,0.0027033966139579,0.0027033966139579,0.0081101898418737,116.78673372298492,0,0,,,,,,,department,Разрегулирование рычажной передачи грузового вагона
2,2025-08-08 16:58:12.314205012,Восточно-Сибирская,CV,"СВЕРД, ВЧДЭ-4",2025,2024,219 days 11:19:54.407598810,316039.90679331345,213.62767472089035,0.7521040550879877,Лето,3,8,0.0027033966139579,0.0027033966139579,0.0081101898418737,116.78673372298492,0,0,16,"6,3ч",6,"2,85ч",22,"0,77ч",department,Тонкий гребень колеса грузового вагона
2,2025-08-08 20:27:23.237086548,Восточно-Сибирская,CV,"КРАС, ВЧДЭ-7 КРАСНОЯРСК-ВОСТ",2025,2024,219 days 14:49:05.330480346,316249.08884133905,209.1820480255992,0.7528691660290742,Лето,3,8,0.0027033966139579,0.0027033966139579,0.0081101898418737,116.78673372298492,0,0,3,"2,05ч",9,"1,62ч",2,"0,27ч",department,Тонкий гребень колеса грузового вагона
1,2025-08-09 01:28:22.971190284,Забайкальская,CV,"З-СИБ, ВЧДЭ-12 ВХОДНАЯ",2025,2024,219 days 19:50:05.064584082,316550.08440973464,300.9955683955923,0.7536342769701607,Лето,3,8,0.0027033966139579,0.0027033966139579,0.0081101898418737,116.78673372298492,0,0,4,"32,87ч",25,"1,38ч",11,"0,32ч",department,Выщербина на ободе колеса грузового вагона
2,2025-08-09 06:50:46.057319370,Красноярская,CV,"КРАС, ВЧДЭ-1 БОГОТОЛ",2025,2024,220 days 01:12:28.150713168,316872.4691785528,322.38476881815586,0.7543993879112472,Лето,3,8,0.0027033966139579,0.0027033966139579,0.0081101898418737,116.78673372298492,0,0,6,"14,85ч",6,"1,45ч",8,"3,5ч",department,Тонкий гребень колеса грузового вагона
2,2025-08-09 18:48:23.042506578,Западно-Сибирская,CV,"Д-ВОСТ, ВЧДЭ-1 ХАБАРОВСК",2025,2024,220 days 13:10:05.135900376,317590.0855983396,717.616419786762,0.7551644988523336,Лето,3,8,0.0027033966139579,0.0027033966139579,0.0081101898418737,116.78673372298492,0,0,16,"2,6ч",26,"1,02ч",5,"0,93ч",department,Другие причины
3,2025-08-09 21:04:45.706358202,Восточно-Сибирская,CV,"КРАС, ВЧДЭ-7 КРАСНОЯРСК-ВОСТ",2025,2024,220 days 15:26:27.799752,317726.4633292,136.37773086043308,0.75592960979342,Лето,3,8,0.0027033966139579,0.0027033966139579,0.0081101898418737,116.78673372298492,0,0,,,,,,,department,Неравномерный прокат по кругу катания колеса грузового вагона выше нормы
2,2025-08-10 07:42:31.492303656,Красноярская,CV,"Ю-УР, ВЧДЭ-1 ЧЕЛЯБИНСК",2025,2024,221 days 02:04:13.585697454,318364.22642829095,637.7630990909529,0.7566947207345065,Лето,3,8,0.0027033966139579,0.0027033966139579,0.0081101898418737,116.78673372298492,0,0,29,"2,73ч",20,"0,12ч",26,"2,13ч",department,Выщербина на ободе колеса грузового вагона
3,2025-08-10 12:51:13.926624384,Восточно-Сибирская,CV,"ЗАБ, ВЧДЭ-3 КАРЫМСКАЯ",2025,2024,221 days 07:12:56.020018182,318672.9336669697,308.7072386787622,0.7574598316755929,Лето,3,8,0.0027033966139579,0.0027033966139579,0.0081101898418737,116.78673372298492,0,0,,,,,,,department,Тонкий гребень колеса грузового вагона
1,2025-08-10 15:03:26.874264684,Восточно-Сибирская,CV,"В-СИБ, ВЧДЭ-10 УЛАН-УДЭ",2025,2024,221 days 09:25:08.967658482,318805.1494609747,132.21579400496557,0.7582249426166794,Лето,3,8,0.0027033966139579,0.0027033966139579,0.0081101898418737,116.78673372298492,0,0,18,"8,32ч",3,"1,03ч",3,"0,13ч",department,Тонкий гребень колеса грузового вагона
3,2025-08-10 17:12:49.026725166,Забайкальская,CV,"З-СИБ, ВЧДЭ-6 ИНСКАЯ",2025,2024,221 days 11:34:31.120118964,318934.5186686494,129.36920767475385,0.7589900535577658,Лето,3,8,0.0027033966139579,0.0027033966139579,0.0081101898418737,116.78673372298492,0,0,,,,,,,department,Выщербина на ободе колеса грузового вагона
3,2025-08-10 19:58:33.539909574,Восточно-Сибирская,CV,"В-СИБ, ВЧДЭ-13 ТАЙШЕТ",2025,2024,221 days 14:20:15.633303372,319100.26055505616,165.74188640672946,0.7597551644988524,Лето,3,8,0.0027033966139579,0.0027033966139579,0.0081101898418737,116.78673372298492,0,0,,,,,,,department,Разрегулирование рычажной передачи грузового вагона
2,2025-08-11 01:59:06.253451640,Красноярская,CV,"З-СИБ, ВЧДЭ-25 НОВОКУЗНЕЦК",2025,2024,221 days 20:20:48.346845438,319460.80578075734,360.5452257011784,0.7605202754399388,Лето,3,8,0.0027033966139579,0.0027033966139579,0.0081101898418737,116.78673372298492,0,0,20,"18,45ч",3,"1,13ч",16,"1,67ч",department,Неравномерный прокат по кругу катания колеса грузового вагона выше нормы
3,2025-08-11 03:36:10.471372320,Красноярская,CV,"ЗАБ, ВЧДЭ-7 БЕЛОГОРСК",2025,2024,221 days 21:57:52.564766118,319557.87607943534,97.07029867800884,0.7612853863810253,Лето,3,8,0.0027033966139579,0.0027033966139579,0.0081101898418737,116.78673372298492,0,0,,,,,,,department,Другие причины
1,2025-08-11 19:11:59.987921382,Восточно-Сибирская,CV,"КРАС, ВЧДЭ-1 БОГОТОЛ",2025,2024,222 days 13:33:42.081315180,320493.701355253,935.8252758176532,0.7620504973221117,Лето,3,8,0.0027033966139579,0.0027033966139579,0.0081101898418737,116.78673372298492,0,0,118,"11,07ч",14,"2,07ч",6,"0,48ч",department,Неисправность воздухораспределителя грузового вагона
2,2025-08-12 00:28:26.335152204,Забайкальская,CV,"В-СИБ, ВЧДЭ-10 УЛАН-УДЭ",2025,2024,222 days 18:50:08.428546002,320810.1404757667,316.43912051367806,0.7628156082631982,Лето,3,8,0.0027033966139579,0.0027033966139579,0.0081101898418737,116.78673372298492,0,0,38,"2,03ч",7,"1,2ч",50,"1,03ч",department,Технологический нагрев буксового узла
3,2025-08-12 16:02:47.496059910,Забайкальская,CV,"КРАС, ВЧДЭ-8 АБАКАН",2025,2024,223 days 10:24:29.589453708,321744.4931575618,934.3526817951353,0.7635807192042846,Лето,3,8,0.0027033966139579,0.0027033966139579,0.0081101898418737,116.78673372298492,0,0,,,,,,,department,Тонкий гребень колеса грузового вагона
3,2025-08-12 16:20:22.070585022,Забайкальская,CV,"КРАС, ВЧДЭ-7 КРАСНОЯРСК-ВОСТ",2025,2024,223 days 10:42:04.163978820,321762.069399647,17.57624208519701,0.764345830145371,Лето,3,8,0.0027033966139579,0.0027033966139579,0.0081101898418737,116.78673372298492,0,0,,,,,,,department,Тонкий гребень колеса грузового вагона
1,2025-08-12 18:55:32.134343562,Южно-Уральская,CV,"КРАС, ВЧДЭ-7 КРАСНОЯРСК-ВОСТ",2025,2024,223 days 13:17:14.227737360,321917.237128956,155.1677293090033,0.7651109410864575,Лето,3,8,0.0027033966139579,0.0027033966139579,0.0081101898418737,116.78673372298492,0,0,22,"8,45ч",0,,8,"0,23ч",department,Тонкий гребень колеса грузового вагона
1,2025-08-12 19:04:04.196368128,Западно-Сибирская,CV,"КРАС, ВЧДЭ-1 БОГОТОЛ",2025,2024,223 days 13:25:46.289761926,321925.77149603213,8.53436707612127,0.7658760520275439,Лето,3,8,0.0027033966139579,0.0027033966139579,0.0081101898418737,116.78673372298492,0,0,23,"15,47ч",9,"2,77ч",12,"1,33ч",department,Неисправность магистральной части воздухораспределителя
3,2025-08-12 21:01:37.549668384,Западно-Сибирская,CV,"З-СИБ, ВЧДЭ-6 ИНСКАЯ",2025,2024,223 days 15:23:19.643062182,322043.32738436974,117.55588833760704,0.7666411629686305,Лето,3,8,0.0027033966139579,0.0027033966139579,0.0081101898418737,116.78673372298492,0,0,,,,,,,department,Тонкий гребень колеса грузового вагона
2,2025-08-13 09:14:14.440459680,Западно-Сибирская,CV,"КРАС, ВЧДЭ-8 АБАКАН",2025,2024,224 days 03:35:56.533853478,322775.9422308913,732.6148465215811,0.7674062739097169,Лето,3,8,0.0027033966139579,0.0027033966139579,0.0081101898418737,116.78673372298492,0,0,35,"2,62ч",20,"3,62ч",26,"0,33ч",department,Выщербина на ободе колеса грузового вагона
2,2025-08-13 09:28:02.214000468,Красноярская,CV,"КРАС, ВЧДЭ-7 КРАСНОЯРСК-ВОСТ",2025,2024,224 days 03:49:44.307394266,322789.73845657107,13.796225679747296,0.7681713848508034,Лето,3,8,0.0027033966139579,0.0027033966139579,0.0081101898418737,116.78673372298492,0,0,1,"19,32ч",0,,26,"2,22ч",department,Тонкий гребень колеса грузового вагона
3,2025-08-13 12:59:58.702746462,Красноярская,CV,"З-СИБ, ВЧДЭ-6 ИНСКАЯ",2025,2024,224 days 07:21:40.796140260,323001.67993567104,211.94147909997264,0.7689364957918898,Лето,3,8,0.0027033966139579,0.0027033966139579,0.0081101898418737,116.78673372298492,0,0,,,,,,,department,Разрегулирование рычажной передачи грузового вагона
3,2025-09-02 04:16:20.956209060,Дальневосточная,CV,"КРАС, ВЧДЭ-7 КРАСНОЯРСК-ВОСТ",2025,2024,243 days 22:38:03.049602858,351278.05082671426,28276.370891043214,0.7697016067329763,Осень,4,9,0.0023307163886162,0.0023307163886162,0.0069921491658486,100.68694798822376,0,0,,,,,,,department,Тонкий гребень колеса грузового вагона
3,2025-09-02 11:19:08.606141058,Северная,CV,"КРАС, ВЧДЭ-7 КРАСНОЯРСК-ВОСТ",2025,2024,244 days 05:40:50.699534856,351700.8449922476,422.79416553332703,0.7704667176740627,Осень,4,9,0.0023307163886162,0.0023307163886162,0.0069921491658486,100.68694798822376,0,0,,,,,,,department,"Шелушение, раковины, коррозия на деталях подшипника"
2,2025-09-03 02:34:39.684818226,Октябрьская,CV,"ЗАБ, ВЧДЭ-7 БЕЛОГОРСК",2025,2024,244 days 20:56:21.778212024,352616.3629702004,915.5179779528409,0.7712318286151492,Осень,4,9,0.0023307163886162,0.0023307163886162,0.0069921491658486,100.68694798822376,0,0,23,"7,22ч",3,"1,42ч",18,"1,95ч",department,Тонкий гребень колеса грузового вагона
3,2025-09-03 05:25:54.816545274,Северная,CV,"КРАС, ВЧДЭ-8 АБАКАН",2025,2024,244 days 23:47:36.909939072,352787.6151656512,171.25219545076834,0.7719969395562356,Осень,4,9,0.0023307163886162,0.0023307163886162,0.0069921491658486,100.68694798822376,0,0,,,,,,,department,Тонкий гребень колеса грузового вагона
1,2025-09-03 09:10:05.177483604,Восточно-Сибирская,CV,"ЗАБ, ВЧДЭ-3 КАРЫМСКАЯ",2025,2024,245 days 03:31:47.270877402,353011.78784795664,224.1726823054487,0.7727620504973222,Осень,4,9,0.0023307163886162,0.0023307163886162,0.0069921491658486,100.68694798822376,0,0,31,"0,22ч",16,"0,72ч",6,"0,38ч",department,Тонкий гребень колеса грузового вагона
1,2025-09-04 02:05:49.346003490,Восточно-Сибирская,CV,"КРАС, ВЧДЭ-8 АБАКАН",2025,2024,245 days 20:27:31.439397288,354027.5239899548,1015.7361419981462,0.7735271614384086,Осень,4,9,0.0023307163886162,0.0023307163886162,0.0069921491658486,100.68694798822376,0,0,51,"8,15ч",16,"1,07ч",10,"0,7ч",department,Технологический нагрев буксового узла
1,2025-09-04 12:12:33.915208067,Восточно-Сибирская,CV,"ЗАБ, ВЧДЭ-7 БЕЛОГОРСК",2025,2024,246 days 06:34:16.008601865,354634.266810031,606.742820076237,0.774292272379495,Осень,4,9,0.0023307163886162,0.0023307163886162,0.0069921491658486,100.68694798822376,0,0,14,"30,52ч",14,"3,08ч",13,"2,77ч",department,Тонкий гребень колеса грузового вагона
1,2025-09-05 16:42:24.227702748,Восточно-Сибирская,CV,"КРАС, ВЧДЭ-7 КРАСНОЯРСК-ВОСТ",2025,2024,247 days 11:04:06.321096546,356344.10535160906,1709.8385415780358,0.7750573833205815,Осень,4,9,0.0023307163886162,0.0023307163886162,0.0069921491658486,100.68694798822376,0,0,39,"8,07ч",20,"1,8ч",16,"0,37ч",department,Несоответствие зазоров скользуна грузового вагона
2,2025-09-06 03:21:57.171129996,Красноярская,CV,"ЗАБ, ВЧДЭ-7 БЕЛОГОРСК",2025,2024,247 days 21:43:39.264523794,356983.65440872987,639.5490571208065,0.7758224942616679,Осень,4,9,0.0023307163886162,0.0023307163886162,0.0069921491658486,100.68694798822376,0,0,43,"8,35ч",14,"1,1ч",10,"2,27ч",department,Неравномерный прокат по кругу катания колеса грузового вагона выше нормы
1,2025-09-06 07:37:18.003587460,Восточно-Сибирская,CV,"КРАС, ВЧДЭ-7 КРАСНОЯРСК-ВОСТ",2025,2024,248 days 01:59:00.096981258,357239.0016163543,255.34720762440705,0.7765876052027544,Осень,4,9,0.0023307163886162,0.0023307163886162,0.0069921491658486,100.68694798822376,0,0,17,"0,4ч",8,"5,75ч",2,"0,32ч",department,Тонкий гребень колеса грузового вагона
3,2025-09-06 13:02:13.234058838,Красноярская,CV,"КРАС, ВЧДЭ-8 АБАКАН",2025,2024,248 days 07:23:55.327452636,357563.9221242106,324.92050785635365,0.7773527161438408,Осень,4,9,0.0023307163886162,0.0023307163886162,0.0069921491658486,100.68694798822376,0,0,,,,,,,department,Тонкий гребень колеса грузового вагона
2,2025-09-07 05:32:22.092932256,Восточно-Сибирская,CV,"Ю-УР, ВЧДЭ-1 ЧЕЛЯБИНСК",2025,2024,248 days 23:54:04.186326054,358554.0697721009,990.1476478903204,0.7781178270849273,Осень,4,9,0.0023307163886162,0.0023307163886162,0.0069921491658486,100.68694798822376,0,0,56,"15,7ч",0,,0,,department,Тонкий гребень колеса грузового вагона
3,2025-09-07 11:16:32.580285942,Куйбышевская,CV,"СВЕРД, ВЧДЭ-4",2025,2024,249 days 05:38:14.673679740,358898.24456132896,344.1747892280109,0.7788829380260138,Осень,4,9,0.0023307163886162,0.0023307163886162,0.0069921491658486,100.68694798822376,0,0,,,,,,,department,Тонкий гребень колеса грузового вагона
3,2025-09-07 13:23:04.355737092,Восточно-Сибирская,CV,"КРАС, ВЧДЭ-7 КРАСНОЯРСК-ВОСТ",2025,2024,249 days 07:44:46.449130890,359024.77415218146,126.5295908525004,0.7796480489671003,Осень,4,9,0.0023307163886162,0.0023307163886162,0.0069921491658486,100.68694798822376,0,0,,,,,,,department,Тонкий гребень колеса грузового вагона
3,2025-09-07 17:28:30.141333534,Дальневосточная,CV,"КРАС, ВЧДЭ-1 БОГОТОЛ",2025,2024,249 days 11:50:12.234727332,359270.2039121222,245.42975994071455,0.7804131599081867,Осень,4,9,0.0023307163886162,0.0023307163886162,0.0069921491658486,100.68694798822376,0,0,,,,,,,department,Технологический нагрев буксового узла
3,2025-09-07 22:40:08.000718264,Красноярская,CV,"ЗАБ, ВЧДЭ-3 КАРЫМСКАЯ",2025,2024,249 days 17:01:50.094112062,359581.8349018677,311.6309897455503,0.7811782708492732,Осень,4,9,0.0023307163886162,0.0023307163886162,0.0069921491658486,100.68694798822376,0,0,,,,,,,department,Неплотность тормозной магистрали грузового вагона
1,2025-09-07 23:23:46.659401964,Октябрьская,CV,"КРАС, ВЧДЭ-7 КРАСНОЯРСК-ВОСТ",2025,2024,249 days 17:45:28.752795762,359625.4792132627,43.64431139494991,0.7819433817903596,Осень,4,9,0.0023307163886162,0.0023307163886162,0.0069921491658486,100.68694798822376,0,0,51,"14,42ч",3,"3,15ч",69,"2,02ч",department,Тонкий гребень колеса грузового вагона
3,2025-09-08 09:07:59.861505042,Красноярская,CV,"ЗАБ, ВЧДЭ-7 БЕЛОГОРСК",2025,2024,250 days 03:29:41.954898840,360209.699248314,584.2200350513449,0.782708492731446,Осень,4,9,0.0023307163886162,0.0023307163886162,0.0069921491658486,100.68694798822376,0,0,,,,,,,department,Несоответствие норм высоты автосцепки грузового вагона
3,2025-09-08 09:57:41.129305626,Октябрьская,CV,"СВЕРД, ВЧДЭ-4",2025,2024,250 days 04:19:23.222699424,360259.3870449904,49.68779667635681,0.7834736036725325,Осень,4,9,0.0023307163886162,0.0023307163886162,0.0069921491658486,100.68694798822376,0,0,,,,,,,department,Другие причины
2,2025-09-08 13:40:23.259215760,Куйбышевская,CV,"З-СИБ, ВЧДЭ-25 НОВОКУЗНЕЦК",2025,2024,250 days 08:02:05.352609558,360482.0892101593,222.70216516894288,0.7842387146136189,Осень,4,9,0.0023307163886162,0.0023307163886162,0.0069921491658486,100.68694798822376,0,0,0,,13,"1,55ч",10,"0,85ч",department,Выщербина на ободе колеса грузового вагона
1,2025-09-09 01:20:57.238206390,Забайкальская,CV,"З-СИБ, ВЧДЭ-6 ИНСКАЯ",2025,2024,250 days 19:42:39.331600188,361182.6555266698,700.5663165104925,0.7850038255547054,Осень,4,9,0.0023307163886162,0.0023307163886162,0.0069921491658486,100.68694798822376,0,0,16,"7,75ч",10,"1,23ч",16,"2,9ч",department,Неравномерный прокат по кругу катания колеса грузового вагона выше нормы
1,2025-09-09 05:51:23.267105304,Западно-Сибирская,CV,"З-СИБ, ВЧДЭ-25 НОВОКУЗНЕЦК",2025,2024,251 days 00:13:05.360499102,361453.0893416517,270.4338149818941,0.7857689364957919,Осень,4,9,0.0023307163886162,0.0023307163886162,0.0069921491658486,100.68694798822376,0,0,51,"6,07ч",8,"0,82ч",30,"1,47ч",department,Тонкий гребень колеса грузового вагона
1,2025-09-09 19:03:06.047431356,Куйбышевская,CV,"КРАС, ВЧДЭ-1 БОГОТОЛ",2025,2024,251 days 13:24:48.140825154,362244.80234708585,791.7130054341396,0.7865340474368784,Осень,4,9,0.0023307163886162,0.0023307163886162,0.0069921491658486,100.68694798822376,0,0,13,"5,33ч",14,"0,25ч",70,"1,05ч",department,Тонкий гребень колеса грузового вагона
3,2025-09-09 22:02:36.212459070,Красноярская,CV,"СВЕРД, ВЧДЭ-4",2025,2024,251 days 16:24:18.305852868,362424.30509754777,179.5027504619211,0.7872991583779648,Осень,4,9,0.0023307163886162,0.0023307163886162,0.0069921491658486,100.68694798822376,0,0,,,,,,,department,Выщербина на ободе колеса грузового вагона
3,2025-09-10 20:39:02.260696008,Куйбышевская,CV,"В-СИБ, ВЧДЭ-10 УЛАН-УДЭ",2025,2024,252 days 15:00:44.354089806,363780.7392348301,1356.4341372823692,0.7880642693190513,Осень,4,9,0.0023307163886162,0.0023307163886162,0.0069921491658486,100.68694798822376,0,0,,,,,,,department,Неравномерный прокат по кругу катания колеса грузового вагона выше нормы
1,2025-09-10 22:19:53.181944412,Восточно-Сибирская,CV,"ЗАБ, ВЧДЭ-3 КАРЫМСКАЯ",2025,2024,252 days 16:41:35.275338210,363881.5879223034,100.8486874732771,0.7888293802601377,Осень,4,9,0.0023307163886162,0.0023307163886162,0.0069921491658486,100.68694798822376,0,0,9,"11,8ч",13,"1,85ч",24,"0,58ч",department,Выщербина на ободе колеса грузового вагона
2,2025-09-10 22:36:37.562705670,Забайкальская,CV,"В-СИБ, ВЧДЭ-13 ТАЙШЕТ",2025,2024,252 days 16:58:19.656099468,363898.3276016578,16.739679354417603,0.7895944912012242,Осень,4,9,0.0023307163886162,0.0023307163886162,0.0069921491658486,100.68694798822376,0,0,31,"10,23ч",13,"0,28ч",11,"1,27ч",department,Тонкий гребень колеса грузового вагона
3,2025-09-11 13:20:04.345262310,Забайкальская,CV,"З-СИБ, ВЧДЭ-25 НОВОКУЗНЕЦК",2025,2024,253 days 07:41:46.438656108,364781.7739776018,883.4463759439532,0.7903596021423106,Осень,4,9,0.0023307163886162,0.0023307163886162,0.0069921491658486,100.68694798822376,0,0,,,,,,,department,Неплотность тормозной магистрали грузового вагона
3,2025-09-11 23:18:39.764493408,Западно-Сибирская,CV,"Д-ВОСТ, ВЧДЭ-1 ХАБАРОВСК",2025,2024,253 days 17:40:21.857887206,365380.36429812014,598.5903205183567,0.791124713083397,Осень,4,9,0.0023307163886162,0.0023307163886162,0.0069921491658486,100.68694798822376,0,0,,,,,,,department,Тонкий гребень колеса грузового вагона
1,2025-09-12 01:11:54.529447050,Забайкальская,CV,"ЗАБ, ВЧДЭ-3 КАРЫМСКАЯ",2025,2024,253 days 19:33:36.622840848,365493.6103806808,113.24608256068312,0.7918898240244836,Осень,4,9,0.0023307163886162,0.0023307163886162,0.0069921491658486,100.68694798822376,0,0,21,"0,35ч",4,"0,08ч",1,"2,18ч",department,Несоответствие зазоров скользуна грузового вагона
1,2025-09-13 07:06:28.520054886,Красноярская,CV,"ЗАБ, ВЧДЭ-3 КАРЫМСКАЯ",2025,2024,255 days 01:28:10.613448684,367288.17689081136,1794.5665101305349,0.79265493496557,Осень,4,9,0.0023307163886162,0.0023307163886162,0.0069921491658486,100.68694798822376,0,0,6,"8,5ч",16,"3,92ч",24,"0,65ч",department,Тонкий гребень колеса грузового вагона
2,2025-09-13 12:05:49.981317282,Октябрьская,CV,"КРАС, ВЧДЭ-1 БОГОТОЛ",2025,2024,255 days 06:27:32.074711080,367587.534578518,299.35768770665163,0.7934200459066565,Осень,4,9,0.0023307163886162,0.0023307163886162,0.0069921491658486,100.68694798822376,0,0,9,"1,78ч",13,"0,58ч",5,"8,03ч",department,Другие причины
3,2025-09-14 09:40:24.075034062,Красноярская,CV,"В-СИБ, ВЧДЭ-13 ТАЙШЕТ",2025,2024,256 days 04:02:06.168427860,368882.10280713096,1294.568228612945,0.7941851568477429,Осень,4,9,0.0023307163886162,0.0023307163886162,0.0069921491658486,100.68694798822376,0,0,,,,,,,department,Выщербина на ободе колеса грузового вагона
2,2025-09-14 14:42:08.096069442,Красноярская,CV,"КРАС, ВЧДЭ-7 КРАСНОЯРСК-ВОСТ",2025,2024,256 days 09:03:50.189463240,369183.836491054,301.73368392302655,0.7949502677888294,Осень,4,9,0.0023307163886162,0.0023307163886162,0.0069921491658486,100.68694798822376,0,0,34,"15,33ч",15,"3,78ч",25,"0,95ч",department,Тонкий гребень колеса грузового вагона
1,2025-09-14 19:16:03.081506820,Красноярская,CV,"КРАС, ВЧДЭ-1 БОГОТОЛ",2025,2024,256 days 13:37:45.174900618,369457.7529150103,273.9164239562815,0.7957153787299158,Осень,4,9,0.0023307163886162,0.0023307163886162,0.0069921491658486,100.68694798822376,0,0,41,"5,38ч",7,"1,1ч",16,"2,03ч",department,Нарушение регулировки рычажной передачи
3,2025-09-14 23:31:53.003949450,Восточно-Сибирская,CV,"В-СИБ, ВЧДЭ-13 ТАЙШЕТ",2025,2024,256 days 17:53:35.097343248,369713.5849557208,255.8320407105493,0.7964804896710023,Осень,4,9,0.0023307163886162,0.0023307163886162,0.0069921491658486,100.68694798822376,0,0,,,,,,,department,Тонкий гребень колеса грузового вагона
3,2025-09-15 02:26:50.566927518,Забайкальская,CV,"КРАС, ВЧДЭ-1 БОГОТОЛ",2025,2024,256 days 20:48:32.660321316,369888.5443386886,174.9593829677906,0.7972456006120887,Осень,4,9,0.0023307163886162,0.0023307163886162,0.0069921491658486,100.68694798822376,0,0,,,,,,,department,Тонкий гребень колеса грузового вагона
3,2025-09-15 07:54:10.775997762,Забайкальская,CV,"КРАС, ВЧДЭ-7 КРАСНОЯРСК-ВОСТ",2025,2024,257 days 02:15:52.869391560,370215.881156526,327.3368178373785,0.7980107115531752,Осень,4,9,0.0023307163886162,0.0023307163886162,0.0069921491658486,100.68694798822376,0,0,,,,,,,department,Несоответствие норм высоты автосцепки грузового вагона
2,2025-09-15 12:12:40.839711924,Восточно-Сибирская,CV,"ЗАБ, ВЧДЭ-3 КАРЫМСКАЯ",2025,2024,257 days 06:34:22.933105722,370474.3822184287,258.5010619026725,0.7987758224942617,Осень,4,9,0.0023307163886162,0.0023307163886162,0.0069921491658486,100.68694798822376,0,0,11,"22,3ч",13,"3,73ч",5,"2,33ч",department,Тонкий гребень колеса грузового вагона
3,2025-09-15 12:28:44.639163222,Забайкальская,CV,"КРАС, ВЧДЭ-8 АБАКАН",2025,2024,257 days 06:50:26.732557020,370490.445542617,16.063324188347906,0.7995409334353482,Осень,4,9,0.0023307163886162,0.0023307163886162,0.0069921491658486,100.68694798822376,0,0,,,,,,,department,Неравномерный прокат по кругу катания колеса грузового вагона выше нормы
2,2025-09-15 14:38:11.180486628,Южно-Уральская,CV,"З-СИБ, ВЧДЭ-6 ИНСКАЯ",2025,2024,257 days 08:59:53.273880426,370619.8878980071,129.44235539011424,0.8003060443764346,Осень,4,9,0.0023307163886162,0.0023307163886162,0.0069921491658486,100.68694798822376,0,0,6,"8,98ч",9,"3,62ч",2,"0,18ч",department,Тонкий гребень колеса грузового вагона
3,2025-09-15 16:21:01.379819910,Восточно-Сибирская,CV,"СВЕРД, ВЧДЭ-4",2025,2024,257 days 10:42:43.473213708,370722.72455356177,102.83665555465268,0.801071155317521,Осень,4,9,0.0023307163886162,0.0023307163886162,0.0069921491658486,100.68694798822376,0,0,,,,,,,department,Неправильное включение режимов отпуска воздухораспределителя
1,2025-09-16 06:48:00.237402323,Забайкальская,CV,"З-СИБ, ВЧДЭ-25 НОВОКУЗНЕЦК",2025,2024,258 days 01:09:42.330796121,371589.7055132687,866.9809597068815,0.8018362662586075,Осень,4,9,0.0023307163886162,0.0023307163886162,0.0069921491658486,100.68694798822376,0,0,17,"243,73ч",9,"1,38ч",22,"15,28ч",department,Выщербина на ободе колеса грузового вагона
1,2025-09-16 13:19:55.831038084,Свердловская,CV,"ЗАБ, ВЧДЭ-7 БЕЛОГОРСК",2025,2024,258 days 07:41:37.924431882,371981.63207386463,391.9265605959809,0.8026013771996939,Осень,4,9,0.0023307163886162,0.0023307163886162,0.0069921491658486,100.68694798822376,0,0,4,"13,53ч",2,"0,28ч",10,"0,7ч",department,Неравномерный прокат по кругу катания колеса грузового вагона выше нормы
2,2025-09-16 23:38:52.436427924,Красноярская,CV,"В-СИБ, ВЧДЭ-10 УЛАН-УДЭ",2025,2024,258 days 18:00:34.529821722,372600.5754970287,618.9434231640189,0.8033664881407804,Осень,4,9,0.0023307163886162,0.0023307163886162,0.0069921491658486,100.68694798822376,0,0,38,"6,42ч",6,"1,6ч",6,"0,75ч",department,Тонкий гребень колеса грузового вагона
3,2025-09-17 22:07:10.765537482,Восточно-Сибирская,CV,"В-СИБ, ВЧДЭ-13 ТАЙШЕТ",2025,2024,259 days 16:28:52.858931280,373948.880982188,1348.305485159333,0.8041315990818668,Осень,4,9,0.0023307163886162,0.0023307163886162,0.0069921491658486,100.68694798822376,0,0,,,,,,,department,Неравномерный прокат по кругу катания колеса грузового вагона выше нормы
1,2025-09-18 05:30:21.770998620,Южно-Уральская,CV,"З-СИБ, ВЧДЭ-6 ИНСКАЯ",2025,2024,259 days 23:52:03.864392418,374392.0644065402,443.1834243522608,0.8048967100229534,Осень,4,9,0.0023307163886162,0.0023307163886162,0.0069921491658486,100.68694798822376,0,0,2,"7,13ч",5,"8,77ч",4,"0,72ч",department,Тонкий гребень колеса грузового вагона
1,2025-09-19 10:28:49.428750768,Западно-Сибирская,CV,"СВЕРД, ВЧДЭ-4",2025,2024,261 days 04:50:31.522144566,376130.5253690761,1738.4609625358717,0.8056618209640398,Осень,4,9,0.0023307163886162,0.0023307163886162,0.0069921491658486,100.68694798822376,0,0,13,"7,12ч",20,"0,37ч",8,"0,62ч",department,Тонкий гребень колеса грузового вагона
1,2025-09-19 13:09:07.678834398,Красноярская,CV,"КРАС, ВЧДЭ-1 БОГОТОЛ",2025,2024,261 days 07:30:49.772228196,376290.8295371366,160.30416806048015,0.8064269319051263,Осень,4,9,0.0023307163886162,0.0023307163886162,0.0069921491658486,100.68694798822376,0,0,5,"3,05ч",14,"1,67ч",25,"1,47ч",department,Технологический нагрев буксового узла
1,2025-09-19 14:37:33.940934748,Свердловская,CV,"В-СИБ, ВЧДЭ-13 ТАЙШЕТ",2025,2024,261 days 08:59:16.034328546,376379.267238809,88.43770167243201,0.8071920428462127,Осень,4,9,0.0023307163886162,0.0023307163886162,0.0069921491658486,100.68694798822376,0,0,41,"6,58ч",25,"0,78ч",25,"0,73ч",department,Тонкий гребень колеса грузового вагона
3,2025-09-19 18:19:06.610388040,Свердловская,CV,"Д-ВОСТ, ВЧДЭ-1 ХАБАРОВСК",2025,2024,261 days 12:40:48.703781838,376600.8117296973,221.5444908883073,0.8079571537872992,Осень,4,9,0.0023307163886162,0.0023307163886162,0.0069921491658486,100.68694798822376,0,0,,,,,,,department,Выщербина на ободе колеса грузового вагона
1,2025-09-19 22:52:09.240491472,Западно-Сибирская,CV,"КРАС, ВЧДЭ-8 АБАКАН",2025,2024,261 days 17:13:51.333885270,376873.8555647545,273.0438350571785,0.8087222647283856,Осень,4,9,0.0023307163886162,0.0023307163886162,0.0069921491658486,100.68694798822376,0,0,13,"5,15ч",9,"5,08ч",3,"0,5ч",department,Неплотность тормозной магистрали грузового вагона
3,2025-09-20 15:00:37.832685528,Южно-Уральская,CV,"КРАС, ВЧДЭ-8 АБАКАН",2025,2024,262 days 09:22:19.926079326,377842.3321013221,968.476536567614,0.809487375669472,Осень,4,9,0.0023307163886162,0.0023307163886162,0.0069921491658486,100.68694798822376,0,0,,,,,,,department,Тонкий гребень колеса грузового вагона
1,2025-09-20 20:52:48.980157984,Северная,CV,"ЗАБ, ВЧДЭ-3 КАРЫМСКАЯ",2025,2024,262 days 15:14:31.073551782,378194.5178925298,352.1857912076521,0.8102524866105585,Осень,4,9,0.0023307163886162,0.0023307163886162,0.0069921491658486,100.68694798822376,0,0,26,"9,92ч",26,"1,32ч",70,"0,28ч",department,Выщербина на ободе колеса грузового вагона
3,2025-09-20 23:21:04.962574944,Восточно-Сибирская,CV,"КРАС, ВЧДЭ-7 КРАСНОЯРСК-ВОСТ",2025,2024,262 days 17:42:47.055968742,378342.7842661457,148.26637361594476,0.811017597551645,Осень,4,9,0.0023307163886162,0.0023307163886162,0.0069921491658486,100.68694798822376,0,0,,,,,,,department,Тонкий гребень колеса грузового вагона
2,2025-09-21 09:03:25.048508868,Западно-Сибирская,CV,"В-СИБ, ВЧДЭ-13 ТАЙШЕТ",2025,2024,263 days 03:25:07.141902666,378925.1190317111,582.3347655653488,0.8117827084927315,Осень,4,9,0.0023307163886162,0.0023307163886162,0.0069921491658486,100.68694798822376,0,0,41,"3,38ч",15,"3,68ч",13,"3,02ч",department,Выщербина на ободе колеса грузового вагона
3,2025-09-21 14:05:50.875642728,Восточно-Сибирская,CV,"КРАС, ВЧДЭ-7 КРАСНОЯРСК-ВОСТ",2025,2024,263 days 08:27:32.969036526,379227.5494839421,302.4304522310267,0.8125478194338179,Осень,4,9,0.0023307163886162,0.0023307163886162,0.0069921491658486,100.68694798822376,0,0,,,,,,,department,Неплотность тормозной магистрали грузового вагона
1,2025-09-21 15:21:44.702380890,Забайкальская,CV,"СВЕРД, ВЧДЭ-4",2025,2024,263 days 09:43:26.795774688,379303.4465962448,75.89711230265675,0.8133129303749044,Осень,4,9,0.0023307163886162,0.0023307163886162,0.0069921491658486,100.68694798822376,0,0,35,"2,92ч",25,"3,62ч",50,"1,7ч",department,Тонкий гребень колеса грузового вагона
1,2025-09-21 21:30:42.715245936,Западно-Сибирская,CV,"ЗАБ, ВЧДЭ-3 КАРЫМСКАЯ",2025,2024,263 days 15:52:24.808639734,379672.4134773289,368.96688108413946,0.8140780413159908,Осень,4,9,0.0023307163886162,0.0023307163886162,0.0069921491658486,100.68694798822376,0,0,18,"7,67ч",15,"1,52ч",13,"0,92ч",department,Неравномерный прокат по кругу катания колеса грузового вагона выше нормы
2,2025-09-22 14:50:32.848351590,Восточно-Сибирская,CV,"В-СИБ, ВЧДЭ-10 УЛАН-УДЭ",2025,2024,264 days 09:12:14.941745388,380712.2490290898,1039.835551760916,0.8148431522570773,Осень,4,9,0.0023307163886162,0.0023307163886162,0.0069921491658486,100.68694798822376,0,0,4,"5,63ч",4,"1,08ч",18,"37,02ч",department,Тонкий гребень колеса грузового вагона
1,2025-09-23 04:03:54.744230748,Западно-Сибирская,CV,"В-СИБ, ВЧДЭ-10 УЛАН-УДЭ",2025,2024,264 days 22:25:36.837624546,381505.613960409,793.3649313192,0.8156082631981637,Осень,4,9,0.0023307163886162,0.0023307163886162,0.0069921491658486,100.68694798822376,0,0,39,"22,3ч",5,"0,92ч",1,"0,68ч",department,Технологический нагрев буксового узла
3,2025-09-23 10:23:07.774538699,Западно-Сибирская,CV,"Д-ВОСТ, ВЧДЭ-1 ХАБАРОВСК",2025,2024,265 days 04:44:49.867932497,381884.8311322082,379.2171717992169,0.8163733741392502,Осень,4,9,0.0023307163886162,0.0023307163886162,0.0069921491658486,100.68694798822376,0,0,,,,,,,department,Ослабление (разрушение) торцевого крепления
3,2025-09-23 13:46:13.099450452,Восточно-Сибирская,CV,"В-СИБ, ВЧДЭ-13 ТАЙШЕТ",2025,2024,265 days 08:07:55.192844250,382087.9198807375,203.0887485292624,0.8171384850803366,Осень,4,9,0.0023307163886162,0.0023307163886162,0.0069921491658486,100.68694798822376,0,0,,,,,,,department,Тонкий гребень колеса грузового вагона
1,2025-09-23 14:25:15.627061710,Восточно-Сибирская,CV,"В-СИБ, ВЧДЭ-13 ТАЙШЕТ",2025,2024,265 days 08:46:57.720455508,382126.9620075918,39.04212685429957,0.8179035960214232,Осень,4,9,0.0023307163886162,0.0023307163886162,0.0069921491658486,100.68694798822376,0,0,19,"16,2ч",6,"1,77ч",1,"3,97ч",department,Неисправность магистральной части воздухораспределителя
3,2025-09-23 18:57:22.351823796,Забайкальская,CV,"ОКТ, ВЧДЭ-28 ВОЛХОВСТРОЙ",2025,2024,265 days 13:19:04.445217594,382399.0740869598,272.1120793680311,0.8186687069625096,Осень,4,9,0.0023307163886162,0.0023307163886162,0.0069921491658486,100.68694798822376,0,0,,,,,,,department,Тонкий гребень колеса грузового вагона
1,2025-09-24 04:55:44.967094176,Северная,CV,"Д-ВОСТ, ВЧДЭ-1 ХАБАРОВСК",2025,2024,265 days 23:17:27.060487974,382997.4510081329,598.3769211730687,0.819433817903596,Осень,4,9,0.0023307163886162,0.0023307163886162,0.0069921491658486,100.68694798822376,0,0,2,"7,92ч",2,"1,65ч",70,"1,7ч",department,Ослабление (разрушение) торцевого крепления
1,2025-09-24 08:07:24.818814714,Забайкальская,CV,"СВЕРД, ВЧДЭ-4",2025,2024,266 days 02:29:06.912208512,383189.1152034752,191.66419534233864,0.8201989288446825,Осень,4,9,0.0023307163886162,0.0023307163886162,0.0069921491658486,100.68694798822376,0,0,55,"15,18ч",20,"1,22ч",16,"0,1ч",department,Другие причины
1,2025-09-24 10:02:35.922271140,Дальневосточная,CV,"КРАС, ВЧДЭ-7 КРАСНОЯРСК-ВОСТ",2025,2024,266 days 04:24:18.015664938,383304.30026108224,115.18505760701372,0.8209640397857689,Осень,4,9,0.0023307163886162,0.0023307163886162,0.0069921491658486,100.68694798822376,0,0,35,"1,93ч",2,"3,58ч",3,"3,02ч",department,Тонкий гребень колеса грузового вагона
3,2025-09-25 05:12:06.145252674,Забайкальская,CV,"КРАС, ВЧДЭ-7 КРАСНОЯРСК-ВОСТ",2025,2024,266 days 23:33:48.238646472,384453.8039774412,1149.5037163589732,0.8217291507268554,Осень,4,9,0.0023307163886162,0.0023307163886162,0.0069921491658486,100.68694798822376,0,0,,,,,,,department,Тонкий гребень колеса грузового вагона
2,2025-09-25 17:31:33.931455942,Восточно-Сибирская,CV,"ЗАБ, ВЧДЭ-3 КАРЫМСКАЯ",2025,2024,267 days 11:53:16.024849740,385193.26708082895,739.4631033877376,0.8224942616679418,Осень,4,9,0.0023307163886162,0.0023307163886162,0.0069921491658486,100.68694798822376,0,0,43,"1,03ч",15,"0,47ч",2,"3,73ч",department,Ослабление (разрушение) торцевого крепления
2,2025-09-26 00:47:51.446877384,Южно-Уральская,CV,"ЗАБ, ВЧДЭ-7 БЕЛОГОРСК",2025,2024,267 days 19:09:33.540271182,385629.5590045198,436.2919236908201,0.8232593726090283,Осень,4,9,0.0023307163886162,0.0023307163886162,0.0069921491658486,100.68694798822376,0,0,17,"7,28ч",15,"2,02ч",1,"0,4ч",department,Тонкий гребень колеса грузового вагона
1,2025-09-26 01:50:57.996889386,Забайкальская,CV,"КРАС, ВЧДЭ-8 АБАКАН",2025,2024,267 days 20:12:40.090283184,385692.6681713864,63.10916686663404,0.8240244835501148,Осень,4,9,0.0023307163886162,0.0023307163886162,0.0069921491658486,100.68694798822376,0,0,43,"7,48ч",9,"1,28ч",5,"1,57ч",department,"Шелушение, раковины, коррозия на деталях подшипника"
3,2025-09-26 02:58:08.016082253,Забайкальская,CV,"ЗАБ, ВЧДЭ-3 КАРЫМСКАЯ",2025,2024,267 days 21:19:50.109476051,385759.8351579342,67.16698654781794,0.8247895944912013,Осень,4,9,0.0023307163886162,0.0023307163886162,0.0069921491658486,100.68694798822376,0,0,,,,,,,department,Выщербина на ободе колеса грузового вагона
2,2025-09-26 03:44:52.585199808,Восточно-Сибирская,CV,"ОКТ, ВЧДЭ-28 ВОЛХОВСТРОЙ",2025,2024,267 days 22:06:34.678593606,385806.57797656016,46.74281862593489,0.8255547054322877,Осень,4,9,0.0023307163886162,0.0023307163886162,0.0069921491658486,100.68694798822376,0,0,39,"6,77ч",8,"0,5ч",0,,department,Неправильное включение режимов отпуска воздухораспределителя
1,2025-09-26 10:35:51.585317340,Восточно-Сибирская,CV,"КРАС, ВЧДЭ-7 КРАСНОЯРСК-ВОСТ",2025,2024,268 days 04:57:33.678711138,386217.56131185225,410.9833352920832,0.8263198163733741,Осень,4,9,0.0023307163886162,0.0023307163886162,0.0069921491658486,100.68694798822376,0,0,22,"12,67ч",1,"2,3ч",15,"1,18ч",department,Другие причины
1,2025-09-26 11:28:32.942016437,Красноярская,CV,"КРАС, ВЧДЭ-1 БОГОТОЛ",2025,2024,268 days 05:50:15.035410235,386270.2505901706,52.68927831837209,0.8270849273144606,Осень,4,9,0.0023307163886162,0.0023307163886162,0.0069921491658486,100.68694798822376,0,0,30,"1,3ч",4,"2,38ч",4,"2,07ч",department,Неравномерный прокат по кругу катания колеса грузового вагона выше нормы
2,2025-09-27 00:41:55.587311292,Западно-Сибирская,CV,"ЗАБ, ВЧДЭ-7 БЕЛОГОРСК",2025,2024,268 days 19:03:37.680705090,387063.6280117515,793.3774215808953,0.827850038255547,Осень,4,9,0.0023307163886162,0.0023307163886162,0.0069921491658486,100.68694798822376,0,0,118,"23,72ч",16,"1,77ч",31,"3,97ч",department,Выщербина на ободе колеса грузового вагона
3,2025-09-28 12:08:40.761529050,Северная,CV,"КРАС, ВЧДЭ-7 КРАСНОЯРСК-ВОСТ",2025,2024,270 days 06:30:22.854922848,389190.3809153808,2126.752903629327,0.8286151491966335,Осень,4,9,0.0023307163886162,0.0023307163886162,0.0069921491658486,100.68694798822376,0,0,,,,,,,department,Неравномерный прокат по кругу катания колеса грузового вагона выше нормы
1,2025-09-28 15:24:26.223092790,Восточно-Сибирская,CV,"В-СИБ, ВЧДЭ-13 ТАЙШЕТ",2025,2024,270 days 09:46:08.316486588,389386.13860810985,195.7576927290065,0.8293802601377199,Осень,4,9,0.0023307163886162,0.0023307163886162,0.0069921491658486,100.68694798822376,0,0,118,"3,07ч",16,"1,53ч",26,"0,65ч",department,Неравномерный прокат по кругу катания колеса грузового вагона выше нормы
2,2025-09-28 19:43:48.780932472,Октябрьская,CV,"В-СИБ, ВЧДЭ-13 ТАЙШЕТ",2025,2024,270 days 14:05:30.874326270,389645.51457210456,259.3759639947093,0.8301453710788065,Осень,4,9,0.0023307163886162,0.0023307163886162,0.0069921491658486,100.68694798822376,0,0,28,"0,92ч",0,,26,"1,07ч",department,Выщербина на ободе колеса грузового вагона
1,2025-09-29 04:37:23.997456114,Свердловская,CV,"В-СИБ, ВЧДЭ-10 УЛАН-УДЭ",2025,2024,270 days 22:59:06.090849912,390179.1015141652,533.5869420606759,0.8309104820198929,Осень,4,9,0.0023307163886162,0.0023307163886162,0.0069921491658486,100.68694798822376,0,0,35,"47,2ч",2,"1,83ч",8,"2,53ч",department,Неравномерный прокат по кругу катания колеса грузового вагона выше нормы
3,2025-09-30 00:24:36.658588554,Дальневосточная,CV,"ОКТ, ВЧДЭ-28 ВОЛХОВСТРОЙ",2025,2024,271 days 18:46:18.751982352,391366.3125330393,1187.211018874019,0.8316755929609794,Осень,4,9,0.0023307163886162,0.0023307163886162,0.0069921491658486,100.68694798822376,0,0,,,,,,,department,Тонкий гребень колеса грузового вагона
3,2025-09-30 16:27:55.228424880,Восточно-Сибирская,CV,"Д-ВОСТ, ВЧДЭ-1 ХАБАРОВСК",2025,2024,272 days 10:49:37.321818678,392329.6220303113,963.309497272072,0.8324407039020658,Осень,4,9,0.0023307163886162,0.0023307163886162,0.0069921491658486,100.68694798822376,0,0,,,,,,,department,Тонкий гребень колеса грузового вагона
3,2025-09-30 16:53:22.230055728,Северная,CV,"Д-ВОСТ, ВЧДЭ-1 ХАБАРОВСК",2025,2024,272 days 11:15:04.323449526,392355.07205749216,25.450027180835605,0.8332058148431523,Осень,4,9,0.0023307163886162,0.0023307163886162,0.0069921491658486,100.68694798822376,0,0,,,,,,,department,Выщербина на ободе колеса грузового вагона
3,2025-09-30 18:12:50.169057654,Восточно-Сибирская,CV,"З-СИБ, ВЧДЭ-6 ИНСКАЯ",2025,2024,272 days 12:34:32.262451452,392434.5377075242,79.4656500320416,0.8339709257842387,Осень,4,9,0.0023307163886162,0.0023307163886162,0.0069921491658486,100.68694798822376,0,0,,,,,,,department,Нарушение регулировки рычажной передачи
3,2025-10-01 04:15:35.555918424,Забайкальская,CV,"З-СИБ, ВЧДЭ-25 НОВОКУЗНЕЦК",2025,2024,272 days 22:37:17.649312222,393037.2941552037,602.7564476795378,0.8347360367253251,Осень,4,10,0.0023307163886162,0.0023307163886162,0.0069921491658486,100.68694798822376,0,0,,,,,,,department,Разрегулирование рычажной передачи грузового вагона
2,2025-10-01 12:36:33.749034054,Дальневосточная,CV,"З-СИБ, ВЧДЭ-6 ИНСКАЯ",2025,2024,273 days 06:58:15.842427852,393538.2640404642,500.969885260507,0.8355011476664116,Осень,4,10,0.0023307163886162,0.0023307163886162,0.0069921491658486,100.68694798822376,0,0,27,"15,22ч",16,"1,95ч",50,"0,88ч",department,Выщербина на ободе колеса грузового вагона
3,2025-10-01 13:37:54.208697262,Октябрьская,CV,"ЗАБ, ВЧДЭ-3 КАРЫМСКАЯ",2025,2024,273 days 07:59:36.302091060,393599.60503485095,61.34099438670091,0.836266258607498,Осень,4,10,0.0023307163886162,0.0023307163886162,0.0069921491658486,100.68694798822376,0,0,,,,,,,department,Тонкий гребень колеса грузового вагона
2,2025-10-01 18:37:04.523797980,Восточно-Сибирская,CV,"КРАС, ВЧДЭ-7 КРАСНОЯРСК-ВОСТ",2025,2024,273 days 12:58:46.617191778,393898.7769531962,299.17191834532423,0.8370313695485846,Осень,4,10,0.0023307163886162,0.0023307163886162,0.0069921491658486,100.68694798822376,0,0,21,"23,98ч",8,"1,75ч",16,"0,13ч",department,"Шелушение, раковины, коррозия на деталях подшипника"
3,2025-10-02 05:28:18.453544254,Забайкальская,CV,"ЗАБ, ВЧДЭ-3 КАРЫМСКАЯ",2025,2024,273 days 23:50:00.546938052,394550.0091156342,651.2321624379256,0.837796480489671,Осень,4,10,0.0023307163886162,0.0023307163886162,0.0069921491658486,100.68694798822376,0,0,,,,,,,department,Неправильное включение режимов отпуска воздухораспределителя
3,2025-10-02 07:14:14.422546872,Забайкальская,CV,"КРАС, ВЧДЭ-7 КРАСНОЯРСК-ВОСТ",2025,2024,274 days 01:35:56.515940670,394655.9419323446,105.9328167103813,0.8385615914307575,Осень,4,10,0.0023307163886162,0.0023307163886162,0.0069921491658486,100.68694798822376,0,0,,,,,,,department,"Шелушение, раковины, коррозия на деталях подшипника"
1,2025-10-02 21:53:52.403820882,Восточно-Сибирская,CV,"ЗАБ, ВЧДЭ-7 БЕЛОГОРСК",2025,2024,274 days 16:15:34.497214680,395535.574953578,879.6330212334287,0.8393267023718439,Осень,4,10,0.0023307163886162,0.0023307163886162,0.0069921491658486,100.68694798822376,0,0,9,"18,58ч",2,"0,55ч",31,"0,85ч",department,Тонкий гребень колеса грузового вагона
2,2025-10-02 22:17:13.510751010,Западно-Сибирская,CV,"З-СИБ, ВЧДЭ-23 БЕЛОВО",2025,2024,274 days 16:38:55.604144808,395558.9267357468,23.351782168785576,0.8400918133129304,Осень,4,10,0.0023307163886162,0.0023307163886162,0.0069921491658486,100.68694798822376,0,0,32,"13,75ч",15,"3,78ч",30,"1,62ч",department,Неравномерный прокат по кругу катания колеса грузового вагона выше нормы
1,2025-10-03 09:11:10.086507372,Западно-Сибирская,CV,"ЗАБ, ВЧДЭ-7 БЕЛОГОРСК",2025,2024,275 days 03:32:52.179901170,396212.86966501945,653.9429292726563,0.8408569242540168,Осень,4,10,0.0023307163886162,0.0023307163886162,0.0069921491658486,100.68694798822376,0,0,76,"1,47ч",14,"1,77ч",17,"1,37ч",department,Тонкий гребень колеса грузового вагона
1,2025-10-03 16:01:37.052545242,Восточно-Сибирская,CV,"Д-ВОСТ, ВЧДЭ-1 ХАБАРОВСК",2025,2024,275 days 10:23:19.145939040,396623.319098984,410.4494339645608,0.8416220351951033,Осень,4,10,0.0023307163886162,0.0023307163886162,0.0069921491658486,100.68694798822376,0,0,27,"2,97ч",10,"2,15ч",9,"0,82ч",department,Тонкий гребень колеса грузового вагона
3,2025-10-03 18:44:04.120063278,Красноярская,CV,"ЗАБ, ВЧДЭ-3 КАРЫМСКАЯ",2025,2024,275 days 13:05:46.213457076,396785.7702242846,162.45112530060578,0.8423871461361897,Осень,4,10,0.0023307163886162,0.0023307163886162,0.0069921491658486,100.68694798822376,0,0,,,,,,,department,Тонкий гребень колеса грузового вагона
1,2025-10-04 03:51:40.157899518,Западно-Сибирская,CV,"КРАС, ВЧДЭ-7 КРАСНОЯРСК-ВОСТ",2025,2024,275 days 22:13:22.251293316,397333.37085488864,547.6006306040217,0.8431522570772763,Осень,4,10,0.0023307163886162,0.0023307163886162,0.0069921491658486,100.68694798822376,0,0,28,"0,9ч",25,"0,98ч",13,"3,5ч",department,Тонкий гребень колеса грузового вагона
1,2025-10-04 14:45:56.918414886,Южно-Уральская,CV,"ЗАБ, ВЧДЭ-3 КАРЫМСКАЯ",2025,2024,276 days 09:07:39.011808684,397987.65019681136,654.2793419227237,0.8439173680183627,Осень,4,10,0.0023307163886162,0.0023307163886162,0.0069921491658486,100.68694798822376,0,0,0,,16,"6,13ч",50,"0,28ч",department,Тонкий гребень колеса грузового вагона
2,2025-10-05 10:11:30.033815556,Красноярская,CV,"КРАС, ВЧДЭ-8 АБАКАН",2025,2024,277 days 04:33:12.127209354,399153.2021201559,1165.5519233444938,0.8446824789594491,Осень,4,10,0.0023307163886162,0.0023307163886162,0.0069921491658486,100.68694798822376,0,0,30,"5,42ч",5,"2,58ч",12,"0,12ч",department,Тонкий гребень колеса грузового вагона
3,2025-10-05 13:28:13.514132994,Южно-Уральская,CV,"З-СИБ, ВЧДЭ-23 БЕЛОВО",2025,2024,277 days 07:49:55.607526792,399349.9267921132,196.72467195731588,0.8454475899005356,Осень,4,10,0.0023307163886162,0.0023307163886162,0.0069921491658486,100.68694798822376,0,0,,,,,,,department,Неравномерный прокат по кругу катания колеса грузового вагона выше нормы
1,2025-10-05 21:45:14.789671746,Восточно-Сибирская,CV,"КРАС, ВЧДЭ-7 КРАСНОЯРСК-ВОСТ",2025,2024,277 days 16:06:56.883065544,399846.9480510924,497.0212589792209,0.846212700841622,Осень,4,10,0.0023307163886162,0.0023307163886162,0.0069921491658486,100.68694798822376,0,0,15,"0,43ч",16,"4,05ч",25,"1,28ч",department,Обрыв (излом) трубы магистрали воздухопровода и подводящих труб
2,2025-10-06 04:21:11.937802974,Красноярская,CV,"З-СИБ, ВЧДЭ-12 ВХОДНАЯ",2025,2024,277 days 22:42:54.031196772,400242.90051994624,395.9524688538513,0.8469778117827085,Осень,4,10,0.0023307163886162,0.0023307163886162,0.0069921491658486,100.68694798822376,0,0,13,"1,5ч",15,"1,55ч",24,"2,53ч",department,Тонкий гребень колеса грузового вагона
1,2025-10-06 09:40:47.357081442,Восточно-Сибирская,CV,"КРАС, ВЧДЭ-7 КРАСНОЯРСК-ВОСТ",2025,2024,278 days 04:02:29.450475240,400562.490841254,319.59032130771084,0.8477429227237949,Осень,4,10,0.0023307163886162,0.0023307163886162,0.0069921491658486,100.68694798822376,0,0,55,"1,48ч",5,"11,18ч",0,,department,Разрегулирование рычажной передачи грузового вагона
3,2025-10-07 01:29:27.235575432,Забайкальская,CV,"ОКТ, ВЧДЭ-28 ВОЛХОВСТРОЙ",2025,2024,278 days 19:51:09.328969230,401511.1554828205,948.6646415665746,0.8485080336648814,Осень,4,10,0.0023307163886162,0.0023307163886162,0.0069921491658486,100.68694798822376,0,0,,,,,,,department,Неравномерный прокат по кругу катания колеса грузового вагона выше нормы
1,2025-10-07 01:30:48.901642824,Восточно-Сибирская,CV,"СВЕРД, ВЧДЭ-4",2025,2024,278 days 19:52:30.995036622,401512.5165839437,1.3611011232133023,0.8492731446059678,Осень,4,10,0.0023307163886162,0.0023307163886162,0.0069921491658486,100.68694798822376,0,0,13,"1,02ч",15,"1,95ч",12,"0,55ч",department,Тонкий гребень колеса грузового вагона
2,2025-10-07 03:53:01.243815996,Красноярская,CV,"КРАС, ВЧДЭ-7 КРАСНОЯРСК-ВОСТ",2025,2024,278 days 22:14:43.337209794,401654.7222868298,142.2057028861018,0.8500382555470544,Осень,4,10,0.0023307163886162,0.0023307163886162,0.0069921491658486,100.68694798822376,0,0,37,"0,8ч",8,"0,6ч",26,"0,65ч",department,Выщербина на ободе колеса грузового вагона
3,2025-10-07 09:24:35.315631684,Восточно-Сибирская,CV,"СВЕРД, ВЧДЭ-4",2025,2024,279 days 03:46:17.409025482,401986.29015042464,331.56786359479884,0.8508033664881408,Осень,4,10,0.0023307163886162,0.0023307163886162,0.0069921491658486,100.68694798822376,0,0,,,,,,,department,Технологический нагрев буксового узла
1,2025-10-07 10:42:35.913794880,Забайкальская,CV,"КРАС, ВЧДЭ-7 КРАСНОЯРСК-ВОСТ",2025,2024,279 days 05:04:18.007188678,402064.3001198114,78.0099693867378,0.8515684774292273,Осень,4,10,0.0025172643330997,0.0023307163886162,0.0069921491658486,100.68694798822376,0,1,37,"43,73ч",9,"1,62ч",30,"1,87ч",department,Тонкий гребень колеса грузового вагона
3,2025-10-08 00:52:59.411937204,Восточно-Сибирская,CV,"КРАС, ВЧДЭ-7 КРАСНОЯРСК-ВОСТ",2025,2024,279 days 19:14:41.505331002,402914.69175551663,850.3916357052512,0.8523335883703137,Осень,4,10,0.0028040222090581,0.0023307163886162,0.0069921491658486,100.68694798822376,0,1,,,,,,,department,Неисправность магистральной части воздухораспределителя
2,2025-10-08 06:01:21.279843966,Забайкальская,CV,"КРАС, ВЧДЭ-8 АБАКАН",2025,2024,280 days 00:23:03.373237764,403223.05622062937,308.3644651127397,0.8530986993114001,Осень,4,10,0.0033822785967292,0.0023307163886162,0.0069921491658486,100.68694798822376,0,1,15,"222,55ч",25,"3,15ч",4,"1,18ч",department,Неравномерный прокат по кругу катания колеса грузового вагона выше нормы
1,2025-10-08 08:52:16.471658868,Забайкальская,CV,"КРАС, ВЧДЭ-7 КРАСНОЯРСК-ВОСТ",2025,2024,280 days 03:13:58.565052666,403393.9760842111,170.91986358171562,0.8538638102524866,Осень,4,10,0.0038021535612316,0.0023307163886162,0.0069921491658486,100.68694798822376,0,1,39,"2,67ч",10,"0,37ч",11,"2,12ч",department,Выщербина на ободе колеса грузового вагона
3,2025-10-08 16:06:51.515347032,Дальневосточная,CV,"В-СИБ, ВЧДЭ-10 УЛАН-УДЭ",2025,2024,280 days 10:28:33.608740830,403828.56014568056,434.5840614694753,0.854628921193573,Осень,4,10,0.0038790852869988,0.0023307163886162,0.0069921491658486,100.68694798822376,0,1,,,,,,,department,Выщербина на ободе колеса грузового вагона
3,2025-10-08 18:38:05.912063412,Свердловская,CV,"ЗАБ, ВЧДЭ-7 БЕЛОГОРСК",2025,2024,280 days 12:59:48.005457210,403979.8000909535,151.2399452729151,0.8553940321346595,Осень,4,10,0.0039635663471957,0.0023307163886162,0.0069921491658486,100.68694798822376,0,1,,,,,,,department,Тонкий гребень колеса грузового вагона
3,2025-10-08 21:59:15.283213343,Октябрьская,CV,"КРАС, ВЧДЭ-8 АБАКАН",2025,2024,280 days 16:20:57.376607141,404180.9562767856,201.15618583216565,0.856159143075746,Осень,4,10,0.0040661135451156,0.0023307163886162,0.0069921491658486,100.68694798822376,0,1,,,,,,,department,Тонкий гребень колеса грузового вагона
2,2025-10-08 21:59:55.264910208,Дальневосточная,CV,"З-СИБ, ВЧДЭ-23 БЕЛОВО",2025,2024,280 days 16:21:37.358304006,404181.6226384001,0.6663616144796833,0.8569242540168325,Осень,4,10,0.0041340714062253,0.0023307163886162,0.0069921491658486,100.68694798822376,0,1,13,"3,22ч",14,"2,33ч",15,"1,37ч",department,Несоответствие зазоров скользуна грузового вагона
2,2025-10-08 23:41:36.976436190,Дальневосточная,CV,"КРАС, ВЧДЭ-7 КРАСНОЯРСК-ВОСТ",2025,2024,280 days 18:03:19.069829988,404283.31783049984,101.6951920997235,0.8576893649579189,Осень,4,10,0.0044764563281494,0.0023307163886162,0.0069921491658486,100.68694798822376,0,1,12,"15,22ч",1,"2,37ч",1,"0,25ч",department,Неплотность тормозной магистрали грузового вагона
2,2025-10-09 00:08:07.384672368,Свердловская,CV,"ЗАБ, ВЧДЭ-3 КАРЫМСКАЯ",2025,2024,280 days 18:29:49.478066166,404309.82463443617,26.506803936325014,0.8584544758990054,Осень,4,10,0.0056369470528225,0.0023307163886162,0.0069921491658486,100.68694798822376,0,1,31,"6,75ч",20,"1,88ч",13,"1,67ч",department,Тонкий гребень колеса грузового вагона
3,2025-10-09 03:29:58.553051520,Восточно-Сибирская,CV,"КРАС, ВЧДЭ-7 КРАСНОЯРСК-ВОСТ",2025,2024,280 days 21:51:40.646445318,404511.6774407553,201.85280631913335,0.8592195868400918,Осень,4,10,0.005797190788876,0.0023307163886162,0.0069921491658486,100.68694798822376,0,1,,,,,,,department,Тонкий гребень колеса грузового вагона
1,2025-10-09 05:20:03.934177421,Октябрьская,CV,"КРАС, ВЧДЭ-7 КРАСНОЯРСК-ВОСТ",2025,2024,280 days 23:41:46.027571219,404621.767126187,110.08968543168156,0.8599846977811783,Осень,4,10,0.0059229616351962,0.0023307163886162,0.0069921491658486,100.68694798822376,0,1,21,"6,72ч",0,,29,"2,03ч",department,Технологический нагрев буксового узла
1,2025-10-09 06:20:02.954378292,Восточно-Сибирская,CV,"ЗАБ, ВЧДЭ-3 КАРЫМСКАЯ",2025,2024,281 days 00:41:45.047772090,404681.7507962015,59.9836700144806,0.8607498087222647,Осень,4,10,0.0059881113852867,0.0023307163886162,0.0069921491658486,100.68694798822376,0,1,4,"24,28ч",9,"1,52ч",11,"0,15ч",department,Неисправность воздухораспределителя грузового вагона
2,2025-10-09 08:04:37.483123086,Забайкальская,CV,"КРАС, ВЧДЭ-7 КРАСНОЯРСК-ВОСТ",2025,2024,281 days 02:26:19.576516884,404786.32627528143,104.57547907996924,0.8615149196633511,Осень,4,10,0.0060319751177184,0.0023307163886162,0.0069921491658486,100.68694798822376,0,1,32,"8,9ч",26,"1,07ч",3,"2,07ч",department,Выщербина на ободе колеса грузового вагона
1,2025-10-09 08:42:07.803854742,Забайкальская,CV,"В-СИБ, ВЧДЭ-13 ТАЙШЕТ",2025,2024,281 days 03:03:49.897248540,404823.831620809,37.50534552754834,0.8622800306044377,Осень,4,10,0.0062725444508732,0.0023307163886162,0.0069921491658486,100.68694798822376,0,1,13,"19,4ч",0,,7,"0,42ч",department,Выщербина на ободе колеса грузового вагона
3,2025-10-09 14:52:44.940432660,Забайкальская,CV,"КРАС, ВЧДЭ-7 КРАСНОЯРСК-ВОСТ",2025,2024,281 days 09:14:27.033826458,405194.4505637743,370.6189429652877,0.8630451415455241,Осень,4,10,0.0069921491658486,0.0023307163886162,0.0069921491658486,100.68694798822376,1,0,,,,,,,department,Ослабление (разрушение) торцевого крепления
3,2025-10-09 15:00:41.049675036,Свердловская,CV,"КРАС, ВЧДЭ-7 КРАСНОЯРСК-ВОСТ",2025,2024,281 days 09:22:23.143068834,405202.38571781386,7.93515403958736,0.8638102524866106,Осень,4,10,0.0069921491658486,0.0023307163886162,0.0069921491658486,100.68694798822376,1,0,,,,,,,department,Технологический нагрев буксового узла
3,2025-10-09 19:47:30.989433947,Октябрьская,CV,"ЗАБ, ВЧДЭ-3 КАРЫМСКАЯ",2025,2024,281 days 14:09:13.082827745,405489.21804712905,286.8323293151916,0.864575363427697,Осень,4,10,0.0069921491658486,0.0023307163886162,0.0069921491658486,100.68694798822376,1,0,,,,,,,department,Тонкий гребень колеса грузового вагона
1,2025-10-09 21:29:56.111007720,Восточно-Сибирская,CV,"ЗАБ, ВЧДЭ-7 БЕЛОГОРСК",2025,2024,281 days 15:51:38.204401518,405591.6367400253,102.41869289625902,0.8653404743687835,Осень,4,10,0.0069921491658486,0.0023307163886162,0.0069921491658486,100.68694798822376,1,0,23,"22,78ч",26,"3,63ч",12,"0,48ч",department,Тонкий гребень колеса грузового вагона
1,2025-10-09 23:47:55.243452540,Октябрьская,CV,"З-СИБ, ВЧДЭ-25 НОВОКУЗНЕЦК",2025,2024,281 days 18:09:37.336846338,405729.62228077225,137.98554074694405,0.8661055853098699,Осень,4,10,0.0069921491658486,0.0023307163886162,0.0069921491658486,100.68694798822376,1,0,35,"10,2ч",5,"6,13ч",12,"15,28ч",department,Тонкий гребень колеса грузового вагона
1,2025-10-10 00:39:27.890900676,Забайкальская,CV,"ЗАБ, ВЧДЭ-3 КАРЫМСКАЯ",2025,2024,281 days 19:01:09.984294474,405781.1664049078,51.54412413557293,0.8668706962509564,Осень,4,10,0.0069921491658486,0.0023307163886162,0.0069921491658486,100.68694798822376,1,0,19,"0,45ч",1,"4,87ч",25,"3,45ч",department,Тонкий гребень колеса грузового вагона
3,2025-10-10 08:46:01.715884572,Забайкальская,CV,"ОКТ, ВЧДЭ-28 ВОЛХОВСТРОЙ",2025,2024,282 days 03:07:43.809278370,406267.73015463946,486.56374973163474,0.8676358071920428,Осень,4,10,0.0069921491658486,0.0023307163886162,0.0069921491658486,100.68694798822376,1,0,,,,,,,department,Несоответствие момента затяжки накидной гайки установленному нормативу
2,2025-10-10 09:33:22.714939020,Дальневосточная,CV,"Д-ВОСТ, ВЧДЭ-1 ХАБАРОВСК",2025,2024,282 days 03:55:04.808332818,406315.0801388802,47.3499842407764,0.8684009181331293,Осень,4,10,0.0069921491658486,0.0023307163886162,0.0069921491658486,100.68694798822376,1,0,1,"7,83ч",14,"1,6ч",16,"1,6ч",department,Неисправность воздухораспределителя грузового вагона
1,2025-10-10 11:40:30.114556884,Восточно-Сибирская,CV,"КРАС, ВЧДЭ-8 АБАКАН",2025,2024,282 days 06:02:12.207950682,406442.2034658447,127.12332696444356,0.8691660290742158,Осень,4,10,0.0069921491658486,0.0023307163886162,0.0069921491658486,100.68694798822376,1,0,8,"8,2ч",14,"0,32ч",1,"3,05ч",department,Завар тормозного башмака грузового вагона
2,2025-10-10 23:38:54.629030742,Забайкальская,CV,"ЗАБ, ВЧДЭ-7 БЕЛОГОРСК",2025,2024,282 days 18:00:36.722424540,407160.612040409,718.4085745643242,0.8699311400153023,Осень,4,10,0.0069921491658486,0.0023307163886162,0.0069921491658486,100.68694798822376,1,0,27,"2,07ч",6,"0,52ч",13,"0,8ч",department,Ослабление (разрушение) торцевого крепления
1,2025-10-11 04:43:27.340013316,Дальневосточная,CV,"Д-ВОСТ, ВЧДЭ-1 ХАБАРОВСК",2025,2024,282 days 23:05:09.433407114,407465.1572234519,304.5451830428792,0.8706962509563887,Осень,4,10,0.0069921491658486,0.0023307163886162,0.0069921491658486,100.68694798822376,1,0,17,"7,97ч",7,"3,52ч",70,"2,33ч",department,Ослабление (разрушение) торцевого крепления
2,2025-10-11 06:33:22.580975520,Красноярская,CV,"СВЕРД, ВЧДЭ-4",2025,2024,283 days 00:55:04.674369318,407575.0779061553,109.92068270343589,0.8714613618974751,Осень,4,10,0.0069921491658486,0.0023307163886162,0.0069921491658486,100.68694798822376,1,0,37,"13,03ч",8,"0,83ч",25,"0,57ч",department,Тонкий гребень колеса грузового вагона
1,2025-10-11 17:37:27.341675424,Забайкальская,CV,"СВЕРД, ВЧДЭ-4",2025,2024,283 days 11:59:09.435069222,408239.1572511538,664.0793449984631,0.8722264728385616,Осень,4,10,0.0069921491658486,0.0023307163886162,0.0069921491658486,100.68694798822376,1,0,22,"6,48ч",1,"1,48ч",12,"0,05ч",department,Неисправность магистральной части воздухораспределителя
1,2025-10-11 20:30:17.968260162,Восточно-Сибирская,CV,"З-СИБ, ВЧДЭ-25 НОВОКУЗНЕЦК",2025,2024,283 days 14:52:00.061653960,408412.001027566,172.84377641225,0.872991583779648,Осень,4,10,0.0069921491658486,0.0023307163886162,0.0069921491658486,100.68694798822376,1,0,19,"2,67ч",5,"0,02ч",25,"1,32ч",department,Тонкий гребень колеса грузового вагона
2,2025-10-11 21:03:46.609409358,Южно-Уральская,CV,"КРАС, ВЧДЭ-7 КРАСНОЯРСК-ВОСТ",2025,2024,283 days 15:25:28.702803156,408445.4783800526,33.47735248657409,0.8737566947207345,Осень,4,10,0.0069921491658486,0.0023307163886162,0.0069921491658486,100.68694798822376,1,0,9,"7,85ч",5,"1,02ч",25,"0,2ч",department,Несоответствие момента затяжки накидной гайки установленному нормативу
2,2025-10-11 22:18:10.442183652,Свердловская,CV,"ЗАБ, ВЧДЭ-3 КАРЫМСКАЯ",2025,2024,283 days 16:39:52.535577450,408519.8755929574,74.39721290481975,0.8745218056618209,Осень,4,10,0.0069921491658486,0.0023307163886162,0.0069921491658486,100.68694798822376,1,0,15,"6,92ч",9,"0,57ч",1,"0,22ч",department,Технологический нагрев буксового узла
3,2025-10-11 23:16:24.703662006,Красноярская,CV,"ЗАБ, ВЧДЭ-3 КАРЫМСКАЯ",2025,2024,283 days 17:38:06.797055804,408578.1132842634,58.23769130598521,0.8752869166029075,Осень,4,10,0.0069921491658486,0.0023307163886162,0.0069921491658486,100.68694798822376,1,0,,,,,,,department,Тонкий гребень колеса грузового вагона
3,2025-10-12 00:16:42.607488234,Восточно-Сибирская,CV,"КРАС, ВЧДЭ-1 БОГОТОЛ",2025,2024,283 days 18:38:24.700882032,408638.4116813672,60.298397103790194,0.8760520275439939,Осень,4,10,0.0069921491658486,0.0023307163886162,0.0069921491658486,100.68694798822376,1,0,,,,,,,department,Неравномерный прокат по кругу катания колеса грузового вагона выше нормы
1,2025-10-12 03:41:05.103294774,Дальневосточная,CV,"КРАС, ВЧДЭ-7 КРАСНОЯРСК-ВОСТ",2025,2024,283 days 22:02:47.196688572,408842.7866114762,204.3749301090138,0.8768171384850804,Осень,4,10,0.0069921491658486,0.0023307163886162,0.0069921491658486,100.68694798822376,1,0,31,"11,5ч",8,"1,23ч",1,"1,72ч",department,Неравномерный прокат по кругу катания колеса грузового вагона выше нормы
1,2025-10-12 05:46:36.712541964,Восточно-Сибирская,CV,"ЗАБ, ВЧДЭ-3 КАРЫМСКАЯ",2025,2024,284 days 00:08:18.805935762,408968.3134322626,125.52682078641374,0.8775822494261668,Осень,4,10,0.0069921491658486,0.0023307163886162,0.0069921491658486,100.68694798822376,1,0,10,"2,95ч",5,"3,85ч",31,"1,92ч",department,"Шелушение, раковины, коррозия на деталях подшипника"
2,2025-10-12 05:52:09.976657188,Западно-Сибирская,CV,"СВЕРД, ВЧДЭ-4",2025,2024,284 days 00:13:52.070050986,408973.8678341831,5.554401920468081,0.8783473603672532,Осень,4,10,0.0069921491658486,0.0023307163886162,0.0069921491658486,100.68694798822376,1,0,6,"3,48ч",4,"2,3ч",22,"0,18ч",department,Несоответствие зазоров скользуна грузового вагона
2,2025-10-12 10:52:23.526534198,Западно-Сибирская,CV,"Ю-УР, ВЧДЭ-1 ЧЕЛЯБИНСК",2025,2024,284 days 05:14:05.619927996,409274.0936654666,300.22583128348924,0.8791124713083397,Осень,4,10,0.0069921491658486,0.0023307163886162,0.0069921491658486,100.68694798822376,1,0,51,"8,33ч",25,"1,03ч",26,"0,6ч",department,Тонкий гребень колеса грузового вагона
2,2025-10-12 11:42:44.987625192,Красноярская,CV,"В-СИБ, ВЧДЭ-10 УЛАН-УДЭ",2025,2024,284 days 06:04:27.081018990,409324.4513503165,50.35768484993605,0.8798775822494261,Осень,4,10,0.0069921491658486,0.0023307163886162,0.0069921491658486,100.68694798822376,1,0,8,"24,68ч",25,"2,25ч",5,"0,5ч",department,Тонкий гребень колеса грузового вагона
1,2025-10-13 01:37:10.441720800,Восточно-Сибирская,CV,"КРАС, ВЧДЭ-1 БОГОТОЛ",2025,2024,284 days 19:58:52.535114598,410158.87558524334,834.424234926817,0.8806426931905126,Осень,4,10,0.0069921491658486,0.0023307163886162,0.0069921491658486,100.68694798822376,1,0,16,"0,23ч",14,"2,18ч",10,"0,8ч",department,Тонкий гребень колеса грузового вагона
1,2025-10-13 08:58:08.133690216,Восточно-Сибирская,CV,"З-СИБ, ВЧДЭ-6 ИНСКАЯ",2025,2024,285 days 03:19:50.227084014,410599.8371180669,440.9615328235668,0.881407804131599,Осень,4,10,0.0069921491658486,0.0023307163886162,0.0069921491658486,100.68694798822376,1,0,14,"6,83ч",0,,7,"1,48ч",department,Неисправность магистральной части воздухораспределителя
1,2025-10-13 15:41:46.398600282,Восточно-Сибирская,CV,"КРАС, ВЧДЭ-7 КРАСНОЯРСК-ВОСТ",2025,2024,285 days 10:03:28.491994080,411003.474866568,403.63774850108894,0.8821729150726856,Осень,4,10,0.0069921491658486,0.0023307163886162,0.0069921491658486,100.68694798822376,1,0,19,"5,03ч",15,"1,48ч",12,"0,95ч",department,Тонкий гребень колеса грузового вагона
3,2025-10-13 19:40:08.298684390,Северная,CV,"В-СИБ, ВЧДЭ-10 УЛАН-УДЭ",2025,2024,285 days 14:01:50.392078188,411241.8398679698,238.36500140180576,0.882938026013772,Осень,4,10,0.0069921491658486,0.0023307163886162,0.0069921491658486,100.68694798822376,1,0,,,,,,,department,Выщербина на ободе колеса грузового вагона
2,2025-10-13 20:15:47.108815914,Восточно-Сибирская,CV,"СВЕРД, ВЧДЭ-4",2025,2024,285 days 14:37:29.202209712,411277.4867034952,35.64683552540373,0.8837031369548585,Осень,4,10,0.0069921491658486,0.0023307163886162,0.0069921491658486,100.68694798822376,1,0,76,"1,03ч",9,"0,75ч",50,"0,35ч",department,Тонкий гребень колеса грузового вагона
2,2025-10-13 22:04:34.199960376,Западно-Сибирская,CV,"СВЕРД, ВЧДЭ-4",2025,2024,285 days 16:26:16.293354174,411386.27155590296,108.78485240775626,0.8844682478959449,Осень,4,10,0.0069921491658486,0.0023307163886162,0.0069921491658486,100.68694798822376,1,0,13,"78,2ч",13,"2,08ч",11,"2,53ч",department,Выщербина на ободе колеса грузового вагона
3,2025-10-13 22:40:53.725698684,Свердловская,CV,"З-СИБ, ВЧДЭ-23 БЕЛОВО",2025,2024,285 days 17:02:35.819092482,411422.5969848746,36.3254289716715,0.8852333588370314,Осень,4,10,0.0069921491658486,0.0023307163886162,0.0069921491658486,100.68694798822376,1,0,,,,,,,department,Неправильное включение режимов отпуска воздухораспределителя
1,2025-10-13 23:23:53.761749996,Куйбышевская,CV,"КРАС, ВЧДЭ-8 АБАКАН",2025,2024,285 days 17:45:35.855143794,411465.5975857299,43.00060085527366,0.8859984697781178,Осень,4,10,0.0069921491658486,0.0023307163886162,0.0069921491658486,100.68694798822376,1,0,5,"0,88ч",4,"0,97ч",1,"2,33ч",department,Неисправность воздухораспределителя грузового вагона
1,2025-10-14 01:38:54.721280166,Красноярская,CV,"В-СИБ, ВЧДЭ-10 УЛАН-УДЭ",2025,2024,285 days 20:00:36.814673964,411600.6135778994,135.01599216950126,0.8867635807192042,Осень,4,10,0.0069921491658486,0.0023307163886162,0.0069921491658486,100.68694798822376,1,0,16,"14,02ч",7,"1,07ч",37,"0,85ч",department,Неравномерный прокат по кругу катания колеса грузового вагона выше нормы
1,2025-10-14 01:44:52.470925758,Дальневосточная,CV,"З-СИБ, ВЧДЭ-6 ИНСКАЯ",2025,2024,285 days 20:06:34.564319556,411606.5760719926,5.962494093168061,0.8875286916602907,Осень,4,10,0.0069921491658486,0.0023307163886162,0.0069921491658486,100.68694798822376,1,0,41,"5,82ч",10,"6,65ч",3,"0,2ч",department,Тонкий гребень колеса грузового вагона
3,2025-10-14 10:03:48.940840260,Забайкальская,CV,"ЗАБ, ВЧДЭ-3 КАРЫМСКАЯ",2025,2024,286 days 04:25:31.034234058,412105.5172372342,498.9411652416457,0.8882938026013772,Осень,4,10,0.0069921491658486,0.0023307163886162,0.0069921491658486,100.68694798822376,1,0,,,,,,,department,Тонкий гребень колеса грузового вагона
3,2025-10-14 16:02:41.198892120,Южно-Уральская,CV,"КРАС, ВЧДЭ-8 АБАКАН",2025,2024,286 days 10:24:23.292285918,412464.3882047653,358.8709675311111,0.8890589135424637,Осень,4,10,0.0069921491658486,0.0023307163886162,0.0069921491658486,100.68694798822376,1,0,,,,,,,department,Несоответствие момента затяжки накидной гайки установленному нормативу
2,2025-10-14 17:11:13.879352706,Забайкальская,CV,"КРАС, ВЧДЭ-7 КРАСНОЯРСК-ВОСТ",2025,2024,286 days 11:32:55.972746504,412532.9328791084,68.54467434302205,0.8898240244835501,Осень,4,10,0.0069921491658486,0.0023307163886162,0.0069921491658486,100.68694798822376,1,0,12,"0,48ч",15,"3,97ч",3,"1,92ч",department,Тонкий гребень колеса грузового вагона
2,2025-10-14 18:54:50.661437100,Западно-Сибирская,CV,"ЗАБ, ВЧДЭ-3 КАРЫМСКАЯ",2025,2024,286 days 13:16:32.754830898,412636.5459138482,103.61303473991576,0.8905891354246366,Осень,4,10,0.0069921491658486,0.0023307163886162,0.0069921491658486,100.68694798822376,1,0,24,"0,98ч",0,,22,"0,97ч",department,Тонкий гребень колеса грузового вагона
3,2025-10-14 20:24:35.985019878,Октябрьская,CV,"КРАС, ВЧДЭ-7 КРАСНОЯРСК-ВОСТ",2025,2024,286 days 14:46:18.078413676,412726.3013068946,89.75539304636186,0.891354246365723,Осень,4,10,0.0069921491658486,0.0023307163886162,0.0069921491658486,100.68694798822376,1,0,,,,,,,department,Тонкий гребень колеса грузового вагона
2,2025-10-15 01:30:28.841153760,Свердловская,CV,"З-СИБ, ВЧДЭ-23 БЕЛОВО",2025,2024,286 days 19:52:10.934547558,413032.1822424593,305.8809355646954,0.8921193573068095,Осень,4,10,0.0069921491658486,0.0023307163886162,0.0069921491658486,100.68694798822376,1,0,22,"13,58ч",1,"5,07ч",25,"15,28ч",department,Неравномерный прокат по кругу катания колеса грузового вагона выше нормы
2,2025-10-15 04:17:20.209767462,Восточно-Сибирская,CV,"Д-ВОСТ, ВЧДЭ-1 ХАБАРОВСК",2025,2024,286 days 22:39:02.303161260,413199.038386021,166.85614356165752,0.8928844682478959,Осень,4,10,0.0069921491658486,0.0023307163886162,0.0069921491658486,100.68694798822376,1,0,55,"16,13ч",3,"1,15ч",17,"2,03ч",department,Тонкий гребень колеса грузового вагона
1,2025-10-15 05:03:56.639533500,Дальневосточная,CV,"КРАС, ВЧДЭ-7 КРАСНОЯРСК-ВОСТ",2025,2024,286 days 23:25:38.732927298,413245.64554878825,46.607162767264526,0.8936495791889824,Осень,4,10,0.0069921491658486,0.0023307163886162,0.0069921491658486,100.68694798822376,1,0,4,"11,03ч",13,"29,18ч",10,"0,47ч",department,Выщербина на ободе колеса грузового вагона
1,2025-10-15 06:28:37.568805690,Красноярская,CV,"ЗАБ, ВЧДЭ-3 КАРЫМСКАЯ",2025,2024,287 days 00:50:19.662199488,413330.3277033249,84.6821545365965,0.8944146901300689,Осень,4,10,0.0069921491658486,0.0023307163886162,0.0069921491658486,100.68694798822376,1,0,36,"22,78ч",25,"1,77ч",18,"18,77ч",department,Тонкий гребень колеса грузового вагона
1,2025-10-15 07:48:45.588233532,Западно-Сибирская,CV,"Ю-УР, ВЧДЭ-1 ЧЕЛЯБИНСК",2025,2024,287 days 02:10:27.681627330,413410.4613604555,80.13365713064559,0.8951798010711554,Осень,4,10,0.0069921491658486,0.0023307163886162,0.0069921491658486,100.68694798822376,1,0,23,"5,88ч",1,"10,15ч",24,"2,12ч",department,Неравномерный прокат по кругу катания колеса грузового вагона выше нормы
1,2025-10-15 15:26:45.479491962,Забайкальская,CV,"Д-ВОСТ, ВЧДЭ-1 ХАБАРОВСК",2025,2024,287 days 09:48:27.572885760,413868.459548096,457.9981876405072,0.8959449120122418,Осень,4,10,0.0069921491658486,0.0023307163886162,0.0069921491658486,100.68694798822376,1,0,25,"0,37ч",4,"1,75ч",5,"1,03ч",department,Разрегулирование рычажной передачи грузового вагона
1,2025-10-15 15:54:19.467303168,Северная,CV,"З-СИБ, ВЧДЭ-6 ИНСКАЯ",2025,2024,287 days 10:16:01.560696966,413896.0260116161,27.56646352011012,0.8967100229533282,Осень,4,10,0.0069921491658486,0.0023307163886162,0.0069921491658486,100.68694798822376,1,0,55,"6,3ч",9,"1,92ч",16,"1,12ч",department,Тонкий гребень колеса грузового вагона
1,2025-10-15 16:07:44.758112964,Свердловская,CV,"З-СИБ, ВЧДЭ-23 БЕЛОВО",2025,2024,287 days 10:29:26.851506762,413909.4475251127,13.421513496548869,0.8974751338944147,Осень,4,10,0.0069921491658486,0.0023307163886162,0.0069921491658486,100.68694798822376,1,0,23,"6,07ч",3,"1,58ч",12,"2,98ч",department,Технологический нагрев буксового узла
2,2025-10-15 21:11:43.217533782,Свердловская,CV,"Д-ВОСТ, ВЧДЭ-1 ХАБАРОВСК",2025,2024,287 days 15:33:25.310927580,414213.421848793,303.9743236803333,0.8982402448355011,Осень,4,10,0.0069921491658486,0.0023307163886162,0.0069921491658486,100.68694798822376,1,0,14,"6,68ч",20,"0,53ч",0,,department,Тонкий гребень колеса грузового вагона
1,2025-10-16 02:36:22.054975884,Восточно-Сибирская,CV,"КРАС, ВЧДЭ-8 АБАКАН",2025,2024,287 days 20:58:04.148369682,414538.0691394947,324.64729070168687,0.8990053557765876,Осень,4,10,0.0069921491658486,0.0023307163886162,0.0069921491658486,100.68694798822376,1,0,41,"6,32ч",1,"0,1ч",31,"1,12ч",department,Технологический нагрев буксового узла
1,2025-10-16 07:30:04.865919984,Свердловская,CV,"КРАС, ВЧДЭ-8 АБАКАН",2025,2024,288 days 01:51:46.959313782,414831.7826552297,293.7135157350567,0.899770466717674,Осень,4,10,0.0069921491658486,0.0023307163886162,0.0069921491658486,100.68694798822376,1,0,51,"8,45ч",0,,22,"2,17ч",department,Завар тормозного башмака грузового вагона
3,2025-10-16 09:12:23.284020150,Дальневосточная,CV,"З-СИБ, ВЧДЭ-12 ВХОДНАЯ",2025,2024,288 days 03:34:05.377413948,414934.0896235658,102.3069683360518,0.9005355776587605,Осень,4,10,0.0069921491658486,0.0023307163886162,0.0069921491658486,100.68694798822376,1,0,,,,,,,department,Неисправность воздухораспределителя грузового вагона
1,2025-10-16 11:46:34.158707850,Западно-Сибирская,CV,"КРАС, ВЧДЭ-8 АБАКАН",2025,2024,288 days 06:08:16.252101648,415088.2708683608,154.18124479503604,0.901300688599847,Осень,4,10,0.0069921491658486,0.0023307163886162,0.0069921491658486,100.68694798822376,1,0,22,"4,43ч",2,"1,18ч",8,"0,28ч",department,Ослабление (разрушение) торцевого крепления
2,2025-10-16 13:45:04.875444276,Восточно-Сибирская,CV,"ЗАБ, ВЧДЭ-3 КАРЫМСКАЯ",2025,2024,288 days 08:06:46.968838074,415206.7828139679,118.51194560708244,0.9020657995409336,Осень,4,10,0.0069921491658486,0.0023307163886162,0.0069921491658486,100.68694798822376,1,0,1,"12,75ч",26,"4,05ч",25,"0,67ч",department,Неравномерный прокат по кругу катания колеса грузового вагона выше нормы
1,2025-10-16 13:55:22.515015972,Западно-Сибирская,CV,"В-СИБ, ВЧДЭ-13 ТАЙШЕТ",2025,2024,288 days 08:17:04.608409770,415217.0768068295,10.2939928615815,0.90283091048202,Осень,4,10,0.0069921491658486,0.0023307163886162,0.0069921491658486,100.68694798822376,1,0,51,"3,57ч",7,"0,82ч",1,"3,9ч",department,Нарушение регулировки рычажной передачи
3,2025-10-16 16:04:56.363587950,Южно-Уральская,CV,"З-СИБ, ВЧДЭ-23 БЕЛОВО",2025,2024,288 days 10:26:38.456981748,415346.6409496958,129.56414286629297,0.9035960214231064,Осень,4,10,0.0069921491658486,0.0023307163886162,0.0069921491658486,100.68694798822376,1,0,,,,,,,department,Тонкий гребень колеса грузового вагона
2,2025-10-16 16:06:53.989821786,Восточно-Сибирская,CV,"КРАС, ВЧДЭ-1 БОГОТОЛ",2025,2024,288 days 10:28:36.083215584,415348.6013869264,1.9604372305911968,0.9043611323641928,Осень,4,10,0.0069921491658486,0.0023307163886162,0.0069921491658486,100.68694798822376,1,0,22,"1,13ч",7,"2,8ч",30,"2,98ч",department,Тонкий гребень колеса грузового вагона
2,2025-10-16 17:03:06.548900148,Восточно-Сибирская,CV,"КРАС, ВЧДЭ-1 БОГОТОЛ",2025,2024,288 days 11:24:48.642293946,415404.8107048991,56.20931797270896,0.9051262433052792,Осень,4,10,0.0069921491658486,0.0023307163886162,0.0069921491658486,100.68694798822376,1,0,32,"10,72ч",20,"4,87ч",15,"0,68ч",department,Тонкий гребень колеса грузового вагона
2,2025-10-16 23:28:11.543193642,Восточно-Сибирская,CV,"КРАС, ВЧДЭ-7 КРАСНОЯРСК-ВОСТ",2025,2024,288 days 17:49:53.636587440,415789.893943124,385.0832382249646,0.9058913542463656,Осень,4,10,0.0069921491658486,0.0023307163886162,0.0069921491658486,100.68694798822376,1,0,76,"4,98ч",4,"0,9ч",31,"0,68ч",department,Неравномерный прокат по кругу катания колеса грузового вагона выше нормы
1,2025-10-17 00:20:01.923033198,Октябрьская,CV,"В-СИБ, ВЧДЭ-13 ТАЙШЕТ",2025,2024,288 days 18:41:44.016426996,415841.73360711656,51.83966399251949,0.906656465187452,Осень,4,10,0.0069921491658486,0.0023307163886162,0.0069921491658486,100.68694798822376,1,0,35,"18,7ч",11,"8,27ч",17,"2,87ч",department,Неравномерный прокат по кругу катания колеса грузового вагона выше нормы
1,2025-10-17 07:01:59.191073172,Восточно-Сибирская,CV,"З-СИБ, ВЧДЭ-6 ИНСКАЯ",2025,2024,289 days 01:23:41.284466970,416243.6880744494,401.9544673328637,0.9074215761285388,Осень,4,10,0.0069921491658486,0.0023307163886162,0.0069921491658486,100.68694798822376,1,0,51,"10,82ч",13,"0,45ч",11,"1,42ч",department,Тонкий гребень колеса грузового вагона
2,2025-10-17 07:43:09.338872734,Западно-Сибирская,CV,"ЗАБ, ВЧДЭ-7 БЕЛОГОРСК",2025,2024,289 days 02:04:51.432266532,416284.8572044422,41.169129992777016,0.9081866870696252,Осень,4,10,0.0069921491658486,0.0023307163886162,0.0069921491658486,100.68694798822376,1,0,56,"2,98ч",14,"1,13ч",24,"1,07ч",department,Неравномерный прокат по кругу катания колеса грузового вагона выше нормы
2,2025-10-17 08:37:10.381683948,Восточно-Сибирская,CV,"ОКТ, ВЧДЭ-28 ВОЛХОВСТРОЙ",2025,2024,289 days 02:58:52.475077746,416338.8745846291,54.01738018688047,0.9089517980107116,Осень,4,10,0.0069921491658486,0.0023307163886162,0.0069921491658486,100.68694798822376,1,0,8,"4,92ч",4,"6,13ч",50,"0,6ч",department,Неисправность воздухораспределителя грузового вагона
2,2025-10-17 10:58:45.258628128,Северная,CV,"В-СИБ, ВЧДЭ-13 ТАЙШЕТ",2025,2024,289 days 05:20:27.352021926,416480.4558670322,141.58128240308724,0.909716908951798,Осень,4,10,0.0069921491658486,0.0023307163886162,0.0069921491658486,100.68694798822376,1,0,4,"3,38ч",7,"6,65ч",5,"0,17ч",department,Тонкий гребень колеса грузового вагона
1,2025-10-17 14:23:49.788669540,Свердловская,CV,"Ю-УР, ВЧДЭ-1 ЧЕЛЯБИНСК",2025,2024,289 days 08:45:31.882063338,416685.5313677223,205.0755006900872,0.9104820198928844,Осень,4,10,0.0069921491658486,0.0023307163886162,0.0069921491658486,100.68694798822376,1,0,2,"5,85ч",1,"0,78ч",3,"1,85ч",department,Тонкий гребень колеса грузового вагона
1,2025-10-17 16:03:21.571241718,Южно-Уральская,CV,"Ю-УР, ВЧДЭ-1 ЧЕЛЯБИНСК",2025,2024,289 days 10:25:03.664635516,416785.0610772586,99.5297095363494,0.9112471308339708,Осень,4,10,0.0069921491658486,0.0023307163886162,0.0069921491658486,100.68694798822376,1,0,18,"4,22ч",0,,18,"3,45ч",department,Неравномерный прокат по кругу катания колеса грузового вагона выше нормы
2,2025-10-17 21:09:08.303995787,Забайкальская,CV,"ОКТ, ВЧДЭ-28 ВОЛХОВСТРОЙ",2025,2024,289 days 15:30:50.397389585,417090.83995649306,305.77887923445087,0.9120122417750574,Осень,4,10,0.0069921491658486,0.0023307163886162,0.0069921491658486,100.68694798822376,1,0,1,"9,37ч",5,"0,3ч",7,"1,08ч",department,Технологический нагрев буксового узла
3,2025-10-17 21:15:00.748980204,Южно-Уральская,CV,"З-СИБ, ВЧДЭ-12 ВХОДНАЯ",2025,2024,289 days 15:36:42.842374002,417096.7140395667,5.87408307363512,0.9127773527161438,Осень,4,10,0.0069921491658486,0.0023307163886162,0.0069921491658486,100.68694798822376,1,0,,,,,,,department,Тонкий гребень колеса грузового вагона
2,2025-10-18 03:20:12.874548204,Западно-Сибирская,CV,"З-СИБ, ВЧДЭ-25 НОВОКУЗНЕЦК",2025,2024,289 days 21:41:54.967942002,417461.9161323666,365.20209279994015,0.9135424636572304,Осень,4,10,0.0069921491658486,0.0023307163886162,0.0069921491658486,100.68694798822376,1,0,30,"3,95ч",15,"4,17ч",31,"0,27ч",department,Тонкий гребень колеса грузового вагона
3,2025-10-18 04:53:58.756440870,Северная,CV,"ЗАБ, ВЧДЭ-3 КАРЫМСКАЯ",2025,2024,289 days 23:15:40.849834668,417555.6808305778,93.76469821116189,0.9143075745983168,Осень,4,10,0.0023307163886162,0.0023307163886162,0.0069921491658486,100.68694798822376,0,0,,,,,,,department,Выщербина на ободе колеса грузового вагона
1,2025-10-18 20:19:06.806238378,Дальневосточная,CV,"З-СИБ, ВЧДЭ-12 ВХОДНАЯ",2025,2024,290 days 14:40:48.899632176,418480.8149938696,925.1341632917756,0.9150726855394032,Осень,4,10,0.0023307163886162,0.0023307163886162,0.0069921491658486,100.68694798822376,0,0,20,"9,17ч",16,"0,55ч",10,"2,97ч",department,Обрыв (излом) трубы магистрали воздухопровода и подводящих труб
2,2025-10-18 23:58:54.132536094,Забайкальская,CV,"Д-ВОСТ, ВЧДЭ-1 ХАБАРОВСК",2025,2024,290 days 18:20:36.225929892,418700.6037654982,219.788771628635,0.9158377964804896,Осень,4,10,0.0023307163886162,0.0023307163886162,0.0069921491658486,100.68694798822376,0,0,5,"7,98ч",4,"0,62ч",50,"1,22ч",department,Тонкий гребень колеса грузового вагона
3,2025-10-19 12:46:10.821783264,Восточно-Сибирская,CV,"КРАС, ВЧДЭ-7 КРАСНОЯРСК-ВОСТ",2025,2024,291 days 07:07:52.915177062,419467.8819196177,767.2781541195,0.916602907421576,Осень,4,10,0.0023307163886162,0.0023307163886162,0.0069921491658486,100.68694798822376,0,0,,,,,,,department,Тонкий гребень колеса грузового вагона
3,2025-10-19 20:44:01.556591940,Октябрьская,CV,"СВЕРД, ВЧДЭ-4",2025,2024,291 days 15:05:43.649985738,419945.7274997623,477.8455801445525,0.9173680183626626,Осень,4,10,0.0023307163886162,0.0023307163886162,0.0069921491658486,100.68694798822376,0,0,,,,,,,department,Несоответствие зазоров скользуна грузового вагона
2,2025-10-19 22:07:03.215917512,Северная,CV,"З-СИБ, ВЧДЭ-25 НОВОКУЗНЕЦК",2025,2024,291 days 16:28:45.309311310,420028.75515518856,83.0276554262964,0.918133129303749,Осень,4,10,0.0023307163886162,0.0023307163886162,0.0069921491658486,100.68694798822376,0,0,25,"25,05ч",16,"2,28ч",24,"0,88ч",department,Неравномерный прокат по кругу катания колеса грузового вагона выше нормы
1,2025-10-20 16:00:22.719849696,Красноярская,CV,"ЗАБ, ВЧДЭ-7 БЕЛОГОРСК",2025,2024,292 days 10:22:04.813243494,421102.080220725,1073.3250655364243,0.9188982402448356,Осень,4,10,0.0023307163886162,0.0023307163886162,0.0069921491658486,100.68694798822376,0,0,2,"8,78ч",13,"0,27ч",13,"3,72ч",department,Тонкий гребень колеса грузового вагона
1,2025-10-20 18:01:15.160810073,Дальневосточная,CV,"КРАС, ВЧДЭ-7 КРАСНОЯРСК-ВОСТ",2025,2024,292 days 12:22:57.254203871,421222.9542367312,120.87401600618614,0.919663351185922,Осень,4,10,0.0023307163886162,0.0023307163886162,0.0069921491658486,100.68694798822376,0,0,26,"15,7ч",3,"0,22ч",2,"0,83ч",department,Тонкий гребень колеса грузового вагона
1,2025-10-20 20:01:20.651710728,Дальневосточная,CV,"КРАС, ВЧДЭ-7 КРАСНОЯРСК-ВОСТ",2025,2024,292 days 14:23:02.745104526,421343.04575174215,120.09151501097948,0.9204284621270084,Осень,4,10,0.0023307163886162,0.0023307163886162,0.0069921491658486,100.68694798822376,0,0,35,"4,13ч",26,"2,72ч",30,"2,92ч",department,Выщербина на ободе колеса грузового вагона
1,2025-10-21 08:03:25.636754898,Красноярская,CV,"З-СИБ, ВЧДЭ-23 БЕЛОВО",2025,2024,293 days 02:25:07.730148696,422065.1288358116,722.0830840694252,0.9211935730680948,Осень,4,10,0.0023307163886162,0.0023307163886162,0.0069921491658486,100.68694798822376,0,0,25,"2,28ч",26,"2,07ч",22,"1,65ч",department,Несоответствие момента затяжки накидной гайки установленному нормативу
2,2025-10-21 08:51:26.495415702,Северная,CV,"КРАС, ВЧДЭ-7 КРАСНОЯРСК-ВОСТ",2025,2024,293 days 03:13:08.588809500,422113.143146825,48.01431101345224,0.9219586840091814,Осень,4,10,0.0023307163886162,0.0023307163886162,0.0069921491658486,100.68694798822376,0,0,34,"1,18ч",14,"1,2ч",69,"1,02ч",department,Выщербина на ободе колеса грузового вагона
3,2025-10-21 10:39:09.956416164,Восточно-Сибирская,CV,"КРАС, ВЧДЭ-7 КРАСНОЯРСК-ВОСТ",2025,2024,293 days 05:00:52.049809962,422220.8674968326,107.72435000760017,0.9227237949502678,Осень,4,10,0.0023307163886162,0.0023307163886162,0.0069921491658486,100.68694798822376,0,0,,,,,,,department,"Шелушение, раковины, коррозия на деталях подшипника"
1,2025-10-21 15:39:43.798198518,Дальневосточная,CV,"КРАС, ВЧДЭ-7 КРАСНОЯРСК-ВОСТ",2025,2024,293 days 10:01:25.891592316,422521.4315265386,300.56402970600175,0.9234889058913542,Осень,4,10,0.0023307163886162,0.0023307163886162,0.0069921491658486,100.68694798822376,0,0,118,"8,37ч",5,"3,57ч",6,"0,1ч",department,Тонкий гребень колеса грузового вагона
1,2025-10-22 04:21:11.901119316,Октябрьская,CV,"З-СИБ, ВЧДЭ-12 ВХОДНАЯ",2025,2024,293 days 22:42:53.994513114,423282.8999085519,761.4683820132632,0.9242540168324408,Осень,4,10,0.0023307163886162,0.0023307163886162,0.0069921491658486,100.68694798822376,0,0,38,"13,83ч",8,"1,98ч",8,"15,28ч",department,Тонкий гребень колеса грузового вагона
1,2025-10-22 05:29:39.563625612,Западно-Сибирская,CV,"КРАС, ВЧДЭ-7 КРАСНОЯРСК-ВОСТ",2025,2024,293 days 23:51:21.657019410,423351.36095032346,68.46104177157395,0.9250191277735272,Осень,4,10,0.0023307163886162,0.0023307163886162,0.0069921491658486,100.68694798822376,0,0,14,"1,95ч",6,"2,83ч",29,"0,95ч",department,Разрегулирование рычажной передачи грузового вагона
1,2025-10-22 11:10:02.624393334,Восточно-Сибирская,CV,"КРАС, ВЧДЭ-8 АБАКАН",2025,2024,294 days 05:31:44.717787132,423691.7452964522,340.38434612873243,0.9257842387146136,Осень,4,10,0.0023307163886162,0.0023307163886162,0.0069921491658486,100.68694798822376,0,0,41,"9,2ч",4,"0,78ч",11,"1,32ч",department,Тонкий гребень колеса грузового вагона
3,2025-10-22 20:02:59.782349826,Октябрьская,CV,"Д-ВОСТ, ВЧДЭ-1 ХАБАРОВСК",2025,2024,294 days 14:24:41.875743624,424224.6979290604,532.9526326081832,0.9265493496557,Осень,4,10,0.0023307163886162,0.0023307163886162,0.0069921491658486,100.68694798822376,0,0,,,,,,,department,Излом рычагов и тормозных тяг грузового вагона
1,2025-10-23 10:08:23.419122192,Восточно-Сибирская,CV,"КРАС, ВЧДЭ-8 АБАКАН",2025,2024,295 days 04:30:05.512515990,425070.0918752665,845.3939462061389,0.9273144605967866,Осень,4,10,0.0023307163886162,0.0023307163886162,0.0069921491658486,100.68694798822376,0,0,34,"4,05ч",13,"0,9ч",30,"0,07ч",department,Технологический нагрев буксового узла
3,2025-10-24 05:44:53.912828070,Дальневосточная,CV,"ЗАБ, ВЧДЭ-3 КАРЫМСКАЯ",2025,2024,296 days 00:06:36.006221868,426246.6001036978,1176.5082284312812,0.928079571537873,Осень,4,10,0.0023307163886162,0.0023307163886162,0.0069921491658486,100.68694798822376,0,0,,,,,,,department,Неравномерный прокат по кругу катания колеса грузового вагона выше нормы
1,2025-10-24 16:43:41.085920556,Октябрьская,CV,"З-СИБ, ВЧДЭ-6 ИНСКАЯ",2025,2024,296 days 11:05:23.179314354,426905.3863219059,658.7862182080862,0.9288446824789596,Осень,4,10,0.0023307163886162,0.0023307163886162,0.0069921491658486,100.68694798822376,0,0,8,"4,12ч",3,"2,08ч",9,"1,37ч",department,"Шелушение, раковины, коррозия на деталях подшипника"
3,2025-10-25 00:17:35.701770576,Южно-Уральская,CV,"ЗАБ, ВЧДЭ-7 БЕЛОГОРСК",2025,2024,296 days 18:39:17.795164374,427359.29658607295,453.9102641670616,0.929609793420046,Осень,4,10,0.0023307163886162,0.0023307163886162,0.0069921491658486,100.68694798822376,0,0,,,,,,,department,Неравномерный прокат по кругу катания колеса грузового вагона выше нормы
1,2025-10-25 04:21:30.434714454,Южно-Уральская,CV,"В-СИБ, ВЧДЭ-13 ТАЙШЕТ",2025,2024,296 days 22:43:12.528108252,427603.20880180417,243.9122157312231,0.9303749043611323,Осень,4,10,0.0023307163886162,0.0023307163886162,0.0069921491658486,100.68694798822376,0,0,31,"13,25ч",0,,37,"0,57ч",department,Тонкий гребень колеса грузового вагона
3,2025-10-25 05:12:31.491609444,Красноярская,CV,"ЗАБ, ВЧДЭ-3 КАРЫМСКАЯ",2025,2024,296 days 23:34:13.585003242,427654.2264167207,51.01761491649086,0.9311400153022188,Осень,4,10,0.0023307163886162,0.0023307163886162,0.0069921491658486,100.68694798822376,0,0,,,,,,,department,Тонкий гребень колеса грузового вагона
2,2025-10-25 14:03:14.967883608,Забайкальская,CV,"СВЕРД, ВЧДЭ-4",2025,2024,297 days 08:24:57.061277406,428184.95102129015,530.7246045694919,0.9319051262433052,Осень,4,10,0.0023307163886162,0.0023307163886162,0.0069921491658486,100.68694798822376,0,0,43,"14,43ч",20,"1,5ч",12,"1,37ч",department,Неисправность магистральной части воздухораспределителя
2,2025-10-27 01:16:20.129529390,Восточно-Сибирская,CV,"В-СИБ, ВЧДЭ-10 УЛАН-УДЭ",2025,2024,298 days 19:38:02.222923188,430298.0370487198,2113.086027429672,0.9326702371843916,Осень,4,10,0.0023307163886162,0.0023307163886162,0.0069921491658486,100.68694798822376,0,0,35,"4,08ч",16,"0,43ч",11,"10,63ч",department,Неправильное включение режимов отпуска воздухораспределителя
1,2025-10-27 10:48:59.300328366,Западно-Сибирская,CV,"ЗАБ, ВЧДЭ-7 БЕЛОГОРСК",2025,2024,299 days 05:10:41.393722164,430870.6898953694,572.6528466495802,0.9334353481254782,Осень,4,10,0.0023307163886162,0.0023307163886162,0.0069921491658486,100.68694798822376,0,0,20,"2,42ч",16,"3,57ч",9,"3,5ч",department,Выщербина на ободе колеса грузового вагона
3,2025-10-27 10:56:13.131732948,Восточно-Сибирская,CV,"КРАС, ВЧДЭ-8 АБАКАН",2025,2024,299 days 05:17:55.225126746,430877.9204187791,7.23052340967115,0.9342004590665648,Осень,4,10,0.0023307163886162,0.0023307163886162,0.0069921491658486,100.68694798822376,0,0,,,,,,,department,Неравномерный прокат по кругу катания колеса грузового вагона выше нормы
3,2025-10-27 15:50:25.085701962,Забайкальская,CV,"З-СИБ, ВЧДЭ-25 НОВОКУЗНЕЦК",2025,2024,299 days 10:12:07.179095760,431172.119651596,294.199232816929,0.9349655700076512,Осень,4,10,0.0023307163886162,0.0023307163886162,0.0069921491658486,100.68694798822376,0,0,,,,,,,department,Неисправность воздухораспределителя грузового вагона
3,2025-10-27 22:39:33.620202359,Свердловская,CV,"Д-ВОСТ, ВЧДЭ-1 ХАБАРОВСК",2025,2024,299 days 17:01:15.713596157,431581.2618932693,409.1422416733112,0.9357306809487376,Осень,4,10,0.0023307163886162,0.0023307163886162,0.0069921491658486,100.68694798822376,0,0,,,,,,,department,Несоответствие норм высоты автосцепки грузового вагона
3,2025-10-28 07:01:36.527688912,Северная,CV,"В-СИБ, ВЧДЭ-13 ТАЙШЕТ",2025,2024,300 days 01:23:18.621082710,432083.3103513785,502.04845810920233,0.936495791889824,Осень,4,10,0.0023307163886162,0.0023307163886162,0.0069921491658486,100.68694798822376,0,0,,,,,,,department,Выщербина на ободе колеса грузового вагона
3,2025-10-28 16:07:21.489774900,Забайкальская,CV,"ЗАБ, ВЧДЭ-3 КАРЫМСКАЯ",2025,2024,300 days 10:29:03.583168698,432629.0597194783,545.7493680997868,0.9372609028309103,Осень,4,10,0.0023307163886162,0.0023307163886162,0.0069921491658486,100.68694798822376,0,0,,,,,,,department,Тонкий гребень колеса грузового вагона
2,2025-10-28 21:57:45.689195646,Красноярская,CV,"ЗАБ, ВЧДЭ-3 КАРЫМСКАЯ",2025,2024,300 days 16:19:27.782589444,432979.46304315736,350.4033236790565,0.9380260137719968,Осень,4,10,0.0023307163886162,0.0023307163886162,0.0069921491658486,100.68694798822376,0,0,2,"4,38ч",0,,16,"0,67ч",department,Другие причины
2,2025-10-28 23:46:13.013367042,Западно-Сибирская,CV,"ЗАБ, ВЧДЭ-3 КАРЫМСКАЯ",2025,2024,300 days 18:07:55.106760840,433087.918446014,108.45540285663446,0.9387911247130832,Осень,4,10,0.0023307163886162,0.0023307163886162,0.0069921491658486,100.68694798822376,0,0,36,"2,53ч",13,"2,45ч",26,"0,6ч",department,Несоответствие зазоров скользуна грузового вагона
3,2025-10-29 20:09:21.040194954,Южно-Уральская,CV,"КРАС, ВЧДЭ-7 КРАСНОЯРСК-ВОСТ",2025,2024,301 days 14:31:03.133588752,434311.0522264792,1223.1337804652285,0.93955623565417,Осень,4,10,0.0023307163886162,0.0023307163886162,0.0069921491658486,100.68694798822376,0,0,,,,,,,department,Излом рычагов и тормозных тяг грузового вагона
3,2025-10-30 04:41:10.627631130,Западно-Сибирская,CV,"ЗАБ, ВЧДЭ-7 БЕЛОГОРСК",2025,2024,301 days 23:02:52.721024928,434822.8786837488,511.826457269548,0.9403213465952563,Осень,4,10,0.0023307163886162,0.0023307163886162,0.0069921491658486,100.68694798822376,0,0,,,,,,,department,Обрыв (излом) трубы магистрали воздухопровода и подводящих труб
2,2025-10-30 06:37:08.684495226,Южно-Уральская,CV,"КРАС, ВЧДЭ-7 КРАСНОЯРСК-ВОСТ",2025,2024,302 days 00:58:50.777889024,434938.8462981504,115.96761440165574,0.9410864575363428,Осень,4,10,0.0023307163886162,0.0023307163886162,0.0069921491658486,100.68694798822376,0,0,5,"17,1ч",7,"1,12ч",4,"0,2ч",department,Несоответствие норм высоты автосцепки грузового вагона
2,2025-10-30 09:24:04.904001876,Забайкальская,CV,"КРАС, ВЧДЭ-7 КРАСНОЯРСК-ВОСТ",2025,2024,302 days 03:45:46.997395674,435105.7832899279,166.93699177744566,0.9418515684774292,Осень,4,10,0.0023307163886162,0.0023307163886162,0.0069921491658486,100.68694798822376,0,0,26,"19,08ч",0,,10,"0,92ч",department,Тонкий гребень колеса грузового вагона
1,2025-10-31 03:38:13.035060996,Восточно-Сибирская,CV,"ЗАБ, ВЧДЭ-3 КАРЫМСКАЯ",2025,2024,302 days 21:59:55.128454794,436199.9188075799,1094.13551765203,0.9426166794185156,Осень,4,10,0.0023307163886162,0.0023307163886162,0.0069921491658486,100.68694798822376,0,0,28,"3,82ч",5,"0,57ч",8,"8,45ч",department,Излом рычагов и тормозных тяг грузового вагона
1,2025-10-31 19:15:33.349917762,Куйбышевская,CV,"ЗАБ, ВЧДЭ-3 КАРЫМСКАЯ",2025,2024,303 days 13:37:15.443311560,437137.257388526,937.3385809460888,0.943381790359602,Осень,4,10,0.0023307163886162,0.0023307163886162,0.0069921491658486,100.68694798822376,0,0,28,"9,3ч",6,"2,18ч",70,"2,22ч",department,Неплотность тормозной магистрали грузового вагона
3,2025-10-31 22:58:25.376333820,Восточно-Сибирская,CV,"СВЕРД, ВЧДЭ-4",2025,2024,303 days 17:20:07.469727618,437360.1244954603,222.86710693431087,0.9441469013006886,Осень,4,10,0.0023307163886162,0.0023307163886162,0.0069921491658486,100.68694798822376,0,0,,,,,,,department,Выщербина на ободе колеса грузового вагона
2,2025-10-31 23:15:10.910179782,Куйбышевская,CV,"КРАС, ВЧДЭ-7 КРАСНОЯРСК-ВОСТ",2025,2024,303 days 17:36:53.003573580,437376.883392893,16.75889743270818,0.944912012241775,Осень,4,10,0.0023307163886162,0.0023307163886162,0.0069921491658486,100.68694798822376,0,0,76,"4,12ч",0,,17,"0,98ч",department,Тонкий гребень колеса грузового вагона
2,2025-10-31 23:36:30.675335424,Забайкальская,CV,"КРАС, ВЧДЭ-7 КРАСНОЯРСК-ВОСТ",2025,2024,303 days 17:58:12.768729222,437398.21281215374,21.329419260728173,0.9456771231828616,Осень,4,10,0.0023307163886162,0.0023307163886162,0.0069921491658486,100.68694798822376,0,0,29,"6,1ч",26,"1,52ч",13,"3,45ч",department,Тонкий гребень колеса грузового вагона
3,2025-11-01 01:59:47.886081474,Октябрьская,CV,"В-СИБ, ВЧДЭ-10 УЛАН-УДЭ",2025,2024,303 days 20:21:29.979475272,437541.4996579212,143.2868457674631,0.946442234123948,Осень,4,11,0.0023307163886162,0.0023307163886162,0.0069921491658486,100.68694798822376,0,0,,,,,,,department,Несоответствие норм высоты автосцепки грузового вагона
2,2025-11-01 09:05:22.079113482,Дальневосточная,CV,"КРАС, ВЧДЭ-7 КРАСНОЯРСК-ВОСТ",2025,2024,304 days 03:27:04.172507280,437967.069541788,425.5698838667595,0.9472073450650343,Осень,4,11,0.0023307163886162,0.0023307163886162,0.0069921491658486,100.68694798822376,0,0,38,"5,03ч",11,"0,1ч",31,"2,02ч",department,Тонкий гребень колеса грузового вагона
2,2025-11-01 15:21:52.678447518,Восточно-Сибирская,CV,"Ю-УР, ВЧДЭ-1 ЧЕЛЯБИНСК",2025,2024,304 days 09:43:34.771841316,438343.57953068864,376.5099889006815,0.9479724560061208,Осень,4,11,0.0023307163886162,0.0023307163886162,0.0069921491658486,100.68694798822376,0,0,10,"5,9ч",14,"2,38ч",26,"2,08ч",department,Тонкий гребень колеса грузового вагона
3,2025-11-01 22:32:55.581381798,Свердловская,CV,"З-СИБ, ВЧДЭ-23 БЕЛОВО",2025,2024,304 days 16:54:37.674775596,438774.6279129266,431.04838223796105,0.9487375669472072,Осень,4,11,0.0023307163886162,0.0023307163886162,0.0069921491658486,100.68694798822376,0,0,,,,,,,department,Тонкий гребень колеса грузового вагона
3,2025-11-02 07:34:57.138836754,Красноярская,CV,"КРАС, ВЧДЭ-1 БОГОТОЛ",2025,2024,305 days 01:56:39.232230552,439316.6538705092,542.0259575825767,0.9495026778882938,Осень,4,11,0.0023307163886162,0.0023307163886162,0.0069921491658486,100.68694798822376,0,0,,,,,,,department,Неисправность магистральной части воздухораспределителя
2,2025-11-02 07:43:11.811590538,Западно-Сибирская,CV,"СВЕРД, ВЧДЭ-4",2025,2024,305 days 02:04:53.904984336,439324.8984164056,8.244545896421187,0.9502677888293802,Осень,4,11,0.0023307163886162,0.0023307163886162,0.0069921491658486,100.68694798822376,0,0,2,"0,65ч",15,"2,22ч",6,"1,92ч",department,Неравномерный прокат по кругу катания колеса грузового вагона выше нормы
1,2025-11-02 08:30:50.002391118,Восточно-Сибирская,CV,"КРАС, ВЧДЭ-7 КРАСНОЯРСК-ВОСТ",2025,2024,305 days 02:52:32.095784916,439372.5349297486,47.63651334302267,0.9510328997704668,Осень,4,11,0.0023307163886162,0.0023307163886162,0.0069921491658486,100.68694798822376,0,0,22,"2,25ч",8,"0,13ч",30,"8,45ч",department,Неравномерный прокат по кругу катания колеса грузового вагона выше нормы
1,2025-11-02 11:41:58.072650192,Октябрьская,CV,"ЗАБ, ВЧДЭ-3 КАРЫМСКАЯ",2025,2024,305 days 06:03:40.166043990,439563.66943406657,191.13450431794627,0.9517980107115532,Осень,4,11,0.0023307163886162,0.0023307163886162,0.0069921491658486,100.68694798822376,0,0,13,"12,45ч",26,"0,27ч",12,"3,02ч",department,Неплотность тормозной магистрали грузового вагона
2,2025-11-02 12:54:09.435730596,Красноярская,CV,"ЗАБ, ВЧДЭ-3 КАРЫМСКАЯ",2025,2024,305 days 07:15:51.529124394,439635.8588187398,72.18938467325643,0.9525631216526396,Осень,4,11,0.0023307163886162,0.0023307163886162,0.0069921491658486,100.68694798822376,0,0,2,"6,25ч",7,"1,33ч",8,"0,88ч",department,Несоответствие зазоров скользуна грузового вагона
3,2025-11-02 13:27:45.320468730,Куйбышевская,CV,"КРАС, ВЧДЭ-7 КРАСНОЯРСК-ВОСТ",2025,2024,305 days 07:49:27.413862528,439669.4568977088,33.598078968934715,0.953328232593726,Осень,4,11,0.0023307163886162,0.0023307163886162,0.0069921491658486,100.68694798822376,0,0,,,,,,,department,Неправильное включение режимов отпуска воздухораспределителя
3,2025-11-02 20:47:14.905157448,Красноярская,CV,"В-СИБ, ВЧДЭ-10 УЛАН-УДЭ",2025,2024,305 days 15:08:56.998551246,440108.9499758541,439.4930781453732,0.9540933435348126,Осень,4,11,0.0023307163886162,0.0023307163886162,0.0069921491658486,100.68694798822376,0,0,,,,,,,department,Нарушение регулировки рычажной передачи
3,2025-11-03 08:52:00.759946734,Западно-Сибирская,CV,"КРАС, ВЧДЭ-1 БОГОТОЛ",2025,2024,306 days 03:13:42.853340532,440833.7142223422,724.7642464880482,0.954858454475899,Осень,4,11,0.0023307163886162,0.0023307163886162,0.0069921491658486,100.68694798822376,0,0,,,,,,,department,Выщербина на ободе колеса грузового вагона
1,2025-11-03 18:51:20.259317634,Восточно-Сибирская,CV,"КРАС, ВЧДЭ-8 АБАКАН",2025,2024,306 days 13:13:02.352711432,441433.0392118572,599.3249895150075,0.9556235654169856,Осень,4,11,0.0023307163886162,0.0023307163886162,0.0069921491658486,100.68694798822376,0,0,31,"2,05ч",2,"1,37ч",13,"1,02ч",department,Нарушение регулировки рычажной передачи
1,2025-11-04 07:00:04.665963948,Красноярская,CV,"ОКТ, ВЧДЭ-28 ВОЛХОВСТРОЙ",2025,2024,307 days 01:21:46.759357746,442161.779322629,728.740110771847,0.956388676358072,Осень,4,11,0.0023307163886162,0.0023307163886162,0.0069921491658486,100.68694798822376,0,0,19,"0,73ч",8,"1,53ч",11,"0,45ч",department,Неравномерный прокат по кругу катания колеса грузового вагона выше нормы
2,2025-11-04 14:50:23.926138968,Дальневосточная,CV,"З-СИБ, ВЧДЭ-23 БЕЛОВО",2025,2024,307 days 09:12:06.019532766,442632.1003255461,470.3210029170732,0.9571537872991585,Осень,4,11,0.0023307163886162,0.0023307163886162,0.0069921491658486,100.68694798822376,0,0,1,"10,88ч",11,"6,07ч",7,"0,23ч",department,Несоответствие зазоров скользуна грузового вагона
2,2025-11-05 00:20:45.062879136,Красноярская,CV,"КРАС, ВЧДЭ-7 КРАСНОЯРСК-ВОСТ",2025,2024,307 days 18:42:27.156272934,443202.45260454895,570.3522790028364,0.9579188982402448,Осень,4,11,0.0023307163886162,0.0023307163886162,0.0069921491658486,100.68694798822376,0,0,14,"8,1ч",6,"4,72ч",70,"2,53ч",department,Технологический нагрев буксового узла
1,2025-11-05 02:36:49.515583422,Забайкальская,CV,"Д-ВОСТ, ВЧДЭ-1 ХАБАРОВСК",2025,2024,307 days 20:58:31.608977220,443338.526816287,136.07421173807234,0.9586840091813312,Осень,4,11,0.0023307163886162,0.0023307163886162,0.0069921491658486,100.68694798822376,0,0,11,"18,22ч",7,"1,9ч",24,"37,02ч",department,Неисправность воздухораспределителя грузового вагона
1,2025-11-06 14:06:12.649380366,Восточно-Сибирская,CV,"ЗАБ, ВЧДЭ-3 КАРЫМСКАЯ",2025,2024,309 days 08:27:54.742774164,445467.9123795694,2129.3855632823543,0.9594491201224178,Осень,4,11,0.0023307163886162,0.0023307163886162,0.0069921491658486,100.68694798822376,0,0,24,"22,9ч",13,"3,58ч",3,"0,43ч",department,Тонкий гребень колеса грузового вагона
3,2025-11-06 15:33:00.978419813,Восточно-Сибирская,CV,"КРАС, ВЧДЭ-7 КРАСНОЯРСК-ВОСТ",2025,2024,309 days 09:54:43.071813611,445554.71786356025,86.80548399087274,0.9602142310635042,Осень,4,11,0.0023307163886162,0.0023307163886162,0.0069921491658486,100.68694798822376,0,0,,,,,,,department,Выщербина на ободе колеса грузового вагона
2,2025-11-06 17:16:36.072391890,Забайкальская,CV,"З-СИБ, ВЧДЭ-23 БЕЛОВО",2025,2024,309 days 11:38:18.165785688,445658.3027630948,103.58489953458776,0.9609793420045908,Осень,4,11,0.0023307163886162,0.0023307163886162,0.0069921491658486,100.68694798822376,0,0,26,"19,43ч",2,"0,97ч",10,"2,17ч",department,Неисправность магистральной части воздухораспределителя
2,2025-11-06 19:42:53.791955712,Забайкальская,CV,"СВЕРД, ВЧДЭ-4",2025,2024,309 days 14:04:35.885349510,445804.59808915854,146.2953260637005,0.9617444529456772,Осень,4,11,0.0023307163886162,0.0023307163886162,0.0069921491658486,100.68694798822376,0,0,32,"14,23ч",25,"0,37ч",37,"1,92ч",department,Излом рычагов и тормозных тяг грузового вагона
3,2025-11-07 22:11:21.806501754,Восточно-Сибирская,CV,"Д-ВОСТ, ВЧДЭ-1 ХАБАРОВСК",2025,2024,310 days 16:33:03.899895552,447393.0649982592,1588.4669091006508,0.9625095638867636,Осень,4,11,0.0023307163886162,0.0023307163886162,0.0069921491658486,100.68694798822376,0,0,,,,,,,department,Тонкий гребень колеса грузового вагона
1,2025-11-09 05:59:26.563169754,Забайкальская,CV,"Д-ВОСТ, ВЧДЭ-1 ХАБАРОВСК",2025,2024,312 days 00:21:08.656563552,449301.1442760592,1908.0792777999889,0.96327467482785,Осень,4,11,0.0023307163886162,0.0023307163886162,0.0069921491658486,100.68694798822376,0,0,34,"20,55ч",5,"1,9ч",30,"1,12ч",department,Тонкий гребень колеса грузового вагона
3,2025-11-09 17:19:09.572575824,Забайкальская,CV,"В-СИБ, ВЧДЭ-13 ТАЙШЕТ",2025,2024,312 days 11:40:51.665969622,449980.86109949375,679.7168234345736,0.9640397857689365,Осень,4,11,0.0023307163886162,0.0023307163886162,0.0069921491658486,100.68694798822376,0,0,,,,,,,department,Тонкий гребень колеса грузового вагона
3,2025-11-10 00:24:39.280577712,Западно-Сибирская,CV,"СВЕРД, ВЧДЭ-4",2025,2024,312 days 18:46:21.373971510,450406.3562328585,425.4951333647477,0.964804896710023,Осень,4,11,0.0023307163886162,0.0023307163886162,0.0069921491658486,100.68694798822376,0,0,,,,,,,department,Тонкий гребень колеса грузового вагона
2,2025-11-10 05:39:37.321166400,Восточно-Сибирская,CV,"З-СИБ, ВЧДЭ-23 БЕЛОВО",2025,2024,313 days 00:01:19.414560198,450721.3235760033,314.9673431448173,0.9655700076511096,Осень,4,11,0.0023307163886162,0.0023307163886162,0.0069921491658486,100.68694798822376,0,0,30,"8,32ч",7,"2,72ч",15,"0,92ч",department,Технологический нагрев буксового узла
3,2025-11-11 06:53:05.535593166,Южно-Уральская,CV,"ЗАБ, ВЧДЭ-3 КАРЫМСКАЯ",2025,2024,314 days 01:14:47.628986964,452234.79381644935,1513.4702404460404,0.966335118592196,Осень,4,11,0.0023307163886162,0.0023307163886162,0.0069921491658486,100.68694798822376,0,0,,,,,,,department,Выщербина на ободе колеса грузового вагона
3,2025-11-11 15:23:26.701834902,Дальневосточная,CV,"В-СИБ, ВЧДЭ-10 УЛАН-УДЭ",2025,2024,314 days 09:45:08.795228700,452745.146587145,510.3527706956375,0.9671002295332825,Осень,4,11,0.0023307163886162,0.0023307163886162,0.0069921491658486,100.68694798822376,0,0,,,,,,,department,Разрегулирование рычажной передачи грузового вагона
3,2025-11-12 12:05:46.719206850,Забайкальская,CV,"ЗАБ, ВЧДЭ-3 КАРЫМСКАЯ",2025,2024,315 days 06:27:28.812600648,453987.4802100108,1242.3336228657863,0.9678653404743688,Осень,4,11,0.0023307163886162,0.0023307163886162,0.0069921491658486,100.68694798822376,0,0,,,,,,,department,Технологический нагрев буксового узла
1,2025-11-12 14:49:04.640996322,Западно-Сибирская,CV,"З-СИБ, ВЧДЭ-6 ИНСКАЯ",2025,2024,315 days 09:10:46.734390120,454150.778906502,163.29869649122702,0.9686304514154552,Осень,4,11,0.0023307163886162,0.0023307163886162,0.0069921491658486,100.68694798822376,0,0,29,"2,03ч",7,"1,52ч",30,"3,37ч",department,Тонкий гребень колеса грузового вагона
2,2025-11-12 17:43:19.645762398,Западно-Сибирская,CV,"З-СИБ, ВЧДЭ-6 ИНСКАЯ",2025,2024,315 days 12:05:01.739156196,454325.0289859366,174.25007943459786,0.9693955623565416,Осень,4,11,0.0023307163886162,0.0023307163886162,0.0069921491658486,100.68694798822376,0,0,18,"14,4ч",8,"0,88ч",13,"0,28ч",department,Тонкий гребень колеса грузового вагона
2,2025-11-13 07:31:01.389161880,Южно-Уральская,CV,"СВЕРД, ВЧДЭ-4",2025,2024,316 days 01:52:43.482555678,455152.7247092613,827.6957233247231,0.970160673297628,Осень,4,11,0.0023307163886162,0.0023307163886162,0.0069921491658486,100.68694798822376,0,0,56,"4,58ч",5,"2,18ч",9,"2,02ч",department,Неравномерный прокат по кругу катания колеса грузового вагона выше нормы
2,2025-11-13 08:40:40.746114726,Куйбышевская,CV,"З-СИБ, ВЧДЭ-25 НОВОКУЗНЕЦК",2025,2024,316 days 03:02:22.839508524,455222.3806584754,69.65594921406591,0.9709257842387146,Осень,4,11,0.0023307163886162,0.0023307163886162,0.0069921491658486,100.68694798822376,0,0,22,"0,45ч",8,"2,43ч",9,"0,58ч",department,Неравномерный прокат по кругу катания колеса грузового вагона выше нормы
2,2025-11-14 05:32:24.767425920,Красноярская,CV,"З-СИБ, ВЧДЭ-25 НОВОКУЗНЕЦК",2025,2024,316 days 23:54:06.860819718,456474.1143469953,1251.7336885199184,0.9716908951798012,Осень,4,11,0.0023307163886162,0.0023307163886162,0.0069921491658486,100.68694798822376,0,0,13,"2,65ч",11,"2,27ч",18,"0,68ч",department,Тонкий гребень колеса грузового вагона
1,2025-11-14 10:36:16.297047510,Забайкальская,CV,"КРАС, ВЧДЭ-8 АБАКАН",2025,2024,317 days 04:57:58.390441308,456777.9731740218,303.8588270265027,0.9724560061208876,Осень,4,11,0.0023307163886162,0.0023307163886162,0.0069921491658486,100.68694798822376,0,0,22,"10,2ч",2,"2,28ч",7,"3,9ч",department,Выщербина на ободе колеса грузового вагона
2,2025-11-15 05:15:47.889047796,Забайкальская,CV,"З-СИБ, ВЧДЭ-6 ИНСКАЯ",2025,2024,317 days 23:37:29.982441594,457897.4997073599,1119.5265333380669,0.973221117061974,Осень,4,11,0.0023307163886162,0.0023307163886162,0.0069921491658486,100.68694798822376,0,0,41,"10,18ч",15,"2,1ч",5,"1,07ч",department,Тонкий гребень колеса грузового вагона
1,2025-11-15 08:11:59.775110964,Забайкальская,CV,"КРАС, ВЧДЭ-7 КРАСНОЯРСК-ВОСТ",2025,2024,318 days 02:33:41.868504762,458073.6978084127,176.19810105278157,0.9739862280030605,Осень,4,11,0.0023307163886162,0.0023307163886162,0.0069921491658486,100.68694798822376,0,0,7,"6,22ч",6,"6,65ч",26,"2,87ч",department,Тонкий гребень колеса грузового вагона
2,2025-11-15 17:12:01.049338128,Красноярская,CV,"КРАС, ВЧДЭ-1 БОГОТОЛ",2025,2024,318 days 11:33:43.142731926,458613.7190455321,540.0212371194502,0.9747513389441468,Осень,4,11,0.0023307163886162,0.0023307163886162,0.0069921491658486,100.68694798822376,0,0,28,"16,6ч",13,"0,65ч",31,"0,83ч",department,Тонкий гребень колеса грузового вагона
2,2025-11-15 21:54:57.912588120,Красноярская,CV,"КРАС, ВЧДЭ-7 КРАСНОЯРСК-ВОСТ",2025,2024,318 days 16:16:40.005981918,458896.6667663653,282.94772083318094,0.9755164498852332,Осень,4,11,0.0023307163886162,0.0023307163886162,0.0069921491658486,100.68694798822376,0,0,76,"13,73ч",15,"1,07ч",31,"15,28ч",department,Тонкий гребень колеса грузового вагона
1,2025-11-16 04:57:51.670001496,Забайкальская,CV,"КРАС, ВЧДЭ-7 КРАСНОЯРСК-ВОСТ",2025,2024,318 days 23:19:33.763395294,459319.5627232549,422.8959568896098,0.9762815608263198,Осень,4,11,0.0023307163886162,0.0023307163886162,0.0069921491658486,100.68694798822376,0,0,118,"1,7ч",25,"1,4ч",17,"0,03ч",department,Тонкий гребень колеса грузового вагона
3,2025-11-16 09:59:01.581005388,Забайкальская,CV,"ОКТ, ВЧДЭ-28 ВОЛХОВСТРОЙ",2025,2024,319 days 04:20:43.674399186,459620.727906653,301.1651833981159,0.9770466717674062,Осень,4,11,0.0023307163886162,0.0023307163886162,0.0069921491658486,100.68694798822376,0,0,,,,,,,department,Выщербина на ободе колеса грузового вагона
3,2025-11-17 10:24:08.220596460,Забайкальская,CV,"СВЕРД, ВЧДЭ-4",2025,2024,320 days 04:45:50.313990258,461085.8385665043,1465.1106598512852,0.9778117827084928,Осень,4,11,0.0023307163886162,0.0023307163886162,0.0069921491658486,100.68694798822376,0,0,,,,,,,department,Тонкий гребень колеса грузового вагона
2,2025-11-17 18:49:33.602809950,Западно-Сибирская,CV,"Д-ВОСТ, ВЧДЭ-1 ХАБАРОВСК",2025,2024,320 days 13:11:15.696203748,461591.2616033958,505.4230368915014,0.9785768936495792,Осень,4,11,0.0023307163886162,0.0023307163886162,0.0069921491658486,100.68694798822376,0,0,21,"2,8ч",10,"1,7ч",37,"7,98ч",department,Выщербина на ободе колеса грузового вагона
2,2025-11-17 20:53:44.760236826,Западно-Сибирская,CV,"СВЕРД, ВЧДЭ-4",2025,2024,320 days 15:15:26.853630624,461715.4475605104,124.18595711461968,0.9793420045906656,Осень,4,11,0.0023307163886162,0.0023307163886162,0.0069921491658486,100.68694798822376,0,0,76,"1,78ч",14,"1,48ч",12,"1,28ч",department,Ослабление (разрушение) торцевого крепления
3,2025-11-18 14:05:20.638042890,Свердловская,CV,"Д-ВОСТ, ВЧДЭ-1 ХАБАРОВСК",2025,2024,321 days 08:27:02.731436688,462747.0455239448,1031.5979634344112,0.980107115531752,Осень,4,11,0.0023307163886162,0.0023307163886162,0.0069921491658486,100.68694798822376,0,0,,,,,,,department,Несоответствие зазоров скользуна грузового вагона
3,2025-11-18 16:34:43.946477394,Забайкальская,CV,"Д-ВОСТ, ВЧДЭ-1 ХАБАРОВСК",2025,2024,321 days 10:56:26.039871192,462896.43399785325,149.38847390841693,0.9808722264728386,Осень,4,11,0.0023307163886162,0.0023307163886162,0.0069921491658486,100.68694798822376,0,0,,,,,,,department,Выщербина на ободе колеса грузового вагона
1,2025-11-18 19:54:03.869777544,Восточно-Сибирская,CV,"Д-ВОСТ, ВЧДЭ-1 ХАБАРОВСК",2025,2024,321 days 14:15:45.963171342,463095.76605285576,199.33205500250915,0.981637337413925,Осень,4,11,0.0023307163886162,0.0023307163886162,0.0069921491658486,100.68694798822376,0,0,118,"3,27ч",15,"2,77ч",18,"2,08ч",department,Выщербина на ободе колеса грузового вагона
1,2025-11-18 20:40:16.999165050,Южно-Уральская,CV,"В-СИБ, ВЧДЭ-10 УЛАН-УДЭ",2025,2024,321 days 15:01:59.092558848,463141.9848759808,46.218823125062045,0.9824024483550114,Осень,4,11,0.0023307163886162,0.0023307163886162,0.0069921491658486,100.68694798822376,0,0,26,"1,22ч",26,"1,73ч",10,"1,37ч",department,Выщербина на ободе колеса грузового вагона
3,2025-11-19 13:08:04.193360820,Красноярская,CV,"КРАС, ВЧДЭ-7 КРАСНОЯРСК-ВОСТ",2025,2024,322 days 07:29:46.286754618,464129.7714459103,987.7865699294488,0.983167559296098,Осень,4,11,0.0023307163886162,0.0023307163886162,0.0069921491658486,100.68694798822376,0,0,,,,,,,department,Излом рычагов и тормозных тяг грузового вагона
1,2025-11-19 15:32:40.389895290,Забайкальская,CV,"ЗАБ, ВЧДЭ-7 БЕЛОГОРСК",2025,2024,322 days 09:54:22.483289088,464274.3747214848,144.60327557456912,0.9839326702371844,Осень,4,11,0.0023307163886162,0.0023307163886162,0.0069921491658486,100.68694798822376,0,0,9,"5,58ч",26,"2,27ч",12,"1,12ч",department,Тонкий гребень колеса грузового вагона
1,2025-11-19 17:41:14.159389902,Забайкальская,CV,"З-СИБ, ВЧДЭ-6 ИНСКАЯ",2025,2024,322 days 12:02:56.252783700,464402.937546395,128.56282491015736,0.9846977811782708,Осень,4,11,0.0023307163886162,0.0023307163886162,0.0069921491658486,100.68694798822376,0,0,76,"1,92ч",1,"1,48ч",1,"1,95ч",department,Разрегулирование рычажной передачи грузового вагона
3,2025-11-20 11:46:19.030941072,Забайкальская,CV,"КРАС, ВЧДЭ-7 КРАСНОЯРСК-ВОСТ",2025,2024,323 days 06:08:01.124334870,465488.0187389145,1085.0811925195158,0.9854628921193572,Осень,4,11,0.0023307163886162,0.0023307163886162,0.0069921491658486,100.68694798822376,0,0,,,,,,,department,Неисправность воздухораспределителя грузового вагона
2,2025-11-20 23:28:52.454073402,Забайкальская,CV,"КРАС, ВЧДЭ-7 КРАСНОЯРСК-ВОСТ",2025,2024,323 days 17:50:34.547467200,466190.57579112,702.5570522054331,0.9862280030604438,Осень,4,11,0.0023307163886162,0.0023307163886162,0.0069921491658486,100.68694798822376,0,0,35,"2,57ч",2,"1,67ч",30,"1,42ч",department,Неравномерный прокат по кругу катания колеса грузового вагона выше нормы
2,2025-11-21 00:34:07.428147534,Дальневосточная,CV,"Д-ВОСТ, ВЧДЭ-1 ХАБАРОВСК",2025,2024,323 days 18:55:49.521541332,466255.8253590222,65.2495679022395,0.9869931140015302,Осень,4,11,0.0023307163886162,0.0023307163886162,0.0069921491658486,100.68694798822376,0,0,76,"7,1ч",16,"10,15ч",11,"1,87ч",department,Тонкий гребень колеса грузового вагона
2,2025-11-21 11:03:26.033408688,Красноярская,CV,"КРАС, ВЧДЭ-7 КРАСНОЯРСК-ВОСТ",2025,2024,324 days 05:25:08.126802486,466885.1354467081,629.3100876859389,0.9877582249426168,Осень,4,11,0.0023307163886162,0.0023307163886162,0.0069921491658486,100.68694798822376,0,0,9,"4,22ч",5,"0,7ч",0,,department,Неплотность тормозной магистрали грузового вагона
2,2025-11-22 04:31:16.685935278,Октябрьская,CV,"З-СИБ, ВЧДЭ-6 ИНСКАЯ",2025,2024,324 days 22:52:58.779329076,467932.9796554846,1047.8442087764852,0.9885233358837032,Осень,4,11,0.0023307163886162,0.0023307163886162,0.0069921491658486,100.68694798822376,0,0,76,"6,33ч",10,"1,77ч",69,"9,12ч",department,Тонкий гребень колеса грузового вагона
2,2025-11-22 05:06:21.566894742,Восточно-Сибирская,CV,"З-СИБ, ВЧДЭ-23 БЕЛОВО",2025,2024,324 days 23:28:03.660288540,467968.061004809,35.08134932437679,0.9892884468247896,Осень,4,11,0.0023307163886162,0.0023307163886162,0.0069921491658486,100.68694798822376,0,0,7,"3,22ч",10,"1,3ч",0,,department,Ослабление (разрушение) торцевого крепления
3,2025-11-22 17:34:42.746922468,Восточно-Сибирская,CV,"КРАС, ВЧДЭ-1 БОГОТОЛ",2025,2024,325 days 11:56:24.840316266,468716.4140052711,748.3530004621134,0.990053557765876,Осень,4,11,0.0023307163886162,0.0023307163886162,0.0069921491658486,100.68694798822376,0,0,,,,,,,department,Ослабление (разрушение) торцевого крепления
1,2025-11-22 23:14:51.686964522,Восточно-Сибирская,CV,"ОКТ, ВЧДЭ-28 ВОЛХОВСТРОЙ",2025,2024,325 days 17:36:33.780358320,469056.563005972,340.14900070085423,0.9908186687069626,Осень,4,11,0.0023307163886162,0.0023307163886162,0.0069921491658486,100.68694798822376,0,0,13,"21,23ч",15,"3,78ч",10,"1,87ч",department,Тонкий гребень колеса грузового вагона
3,2025-11-23 07:09:29.633336778,Октябрьская,CV,"ЗАБ, ВЧДЭ-7 БЕЛОГОРСК",2025,2024,326 days 01:31:11.726730576,469531.1954455096,474.6324395376723,0.991583779648049,Осень,4,11,0.0023307163886162,0.0023307163886162,0.0069921491658486,100.68694798822376,0,0,,,,,,,department,Излом рычагов и тормозных тяг грузового вагона
1,2025-11-23 12:00:48.131020482,Восточно-Сибирская,CV,"КРАС, ВЧДЭ-8 АБАКАН",2025,2024,326 days 06:22:30.224414280,469822.503740238,291.3082947283983,0.9923488905891354,Осень,4,11,0.0023307163886162,0.0023307163886162,0.0069921491658486,100.68694798822376,0,0,38,"10,85ч",1,"0,78ч",1,"0,77ч",department,Тонкий гребень колеса грузового вагона
1,2025-11-23 20:34:14.361496182,Западно-Сибирская,CV,"Ю-УР, ВЧДЭ-1 ЧЕЛЯБИНСК",2025,2024,326 days 14:55:56.454889980,470335.940914833,513.4371745949611,0.993114001530222,Осень,4,11,0.0023307163886162,0.0023307163886162,0.0069921491658486,100.68694798822376,0,0,2,"2,57ч",3,"1,75ч",13,"2,83ч",department,Выщербина на ободе колеса грузового вагона
3,2025-11-23 20:49:07.462591044,Забайкальская,CV,"КРАС, ВЧДЭ-1 БОГОТОЛ",2025,2024,326 days 15:10:49.555984842,470350.8259330807,14.885018247703556,0.9938791124713084,Осень,4,11,0.0023307163886162,0.0023307163886162,0.0069921491658486,100.68694798822376,0,0,,,,,,,department,Неплотность тормозной магистрали грузового вагона
3,2025-11-24 07:06:17.925545730,Свердловская,CV,"В-СИБ, ВЧДЭ-13 ТАЙШЕТ",2025,2024,327 days 01:28:00.018939528,470968.0003156588,617.1743825781159,0.9946442234123948,Осень,4,11,0.0023307163886162,0.0023307163886162,0.0069921491658486,100.68694798822376,0,0,,,,,,,department,Тонкий гребень колеса грузового вагона
1,2025-11-24 07:20:50.934561036,Восточно-Сибирская,CV,"КРАС, ВЧДЭ-7 КРАСНОЯРСК-ВОСТ",2025,2024,327 days 01:42:33.027954834,470982.5504659138,14.55015025503235,0.9954093343534812,Осень,4,11,0.0023307163886162,0.0023307163886162,0.0069921491658486,100.68694798822376,0,0,34,"26,88ч",5,"1,42ч",0,,department,Неисправность воздухораспределителя грузового вагона
3,2025-11-24 11:41:30.413084718,Восточно-Сибирская,CV,"КРАС, ВЧДЭ-7 КРАСНОЯРСК-ВОСТ",2025,2024,327 days 06:03:12.506478516,471243.2084413086,260.6579753947444,0.9961744452945676,Осень,4,11,0.0023307163886162,0.0023307163886162,0.0069921491658486,100.68694798822376,0,0,,,,,,,department,Несоответствие момента затяжки накидной гайки установленному нормативу
1,2025-11-24 12:51:43.405997748,Восточно-Сибирская,CV,"КРАС, ВЧДЭ-8 АБАКАН",2025,2024,327 days 07:13:25.499391546,471313.4249898591,70.21654855046654,0.9969395562356542,Осень,4,11,0.0023307163886162,0.0023307163886162,0.0069921491658486,100.68694798822376,0,0,27,"4,2ч",3,"3,97ч",13,"1,87ч",department,Несоответствие зазоров скользуна грузового вагона
3,2025-11-25 01:16:04.060580424,Западно-Сибирская,CV,"З-СИБ, ВЧДЭ-25 НОВОКУЗНЕЦК",2025,2024,327 days 19:37:46.153974222,472057.7692329037,744.3442430446739,0.9977046671767408,Осень,4,11,0.0023307163886162,0.0023307163886162,0.0069921491658486,100.68694798822376,0,0,,,,,,,department,Неравномерный прокат по кругу катания колеса грузового вагона выше нормы
3,2025-11-25 03:57:33.359726256,Забайкальская,CV,"СВЕРД, ВЧДЭ-4",2025,2024,327 days 22:19:15.453120054,472219.2575520009,161.4883190972032,0.9984697781178272,Осень,4,11,0.0023307163886162,0.0023307163886162,0.0069921491658486,100.68694798822376,0,0,,,,,,,department,Тонкий гребень колеса грузового вагона
2,2025-11-25 08:17:15.890007144,Восточно-Сибирская,CV,"З-СИБ, ВЧДЭ-6 ИНСКАЯ",2025,2024,328 days 02:38:57.983400942,472478.9663900157,259.7088380148052,0.9992348890589136,Осень,4,11,0.0023307163886162,0.0023307163886162,0.0069921491658486,100.68694798822376,0,0,17,"24,95ч",3,"4,43ч",13,"2,17ч",department,Неплотность тормозной магистрали грузового вагона
1,2025-11-25 12:17:30.246996786,Красноярская,CV,"З-СИБ, ВЧДЭ-23 БЕЛОВО",2025,2024,328 days 06:39:12.340390584,472719.2056731765,240.239283160714,1.0,Осень,4,11,0.0023307163886162,0.0023307163886162,0.0069921491658486,100.68694798822376,0,0,28,"0,83ч",13,"3,48ч",31,"0,47ч",department,Тонкий гребень колеса грузового вагона
