CATEGORY,START_TIME,ROAD,DEPARTMENT,YEAR,SOURCE_YEAR,DELTA_TIME,DELTA_MINUTES,TIME_DIFF,INDEX,SEASON,SEASON_INDEX,MONTH,LAMBDA_FITTER,LAMBDA_MONTH,ENTITY_TYPE
,2025-01-01 15:30:38.051248560,,CV,2025,2024,0 days 00:00:00,0.0,0.0,0.0,Зима,1,1,0.0029184005929448,126.07490561521894,department
,2025-01-02 00:59:18.497006322,,CV,2025,2024,0 days 09:28:40.445757762,568.6740959627,568.6740959627,0.0007867820613690008,Зима,1,1,0.0029184005929448,126.07490561521894,department
,2025-01-02 11:21:20.660847516,,CV,2025,2024,0 days 19:50:42.609598956,1190.7101599825999,622.0360640198999,0.0015735641227380016,Зима,1,1,0.0029184005929448,126.07490561521894,department
,2025-01-02 11:54:54.018395460,,CV,2025,2024,0 days 20:24:15.967146900,1224.266119115,33.555959132400176,0.0023603461841070024,Зима,1,1,0.0029184005929448,126.07490561521894,department
,2025-01-02 19:34:52.383865182,,CV,2025,2024,1 days 04:04:14.332616622,1684.2388769437,459.97275782869997,0.003147128245476003,Зима,1,1,0.0029184005929448,126.07490561521894,department
,2025-01-03 13:57:07.140820056,,CV,2025,2024,1 days 22:26:29.089571496,2786.4848261916,1102.2459492479,0.003933910306845004,Зима,1,1,0.0029184005929448,126.07490561521894,department
,2025-01-03 20:25:59.886857322,,CV,2025,2024,2 days 04:55:21.835608762,3175.3639268127,388.87910062109995,0.004720692368214005,Зима,1,1,0.0029184005929448,126.07490561521894,department
,2025-01-04 01:15:38.101161066,,CV,2025,2024,2 days 09:45:00.049912506,3465.0008318750997,289.6369050623998,0.0055074744295830055,Зима,1,1,0.0029184005929448,126.07490561521894,department
,2025-01-04 17:53:25.211136600,,CV,2025,2024,3 days 02:22:47.159888040,4462.785998134,997.7851662589001,0.006294256490952006,Зима,1,1,0.0029184005929448,126.07490561521894,department
,2025-01-04 21:13:53.933159268,,CV,2025,2024,3 days 05:43:15.881910708,4663.2646985118,200.47870037780012,0.007081038552321007,Зима,1,1,0.0029184005929448,126.07490561521894,department
,2025-01-05 02:27:15.866126676,,CV,2025,2024,3 days 10:56:37.814878116,4976.6302479686,313.3655494568002,0.007867820613690008,Зима,1,1,0.0029184005929448,126.07490561521894,department
,2025-01-05 06:08:55.809999738,,CV,2025,2024,3 days 14:38:17.758751178,5198.2959791862995,221.66573121769943,0.00865460267505901,Зима,1,1,0.0029184005929448,126.07490561521894,department
,2025-01-05 21:34:21.499498956,,CV,2025,2024,4 days 06:03:43.448250396,6123.7241375066,925.4281583203001,0.00944138473642801,Зима,1,1,0.0029184005929448,126.07490561521894,department
,2025-01-05 22:01:28.450385064,,CV,2025,2024,4 days 06:30:50.399136504,6150.8399856084,27.11584810180011,0.010228166797797011,Зима,1,1,0.0029184005929448,126.07490561521894,department
,2025-01-06 01:59:45.098249676,,CV,2025,2024,4 days 10:29:07.047001116,6389.1174500186,238.27746441020008,0.011014948859166011,Зима,1,1,0.0029184005929448,126.07490561521894,department
,2025-01-06 08:37:42.563701200,,CV,2025,2024,4 days 17:07:04.512452640,6787.075207544,397.95775752539976,0.011801730920535013,Зима,1,1,0.0029184005929448,126.07490561521894,department
,2025-01-06 17:35:35.747228250,,CV,2025,2024,5 days 02:04:57.695979690,7324.9615996615,537.8863921175007,0.012588512981904013,Зима,1,1,0.0029184005929448,126.07490561521894,department
,2025-01-06 22:35:19.168251174,,CV,2025,2024,5 days 07:04:41.117002614,7624.6852833769,299.7236837153996,0.013375295043273014,Зима,1,1,0.0029184005929448,126.07490561521894,department
,2025-01-07 12:16:18.867741072,,CV,2025,2024,5 days 20:45:40.816492512,8445.6802748752,820.9949914982999,0.014162077104642014,Зима,1,1,0.0029184005929448,126.07490561521894,department
,2025-01-08 04:31:54.316616838,,CV,2025,2024,6 days 13:01:16.265368278,9421.2710894713,975.5908145961002,0.014948859166011016,Зима,1,1,0.0029184005929448,126.07490561521894,department
,2025-01-08 04:54:41.111386344,,CV,2025,2024,6 days 13:24:03.060137784,9444.051002296399,22.779912825099018,0.015735641227380016,Зима,1,1,0.0029184005929448,126.07490561521894,department
,2025-01-08 07:51:04.669030902,,CV,2025,2024,6 days 16:20:26.617782342,9620.4436297057,176.39262740930099,0.016522423288749016,Зима,1,1,0.0029184005929448,126.07490561521894,department
,2025-01-08 07:59:12.715089282,,CV,2025,2024,6 days 16:28:34.663840722,9628.577730678699,8.134100972998567,0.01730920535011802,Зима,1,1,0.0029184005929448,126.07490561521894,department
,2025-01-08 10:16:08.323715454,,CV,2025,2024,6 days 18:45:30.272466894,9765.5045411149,136.92681043620178,0.01809598741148702,Зима,1,1,0.0029184005929448,126.07490561521894,department
,2025-01-08 14:39:53.642025252,,CV,2025,2024,6 days 23:09:15.590776692,10029.2598462782,263.75530516330036,0.01888276947285602,Зима,1,1,0.0029184005929448,126.07490561521894,department
,2025-01-09 04:28:01.489828026,,CV,2025,2024,7 days 12:57:23.438579466,10857.390642991099,828.1307967128978,0.01966955153422502,Зима,1,1,0.0029184005929448,126.07490561521894,department
,2025-01-09 15:10:17.844393000,,CV,2025,2024,7 days 23:39:39.793144440,11499.663219074,642.2725760829017,0.020456333595594022,Зима,1,1,0.0029184005929448,126.07490561521894,department
,2025-01-09 15:57:01.962072359,,CV,2025,2024,8 days 00:26:23.910823799,11546.398513729982,46.735294655982216,0.021243115656963022,Зима,1,1,0.0029184005929448,126.07490561521894,department
,2025-01-09 16:30:29.492887098,,CV,2025,2024,8 days 00:59:51.441638538,11579.8573606423,33.45884691231731,0.022029897718332022,Зима,1,1,0.0029184005929448,126.07490561521894,department
,2025-01-09 21:35:23.336526096,,CV,2025,2024,8 days 06:04:45.285277536,11884.754754625601,304.8973939833013,0.022816679779701022,Зима,1,1,0.0029184005929448,126.07490561521894,department
,2025-01-10 01:55:38.857464126,,CV,2025,2024,8 days 10:25:00.806215566,12145.0134369261,260.25868230049855,0.023603461841070025,Зима,1,1,0.0029184005929448,126.07490561521894,department
,2025-01-10 03:41:47.295327876,,CV,2025,2024,8 days 12:11:09.244079316,12251.1540679886,106.14063106250069,0.024390243902439025,Зима,1,1,0.0029184005929448,126.07490561521894,department
,2025-01-10 16:48:54.482279586,,CV,2025,2024,9 days 01:18:16.431031026,13038.273850517098,787.119782528498,0.025177025963808025,Зима,1,1,0.0029184005929448,126.07490561521894,department
,2025-01-11 07:47:27.460317648,,CV,2025,2024,9 days 16:16:49.409069088,13936.823484484801,898.5496339677029,0.025963808025177025,Зима,1,1,0.0029184005929448,126.07490561521894,department
,2025-01-11 10:43:59.306855076,,CV,2025,2024,9 days 19:13:21.255606516,14113.354260108601,176.53077562379985,0.02675059008654603,Зима,1,1,0.0029184005929448,126.07490561521894,department
,2025-01-11 23:21:15.753668609,,CV,2025,2024,10 days 07:50:37.702420049,14870.628373667483,757.2741135588822,0.02753737214791503,Зима,1,1,0.0029184005929448,126.07490561521894,department
,2025-01-12 02:07:15.154503480,,CV,2025,2024,10 days 10:36:37.103254920,15036.618387582,165.99001391451748,0.02832415420928403,Зима,1,1,0.0029184005929448,126.07490561521894,department
,2025-01-12 09:44:39.742519062,,CV,2025,2024,10 days 18:14:01.691270502,15494.0281878417,457.4098002597002,0.029110936270653028,Зима,1,1,0.0029184005929448,126.07490561521894,department
,2025-01-12 13:26:04.142140842,,CV,2025,2024,10 days 21:55:26.090892282,15715.434848204699,221.40666036299808,0.02989771833202203,Зима,1,1,0.0029184005929448,126.07490561521894,department
,2025-01-12 14:10:52.733152626,,CV,2025,2024,10 days 22:40:14.681904066,15760.2446984011,44.809850196401385,0.03068450039339103,Зима,1,1,0.0029184005929448,126.07490561521894,department
,2025-01-13 05:12:07.058218410,,CV,2025,2024,11 days 13:41:29.006969850,16661.4834494975,901.2387510963999,0.03147128245476003,Зима,1,1,0.0029184005929448,126.07490561521894,department
,2025-01-13 08:39:31.817816508,,CV,2025,2024,11 days 17:08:53.766567948,16868.8961094658,207.41265996830043,0.03225806451612903,Зима,1,1,0.0029184005929448,126.07490561521894,department
,2025-01-13 16:13:55.209216966,,CV,2025,2024,12 days 00:43:17.157968406,17323.285966140098,454.38985667429733,0.03304484657749803,Зима,1,1,0.0029184005929448,126.07490561521894,department
,2025-01-13 18:50:42.269043012,,CV,2025,2024,12 days 03:20:04.217794452,17480.070296574202,156.78433043410405,0.03383162863886703,Зима,1,1,0.0029184005929448,126.07490561521894,department
,2025-01-13 18:57:14.156262360,,CV,2025,2024,12 days 03:26:36.105013800,17486.601750230002,6.531453655799851,0.03461841070023604,Зима,1,1,0.0029184005929448,126.07490561521894,department
,2025-01-13 19:33:32.403697908,,CV,2025,2024,12 days 04:02:54.352449348,17522.9058741558,36.304123925798194,0.03540519276160504,Зима,1,1,0.0029184005929448,126.07490561521894,department
,2025-01-13 23:28:28.095343398,,CV,2025,2024,12 days 07:57:50.044094838,17757.8340682473,234.92819409149888,0.03619197482297404,Зима,1,1,0.0029184005929448,126.07490561521894,department
,2025-01-14 06:09:44.324232570,,CV,2025,2024,12 days 14:39:06.272984010,18159.1045497335,401.2704814862009,0.03697875688434304,Зима,1,1,0.0029184005929448,126.07490561521894,department
,2025-01-14 08:29:23.646386298,,CV,2025,2024,12 days 16:58:45.595137738,18298.7599189623,139.65536922879983,0.03776553894571204,Зима,1,1,0.0029184005929448,126.07490561521894,department
,2025-01-14 15:16:49.494455214,,CV,2025,2024,12 days 23:46:11.443206654,18706.1907201109,407.43080114859913,0.03855232100708104,Зима,1,1,0.0029184005929448,126.07490561521894,department
,2025-01-14 22:07:48.927770700,,CV,2025,2024,13 days 06:37:10.876522140,19117.181275369003,410.990555258104,0.03933910306845004,Зима,1,1,0.0029184005929448,126.07490561521894,department
,2025-01-15 05:04:53.168549880,,CV,2025,2024,13 days 13:34:15.117301320,19534.251955022,417.07067965299575,0.04012588512981904,Зима,1,1,0.0029184005929448,126.07490561521894,department
,2025-01-15 08:57:18.511750722,,CV,2025,2024,13 days 17:26:40.460502162,19766.674341702703,232.42238668070422,0.040912667191188044,Зима,1,1,0.0029184005929448,126.07490561521894,department
,2025-01-15 23:01:31.575233285,,CV,2025,2024,14 days 07:30:53.523984725,20610.89206641208,844.2177247093787,0.041699449252557044,Зима,1,1,0.0029184005929448,126.07490561521894,department
,2025-01-16 02:51:42.640232556,,CV,2025,2024,14 days 11:21:04.588983996,20841.0764830666,230.18441665451974,0.042486231313926044,Зима,1,1,0.0029184005929448,126.07490561521894,department
,2025-01-16 06:16:43.609917336,,CV,2025,2024,14 days 14:46:05.558668776,21046.0926444796,205.01616141299746,0.043273013375295044,Зима,1,1,0.0029184005929448,126.07490561521894,department
,2025-01-16 07:32:55.358051844,,CV,2025,2024,14 days 16:02:17.306803284,21122.2884467214,76.19580224180027,0.044059795436664044,Зима,1,1,0.0029184005929448,126.07490561521894,department
,2025-01-16 09:38:54.382397274,,CV,2025,2024,14 days 18:08:16.331148714,21248.2721858119,125.98373909050133,0.044846577498033044,Зима,1,1,0.0029184005929448,126.07490561521894,department
,2025-01-16 09:53:43.706211198,,CV,2025,2024,14 days 18:23:05.654962638,21263.0942493773,14.82206356539973,0.045633359559402044,Зима,1,1,0.0029184005929448,126.07490561521894,department
,2025-01-16 15:37:42.128444430,,CV,2025,2024,15 days 00:07:04.077195870,21607.0679532645,343.9737038872008,0.046420141620771044,Зима,1,1,0.0029184005929448,126.07490561521894,department
,2025-01-16 17:15:36.544075788,,CV,2025,2024,15 days 01:44:58.492827228,21704.9748804538,97.90692718929859,0.04720692368214005,Зима,1,1,0.0029184005929448,126.07490561521894,department
,2025-01-16 19:19:51.902559414,,CV,2025,2024,15 days 03:49:13.851310854,21829.2308551809,124.25597472710069,0.04799370574350905,Зима,1,1,0.0029184005929448,126.07490561521894,department
,2025-01-17 03:44:40.211664552,,CV,2025,2024,15 days 12:14:02.160415992,22334.0360069332,504.8051517522981,0.04878048780487805,Зима,1,1,0.0029184005929448,126.07490561521894,department
,2025-01-17 06:00:28.619875332,,CV,2025,2024,15 days 14:29:50.568626772,22469.8428104462,135.8068035130018,0.04956726986624705,Зима,1,1,0.0029184005929448,126.07490561521894,department
,2025-01-17 07:35:30.311962668,,CV,2025,2024,15 days 16:04:52.260714108,22564.8710119018,95.02820145559963,0.05035405192761605,Зима,1,1,0.0029184005929448,126.07490561521894,department
,2025-01-17 08:38:57.773773050,,CV,2025,2024,15 days 17:08:19.722524490,22628.3287087415,63.457696839701384,0.05114083398898505,Зима,1,1,0.0029184005929448,126.07490561521894,department
,2025-01-17 17:09:52.079861544,,CV,2025,2024,16 days 01:39:14.028612984,23139.233810216403,510.90510147490204,0.05192761605035405,Зима,1,1,0.0029184005929448,126.07490561521894,department
,2025-01-17 17:57:28.257114816,,CV,2025,2024,16 days 02:26:50.205866256,23186.8367644376,47.60295422119816,0.05271439811172305,Зима,1,1,0.0029184005929448,126.07490561521894,department
,2025-01-17 21:24:40.109365902,,CV,2025,2024,16 days 05:54:02.058117342,23394.0343019557,207.19753751809913,0.05350118017309206,Зима,1,1,0.0029184005929448,126.07490561521894,department
,2025-01-18 01:26:57.613867152,,CV,2025,2024,16 days 09:56:19.562618592,23636.3260436432,242.29174168749887,0.05428796223446106,Зима,1,1,0.0029184005929448,126.07490561521894,department
,2025-01-18 08:05:23.830071606,,CV,2025,2024,16 days 16:34:45.778823046,24034.7629803841,398.43693674090173,0.05507474429583006,Зима,1,1,0.0029184005929448,126.07490561521894,department
,2025-01-18 13:49:08.130174684,,CV,2025,2024,16 days 22:18:30.078926124,24378.5013154354,343.7383350512973,0.05586152635719906,Зима,1,1,0.0029184005929448,126.07490561521894,department
,2025-01-18 23:19:29.575402014,,CV,2025,2024,17 days 07:48:51.524153454,24948.8587358909,570.3574204555007,0.05664830841856806,Зима,1,1,0.0029184005929448,126.07490561521894,department
,2025-01-18 23:35:10.851809388,,CV,2025,2024,17 days 08:04:32.800560828,24964.5466760138,15.687940122901637,0.057435090479937057,Зима,1,1,0.0029184005929448,126.07490561521894,department
,2025-01-19 01:35:39.533489934,,CV,2025,2024,17 days 10:05:01.482241374,25085.0247040229,120.47802800909994,0.058221872541306056,Зима,1,1,0.0029184005929448,126.07490561521894,department
,2025-01-19 03:28:17.146434402,,CV,2025,2024,17 days 11:57:39.095185842,25197.651586430697,112.62688240779607,0.059008654602675056,Зима,1,1,0.0029184005929448,126.07490561521894,department
,2025-01-19 04:22:22.291358226,,CV,2025,2024,17 days 12:51:44.240109666,25251.7373351611,54.085748730401974,0.05979543666404406,Зима,1,1,0.0029184005929448,126.07490561521894,department
,2025-01-19 06:19:19.839053952,,CV,2025,2024,17 days 14:48:41.787805392,25368.6964634232,116.95912826210042,0.06058221872541306,Зима,1,1,0.0029184005929448,126.07490561521894,department
,2025-01-19 08:26:21.622348932,,CV,2025,2024,17 days 16:55:43.571100372,25495.7261850062,127.02972158299963,0.06136900078678206,Зима,1,1,0.0029184005929448,126.07490561521894,department
,2025-01-19 12:39:12.319600710,,CV,2025,2024,17 days 21:08:34.268352150,25748.5711392025,252.84495419630184,0.06215578284815106,Зима,1,1,0.0029184005929448,126.07490561521894,department
,2025-01-19 18:52:37.022667288,,CV,2025,2024,18 days 03:21:58.971418728,26121.982856978797,373.4117177762964,0.06294256490952006,Зима,1,1,0.0029184005929448,126.07490561521894,department
,2025-01-19 21:37:01.584810174,,CV,2025,2024,18 days 06:06:23.533561614,26286.392226026903,164.40936904810587,0.06372934697088907,Зима,1,1,0.0029184005929448,126.07490561521894,department
,2025-01-20 04:52:33.886910820,,CV,2025,2024,18 days 13:21:55.835662260,26721.930594371,435.53836834409594,0.06451612903225806,Зима,1,1,0.0029184005929448,126.07490561521894,department
,2025-01-20 07:12:57.449434506,,CV,2025,2024,18 days 15:42:19.398185946,26862.3233030991,140.39270872810084,0.06530291109362707,Зима,1,1,0.0029184005929448,126.07490561521894,department
,2025-01-20 09:10:26.994348846,,CV,2025,2024,18 days 17:39:48.943100286,26979.8157183381,117.49241523900128,0.06608969315499606,Зима,1,1,0.0029184005929448,126.07490561521894,department
,2025-01-20 13:37:24.977538156,,CV,2025,2024,18 days 22:06:46.926289596,27246.782104826598,266.96638648849694,0.06687647521636507,Зима,1,1,0.0029184005929448,126.07490561521894,department
,2025-01-20 13:45:38.442083214,,CV,2025,2024,18 days 22:15:00.390834654,27255.0065139109,8.224409084301442,0.06766325727773406,Зима,1,1,0.0029184005929448,126.07490561521894,department
,2025-01-20 14:14:07.989880680,,CV,2025,2024,18 days 22:43:29.938632120,27283.498977201998,28.49246329109883,0.06845003933910307,Зима,1,1,0.0029184005929448,126.07490561521894,department
,2025-01-20 17:19:35.300572452,,CV,2025,2024,19 days 01:48:57.249323892,27468.954155398198,185.4551781962,0.06923682140047208,Зима,1,1,0.0029184005929448,126.07490561521894,department
,2025-01-21 09:40:39.881610624,,CV,2025,2024,19 days 18:10:01.830362064,28450.0305060344,981.0763506362018,0.07002360346184107,Зима,1,1,0.0029184005929448,126.07490561521894,department
,2025-01-21 16:58:42.349913220,,CV,2025,2024,20 days 01:28:04.298664660,28888.071644411,438.04113837660043,0.07081038552321008,Зима,1,1,0.0029184005929448,126.07490561521894,department
,2025-01-21 17:30:19.020598710,,CV,2025,2024,20 days 01:59:40.969350150,28919.682822502502,31.611178091501642,0.07159716758457907,Зима,1,1,0.0029184005929448,126.07490561521894,department
,2025-01-22 04:12:03.737893044,,CV,2025,2024,20 days 12:41:25.686644484,29561.428110741403,641.7452882389007,0.07238394964594808,Зима,1,1,0.0029184005929448,126.07490561521894,department
,2025-01-22 11:43:38.535165330,,CV,2025,2024,20 days 20:13:00.483916770,30013.0080652795,451.5799545380978,0.07317073170731707,Зима,1,1,0.0029184005929448,126.07490561521894,department
,2025-01-22 17:07:07.217051568,,CV,2025,2024,21 days 01:36:29.165803008,30336.4860967168,323.47803143729834,0.07395751376868608,Зима,1,1,0.0029184005929448,126.07490561521894,department
,2025-01-23 02:55:15.600361812,,CV,2025,2024,21 days 11:24:37.549113252,30924.6258185542,588.1397218374004,0.07474429583005507,Зима,1,1,0.0029184005929448,126.07490561521894,department
,2025-01-23 05:52:39.079638414,,CV,2025,2024,21 days 14:22:01.028389854,31102.0171398309,177.39132127670018,0.07553107789142408,Зима,1,1,0.0029184005929448,126.07490561521894,department
,2025-01-23 07:18:26.850746166,,CV,2025,2024,21 days 15:47:48.799497606,31187.8133249601,85.79618512920206,0.07631785995279308,Зима,1,1,0.0029184005929448,126.07490561521894,department
,2025-01-23 11:24:17.830536540,,CV,2025,2024,21 days 19:53:39.779287980,31433.662988132997,245.84966317289582,0.07710464201416208,Зима,1,1,0.0029184005929448,126.07490561521894,department
,2025-01-23 15:57:01.666161372,,CV,2025,2024,22 days 00:26:23.614912812,31706.3935818802,272.73059374720106,0.07789142407553108,Зима,1,1,0.0029184005929448,126.07490561521894,department
,2025-01-23 20:21:51.816519732,,CV,2025,2024,22 days 04:51:13.765271172,31971.2294211862,264.8358393060007,0.07867820613690008,Зима,1,1,0.0029184005929448,126.07490561521894,department
,2025-01-24 01:07:08.977883028,,CV,2025,2024,22 days 09:36:30.926634468,32256.5154439078,285.2860227216006,0.07946498819826908,Зима,1,1,0.0029184005929448,126.07490561521894,department
,2025-01-24 18:04:53.118509040,,CV,2025,2024,23 days 02:34:15.067260480,33274.251121008,1017.7356771001978,0.08025177025963807,Зима,1,1,0.0029184005929448,126.07490561521894,department
,2025-01-25 07:21:39.385617768,,CV,2025,2024,23 days 15:51:01.334369208,34071.022239486796,796.7711184787986,0.08103855232100708,Зима,1,1,0.0029184005929448,126.07490561521894,department
,2025-01-25 19:16:09.326534874,,CV,2025,2024,24 days 03:45:31.275286314,34785.5212547719,714.4990152851024,0.08182533438237609,Зима,1,1,0.0029184005929448,126.07490561521894,department
,2025-01-26 04:30:04.253541150,,CV,2025,2024,24 days 12:59:26.202292590,35339.4367048765,553.9154501045996,0.08261211644374508,Зима,1,1,0.0029184005929448,126.07490561521894,department
,2025-01-26 20:54:15.290308080,,CV,2025,2024,25 days 05:23:37.239059520,36323.620650992,984.1839461155032,0.08339889850511409,Зима,1,1,0.0029184005929448,126.07490561521894,department
,2025-01-26 21:29:47.059870290,,CV,2025,2024,25 days 05:59:09.008621730,36359.1501436955,35.52949270349927,0.08418568056648308,Зима,1,1,0.0029184005929448,126.07490561521894,department
,2025-01-26 23:15:20.374711818,,CV,2025,2024,25 days 07:44:42.323463258,36464.705391054296,105.5552473587959,0.08497246262785209,Зима,1,1,0.0029184005929448,126.07490561521894,department
,2025-01-27 03:09:28.637468550,,CV,2025,2024,25 days 11:38:50.586219990,36698.843103666506,234.13771261220973,0.08575924468922108,Зима,1,1,0.0029184005929448,126.07490561521894,department
,2025-01-27 13:51:42.335398278,,CV,2025,2024,25 days 22:21:04.284149718,37341.0714024953,642.2282988287916,0.08654602675059009,Зима,1,1,0.0029184005929448,126.07490561521894,department
,2025-01-27 17:52:46.402015770,,CV,2025,2024,26 days 02:22:08.350767210,37582.1391794535,241.06777695820347,0.08733280881195908,Зима,1,1,0.0029184005929448,126.07490561521894,department
,2025-01-28 01:45:06.528977832,,CV,2025,2024,26 days 10:14:28.477729272,38054.474628821205,472.3354493677034,0.08811959087332809,Зима,1,1,0.0029184005929448,126.07490561521894,department
,2025-01-28 02:36:22.478352540,,CV,2025,2024,26 days 11:05:44.427103980,38105.740451733,51.26582291179511,0.0889063729346971,Зима,1,1,0.0029184005929448,126.07490561521894,department
,2025-01-28 04:16:03.268255776,,CV,2025,2024,26 days 12:45:25.217007216,38205.420283453604,99.67983172060485,0.08969315499606609,Зима,1,1,0.0029184005929448,126.07490561521894,department
,2025-01-28 11:46:57.810065754,,CV,2025,2024,26 days 20:16:19.758817194,38656.3293136199,450.90903016629454,0.0904799370574351,Зима,1,1,0.0029184005929448,126.07490561521894,department
,2025-01-28 12:48:38.571086634,,CV,2025,2024,26 days 21:18:00.519838074,38718.00866396791,61.679350348007574,0.09126671911880409,Зима,1,1,0.0029184005929448,126.07490561521894,department
,2025-01-28 15:16:58.058346072,,CV,2025,2024,26 days 23:46:20.007097512,38866.3334516252,148.3247876572932,0.0920535011801731,Зима,1,1,0.0029184005929448,126.07490561521894,department
,2025-01-28 17:02:24.184407888,,CV,2025,2024,27 days 01:31:46.133159328,38971.76888598879,105.43543436359323,0.09284028324154209,Зима,1,1,0.0029184005929448,126.07490561521894,department
,2025-01-28 19:29:56.365187622,,CV,2025,2024,27 days 03:59:18.313939062,39119.305232317696,147.53634632890316,0.0936270653029111,Зима,1,1,0.0029184005929448,126.07490561521894,department
,2025-01-29 02:32:07.606958442,,CV,2025,2024,27 days 11:01:29.555709882,39541.4925951647,422.1873628470057,0.0944138473642801,Зима,1,1,0.0029184005929448,126.07490561521894,department
,2025-01-29 05:09:16.554715326,,CV,2025,2024,27 days 13:38:38.503466766,39698.6417244461,157.1491292813953,0.0952006294256491,Зима,1,1,0.0029184005929448,126.07490561521894,department
,2025-01-29 09:46:55.122633330,,CV,2025,2024,27 days 18:16:17.071384770,39976.2845230795,277.642798633402,0.0959874114870181,Зима,1,1,0.0029184005929448,126.07490561521894,department
,2025-01-29 10:22:59.695103916,,CV,2025,2024,27 days 18:52:21.643855356,40012.3607309226,36.07620784309984,0.0967741935483871,Зима,1,1,0.0029184005929448,126.07490561521894,department
,2025-01-29 19:43:10.840805238,,CV,2025,2024,28 days 04:12:32.789556678,40572.5464926113,560.1857616886991,0.0975609756097561,Зима,1,1,0.0029184005929448,126.07490561521894,department
,2025-01-29 22:21:26.288928132,,CV,2025,2024,28 days 06:50:48.237679572,40730.8039613262,158.25746871490264,0.0983477576711251,Зима,1,1,0.0029184005929448,126.07490561521894,department
,2025-02-01 05:58:17.585130654,,CV,2025,2024,30 days 14:27:39.533882094,44067.658898034904,3336.8549367087035,0.0991345397324941,Зима,1,2,0.0029184005929448,126.07490561521894,department
,2025-02-01 13:21:08.342872506,,CV,2025,2024,30 days 21:50:30.291623946,44510.504860399094,442.8459623641902,0.0999213217938631,Зима,1,2,0.0029184005929448,126.07490561521894,department
,2025-02-01 14:41:45.784592982,,CV,2025,2024,30 days 23:11:07.733344422,44591.128889073705,80.6240286746106,0.1007081038552321,Зима,1,2,0.0029184005929448,126.07490561521894,department
,2025-02-02 03:01:53.689202544,,CV,2025,2024,31 days 11:31:15.637953984,45331.2606325664,740.1317434926968,0.10149488591660111,Зима,1,2,0.0029184005929448,126.07490561521894,department
,2025-02-02 08:30:03.177092394,,CV,2025,2024,31 days 16:59:25.125843834,45659.4187640639,328.1581314974974,0.1022816679779701,Зима,1,2,0.0029184005929448,126.07490561521894,department
,2025-02-02 11:41:53.964683526,,CV,2025,2024,31 days 20:11:15.913434966,45851.2652239161,191.84645985220413,0.10306845003933911,Зима,1,2,0.0029184005929448,126.07490561521894,department
,2025-02-02 12:50:52.590204288,,CV,2025,2024,31 days 21:20:14.538955728,45920.2423159288,68.97709201269754,0.1038552321007081,Зима,1,2,0.0029184005929448,126.07490561521894,department
,2025-02-03 05:08:18.021553566,,CV,2025,2024,32 days 13:37:39.970305006,46897.6661717501,977.4238558212965,0.10464201416207711,Зима,1,2,0.0029184005929448,126.07490561521894,department
,2025-02-03 13:10:20.209168350,,CV,2025,2024,32 days 21:39:42.157919790,47379.7026319965,482.0364602464033,0.1054287962234461,Зима,1,2,0.0029184005929448,126.07490561521894,department
,2025-02-03 14:30:15.128037906,,CV,2025,2024,32 days 22:59:37.076789346,47459.6179464891,79.91531449260219,0.10621557828481511,Зима,1,2,0.0029184005929448,126.07490561521894,department
,2025-02-03 16:51:26.609093640,,CV,2025,2024,33 days 01:20:48.557845080,47600.809297417996,141.19135092889337,0.10700236034618411,Зима,1,2,0.0029184005929448,126.07490561521894,department
,2025-02-04 02:19:54.707502264,,CV,2025,2024,33 days 10:49:16.656253704,48169.277604228395,568.4683068103986,0.1077891424075531,Зима,1,2,0.0029184005929448,126.07490561521894,department
,2025-02-04 09:07:33.333720102,,CV,2025,2024,33 days 17:36:55.282471542,48576.92137452569,407.64377029729803,0.10857592446892211,Зима,1,2,0.0029184005929448,126.07490561521894,department
,2025-02-04 17:24:55.284117582,,CV,2025,2024,34 days 01:54:17.232869022,49074.2872144837,497.365839958009,0.1093627065302911,Зима,1,2,0.0029184005929448,126.07490561521894,department
,2025-02-04 20:44:20.035470882,,CV,2025,2024,34 days 05:13:41.984222322,49273.699737038696,199.4125225549942,0.11014948859166011,Зима,1,2,0.0029184005929448,126.07490561521894,department
,2025-02-05 03:56:14.080980114,,CV,2025,2024,34 days 12:25:36.029731554,49705.6004955259,431.90075848720153,0.1109362706530291,Зима,1,2,0.0029184005929448,126.07490561521894,department
,2025-02-05 06:43:38.585172936,,CV,2025,2024,34 days 15:13:00.533924376,49873.0088987396,167.40840321370342,0.11172305271439811,Зима,1,2,0.0029184005929448,126.07490561521894,department
,2025-02-05 08:04:57.742111872,,CV,2025,2024,34 days 16:34:19.690863312,49954.32818105521,81.31928231560596,0.1125098347757671,Зима,1,2,0.0029184005929448,126.07490561521894,department
,2025-02-05 13:48:08.071066938,,CV,2025,2024,34 days 22:17:30.019818378,50297.500330306306,343.17214925109874,0.11329661683713611,Зима,1,2,0.0029184005929448,126.07490561521894,department
,2025-02-06 11:06:19.705368324,,CV,2025,2024,35 days 19:35:41.654119764,51575.6942353294,1278.193905023094,0.11408339889850512,Зима,1,2,0.0029184005929448,126.07490561521894,department
,2025-02-06 13:13:46.394479698,,CV,2025,2024,35 days 21:43:08.343231138,51703.1390538523,127.44481852289755,0.11487018095987411,Зима,1,2,0.0029184005929448,126.07490561521894,department
,2025-02-06 16:45:31.640551158,,CV,2025,2024,36 days 01:14:53.589302598,51914.8931550433,211.7541011909998,0.11565696302124312,Зима,1,2,0.0029184005929448,126.07490561521894,department
,2025-02-06 23:09:35.675823144,,CV,2025,2024,36 days 07:38:57.624574584,52298.9604095764,384.06725453310355,0.11644374508261211,Зима,1,2,0.0029184005929448,126.07490561521894,department
,2025-02-07 03:36:47.923570038,,CV,2025,2024,36 days 12:06:09.872321478,52566.1645386913,267.20412911489984,0.11723052714398112,Зима,1,2,0.0029184005929448,126.07490561521894,department
,2025-02-07 14:12:09.585358578,,CV,2025,2024,36 days 22:41:31.534110018,53201.5255685003,635.3610298089989,0.11801730920535011,Зима,1,2,0.0029184005929448,126.07490561521894,department
,2025-02-07 22:23:39.795731778,,CV,2025,2024,37 days 06:53:01.744483218,53693.0290747203,491.50350622000406,0.11880409126671912,Зима,1,2,0.0029184005929448,126.07490561521894,department
,2025-02-07 22:44:14.695917264,,CV,2025,2024,37 days 07:13:36.644668704,53713.6107444784,20.581669758095813,0.11959087332808813,Зима,1,2,0.0029184005929448,126.07490561521894,department
,2025-02-09 11:34:44.432569542,,CV,2025,2024,38 days 20:04:06.381320982,55924.10635534969,2210.495610871294,0.12037765538945712,Зима,1,2,0.0029184005929448,126.07490561521894,department
,2025-02-09 19:33:04.069999914,,CV,2025,2024,39 days 04:02:26.018751354,56402.4336458559,478.327290506204,0.12116443745082613,Зима,1,2,0.0029184005929448,126.07490561521894,department
,2025-02-10 06:56:27.140127612,,CV,2025,2024,39 days 15:25:49.088879052,57085.8181479842,683.384502128305,0.12195121951219512,Зима,1,2,0.0029184005929448,126.07490561521894,department
,2025-02-10 12:57:21.124782534,,CV,2025,2024,39 days 21:26:43.073533974,57446.717892232904,360.8997442487016,0.12273800157356413,Зима,1,2,0.0029184005929448,126.07490561521894,department
,2025-02-11 00:02:04.422563070,,CV,2025,2024,40 days 08:31:26.371314510,58111.4395219085,664.7216296755942,0.12352478363493312,Зима,1,2,0.0029184005929448,126.07490561521894,department
,2025-02-11 00:42:55.386437838,,CV,2025,2024,40 days 09:12:17.335189278,58152.288919821294,40.84939791279612,0.12431156569630213,Зима,1,2,0.0029184005929448,126.07490561521894,department
,2025-02-11 03:09:20.514282294,,CV,2025,2024,40 days 11:38:42.463033734,58298.7077172289,146.41879740760487,0.12509834775767112,Зима,1,2,0.0029184005929448,126.07490561521894,department
,2025-02-11 15:05:47.228306598,,CV,2025,2024,40 days 23:35:09.177058038,59015.1529509673,716.4452337383991,0.12588512981904013,Зима,1,2,0.0029184005929448,126.07490561521894,department
,2025-02-11 16:22:57.463976958,,CV,2025,2024,41 days 00:52:19.412728398,59092.3235454733,77.17059450600209,0.12667191188040913,Зима,1,2,0.0029184005929448,126.07490561521894,department
,2025-02-11 16:50:52.477405356,,CV,2025,2024,41 days 01:20:14.426156796,59120.2404359466,27.916890473301464,0.12745869394177814,Зима,1,2,0.0029184005929448,126.07490561521894,department
,2025-02-12 01:42:34.818769584,,CV,2025,2024,41 days 10:11:56.767521024,59651.946125350405,531.7056894038033,0.12824547600314712,Зима,1,2,0.0029184005929448,126.07490561521894,department
,2025-02-12 12:00:59.263371006,,CV,2025,2024,41 days 20:30:21.212122446,60270.353535374095,618.4074100236903,0.12903225806451613,Зима,1,2,0.0029184005929448,126.07490561521894,department
,2025-02-12 13:01:48.847022280,,CV,2025,2024,41 days 21:31:10.795773720,60331.179929562,60.82639418790495,0.12981904012588513,Зима,1,2,0.0029184005929448,126.07490561521894,department
,2025-02-13 00:01:56.594210406,,CV,2025,2024,42 days 08:31:18.542961846,60991.3090493641,660.129119802099,0.13060582218725414,Зима,1,2,0.0029184005929448,126.07490561521894,department
,2025-02-13 06:39:41.936737968,,CV,2025,2024,42 days 15:09:03.885489408,61389.0647581568,397.755708792698,0.13139260424862312,Зима,1,2,0.0029184005929448,126.07490561521894,department
,2025-02-13 10:51:15.302228520,,CV,2025,2024,42 days 19:20:37.250979960,61640.620849666,251.55609150919918,0.13217938630999213,Зима,1,2,0.0029184005929448,126.07490561521894,department
,2025-02-13 20:58:55.608312120,,CV,2025,2024,43 days 05:28:17.557063560,62248.292617726,607.671768060005,0.13296616837136113,Зима,1,2,0.0029184005929448,126.07490561521894,department
,2025-02-14 00:05:08.172134376,,CV,2025,2024,43 days 08:34:30.120885816,62434.5020147636,186.20939703760087,0.13375295043273014,Зима,1,2,0.0029184005929448,126.07490561521894,department
,2025-02-14 01:19:02.053594158,,CV,2025,2024,43 days 09:48:24.002345598,62508.4000390933,73.89802432969736,0.13453973249409915,Зима,1,2,0.0029184005929448,126.07490561521894,department
,2025-02-14 03:13:54.871083816,,CV,2025,2024,43 days 11:43:16.819835256,62623.2803305876,114.88029149430076,0.13532651455546812,Зима,1,2,0.0029184005929448,126.07490561521894,department
,2025-02-14 07:14:58.867351704,,CV,2025,2024,43 days 15:44:20.816103144,62864.3469350524,241.06660446480237,0.13611329661683713,Зима,1,2,0.0029184005929448,126.07490561521894,department
,2025-02-14 11:34:39.827883738,,CV,2025,2024,43 days 20:04:01.776635178,63124.0296105863,259.6826755338989,0.13690007867820614,Зима,1,2,0.0029184005929448,126.07490561521894,department
,2025-02-14 20:55:50.437046052,,CV,2025,2024,44 days 05:25:12.385797492,63685.206429958205,561.1768193719035,0.13768686073957515,Зима,1,2,0.0029184005929448,126.07490561521894,department
,2025-02-15 05:52:48.977492652,,CV,2025,2024,44 days 14:22:10.926244092,64222.182104068204,536.9756741099991,0.13847364280094415,Зима,1,2,0.0029184005929448,126.07490561521894,department
,2025-02-15 10:51:11.103381528,,CV,2025,2024,44 days 19:20:33.052132968,64520.5508688828,298.3687648145933,0.13926042486231313,Зима,1,2,0.0029184005929448,126.07490561521894,department
,2025-02-15 19:31:13.903386048,,CV,2025,2024,45 days 04:00:35.852137488,65040.597535624795,520.0466667419969,0.14004720692368214,Зима,1,2,0.0029184005929448,126.07490561521894,department
,2025-02-15 20:44:11.223351114,,CV,2025,2024,45 days 05:13:33.172102554,65113.5528683759,72.9553327511021,0.14083398898505115,Зима,1,2,0.0029184005929448,126.07490561521894,department
,2025-02-15 21:01:47.169270426,,CV,2025,2024,45 days 05:31:09.118021866,65131.151967031095,17.59909865519876,0.14162077104642015,Зима,1,2,0.0029184005929448,126.07490561521894,department
,2025-02-16 08:50:35.355884952,,CV,2025,2024,45 days 17:19:57.304636392,65839.9550772732,708.8031102421082,0.14240755310778913,Зима,1,2,0.0029184005929448,126.07490561521894,department
,2025-02-16 09:17:30.511270812,,CV,2025,2024,45 days 17:46:52.460022252,65866.8743337042,26.91925643099239,0.14319433516915814,Зима,1,2,0.0029184005929448,126.07490561521894,department
,2025-02-16 10:54:34.448509452,,CV,2025,2024,45 days 19:23:56.397260892,65963.9399543482,97.0656206440035,0.14398111723052714,Зима,1,2,0.0029184005929448,126.07490561521894,department
,2025-02-16 17:41:48.855263994,,CV,2025,2024,46 days 02:11:10.804015434,66371.1800669239,407.24011257570237,0.14476789929189615,Зима,1,2,0.0029184005929448,126.07490561521894,department
,2025-02-16 20:42:17.337452058,,CV,2025,2024,46 days 05:11:39.286203498,66551.6547700583,180.47470313440135,0.14555468135326516,Зима,1,2,0.0029184005929448,126.07490561521894,department
,2025-02-17 08:38:26.262517038,,CV,2025,2024,46 days 17:07:48.211268478,67267.80352114131,716.1487510830048,0.14634146341463414,Зима,1,2,0.0029184005929448,126.07490561521894,department
,2025-02-17 10:39:39.967717620,,CV,2025,2024,46 days 19:09:01.916469060,67389.031941151,121.22842000969104,0.14712824547600314,Зима,1,2,0.0029184005929448,126.07490561521894,department
,2025-02-17 10:43:45.493444668,,CV,2025,2024,46 days 19:13:07.442196108,67393.1240366018,4.092095450803754,0.14791502753737215,Зима,1,2,0.0029184005929448,126.07490561521894,department
,2025-02-17 12:46:17.712596904,,CV,2025,2024,46 days 21:15:39.661348344,67515.6610224724,122.53698587059625,0.14870180959874116,Зима,1,2,0.0029184005929448,126.07490561521894,department
,2025-02-17 17:41:58.823762760,,CV,2025,2024,47 days 02:11:20.772514200,67811.34620857,295.6851860976021,0.14948859166011014,Зима,1,2,0.0029184005929448,126.07490561521894,department
,2025-02-17 20:23:32.616162516,,CV,2025,2024,47 days 04:52:54.564913956,67972.9094152326,161.56320666259853,0.15027537372147914,Зима,1,2,0.0029184005929448,126.07490561521894,department
,2025-02-18 00:45:49.542802728,,CV,2025,2024,47 days 09:15:11.491554168,68235.1915259028,262.2821106702031,0.15106215578284815,Зима,1,2,0.0029184005929448,126.07490561521894,department
,2025-02-18 12:42:45.753700638,,CV,2025,2024,47 days 21:12:07.702452078,68952.1283742013,716.936848298501,0.15184893784421716,Зима,1,2,0.0029184005929448,126.07490561521894,department
,2025-02-19 02:37:26.863825776,,CV,2025,2024,48 days 11:06:48.812577216,69786.8135429536,834.6851687523013,0.15263571990558616,Зима,1,2,0.0029184005929448,126.07490561521894,department
,2025-02-19 04:23:23.994868320,,CV,2025,2024,48 days 12:52:45.943619760,69892.765726996,105.95218404239859,0.15342250196695514,Зима,1,2,0.0029184005929448,126.07490561521894,department
,2025-02-19 07:55:53.948191626,,CV,2025,2024,48 days 16:25:15.896943066,70105.26494905111,212.49922205510666,0.15420928402832415,Зима,1,2,0.0029184005929448,126.07490561521894,department
,2025-02-19 12:28:51.562354542,,CV,2025,2024,48 days 20:58:13.511105982,70378.2251850997,272.96023604858783,0.15499606608969316,Зима,1,2,0.0029184005929448,126.07490561521894,department
,2025-02-20 05:29:19.697898834,,CV,2025,2024,49 days 13:58:41.646650274,71398.69411083791,1020.4689257382124,0.15578284815106216,Зима,1,2,0.0029184005929448,126.07490561521894,department
,2025-02-21 19:05:15.982687829,,CV,2025,2024,51 days 03:34:37.931439269,73654.63219065449,2255.9380798165803,0.15656963021243114,Зима,1,2,0.0029184005929448,126.07490561521894,department
,2025-02-21 20:37:14.319114582,,CV,2025,2024,51 days 05:06:36.267866022,73746.6044644337,91.97227377920353,0.15735641227380015,Зима,1,2,0.0029184005929448,126.07490561521894,department
,2025-02-22 04:02:04.481355906,,CV,2025,2024,51 days 12:31:26.430107346,74191.4405017891,444.83603735540237,0.15814319433516916,Зима,1,2,0.0029184005929448,126.07490561521894,department
,2025-02-22 06:44:47.331485244,,CV,2025,2024,51 days 15:14:09.280236684,74354.1546706114,162.7141688223055,0.15892997639653816,Зима,1,2,0.0029184005929448,126.07490561521894,department
,2025-02-22 06:47:34.709064060,,CV,2025,2024,51 days 15:16:56.657815500,74356.94429692501,2.789626313606277,0.15971675845790717,Зима,1,2,0.0029184005929448,126.07490561521894,department
,2025-02-22 06:50:45.819076650,,CV,2025,2024,51 days 15:20:07.767828090,74360.1294638015,3.185166876486619,0.16050354051927615,Зима,1,2,0.0029184005929448,126.07490561521894,department
,2025-02-22 10:22:15.677750082,,CV,2025,2024,51 days 18:51:37.626501522,74571.6271083587,211.49764455721015,0.16129032258064516,Зима,1,2,0.0029184005929448,126.07490561521894,department
,2025-02-22 14:11:52.093432536,,CV,2025,2024,51 days 22:41:14.042183976,74801.23403639959,229.60692804088467,0.16207710464201416,Зима,1,2,0.0029184005929448,126.07490561521894,department
,2025-02-22 14:19:41.424967668,,CV,2025,2024,51 days 22:49:03.373719108,74809.05622865181,7.822192252220702,0.16286388670338317,Зима,1,2,0.0029184005929448,126.07490561521894,department
,2025-02-22 20:57:37.247008890,,CV,2025,2024,52 days 05:26:59.195760330,75206.9865960055,397.9303673536924,0.16365066876475218,Зима,1,2,0.0029184005929448,126.07490561521894,department
,2025-02-22 22:56:54.828638736,,CV,2025,2024,52 days 07:26:16.777390176,75326.27962316961,119.29302716410893,0.16443745082612116,Зима,1,2,0.0029184005929448,126.07490561521894,department
,2025-02-23 03:38:08.542943220,,CV,2025,2024,52 days 12:07:30.491694660,75607.508194911,281.2285717413906,0.16522423288749016,Зима,1,2,0.0029184005929448,126.07490561521894,department
,2025-02-23 05:40:48.507901254,,CV,2025,2024,52 days 14:10:10.456652694,75730.17427754491,122.66608263390663,0.16601101494885917,Зима,1,2,0.0029184005929448,126.07490561521894,department
,2025-02-23 06:43:28.435018836,,CV,2025,2024,52 days 15:12:50.383770276,75792.8397295046,62.66545195969229,0.16679779701022818,Зима,1,2,0.0029184005929448,126.07490561521894,department
,2025-02-23 09:42:37.896349872,,CV,2025,2024,52 days 18:11:59.845101312,75971.9974183552,179.15768885059515,0.16758457907159716,Зима,1,2,0.0029184005929448,126.07490561521894,department
,2025-02-23 11:13:12.137699208,,CV,2025,2024,52 days 19:42:34.086450648,76062.56810751079,90.5706891555892,0.16837136113296616,Зима,1,2,0.0029184005929448,126.07490561521894,department
,2025-02-23 15:35:25.891869654,,CV,2025,2024,53 days 00:04:47.840621094,76324.7973436849,262.2292361741129,0.16915814319433517,Зима,1,2,0.0029184005929448,126.07490561521894,department
,2025-02-23 16:51:23.462598042,,CV,2025,2024,53 days 01:20:45.411349482,76400.7568558247,75.95951213980152,0.16994492525570418,Зима,1,2,0.0029184005929448,126.07490561521894,department
,2025-02-23 20:54:42.597355962,,CV,2025,2024,53 days 05:24:04.546107402,76644.0757684567,243.3189126320067,0.17073170731707318,Зима,1,2,0.0029184005929448,126.07490561521894,department
,2025-02-23 21:53:23.103037674,,CV,2025,2024,53 days 06:22:45.051789114,76702.7508631519,58.675094695194275,0.17151848937844216,Зима,1,2,0.0029184005929448,126.07490561521894,department
,2025-02-24 04:14:17.141574971,,CV,2025,2024,53 days 12:43:39.090326411,77083.65150544018,380.90064228828123,0.17230527143981117,Зима,1,2,0.0029184005929448,126.07490561521894,department
,2025-02-24 12:14:44.653395792,,CV,2025,2024,53 days 20:44:06.602147232,77564.11003578719,480.4585303470085,0.17309205350118018,Зима,1,2,0.0029184005929448,126.07490561521894,department
,2025-02-24 12:54:49.605091026,,CV,2025,2024,53 days 21:24:11.553842466,77604.1925640411,40.08252825391537,0.17387883556254918,Зима,1,2,0.0029184005929448,126.07490561521894,department
,2025-02-24 16:30:57.128209848,,CV,2025,2024,54 days 01:00:19.076961288,77820.31794935481,216.12538531370228,0.17466561762391816,Зима,1,2,0.0029184005929448,126.07490561521894,department
,2025-02-24 16:56:08.403497346,,CV,2025,2024,54 days 01:25:30.352248786,77845.5058708131,25.187921458287747,0.17545239968528717,Зима,1,2,0.0029184005929448,126.07490561521894,department
,2025-02-24 22:08:33.406638132,,CV,2025,2024,54 days 06:37:55.355389572,78157.9225898262,312.41671901309746,0.17623918174665618,Зима,1,2,0.0029184005929448,126.07490561521894,department
,2025-02-24 23:53:46.617300816,,CV,2025,2024,54 days 08:23:08.566052256,78263.1427675376,105.22017771140963,0.17702596380802518,Зима,1,2,0.0029184005929448,126.07490561521894,department
,2025-02-25 04:10:45.630768828,,CV,2025,2024,54 days 12:40:07.579520268,78520.12632533781,256.9835578002094,0.1778127458693942,Зима,1,2,0.0029184005929448,126.07490561521894,department
,2025-02-25 08:20:26.991867714,,CV,2025,2024,54 days 16:49:48.940619154,78769.8156769859,249.68935164809227,0.17859952793076317,Зима,1,2,0.0029184005929448,126.07490561521894,department
,2025-02-25 23:05:04.598101314,,CV,2025,2024,55 days 07:34:26.546852754,79654.44244754591,884.6267705600039,0.17938630999213218,Зима,1,2,0.0029184005929448,126.07490561521894,department
,2025-02-26 03:37:59.440281852,,CV,2025,2024,55 days 12:07:21.389033292,79927.3564838882,272.9140363422921,0.18017309205350118,Зима,1,2,0.0029184005929448,126.07490561521894,department
,2025-02-26 08:37:41.866961964,,CV,2025,2024,55 days 17:07:03.815713404,80227.0635952234,299.70711133519944,0.1809598741148702,Зима,1,2,0.0029184005929448,126.07490561521894,department
,2025-02-26 11:33:40.759470234,,CV,2025,2024,55 days 20:03:02.708221674,80403.0451370279,175.98154180450365,0.18174665617623917,Зима,1,2,0.0029184005929448,126.07490561521894,department
,2025-02-27 04:33:55.625987898,,CV,2025,2024,56 days 13:03:17.574739338,81423.2929123223,1020.247775294396,0.18253343823760818,Зима,1,2,0.0029184005929448,126.07490561521894,department
,2025-02-27 13:08:23.578800180,,CV,2025,2024,56 days 21:37:45.527551620,81937.758792527,514.4658802047052,0.18332022029897718,Зима,1,2,0.0029184005929448,126.07490561521894,department
,2025-02-27 15:03:32.289086202,,CV,2025,2024,56 days 23:32:54.237837642,82052.9039639607,115.14517143370176,0.1841070023603462,Зима,1,2,0.0029184005929448,126.07490561521894,department
,2025-02-28 01:40:36.863425230,,CV,2025,2024,57 days 10:09:58.812176670,82689.9802029445,637.076238983791,0.1848937844217152,Зима,1,2,0.0029184005929448,126.07490561521894,department
,2025-02-28 04:54:40.198252776,,CV,2025,2024,57 days 13:24:02.147004216,82884.0357834036,194.05558045909856,0.18568056648308418,Зима,1,2,0.0029184005929448,126.07490561521894,department
,2025-02-28 14:59:09.662213286,,CV,2025,2024,57 days 23:28:31.610964726,83488.5268494121,604.4910660085006,0.18646734854445318,Зима,1,2,0.0029184005929448,126.07490561521894,department
,2025-03-01 03:27:08.844494928,,CV,2025,2024,58 days 11:56:30.793246368,84236.5132207728,747.9863713607047,0.1872541306058222,Весна,2,3,0.003118961766093,134.73914829522116,department
,2025-03-01 03:41:45.940607484,,CV,2025,2024,58 days 12:11:07.889358924,84251.13148931539,14.61826854258834,0.1880409126671912,Весна,2,3,0.003118961766093,134.73914829522116,department
,2025-03-01 22:32:13.395254754,,CV,2025,2024,59 days 07:01:35.344006194,85381.5890667699,1130.4575774545083,0.1888276947285602,Весна,2,3,0.003118961766093,134.73914829522116,department
,2025-03-02 05:15:53.052544062,,CV,2025,2024,59 days 13:45:15.001295502,85785.25002159171,403.6609548218112,0.18961447678992918,Весна,2,3,0.003118961766093,134.73914829522116,department
,2025-03-02 07:21:02.680387086,,CV,2025,2024,59 days 15:50:24.629138526,85910.41048564209,125.16046405037923,0.1904012588512982,Весна,2,3,0.003118961766093,134.73914829522116,department
,2025-03-02 09:24:04.916097858,,CV,2025,2024,59 days 17:53:26.864849298,86033.4477474883,123.03726184621337,0.1911880409126672,Весна,2,3,0.003118961766093,134.73914829522116,department
,2025-03-02 12:34:54.699198288,,CV,2025,2024,59 days 21:04:16.647949728,86224.2774658288,190.82971834049386,0.1919748229740362,Весна,2,3,0.003118961766093,134.73914829522116,department
,2025-03-02 17:50:27.043536708,,CV,2025,2024,60 days 02:19:48.992288148,86539.8165381358,315.53907230700133,0.19276160503540518,Весна,2,3,0.003118961766093,134.73914829522116,department
,2025-03-02 18:41:11.537928696,,CV,2025,2024,60 days 03:10:33.486680136,86590.5581113356,50.74157319980441,0.1935483870967742,Весна,2,3,0.003118961766093,134.73914829522116,department
,2025-03-02 19:48:19.814672412,,CV,2025,2024,60 days 04:17:41.763423852,86657.6960570642,67.13794572859479,0.1943351691581432,Весна,2,3,0.003118961766093,134.73914829522116,department
,2025-03-03 06:17:24.726789444,,CV,2025,2024,60 days 14:46:46.675540884,87286.7779256814,629.0818686171988,0.1951219512195122,Весна,2,3,0.003118961766093,134.73914829522116,department
,2025-03-03 07:52:20.024738610,,CV,2025,2024,60 days 16:21:41.973490050,87381.6995581675,94.9216324861045,0.1959087332808812,Весна,2,3,0.003118961766093,134.73914829522116,department
,2025-03-03 10:25:42.132346518,,CV,2025,2024,60 days 18:55:04.081097958,87535.0680182993,153.36846013179456,0.1966955153422502,Весна,2,3,0.003118961766093,134.73914829522116,department
,2025-03-03 21:22:59.341720080,,CV,2025,2024,61 days 05:52:21.290471520,88192.354841192,657.2868228927109,0.1974822974036192,Весна,2,3,0.003118961766093,134.73914829522116,department
,2025-03-04 03:11:51.520875474,,CV,2025,2024,61 days 11:41:13.469626914,88541.22449378189,348.86965258988494,0.1982690794649882,Весна,2,3,0.003118961766093,134.73914829522116,department
,2025-03-04 05:25:54.823772610,,CV,2025,2024,61 days 13:55:16.772524050,88675.27954206751,134.0550482856197,0.1990558615263572,Весна,2,3,0.003118961766093,134.73914829522116,department
,2025-03-04 11:34:58.013695002,,CV,2025,2024,61 days 20:04:19.962446442,89044.3327074407,369.0531653731887,0.1998426435877262,Весна,2,3,0.003118961766093,134.73914829522116,department
,2025-03-04 11:41:20.439221796,,CV,2025,2024,61 days 20:10:42.387973236,89050.7064662206,6.373758779896889,0.2006294256490952,Весна,2,3,0.003118961766093,134.73914829522116,department
,2025-03-04 18:47:54.600938820,,CV,2025,2024,62 days 03:17:16.549690260,89477.275828171,426.5693619504018,0.2014162077104642,Весна,2,3,0.003118961766093,134.73914829522116,department
,2025-03-04 22:21:55.618285422,,CV,2025,2024,62 days 06:51:17.567036862,89691.29278394769,214.01695577669307,0.2022029897718332,Весна,2,3,0.003118961766093,134.73914829522116,department
,2025-03-05 07:19:48.303472710,,CV,2025,2024,62 days 15:49:10.252224150,90229.17087040251,537.8780864548171,0.20298977183320221,Весна,2,3,0.003118961766093,134.73914829522116,department
,2025-03-05 23:51:30.274115670,,CV,2025,2024,63 days 08:20:52.222867110,91220.8703811185,991.6995107159892,0.2037765538945712,Весна,2,3,0.003118961766093,134.73914829522116,department
,2025-03-06 13:45:23.016091074,,CV,2025,2024,63 days 22:14:44.964842514,92054.7494140419,833.8790329234034,0.2045633359559402,Весна,2,3,0.003118961766093,134.73914829522116,department
,2025-03-07 02:34:48.620564400,,CV,2025,2024,64 days 11:04:10.569315840,92824.176155264,769.4267412220943,0.2053501180173092,Весна,2,3,0.003118961766093,134.73914829522116,department
,2025-03-07 06:24:56.834796750,,CV,2025,2024,64 days 14:54:18.783548190,93054.3130591365,230.13690387250972,0.20613690007867821,Весна,2,3,0.003118961766093,134.73914829522116,department
,2025-03-07 08:48:06.408137766,,CV,2025,2024,64 days 17:17:28.356889206,93197.4726148201,143.1595556835964,0.2069236821400472,Весна,2,3,0.003118961766093,134.73914829522116,department
,2025-03-07 12:08:40.308045114,,CV,2025,2024,64 days 20:38:02.256796554,93398.0376132759,200.56499845579674,0.2077104642014162,Весна,2,3,0.003118961766093,134.73914829522116,department
,2025-03-07 18:24:04.102545720,,CV,2025,2024,65 days 02:53:26.051297160,93773.434188286,375.39657501010515,0.2084972462627852,Весна,2,3,0.003118961766093,134.73914829522116,department
,2025-03-08 05:54:43.775450478,,CV,2025,2024,65 days 14:24:05.724201918,94464.0954033653,690.6612150792935,0.20928402832415421,Весна,2,3,0.003118961766093,134.73914829522116,department
,2025-03-08 07:09:05.159766912,,CV,2025,2024,65 days 15:38:27.108518352,94538.45180863919,74.35640527389478,0.21007081038552322,Весна,2,3,0.003118961766093,134.73914829522116,department
,2025-03-08 20:31:43.385277048,,CV,2025,2024,66 days 05:01:05.334028488,95341.0889004748,802.6370918356115,0.2108575924468922,Весна,2,3,0.003118961766093,134.73914829522116,department
,2025-03-09 05:33:02.927168010,,CV,2025,2024,66 days 14:02:24.875919450,95882.4145986575,541.3256981826999,0.2116443745082612,Весна,2,3,0.003118961766093,134.73914829522116,department
,2025-03-10 02:09:29.148906060,,CV,2025,2024,67 days 10:38:51.097657500,97118.851627625,1236.437028967499,0.21243115656963021,Весна,2,3,0.003118961766093,134.73914829522116,department
,2025-03-10 13:29:57.424662522,,CV,2025,2024,67 days 21:59:19.373413962,97799.32289023271,680.4712626077089,0.21321793863099922,Весна,2,3,0.003118961766093,134.73914829522116,department
,2025-03-10 15:15:15.239114160,,CV,2025,2024,67 days 23:44:37.187865600,97904.61979776,105.29690752728493,0.21400472069236823,Весна,2,3,0.003118961766093,134.73914829522116,department
,2025-03-10 15:51:09.805869138,,CV,2025,2024,68 days 00:20:31.754620578,97940.5292436763,35.9094459163025,0.2147915027537372,Весна,2,3,0.003118961766093,134.73914829522116,department
,2025-03-10 16:29:20.088198516,,CV,2025,2024,68 days 00:58:42.036949956,97978.7006158326,38.171372156299185,0.2155782848151062,Весна,2,3,0.003118961766093,134.73914829522116,department
,2025-03-10 18:19:41.806668666,,CV,2025,2024,68 days 02:49:03.755420106,98089.0625903351,110.3619745025062,0.21636506687647522,Весна,2,3,0.003118961766093,134.73914829522116,department
,2025-03-10 23:25:03.172490820,,CV,2025,2024,68 days 07:54:25.121242260,98394.418687371,305.3560970358958,0.21715184893784423,Весна,2,3,0.003118961766093,134.73914829522116,department
,2025-03-11 08:08:04.312675230,,CV,2025,2024,68 days 16:37:26.261426670,98917.4376904445,523.0190030734957,0.2179386309992132,Весна,2,3,0.003118961766093,134.73914829522116,department
,2025-03-11 20:23:55.853423328,,CV,2025,2024,69 days 04:53:17.802174768,99653.2967029128,735.8590124683105,0.2187254130605822,Весна,2,3,0.003118961766093,134.73914829522116,department
,2025-03-12 01:37:20.388995148,,CV,2025,2024,69 days 10:06:42.337746588,99966.7056291098,313.408926196993,0.21951219512195122,Весна,2,3,0.003118961766093,134.73914829522116,department
,2025-03-12 01:39:09.025691430,,CV,2025,2024,69 days 10:08:30.974442870,99968.51624071451,1.8106116047129035,0.22029897718332023,Весна,2,3,0.003118961766093,134.73914829522116,department
,2025-03-12 02:45:15.425369154,,CV,2025,2024,69 days 11:14:37.374120594,100034.6229020099,66.10666129538731,0.22108575924468923,Весна,2,3,0.003118961766093,134.73914829522116,department
,2025-03-12 03:18:56.412194784,,CV,2025,2024,69 days 11:48:18.360946224,100068.3060157704,33.68311376050406,0.2218725413060582,Весна,2,3,0.003118961766093,134.73914829522116,department
,2025-03-12 05:43:41.901171840,,CV,2025,2024,69 days 14:13:03.849923280,100213.064165388,144.75814961759897,0.22265932336742722,Весна,2,3,0.003118961766093,134.73914829522116,department
,2025-03-12 09:26:48.140766348,,CV,2025,2024,69 days 17:56:10.089517788,100436.16815862981,223.10399324180617,0.22344610542879623,Весна,2,3,0.003118961766093,134.73914829522116,department
,2025-03-12 09:41:01.636287762,,CV,2025,2024,69 days 18:10:23.585039202,100450.3930839867,14.22492535688798,0.22423288749016523,Весна,2,3,0.003118961766093,134.73914829522116,department
,2025-03-12 11:58:23.688157728,,CV,2025,2024,69 days 20:27:45.636909168,100587.7606151528,137.36753116610635,0.2250196695515342,Весна,2,3,0.003118961766093,134.73914829522116,department
,2025-03-12 13:01:42.087563622,,CV,2025,2024,69 days 21:31:04.036315062,100651.0672719177,63.30665676489298,0.22580645161290322,Весна,2,3,0.003118961766093,134.73914829522116,department
,2025-03-12 18:35:37.331811888,,CV,2025,2024,70 days 03:04:59.280563328,100984.9880093888,333.92073747111135,0.22659323367427223,Весна,2,3,0.003118961766093,134.73914829522116,department
,2025-03-12 21:55:43.815615066,,CV,2025,2024,70 days 06:25:05.764366506,101185.0960727751,200.10806338628754,0.22738001573564123,Весна,2,3,0.003118961766093,134.73914829522116,department
,2025-03-13 01:34:58.694117448,,CV,2025,2024,70 days 10:04:20.642868888,101404.3440478148,219.2479750397033,0.22816679779701024,Весна,2,3,0.003118961766093,134.73914829522116,department
,2025-03-13 04:33:54.528201942,,CV,2025,2024,70 days 13:03:16.476953382,101583.27461588969,178.93056807489484,0.22895357985837922,Весна,2,3,0.003118961766093,134.73914829522116,department
,2025-03-13 21:15:31.713329304,,CV,2025,2024,71 days 05:44:53.662080744,102584.8943680124,1001.619752122715,0.22974036191974823,Весна,2,3,0.003118961766093,134.73914829522116,department
,2025-03-13 22:33:01.995365730,,CV,2025,2024,71 days 07:02:23.944117170,102662.3990686195,77.50470060709631,0.23052714398111723,Весна,2,3,0.003118961766093,134.73914829522116,department
,2025-03-14 02:26:08.260164198,,CV,2025,2024,71 days 10:55:30.208915638,102895.5034819273,233.10441330779577,0.23131392604248624,Весна,2,3,0.003118961766093,134.73914829522116,department
,2025-03-14 09:33:09.708591204,,CV,2025,2024,71 days 18:02:31.657342644,103322.52762237741,427.0241404501139,0.23210070810385522,Весна,2,3,0.003118961766093,134.73914829522116,department
,2025-03-14 13:54:05.579097072,,CV,2025,2024,71 days 22:23:27.527848512,103583.45879747519,260.9311750977795,0.23288749016522423,Весна,2,3,0.003118961766093,134.73914829522116,department
,2025-03-15 04:02:15.005937750,,CV,2025,2024,72 days 12:31:36.954689190,104431.6159114865,848.1571140113083,0.23367427222659323,Весна,2,3,0.003118961766093,134.73914829522116,department
,2025-03-15 06:34:28.128071988,,CV,2025,2024,72 days 15:03:50.076823428,104583.83461372381,152.21870223731094,0.23446105428796224,Весна,2,3,0.003118961766093,134.73914829522116,department
,2025-03-15 09:54:13.202096634,,CV,2025,2024,72 days 18:23:35.150848074,104783.5858474679,199.75123374408577,0.23524783634933125,Весна,2,3,0.003118961766093,134.73914829522116,department
,2025-03-15 10:23:56.260190454,,CV,2025,2024,72 days 18:53:18.208941894,104813.30348236489,29.71763489699515,0.23603461841070023,Весна,2,3,0.003118961766093,134.73914829522116,department
,2025-03-15 15:25:00.837749886,,CV,2025,2024,72 days 23:54:22.786501326,105114.3797750221,301.07629265720607,0.23682140047206923,Весна,2,3,0.003118961766093,134.73914829522116,department
,2025-03-15 17:14:00.997185336,,CV,2025,2024,73 days 01:43:22.945936776,105223.3824322796,109.00265725750069,0.23760818253343824,Весна,2,3,0.003118961766093,134.73914829522116,department
,2025-03-15 18:10:02.141799342,,CV,2025,2024,73 days 02:39:24.090550782,105279.4015091797,56.019076900105574,0.23839496459480725,Весна,2,3,0.003118961766093,134.73914829522116,department
,2025-03-15 22:22:10.796596806,,CV,2025,2024,73 days 06:51:32.745348246,105531.5457558041,252.14424662438978,0.23918174665617625,Весна,2,3,0.003118961766093,134.73914829522116,department
,2025-03-16 02:25:50.087550324,,CV,2025,2024,73 days 10:55:12.036301764,105775.2006050294,243.65484922530595,0.23996852871754523,Весна,2,3,0.003118961766093,134.73914829522116,department
,2025-03-16 02:51:07.983051744,,CV,2025,2024,73 days 11:20:29.931803184,105800.4988633864,25.298258356997394,0.24075531077891424,Весна,2,3,0.003118961766093,134.73914829522116,department
,2025-03-16 09:15:14.920364130,,CV,2025,2024,73 days 17:44:36.869115570,106184.61448525949,384.1156218730903,0.24154209284028325,Весна,2,3,0.003118961766093,134.73914829522116,department
,2025-03-16 14:28:40.417509228,,CV,2025,2024,73 days 22:58:02.366260668,106498.0394376778,313.42495241831057,0.24232887490165225,Весна,2,3,0.003118961766093,134.73914829522116,department
,2025-03-16 15:35:50.768976564,,CV,2025,2024,74 days 00:05:12.717728004,106565.2119621334,67.17252445560007,0.24311565696302123,Весна,2,3,0.003118961766093,134.73914829522116,department
,2025-03-16 18:59:03.529072476,,CV,2025,2024,74 days 03:28:25.477823916,106768.4246303986,203.2126682652015,0.24390243902439024,Весна,2,3,0.003118961766093,134.73914829522116,department
,2025-03-17 01:47:33.985628880,,CV,2025,2024,74 days 10:16:55.934380320,107176.932239672,408.50760927339434,0.24468922108575925,Весна,2,3,0.003118961766093,134.73914829522116,department
,2025-03-17 05:49:15.402616794,,CV,2025,2024,74 days 14:18:37.351368234,107418.6225228039,241.6902831319021,0.24547600314712825,Весна,2,3,0.003118961766093,134.73914829522116,department
,2025-03-17 08:30:38.154301662,,CV,2025,2024,74 days 17:00:00.103053102,107580.0017175517,161.3791947478021,0.24626278520849726,Весна,2,3,0.003118961766093,134.73914829522116,department
,2025-03-17 10:35:23.478180072,,CV,2025,2024,74 days 19:04:45.426931512,107704.7571155252,124.75539797349484,0.24704956726986624,Весна,2,3,0.003118961766093,134.73914829522116,department
,2025-03-17 15:37:36.800137752,,CV,2025,2024,75 days 00:06:58.748889192,108006.9791481532,302.2220326280076,0.24783634933123525,Весна,2,3,0.003118961766093,134.73914829522116,department
,2025-03-18 06:34:55.195483704,,CV,2025,2024,75 days 15:04:17.144235144,108904.2857372524,897.3065890992002,0.24862313139260425,Весна,2,3,0.003118961766093,134.73914829522116,department
,2025-03-18 12:32:04.712057364,,CV,2025,2024,75 days 21:01:26.660808804,109261.44434681341,357.15860956101096,0.24940991345397326,Весна,2,3,0.003118961766093,134.73914829522116,department
,2025-03-18 12:56:59.187839634,,CV,2025,2024,75 days 21:26:21.136591074,109286.35227651791,24.907929704495473,0.25019669551534224,Весна,2,3,0.003118961766093,134.73914829522116,department
,2025-03-18 16:14:57.283058424,,CV,2025,2024,76 days 00:44:19.231809864,109484.32053016439,197.96825364648248,0.25098347757671124,Весна,2,3,0.003118961766093,134.73914829522116,department
,2025-03-19 04:05:03.676930236,,CV,2025,2024,76 days 12:34:25.625681676,110194.4270946946,710.1065645302151,0.25177025963808025,Весна,2,3,0.003118961766093,134.73914829522116,department
,2025-03-19 04:36:52.514186382,,CV,2025,2024,76 days 13:06:14.462937822,110226.2410489637,31.813954269091482,0.25255704169944926,Весна,2,3,0.003118961766093,134.73914829522116,department
,2025-03-20 04:39:13.321084008,,CV,2025,2024,77 days 13:08:35.269835448,111668.5878305908,1442.3467816271004,0.25334382376081827,Весна,2,3,0.003118961766093,134.73914829522116,department
,2025-03-20 20:33:47.980841820,,CV,2025,2024,78 days 05:03:09.929593260,112623.16549322101,954.5776626302104,0.25413060582218727,Весна,2,3,0.003118961766093,134.73914829522116,department
,2025-03-20 20:59:55.960329270,,CV,2025,2024,78 days 05:29:17.909080710,112649.29848467851,26.132991457503522,0.2549173878835563,Весна,2,3,0.003118961766093,134.73914829522116,department
,2025-03-21 11:28:34.279142466,,CV,2025,2024,78 days 19:57:56.227893906,113517.9371315651,868.6386468865821,0.25570416994492523,Весна,2,3,0.003118961766093,134.73914829522116,department
,2025-03-21 13:53:13.971172452,,CV,2025,2024,78 days 22:22:35.919923892,113662.59866539821,144.66153383311757,0.25649095200629424,Весна,2,3,0.003118961766093,134.73914829522116,department
,2025-03-21 23:50:22.347121020,,CV,2025,2024,79 days 08:19:44.295872460,114259.738264541,597.1395991427853,0.25727773406766324,Весна,2,3,0.003118961766093,134.73914829522116,department
,2025-03-22 02:44:07.810684236,,CV,2025,2024,79 days 11:13:29.759435676,114433.4959905946,173.75772605360544,0.25806451612903225,Весна,2,3,0.003118961766093,134.73914829522116,department
,2025-03-22 05:50:31.275430254,,CV,2025,2024,79 days 14:19:53.224181694,114619.8870696949,186.39107910029998,0.25885129819040126,Весна,2,3,0.003118961766093,134.73914829522116,department
,2025-03-22 11:12:59.759150334,,CV,2025,2024,79 days 19:42:21.707901774,114942.3617983629,322.47472866799217,0.25963808025177026,Весна,2,3,0.003118961766093,134.73914829522116,department
,2025-03-22 19:10:30.350606663,,CV,2025,2024,80 days 03:39:52.299358103,115419.8716559684,477.5098576055025,0.26042486231313927,Весна,2,3,0.003118961766093,134.73914829522116,department
,2025-03-22 19:21:31.593691866,,CV,2025,2024,80 days 03:50:53.542443306,115430.8923740551,11.020718086700072,0.2612116443745083,Весна,2,3,0.003118961766093,134.73914829522116,department
,2025-03-23 00:09:52.070886186,,CV,2025,2024,80 days 08:39:14.019637626,115719.2336606271,288.341286572002,0.2619984264358773,Весна,2,3,0.003118961766093,134.73914829522116,department
,2025-03-23 01:16:08.313334332,,CV,2025,2024,80 days 09:45:30.262085772,115785.5043680962,66.27070746909885,0.26278520849724624,Весна,2,3,0.003118961766093,134.73914829522116,department
,2025-03-23 03:32:15.853160718,,CV,2025,2024,80 days 12:01:37.801912158,115921.6300318693,136.1256637730985,0.26357199055861524,Весна,2,3,0.003118961766093,134.73914829522116,department
,2025-03-23 05:49:22.872769908,,CV,2025,2024,80 days 14:18:44.821521348,116058.7470253558,137.1169934865029,0.26435877261998425,Весна,2,3,0.003118961766093,134.73914829522116,department
,2025-03-23 09:12:22.058282496,,CV,2025,2024,80 days 17:41:44.007033936,116261.73345056559,202.98642520979047,0.26514555468135326,Весна,2,3,0.003118961766093,134.73914829522116,department
,2025-03-23 11:22:45.247200270,,CV,2025,2024,80 days 19:52:07.195951710,116392.11993252851,130.38648196292343,0.26593233674272226,Весна,2,3,0.003118961766093,134.73914829522116,department
,2025-03-23 11:59:10.073620842,,CV,2025,2024,80 days 20:28:32.022372282,116428.5337062047,36.41377367619134,0.26671911880409127,Весна,2,3,0.003118961766093,134.73914829522116,department
,2025-03-23 12:49:37.801289088,,CV,2025,2024,80 days 21:18:59.750040528,116478.9958340088,50.46212780410133,0.2675059008654603,Весна,2,3,0.003118961766093,134.73914829522116,department
,2025-03-23 13:00:32.053973382,,CV,2025,2024,80 days 21:29:54.002724822,116489.9000454137,10.90421140489343,0.2682926829268293,Весна,2,3,0.003118961766093,134.73914829522116,department
,2025-03-23 16:24:14.358756978,,CV,2025,2024,81 days 00:53:36.307508418,116693.60512514031,203.7050797266129,0.2690794649881983,Весна,2,3,0.003118961766093,134.73914829522116,department
,2025-03-24 08:54:35.940961230,,CV,2025,2024,81 days 17:23:57.889712670,117683.9648285445,990.3597034041886,0.26986624704956724,Весна,2,3,0.003118961766093,134.73914829522116,department
,2025-03-24 09:34:00.783475626,,CV,2025,2024,81 days 18:03:22.732227066,117723.3788704511,39.41404190659523,0.27065302911093625,Весна,2,3,0.003118961766093,134.73914829522116,department
,2025-03-25 01:11:24.139531806,,CV,2025,2024,82 days 09:40:46.088283246,118660.7681380541,937.3892676030082,0.27143981117230526,Весна,2,3,0.003118961766093,134.73914829522116,department
,2025-03-25 08:15:13.015387536,,CV,2025,2024,82 days 16:44:34.964138976,119084.5827356496,423.8145975954976,0.27222659323367426,Весна,2,3,0.003118961766093,134.73914829522116,department
,2025-03-25 13:40:33.501598176,,CV,2025,2024,82 days 22:09:55.450349616,119409.9241724936,325.34143684399896,0.27301337529504327,Весна,2,3,0.003118961766093,134.73914829522116,department
,2025-03-25 19:12:51.294033684,,CV,2025,2024,83 days 03:42:13.242785124,119742.22071308541,332.29654059180757,0.2738001573564123,Весна,2,3,0.003118961766093,134.73914829522116,department
,2025-03-26 04:34:51.950465658,,CV,2025,2024,83 days 13:04:13.899217098,120304.2316536183,562.0109405328985,0.2745869394177813,Весна,2,3,0.003118961766093,134.73914829522116,department
,2025-03-26 05:11:07.269813738,,CV,2025,2024,83 days 13:40:29.218565178,120340.48697608631,36.255322468001395,0.2753737214791503,Весна,2,3,0.003118961766093,134.73914829522116,department
,2025-03-26 08:56:25.255147464,,CV,2025,2024,83 days 17:25:47.203898904,120565.7867316484,225.29975556209683,0.2761605035405193,Весна,2,3,0.003118961766093,134.73914829522116,department
,2025-03-26 15:19:20.656475706,,CV,2025,2024,83 days 23:48:42.605227146,120948.7100871191,382.9233554707025,0.2769472856018883,Весна,2,3,0.003118961766093,134.73914829522116,department
,2025-03-26 20:02:43.872720648,,CV,2025,2024,84 days 04:32:05.821472088,121232.0970245348,283.38693741569296,0.27773406766325726,Весна,2,3,0.003118961766093,134.73914829522116,department
,2025-03-27 05:36:08.387049137,,CV,2025,2024,84 days 14:05:30.335800577,121805.50559667629,573.4085721414885,0.27852084972462626,Весна,2,3,0.003118961766093,134.73914829522116,department
,2025-03-27 06:00:11.489938680,,CV,2025,2024,84 days 14:29:33.438690120,121829.55731150201,24.05171482572041,0.27930763178599527,Весна,2,3,0.003118961766093,134.73914829522116,department
,2025-03-27 12:16:25.289454894,,CV,2025,2024,84 days 20:45:47.238206334,122205.7873034389,376.2299919368961,0.2800944138473643,Весна,2,3,0.003118961766093,134.73914829522116,department
,2025-03-27 16:21:15.353863998,,CV,2025,2024,85 days 00:50:37.302615438,122450.6217102573,244.8344068183942,0.2808811959087333,Весна,2,3,0.003118961766093,134.73914829522116,department
,2025-03-27 18:54:05.391329916,,CV,2025,2024,85 days 03:23:27.340081356,122603.4556680226,152.83395776529505,0.2816679779701023,Весна,2,3,0.003118961766093,134.73914829522116,department
,2025-03-27 21:07:26.749507188,,CV,2025,2024,85 days 05:36:48.698258628,122736.8116376438,133.35596962120326,0.2824547600314713,Весна,2,3,0.003118961766093,134.73914829522116,department
,2025-03-28 02:18:22.526177634,,CV,2025,2024,85 days 10:47:44.474929074,123047.7412488179,310.9296111740987,0.2832415420928403,Весна,2,3,0.003118961766093,134.73914829522116,department
,2025-03-28 14:08:59.117378430,,CV,2025,2024,85 days 22:38:21.066129870,123758.3511021645,710.6098533465993,0.2840283241542093,Весна,2,3,0.003118961766093,134.73914829522116,department
,2025-03-28 17:48:46.739086848,,CV,2025,2024,86 days 02:18:08.687838288,123978.1447973048,219.79369514030986,0.28481510621557826,Весна,2,3,0.003118961766093,134.73914829522116,department
,2025-03-29 03:07:06.129576576,,CV,2025,2024,86 days 11:36:28.078328016,124536.4679721336,558.3231748287944,0.28560188827694727,Весна,2,3,0.003118961766093,134.73914829522116,department
,2025-03-29 05:52:02.231662668,,CV,2025,2024,86 days 14:21:24.180414108,124701.40300690179,164.93503476819023,0.2863886703383163,Весна,2,3,0.003118961766093,134.73914829522116,department
,2025-03-29 06:26:40.318861518,,CV,2025,2024,86 days 14:56:02.267612958,124736.0377935493,34.634786647511646,0.2871754523996853,Весна,2,3,0.003118961766093,134.73914829522116,department
,2025-03-29 06:47:01.466283720,,CV,2025,2024,86 days 15:16:23.415035160,124756.390250586,20.352457036700798,0.2879622344610543,Весна,2,3,0.003118961766093,134.73914829522116,department
,2025-03-29 07:03:55.243696404,,CV,2025,2024,86 days 15:33:17.192447844,124773.2865407974,16.8962902113999,0.2887490165224233,Весна,2,3,0.003118961766093,134.73914829522116,department
,2025-03-29 09:37:15.959137998,,CV,2025,2024,86 days 18:06:37.907889438,124926.6317981573,153.34525735989155,0.2895357985837923,Весна,2,3,0.003118961766093,134.73914829522116,department
,2025-03-29 11:49:08.956779570,,CV,2025,2024,86 days 20:18:30.905531010,125058.5150921835,131.8832940262073,0.2903225806451613,Весна,2,3,0.003118961766093,134.73914829522116,department
,2025-03-29 18:34:55.999303422,,CV,2025,2024,87 days 03:04:17.948054862,125464.2991342477,405.78404206420237,0.2911093627065303,Весна,2,3,0.003118961766093,134.73914829522116,department
,2025-03-30 01:50:19.786460544,,CV,2025,2024,87 days 10:19:41.735211984,125899.69558686641,435.39645261870464,0.29189614476789927,Весна,2,3,0.003118961766093,134.73914829522116,department
,2025-03-30 02:07:03.824671901,,CV,2025,2024,87 days 10:36:25.773423341,125916.42955705569,16.733970189277898,0.2926829268292683,Весна,2,3,0.003118961766093,134.73914829522116,department
,2025-04-01 01:20:07.416632448,,CV,2025,2024,89 days 09:49:29.365383888,128749.48942306479,2833.0598660091055,0.2934697088906373,Весна,2,4,0.003118961766093,134.73914829522116,department
,2025-04-01 03:02:54.199589226,,CV,2025,2024,89 days 11:32:16.148340666,128852.2691390111,102.77971594630799,0.2942564909520063,Весна,2,4,0.003118961766093,134.73914829522116,department
,2025-04-01 07:17:13.412456700,,CV,2025,2024,89 days 15:46:35.361208140,129106.589353469,254.32021445789724,0.2950432730133753,Весна,2,4,0.003118961766093,134.73914829522116,department
,2025-04-01 08:07:16.084361898,,CV,2025,2024,89 days 16:36:38.033113338,129156.6338852223,50.04453175330127,0.2958300550747443,Весна,2,4,0.003118961766093,134.73914829522116,department
,2025-04-01 08:53:22.437543366,,CV,2025,2024,89 days 17:22:44.386294806,129202.7397715801,46.10588635780732,0.2966168371361133,Весна,2,4,0.003118961766093,134.73914829522116,department
,2025-04-02 00:16:19.342871112,,CV,2025,2024,90 days 08:45:41.291622552,130125.6881937092,922.9484221290913,0.2974036191974823,Весна,2,4,0.003118961766093,134.73914829522116,department
,2025-04-02 08:59:08.943134124,,CV,2025,2024,90 days 17:28:30.891885564,130648.51486475939,522.8266710501921,0.2981904012588513,Весна,2,4,0.003118961766093,134.73914829522116,department
,2025-04-02 10:03:01.947842483,,CV,2025,2024,90 days 18:32:23.896593923,130712.39827656538,63.883411805989454,0.2989771833202203,Весна,2,4,0.003118961766093,134.73914829522116,department
,2025-04-02 12:50:20.525320914,,CV,2025,2024,90 days 21:19:42.474072354,130879.7079012059,167.30962464051845,0.2997639653815893,Весна,2,4,0.003118961766093,134.73914829522116,department
,2025-04-02 15:11:14.680267728,,CV,2025,2024,90 days 23:40:36.629019168,131020.61048365281,140.90258244691358,0.3005507474429583,Весна,2,4,0.003118961766093,134.73914829522116,department
,2025-04-02 23:33:09.326827902,,CV,2025,2024,91 days 08:02:31.275579342,131522.52125965568,501.910776002871,0.3013375295043273,Весна,2,4,0.003118961766093,134.73914829522116,department
,2025-04-03 03:22:00.521230374,,CV,2025,2024,91 days 11:51:22.469981814,131751.3744996969,228.85324004120775,0.3021243115656963,Весна,2,4,0.003118961766093,134.73914829522116,department
,2025-04-03 04:05:52.042105890,,CV,2025,2024,91 days 12:35:13.990857330,131795.2331809555,43.85868125859997,0.3029110936270653,Весна,2,4,0.003118961766093,134.73914829522116,department
,2025-04-03 11:16:31.495683570,,CV,2025,2024,91 days 19:45:53.444435010,132225.8907405835,430.6575596280163,0.3036978756884343,Весна,2,4,0.003118961766093,134.73914829522116,department
,2025-04-03 13:58:38.815798578,,CV,2025,2024,91 days 22:28:00.764550018,132388.01274250032,162.1220019168104,0.3044846577498033,Весна,2,4,0.003118961766093,134.73914829522116,department
,2025-04-03 15:36:27.395733702,,CV,2025,2024,92 days 00:05:49.344485142,132485.82240808572,97.8096655854024,0.30527143981117233,Весна,2,4,0.003118961766093,134.73914829522116,department
,2025-04-03 18:07:24.289242402,,CV,2025,2024,92 days 02:36:46.237993842,132636.7706332307,150.94822514499538,0.3060582218725413,Весна,2,4,0.003118961766093,134.73914829522116,department
,2025-04-03 21:48:12.358223532,,CV,2025,2024,92 days 06:17:34.306974972,132857.5717829162,220.80114968548878,0.3068450039339103,Весна,2,4,0.003118961766093,134.73914829522116,department
,2025-04-04 00:02:56.723436330,,CV,2025,2024,92 days 08:32:18.672187770,132992.3112031295,134.73942021330004,0.3076317859952793,Весна,2,4,0.003118961766093,134.73914829522116,department
,2025-04-04 01:31:44.411518530,,CV,2025,2024,92 days 10:01:06.360269970,133081.1060044995,88.79480137000792,0.3084185680566483,Весна,2,4,0.003118961766093,134.73914829522116,department
,2025-04-04 04:14:43.283231682,,CV,2025,2024,92 days 12:44:05.231983122,133244.08719971872,162.98119521921035,0.3092053501180173,Весна,2,4,0.003118961766093,134.73914829522116,department
,2025-04-04 04:20:55.697440410,,CV,2025,2024,92 days 12:50:17.646191850,133250.2941031975,6.2069034787709825,0.3099921321793863,Весна,2,4,0.003118961766093,134.73914829522116,department
,2025-04-04 12:15:38.167261428,,CV,2025,2024,92 days 20:45:00.116012868,133725.00193354778,474.7078303502931,0.3107789142407553,Весна,2,4,0.003118961766093,134.73914829522116,department
,2025-04-04 13:15:44.533739790,,CV,2025,2024,92 days 21:45:06.482491230,133785.1080415205,60.10610797270783,0.31156569630212433,Весна,2,4,0.003118961766093,134.73914829522116,department
,2025-04-04 13:30:08.236428149,,CV,2025,2024,92 days 21:59:30.185179589,133799.5030863265,14.395044806005899,0.31235247836349334,Весна,2,4,0.003118961766093,134.73914829522116,department
,2025-04-04 19:10:08.218203834,,CV,2025,2024,93 days 03:39:30.166955274,134139.5027825879,339.999696261395,0.3131392604248623,Весна,2,4,0.003118961766093,134.73914829522116,department
,2025-04-05 03:06:52.692679512,,CV,2025,2024,93 days 11:36:14.641430952,134616.2440238492,476.7412412613048,0.3139260424862313,Весна,2,4,0.003118961766093,134.73914829522116,department
,2025-04-05 12:05:52.115327634,,CV,2025,2024,93 days 20:35:14.064079074,135155.2344013179,538.9903774686973,0.3147128245476003,Весна,2,4,0.003118961766093,134.73914829522116,department
,2025-04-05 15:43:58.183117668,,CV,2025,2024,94 days 00:13:20.131869108,135373.3355311518,218.1011298338999,0.3154996066089693,Весна,2,4,0.003118961766093,134.73914829522116,department
,2025-04-05 16:57:40.354613940,,CV,2025,2024,94 days 01:27:02.303365380,135447.038389423,73.70285827119369,0.3162863886703383,Весна,2,4,0.003118961766093,134.73914829522116,department
,2025-04-06 00:06:10.204524132,,CV,2025,2024,94 days 08:35:32.153275572,135875.5358879262,428.4974985032168,0.3170731707317073,Весна,2,4,0.003118961766093,134.73914829522116,department
,2025-04-06 06:31:52.845097422,,CV,2025,2024,94 days 15:01:14.793848862,136261.2465641477,385.7106762214971,0.31785995279307633,Весна,2,4,0.003118961766093,134.73914829522116,department
,2025-04-06 08:02:31.617236094,,CV,2025,2024,94 days 16:31:53.565987534,136351.89276645888,90.6462023111817,0.31864673485444533,Весна,2,4,0.003118961766093,134.73914829522116,department
,2025-04-06 20:31:53.825907528,,CV,2025,2024,95 days 05:01:15.774658968,137101.2629109828,749.370144523913,0.31943351691581434,Весна,2,4,0.003118961766093,134.73914829522116,department
,2025-04-06 21:07:14.330113476,,CV,2025,2024,95 days 05:36:36.278864916,137136.6046477486,35.34173676581122,0.3202202989771833,Весна,2,4,0.003118961766093,134.73914829522116,department
,2025-04-07 18:47:47.397272970,,CV,2025,2024,96 days 03:17:09.346024410,138437.1557670735,1300.5511193248967,0.3210070810385523,Весна,2,4,0.003118961766093,134.73914829522116,department
,2025-04-08 05:18:43.927441758,,CV,2025,2024,96 days 13:48:05.876193198,139068.0979365533,630.9421694797929,0.3217938630999213,Весна,2,4,0.003118961766093,134.73914829522116,department
,2025-04-08 11:32:04.214018232,,CV,2025,2024,96 days 20:01:26.162769672,139441.4360461612,373.3381096078956,0.3225806451612903,Весна,2,4,0.003118961766093,134.73914829522116,department
,2025-04-09 02:27:29.584478058,,CV,2025,2024,97 days 10:56:51.533229498,140336.8588871583,895.422840997111,0.3233674272226593,Весна,2,4,0.003118961766093,134.73914829522116,department
,2025-04-09 09:18:17.288402478,,CV,2025,2024,97 days 17:47:39.237153918,140747.6539525653,410.79506540700095,0.3241542092840283,Весна,2,4,0.003118961766093,134.73914829522116,department
,2025-04-09 10:26:01.821415242,,CV,2025,2024,97 days 18:55:23.770166682,140815.3961694447,67.74221687938552,0.32494099134539733,Весна,2,4,0.003118961766093,134.73914829522116,department
,2025-04-09 13:33:10.099610418,,CV,2025,2024,97 days 22:02:32.048361858,141002.53413936432,187.1379699196259,0.32572777340676634,Весна,2,4,0.003118961766093,134.73914829522116,department
,2025-04-09 13:56:57.269822460,,CV,2025,2024,97 days 22:26:19.218573900,141026.320309565,23.78617020067759,0.32651455546813535,Весна,2,4,0.003118961766093,134.73914829522116,department
,2025-04-09 16:35:15.331940742,,CV,2025,2024,98 days 01:04:37.280692182,141184.6213448697,158.30103530469933,0.32730133752950435,Весна,2,4,0.003118961766093,134.73914829522116,department
,2025-04-09 23:49:08.190851867,,CV,2025,2024,98 days 08:18:30.139603307,141618.5023267218,433.88098185209674,0.3280881195908733,Весна,2,4,0.003118961766093,134.73914829522116,department
,2025-04-10 02:25:45.215596770,,CV,2025,2024,98 days 10:55:07.164348210,141775.11940580347,156.6170790816832,0.3288749016522423,Весна,2,4,0.003118961766093,134.73914829522116,department
,2025-04-10 04:34:17.719197876,,CV,2025,2024,98 days 13:03:39.667949316,141903.66113248857,128.5417266851,0.3296616837136113,Весна,2,4,0.003118961766093,134.73914829522116,department
,2025-04-10 09:24:22.490263416,,CV,2025,2024,98 days 17:53:44.439014856,142193.7406502476,290.0795177590335,0.3304484657749803,Весна,2,4,0.003118961766093,134.73914829522116,department
,2025-04-10 20:23:59.586684570,,CV,2025,2024,99 days 04:53:21.535436010,142853.3589239335,659.61827368589,0.33123524783634933,Весна,2,4,0.003118961766093,134.73914829522116,department
,2025-04-10 20:39:37.447178688,,CV,2025,2024,99 days 05:08:59.395930128,142868.9899321688,15.631008235301124,0.33202202989771834,Весна,2,4,0.003118961766093,134.73914829522116,department
,2025-04-10 23:15:43.991718960,,CV,2025,2024,99 days 07:45:05.940470400,143025.09900783998,156.1090756711783,0.33280881195908735,Весна,2,4,0.003118961766093,134.73914829522116,department
,2025-04-11 00:10:57.810262158,,CV,2025,2024,99 days 08:40:19.759013598,143080.3293168933,55.23030905332416,0.33359559402045635,Весна,2,4,0.003118961766093,134.73914829522116,department
,2025-04-11 06:32:03.220184346,,CV,2025,2024,99 days 15:01:25.168935786,143461.4194822631,381.0901653697947,0.33438237608182536,Весна,2,4,0.003118961766093,134.73914829522116,department
,2025-04-11 07:07:52.809599466,,CV,2025,2024,99 days 15:37:14.758350906,143497.2459725151,35.82649025201681,0.3351691581431943,Весна,2,4,0.003118961766093,134.73914829522116,department
,2025-04-11 12:58:20.019396918,,CV,2025,2024,99 days 21:27:41.968148358,143847.6994691393,350.45349662419176,0.3359559402045633,Весна,2,4,0.003118961766093,134.73914829522116,department
,2025-04-11 14:46:25.363452954,,CV,2025,2024,99 days 23:15:47.312204394,143955.7885367399,108.08906760060927,0.3367427222659323,Весна,2,4,0.003118961766093,134.73914829522116,department
,2025-04-11 15:57:31.984865981,,CV,2025,2024,100 days 00:26:53.933617421,144026.89889362367,71.11035688375705,0.33752950432730133,Весна,2,4,0.003118961766093,134.73914829522116,department
,2025-04-12 06:40:38.773684836,,CV,2025,2024,100 days 15:10:00.722436276,144910.01204060458,883.1131469809043,0.33831628638867034,Весна,2,4,0.003118961766093,134.73914829522116,department
,2025-04-12 06:46:38.476181382,,CV,2025,2024,100 days 15:16:00.424932822,144916.0070822137,5.995041609130567,0.33910306845003935,Весна,2,4,0.003118961766093,134.73914829522116,department
,2025-04-12 09:51:16.339343982,,CV,2025,2024,100 days 18:20:38.288095422,145100.6381349237,184.6310527099995,0.33988985051140835,Весна,2,4,0.003118961766093,134.73914829522116,department
,2025-04-12 09:58:16.946295911,,CV,2025,2024,100 days 18:27:38.895047351,145107.6482507892,7.010115865501575,0.34067663257277736,Весна,2,4,0.003118961766093,134.73914829522116,department
,2025-04-12 13:30:10.025982642,,CV,2025,2024,100 days 21:59:31.974734082,145319.53291223472,211.88466144551057,0.34146341463414637,Весна,2,4,0.003118961766093,134.73914829522116,department
,2025-04-12 17:13:04.556073576,,CV,2025,2024,101 days 01:42:26.504825016,145542.44174708362,222.9088348489022,0.3422501966955153,Весна,2,4,0.003118961766093,134.73914829522116,department
,2025-04-12 19:17:30.699891096,,CV,2025,2024,101 days 03:46:52.648642536,145666.87747737562,124.43573029199615,0.3430369787568843,Весна,2,4,0.003118961766093,134.73914829522116,department
,2025-04-12 20:02:57.568098408,,CV,2025,2024,101 days 04:32:19.516849848,145712.3252808308,45.44780345517211,0.34382376081825333,Весна,2,4,0.003118961766093,134.73914829522116,department
,2025-04-12 22:34:21.863316300,,CV,2025,2024,101 days 07:03:43.812067740,145863.730201129,151.4049202981987,0.34461054287962234,Весна,2,4,0.003118961766093,134.73914829522116,department
,2025-04-13 04:32:01.766743482,,CV,2025,2024,101 days 13:01:23.715494922,146221.3952582487,357.6650571197097,0.34539732494099135,Весна,2,4,0.003118961766093,134.73914829522116,department
,2025-04-13 12:40:59.943037038,,CV,2025,2024,101 days 21:10:21.891788478,146710.3648631413,488.969604892598,0.34618410700236035,Весна,2,4,0.003118961766093,134.73914829522116,department
,2025-04-13 16:43:35.188224084,,CV,2025,2024,102 days 01:12:57.136975524,146952.9522829254,242.587419784104,0.34697088906372936,Весна,2,4,0.003118961766093,134.73914829522116,department
,2025-04-13 21:29:19.244836584,,CV,2025,2024,102 days 05:58:41.193588024,147238.6865598004,285.7342768750095,0.34775767112509837,Весна,2,4,0.003118961766093,134.73914829522116,department
,2025-04-13 22:41:06.722689260,,CV,2025,2024,102 days 07:10:28.671440700,147310.477857345,71.79129754457972,0.3485444531864674,Весна,2,4,0.003118961766093,134.73914829522116,department
,2025-04-14 00:29:43.069315884,,CV,2025,2024,102 days 08:59:05.018067324,147419.0836344554,108.60577711040969,0.3493312352478363,Весна,2,4,0.003118961766093,134.73914829522116,department
,2025-04-14 01:26:20.596361616,,CV,2025,2024,102 days 09:55:42.545113056,147475.70908521762,56.62545076222159,0.35011801730920533,Весна,2,4,0.003118961766093,134.73914829522116,department
,2025-04-14 02:58:16.720028033,,CV,2025,2024,102 days 11:27:38.668779473,147567.6444796579,91.93539444028283,0.35090479937057434,Весна,2,4,0.003118961766093,134.73914829522116,department
,2025-04-14 04:19:57.315598716,,CV,2025,2024,102 days 12:49:19.264350156,147649.3210725026,81.67659284468391,0.35169158143194335,Весна,2,4,0.003118961766093,134.73914829522116,department
,2025-04-14 08:14:54.727376406,,CV,2025,2024,102 days 16:44:16.676127846,147884.27793546408,234.95686296149506,0.35247836349331235,Весна,2,4,0.003118961766093,134.73914829522116,department
,2025-04-14 12:40:05.985739650,,CV,2025,2024,102 days 21:09:27.934491090,148149.46557485152,265.18763938744087,0.35326514555468136,Весна,2,4,0.003118961766093,134.73914829522116,department
,2025-04-15 04:09:43.519088142,,CV,2025,2024,103 days 12:39:05.467839582,149079.0911306597,929.6255558081903,0.35405192761605037,Весна,2,4,0.003118961766093,134.73914829522116,department
,2025-04-15 05:19:29.953183410,,CV,2025,2024,103 days 13:48:51.901934850,149148.86503224747,69.77390158775961,0.3548387096774194,Весна,2,4,0.003118961766093,134.73914829522116,department
,2025-04-15 10:48:33.385941534,,CV,2025,2024,103 days 19:17:55.334692974,149477.92224488288,329.0572126354091,0.3556254917387884,Весна,2,4,0.003118961766093,134.73914829522116,department
,2025-04-15 19:53:30.553049070,,CV,2025,2024,104 days 04:22:52.501800510,150022.8750300085,544.9527851256134,0.35641227380015733,Весна,2,4,0.003118961766093,134.73914829522116,department
,2025-04-16 00:16:54.455994498,,CV,2025,2024,104 days 08:46:16.404745938,150286.27341243232,263.39838242382393,0.35719905586152634,Весна,2,4,0.003118961766093,134.73914829522116,department
,2025-04-16 01:51:17.416659822,,CV,2025,2024,104 days 10:20:39.365411262,150380.6560901877,94.38267775537679,0.35798583792289534,Весна,2,4,0.003118961766093,134.73914829522116,department
,2025-04-16 03:28:56.237468082,,CV,2025,2024,104 days 11:58:18.186219522,150478.30310365872,97.64701347102528,0.35877261998426435,Весна,2,4,0.003118961766093,134.73914829522116,department
,2025-04-16 03:41:46.575106278,,CV,2025,2024,104 days 12:11:08.523857718,150491.1420642953,12.83896063658176,0.35955940204563336,Весна,2,4,0.003118961766093,134.73914829522116,department
,2025-04-16 05:38:38.193202320,,CV,2025,2024,104 days 14:08:00.141953760,150608.002365896,116.86030160071095,0.36034618410700237,Весна,2,4,0.003118961766093,134.73914829522116,department
,2025-04-16 12:56:15.752788866,,CV,2025,2024,104 days 21:25:37.701540306,151045.62835900512,437.62599310910446,0.36113296616837137,Весна,2,4,0.003118961766093,134.73914829522116,department
,2025-04-16 13:11:52.291647816,,CV,2025,2024,104 days 21:41:14.240399256,151061.2373399876,15.608980982477078,0.3619197482297404,Весна,2,4,0.003118961766093,134.73914829522116,department
,2025-04-16 14:31:14.612608290,,CV,2025,2024,104 days 23:00:36.561359730,151140.6093559955,79.37201600789558,0.3627065302911094,Весна,2,4,0.003118961766093,134.73914829522116,department
,2025-04-16 21:03:59.504922444,,CV,2025,2024,105 days 05:33:21.453673884,151533.35756123142,392.74820523592643,0.36349331235247834,Весна,2,4,0.003118961766093,134.73914829522116,department
,2025-04-17 05:13:20.304311202,,CV,2025,2024,105 days 13:42:42.253062642,152022.70421771068,489.3466564792616,0.36428009441384734,Весна,2,4,0.003118961766093,134.73914829522116,department
,2025-04-17 08:28:07.922292996,,CV,2025,2024,105 days 16:57:29.871044436,152217.49785074062,194.7936330299417,0.36506687647521635,Весна,2,4,0.003118961766093,134.73914829522116,department
,2025-04-17 14:52:05.866370994,,CV,2025,2024,105 days 23:21:27.815122434,152601.46358537392,383.96573463329696,0.36585365853658536,Весна,2,4,0.003118961766093,134.73914829522116,department
,2025-04-17 17:29:30.256149702,,CV,2025,2024,106 days 01:58:52.204901142,152758.8700816857,157.40649631177075,0.36664044059795436,Весна,2,4,0.003118961766093,134.73914829522116,department
,2025-04-17 18:25:22.335318588,,CV,2025,2024,106 days 02:54:44.284070028,152814.7380678338,55.867986148106866,0.36742722265932337,Весна,2,4,0.003118961766093,134.73914829522116,department
,2025-04-17 21:08:09.935514450,,CV,2025,2024,106 days 05:37:31.884265890,152977.5314044315,162.79333659770782,0.3682140047206924,Весна,2,4,0.003118961766093,134.73914829522116,department
,2025-04-18 01:46:16.718177304,,CV,2025,2024,106 days 10:15:38.666928744,153255.6444488124,278.11304438090883,0.3690007867820614,Весна,2,4,0.003118961766093,134.73914829522116,department
,2025-04-18 17:34:31.357327109,,CV,2025,2024,107 days 02:03:53.306078549,154203.88843464246,948.2439858300495,0.3697875688434304,Весна,2,4,0.003118961766093,134.73914829522116,department
,2025-04-18 17:57:21.592751736,,CV,2025,2024,107 days 02:26:43.541503176,154226.7256917196,22.837257077131653,0.37057435090479934,Весна,2,4,0.003118961766093,134.73914829522116,department
,2025-04-18 21:44:22.390761630,,CV,2025,2024,107 days 06:13:44.339513070,154453.73899188451,227.01330016492284,0.37136113296616835,Весна,2,4,0.003118961766093,134.73914829522116,department
,2025-04-18 23:52:15.455521584,,CV,2025,2024,107 days 08:21:37.404273024,154581.6234045504,127.88441266588052,0.37214791502753736,Весна,2,4,0.003118961766093,134.73914829522116,department
,2025-04-19 03:39:52.120939962,,CV,2025,2024,107 days 12:09:14.069691402,154809.2344948567,227.61109030630905,0.37293469708890636,Весна,2,4,0.003118961766093,134.73914829522116,department
,2025-04-19 03:47:38.959683024,,CV,2025,2024,107 days 12:17:00.908434464,154817.0151405744,7.780645717692096,0.37372147915027537,Весна,2,4,0.003118961766093,134.73914829522116,department
,2025-04-19 05:48:01.707289542,,CV,2025,2024,107 days 14:17:23.656040982,154937.39426734968,120.3791267752822,0.3745082612116444,Весна,2,4,0.003118961766093,134.73914829522116,department
,2025-04-19 14:57:35.491087938,,CV,2025,2024,107 days 23:26:57.439839378,155486.9573306563,549.5630633066176,0.3752950432730134,Весна,2,4,0.003118961766093,134.73914829522116,department
,2025-04-19 19:16:25.768554432,,CV,2025,2024,108 days 03:45:47.717305872,155745.7952884312,258.83795777490013,0.3760818253343824,Весна,2,4,0.003118961766093,134.73914829522116,department
,2025-04-19 22:28:26.845465338,,CV,2025,2024,108 days 06:57:48.794216778,155937.8132369463,192.01794851510203,0.3768686073957514,Весна,2,4,0.003118961766093,134.73914829522116,department
,2025-04-20 00:16:14.524083732,,CV,2025,2024,108 days 08:45:36.472835172,156045.6078805862,107.79464363990701,0.3776553894571204,Весна,2,4,0.003118961766093,134.73914829522116,department
,2025-04-20 02:09:42.221204262,,CV,2025,2024,108 days 10:39:04.169955702,156159.0694992617,113.46161867550109,0.37844217151848936,Весна,2,4,0.003118961766093,134.73914829522116,department
,2025-04-20 04:44:34.749350316,,CV,2025,2024,108 days 13:13:56.698101756,156313.9449683626,154.8754691008944,0.37922895357985836,Весна,2,4,0.003118961766093,134.73914829522116,department
,2025-04-20 14:23:23.125990686,,CV,2025,2024,108 days 22:52:45.074742126,156892.7512457021,578.8062773394922,0.38001573564122737,Весна,2,4,0.003118961766093,134.73914829522116,department
,2025-04-21 08:39:10.571729028,,CV,2025,2024,109 days 17:08:32.520480468,157988.54200800782,1095.7907623057254,0.3808025177025964,Весна,2,4,0.003118961766093,134.73914829522116,department
,2025-04-21 11:44:18.504019410,,CV,2025,2024,109 days 20:13:40.452770850,158173.6742128475,185.1322048396687,0.3815892997639654,Весна,2,4,0.003118961766093,134.73914829522116,department
,2025-04-21 14:24:33.394691910,,CV,2025,2024,109 days 22:53:55.343443350,158333.92239072252,160.24817787503707,0.3823760818253344,Весна,2,4,0.003118961766093,134.73914829522116,department
,2025-04-22 00:25:31.269606966,,CV,2025,2024,110 days 08:54:53.218358406,158934.88697264012,600.964581917593,0.3831628638867034,Весна,2,4,0.003118961766093,134.73914829522116,department
,2025-04-22 03:24:00.686070054,,CV,2025,2024,110 days 11:53:22.634821494,159113.37724702488,178.49027438476332,0.3839496459480724,Весна,2,4,0.003118961766093,134.73914829522116,department
,2025-04-22 07:41:28.184387208,,CV,2025,2024,110 days 16:10:50.133138648,159370.83555231077,257.4583052858943,0.3847364280094414,Весна,2,4,0.003118961766093,134.73914829522116,department
,2025-04-22 09:05:39.643300794,,CV,2025,2024,110 days 17:35:01.592052234,159455.0265342039,84.19098189313081,0.38552321007081036,Весна,2,4,0.003118961766093,134.73914829522116,department
,2025-04-22 16:21:54.439964676,,CV,2025,2024,111 days 00:51:16.388716116,159891.2731452686,436.2466110647074,0.38630999213217937,Весна,2,4,0.003118961766093,134.73914829522116,department
,2025-04-22 20:25:20.493119994,,CV,2025,2024,111 days 04:54:42.441871434,160134.7073645239,243.43421925528673,0.3870967741935484,Весна,2,4,0.003118961766093,134.73914829522116,department
,2025-04-23 05:16:10.760281488,,CV,2025,2024,111 days 13:45:32.709032928,160665.5451505488,530.837786024902,0.3878835562549174,Весна,2,4,0.003118961766093,134.73914829522116,department
,2025-04-23 13:22:42.472067064,,CV,2025,2024,111 days 21:52:04.420818504,161152.0736803084,486.52852975958376,0.3886703383162864,Весна,2,4,0.003118961766093,134.73914829522116,department
,2025-04-23 14:40:19.360870494,,CV,2025,2024,111 days 23:09:41.309621934,161229.6884936989,77.61481339050806,0.3894571203776554,Весна,2,4,0.003118961766093,134.73914829522116,department
,2025-04-23 21:23:30.075957126,,CV,2025,2024,112 days 05:52:52.024708566,161632.8670784761,403.1785847771971,0.3902439024390244,Весна,2,4,0.003118961766093,134.73914829522116,department
,2025-04-24 05:59:36.341847912,,CV,2025,2024,112 days 14:28:58.290599352,162148.9715099892,516.1044315131148,0.3910306845003934,Весна,2,4,0.003118961766093,134.73914829522116,department
,2025-04-24 08:15:48.521237610,,CV,2025,2024,112 days 16:45:10.469989050,162285.1744998175,136.20298982830718,0.3918174665617624,Весна,2,4,0.003118961766093,134.73914829522116,department
,2025-04-24 09:16:33.542622168,,CV,2025,2024,112 days 17:45:55.491373608,162345.9248562268,60.75035640929127,0.39260424862313137,Весна,2,4,0.003118961766093,134.73914829522116,department
,2025-04-24 09:17:24.244605516,,CV,2025,2024,112 days 17:46:46.193356956,162346.7698892826,0.845033055782551,0.3933910306845004,Весна,2,4,0.003118961766093,134.73914829522116,department
,2025-04-24 12:29:36.569832018,,CV,2025,2024,112 days 20:58:58.518583458,162538.9753097243,192.2054204417218,0.3941778127458694,Весна,2,4,0.003118961766093,134.73914829522116,department
,2025-04-24 14:48:55.747671510,,CV,2025,2024,112 days 23:18:17.696422950,162678.2949403825,139.31963065819582,0.3949645948072384,Весна,2,4,0.003118961766093,134.73914829522116,department
,2025-04-24 19:08:27.821792910,,CV,2025,2024,113 days 03:37:49.770544350,162937.8295090725,259.5345686899964,0.3957513768686074,Весна,2,4,0.003118961766093,134.73914829522116,department
,2025-04-24 20:15:15.031159860,,CV,2025,2024,113 days 04:44:36.979911300,163004.61633185498,66.78682278248016,0.3965381589299764,Весна,2,4,0.003118961766093,134.73914829522116,department
,2025-04-25 06:44:51.578114838,,CV,2025,2024,113 days 15:14:13.526866278,163634.22544777128,629.6091159163043,0.3973249409913454,Весна,2,4,0.003118961766093,134.73914829522116,department
,2025-04-25 08:20:25.720714170,,CV,2025,2024,113 days 16:49:47.669465610,163729.79449109352,95.56904332223348,0.3981117230527144,Весна,2,4,0.003118961766093,134.73914829522116,department
,2025-04-25 09:42:44.645088510,,CV,2025,2024,113 days 18:12:06.593839950,163812.10989733253,82.31540623900946,0.3988985051140834,Весна,2,4,0.003118961766093,134.73914829522116,department
,2025-05-01 03:30:06.129458094,,CV,2025,2024,119 days 11:59:28.078209534,172079.4679701589,8267.358072826377,0.3996852871754524,Весна,2,5,0.003118961766093,134.73914829522116,department
,2025-05-01 07:11:36.164722014,,CV,2025,2024,119 days 15:40:58.113473454,172300.9685578909,221.50058773200726,0.4004720692368214,Весна,2,5,0.003118961766093,134.73914829522116,department
,2025-05-01 08:29:15.025399842,,CV,2025,2024,119 days 16:58:36.974151282,172378.6162358547,77.64767796377419,0.4012588512981904,Весна,2,5,0.003118961766093,134.73914829522116,department
,2025-05-01 10:10:58.266736548,,CV,2025,2024,119 days 18:40:20.215487988,172480.3369247998,101.72068894511904,0.4020456333595594,Весна,2,5,0.003118961766093,134.73914829522116,department
,2025-05-01 11:10:35.890092696,,CV,2025,2024,119 days 19:39:57.838844136,172539.9639807356,59.62705593579449,0.4028324154209284,Весна,2,5,0.003118961766093,134.73914829522116,department
,2025-05-01 17:56:58.645779150,,CV,2025,2024,120 days 02:26:20.594530590,172946.3432421765,406.3792614408885,0.4036191974822974,Весна,2,5,0.003118961766093,134.73914829522116,department
,2025-05-02 01:48:18.501339852,,CV,2025,2024,120 days 10:17:40.450091292,173417.67416818818,471.3309260116948,0.4044059795436664,Весна,2,5,0.003118961766093,134.73914829522116,department
,2025-05-02 05:07:15.309968772,,CV,2025,2024,120 days 13:36:37.258720212,173616.6209786702,198.94681048201164,0.4051927616050354,Весна,2,5,0.003118961766093,134.73914829522116,department
,2025-05-02 11:48:41.551804704,,CV,2025,2024,120 days 20:18:03.500556144,174018.05834260242,401.43736393222935,0.40597954366640443,Весна,2,5,0.003118961766093,134.73914829522116,department
,2025-05-02 18:55:37.027301892,,CV,2025,2024,121 days 03:24:58.976053332,174444.9829342222,426.9245916197833,0.4067663257277734,Весна,2,5,0.003118961766093,134.73914829522116,department
,2025-05-02 19:43:19.897223070,,CV,2025,2024,121 days 04:12:41.845974510,174492.69743290852,47.71449868631316,0.4075531077891424,Весна,2,5,0.003118961766093,134.73914829522116,department
,2025-05-03 13:49:09.356349054,,CV,2025,2024,121 days 22:18:31.305100494,175578.52175167488,1085.824318766361,0.4083398898505114,Весна,2,5,0.003118961766093,134.73914829522116,department
,2025-05-03 23:00:47.831293638,,CV,2025,2024,122 days 07:30:09.780045078,176130.1630007513,551.6412490764051,0.4091266719118804,Весна,2,5,0.003118961766093,134.73914829522116,department
,2025-05-04 00:14:08.596512168,,CV,2025,2024,122 days 08:43:30.545263608,176203.50908772682,73.34608697553631,0.4099134539732494,Весна,2,5,0.003118961766093,134.73914829522116,department
,2025-05-04 01:20:11.409055590,,CV,2025,2024,122 days 09:49:33.357807030,176269.55596345052,66.04687572369585,0.4107002360346184,Весна,2,5,0.003118961766093,134.73914829522116,department
,2025-05-04 02:03:14.716256820,,CV,2025,2024,122 days 10:32:36.665008260,176312.611083471,43.05512002049363,0.4114870180959874,Весна,2,5,0.003118961766093,134.73914829522116,department
,2025-05-04 02:50:59.886469842,,CV,2025,2024,122 days 11:20:21.835221282,176360.3639203547,47.752836883679265,0.41227380015735643,Весна,2,5,0.003118961766093,134.73914829522116,department
,2025-05-04 10:13:07.338116886,,CV,2025,2024,122 days 18:42:29.286868326,176802.4881144721,442.1241941174085,0.41306058221872544,Весна,2,5,0.003118961766093,134.73914829522116,department
,2025-05-04 13:36:28.054649700,,CV,2025,2024,122 days 22:05:50.003401140,177005.833390019,203.34527554688975,0.4138473642800944,Весна,2,5,0.003118961766093,134.73914829522116,department
,2025-05-04 21:46:13.883676924,,CV,2025,2024,123 days 06:15:35.832428364,177495.5972071394,489.76381712040165,0.4146341463414634,Весна,2,5,0.003118961766093,134.73914829522116,department
,2025-05-05 05:05:56.221257348,,CV,2025,2024,123 days 13:35:18.170008788,177935.3028334798,439.70562634040834,0.4154209284028324,Весна,2,5,0.003118961766093,134.73914829522116,department
,2025-05-05 10:03:26.190417828,,CV,2025,2024,123 days 18:32:48.139169268,178232.80231948782,297.4994860080187,0.4162077104642014,Весна,2,5,0.003118961766093,134.73914829522116,department
,2025-05-05 16:15:12.276846774,,CV,2025,2024,124 days 00:44:34.225598214,178604.5704266369,371.7681071490806,0.4169944925255704,Весна,2,5,0.003118961766093,134.73914829522116,department
,2025-05-05 16:21:08.670078156,,CV,2025,2024,124 days 00:50:30.618829596,178610.5103138266,5.939887189713772,0.4177812745869394,Весна,2,5,0.003118961766093,134.73914829522116,department
,2025-05-05 18:20:56.510138418,,CV,2025,2024,124 days 02:50:18.458889858,178730.3076481643,119.79733433769434,0.41856805664830843,Весна,2,5,0.003118961766093,134.73914829522116,department
,2025-05-05 23:46:34.164904626,,CV,2025,2024,124 days 08:15:56.113656066,179055.93522760112,325.6275794368121,0.41935483870967744,Весна,2,5,0.003118961766093,134.73914829522116,department
,2025-05-05 23:49:34.780613604,,CV,2025,2024,124 days 08:18:56.729365044,179058.94548941738,3.0102618162636645,0.42014162077104644,Весна,2,5,0.003118961766093,134.73914829522116,department
,2025-05-06 00:00:19.859518446,,CV,2025,2024,124 days 08:29:41.808269886,179069.69680449812,10.751315080735367,0.4209284028324154,Весна,2,5,0.003118961766093,134.73914829522116,department
,2025-05-06 10:12:38.746869972,,CV,2025,2024,124 days 18:42:00.695621412,179682.0115936902,612.3147891920817,0.4217151848937844,Весна,2,5,0.003118961766093,134.73914829522116,department
,2025-05-06 16:22:01.732461954,,CV,2025,2024,125 days 00:51:23.681213394,180051.3946868899,369.38309319969267,0.4225019669551534,Весна,2,5,0.003118961766093,134.73914829522116,department
,2025-05-06 18:00:54.244003722,,CV,2025,2024,125 days 02:30:16.192755162,180150.2698792527,98.87519236281514,0.4232887490165224,Весна,2,5,0.003118961766093,134.73914829522116,department
,2025-05-07 00:14:18.487789116,,CV,2025,2024,125 days 08:43:40.436540556,180523.67394234258,373.4040630898671,0.4240755310778914,Весна,2,5,0.003118961766093,134.73914829522116,department
,2025-05-07 08:38:27.306253914,,CV,2025,2024,125 days 17:07:49.255005354,181027.8209167559,504.14697441333556,0.42486231313926043,Весна,2,5,0.003118961766093,134.73914829522116,department
,2025-05-07 10:35:56.353370646,,CV,2025,2024,125 days 19:05:18.302122086,181145.3050353681,117.4841186121921,0.42564909520062943,Весна,2,5,0.003118961766093,134.73914829522116,department
,2025-05-07 10:47:42.410601516,,CV,2025,2024,125 days 19:17:04.359352956,181157.0726558826,11.76762051449623,0.42643587726199844,Весна,2,5,0.003118961766093,134.73914829522116,department
,2025-05-08 01:13:18.374636376,,CV,2025,2024,126 days 09:42:40.323387816,182022.6720564636,865.5994005810062,0.42722265932336745,Весна,2,5,0.003118961766093,134.73914829522116,department
,2025-05-08 03:29:03.289677000,,CV,2025,2024,126 days 11:58:25.238428440,182158.420640474,135.74858401040547,0.42800944138473646,Весна,2,5,0.003118961766093,134.73914829522116,department
,2025-05-08 04:05:09.174531168,,CV,2025,2024,126 days 12:34:31.123282608,182194.5187213768,36.09808090279694,0.4287962234461054,Весна,2,5,0.003118961766093,134.73914829522116,department
,2025-05-08 07:42:12.587563440,,CV,2025,2024,126 days 16:11:34.536314880,182411.575605248,217.05688387120608,0.4295830055074744,Весна,2,5,0.003118961766093,134.73914829522116,department
,2025-05-08 15:31:17.266721112,,CV,2025,2024,127 days 00:00:39.215472552,182880.6535912092,469.0779859611939,0.4303697875688434,Весна,2,5,0.003118961766093,134.73914829522116,department
,2025-05-08 16:51:37.631057742,,CV,2025,2024,127 days 01:20:59.579809182,182960.9929968197,80.33940561048803,0.4311565696302124,Весна,2,5,0.003118961766093,134.73914829522116,department
,2025-05-08 18:32:18.341732802,,CV,2025,2024,127 days 03:01:40.290484242,183061.6715080707,100.67851125099696,0.43194335169158143,Весна,2,5,0.003118961766093,134.73914829522116,department
,2025-05-08 20:01:26.575158264,,CV,2025,2024,127 days 04:30:48.523909704,183150.8087318284,89.13722375771613,0.43273013375295044,Весна,2,5,0.003118961766093,134.73914829522116,department
,2025-05-09 21:36:39.119052060,,CV,2025,2024,128 days 06:06:01.067803500,184686.017796725,1535.2090648965968,0.43351691581431945,Весна,2,5,0.003118961766093,134.73914829522116,department
,2025-05-09 22:47:09.439710582,,CV,2025,2024,128 days 07:16:31.388462022,184756.5231410337,70.50534430867992,0.43430369787568845,Весна,2,5,0.003118961766093,134.73914829522116,department
,2025-05-10 03:21:53.596247076,,CV,2025,2024,128 days 11:51:15.544998516,185031.2590833086,274.7359422749141,0.43509047993705746,Весна,2,5,0.003118961766093,134.73914829522116,department
,2025-05-10 17:13:31.007413277,,CV,2025,2024,129 days 01:42:52.956164717,185862.88260274526,831.62351943666,0.4358772619984264,Весна,2,5,0.003118961766093,134.73914829522116,department
,2025-05-10 18:04:27.302970150,,CV,2025,2024,129 days 02:33:49.251721590,185913.8208620265,50.938259281247156,0.4366640440597954,Весна,2,5,0.003118961766093,134.73914829522116,department
,2025-05-11 12:57:59.250231078,,CV,2025,2024,129 days 21:27:21.198982518,187047.35331637532,1133.5324543488096,0.4374508261211644,Весна,2,5,0.003118961766093,134.73914829522116,department
,2025-05-12 04:42:41.738708772,,CV,2025,2024,130 days 13:12:03.687460212,187992.0614576702,944.7081412948901,0.43823760818253343,Весна,2,5,0.003118961766093,134.73914829522116,department
,2025-05-12 16:14:56.871932460,,CV,2025,2024,131 days 00:44:18.820683900,188684.313678065,692.2522203947883,0.43902439024390244,Весна,2,5,0.003118961766093,134.73914829522116,department
,2025-05-12 17:32:22.779087138,,CV,2025,2024,131 days 02:01:44.727838578,188761.7454639763,77.43178591129254,0.43981117230527145,Весна,2,5,0.003118961766093,134.73914829522116,department
,2025-05-12 22:54:41.375553774,,CV,2025,2024,131 days 07:24:03.324305214,189084.0554050869,322.30994111060863,0.44059795436664045,Весна,2,5,0.003118961766093,134.73914829522116,department
,2025-05-13 06:33:26.645487714,,CV,2025,2024,131 days 15:02:48.594239154,189542.8099039859,458.7544988990121,0.44138473642800946,Весна,2,5,0.003118961766093,134.73914829522116,department
,2025-05-14 05:22:42.730747374,,CV,2025,2024,132 days 13:52:04.679498814,190912.0779916469,1369.268087660981,0.44217151848937847,Весна,2,5,0.003118961766093,134.73914829522116,department
,2025-05-14 06:26:30.310758773,,CV,2025,2024,132 days 14:55:52.259510213,190975.87099183685,63.793000189965824,0.4429583005507474,Весна,2,5,0.003118961766093,134.73914829522116,department
,2025-05-14 14:12:13.164061704,,CV,2025,2024,132 days 22:41:35.112813144,191441.5852135524,465.7142217155488,0.4437450826121164,Весна,2,5,0.003118961766093,134.73914829522116,department
,2025-05-14 16:24:51.594721560,,CV,2025,2024,133 days 00:54:13.543473,191574.22572455,132.64051099758944,0.44453186467348543,Весна,2,5,0.003118961766093,134.73914829522116,department
,2025-05-14 17:26:46.899001428,,CV,2025,2024,133 days 01:56:08.847752868,191636.1474625478,61.92173799779266,0.44531864673485444,Весна,2,5,0.003118961766093,134.73914829522116,department
,2025-05-14 20:22:11.632721304,,CV,2025,2024,133 days 04:51:33.581472744,191811.5596912124,175.41222866461612,0.44610542879622345,Весна,2,5,0.003118961766093,134.73914829522116,department
,2025-05-15 04:48:28.719766038,,CV,2025,2024,133 days 13:17:50.668517478,192317.8444752913,506.28478407888906,0.44689221085759245,Весна,2,5,0.003118961766093,134.73914829522116,department
,2025-05-15 08:08:55.949548902,,CV,2025,2024,133 days 16:38:17.898300342,192518.2983050057,200.45382971441722,0.44767899291896146,Весна,2,5,0.003118961766093,134.73914829522116,department
,2025-05-15 12:16:10.860538428,,CV,2025,2024,133 days 20:45:32.809289868,192765.54682149782,247.24851649210905,0.44846577498033047,Весна,2,5,0.003118961766093,134.73914829522116,department
,2025-05-16 16:45:18.806412282,,CV,2025,2024,135 days 01:14:40.755163722,194474.6792527287,1709.1324312308861,0.4492525570416995,Весна,2,5,0.003118961766093,134.73914829522116,department
,2025-05-16 19:28:37.109732592,,CV,2025,2024,135 days 03:57:59.058484032,194637.9843080672,163.305055338511,0.4500393391030684,Весна,2,5,0.003118961766093,134.73914829522116,department
,2025-05-17 00:34:59.253788472,,CV,2025,2024,135 days 09:04:21.202539912,194944.3533756652,306.36906759798876,0.45082612116443743,Весна,2,5,0.003118961766093,134.73914829522116,department
,2025-05-17 03:00:42.834972498,,CV,2025,2024,135 days 11:30:04.783723938,195090.0797287323,145.7263530670898,0.45161290322580644,Весна,2,5,0.003118961766093,134.73914829522116,department
,2025-05-17 05:40:39.748012356,,CV,2025,2024,135 days 14:10:01.696763796,195250.02827939662,159.948550664325,0.45239968528717545,Весна,2,5,0.003118961766093,134.73914829522116,department
,2025-05-17 12:02:03.257956902,,CV,2025,2024,135 days 20:31:25.206708342,195631.4201118057,381.3918324090773,0.45318646734854445,Весна,2,5,0.003118961766093,134.73914829522116,department
,2025-05-18 02:52:59.500047216,,CV,2025,2024,136 days 11:22:21.448798656,196522.3574799776,890.9373681719007,0.45397324940991346,Весна,2,5,0.003118961766093,134.73914829522116,department
,2025-05-18 07:03:36.621925638,,CV,2025,2024,136 days 15:32:58.570677078,196772.9761779513,250.61869797369582,0.45476003147128247,Весна,2,5,0.003118961766093,134.73914829522116,department
,2025-05-18 14:52:35.663110452,,CV,2025,2024,136 days 23:21:57.611861892,197241.9601976982,468.9840197469166,0.4555468135326515,Весна,2,5,0.003118961766093,134.73914829522116,department
,2025-05-18 15:22:33.167914674,,CV,2025,2024,136 days 23:51:55.116666114,197271.9186111019,29.958413403684972,0.4563335955940205,Весна,2,5,0.003118961766093,134.73914829522116,department
,2025-05-18 16:38:36.018572970,,CV,2025,2024,137 days 01:07:57.967324410,197347.9661220735,76.04751097160624,0.45712037765538943,Весна,2,5,0.003118961766093,134.73914829522116,department
,2025-05-18 20:22:12.398029986,,CV,2025,2024,137 days 04:51:34.346781426,197571.57244635708,223.60632428358076,0.45790715971675844,Весна,2,5,0.003118961766093,134.73914829522116,department
,2025-05-18 20:28:41.271093360,,CV,2025,2024,137 days 04:58:03.219844800,197578.05366407998,6.481217722903239,0.45869394177812745,Весна,2,5,0.003118961766093,134.73914829522116,department
,2025-05-18 22:02:08.828922210,,CV,2025,2024,137 days 06:31:30.777673650,197671.5129612275,93.45929714752128,0.45948072383949645,Весна,2,5,0.003118961766093,134.73914829522116,department
,2025-05-19 01:55:44.450525022,,CV,2025,2024,137 days 10:25:06.399276462,197905.1066546077,233.59369338018587,0.46026750590086546,Весна,2,5,0.003118961766093,134.73914829522116,department
,2025-05-19 02:00:34.436368068,,CV,2025,2024,137 days 10:29:56.385119508,197909.9397519918,4.833097384107532,0.46105428796223447,Весна,2,5,0.003118961766093,134.73914829522116,department
,2025-05-19 03:39:05.397045582,,CV,2025,2024,137 days 12:08:27.345797022,198008.4557632837,98.51601129191113,0.4618410700236035,Весна,2,5,0.003118961766093,134.73914829522116,department
,2025-05-19 07:30:27.133195668,,CV,2025,2024,137 days 15:59:49.081947108,198239.81803245182,231.36226916810847,0.4626278520849725,Весна,2,5,0.003118961766093,134.73914829522116,department
,2025-05-19 12:03:24.137806536,,CV,2025,2024,137 days 20:32:46.086557976,198512.76810929962,272.95007684780285,0.4634146341463415,Весна,2,5,0.003118961766093,134.73914829522116,department
,2025-05-20 01:57:07.328188410,,CV,2025,2024,138 days 10:26:29.276939850,199346.4879489975,833.7198396978783,0.46420141620771044,Весна,2,5,0.003118961766093,134.73914829522116,department
,2025-05-20 07:29:28.801565364,,CV,2025,2024,138 days 15:58:50.750316804,199678.8458386134,332.3578896159015,0.46498819826907944,Весна,2,5,0.003118961766093,134.73914829522116,department
,2025-05-20 10:21:13.998376368,,CV,2025,2024,138 days 18:50:35.947127808,199850.5991187968,171.7532801833877,0.46577498033044845,Весна,2,5,0.003118961766093,134.73914829522116,department
,2025-05-21 00:35:27.389973918,,CV,2025,2024,139 days 09:04:49.338725358,200704.8223120893,854.223193292506,0.46656176239181746,Весна,2,5,0.003118961766093,134.73914829522116,department
,2025-05-21 08:48:06.709725198,,CV,2025,2024,139 days 17:17:28.658476638,201197.4776412773,492.6553291880118,0.46734854445318647,Весна,2,5,0.003118961766093,134.73914829522116,department
,2025-05-21 09:59:39.574841916,,CV,2025,2024,139 days 18:29:01.523593356,201269.0253932226,71.54775194529793,0.46813532651455547,Весна,2,5,0.003118961766093,134.73914829522116,department
,2025-05-21 10:44:37.218064074,,CV,2025,2024,139 days 19:13:59.166815514,201313.9861135919,44.96072036930127,0.4689221085759245,Весна,2,5,0.003118961766093,134.73914829522116,department
,2025-05-21 16:45:46.555082604,,CV,2025,2024,140 days 01:15:08.503834044,201675.1417305674,361.15561697550584,0.4697088906372935,Весна,2,5,0.003118961766093,134.73914829522116,department
,2025-05-21 21:08:54.790708830,,CV,2025,2024,140 days 05:38:16.739460270,201938.2789910045,263.13726043709903,0.4704956726986625,Весна,2,5,0.003118961766093,134.73914829522116,department
,2025-05-22 05:28:47.362308702,,CV,2025,2024,140 days 13:58:09.311060142,202438.1551843357,499.8761933311762,0.47128245476003144,Весна,2,5,0.003118961766093,134.73914829522116,department
,2025-05-22 12:39:13.037323500,,CV,2025,2024,140 days 21:08:34.986074940,202868.58310124898,430.4279169132933,0.47206923682140045,Весна,2,5,0.003118961766093,134.73914829522116,department
,2025-05-22 17:53:52.271685258,,CV,2025,2024,141 days 02:23:14.220436698,203183.2370072783,314.65390602932894,0.47285601888276946,Весна,2,5,0.003118961766093,134.73914829522116,department
,2025-05-23 16:51:22.379457636,,CV,2025,2024,142 days 01:20:44.328209076,204560.7388034846,1377.5017962062848,0.47364280094413846,Весна,2,5,0.003118961766093,134.73914829522116,department
,2025-05-23 20:55:54.369983280,,CV,2025,2024,142 days 05:25:16.318734720,204805.271978912,244.53317542740842,0.47442958300550747,Весна,2,5,0.003118961766093,134.73914829522116,department
,2025-05-23 21:34:23.398606446,,CV,2025,2024,142 days 06:03:45.347357886,204843.7557892981,38.48381038609659,0.4752163650668765,Весна,2,5,0.003118961766093,134.73914829522116,department
,2025-05-24 06:59:16.457135388,,CV,2025,2024,142 days 15:28:38.405886828,205408.64009811383,564.88430881573,0.4760031471282455,Весна,2,5,0.003118961766093,134.73914829522116,department
,2025-05-24 08:32:18.243043710,,CV,2025,2024,142 days 17:01:40.191795150,205501.6698632525,93.02976513866452,0.4767899291896145,Весна,2,5,0.003118961766093,134.73914829522116,department
,2025-05-24 16:33:51.306761298,,CV,2025,2024,143 days 01:03:13.255512738,205983.2209252123,481.5510619598208,0.4775767112509835,Весна,2,5,0.003118961766093,134.73914829522116,department
,2025-05-25 09:23:30.097605552,,CV,2025,2024,143 days 17:52:52.046356992,206992.8674392832,1009.6465140708897,0.4783634933123525,Весна,2,5,0.003118961766093,134.73914829522116,department
,2025-05-25 15:46:06.733547634,,CV,2025,2024,144 days 00:15:28.682299074,207375.4780383179,382.6105990346987,0.47915027537372146,Весна,2,5,0.003118961766093,134.73914829522116,department
,2025-05-25 20:36:43.594803420,,CV,2025,2024,144 days 05:06:05.543554860,207666.092392581,290.6143542630889,0.47993705743509046,Весна,2,5,0.003118961766093,134.73914829522116,department
,2025-05-25 23:54:31.034964510,,CV,2025,2024,144 days 08:23:52.983715950,207863.8830619325,197.79066935149604,0.48072383949645947,Весна,2,5,0.003118961766093,134.73914829522116,department
,2025-05-26 02:19:49.347032982,,CV,2025,2024,144 days 10:49:11.295784422,208009.18826307368,145.3052011411928,0.4815106215578285,Весна,2,5,0.003118961766093,134.73914829522116,department
,2025-05-26 04:39:25.525266144,,CV,2025,2024,144 days 13:08:47.474017584,208148.7912336264,139.60297055271803,0.4822974036191975,Весна,2,5,0.003118961766093,134.73914829522116,department
,2025-05-26 10:03:46.344510966,,CV,2025,2024,144 days 18:33:08.293262406,208473.13822104008,324.346987413679,0.4830841856805665,Весна,2,5,0.003118961766093,134.73914829522116,department
,2025-05-26 17:29:52.940782866,,CV,2025,2024,145 days 01:59:14.889534306,208919.2481589051,446.10993786502513,0.4838709677419355,Весна,2,5,0.003118961766093,134.73914829522116,department
,2025-05-26 23:33:43.490467344,,CV,2025,2024,145 days 08:03:05.439218784,209283.0906536464,363.8424947412859,0.4846577498033045,Весна,2,5,0.003118961766093,134.73914829522116,department
,2025-05-27 00:44:37.947557994,,CV,2025,2024,145 days 09:13:59.896309434,209353.9982718239,70.90761817750172,0.4854445318646735,Весна,2,5,0.003118961766093,134.73914829522116,department
,2025-05-27 04:23:02.178877590,,CV,2025,2024,145 days 12:52:24.127629030,209572.4021271505,218.40385532661458,0.48623131392604246,Весна,2,5,0.003118961766093,134.73914829522116,department
,2025-05-27 12:45:55.455567114,,CV,2025,2024,145 days 21:15:17.404318554,210075.2900719759,502.88794482540106,0.48701809598741147,Весна,2,5,0.003118961766093,134.73914829522116,department
,2025-05-27 16:12:56.877813522,,CV,2025,2024,146 days 00:42:18.826564962,210282.3137760827,207.02370410680305,0.4878048780487805,Весна,2,5,0.003118961766093,134.73914829522116,department
,2025-05-27 20:19:34.396271364,,CV,2025,2024,146 days 04:48:56.345022804,210528.9390837134,246.62530763068935,0.4885916601101495,Весна,2,5,0.003118961766093,134.73914829522116,department
,2025-05-28 04:12:22.058193096,,CV,2025,2024,146 days 12:41:44.006944536,211001.73344907557,472.7943653621769,0.4893784421715185,Весна,2,5,0.003118961766093,134.73914829522116,department
,2025-05-28 09:59:27.028299318,,CV,2025,2024,146 days 18:28:48.977050758,211348.8162841793,347.0828351037344,0.4901652242328875,Весна,2,5,0.003118961766093,134.73914829522116,department
,2025-05-28 12:48:15.842191458,,CV,2025,2024,146 days 21:17:37.790942898,211517.6298490483,168.81356486899313,0.4909520062942565,Весна,2,5,0.003118961766093,134.73914829522116,department
,2025-05-29 00:52:08.242316658,,CV,2025,2024,147 days 09:21:30.191068098,212241.5031844683,723.8733354200085,0.4917387883556255,Весна,2,5,0.003118961766093,134.73914829522116,department
,2025-05-29 01:49:01.187657724,,CV,2025,2024,147 days 10:18:23.136409164,212298.38560681939,56.88242235107464,0.4925255704169945,Весна,2,5,0.003118961766093,134.73914829522116,department
,2025-05-30 06:42:43.107002934,,CV,2025,2024,148 days 15:12:05.055754374,214032.0842625729,1733.6986557535129,0.49331235247836347,Весна,2,5,0.003118961766093,134.73914829522116,department
,2025-05-30 07:23:17.192616564,,CV,2025,2024,148 days 15:52:39.141368004,214072.6523561334,40.568093560490524,0.4940991345397325,Весна,2,5,0.003118961766093,134.73914829522116,department
,2025-05-30 07:28:06.959201844,,CV,2025,2024,148 days 15:57:28.907953284,214077.48179922142,4.829443088034168,0.4948859166011015,Весна,2,5,0.003118961766093,134.73914829522116,department
,2025-05-30 19:15:51.989339310,,CV,2025,2024,149 days 03:45:13.938090750,214785.23230151247,707.7505022910482,0.4956726986624705,Весна,2,5,0.003118961766093,134.73914829522116,department
,2025-05-30 20:45:57.171724554,,CV,2025,2024,149 days 05:15:19.120475994,214875.3186745999,90.08637308742618,0.4964594807238395,Весна,2,5,0.003118961766093,134.73914829522116,department
,2025-05-31 03:45:23.651063172,,CV,2025,2024,149 days 12:14:45.599814612,215294.7599969102,419.4413223103038,0.4972462627852085,Весна,2,5,0.003118961766093,134.73914829522116,department
,2025-05-31 12:39:34.501461996,,CV,2025,2024,149 days 21:08:56.450213436,215828.9408368906,534.1808399803995,0.4980330448465775,Весна,2,5,0.003118961766093,134.73914829522116,department
,2025-05-31 23:07:38.173581120,,CV,2025,2024,150 days 07:37:00.122332560,216457.002038876,628.0612019854016,0.4988198269079465,Весна,2,5,0.003118961766093,134.73914829522116,department
,2025-06-01 04:19:12.050769936,,CV,2025,2024,150 days 12:48:33.999521376,216768.5666586896,311.56461981360917,0.4996066089693155,Лето,3,6,0.0027033966139579,116.78673372298492,department
,2025-06-01 10:43:16.870433406,,CV,2025,2024,150 days 19:12:38.819184846,217152.6469864141,384.08032772448496,0.5003933910306845,Лето,3,6,0.0027033966139579,116.78673372298492,department
,2025-06-02 08:57:54.233560194,,CV,2025,2024,151 days 17:27:16.182311634,218487.2697051939,1334.6227187798067,0.5011801730920535,Лето,3,6,0.0027033966139579,116.78673372298492,department
,2025-06-02 09:19:07.054333314,,CV,2025,2024,151 days 17:48:29.003084754,218508.48338474592,21.21367955202004,0.5019669551534225,Лето,3,6,0.0027033966139579,116.78673372298492,department
,2025-06-02 14:34:43.800748194,,CV,2025,2024,151 days 23:04:05.749499634,218824.09582499388,315.6124402479618,0.5027537372147916,Лето,3,6,0.0027033966139579,116.78673372298492,department
,2025-06-03 02:50:05.727197550,,CV,2025,2024,152 days 11:19:27.675948990,219559.4612658165,735.3654408226139,0.5035405192761605,Лето,3,6,0.0027033966139579,116.78673372298492,department
,2025-06-03 06:52:58.263095250,,CV,2025,2024,152 days 15:22:20.211846690,219802.3368641115,242.8755982950097,0.5043273013375295,Лето,3,6,0.0027033966139579,116.78673372298492,department
,2025-06-03 07:23:13.357566870,,CV,2025,2024,152 days 15:52:35.306318310,219832.5884386385,30.251574526977492,0.5051140833988985,Лето,3,6,0.0027033966139579,116.78673372298492,department
,2025-06-03 12:27:21.670093722,,CV,2025,2024,152 days 20:56:43.618845162,220136.72698075272,304.13854211423313,0.5059008654602675,Лето,3,6,0.0027033966139579,116.78673372298492,department
,2025-06-03 14:56:38.795906910,,CV,2025,2024,152 days 23:26:00.744658350,220286.01241097247,149.28543021975202,0.5066876475216365,Лето,3,6,0.0027033966139579,116.78673372298492,department
,2025-06-03 15:58:55.201287552,,CV,2025,2024,153 days 00:28:17.150038992,220348.2858339832,62.273423010716215,0.5074744295830055,Лето,3,6,0.0027033966139579,116.78673372298492,department
,2025-06-04 03:38:18.056977794,,CV,2025,2024,153 days 12:07:40.005729234,221047.6667621539,699.3809281707217,0.5082612116443745,Лето,3,6,0.0027033966139579,116.78673372298492,department
,2025-06-04 08:11:02.072258670,,CV,2025,2024,153 days 16:40:24.021010110,221320.4003501685,272.7335880145838,0.5090479937057435,Лето,3,6,0.0027033966139579,116.78673372298492,department
,2025-06-05 00:52:26.413648374,,CV,2025,2024,154 days 09:21:48.362399814,222321.8060399969,1001.405689828418,0.5098347757671126,Лето,3,6,0.0027033966139579,116.78673372298492,department
,2025-06-05 10:59:04.673312028,,CV,2025,2024,154 days 19:28:26.622063468,222928.44370105778,606.6376610608713,0.5106215578284815,Лето,3,6,0.0027033966139579,116.78673372298492,department
,2025-06-05 18:15:52.052263974,,CV,2025,2024,155 days 02:45:14.001015414,223365.2333502569,436.7896491991123,0.5114083398898505,Лето,3,6,0.0027033966139579,116.78673372298492,department
,2025-06-05 18:17:43.871010408,,CV,2025,2024,155 days 02:47:05.819761848,223367.0969960308,1.8636457739048637,0.5121951219512195,Лето,3,6,0.0027033966139579,116.78673372298492,department
,2025-06-05 21:44:15.120376464,,CV,2025,2024,155 days 06:13:37.069127904,223573.6178187984,206.52082276760484,0.5129819040125885,Лето,3,6,0.0027033966139579,116.78673372298492,department
,2025-06-05 23:05:38.007226446,,CV,2025,2024,155 days 07:34:59.955977886,223654.9992662981,81.38144749970525,0.5137686860739575,Лето,3,6,0.0027033966139579,116.78673372298492,department
,2025-06-06 13:59:38.323452126,,CV,2025,2024,155 days 22:29:00.272203566,224549.0045367261,894.0052704279951,0.5145554681353265,Лето,3,6,0.0027033966139579,116.78673372298492,department
,2025-06-06 15:10:36.694371630,,CV,2025,2024,155 days 23:39:58.643123070,224619.9773853845,70.97284865839174,0.5153422501966956,Лето,3,6,0.0027033966139579,116.78673372298492,department
,2025-06-06 17:15:15.206945153,,CV,2025,2024,156 days 01:44:37.155696593,224744.61926160986,124.64187622535974,0.5161290322580645,Лето,3,6,0.0027033966139579,116.78673372298492,department
,2025-06-06 21:44:19.358128890,,CV,2025,2024,156 days 06:13:41.306880330,225013.6884480055,269.0691863956454,0.5169158143194336,Лето,3,6,0.0027033966139579,116.78673372298492,department
,2025-06-06 23:37:23.288037678,,CV,2025,2024,156 days 08:06:45.236789118,225126.75394648532,113.0654984798166,0.5177025963808025,Лето,3,6,0.0027033966139579,116.78673372298492,department
,2025-06-07 01:04:31.179181524,,CV,2025,2024,156 days 09:33:53.127932964,225213.8854655494,87.13151906407438,0.5184893784421715,Лето,3,6,0.0027033966139579,116.78673372298492,department
,2025-06-07 06:42:37.693660986,,CV,2025,2024,156 days 15:11:59.642412426,225551.9940402071,338.10857465770096,0.5192761605035405,Лето,3,6,0.0027033966139579,116.78673372298492,department
,2025-06-07 07:17:04.760440434,,CV,2025,2024,156 days 15:46:26.709191874,225586.44515319788,34.451112990791444,0.5200629425649095,Лето,3,6,0.0027033966139579,116.78673372298492,department
,2025-06-07 07:39:14.822950014,,CV,2025,2024,156 days 16:08:36.771701454,225608.6128616909,22.16770849301247,0.5208497246262785,Лето,3,6,0.0027033966139579,116.78673372298492,department
,2025-06-07 10:31:28.618232064,,CV,2025,2024,156 days 19:00:50.566983504,225780.8427830584,172.22992136751418,0.5216365066876475,Лето,3,6,0.0027033966139579,116.78673372298492,department
,2025-06-07 18:23:13.933283328,,CV,2025,2024,157 days 02:52:35.882034768,226252.5980339128,471.7552508543886,0.5224232887490166,Лето,3,6,0.0027033966139579,116.78673372298492,department
,2025-06-07 23:22:34.601780748,,CV,2025,2024,157 days 07:51:56.550532188,226551.9425088698,299.3444749570044,0.5232100708103855,Лето,3,6,0.0027033966139579,116.78673372298492,department
,2025-06-08 02:45:54.785944002,,CV,2025,2024,157 days 11:15:16.734695442,226755.2789115907,203.33640272088815,0.5239968528717546,Лето,3,6,0.0027033966139579,116.78673372298492,department
,2025-06-08 07:54:27.906919812,,CV,2025,2024,157 days 16:23:49.855671252,227063.8309278542,308.55201626350754,0.5247836349331235,Лето,3,6,0.0027033966139579,116.78673372298492,department
,2025-06-08 10:42:42.797105184,,CV,2025,2024,157 days 19:12:04.745856624,227232.0790976104,168.24816975620342,0.5255704169944925,Лето,3,6,0.0027033966139579,116.78673372298492,department
,2025-06-09 03:40:22.901062338,,CV,2025,2024,158 days 12:09:44.849813778,228249.7474968963,1017.6683992859034,0.5263571990558615,Лето,3,6,0.0027033966139579,116.78673372298492,department
,2025-06-09 04:01:16.206886326,,CV,2025,2024,158 days 12:30:38.155637766,228270.6359272961,20.888430399791105,0.5271439811172305,Лето,3,6,0.0027033966139579,116.78673372298492,department
,2025-06-09 10:55:11.475298260,,CV,2025,2024,158 days 19:24:33.424049700,228684.55706749498,413.92114019888686,0.5279307631785995,Лето,3,6,0.0027033966139579,116.78673372298492,department
,2025-06-10 00:36:00.719946438,,CV,2025,2024,159 days 09:05:22.668697878,229505.3778116313,820.8207441363193,0.5287175452399685,Лето,3,6,0.0027033966139579,116.78673372298492,department
,2025-06-10 10:38:36.404174256,,CV,2025,2024,159 days 19:07:58.352925696,230107.97254876158,602.5947371302755,0.5295043273013376,Лето,3,6,0.0027033966139579,116.78673372298492,department
,2025-06-10 11:53:50.530115022,,CV,2025,2024,159 days 20:23:12.478866462,230183.2079811077,75.23543234611861,0.5302911093627065,Лето,3,6,0.0027033966139579,116.78673372298492,department
,2025-06-10 14:03:37.896021126,,CV,2025,2024,159 days 22:32:59.844772566,230312.9974128761,129.7894317684113,0.5310778914240756,Лето,3,6,0.0027033966139579,116.78673372298492,department
,2025-06-10 21:50:37.708960770,,CV,2025,2024,160 days 06:19:59.657712210,230779.9942952035,466.9968823273957,0.5318646734854445,Лето,3,6,0.0027033966139579,116.78673372298492,department
,2025-06-10 22:23:11.569399194,,CV,2025,2024,160 days 06:52:33.518150634,230812.5586358439,32.56434064038331,0.5326514555468135,Лето,3,6,0.0027033966139579,116.78673372298492,department
,2025-06-11 08:41:08.880337326,,CV,2025,2024,160 days 17:10:30.829088766,231430.5138181461,617.9551823022193,0.5334382376081825,Лето,3,6,0.0027033966139579,116.78673372298492,department
,2025-06-11 16:30:34.991811912,,CV,2025,2024,161 days 00:59:56.940563352,231899.9490093892,469.43519124310114,0.5342250196695515,Лето,3,6,0.0027033966139579,116.78673372298492,department
,2025-06-12 00:34:22.420167714,,CV,2025,2024,161 days 09:03:44.368919154,232383.73948198592,483.79047259670915,0.5350118017309206,Лето,3,6,0.0027033966139579,116.78673372298492,department
,2025-06-12 01:13:26.776306974,,CV,2025,2024,161 days 09:42:48.725058414,232422.8120843069,39.072602320986334,0.5357985837922895,Лето,3,6,0.0027033966139579,116.78673372298492,department
,2025-06-12 09:01:22.555420488,,CV,2025,2024,161 days 17:30:44.504171928,232890.7417361988,467.9296518919,0.5365853658536586,Лето,3,6,0.0027033966139579,116.78673372298492,department
,2025-06-12 16:02:38.892900726,,CV,2025,2024,162 days 00:32:00.841652166,233312.0140275361,421.2722913372854,0.5373721479150275,Лето,3,6,0.0027033966139579,116.78673372298492,department
,2025-06-13 03:00:07.001088012,,CV,2025,2024,162 days 11:29:28.949839452,233969.4824973242,657.4684697881166,0.5381589299763966,Лето,3,6,0.0027033966139579,116.78673372298492,department
,2025-06-13 03:15:49.944468474,,CV,2025,2024,162 days 11:45:11.893219914,233985.1982203319,15.715723007684574,0.5389457120377655,Лето,3,6,0.0027033966139579,116.78673372298492,department
,2025-06-13 03:24:28.889568852,,CV,2025,2024,162 days 11:53:50.838320292,233993.84730533822,8.649085006327368,0.5397324940991345,Лето,3,6,0.0027033966139579,116.78673372298492,department
,2025-06-13 06:17:09.634852914,,CV,2025,2024,162 days 14:46:31.583604354,234166.52639340592,172.67908806769992,0.5405192761605035,Лето,3,6,0.0027033966139579,116.78673372298492,department
,2025-06-13 07:16:45.012480810,,CV,2025,2024,162 days 15:46:06.961232250,234226.1160205375,59.589627131586894,0.5413060582218725,Лето,3,6,0.0027033966139579,116.78673372298492,department
,2025-06-13 12:19:04.762230900,,CV,2025,2024,162 days 20:48:26.710982340,234528.445183039,302.3291625014972,0.5420928402832416,Лето,3,6,0.0027033966139579,116.78673372298492,department
,2025-06-14 03:41:17.978623050,,CV,2025,2024,163 days 12:10:39.927374490,235450.6654562415,922.2202732024889,0.5428796223446105,Лето,3,6,0.0027033966139579,116.78673372298492,department
,2025-06-14 06:45:02.444371182,,CV,2025,2024,163 days 15:14:24.393122622,235634.4065520437,183.74109580222284,0.5436664044059796,Лето,3,6,0.0027033966139579,116.78673372298492,department
,2025-06-14 18:14:32.846117928,,CV,2025,2024,164 days 02:43:54.794869368,236323.9132478228,689.5066957790987,0.5444531864673485,Лето,3,6,0.0027033966139579,116.78673372298492,department
,2025-06-14 18:14:38.192803614,,CV,2025,2024,164 days 02:44:00.141555054,236324.0023592509,0.08911142809665762,0.5452399685287176,Лето,3,6,0.0027033966139579,116.78673372298492,department
,2025-06-14 19:22:53.964554892,,CV,2025,2024,164 days 03:52:15.913306332,236392.2652217722,68.26286252128193,0.5460267505900865,Лето,3,6,0.0027033966139579,116.78673372298492,department
,2025-06-14 19:34:19.678404606,,CV,2025,2024,164 days 04:03:41.627156046,236403.6937859341,11.428564161906252,0.5468135326514555,Лето,3,6,0.0027033966139579,116.78673372298492,department
,2025-06-14 22:01:26.706869850,,CV,2025,2024,164 days 06:30:48.655621290,236550.8109270215,147.11714108739397,0.5476003147128246,Лето,3,6,0.0027033966139579,116.78673372298492,department
,2025-06-15 12:44:47.357358396,,CV,2025,2024,164 days 21:14:09.306109836,237434.1551018306,883.3441748091136,0.5483870967741935,Лето,3,6,0.0027033966139579,116.78673372298492,department
,2025-06-15 13:22:30.725755926,,CV,2025,2024,164 days 21:51:52.674507366,237471.8779084561,37.722806625504745,0.5491738788355626,Лето,3,6,0.0027033966139579,116.78673372298492,department
,2025-06-15 19:07:25.690347942,,CV,2025,2024,165 days 03:36:47.639099382,237816.7939849897,344.9160765335837,0.5499606608969315,Лето,3,6,0.0027033966139579,116.78673372298492,department
,2025-06-15 22:49:34.713383244,,CV,2025,2024,165 days 07:18:56.662134684,238038.9443689114,222.15038392171846,0.5507474429583006,Лето,3,6,0.0027033966139579,116.78673372298492,department
,2025-06-16 16:00:56.895624780,,CV,2025,2024,166 days 00:30:18.844376220,239070.31407293698,1031.3697040255647,0.5515342250196695,Лето,3,6,0.0027033966139579,116.78673372298492,department
,2025-06-16 16:49:17.693933004,,CV,2025,2024,166 days 01:18:39.642684444,239118.6607114074,48.34663847042248,0.5523210070810386,Лето,3,6,0.0027033966139579,116.78673372298492,department
,2025-06-16 18:17:26.430298110,,CV,2025,2024,166 days 02:46:48.379049550,239206.8063174925,88.1456060851051,0.5531077891424075,Лето,3,6,0.0027033966139579,116.78673372298492,department
,2025-06-16 18:28:31.973521896,,CV,2025,2024,166 days 02:57:53.922273336,239217.8987045556,11.092387063108617,0.5538945712037766,Лето,3,6,0.0027033966139579,116.78673372298492,department
,2025-06-16 21:59:01.570032588,,CV,2025,2024,166 days 06:28:23.518784028,239428.3919797338,210.49327517818892,0.5546813532651456,Лето,3,6,0.0027033966139579,116.78673372298492,department
,2025-06-16 23:59:25.786948614,,CV,2025,2024,166 days 08:28:47.735700054,239548.7955950009,120.4036152671033,0.5554681353265145,Лето,3,6,0.0027033966139579,116.78673372298492,department
,2025-06-17 12:33:51.009835980,,CV,2025,2024,166 days 21:03:12.958587420,240303.215976457,754.4203814560897,0.5562549173878836,Лето,3,6,0.0027033966139579,116.78673372298492,department
,2025-06-17 18:17:23.294703954,,CV,2025,2024,167 days 02:46:45.243455394,240646.7540575899,343.53808113289415,0.5570416994492525,Лето,3,6,0.0027033966139579,116.78673372298492,department
,2025-06-18 00:09:35.665841304,,CV,2025,2024,167 days 08:38:57.614592744,240998.9602432124,352.2061856225191,0.5578284815106216,Лето,3,6,0.0027033966139579,116.78673372298492,department
,2025-06-18 04:50:23.275519866,,CV,2025,2024,167 days 13:19:45.224271306,241279.75373785512,280.7934946427122,0.5586152635719905,Лето,3,6,0.0027033966139579,116.78673372298492,department
,2025-06-18 05:26:01.609642776,,CV,2025,2024,167 days 13:55:23.558394216,241315.3926399036,35.63890204849304,0.5594020456333596,Лето,3,6,0.0027033966139579,116.78673372298492,department
,2025-06-18 09:03:50.076780726,,CV,2025,2024,167 days 17:33:12.025532166,241533.20042553608,217.80778563246713,0.5601888276947286,Лето,3,6,0.0027033966139579,116.78673372298492,department
,2025-06-20 07:59:18.366749382,,CV,2025,2024,169 days 16:28:40.315500822,244348.6719250137,2815.4714994776295,0.5609756097560976,Лето,3,6,0.0027033966139579,116.78673372298492,department
,2025-06-20 19:06:19.140698190,,CV,2025,2024,170 days 03:35:41.089449630,245015.68482416047,667.0128991467645,0.5617623918174666,Лето,3,6,0.0027033966139579,116.78673372298492,department
,2025-06-21 08:54:37.195839174,,CV,2025,2024,170 days 17:23:59.144590614,245843.98574317692,828.3009190164448,0.5625491738788355,Лето,3,6,0.0027033966139579,116.78673372298492,department
,2025-06-21 19:35:37.373418168,,CV,2025,2024,171 days 04:04:59.322169608,246484.98870282678,641.0029596498644,0.5633359559402046,Лето,3,6,0.0027033966139579,116.78673372298492,department
,2025-06-21 20:15:50.912706036,,CV,2025,2024,171 days 04:45:12.861457476,246525.21435762462,40.22565479783225,0.5641227380015735,Лето,3,6,0.0027033966139579,116.78673372298492,department
,2025-06-21 21:51:18.291798510,,CV,2025,2024,171 days 06:20:40.240549950,246620.6706758325,95.45631820787094,0.5649095200629426,Лето,3,6,0.0027033966139579,116.78673372298492,department
,2025-06-21 21:52:27.683034504,,CV,2025,2024,171 days 06:21:49.631785944,246621.8271964324,1.1565205999067985,0.5656963021243115,Лето,3,6,0.0027033966139579,116.78673372298492,department
,2025-06-22 00:06:15.406842306,,CV,2025,2024,171 days 08:35:37.355593746,246755.6225932291,133.7953967967187,0.5664830841856806,Лето,3,6,0.0027033966139579,116.78673372298492,department
,2025-06-22 00:48:47.092867758,,CV,2025,2024,171 days 09:18:09.041619198,246798.1506936533,42.52810042418423,0.5672698662470496,Лето,3,6,0.0027033966139579,116.78673372298492,department
,2025-06-22 04:45:35.056357410,,CV,2025,2024,171 days 13:14:57.005108850,247034.9500851475,236.7993914941908,0.5680566483084186,Лето,3,6,0.0027033966139579,116.78673372298492,department
,2025-06-22 11:43:45.664135158,,CV,2025,2024,171 days 20:13:07.612886598,247453.1268814433,418.1767962958256,0.5688434303697876,Лето,3,6,0.0027033966139579,116.78673372298492,department
,2025-06-23 00:31:29.753335896,,CV,2025,2024,172 days 09:00:51.702087336,248220.86170145558,767.7348200122651,0.5696302124311565,Лето,3,6,0.0027033966139579,116.78673372298492,department
,2025-06-23 09:03:08.199285900,,CV,2025,2024,172 days 17:32:30.148037340,248732.502467289,511.6407658334356,0.5704169944925256,Лето,3,6,0.0027033966139579,116.78673372298492,department
,2025-06-24 02:15:12.761752884,,CV,2025,2024,173 days 10:44:34.710504324,249764.5785084054,1032.0760411163792,0.5712037765538945,Лето,3,6,0.0027033966139579,116.78673372298492,department
,2025-06-24 02:35:42.441482088,,CV,2025,2024,173 days 11:05:04.390233528,249785.0731705588,20.494662153418176,0.5719905586152636,Лето,3,6,0.0027033966139579,116.78673372298492,department
,2025-06-24 02:40:14.424158790,,CV,2025,2024,173 days 11:09:36.372910230,249789.6062151705,4.533044611685909,0.5727773406766326,Лето,3,6,0.0027033966139579,116.78673372298492,department
,2025-06-24 09:20:45.372108030,,CV,2025,2024,173 days 17:50:07.320859470,250190.1220143245,400.5157991540036,0.5735641227380016,Лето,3,6,0.0027033966139579,116.78673372298492,department
,2025-06-24 11:27:06.471187908,,CV,2025,2024,173 days 19:56:28.419939348,250316.4736656558,126.3516513312934,0.5743509047993706,Лето,3,6,0.0027033966139579,116.78673372298492,department
,2025-06-24 13:15:15.219934301,,CV,2025,2024,173 days 21:44:37.168685741,250424.61947809567,108.14581243987777,0.5751376868607396,Лето,3,6,0.0027033966139579,116.78673372298492,department
,2025-06-24 15:43:52.944842664,,CV,2025,2024,174 days 00:13:14.893594104,250573.24822656842,148.62874847275089,0.5759244689221086,Лето,3,6,0.0027033966139579,116.78673372298492,department
,2025-06-24 17:40:11.530437174,,CV,2025,2024,174 days 02:09:33.479188614,250689.5579864769,116.30975990847219,0.5767112509834775,Лето,3,6,0.0027033966139579,116.78673372298492,department
,2025-06-24 22:05:08.989893198,,CV,2025,2024,174 days 06:34:30.938644638,250954.5156440773,264.95765760040376,0.5774980330448466,Лето,3,6,0.0027033966139579,116.78673372298492,department
,2025-06-25 01:39:43.540635648,,CV,2025,2024,174 days 10:09:05.489387088,251169.0914897848,214.57584570749896,0.5782848151062155,Лето,3,6,0.0027033966139579,116.78673372298492,department
,2025-06-25 06:05:26.116748142,,CV,2025,2024,174 days 14:34:48.065499582,251434.8010916597,265.7096018748998,0.5790715971675846,Лето,3,6,0.0027033966139579,116.78673372298492,department
,2025-06-25 12:58:35.369197518,,CV,2025,2024,174 days 21:27:57.317948958,251847.9552991493,413.1542074895988,0.5798583792289536,Лето,3,6,0.0027033966139579,116.78673372298492,department
,2025-06-25 15:59:41.771824314,,CV,2025,2024,175 days 00:29:03.720575754,252029.0620095959,181.10671044659102,0.5806451612903226,Лето,3,6,0.0027033966139579,116.78673372298492,department
,2025-06-25 17:46:45.405906492,,CV,2025,2024,175 days 02:16:07.354657932,252136.1225776322,107.06056803630781,0.5814319433516916,Лето,3,6,0.0027033966139579,116.78673372298492,department
,2025-06-25 18:53:59.494498758,,CV,2025,2024,175 days 03:23:21.443250198,252203.3573875033,67.2348098710936,0.5822187254130606,Лето,3,6,0.0027033966139579,116.78673372298492,department
,2025-06-25 21:33:02.471524806,,CV,2025,2024,175 days 06:02:24.420276246,252362.4070046041,159.04961710079806,0.5830055074744296,Лето,3,6,0.0027033966139579,116.78673372298492,department
,2025-06-26 05:53:54.574253034,,CV,2025,2024,175 days 14:23:16.523004474,252863.2753834079,500.86837880380335,0.5837922895357985,Лето,3,6,0.0027033966139579,116.78673372298492,department
,2025-06-26 14:36:45.780462366,,CV,2025,2024,175 days 23:06:07.729213806,253386.1288202301,522.8534368222172,0.5845790715971676,Лето,3,6,0.0027033966139579,116.78673372298492,department
,2025-06-26 21:23:24.613388538,,CV,2025,2024,176 days 05:52:46.562139978,253792.77603566632,406.6472154362127,0.5853658536585366,Лето,3,6,0.0027033966139579,116.78673372298492,department
,2025-06-26 23:02:01.833768114,,CV,2025,2024,176 days 07:31:23.782519554,253891.39637532592,98.62033965959563,0.5861526357199056,Лето,3,6,0.0027033966139579,116.78673372298492,department
,2025-06-27 04:30:06.876241692,,CV,2025,2024,176 days 12:59:28.824993132,254219.4804165522,328.0840412262769,0.5869394177812746,Лето,3,6,0.0027033966139579,116.78673372298492,department
,2025-06-27 09:42:53.827808352,,CV,2025,2024,176 days 18:12:15.776559792,254532.26294266322,312.7825261110265,0.5877261998426436,Лето,3,6,0.0027033966139579,116.78673372298492,department
,2025-06-27 13:47:50.107244538,,CV,2025,2024,176 days 22:17:12.055995978,254777.20093326631,244.9379906030954,0.5885129819040126,Лето,3,6,0.0027033966139579,116.78673372298492,department
,2025-06-27 18:43:11.391563550,,CV,2025,2024,177 days 03:12:33.340314990,255072.5556719165,295.3547386501741,0.5892997639653816,Лето,3,6,0.0027033966139579,116.78673372298492,department
,2025-06-27 22:53:33.866008716,,CV,2025,2024,177 days 07:22:55.814760156,255322.9302460026,250.37457408610499,0.5900865460267506,Лето,3,6,0.0027033966139579,116.78673372298492,department
,2025-06-28 04:01:51.904625268,,CV,2025,2024,177 days 12:31:13.853376708,255631.23088961182,308.3006436092255,0.5908733280881195,Лето,3,6,0.0027033966139579,116.78673372298492,department
,2025-07-01 07:44:59.190579840,,CV,2025,2024,180 days 16:14:21.139331280,260174.352322188,4543.121432576183,0.5916601101494886,Лето,3,7,0.0027033966139579,116.78673372298492,department
,2025-07-01 08:27:56.307318012,,CV,2025,2024,180 days 16:57:18.256069452,260217.3042678242,42.95194563618861,0.5924468922108576,Лето,3,7,0.0027033966139579,116.78673372298492,department
,2025-07-01 17:00:10.942745328,,CV,2025,2024,181 days 01:29:32.891496768,260729.5481916128,512.2439237885992,0.5932336742722266,Лето,3,7,0.0027033966139579,116.78673372298492,department
,2025-07-01 17:54:12.437110290,,CV,2025,2024,181 days 02:23:34.385861730,260783.5730976955,54.0249060827191,0.5940204563335956,Лето,3,7,0.0027033966139579,116.78673372298492,department
,2025-07-01 18:19:42.766216596,,CV,2025,2024,181 days 02:49:04.714968036,260809.0785828006,25.50548510509543,0.5948072383949646,Лето,3,7,0.0027033966139579,116.78673372298492,department
,2025-07-02 17:20:34.698771672,,CV,2025,2024,182 days 01:49:56.647523112,262189.9441253852,1380.8655425845936,0.5955940204563336,Лето,3,7,0.0027033966139579,116.78673372298492,department
,2025-07-03 12:44:26.045243244,,CV,2025,2024,182 days 21:13:47.993994684,263353.7998999114,1163.8557745261933,0.5963808025177026,Лето,3,7,0.0027033966139579,116.78673372298492,department
,2025-07-03 13:07:29.636258616,,CV,2025,2024,182 days 21:36:51.585010056,263376.8597501676,23.059850256191567,0.5971675845790716,Лето,3,7,0.0027033966139579,116.78673372298492,department
,2025-07-03 16:44:07.621486644,,CV,2025,2024,183 days 01:13:29.570238084,263593.4928373014,216.63308713381412,0.5979543666404405,Лето,3,7,0.0027033966139579,116.78673372298492,department
,2025-07-03 18:00:21.775294470,,CV,2025,2024,183 days 02:29:43.724045910,263669.7287340985,76.23589679709403,0.5987411487018096,Лето,3,7,0.0027033966139579,116.78673372298492,department
,2025-07-03 22:06:04.524525132,,CV,2025,2024,183 days 06:35:26.473276572,263915.4412212762,245.7124871776905,0.5995279307631786,Лето,3,7,0.0027033966139579,116.78673372298492,department
,2025-07-04 09:01:55.021212504,,CV,2025,2024,183 days 17:31:16.969963944,264571.28283273237,655.8416114561842,0.6003147128245476,Лето,3,7,0.0027033966139579,116.78673372298492,department
,2025-07-05 03:34:36.440298132,,CV,2025,2024,184 days 12:03:58.389049572,265683.97315082623,1112.690318093868,0.6011014948859166,Лето,3,7,0.0027033966139579,116.78673372298492,department
,2025-07-05 09:46:39.746217912,,CV,2025,2024,184 days 18:16:01.694969352,266056.0282494892,372.0550986629678,0.6018882769472856,Лето,3,7,0.0027033966139579,116.78673372298492,department
,2025-07-05 12:28:14.433803532,,CV,2025,2024,184 days 20:57:36.382554972,266217.6063759162,161.57812642701901,0.6026750590086546,Лето,3,7,0.0027033966139579,116.78673372298492,department
,2025-07-05 18:10:16.159573710,,CV,2025,2024,185 days 02:39:38.108325150,266559.6351387525,342.0287628363003,0.6034618410700237,Лето,3,7,0.0027033966139579,116.78673372298492,department
,2025-07-05 20:28:36.125717040,,CV,2025,2024,185 days 04:57:58.074468480,266697.967907808,138.33276905550156,0.6042486231313926,Лето,3,7,0.0027033966139579,116.78673372298492,department
,2025-07-06 11:18:35.348768340,,CV,2025,2024,185 days 19:47:57.297519780,267587.95495866303,889.9870508550084,0.6050354051927616,Лето,3,7,0.0027033966139579,116.78673372298492,department
,2025-07-06 23:54:25.100067162,,CV,2025,2024,186 days 08:23:47.048818602,268343.7841469767,755.8291883136844,0.6058221872541306,Лето,3,7,0.0027033966139579,116.78673372298492,department
,2025-07-07 04:56:37.175518266,,CV,2025,2024,186 days 13:25:59.124269706,268645.9854044951,302.2012575183762,0.6066089693154996,Лето,3,7,0.0027033966139579,116.78673372298492,department
,2025-07-07 07:21:53.870522748,,CV,2025,2024,186 days 15:51:15.819274188,268791.2636545698,145.27825007471256,0.6073957513768686,Лето,3,7,0.0027033966139579,116.78673372298492,department
,2025-07-07 09:30:21.417339258,,CV,2025,2024,186 days 17:59:43.366090698,268919.7227681783,128.45911360852187,0.6081825334382376,Лето,3,7,0.0027033966139579,116.78673372298492,department
,2025-07-07 09:42:55.782482688,,CV,2025,2024,186 days 18:12:17.731234128,268932.2955205688,12.572752390464302,0.6089693154996066,Лето,3,7,0.0027033966139579,116.78673372298492,department
,2025-07-07 20:08:45.130970772,,CV,2025,2024,187 days 04:38:07.079722212,269558.11799537024,625.8224748014472,0.6097560975609756,Лето,3,7,0.0027033966139579,116.78673372298492,department
,2025-07-07 23:50:09.175009794,,CV,2025,2024,187 days 08:19:31.123761234,269779.5187293539,221.40073398366803,0.6105428796223447,Лето,3,7,0.0027033966139579,116.78673372298492,department
,2025-07-08 02:15:36.851957442,,CV,2025,2024,187 days 10:44:58.800708882,269924.9800118147,145.4612824607757,0.6113296616837136,Лето,3,7,0.0027033966139579,116.78673372298492,department
,2025-07-08 06:11:14.077908954,,CV,2025,2024,187 days 14:40:36.026660394,270160.6004443399,235.6204325252329,0.6121164437450826,Лето,3,7,0.0027033966139579,116.78673372298492,department
,2025-07-08 16:42:57.766603338,,CV,2025,2024,188 days 01:12:19.715354778,270792.3285892463,631.728144906403,0.6129032258064516,Лето,3,7,0.0027033966139579,116.78673372298492,department
,2025-07-08 17:32:11.619181914,,CV,2025,2024,188 days 02:01:33.567933354,270841.5594655559,49.23087630956434,0.6136900078678206,Лето,3,7,0.0027033966139579,116.78673372298492,department
,2025-07-09 05:33:19.599687066,,CV,2025,2024,188 days 14:02:41.548438506,271562.6924739751,721.133008419245,0.6144767899291896,Лето,3,7,0.0027033966139579,116.78673372298492,department
,2025-07-09 19:35:57.745729044,,CV,2025,2024,189 days 04:05:19.694480484,272405.3282413414,842.6357673662715,0.6152635719905586,Лето,3,7,0.0027033966139579,116.78673372298492,department
,2025-07-10 13:40:30.716007923,,CV,2025,2024,189 days 22:09:52.664759363,273489.8777459894,1084.549504648021,0.6160503540519277,Лето,3,7,0.0027033966139579,116.78673372298492,department
,2025-07-10 16:47:55.407555090,,CV,2025,2024,190 days 01:17:17.356306530,273677.2892717755,187.41152578609763,0.6168371361132966,Лето,3,7,0.0027033966139579,116.78673372298492,department
,2025-07-10 18:18:28.615097958,,CV,2025,2024,190 days 02:47:50.563849398,273767.8427308233,90.55345904780552,0.6176239181746657,Лето,3,7,0.0027033966139579,116.78673372298492,department
,2025-07-10 21:11:31.804103820,,CV,2025,2024,190 days 05:40:53.752855260,273940.895880921,173.0531500976649,0.6184107002360346,Лето,3,7,0.0027033966139579,116.78673372298492,department
,2025-07-10 23:41:16.799865858,,CV,2025,2024,190 days 08:10:38.748617298,274090.6458102883,149.7499293673318,0.6191974822974036,Лето,3,7,0.0027033966139579,116.78673372298492,department
,2025-07-11 00:52:57.424181298,,CV,2025,2024,190 days 09:22:19.372932738,274162.3228822123,71.67707192397211,0.6199842643587726,Лето,3,7,0.0027033966139579,116.78673372298492,department
,2025-07-11 06:38:40.761118608,,CV,2025,2024,190 days 15:08:02.709870048,274508.04516450077,345.7222822884796,0.6207710464201416,Лето,3,7,0.0027033966139579,116.78673372298492,department
,2025-07-11 10:38:10.582712052,,CV,2025,2024,190 days 19:07:32.531463492,274747.5421910582,239.49702655745205,0.6215578284815106,Лето,3,7,0.0027033966139579,116.78673372298492,department
,2025-07-11 23:00:49.783991844,,CV,2025,2024,191 days 07:30:11.732743284,275490.1955457214,742.653354663169,0.6223446105428796,Лето,3,7,0.0027033966139579,116.78673372298492,department
,2025-07-11 23:12:54.126123270,,CV,2025,2024,191 days 07:42:16.074874710,275502.2679145785,12.072368857101537,0.6231313926042487,Лето,3,7,0.0027033966139579,116.78673372298492,department
,2025-07-12 05:34:48.713385510,,CV,2025,2024,191 days 14:04:10.662136950,275884.1777022825,381.909787704004,0.6239181746656176,Лето,3,7,0.0027033966139579,116.78673372298492,department
,2025-07-12 14:27:16.954746594,,CV,2025,2024,191 days 22:56:38.903498034,276416.64839163393,532.4706893514376,0.6247049567269867,Лето,3,7,0.0027033966139579,116.78673372298492,department
,2025-07-12 23:14:23.376225432,,CV,2025,2024,192 days 07:43:45.324976872,276943.75541628123,527.1070246472955,0.6254917387883556,Лето,3,7,0.0027033966139579,116.78673372298492,department
,2025-07-13 12:37:53.968725120,,CV,2025,2024,192 days 21:07:15.917476560,277747.26529127604,803.5098749948083,0.6262785208497246,Лето,3,7,0.0027033966139579,116.78673372298492,department
,2025-07-13 20:40:54.421790700,,CV,2025,2024,193 days 05:10:16.370542140,278230.272842369,483.0075510929455,0.6270653029110936,Лето,3,7,0.0027033966139579,116.78673372298492,department
,2025-07-14 12:53:11.136142374,,CV,2025,2024,193 days 21:22:33.084893814,279202.5514148969,972.2785725279246,0.6278520849724626,Лето,3,7,0.0027033966139579,116.78673372298492,department
,2025-07-14 15:22:47.633056308,,CV,2025,2024,193 days 23:52:09.581807748,279352.1596967958,149.60828189889435,0.6286388670338316,Лето,3,7,0.0027033966139579,116.78673372298492,department
,2025-07-14 19:41:34.471399098,,CV,2025,2024,194 days 04:10:56.420150538,279610.9403358423,258.7806390465121,0.6294256490952006,Лето,3,7,0.0027033966139579,116.78673372298492,department
,2025-07-14 19:46:49.180427916,,CV,2025,2024,194 days 04:16:11.129179356,279616.1854863226,5.245150480302982,0.6302124311565697,Лето,3,7,0.0027033966139579,116.78673372298492,department
,2025-07-14 19:49:24.138915354,,CV,2025,2024,194 days 04:18:46.087666794,279618.7681277799,2.5826414572657086,0.6309992132179386,Лето,3,7,0.0027033966139579,116.78673372298492,department
,2025-07-14 21:30:58.771068582,,CV,2025,2024,194 days 06:00:20.719820022,279720.3453303337,101.57720255380264,0.6317859952793077,Лето,3,7,0.0027033966139579,116.78673372298492,department
,2025-07-14 22:10:17.088821783,,CV,2025,2024,194 days 06:39:39.037573223,279759.65062622045,39.305295886762906,0.6325727773406766,Лето,3,7,0.0027033966139579,116.78673372298492,department
,2025-07-15 00:01:46.246403190,,CV,2025,2024,194 days 08:31:08.195154630,279871.1365859105,111.48595969006419,0.6333595594020456,Лето,3,7,0.0027033966139579,116.78673372298492,department
,2025-07-15 01:13:50.843491788,,CV,2025,2024,194 days 09:43:12.792243228,279943.2132040538,72.07661814329913,0.6341463414634146,Лето,3,7,0.0027033966139579,116.78673372298492,department
,2025-07-15 01:24:33.027236118,,CV,2025,2024,194 days 09:53:54.975987558,279953.9162664593,10.703062405460514,0.6349331235247836,Лето,3,7,0.0027033966139579,116.78673372298492,department
,2025-07-15 16:12:24.758645244,,CV,2025,2024,195 days 00:41:46.707396684,280841.7784566114,887.862190152111,0.6357199055861527,Лето,3,7,0.0027033966139579,116.78673372298492,department
,2025-07-15 16:15:28.019831358,,CV,2025,2024,195 days 00:44:49.968582798,280844.8328097133,3.0543531019357033,0.6365066876475216,Лето,3,7,0.0027033966139579,116.78673372298492,department
,2025-07-16 00:28:13.434765330,,CV,2025,2024,195 days 08:57:35.383516770,281337.5897252795,492.7569155661622,0.6372934697088907,Лето,3,7,0.0027033966139579,116.78673372298492,department
,2025-07-16 01:29:16.583246736,,CV,2025,2024,195 days 09:58:38.531998176,281398.6421999696,61.05247469013557,0.6380802517702596,Лето,3,7,0.0027033966139579,116.78673372298492,department
,2025-07-16 16:29:16.012034436,,CV,2025,2024,196 days 00:58:37.960785876,282298.6326797646,899.9904797949712,0.6388670338316287,Лето,3,7,0.0027033966139579,116.78673372298492,department
,2025-07-17 06:15:16.357177434,,CV,2025,2024,196 days 14:44:38.305928874,283124.6384321479,826.0057523833239,0.6396538158929976,Лето,3,7,0.0027033966139579,116.78673372298492,department
,2025-07-17 12:47:45.195741114,,CV,2025,2024,196 days 21:17:07.144492554,283517.1190748759,392.48064272798365,0.6404405979543666,Лето,3,7,0.0027033966139579,116.78673372298492,department
,2025-07-17 19:40:21.958203042,,CV,2025,2024,197 days 04:09:43.906954482,283929.73178257473,412.61270769883413,0.6412273800157356,Лето,3,7,0.0027033966139579,116.78673372298492,department
,2025-07-17 19:42:20.774201358,,CV,2025,2024,197 days 04:11:42.722952798,283931.7120492133,1.9802666385658085,0.6420141620771046,Лето,3,7,0.0027033966139579,116.78673372298492,department
,2025-07-18 21:32:41.071231752,,CV,2025,2024,198 days 06:02:03.019983192,285482.05033305316,1550.3382838398684,0.6428009441384737,Лето,3,7,0.0027033966139579,116.78673372298492,department
,2025-07-19 10:30:21.551503746,,CV,2025,2024,198 days 18:59:43.500255186,286259.7250042531,777.6746711999294,0.6435877261998426,Лето,3,7,0.0027033966139579,116.78673372298492,department
,2025-07-20 00:24:25.420824804,,CV,2025,2024,199 days 08:53:47.369576244,287093.78949293745,834.0644886843511,0.6443745082612117,Лето,3,7,0.0027033966139579,116.78673372298492,department
,2025-07-20 07:02:39.587981256,,CV,2025,2024,199 days 15:32:01.536732696,287492.0256122116,398.2361192741664,0.6451612903225806,Лето,3,7,0.0027033966139579,116.78673372298492,department
,2025-07-20 09:39:03.223241400,,CV,2025,2024,199 days 18:08:25.171992840,287648.41953321395,156.39392100233817,0.6459480723839497,Лето,3,7,0.0027033966139579,116.78673372298492,department
,2025-07-20 23:28:00.809432610,,CV,2025,2024,200 days 07:57:22.758184050,288477.3793030675,828.9597698535654,0.6467348544453186,Лето,3,7,0.0027033966139579,116.78673372298492,department
,2025-07-21 01:35:29.611934664,,CV,2025,2024,200 days 10:04:51.560686104,288604.8593447684,127.48004170088097,0.6475216365066876,Лето,3,7,0.0027033966139579,116.78673372298492,department
,2025-07-21 06:41:27.899730618,,CV,2025,2024,200 days 15:10:49.848482058,288910.8308080343,305.971463265887,0.6483084185680567,Лето,3,7,0.0027033966139579,116.78673372298492,department
,2025-07-21 07:20:19.669479054,,CV,2025,2024,200 days 15:49:41.618230494,288949.6936371749,38.862829140620306,0.6490952006294256,Лето,3,7,0.0027033966139579,116.78673372298492,department
,2025-07-21 23:03:45.742514796,,CV,2025,2024,201 days 07:33:07.691266236,289893.1281877706,943.4345505957026,0.6498819826907947,Лето,3,7,0.0027033966139579,116.78673372298492,department
,2025-07-21 23:59:53.043597192,,CV,2025,2024,201 days 08:29:14.992348632,289949.2498724772,56.12168470659526,0.6506687647521636,Лето,3,7,0.0027033966139579,116.78673372298492,department
,2025-07-22 01:34:07.244019312,,CV,2025,2024,201 days 10:03:29.192770752,290043.4865461792,94.2366737020202,0.6514555468135327,Лето,3,7,0.0027033966139579,116.78673372298492,department
,2025-07-22 06:36:14.417012076,,CV,2025,2024,201 days 15:05:36.365763516,290345.60609605856,302.1195498793386,0.6522423288749016,Лето,3,7,0.0027033966139579,116.78673372298492,department
,2025-07-22 15:30:30.037993409,,CV,2025,2024,201 days 23:59:51.986744849,290879.86644574744,534.2603496888769,0.6530291109362707,Лето,3,7,0.0027033966139579,116.78673372298492,department
,2025-07-22 21:27:47.034408696,,CV,2025,2024,202 days 05:57:08.983160136,291237.14971933555,357.2832735881093,0.6538158929976396,Лето,3,7,0.0027033966139579,116.78673372298492,department
,2025-07-22 23:05:29.435625732,,CV,2025,2024,202 days 07:34:51.384377172,291334.8564062862,97.70668695063796,0.6546026750590087,Лето,3,7,0.0027033966139579,116.78673372298492,department
,2025-07-22 23:05:50.375671308,,CV,2025,2024,202 days 07:35:12.324422748,291335.2054070458,0.34900075959740207,0.6553894571203777,Лето,3,7,0.0027033966139579,116.78673372298492,department
,2025-07-23 07:49:22.274890032,,CV,2025,2024,202 days 16:18:44.223641472,291858.73706069123,523.5316536454484,0.6561762391817466,Лето,3,7,0.0027033966139579,116.78673372298492,department
,2025-07-24 09:48:00.699667206,,CV,2025,2024,203 days 18:17:22.648418646,293417.3774736441,1558.6404129528673,0.6569630212431157,Лето,3,7,0.0027033966139579,116.78673372298492,department
,2025-07-24 20:02:09.322792974,,CV,2025,2024,204 days 04:31:31.271544414,294031.52119240694,614.1437187628471,0.6577498033044846,Лето,3,7,0.0027033966139579,116.78673372298492,department
,2025-07-24 23:50:13.637606640,,CV,2025,2024,204 days 08:19:35.586358080,294259.59310596803,228.07191356108524,0.6585365853658537,Лето,3,7,0.0027033966139579,116.78673372298492,department
,2025-07-25 14:16:10.179588432,,CV,2025,2024,204 days 22:45:32.128339872,295125.5354723312,865.9423663631896,0.6593233674272226,Лето,3,7,0.0027033966139579,116.78673372298492,department
,2025-07-25 17:31:14.890429464,,CV,2025,2024,205 days 02:00:36.839180904,295320.61398634844,195.07851401722291,0.6601101494885917,Лето,3,7,0.0027033966139579,116.78673372298492,department
,2025-07-25 22:06:34.147220388,,CV,2025,2024,205 days 06:35:56.095971828,295595.93493286375,275.32094651530497,0.6608969315499607,Лето,3,7,0.0027033966139579,116.78673372298492,department
,2025-07-26 02:06:25.419967536,,CV,2025,2024,205 days 10:35:47.368718976,295835.78947864956,239.85454578581266,0.6616837136113297,Лето,3,7,0.0027033966139579,116.78673372298492,department
,2025-07-26 05:45:58.316720814,,CV,2025,2024,205 days 14:15:20.265472254,296055.3377578709,219.54827922134427,0.6624704956726987,Лето,3,7,0.0027033966139579,116.78673372298492,department
,2025-07-26 14:58:03.380773344,,CV,2025,2024,205 days 23:27:25.329524784,296607.4221587464,552.0844008754939,0.6632572777340676,Лето,3,7,0.0027033966139579,116.78673372298492,department
,2025-07-26 19:34:48.523454904,,CV,2025,2024,206 days 04:04:10.472206344,296884.17453677236,276.7523780259653,0.6640440597954367,Лето,3,7,0.0027033966139579,116.78673372298492,department
,2025-07-26 21:55:41.141913936,,CV,2025,2024,206 days 06:25:03.090665376,297025.0515110896,140.87697431724519,0.6648308418568056,Лето,3,7,0.0027033966139579,116.78673372298492,department
,2025-07-26 23:46:08.787024300,,CV,2025,2024,206 days 08:15:30.735775740,297135.512262929,110.46075183938956,0.6656176239181747,Лето,3,7,0.0027033966139579,116.78673372298492,department
,2025-07-27 00:00:22.783770456,,CV,2025,2024,206 days 08:29:44.732521896,297149.7455420316,14.233279102598317,0.6664044059795436,Лето,3,7,0.0027033966139579,116.78673372298492,department
,2025-07-27 05:24:05.842369974,,CV,2025,2024,206 days 13:53:27.791121414,297473.46318535693,323.7176433253335,0.6671911880409127,Лето,3,7,0.0027033966139579,116.78673372298492,department
,2025-07-27 07:00:45.538666968,,CV,2025,2024,206 days 15:30:07.487418408,297570.12479030684,96.66160494991345,0.6679779701022817,Лето,3,7,0.0027033966139579,116.78673372298492,department
,2025-07-27 08:00:03.861167154,,CV,2025,2024,206 days 16:29:25.809918594,297629.43016530987,59.30537500302307,0.6687647521636507,Лето,3,7,0.0027033966139579,116.78673372298492,department
,2025-07-27 14:32:28.135473132,,CV,2025,2024,206 days 23:01:50.084224572,298021.8347370762,392.4045717663248,0.6695515342250197,Лето,3,7,0.0027033966139579,116.78673372298492,department
,2025-07-27 21:35:21.113293164,,CV,2025,2024,207 days 06:04:43.062044604,298444.7177007434,422.88296366721625,0.6703383162863886,Лето,3,7,0.0027033966139579,116.78673372298492,department
,2025-07-28 06:11:21.083124282,,CV,2025,2024,207 days 14:40:43.031875722,298960.7171979287,515.9994971852866,0.6711250983477577,Лето,3,7,0.0027033966139579,116.78673372298492,department
,2025-07-28 10:30:24.344827512,,CV,2025,2024,207 days 18:59:46.293578952,299219.7715596492,259.0543617205112,0.6719118804091266,Лето,3,7,0.0027033966139579,116.78673372298492,department
,2025-07-29 00:20:46.811485452,,CV,2025,2024,208 days 08:50:08.760236892,300050.14600394823,830.3744442990283,0.6726986624704957,Лето,3,7,0.0027033966139579,116.78673372298492,department
,2025-07-29 17:19:35.291756484,,CV,2025,2024,209 days 01:48:57.240507924,301068.9540084654,1018.8080045171664,0.6734854445318647,Лето,3,7,0.0027033966139579,116.78673372298492,department
,2025-07-30 03:28:49.060421298,,CV,2025,2024,209 days 11:58:11.009172738,301678.1834862123,609.2294777468778,0.6742722265932337,Лето,3,7,0.0027033966139579,116.78673372298492,department
,2025-07-30 09:42:13.880083254,,CV,2025,2024,209 days 18:11:35.828834694,302051.59714724496,373.4136610326823,0.6750590086546027,Лето,3,7,0.0027033966139579,116.78673372298492,department
,2025-07-30 11:56:08.323162325,,CV,2025,2024,209 days 20:25:30.271913765,302185.50453189603,133.9073846510728,0.6758457907159717,Лето,3,7,0.0027033966139579,116.78673372298492,department
,2025-07-31 13:02:08.144870946,,CV,2025,2024,210 days 21:31:30.093622386,303691.50156037306,1505.9970284770243,0.6766325727773407,Лето,3,7,0.0027033966139579,116.78673372298492,department
,2025-07-31 15:00:39.040213716,,CV,2025,2024,210 days 23:30:00.988965156,303810.01648275263,118.51492237957427,0.6774193548387096,Лето,3,7,0.0027033966139579,116.78673372298492,department
,2025-07-31 16:24:25.388842722,,CV,2025,2024,211 days 00:53:47.337594162,303893.78895990265,83.77247715002159,0.6782061369000787,Лето,3,7,0.0027033966139579,116.78673372298492,department
,2025-07-31 20:00:19.593371562,,CV,2025,2024,211 days 04:29:41.542123002,304109.6923687167,215.903408814047,0.6789929189614476,Лето,3,7,0.0027033966139579,116.78673372298492,department
,2025-07-31 20:21:58.402675770,,CV,2025,2024,211 days 04:51:20.351427210,304131.33919045347,21.64682173676556,0.6797797010228167,Лето,3,7,0.0027033966139579,116.78673372298492,department
,2025-08-01 04:14:12.193183488,,CV,2025,2024,211 days 12:43:34.141934928,304603.5690322488,472.2298417953425,0.6805664830841857,Лето,3,8,0.0027033966139579,116.78673372298492,department
,2025-08-01 04:26:15.479079239,,CV,2025,2024,211 days 12:55:37.427830679,304615.62379717804,12.054764929227531,0.6813532651455547,Лето,3,8,0.0027033966139579,116.78673372298492,department
,2025-08-01 10:16:45.746276436,,CV,2025,2024,211 days 18:46:07.695027876,304966.1282504646,350.5044532865868,0.6821400472069237,Лето,3,8,0.0027033966139579,116.78673372298492,department
,2025-08-01 18:02:37.104903282,,CV,2025,2024,212 days 02:31:59.053654722,305431.9842275787,465.85597711405717,0.6829268292682927,Лето,3,8,0.0027033966139579,116.78673372298492,department
,2025-08-01 21:22:02.890937994,,CV,2025,2024,212 days 05:51:24.839689434,305631.4139948239,199.42976724519394,0.6837136113296617,Лето,3,8,0.0027033966139579,116.78673372298492,department
,2025-08-02 06:05:48.045086346,,CV,2025,2024,212 days 14:35:09.993837786,306155.1665639631,523.7525691392366,0.6845003933910306,Лето,3,8,0.0027033966139579,116.78673372298492,department
,2025-08-02 07:41:02.587524630,,CV,2025,2024,212 days 16:10:24.536276070,306250.40893793455,95.24237397144316,0.6852871754523997,Лето,3,8,0.0027033966139579,116.78673372298492,department
,2025-08-02 09:13:33.368065014,,CV,2025,2024,212 days 17:42:55.316816454,306342.92194694094,92.51300900639035,0.6860739575137687,Лето,3,8,0.0027033966139579,116.78673372298492,department
,2025-08-02 10:18:40.490698992,,CV,2025,2024,212 days 18:48:02.439450432,306408.0406575072,65.11871056625387,0.6868607395751377,Лето,3,8,0.0027033966139579,116.78673372298492,department
,2025-08-02 13:10:45.430055550,,CV,2025,2024,212 days 21:40:07.378806990,306580.1229801166,172.08232260937802,0.6876475216365067,Лето,3,8,0.0027033966139579,116.78673372298492,department
,2025-08-03 00:45:12.923763228,,CV,2025,2024,213 days 09:14:34.872514668,307274.5812085778,694.4582284612115,0.6884343036978757,Лето,3,8,0.0027033966139579,116.78673372298492,department
,2025-08-03 11:36:09.338730090,,CV,2025,2024,213 days 20:05:31.287481530,307925.52145802544,650.9402494476526,0.6892210857592447,Лето,3,8,0.0027033966139579,116.78673372298492,department
,2025-08-03 14:34:40.339380288,,CV,2025,2024,213 days 23:04:02.288131728,308104.0381355288,178.51667750335764,0.6900078678206137,Лето,3,8,0.0027033966139579,116.78673372298492,department
,2025-08-03 20:03:41.083234758,,CV,2025,2024,214 days 04:33:03.031986198,308433.05053310335,329.01239757455187,0.6907946498819827,Лето,3,8,0.0027033966139579,116.78673372298492,department
,2025-08-04 03:55:38.467594356,,CV,2025,2024,214 days 12:25:00.416345796,308905.0069390966,471.95640599326,0.6915814319433516,Лето,3,8,0.0027033966139579,116.78673372298492,department
,2025-08-04 05:37:44.671221690,,CV,2025,2024,214 days 14:07:06.619973130,309007.11033288547,102.10339378885692,0.6923682140047207,Лето,3,8,0.0027033966139579,116.78673372298492,department
,2025-08-04 06:45:50.474081304,,CV,2025,2024,214 days 15:15:12.422832744,309075.20704721235,68.09671432687901,0.6931549960660897,Лето,3,8,0.0027033966139579,116.78673372298492,department
,2025-08-05 04:49:43.546598862,,CV,2025,2024,215 days 13:19:05.495350302,310399.09158917173,1323.8845419593854,0.6939417781274587,Лето,3,8,0.0027033966139579,116.78673372298492,department
,2025-08-05 10:45:16.187257722,,CV,2025,2024,215 days 19:14:38.136009162,310754.63560015266,355.54401098092785,0.6947285601888277,Лето,3,8,0.0027033966139579,116.78673372298492,department
,2025-08-06 11:19:30.229738806,,CV,2025,2024,216 days 19:48:52.178490246,312228.86964150413,1474.2340413514758,0.6955153422501967,Лето,3,8,0.0027033966139579,116.78673372298492,department
,2025-08-06 13:51:56.971789200,,CV,2025,2024,216 days 22:21:18.920540640,312381.315342344,152.44570083986036,0.6963021243115657,Лето,3,8,0.0027033966139579,116.78673372298492,department
,2025-08-06 21:21:03.736615206,,CV,2025,2024,217 days 05:50:25.685366646,312830.4280894442,449.1127471001819,0.6970889063729347,Лето,3,8,0.0027033966139579,116.78673372298492,department
,2025-08-06 22:54:12.371381556,,CV,2025,2024,217 days 07:23:34.320132996,312923.5720022166,93.1439127724152,0.6978756884343037,Лето,3,8,0.0027033966139579,116.78673372298492,department
,2025-08-07 00:46:11.213764974,,CV,2025,2024,217 days 09:15:33.162516414,313035.55270860693,111.98070639034268,0.6986624704956726,Лето,3,8,0.0027033966139579,116.78673372298492,department
,2025-08-07 05:11:29.839652916,,CV,2025,2024,217 days 13:40:51.788404356,313300.8631400726,265.3104314656812,0.6994492525570417,Лето,3,8,0.0027033966139579,116.78673372298492,department
,2025-08-07 07:33:56.888716650,,CV,2025,2024,217 days 16:03:18.837468090,313443.31395780144,142.45081772882259,0.7002360346184107,Лето,3,8,0.0027033966139579,116.78673372298492,department
,2025-08-07 08:41:48.834863376,,CV,2025,2024,217 days 17:11:10.783614816,313511.1797269136,67.86576911213342,0.7010228166797797,Лето,3,8,0.0027033966139579,116.78673372298492,department
,2025-08-07 10:34:38.219612046,,CV,2025,2024,217 days 19:04:00.168363486,313624.00280605815,112.82307914458215,0.7018095987411487,Лето,3,8,0.0027033966139579,116.78673372298492,department
,2025-08-07 10:48:06.159149598,,CV,2025,2024,217 days 19:17:28.107901038,313637.46846501733,13.465658959175926,0.7025963808025177,Лето,3,8,0.0027033966139579,116.78673372298492,department
,2025-08-07 18:18:57.195547674,,CV,2025,2024,218 days 02:48:19.144299114,314088.31907165184,450.8506066345144,0.7033831628638867,Лето,3,8,0.0027033966139579,116.78673372298492,department
,2025-08-07 22:29:33.912562332,,CV,2025,2024,218 days 06:58:55.861313772,314338.9310218962,250.6119502443471,0.7041699449252558,Лето,3,8,0.0027033966139579,116.78673372298492,department
,2025-08-07 23:06:10.799847852,,CV,2025,2024,218 days 07:35:32.748599292,314375.54580998817,36.61478809197433,0.7049567269866247,Лето,3,8,0.0027033966139579,116.78673372298492,department
,2025-08-08 00:15:51.598589334,,CV,2025,2024,218 days 08:45:13.547340774,314445.22578901297,69.6799790248042,0.7057435090479937,Лето,3,8,0.0027033966139579,116.78673372298492,department
,2025-08-08 00:55:52.592391984,,CV,2025,2024,218 days 09:25:14.541143424,314485.2423523904,40.01656337745953,0.7065302911093627,Лето,3,8,0.0027033966139579,116.78673372298492,department
,2025-08-08 06:46:38.981794266,,CV,2025,2024,218 days 15:16:00.930545706,314836.01550909504,350.77315670461394,0.7073170731707317,Лето,3,8,0.0027033966139579,116.78673372298492,department
,2025-08-08 07:23:15.067758258,,CV,2025,2024,218 days 15:52:37.016509698,314872.6169418283,36.60143273323774,0.7081038552321007,Лето,3,8,0.0027033966139579,116.78673372298492,department
,2025-08-08 16:02:26.370312414,,CV,2025,2024,219 days 00:31:48.319063854,315391.80531773093,519.1883759026532,0.7088906372934697,Лето,3,8,0.0027033966139579,116.78673372298492,department
,2025-08-08 16:10:06.329226414,,CV,2025,2024,219 days 00:39:28.277977854,315399.47129963094,7.665981900005136,0.7096774193548387,Лето,3,8,0.0027033966139579,116.78673372298492,department
,2025-08-08 17:56:12.767679144,,CV,2025,2024,219 days 02:25:34.716430584,315505.57860717643,106.1073075454915,0.7104642014162077,Лето,3,8,0.0027033966139579,116.78673372298492,department
,2025-08-09 07:34:56.615039514,,CV,2025,2024,219 days 16:04:18.563790954,316324.30939651583,818.7307893394027,0.7112509834775768,Лето,3,8,0.0027033966139579,116.78673372298492,department
,2025-08-09 15:23:53.087922780,,CV,2025,2024,219 days 23:53:15.036674220,316793.250611237,468.9412147211842,0.7120377655389457,Лето,3,8,0.0027033966139579,116.78673372298492,department
,2025-08-09 15:51:54.695855442,,CV,2025,2024,220 days 00:21:16.644606882,316821.2774101147,28.026798877690453,0.7128245476003147,Лето,3,8,0.0027033966139579,116.78673372298492,department
,2025-08-10 02:28:32.736206430,,CV,2025,2024,220 days 10:57:54.684957870,317457.91141596454,636.6340058498317,0.7136113296616837,Лето,3,8,0.0027033966139579,116.78673372298492,department
,2025-08-10 06:39:49.626090906,,CV,2025,2024,220 days 15:09:11.574842346,317709.1929140391,251.28149807453156,0.7143981117230527,Лето,3,8,0.0027033966139579,116.78673372298492,department
,2025-08-10 18:13:43.921911468,,CV,2025,2024,221 days 02:43:05.870662908,318403.0978443818,693.9049303427455,0.7151848937844217,Лето,3,8,0.0027033966139579,116.78673372298492,department
,2025-08-10 23:53:21.439784610,,CV,2025,2024,221 days 08:22:43.388536050,318742.72314226744,339.62529788562097,0.7159716758457907,Лето,3,8,0.0027033966139579,116.78673372298492,department
,2025-08-11 06:56:57.887484132,,CV,2025,2024,221 days 15:26:19.836235572,319166.3306039262,423.6074616587721,0.7167584579071598,Лето,3,8,0.0027033966139579,116.78673372298492,department
,2025-08-12 13:59:52.678480962,,CV,2025,2024,222 days 22:29:14.627232402,321029.24378720665,1862.9131832804414,0.7175452399685287,Лето,3,8,0.0027033966139579,116.78673372298492,department
,2025-08-12 15:37:40.908440934,,CV,2025,2024,223 days 00:07:02.857192374,321127.0476198729,97.80383266624995,0.7183320220298978,Лето,3,8,0.0027033966139579,116.78673372298492,department
,2025-08-12 21:39:27.410395758,,CV,2025,2024,223 days 06:08:49.359147198,321488.8226524533,361.7750325804227,0.7191188040912667,Лето,3,8,0.0027033966139579,116.78673372298492,department
,2025-08-13 01:27:36.444706026,,CV,2025,2024,223 days 09:56:58.393457466,321716.97322429105,228.15057183773024,0.7199055861526357,Лето,3,8,0.0027033966139579,116.78673372298492,department
,2025-08-13 01:42:29.793647094,,CV,2025,2024,223 days 10:11:51.742398534,321731.862373309,14.889149017923046,0.7206923682140047,Лето,3,8,0.0027033966139579,116.78673372298492,department
,2025-08-13 01:47:53.305830966,,CV,2025,2024,223 days 10:17:15.254582406,321737.25424304017,5.391869731189217,0.7214791502753737,Лето,3,8,0.0027033966139579,116.78673372298492,department
,2025-08-13 02:34:51.030882666,,CV,2025,2024,223 days 11:04:12.979634106,321784.21632723504,46.962084194878116,0.7222659323367427,Лето,3,8,0.0027033966139579,116.78673372298492,department
,2025-08-13 09:02:13.579608102,,CV,2025,2024,223 days 17:31:35.528359542,322171.59213932574,387.3758120907005,0.7230527143981117,Лето,3,8,0.0027033966139579,116.78673372298492,department
,2025-08-13 14:11:58.960622262,,CV,2025,2024,223 days 22:41:20.909373702,322481.34848956176,309.75635023601353,0.7238394964594808,Лето,3,8,0.0027033966139579,116.78673372298492,department
,2025-08-13 19:10:11.077432512,,CV,2025,2024,224 days 03:39:33.026183952,322779.5504363992,298.2019468374201,0.7246262785208497,Лето,3,8,0.0027033966139579,116.78673372298492,department
,2025-08-13 19:22:09.623055240,,CV,2025,2024,224 days 03:51:31.571806680,322791.526196778,11.97576037881663,0.7254130605822188,Лето,3,8,0.0027033966139579,116.78673372298492,department
,2025-08-13 23:16:31.134383886,,CV,2025,2024,224 days 07:45:53.083135326,323025.88471892214,234.35852214414626,0.7261998426435877,Лето,3,8,0.0027033966139579,116.78673372298492,department
,2025-08-14 15:12:48.967743438,,CV,2025,2024,224 days 23:42:10.916494878,323982.1819415813,956.2972226591664,0.7269866247049567,Лето,3,8,0.0027033966139579,116.78673372298492,department
,2025-08-14 18:20:17.486058744,,CV,2025,2024,225 days 02:49:39.434810184,324169.6572468364,187.475305255095,0.7277734067663257,Лето,3,8,0.0027033966139579,116.78673372298492,department
,2025-08-15 00:23:01.718256576,,CV,2025,2024,225 days 08:52:23.667008016,324532.3944501336,362.73720329720527,0.7285601888276947,Лето,3,8,0.0027033966139579,116.78673372298492,department
,2025-08-15 09:42:48.440883312,,CV,2025,2024,225 days 18:12:10.389634752,325092.1731605792,559.7787104455638,0.7293469708890638,Лето,3,8,0.0027033966139579,116.78673372298492,department
,2025-08-15 19:09:33.018531492,,CV,2025,2024,226 days 03:38:54.967282932,325658.9161213822,566.7429608030361,0.7301337529504327,Лето,3,8,0.0027033966139579,116.78673372298492,department
,2025-08-15 23:40:29.689119324,,CV,2025,2024,226 days 08:09:51.637870764,325929.86063117936,270.9445097971475,0.7309205350118018,Лето,3,8,0.0027033966139579,116.78673372298492,department
,2025-08-16 11:42:23.863352442,,CV,2025,2024,226 days 20:11:45.812103882,326651.76353506465,721.9029038852896,0.7317073170731707,Лето,3,8,0.0027033966139579,116.78673372298492,department
,2025-08-16 14:46:04.622448012,,CV,2025,2024,226 days 23:15:26.571199452,326835.4428533242,183.67931825952837,0.7324940991345398,Лето,3,8,0.0027033966139579,116.78673372298492,department
,2025-08-17 04:18:11.436292290,,CV,2025,2024,227 days 12:47:33.385043730,327647.5564173955,812.1135640713037,0.7332808811959087,Лето,3,8,0.0027033966139579,116.78673372298492,department
,2025-08-17 05:59:49.005375180,,CV,2025,2024,227 days 14:29:10.954126620,327749.182568777,101.62615138152614,0.7340676632572777,Лето,3,8,0.0027033966139579,116.78673372298492,department
,2025-08-17 08:01:26.595578214,,CV,2025,2024,227 days 16:30:48.544329654,327870.8090721609,121.6265033839154,0.7348544453186467,Лето,3,8,0.0027033966139579,116.78673372298492,department
,2025-08-17 08:21:38.039774862,,CV,2025,2024,227 days 16:50:59.988526302,327890.9998087717,20.190736610791646,0.7356412273800157,Лето,3,8,0.0027033966139579,116.78673372298492,department
,2025-08-17 18:08:53.437069206,,CV,2025,2024,228 days 02:38:15.385820646,328478.25643034413,587.2566215724219,0.7364280094413848,Лето,3,8,0.0027033966139579,116.78673372298492,department
,2025-08-17 21:28:30.876986639,,CV,2025,2024,228 days 05:57:52.825738079,328677.880428968,199.6239986238652,0.7372147915027537,Лето,3,8,0.0027033966139579,116.78673372298492,department
,2025-08-17 23:04:46.237488108,,CV,2025,2024,228 days 07:34:08.186239548,328774.1364373258,96.25600835779915,0.7380015735641228,Лето,3,8,0.0027033966139579,116.78673372298492,department
,2025-08-18 00:42:18.708540222,,CV,2025,2024,228 days 09:11:40.657291662,328871.67762152775,97.541184201953,0.7387883556254917,Лето,3,8,0.0027033966139579,116.78673372298492,department
,2025-08-18 14:59:15.879280770,,CV,2025,2024,228 days 23:28:37.828032210,329728.63046720345,856.9528456756962,0.7395751376868608,Лето,3,8,0.0027033966139579,116.78673372298492,department
,2025-08-19 02:03:20.536938306,,CV,2025,2024,229 days 10:32:42.485689746,330392.70809482905,664.0776276256074,0.7403619197482297,Лето,3,8,0.0027033966139579,116.78673372298492,department
,2025-08-19 07:01:37.690075818,,CV,2025,2024,229 days 15:30:59.638827258,330690.9939804543,298.2858856252278,0.7411487018095987,Лето,3,8,0.0027033966139579,116.78673372298492,department
,2025-08-19 12:55:46.543592250,,CV,2025,2024,229 days 21:25:08.492343690,331045.14153906144,354.14755860716105,0.7419354838709677,Лето,3,8,0.0027033966139579,116.78673372298492,department
,2025-08-19 16:53:39.104487870,,CV,2025,2024,230 days 01:23:01.053239310,331283.01755398855,237.8760149271111,0.7427222659323367,Лето,3,8,0.0027033966139579,116.78673372298492,department
,2025-08-19 19:57:30.384816780,,CV,2025,2024,230 days 04:26:52.333568220,331466.87222613697,183.85467214841628,0.7435090479937058,Лето,3,8,0.0027033966139579,116.78673372298492,department
,2025-08-20 11:11:26.515946784,,CV,2025,2024,230 days 19:40:48.464698224,332380.8077449704,913.9355188334594,0.7442958300550747,Лето,3,8,0.0027033966139579,116.78673372298492,department
,2025-08-20 12:01:05.698575114,,CV,2025,2024,230 days 20:30:27.647326554,332430.4607887759,49.65304380544694,0.7450826121164438,Лето,3,8,0.0027033966139579,116.78673372298492,department
,2025-08-20 15:21:36.182075622,,CV,2025,2024,230 days 23:50:58.130827062,332630.96884711774,200.5080583418603,0.7458693941778127,Лето,3,8,0.0027033966139579,116.78673372298492,department
,2025-08-20 17:57:52.196426790,,CV,2025,2024,231 days 02:27:14.145178230,332787.23575297056,156.2669058528263,0.7466561762391818,Лето,3,8,0.0027033966139579,116.78673372298492,department
,2025-08-20 22:12:54.178541190,,CV,2025,2024,231 days 06:42:16.127292630,333042.2687882105,255.03303523996146,0.7474429583005507,Лето,3,8,0.0027033966139579,116.78673372298492,department
,2025-08-21 01:59:12.881126190,,CV,2025,2024,231 days 10:28:34.829877630,333268.58049796056,226.31170975003624,0.7482297403619197,Лето,3,8,0.0027033966139579,116.78673372298492,department
,2025-08-21 06:29:51.527742978,,CV,2025,2024,231 days 14:59:13.476494418,333539.2246082403,270.64411027973983,0.7490165224232888,Лето,3,8,0.0027033966139579,116.78673372298492,department
,2025-08-21 07:25:36.845574642,,CV,2025,2024,231 days 15:54:58.794326082,333594.97990543465,55.75529719435144,0.7498033044846577,Лето,3,8,0.0027033966139579,116.78673372298492,department
,2025-08-21 11:51:51.899000220,,CV,2025,2024,231 days 20:21:13.847751660,333861.230795861,266.2508904263377,0.7505900865460268,Лето,3,8,0.0027033966139579,116.78673372298492,department
,2025-08-21 13:34:33.582480660,,CV,2025,2024,231 days 22:03:55.531232100,333963.925520535,102.69472467398737,0.7513768686073957,Лето,3,8,0.0027033966139579,116.78673372298492,department
,2025-08-21 14:49:55.606449378,,CV,2025,2024,231 days 23:19:17.555200818,334039.29258668027,75.36706614529248,0.7521636506687648,Лето,3,8,0.0027033966139579,116.78673372298492,department
,2025-08-21 15:14:43.322878848,,CV,2025,2024,231 days 23:44:05.271630288,334064.0878605048,24.795273824536707,0.7529504327301337,Лето,3,8,0.0027033966139579,116.78673372298492,department
,2025-08-22 00:06:43.838140338,,CV,2025,2024,232 days 08:36:05.786891778,334596.0964481963,532.0085876914673,0.7537372147915028,Лето,3,8,0.0027033966139579,116.78673372298492,department
,2025-08-22 03:33:00.292949850,,CV,2025,2024,232 days 12:02:22.241701290,334802.3706950214,206.2742468251381,0.7545239968528717,Лето,3,8,0.0027033966139579,116.78673372298492,department
,2025-08-22 09:37:26.608183314,,CV,2025,2024,232 days 18:06:48.556934754,335166.8092822459,364.4385872244602,0.7553107789142408,Лето,3,8,0.0027033966139579,116.78673372298492,department
,2025-08-22 17:38:29.393490150,,CV,2025,2024,233 days 02:07:51.342241590,335647.85570402653,481.0464217806584,0.7560975609756098,Лето,3,8,0.0027033966139579,116.78673372298492,department
,2025-08-23 00:39:10.998066966,,CV,2025,2024,233 days 09:08:32.946818406,336068.54911364015,420.6934096136247,0.7568843430369787,Лето,3,8,0.0027033966139579,116.78673372298492,department
,2025-08-23 04:34:22.656017106,,CV,2025,2024,233 days 13:03:44.604768546,336303.7434128091,235.19429916894296,0.7576711250983478,Лето,3,8,0.0027033966139579,116.78673372298492,department
,2025-08-23 07:35:56.888967894,,CV,2025,2024,233 days 16:05:18.837719334,336485.31396198896,181.57054917985806,0.7584579071597167,Лето,3,8,0.0027033966139579,116.78673372298492,department
,2025-08-23 10:30:22.404746178,,CV,2025,2024,233 days 18:59:44.353497618,336659.73922496027,174.42526297131553,0.7592446892210858,Лето,3,8,0.0027033966139579,116.78673372298492,department
,2025-08-23 16:48:20.249317080,,CV,2025,2024,234 days 01:17:42.198068520,337037.70330114197,377.96407618169906,0.7600314712824547,Лето,3,8,0.0027033966139579,116.78673372298492,department
,2025-08-23 21:00:54.290225514,,CV,2025,2024,234 days 05:30:16.238976954,337290.27064961585,252.56734847387997,0.7608182533438238,Лето,3,8,0.0027033966139579,116.78673372298492,department
,2025-08-24 08:40:31.519108134,,CV,2025,2024,234 days 17:09:53.467859574,337989.89113099297,699.6204813771183,0.7616050354051928,Лето,3,8,0.0027033966139579,116.78673372298492,department
,2025-08-24 21:28:50.420980404,,CV,2025,2024,235 days 05:58:12.369731844,338758.2061621974,768.3150312044309,0.7623918174665618,Лето,3,8,0.0027033966139579,116.78673372298492,department
,2025-08-24 22:38:00.865487214,,CV,2025,2024,235 days 07:07:22.814238654,338827.38023731095,69.17407511355123,0.7631785995279308,Лето,3,8,0.0027033966139579,116.78673372298492,department
,2025-08-24 23:32:11.287035228,,CV,2025,2024,235 days 08:01:33.235786668,338881.5539297778,54.17369246686576,0.7639653815892997,Лето,3,8,0.0027033966139579,116.78673372298492,department
,2025-08-25 05:40:22.084358586,,CV,2025,2024,235 days 14:09:44.033110026,339249.73388516705,368.17995538923424,0.7647521636506688,Лето,3,8,0.0027033966139579,116.78673372298492,department
,2025-08-25 07:52:57.133477044,,CV,2025,2024,235 days 16:22:19.082228484,339382.3180371414,132.58415197435534,0.7655389457120377,Лето,3,8,0.0027033966139579,116.78673372298492,department
,2025-08-25 07:59:53.172754896,,CV,2025,2024,235 days 16:29:15.121506336,339389.25202510564,6.933987964235712,0.7663257277734068,Лето,3,8,0.0027033966139579,116.78673372298492,department
,2025-08-25 21:31:49.910252958,,CV,2025,2024,236 days 06:01:11.859004398,340201.1976500733,811.9456249676878,0.7671125098347757,Лето,3,8,0.0027033966139579,116.78673372298492,department
,2025-08-25 23:07:01.566406242,,CV,2025,2024,236 days 07:36:23.515157682,340296.39191929466,95.19426922133425,0.7678992918961448,Лето,3,8,0.0027033966139579,116.78673372298492,department
,2025-08-26 15:26:55.072221090,,CV,2025,2024,236 days 23:56:17.020972530,341276.28368287545,979.8917635807884,0.7686860739575138,Лето,3,8,0.0027033966139579,116.78673372298492,department
,2025-08-26 23:14:25.223275422,,CV,2025,2024,237 days 07:43:47.172026862,341743.78620044776,467.5025175723131,0.7694728560188828,Лето,3,8,0.0027033966139579,116.78673372298492,department
,2025-08-27 08:06:25.825609194,,CV,2025,2024,237 days 16:35:47.774360634,342275.7962393438,532.0100388960564,0.7702596380802518,Лето,3,8,0.0027033966139579,116.78673372298492,department
,2025-08-27 09:29:38.924083662,,CV,2025,2024,237 days 17:59:00.872835102,342359.01454725175,83.21830790792592,0.7710464201416207,Лето,3,8,0.0027033966139579,116.78673372298492,department
,2025-08-27 11:08:20.962146996,,CV,2025,2024,237 days 19:37:42.910898436,342457.7151816406,98.70063438883517,0.7718332022029898,Лето,3,8,0.0027033966139579,116.78673372298492,department
,2025-09-01 05:16:02.765949858,,CV,2025,2024,242 days 13:45:24.714701298,349305.4119116882,6847.696730047639,0.7726199842643587,Осень,4,9,0.0023307163886162,100.68694798822376,department
,2025-09-01 06:37:04.688947764,,CV,2025,2024,242 days 15:06:26.637699204,349386.44396165345,81.03204996522982,0.7734067663257278,Осень,4,9,0.0023307163886162,100.68694798822376,department
,2025-09-01 09:13:27.162990588,,CV,2025,2024,242 days 17:42:49.111742028,349542.8185290338,156.37456738034962,0.7741935483870968,Осень,4,9,0.0023307163886162,100.68694798822376,department
,2025-09-01 11:59:50.758634916,,CV,2025,2024,242 days 20:29:12.707386356,349709.2117897726,166.3932607388124,0.7749803304484658,Осень,4,9,0.0023307163886162,100.68694798822376,department
,2025-09-01 13:14:27.826613472,,CV,2025,2024,242 days 21:43:49.775364912,349783.8295894152,74.61779964261223,0.7757671125098348,Осень,4,9,0.0023307163886162,100.68694798822376,department
,2025-09-01 14:52:59.566995408,,CV,2025,2024,242 days 23:22:21.515746848,349882.3585957808,98.52900636557024,0.7765538945712038,Осень,4,9,0.0023307163886162,100.68694798822376,department
,2025-09-02 01:59:38.653130700,,CV,2025,2024,243 days 10:29:00.601882140,350549.010031369,666.6514355881955,0.7773406766325728,Осень,4,9,0.0023307163886162,100.68694798822376,department
,2025-09-02 03:18:08.538508217,,CV,2025,2024,243 days 11:47:30.487259657,350627.50812099426,78.49808962526731,0.7781274586939417,Осень,4,9,0.0023307163886162,100.68694798822376,department
,2025-09-02 03:30:31.747415705,,CV,2025,2024,243 days 11:59:53.696167145,350639.8949361191,12.386815124831628,0.7789142407553108,Осень,4,9,0.0023307163886162,100.68694798822376,department
,2025-09-02 10:36:22.099174836,,CV,2025,2024,243 days 19:05:44.047926276,351065.7341321046,425.83919598552166,0.7797010228166797,Осень,4,9,0.0023307163886162,100.68694798822376,department
,2025-09-03 13:16:18.292159284,,CV,2025,2024,244 days 21:45:40.240910724,352665.6706818454,1599.9365497407853,0.7804878048780488,Осень,4,9,0.0023307163886162,100.68694798822376,department
,2025-09-03 16:08:54.529629252,,CV,2025,2024,245 days 00:38:16.478380692,352838.2746396782,172.6039578327909,0.7812745869394178,Осень,4,9,0.0023307163886162,100.68694798822376,department
,2025-09-03 17:03:06.068797170,,CV,2025,2024,245 days 01:32:28.017548610,352892.46695914346,54.19231946527725,0.7820613690007868,Осень,4,9,0.0023307163886162,100.68694798822376,department
,2025-09-03 23:05:35.722346136,,CV,2025,2024,245 days 07:34:57.671097576,353254.9611849596,362.4942258161609,0.7828481510621558,Осень,4,9,0.0023307163886162,100.68694798822376,department
,2025-09-04 16:01:41.590925970,,CV,2025,2024,246 days 00:31:03.539677410,354271.0589946235,1016.0978096638573,0.7836349331235248,Осень,4,9,0.0023307163886162,100.68694798822376,department
,2025-09-05 02:59:19.749046440,,CV,2025,2024,246 days 11:28:41.697797880,354928.694963298,657.6359686744981,0.7844217151848938,Осень,4,9,0.0023307163886162,100.68694798822376,department
,2025-09-05 09:57:19.422012198,,CV,2025,2024,246 days 18:26:41.370763638,355346.6895127274,417.9945494293934,0.7852084972462627,Осень,4,9,0.0023307163886162,100.68694798822376,department
,2025-09-05 12:39:41.120043816,,CV,2025,2024,246 days 21:09:03.068795256,355509.0511465876,162.36163386021508,0.7859952793076318,Осень,4,9,0.0023307163886162,100.68694798822376,department
,2025-09-05 18:14:36.859769988,,CV,2025,2024,247 days 02:43:58.808521428,355843.98014202376,334.92899543617386,0.7867820613690008,Осень,4,9,0.0023307163886162,100.68694798822376,department
,2025-09-05 18:55:39.954136776,,CV,2025,2024,247 days 03:25:01.902888216,355885.0317148036,41.051572779833805,0.7875688434303698,Осень,4,9,0.0023307163886162,100.68694798822376,department
,2025-09-06 03:03:07.892445414,,CV,2025,2024,247 days 11:32:29.841196854,356372.49735328095,487.46563847735524,0.7883556254917388,Осень,4,9,0.0023307163886162,100.68694798822376,department
,2025-09-06 12:17:10.892105634,,CV,2025,2024,247 days 20:46:32.840857074,356926.5473476179,554.049994336965,0.7891424075531078,Осень,4,9,0.0023307163886162,100.68694798822376,department
,2025-09-07 12:15:55.710191502,,CV,2025,2024,248 days 20:45:17.658942942,358365.2943157157,1438.7469680978102,0.7899291896144768,Осень,4,9,0.0023307163886162,100.68694798822376,department
,2025-09-07 14:25:20.933187012,,CV,2025,2024,248 days 22:54:42.881938452,358494.7146989742,129.4203832584899,0.7907159716758458,Осень,4,9,0.0023307163886162,100.68694798822376,department
,2025-09-07 14:33:20.498970504,,CV,2025,2024,248 days 23:02:42.447721944,358502.7074620324,7.99276305816602,0.7915027537372148,Осень,4,9,0.0023307163886162,100.68694798822376,department
,2025-09-07 20:11:46.599960792,,CV,2025,2024,249 days 04:41:08.548712232,358841.14247853716,338.4350165047799,0.7922895357985837,Осень,4,9,0.0023307163886162,100.68694798822376,department
,2025-09-08 04:58:10.054628832,,CV,2025,2024,249 days 13:27:32.003380272,359367.5333896712,526.3909111340181,0.7930763178599528,Осень,4,9,0.0023307163886162,100.68694798822376,department
,2025-09-08 16:08:36.055583322,,CV,2025,2024,250 days 00:37:58.004334762,360037.9667389126,670.4333492414444,0.7938630999213218,Осень,4,9,0.0023307163886162,100.68694798822376,department
,2025-09-08 17:40:59.785027296,,CV,2025,2024,250 days 02:10:21.733778736,360130.3622296456,92.3954907329753,0.7946498819826908,Осень,4,9,0.0023307163886162,100.68694798822376,department
,2025-09-08 19:51:12.232207458,,CV,2025,2024,250 days 04:20:34.180958898,360260.5696826483,130.20745300268754,0.7954366640440598,Осень,4,9,0.0023307163886162,100.68694798822376,department
,2025-09-09 00:59:32.591740313,,CV,2025,2024,250 days 09:28:54.540491753,360568.90900819586,308.33932554756757,0.7962234461054288,Осень,4,9,0.0023307163886162,100.68694798822376,department
,2025-09-09 03:51:45.244022508,,CV,2025,2024,250 days 12:21:07.192773948,360741.11987956584,172.2108713699854,0.7970102281667978,Осень,4,9,0.0023307163886162,100.68694798822376,department
,2025-09-09 17:56:53.421950820,,CV,2025,2024,251 days 02:26:15.370702260,361586.25617837097,845.136298805126,0.7977970102281668,Осень,4,9,0.0023307163886162,100.68694798822376,department
,2025-09-09 22:32:20.482690326,,CV,2025,2024,251 days 07:01:42.431441766,361861.70719069615,275.4510123251821,0.7985837922895358,Осень,4,9,0.0023307163886162,100.68694798822376,department
,2025-09-10 10:01:58.318885476,,CV,2025,2024,251 days 18:31:20.267636916,362551.33779394865,689.6306032525026,0.7993705743509048,Осень,4,9,0.0023307163886162,100.68694798822376,department
,2025-09-10 16:14:48.538152258,,CV,2025,2024,252 days 00:44:10.486903698,362924.1747817283,372.83698777965037,0.8001573564122738,Осень,4,9,0.0023307163886162,100.68694798822376,department
,2025-09-11 02:51:10.852755054,,CV,2025,2024,252 days 11:20:32.801506494,363560.546691775,636.3719100466697,0.8009441384736428,Осень,4,9,0.0023307163886162,100.68694798822376,department
,2025-09-11 05:44:43.318556226,,CV,2025,2024,252 days 14:14:05.267307666,363734.08778846107,173.54109668609453,0.8017309205350118,Осень,4,9,0.0023307163886162,100.68694798822376,department
,2025-09-11 18:28:34.501661946,,CV,2025,2024,253 days 02:57:56.450413386,364497.94084022305,763.8530517619802,0.8025177025963808,Осень,4,9,0.0023307163886162,100.68694798822376,department
,2025-09-11 20:46:17.898016098,,CV,2025,2024,253 days 05:15:39.846767538,364635.6641127923,137.72327256924473,0.8033044846577498,Осень,4,9,0.0023307163886162,100.68694798822376,department
,2025-09-12 02:25:11.793995700,,CV,2025,2024,253 days 10:54:33.742747140,364974.562379119,338.8982663266943,0.8040912667191188,Осень,4,9,0.0023307163886162,100.68694798822376,department
,2025-09-12 04:08:30.940428348,,CV,2025,2024,253 days 12:37:52.889179788,365077.88148632983,103.31910721084569,0.8048780487804879,Осень,4,9,0.0023307163886162,100.68694798822376,department
,2025-09-12 08:45:24.555567042,,CV,2025,2024,253 days 17:14:46.504318482,365354.77507197467,276.893585644837,0.8056648308418568,Осень,4,9,0.0023307163886162,100.68694798822376,department
,2025-09-12 11:29:43.736069304,,CV,2025,2024,253 days 19:59:05.684820744,365519.0947470124,164.31967503775377,0.8064516129032258,Осень,4,9,0.0023307163886162,100.68694798822376,department
,2025-09-12 13:42:49.393966488,,CV,2025,2024,253 days 22:12:11.342717928,365652.1890452988,133.09429828636348,0.8072383949645948,Осень,4,9,0.0023307163886162,100.68694798822376,department
,2025-09-13 14:06:13.997856972,,CV,2025,2024,254 days 22:35:35.946608412,367115.59911014023,1463.410064841446,0.8080251770259638,Осень,4,9,0.0023307163886162,100.68694798822376,department
,2025-09-13 15:21:04.675814346,,CV,2025,2024,254 days 23:50:26.624565786,367190.4437427631,74.84463262284407,0.8088119590873328,Осень,4,9,0.0023307163886162,100.68694798822376,department
,2025-09-14 02:25:14.930751114,,CV,2025,2024,255 days 10:54:36.879502554,367854.6146583759,664.1709156128345,0.8095987411487018,Осень,4,9,0.0023307163886162,100.68694798822376,department
,2025-09-15 08:03:53.965136178,,CV,2025,2024,256 days 16:33:15.913887618,369633.2652314603,1778.6505730843637,0.8103855232100708,Осень,4,9,0.0023307163886162,100.68694798822376,department
,2025-09-15 08:12:31.458873438,,CV,2025,2024,256 days 16:41:53.407624878,369641.89012708137,8.624895621091127,0.8111723052714398,Осень,4,9,0.0023307163886162,100.68694798822376,department
,2025-09-15 16:47:42.197755206,,CV,2025,2024,257 days 01:17:04.146506646,370157.06910844415,515.1789813627838,0.8119590873328089,Осень,4,9,0.0023307163886162,100.68694798822376,department
,2025-09-15 18:52:48.182714808,,CV,2025,2024,257 days 03:22:10.131466248,370282.1688577708,125.09974932664772,0.8127458693941778,Осень,4,9,0.0023307163886162,100.68694798822376,department
,2025-09-15 19:10:32.154484590,,CV,2025,2024,257 days 03:39:54.103236030,370299.9017206005,17.732862829696387,0.8135326514555468,Осень,4,9,0.0023307163886162,100.68694798822376,department
,2025-09-15 22:51:46.696818600,,CV,2025,2024,257 days 07:21:08.645570040,370521.144092834,221.24237223347882,0.8143194335169158,Осень,4,9,0.0023307163886162,100.68694798822376,department
,2025-09-16 18:25:58.629325302,,CV,2025,2024,258 days 02:55:20.578076742,371695.34296794573,1174.1988751117606,0.8151062155782848,Осень,4,9,0.0023307163886162,100.68694798822376,department
,2025-09-16 18:31:03.295756986,,CV,2025,2024,258 days 03:00:25.244508426,371700.42074180703,5.077773861296009,0.8158929976396538,Осень,4,9,0.0023307163886162,100.68694798822376,department
,2025-09-17 00:51:23.434466388,,CV,2025,2024,258 days 09:20:45.383217828,372080.75638696377,380.3356451567379,0.8166797797010228,Осень,4,9,0.0023307163886162,100.68694798822376,department
,2025-09-17 05:49:59.231911296,,CV,2025,2024,258 days 14:19:21.180662736,372379.3530110456,298.59662408183794,0.8174665617623919,Осень,4,9,0.0023307163886162,100.68694798822376,department
,2025-09-17 20:36:39.982630632,,CV,2025,2024,259 days 05:06:01.931382072,373266.03218970116,886.679178655555,0.8182533438237608,Осень,4,9,0.0023307163886162,100.68694798822376,department
,2025-09-17 21:14:18.707539914,,CV,2025,2024,259 days 05:43:40.656291354,373303.67760485585,37.64541515469318,0.8190401258851299,Осень,4,9,0.0023307163886162,100.68694798822376,department
,2025-09-18 05:25:14.402948940,,CV,2025,2024,259 days 13:54:36.351700380,373794.605861673,490.92825681716204,0.8198269079464988,Осень,4,9,0.0023307163886162,100.68694798822376,department
,2025-09-18 13:34:15.866074986,,CV,2025,2024,259 days 22:03:37.814826426,374283.63024710707,489.0243854340515,0.8206136900078678,Осень,4,9,0.0023307163886162,100.68694798822376,department
,2025-09-18 21:28:44.675433792,,CV,2025,2024,260 days 05:58:06.624185232,374758.11040308716,474.48015598009806,0.8214004720692368,Осень,4,9,0.0023307163886162,100.68694798822376,department
,2025-09-19 17:52:52.379255826,,CV,2025,2024,261 days 02:22:14.328007266,375982.23880012106,1224.128397033899,0.8221872541306058,Осень,4,9,0.0023307163886162,100.68694798822376,department
,2025-09-20 06:16:02.107753314,,CV,2025,2024,261 days 14:45:24.056504754,376725.4009417459,743.1621416248381,0.8229740361919748,Осень,4,9,0.0023307163886162,100.68694798822376,department
,2025-09-20 06:34:25.949442972,,CV,2025,2024,261 days 15:03:47.898194412,376743.7983032402,18.397361494309735,0.8237608182533438,Осень,4,9,0.0023307163886162,100.68694798822376,department
,2025-09-20 11:07:42.371077698,,CV,2025,2024,261 days 19:37:04.319829138,377017.0719971523,273.2736939120805,0.8245476003147129,Осень,4,9,0.0023307163886162,100.68694798822376,department
,2025-09-20 14:45:24.960574896,,CV,2025,2024,261 days 23:14:46.909326336,377234.78182210564,217.70982495334465,0.8253343823760818,Осень,4,9,0.0023307163886162,100.68694798822376,department
,2025-09-20 17:24:42.804760554,,CV,2025,2024,262 days 01:54:04.753511994,377394.0792251999,159.29740309424233,0.8261211644374509,Осень,4,9,0.0023307163886162,100.68694798822376,department
,2025-09-20 21:42:15.659632926,,CV,2025,2024,262 days 06:11:37.608384366,377651.62680640613,257.54758120625047,0.8269079464988198,Осень,4,9,0.0023307163886162,100.68694798822376,department
,2025-09-21 01:10:16.550129508,,CV,2025,2024,262 days 09:39:38.498880948,377859.6416480158,208.01484160969267,0.8276947285601888,Осень,4,9,0.0023307163886162,100.68694798822376,department
,2025-09-21 05:13:12.889518846,,CV,2025,2024,262 days 13:42:34.838270286,378102.5806378381,242.9389898222871,0.8284815106215578,Осень,4,9,0.0023307163886162,100.68694798822376,department
,2025-09-22 08:56:07.732602054,,CV,2025,2024,263 days 17:25:29.681353494,379765.4946892249,1662.9140513868188,0.8292682926829268,Осень,4,9,0.0023307163886162,100.68694798822376,department
,2025-09-22 09:35:56.944303314,,CV,2025,2024,263 days 18:05:18.893054754,379805.3148842459,39.82019502099138,0.8300550747442959,Осень,4,9,0.0023307163886162,100.68694798822376,department
,2025-09-23 03:51:45.245303940,,CV,2025,2024,264 days 12:21:07.194055380,380901.119900923,1095.80501667707,0.8308418568056648,Осень,4,9,0.0023307163886162,100.68694798822376,department
,2025-09-23 08:32:31.099028388,,CV,2025,2024,264 days 17:01:53.047779828,381181.8841296638,280.76422874082346,0.8316286388670339,Осень,4,9,0.0023307163886162,100.68694798822376,department
,2025-09-23 15:31:54.542970462,,CV,2025,2024,265 days 00:01:16.491721902,381601.27486203174,419.39073236793047,0.8324154209284028,Осень,4,9,0.0023307163886162,100.68694798822376,department
,2025-09-24 04:12:38.029352910,,CV,2025,2024,265 days 12:41:59.978104350,382361.99963507254,760.724773040798,0.8332022029897719,Осень,4,9,0.0023307163886162,100.68694798822376,department
,2025-09-24 07:24:25.500181128,,CV,2025,2024,265 days 15:53:47.448932568,382553.7908155428,191.79118047025986,0.8339889850511408,Осень,4,9,0.0023307163886162,100.68694798822376,department
,2025-09-24 11:25:55.278120816,,CV,2025,2024,265 days 19:55:17.226872256,382795.28711453755,241.49629899475258,0.8347757671125098,Осень,4,9,0.0023307163886162,100.68694798822376,department
,2025-09-24 15:11:57.209784192,,CV,2025,2024,265 days 23:41:19.158535632,383021.3193089272,226.03219438967062,0.8355625491738788,Осень,4,9,0.0023307163886162,100.68694798822376,department
,2025-09-24 18:33:25.510879332,,CV,2025,2024,266 days 03:02:47.459630772,383222.7909938462,201.47168491897173,0.8363493312352478,Осень,4,9,0.0023307163886162,100.68694798822376,department
,2025-09-25 13:07:49.497151752,,CV,2025,2024,266 days 21:37:11.445903192,384337.1907650532,1114.3997712070122,0.8371361132966169,Осень,4,9,0.0023307163886162,100.68694798822376,department
,2025-09-26 01:45:23.722868040,,CV,2025,2024,267 days 10:14:45.671619480,385094.761193658,757.570428604784,0.8379228953579858,Осень,4,9,0.0023307163886162,100.68694798822376,department
,2025-09-26 02:34:54.762348378,,CV,2025,2024,267 days 11:04:16.711099818,385144.27851833025,49.5173246722552,0.8387096774193549,Осень,4,9,0.0023307163886162,100.68694798822376,department
,2025-09-26 03:24:00.486093768,,CV,2025,2024,267 days 11:53:22.434845208,385193.37391408684,49.09539575659437,0.8394964594807238,Осень,4,9,0.0023307163886162,100.68694798822376,department
,2025-09-26 07:23:35.161505814,,CV,2025,2024,267 days 15:52:57.110257254,385432.95183762093,239.57792353408877,0.8402832415420929,Осень,4,9,0.0023307163886162,100.68694798822376,department
,2025-09-26 08:08:09.098776824,,CV,2025,2024,267 days 16:37:31.047528264,385477.51745880436,44.56562118342845,0.8410700236034618,Осень,4,9,0.0023307163886162,100.68694798822376,department
,2025-09-26 15:02:16.401940014,,CV,2025,2024,267 days 23:31:38.350691454,385891.63917819096,414.1217193866032,0.8418568056648308,Осень,4,9,0.0023307163886162,100.68694798822376,department
,2025-09-26 16:08:49.801478196,,CV,2025,2024,268 days 00:38:11.750229636,385958.1958371606,66.55665896961,0.8426435877261998,Осень,4,9,0.0023307163886162,100.68694798822376,department
,2025-09-26 21:25:52.083436926,,CV,2025,2024,268 days 05:55:14.032188366,386275.2338698061,317.03803264553426,0.8434303697875688,Осень,4,9,0.0023307163886162,100.68694798822376,department
,2025-09-26 21:28:58.621884744,,CV,2025,2024,268 days 05:58:20.570636184,386278.3428439364,3.1089741303003393,0.8442171518489379,Осень,4,9,0.0023307163886162,100.68694798822376,department
,2025-09-27 00:12:18.259401588,,CV,2025,2024,268 days 08:41:40.208153028,386441.6701358838,163.32729194738204,0.8450039339103068,Осень,4,9,0.0023307163886162,100.68694798822376,department
,2025-09-27 08:17:25.883429502,,CV,2025,2024,268 days 16:46:47.832180942,386926.7972030157,485.12706713192165,0.8457907159716759,Осень,4,9,0.0023307163886162,100.68694798822376,department
,2025-09-27 13:01:20.748378450,,CV,2025,2024,268 days 21:30:42.697129890,387210.71161883144,283.9144158157287,0.8465774980330448,Осень,4,9,0.0023307163886162,100.68694798822376,department
,2025-09-28 16:24:12.273847122,,CV,2025,2024,270 days 00:53:34.222598562,388853.5703766427,1642.8587578112492,0.8473642800944139,Осень,4,9,0.0023307163886162,100.68694798822376,department
,2025-09-29 07:13:19.755332574,,CV,2025,2024,270 days 15:42:41.704084014,389742.69506806694,889.1246914242511,0.8481510621557828,Осень,4,9,0.0023307163886162,100.68694798822376,department
,2025-09-29 10:24:11.245099110,,CV,2025,2024,270 days 18:53:33.193850550,389933.5532308425,190.8581627755775,0.8489378442171518,Осень,4,9,0.0023307163886162,100.68694798822376,department
,2025-09-29 10:44:09.680122650,,CV,2025,2024,270 days 19:13:31.628874090,389953.5271479015,19.97391705896007,0.8497246262785209,Осень,4,9,0.0023307163886162,100.68694798822376,department
,2025-09-30 00:05:47.655557808,,CV,2025,2024,271 days 08:35:09.604309248,390755.16007182084,801.6329239193583,0.8505114083398898,Осень,4,9,0.0023307163886162,100.68694798822376,department
,2025-09-30 17:24:51.278992038,,CV,2025,2024,272 days 01:54:13.227743478,391794.2204623913,1039.060390570492,0.8512981904012589,Осень,4,9,0.0023307163886162,100.68694798822376,department
,2025-10-01 12:17:14.211696948,,CV,2025,2024,272 days 20:46:36.160448388,392926.6026741398,1132.3822117484524,0.8520849724626278,Осень,4,10,0.0023307163886162,100.68694798822376,department
,2025-10-01 13:15:58.667530032,,CV,2025,2024,272 days 21:45:20.616281472,392985.3436046912,58.74093055143021,0.8528717545239969,Осень,4,10,0.0023307163886162,100.68694798822376,department
,2025-10-03 09:24:32.491338504,,CV,2025,2024,274 days 17:53:54.440089944,395633.9073348324,2648.563730141206,0.8536585365853658,Осень,4,10,0.0023307163886162,100.68694798822376,department
,2025-10-03 11:32:54.682166796,,CV,2025,2024,274 days 20:02:16.630918236,395762.2771819706,128.36984713817947,0.8544453186467349,Осень,4,10,0.0023307163886162,100.68694798822376,department
,2025-10-03 20:45:34.369883700,,CV,2025,2024,275 days 05:14:56.318635140,396314.938643919,552.6614619484171,0.8552321007081038,Осень,4,10,0.0023307163886162,100.68694798822376,department
,2025-10-04 13:49:26.448262710,,CV,2025,2024,275 days 22:18:48.397014150,397338.8066169025,1023.867972983513,0.8560188827694729,Осень,4,10,0.0023307163886162,100.68694798822376,department
,2025-10-04 15:44:45.643719072,,CV,2025,2024,276 days 00:14:07.592470512,397454.1265411752,115.31992427265504,0.8568056648308419,Осень,4,10,0.0023307163886162,100.68694798822376,department
,2025-10-05 08:49:40.411088856,,CV,2025,2024,276 days 17:19:02.359840296,398479.0393306716,1024.9127894964186,0.8575924468922108,Осень,4,10,0.0023307163886162,100.68694798822376,department
,2025-10-05 11:28:33.427567644,,CV,2025,2024,276 days 19:57:55.376319084,398637.9229386514,158.88360797980567,0.8583792289535799,Осень,4,10,0.0023307163886162,100.68694798822376,department
,2025-10-06 14:16:14.816334804,,CV,2025,2024,277 days 22:45:36.765086244,400245.6127514374,1607.689812786004,0.8591660110149488,Осень,4,10,0.0023307163886162,100.68694798822376,department
,2025-10-06 16:37:56.639121474,,CV,2025,2024,278 days 01:07:18.587872914,400387.30979788187,141.69704644446028,0.8599527930763179,Осень,4,10,0.0023307163886162,100.68694798822376,department
,2025-10-07 14:33:48.942888174,,CV,2025,2024,278 days 23:03:10.891639614,401703.18152732693,1315.8717294450616,0.8607395751376868,Осень,4,10,0.0023307163886162,100.68694798822376,department
,2025-10-07 14:57:25.627074780,,CV,2025,2024,278 days 23:26:47.575826220,401726.792930437,23.61140311008785,0.8615263571990559,Осень,4,10,0.0023307163886162,100.68694798822376,department
,2025-10-07 23:47:27.879884262,,CV,2025,2024,279 days 08:16:49.828635702,402256.83047726174,530.0375468247221,0.8623131392604249,Осень,4,10,0.0023307163886162,100.68694798822376,department
,2025-10-08 05:13:20.438413578,,CV,2025,2024,279 days 13:42:42.387165018,402582.7064527503,325.87597548856866,0.8630999213217939,Осень,4,10,0.0023307163886162,100.68694798822376,department
,2025-10-08 09:52:09.687091530,,CV,2025,2024,279 days 18:21:31.635842970,402861.52726404945,278.8208112991415,0.8638867033831629,Осень,4,10,0.0023307163886162,100.68694798822376,department
,2025-10-08 11:40:41.452711332,,CV,2025,2024,279 days 20:10:03.401462772,402970.05669104616,108.52942699671257,0.8646734854445318,Осень,4,10,0.0023307163886162,100.68694798822376,department
,2025-10-08 20:25:20.227147500,,CV,2025,2024,280 days 04:54:42.175898940,403494.702931649,524.6462406028295,0.8654602675059009,Осень,4,10,0.0023307163886162,100.68694798822376,department
,2025-10-08 21:56:10.591787598,,CV,2025,2024,280 days 06:25:32.540539038,403585.54234231735,90.83941066835541,0.8662470495672698,Осень,4,10,0.0023307163886162,100.68694798822376,department
,2025-10-09 03:41:29.787660882,,CV,2025,2024,280 days 12:10:51.736412322,403930.86227353866,345.319931221311,0.8670338316286389,Осень,4,10,0.0023307163886162,100.68694798822376,department
,2025-10-09 05:46:47.268907692,,CV,2025,2024,280 days 14:16:09.217659132,404056.15362765215,125.29135411349125,0.8678206136900078,Осень,4,10,0.0023307163886162,100.68694798822376,department
,2025-10-10 04:03:17.140159379,,CV,2025,2024,281 days 12:32:39.088910819,405392.65148184705,1336.497854194895,0.8686073957513769,Осень,4,10,0.0023307163886162,100.68694798822376,department
,2025-10-10 04:15:44.954744814,,CV,2025,2024,281 days 12:45:06.903496254,405405.1150582709,12.463576423877385,0.8693941778127459,Осень,4,10,0.0023307163886162,100.68694798822376,department
,2025-10-10 05:51:20.632244046,,CV,2025,2024,281 days 14:20:42.580995486,405500.70968325814,95.59462498722132,0.8701809598741149,Осень,4,10,0.0023307163886162,100.68694798822376,department
,2025-10-10 07:50:23.888702886,,CV,2025,2024,281 days 16:19:45.837454326,405619.7639575721,119.05427431396674,0.8709677419354839,Осень,4,10,0.0023307163886162,100.68694798822376,department
,2025-10-10 11:39:44.925670212,,CV,2025,2024,281 days 20:09:06.874421652,405849.1145736942,229.3506161220721,0.8717545239968528,Осень,4,10,0.0023307163886162,100.68694798822376,department
,2025-10-10 13:33:24.721555146,,CV,2025,2024,281 days 22:02:46.670306586,405962.7778384431,113.6632647489314,0.8725413060582219,Осень,4,10,0.0023307163886162,100.68694798822376,department
,2025-10-10 18:23:26.924668092,,CV,2025,2024,282 days 02:52:48.873419532,406252.8145569922,290.03671854909044,0.8733280881195908,Осень,4,10,0.0023307163886162,100.68694798822376,department
,2025-10-11 09:07:01.574288610,,CV,2025,2024,282 days 17:36:23.523040050,407136.3920506675,883.577493675286,0.8741148701809599,Осень,4,10,0.0023307163886162,100.68694798822376,department
,2025-10-11 18:01:12.192949992,,CV,2025,2024,283 days 02:30:34.141701432,407670.5690283572,534.1769776897272,0.8749016522423289,Осень,4,10,0.0023307163886162,100.68694798822376,department
,2025-10-12 00:13:22.066807734,,CV,2025,2024,283 days 08:42:44.015559174,408042.73359265295,372.1645642957301,0.8756884343036979,Осень,4,10,0.0023307163886162,100.68694798822376,department
,2025-10-12 00:53:21.737672166,,CV,2025,2024,283 days 09:22:43.686423606,408082.72810706013,39.99451440718258,0.8764752163650669,Осень,4,10,0.0023307163886162,100.68694798822376,department
,2025-10-12 09:21:25.353617076,,CV,2025,2024,283 days 17:50:47.302368516,408590.78837280854,508.06026574841235,0.8772619984264359,Осень,4,10,0.0023307163886162,100.68694798822376,department
,2025-10-12 10:39:31.090879026,,CV,2025,2024,283 days 19:08:53.039630466,408668.88399384107,78.09562103252392,0.8780487804878049,Осень,4,10,0.0023307163886162,100.68694798822376,department
,2025-10-12 21:41:45.590631426,,CV,2025,2024,284 days 06:11:07.539382866,409331.1256563811,662.2416625400074,0.8788355625491738,Осень,4,10,0.0023307163886162,100.68694798822376,department
,2025-10-12 23:45:13.383910806,,CV,2025,2024,284 days 08:14:35.332662246,409454.5888777041,123.46322132303612,0.8796223446105429,Осень,4,10,0.0023307163886162,100.68694798822376,department
,2025-10-13 03:36:45.722269596,,CV,2025,2024,284 days 12:06:07.671021036,409686.12785035063,231.53897264652187,0.8804091266719118,Осень,4,10,0.0023307163886162,100.68694798822376,department
,2025-10-13 06:41:54.063931914,,CV,2025,2024,284 days 15:11:16.012683354,409871.2668780558,185.13902770518325,0.8811959087332809,Осень,4,10,0.0023307163886162,100.68694798822376,department
,2025-10-13 20:41:50.839297548,,CV,2025,2024,285 days 05:11:12.788048988,410711.2131341498,839.9462560939719,0.8819826907946499,Осень,4,10,0.0023307163886162,100.68694798822376,department
,2025-10-13 21:39:53.838307848,,CV,2025,2024,285 days 06:09:15.787059288,410769.26311765483,58.0499835050432,0.8827694728560189,Осень,4,10,0.0023307163886162,100.68694798822376,department
,2025-10-14 03:37:40.873255050,,CV,2025,2024,285 days 12:07:02.822006490,411127.0470334414,357.7839157865965,0.8835562549173879,Осень,4,10,0.0023307163886162,100.68694798822376,department
,2025-10-14 04:43:25.316826948,,CV,2025,2024,285 days 13:12:47.265578388,411192.78775963985,65.740726198419,0.8843430369787569,Осень,4,10,0.0023307163886162,100.68694798822376,department
,2025-10-14 13:26:54.236944506,,CV,2025,2024,285 days 21:56:16.185695946,411716.269761599,523.4820019591716,0.8851298190401259,Осень,4,10,0.0023307163886162,100.68694798822376,department
,2025-10-15 06:17:11.679763554,,CV,2025,2024,286 days 14:46:33.628514994,412726.56047524983,1010.2907136508147,0.8859166011014948,Осень,4,10,0.0023307163886162,100.68694798822376,department
,2025-10-15 10:21:51.338953752,,CV,2025,2024,286 days 18:51:13.287705192,412971.2214617532,244.66098650335334,0.8867033831628639,Осень,4,10,0.0023307163886162,100.68694798822376,department
,2025-10-15 15:09:09.237205476,,CV,2025,2024,286 days 23:38:31.185956916,413258.51976594864,287.2983041954576,0.8874901652242329,Осень,4,10,0.0023307163886162,100.68694798822376,department
,2025-10-16 09:54:36.242332728,,CV,2025,2024,287 days 18:23:58.191084168,414383.9698514028,1125.4500854541548,0.8882769472856019,Осень,4,10,0.0023307163886162,100.68694798822376,department
,2025-10-16 15:10:24.151419228,,CV,2025,2024,287 days 23:39:46.100170668,414699.7683361778,315.7984847750049,0.8890637293469709,Осень,4,10,0.0023307163886162,100.68694798822376,department
,2025-10-16 19:57:17.227980420,,CV,2025,2024,288 days 04:26:39.176731860,414986.65294553095,286.8846093531465,0.8898505114083399,Осень,4,10,0.0023307163886162,100.68694798822376,department
,2025-10-17 02:07:47.220552084,,CV,2025,2024,288 days 10:37:09.169303524,415357.1528217254,370.4998761944589,0.8906372934697089,Осень,4,10,0.0023307163886162,100.68694798822376,department
,2025-10-17 10:29:13.283728650,,CV,2025,2024,288 days 18:58:35.232480090,415858.58720800147,501.4343862760579,0.8914240755310779,Осень,4,10,0.0023307163886162,100.68694798822376,department
,2025-10-17 11:17:43.241581398,,CV,2025,2024,288 days 19:47:05.190332838,415907.08650554734,48.49929754587356,0.8922108575924469,Осень,4,10,0.0023307163886162,100.68694798822376,department
,2025-10-17 23:36:06.885191028,,CV,2025,2024,289 days 08:05:28.833942468,416645.48056570784,738.3940601604991,0.8929976396538158,Осень,4,10,0.0023307163886162,100.68694798822376,department
,2025-10-18 03:41:27.435600000,,CV,2025,2024,289 days 12:10:49.384351440,416890.823072524,245.34250681614503,0.8937844217151849,Осень,4,10,0.0023307163886162,100.68694798822376,department
,2025-10-18 04:13:40.725293016,,CV,2025,2024,289 days 12:43:02.674044456,416923.04456740763,32.22149488364812,0.8945712037765539,Осень,4,10,0.0023307163886162,100.68694798822376,department
,2025-10-18 15:15:32.975922857,,CV,2025,2024,289 days 23:44:54.924674297,417584.91541123827,661.8708438306348,0.8953579858379229,Осень,4,10,0.0023307163886162,100.68694798822376,department
,2025-10-18 18:38:32.796602724,,CV,2025,2024,290 days 03:07:54.745354164,417787.9124225694,202.99701133114286,0.8961447678992919,Осень,4,10,0.0023307163886162,100.68694798822376,department
,2025-10-18 19:23:55.622789034,,CV,2025,2024,290 days 03:53:17.571540474,417833.29285900784,45.38043643842684,0.8969315499606609,Осень,4,10,0.0023307163886162,100.68694798822376,department
,2025-10-19 02:34:55.098842562,,CV,2025,2024,290 days 11:04:17.047594002,418264.28412656666,430.99126755882753,0.8977183320220299,Осень,4,10,0.0023307163886162,100.68694798822376,department
,2025-10-19 17:45:05.572035276,,CV,2025,2024,291 days 02:14:27.520786716,419174.4586797786,910.174553211953,0.898505114083399,Осень,4,10,0.0023307163886162,100.68694798822376,department
,2025-10-20 09:23:27.351894834,,CV,2025,2024,291 days 17:52:49.300646274,420112.82167743787,938.3629976592492,0.8992918961447679,Осень,4,10,0.0023307163886162,100.68694798822376,department
,2025-10-21 08:00:09.922398870,,CV,2025,2024,292 days 16:29:31.871150310,421469.5311858385,1356.7095084006432,0.9000786782061369,Осень,4,10,0.0023307163886162,100.68694798822376,department
,2025-10-21 22:28:01.237982442,,CV,2025,2024,293 days 06:57:23.186733882,422337.3864455646,867.855259726115,0.9008654602675059,Осень,4,10,0.0023307163886162,100.68694798822376,department
,2025-10-21 22:28:56.411088870,,CV,2025,2024,293 days 06:58:18.359840310,422338.3059973385,0.9195517738698982,0.9016522423288749,Осень,4,10,0.0023307163886162,100.68694798822376,department
,2025-10-22 01:54:12.577664202,,CV,2025,2024,293 days 10:23:34.526415642,422543.57544026064,205.26944292214466,0.9024390243902439,Осень,4,10,0.0023307163886162,100.68694798822376,department
,2025-10-22 14:06:29.307019170,,CV,2025,2024,293 days 22:35:51.255770610,423275.8542628435,732.2788225828554,0.9032258064516129,Осень,4,10,0.0023307163886162,100.68694798822376,department
,2025-10-22 17:22:10.902080034,,CV,2025,2024,294 days 01:51:32.850831474,423471.54751385783,195.69325101433787,0.9040125885129819,Осень,4,10,0.0023307163886162,100.68694798822376,department
,2025-10-22 23:56:58.971080538,,CV,2025,2024,294 days 08:26:20.919831978,423866.3486638663,394.801150008454,0.9047993705743509,Осень,4,10,0.0023307163886162,100.68694798822376,department
,2025-10-23 06:36:56.977863246,,CV,2025,2024,294 days 15:06:18.926614686,424266.3154435781,399.9667797118309,0.90558615263572,Осень,4,10,0.0023307163886162,100.68694798822376,department
,2025-10-23 09:51:48.751224816,,CV,2025,2024,294 days 18:21:10.699976256,424461.1783329376,194.86288935947232,0.9063729346970889,Осень,4,10,0.0023307163886162,100.68694798822376,department
,2025-10-24 02:39:22.851967368,,CV,2025,2024,295 days 11:08:44.800718808,425468.74667864677,1007.56834570918,0.9071597167584579,Осень,4,10,0.0023307163886162,100.68694798822376,department
,2025-10-24 07:39:33.403813266,,CV,2025,2024,295 days 16:08:55.352564706,425768.9225427451,300.17586409830255,0.9079464988198269,Осень,4,10,0.0023307163886162,100.68694798822376,department
,2025-10-24 12:07:45.072359718,,CV,2025,2024,295 days 20:37:07.021111158,426037.1170185193,268.1944757742458,0.9087332808811959,Осень,4,10,0.0023307163886162,100.68694798822376,department
,2025-10-26 07:00:46.223466306,,CV,2025,2024,297 days 15:30:08.172217746,428610.1362036291,2573.0191851097625,0.9095200629425649,Осень,4,10,0.0023307163886162,100.68694798822376,department
,2025-10-26 11:52:37.534857522,,CV,2025,2024,297 days 20:21:59.483608962,428901.99139348266,291.85518985358067,0.9103068450039339,Осень,4,10,0.0023307163886162,100.68694798822376,department
,2025-10-26 13:16:56.052325038,,CV,2025,2024,297 days 21:46:18.001076478,428986.30001794134,84.30862445867388,0.911093627065303,Осень,4,10,0.0023307163886162,100.68694798822376,department
,2025-10-26 18:25:41.696757540,,CV,2025,2024,298 days 02:55:03.645508980,429295.06075848296,308.7607405416202,0.9118804091266719,Осень,4,10,0.0023307163886162,100.68694798822376,department
,2025-10-27 06:27:24.226231650,,CV,2025,2024,298 days 14:56:46.174983090,430016.76958305144,721.7088245684863,0.912667191188041,Осень,4,10,0.0023307163886162,100.68694798822376,department
,2025-10-27 17:10:57.865560816,,CV,2025,2024,299 days 01:40:19.814312256,430660.33023853763,643.5606554861879,0.9134539732494099,Осень,4,10,0.0023307163886162,100.68694798822376,department
,2025-10-28 04:17:40.594998612,,CV,2025,2024,299 days 12:47:02.543750052,431327.04239583417,666.7121572965407,0.9142407553107789,Осень,4,10,0.0023307163886162,100.68694798822376,department
,2025-10-28 13:05:52.557300636,,CV,2025,2024,299 days 21:35:14.506052076,431855.24176753464,528.1993717004661,0.9150275373721479,Осень,4,10,0.0023307163886162,100.68694798822376,department
,2025-10-28 15:11:43.584587820,,CV,2025,2024,299 days 23:41:05.533339260,431981.09222232096,125.85045478632674,0.9158143194335169,Осень,4,10,0.0023307163886162,100.68694798822376,department
,2025-10-29 05:21:43.640370504,,CV,2025,2024,300 days 13:51:05.589121944,432831.0931520324,850.0009297114448,0.9166011014948859,Осень,4,10,0.0023307163886162,100.68694798822376,department
,2025-10-29 21:22:24.619875636,,CV,2025,2024,301 days 05:51:46.568627076,433791.7761437846,960.6829917521682,0.9173878835562549,Осень,4,10,0.0023307163886162,100.68694798822376,department
,2025-10-29 22:55:01.563793224,,CV,2025,2024,301 days 07:24:23.512544664,433884.39187574445,92.61573195987148,0.918174665617624,Осень,4,10,0.0023307163886162,100.68694798822376,department
,2025-10-29 23:55:00.094924158,,CV,2025,2024,301 days 08:24:22.043675598,433944.36739459337,59.97551884892164,0.9189614476789929,Осень,4,10,0.0023307163886162,100.68694798822376,department
,2025-10-31 02:28:14.114417652,,CV,2025,2024,302 days 10:57:36.063169092,435537.6010528182,1593.23365822481,0.919748229740362,Осень,4,10,0.0023307163886162,100.68694798822376,department
,2025-10-31 16:58:06.066721272,,CV,2025,2024,303 days 01:27:28.015472712,436407.46692454524,869.8658717270591,0.9205350118017309,Осень,4,10,0.0023307163886162,100.68694798822376,department
,2025-11-01 01:14:13.269655134,,CV,2025,2024,303 days 09:43:35.218406574,436903.5869734429,496.12004889769014,0.9213217938630999,Осень,4,11,0.0023307163886162,100.68694798822376,department
,2025-11-01 02:47:38.611646616,,CV,2025,2024,303 days 11:17:00.560398056,436997.0093399676,93.42236652469728,0.9221085759244689,Осень,4,11,0.0023307163886162,100.68694798822376,department
,2025-11-02 04:36:59.240038758,,CV,2025,2024,304 days 13:06:21.188790198,438546.35314650333,1549.343806535704,0.9228953579858379,Осень,4,11,0.0023307163886162,100.68694798822376,department
,2025-11-02 05:48:17.457649026,,CV,2025,2024,304 days 14:17:39.406400466,438617.65677334106,71.30362683773274,0.923682140047207,Осень,4,11,0.0023307163886162,100.68694798822376,department
,2025-11-02 08:02:53.390697720,,CV,2025,2024,304 days 16:32:15.339449160,438752.255657486,134.59888414491434,0.9244689221085759,Осень,4,11,0.0023307163886162,100.68694798822376,department
,2025-11-02 14:26:02.992052202,,CV,2025,2024,304 days 22:55:24.940803642,439135.4156800607,383.1600225747097,0.925255704169945,Осень,4,11,0.0023307163886162,100.68694798822376,department
,2025-11-02 21:10:14.759545890,,CV,2025,2024,305 days 05:39:36.708297330,439539.61180495546,404.1961248947773,0.9260424862313139,Осень,4,11,0.0023307163886162,100.68694798822376,department
,2025-11-02 22:21:59.153023218,,CV,2025,2024,305 days 06:51:21.101774658,439611.35169624427,71.73989128880203,0.926829268292683,Осень,4,11,0.0023307163886162,100.68694798822376,department
,2025-11-03 09:39:14.942217330,,CV,2025,2024,305 days 18:08:36.890968770,440288.6148494795,677.2631532352534,0.9276160503540519,Осень,4,11,0.0023307163886162,100.68694798822376,department
,2025-11-03 20:39:09.496290870,,CV,2025,2024,306 days 05:08:31.445042310,440948.5240840385,659.9092345589888,0.9284028324154209,Осень,4,11,0.0023307163886162,100.68694798822376,department
,2025-11-03 22:35:23.671028154,,CV,2025,2024,306 days 07:04:45.619779594,441064.76032965985,116.236245621345,0.9291896144767899,Осень,4,11,0.0023307163886162,100.68694798822376,department
,2025-11-04 01:01:32.141334096,,CV,2025,2024,306 days 09:30:54.090085536,441210.9015014256,146.14117176574655,0.9299763965381589,Осень,4,11,0.0023307163886162,100.68694798822376,department
,2025-11-04 20:54:29.066135562,,CV,2025,2024,307 days 05:23:51.014887002,442403.8502481167,1192.9487466911087,0.930763178599528,Осень,4,11,0.0023307163886162,100.68694798822376,department
,2025-11-05 09:23:57.562361598,,CV,2025,2024,307 days 17:53:19.511113038,443153.3251852173,749.4749371006037,0.9315499606608969,Осень,4,11,0.0023307163886162,100.68694798822376,department
,2025-11-05 17:57:23.277305946,,CV,2025,2024,308 days 02:26:45.226057386,443666.75376762304,513.4285824057297,0.932336742722266,Осень,4,11,0.0023307163886162,100.68694798822376,department
,2025-11-05 18:34:12.348516612,,CV,2025,2024,308 days 03:03:34.297268052,443703.5716211342,36.81785351113649,0.9331235247836349,Осень,4,11,0.0023307163886162,100.68694798822376,department
,2025-11-05 22:26:38.412931650,,CV,2025,2024,308 days 06:56:00.361683090,443936.0060280515,232.4344069173094,0.933910306845004,Осень,4,11,0.0023307163886162,100.68694798822376,department
,2025-11-06 04:18:12.231787704,,CV,2025,2024,308 days 12:47:34.180539144,444287.56967565237,351.56364760088036,0.9346970889063729,Осень,4,11,0.0023307163886162,100.68694798822376,department
,2025-11-06 05:47:14.714152320,,CV,2025,2024,308 days 14:16:36.662903760,444376.611048396,89.04137274360983,0.9354838709677419,Осень,4,11,0.0023307163886162,100.68694798822376,department
,2025-11-06 10:02:22.053853818,,CV,2025,2024,308 days 18:31:44.002605258,444631.7333767543,255.1223283582949,0.9362706530291109,Осень,4,11,0.0023307163886162,100.68694798822376,department
,2025-11-06 16:36:36.378967200,,CV,2025,2024,309 days 01:05:58.327718640,445025.972128644,394.23875188973034,0.9370574350904799,Осень,4,11,0.0023307163886162,100.68694798822376,department
,2025-11-06 19:26:45.338177196,,CV,2025,2024,309 days 03:56:07.286928636,445196.12144881056,170.14932016655803,0.937844217151849,Осень,4,11,0.0023307163886162,100.68694798822376,department
,2025-11-07 06:18:14.562933798,,CV,2025,2024,309 days 14:47:36.511685238,445847.6085280873,651.4870792767615,0.9386309992132179,Осень,4,11,0.0023307163886162,100.68694798822376,department
,2025-11-07 19:25:43.434047250,,CV,2025,2024,310 days 03:55:05.382798690,446635.08971331146,787.4811852241401,0.939417781274587,Осень,4,11,0.0023307163886162,100.68694798822376,department
,2025-11-07 22:13:28.613930658,,CV,2025,2024,310 days 06:42:50.562682098,446802.8427113683,167.75299805682153,0.9402045633359559,Осень,4,11,0.0023307163886162,100.68694798822376,department
,2025-11-08 11:16:09.892750098,,CV,2025,2024,310 days 19:45:31.841501538,447585.5306916923,782.6879803240299,0.940991345397325,Осень,4,11,0.0023307163886162,100.68694798822376,department
,2025-11-08 12:03:04.711293414,,CV,2025,2024,310 days 20:32:26.660044854,447632.44433408097,46.91364238865208,0.9417781274586939,Осень,4,11,0.0023307163886162,100.68694798822376,department
,2025-11-09 01:03:18.337829748,,CV,2025,2024,311 days 09:32:40.286581188,448412.6714430198,780.2271089388523,0.9425649095200629,Осень,4,11,0.0023307163886162,100.68694798822376,department
,2025-11-09 02:14:25.523115714,,CV,2025,2024,311 days 10:43:47.471867154,448483.7911977859,71.11975476605585,0.943351691581432,Осень,4,11,0.0023307163886162,100.68694798822376,department
,2025-11-09 02:51:34.066301886,,CV,2025,2024,311 days 11:20:56.015053326,448520.93358422216,37.14238643628778,0.9441384736428009,Осень,4,11,0.0023307163886162,100.68694798822376,department
,2025-11-09 10:12:01.866760362,,CV,2025,2024,311 days 18:41:23.815511802,448961.3969251967,440.4633409745293,0.94492525570417,Осень,4,11,0.0023307163886162,100.68694798822376,department
,2025-11-09 14:45:59.912503722,,CV,2025,2024,311 days 23:15:21.861255162,449235.3643542527,273.96742905600695,0.9457120377655389,Осень,4,11,0.0023307163886162,100.68694798822376,department
,2025-11-10 07:49:11.636372412,,CV,2025,2024,312 days 16:18:33.585123852,450258.5597520642,1023.1953978114761,0.946498819826908,Осень,4,11,0.0023307163886162,100.68694798822376,department
,2025-11-10 11:02:49.077624270,,CV,2025,2024,312 days 19:32:11.026375710,450452.1837729285,193.62402086431393,0.9472856018882769,Осень,4,11,0.0023307163886162,100.68694798822376,department
,2025-11-10 13:28:02.813098098,,CV,2025,2024,312 days 21:57:24.761849538,450597.4126974923,145.22892456379486,0.948072383949646,Осень,4,11,0.0023307163886162,100.68694798822376,department
,2025-11-10 18:26:04.475855730,,CV,2025,2024,313 days 02:55:26.424607170,450895.4404101195,298.0277126271976,0.9488591660110149,Осень,4,11,0.0023307163886162,100.68694798822376,department
,2025-11-10 22:47:14.519197920,,CV,2025,2024,313 days 07:16:36.467949360,451156.607799156,261.1673890365055,0.9496459480723839,Осень,4,11,0.0023307163886162,100.68694798822376,department
,2025-11-11 01:48:24.495859722,,CV,2025,2024,313 days 10:17:46.444611162,451337.77407685266,181.16627769666957,0.950432730133753,Осень,4,11,0.0023307163886162,100.68694798822376,department
,2025-11-11 10:16:07.020881460,,CV,2025,2024,313 days 18:45:28.969632900,451845.48282721505,507.7087503623916,0.9512195121951219,Осень,4,11,0.0023307163886162,100.68694798822376,department
,2025-11-11 20:27:38.546331564,,CV,2025,2024,314 days 04:57:00.495083004,452457.0082513834,611.5254241683288,0.952006294256491,Осень,4,11,0.0023307163886162,100.68694798822376,department
,2025-11-12 10:10:13.679885268,,CV,2025,2024,314 days 18:39:35.628636708,453279.59381061175,822.585559228377,0.9527930763178599,Осень,4,11,0.0023307163886162,100.68694798822376,department
,2025-11-13 11:57:39.507388644,,CV,2025,2024,315 days 20:27:01.456140084,454827.0242690014,1547.43045838963,0.953579858379229,Осень,4,11,0.0023307163886162,100.68694798822376,department
,2025-11-13 14:10:43.506981168,,CV,2025,2024,315 days 22:40:05.455732608,454960.0909288768,133.06665987538872,0.9543666404405979,Осень,4,11,0.0023307163886162,100.68694798822376,department
,2025-11-13 23:10:56.981177880,,CV,2025,2024,316 days 07:40:18.929929320,455500.315498822,540.2245699452469,0.955153422501967,Осень,4,11,0.0023307163886162,100.68694798822376,department
,2025-11-14 02:46:02.065229172,,CV,2025,2024,316 days 11:15:24.013980612,455715.4002330102,215.08473418815993,0.955940204563336,Осень,4,11,0.0023307163886162,100.68694798822376,department
,2025-11-14 10:51:01.018064940,,CV,2025,2024,316 days 19:20:22.966816380,456200.38278027304,484.98254726285813,0.956726986624705,Осень,4,11,0.0023307163886162,100.68694798822376,department
,2025-11-14 15:28:16.984320107,,CV,2025,2024,316 days 23:57:38.933071547,456477.64888452576,277.2661042527179,0.957513768686074,Осень,4,11,0.0023307163886162,100.68694798822376,department
,2025-11-16 03:47:23.319609210,,CV,2025,2024,318 days 12:16:45.268360650,458656.7544726775,2179.105588151724,0.9583005507474429,Осень,4,11,0.0023307163886162,100.68694798822376,department
,2025-11-16 13:07:25.230346788,,CV,2025,2024,318 days 21:36:47.179098228,459216.78631830384,560.0318456263631,0.959087332808812,Осень,4,11,0.0023307163886162,100.68694798822376,department
,2025-11-17 10:54:40.576256100,,CV,2025,2024,319 days 19:24:02.525007540,460524.042083459,1307.2557651551324,0.9598741148701809,Осень,4,11,0.0023307163886162,100.68694798822376,department
,2025-11-17 23:47:40.100139210,,CV,2025,2024,320 days 08:17:02.048890650,461297.0341481774,772.9920647184481,0.96066089693155,Осень,4,11,0.0023307163886162,100.68694798822376,department
,2025-11-18 16:28:13.770355584,,CV,2025,2024,321 days 00:57:35.719107024,462297.5953184504,1000.5611702729948,0.9614476789929189,Осень,4,11,0.0023307163886162,100.68694798822376,department
,2025-11-19 04:30:52.067542008,,CV,2025,2024,321 days 13:00:14.016293448,463020.2336048908,722.6382864404004,0.962234461054288,Осень,4,11,0.0023307163886162,100.68694798822376,department
,2025-11-19 08:54:34.589430504,,CV,2025,2024,321 days 17:23:56.538181944,463283.94230303244,263.7086981416214,0.963021243115657,Осень,4,11,0.0023307163886162,100.68694798822376,department
,2025-11-19 10:59:01.895003028,,CV,2025,2024,321 days 19:28:23.843754468,463408.3973959078,124.45509287534514,0.963808025177026,Осень,4,11,0.0023307163886162,100.68694798822376,department
,2025-11-19 14:17:29.233177032,,CV,2025,2024,321 days 22:46:51.181928472,463606.85303214117,198.4556362333824,0.964594807238395,Осень,4,11,0.0023307163886162,100.68694798822376,department
,2025-11-19 14:26:15.520893281,,CV,2025,2024,321 days 22:55:37.469644721,463615.6244940787,8.771461937518325,0.9653815892997639,Осень,4,11,0.0023307163886162,100.68694798822376,department
,2025-11-19 19:44:45.260913480,,CV,2025,2024,322 days 04:14:07.209664920,463934.12016108196,318.4956670032698,0.966168371361133,Осень,4,11,0.0023307163886162,100.68694798822376,department
,2025-11-20 00:46:30.791768016,,CV,2025,2024,322 days 09:15:52.740519456,464235.8790086576,301.7588475756347,0.9669551534225019,Осень,4,11,0.0023307163886162,100.68694798822376,department
,2025-11-20 06:06:08.618260368,,CV,2025,2024,322 days 14:35:30.567011808,464555.5094501968,319.6304415392224,0.967741935483871,Осень,4,11,0.0023307163886162,100.68694798822376,department
,2025-11-21 08:12:33.294585311,,CV,2025,2024,323 days 16:41:55.243336751,466121.9207222792,1566.4112720823614,0.96852871754524,Осень,4,11,0.0023307163886162,100.68694798822376,department
,2025-11-22 01:32:40.710747588,,CV,2025,2024,324 days 10:02:02.659499028,467162.0443249838,1040.1236027046107,0.969315499606609,Осень,4,11,0.0023307163886162,100.68694798822376,department
,2025-11-22 02:48:21.661970904,,CV,2025,2024,324 days 11:17:43.610722344,467237.7268453724,75.68252038862556,0.970102281667978,Осень,4,11,0.0023307163886162,100.68694798822376,department
,2025-11-22 06:05:50.291632188,,CV,2025,2024,324 days 14:35:12.240383628,467435.2040063938,197.4771610213793,0.970889063729347,Осень,4,11,0.0023307163886162,100.68694798822376,department
,2025-11-22 10:02:29.484976002,,CV,2025,2024,324 days 18:31:51.433727442,467671.85722879064,236.65322239685338,0.971675845790716,Осень,4,11,0.0023307163886162,100.68694798822376,department
,2025-11-22 13:14:19.769174358,,CV,2025,2024,324 days 21:43:41.717925798,467863.6952987633,191.83806997264037,0.9724626278520849,Осень,4,11,0.0023307163886162,100.68694798822376,department
,2025-11-23 00:41:38.914543002,,CV,2025,2024,325 days 09:11:00.863294442,468551.0143882407,687.3190894774161,0.973249409913454,Осень,4,11,0.0023307163886162,100.68694798822376,department
,2025-11-23 06:00:11.061431892,,CV,2025,2024,325 days 14:29:33.010183332,468869.5501697222,318.5357814814779,0.9740361919748229,Осень,4,11,0.0023307163886162,100.68694798822376,department
,2025-11-23 12:04:23.535597408,,CV,2025,2024,325 days 20:33:45.484348848,469233.7580724808,364.2079027586151,0.974822974036192,Осень,4,11,0.0023307163886162,100.68694798822376,department
,2025-11-24 01:47:03.851005218,,CV,2025,2024,326 days 10:16:25.799756658,470056.4299959443,822.6719234635239,0.975609756097561,Осень,4,11,0.0023307163886162,100.68694798822376,department
,2025-11-24 13:30:30.449455386,,CV,2025,2024,326 days 21:59:52.398206826,470759.87330344704,703.4433075027191,0.97639653815893,Осень,4,11,0.0023307163886162,100.68694798822376,department
,2025-11-24 14:31:21.016755552,,CV,2025,2024,326 days 23:00:42.965506992,470820.7160917832,60.842788336158264,0.977183320220299,Осень,4,11,0.0023307163886162,100.68694798822376,department
,2025-11-24 23:28:17.674135584,,CV,2025,2024,327 days 07:57:39.622887024,471357.6603814504,536.9442896671826,0.977970102281668,Осень,4,11,0.0023307163886162,100.68694798822376,department
,2025-11-25 03:33:35.082695406,,CV,2025,2024,327 days 12:02:57.031446846,471602.95052411413,245.29014266375452,0.978756884343037,Осень,4,11,0.0023307163886162,100.68694798822376,department
,2025-11-25 06:03:20.978843052,,CV,2025,2024,327 days 14:32:42.927594492,471752.7154599082,149.7649357940536,0.9795436664044059,Осень,4,11,0.0023307163886162,100.68694798822376,department
,2025-11-25 06:25:21.940234416,,CV,2025,2024,327 days 14:54:43.888985856,471774.7314830976,22.0160231894115,0.980330448465775,Осень,4,11,0.0023307163886162,100.68694798822376,department
,2025-11-25 11:11:57.495073650,,CV,2025,2024,327 days 19:41:19.443825090,472061.3240637515,286.5925806539017,0.981117230527144,Осень,4,11,0.0023307163886162,100.68694798822376,department
,2025-11-25 14:20:23.432200836,,CV,2025,2024,327 days 22:49:45.380952276,472249.75634920463,188.43228545313468,0.981904012588513,Осень,4,11,0.0023307163886162,100.68694798822376,department
,2025-11-25 16:24:41.263563756,,CV,2025,2024,328 days 00:54:03.212315196,472374.0535385866,124.29718938196311,0.982690794649882,Осень,4,11,0.0023307163886162,100.68694798822376,department
,2025-11-26 00:53:42.116768136,,CV,2025,2024,328 days 09:23:04.065519576,472883.0677586596,509.01422007300425,0.983477576711251,Осень,4,11,0.0023307163886162,100.68694798822376,department
,2025-11-26 11:23:18.682723434,,CV,2025,2024,328 days 19:52:40.631474874,473512.6771912479,629.6094325882732,0.98426435877262,Осень,4,11,0.0023307163886162,100.68694798822376,department
,2025-11-26 13:23:46.300477734,,CV,2025,2024,328 days 21:53:08.249229174,473633.13748715294,120.46029590506805,0.985051140833989,Осень,4,11,0.0023307163886162,100.68694798822376,department
,2025-11-26 13:45:31.782812472,,CV,2025,2024,328 days 22:14:53.731563912,473654.8955260652,21.758038912259508,0.985837922895358,Осень,4,11,0.0023307163886162,100.68694798822376,department
,2025-11-27 03:15:56.464385046,,CV,2025,2024,329 days 11:45:18.413136486,474465.3068856082,810.4113595429808,0.9866247049567269,Осень,4,11,0.0023307163886162,100.68694798822376,department
,2025-11-27 03:20:14.144932002,,CV,2025,2024,329 days 11:49:36.093683442,474469.6015613907,4.294675782497507,0.987411487018096,Осень,4,11,0.0023307163886162,100.68694798822376,department
,2025-11-27 23:07:10.216866432,,CV,2025,2024,330 days 07:36:32.165617872,475656.5360936312,1186.9345322404988,0.988198269079465,Осень,4,11,0.0023307163886162,100.68694798822376,department
,2025-11-28 06:11:00.340594794,,CV,2025,2024,330 days 14:40:22.289346234,476080.3714891039,423.8353954727063,0.988985051140834,Осень,4,11,0.0023307163886162,100.68694798822376,department
,2025-11-28 08:57:38.514978012,,CV,2025,2024,330 days 17:27:00.463729452,476247.0077288242,166.63623972033383,0.989771833202203,Осень,4,11,0.0023307163886162,100.68694798822376,department
,2025-11-28 10:59:03.749997846,,CV,2025,2024,330 days 19:28:25.698749286,476368.42831248813,121.42058366391575,0.990558615263572,Осень,4,11,0.0023307163886162,100.68694798822376,department
,2025-11-28 11:02:56.634455646,,CV,2025,2024,330 days 19:32:18.583207086,476372.3097201182,3.881407630047761,0.991345397324941,Осень,4,11,0.0023307163886162,100.68694798822376,department
,2025-11-28 12:58:08.565940812,,CV,2025,2024,330 days 21:27:30.514692252,476487.5085782042,115.19885808601975,0.99213217938631,Осень,4,11,0.0023307163886162,100.68694798822376,department
,2025-11-28 14:01:43.312254438,,CV,2025,2024,330 days 22:31:05.261005878,476551.0876834313,63.57910522707971,0.992918961447679,Осень,4,11,0.0023307163886162,100.68694798822376,department
,2025-11-28 20:48:06.676263078,,CV,2025,2024,331 days 05:17:28.625014518,476957.47708357533,406.38940014404943,0.993705743509048,Осень,4,11,0.0023307163886162,100.68694798822376,department
,2025-11-28 22:06:16.468840601,,CV,2025,2024,331 days 06:35:38.417592041,477035.6402932007,78.16320962534519,0.994492525570417,Осень,4,11,0.0023307163886162,100.68694798822376,department
,2025-11-29 03:28:58.196155104,,CV,2025,2024,331 days 11:58:20.144906544,477358.3357484424,322.69545524171554,0.995279307631786,Осень,4,11,0.0023307163886162,100.68694798822376,department
,2025-11-29 09:51:38.058304812,,CV,2025,2024,331 days 18:21:00.007056252,477741.0001176042,382.66436916182283,0.996066089693155,Осень,4,11,0.0023307163886162,100.68694798822376,department
,2025-11-29 12:23:28.079870802,,CV,2025,2024,331 days 20:52:50.028622242,477892.83381037065,151.83369276643498,0.996852871754524,Осень,4,11,0.0023307163886162,100.68694798822376,department
,2025-11-29 12:38:46.968623598,,CV,2025,2024,331 days 21:08:08.917375038,477908.1486229173,15.314812546654139,0.997639653815893,Осень,4,11,0.0023307163886162,100.68694798822376,department
,2025-11-29 12:55:04.321438566,,CV,2025,2024,331 days 21:24:26.270190006,477924.4378365001,16.289213582815137,0.998426435877262,Осень,4,11,0.0023307163886162,100.68694798822376,department
,2025-11-29 13:06:31.680302909,,CV,2025,2024,331 days 21:35:53.629054349,477935.8938175725,11.455981072387658,0.999213217938631,Осень,4,11,0.0023307163886162,100.68694798822376,department
,2025-11-29 22:43:03.086898720,,CV,2025,2024,332 days 07:12:25.035650160,478512.417260836,576.5234432634898,1.0,Осень,4,11,0.0023307163886162,100.68694798822376,department
